sim_time,agent_idx,step,lane,gradient,cumulative_fake_before_this_step,fake_vehicles_this_step
0,0,0,road_1_2_3_0,0.0,0,0
0,0,0,road_1_2_3_1,-0.0001607049780432135,0,0
0,0,0,road_1_2_3_2,-0.00016070512356236577,0,0
0,0,0,road_2_1_2_0,0.0,0,0
0,0,0,road_2_1_2_1,0.00030690018320456147,0,3
0,0,0,road_2_1_2_2,-0.0002681636833585799,0,0
0,0,0,road_1_0_1_0,0.0,0,0
0,0,0,road_1_0_1_1,-0.00016070500714704394,0,0
0,0,0,road_1_0_1_2,-0.00016070506535470486,0,0
0,0,0,road_0_1_0_0,0.0,0,0
0,0,0,road_0_1_0_1,0.00030690027051605284,0,3
0,0,0,road_0_1_0_2,-0.00026816336321644485,0,0
0,0,0,road_1_3_3_0,0.0,0,0
0,0,0,road_1_3_3_1,-0.0001607049780432135,0,0
0,0,0,road_1_3_3_2,-0.00016070512356236577,0,0
0,0,0,road_2_2_2_0,0.0,0,0
0,0,0,road_2_2_2_1,0.00030690018320456147,0,3
0,0,0,road_2_2_2_2,-0.0002681636833585799,0,0
0,0,0,road_1_1_1_0,0.0,0,0
0,0,0,road_1_1_1_1,-0.00016070500714704394,0,0
0,0,0,road_1_1_1_2,-0.00016070506535470486,0,0
0,0,0,road_0_2_0_0,0.0,0,0
0,0,0,road_0_2_0_1,0.00030690027051605284,0,3
0,0,0,road_0_2_0_2,-0.00026816336321644485,0,0
0,0,0,road_1_4_3_0,0.0,0,0
0,0,0,road_1_4_3_1,-0.0001607049780432135,0,0
0,0,0,road_1_4_3_2,-0.00016070512356236577,0,0
0,0,0,road_2_3_2_0,0.0,0,0
0,0,0,road_2_3_2_1,0.00030690018320456147,0,3
0,0,0,road_2_3_2_2,-0.0002681636833585799,0,0
0,0,0,road_1_2_1_0,0.0,0,0
0,0,0,road_1_2_1_1,-0.00016070500714704394,0,0
0,0,0,road_1_2_1_2,-0.00016070506535470486,0,0
0,0,0,road_0_3_0_0,0.0,0,0
0,0,0,road_0_3_0_1,0.00030690027051605284,0,3
0,0,0,road_0_3_0_2,-0.00026816336321644485,0,0
0,0,0,road_1_5_3_0,0.0,0,0
0,0,0,road_1_5_3_1,-0.0001607049780432135,0,0
0,0,0,road_1_5_3_2,-0.00016070512356236577,0,0
0,0,0,road_2_4_2_0,0.0,0,0
0,0,0,road_2_4_2_1,0.00030690018320456147,0,3
0,0,0,road_2_4_2_2,-0.0002681636833585799,0,0
0,0,0,road_1_3_1_0,0.0,0,0
0,0,0,road_1_3_1_1,-0.00016070500714704394,0,0
0,0,0,road_1_3_1_2,-0.00016070506535470486,0,0
0,0,0,road_0_4_0_0,0.0,0,0
0,0,0,road_0_4_0_1,0.00030690027051605284,0,3
0,0,0,road_0_4_0_2,-0.00026816336321644485,0,0
0,0,0,road_2_2_3_0,0.0,0,0
0,0,0,road_2_2_3_1,-0.0001607049780432135,0,0
0,0,0,road_2_2_3_2,-0.00016070512356236577,0,0
0,0,0,road_3_1_2_0,0.0,0,0
0,0,0,road_3_1_2_1,0.00030690018320456147,0,3
0,0,0,road_3_1_2_2,-0.0002681636833585799,0,0
0,0,0,road_2_0_1_0,0.0,0,0
0,0,0,road_2_0_1_1,-0.00016070500714704394,0,0
0,0,0,road_2_0_1_2,-0.00016070506535470486,0,0
0,0,0,road_1_1_0_0,0.0,0,0
0,0,0,road_1_1_0_1,0.00030690027051605284,0,3
0,0,0,road_1_1_0_2,-0.00026816336321644485,0,0
0,0,0,road_2_3_3_0,0.0,0,0
0,0,0,road_2_3_3_1,-0.0001607049780432135,0,0
0,0,0,road_2_3_3_2,-0.00016070512356236577,0,0
0,0,0,road_3_2_2_0,0.0,0,0
0,0,0,road_3_2_2_1,0.00030690018320456147,0,3
0,0,0,road_3_2_2_2,-0.0002681636833585799,0,0
0,0,0,road_2_1_1_0,0.0,0,0
0,0,0,road_2_1_1_1,-0.00016070500714704394,0,0
0,0,0,road_2_1_1_2,-0.00016070506535470486,0,0
0,0,0,road_1_2_0_0,0.0,0,0
0,0,0,road_1_2_0_1,0.00030690027051605284,0,3
0,0,0,road_1_2_0_2,-0.00026816336321644485,0,0
0,0,0,road_2_4_3_0,0.0,0,0
0,0,0,road_2_4_3_1,-0.0001607049780432135,0,0
0,0,0,road_2_4_3_2,-0.00016070512356236577,0,0
0,0,0,road_3_3_2_0,0.0,0,0
0,0,0,road_3_3_2_1,0.00030690018320456147,0,3
0,0,0,road_3_3_2_2,-0.0002681636833585799,0,0
0,0,0,road_2_2_1_0,0.0,0,0
0,0,0,road_2_2_1_1,-0.00016070500714704394,0,0
0,0,0,road_2_2_1_2,-0.00016070506535470486,0,0
0,0,0,road_1_3_0_0,0.0,0,0
0,0,0,road_1_3_0_1,0.00030690027051605284,0,3
0,0,0,road_1_3_0_2,-0.00026816336321644485,0,0
0,0,0,road_2_5_3_0,0.0,0,0
0,0,0,road_2_5_3_1,-0.0001607049780432135,0,0
0,0,0,road_2_5_3_2,-0.00016070512356236577,0,0
0,0,0,road_3_4_2_0,0.0,0,0
0,0,0,road_3_4_2_1,0.00030690018320456147,0,3
0,0,0,road_3_4_2_2,-0.0002681636833585799,0,0
0,0,0,road_2_3_1_0,0.0,0,0
0,0,0,road_2_3_1_1,-0.00016070500714704394,0,0
0,0,0,road_2_3_1_2,-0.00016070506535470486,0,0
0,0,0,road_1_4_0_0,0.0,0,0
0,0,0,road_1_4_0_1,0.00030690027051605284,0,3
0,0,0,road_1_4_0_2,-0.00026816336321644485,0,0
0,0,0,road_3_2_3_0,0.0,0,0
0,0,0,road_3_2_3_1,-0.0001607049780432135,0,0
0,0,0,road_3_2_3_2,-0.00016070512356236577,0,0
0,0,0,road_4_1_2_0,0.0,0,0
0,0,0,road_4_1_2_1,0.00030690018320456147,0,3
0,0,0,road_4_1_2_2,-0.0002681636833585799,0,0
0,0,0,road_3_0_1_0,0.0,0,0
0,0,0,road_3_0_1_1,-0.00016070500714704394,0,0
0,0,0,road_3_0_1_2,-0.00016070506535470486,0,0
0,0,0,road_2_1_0_0,0.0,0,0
0,0,0,road_2_1_0_1,0.00030690027051605284,0,3
0,0,0,road_2_1_0_2,-0.00026816336321644485,0,0
0,0,0,road_3_3_3_0,0.0,0,0
0,0,0,road_3_3_3_1,-0.0001607049780432135,0,0
0,0,0,road_3_3_3_2,-0.00016070512356236577,0,0
0,0,0,road_4_2_2_0,0.0,0,0
0,0,0,road_4_2_2_1,0.00030690018320456147,0,3
0,0,0,road_4_2_2_2,-0.0002681636833585799,0,0
0,0,0,road_3_1_1_0,0.0,0,0
0,0,0,road_3_1_1_1,-0.00016070500714704394,0,0
0,0,0,road_3_1_1_2,-0.00016070506535470486,0,0
0,0,0,road_2_2_0_0,0.0,0,0
0,0,0,road_2_2_0_1,0.00030690027051605284,0,3
0,0,0,road_2_2_0_2,-0.00026816336321644485,0,0
0,0,0,road_3_4_3_0,0.0,0,0
0,0,0,road_3_4_3_1,-0.0001607049780432135,0,0
0,0,0,road_3_4_3_2,-0.00016070512356236577,0,0
0,0,0,road_4_3_2_0,0.0,0,0
0,0,0,road_4_3_2_1,0.00030690018320456147,0,3
0,0,0,road_4_3_2_2,-0.0002681636833585799,0,0
0,0,0,road_3_2_1_0,0.0,0,0
0,0,0,road_3_2_1_1,-0.00016070500714704394,0,0
0,0,0,road_3_2_1_2,-0.00016070506535470486,0,0
0,0,0,road_2_3_0_0,0.0,0,0
0,0,0,road_2_3_0_1,0.00030690027051605284,0,3
0,0,0,road_2_3_0_2,-0.00026816336321644485,0,0
0,0,0,road_3_5_3_0,0.0,0,0
0,0,0,road_3_5_3_1,-0.0001607049780432135,0,0
0,0,0,road_3_5_3_2,-0.00016070512356236577,0,0
0,0,0,road_4_4_2_0,0.0,0,0
0,0,0,road_4_4_2_1,0.00030690018320456147,0,3
0,0,0,road_4_4_2_2,-0.0002681636833585799,0,0
0,0,0,road_3_3_1_0,0.0,0,0
0,0,0,road_3_3_1_1,-0.00016070500714704394,0,0
0,0,0,road_3_3_1_2,-0.00016070506535470486,0,0
0,0,0,road_2_4_0_0,0.0,0,0
0,0,0,road_2_4_0_1,0.00030690027051605284,0,3
0,0,0,road_2_4_0_2,-0.00026816336321644485,0,0
0,0,0,road_4_2_3_0,0.0,0,0
0,0,0,road_4_2_3_1,-0.0001607049780432135,0,0
0,0,0,road_4_2_3_2,-0.00016070512356236577,0,0
0,0,0,road_5_1_2_0,0.0,0,0
0,0,0,road_5_1_2_1,0.00030690018320456147,0,3
0,0,0,road_5_1_2_2,-0.0002681636833585799,0,0
0,0,0,road_4_0_1_0,0.0,0,0
0,0,0,road_4_0_1_1,-0.00016070500714704394,0,0
0,0,0,road_4_0_1_2,-0.00016070506535470486,0,0
0,0,0,road_3_1_0_0,0.0,0,0
0,0,0,road_3_1_0_1,0.00030690027051605284,0,3
0,0,0,road_3_1_0_2,-0.00026816336321644485,0,0
0,0,0,road_4_3_3_0,0.0,0,0
0,0,0,road_4_3_3_1,-0.0001607049780432135,0,0
0,0,0,road_4_3_3_2,-0.00016070512356236577,0,0
0,0,0,road_5_2_2_0,0.0,0,0
0,0,0,road_5_2_2_1,0.00030690018320456147,0,3
0,0,0,road_5_2_2_2,-0.0002681636833585799,0,0
0,0,0,road_4_1_1_0,0.0,0,0
0,0,0,road_4_1_1_1,-0.00016070500714704394,0,0
0,0,0,road_4_1_1_2,-0.00016070506535470486,0,0
0,0,0,road_3_2_0_0,0.0,0,0
0,0,0,road_3_2_0_1,0.00030690027051605284,0,3
0,0,0,road_3_2_0_2,-0.00026816336321644485,0,0
0,0,0,road_4_4_3_0,0.0,0,0
0,0,0,road_4_4_3_1,-0.0001607049780432135,0,0
0,0,0,road_4_4_3_2,-0.00016070512356236577,0,0
0,0,0,road_5_3_2_0,0.0,0,0
0,0,0,road_5_3_2_1,0.00030690018320456147,0,3
0,0,0,road_5_3_2_2,-0.0002681636833585799,0,0
0,0,0,road_4_2_1_0,0.0,0,0
0,0,0,road_4_2_1_1,-0.00016070500714704394,0,0
0,0,0,road_4_2_1_2,-0.00016070506535470486,0,0
0,0,0,road_3_3_0_0,0.0,0,0
0,0,0,road_3_3_0_1,0.00030690027051605284,0,3
0,0,0,road_3_3_0_2,-0.00026816336321644485,0,0
0,0,0,road_4_5_3_0,0.0,0,0
0,0,0,road_4_5_3_1,-0.0001607049780432135,0,0
0,0,0,road_4_5_3_2,-0.00016070512356236577,0,0
0,0,0,road_5_4_2_0,0.0,0,0
0,0,0,road_5_4_2_1,0.00030690018320456147,0,3
0,0,0,road_5_4_2_2,-0.0002681636833585799,0,0
0,0,0,road_4_3_1_0,0.0,0,0
0,0,0,road_4_3_1_1,-0.00016070500714704394,0,0
0,0,0,road_4_3_1_2,-0.00016070506535470486,0,0
0,0,0,road_3_4_0_0,0.0,0,0
0,0,0,road_3_4_0_1,0.00030690027051605284,0,3
0,0,0,road_3_4_0_2,-0.00026816336321644485,0,0
0,0,1,road_1_2_3_0,0.0,0,0
0,0,1,road_1_2_3_1,-0.0003232965536881238,0,0
0,0,1,road_1_2_3_2,-0.0003232965827919543,0,0
0,0,1,road_2_1_2_0,0.0,0,0
0,0,1,road_2_1_2_1,-0.0069821677170693874,3,0
0,0,1,road_2_1_2_2,-0.00017046811990439892,0,0
0,0,1,road_1_0_1_0,0.0,0,0
0,0,1,road_1_0_1_1,-0.0003232965536881238,0,0
0,0,1,road_1_0_1_2,-0.0003232965827919543,0,0
0,0,1,road_0_1_0_0,0.0,0,0
0,0,1,road_0_1_0_1,-0.0069821677170693874,3,0
0,0,1,road_0_1_0_2,-0.00017046804714482278,0,0
0,0,1,road_1_3_3_0,0.0,0,0
0,0,1,road_1_3_3_1,-0.0003232965536881238,0,0
0,0,1,road_1_3_3_2,-0.0003232965827919543,0,0
0,0,1,road_2_2_2_0,0.0,0,0
0,0,1,road_2_2_2_1,-0.0069821677170693874,3,0
0,0,1,road_2_2_2_2,-0.00017046811990439892,0,0
0,0,1,road_1_1_1_0,0.0,0,0
0,0,1,road_1_1_1_1,-0.0003232965536881238,0,0
0,0,1,road_1_1_1_2,-0.0003232965827919543,0,0
0,0,1,road_0_2_0_0,0.0,0,0
0,0,1,road_0_2_0_1,-0.0069821677170693874,3,0
0,0,1,road_0_2_0_2,-0.00017046804714482278,0,0
0,0,1,road_1_4_3_0,0.0,0,0
0,0,1,road_1_4_3_1,-0.0003232965536881238,0,0
0,0,1,road_1_4_3_2,-0.0003232965827919543,0,0
0,0,1,road_2_3_2_0,0.0,0,0
0,0,1,road_2_3_2_1,-0.0069821677170693874,3,0
0,0,1,road_2_3_2_2,-0.00017046811990439892,0,0
0,0,1,road_1_2_1_0,0.0,0,0
0,0,1,road_1_2_1_1,-0.0003232965536881238,0,0
0,0,1,road_1_2_1_2,-0.0003232965827919543,0,0
0,0,1,road_0_3_0_0,0.0,0,0
0,0,1,road_0_3_0_1,-0.0069821677170693874,3,0
0,0,1,road_0_3_0_2,-0.00017046804714482278,0,0
0,0,1,road_1_5_3_0,0.0,0,0
0,0,1,road_1_5_3_1,-0.0003232965536881238,0,0
0,0,1,road_1_5_3_2,-0.0003232965827919543,0,0
0,0,1,road_2_4_2_0,0.0,0,0
0,0,1,road_2_4_2_1,-0.0069821677170693874,3,0
0,0,1,road_2_4_2_2,-0.00017046811990439892,0,0
0,0,1,road_1_3_1_0,0.0,0,0
0,0,1,road_1_3_1_1,-0.0003232965536881238,0,0
0,0,1,road_1_3_1_2,-0.0003232965827919543,0,0
0,0,1,road_0_4_0_0,0.0,0,0
0,0,1,road_0_4_0_1,-0.0069821677170693874,3,0
0,0,1,road_0_4_0_2,-0.00017046804714482278,0,0
0,0,1,road_2_2_3_0,0.0,0,0
0,0,1,road_2_2_3_1,-0.0003232965536881238,0,0
0,0,1,road_2_2_3_2,-0.0003232965827919543,0,0
0,0,1,road_3_1_2_0,0.0,0,0
0,0,1,road_3_1_2_1,-0.0069821677170693874,3,0
0,0,1,road_3_1_2_2,-0.00017046811990439892,0,0
0,0,1,road_2_0_1_0,0.0,0,0
0,0,1,road_2_0_1_1,-0.0003232965536881238,0,0
0,0,1,road_2_0_1_2,-0.0003232965827919543,0,0
0,0,1,road_1_1_0_0,0.0,0,0
0,0,1,road_1_1_0_1,-0.0069821677170693874,3,0
0,0,1,road_1_1_0_2,-0.00017046804714482278,0,0
0,0,1,road_2_3_3_0,0.0,0,0
0,0,1,road_2_3_3_1,-0.0003232965536881238,0,0
0,0,1,road_2_3_3_2,-0.0003232965827919543,0,0
0,0,1,road_3_2_2_0,0.0,0,0
0,0,1,road_3_2_2_1,-0.0069821677170693874,3,0
0,0,1,road_3_2_2_2,-0.00017046811990439892,0,0
0,0,1,road_2_1_1_0,0.0,0,0
0,0,1,road_2_1_1_1,-0.0003232965536881238,0,0
0,0,1,road_2_1_1_2,-0.0003232965827919543,0,0
0,0,1,road_1_2_0_0,0.0,0,0
0,0,1,road_1_2_0_1,-0.0069821677170693874,3,0
0,0,1,road_1_2_0_2,-0.00017046804714482278,0,0
0,0,1,road_2_4_3_0,0.0,0,0
0,0,1,road_2_4_3_1,-0.0003232965536881238,0,0
0,0,1,road_2_4_3_2,-0.0003232965827919543,0,0
0,0,1,road_3_3_2_0,0.0,0,0
0,0,1,road_3_3_2_1,-0.0069821677170693874,3,0
0,0,1,road_3_3_2_2,-0.00017046811990439892,0,0
0,0,1,road_2_2_1_0,0.0,0,0
0,0,1,road_2_2_1_1,-0.0003232965536881238,0,0
0,0,1,road_2_2_1_2,-0.0003232965827919543,0,0
0,0,1,road_1_3_0_0,0.0,0,0
0,0,1,road_1_3_0_1,-0.0069821677170693874,3,0
0,0,1,road_1_3_0_2,-0.00017046804714482278,0,0
0,0,1,road_2_5_3_0,0.0,0,0
0,0,1,road_2_5_3_1,-0.0003232965536881238,0,0
0,0,1,road_2_5_3_2,-0.0003232965827919543,0,0
0,0,1,road_3_4_2_0,0.0,0,0
0,0,1,road_3_4_2_1,-0.0069821677170693874,3,0
0,0,1,road_3_4_2_2,-0.00017046811990439892,0,0
0,0,1,road_2_3_1_0,0.0,0,0
0,0,1,road_2_3_1_1,-0.0003232965536881238,0,0
0,0,1,road_2_3_1_2,-0.0003232965827919543,0,0
0,0,1,road_1_4_0_0,0.0,0,0
0,0,1,road_1_4_0_1,-0.0069821677170693874,3,0
0,0,1,road_1_4_0_2,-0.00017046804714482278,0,0
0,0,1,road_3_2_3_0,0.0,0,0
0,0,1,road_3_2_3_1,-0.0003232965536881238,0,0
0,0,1,road_3_2_3_2,-0.0003232965827919543,0,0
0,0,1,road_4_1_2_0,0.0,0,0
0,0,1,road_4_1_2_1,-0.0069821677170693874,3,0
0,0,1,road_4_1_2_2,-0.00017046811990439892,0,0
0,0,1,road_3_0_1_0,0.0,0,0
0,0,1,road_3_0_1_1,-0.0003232965536881238,0,0
0,0,1,road_3_0_1_2,-0.0003232965827919543,0,0
0,0,1,road_2_1_0_0,0.0,0,0
0,0,1,road_2_1_0_1,-0.0069821677170693874,3,0
0,0,1,road_2_1_0_2,-0.00017046804714482278,0,0
0,0,1,road_3_3_3_0,0.0,0,0
0,0,1,road_3_3_3_1,-0.0003232965536881238,0,0
0,0,1,road_3_3_3_2,-0.0003232965827919543,0,0
0,0,1,road_4_2_2_0,0.0,0,0
0,0,1,road_4_2_2_1,-0.0069821677170693874,3,0
0,0,1,road_4_2_2_2,-0.00017046811990439892,0,0
0,0,1,road_3_1_1_0,0.0,0,0
0,0,1,road_3_1_1_1,-0.0003232965536881238,0,0
0,0,1,road_3_1_1_2,-0.0003232965827919543,0,0
0,0,1,road_2_2_0_0,0.0,0,0
0,0,1,road_2_2_0_1,-0.0069821677170693874,3,0
0,0,1,road_2_2_0_2,-0.00017046804714482278,0,0
0,0,1,road_3_4_3_0,0.0,0,0
0,0,1,road_3_4_3_1,-0.0003232965536881238,0,0
0,0,1,road_3_4_3_2,-0.0003232965827919543,0,0
0,0,1,road_4_3_2_0,0.0,0,0
0,0,1,road_4_3_2_1,-0.0069821677170693874,3,0
0,0,1,road_4_3_2_2,-0.00017046811990439892,0,0
0,0,1,road_3_2_1_0,0.0,0,0
0,0,1,road_3_2_1_1,-0.0003232965536881238,0,0
0,0,1,road_3_2_1_2,-0.0003232965827919543,0,0
0,0,1,road_2_3_0_0,0.0,0,0
0,0,1,road_2_3_0_1,-0.0069821677170693874,3,0
0,0,1,road_2_3_0_2,-0.00017046804714482278,0,0
0,0,1,road_3_5_3_0,0.0,0,0
0,0,1,road_3_5_3_1,-0.0003232965536881238,0,0
0,0,1,road_3_5_3_2,-0.0003232965827919543,0,0
0,0,1,road_4_4_2_0,0.0,0,0
0,0,1,road_4_4_2_1,-0.0069821677170693874,3,0
0,0,1,road_4_4_2_2,-0.00017046811990439892,0,0
0,0,1,road_3_3_1_0,0.0,0,0
0,0,1,road_3_3_1_1,-0.0003232965536881238,0,0
0,0,1,road_3_3_1_2,-0.0003232965827919543,0,0
0,0,1,road_2_4_0_0,0.0,0,0
0,0,1,road_2_4_0_1,-0.0069821677170693874,3,0
0,0,1,road_2_4_0_2,-0.00017046804714482278,0,0
0,0,1,road_4_2_3_0,0.0,0,0
0,0,1,road_4_2_3_1,-0.0003232965536881238,0,0
0,0,1,road_4_2_3_2,-0.0003232965827919543,0,0
0,0,1,road_5_1_2_0,0.0,0,0
0,0,1,road_5_1_2_1,-0.0069821677170693874,3,0
0,0,1,road_5_1_2_2,-0.00017046811990439892,0,0
0,0,1,road_4_0_1_0,0.0,0,0
0,0,1,road_4_0_1_1,-0.0003232965536881238,0,0
0,0,1,road_4_0_1_2,-0.0003232965827919543,0,0
0,0,1,road_3_1_0_0,0.0,0,0
0,0,1,road_3_1_0_1,-0.0069821677170693874,3,0
0,0,1,road_3_1_0_2,-0.00017046804714482278,0,0
0,0,1,road_4_3_3_0,0.0,0,0
0,0,1,road_4_3_3_1,-0.0003232965536881238,0,0
0,0,1,road_4_3_3_2,-0.0003232965827919543,0,0
0,0,1,road_5_2_2_0,0.0,0,0
0,0,1,road_5_2_2_1,-0.0069821677170693874,3,0
0,0,1,road_5_2_2_2,-0.00017046811990439892,0,0
0,0,1,road_4_1_1_0,0.0,0,0
0,0,1,road_4_1_1_1,-0.0003232965536881238,0,0
0,0,1,road_4_1_1_2,-0.0003232965827919543,0,0
0,0,1,road_3_2_0_0,0.0,0,0
0,0,1,road_3_2_0_1,-0.0069821677170693874,3,0
0,0,1,road_3_2_0_2,-0.00017046804714482278,0,0
0,0,1,road_4_4_3_0,0.0,0,0
0,0,1,road_4_4_3_1,-0.0003232965536881238,0,0
0,0,1,road_4_4_3_2,-0.0003232965827919543,0,0
0,0,1,road_5_3_2_0,0.0,0,0
0,0,1,road_5_3_2_1,-0.0069821677170693874,3,0
0,0,1,road_5_3_2_2,-0.00017046811990439892,0,0
0,0,1,road_4_2_1_0,0.0,0,0
0,0,1,road_4_2_1_1,-0.0003232965536881238,0,0
0,0,1,road_4_2_1_2,-0.0003232965827919543,0,0
0,0,1,road_3_3_0_0,0.0,0,0
0,0,1,road_3_3_0_1,-0.0069821677170693874,3,0
0,0,1,road_3_3_0_2,-0.00017046804714482278,0,0
0,0,1,road_4_5_3_0,0.0,0,0
0,0,1,road_4_5_3_1,-0.0003232965536881238,0,0
0,0,1,road_4_5_3_2,-0.0003232965827919543,0,0
0,0,1,road_5_4_2_0,0.0,0,0
0,0,1,road_5_4_2_1,-0.0069821677170693874,3,0
0,0,1,road_5_4_2_2,-0.00017046811990439892,0,0
0,0,1,road_4_3_1_0,0.0,0,0
0,0,1,road_4_3_1_1,-0.0003232965536881238,0,0
0,0,1,road_4_3_1_2,-0.0003232965827919543,0,0
0,0,1,road_3_4_0_0,0.0,0,0
0,0,1,road_3_4_0_1,-0.0069821677170693874,3,0
0,0,1,road_3_4_0_2,-0.00017046804714482278,0,0
200,0,0,road_1_2_3_0,0.0,0,0
200,0,0,road_1_2_3_1,0.001245844759978354,0,3
200,0,0,road_1_2_3_2,7.1801281592343e-05,0,3
200,0,0,road_2_1_2_0,0.0,0,0
200,0,0,road_2_1_2_1,0.0034611797891557217,0,3
200,0,0,road_2_1_2_2,-0.0004112849710509181,0,0
200,0,0,road_1_0_1_0,0.0,0,0
200,0,0,road_1_0_1_1,0.0011663547484204173,0,3
200,0,0,road_1_0_1_2,4.8335328756365925e-05,0,3
200,0,0,road_0_1_0_0,0.0,0,0
200,0,0,road_0_1_0_1,0.0001455919409636408,0,3
200,0,0,road_0_1_0_2,-0.007106714881956577,0,0
200,0,0,road_1_3_3_0,0.0,0,0
200,0,0,road_1_3_3_1,-0.00029747263761237264,0,0
200,0,0,road_1_3_3_2,0.0002784796815831214,0,3
200,0,0,road_2_2_2_0,0.0,0,0
200,0,0,road_2_2_2_1,0.0014039543457329273,0,3
200,0,0,road_2_2_2_2,6.0488404415082186e-05,0,3
200,0,0,road_1_1_1_0,0.0,0,0
200,0,0,road_1_1_1_1,-0.0013749711215496063,0,0
200,0,0,road_1_1_1_2,-0.00027987471548840404,0,0
200,0,0,road_0_2_0_0,0.0,0,0
200,0,0,road_0_2_0_1,0.0013920909259468317,0,3
200,0,0,road_0_2_0_2,4.666305176215246e-05,0,3
200,0,0,road_1_4_3_0,0.0,0,0
200,0,0,road_1_4_3_1,-0.0013483152724802494,0,0
200,0,0,road_1_4_3_2,-0.00042020378168672323,0,0
200,0,0,road_2_3_2_0,0.0,0,0
200,0,0,road_2_3_2_1,0.0018493491224944592,0,3
200,0,0,road_2_3_2_2,9.628655971027911e-05,0,3
200,0,0,road_1_2_1_0,0.0,0,0
200,0,0,road_1_2_1_1,-0.00038079876685515046,0,0
200,0,0,road_1_2_1_2,0.00018197552708443254,0,3
200,0,0,road_0_3_0_0,0.0,0,0
200,0,0,road_0_3_0_1,0.0018493491224944592,0,3
200,0,0,road_0_3_0_2,9.628651605453342e-05,0,3
200,0,0,road_1_5_3_0,0.0,0,0
200,0,0,road_1_5_3_1,5.850745219504461e-05,0,3
200,0,0,road_1_5_3_2,-0.004250521771609783,0,0
200,0,0,road_2_4_2_0,0.0,0,0
200,0,0,road_2_4_2_1,-0.0009018380078487098,0,0
200,0,0,road_2_4_2_2,-8.189070649677888e-05,0,0
200,0,0,road_1_3_1_0,0.0,0,0
200,0,0,road_1_3_1_1,0.0032997550442814827,0,3
200,0,0,road_1_3_1_2,-0.0001968717115232721,0,0
200,0,0,road_0_4_0_0,0.0,0,0
200,0,0,road_0_4_0_1,-0.0004530144506134093,0,0
200,0,0,road_0_4_0_2,-0.00033501474536024034,0,0
200,0,0,road_2_2_3_0,0.0,0,0
200,0,0,road_2_2_3_1,-0.00026827986584976315,0,0
200,0,0,road_2_2_3_2,-0.00026827992405742407,0,0
200,0,0,road_3_1_2_0,0.0,0,0
200,0,0,road_3_1_2_1,-0.000968434673268348,0,0
200,0,0,road_3_1_2_2,0.0008094933582469821,0,3
200,0,0,road_2_0_1_0,0.0,0,0
200,0,0,road_2_0_1_1,-0.00026827992405742407,0,0
200,0,0,road_2_0_1_2,-0.000268279982265085,0,0
200,0,0,road_1_1_0_0,0.0,0,0
200,0,0,road_1_1_0_1,-0.0022142105735838413,0,0
200,0,0,road_1_1_0_2,0.0007888427353464067,0,3
200,0,0,road_2_3_3_0,0.0,0,0
200,0,0,road_2_3_3_1,-0.0001607049780432135,0,0
200,0,0,road_2_3_3_2,-0.00016070512356236577,0,0
200,0,0,road_3_2_2_0,0.0,0,0
200,0,0,road_3_2_2_1,0.00030690018320456147,0,3
200,0,0,road_3_2_2_2,-0.0002681636833585799,0,0
200,0,0,road_2_1_1_0,0.0,0,0
200,0,0,road_2_1_1_1,-0.00016070500714704394,0,0
200,0,0,road_2_1_1_2,-0.00016070506535470486,0,0
200,0,0,road_1_2_0_0,0.0,0,0
200,0,0,road_1_2_0_1,0.00030690027051605284,0,3
200,0,0,road_1_2_0_2,-0.00026816336321644485,0,0
200,0,0,road_2_4_3_0,0.0,0,0
200,0,0,road_2_4_3_1,-0.00029645420727320015,0,0
200,0,0,road_2_4_3_2,-0.0004008599789813161,0,0
200,0,0,road_3_3_2_0,0.0,0,0
200,0,0,road_3_3_2_1,0.0003491207608021796,0,3
200,0,0,road_3_3_2_2,-0.00031388510251417756,0,0
200,0,0,road_2_2_1_0,0.0,0,0
200,0,0,road_2_2_1_1,-0.0001617667148821056,0,0
200,0,0,road_2_2_1_2,-0.00029645420727320015,0,0
200,0,0,road_1_3_0_0,0.0,0,0
200,0,0,road_1_3_0_1,0.00034912078990601003,0,3
200,0,0,road_1_3_0_2,-0.00031388510251417756,0,0
200,0,0,road_2_5_3_0,0.0,0,0
200,0,0,road_2_5_3_1,-0.00020316157315392047,0,0
200,0,0,road_2_5_3_2,-0.00020316155860200524,0,0
200,0,0,road_3_4_2_0,0.0,0,0
200,0,0,road_3_4_2_1,-0.00023445161059498787,0,0
200,0,0,road_3_4_2_2,-0.00023445163969881833,0,0
200,0,0,road_2_3_1_0,0.0,0,0
200,0,0,road_2_3_1_1,-0.0002031615877058357,0,0
200,0,0,road_2_3_1_2,-0.0002031615877058357,0,0
200,0,0,road_1_4_0_0,0.0,0,0
200,0,0,road_1_4_0_1,-0.0017963824793696404,0,3
200,0,0,road_1_4_0_2,-0.0017963824793696404,0,0
200,0,0,road_3_2_3_0,0.0,0,0
200,0,0,road_3_2_3_1,-0.0001607049780432135,0,0
200,0,0,road_3_2_3_2,-0.00016070512356236577,0,0
200,0,0,road_4_1_2_0,0.0,0,0
200,0,0,road_4_1_2_1,0.00030690018320456147,0,3
200,0,0,road_4_1_2_2,-0.0002681636833585799,0,0
200,0,0,road_3_0_1_0,0.0,0,0
200,0,0,road_3_0_1_1,-0.00016070500714704394,0,0
200,0,0,road_3_0_1_2,-0.00016070506535470486,0,0
200,0,0,road_2_1_0_0,0.0,0,0
200,0,0,road_2_1_0_1,0.00030690027051605284,0,3
200,0,0,road_2_1_0_2,-0.00026816336321644485,0,0
200,0,0,road_3_3_3_0,0.0,0,0
200,0,0,road_3_3_3_1,-0.0001607049780432135,0,0
200,0,0,road_3_3_3_2,-0.00016070512356236577,0,0
200,0,0,road_4_2_2_0,0.0,0,0
200,0,0,road_4_2_2_1,0.00030690018320456147,0,3
200,0,0,road_4_2_2_2,-0.0002681636833585799,0,0
200,0,0,road_3_1_1_0,0.0,0,0
200,0,0,road_3_1_1_1,-0.00016070500714704394,0,0
200,0,0,road_3_1_1_2,-0.00016070506535470486,0,0
200,0,0,road_2_2_0_0,0.0,0,0
200,0,0,road_2_2_0_1,0.00030690027051605284,0,3
200,0,0,road_2_2_0_2,-0.00026816336321644485,0,0
200,0,0,road_3_4_3_0,0.0,0,0
200,0,0,road_3_4_3_1,-0.0001607049780432135,0,0
200,0,0,road_3_4_3_2,-0.00016070512356236577,0,0
200,0,0,road_4_3_2_0,0.0,0,0
200,0,0,road_4_3_2_1,0.00030690018320456147,0,3
200,0,0,road_4_3_2_2,-0.0002681636833585799,0,0
200,0,0,road_3_2_1_0,0.0,0,0
200,0,0,road_3_2_1_1,-0.00016070500714704394,0,0
200,0,0,road_3_2_1_2,-0.00016070506535470486,0,0
200,0,0,road_2_3_0_0,0.0,0,0
200,0,0,road_2_3_0_1,0.00030690027051605284,0,3
200,0,0,road_2_3_0_2,-0.00026816336321644485,0,0
200,0,0,road_3_5_3_0,0.0,0,0
200,0,0,road_3_5_3_1,-0.0001607049780432135,0,0
200,0,0,road_3_5_3_2,-0.00016070512356236577,0,0
200,0,0,road_4_4_2_0,0.0,0,0
200,0,0,road_4_4_2_1,0.00030690018320456147,0,3
200,0,0,road_4_4_2_2,-0.0002681636833585799,0,0
200,0,0,road_3_3_1_0,0.0,0,0
200,0,0,road_3_3_1_1,-0.00016070500714704394,0,0
200,0,0,road_3_3_1_2,-0.00016070506535470486,0,0
200,0,0,road_2_4_0_0,0.0,0,0
200,0,0,road_2_4_0_1,0.00030690027051605284,0,3
200,0,0,road_2_4_0_2,-0.00026816336321644485,0,0
200,0,0,road_4_2_3_0,0.0,0,0
200,0,0,road_4_2_3_1,0.0035590145271271467,0,3
200,0,0,road_4_2_3_2,7.492379518225789e-05,0,3
200,0,0,road_5_1_2_0,0.0,0,0
200,0,0,road_5_1_2_1,0.0015976220602169633,0,3
200,0,0,road_5_1_2_2,0.0002672012778930366,0,3
200,0,0,road_4_0_1_0,0.0,0,0
200,0,0,road_4_0_1_1,0.0003749453171622008,0,3
200,0,0,road_4_0_1_2,-0.003572463523596525,0,0
200,0,0,road_3_1_0_0,0.0,0,0
200,0,0,road_3_1_0_1,0.0015976217109709978,0,3
200,0,0,road_3_1_0_2,0.00026720104506239295,0,3
200,0,0,road_4_3_3_0,0.0,0,0
200,0,0,road_4_3_3_1,-0.0001607049780432135,0,0
200,0,0,road_4_3_3_2,-0.00016070512356236577,0,0
200,0,0,road_5_2_2_0,0.0,0,0
200,0,0,road_5_2_2_1,0.00030690018320456147,0,3
200,0,0,road_5_2_2_2,-0.0002681636833585799,0,0
200,0,0,road_4_1_1_0,0.0,0,0
200,0,0,road_4_1_1_1,-0.00016070500714704394,0,0
200,0,0,road_4_1_1_2,-0.00016070506535470486,0,0
200,0,0,road_3_2_0_0,0.0,0,0
200,0,0,road_3_2_0_1,0.00030690027051605284,0,3
200,0,0,road_3_2_0_2,-0.00026816336321644485,0,0
200,0,0,road_4_4_3_0,0.0,0,0
200,0,0,road_4_4_3_1,0.001408907352015376,0,3
200,0,0,road_4_4_3_2,0.00011594020179472864,0,3
200,0,0,road_5_3_2_0,0.0,0,0
200,0,0,road_5_3_2_1,-0.0013711195206269622,0,0
200,0,0,road_5_3_2_2,-0.0003487393260002136,0,0
200,0,0,road_4_2_1_0,0.0,0,0
200,0,0,road_4_2_1_1,0.0014089072356000543,0,3
200,0,0,road_4_2_1_2,0.00011594030365813524,0,3
200,0,0,road_3_3_0_0,0.0,0,0
200,0,0,road_3_3_0_1,-0.00028746816678903997,0,0
200,0,0,road_3_3_0_2,0.00020091619808226824,0,3
200,0,0,road_4_5_3_0,0.0,0,0
200,0,0,road_4_5_3_1,0.0017027808353304863,0,3
200,0,0,road_4_5_3_2,8.317311585415155e-05,0,3
200,0,0,road_5_4_2_0,0.0,0,0
200,0,0,road_5_4_2_1,2.3547127057099715e-05,0,3
200,0,0,road_5_4_2_2,-0.003593781962990761,0,0
200,0,0,road_4_3_1_0,0.0,0,0
200,0,0,road_4_3_1_1,0.0017027808353304863,0,3
200,0,0,road_4_3_1_2,8.317307947436348e-05,0,3
200,0,0,road_3_4_0_0,0.0,0,0
200,0,0,road_3_4_0_1,0.0032171199563890696,0,3
200,0,0,road_3_4_0_2,-7.878524775151163e-05,0,0
200,0,1,road_1_2_3_0,0.0,0,0
200,0,1,road_1_2_3_1,0.0023821634240448475,3,0
200,0,1,road_1_2_3_2,0.0031553071457892656,3,0
200,0,1,road_2_1_2_0,0.0,0,0
200,0,1,road_2_1_2_1,-0.0011308991815894842,3,0
200,0,1,road_2_1_2_2,0.00013358693104237318,0,3
200,0,1,road_1_0_1_0,0.0,0,0
200,0,1,road_1_0_1_1,0.0020768470130860806,3,0
200,0,1,road_1_0_1_2,0.0031473913695663214,3,0
200,0,1,road_0_1_0_0,0.0,0,0
200,0,1,road_0_1_0_1,-0.0004456224851310253,3,0
200,0,1,road_0_1_0_2,-0.002712794579565525,0,0
200,0,1,road_1_3_3_0,0.0,0,0
200,0,1,road_1_3_3_1,0.0008404420223087072,0,3
200,0,1,road_1_3_3_2,0.0010131839662790298,3,0
200,0,1,road_2_2_2_0,0.0,0,0
200,0,1,road_2_2_2_1,0.0020969463512301445,3,0
200,0,1,road_2_2_2_2,0.0033271964639425278,3,0
200,0,1,road_1_1_1_0,0.0,0,0
200,0,1,road_1_1_1_1,0.001013183849863708,0,3
200,0,1,road_1_1_1_2,0.0008404420223087072,0,3
200,0,1,road_0_2_0_0,0.0,0,0
200,0,1,road_0_2_0_1,0.0021125832572579384,3,0
200,0,1,road_0_2_0_2,0.0026107770390808582,3,0
200,0,1,road_1_4_3_0,0.0,0,0
200,0,1,road_1_4_3_1,0.0017368132248520851,0,3
200,0,1,road_1_4_3_2,0.001798180746845901,0,3
200,0,1,road_2_3_2_0,0.0,0,0
200,0,1,road_2_3_2_1,0.0029337722808122635,3,0
200,0,1,road_2_3_2_2,0.0034710648469626904,3,0
200,0,1,road_1_2_1_0,0.0,0,0
200,0,1,road_1_2_1_1,0.0014271304244175553,0,3
200,0,1,road_1_2_1_2,0.0017626392655074596,3,0
200,0,1,road_0_3_0_0,0.0,0,0
200,0,1,road_0_3_0_1,0.0029337722808122635,3,0
200,0,1,road_0_3_0_2,0.0034710648469626904,3,0
200,0,1,road_1_5_3_0,0.0,0,0
200,0,1,road_1_5_3_1,0.0004536617489065975,3,0
200,0,1,road_1_5_3_2,0.003875506343320012,0,3
200,0,1,road_2_4_2_0,0.0,0,0
200,0,1,road_2_4_2_1,-0.00105873157735914,0,0
200,0,1,road_2_4_2_2,-5.9424441133160144e-05,0,0
200,0,1,road_1_3_1_0,0.0,0,0
200,0,1,road_1_3_1_1,-0.002479756949469447,3,0
200,0,1,road_1_3_1_2,0.0014655397972092032,0,3
200,0,1,road_0_4_0_0,0.0,0,0
200,0,1,road_0_4_0_1,-0.0005080012488178909,0,0
200,0,1,road_0_4_0_2,-0.00035457732155919075,0,0
200,0,1,road_2_2_3_0,0.0,0,0
200,0,1,road_2_2_3_1,-0.0003824442974291742,0,0
200,0,1,road_2_2_3_2,-0.00038244432653300464,0,0
200,0,1,road_3_1_2_0,0.0,0,0
200,0,1,road_3_1_2_1,0.00017515957006253302,0,3
200,0,1,road_3_1_2_2,-0.006255265325307846,3,0
200,0,1,road_2_0_1_0,0.0,0,0
200,0,1,road_2_0_1_1,-0.00038244423922151327,0,0
200,0,1,road_2_0_1_2,-0.00038244426832534373,0,0
200,0,1,road_1_1_0_0,0.0,0,0
200,0,1,road_1_1_0_1,0.005831058602780104,0,3
200,0,1,road_1_1_0_2,-0.0019676671363413334,3,0
200,0,1,road_2_3_3_0,0.0,0,0
200,0,1,road_2_3_3_1,-0.0003232965536881238,0,0
200,0,1,road_2_3_3_2,-0.0003232965827919543,0,0
200,0,1,road_3_2_2_0,0.0,0,0
200,0,1,road_3_2_2_1,-0.0069821677170693874,3,0
200,0,1,road_3_2_2_2,-0.00017046811990439892,0,0
200,0,1,road_2_1_1_0,0.0,0,0
200,0,1,road_2_1_1_1,-0.0003232965536881238,0,0
200,0,1,road_2_1_1_2,-0.0003232965827919543,0,0
200,0,1,road_1_2_0_0,0.0,0,0
200,0,1,road_1_2_0_1,-0.0069821677170693874,3,0
200,0,1,road_1_2_0_2,-0.00017046804714482278,0,0
200,0,1,road_2_4_3_0,0.0,0,0
200,0,1,road_2_4_3_1,0.0003560702898539603,0,3
200,0,1,road_2_4_3_2,0.0009727053111419082,0,3
200,0,1,road_3_3_2_0,0.0,0,0
200,0,1,road_3_3_2_1,-0.007197132334113121,3,0
200,0,1,road_3_3_2_2,-0.0004452138382475823,0,0
200,0,1,road_2_2_1_0,0.0,0,0
200,0,1,road_2_2_1_1,-0.00032283805194310844,0,0
200,0,1,road_2_2_1_2,0.00035607023164629936,0,3
200,0,1,road_1_3_0_0,0.0,0,0
200,0,1,road_1_3_0_1,-0.007197132334113121,3,0
200,0,1,road_1_3_0_2,-0.0004452138673514128,0,0
200,0,1,road_2_5_3_0,0.0,0,0
200,0,1,road_2_5_3_1,-0.0004176065558567643,0,0
200,0,1,road_2_5_3_2,-0.0004176065558567643,0,0
200,0,1,road_3_4_2_0,0.0,0,0
200,0,1,road_3_4_2_1,0.0010752574307844043,0,3
200,0,1,road_3_4_2_2,-0.0003251133020967245,0,0
200,0,1,road_2_3_1_0,0.0,0,0
200,0,1,road_2_3_1_1,-0.0004176064976491034,0,0
200,0,1,road_2_3_1_2,-0.0004176065558567643,0,0
200,0,1,road_1_4_0_0,0.0,0,0
200,0,1,road_1_4_0_1,-0.004007230047136545,3,0
200,0,1,road_1_4_0_2,-0.0038343514315783978,0,0
200,0,1,road_3_2_3_0,0.0,0,0
200,0,1,road_3_2_3_1,-0.0003232965536881238,0,0
200,0,1,road_3_2_3_2,-0.0003232965827919543,0,0
200,0,1,road_4_1_2_0,0.0,0,0
200,0,1,road_4_1_2_1,-0.0069821677170693874,3,0
200,0,1,road_4_1_2_2,-0.00017046811990439892,0,0
200,0,1,road_3_0_1_0,0.0,0,0
200,0,1,road_3_0_1_1,-0.0003232965536881238,0,0
200,0,1,road_3_0_1_2,-0.0003232965827919543,0,0
200,0,1,road_2_1_0_0,0.0,0,0
200,0,1,road_2_1_0_1,-0.0069821677170693874,3,0
200,0,1,road_2_1_0_2,-0.00017046804714482278,0,0
200,0,1,road_3_3_3_0,0.0,0,0
200,0,1,road_3_3_3_1,-0.0003232965536881238,0,0
200,0,1,road_3_3_3_2,-0.0003232965827919543,0,0
200,0,1,road_4_2_2_0,0.0,0,0
200,0,1,road_4_2_2_1,-0.0069821677170693874,3,0
200,0,1,road_4_2_2_2,-0.00017046811990439892,0,0
200,0,1,road_3_1_1_0,0.0,0,0
200,0,1,road_3_1_1_1,-0.0003232965536881238,0,0
200,0,1,road_3_1_1_2,-0.0003232965827919543,0,0
200,0,1,road_2_2_0_0,0.0,0,0
200,0,1,road_2_2_0_1,-0.0069821677170693874,3,0
200,0,1,road_2_2_0_2,-0.00017046804714482278,0,0
200,0,1,road_3_4_3_0,0.0,0,0
200,0,1,road_3_4_3_1,-0.0003232965536881238,0,0
200,0,1,road_3_4_3_2,-0.0003232965827919543,0,0
200,0,1,road_4_3_2_0,0.0,0,0
200,0,1,road_4_3_2_1,-0.0069821677170693874,3,0
200,0,1,road_4_3_2_2,-0.00017046811990439892,0,0
200,0,1,road_3_2_1_0,0.0,0,0
200,0,1,road_3_2_1_1,-0.0003232965536881238,0,0
200,0,1,road_3_2_1_2,-0.0003232965827919543,0,0
200,0,1,road_2_3_0_0,0.0,0,0
200,0,1,road_2_3_0_1,-0.0069821677170693874,3,0
200,0,1,road_2_3_0_2,-0.00017046804714482278,0,0
200,0,1,road_3_5_3_0,0.0,0,0
200,0,1,road_3_5_3_1,-0.0003232965536881238,0,0
200,0,1,road_3_5_3_2,-0.0003232965827919543,0,0
200,0,1,road_4_4_2_0,0.0,0,0
200,0,1,road_4_4_2_1,-0.0069821677170693874,3,0
200,0,1,road_4_4_2_2,-0.00017046811990439892,0,0
200,0,1,road_3_3_1_0,0.0,0,0
200,0,1,road_3_3_1_1,-0.0003232965536881238,0,0
200,0,1,road_3_3_1_2,-0.0003232965827919543,0,0
200,0,1,road_2_4_0_0,0.0,0,0
200,0,1,road_2_4_0_1,-0.0069821677170693874,3,0
200,0,1,road_2_4_0_2,-0.00017046804714482278,0,0
200,0,1,road_4_2_3_0,0.0,0,0
200,0,1,road_4_2_3_1,-0.002744896337389946,3,0
200,0,1,road_4_2_3_2,-0.0026935040950775146,3,0
200,0,1,road_5_1_2_0,0.0,0,0
200,0,1,road_5_1_2_1,0.0031468160450458527,3,0
200,0,1,road_5_1_2_2,0.0025719909463077784,3,0
200,0,1,road_4_0_1_0,0.0,0,0
200,0,1,road_4_0_1_1,-0.0005701194750145078,3,0
200,0,1,road_4_0_1_2,-0.0021724840626120567,0,0
200,0,1,road_3_1_0_0,0.0,0,0
200,0,1,road_3_1_0_1,0.0031468160450458527,3,0
200,0,1,road_3_1_0_2,0.0025719909463077784,3,0
200,0,1,road_4_3_3_0,0.0,0,0
200,0,1,road_4_3_3_1,-0.0003232965536881238,0,0
200,0,1,road_4_3_3_2,-0.0003232965827919543,0,0
200,0,1,road_5_2_2_0,0.0,0,0
200,0,1,road_5_2_2_1,-0.0069821677170693874,3,0
200,0,1,road_5_2_2_2,-0.00017046811990439892,0,0
200,0,1,road_4_1_1_0,0.0,0,0
200,0,1,road_4_1_1_1,-0.0003232965536881238,0,0
200,0,1,road_4_1_1_2,-0.0003232965827919543,0,0
200,0,1,road_3_2_0_0,0.0,0,0
200,0,1,road_3_2_0_1,-0.0069821677170693874,3,0
200,0,1,road_3_2_0_2,-0.00017046804714482278,0,0
200,0,1,road_4_4_3_0,0.0,0,0
200,0,1,road_4_4_3_1,0.002565426751971245,3,0
200,0,1,road_4_4_3_2,0.003511164803057909,3,0
200,0,1,road_5_3_2_0,0.0,0,0
200,0,1,road_5_3_2_1,0.0018488725181668997,0,3
200,0,1,road_5_3_2_2,0.002276698127388954,0,3
200,0,1,road_4_2_1_0,0.0,0,0
200,0,1,road_4_2_1_1,0.002565426751971245,3,0
200,0,1,road_4_2_1_2,0.003511164803057909,3,0
200,0,1,road_3_3_0_0,0.0,0,0
200,0,1,road_3_3_0_1,0.0007382180774584413,0,3
200,0,1,road_3_3_0_2,0.0018488720525056124,3,0
200,0,1,road_4_5_3_0,0.0,0,0
200,0,1,road_4_5_3_1,0.0022497507743537426,3,0
200,0,1,road_4_5_3_2,0.003171265823766589,3,0
200,0,1,road_5_4_2_0,0.0,0,0
200,0,1,road_5_4_2_1,-8.641758904559538e-05,3,0
200,0,1,road_5_4_2_2,-0.0007333161192946136,0,0
200,0,1,road_4_3_1_0,0.0,0,0
200,0,1,road_4_3_1_1,0.0022497507743537426,3,0
200,0,1,road_4_3_1_2,0.003171265823766589,3,0
200,0,1,road_3_4_0_0,0.0,0,0
200,0,1,road_3_4_0_1,-0.001075679319910705,3,0
200,0,1,road_3_4_0_2,0.00026779831387102604,0,3
400,0,0,road_1_2_3_0,0.0,0,0
400,0,0,road_1_2_3_1,0.0015423618024215102,0,3
400,0,0,road_1_2_3_2,0.0011931173503398895,0,3
400,0,0,road_2_1_2_0,0.0,0,0
400,0,0,road_2_1_2_1,0.0036646085791289806,0,3
400,0,0,road_2_1_2_2,0.004827488213777542,0,3
400,0,0,road_1_0_1_0,0.0,0,0
400,0,0,road_1_0_1_1,0.0021047592163085938,0,3
400,0,0,road_1_0_1_2,0.002018433529883623,0,3
400,0,0,road_0_1_0_0,0.0,0,0
400,0,0,road_0_1_0_1,0.0001127330178860575,0,3
400,0,0,road_0_1_0_2,0.002796251093968749,0,3
400,0,0,road_1_3_3_0,0.0,0,0
400,0,0,road_1_3_3_1,-0.003724033245816827,0,0
400,0,0,road_1_3_3_2,0.0001244181185029447,0,3
400,0,0,road_2_2_2_0,0.0,0,0
400,0,0,road_2_2_2_1,0.000399551703594625,0,3
400,0,0,road_2_2_2_2,0.00015764498675707728,0,3
400,0,0,road_1_1_1_0,0.0,0,0
400,0,0,road_1_1_1_1,9.886098996503279e-05,0,3
400,0,0,road_1_1_1_2,0.003513539209961891,0,3
400,0,0,road_0_2_0_0,0.0,0,0
400,0,0,road_0_2_0_1,0.0022421255707740784,0,3
400,0,0,road_0_2_0_2,0.0011221020249649882,0,3
400,0,0,road_1_4_3_0,0.0,0,0
400,0,0,road_1_4_3_1,7.866726809879765e-05,0,3
400,0,0,road_1_4_3_2,0.00690941046923399,0,3
400,0,0,road_2_3_2_0,0.0,0,0
400,0,0,road_2_3_2_1,0.0019254542421549559,0,3
400,0,0,road_2_3_2_2,0.001141082844696939,0,3
400,0,0,road_1_2_1_0,0.0,0,0
400,0,0,road_1_2_1_1,-0.006447026040405035,0,0
400,0,0,road_1_2_1_2,6.181706703500822e-05,0,3
400,0,0,road_0_3_0_0,0.0,0,0
400,0,0,road_0_3_0_1,0.0016324503812938929,0,3
400,0,0,road_0_3_0_2,0.00084188167238608,0,3
400,0,0,road_1_5_3_0,0.0,0,0
400,0,0,road_1_5_3_1,0.00013555462646763772,0,3
400,0,0,road_1_5_3_2,-0.00396853219717741,0,0
400,0,0,road_2_4_2_0,0.0,0,0
400,0,0,road_2_4_2_1,-0.0013590658782050014,0,0
400,0,0,road_2_4_2_2,-0.0008627037750557065,0,0
400,0,0,road_1_3_1_0,0.0,0,0
400,0,0,road_1_3_1_1,0.0031792321242392063,0,3
400,0,0,road_1_3_1_2,-0.0004735549446195364,0,0
400,0,0,road_0_4_0_0,0.0,0,0
400,0,0,road_0_4_0_1,-1.821243677113671e-05,0,0
400,0,0,road_0_4_0_2,-0.0008575606625527143,0,0
400,0,0,road_2_2_3_0,0.0,0,0
400,0,0,road_2_2_3_1,0.0013810135424137115,0,3
400,0,0,road_2_2_3_2,0.00010946310794679448,0,3
400,0,0,road_3_1_2_0,0.0,0,0
400,0,0,road_3_1_2_1,-0.00036207668017596006,0,0
400,0,0,road_3_1_2_2,0.0002673672279343009,0,3
400,0,0,road_2_0_1_0,0.0,0,0
400,0,0,road_2_0_1_1,0.0013810135424137115,0,3
400,0,0,road_2_0_1_2,0.00010946307156700641,0,3
400,0,0,road_1_1_0_0,0.0,0,0
400,0,0,road_1_1_0_1,-0.0011875575874000788,0,0
400,0,0,road_1_1_0_2,-0.0003469242947176099,0,0
400,0,0,road_2_3_3_0,0.0,0,0
400,0,0,road_2_3_3_1,0.0014261091127991676,0,3
400,0,0,road_2_3_3_2,0.00011930715118069202,0,3
400,0,0,road_3_2_2_0,0.0,0,0
400,0,0,road_3_2_2_1,-0.00035456859041005373,0,0
400,0,0,road_3_2_2_2,0.00013696514361072332,0,3
400,0,0,road_2_1_1_0,0.0,0,0
400,0,0,road_2_1_1_1,0.0014261089963838458,0,3
400,0,0,road_2_1_1_2,0.0001193070929730311,0,3
400,0,0,road_1_2_0_0,0.0,0,0
400,0,0,road_1_2_0_1,-0.0013760360889136791,0,0
400,0,0,road_1_2_0_2,-0.00031701521947979927,0,0
400,0,0,road_2_4_3_0,0.0,0,0
400,0,0,road_2_4_3_1,-0.0019868374802172184,0,0
400,0,0,road_2_4_3_2,-0.0003008951316587627,0,0
400,0,0,road_3_3_2_0,0.0,0,0
400,0,0,road_3_3_2_1,0.0010892305290326476,0,3
400,0,0,road_3_3_2_2,0.00012082578905392438,0,3
400,0,0,road_2_2_1_0,0.0,0,0
400,0,0,road_2_2_1_1,-0.0004898254410363734,0,0
400,0,0,road_2_2_1_2,0.0001379539171466604,0,3
400,0,0,road_1_3_0_0,0.0,0,0
400,0,0,road_1_3_0_1,0.0010892304126173258,0,3
400,0,0,road_1_3_0_2,0.00012082578905392438,0,3
400,0,0,road_2_5_3_0,0.0,0,0
400,0,0,road_2_5_3_1,0.0013915986055508256,0,3
400,0,0,road_2_5_3_2,0.00011258827726123855,0,3
400,0,0,road_3_4_2_0,0.0,0,0
400,0,0,road_3_4_2_1,-0.0002984445309266448,0,0
400,0,0,road_3_4_2_2,0.00027148422668688,0,3
400,0,0,road_2_3_1_0,0.0,0,0
400,0,0,road_2_3_1_1,0.0013915986055508256,0,3
400,0,0,road_2_3_1_2,0.00011258828453719616,0,3
400,0,0,road_1_4_0_0,0.0,0,0
400,0,0,road_1_4_0_1,-0.0013664106372743845,0,0
400,0,0,road_1_4_0_2,-0.00028329266933724284,0,0
400,0,0,road_3_2_3_0,0.0,0,0
400,0,0,road_3_2_3_1,-0.0001607049780432135,0,0
400,0,0,road_3_2_3_2,-0.00016070512356236577,0,0
400,0,0,road_4_1_2_0,0.0,0,0
400,0,0,road_4_1_2_1,0.00030690018320456147,0,3
400,0,0,road_4_1_2_2,-0.0002681636833585799,0,0
400,0,0,road_3_0_1_0,0.0,0,0
400,0,0,road_3_0_1_1,-0.00016070500714704394,0,0
400,0,0,road_3_0_1_2,-0.00016070506535470486,0,0
400,0,0,road_2_1_0_0,0.0,0,0
400,0,0,road_2_1_0_1,0.00030690027051605284,0,3
400,0,0,road_2_1_0_2,-0.00026816336321644485,0,0
400,0,0,road_3_3_3_0,0.0,0,0
400,0,0,road_3_3_3_1,0.0013915984891355038,0,3
400,0,0,road_3_3_3_2,0.00011258856829954311,0,3
400,0,0,road_4_2_2_0,0.0,0,0
400,0,0,road_4_2_2_1,-0.0013664104044437408,0,0
400,0,0,road_4_2_2_2,-0.00028329226188361645,0,0
400,0,0,road_3_1_1_0,0.0,0,0
400,0,0,road_3_1_1_1,0.0013915984891355038,0,3
400,0,0,road_3_1_1_2,0.00011258856829954311,0,3
400,0,0,road_2_2_0_0,0.0,0,0
400,0,0,road_2_2_0_1,-0.0002984444727189839,0,0
400,0,0,road_2_2_0_2,0.00027148466324433684,0,3
400,0,0,road_3_4_3_0,0.0,0,0
400,0,0,road_3_4_3_1,-0.0004008599789813161,0,0
400,0,0,road_3_4_3_2,-0.00029645435279235244,0,0
400,0,0,road_4_3_2_0,0.0,0,0
400,0,0,road_4_3_2_1,0.00034912070259451866,0,3
400,0,0,road_4_3_2_2,-0.000313884811475873,0,0
400,0,0,road_3_2_1_0,0.0,0,0
400,0,0,road_3_2_1_1,-0.0002964542945846915,0,0
400,0,0,road_3_2_1_2,-0.0001617668749531731,0,0
400,0,0,road_2_3_0_0,0.0,0,0
400,0,0,road_2_3_0_1,0.00034912058617919683,0,3
400,0,0,road_2_3_0_2,-0.00031388484057970345,0,0
400,0,0,road_3_5_3_0,0.0,0,0
400,0,0,road_3_5_3_1,-0.0003373647341504693,0,0
400,0,0,road_3_5_3_2,-0.00026926177088171244,0,0
400,0,0,road_4_4_2_0,0.0,0,0
400,0,0,road_4_4_2_1,-0.0009707988356240094,0,0
400,0,0,road_4_4_2_2,0.0008508165483362973,0,3
400,0,0,road_3_3_1_0,0.0,0,0
400,0,0,road_3_3_1_1,-0.00037695164792239666,0,0
400,0,0,road_3_3_1_2,-0.0003373647923581302,0,0
400,0,0,road_2_4_0_0,0.0,0,0
400,0,0,road_2_4_0_1,-0.002217966364696622,0,0
400,0,0,road_2_4_0_2,0.0008410775335505605,0,3
400,0,0,road_4_2_3_0,0.0,0,0
400,0,0,road_4_2_3_1,0.0030634310096502304,0,3
400,0,0,road_4_2_3_2,0.0001763822219800204,0,3
400,0,0,road_5_1_2_0,0.0,0,0
400,0,0,road_5_1_2_1,0.001971140969544649,0,3
400,0,0,road_5_1_2_2,0.0006668740534223616,0,3
400,0,0,road_4_0_1_0,0.0,0,0
400,0,0,road_4_0_1_1,0.00012239979696460068,0,3
400,0,0,road_4_0_1_2,-0.002700429642572999,0,0
400,0,0,road_3_1_0_0,0.0,0,0
400,0,0,road_3_1_0_1,0.0019711412023752928,0,3
400,0,0,road_3_1_0_2,0.0006668739952147007,0,3
400,0,0,road_4_3_3_0,0.0,0,0
400,0,0,road_4_3_3_1,0.0018493494717404246,0,3
400,0,0,road_4_3_3_2,9.628711268305779e-05,0,3
400,0,0,road_5_2_2_0,0.0,0,0
400,0,0,road_5_2_2_1,-0.0013483146904036403,0,0
400,0,0,road_5_2_2_2,-0.00042020343244075775,0,0
400,0,0,road_4_1_1_0,0.0,0,0
400,0,0,road_4_1_1_1,0.0018493495881557465,0,3
400,0,0,road_4_1_1_2,9.628710540710017e-05,0,3
400,0,0,road_3_2_0_0,0.0,0,0
400,0,0,road_3_2_0_1,-0.00038079835940152407,0,0
400,0,0,road_3_2_0_2,0.00018197600729763508,0,3
400,0,0,road_4_4_3_0,0.0,0,0
400,0,0,road_4_4_3_1,0.0012445615138858557,0,3
400,0,0,road_4_4_3_2,4.590520984493196e-05,0,3
400,0,0,road_5_3_2_0,0.0,0,0
400,0,0,road_5_3_2_1,8.715460717212409e-05,0,3
400,0,0,road_5_3_2_2,-0.006847946438938379,0,0
400,0,0,road_4_2_1_0,0.0,0,0
400,0,0,road_4_2_1_1,0.00152245769277215,0,3
400,0,0,road_4_2_1_2,0.00047967370483092964,0,3
400,0,0,road_3_3_0_0,0.0,0,0
400,0,0,road_3_3_0_1,0.003184917150065303,0,3
400,0,0,road_3_3_0_2,-0.0004773253167513758,0,0
400,0,0,road_4_5_3_0,0.0,0,0
400,0,0,road_4_5_3_1,1.319943112321198e-05,0,3
400,0,0,road_4_5_3_2,1.3199314707890153e-05,0,3
400,0,0,road_5_4_2_0,0.0,0,0
400,0,0,road_5_4_2_1,-1.4052207006898243e-05,0,0
400,0,0,road_5_4_2_2,-0.0010298029519617558,0,0
400,0,0,road_4_3_1_0,0.0,0,0
400,0,0,road_4_3_1_1,-0.0005758695770055056,0,0
400,0,0,road_4_3_1_2,-0.0005758693441748619,0,0
400,0,0,road_3_4_0_0,0.0,0,0
400,0,0,road_3_4_0_1,-0.0010298024863004684,0,0
400,0,0,road_3_4_0_2,-4.340248415246606e-05,0,0
400,0,1,road_1_2_3_0,0.0,0,0
400,0,1,road_1_2_3_1,0.0025779230054467916,3,0
400,0,1,road_1_2_3_2,0.0020976292435079813,3,0
400,0,1,road_2_1_2_0,0.0,0,0
400,0,1,road_2_1_2_1,-0.002481322269886732,3,0
400,0,1,road_2_1_2_2,-0.0024456412065774202,3,0
400,0,1,road_1_0_1_0,0.0,0,0
400,0,1,road_1_0_1_1,0.002431814558804035,3,0
400,0,1,road_1_0_1_2,0.0017300231847912073,3,0
400,0,1,road_0_1_0_0,0.0,0,0
400,0,1,road_0_1_0_1,-4.842061753151938e-05,3,0
400,0,1,road_0_1_0_2,-0.000876309466548264,3,0
400,0,1,road_1_3_3_0,0.0,0,0
400,0,1,road_1_3_3_1,-0.00015561182226520032,0,0
400,0,1,road_1_3_3_2,0.002398796146735549,3,0
400,0,1,road_2_2_2_0,0.0,0,0
400,0,1,road_2_2_2_1,-0.0031218030489981174,3,0
400,0,1,road_2_2_2_2,-0.003184556495398283,3,0
400,0,1,road_1_1_1_0,0.0,0,0
400,0,1,road_1_1_1_1,0.000361623358912766,3,0
400,0,1,road_1_1_1_2,0.0018429808551445603,3,0
400,0,1,road_0_2_0_0,0.0,0,0
400,0,1,road_0_2_0_1,-0.001503771636635065,3,0
400,0,1,road_0_2_0_2,-0.002504690084606409,3,0
400,0,1,road_1_4_3_0,0.0,0,0
400,0,1,road_1_4_3_1,-0.00011696726141963154,3,0
400,0,1,road_1_4_3_2,-0.002308489987626672,3,0
400,0,1,road_2_3_2_0,0.0,0,0
400,0,1,road_2_3_2_1,0.0029418941121548414,3,0
400,0,1,road_2_3_2_2,0.0019082763465121388,3,0
400,0,1,road_1_2_1_0,0.0,0,0
400,0,1,road_1_2_1_1,-0.0017212375532835722,0,0
400,0,1,road_1_2_1_2,-0.0014110897900536656,3,0
400,0,1,road_0_3_0_0,0.0,0,0
400,0,1,road_0_3_0_1,0.0028936839662492275,3,0
400,0,1,road_0_3_0_2,0.002384626306593418,3,0
400,0,1,road_1_5_3_0,0.0,0,0
400,0,1,road_1_5_3_1,-0.0002009368472499773,3,0
400,0,1,road_1_5_3_2,-0.0014830587897449732,0,0
400,0,1,road_2_4_2_0,0.0,0,0
400,0,1,road_2_4_2_1,0.0039282068610191345,0,3
400,0,1,road_2_4_2_2,0.0009550461545586586,0,3
400,0,1,road_1_3_1_0,0.0,0,0
400,0,1,road_1_3_1_1,-0.0020003970712423325,3,0
400,0,1,road_1_3_1_2,-0.0009845629101619124,0,0
400,0,1,road_0_4_0_0,0.0,0,0
400,0,1,road_0_4_0_1,2.1649857444572262e-05,0,3
400,0,1,road_0_4_0_2,-0.00033343254472129047,0,0
400,0,1,road_2_2_3_0,0.0,0,0
400,0,1,road_2_2_3_1,0.0026370929554104805,3,0
400,0,1,road_2_2_3_2,0.003458702936768532,3,0
400,0,1,road_3_1_2_0,0.0,0,0
400,0,1,road_3_1_2_1,0.0014462207909673452,0,3
400,0,1,road_3_1_2_2,0.0007723956950940192,3,0
400,0,1,road_2_0_1_0,0.0,0,0
400,0,1,road_2_0_1_1,0.002637093421071768,3,0
400,0,1,road_2_0_1_2,0.003458703402429819,3,0
400,0,1,road_1_1_0_0,0.0,0,0
400,0,1,road_1_1_0_1,0.0021181704942137003,0,3
400,0,1,road_1_1_0_2,0.0014462205581367016,0,3
400,0,1,road_2_3_3_0,0.0,0,0
400,0,1,road_2_3_3_1,0.003084635827690363,3,0
400,0,1,road_2_3_3_2,0.0035172710195183754,3,0
400,0,1,road_3_2_2_0,0.0,0,0
400,0,1,road_3_2_2_1,0.0021101594902575016,0,3
400,0,1,road_3_2_2_2,0.002584499306976795,3,0
400,0,1,road_2_1_1_0,0.0,0,0
400,0,1,road_2_1_1_1,0.0030846348963677883,3,0
400,0,1,road_2_1_1_2,0.003517270553857088,3,0
400,0,1,road_1_2_0_0,0.0,0,0
400,0,1,road_1_2_0_1,0.002584499306976795,0,3
400,0,1,road_1_2_0_2,0.0021101597230881453,0,3
400,0,1,road_2_4_3_0,0.0,0,0
400,0,1,road_2_4_3_1,-0.000830042758025229,0,0
400,0,1,road_2_4_3_2,0.001133156125433743,0,3
400,0,1,road_3_3_2_0,0.0,0,0
400,0,1,road_3_3_2_1,0.0018211808055639267,3,0
400,0,1,road_3_3_2_2,0.0036263593938201666,3,0
400,0,1,road_2_2_1_0,0.0,0,0
400,0,1,road_2_2_1_1,0.0011331560090184212,0,3
400,0,1,road_2_2_1_2,0.0029072691686451435,3,0
400,0,1,road_1_3_0_0,0.0,0,0
400,0,1,road_1_3_0_1,0.0018211810383945704,3,0
400,0,1,road_1_3_0_2,0.0036263596266508102,3,0
400,0,1,road_2_5_3_0,0.0,0,0
400,0,1,road_2_5_3_1,0.002047026064246893,3,0
400,0,1,road_2_5_3_2,0.0035038739442825317,3,0
400,0,1,road_3_4_2_0,0.0,0,0
400,0,1,road_3_4_2_1,0.0008087201276794076,0,3
400,0,1,road_3_4_2_2,0.0009749415330588818,3,0
400,0,1,road_2_3_1_0,0.0,0,0
400,0,1,road_2_3_1_1,0.0020470265299081802,3,0
400,0,1,road_2_3_1_2,0.003503874409943819,3,0
400,0,1,road_1_4_0_0,0.0,0,0
400,0,1,road_1_4_0_1,0.0009749415912665427,0,3
400,0,1,road_1_4_0_2,0.0008087197202257812,0,3
400,0,1,road_3_2_3_0,0.0,0,0
400,0,1,road_3_2_3_1,-0.0003232965536881238,0,0
400,0,1,road_3_2_3_2,-0.0003232965827919543,0,0
400,0,1,road_4_1_2_0,0.0,0,0
400,0,1,road_4_1_2_1,-0.0069821677170693874,3,0
400,0,1,road_4_1_2_2,-0.00017046811990439892,0,0
400,0,1,road_3_0_1_0,0.0,0,0
400,0,1,road_3_0_1_1,-0.0003232965536881238,0,0
400,0,1,road_3_0_1_2,-0.0003232965827919543,0,0
400,0,1,road_2_1_0_0,0.0,0,0
400,0,1,road_2_1_0_1,-0.0069821677170693874,3,0
400,0,1,road_2_1_0_2,-0.00017046804714482278,0,0
400,0,1,road_3_3_3_0,0.0,0,0
400,0,1,road_3_3_3_1,0.002047026064246893,3,0
400,0,1,road_3_3_3_2,0.0035038739442825317,3,0
400,0,1,road_4_2_2_0,0.0,0,0
400,0,1,road_4_2_2_1,0.0009749417076818645,0,3
400,0,1,road_4_2_2_2,0.0008087197784334421,0,3
400,0,1,road_3_1_1_0,0.0,0,0
400,0,1,road_3_1_1_1,0.0020470265299081802,3,0
400,0,1,road_3_1_1_2,0.003503874409943819,3,0
400,0,1,road_2_2_0_0,0.0,0,0
400,0,1,road_2_2_0_1,0.0008087199530564249,0,3
400,0,1,road_2_2_0_2,0.0009749413002282381,3,0
400,0,1,road_3_4_3_0,0.0,0,0
400,0,1,road_3_4_3_1,0.0009727053111419082,0,3
400,0,1,road_3_4_3_2,0.0003560703480616212,0,3
400,0,1,road_4_3_2_0,0.0,0,0
400,0,1,road_4_3_2_1,-0.007197131402790546,3,0
400,0,1,road_4_3_2_2,-0.00044521380914375186,0,0
400,0,1,road_3_2_1_0,0.0,0,0
400,0,1,road_3_2_1_1,0.00035607031895779073,0,3
400,0,1,road_3_2_1_2,-0.000322838022839278,0,0
400,0,1,road_2_3_0_0,0.0,0,0
400,0,1,road_2_3_0_1,-0.007197132334113121,3,0
400,0,1,road_2_3_0_2,-0.0004452138673514128,0,0
400,0,1,road_3_5_3_0,0.0,0,0
400,0,1,road_3_5_3_1,0.00033400856773369014,0,3
400,0,1,road_3_5_3_2,-0.00038140927790664136,0,0
400,0,1,road_4_4_2_0,0.0,0,0
400,0,1,road_4_4_2_1,-0.00010040003689937294,0,0
400,0,1,road_4_4_2_2,-0.00646766135469079,3,0
400,0,1,road_3_3_1_0,0.0,0,0
400,0,1,road_3_3_1_1,0.0009910550434142351,0,3
400,0,1,road_3_3_1_2,0.0003340085968375206,0,3
400,0,1,road_2_4_0_0,0.0,0,0
400,0,1,road_2_4_0_1,0.0058371988125145435,0,3
400,0,1,road_2_4_0_2,-0.0018414576770737767,3,0
400,0,1,road_4_2_3_0,0.0,0,0
400,0,1,road_4_2_3_1,-0.0027151168324053288,3,0
400,0,1,road_4_2_3_2,-0.002553759841248393,3,0
400,0,1,road_5_1_2_0,0.0,0,0
400,0,1,road_5_1_2_1,0.003028918756172061,3,0
400,0,1,road_5_1_2_2,0.002466307021677494,3,0
400,0,1,road_4_0_1_0,0.0,0,0
400,0,1,road_4_0_1_1,-0.00010516453767195344,3,0
400,0,1,road_4_0_1_2,-0.0019812046084553003,0,0
400,0,1,road_3_1_0_0,0.0,0,0
400,0,1,road_3_1_0_1,0.0030289185233414173,3,0
400,0,1,road_3_1_0_2,0.002466307021677494,3,0
400,0,1,road_4_3_3_0,0.0,0,0
400,0,1,road_4_3_3_1,0.0029337741434574127,3,0
400,0,1,road_4_3_3_2,0.0034710662439465523,3,0
400,0,1,road_5_2_2_0,0.0,0,0
400,0,1,road_5_2_2_1,0.0017368136905133724,0,3
400,0,1,road_5_2_2_2,0.0017981809796765447,0,3
400,0,1,road_4_1_1_0,0.0,0,0
400,0,1,road_4_1_1_1,0.0029337741434574127,3,0
400,0,1,road_4_1_1_2,0.0034710662439465523,3,0
400,0,1,road_3_2_0_0,0.0,0,0
400,0,1,road_3_2_0_1,0.0014271307736635208,0,3
400,0,1,road_3_2_0_2,0.0017626399639993906,3,0
400,0,1,road_4_4_3_0,0.0,0,0
400,0,1,road_4_4_3_1,0.002324450761079788,3,0
400,0,1,road_4_4_3_2,0.0031032662373036146,3,0
400,0,1,road_5_3_2_0,0.0,0,0
400,0,1,road_5_3_2_1,-0.0002079310652334243,3,0
400,0,1,road_5_3_2_2,-0.002772168256342411,0,0
400,0,1,road_4_2_1_0,0.0,0,0
400,0,1,road_4_2_1_1,0.0020358653273433447,3,0
400,0,1,road_4_2_1_2,0.0030936833936721087,3,0
400,0,1,road_3_3_0_0,0.0,0,0
400,0,1,road_3_3_0_1,-0.0013192533515393734,3,0
400,0,1,road_3_3_0_2,6.508373189717531e-05,0,3
400,0,1,road_4_5_3_0,0.0,0,0
400,0,1,road_4_5_3_1,-0.005813227035105228,3,0
400,0,1,road_4_5_3_2,-0.005813227035105228,3,0
400,0,1,road_5_4_2_0,0.0,0,0
400,0,1,road_5_4_2_1,-1.7521510017104447e-05,0,0
400,0,1,road_5_4_2_2,-0.00046978931641206145,0,0
400,0,1,road_4_3_1_0,0.0,0,0
400,0,1,road_4_3_1_1,0.0001513957977294922,0,3
400,0,1,road_4_3_1_2,0.00015139573952183127,0,3
400,0,1,road_3_4_0_0,0.0,0,0
400,0,1,road_3_4_0_1,-0.0004697892291005701,0,0
400,0,1,road_3_4_0_2,0.0008924072608351707,0,3
600,0,0,road_1_2_3_0,0.0,0,0
600,0,0,road_1_2_3_1,0.002130849752575159,0,3
600,0,0,road_1_2_3_2,0.0026080268435180187,0,3
600,0,0,road_2_1_2_0,0.0,0,0
600,0,0,road_2_1_2_1,0.0036489497870206833,0,3
600,0,0,road_2_1_2_2,0.004715203307569027,0,3
600,0,0,road_1_0_1_0,0.0,0,0
600,0,0,road_1_0_1_1,0.0016596654895693064,0,3
600,0,0,road_1_0_1_2,0.0025578374043107033,0,3
600,0,0,road_0_1_0_0,0.0,0,0
600,0,0,road_0_1_0_1,2.6809493647306226e-05,0,3
600,0,0,road_0_1_0_2,0.0026401174254715443,0,3
600,0,0,road_1_3_3_0,0.0,0,0
600,0,0,road_1_3_3_1,0.0030532474629580975,0,3
600,0,0,road_1_3_3_2,0.0014558547409251332,0,3
600,0,0,road_2_2_2_0,0.0,0,0
600,0,0,road_2_2_2_1,-0.0001786072680260986,0,0
600,0,0,road_2_2_2_2,0.0016074717277660966,0,3
600,0,0,road_1_1_1_0,0.0,0,0
600,0,0,road_1_1_1_1,0.0006568824173882604,0,3
600,0,0,road_1_1_1_2,0.000528783886693418,0,3
600,0,0,road_0_2_0_0,0.0,0,0
600,0,0,road_0_2_0_1,-0.0005327492253854871,0,0
600,0,0,road_0_2_0_2,0.0005934688961133361,0,3
600,0,0,road_1_4_3_0,0.0,0,0
600,0,0,road_1_4_3_1,3.795283555518836e-05,0,3
600,0,0,road_1_4_3_2,0.007450359407812357,0,3
600,0,0,road_2_3_2_0,0.0,0,0
600,0,0,road_2_3_2_1,0.0028715271037071943,0,3
600,0,0,road_2_3_2_2,0.0022777877748012543,0,3
600,0,0,road_1_2_1_0,0.0,0,0
600,0,0,road_1_2_1_1,-0.0002675964205991477,0,0
600,0,0,road_1_2_1_2,0.0021598059684038162,0,3
600,0,0,road_0_3_0_0,0.0,0,0
600,0,0,road_0_3_0_1,0.0020045386627316475,0,3
600,0,0,road_0_3_0_2,0.001287628780119121,0,3
600,0,0,road_1_5_3_0,0.0,0,0
600,0,0,road_1_5_3_1,1.6532469089725055e-05,0,3
600,0,0,road_1_5_3_2,-0.00395341357216239,0,0
600,0,0,road_2_4_2_0,0.0,0,0
600,0,0,road_2_4_2_1,-0.0014302809722721577,0,0
600,0,0,road_2_4_2_2,-0.00043950119288638234,0,0
600,0,0,road_1_3_1_0,0.0,0,0
600,0,0,road_1_3_1_1,0.003166764974594116,0,3
600,0,0,road_1_3_1_2,-0.0005009837332181633,0,0
600,0,0,road_0_4_0_0,0.0,0,0
600,0,0,road_0_4_0_1,-2.077008321066387e-05,0,0
600,0,0,road_0_4_0_2,-0.0009389922488480806,0,0
600,0,0,road_2_2_3_0,0.0,0,0
600,0,0,road_2_2_3_1,0.001593894325196743,0,3
600,0,0,road_2_2_3_2,-6.265116826398298e-05,0,0
600,0,0,road_3_1_2_0,0.0,0,0
600,0,0,road_3_1_2_1,-0.003607938066124916,0,0
600,0,0,road_3_1_2_2,1.9618106307461858e-05,0,3
600,0,0,road_2_0_1_0,0.0,0,0
600,0,0,road_2_0_1_1,0.0015938944416120648,0,3
600,0,0,road_2_0_1_2,-6.265111733227968e-05,0,0
600,0,0,road_1_1_0_0,0.0,0,0
600,0,0,road_1_1_0_1,-0.0006983567727729678,0,0
600,0,0,road_1_1_0_2,0.002643614076077938,0,3
600,0,0,road_2_3_3_0,0.0,0,0
600,0,0,road_2_3_3_1,0.0014261091127991676,0,3
600,0,0,road_2_3_3_2,0.00011930715118069202,0,3
600,0,0,road_3_2_2_0,0.0,0,0
600,0,0,road_3_2_2_1,-0.00035456859041005373,0,0
600,0,0,road_3_2_2_2,0.00013696514361072332,0,3
600,0,0,road_2_1_1_0,0.0,0,0
600,0,0,road_2_1_1_1,0.0014261089963838458,0,3
600,0,0,road_2_1_1_2,0.0001193070929730311,0,3
600,0,0,road_1_2_0_0,0.0,0,0
600,0,0,road_1_2_0_1,-0.0013760360889136791,0,0
600,0,0,road_1_2_0_2,-0.00031701521947979927,0,0
600,0,0,road_2_4_3_0,0.0,0,0
600,0,0,road_2_4_3_1,-0.0004008599789813161,0,0
600,0,0,road_2_4_3_2,-0.00029645435279235244,0,0
600,0,0,road_3_3_2_0,0.0,0,0
600,0,0,road_3_3_2_1,0.00034912070259451866,0,3
600,0,0,road_3_3_2_2,-0.000313884811475873,0,0
600,0,0,road_2_2_1_0,0.0,0,0
600,0,0,road_2_2_1_1,-0.0002964542945846915,0,0
600,0,0,road_2_2_1_2,-0.0001617668749531731,0,0
600,0,0,road_1_3_0_0,0.0,0,0
600,0,0,road_1_3_0_1,0.00034912058617919683,0,3
600,0,0,road_1_3_0_2,-0.00031388484057970345,0,0
600,0,0,road_2_5_3_0,0.0,0,0
600,0,0,road_2_5_3_1,0.0010536045301705599,0,3
600,0,0,road_2_5_3_2,0.00011408236605348065,0,3
600,0,0,road_3_4_2_0,0.0,0,0
600,0,0,road_3_4_2_1,-0.00044608896132558584,0,0
600,0,0,road_3_4_2_2,0.0002743935619946569,0,3
600,0,0,road_2_3_1_0,0.0,0,0
600,0,0,road_2_3_1_1,0.0010536045301705599,0,3
600,0,0,road_2_3_1_2,0.00011408236605348065,0,3
600,0,0,road_1_4_0_0,0.0,0,0
600,0,0,road_1_4_0_1,-0.001974832732230425,0,0
600,0,0,road_1_4_0_2,-0.0002650085370987654,0,0
600,0,0,road_3_2_3_0,0.0,0,0
600,0,0,road_3_2_3_1,-0.0001607049780432135,0,0
600,0,0,road_3_2_3_2,-0.00016070512356236577,0,0
600,0,0,road_4_1_2_0,0.0,0,0
600,0,0,road_4_1_2_1,0.00030690018320456147,0,3
600,0,0,road_4_1_2_2,-0.0002681636833585799,0,0
600,0,0,road_3_0_1_0,0.0,0,0
600,0,0,road_3_0_1_1,-0.00016070500714704394,0,0
600,0,0,road_3_0_1_2,-0.00016070506535470486,0,0
600,0,0,road_2_1_0_0,0.0,0,0
600,0,0,road_2_1_0_1,0.00030690027051605284,0,3
600,0,0,road_2_1_0_2,-0.00026816336321644485,0,0
600,0,0,road_3_3_3_0,0.0,0,0
600,0,0,road_3_3_3_1,0.0010714662494137883,0,3
600,0,0,road_3_3_3_2,0.00011744833318516612,0,3
600,0,0,road_4_2_2_0,0.0,0,0
600,0,0,road_4_2_2_1,-0.001980699598789215,0,0
600,0,0,road_4_2_2_2,-0.00026905699633061886,0,0
600,0,0,road_3_1_1_0,0.0,0,0
600,0,0,road_3_1_1_1,0.0010714661329984665,0,3
600,0,0,road_3_1_1_2,0.00011744834773708135,0,3
600,0,0,road_2_2_0_0,0.0,0,0
600,0,0,road_2_2_0_1,-0.00048413267359137535,0,0
600,0,0,road_2_2_0_2,0.00020284864876884967,0,3
600,0,0,road_3_4_3_0,0.0,0,0
600,0,0,road_3_4_3_1,-0.0003769513568840921,0,0
600,0,0,road_3_4_3_2,-0.0003373643266968429,0,0
600,0,0,road_4_3_2_0,0.0,0,0
600,0,0,road_4_3_2_1,-0.0022179652005434036,0,0
600,0,0,road_4_3_2_2,-0.0009707982535474002,0,0
600,0,0,road_3_2_1_0,0.0,0,0
600,0,0,road_3_2_1_1,-0.0003373643849045038,0,0
600,0,0,road_3_2_1_2,-0.00026926127611659467,0,0
600,0,0,road_2_3_0_0,0.0,0,0
600,0,0,road_2_3_0_1,0.0008410781156271696,0,3
600,0,0,road_2_3_0_2,0.0008508170139975846,0,3
600,0,0,road_3_5_3_0,0.0,0,0
600,0,0,road_3_5_3_1,0.0002968389599118382,0,3
600,0,0,road_3_5_3_2,-0.0003260023659095168,0,0
600,0,0,road_4_4_2_0,0.0,0,0
600,0,0,road_4_4_2_1,2.363628300372511e-05,0,3
600,0,0,road_4_4_2_2,-0.0002884565619751811,0,0
600,0,0,road_3_3_1_0,0.0,0,0
600,0,0,road_3_3_1_1,0.0002968389599118382,0,3
600,0,0,road_3_3_1_2,-0.00032600213307887316,0,0
600,0,0,road_2_4_0_0,0.0,0,0
600,0,0,road_2_4_0_1,2.363624662393704e-05,0,3
600,0,0,road_2_4_0_2,-0.0002884565037675202,0,0
600,0,0,road_4_2_3_0,0.0,0,0
600,0,0,road_4_2_3_1,0.0030622181948274374,0,3
600,0,0,road_4_2_3_2,0.001373477396555245,0,3
600,0,0,road_5_1_2_0,0.0,0,0
600,0,0,road_5_1_2_1,0.001981272827833891,0,3
600,0,0,road_5_1_2_2,0.0006768145831301808,0,3
600,0,0,road_4_0_1_0,0.0,0,0
600,0,0,road_4_0_1_1,4.241864735377021e-05,0,3
600,0,0,road_4_0_1_2,-0.0006911986856721342,0,0
600,0,0,road_3_1_0_0,0.0,0,0
600,0,0,road_3_1_0_1,0.001981272827833891,0,3
600,0,0,road_3_1_0_2,0.0006768146413378417,0,3
600,0,0,road_4_3_3_0,0.0,0,0
600,0,0,road_4_3_3_1,0.0016349443467333913,0,3
600,0,0,road_4_3_3_2,9.271267481381074e-05,0,3
600,0,0,road_5_2_2_0,0.0,0,0
600,0,0,road_5_2_2_1,4.800215538125485e-05,0,3
600,0,0,road_5_2_2_2,-0.0070743137039244175,0,0
600,0,0,road_4_1_1_0,0.0,0,0
600,0,0,road_4_1_1_1,0.0016349442303180695,0,3
600,0,0,road_4_1_1_2,9.271270391764119e-05,0,3
600,0,0,road_3_2_0_0,0.0,0,0
600,0,0,road_3_2_0_1,0.0032018241472542286,0,3
600,0,0,road_3_2_0_2,-0.0004378573503345251,0,0
600,0,0,road_4_4_3_0,0.0,0,0
600,0,0,road_4_4_3_1,0.0019599085208028555,0,3
600,0,0,road_4_4_3_2,0.0006746698636561632,0,3
600,0,0,road_5_3_2_0,0.0,0,0
600,0,0,road_5_3_2_1,8.560084825148806e-05,0,3
600,0,0,road_5_3_2_2,-0.004836063366383314,0,0
600,0,0,road_4_2_1_0,0.0,0,0
600,0,0,road_4_2_1_1,0.001959908287972212,0,3
600,0,0,road_4_2_1_2,0.0006746697472408414,0,3
600,0,0,road_3_3_0_0,0.0,0,0
600,0,0,road_3_3_0_1,0.003144572488963604,0,3
600,0,0,road_3_3_0_2,-0.0003812880895566195,0,0
600,0,0,road_4_5_3_0,0.0,0,0
600,0,0,road_4_5_3_1,-0.0018177295569330454,0,0
600,0,0,road_4_5_3_2,-0.0005593731766566634,0,0
600,0,0,road_5_4_2_0,0.0,0,0
600,0,0,road_5_4_2_1,-1.6858668459462933e-05,0,0
600,0,0,road_5_4_2_2,-0.0007808520458638668,0,0
600,0,0,road_4_3_1_0,0.0,0,0
600,0,0,road_4_3_1_1,-0.0026235294062644243,0,0
600,0,0,road_4_3_1_2,-0.001009704195894301,0,0
600,0,0,road_3_4_0_0,0.0,0,0
600,0,0,road_3_4_0_1,-0.001712563680484891,0,0
600,0,0,road_3_4_0_2,8.836195775074884e-05,0,3
600,0,1,road_1_2_3_0,0.0,0,0
600,0,1,road_1_2_3_1,0.00249659176915884,3,0
600,0,1,road_1_2_3_2,0.0022217489313334227,3,0
600,0,1,road_2_1_2_0,0.0,0,0
600,0,1,road_2_1_2_1,-0.002610408468171954,3,0
600,0,1,road_2_1_2_2,-0.0025450026150792837,3,0
600,0,1,road_1_0_1_0,0.0,0,0
600,0,1,road_1_0_1_1,0.002773215062916279,3,0
600,0,1,road_1_0_1_2,0.001085361698642373,3,0
600,0,1,road_0_1_0_0,0.0,0,0
600,0,1,road_0_1_0_1,-8.300178706122097e-06,3,0
600,0,1,road_0_1_0_2,-0.0007117297500371933,3,0
600,0,1,road_1_3_3_0,0.0,0,0
600,0,1,road_1_3_3_1,-0.002451179316267371,3,0
600,0,1,road_1_3_3_2,-0.0025341392029076815,3,0
600,0,1,road_2_2_2_0,0.0,0,0
600,0,1,road_2_2_2_1,-0.0020019959192723036,0,0
600,0,1,road_2_2_2_2,-0.0044981203973293304,3,0
600,0,1,road_1_1_1_0,0.0,0,0
600,0,1,road_1_1_1_1,-0.0003240576188545674,3,0
600,0,1,road_1_1_1_2,-0.0009309417218901217,3,0
600,0,1,road_0_2_0_0,0.0,0,0
600,0,1,road_0_2_0_1,0.0005523557192645967,0,3
600,0,1,road_0_2_0_2,0.001859225332736969,3,0
600,0,1,road_1_4_3_0,0.0,0,0
600,0,1,road_1_4_3_1,-1.7914439013111405e-05,3,0
600,0,1,road_1_4_3_2,-0.0020618033595383167,3,0
600,0,1,road_2_3_2_0,0.0,0,0
600,0,1,road_2_3_2_1,0.0027472814545035362,3,0
600,0,1,road_2_3_2_2,0.0016149331349879503,3,0
600,0,1,road_1_2_1_0,0.0,0,0
600,0,1,road_1_2_1_1,-0.001724002999253571,0,0
600,0,1,road_1_2_1_2,-0.0025065341033041477,3,0
600,0,1,road_0_3_0_0,0.0,0,0
600,0,1,road_0_3_0_1,0.0027006743475794792,3,0
600,0,1,road_0_3_0_2,0.0019988801795989275,3,0
600,0,1,road_1_5_3_0,0.0,0,0
600,0,1,road_1_5_3_1,-1.9197359506506473e-05,3,0
600,0,1,road_1_5_3_2,-0.0014469199813902378,0,0
600,0,1,road_2_4_2_0,0.0,0,0
600,0,1,road_2_4_2_1,0.00398389995098114,0,3
600,0,1,road_2_4_2_2,-0.0014018421061336994,0,0
600,0,1,road_1_3_1_0,0.0,0,0
600,0,1,road_1_3_1_1,-0.0016611188184469938,3,0
600,0,1,road_1_3_1_2,-0.0008488023886457086,0,0
600,0,1,road_0_4_0_0,0.0,0,0
600,0,1,road_0_4_0_1,1.988146141229663e-05,0,3
600,0,1,road_0_4_0_2,-0.0021428088657557964,0,0
600,0,1,road_2_2_3_0,0.0,0,0
600,0,1,road_2_2_3_1,-0.005266035906970501,3,0
600,0,1,road_2_2_3_2,-0.0012991894036531448,0,0
600,0,1,road_3_1_2_0,0.0,0,0
600,0,1,road_3_1_2_1,0.0003624756645876914,0,3
600,0,1,road_3_1_2_2,0.00022945493401493877,3,0
600,0,1,road_2_0_1_0,0.0,0,0
600,0,1,road_2_0_1_1,-0.005266035906970501,3,0
600,0,1,road_2_0_1_2,-0.0012991894036531448,0,0
600,0,1,road_1_1_0_0,0.0,0,0
600,0,1,road_1_1_0_1,-0.0012385339941829443,0,0
600,0,1,road_1_1_0_2,-0.0023608889896422625,3,0
600,0,1,road_2_3_3_0,0.0,0,0
600,0,1,road_2_3_3_1,0.003084635827690363,3,0
600,0,1,road_2_3_3_2,0.0035172710195183754,3,0
600,0,1,road_3_2_2_0,0.0,0,0
600,0,1,road_3_2_2_1,0.0021101594902575016,0,3
600,0,1,road_3_2_2_2,0.002584499306976795,3,0
600,0,1,road_2_1_1_0,0.0,0,0
600,0,1,road_2_1_1_1,0.0030846348963677883,3,0
600,0,1,road_2_1_1_2,0.003517270553857088,3,0
600,0,1,road_1_2_0_0,0.0,0,0
600,0,1,road_1_2_0_1,0.002584499306976795,0,3
600,0,1,road_1_2_0_2,0.0021101597230881453,0,3
600,0,1,road_2_4_3_0,0.0,0,0
600,0,1,road_2_4_3_1,0.0009727053111419082,0,3
600,0,1,road_2_4_3_2,0.0003560703480616212,0,3
600,0,1,road_3_3_2_0,0.0,0,0
600,0,1,road_3_3_2_1,-0.007197131402790546,3,0
600,0,1,road_3_3_2_2,-0.00044521380914375186,0,0
600,0,1,road_2_2_1_0,0.0,0,0
600,0,1,road_2_2_1_1,0.00035607031895779073,0,3
600,0,1,road_2_2_1_2,-0.000322838022839278,0,0
600,0,1,road_1_3_0_0,0.0,0,0
600,0,1,road_1_3_0_1,-0.007197132334113121,3,0
600,0,1,road_1_3_0_2,-0.0004452138673514128,0,0
600,0,1,road_2_5_3_0,0.0,0,0
600,0,1,road_2_5_3_1,0.0013520549982786179,3,0
600,0,1,road_2_5_3_2,0.0036938348785042763,3,0
600,0,1,road_3_4_2_0,0.0,0,0
600,0,1,road_3_4_2_1,0.0004615051147993654,0,3
600,0,1,road_3_4_2_2,0.0009801648557186127,3,0
600,0,1,road_2_3_1_0,0.0,0,0
600,0,1,road_2_3_1_1,0.0013520549982786179,3,0
600,0,1,road_2_3_1_2,0.0036938348785042763,3,0
600,0,1,road_1_4_0_0,0.0,0,0
600,0,1,road_1_4_0_1,-0.0003847323823720217,0,0
600,0,1,road_1_4_0_2,0.0004615054349415004,0,3
600,0,1,road_3_2_3_0,0.0,0,0
600,0,1,road_3_2_3_1,-0.0003232965536881238,0,0
600,0,1,road_3_2_3_2,-0.0003232965827919543,0,0
600,0,1,road_4_1_2_0,0.0,0,0
600,0,1,road_4_1_2_1,-0.0069821677170693874,3,0
600,0,1,road_4_1_2_2,-0.00017046811990439892,0,0
600,0,1,road_3_0_1_0,0.0,0,0
600,0,1,road_3_0_1_1,-0.0003232965536881238,0,0
600,0,1,road_3_0_1_2,-0.0003232965827919543,0,0
600,0,1,road_2_1_0_0,0.0,0,0
600,0,1,road_2_1_0_1,-0.0069821677170693874,3,0
600,0,1,road_2_1_0_2,-0.00017046804714482278,0,0
600,0,1,road_3_3_3_0,0.0,0,0
600,0,1,road_3_3_3_1,0.001586282392963767,3,0
600,0,1,road_3_3_3_2,0.0036598953884094954,3,0
600,0,1,road_4_2_2_0,0.0,0,0
600,0,1,road_4_2_2_1,-0.0005818192730657756,0,0
600,0,1,road_4_2_2_2,0.0004647208843380213,0,3
600,0,1,road_3_1_1_0,0.0,0,0
600,0,1,road_3_1_1_1,0.0015862821601331234,3,0
600,0,1,road_3_1_1_2,0.0036598958540707827,3,0
600,0,1,road_2_2_0_0,0.0,0,0
600,0,1,road_2_2_0_1,0.001165720634162426,0,3
600,0,1,road_2_2_0_2,0.0019916966557502747,3,0
600,0,1,road_3_4_3_0,0.0,0,0
600,0,1,road_3_4_3_1,0.0009910549269989133,0,3
600,0,1,road_3_4_3_2,0.0003340085968375206,0,3
600,0,1,road_4_3_2_0,0.0,0,0
600,0,1,road_4_3_2_1,0.005837198346853256,0,3
600,0,1,road_4_3_2_2,-0.00010040003689937294,0,0
600,0,1,road_3_2_1_0,0.0,0,0
600,0,1,road_3_2_1_1,0.00033400848042219877,0,3
600,0,1,road_3_2_1_2,-0.00038140942342579365,0,0
600,0,1,road_2_3_0_0,0.0,0,0
600,0,1,road_2_3_0_1,-0.0018414577934890985,3,0
600,0,1,road_2_3_0_2,-0.0064676618203520775,3,0
600,0,1,road_3_5_3_0,0.0,0,0
600,0,1,road_3_5_3_1,-0.00581178767606616,3,0
600,0,1,road_3_5_3_2,-0.0009789352770894766,0,0
600,0,1,road_4_4_2_0,0.0,0,0
600,0,1,road_4_4_2_1,0.0008608209318481386,3,0
600,0,1,road_4_4_2_2,0.0011207417119294405,0,3
600,0,1,road_3_3_1_0,0.0,0,0
600,0,1,road_3_3_1_1,-0.0058117881417274475,3,0
600,0,1,road_3_3_1_2,-0.0009789352770894766,0,0
600,0,1,road_2_4_0_0,0.0,0,0
600,0,1,road_2_4_0_1,0.0008608209900557995,3,0
600,0,1,road_2_4_0_2,0.0011207418283447623,0,3
600,0,1,road_4_2_3_0,0.0,0,0
600,0,1,road_4_2_3_1,-0.0026372550055384636,3,0
600,0,1,road_4_2_3_2,-0.0025265200529247522,3,0
600,0,1,road_5_1_2_0,0.0,0,0
600,0,1,road_5_1_2_1,0.0030075968243181705,3,0
600,0,1,road_5_1_2_2,0.002448560670018196,3,0
600,0,1,road_4_0_1_0,0.0,0,0
600,0,1,road_4_0_1_1,-2.216130815213546e-05,3,0
600,0,1,road_4_0_1_2,-0.0018599352333694696,0,0
600,0,1,road_3_1_0_0,0.0,0,0
600,0,1,road_3_1_0_1,0.0030075968243181705,3,0
600,0,1,road_3_1_0_2,0.0024485611356794834,3,0
600,0,1,road_4_3_3_0,0.0,0,0
600,0,1,road_4_3_3_1,0.0022120962385088205,3,0
600,0,1,road_4_3_3_2,0.0031234659254550934,3,0
600,0,1,road_5_2_2_0,0.0,0,0
600,0,1,road_5_2_2_1,-0.00015961517055984586,3,0
600,0,1,road_5_2_2_2,-0.0025917794555425644,0,0
600,0,1,road_4_1_1_0,0.0,0,0
600,0,1,road_4_1_1_1,0.0022120962385088205,3,0
600,0,1,road_4_1_1_2,0.0031234659254550934,3,0
600,0,1,road_3_2_0_0,0.0,0,0
600,0,1,road_3_2_0_1,-0.0012129948008805513,3,0
600,0,1,road_3_2_0_2,8.837204950395972e-05,0,3
600,0,1,road_4_4_3_0,0.0,0,0
600,0,1,road_4_4_3_1,0.002431007567793131,3,0
600,0,1,road_4_4_3_2,0.002910230541601777,3,0
600,0,1,road_5_3_2_0,0.0,0,0
600,0,1,road_5_3_2_1,-0.00010409886453999206,3,0
600,0,1,road_5_3_2_2,-0.001332747982814908,0,0
600,0,1,road_4_2_1_0,0.0,0,0
600,0,1,road_4_2_1_1,0.0024310073349624872,3,0
600,0,1,road_4_2_1_2,0.002910230541601777,3,0
600,0,1,road_3_3_0_0,0.0,0,0
600,0,1,road_3_3_0_1,-0.0013327483320608735,3,0
600,0,1,road_3_3_0_2,0.0003662864037323743,0,3
600,0,1,road_4_5_3_0,0.0,0,0
600,0,1,road_4_5_3_1,-0.0018125714268535376,0,0
600,0,1,road_4_5_3_2,-0.0015557107981294394,0,0
600,0,1,road_5_4_2_0,0.0,0,0
600,0,1,road_5_4_2_1,-1.4450746675720438e-05,0,0
600,0,1,road_5_4_2_2,-0.001669356133788824,0,0
600,0,1,road_4_3_1_0,0.0,0,0
600,0,1,road_4_3_1_1,-0.0028839409351348877,0,0
600,0,1,road_4_3_1_2,-0.0011128566693514585,0,0
600,0,1,road_3_4_0_0,0.0,0,0
600,0,1,road_3_4_0_1,-0.002944687381386757,0,3
600,0,1,road_3_4_0_2,-0.0027367109432816505,3,0
800,0,0,road_1_2_3_0,0.0,0,0
800,0,0,road_1_2_3_1,0.002105231862515211,0,3
800,0,0,road_1_2_3_2,0.0023617050610482693,0,3
800,0,0,road_2_1_2_0,0.0,0,0
800,0,0,road_2_1_2_1,0.003740957472473383,0,3
800,0,0,road_2_1_2_2,0.0041900635696947575,0,3
800,0,0,road_1_0_1_0,0.0,0,0
800,0,0,road_1_0_1_1,0.003960539121180773,0,3
800,0,0,road_1_0_1_2,0.002173132263123989,0,3
800,0,0,road_0_1_0_0,0.0,0,0
800,0,0,road_0_1_0_1,2.6869096473092213e-05,0,3
800,0,0,road_0_1_0_2,0.0018533895490691066,0,3
800,0,0,road_1_3_3_0,0.0,0,0
800,0,0,road_1_3_3_1,0.0030336775816977024,0,3
800,0,0,road_1_3_3_2,0.0037067898083478212,0,3
800,0,0,road_2_2_2_0,0.0,0,0
800,0,0,road_2_2_2_1,0.0005026489379815757,0,3
800,0,0,road_2_2_2_2,0.0024305901024490595,0,3
800,0,0,road_1_1_1_0,0.0,0,0
800,0,0,road_1_1_1_1,0.0005113079096190631,0,3
800,0,0,road_1_1_1_2,0.0027581541799008846,0,3
800,0,0,road_0_2_0_0,0.0,0,0
800,0,0,road_0_2_0_1,-0.00017149570339825004,0,0
800,0,0,road_0_2_0_2,0.0008374224416911602,0,3
800,0,0,road_1_4_3_0,0.0,0,0
800,0,0,road_1_4_3_1,2.6117901143152267e-05,0,3
800,0,0,road_1_4_3_2,0.007702969014644623,0,3
800,0,0,road_2_3_2_0,0.0,0,0
800,0,0,road_2_3_2_1,0.001965944655239582,0,3
800,0,0,road_2_3_2_2,0.0007136063650250435,0,3
800,0,0,road_1_2_1_0,0.0,0,0
800,0,0,road_1_2_1_1,-0.004681241698563099,0,0
800,0,0,road_1_2_1_2,0.0003839209966827184,0,3
800,0,0,road_0_3_0_0,0.0,0,0
800,0,0,road_0_3_0_1,0.001965944655239582,0,3
800,0,0,road_0_3_0_2,0.0007136064232327044,0,3
800,0,0,road_1_5_3_0,0.0,0,0
800,0,0,road_1_5_3_1,6.228156507859239e-06,0,3
800,0,0,road_1_5_3_2,-0.00395324919372797,0,0
800,0,0,road_2_4_2_0,0.0,0,0
800,0,0,road_2_4_2_1,-0.0014331343118101358,0,0
800,0,0,road_2_4_2_2,-0.00044067087583243847,0,0
800,0,0,road_1_3_1_0,0.0,0,0
800,0,0,road_1_3_1_1,0.003057159949094057,0,3
800,0,0,road_1_3_1_2,-0.0005417365464381874,0,0
800,0,0,road_0_4_0_0,0.0,0,0
800,0,0,road_0_4_0_1,-2.5753892259672284e-05,0,0
800,0,0,road_0_4_0_2,-0.0009407016332261264,0,0
800,0,0,road_2_2_3_0,0.0,0,0
800,0,0,road_2_2_3_1,0.0014765738742426038,0,3
800,0,0,road_2_2_3_2,0.00048164970939978957,0,3
800,0,0,road_3_1_2_0,0.0,0,0
800,0,0,road_3_1_2_1,-0.005257894285023212,0,0
800,0,0,road_3_1_2_2,0.0004234330845065415,0,3
800,0,0,road_2_0_1_0,0.0,0,0
800,0,0,road_2_0_1_1,0.0011939192190766335,0,3
800,0,0,road_2_0_1_2,4.862282730755396e-05,0,3
800,0,0,road_1_1_0_0,0.0,0,0
800,0,0,road_1_1_0_1,0.00019195119966752827,0,3
800,0,0,road_1_1_0_2,0.0038634222000837326,0,3
800,0,0,road_2_3_3_0,0.0,0,0
800,0,0,road_2_3_3_1,0.001408907352015376,0,3
800,0,0,road_2_3_3_2,0.00011594015086302534,0,3
800,0,0,road_3_2_2_0,0.0,0,0
800,0,0,road_3_2_2_1,-0.0003487394715193659,0,0
800,0,0,road_3_2_2_2,0.00020091619808226824,0,3
800,0,0,road_2_1_1_0,0.0,0,0
800,0,0,road_2_1_1_1,0.001408907352015376,0,3
800,0,0,road_2_1_1_2,0.00011594022362260148,0,3
800,0,0,road_1_2_0_0,0.0,0,0
800,0,0,road_1_2_0_1,-0.0013711194042116404,0,0
800,0,0,road_1_2_0_2,-0.0002874681376852095,0,0
800,0,0,road_2_4_3_0,0.0,0,0
800,0,0,road_2_4_3_1,-0.0005673409905284643,0,0
800,0,0,road_2_4_3_2,-0.0005940906703472137,0,0
800,0,0,road_3_3_2_0,0.0,0,0
800,0,0,road_3_3_2_1,-0.00028114477754570544,0,0
800,0,0,road_3_3_2_2,-0.0003788050380535424,0,0
800,0,0,road_2_2_1_0,0.0,0,0
800,0,0,road_2_2_1_1,0.00035917857894673944,0,3
800,0,0,road_2_2_1_2,0.00036148790968582034,0,3
800,0,0,road_1_3_0_0,0.0,0,0
800,0,0,road_1_3_0_1,-0.00015473205712623894,0,0
800,0,0,road_1_3_0_2,-0.00028114477754570544,0,0
800,0,0,road_2_5_3_0,0.0,0,0
800,0,0,road_2_5_3_1,0.0010536045301705599,0,3
800,0,0,road_2_5_3_2,0.00011408236605348065,0,3
800,0,0,road_3_4_2_0,0.0,0,0
800,0,0,road_3_4_2_1,-0.00044608896132558584,0,0
800,0,0,road_3_4_2_2,0.0002743935619946569,0,3
800,0,0,road_2_3_1_0,0.0,0,0
800,0,0,road_2_3_1_1,0.0010536045301705599,0,3
800,0,0,road_2_3_1_2,0.00011408236605348065,0,3
800,0,0,road_1_4_0_0,0.0,0,0
800,0,0,road_1_4_0_1,-0.001974832732230425,0,0
800,0,0,road_1_4_0_2,-0.0002650085370987654,0,0
800,0,0,road_3_2_3_0,0.0,0,0
800,0,0,road_3_2_3_1,-0.0001607049780432135,0,0
800,0,0,road_3_2_3_2,-0.00016070512356236577,0,0
800,0,0,road_4_1_2_0,0.0,0,0
800,0,0,road_4_1_2_1,0.00030690018320456147,0,3
800,0,0,road_4_1_2_2,-0.0002681636833585799,0,0
800,0,0,road_3_0_1_0,0.0,0,0
800,0,0,road_3_0_1_1,-0.00016070500714704394,0,0
800,0,0,road_3_0_1_2,-0.00016070506535470486,0,0
800,0,0,road_2_1_0_0,0.0,0,0
800,0,0,road_2_1_0_1,0.00030690027051605284,0,3
800,0,0,road_2_1_0_2,-0.00026816336321644485,0,0
800,0,0,road_3_3_3_0,0.0,0,0
800,0,0,road_3_3_3_1,0.0010714662494137883,0,3
800,0,0,road_3_3_3_2,0.00011744833318516612,0,3
800,0,0,road_4_2_2_0,0.0,0,0
800,0,0,road_4_2_2_1,-0.001980699598789215,0,0
800,0,0,road_4_2_2_2,-0.00026905699633061886,0,0
800,0,0,road_3_1_1_0,0.0,0,0
800,0,0,road_3_1_1_1,0.0010714661329984665,0,3
800,0,0,road_3_1_1_2,0.00011744834773708135,0,3
800,0,0,road_2_2_0_0,0.0,0,0
800,0,0,road_2_2_0_1,-0.00048413267359137535,0,0
800,0,0,road_2_2_0_2,0.00020284864876884967,0,3
800,0,0,road_3_4_3_0,0.0,0,0
800,0,0,road_3_4_3_1,-0.0003373643266968429,0,0
800,0,0,road_3_4_3_2,-0.0002692611888051033,0,0
800,0,0,road_4_3_2_0,0.0,0,0
800,0,0,road_4_3_2_1,-0.00221796496771276,0,0
800,0,0,road_4_3_2_2,-0.0009707982535474002,0,0
800,0,0,road_3_2_1_0,0.0,0,0
800,0,0,road_3_2_1_1,-0.0003769513568840921,0,0
800,0,0,road_3_2_1_2,-0.000337364268489182,0,0
800,0,0,road_2_3_0_0,0.0,0,0
800,0,0,road_2_3_0_1,0.0008410781156271696,0,3
800,0,0,road_2_3_0_2,0.0008508170139975846,0,3
800,0,0,road_3_5_3_0,0.0,0,0
800,0,0,road_3_5_3_1,0.0002968389599118382,0,3
800,0,0,road_3_5_3_2,-0.0003260023659095168,0,0
800,0,0,road_4_4_2_0,0.0,0,0
800,0,0,road_4_4_2_1,2.363628300372511e-05,0,3
800,0,0,road_4_4_2_2,-0.0002884565619751811,0,0
800,0,0,road_3_3_1_0,0.0,0,0
800,0,0,road_3_3_1_1,0.0002968389599118382,0,3
800,0,0,road_3_3_1_2,-0.00032600213307887316,0,0
800,0,0,road_2_4_0_0,0.0,0,0
800,0,0,road_2_4_0_1,2.363624662393704e-05,0,3
800,0,0,road_2_4_0_2,-0.0002884565037675202,0,0
800,0,0,road_4_2_3_0,0.0,0,0
800,0,0,road_4_2_3_1,0.0037390938960015774,0,3
800,0,0,road_4_2_3_2,0.0003201712970621884,0,3
800,0,0,road_5_1_2_0,0.0,0,0
800,0,0,road_5_1_2_1,0.0020168214105069637,0,3
800,0,0,road_5_1_2_2,0.0006970189278945327,0,3
800,0,0,road_4_0_1_0,0.0,0,0
800,0,0,road_4_0_1_1,9.7060810730909e-06,0,3
800,0,0,road_4_0_1_2,-0.004719249904155731,0,0
800,0,0,road_3_1_0_0,0.0,0,0
800,0,0,road_3_1_0_1,0.00201682117767632,0,3
800,0,0,road_3_1_0_2,0.0006970188696868718,0,3
800,0,0,road_4_3_3_0,0.0,0,0
800,0,0,road_4_3_3_1,0.0016445122892037034,0,3
800,0,0,road_4_3_3_2,9.249446884496137e-05,0,3
800,0,0,road_5_2_2_0,0.0,0,0
800,0,0,road_5_2_2_1,8.309556505992077e-06,0,3
800,0,0,road_5_2_2_2,-0.007047290913760662,0,0
800,0,0,road_4_1_1_0,0.0,0,0
800,0,0,road_4_1_1_1,0.001644511939957738,0,3
800,0,0,road_4_1_1_2,9.249413415091112e-05,0,3
800,0,0,road_3_2_0_0,0.0,0,0
800,0,0,road_3_2_0_1,0.0031266233418136835,0,3
800,0,0,road_3_2_0_2,-0.00045802912791259587,0,0
800,0,0,road_4_4_3_0,0.0,0,0
800,0,0,road_4_4_3_1,0.001658937311731279,0,3
800,0,0,road_4_4_3_2,0.001350967912003398,0,3
800,0,0,road_5_3_2_0,0.0,0,0
800,0,0,road_5_3_2_1,5.877874718862586e-05,0,3
800,0,0,road_5_3_2_2,-0.0002483398129697889,0,0
800,0,0,road_4_2_1_0,0.0,0,0
800,0,0,road_4_2_1_1,0.0022868758533149958,0,3
800,0,0,road_4_2_1_2,0.0022184031549841166,0,3
800,0,0,road_3_3_0_0,0.0,0,0
800,0,0,road_3_3_0_1,0.007447035517543554,0,3
800,0,0,road_3_3_0_2,0.0021375950891524553,0,3
800,0,0,road_4_5_3_0,0.0,0,0
800,0,0,road_4_5_3_1,-0.0041070422157645226,0,0
800,0,0,road_4_5_3_2,-0.0005002822144888341,0,0
800,0,0,road_5_4_2_0,0.0,0,0
800,0,0,road_5_4_2_1,-1.4704081877425779e-05,0,0
800,0,0,road_5_4_2_2,-0.0014290146064013243,0,0
800,0,0,road_4_3_1_0,0.0,0,0
800,0,0,road_4_3_1_1,0.00023428660642821342,0,3
800,0,0,road_4_3_1_2,0.0029607147444039583,0,3
800,0,0,road_3_4_0_0,0.0,0,0
800,0,0,road_3_4_0_1,-0.0014290149556472898,0,0
800,0,0,road_3_4_0_2,-8.773695299169049e-06,0,0
800,0,1,road_1_2_3_0,0.0,0,0
800,0,1,road_1_2_3_1,0.0027527345810085535,3,0
800,0,1,road_1_2_3_2,0.002193594351410866,3,0
800,0,1,road_2_1_2_0,0.0,0,0
800,0,1,road_2_1_2_1,-0.002479511545971036,3,0
800,0,1,road_2_1_2_2,-0.0024168118834495544,3,0
800,0,1,road_1_0_1_0,0.0,0,0
800,0,1,road_1_0_1_1,0.002154917921870947,3,0
800,0,1,road_1_0_1_2,0.002212119521573186,3,0
800,0,1,road_0_1_0_0,0.0,0,0
800,0,1,road_0_1_0_1,-7.834591087885201e-06,3,0
800,0,1,road_0_1_0_2,-0.0005444515263661742,3,0
800,0,1,road_1_3_3_0,0.0,0,0
800,0,1,road_1_3_3_1,-0.0030769631266593933,3,0
800,0,1,road_1_3_3_2,-0.0030207019299268723,3,0
800,0,1,road_2_2_2_0,0.0,0,0
800,0,1,road_2_2_2_1,0.00390998087823391,3,0
800,0,1,road_2_2_2_2,0.0031779019627720118,3,0
800,0,1,road_1_1_1_0,0.0,0,0
800,0,1,road_1_1_1_1,-0.0002492011699359864,3,0
800,0,1,road_1_1_1_2,-0.0010425540385767817,3,0
800,0,1,road_0_2_0_0,0.0,0,0
800,0,1,road_0_2_0_1,0.0002120033313985914,0,3
800,0,1,road_0_2_0_2,0.0022577352356165648,3,0
800,0,1,road_1_4_3_0,0.0,0,0
800,0,1,road_1_4_3_1,-2.530701385694556e-05,3,0
800,0,1,road_1_4_3_2,-0.002169203944504261,3,0
800,0,1,road_2_3_2_0,0.0,0,0
800,0,1,road_2_3_2_1,0.0027491124346852303,3,0
800,0,1,road_2_3_2_2,0.0023358757607638836,3,0
800,0,1,road_1_2_1_0,0.0,0,0
800,0,1,road_1_2_1_1,-0.0025057822931557894,0,0
800,0,1,road_1_2_1_2,-0.002524249255657196,3,0
800,0,1,road_0_3_0_0,0.0,0,0
800,0,1,road_0_3_0_1,0.002749111969023943,3,0
800,0,1,road_0_3_0_2,0.00233587552793324,3,0
800,0,1,road_1_5_3_0,0.0,0,0
800,0,1,road_1_5_3_1,-7.738376552879345e-06,3,0
800,0,1,road_1_5_3_2,-0.0014395603211596608,0,0
800,0,1,road_2_4_2_0,0.0,0,0
800,0,1,road_2_4_2_1,0.0039818985387682915,0,3
800,0,1,road_2_4_2_2,-0.001396268024109304,0,0
800,0,1,road_1_3_1_0,0.0,0,0
800,0,1,road_1_3_1_1,-0.0016427957452833652,3,0
800,0,1,road_1_3_1_2,-0.0008496138034388423,0,0
800,0,1,road_0_4_0_0,0.0,0,0
800,0,1,road_0_4_0_1,2.4582130208727904e-05,0,3
800,0,1,road_0_4_0_2,-0.0021420116536319256,0,0
800,0,1,road_2_2_3_0,0.0,0,0
800,0,1,road_2_2_3_1,0.0028564585372805595,3,0
800,0,1,road_2_2_3_2,0.002547239186242223,3,0
800,0,1,road_3_1_2_0,0.0,0,0
800,0,1,road_3_1_2_1,-0.0028515439480543137,0,0
800,0,1,road_3_1_2_2,-0.0028028851374983788,3,0
800,0,1,road_2_0_1_0,0.0,0,0
800,0,1,road_2_0_1_1,0.0032572601921856403,3,0
800,0,1,road_2_0_1_2,0.002539541106671095,3,0
800,0,1,road_1_1_0_0,0.0,0,0
800,0,1,road_1_1_0_1,-0.0004823551862500608,3,0
800,0,1,road_1_1_0_2,-0.0022569759748876095,3,0
800,0,1,road_2_3_3_0,0.0,0,0
800,0,1,road_2_3_3_1,0.0025654262863099575,3,0
800,0,1,road_2_3_3_2,0.003511164803057909,3,0
800,0,1,road_3_2_2_0,0.0,0,0
800,0,1,road_3_2_2_1,0.002276698127388954,0,3
800,0,1,road_3_2_2_2,0.001848872285336256,3,0
800,0,1,road_2_1_1_0,0.0,0,0
800,0,1,road_2_1_1_1,0.00256542582064867,3,0
800,0,1,road_2_1_1_2,0.003511164803057909,3,0
800,0,1,road_1_2_0_0,0.0,0,0
800,0,1,road_1_2_0_1,0.001848872285336256,0,3
800,0,1,road_1_2_0_2,0.0007382180774584413,0,3
800,0,1,road_2_4_3_0,0.0,0,0
800,0,1,road_2_4_3_1,0.0019655623473227024,0,3
800,0,1,road_2_4_3_2,0.000260510656516999,0,3
800,0,1,road_3_3_2_0,0.0,0,0
800,0,1,road_3_3_2_1,0.00028693812782876194,0,3
800,0,1,road_3_3_2_2,0.0009173910366371274,0,3
800,0,1,road_2_2_1_0,0.0,0,0
800,0,1,road_2_2_1_1,-0.0044536348432302475,3,0
800,0,1,road_2_2_1_2,-0.006694592069834471,3,0
800,0,1,road_1_3_0_0,0.0,0,0
800,0,1,road_1_3_0_1,-0.0004011928103864193,0,0
800,0,1,road_1_3_0_2,0.0002869380987249315,0,3
800,0,1,road_2_5_3_0,0.0,0,0
800,0,1,road_2_5_3_1,0.0013520549982786179,3,0
800,0,1,road_2_5_3_2,0.0036938348785042763,3,0
800,0,1,road_3_4_2_0,0.0,0,0
800,0,1,road_3_4_2_1,0.0004615051147993654,0,3
800,0,1,road_3_4_2_2,0.0009801648557186127,3,0
800,0,1,road_2_3_1_0,0.0,0,0
800,0,1,road_2_3_1_1,0.0013520549982786179,3,0
800,0,1,road_2_3_1_2,0.0036938348785042763,3,0
800,0,1,road_1_4_0_0,0.0,0,0
800,0,1,road_1_4_0_1,-0.0003847323823720217,0,0
800,0,1,road_1_4_0_2,0.0004615054349415004,0,3
800,0,1,road_3_2_3_0,0.0,0,0
800,0,1,road_3_2_3_1,-0.0003232965536881238,0,0
800,0,1,road_3_2_3_2,-0.0003232965827919543,0,0
800,0,1,road_4_1_2_0,0.0,0,0
800,0,1,road_4_1_2_1,-0.0069821677170693874,3,0
800,0,1,road_4_1_2_2,-0.00017046811990439892,0,0
800,0,1,road_3_0_1_0,0.0,0,0
800,0,1,road_3_0_1_1,-0.0003232965536881238,0,0
800,0,1,road_3_0_1_2,-0.0003232965827919543,0,0
800,0,1,road_2_1_0_0,0.0,0,0
800,0,1,road_2_1_0_1,-0.0069821677170693874,3,0
800,0,1,road_2_1_0_2,-0.00017046804714482278,0,0
800,0,1,road_3_3_3_0,0.0,0,0
800,0,1,road_3_3_3_1,0.001586282392963767,3,0
800,0,1,road_3_3_3_2,0.0036598953884094954,3,0
800,0,1,road_4_2_2_0,0.0,0,0
800,0,1,road_4_2_2_1,-0.0005818192730657756,0,0
800,0,1,road_4_2_2_2,0.0004647208843380213,0,3
800,0,1,road_3_1_1_0,0.0,0,0
800,0,1,road_3_1_1_1,0.0015862821601331234,3,0
800,0,1,road_3_1_1_2,0.0036598958540707827,3,0
800,0,1,road_2_2_0_0,0.0,0,0
800,0,1,road_2_2_0_1,0.001165720634162426,0,3
800,0,1,road_2_2_0_2,0.0019916966557502747,3,0
800,0,1,road_3_4_3_0,0.0,0,0
800,0,1,road_3_4_3_1,0.0003340084513183683,0,3
800,0,1,road_3_4_3_2,-0.00038140942342579365,0,0
800,0,1,road_4_3_2_0,0.0,0,0
800,0,1,road_4_3_2_1,0.005837198346853256,0,3
800,0,1,road_4_3_2_2,-0.00010040003689937294,0,0
800,0,1,road_3_2_1_0,0.0,0,0
800,0,1,road_3_2_1_1,0.0009910549269989133,0,3
800,0,1,road_3_2_1_2,0.0003340085968375206,0,3
800,0,1,road_2_3_0_0,0.0,0,0
800,0,1,road_2_3_0_1,-0.0018414577934890985,3,0
800,0,1,road_2_3_0_2,-0.0064676618203520775,3,0
800,0,1,road_3_5_3_0,0.0,0,0
800,0,1,road_3_5_3_1,-0.00581178767606616,3,0
800,0,1,road_3_5_3_2,-0.0009789352770894766,0,0
800,0,1,road_4_4_2_0,0.0,0,0
800,0,1,road_4_4_2_1,0.0008608209318481386,3,0
800,0,1,road_4_4_2_2,0.0011207417119294405,0,3
800,0,1,road_3_3_1_0,0.0,0,0
800,0,1,road_3_3_1_1,-0.0058117881417274475,3,0
800,0,1,road_3_3_1_2,-0.0009789352770894766,0,0
800,0,1,road_2_4_0_0,0.0,0,0
800,0,1,road_2_4_0_1,0.0008608209900557995,3,0
800,0,1,road_2_4_0_2,0.0011207418283447623,0,3
800,0,1,road_4_2_3_0,0.0,0,0
800,0,1,road_4_2_3_1,-0.0018558662850409746,3,0
800,0,1,road_4_2_3_2,-0.0025217211805284023,3,0
800,0,1,road_5_1_2_0,0.0,0,0
800,0,1,road_5_1_2_1,0.0030029788613319397,3,0
800,0,1,road_5_1_2_2,0.0024441275745630264,3,0
800,0,1,road_4_0_1_0,0.0,0,0
800,0,1,road_4_0_1_1,-7.1084486990002915e-06,3,0
800,0,1,road_4_0_1_2,-0.002632167423143983,0,0
800,0,1,road_3_1_0_0,0.0,0,0
800,0,1,road_3_1_0_1,0.0030029788613319397,3,0
800,0,1,road_3_1_0_2,0.0024441275745630264,3,0
800,0,1,road_4_3_3_0,0.0,0,0
800,0,1,road_4_3_3_1,0.002181645482778549,3,0
800,0,1,road_4_3_3_2,0.003095368854701519,3,0
800,0,1,road_5_2_2_0,0.0,0,0
800,0,1,road_5_2_2_1,-2.3423046513926238e-05,3,0
800,0,1,road_5_2_2_2,-0.002550645498558879,0,0
800,0,1,road_4_1_1_0,0.0,0,0
800,0,1,road_4_1_1_1,0.002181645482778549,3,0
800,0,1,road_4_1_1_2,0.003095368854701519,3,0
800,0,1,road_3_2_0_0,0.0,0,0
800,0,1,road_3_2_0_1,-0.001150387222878635,3,0
800,0,1,road_3_2_0_2,9.522988693788648e-05,0,3
800,0,1,road_4_4_3_0,0.0,0,0
800,0,1,road_4_4_3_1,0.00283587584272027,3,0
800,0,1,road_4_4_3_2,0.00213679950684309,3,0
800,0,1,road_5_3_2_0,0.0,0,0
800,0,1,road_5_3_2_1,-2.8516225938801654e-05,3,0
800,0,1,road_5_3_2_2,-0.0018348819576203823,0,0
800,0,1,road_4_2_1_0,0.0,0,0
800,0,1,road_4_2_1_1,0.0026046778075397015,3,0
800,0,1,road_4_2_1_2,0.00174562050960958,3,0
800,0,1,road_3_3_0_0,0.0,0,0
800,0,1,road_3_3_0_1,-0.002113319467753172,3,0
800,0,1,road_3_3_0_2,-0.002617546822875738,3,0
800,0,1,road_4_5_3_0,0.0,0,0
800,0,1,road_4_5_3_1,0.0012807836756110191,0,3
800,0,1,road_4_5_3_2,-0.002057036617770791,0,0
800,0,1,road_5_4_2_0,0.0,0,0
800,0,1,road_5_4_2_1,-1.6352923921658657e-05,0,0
800,0,1,road_5_4_2_2,-0.002313257660716772,0,0
800,0,1,road_4_3_1_0,0.0,0,0
800,0,1,road_4_3_1_1,0.0005391169688664377,3,0
800,0,1,road_4_3_1_2,-0.002979408483952284,3,0
800,0,1,road_3_4_0_0,0.0,0,0
800,0,1,road_3_4_0_1,-0.002313256962224841,0,0
800,0,1,road_3_4_0_2,-0.0007003976497799158,0,0
1000,0,0,road_1_2_3_0,0.0,0,0
1000,0,0,road_1_2_3_1,-0.0009476530831307173,0,0
1000,0,0,road_1_2_3_2,-0.000973729242105037,0,0
1000,0,0,road_2_1_2_0,0.0,0,0
1000,0,0,road_2_1_2_1,-0.0012608007527887821,0,0
1000,0,0,road_2_1_2_2,-0.0011622982565313578,0,0
1000,0,0,road_1_0_1_0,0.0,0,0
1000,0,0,road_1_0_1_1,-0.0026357099413871765,0,3
1000,0,0,road_1_0_1_2,-0.001728960545733571,0,0
1000,0,0,road_0_1_0_0,0.0,0,0
1000,0,0,road_0_1_0_1,-1.5004326087364461e-05,0,0
1000,0,0,road_0_1_0_2,-0.000413586589274928,0,0
1000,0,0,road_1_3_3_0,0.0,0,0
1000,0,0,road_1_3_3_1,-0.0014436941128224134,0,0
1000,0,0,road_1_3_3_2,-0.00044514070032164454,0,0
1000,0,0,road_2_2_2_0,0.0,0,0
1000,0,0,road_2_2_2_1,0.0031714453361928463,0,3
1000,0,0,road_2_2_2_2,-0.0005062582204118371,0,0
1000,0,0,road_1_1_1_0,0.0,0,0
1000,0,0,road_1_1_1_1,-0.0001404257636750117,0,0
1000,0,0,road_1_1_1_2,-0.0009471088997088373,0,0
1000,0,0,road_0_2_0_0,0.0,0,0
1000,0,0,road_0_2_0_1,2.07195171242347e-05,0,3
1000,0,0,road_0_2_0_2,-0.003954896237701178,0,0
1000,0,0,road_1_4_3_0,0.0,0,0
1000,0,0,road_1_4_3_1,4.2423747800057754e-05,0,3
1000,0,0,road_1_4_3_2,0.0075039342045784,0,3
1000,0,0,road_2_3_2_0,0.0,0,0
1000,0,0,road_2_3_2_1,0.0019769896753132343,0,3
1000,0,0,road_2_3_2_2,0.0007083084201440215,0,3
1000,0,0,road_1_2_1_0,0.0,0,0
1000,0,0,road_1_2_1_1,-0.0005612003151327372,0,0
1000,0,0,road_1_2_1_2,0.002146582817658782,0,3
1000,0,0,road_0_3_0_0,0.0,0,0
1000,0,0,road_0_3_0_1,0.0019769896753132343,0,3
1000,0,0,road_0_3_0_2,0.0007083085947670043,0,3
1000,0,0,road_1_5_3_0,0.0,0,0
1000,0,0,road_1_5_3_1,8.148675988195464e-06,0,3
1000,0,0,road_1_5_3_2,0.003068408463150263,0,3
1000,0,0,road_2_4_2_0,0.0,0,0
1000,0,0,road_2_4_2_1,-0.0014158111298456788,0,0
1000,0,0,road_2_4_2_2,0.00045225530629977584,0,3
1000,0,0,road_1_3_1_0,0.0,0,0
1000,0,0,road_1_3_1_1,-0.0038804204668849707,0,0
1000,0,0,road_1_3_1_2,-0.0005213920376263559,0,0
1000,0,0,road_0_4_0_0,0.0,0,0
1000,0,0,road_0_4_0_1,-2.5260453185182996e-05,0,0
1000,0,0,road_0_4_0_2,-0.00034374778624624014,0,0
1000,0,0,road_2_2_3_0,0.0,0,0
1000,0,0,road_2_2_3_1,0.0011771508725360036,0,3
1000,0,0,road_2_2_3_2,6.135407602414489e-05,0,3
1000,0,0,road_3_1_2_0,0.0,0,0
1000,0,0,road_3_1_2_1,-0.007128638681024313,0,0
1000,0,0,road_3_1_2_2,3.4920580219477415e-05,0,3
1000,0,0,road_2_0_1_0,0.0,0,0
1000,0,0,road_2_0_1_1,0.0012389481998980045,0,3
1000,0,0,road_2_0_1_2,6.0411639424273744e-05,0,3
1000,0,0,road_1_1_0_0,0.0,0,0
1000,0,0,road_1_1_0_1,8.869679732015356e-05,0,3
1000,0,0,road_1_1_0_2,0.006902654655277729,0,3
1000,0,0,road_2_3_3_0,0.0,0,0
1000,0,0,road_2_3_3_1,0.00184934854041785,0,3
1000,0,0,road_2_3_3_2,9.628626867197454e-05,0,3
1000,0,0,road_3_2_2_0,0.0,0,0
1000,0,0,road_3_2_2_1,-0.00042020424734801054,0,0
1000,0,0,road_3_2_2_2,0.00018197511963080615,0,3
1000,0,0,road_2_1_1_0,0.0,0,0
1000,0,0,road_2_1_1_1,0.00184934854041785,0,3
1000,0,0,road_2_1_1_2,9.628630505176261e-05,0,3
1000,0,0,road_1_2_0_0,0.0,0,0
1000,0,0,road_1_2_0_1,-0.001348316203802824,0,0
1000,0,0,road_1_2_0_2,-0.0003807992616202682,0,0
1000,0,0,road_2_4_3_0,0.0,0,0
1000,0,0,road_2_4_3_1,3.4465214412193745e-05,0,3
1000,0,0,road_2_4_3_2,3.4465228964108974e-05,0,3
1000,0,0,road_3_3_2_0,0.0,0,0
1000,0,0,road_3_3_2_1,-0.0005848925793543458,0,0
1000,0,0,road_3_3_2_2,0.0003072046674787998,0,3
1000,0,0,road_2_2_1_0,0.0,0,0
1000,0,0,road_2_2_1_1,-0.0002731702115852386,0,0
1000,0,0,road_2_2_1_2,-0.00027317035710439086,0,0
1000,0,0,road_1_3_0_0,0.0,0,0
1000,0,0,road_1_3_0_1,-0.0006140590412542224,0,0
1000,0,0,road_1_3_0_2,0.00030914953094907105,0,3
1000,0,0,road_2_5_3_0,0.0,0,0
1000,0,0,road_2_5_3_1,0.0008542083669453859,0,3
1000,0,0,road_2_5_3_2,0.0008542084251530468,0,3
1000,0,0,road_3_4_2_0,0.0,0,0
1000,0,0,road_3_4_2_1,4.194556822767481e-05,0,3
1000,0,0,road_3_4_2_2,-0.00032153871143236756,0,0
1000,0,0,road_2_3_1_0,0.0,0,0
1000,0,0,road_2_3_1_1,-0.0009022403392009437,0,0
1000,0,0,road_2_3_1_2,-0.0009022403392009437,0,0
1000,0,0,road_1_4_0_0,0.0,0,0
1000,0,0,road_1_4_0_1,4.1945626435335726e-05,0,3
1000,0,0,road_1_4_0_2,-0.00032153871143236756,0,0
1000,0,0,road_3_2_3_0,0.0,0,0
1000,0,0,road_3_2_3_1,-0.00015364043065346777,0,0
1000,0,0,road_3_2_3_2,-0.00015364040154963732,0,0
1000,0,0,road_4_1_2_0,0.0,0,0
1000,0,0,road_4_1_2_1,0.000306599133182317,0,3
1000,0,0,road_4_1_2_2,-0.0005318560288287699,0,0
1000,0,0,road_3_0_1_0,0.0,0,0
1000,0,0,road_3_0_1_1,-0.000153640445205383,0,0
1000,0,0,road_3_0_1_2,-0.0001536404888611287,0,0
1000,0,0,road_2_1_0_0,0.0,0,0
1000,0,0,road_2_1_0_1,0.0003193665179423988,0,3
1000,0,0,road_2_1_0_2,-0.0005485001602210104,0,0
1000,0,0,road_3_3_3_0,0.0,0,0
1000,0,0,road_3_3_3_1,0.0002968389599118382,0,3
1000,0,0,road_3_3_3_2,-0.0003260023659095168,0,0
1000,0,0,road_4_2_2_0,0.0,0,0
1000,0,0,road_4_2_2_1,2.363628300372511e-05,0,3
1000,0,0,road_4_2_2_2,-0.0002884565619751811,0,0
1000,0,0,road_3_1_1_0,0.0,0,0
1000,0,0,road_3_1_1_1,0.0002968389599118382,0,3
1000,0,0,road_3_1_1_2,-0.00032600213307887316,0,0
1000,0,0,road_2_2_0_0,0.0,0,0
1000,0,0,road_2_2_0_1,2.363624662393704e-05,0,3
1000,0,0,road_2_2_0_2,-0.0002884565037675202,0,0
1000,0,0,road_3_4_3_0,0.0,0,0
1000,0,0,road_3_4_3_1,-0.000281144748441875,0,0
1000,0,0,road_3_4_3_2,-0.0001547320862300694,0,0
1000,0,0,road_4_3_2_0,0.0,0,0
1000,0,0,road_4_3_2_1,-0.0005673408159054816,0,0
1000,0,0,road_4_3_2_2,-0.0005940904375165701,0,0
1000,0,0,road_3_2_1_0,0.0,0,0
1000,0,0,road_3_2_1_1,-0.000378804950742051,0,0
1000,0,0,road_3_2_1_2,-0.00028114457381889224,0,0
1000,0,0,road_2_3_0_0,0.0,0,0
1000,0,0,road_2_3_0_1,0.0003591786662582308,0,3
1000,0,0,road_2_3_0_2,0.0003614880552049726,0,3
1000,0,0,road_3_5_3_0,0.0,0,0
1000,0,0,road_3_5_3_1,0.0002968389599118382,0,3
1000,0,0,road_3_5_3_2,-0.0003260023659095168,0,0
1000,0,0,road_4_4_2_0,0.0,0,0
1000,0,0,road_4_4_2_1,2.363628300372511e-05,0,3
1000,0,0,road_4_4_2_2,-0.0002884565619751811,0,0
1000,0,0,road_3_3_1_0,0.0,0,0
1000,0,0,road_3_3_1_1,0.0002968389599118382,0,3
1000,0,0,road_3_3_1_2,-0.00032600213307887316,0,0
1000,0,0,road_2_4_0_0,0.0,0,0
1000,0,0,road_2_4_0_1,2.363624662393704e-05,0,3
1000,0,0,road_2_4_0_2,-0.0002884565037675202,0,0
1000,0,0,road_4_2_3_0,0.0,0,0
1000,0,0,road_4_2_3_1,0.0036376051139086485,0,3
1000,0,0,road_4_2_3_2,0.005141231697052717,0,3
1000,0,0,road_5_1_2_0,0.0,0,0
1000,0,0,road_5_1_2_1,0.001970278797671199,0,3
1000,0,0,road_5_1_2_2,0.0012868749909102917,0,3
1000,0,0,road_4_0_1_0,0.0,0,0
1000,0,0,road_4_0_1_1,2.5312971047242172e-05,0,3
1000,0,0,road_4_0_1_2,0.0028115392196923494,0,3
1000,0,0,road_3_1_0_0,0.0,0,0
1000,0,0,road_3_1_0_1,0.001970278797671199,0,3
1000,0,0,road_3_1_0_2,0.0012868749909102917,0,3
1000,0,0,road_4_3_3_0,0.0,0,0
1000,0,0,road_4_3_3_1,0.0017340804915875196,0,3
1000,0,0,road_4_3_3_2,8.662830077810213e-05,0,3
1000,0,0,road_5_2_2_0,0.0,0,0
1000,0,0,road_5_2_2_1,6.15074168308638e-06,0,3
1000,0,0,road_5_2_2_2,-0.0035784852225333452,0,0
1000,0,0,road_4_1_1_0,0.0,0,0
1000,0,0,road_4_1_1_1,0.0017340804915875196,0,3
1000,0,0,road_4_1_1_2,8.662829350214452e-05,0,3
1000,0,0,road_3_2_0_0,0.0,0,0
1000,0,0,road_3_2_0_1,0.0039565106853842735,0,3
1000,0,0,road_3_2_0_2,0.0007823520572856069,0,3
1000,0,0,road_4_4_3_0,0.0,0,0
1000,0,0,road_4_4_3_1,-0.0014895900385454297,0,0
1000,0,0,road_4_4_3_2,-0.0009087832877412438,0,0
1000,0,0,road_5_3_2_0,0.0,0,0
1000,0,0,road_5_3_2_1,-2.0690587916760705e-05,0,0
1000,0,0,road_5_3_2_2,-0.0007867708336561918,0,0
1000,0,0,road_4_2_1_0,0.0,0,0
1000,0,0,road_4_2_1_1,-0.0017280629836022854,0,3
1000,0,0,road_4_2_1_2,-0.001197256613522768,0,0
1000,0,0,road_3_3_0_0,0.0,0,0
1000,0,0,road_3_3_0_1,-0.0011301679769530892,0,0
1000,0,0,road_3_3_0_2,-0.0011159875430166721,0,0
1000,0,0,road_4_5_3_0,0.0,0,0
1000,0,0,road_4_5_3_1,0.0031160744838416576,0,3
1000,0,0,road_4_5_3_2,-0.0004970532609149814,0,0
1000,0,0,road_5_4_2_0,0.0,0,0
1000,0,0,road_5_4_2_1,-1.8772960174828768e-05,0,0
1000,0,0,road_5_4_2_2,-0.0007712451042607427,0,0
1000,0,0,road_4_3_1_0,0.0,0,0
1000,0,0,road_4_3_1_1,0.00020944671996403486,0,3
1000,0,0,road_4_3_1_2,-0.0036383492406457663,0,0
1000,0,0,road_3_4_0_0,0.0,0,0
1000,0,0,road_3_4_0_1,-0.0007712457445450127,0,0
1000,0,0,road_3_4_0_2,0.0007840552134439349,0,3
1000,0,1,road_1_2_3_0,0.0,0,0
1000,0,1,road_1_2_3_1,0.003323006210848689,0,3
1000,0,1,road_1_2_3_2,-0.00023668905487284064,0,0
1000,0,1,road_2_1_2_0,0.0,0,0
1000,0,1,road_2_1_2_1,-0.0006068824441172183,0,0
1000,0,1,road_2_1_2_2,-0.0005418222863227129,0,0
1000,0,1,road_1_0_1_0,0.0,0,0
1000,0,1,road_1_0_1_1,0.0005740181659348309,3,0
1000,0,1,road_1_0_1_2,-0.0038733684923499823,0,0
1000,0,1,road_0_1_0_0,0.0,0,0
1000,0,1,road_0_1_0_1,-1.4779993762203958e-05,0,0
1000,0,1,road_0_1_0_2,-0.00040903891203925014,0,0
1000,0,1,road_1_3_3_0,0.0,0,0
1000,0,1,road_1_3_3_1,0.003953997977077961,0,3
1000,0,1,road_1_3_3_2,-0.0014085264410823584,0,0
1000,0,1,road_2_2_2_0,0.0,0,0
1000,0,1,road_2_2_2_1,-0.0016915190499275923,3,0
1000,0,1,road_2_2_2_2,-0.000854210986290127,0,0
1000,0,1,road_1_1_1_0,0.0,0,0
1000,0,1,road_1_1_1_1,0.00013046232925262302,0,3
1000,0,1,road_1_1_1_2,-0.002177351387217641,0,0
1000,0,1,road_0_2_0_0,0.0,0,0
1000,0,1,road_0_2_0_1,-2.393920294707641e-05,3,0
1000,0,1,road_0_2_0_2,-0.0014438334619626403,0,0
1000,0,1,road_1_4_3_0,0.0,0,0
1000,0,1,road_1_4_3_1,-2.1827208911417983e-05,3,0
1000,0,1,road_1_4_3_2,-0.00204278202727437,3,0
1000,0,1,road_2_3_2_0,0.0,0,0
1000,0,1,road_2_3_2_1,0.0026299343444406986,3,0
1000,0,1,road_2_3_2_2,0.0022235221695154905,3,0
1000,0,1,road_1_2_1_0,0.0,0,0
1000,0,1,road_1_2_1_1,-0.0016145893605425954,0,0
1000,0,1,road_1_2_1_2,-0.0023772157728672028,3,0
1000,0,1,road_0_3_0_0,0.0,0,0
1000,0,1,road_0_3_0_1,0.002629934111610055,3,0
1000,0,1,road_0_3_0_2,0.002223522402346134,3,0
1000,0,1,road_1_5_3_0,0.0,0,0
1000,0,1,road_1_5_3_1,8.968077054305468e-06,3,0
1000,0,1,road_1_5_3_2,-0.00414012186229229,3,0
1000,0,1,road_2_4_2_0,0.0,0,0
1000,0,1,road_2_4_2_1,-0.0013127683196216822,0,0
1000,0,1,road_2_4_2_2,-0.0027171720284968615,3,0
1000,0,1,road_1_3_1_0,0.0,0,0
1000,0,1,road_1_3_1_1,0.0017881325911730528,0,3
1000,0,1,road_1_3_1_2,-0.0019876104779541492,0,0
1000,0,1,road_0_4_0_0,0.0,0,0
1000,0,1,road_0_4_0_1,-2.003290683205705e-05,0,0
1000,0,1,road_0_4_0_2,-0.00160598149523139,0,0
1000,0,1,road_2_2_3_0,0.0,0,0
1000,0,1,road_2_2_3_1,0.0027997097931802273,3,0
1000,0,1,road_2_2_3_2,0.002658363664522767,3,0
1000,0,1,road_3_1_2_0,0.0,0,0
1000,0,1,road_3_1_2_1,-0.0018153542187064886,0,0
1000,0,1,road_3_1_2_2,-0.0014667719369754195,3,0
1000,0,1,road_2_0_1_0,0.0,0,0
1000,0,1,road_2_0_1_1,0.003181636333465576,3,0
1000,0,1,road_2_0_1_2,0.00266802916303277,3,0
1000,0,1,road_1_1_0_0,0.0,0,0
1000,0,1,road_1_1_0_1,-0.0004305661132093519,3,0
1000,0,1,road_1_1_0_2,-0.0016326741315424442,3,0
1000,0,1,road_2_3_3_0,0.0,0,0
1000,0,1,road_2_3_3_1,0.002933770650997758,3,0
1000,0,1,road_2_3_3_2,0.0034710639156401157,3,0
1000,0,1,road_3_2_2_0,0.0,0,0
1000,0,1,road_3_2_2_1,0.0017981801647692919,0,3
1000,0,1,road_3_2_2_2,0.0017626384506002069,3,0
1000,0,1,road_2_1_1_0,0.0,0,0
1000,0,1,road_2_1_1_1,0.002933770650997758,3,0
1000,0,1,road_2_1_1_2,0.0034710639156401157,3,0
1000,0,1,road_1_2_0_0,0.0,0,0
1000,0,1,road_1_2_0_1,0.0017368125263601542,0,3
1000,0,1,road_1_2_0_2,0.0014271298423409462,0,3
1000,0,1,road_2_4_3_0,0.0,0,0
1000,0,1,road_2_4_3_1,0.0008067073067650199,3,0
1000,0,1,road_2_4_3_2,0.000806707248557359,3,0
1000,0,1,road_3_3_2_0,0.0,0,0
1000,0,1,road_3_3_2_1,0.0014415166806429625,0,3
1000,0,1,road_3_3_2_2,-0.002957000629976392,3,0
1000,0,1,road_2_2_1_0,0.0,0,0
1000,0,1,road_2_2_1_1,0.001108255935832858,0,3
1000,0,1,road_2_2_1_2,0.001108255935832858,0,3
1000,0,1,road_1_3_0_0,0.0,0,0
1000,0,1,road_1_3_0_1,-0.0004150190216023475,0,0
1000,0,1,road_1_3_0_2,-0.0052780285477638245,3,0
1000,0,1,road_2_5_3_0,0.0,0,0
1000,0,1,road_2_5_3_1,-0.0024166470393538475,3,0
1000,0,1,road_2_5_3_2,-0.00241664657369256,3,0
1000,0,1,road_3_4_2_0,0.0,0,0
1000,0,1,road_3_4_2_1,0.0006985521176829934,3,0
1000,0,1,road_3_4_2_2,0.0010741215664893389,0,3
1000,0,1,road_2_3_1_0,0.0,0,0
1000,0,1,road_2_3_1_1,0.0011148598277941346,0,3
1000,0,1,road_2_3_1_2,0.0011148599442094564,0,3
1000,0,1,road_1_4_0_0,0.0,0,0
1000,0,1,road_1_4_0_1,0.0006985521758906543,3,0
1000,0,1,road_1_4_0_2,0.0010741217993199825,0,3
1000,0,1,road_3_2_3_0,0.0,0,0
1000,0,1,road_3_2_3_1,-0.0004021917120553553,0,0
1000,0,1,road_3_2_3_2,-0.0004021917993668467,0,0
1000,0,1,road_4_1_2_0,0.0,0,0
1000,0,1,road_4_1_2_1,-0.005060350522398949,3,0
1000,0,1,road_4_1_2_2,0.001679296256043017,0,3
1000,0,1,road_3_0_1_0,0.0,0,0
1000,0,1,road_3_0_1_1,-0.0004021918575745076,0,0
1000,0,1,road_3_0_1_2,-0.0004021918575745076,0,0
1000,0,1,road_2_1_0_0,0.0,0,0
1000,0,1,road_2_1_0_1,-0.0064808065071702,3,0
1000,0,1,road_2_1_0_2,0.0005351653089746833,0,3
1000,0,1,road_3_3_3_0,0.0,0,0
1000,0,1,road_3_3_3_1,-0.00581178767606616,3,0
1000,0,1,road_3_3_3_2,-0.0009789352770894766,0,0
1000,0,1,road_4_2_2_0,0.0,0,0
1000,0,1,road_4_2_2_1,0.0008608209318481386,3,0
1000,0,1,road_4_2_2_2,0.0011207417119294405,0,3
1000,0,1,road_3_1_1_0,0.0,0,0
1000,0,1,road_3_1_1_1,-0.0058117881417274475,3,0
1000,0,1,road_3_1_1_2,-0.0009789352770894766,0,0
1000,0,1,road_2_2_0_0,0.0,0,0
1000,0,1,road_2_2_0_1,0.0008608209900557995,3,0
1000,0,1,road_2_2_0_2,0.0011207418283447623,0,3
1000,0,1,road_3_4_3_0,0.0,0,0
1000,0,1,road_3_4_3_1,0.0002869375457521528,0,3
1000,0,1,road_3_4_3_2,-0.00040119318873621523,0,0
1000,0,1,road_4_3_2_0,0.0,0,0
1000,0,1,road_4_3_2_1,0.001965561416000128,0,3
1000,0,1,road_4_3_2_2,0.00026051007444038987,0,3
1000,0,1,road_3_2_1_0,0.0,0,0
1000,0,1,road_3_2_1_1,0.0009173905709758401,0,3
1000,0,1,road_3_2_1_2,0.00028693766216747463,0,3
1000,0,1,road_2_3_0_0,0.0,0,0
1000,0,1,road_2_3_0_1,-0.004453637637197971,3,0
1000,0,1,road_2_3_0_2,-0.00669459393247962,3,0
1000,0,1,road_3_5_3_0,0.0,0,0
1000,0,1,road_3_5_3_1,-0.00581178767606616,3,0
1000,0,1,road_3_5_3_2,-0.0009789352770894766,0,0
1000,0,1,road_4_4_2_0,0.0,0,0
1000,0,1,road_4_4_2_1,0.0008608209318481386,3,0
1000,0,1,road_4_4_2_2,0.0011207417119294405,0,3
1000,0,1,road_3_3_1_0,0.0,0,0
1000,0,1,road_3_3_1_1,-0.0058117881417274475,3,0
1000,0,1,road_3_3_1_2,-0.0009789352770894766,0,0
1000,0,1,road_2_4_0_0,0.0,0,0
1000,0,1,road_2_4_0_1,0.0008608209900557995,3,0
1000,0,1,road_2_4_0_2,0.0011207418283447623,0,3
1000,0,1,road_4_2_3_0,0.0,0,0
1000,0,1,road_4_2_3_1,-0.0013741916045546532,3,0
1000,0,1,road_4_2_3_2,-0.0020296962466090918,3,0
1000,0,1,road_5_1_2_0,0.0,0,0
1000,0,1,road_5_1_2_1,0.00227030529640615,3,0
1000,0,1,road_5_1_2_2,0.002080740872770548,3,0
1000,0,1,road_4_0_1_0,0.0,0,0
1000,0,1,road_4_0_1_1,-7.60469902161276e-06,3,0
1000,0,1,road_4_0_1_2,-0.0007492619333788753,3,0
1000,0,1,road_3_1_0_0,0.0,0,0
1000,0,1,road_3_1_0_1,0.002270305063575506,3,0
1000,0,1,road_3_1_0_2,0.002080740872770548,3,0
1000,0,1,road_4_3_3_0,0.0,0,0
1000,0,1,road_4_3_3_1,0.0030491254292428493,3,0
1000,0,1,road_4_3_3_2,0.002749118721112609,3,0
1000,0,1,road_5_2_2_0,0.0,0,0
1000,0,1,road_5_2_2_1,-8.9715304056881e-06,3,0
1000,0,1,road_5_2_2_2,4.056337638758123e-05,0,3
1000,0,1,road_4_1_1_0,0.0,0,0
1000,0,1,road_4_1_1_1,0.003049124963581562,3,0
1000,0,1,road_4_1_1_2,0.002749118721112609,3,0
1000,0,1,road_3_2_0_0,0.0,0,0
1000,0,1,road_3_2_0_1,-0.0018761223182082176,3,0
1000,0,1,road_3_2_0_2,-0.0008746672538109124,3,0
1000,0,1,road_4_4_3_0,0.0,0,0
1000,0,1,road_4_4_3_1,-0.004155547358095646,0,0
1000,0,1,road_4_4_3_2,-0.00020749750547111034,0,0
1000,0,1,road_5_3_2_0,0.0,0,0
1000,0,1,road_5_3_2_1,-2.0247913198545575e-05,0,0
1000,0,1,road_5_3_2_2,-0.0007565378909930587,0,0
1000,0,1,road_4_2_1_0,0.0,0,0
1000,0,1,road_4_2_1_1,0.00017052461043931544,3,0
1000,0,1,road_4_2_1_2,0.003130094613879919,0,3
1000,0,1,road_3_3_0_0,0.0,0,0
1000,0,1,road_3_3_0_1,-0.0005092955543659627,0,0
1000,0,1,road_3_3_0_2,-0.0004124068655073643,0,0
1000,0,1,road_4_5_3_0,0.0,0,0
1000,0,1,road_4_5_3_1,-0.004396316595375538,3,0
1000,0,1,road_4_5_3_2,-0.0020979002583771944,0,0
1000,0,1,road_5_4_2_0,0.0,0,0
1000,0,1,road_5_4_2_1,-2.2388558136299253e-05,0,0
1000,0,1,road_5_4_2_2,-0.0033177537843585014,0,0
1000,0,1,road_4_3_1_0,0.0,0,0
1000,0,1,road_4_3_1_1,0.00022345212346408516,3,0
1000,0,1,road_4_3_1_2,0.001684102462604642,0,3
1000,0,1,road_3_4_0_0,0.0,0,0
1000,0,1,road_3_4_0_1,-0.0033177537843585014,0,0
1000,0,1,road_3_4_0_2,-0.0035868650302290916,3,0
1200,0,0,road_1_2_3_0,0.0,0,0
1200,0,0,road_1_2_3_1,0.0007212099153548479,0,3
1200,0,0,road_1_2_3_2,-0.000787802622653544,0,0
1200,0,0,road_2_1_2_0,0.0,0,0
1200,0,0,road_2_1_2_1,-0.00044150487519800663,0,0
1200,0,0,road_2_1_2_2,-0.0003868303610943258,0,0
1200,0,0,road_1_0_1_0,0.0,0,0
1200,0,0,road_1_0_1_1,-0.0022110315039753914,0,0
1200,0,0,road_1_0_1_2,-0.0034436469431966543,0,0
1200,0,0,road_0_1_0_0,0.0,0,0
1200,0,0,road_0_1_0_1,-1.3960229807707947e-05,0,0
1200,0,0,road_0_1_0_2,-0.0002594345132820308,0,0
1200,0,0,road_1_3_3_0,0.0,0,0
1200,0,0,road_1_3_3_1,0.0037439935840666294,0,3
1200,0,0,road_1_3_3_2,-0.0016417650040239096,0,0
1200,0,0,road_2_2_2_0,0.0,0,0
1200,0,0,road_2_2_2_1,-0.003801594953984022,0,0
1200,0,0,road_2_2_2_2,-0.001432470278814435,0,0
1200,0,0,road_1_1_1_0,0.0,0,0
1200,0,0,road_1_1_1_1,6.921717431396246e-05,0,3
1200,0,0,road_1_1_1_2,-0.0022058971226215363,0,0
1200,0,0,road_0_2_0_0,0.0,0,0
1200,0,0,road_0_2_0_1,-1.5755613276269287e-05,0,0
1200,0,0,road_0_2_0_2,-0.001332428539171815,0,0
1200,0,0,road_1_4_3_0,0.0,0,0
1200,0,0,road_1_4_3_1,2.3713850168860517e-05,0,3
1200,0,0,road_1_4_3_2,0.004050019662827253,0,3
1200,0,0,road_2_3_2_0,0.0,0,0
1200,0,0,road_2_3_2_1,0.0019582374952733517,0,3
1200,0,0,road_2_3_2_2,0.0012235529720783234,0,3
1200,0,0,road_1_2_1_0,0.0,0,0
1200,0,0,road_1_2_1_1,0.002124175662174821,0,3
1200,0,0,road_1_2_1_2,0.005106186494231224,0,3
1200,0,0,road_0_3_0_0,0.0,0,0
1200,0,0,road_0_3_0_1,0.0019582374952733517,0,3
1200,0,0,road_0_3_0_2,0.0012235529720783234,0,3
1200,0,0,road_1_5_3_0,0.0,0,0
1200,0,0,road_1_5_3_1,-1.7189877326018177e-05,0,0
1200,0,0,road_1_5_3_2,-2.187724385294132e-05,0,0
1200,0,0,road_2_4_2_0,0.0,0,0
1200,0,0,road_2_4_2_1,0.0035297677386552095,0,3
1200,0,0,road_2_4_2_2,0.004294378682971001,0,3
1200,0,0,road_1_3_1_0,0.0,0,0
1200,0,0,road_1_3_1_1,0.0002742567448876798,0,3
1200,0,0,road_1_3_1_2,0.0019123423844575882,0,3
1200,0,0,road_0_4_0_0,0.0,0,0
1200,0,0,road_0_4_0_1,2.437173134239856e-05,0,3
1200,0,0,road_0_4_0_2,0.002960920799523592,0,3
1200,0,0,road_2_2_3_0,0.0,0,0
1200,0,0,road_2_2_3_1,0.0017173351952806115,0,3
1200,0,0,road_2_2_3_2,8.668799273436889e-05,0,3
1200,0,0,road_3_1_2_0,0.0,0,0
1200,0,0,road_3_1_2_1,0.0037766783498227596,0,3
1200,0,0,road_3_1_2_2,0.000627372064627707,0,3
1200,0,0,road_2_0_1_0,0.0,0,0
1200,0,0,road_2_0_1_1,0.0017173353116959333,0,3
1200,0,0,road_2_0_1_2,8.668801456224173e-05,0,3
1200,0,0,road_1_1_0_0,0.0,0,0
1200,0,0,road_1_1_0_1,6.350174226099625e-05,0,3
1200,0,0,road_1_1_0_2,-0.003680039895698428,0,0
1200,0,0,road_2_3_3_0,0.0,0,0
1200,0,0,road_2_3_3_1,0.0015535097336396575,0,3
1200,0,0,road_2_3_3_2,-6.602217035833746e-05,0,0
1200,0,0,road_3_2_2_0,0.0,0,0
1200,0,0,road_3_2_2_1,-0.003552407491952181,0,0
1200,0,0,road_3_2_2_2,0.0002292863791808486,0,3
1200,0,0,road_2_1_1_0,0.0,0,0
1200,0,0,road_2_1_1_1,0.0015535097336396575,0,3
1200,0,0,road_2_1_1_2,-6.602215580642223e-05,0,0
1200,0,0,road_1_2_0_0,0.0,0,0
1200,0,0,road_1_2_0_1,0.00020147002942394465,0,3
1200,0,0,road_1_2_0_2,0.003634566441178322,0,3
1200,0,0,road_2_4_3_0,0.0,0,0
1200,0,0,road_2_4_3_1,-0.00039046540041454136,0,0
1200,0,0,road_2_4_3_2,-0.00036292566801421344,0,0
1200,0,0,road_3_3_2_0,0.0,0,0
1200,0,0,road_3_3_2_1,-0.0008991963695734739,0,0
1200,0,0,road_3_3_2_2,0.0009581360500305891,0,3
1200,0,0,road_2_2_1_0,0.0,0,0
1200,0,0,road_2_2_1_1,-0.0003629255515988916,0,0
1200,0,0,road_2_2_1_2,-0.00039046554593369365,0,0
1200,0,0,road_1_3_0_0,0.0,0,0
1200,0,0,road_1_3_0_1,-0.0008991964859887958,0,0
1200,0,0,road_1_3_0_2,0.0009581361664459109,0,3
1200,0,0,road_2_5_3_0,0.0,0,0
1200,0,0,road_2_5_3_1,-0.00026827986584976315,0,0
1200,0,0,road_2_5_3_2,-0.00026827992405742407,0,0
1200,0,0,road_3_4_2_0,0.0,0,0
1200,0,0,road_3_4_2_1,-0.000968434673268348,0,0
1200,0,0,road_3_4_2_2,0.0008094933582469821,0,3
1200,0,0,road_2_3_1_0,0.0,0,0
1200,0,0,road_2_3_1_1,-0.00026827992405742407,0,0
1200,0,0,road_2_3_1_2,-0.000268279982265085,0,0
1200,0,0,road_1_4_0_0,0.0,0,0
1200,0,0,road_1_4_0_1,-0.0022142105735838413,0,0
1200,0,0,road_1_4_0_2,0.0007888427353464067,0,3
1200,0,0,road_3_2_3_0,0.0,0,0
1200,0,0,road_3_2_3_1,-0.0002682804479263723,0,0
1200,0,0,road_3_2_3_2,-0.0002682805643416941,0,0
1200,0,0,road_4_1_2_0,0.0,0,0
1200,0,0,road_4_1_2_1,0.0007888422114774585,0,3
1200,0,0,road_4_1_2_2,-0.0022142117377370596,0,0
1200,0,0,road_3_0_1_0,0.0,0,0
1200,0,0,road_3_0_1_1,-0.0002682804479263723,0,0
1200,0,0,road_3_0_1_2,-0.00026828053523786366,0,0
1200,0,0,road_2_1_0_0,0.0,0,0
1200,0,0,road_2_1_0_1,0.000809492776170373,0,3
1200,0,0,road_2_1_0_2,-0.0009684352553449571,0,0
1200,0,0,road_3_3_3_0,0.0,0,0
1200,0,0,road_3_3_3_1,0.0013992105377838016,0,3
1200,0,0,road_3_3_3_2,0.0001281346194446087,0,3
1200,0,0,road_4_2_2_0,0.0,0,0
1200,0,0,road_4_2_2_1,-0.0017053657211363316,0,0
1200,0,0,road_4_2_2_2,-0.0002812682359945029,0,0
1200,0,0,road_3_1_1_0,0.0,0,0
1200,0,0,road_3_1_1_1,0.0013992104213684797,0,3
1200,0,0,road_3_1_1_2,0.00012813456123694777,0,3
1200,0,0,road_2_2_0_0,0.0,0,0
1200,0,0,road_2_2_0_1,-0.0017053658375516534,0,0
1200,0,0,road_2_2_0_2,-0.000281268177786842,0,0
1200,0,0,road_3_4_3_0,0.0,0,0
1200,0,0,road_3_4_3_1,-0.0006340747931972146,0,0
1200,0,0,road_3_4_3_2,0.00024267574190162122,0,3
1200,0,0,road_4_3_2_0,0.0,0,0
1200,0,0,road_4_3_2_1,0.0008553285151720047,0,3
1200,0,0,road_4_3_2_2,2.1704574464820325e-05,0,3
1200,0,0,road_3_2_1_0,0.0,0,0
1200,0,0,road_3_2_1_1,-0.0006024850299581885,0,0
1200,0,0,road_3_2_1_2,0.00024110390222631395,0,3
1200,0,0,road_2_3_0_0,0.0,0,0
1200,0,0,road_2_3_0_1,2.1704574464820325e-05,0,3
1200,0,0,road_2_3_0_2,-0.0003796626697294414,0,0
1200,0,0,road_3_5_3_0,0.0,0,0
1200,0,0,road_3_5_3_1,0.0003491205279715359,0,3
1200,0,0,road_3_5_3_2,-0.0003138854226563126,0,0
1200,0,0,road_4_4_2_0,0.0,0,0
1200,0,0,road_4_4_2_1,-0.000296454323688522,0,0
1200,0,0,road_4_4_2_2,-0.00016176694771274924,0,0
1200,0,0,road_3_3_1_0,0.0,0,0
1200,0,0,road_3_3_1_1,0.0003491205570753664,0,3
1200,0,0,road_3_3_1_2,-0.00031388545176014304,0,0
1200,0,0,road_2_4_0_0,0.0,0,0
1200,0,0,road_2_4_0_1,-0.0004008601827081293,0,0
1200,0,0,road_2_4_0_2,-0.0002964544401038438,0,0
1200,0,0,road_4_2_3_0,0.0,0,0
1200,0,0,road_4_2_3_1,0.0036380160599946976,0,3
1200,0,0,road_4_2_3_2,0.005141584202647209,0,3
1200,0,0,road_5_1_2_0,0.0,0,0
1200,0,0,road_5_1_2_1,0.001970582641661167,0,3
1200,0,0,road_5_1_2_2,0.0012869657948613167,0,3
1200,0,0,road_4_0_1_0,0.0,0,0
1200,0,0,road_4_0_1_1,2.0467432477744296e-05,0,3
1200,0,0,road_4_0_1_2,0.0028119890484958887,0,3
1200,0,0,road_3_1_0_0,0.0,0,0
1200,0,0,road_3_1_0_1,0.001970582874491811,0,3
1200,0,0,road_3_1_0_2,0.0012869659112766385,0,3
1200,0,0,road_4_3_3_0,0.0,0,0
1200,0,0,road_4_3_3_1,0.0020168216433376074,0,3
1200,0,0,road_4_3_3_2,0.00069701939355582,0,3
1200,0,0,road_5_2_2_0,0.0,0,0
1200,0,0,road_5_2_2_1,9.706091987027321e-06,0,3
1200,0,0,road_5_2_2_2,-0.004719249438494444,0,0
1200,0,0,road_4_1_1_0,0.0,0,0
1200,0,0,road_4_1_1_1,0.0020168216433376074,0,3
1200,0,0,road_4_1_1_2,0.00069701939355582,0,3
1200,0,0,road_3_2_0_0,0.0,0,0
1200,0,0,road_3_2_0_1,0.0037390945944935083,0,3
1200,0,0,road_3_2_0_2,0.0003201718209311366,0,3
1200,0,0,road_4_4_3_0,0.0,0,0
1200,0,0,road_4_4_3_1,0.0020010736770927906,0,3
1200,0,0,road_4_4_3_2,0.0015939809381961823,0,3
1200,0,0,road_5_3_2_0,0.0,0,0
1200,0,0,road_5_3_2_1,2.904248503909912e-05,0,3
1200,0,0,road_5_3_2_2,0.0018681734800338745,0,3
1200,0,0,road_4_2_1_0,0.0,0,0
1200,0,0,road_4_2_1_1,0.0028824852779507637,0,3
1200,0,0,road_4_2_1_2,0.0025881880428642035,0,3
1200,0,0,road_3_3_0_0,0.0,0,0
1200,0,0,road_3_3_0_1,0.004082787316292524,0,3
1200,0,0,road_3_3_0_2,0.00475676916539669,0,3
1200,0,0,road_4_5_3_0,0.0,0,0
1200,0,0,road_4_5_3_1,0.00312057021073997,0,3
1200,0,0,road_4_5_3_2,-0.0005147603806108236,0,0
1200,0,0,road_5_4_2_0,0.0,0,0
1200,0,0,road_5_4_2_1,-1.5477346096304245e-05,0,0
1200,0,0,road_5_4_2_2,-0.0007992988685145974,0,0
1200,0,0,road_4_3_1_0,0.0,0,0
1200,0,0,road_4_3_1_1,0.00010691636271076277,0,3
1200,0,0,road_4_3_1_2,-0.003637359943240881,0,0
1200,0,0,road_3_4_0_0,0.0,0,0
1200,0,0,road_3_4_0_1,-0.0007992988685145974,0,0
1200,0,0,road_3_4_0_2,0.0007865810766816139,0,3
1200,0,1,road_1_2_3_0,0.0,0,0
1200,0,1,road_1_2_3_1,-0.005368671379983425,3,0
1200,0,1,road_1_2_3_2,-0.0005200066370889544,0,0
1200,0,1,road_2_1_2_0,0.0,0,0
1200,0,1,road_2_1_2_1,-0.0006265828269533813,0,0
1200,0,1,road_2_1_2_2,-0.0006387672037817538,0,0
1200,0,1,road_1_0_1_0,0.0,0,0
1200,0,1,road_1_0_1_1,0.0006358249811455607,0,3
1200,0,1,road_1_0_1_2,0.0030534514226019382,0,3
1200,0,1,road_0_1_0_0,0.0,0,0
1200,0,1,road_0_1_0_1,-1.6385954950237647e-05,0,0
1200,0,1,road_0_1_0_2,-0.00031898263841867447,0,0
1200,0,1,road_1_3_3_0,0.0,0,0
1200,0,1,road_1_3_3_1,-0.0011075094807893038,3,0
1200,0,1,road_1_3_3_2,0.00041279944707639515,0,3
1200,0,1,road_2_2_2_0,0.0,0,0
1200,0,1,road_2_2_2_1,0.00755086075514555,0,3
1200,0,1,road_2_2_2_2,0.00032891210867092013,0,3
1200,0,1,road_1_1_1_0,0.0,0,0
1200,0,1,road_1_1_1_1,-3.6596611607819796e-05,3,0
1200,0,1,road_1_1_1_2,-0.0009173584403470159,0,0
1200,0,1,road_0_2_0_0,0.0,0,0
1200,0,1,road_0_2_0_1,1.1090902262367308e-05,0,3
1200,0,1,road_0_2_0_2,-0.0033066063188016415,0,0
1200,0,1,road_1_4_3_0,0.0,0,0
1200,0,1,road_1_4_3_1,-5.915649580856552e-06,3,0
1200,0,1,road_1_4_3_2,-0.001339999376796186,3,0
1200,0,1,road_2_3_2_0,0.0,0,0
1200,0,1,road_2_3_2_1,0.0022292756475508213,3,0
1200,0,1,road_2_3_2_2,0.0020412025041878223,3,0
1200,0,1,road_1_2_1_0,0.0,0,0
1200,0,1,road_1_2_1_1,-0.0005788850830867887,3,0
1200,0,1,road_1_2_1_2,-0.001964600058272481,3,0
1200,0,1,road_0_3_0_0,0.0,0,0
1200,0,1,road_0_3_0_1,0.0022292756475508213,3,0
1200,0,1,road_0_3_0_2,0.002041202737018466,3,0
1200,0,1,road_1_5_3_0,0.0,0,0
1200,0,1,road_1_5_3_1,1.7752918211044744e-05,0,3
1200,0,1,road_1_5_3_2,0.0018979014130309224,0,3
1200,0,1,road_2_4_2_0,0.0,0,0
1200,0,1,road_2_4_2_1,-0.0027086574118584394,3,0
1200,0,1,road_2_4_2_2,-0.0026685327757149935,3,0
1200,0,1,road_1_3_1_0,0.0,0,0
1200,0,1,road_1_3_1_1,0.0032666162587702274,3,0
1200,0,1,road_1_3_1_2,0.0017284147907048464,3,0
1200,0,1,road_0_4_0_0,0.0,0,0
1200,0,1,road_0_4_0_1,-8.710452675586566e-06,3,0
1200,0,1,road_0_4_0_2,-0.0009337057708762586,3,0
1200,0,1,road_2_2_3_0,0.0,0,0
1200,0,1,road_2_2_3_1,0.0030994759872555733,3,0
1200,0,1,road_2_2_3_2,0.002796703018248081,3,0
1200,0,1,road_3_1_2_0,0.0,0,0
1200,0,1,road_3_1_2_1,-0.0020374811720103025,3,0
1200,0,1,road_3_1_2_2,-0.0009247688576579094,3,0
1200,0,1,road_2_0_1_0,0.0,0,0
1200,0,1,road_2_0_1_1,0.0030994759872555733,3,0
1200,0,1,road_2_0_1_2,0.002796703018248081,3,0
1200,0,1,road_1_1_0_0,0.0,0,0
1200,0,1,road_1_1_0_1,-0.0003021305310539901,3,0
1200,0,1,road_1_1_0_2,-6.416718861146364e-06,0,0
1200,0,1,road_2_3_3_0,0.0,0,0
1200,0,1,road_2_3_3_1,-0.005459222011268139,3,0
1200,0,1,road_2_3_3_2,-0.001280134660191834,0,0
1200,0,1,road_3_2_2_0,0.0,0,0
1200,0,1,road_3_2_2_1,-0.00043919950257986784,0,0
1200,0,1,road_3_2_2_2,-0.0002593137905932963,3,0
1200,0,1,road_2_1_1_0,0.0,0,0
1200,0,1,road_2_1_1_1,-0.005459222011268139,3,0
1200,0,1,road_2_1_1_2,-0.0012801347766071558,0,0
1200,0,1,road_1_2_0_0,0.0,0,0
1200,0,1,road_1_2_0_1,-0.0004322143504396081,3,0
1200,0,1,road_1_2_0_2,-0.0018285313853994012,3,0
1200,0,1,road_2_4_3_0,0.0,0,0
1200,0,1,road_2_4_3_1,0.0009124578209593892,0,3
1200,0,1,road_2_4_3_2,0.0008594444370828569,0,3
1200,0,1,road_3_3_2_0,0.0,0,0
1200,0,1,road_3_3_2_1,0.001863876124843955,0,3
1200,0,1,road_3_3_2_2,-0.0033398380037397146,3,0
1200,0,1,road_2_2_1_0,0.0,0,0
1200,0,1,road_2_2_1_1,0.0008594444370828569,0,3
1200,0,1,road_2_2_1_2,0.0009124575881287456,0,3
1200,0,1,road_1_3_0_0,0.0,0,0
1200,0,1,road_1_3_0_1,0.001863876124843955,0,3
1200,0,1,road_1_3_0_2,-0.0033398380037397146,3,0
1200,0,1,road_2_5_3_0,0.0,0,0
1200,0,1,road_2_5_3_1,-0.0003824442974291742,0,0
1200,0,1,road_2_5_3_2,-0.00038244432653300464,0,0
1200,0,1,road_3_4_2_0,0.0,0,0
1200,0,1,road_3_4_2_1,0.00017515957006253302,0,3
1200,0,1,road_3_4_2_2,-0.006255265325307846,3,0
1200,0,1,road_2_3_1_0,0.0,0,0
1200,0,1,road_2_3_1_1,-0.00038244423922151327,0,0
1200,0,1,road_2_3_1_2,-0.00038244426832534373,0,0
1200,0,1,road_1_4_0_0,0.0,0,0
1200,0,1,road_1_4_0_1,0.005831058602780104,0,3
1200,0,1,road_1_4_0_2,-0.0019676671363413334,3,0
1200,0,1,road_3_2_3_0,0.0,0,0
1200,0,1,road_3_2_3_1,-0.0003824435989372432,0,0
1200,0,1,road_3_2_3_2,-0.0003824436280410737,0,0
1200,0,1,road_4_1_2_0,0.0,0,0
1200,0,1,road_4_1_2_1,-0.0019676643423736095,3,0
1200,0,1,road_4_1_2_2,0.005831061862409115,0,3
1200,0,1,road_3_0_1_0,0.0,0,0
1200,0,1,road_3_0_1_1,-0.00038244356983341277,0,0
1200,0,1,road_3_0_1_2,-0.0003824436280410737,0,0
1200,0,1,road_2_1_0_0,0.0,0,0
1200,0,1,road_2_1_0_1,-0.006255263462662697,3,0
1200,0,1,road_2_1_0_2,0.00017516031221020967,0,3
1200,0,1,road_3_3_3_0,0.0,0,0
1200,0,1,road_3_3_3_1,0.0009673694148659706,3,0
1200,0,1,road_3_3_3_2,0.0038292836397886276,3,0
1200,0,1,road_4_2_2_0,0.0,0,0
1200,0,1,road_4_2_2_1,0.00037572981091216207,0,3
1200,0,1,road_4_2_2_2,-0.0002488967147655785,0,0
1200,0,1,road_3_1_1_0,0.0,0,0
1200,0,1,road_3_1_1_1,0.0009673694730736315,3,0
1200,0,1,road_3_1_1_2,0.0038292836397886276,3,0
1200,0,1,road_2_2_0_0,0.0,0,0
1200,0,1,road_2_2_0_1,0.00037572995643131435,0,3
1200,0,1,road_2_2_0_2,-0.0002488968020770699,0,0
1200,0,1,road_3_4_3_0,0.0,0,0
1200,0,1,road_3_4_3_1,-0.0007551522576250136,0,0
1200,0,1,road_3_4_3_2,-0.004908855073153973,3,0
1200,0,1,road_4_3_2_0,0.0,0,0
1200,0,1,road_4_3_2_1,-0.001543034566566348,3,0
1200,0,1,road_4_3_2_2,0.0003038934082724154,3,0
1200,0,1,road_3_2_1_0,0.0,0,0
1200,0,1,road_3_2_1_1,0.0015707043930888176,0,3
1200,0,1,road_3_2_1_2,-0.0018653259612619877,3,0
1200,0,1,road_2_3_0_0,0.0,0,0
1200,0,1,road_2_3_0_1,0.0003038934664800763,3,0
1200,0,1,road_2_3_0_2,0.002366689732298255,0,3
1200,0,1,road_3_5_3_0,0.0,0,0
1200,0,1,road_3_5_3_1,-0.007197132334113121,3,0
1200,0,1,road_3_5_3_2,-0.00044521380914375186,0,0
1200,0,1,road_4_4_2_0,0.0,0,0
1200,0,1,road_4_4_2_1,0.0003560702898539603,0,3
1200,0,1,road_4_4_2_2,-0.00032283811015076935,0,0
1200,0,1,road_3_3_1_0,0.0,0,0
1200,0,1,road_3_3_1_1,-0.007197132334113121,3,0
1200,0,1,road_3_3_1_2,-0.00044521380914375186,0,0
1200,0,1,road_2_4_0_0,0.0,0,0
1200,0,1,road_2_4_0_1,0.0009727053111419082,0,3
1200,0,1,road_2_4_0_2,0.00035607031895779073,0,3
1200,0,1,road_4_2_3_0,0.0,0,0
1200,0,1,road_4_2_3_1,-0.0013737836852669716,3,0
1200,0,1,road_4_2_3_2,-0.002029184717684984,3,0
1200,0,1,road_5_1_2_0,0.0,0,0
1200,0,1,road_5_1_2_1,0.0022698184475302696,3,0
1200,0,1,road_5_1_2_2,0.0020802703220397234,3,0
1200,0,1,road_4_0_1_0,0.0,0,0
1200,0,1,road_4_0_1_1,-6.138197932159528e-06,3,0
1200,0,1,road_4_0_1_2,-0.0007490876014344394,3,0
1200,0,1,road_3_1_0_0,0.0,0,0
1200,0,1,road_3_1_0_1,0.0022698184475302696,3,0
1200,0,1,road_3_1_0_2,0.0020802700892090797,3,0
1200,0,1,road_4_3_3_0,0.0,0,0
1200,0,1,road_4_3_3_1,0.0030029788613319397,3,0
1200,0,1,road_4_3_3_2,0.0024441275745630264,3,0
1200,0,1,road_5_2_2_0,0.0,0,0
1200,0,1,road_5_2_2_1,-7.1084486990002915e-06,3,0
1200,0,1,road_5_2_2_2,-0.002632168820127845,0,0
1200,0,1,road_4_1_1_0,0.0,0,0
1200,0,1,road_4_1_1_1,0.0030029788613319397,3,0
1200,0,1,road_4_1_1_2,0.0024441280402243137,3,0
1200,0,1,road_3_2_0_0,0.0,0,0
1200,0,1,road_3_2_0_1,-0.0018558659357950091,3,0
1200,0,1,road_3_2_0_2,-0.0025217225775122643,3,0
1200,0,1,road_4_4_3_0,0.0,0,0
1200,0,1,road_4_4_3_1,0.002253594808280468,3,0
1200,0,1,road_4_4_3_2,0.001761582912877202,3,0
1200,0,1,road_5_3_2_0,0.0,0,0
1200,0,1,road_5_3_2_1,-6.037359526089858e-06,3,0
1200,0,1,road_5_3_2_2,-0.00047514215111732483,3,0
1200,0,1,road_4_2_1_0,0.0,0,0
1200,0,1,road_4_2_1_1,0.0023219783324748278,3,0
1200,0,1,road_4_2_1_2,0.001444695983082056,3,0
1200,0,1,road_3_3_0_0,0.0,0,0
1200,0,1,road_3_3_0_1,-0.001411349861882627,3,0
1200,0,1,road_3_3_0_2,-0.002049699891358614,3,0
1200,0,1,road_4_5_3_0,0.0,0,0
1200,0,1,road_4_5_3_1,-0.004330795258283615,3,0
1200,0,1,road_4_5_3_2,-0.0021000998094677925,0,0
1200,0,1,road_5_4_2_0,0.0,0,0
1200,0,1,road_5_4_2_1,-1.8312923202756792e-05,0,0
1200,0,1,road_5_4_2_2,-0.0033532055094838142,0,0
1200,0,1,road_4_3_1_0,0.0,0,0
1200,0,1,road_4_3_1_1,0.00010067936091218144,3,0
1200,0,1,road_4_3_1_2,0.0016983069945126772,0,3
1200,0,1,road_3_4_0_0,0.0,0,0
1200,0,1,road_3_4_0_1,-0.0033532055094838142,0,0
1200,0,1,road_3_4_0_2,-0.003621606156229973,3,0
1400,0,0,road_1_2_3_0,0.0,0,0
1400,0,0,road_1_2_3_1,-0.0018151708645746112,0,0
1400,0,0,road_1_2_3_2,-0.0007328318315558136,0,0
1400,0,0,road_2_1_2_0,0.0,0,0
1400,0,0,road_2_1_2_1,-0.0007493518060073256,0,0
1400,0,0,road_2_1_2_2,-0.0007541754748672247,0,0
1400,0,0,road_1_0_1_0,0.0,0,0
1400,0,0,road_1_0_1_1,-0.0031202274840325117,0,3
1400,0,0,road_1_0_1_2,-0.001205893699079752,0,0
1400,0,0,road_0_1_0_0,0.0,0,0
1400,0,0,road_0_1_0_1,-1.771584175003227e-05,0,0
1400,0,0,road_0_1_0_2,-0.00032518990337848663,0,0
1400,0,0,road_1_3_3_0,0.0,0,0
1400,0,0,road_1_3_3_1,-0.0015476825647056103,0,0
1400,0,0,road_1_3_3_2,-0.0006371046183630824,0,0
1400,0,0,road_2_2_2_0,0.0,0,0
1400,0,0,road_2_2_2_1,0.003296094248071313,0,3
1400,0,0,road_2_2_2_2,-0.00032765045762062073,0,0
1400,0,0,road_1_1_1_0,0.0,0,0
1400,0,0,road_1_1_1_1,-2.7916939870920032e-05,0,0
1400,0,0,road_1_1_1_2,-0.0016280205454677343,0,0
1400,0,0,road_0_2_0_0,0.0,0,0
1400,0,0,road_0_2_0_1,9.01609928405378e-06,0,3
1400,0,0,road_0_2_0_2,-0.003183837980031967,0,0
1400,0,0,road_1_4_3_0,0.0,0,0
1400,0,0,road_1_4_3_1,2.647236397024244e-05,0,3
1400,0,0,road_1_4_3_2,0.003683937480673194,0,3
1400,0,0,road_2_3_2_0,0.0,0,0
1400,0,0,road_2_3_2_1,0.0019159794319421053,0,3
1400,0,0,road_2_3_2_2,0.0012059968430548906,0,3
1400,0,0,road_1_2_1_0,0.0,0,0
1400,0,0,road_1_2_1_1,0.0020219595171511173,0,3
1400,0,0,road_1_2_1_2,0.004558849614113569,0,3
1400,0,0,road_0_3_0_0,0.0,0,0
1400,0,0,road_0_3_0_1,0.0019159794319421053,0,3
1400,0,0,road_0_3_0_2,0.001205996610224247,0,3
1400,0,0,road_1_5_3_0,0.0,0,0
1400,0,0,road_1_5_3_1,-1.8879849449149333e-05,0,0
1400,0,0,road_1_5_3_2,-0.0011410544393584132,0,0
1400,0,0,road_2_4_2_0,0.0,0,0
1400,0,0,road_2_4_2_1,0.0031363931484520435,0,3
1400,0,0,road_2_4_2_2,0.00396556593477726,0,3
1400,0,0,road_1_3_1_0,0.0,0,0
1400,0,0,road_1_3_1_1,0.0001874029403552413,0,3
1400,0,0,road_1_3_1_2,0.0012851402861997485,0,3
1400,0,0,road_0_4_0_0,0.0,0,0
1400,0,0,road_0_4_0_1,3.0966908525442705e-05,0,3
1400,0,0,road_0_4_0_2,0.002950807102024555,0,3
1400,0,0,road_2_2_3_0,0.0,0,0
1400,0,0,road_2_2_3_1,0.001734958728775382,0,3
1400,0,0,road_2_2_3_2,0.0006499527953565121,0,3
1400,0,0,road_3_1_2_0,0.0,0,0
1400,0,0,road_3_1_2_1,-0.0036611303221434355,0,0
1400,0,0,road_3_1_2_2,0.0006532840197905898,0,3
1400,0,0,road_2_0_1_0,0.0,0,0
1400,0,0,road_2_0_1_1,0.0017405806574970484,0,3
1400,0,0,road_2_0_1_2,0.0006890813237987459,0,3
1400,0,0,road_1_1_0_0,0.0,0,0
1400,0,0,road_1_1_0_1,8.642738976050168e-05,0,3
1400,0,0,road_1_1_0_2,0.003797386772930622,0,3
1400,0,0,road_2_3_3_0,0.0,0,0
1400,0,0,road_2_3_3_1,0.0017199437133967876,0,3
1400,0,0,road_2_3_3_2,8.71372758410871e-05,0,3
1400,0,0,road_3_2_2_0,0.0,0,0
1400,0,0,road_3_2_2_1,-0.003784234868362546,0,0
1400,0,0,road_3_2_2_2,0.0006436138064600527,0,3
1400,0,0,road_2_1_1_0,0.0,0,0
1400,0,0,road_2_1_1_1,0.0017199435969814658,0,3
1400,0,0,road_2_1_1_2,8.713721035746858e-05,0,3
1400,0,0,road_1_2_0_0,0.0,0,0
1400,0,0,road_1_2_0_1,8.916758088162169e-05,0,3
1400,0,0,road_1_2_0_2,0.004075608216226101,0,3
1400,0,0,road_2_4_3_0,0.0,0,0
1400,0,0,road_2_4_3_1,0.0010714662494137883,0,3
1400,0,0,road_2_4_3_2,0.00011744833318516612,0,3
1400,0,0,road_3_3_2_0,0.0,0,0
1400,0,0,road_3_3_2_1,-0.001980699598789215,0,0
1400,0,0,road_3_3_2_2,-0.00026905699633061886,0,0
1400,0,0,road_2_2_1_0,0.0,0,0
1400,0,0,road_2_2_1_1,0.0010714661329984665,0,3
1400,0,0,road_2_2_1_2,0.00011744834773708135,0,3
1400,0,0,road_1_3_0_0,0.0,0,0
1400,0,0,road_1_3_0_1,-0.00048413267359137535,0,0
1400,0,0,road_1_3_0_2,0.00020284864876884967,0,3
1400,0,0,road_2_5_3_0,0.0,0,0
1400,0,0,road_2_5_3_1,-0.0003294475027360022,0,0
1400,0,0,road_2_5_3_2,-0.0003294475027360022,0,0
1400,0,0,road_3_4_2_0,0.0,0,0
1400,0,0,road_3_4_2_1,-0.0009703287505544722,0,0
1400,0,0,road_3_4_2_2,0.000798802066128701,0,3
1400,0,0,road_2_3_1_0,0.0,0,0
1400,0,0,road_2_3_1_1,3.421181463636458e-05,0,3
1400,0,0,road_2_3_1_2,3.421181463636458e-05,0,3
1400,0,0,road_1_4_0_0,0.0,0,0
1400,0,0,road_1_4_0_1,-0.0021055873949080706,0,0
1400,0,0,road_1_4_0_2,0.0007896363385953009,0,3
1400,0,0,road_3_2_3_0,0.0,0,0
1400,0,0,road_3_2_3_1,-0.00015364043065346777,0,0
1400,0,0,road_3_2_3_2,-0.00015364040154963732,0,0
1400,0,0,road_4_1_2_0,0.0,0,0
1400,0,0,road_4_1_2_1,0.000306599133182317,0,3
1400,0,0,road_4_1_2_2,-0.0005318560288287699,0,0
1400,0,0,road_3_0_1_0,0.0,0,0
1400,0,0,road_3_0_1_1,-0.000153640445205383,0,0
1400,0,0,road_3_0_1_2,-0.0001536404888611287,0,0
1400,0,0,road_2_1_0_0,0.0,0,0
1400,0,0,road_2_1_0_1,0.0003193665179423988,0,3
1400,0,0,road_2_1_0_2,-0.0005485001602210104,0,0
1400,0,0,road_3_3_3_0,0.0,0,0
1400,0,0,road_3_3_3_1,-0.0001607049780432135,0,0
1400,0,0,road_3_3_3_2,-0.00016070512356236577,0,0
1400,0,0,road_4_2_2_0,0.0,0,0
1400,0,0,road_4_2_2_1,0.00030690018320456147,0,3
1400,0,0,road_4_2_2_2,-0.0002681636833585799,0,0
1400,0,0,road_3_1_1_0,0.0,0,0
1400,0,0,road_3_1_1_1,-0.00016070500714704394,0,0
1400,0,0,road_3_1_1_2,-0.00016070506535470486,0,0
1400,0,0,road_2_2_0_0,0.0,0,0
1400,0,0,road_2_2_0_1,0.00030690027051605284,0,3
1400,0,0,road_2_2_0_2,-0.00026816336321644485,0,0
1400,0,0,road_3_4_3_0,0.0,0,0
1400,0,0,road_3_4_3_1,-0.0009011876536533237,0,0
1400,0,0,road_3_4_3_2,0.0007885118247941136,0,3
1400,0,0,road_4_3_2_0,0.0,0,0
1400,0,0,road_4_3_2_1,0.0008114377269521356,0,3
1400,0,0,road_4_3_2_2,2.9629933123942465e-05,0,3
1400,0,0,road_3_2_1_0,0.0,0,0
1400,0,0,road_3_2_1_1,-0.0009011876536533237,0,0
1400,0,0,road_3_2_1_2,0.0007885118830017745,0,3
1400,0,0,road_2_3_0_0,0.0,0,0
1400,0,0,road_2_3_0_1,2.9629904020112008e-05,0,3
1400,0,0,road_2_3_0_2,-0.00036267051473259926,0,0
1400,0,0,road_3_5_3_0,0.0,0,0
1400,0,0,road_3_5_3_1,0.0002968389599118382,0,3
1400,0,0,road_3_5_3_2,-0.0003260023659095168,0,0
1400,0,0,road_4_4_2_0,0.0,0,0
1400,0,0,road_4_4_2_1,2.363628300372511e-05,0,3
1400,0,0,road_4_4_2_2,-0.0002884565619751811,0,0
1400,0,0,road_3_3_1_0,0.0,0,0
1400,0,0,road_3_3_1_1,0.0002968389599118382,0,3
1400,0,0,road_3_3_1_2,-0.00032600213307887316,0,0
1400,0,0,road_2_4_0_0,0.0,0,0
1400,0,0,road_2_4_0_1,2.363624662393704e-05,0,3
1400,0,0,road_2_4_0_2,-0.0002884565037675202,0,0
1400,0,0,road_4_2_3_0,0.0,0,0
1400,0,0,road_4_2_3_1,0.003803415922448039,0,3
1400,0,0,road_4_2_3_2,0.005059696733951569,0,3
1400,0,0,road_5_1_2_0,0.0,0,0
1400,0,0,road_5_1_2_1,0.0019401547033339739,0,3
1400,0,0,road_5_1_2_2,0.0006697688950225711,0,3
1400,0,0,road_4_0_1_0,0.0,0,0
1400,0,0,road_4_0_1_1,1.8742983229458332e-05,0,3
1400,0,0,road_4_0_1_2,0.00371252978220582,0,3
1400,0,0,road_3_1_0_0,0.0,0,0
1400,0,0,road_3_1_0_1,0.0019401547033339739,0,3
1400,0,0,road_3_1_0_2,0.0006697687203995883,0,3
1400,0,0,road_4_3_3_0,0.0,0,0
1400,0,0,road_4_3_3_1,0.001966639421880245,0,3
1400,0,0,road_4_3_3_2,0.0007155119674280286,0,3
1400,0,0,road_5_2_2_0,0.0,0,0
1400,0,0,road_5_2_2_1,1.15454076876631e-05,0,3
1400,0,0,road_5_2_2_2,-0.0046214936301112175,0,0
1400,0,0,road_4_1_1_0,0.0,0,0
1400,0,0,road_4_1_1_1,0.001966639421880245,0,3
1400,0,0,road_4_1_1_2,0.0007155118510127068,0,3
1400,0,0,road_3_2_0_0,0.0,0,0
1400,0,0,road_3_2_0_1,0.0077060810290277,0,3
1400,0,0,road_3_2_0_2,0.00038372029666788876,0,3
1400,0,0,road_4_4_3_0,0.0,0,0
1400,0,0,road_4_4_3_1,0.0026125917211174965,0,3
1400,0,0,road_4_4_3_2,0.0015936315758153796,0,3
1400,0,0,road_5_3_2_0,0.0,0,0
1400,0,0,road_5_3_2_1,3.318787275929935e-05,0,3
1400,0,0,road_5_3_2_2,0.0017632939852774143,0,3
1400,0,0,road_4_2_1_0,0.0,0,0
1400,0,0,road_4_2_1_1,0.0028588157147169113,0,3
1400,0,0,road_4_2_1_2,0.001957900356501341,0,3
1400,0,0,road_3_3_0_0,0.0,0,0
1400,0,0,road_3_3_0_1,0.0037391032092273235,0,3
1400,0,0,road_3_3_0_2,0.0041809771209955215,0,3
1400,0,0,road_4_5_3_0,0.0,0,0
1400,0,0,road_4_5_3_1,0.0032043326646089554,0,3
1400,0,0,road_4_5_3_2,-0.0004494899185374379,0,0
1400,0,0,road_5_4_2_0,0.0,0,0
1400,0,0,road_5_4_2_1,-2.13895345950732e-05,0,0
1400,0,0,road_5_4_2_2,-0.0025228115264326334,0,0
1400,0,0,road_4_3_1_0,0.0,0,0
1400,0,0,road_4_3_1_1,5.6194374337792397e-05,0,3
1400,0,0,road_4_3_1_2,-0.0036515044048428535,0,0
1400,0,0,road_3_4_0_0,0.0,0,0
1400,0,0,road_3_4_0_1,0.00013772719830740243,0,3
1400,0,0,road_3_4_0_2,0.0010889404220506549,0,3
1400,0,1,road_1_2_3_0,0.0,0,0
1400,0,1,road_1_2_3_1,-0.004031273536384106,0,0
1400,0,1,road_1_2_3_2,-0.0007512603187933564,0,0
1400,0,1,road_2_1_2_0,0.0,0,0
1400,0,1,road_2_1_2_1,-0.000776028900872916,0,0
1400,0,1,road_2_1_2_2,-0.0007017169264145195,0,0
1400,0,1,road_1_0_1_0,0.0,0,0
1400,0,1,road_1_0_1_1,0.00018046906916424632,3,0
1400,0,1,road_1_0_1_2,0.002833008300513029,0,3
1400,0,1,road_0_1_0_0,0.0,0,0
1400,0,1,road_0_1_0_1,-1.7895921700983308e-05,0,0
1400,0,1,road_0_1_0_2,-0.0003143913927488029,0,0
1400,0,1,road_1_3_3_0,0.0,0,0
1400,0,1,road_1_3_3_1,0.0040296828374266624,0,3
1400,0,1,road_1_3_3_2,-0.000991147244349122,0,0
1400,0,1,road_2_2_2_0,0.0,0,0
1400,0,1,road_2_2_2_1,-0.0015545254573225975,3,0
1400,0,1,road_2_2_2_2,-0.00020508610759861767,0,0
1400,0,1,road_1_1_1_0,0.0,0,0
1400,0,1,road_1_1_1_1,2.229273559350986e-05,0,3
1400,0,1,road_1_1_1_2,-0.002482885029166937,0,0
1400,0,1,road_0_2_0_0,0.0,0,0
1400,0,1,road_0_2_0_1,-8.809022801870015e-06,3,0
1400,0,1,road_0_2_0_2,-0.0006078589940443635,0,0
1400,0,1,road_1_4_3_0,0.0,0,0
1400,0,1,road_1_4_3_1,-8.880855602910742e-06,3,0
1400,0,1,road_1_4_3_2,-0.0021629957482218742,3,0
1400,0,1,road_2_3_2_0,0.0,0,0
1400,0,1,road_2_3_2_1,0.0023348722606897354,3,0
1400,0,1,road_2_3_2_2,0.0021403166465461254,3,0
1400,0,1,road_1_2_1_0,0.0,0,0
1400,0,1,road_1_2_1_1,-0.0006203781813383102,3,0
1400,0,1,road_1_2_1_2,-0.002109407912939787,3,0
1400,0,1,road_0_3_0_0,0.0,0,0
1400,0,1,road_0_3_0_1,0.0023348722606897354,3,0
1400,0,1,road_0_3_0_2,0.0021403166465461254,3,0
1400,0,1,road_1_5_3_0,0.0,0,0
1400,0,1,road_1_5_3_1,1.882414289866574e-05,0,3
1400,0,1,road_1_5_3_2,0.002319262595847249,0,3
1400,0,1,road_2_4_2_0,0.0,0,0
1400,0,1,road_2_4_2_1,-0.0017441511154174805,3,0
1400,0,1,road_2_4_2_2,-0.002656480297446251,3,0
1400,0,1,road_1_3_1_0,0.0,0,0
1400,0,1,road_1_3_1_1,0.003826530184596777,3,0
1400,0,1,road_1_3_1_2,0.002876743208616972,3,0
1400,0,1,road_0_4_0_0,0.0,0,0
1400,0,1,road_0_4_0_1,-9.38521134230541e-06,3,0
1400,0,1,road_0_4_0_2,-0.0009333381894975901,3,0
1400,0,1,road_2_2_3_0,0.0,0,0
1400,0,1,road_2_2_3_1,0.0031659877859055996,3,0
1400,0,1,road_2_2_3_2,0.0020509229507297277,3,0
1400,0,1,road_3_1_2_0,0.0,0,0
1400,0,1,road_3_1_2_1,-0.00015617521421518177,0,0
1400,0,1,road_3_1_2_2,-0.0011910311877727509,3,0
1400,0,1,road_2_0_1_0,0.0,0,0
1400,0,1,road_2_0_1_1,0.0031704623252153397,3,0
1400,0,1,road_2_0_1_2,0.0026095411740243435,3,0
1400,0,1,road_1_1_0_0,0.0,0,0
1400,0,1,road_1_1_0_1,-0.00020595673413481563,3,0
1400,0,1,road_1_1_0_2,-0.002109378343448043,3,0
1400,0,1,road_2_3_3_0,0.0,0,0
1400,0,1,road_2_3_3_1,0.0031861988827586174,3,0
1400,0,1,road_2_3_3_2,0.0028131362050771713,3,0
1400,0,1,road_3_2_2_0,0.0,0,0
1400,0,1,road_3_2_2_1,-4.1052582673728466e-05,0,0
1400,0,1,road_3_2_2_2,-0.0006513185799121857,3,0
1400,0,1,road_2_1_1_0,0.0,0,0
1400,0,1,road_2_1_1_1,0.0031861988827586174,3,0
1400,0,1,road_2_1_1_2,0.0028131362050771713,3,0
1400,0,1,road_1_2_0_0,0.0,0,0
1400,0,1,road_1_2_0_1,-0.00022093983716331422,3,0
1400,0,1,road_1_2_0_2,-0.00291763455606997,3,0
1400,0,1,road_2_4_3_0,0.0,0,0
1400,0,1,road_2_4_3_1,0.001586282392963767,3,0
1400,0,1,road_2_4_3_2,0.0036598953884094954,3,0
1400,0,1,road_3_3_2_0,0.0,0,0
1400,0,1,road_3_3_2_1,-0.0005818192730657756,0,0
1400,0,1,road_3_3_2_2,0.0004647208843380213,0,3
1400,0,1,road_2_2_1_0,0.0,0,0
1400,0,1,road_2_2_1_1,0.0015862821601331234,3,0
1400,0,1,road_2_2_1_2,0.0036598958540707827,3,0
1400,0,1,road_1_3_0_0,0.0,0,0
1400,0,1,road_1_3_0_1,0.001165720634162426,0,3
1400,0,1,road_1_3_0_2,0.0019916966557502747,3,0
1400,0,1,road_2_5_3_0,0.0,0,0
1400,0,1,road_2_5_3_1,0.0010934185702353716,0,3
1400,0,1,road_2_5_3_2,0.0010934186866506934,0,3
1400,0,1,road_3_4_2_0,0.0,0,0
1400,0,1,road_3_4_2_1,-0.0007092824671417475,0,0
1400,0,1,road_3_4_2_2,-0.00501405680552125,3,0
1400,0,1,road_2_3_1_0,0.0,0,0
1400,0,1,road_2_3_1_1,0.0007374262786470354,3,0
1400,0,1,road_2_3_1_2,0.0007374262786470354,3,0
1400,0,1,road_1_4_0_0,0.0,0,0
1400,0,1,road_1_4_0_1,0.005200834013521671,0,3
1400,0,1,road_1_4_0_2,0.0001631852937862277,3,0
1400,0,1,road_3_2_3_0,0.0,0,0
1400,0,1,road_3_2_3_1,-0.0004021917120553553,0,0
1400,0,1,road_3_2_3_2,-0.0004021917993668467,0,0
1400,0,1,road_4_1_2_0,0.0,0,0
1400,0,1,road_4_1_2_1,-0.005060350522398949,3,0
1400,0,1,road_4_1_2_2,0.001679296256043017,0,3
1400,0,1,road_3_0_1_0,0.0,0,0
1400,0,1,road_3_0_1_1,-0.0004021918575745076,0,0
1400,0,1,road_3_0_1_2,-0.0004021918575745076,0,0
1400,0,1,road_2_1_0_0,0.0,0,0
1400,0,1,road_2_1_0_1,-0.0064808065071702,3,0
1400,0,1,road_2_1_0_2,0.0005351653089746833,0,3
1400,0,1,road_3_3_3_0,0.0,0,0
1400,0,1,road_3_3_3_1,-0.0003232965536881238,0,0
1400,0,1,road_3_3_3_2,-0.0003232965827919543,0,0
1400,0,1,road_4_2_2_0,0.0,0,0
1400,0,1,road_4_2_2_1,-0.0069821677170693874,3,0
1400,0,1,road_4_2_2_2,-0.00017046811990439892,0,0
1400,0,1,road_3_1_1_0,0.0,0,0
1400,0,1,road_3_1_1_1,-0.0003232965536881238,0,0
1400,0,1,road_3_1_1_2,-0.0003232965827919543,0,0
1400,0,1,road_2_2_0_0,0.0,0,0
1400,0,1,road_2_2_0_1,-0.0069821677170693874,3,0
1400,0,1,road_2_2_0_2,-0.00017046804714482278,0,0
1400,0,1,road_3_4_3_0,0.0,0,0
1400,0,1,road_3_4_3_1,0.0013468065299093723,0,3
1400,0,1,road_3_4_3_2,-0.0013263836735859513,3,0
1400,0,1,road_4_3_2_0,0.0,0,0
1400,0,1,road_4_3_2_1,-0.0015839391853660345,3,0
1400,0,1,road_4_3_2_2,0.00015737302601337433,3,0
1400,0,1,road_3_2_1_0,0.0,0,0
1400,0,1,road_3_2_1_1,0.0013468065299093723,0,3
1400,0,1,road_3_2_1_2,-0.0013263836735859513,3,0
1400,0,1,road_2_3_0_0,0.0,0,0
1400,0,1,road_2_3_0_1,0.00015737279318273067,3,0
1400,0,1,road_2_3_0_2,0.002267587697133422,0,3
1400,0,1,road_3_5_3_0,0.0,0,0
1400,0,1,road_3_5_3_1,-0.00581178767606616,3,0
1400,0,1,road_3_5_3_2,-0.0009789352770894766,0,0
1400,0,1,road_4_4_2_0,0.0,0,0
1400,0,1,road_4_4_2_1,0.0008608209318481386,3,0
1400,0,1,road_4_4_2_2,0.0011207417119294405,0,3
1400,0,1,road_3_3_1_0,0.0,0,0
1400,0,1,road_3_3_1_1,-0.0058117881417274475,3,0
1400,0,1,road_3_3_1_2,-0.0009789352770894766,0,0
1400,0,1,road_2_4_0_0,0.0,0,0
1400,0,1,road_2_4_0_1,0.0008608209900557995,3,0
1400,0,1,road_2_4_0_2,0.0011207418283447623,0,3
1400,0,1,road_4_2_3_0,0.0,0,0
1400,0,1,road_4_2_3_1,-0.002116859657689929,3,0
1400,0,1,road_4_2_3_2,-0.0016127591952681541,3,0
1400,0,1,road_5_1_2_0,0.0,0,0
1400,0,1,road_5_1_2_1,0.0023051954340189695,3,0
1400,0,1,road_5_1_2_2,0.0021116503048688173,3,0
1400,0,1,road_4_0_1_0,0.0,0,0
1400,0,1,road_4_0_1_1,-7.160288078011945e-06,3,0
1400,0,1,road_4_0_1_2,-0.0009682564414106309,3,0
1400,0,1,road_3_1_0_0,0.0,0,0
1400,0,1,road_3_1_0_1,0.0023051954340189695,3,0
1400,0,1,road_3_1_0_2,0.0021116503048688173,3,0
1400,0,1,road_4_3_3_0,0.0,0,0
1400,0,1,road_4_3_3_1,0.002745751291513443,3,0
1400,0,1,road_4_3_3_2,0.002332652686163783,3,0
1400,0,1,road_5_2_2_0,0.0,0,0
1400,0,1,road_5_2_2_1,-9.86170743999537e-06,3,0
1400,0,1,road_5_2_2_2,-0.002502097748219967,0,0
1400,0,1,road_4_1_1_0,0.0,0,0
1400,0,1,road_4_1_1_1,0.002745751291513443,3,0
1400,0,1,road_4_1_1_2,0.002332652686163783,3,0
1400,0,1,road_3_2_0_0,0.0,0,0
1400,0,1,road_3_2_0_1,-0.0021667475812137127,3,0
1400,0,1,road_3_2_0_2,-0.0025207563303411007,3,0
1400,0,1,road_4_4_3_0,0.0,0,0
1400,0,1,road_4_4_3_1,0.001543103950098157,3,0
1400,0,1,road_4_4_3_2,0.001874391920864582,3,0
1400,0,1,road_5_3_2_0,0.0,0,0
1400,0,1,road_5_3_2_1,-9.029558896145318e-06,3,0
1400,0,1,road_5_3_2_2,-0.0005099262925796211,3,0
1400,0,1,road_4_2_1_0,0.0,0,0
1400,0,1,road_4_2_1_1,0.0024432167410850525,3,0
1400,0,1,road_4_2_1_2,0.0023629008792340755,3,0
1400,0,1,road_3_3_0_0,0.0,0,0
1400,0,1,road_3_3_0_1,-0.002253924962133169,3,0
1400,0,1,road_3_3_0_2,-0.0021975834388285875,3,0
1400,0,1,road_4_5_3_0,0.0,0,0
1400,0,1,road_4_5_3_1,-0.0044924113899469376,3,0
1400,0,1,road_4_5_3_2,-0.0022722571156919003,0,0
1400,0,1,road_5_4_2_0,0.0,0,0
1400,0,1,road_5_4_2_1,-1.923411946336273e-05,0,0
1400,0,1,road_5_4_2_2,-0.004872944205999374,0,0
1400,0,1,road_4_3_1_0,0.0,0,0
1400,0,1,road_4_3_1_1,5.099884219816886e-05,3,0
1400,0,1,road_4_3_1_2,0.0015713281463831663,0,3
1400,0,1,road_3_4_0_0,0.0,0,0
1400,0,1,road_3_4_0_1,-0.00097759161144495,3,0
1400,0,1,road_3_4_0_2,-0.003828459419310093,3,0
1600,0,0,road_1_2_3_0,0.0,0,0
1600,0,0,road_1_2_3_1,-0.0007074553286656737,0,0
1600,0,0,road_1_2_3_2,-0.0007074554450809956,0,0
1600,0,0,road_2_1_2_0,0.0,0,0
1600,0,0,road_2_1_2_1,-0.0007780140149407089,0,0
1600,0,0,road_2_1_2_2,-0.0007852326380088925,0,0
1600,0,0,road_1_0_1_0,0.0,0,0
1600,0,0,road_1_0_1_1,-0.0013840337051078677,0,3
1600,0,0,road_1_0_1_2,-0.0013840335886925459,0,0
1600,0,0,road_0_1_0_0,0.0,0,0
1600,0,0,road_0_1_0_1,-1.9113223970634863e-05,0,0
1600,0,0,road_0_1_0_2,-0.0003501468163449317,0,0
1600,0,0,road_1_3_3_0,0.0,0,0
1600,0,0,road_1_3_3_1,-0.0008210784872062504,0,0
1600,0,0,road_1_3_3_2,0.0011209235526621342,0,3
1600,0,0,road_2_2_2_0,0.0,0,0
1600,0,0,road_2_2_2_1,0.0033316416665911674,0,3
1600,0,0,road_2_2_2_2,-0.00023111740301828831,0,0
1600,0,0,road_1_1_1_0,0.0,0,0
1600,0,0,road_1_1_1_1,-2.0690002202172764e-05,0,0
1600,0,0,road_1_1_1_2,-0.00021966984786558896,0,0
1600,0,0,road_0_2_0_0,0.0,0,0
1600,0,0,road_0_2_0_1,1.186600547953276e-05,0,3
1600,0,0,road_0_2_0_2,-0.0036478156689554453,0,0
1600,0,0,road_1_4_3_0,0.0,0,0
1600,0,0,road_1_4_3_1,2.5949137125280686e-05,0,3
1600,0,0,road_1_4_3_2,0.004253915511071682,0,3
1600,0,0,road_2_3_2_0,0.0,0,0
1600,0,0,road_2_3_2_1,0.0019619371742010117,0,3
1600,0,0,road_2_3_2_2,0.0012326198630034924,0,3
1600,0,0,road_1_2_1_0,0.0,0,0
1600,0,0,road_1_2_1_1,0.0014368563424795866,0,3
1600,0,0,road_1_2_1_2,0.004077457822859287,0,3
1600,0,0,road_0_3_0_0,0.0,0,0
1600,0,0,road_0_3_0_1,0.0019619371742010117,0,3
1600,0,0,road_0_3_0_2,0.0012326198630034924,0,3
1600,0,0,road_1_5_3_0,0.0,0,0
1600,0,0,road_1_5_3_1,-2.5624913178035058e-05,0,0
1600,0,0,road_1_5_3_2,-0.0002205900236731395,0,0
1600,0,0,road_2_4_2_0,0.0,0,0
1600,0,0,road_2_4_2_1,0.003331867279484868,0,3
1600,0,0,road_2_4_2_2,-0.00023160756973084062,0,0
1600,0,0,road_1_3_1_0,0.0,0,0
1600,0,0,road_1_3_1_1,-0.0008217768045142293,0,0
1600,0,0,road_1_3_1_2,0.0011205782648175955,0,3
1600,0,0,road_0_4_0_0,0.0,0,0
1600,0,0,road_0_4_0_1,9.603982107364573e-06,0,3
1600,0,0,road_0_4_0_2,-0.0036477723624557257,0,0
1600,0,0,road_2_2_3_0,0.0,0,0
1600,0,0,road_2_2_3_1,0.0016988255083560944,0,3
1600,0,0,road_2_2_3_2,8.322319627040997e-05,0,3
1600,0,0,road_3_1_2_0,0.0,0,0
1600,0,0,road_3_1_2_1,0.0032991175539791584,0,3
1600,0,0,road_3_1_2_2,-6.042906898073852e-05,0,0
1600,0,0,road_2_0_1_0,0.0,0,0
1600,0,0,road_2_0_1_1,0.0016988255083560944,0,3
1600,0,0,road_2_0_1_2,8.322314533870667e-05,0,3
1600,0,0,road_1_1_0_0,0.0,0,0
1600,0,0,road_1_1_0_1,4.601122418534942e-05,0,3
1600,0,0,road_1_1_0_2,-0.003601615782827139,0,0
1600,0,0,road_2_3_3_0,0.0,0,0
1600,0,0,road_2_3_3_1,0.001640111906453967,0,3
1600,0,0,road_2_3_3_2,9.25901040318422e-05,0,3
1600,0,0,road_3_2_2_0,0.0,0,0
1600,0,0,road_3_2_2_1,0.0031190505251288414,0,3
1600,0,0,road_3_2_2_2,-0.000458540947875008,0,0
1600,0,0,road_2_1_1_0,0.0,0,0
1600,0,0,road_2_1_1_1,0.001640111906453967,0,3
1600,0,0,road_2_1_1_2,9.259009675588459e-05,0,3
1600,0,0,road_1_2_0_0,0.0,0,0
1600,0,0,road_1_2_0_1,2.4523045794921927e-05,0,3
1600,0,0,road_1_2_0_2,-0.007059306371957064,0,0
1600,0,0,road_2_4_3_0,0.0,0,0
1600,0,0,road_2_4_3_1,0.00126458250451833,0,3
1600,0,0,road_2_4_3_2,7.189109601313248e-05,0,3
1600,0,0,road_3_3_2_0,0.0,0,0
1600,0,0,road_3_3_2_1,-0.0008753110887482762,0,0
1600,0,0,road_3_3_2_2,-0.0013599616941064596,0,0
1600,0,0,road_2_2_1_0,0.0,0,0
1600,0,0,road_2_2_1_1,0.0012645823881030083,0,3
1600,0,0,road_2_2_1_2,7.189102325355634e-05,0,3
1600,0,0,road_1_3_0_0,0.0,0,0
1600,0,0,road_1_3_0_1,0.0009780263062566519,0,3
1600,0,0,road_1_3_0_2,0.0006590669509023428,0,3
1600,0,0,road_2_5_3_0,0.0,0,0
1600,0,0,road_2_5_3_1,-0.0003260017838329077,0,0
1600,0,0,road_2_5_3_2,-0.0003260017838329077,0,0
1600,0,0,road_3_4_2_0,0.0,0,0
1600,0,0,road_3_4_2_1,-0.0002884555433411151,0,0
1600,0,0,road_3_4_2_2,-0.00028845551423728466,0,0
1600,0,0,road_2_3_1_0,0.0,0,0
1600,0,0,road_2_3_1_1,0.00029683965840376914,0,3
1600,0,0,road_2_3_1_2,0.0002968396292999387,0,3
1600,0,0,road_1_4_0_0,0.0,0,0
1600,0,0,road_1_4_0_1,2.3637279809918255e-05,0,3
1600,0,0,road_1_4_0_2,2.363722160225734e-05,0,3
1600,0,0,road_3_2_3_0,0.0,0,0
1600,0,0,road_3_2_3_1,0.0002968389599118382,0,3
1600,0,0,road_3_2_3_2,-0.0003260023659095168,0,0
1600,0,0,road_4_1_2_0,0.0,0,0
1600,0,0,road_4_1_2_1,2.363628300372511e-05,0,3
1600,0,0,road_4_1_2_2,-0.0002884565619751811,0,0
1600,0,0,road_3_0_1_0,0.0,0,0
1600,0,0,road_3_0_1_1,0.0002968389599118382,0,3
1600,0,0,road_3_0_1_2,-0.00032600213307887316,0,0
1600,0,0,road_2_1_0_0,0.0,0,0
1600,0,0,road_2_1_0_1,2.363624662393704e-05,0,3
1600,0,0,road_2_1_0_2,-0.0002884565037675202,0,0
1600,0,0,road_3_3_3_0,0.0,0,0
1600,0,0,road_3_3_3_1,-0.0001607049780432135,0,0
1600,0,0,road_3_3_3_2,-0.00016070512356236577,0,0
1600,0,0,road_4_2_2_0,0.0,0,0
1600,0,0,road_4_2_2_1,0.00030690018320456147,0,3
1600,0,0,road_4_2_2_2,-0.0002681636833585799,0,0
1600,0,0,road_3_1_1_0,0.0,0,0
1600,0,0,road_3_1_1_1,-0.00016070500714704394,0,0
1600,0,0,road_3_1_1_2,-0.00016070506535470486,0,0
1600,0,0,road_2_2_0_0,0.0,0,0
1600,0,0,road_2_2_0_1,0.00030690027051605284,0,3
1600,0,0,road_2_2_0_2,-0.00026816336321644485,0,0
1600,0,0,road_3_4_3_0,0.0,0,0
1600,0,0,road_3_4_3_1,0.000807686650659889,0,3
1600,0,0,road_3_4_3_2,8.617412822786719e-05,0,3
1600,0,0,road_4_3_2_0,0.0,0,0
1600,0,0,road_4_3_2_1,0.0007361654425039887,0,3
1600,0,0,road_4_3_2_2,0.0007361655007116497,0,3
1600,0,0,road_3_2_1_0,0.0,0,0
1600,0,0,road_3_2_1_1,8.617401908850297e-05,0,3
1600,0,0,road_3_2_1_2,-0.00027740857331082225,0,0
1600,0,0,road_2_3_0_0,0.0,0,0
1600,0,0,road_2_3_0_1,-0.0009054121328517795,0,0
1600,0,0,road_2_3_0_2,-0.0009054122492671013,0,0
1600,0,0,road_3_5_3_0,0.0,0,0
1600,0,0,road_3_5_3_1,0.000244157767156139,0,3
1600,0,0,road_3_5_3_2,-0.0003380726557224989,0,0
1600,0,0,road_4_4_2_0,0.0,0,0
1600,0,0,road_4_4_2_1,1.9936567696277052e-05,0,3
1600,0,0,road_4_4_2_2,-0.0004315750556997955,0,0
1600,0,0,road_3_3_1_0,0.0,0,0
1600,0,0,road_3_3_1_1,0.000244157767156139,0,3
1600,0,0,road_3_3_1_2,-0.0003380726557224989,0,0
1600,0,0,road_2_4_0_0,0.0,0,0
1600,0,0,road_2_4_0_1,0.00044147850712761283,0,3
1600,0,0,road_2_4_0_2,1.9936553144361824e-05,0,3
1600,0,0,road_4_2_3_0,0.0,0,0
1600,0,0,road_4_2_3_1,0.0031588783022016287,0,3
1600,0,0,road_4_2_3_2,-0.00038007006514817476,0,0
1600,0,0,road_5_1_2_0,0.0,0,0
1600,0,0,road_5_1_2_1,0.0019776623230427504,0,3
1600,0,0,road_5_1_2_2,0.0006857130792923272,0,3
1600,0,0,road_4_0_1_0,0.0,0,0
1600,0,0,road_4_0_1_1,1.0093004675582051e-05,0,3
1600,0,0,road_4_0_1_2,-0.0047203972935676575,0,0
1600,0,0,road_3_1_0_0,0.0,0,0
1600,0,0,road_3_1_0_1,0.0019776623230427504,0,3
1600,0,0,road_3_1_0_2,0.0006857130792923272,0,3
1600,0,0,road_4_3_3_0,0.0,0,0
1600,0,0,road_4_3_3_1,-0.0005758695770055056,0,0
1600,0,0,road_4_3_3_2,1.3199402019381523e-05,0,3
1600,0,0,road_5_2_2_0,0.0,0,0
1600,0,0,road_5_2_2_1,-1.4052207006898243e-05,0,0
1600,0,0,road_5_2_2_2,-0.0010298029519617558,0,0
1600,0,0,road_4_1_1_0,0.0,0,0
1600,0,0,road_4_1_1_1,-0.0005758695770055056,0,0
1600,0,0,road_4_1_1_2,1.3199198292568326e-05,0,3
1600,0,0,road_3_2_0_0,0.0,0,0
1600,0,0,road_3_2_0_1,-0.001029802835546434,0,0
1600,0,0,road_3_2_0_2,-4.340241866884753e-05,0,0
1600,0,0,road_4_4_3_0,0.0,0,0
1600,0,0,road_4_4_3_1,0.0040170238353312016,0,3
1600,0,0,road_4_4_3_2,0.0014094418147578835,0,3
1600,0,0,road_5_3_2_0,0.0,0,0
1600,0,0,road_5_3_2_1,2.9115921279299073e-05,0,3
1600,0,0,road_5_3_2_2,0.0016389847733080387,0,3
1600,0,0,road_4_2_1_0,0.0,0,0
1600,0,0,road_4_2_1_1,0.002538615372031927,0,3
1600,0,0,road_4_2_1_2,0.0018538783770054579,0,3
1600,0,0,road_3_3_0_0,0.0,0,0
1600,0,0,road_3_3_0_1,0.004262156318873167,0,3
1600,0,0,road_3_3_0_2,0.004092618357390165,0,3
1600,0,0,road_4_5_3_0,0.0,0,0
1600,0,0,road_4_5_3_1,-0.0010310123907402158,0,0
1600,0,0,road_4_5_3_2,-0.00038709654472768307,0,0
1600,0,0,road_5_4_2_0,0.0,0,0
1600,0,0,road_5_4_2_1,1.8412440113024786e-05,0,3
1600,0,0,road_5_4_2_2,0.003902384079992771,0,3
1600,0,0,road_4_3_1_0,0.0,0,0
1600,0,0,road_4_3_1_1,-4.982747122994624e-05,0,0
1600,0,0,road_4_3_1_2,-0.001031012972816825,0,0
1600,0,0,road_3_4_0_0,0.0,0,0
1600,0,0,road_3_4_0_1,-0.0022462152410298586,0,0
1600,0,0,road_3_4_0_2,0.001515620737336576,0,3
1600,0,1,road_1_2_3_0,0.0,0,0
1600,0,1,road_1_2_3_1,-0.0010495488531887531,0,0
1600,0,1,road_1_2_3_2,-0.0006834876840002835,0,0
1600,0,1,road_2_1_2_0,0.0,0,0
1600,0,1,road_2_1_2_1,-0.0007462299545295537,0,0
1600,0,1,road_2_1_2_2,-0.000751179235521704,0,0
1600,0,1,road_1_0_1_0,0.0,0,0
1600,0,1,road_1_0_1_1,-0.0057255420833826065,3,0
1600,0,1,road_1_0_1_2,-0.0034781312569975853,0,0
1600,0,1,road_0_1_0_0,0.0,0,0
1600,0,1,road_0_1_0_1,-1.7062797269318253e-05,0,0
1600,0,1,road_0_1_0_2,-0.0003135782026220113,0,0
1600,0,1,road_1_3_3_0,0.0,0,0
1600,0,1,road_1_3_3_1,-0.0014795964816585183,0,0
1600,0,1,road_1_3_3_2,-0.0032402249053120613,3,0
1600,0,1,road_2_2_2_0,0.0,0,0
1600,0,1,road_2_2_2_1,-0.002843296155333519,3,0
1600,0,1,road_2_2_2_2,-0.0016599900554865599,0,0
1600,0,1,road_1_1_1_0,0.0,0,0
1600,0,1,road_1_1_1_1,-1.5955849448801018e-05,0,0
1600,0,1,road_1_1_1_2,-0.001610282575711608,0,0
1600,0,1,road_0_2_0_0,0.0,0,0
1600,0,1,road_0_2_0_1,9.653319466451649e-06,3,0
1600,0,1,road_0_2_0_2,0.0017434863839298487,0,3
1600,0,1,road_1_4_3_0,0.0,0,0
1600,0,1,road_1_4_3_1,-6.5584426920395344e-06,3,0
1600,0,1,road_1_4_3_2,-0.0019812388345599174,3,0
1600,0,1,road_2_3_2_0,0.0,0,0
1600,0,1,road_2_3_2_1,0.0021784487180411816,3,0
1600,0,1,road_2_3_2_2,0.0019973067101091146,3,0
1600,0,1,road_1_2_1_0,0.0,0,0
1600,0,1,road_1_2_1_1,-0.00046374346129596233,3,0
1600,0,1,road_1_2_1_2,-0.001502016093581915,3,0
1600,0,1,road_0_3_0_0,0.0,0,0
1600,0,1,road_0_3_0_1,0.0021784487180411816,3,0
1600,0,1,road_0_3_0_2,0.0019973069429397583,3,0
1600,0,1,road_1_5_3_0,0.0,0,0
1600,0,1,road_1_5_3_1,-1.9763707314268686e-05,0,0
1600,0,1,road_1_5_3_2,-0.0016114829340949655,0,0
1600,0,1,road_2_4_2_0,0.0,0,0
1600,0,1,road_2_4_2_1,-0.002842343645170331,3,0
1600,0,1,road_2_4_2_2,-0.0016601005336269736,0,0
1600,0,1,road_1_3_1_0,0.0,0,0
1600,0,1,road_1_3_1_1,-0.0014800317585468292,0,0
1600,0,1,road_1_3_1_2,-0.003241325728595257,3,0
1600,0,1,road_0_4_0_0,0.0,0,0
1600,0,1,road_0_4_0_1,7.797956641297787e-06,3,0
1600,0,1,road_0_4_0_2,0.0017436565831303596,0,3
1600,0,1,road_2_2_3_0,0.0,0,0
1600,0,1,road_2_2_3_1,0.002266249153763056,3,0
1600,0,1,road_2_2_3_2,0.0031876270659267902,3,0
1600,0,1,road_3_1_2_0,0.0,0,0
1600,0,1,road_3_1_2_1,-0.0010837225709110498,3,0
1600,0,1,road_3_1_2_2,0.00026823364896699786,0,3
1600,0,1,road_2_0_1_0,0.0,0,0
1600,0,1,road_2_0_1_1,0.0022662493865936995,3,0
1600,0,1,road_2_0_1_2,0.0031876270659267902,3,0
1600,0,1,road_1_1_0_0,0.0,0,0
1600,0,1,road_1_1_0_1,-0.00016219679673667997,3,0
1600,0,1,road_1_1_0_2,-0.000739548122510314,0,0
1600,0,1,road_2_3_3_0,0.0,0,0
1600,0,1,road_2_3_3_1,0.0021953536197543144,3,0
1600,0,1,road_2_3_3_2,0.0031068234238773584,3,0
1600,0,1,road_3_2_2_0,0.0,0,0
1600,0,1,road_3_2_2_1,-0.0012042000889778137,3,0
1600,0,1,road_3_2_2_2,8.774518209975213e-05,0,3
1600,0,1,road_2_1_1_0,0.0,0,0
1600,0,1,road_2_1_1_1,0.002195353852584958,3,0
1600,0,1,road_2_1_1_2,0.003106823656708002,3,0
1600,0,1,road_1_2_0_0,0.0,0,0
1600,0,1,road_1_2_0_1,-8.503660501446575e-05,3,0
1600,0,1,road_1_2_0_2,-0.002572659868746996,0,0
1600,0,1,road_2_4_3_0,0.0,0,0
1600,0,1,road_2_4_3_1,0.0034102213103324175,3,0
1600,0,1,road_2_4_3_2,0.0031659197993576527,3,0
1600,0,1,road_3_3_2_0,0.0,0,0
1600,0,1,road_3_3_2_1,-0.0009239638457074761,0,0
1600,0,1,road_3_3_2_2,0.001131140859797597,0,3
1600,0,1,road_2_2_1_0,0.0,0,0
1600,0,1,road_2_2_1_1,0.0034102213103324175,3,0
1600,0,1,road_2_2_1_2,0.0031659197993576527,3,0
1600,0,1,road_1_3_0_0,0.0,0,0
1600,0,1,road_1_3_0_1,-0.0029540229588747025,3,0
1600,0,1,road_1_3_0_2,-0.0005400711670517921,3,0
1600,0,1,road_2_5_3_0,0.0,0,0
1600,0,1,road_2_5_3_1,-0.0009789352770894766,0,0
1600,0,1,road_2_5_3_2,-0.0009789352770894766,0,0
1600,0,1,road_3_4_2_0,0.0,0,0
1600,0,1,road_3_4_2_1,0.0011207417119294405,0,3
1600,0,1,road_3_4_2_2,0.0011207415955141187,0,3
1600,0,1,road_2_3_1_0,0.0,0,0
1600,0,1,road_2_3_1_1,-0.005811787210404873,3,0
1600,0,1,road_2_3_1_2,-0.005811787210404873,3,0
1600,0,1,road_1_4_0_0,0.0,0,0
1600,0,1,road_1_4_0_1,0.0008608218049630523,3,0
1600,0,1,road_1_4_0_2,0.0008608218049630523,3,0
1600,0,1,road_3_2_3_0,0.0,0,0
1600,0,1,road_3_2_3_1,-0.00581178767606616,3,0
1600,0,1,road_3_2_3_2,-0.0009789352770894766,0,0
1600,0,1,road_4_1_2_0,0.0,0,0
1600,0,1,road_4_1_2_1,0.0008608209318481386,3,0
1600,0,1,road_4_1_2_2,0.0011207417119294405,0,3
1600,0,1,road_3_0_1_0,0.0,0,0
1600,0,1,road_3_0_1_1,-0.0058117881417274475,3,0
1600,0,1,road_3_0_1_2,-0.0009789352770894766,0,0
1600,0,1,road_2_1_0_0,0.0,0,0
1600,0,1,road_2_1_0_1,0.0008608209900557995,3,0
1600,0,1,road_2_1_0_2,0.0011207418283447623,0,3
1600,0,1,road_3_3_3_0,0.0,0,0
1600,0,1,road_3_3_3_1,-0.0003232965536881238,0,0
1600,0,1,road_3_3_3_2,-0.0003232965827919543,0,0
1600,0,1,road_4_2_2_0,0.0,0,0
1600,0,1,road_4_2_2_1,-0.0069821677170693874,3,0
1600,0,1,road_4_2_2_2,-0.00017046811990439892,0,0
1600,0,1,road_3_1_1_0,0.0,0,0
1600,0,1,road_3_1_1_1,-0.0003232965536881238,0,0
1600,0,1,road_3_1_1_2,-0.0003232965827919543,0,0
1600,0,1,road_2_2_0_0,0.0,0,0
1600,0,1,road_2_2_0_1,-0.0069821677170693874,3,0
1600,0,1,road_2_2_0_2,-0.00017046804714482278,0,0
1600,0,1,road_3_4_3_0,0.0,0,0
1600,0,1,road_3_4_3_1,-0.0015804136637598276,3,0
1600,0,1,road_3_4_3_2,-0.0007113661267794669,3,0
1600,0,1,road_4_3_2_0,0.0,0,0
1600,0,1,road_4_3_2_1,-0.0017072877380996943,3,0
1600,0,1,road_4_3_2_2,-0.0017072877380996943,3,0
1600,0,1,road_3_2_1_0,0.0,0,0
1600,0,1,road_3_2_1_1,-0.000711366068571806,3,0
1600,0,1,road_3_2_1_2,0.0008623600588180125,0,3
1600,0,1,road_2_3_0_0,0.0,0,0
1600,0,1,road_2_3_0_1,0.00141723093111068,0,3
1600,0,1,road_2_3_0_2,0.0014172306982800364,0,3
1600,0,1,road_3_5_3_0,0.0,0,0
1600,0,1,road_3_5_3_1,-0.005369648337364197,3,0
1600,0,1,road_3_5_3_2,-0.0012724611442536116,0,0
1600,0,1,road_4_4_2_0,0.0,0,0
1600,0,1,road_4_4_2_1,0.00016361360030714422,3,0
1600,0,1,road_4_4_2_2,0.0022961387876421213,0,3
1600,0,1,road_3_3_1_0,0.0,0,0
1600,0,1,road_3_3_1_1,-0.005369648337364197,3,0
1600,0,1,road_3_3_1_2,-0.0012724611442536116,0,0
1600,0,1,road_2_4_0_0,0.0,0,0
1600,0,1,road_2_4_0_1,-0.0019578333012759686,3,0
1600,0,1,road_2_4_0_2,0.0001636137894820422,3,0
1600,0,1,road_4_2_3_0,0.0,0,0
1600,0,1,road_4_2_3_1,-0.0012918575666844845,3,0
1600,0,1,road_4_2_3_2,0.0003627260448411107,0,3
1600,0,1,road_5_1_2_0,0.0,0,0
1600,0,1,road_5_1_2_1,0.002408545697107911,3,0
1600,0,1,road_5_1_2_2,0.0028926904778927565,3,0
1600,0,1,road_4_0_1_0,0.0,0,0
1600,0,1,road_4_0_1_1,-9.157419299299363e-06,3,0
1600,0,1,road_4_0_1_2,-0.0012918576830998063,0,0
1600,0,1,road_3_1_0_0,0.0,0,0
1600,0,1,road_3_1_0_1,0.002408545697107911,3,0
1600,0,1,road_3_1_0_2,0.0028926904778927565,3,0
1600,0,1,road_4_3_3_0,0.0,0,0
1600,0,1,road_4_3_3_1,0.00015139613242354244,0,3
1600,0,1,road_4_3_3_2,-0.005813227035105228,3,0
1600,0,1,road_5_2_2_0,0.0,0,0
1600,0,1,road_5_2_2_1,-1.7521510017104447e-05,0,0
1600,0,1,road_5_2_2_2,-0.00046978937461972237,0,0
1600,0,1,road_4_1_1_0,0.0,0,0
1600,0,1,road_4_1_1_1,0.00015139607421588153,0,3
1600,0,1,road_4_1_1_2,-0.005813227500766516,3,0
1600,0,1,road_3_2_0_0,0.0,0,0
1600,0,1,road_3_2_0_1,-0.0004697891999967396,0,0
1600,0,1,road_3_2_0_2,0.000892407086212188,0,3
1600,0,1,road_4_4_3_0,0.0,0,0
1600,0,1,road_4_4_3_1,0.0011314608855172992,3,0
1600,0,1,road_4_4_3_2,0.0017284899950027466,3,0
1600,0,1,road_5_3_2_0,0.0,0,0
1600,0,1,road_5_3_2_1,-7.088373422448058e-06,3,0
1600,0,1,road_5_3_2_2,-0.0004995290655642748,3,0
1600,0,1,road_4_2_1_0,0.0,0,0
1600,0,1,road_4_2_1_1,0.0023906417191028595,3,0
1600,0,1,road_4_2_1_2,0.0022957269102334976,3,0
1600,0,1,road_3_3_0_0,0.0,0,0
1600,0,1,road_3_3_0_1,-0.002199252136051655,3,0
1600,0,1,road_3_3_0_2,-0.0016698273830115795,3,0
1600,0,1,road_4_5_3_0,0.0,0,0
1600,0,1,road_4_5_3_1,0.004798435140401125,0,3
1600,0,1,road_4_5_3_2,0.0014526161830872297,0,3
1600,0,1,road_5_4_2_0,0.0,0,0
1600,0,1,road_5_4_2_1,-8.5770925579709e-06,3,0
1600,0,1,road_5_4_2_2,-0.002222803421318531,3,0
1600,0,1,road_4_3_1_0,0.0,0,0
1600,0,1,road_4_3_1_1,5.1068160246359184e-05,0,3
1600,0,1,road_4_3_1_2,-0.0007414382416754961,0,0
1600,0,1,road_3_4_0_0,0.0,0,0
1600,0,1,road_3_4_0_1,-0.00217914255335927,0,0
1600,0,1,road_3_4_0_2,-0.002027922309935093,3,0
1800,0,0,road_1_2_3_0,0.0,0,0
1800,0,0,road_1_2_3_1,-0.0014529755571857095,0,3
1800,0,0,road_1_2_3_2,-0.001452975207939744,0,0
1800,0,0,road_2_1_2_0,0.0,0,0
1800,0,0,road_2_1_2_1,-0.000785382988397032,0,0
1800,0,0,road_2_1_2_2,-0.0007945647230371833,0,0
1800,0,0,road_1_0_1_0,0.0,0,0
1800,0,0,road_1_0_1_1,-0.0007096680346876383,0,0
1800,0,0,road_1_0_1_2,-0.0007096678018569946,0,0
1800,0,0,road_0_1_0_0,0.0,0,0
1800,0,0,road_0_1_0_1,-1.486858855059836e-05,0,0
1800,0,0,road_0_1_0_2,-0.0004102111852262169,0,0
1800,0,0,road_1_3_3_0,0.0,0,0
1800,0,0,road_1_3_3_1,0.003638393012806773,0,3
1800,0,0,road_1_3_3_2,0.0020831816364079714,0,3
1800,0,0,road_2_2_2_0,0.0,0,0
1800,0,0,road_2_2_2_1,0.0006890069344080985,0,3
1800,0,0,road_2_2_2_2,0.0006890070508234203,0,3
1800,0,0,road_1_1_1_0,0.0,0,0
1800,0,0,road_1_1_1_1,1.6373283870052546e-05,0,3
1800,0,0,road_1_1_1_2,-0.0006522551411762834,0,0
1800,0,0,road_0_2_0_0,0.0,0,0
1800,0,0,road_0_2_0_1,0.002026181435212493,0,3
1800,0,0,road_0_2_0_2,0.0020261816680431366,0,3
1800,0,0,road_1_4_3_0,0.0,0,0
1800,0,0,road_1_4_3_1,3.442196248215623e-05,0,3
1800,0,0,road_1_4_3_2,0.004289835691452026,0,3
1800,0,0,road_2_3_2_0,0.0,0,0
1800,0,0,road_2_3_2_1,0.001987554831430316,0,3
1800,0,0,road_2_3_2_2,0.0012496385024860501,0,3
1800,0,0,road_1_2_1_0,0.0,0,0
1800,0,0,road_1_2_1_1,0.0013012760318815708,0,3
1800,0,0,road_1_2_1_2,0.00412387028336525,0,3
1800,0,0,road_0_3_0_0,0.0,0,0
1800,0,0,road_0_3_0_1,0.001987554831430316,0,3
1800,0,0,road_0_3_0_2,0.0012496385024860501,0,3
1800,0,0,road_1_5_3_0,0.0,0,0
1800,0,0,road_1_5_3_1,-2.0690004021162167e-05,0,0
1800,0,0,road_1_5_3_2,-0.00021966993517708033,0,0
1800,0,0,road_2_4_2_0,0.0,0,0
1800,0,0,road_2_4_2_1,0.0033316416665911674,0,3
1800,0,0,road_2_4_2_2,-0.00023111741757020354,0,0
1800,0,0,road_1_3_1_0,0.0,0,0
1800,0,0,road_1_3_1_1,-0.0008210784872062504,0,0
1800,0,0,road_1_3_1_2,0.0011209235526621342,0,3
1800,0,0,road_0_4_0_0,0.0,0,0
1800,0,0,road_0_4_0_1,1.1866007298522163e-05,0,3
1800,0,0,road_0_4_0_2,-0.0036478149704635143,0,0
1800,0,0,road_2_2_3_0,0.0,0,0
1800,0,0,road_2_2_3_1,0.0016796307172626257,0,3
1800,0,0,road_2_2_3_2,0.0006403796141967177,0,3
1800,0,0,road_3_1_2_0,0.0,0,0
1800,0,0,road_3_1_2_1,0.003276162315160036,0,3
1800,0,0,road_3_1_2_2,0.00011716124572558329,0,3
1800,0,0,road_2_0_1_0,0.0,0,0
1800,0,0,road_2_0_1_1,0.0016953941667452455,0,3
1800,0,0,road_2_0_1_2,0.0006844972958788276,0,3
1800,0,0,road_1_1_0_0,0.0,0,0
1800,0,0,road_1_1_0_1,3.723653935594484e-05,0,3
1800,0,0,road_1_1_0_2,-0.003664495889097452,0,0
1800,0,0,road_2_3_3_0,0.0,0,0
1800,0,0,road_2_3_3_1,0.0020515453070402145,0,3
1800,0,0,road_2_3_3_2,0.0012740179663524032,0,3
1800,0,0,road_3_2_2_0,0.0,0,0
1800,0,0,road_3_2_2_1,0.003623948898166418,0,3
1800,0,0,road_3_2_2_2,0.002106697531417012,0,3
1800,0,0,road_2_1_1_0,0.0,0,0
1800,0,0,road_2_1_1_1,0.0029142769053578377,0,3
1800,0,0,road_2_1_1_2,0.0022559582721441984,0,3
1800,0,0,road_1_2_0_0,0.0,0,0
1800,0,0,road_1_2_0_1,3.446096889092587e-05,0,3
1800,0,0,road_1_2_0_2,-0.0003703594848047942,0,0
1800,0,0,road_2_4_3_0,0.0,0,0
1800,0,0,road_2_4_3_1,0.0012226285180076957,0,3
1800,0,0,road_2_4_3_2,6.440366996685043e-05,0,3
1800,0,0,road_3_3_2_0,0.0,0,0
1800,0,0,road_3_3_2_1,-0.001273073721677065,0,0
1800,0,0,road_3_3_2_2,0.0001763447216944769,0,3
1800,0,0,road_2_2_1_0,0.0,0,0
1800,0,0,road_2_2_1_1,0.0012226285180076957,0,3
1800,0,0,road_2_2_1_2,6.440366269089282e-05,0,3
1800,0,0,road_1_3_0_0,0.0,0,0
1800,0,0,road_1_3_0_1,-0.0012395812664180994,0,0
1800,0,0,road_1_3_0_2,0.00033133092802017927,0,3
1800,0,0,road_2_5_3_0,0.0,0,0
1800,0,0,road_2_5_3_1,0.00012018412962788716,0,3
1800,0,0,road_2_5_3_2,0.00012018414417980239,0,3
1800,0,0,road_3_4_2_0,0.0,0,0
1800,0,0,road_3_4_2_1,-0.00034690723987296224,0,0
1800,0,0,road_3_4_2_2,0.0001322794269071892,0,3
1800,0,0,road_2_3_1_0,0.0,0,0
1800,0,0,road_2_3_1_1,0.0014340711059048772,0,3
1800,0,0,road_2_3_1_2,0.0014340711059048772,0,3
1800,0,0,road_1_4_0_0,0.0,0,0
1800,0,0,road_1_4_0_1,-0.001383010996505618,0,0
1800,0,0,road_1_4_0_2,-0.00037373669329099357,0,0
1800,0,0,road_3_2_3_0,0.0,0,0
1800,0,0,road_3_2_3_1,0.0003491205279715359,0,3
1800,0,0,road_3_2_3_2,-0.0003138854226563126,0,0
1800,0,0,road_4_1_2_0,0.0,0,0
1800,0,0,road_4_1_2_1,-0.000296454323688522,0,0
1800,0,0,road_4_1_2_2,-0.00016176694771274924,0,0
1800,0,0,road_3_0_1_0,0.0,0,0
1800,0,0,road_3_0_1_1,0.0003491205570753664,0,3
1800,0,0,road_3_0_1_2,-0.00031388545176014304,0,0
1800,0,0,road_2_1_0_0,0.0,0,0
1800,0,0,road_2_1_0_1,-0.0004008601827081293,0,0
1800,0,0,road_2_1_0_2,-0.0002964544401038438,0,0
1800,0,0,road_3_3_3_0,0.0,0,0
1800,0,0,road_3_3_3_1,-0.0004008599789813161,0,0
1800,0,0,road_3_3_3_2,-0.00029645435279235244,0,0
1800,0,0,road_4_2_2_0,0.0,0,0
1800,0,0,road_4_2_2_1,0.00034912070259451866,0,3
1800,0,0,road_4_2_2_2,-0.000313884811475873,0,0
1800,0,0,road_3_1_1_0,0.0,0,0
1800,0,0,road_3_1_1_1,-0.0002964542945846915,0,0
1800,0,0,road_3_1_1_2,-0.0001617668749531731,0,0
1800,0,0,road_2_2_0_0,0.0,0,0
1800,0,0,road_2_2_0_1,0.00034912058617919683,0,3
1800,0,0,road_2_2_0_2,-0.00031388484057970345,0,0
1800,0,0,road_3_4_3_0,0.0,0,0
1800,0,0,road_3_4_3_1,0.0002968389599118382,0,3
1800,0,0,road_3_4_3_2,-0.0003260023659095168,0,0
1800,0,0,road_4_3_2_0,0.0,0,0
1800,0,0,road_4_3_2_1,2.363628300372511e-05,0,3
1800,0,0,road_4_3_2_2,-0.0002884565619751811,0,0
1800,0,0,road_3_2_1_0,0.0,0,0
1800,0,0,road_3_2_1_1,0.0002968389599118382,0,3
1800,0,0,road_3_2_1_2,-0.00032600213307887316,0,0
1800,0,0,road_2_3_0_0,0.0,0,0
1800,0,0,road_2_3_0_1,2.363624662393704e-05,0,3
1800,0,0,road_2_3_0_2,-0.0002884565037675202,0,0
1800,0,0,road_3_5_3_0,0.0,0,0
1800,0,0,road_3_5_3_1,1.9327046175021678e-05,0,3
1800,0,0,road_3_5_3_2,0.0005568801425397396,0,3
1800,0,0,road_4_4_2_0,0.0,0,0
1800,0,0,road_4_4_2_1,5.885714926989749e-05,0,3
1800,0,0,road_4_4_2_2,-0.000279324158327654,0,0
1800,0,0,road_3_3_1_0,0.0,0,0
1800,0,0,road_3_3_1_1,-0.001711101271212101,0,0
1800,0,0,road_3_3_1_2,-0.000633891555480659,0,0
1800,0,0,road_2_4_0_0,0.0,0,0
1800,0,0,road_2_4_0_1,0.0003777167876251042,0,3
1800,0,0,road_2_4_0_2,5.885711289010942e-05,0,3
1800,0,0,road_4_2_3_0,0.0,0,0
1800,0,0,road_4_2_3_1,0.007706082426011562,0,3
1800,0,0,road_4_2_3_2,0.0003837209951598197,0,3
1800,0,0,road_5_1_2_0,0.0,0,0
1800,0,0,road_5_1_2_1,0.001966640120372176,0,3
1800,0,0,road_5_1_2_2,0.0007155124330893159,0,3
1800,0,0,road_4_0_1_0,0.0,0,0
1800,0,0,road_4_0_1_1,1.1545413144631311e-05,0,3
1800,0,0,road_4_0_1_2,-0.004621492698788643,0,0
1800,0,0,road_3_1_0_0,0.0,0,0
1800,0,0,road_3_1_0_1,0.001966640120372176,0,3
1800,0,0,road_3_1_0_2,0.0007155124912969768,0,3
1800,0,0,road_4_3_3_0,0.0,0,0
1800,0,0,road_4_3_3_1,-0.0006159102777019143,0,0
1800,0,0,road_4_3_3_2,-0.0006328574381768703,0,0
1800,0,0,road_5_2_2_0,0.0,0,0
1800,0,0,road_5_2_2_1,-1.177109243144514e-05,0,0
1800,0,0,road_5_2_2_2,-0.001044773613102734,0,0
1800,0,0,road_4_1_1_0,0.0,0,0
1800,0,0,road_4_1_1_1,-0.0005478487000800669,0,0
1800,0,0,road_4_1_1_2,-0.0005472172633744776,0,0
1800,0,0,road_3_2_0_0,0.0,0,0
1800,0,0,road_3_2_0_1,-0.0010447751265019178,0,3
1800,0,0,road_3_2_0_2,-3.8850510463817045e-05,0,0
1800,0,0,road_4_4_3_0,0.0,0,0
1800,0,0,road_4_4_3_1,0.0019071678398177028,0,3
1800,0,0,road_4_4_3_2,0.001587318954989314,0,3
1800,0,0,road_5_3_2_0,0.0,0,0
1800,0,0,road_5_3_2_1,2.6518644517636858e-05,0,3
1800,0,0,road_5_3_2_2,0.0020843171514570713,0,3
1800,0,0,road_4_2_1_0,0.0,0,0
1800,0,0,road_4_2_1_1,0.002777706366032362,0,3
1800,0,0,road_4_2_1_2,0.0025735797826200724,0,3
1800,0,0,road_3_3_0_0,0.0,0,0
1800,0,0,road_3_3_0_1,0.0037433751858770847,0,3
1800,0,0,road_3_3_0_2,0.004178300034254789,0,3
1800,0,0,road_4_5_3_0,0.0,0,0
1800,0,0,road_4_5_3_1,0.0006890071090310812,0,3
1800,0,0,road_4_5_3_2,0.000689007225446403,0,3
1800,0,0,road_5_4_2_0,0.0,0,0
1800,0,0,road_5_4_2_1,1.6373287508031353e-05,0,3
1800,0,0,road_5_4_2_2,0.003638393012806773,0,3
1800,0,0,road_4_3_1_0,0.0,0,0
1800,0,0,road_4_3_1_1,0.0020261816680431366,0,3
1800,0,0,road_4_3_1_2,0.0020261816680431366,0,3
1800,0,0,road_3_4_0_0,0.0,0,0
1800,0,0,road_3_4_0_1,-0.0006522548501379788,0,0
1800,0,0,road_3_4_0_2,0.002083181869238615,0,3
1800,0,1,road_1_2_3_0,0.0,0,0
1800,0,1,road_1_2_3_1,-0.005731451325118542,3,0
1800,0,1,road_1_2_3_2,-0.003479811130091548,0,0
1800,0,1,road_2_1_2_0,0.0,0,0
1800,0,1,road_2_1_2_1,-0.0007542447419837117,0,0
1800,0,1,road_2_1_2_2,-0.0007605457794852555,0,0
1800,0,1,road_1_0_1_0,0.0,0,0
1800,0,1,road_1_0_1_1,-0.001056379871442914,0,0
1800,0,1,road_1_0_1_2,-0.0006853904924355447,0,0
1800,0,1,road_0_1_0_0,0.0,0,0
1800,0,1,road_0_1_0_1,-1.3911059795645997e-05,0,0
1800,0,1,road_0_1_0_2,-0.00038634825614281,0,0
1800,0,1,road_1_3_3_0,0.0,0,0
1800,0,1,road_1_3_3_1,-0.0017327603418380022,3,0
1800,0,1,road_1_3_3_2,-0.00237111933529377,3,0
1800,0,1,road_2_2_2_0,0.0,0,0
1800,0,1,road_2_2_2_1,0.0023290247190743685,3,0
1800,0,1,road_2_2_2_2,0.0023290254175662994,3,0
1800,0,1,road_1_1_1_0,0.0,0,0
1800,0,1,road_1_1_1_1,-5.98676433583023e-06,3,0
1800,0,1,road_1_1_1_2,-0.001732759876176715,0,0
1800,0,1,road_0_2_0_0,0.0,0,0
1800,0,1,road_0_2_0_1,0.0028799085412174463,3,0
1800,0,1,road_0_2_0_2,0.0028799092397093773,3,0
1800,0,1,road_1_4_3_0,0.0,0,0
1800,0,1,road_1_4_3_1,-7.828645721019711e-06,3,0
1800,0,1,road_1_4_3_2,-0.001914694788865745,3,0
1800,0,1,road_2_3_2_0,0.0,0,0
1800,0,1,road_2_3_2_1,0.002153337001800537,3,0
1800,0,1,road_2_3_2_2,0.0019731298089027405,3,0
1800,0,1,road_1_2_1_0,0.0,0,0
1800,0,1,road_1_2_1_1,-0.00036862841807305813,3,0
1800,0,1,road_1_2_1_2,-0.0014814389869570732,3,0
1800,0,1,road_0_3_0_0,0.0,0,0
1800,0,1,road_0_3_0_1,0.002153337001800537,3,0
1800,0,1,road_0_3_0_2,0.001973129576072097,3,0
1800,0,1,road_1_5_3_0,0.0,0,0
1800,0,1,road_1_5_3_1,-1.5955849448801018e-05,0,0
1800,0,1,road_1_5_3_2,-0.001610282575711608,0,0
1800,0,1,road_2_4_2_0,0.0,0,0
1800,0,1,road_2_4_2_1,-0.002843296155333519,3,0
1800,0,1,road_2_4_2_2,-0.0016599900554865599,0,0
1800,0,1,road_1_3_1_0,0.0,0,0
1800,0,1,road_1_3_1_1,-0.0014795963652431965,0,0
1800,0,1,road_1_3_1_2,-0.0032402249053120613,3,0
1800,0,1,road_0_4_0_0,0.0,0,0
1800,0,1,road_0_4_0_1,9.653319466451649e-06,3,0
1800,0,1,road_0_4_0_2,0.0017434863839298487,0,3
1800,0,1,road_2_2_3_0,0.0,0,0
1800,0,1,road_2_2_3_1,0.003087177174165845,3,0
1800,0,1,road_2_2_3_2,0.002179493894800544,3,0
1800,0,1,road_3_1_2_0,0.0,0,0
1800,0,1,road_3_1_2_1,-0.0022532022558152676,3,0
1800,0,1,road_3_1_2_2,-0.0010757364798337221,3,0
1800,0,1,road_2_0_1_0,0.0,0,0
1800,0,1,road_2_0_1_1,0.0030516600236296654,3,0
1800,0,1,road_2_0_1_2,0.0027427629102021456,3,0
1800,0,1,road_1_1_0_0,0.0,0,0
1800,0,1,road_1_1_0_1,-0.00012360108667053282,3,0
1800,0,1,road_1_1_0_2,-0.0007573282928206027,0,0
1800,0,1,road_2_3_3_0,0.0,0,0
1800,0,1,road_2_3_3_1,0.002959561999887228,3,0
1800,0,1,road_2_3_3_2,0.0021202750504016876,3,0
1800,0,1,road_3_2_2_0,0.0,0,0
1800,0,1,road_3_2_2_1,-0.0018492229282855988,3,0
1800,0,1,road_3_2_2_2,-0.0025111865252256393,3,0
1800,0,1,road_2_1_1_0,0.0,0,0
1800,0,1,road_2_1_1_1,0.0029786955565214157,3,0
1800,0,1,road_2_1_1_2,0.0016830912791192532,3,0
1800,0,1,road_1_2_0_0,0.0,0,0
1800,0,1,road_1_2_0_1,-1.3012852832616773e-05,3,0
1800,0,1,road_1_2_0_2,-0.001849222695454955,0,0
1800,0,1,road_2_4_3_0,0.0,0,0
1800,0,1,road_2_4_3_1,-0.002981038298457861,3,0
1800,0,1,road_2_4_3_2,-0.0028289812617003918,3,0
1800,0,1,road_3_3_2_0,0.0,0,0
1800,0,1,road_3_3_2_1,-0.0017548433970659971,0,0
1800,0,1,road_3_3_2_2,0.0031815380789339542,3,0
1800,0,1,road_2_2_1_0,0.0,0,0
1800,0,1,road_2_2_1_1,-0.002981038298457861,3,0
1800,0,1,road_2_2_1_2,-0.0028289812617003918,3,0
1800,0,1,road_1_3_0_0,0.0,0,0
1800,0,1,road_1_3_0_1,0.00010067138646263629,0,3
1800,0,1,road_1_3_0_2,0.005630371160805225,3,0
1800,0,1,road_2_5_3_0,0.0,0,0
1800,0,1,road_2_5_3_1,0.0034587052650749683,3,0
1800,0,1,road_2_5_3_2,0.0034587050322443247,3,0
1800,0,1,road_3_4_2_0,0.0,0,0
1800,0,1,road_3_4_2_1,0.0014462213730439544,0,3
1800,0,1,road_3_4_2_2,0.002118171425536275,3,0
1800,0,1,road_2_3_1_0,0.0,0,0
1800,0,1,road_2_3_1_1,0.0026370948180556297,3,0
1800,0,1,road_2_3_1_2,0.002637094585224986,3,0
1800,0,1,road_1_4_0_0,0.0,0,0
1800,0,1,road_1_4_0_1,0.000772396510001272,0,3
1800,0,1,road_1_4_0_2,0.0014462214894592762,0,3
1800,0,1,road_3_2_3_0,0.0,0,0
1800,0,1,road_3_2_3_1,-0.007197132334113121,3,0
1800,0,1,road_3_2_3_2,-0.00044521380914375186,0,0
1800,0,1,road_4_1_2_0,0.0,0,0
1800,0,1,road_4_1_2_1,0.0003560702898539603,0,3
1800,0,1,road_4_1_2_2,-0.00032283811015076935,0,0
1800,0,1,road_3_0_1_0,0.0,0,0
1800,0,1,road_3_0_1_1,-0.007197132334113121,3,0
1800,0,1,road_3_0_1_2,-0.00044521380914375186,0,0
1800,0,1,road_2_1_0_0,0.0,0,0
1800,0,1,road_2_1_0_1,0.0009727053111419082,0,3
1800,0,1,road_2_1_0_2,0.00035607031895779073,0,3
1800,0,1,road_3_3_3_0,0.0,0,0
1800,0,1,road_3_3_3_1,0.0009727053111419082,0,3
1800,0,1,road_3_3_3_2,0.0003560703480616212,0,3
1800,0,1,road_4_2_2_0,0.0,0,0
1800,0,1,road_4_2_2_1,-0.007197131402790546,3,0
1800,0,1,road_4_2_2_2,-0.00044521380914375186,0,0
1800,0,1,road_3_1_1_0,0.0,0,0
1800,0,1,road_3_1_1_1,0.00035607031895779073,0,3
1800,0,1,road_3_1_1_2,-0.000322838022839278,0,0
1800,0,1,road_2_2_0_0,0.0,0,0
1800,0,1,road_2_2_0_1,-0.007197132334113121,3,0
1800,0,1,road_2_2_0_2,-0.0004452138673514128,0,0
1800,0,1,road_3_4_3_0,0.0,0,0
1800,0,1,road_3_4_3_1,-0.00581178767606616,3,0
1800,0,1,road_3_4_3_2,-0.0009789352770894766,0,0
1800,0,1,road_4_3_2_0,0.0,0,0
1800,0,1,road_4_3_2_1,0.0008608209318481386,3,0
1800,0,1,road_4_3_2_2,0.0011207417119294405,0,3
1800,0,1,road_3_2_1_0,0.0,0,0
1800,0,1,road_3_2_1_1,-0.0058117881417274475,3,0
1800,0,1,road_3_2_1_2,-0.0009789352770894766,0,0
1800,0,1,road_2_3_0_0,0.0,0,0
1800,0,1,road_2_3_0_1,0.0008608209900557995,3,0
1800,0,1,road_2_3_0_2,0.0011207418283447623,0,3
1800,0,1,road_3_5_3_0,0.0,0,0
1800,0,1,road_3_5_3_1,0.0017136491369456053,3,0
1800,0,1,road_3_5_3_2,-0.004441617056727409,3,0
1800,0,1,road_4_4_2_0,0.0,0,0
1800,0,1,road_4_4_2_1,0.00037772583891637623,3,0
1800,0,1,road_4_4_2_2,0.0026761384215205908,0,3
1800,0,1,road_3_3_1_0,0.0,0,0
1800,0,1,road_3_3_1_1,0.003031536703929305,0,3
1800,0,1,road_3_3_1_2,-0.0004229116311762482,0,0
1800,0,1,road_2_4_0_0,0.0,0,0
1800,0,1,road_2_4_0_1,-0.0017943966668099165,3,0
1800,0,1,road_2_4_0_2,0.000377725315047428,3,0
1800,0,1,road_4_2_3_0,0.0,0,0
1800,0,1,road_4_2_3_1,-0.002166748046875,3,0
1800,0,1,road_4_2_3_2,-0.002520757494494319,3,0
1800,0,1,road_5_1_2_0,0.0,0,0
1800,0,1,road_5_1_2_1,0.002745749894529581,3,0
1800,0,1,road_5_1_2_2,0.002332651289179921,3,0
1800,0,1,road_4_0_1_0,0.0,0,0
1800,0,1,road_4_0_1_1,-9.861711077974178e-06,3,0
1800,0,1,road_4_0_1_2,-0.0025020986795425415,0,0
1800,0,1,road_3_1_0_0,0.0,0,0
1800,0,1,road_3_1_0_1,0.0027457503601908684,3,0
1800,0,1,road_3_1_0_2,0.002332651289179921,3,0
1800,0,1,road_4_3_3_0,0.0,0,0
1800,0,1,road_4_3_3_1,-0.0018839933909475803,0,3
1800,0,1,road_4_3_3_2,-0.0004943242529407144,0,0
1800,0,1,road_5_2_2_0,0.0,0,0
1800,0,1,road_5_2_2_1,-1.8759887097985484e-05,0,0
1800,0,1,road_5_2_2_2,-0.0016294862143695354,0,0
1800,0,1,road_4_1_1_0,0.0,0,0
1800,0,1,road_4_1_1_1,-0.001766005763784051,0,0
1800,0,1,road_4_1_1_2,-0.00039423053385689855,0,0
1800,0,1,road_3_2_0_0,0.0,0,0
1800,0,1,road_3_2_0_1,-0.0011748303659260273,3,0
1800,0,1,road_3_2_0_2,-0.00040615114266984165,0,0
1800,0,1,road_4_4_3_0,0.0,0,0
1800,0,1,road_4_4_3_1,0.0021288557909429073,3,0
1800,0,1,road_4_4_3_2,0.0016718462575227022,3,0
1800,0,1,road_5_3_2_0,0.0,0,0
1800,0,1,road_5_3_2_1,-5.7502370509610046e-06,3,0
1800,0,1,road_5_3_2_2,-0.0005800396902486682,3,0
1800,0,1,road_4_2_1_0,0.0,0,0
1800,0,1,road_4_2_1_1,0.00221755588427186,3,0
1800,0,1,road_4_2_1_2,0.001391660887748003,3,0
1800,0,1,road_3_3_0_0,0.0,0,0
1800,0,1,road_3_3_0_1,-0.0014131288044154644,3,0
1800,0,1,road_3_3_0_2,-0.0016541010700166225,3,0
1800,0,1,road_4_5_3_0,0.0,0,0
1800,0,1,road_4_5_3_1,0.0023290254175662994,3,0
1800,0,1,road_4_5_3_2,0.002329024951905012,3,0
1800,0,1,road_5_4_2_0,0.0,0,0
1800,0,1,road_5_4_2_1,-5.986762062093476e-06,3,0
1800,0,1,road_5_4_2_2,-0.0017327596433460712,3,0
1800,0,1,road_4_3_1_0,0.0,0,0
1800,0,1,road_4_3_1_1,0.0028799104038625956,3,0
1800,0,1,road_4_3_1_2,0.002879910171031952,3,0
1800,0,1,road_3_4_0_0,0.0,0,0
1800,0,1,road_3_4_0_1,-0.0017327590612694621,0,0
1800,0,1,road_3_4_0_2,-0.0023711181711405516,3,0
2000,0,0,road_1_2_3_0,0.0,0,0
2000,0,0,road_1_2_3_1,-0.0008477008086629212,0,0
2000,0,0,road_1_2_3_2,-0.0006901313317939639,0,0
2000,0,0,road_2_1_2_0,0.0,0,0
2000,0,0,road_2_1_2_1,-0.0017698737792670727,0,3
2000,0,0,road_2_1_2_2,-0.0007319342694245279,0,0
2000,0,0,road_1_0_1_0,0.0,0,0
2000,0,0,road_1_0_1_1,-0.0016814364353194833,0,0
2000,0,0,road_1_0_1_2,-0.001630648854188621,0,0
2000,0,0,road_0_1_0_0,0.0,0,0
2000,0,0,road_0_1_0_1,-1.8211118003819138e-05,0,0
2000,0,0,road_0_1_0_2,-0.0004562852263916284,0,0
2000,0,0,road_1_3_3_0,0.0,0,0
2000,0,0,road_1_3_3_1,0.003638393012806773,0,3
2000,0,0,road_1_3_3_2,0.0020831816364079714,0,3
2000,0,0,road_2_2_2_0,0.0,0,0
2000,0,0,road_2_2_2_1,0.0006890069344080985,0,3
2000,0,0,road_2_2_2_2,0.0006890070508234203,0,3
2000,0,0,road_1_1_1_0,0.0,0,0
2000,0,0,road_1_1_1_1,1.6373283870052546e-05,0,3
2000,0,0,road_1_1_1_2,-0.0006522551411762834,0,0
2000,0,0,road_0_2_0_0,0.0,0,0
2000,0,0,road_0_2_0_1,0.002026181435212493,0,3
2000,0,0,road_0_2_0_2,0.0020261816680431366,0,3
2000,0,0,road_1_4_3_0,0.0,0,0
2000,0,0,road_1_4_3_1,3.2095344067784026e-05,0,3
2000,0,0,road_1_4_3_2,0.004253309220075607,0,3
2000,0,0,road_2_3_2_0,0.0,0,0
2000,0,0,road_2_3_2_1,0.0019615888595581055,0,3
2000,0,0,road_2_3_2_2,0.00123251648619771,0,3
2000,0,0,road_1_2_1_0,0.0,0,0
2000,0,0,road_1_2_1_1,0.0014365033712238073,0,3
2000,0,0,road_1_2_1_2,0.004077019169926643,0,3
2000,0,0,road_0_3_0_0,0.0,0,0
2000,0,0,road_0_3_0_1,0.0019615888595581055,0,3
2000,0,0,road_0_3_0_2,0.0012325162533670664,0,3
2000,0,0,road_1_5_3_0,0.0,0,0
2000,0,0,road_1_5_3_1,-2.078156830975786e-05,0,0
2000,0,0,road_1_5_3_2,-0.00023028868599794805,0,0
2000,0,0,road_2_4_2_0,0.0,0,0
2000,0,0,road_2_4_2_1,0.003055325010791421,0,3
2000,0,0,road_2_4_2_2,-0.0004907222464680672,0,0
2000,0,0,road_1_3_1_0,0.0,0,0
2000,0,0,road_1_3_1_1,-0.0007891555433161557,0,0
2000,0,0,road_1_3_1_2,0.0011435390915721655,0,3
2000,0,0,road_0_4_0_0,0.0,0,0
2000,0,0,road_0_4_0_1,8.833970241539646e-06,0,3
2000,0,0,road_0_4_0_2,-0.003970251884311438,0,0
2000,0,0,road_2_2_3_0,0.0,0,0
2000,0,0,road_2_2_3_1,0.00012478645658120513,0,3
2000,0,0,road_2_2_3_2,-0.004079892300069332,0,0
2000,0,0,road_3_1_2_0,0.0,0,0
2000,0,0,road_3_1_2_1,-0.0009279298246838152,0,0
2000,0,0,road_3_1_2_2,-9.050528751686215e-05,0,0
2000,0,0,road_2_0_1_0,0.0,0,0
2000,0,0,road_2_0_1_1,0.0033716580364853144,0,3
2000,0,0,road_2_0_1_2,-0.0002792514569591731,0,0
2000,0,0,road_1_1_0_0,0.0,0,0
2000,0,0,road_1_1_0_1,-0.00038138497620821,0,0
2000,0,0,road_1_1_0_2,-0.00034172122832387686,0,0
2000,0,0,road_2_3_3_0,0.0,0,0
2000,0,0,road_2_3_3_1,0.0012697265483438969,0,3
2000,0,0,road_2_3_3_2,0.0012697266647592187,0,3
2000,0,0,road_3_2_2_0,0.0,0,0
2000,0,0,road_3_2_2_1,0.0037600009236484766,0,3
2000,0,0,road_3_2_2_2,0.003825774881988764,0,3
2000,0,0,road_2_1_1_0,0.0,0,0
2000,0,0,road_2_1_1_1,0.001977609470486641,0,3
2000,0,0,road_2_1_1_2,0.001977609470486641,0,3
2000,0,0,road_1_2_0_0,0.0,0,0
2000,0,0,road_1_2_0_1,2.7129295631311834e-05,0,3
2000,0,0,road_1_2_0_2,0.000736319343559444,0,3
2000,0,0,road_2_4_3_0,0.0,0,0
2000,0,0,road_2_4_3_1,0.0013810135424137115,0,3
2000,0,0,road_2_4_3_2,0.0001094631661544554,0,3
2000,0,0,road_3_3_2_0,0.0,0,0
2000,0,0,road_3_3_2_1,-0.0011875573545694351,0,0
2000,0,0,road_3_3_2_2,-0.0003620767965912819,0,0
2000,0,0,road_2_2_1_0,0.0,0,0
2000,0,0,road_2_2_1_1,0.0013810135424137115,0,3
2000,0,0,road_2_2_1_2,0.00010946315887849778,0,3
2000,0,0,road_1_3_0_0,0.0,0,0
2000,0,0,road_1_3_0_1,-0.00034692417830228806,0,0
2000,0,0,road_1_3_0_2,0.00026736725703813136,0,3
2000,0,0,road_2_5_3_0,0.0,0,0
2000,0,0,road_2_5_3_1,-0.00033815548522397876,0,0
2000,0,0,road_2_5_3_2,-0.00033815589267760515,0,0
2000,0,0,road_3_4_2_0,0.0,0,0
2000,0,0,road_3_4_2_1,1.0116207704413682e-05,0,3
2000,0,0,road_3_4_2_2,-0.00040168873965740204,0,0
2000,0,0,road_2_3_1_0,0.0,0,0
2000,0,0,road_2_3_1_1,0.00023044782574288547,0,3
2000,0,0,road_2_3_1_2,0.00023044775298330933,0,3
2000,0,0,road_1_4_0_0,0.0,0,0
2000,0,0,road_1_4_0_1,0.0008537395624443889,0,3
2000,0,0,road_1_4_0_2,1.0116316843777895e-05,0,3
2000,0,0,road_3_2_3_0,0.0,0,0
2000,0,0,road_3_2_3_1,0.001583300530910492,0,3
2000,0,0,road_3_2_3_2,0.00010829979146365076,0,3
2000,0,0,road_4_1_2_0,0.0,0,0
2000,0,0,road_4_1_2_1,-0.00392970209941268,0,0
2000,0,0,road_4_1_2_2,0.00011821965017588809,0,3
2000,0,0,road_3_0_1_0,0.0,0,0
2000,0,0,road_3_0_1_1,0.0015833002980798483,0,3
2000,0,0,road_3_0_1_2,0.00010829977691173553,0,3
2000,0,0,road_2_1_0_0,0.0,0,0
2000,0,0,road_2_1_0_1,7.747594645479694e-05,0,3
2000,0,0,road_2_1_0_2,0.003605293808504939,0,3
2000,0,0,road_3_3_3_0,0.0,0,0
2000,0,0,road_3_3_3_1,-0.0004008599789813161,0,0
2000,0,0,road_3_3_3_2,-0.00029645435279235244,0,0
2000,0,0,road_4_2_2_0,0.0,0,0
2000,0,0,road_4_2_2_1,0.00034912070259451866,0,3
2000,0,0,road_4_2_2_2,-0.000313884811475873,0,0
2000,0,0,road_3_1_1_0,0.0,0,0
2000,0,0,road_3_1_1_1,-0.0002964542945846915,0,0
2000,0,0,road_3_1_1_2,-0.0001617668749531731,0,0
2000,0,0,road_2_2_0_0,0.0,0,0
2000,0,0,road_2_2_0_1,0.00034912058617919683,0,3
2000,0,0,road_2_2_0_2,-0.00031388484057970345,0,0
2000,0,0,road_3_4_3_0,0.0,0,0
2000,0,0,road_3_4_3_1,0.00030689980485476553,0,3
2000,0,0,road_3_4_3_2,-0.00026816417812369764,0,0
2000,0,0,road_4_3_2_0,0.0,0,0
2000,0,0,road_4_3_2_1,-0.00016070541460067034,0,0
2000,0,0,road_4_3_2_2,-0.00016070538549683988,0,0
2000,0,0,road_3_2_1_0,0.0,0,0
2000,0,0,road_3_2_1_1,0.00030689980485476553,0,3
2000,0,0,road_3_2_1_2,-0.0002681641490198672,0,0
2000,0,0,road_2_3_0_0,0.0,0,0
2000,0,0,road_2_3_0_1,-0.00016070541460067034,0,0
2000,0,0,road_2_3_0_2,-0.00016070542915258557,0,0
2000,0,0,road_3_5_3_0,0.0,0,0
2000,0,0,road_3_5_3_1,0.0010191133478656411,0,3
2000,0,0,road_3_5_3_2,0.00013245063018985093,0,3
2000,0,0,road_4_4_2_0,0.0,0,0
2000,0,0,road_4_4_2_1,-0.002012125449255109,0,0
2000,0,0,road_4_4_2_2,-0.00032942998223006725,0,0
2000,0,0,road_3_3_1_0,0.0,0,0
2000,0,0,road_3_3_1_1,0.0010191132314503193,0,3
2000,0,0,road_3_3_1_2,0.00013245068839751184,0,3
2000,0,0,road_2_4_0_0,0.0,0,0
2000,0,0,road_2_4_0_1,-0.0009161232737824321,0,0
2000,0,0,road_2_4_0_2,-0.00029327033553272486,0,0
2000,0,0,road_4_2_3_0,0.0,0,0
2000,0,0,road_4_2_3_1,0.007015835028141737,0,3
2000,0,0,road_4_2_3_2,5.8190562413074076e-05,0,3
2000,0,0,road_5_1_2_0,0.0,0,0
2000,0,0,road_5_1_2_1,0.00161798857152462,0,3
2000,0,0,road_5_1_2_2,0.00010626309813233092,0,3
2000,0,0,road_4_0_1_0,0.0,0,0
2000,0,0,road_4_0_1_1,5.381560185924172e-06,0,3
2000,0,0,road_4_0_1_2,-0.007015457842499018,0,0
2000,0,0,road_3_1_0_0,0.0,0,0
2000,0,0,road_3_1_0_1,0.00161798857152462,0,3
2000,0,0,road_3_1_0_2,0.00010626305447658524,0,3
2000,0,0,road_4_3_3_0,0.0,0,0
2000,0,0,road_4_3_3_1,0.0020911353640258312,0,3
2000,0,0,road_4_3_3_2,0.001359537709504366,0,3
2000,0,0,road_5_2_2_0,0.0,0,0
2000,0,0,road_5_2_2_1,1.2727487955999095e-05,0,3
2000,0,0,road_5_2_2_2,0.007636719383299351,0,3
2000,0,0,road_4_1_1_0,0.0,0,0
2000,0,0,road_4_1_1_1,0.00199238583445549,0,3
2000,0,0,road_4_1_1_2,0.001289773266762495,0,3
2000,0,0,road_3_2_0_0,0.0,0,0
2000,0,0,road_3_2_0_1,-0.004472134634852409,0,0
2000,0,0,road_3_2_0_2,0.0003873919486068189,0,3
2000,0,0,road_4_4_3_0,0.0,0,0
2000,0,0,road_4_4_3_1,0.0020436777267605066,0,3
2000,0,0,road_4_4_3_2,0.0016520610079169273,0,3
2000,0,0,road_5_3_2_0,0.0,0,0
2000,0,0,road_5_3_2_1,3.9525035390397534e-05,0,3
2000,0,0,road_5_3_2_2,0.001264229416847229,0,3
2000,0,0,road_4_2_1_0,0.0,0,0
2000,0,0,road_4_2_1_1,0.0029253391548991203,0,3
2000,0,0,road_4_2_1_2,0.0026418124325573444,0,3
2000,0,0,road_3_3_0_0,0.0,0,0
2000,0,0,road_3_3_0_1,0.004105341620743275,0,3
2000,0,0,road_3_3_0_2,0.004427445121109486,0,3
2000,0,0,road_4_5_3_0,0.0,0,0
2000,0,0,road_4_5_3_1,0.0014216555282473564,0,3
2000,0,0,road_4_5_3_2,0.0012238912750035524,0,3
2000,0,0,road_5_4_2_0,0.0,0,0
2000,0,0,road_5_4_2_1,2.019758176174946e-05,0,3
2000,0,0,road_5_4_2_2,0.003692113095894456,0,3
2000,0,0,road_4_3_1_0,0.0,0,0
2000,0,0,road_4_3_1_1,0.001576563692651689,0,3
2000,0,0,road_4_3_1_2,0.0015282647218555212,0,3
2000,0,0,road_3_4_0_0,0.0,0,0
2000,0,0,road_3_4_0_1,0.002722172299399972,0,3
2000,0,0,road_3_4_0_2,0.004896088503301144,0,3
2000,0,1,road_1_2_3_0,0.0,0,0
2000,0,1,road_1_2_3_1,-0.0011173452949151397,0,0
2000,0,1,road_1_2_3_2,-0.0008455872302874923,0,0
2000,0,1,road_2_1_2_0,0.0,0,0
2000,0,1,road_2_1_2_1,-0.001128338510170579,3,0
2000,0,1,road_2_1_2_2,-0.0007983957184478641,0,0
2000,0,1,road_1_0_1_0,0.0,0,0
2000,0,1,road_1_0_1_1,-0.001419581240043044,0,3
2000,0,1,road_1_0_1_2,-0.0012510654050856829,0,0
2000,0,1,road_0_1_0_0,0.0,0,0
2000,0,1,road_0_1_0_1,-1.9565661204978824e-05,0,0
2000,0,1,road_0_1_0_2,-0.00041185333975590765,0,0
2000,0,1,road_1_3_3_0,0.0,0,0
2000,0,1,road_1_3_3_1,-0.0017327603418380022,3,0
2000,0,1,road_1_3_3_2,-0.00237111933529377,3,0
2000,0,1,road_2_2_2_0,0.0,0,0
2000,0,1,road_2_2_2_1,0.0023290247190743685,3,0
2000,0,1,road_2_2_2_2,0.0023290254175662994,3,0
2000,0,1,road_1_1_1_0,0.0,0,0
2000,0,1,road_1_1_1_1,-5.98676433583023e-06,3,0
2000,0,1,road_1_1_1_2,-0.001732759876176715,0,0
2000,0,1,road_0_2_0_0,0.0,0,0
2000,0,1,road_0_2_0_1,0.0028799085412174463,3,0
2000,0,1,road_0_2_0_2,0.0028799092397093773,3,0
2000,0,1,road_1_4_3_0,0.0,0,0
2000,0,1,road_1_4_3_1,-8.125054591801018e-06,3,0
2000,0,1,road_1_4_3_2,-0.0019817352294921875,3,0
2000,0,1,road_2_3_2_0,0.0,0,0
2000,0,1,road_2_3_2_1,0.0021789136808365583,3,0
2000,0,1,road_2_3_2_2,0.001997755141928792,3,0
2000,0,1,road_1_2_1_0,0.0,0,0
2000,0,1,road_1_2_1_1,-0.0004638501850422472,3,0
2000,0,1,road_1_2_1_2,-0.0015023867599666119,3,0
2000,0,1,road_0_3_0_0,0.0,0,0
2000,0,1,road_0_3_0_1,0.0021789136808365583,3,0
2000,0,1,road_0_3_0_2,0.0019977553747594357,3,0
2000,0,1,road_1_5_3_0,0.0,0,0
2000,0,1,road_1_5_3_1,-1.5844127119635232e-05,0,0
2000,0,1,road_1_5_3_2,-0.0015913548413664103,0,0
2000,0,1,road_2_4_2_0,0.0,0,0
2000,0,1,road_2_4_2_1,-0.004189750179648399,3,0
2000,0,1,road_2_4_2_2,-0.0019699393305927515,0,0
2000,0,1,road_1_3_1_0,0.0,0,0
2000,0,1,road_1_3_1_1,-0.001466123154386878,0,0
2000,0,1,road_1_3_1_2,-0.003049705643206835,3,0
2000,0,1,road_0_4_0_0,0.0,0,0
2000,0,1,road_0_4_0_1,8.676826837472618e-06,3,0
2000,0,1,road_0_4_0_2,0.001790968351997435,0,3
2000,0,1,road_2_2_3_0,0.0,0,0
2000,0,1,road_2_2_3_1,-0.00017245863273274153,3,0
2000,0,1,road_2_2_3_2,-0.0012097788276150823,0,0
2000,0,1,road_3_1_2_0,0.0,0,0
2000,0,1,road_3_1_2_1,0.003831876441836357,0,3
2000,0,1,road_3_1_2_2,0.0008112475043162704,0,3
2000,0,1,road_2_0_1_0,0.0,0,0
2000,0,1,road_2_0_1_1,-0.0015474376268684864,3,0
2000,0,1,road_2_0_1_2,-0.0007501555373892188,0,0
2000,0,1,road_1_1_0_0,0.0,0,0
2000,0,1,road_1_1_0_1,0.00039683718932792544,0,3
2000,0,1,road_1_1_0_2,-0.0008631601231172681,0,0
2000,0,1,road_2_3_3_0,0.0,0,0
2000,0,1,road_2_3_3_1,0.0020706031937152147,3,0
2000,0,1,road_2_3_3_2,0.0020706034265458584,3,0
2000,0,1,road_3_2_2_0,0.0,0,0
2000,0,1,road_3_2_2_1,-0.001997885759919882,3,0
2000,0,1,road_3_2_2_2,-0.0021218364126980305,3,0
2000,0,1,road_2_1_1_0,0.0,0,0
2000,0,1,road_2_1_1_1,0.0022537847980856895,3,0
2000,0,1,road_2_1_1_2,0.002253785263746977,3,0
2000,0,1,road_1_2_0_0,0.0,0,0
2000,0,1,road_1_2_0_1,-6.255393600440584e-06,3,0
2000,0,1,road_1_2_0_2,-0.00020673865219578147,3,0
2000,0,1,road_2_4_3_0,0.0,0,0
2000,0,1,road_2_4_3_1,0.0026370929554104805,3,0
2000,0,1,road_2_4_3_2,0.003458702936768532,3,0
2000,0,1,road_3_3_2_0,0.0,0,0
2000,0,1,road_3_3_2_1,0.002118170727044344,0,3
2000,0,1,road_3_3_2_2,0.0014462204417213798,0,3
2000,0,1,road_2_2_1_0,0.0,0,0
2000,0,1,road_2_2_1_1,0.002637093188241124,3,0
2000,0,1,road_2_2_1_2,0.0034587036352604628,3,0
2000,0,1,road_1_3_0_0,0.0,0,0
2000,0,1,road_1_3_0_1,0.0014462207909673452,0,3
2000,0,1,road_1_3_0_2,0.0007723956368863583,3,0
2000,0,1,road_2_5_3_0,0.0,0,0
2000,0,1,road_2_5_3_1,-0.0012168996036052704,0,0
2000,0,1,road_2_5_3_2,-0.0012168996036052704,0,0
2000,0,1,road_3_4_2_0,0.0,0,0
2000,0,1,road_3_4_2_1,0.0004380171303637326,3,0
2000,0,1,road_3_4_2_2,0.0024693578016012907,0,3
2000,0,1,road_2_3_1_0,0.0,0,0
2000,0,1,road_2_3_1_1,-0.005437761545181274,3,0
2000,0,1,road_2_3_1_2,-0.005437761545181274,3,0
2000,0,1,road_1_4_0_0,0.0,0,0
2000,0,1,road_1_4_0_1,-0.0014989369083195925,3,0
2000,0,1,road_1_4_0_2,0.00043801666470244527,3,0
2000,0,1,road_3_2_3_0,0.0,0,0
2000,0,1,road_3_2_3_1,0.0030500823631882668,3,0
2000,0,1,road_3_2_3_2,0.0026905988343060017,3,0
2000,0,1,road_4_1_2_0,0.0,0,0
2000,0,1,road_4_1_2_1,-0.00031420704908668995,0,0
2000,0,1,road_4_1_2_2,-0.001102732727304101,3,0
2000,0,1,road_3_0_1_0,0.0,0,0
2000,0,1,road_3_0_1_1,0.0030500823631882668,3,0
2000,0,1,road_3_0_1_2,0.0026905988343060017,3,0
2000,0,1,road_2_1_0_0,0.0,0,0
2000,0,1,road_2_1_0_1,-0.00037953804712742567,3,0
2000,0,1,road_2_1_0_2,-0.0022168043069541454,3,0
2000,0,1,road_3_3_3_0,0.0,0,0
2000,0,1,road_3_3_3_1,0.0009727053111419082,0,3
2000,0,1,road_3_3_3_2,0.0003560703480616212,0,3
2000,0,1,road_4_2_2_0,0.0,0,0
2000,0,1,road_4_2_2_1,-0.007197131402790546,3,0
2000,0,1,road_4_2_2_2,-0.00044521380914375186,0,0
2000,0,1,road_3_1_1_0,0.0,0,0
2000,0,1,road_3_1_1_1,0.00035607031895779073,0,3
2000,0,1,road_3_1_1_2,-0.000322838022839278,0,0
2000,0,1,road_2_2_0_0,0.0,0,0
2000,0,1,road_2_2_0_1,-0.007197132334113121,3,0
2000,0,1,road_2_2_0_2,-0.0004452138673514128,0,0
2000,0,1,road_3_4_3_0,0.0,0,0
2000,0,1,road_3_4_3_1,-0.0069821672514081,3,0
2000,0,1,road_3_4_3_2,-0.000170468061696738,0,0
2000,0,1,road_4_3_2_0,0.0,0,0
2000,0,1,road_4_3_2_1,-0.0003232965536881238,0,0
2000,0,1,road_4_3_2_2,-0.0003232965536881238,0,0
2000,0,1,road_3_2_1_0,0.0,0,0
2000,0,1,road_3_2_1_1,-0.0069821672514081,3,0
2000,0,1,road_3_2_1_2,-0.00017046807624865323,0,0
2000,0,1,road_2_3_0_0,0.0,0,0
2000,0,1,road_2_3_0_1,-0.0003232966992072761,0,0
2000,0,1,road_2_3_0_2,-0.0003232966992072761,0,0
2000,0,1,road_3_5_3_0,0.0,0,0
2000,0,1,road_3_5_3_1,0.0006347020389512181,3,0
2000,0,1,road_3_5_3_2,0.003859573043882847,3,0
2000,0,1,road_4_4_2_0,0.0,0,0
2000,0,1,road_4_4_2_1,-0.0005358845228329301,0,0
2000,0,1,road_4_4_2_2,0.0003297525690868497,0,3
2000,0,1,road_3_3_1_0,0.0,0,0
2000,0,1,road_3_3_1_1,0.0006347023881971836,3,0
2000,0,1,road_3_3_1_2,0.0038595732767134905,3,0
2000,0,1,road_2_4_0_0,0.0,0,0
2000,0,1,road_2_4_0_1,6.106299406383187e-05,0,3
2000,0,1,road_2_4_0_2,0.00033142438041977584,0,3
2000,0,1,road_4_2_3_0,0.0,0,0
2000,0,1,road_4_2_3_1,-0.0022035997826606035,3,0
2000,0,1,road_4_2_3_2,-0.0015072501264512539,3,0
2000,0,1,road_5_1_2_0,0.0,0,0
2000,0,1,road_5_1_2_1,0.0027920431457459927,3,0
2000,0,1,road_5_1_2_2,0.0025554453022778034,3,0
2000,0,1,road_4_0_1_0,0.0,0,0
2000,0,1,road_4_0_1_1,-1.006879574561026e-05,3,0
2000,0,1,road_4_0_1_2,-0.001886281417682767,0,0
2000,0,1,road_3_1_0_0,0.0,0,0
2000,0,1,road_3_1_0_1,0.0027920433785766363,3,0
2000,0,1,road_3_1_0_2,0.0025554453022778034,3,0
2000,0,1,road_4_3_3_0,0.0,0,0
2000,0,1,road_4_3_3_1,0.0028828391805291176,3,0
2000,0,1,road_4_3_3_2,0.0017242517787963152,3,0
2000,0,1,road_5_2_2_0,0.0,0,0
2000,0,1,road_5_2_2_1,-1.0026245945482515e-05,3,0
2000,0,1,road_5_2_2_2,-0.0021929244976490736,3,0
2000,0,1,road_4_1_1_0,0.0,0,0
2000,0,1,road_4_1_1_1,0.002822199370712042,3,0
2000,0,1,road_4_1_1_2,0.002123806159943342,3,0
2000,0,1,road_3_2_0_0,0.0,0,0
2000,0,1,road_3_2_0_1,-0.002642279490828514,0,0
2000,0,1,road_3_2_0_2,-0.0026546968147158623,3,0
2000,0,1,road_4_4_3_0,0.0,0,0
2000,0,1,road_4_4_3_1,0.002241177950054407,3,0
2000,0,1,road_4_4_3_2,0.001751353614963591,3,0
2000,0,1,road_5_3_2_0,0.0,0,0
2000,0,1,road_5_3_2_1,-7.1032500272849575e-06,3,0
2000,0,1,road_5_3_2_2,-0.00030052027432247996,3,0
2000,0,1,road_4_2_1_0,0.0,0,0
2000,0,1,road_4_2_1_1,0.0022731125354766846,3,0
2000,0,1,road_4_2_1_2,0.0014052707701921463,3,0
2000,0,1,road_3_3_0_0,0.0,0,0
2000,0,1,road_3_3_0_1,-0.0013710919301956892,3,0
2000,0,1,road_3_3_0_2,-0.0019990261644124985,3,0
2000,0,1,road_4_5_3_0,0.0,0,0
2000,0,1,road_4_5_3_1,0.002144732279703021,3,0
2000,0,1,road_4_5_3_2,0.0021468610502779484,3,0
2000,0,1,road_5_4_2_0,0.0,0,0
2000,0,1,road_5_4_2_1,-7.798755177645944e-06,3,0
2000,0,1,road_5_4_2_2,-0.002335088327527046,3,0
2000,0,1,road_4_3_1_0,0.0,0,0
2000,0,1,road_4_3_1_1,0.002288366202265024,3,0
2000,0,1,road_4_3_1_2,0.002502748277038336,3,0
2000,0,1,road_3_4_0_0,0.0,0,0
2000,0,1,road_3_4_0_1,-0.0008439493831247091,3,0
2000,0,1,road_3_4_0_2,-0.0023016156628727913,3,0
2200,0,0,road_1_2_3_0,0.0,0,0
2200,0,0,road_1_2_3_1,-0.0006900295265950263,0,0
2200,0,0,road_1_2_3_2,-0.0008454284979961812,0,0
2200,0,0,road_2_1_2_0,0.0,0,0
2200,0,0,road_2_1_2_1,-0.0017347882967442274,0,3
2200,0,0,road_2_1_2_2,-0.0007315126713365316,0,0
2200,0,0,road_1_0_1_0,0.0,0,0
2200,0,0,road_1_0_1_1,-0.0016303027514368296,0,0
2200,0,0,road_1_0_1_2,-0.0016821952303871512,0,0
2200,0,0,road_0_1_0_0,0.0,0,0
2200,0,0,road_0_1_0_1,-1.4527646271744743e-05,0,0
2200,0,0,road_0_1_0_2,-0.0004560947127174586,0,0
2200,0,0,road_1_3_3_0,0.0,0,0
2200,0,0,road_1_3_3_1,0.003629097482189536,0,3
2200,0,0,road_1_3_3_2,0.005245736800134182,0,3
2200,0,0,road_2_2_2_0,0.0,0,0
2200,0,0,road_2_2_2_1,0.0021260192152112722,0,3
2200,0,0,road_2_2_2_2,0.0011258905287832022,0,3
2200,0,0,road_1_1_1_0,0.0,0,0
2200,0,0,road_1_1_1_1,2.1536585336434655e-05,0,3
2200,0,0,road_1_1_1_2,0.003046724945306778,0,3
2200,0,0,road_0_2_0_0,0.0,0,0
2200,0,0,road_0_2_0_1,0.002865413436666131,0,3
2200,0,0,road_0_2_0_2,0.0019977358169853687,0,3
2200,0,0,road_1_4_3_0,0.0,0,0
2200,0,0,road_1_4_3_1,2.41963589360239e-05,0,3
2200,0,0,road_1_4_3_2,0.007363541517406702,0,3
2200,0,0,road_2_3_2_0,0.0,0,0
2200,0,0,road_2_3_2_1,0.0019057773752138019,0,3
2200,0,0,road_2_3_2_2,0.00125067587941885,0,3
2200,0,0,road_1_2_1_0,0.0,0,0
2200,0,0,road_1_2_1_1,0.002120113931596279,0,3
2200,0,0,road_1_2_1_2,0.004764137789607048,0,3
2200,0,0,road_0_3_0_0,0.0,0,0
2200,0,0,road_0_3_0_1,0.0019057774916291237,0,3
2200,0,0,road_0_3_0_2,0.0012506759958341718,0,3
2200,0,0,road_1_5_3_0,0.0,0,0
2200,0,0,road_1_5_3_1,7.568041382910451e-06,0,3
2200,0,0,road_1_5_3_2,-0.003938464447855949,0,0
2200,0,0,road_2_4_2_0,0.0,0,0
2200,0,0,road_2_4_2_1,-0.001329057733528316,0,0
2200,0,0,road_2_4_2_2,-0.0012455062242224813,0,0
2200,0,0,road_1_3_1_0,0.0,0,0
2200,0,0,road_1_3_1_1,0.0033667641691863537,0,3
2200,0,0,road_1_3_1_2,-0.00018859091505873948,0,0
2200,0,0,road_0_4_0_0,0.0,0,0
2200,0,0,road_0_4_0_1,-1.742543827276677e-05,0,0
2200,0,0,road_0_4_0_2,-0.0003099239547736943,0,0
2200,0,0,road_2_2_3_0,0.0,0,0
2200,0,0,road_2_2_3_1,-0.0002114304807037115,0,0
2200,0,0,road_2_2_3_2,-0.0007683653384447098,0,0
2200,0,0,road_3_1_2_0,0.0,0,0
2200,0,0,road_3_1_2_1,0.003135585691779852,0,3
2200,0,0,road_3_1_2_2,-0.0005587371997535229,0,0
2200,0,0,road_2_0_1_0,0.0,0,0
2200,0,0,road_2_0_1_1,-0.0007683654548600316,0,0
2200,0,0,road_2_0_1_2,-0.0005613126559183002,0,0
2200,0,0,road_1_1_0_0,0.0,0,0
2200,0,0,road_1_1_0_1,-0.0001821509940782562,0,0
2200,0,0,road_1_1_0_2,-0.003935340791940689,0,0
2200,0,0,road_2_3_3_0,0.0,0,0
2200,0,0,road_2_3_3_1,-0.0013353119138628244,0,3
2200,0,0,road_2_3_3_2,-0.0013353119138628244,0,0
2200,0,0,road_3_2_2_0,0.0,0,0
2200,0,0,road_3_2_2_1,-0.0004559493390843272,0,0
2200,0,0,road_3_2_2_2,-0.0004460063064470887,0,0
2200,0,0,road_2_1_1_0,0.0,0,0
2200,0,0,road_2_1_1_1,-0.0007314177928492427,0,0
2200,0,0,road_2_1_1_2,-0.0007314177928492427,0,0
2200,0,0,road_1_2_0_0,0.0,0,0
2200,0,0,road_1_2_0_1,-1.58181028382387e-05,0,0
2200,0,0,road_1_2_0_2,-0.00034292275086045265,0,0
2200,0,0,road_2_4_3_0,0.0,0,0
2200,0,0,road_2_4_3_1,0.0013915984891355038,0,3
2200,0,0,road_2_4_3_2,0.00011258856829954311,0,3
2200,0,0,road_3_3_2_0,0.0,0,0
2200,0,0,road_3_3_2_1,-0.0013664104044437408,0,0
2200,0,0,road_3_3_2_2,-0.00028329226188361645,0,0
2200,0,0,road_2_2_1_0,0.0,0,0
2200,0,0,road_2_2_1_1,0.0013915984891355038,0,3
2200,0,0,road_2_2_1_2,0.00011258856829954311,0,3
2200,0,0,road_1_3_0_0,0.0,0,0
2200,0,0,road_1_3_0_1,-0.0002984444727189839,0,0
2200,0,0,road_1_3_0_2,0.00027148466324433684,0,3
2200,0,0,road_2_5_3_0,0.0,0,0
2200,0,0,road_2_5_3_1,8.004464325495064e-05,0,3
2200,0,0,road_2_5_3_2,8.004466508282349e-05,0,3
2200,0,0,road_3_4_2_0,0.0,0,0
2200,0,0,road_3_4_2_1,0.003350247396156192,0,3
2200,0,0,road_3_4_2_2,0.0001477653277106583,0,3
2200,0,0,road_2_3_1_0,0.0,0,0
2200,0,0,road_2_3_1_1,0.0016711590578779578,0,3
2200,0,0,road_2_3_1_2,0.0016711590578779578,0,3
2200,0,0,road_1_4_0_0,0.0,0,0
2200,0,0,road_1_4_0_1,6.547813973156735e-05,0,3
2200,0,0,road_1_4_0_2,-0.0035875337198376656,0,0
2200,0,0,road_3_2_3_0,0.0,0,0
2200,0,0,road_3_2_3_1,0.0017099849646911025,0,3
2200,0,0,road_3_2_3_2,8.675380377098918e-05,0,3
2200,0,0,road_4_1_2_0,0.0,0,0
2200,0,0,road_4_1_2_1,-0.003608959261327982,0,0
2200,0,0,road_4_1_2_2,0.0006658626371063292,0,3
2200,0,0,road_3_0_1_0,0.0,0,0
2200,0,0,road_3_0_1_1,0.0017099850811064243,0,3
2200,0,0,road_3_0_1_2,8.675385470269248e-05,0,3
2200,0,0,road_2_1_0_0,0.0,0,0
2200,0,0,road_2_1_0_1,0.00010388985538156703,0,3
2200,0,0,road_2_1_0_2,0.0038477578200399876,0,3
2200,0,0,road_3_3_3_0,0.0,0,0
2200,0,0,road_3_3_3_1,0.0002304476802237332,0,3
2200,0,0,road_3_3_3_2,-0.00033815615461207926,0,0
2200,0,0,road_4_2_2_0,0.0,0,0
2200,0,0,road_4_2_2_1,1.0116091289091855e-05,0,3
2200,0,0,road_4_2_2_2,0.0008537390967831016,0,3
2200,0,0,road_3_1_1_0,0.0,0,0
2200,0,0,road_3_1_1_1,0.00023044762201607227,0,3
2200,0,0,road_3_1_1_2,-0.00033815615461207926,0,0
2200,0,0,road_2_2_0_0,0.0,0,0
2200,0,0,road_2_2_0_1,-0.0004016889142803848,0,0
2200,0,0,road_2_2_0_2,1.0115953045897186e-05,0,3
2200,0,0,road_3_4_3_0,0.0,0,0
2200,0,0,road_3_4_3_1,0.0003491207316983491,0,3
2200,0,0,road_3_4_3_2,-0.00031388489878736436,0,0
2200,0,0,road_4_3_2_0,0.0,0,0
2200,0,0,road_4_3_2_1,-0.00040085980435833335,0,0
2200,0,0,road_4_3_2_2,-0.00029645409085787833,0,0
2200,0,0,road_3_2_1_0,0.0,0,0
2200,0,0,road_3_2_1_1,0.0003491207608021796,0,3
2200,0,0,road_3_2_1_2,-0.00031388489878736436,0,0
2200,0,0,road_2_3_0_0,0.0,0,0
2200,0,0,road_2_3_0_1,-0.0002964541781693697,0,0
2200,0,0,road_2_3_0_2,-0.0001617666712263599,0,0
2200,0,0,road_3_5_3_0,0.0,0,0
2200,0,0,road_3_5_3_1,0.0010191133478656411,0,3
2200,0,0,road_3_5_3_2,0.00013245063018985093,0,3
2200,0,0,road_4_4_2_0,0.0,0,0
2200,0,0,road_4_4_2_1,-0.002012125449255109,0,0
2200,0,0,road_4_4_2_2,-0.00032942998223006725,0,0
2200,0,0,road_3_3_1_0,0.0,0,0
2200,0,0,road_3_3_1_1,0.0010191132314503193,0,3
2200,0,0,road_3_3_1_2,0.00013245068839751184,0,3
2200,0,0,road_2_4_0_0,0.0,0,0
2200,0,0,road_2_4_0_1,-0.0009161232737824321,0,0
2200,0,0,road_2_4_0_2,-0.00029327033553272486,0,0
2200,0,0,road_4_2_3_0,0.0,0,0
2200,0,0,road_4_2_3_1,-0.004621797241270542,0,0
2200,0,0,road_4_2_3_2,0.0003837555123027414,0,3
2200,0,0,road_5_1_2_0,0.0,0,0
2200,0,0,road_5_1_2_1,0.0019663607235997915,0,3
2200,0,0,road_5_1_2_2,0.0007154865888878703,0,3
2200,0,0,road_4_0_1_0,0.0,0,0
2200,0,0,road_4_0_1_1,1.4271261534304358e-05,0,3
2200,0,0,road_4_0_1_2,0.00770553108304739,0,3
2200,0,0,road_3_1_0_0,0.0,0,0
2200,0,0,road_3_1_0_1,0.0019663607235997915,0,3
2200,0,0,road_3_1_0_2,0.0007154864724725485,0,3
2200,0,0,road_4_3_3_0,0.0,0,0
2200,0,0,road_4_3_3_1,-0.0005263472557999194,0,0
2200,0,0,road_4_3_3_2,-4.496614565141499e-05,0,0
2200,0,0,road_5_2_2_0,0.0,0,0
2200,0,0,road_5_2_2_1,-2.2096659449744038e-05,0,0
2200,0,0,road_5_2_2_2,-0.0014892888721078634,0,3
2200,0,0,road_4_1_1_0,0.0,0,0
2200,0,0,road_4_1_1_1,-0.0005263471393845975,0,0
2200,0,0,road_4_1_1_2,-4.496585461311042e-05,0,0
2200,0,0,road_3_2_0_0,0.0,0,0
2200,0,0,road_3_2_0_1,-0.001489288522861898,0,0
2200,0,0,road_3_2_0_2,-0.00048676785081624985,0,0
2200,0,0,road_4_4_3_0,0.0,0,0
2200,0,0,road_4_4_3_1,0.0012461424339562654,0,3
2200,0,0,road_4_4_3_2,0.0012461424339562654,0,3
2200,0,0,road_5_3_2_0,0.0,0,0
2200,0,0,road_5_3_2_1,2.4996303181978874e-05,0,3
2200,0,0,road_5_3_2_2,0.0013009237591177225,0,3
2200,0,0,road_4_2_1_0,0.0,0,0
2200,0,0,road_4_2_1_1,0.001955347368493676,0,3
2200,0,0,road_4_2_1_2,0.001955347368493676,0,3
2200,0,0,road_3_3_0_0,0.0,0,0
2200,0,0,road_3_3_0_1,0.0037370556965470314,0,3
2200,0,0,road_3_3_0_2,0.004049967043101788,0,3
2200,0,0,road_4_5_3_0,0.0,0,0
2200,0,0,road_4_5_3_1,0.0006771066691726446,0,3
2200,0,0,road_4_5_3_2,0.0006771067855879664,0,3
2200,0,0,road_5_4_2_0,0.0,0,0
2200,0,0,road_5_4_2_1,1.4772929716855288e-05,0,3
2200,0,0,road_5_4_2_2,0.0030651891138404608,0,3
2200,0,0,road_4_3_1_0,0.0,0,0
2200,0,0,road_4_3_1_1,0.00198350939899683,0,3
2200,0,0,road_4_3_1_2,0.0019835091661661863,0,3
2200,0,0,road_3_4_0_0,0.0,0,0
2200,0,0,road_3_4_0_1,-0.000688467116560787,0,0
2200,0,0,road_3_4_0_2,0.0013746359618380666,0,3
2200,0,1,road_1_2_3_0,0.0,0,0
2200,0,1,road_1_2_3_1,-0.0008454907801933587,0,0
2200,0,1,road_1_2_3_2,-0.0011171204969286919,0,0
2200,0,1,road_2_1_2_0,0.0,0,0
2200,0,1,road_2_1_2_1,-0.0012637036852538586,3,0
2200,0,1,road_2_1_2_2,-0.0007980240043252707,0,0
2200,0,1,road_1_0_1_0,0.0,0,0
2200,0,1,road_1_0_1_1,-0.0013056021416559815,0,0
2200,0,1,road_1_0_1_2,-0.001468022121116519,0,3
2200,0,1,road_0_1_0_0,0.0,0,0
2200,0,1,road_0_1_0_1,-1.7345486412523314e-05,0,0
2200,0,1,road_0_1_0_2,-0.00041166538721881807,0,0
2200,0,1,road_1_3_3_0,0.0,0,0
2200,0,1,road_1_3_3_1,-0.0014741441700607538,3,0
2200,0,1,road_1_3_3_2,-0.002152311382815242,3,0
2200,0,1,road_2_2_2_0,0.0,0,0
2200,0,1,road_2_2_2_1,0.0014769904082641006,3,0
2200,0,1,road_2_2_2_2,0.0018411860801279545,3,0
2200,0,1,road_1_1_1_0,0.0,0,0
2200,0,1,road_1_1_1_1,-6.528766334668035e-06,3,0
2200,0,1,road_1_1_1_2,-0.0007890817942097783,3,0
2200,0,1,road_0_2_0_0,0.0,0,0
2200,0,1,road_0_2_0_1,0.002362775383517146,3,0
2200,0,1,road_0_2_0_2,0.002329934621229768,3,0
2200,0,1,road_1_4_3_0,0.0,0,0
2200,0,1,road_1_4_3_1,-8.519276889273897e-06,3,0
2200,0,1,road_1_4_3_2,-0.001734300865791738,3,0
2200,0,1,road_2_3_2_0,0.0,0,0
2200,0,1,road_2_3_2_1,0.001996335806325078,3,0
2200,0,1,road_2_3_2_2,0.0019480063347145915,3,0
2200,0,1,road_1_2_1_0,0.0,0,0
2200,0,1,road_1_2_1_1,-0.0005497023230418563,3,0
2200,0,1,road_1_2_1_2,-0.0019858074374496937,3,0
2200,0,1,road_0_3_0_0,0.0,0,0
2200,0,1,road_0_3_0_1,0.001996335806325078,3,0
2200,0,1,road_0_3_0_2,0.0019480063347145915,3,0
2200,0,1,road_1_5_3_0,0.0,0,0
2200,0,1,road_1_5_3_1,-1.1586752407310996e-05,3,0
2200,0,1,road_1_5_3_2,-0.0014129058690741658,0,0
2200,0,1,road_2_4_2_0,0.0,0,0
2200,0,1,road_2_4_2_1,0.004075570497661829,0,3
2200,0,1,road_2_4_2_2,0.0035688539501279593,0,3
2200,0,1,road_1_3_1_0,0.0,0,0
2200,0,1,road_1_3_1_1,-0.0015561350155621767,3,0
2200,0,1,road_1_3_1_2,-0.0008599799475632608,0,0
2200,0,1,road_0_4_0_0,0.0,0,0
2200,0,1,road_0_4_0_1,1.8772763723973185e-05,0,3
2200,0,1,road_0_4_0_2,0.0002591703087091446,0,3
2200,0,1,road_2_2_3_0,0.0,0,0
2200,0,1,road_2_2_3_1,-0.00024142609618138522,0,0
2200,0,1,road_2_2_3_2,-0.0006747046718373895,0,0
2200,0,1,road_3_1_2_0,0.0,0,0
2200,0,1,road_3_1_2_1,-0.0049607595428824425,3,0
2200,0,1,road_3_1_2_2,-8.515124136465602e-06,0,0
2200,0,1,road_2_0_1_0,0.0,0,0
2200,0,1,road_2_0_1_1,-0.0006747046718373895,0,0
2200,0,1,road_2_0_1_2,-0.00023658291320316494,0,0
2200,0,1,road_1_1_0_0,0.0,0,0
2200,0,1,road_1_1_0_1,9.085648343898356e-05,0,3
2200,0,1,road_1_1_0_2,0.0034888102672994137,0,3
2200,0,1,road_2_3_3_0,0.0,0,0
2200,0,1,road_2_3_3_1,-0.005600055679678917,3,0
2200,0,1,road_2_3_3_2,-0.0034944582730531693,0,0
2200,0,1,road_3_2_2_0,0.0,0,0
2200,0,1,road_3_2_2_1,-0.0003900165029335767,0,0
2200,0,1,road_3_2_2_2,-0.0003770825860556215,0,0
2200,0,1,road_2_1_1_0,0.0,0,0
2200,0,1,road_2_1_1_1,-0.0009949527448043227,0,0
2200,0,1,road_2_1_1_2,-0.0007047959370538592,0,0
2200,0,1,road_1_2_0_0,0.0,0,0
2200,0,1,road_1_2_0_1,-1.4172198461892549e-05,0,0
2200,0,1,road_1_2_0_2,-0.00030627314117737114,0,0
2200,0,1,road_2_4_3_0,0.0,0,0
2200,0,1,road_2_4_3_1,0.002047026064246893,3,0
2200,0,1,road_2_4_3_2,0.0035038739442825317,3,0
2200,0,1,road_3_3_2_0,0.0,0,0
2200,0,1,road_3_3_2_1,0.0009749417076818645,0,3
2200,0,1,road_3_3_2_2,0.0008087197784334421,0,3
2200,0,1,road_2_2_1_0,0.0,0,0
2200,0,1,road_2_2_1_1,0.0020470265299081802,3,0
2200,0,1,road_2_2_1_2,0.003503874409943819,3,0
2200,0,1,road_1_3_0_0,0.0,0,0
2200,0,1,road_1_3_0_1,0.0008087199530564249,0,3
2200,0,1,road_1_3_0_2,0.0009749413002282381,3,0
2200,0,1,road_2_5_3_0,0.0,0,0
2200,0,1,road_2_5_3_1,0.002943513449281454,3,0
2200,0,1,road_2_5_3_2,0.002943513449281454,3,0
2200,0,1,road_3_4_2_0,0.0,0,0
2200,0,1,road_3_4_2_1,-0.002246770542114973,3,0
2200,0,1,road_3_4_2_2,-0.0010420243488624692,3,0
2200,0,1,road_2_3_1_0,0.0,0,0
2200,0,1,road_2_3_1_1,0.0030068722553551197,3,0
2200,0,1,road_2_3_1_2,0.003006872721016407,3,0
2200,0,1,road_1_4_0_0,0.0,0,0
2200,0,1,road_1_4_0_1,-0.0002783613163046539,3,0
2200,0,1,road_1_4_0_2,-0.0007364135817624629,0,0
2200,0,1,road_3_2_3_0,0.0,0,0
2200,0,1,road_3_2_3_1,0.003140566637739539,3,0
2200,0,1,road_3_2_3_2,0.0028332851361483335,3,0
2200,0,1,road_4_1_2_0,0.0,0,0
2200,0,1,road_4_1_2_1,4.333083415986039e-05,0,3
2200,0,1,road_4_1_2_2,-0.0008944810833781958,3,0
2200,0,1,road_3_0_1_0,0.0,0,0
2200,0,1,road_3_0_1_1,0.003140566870570183,3,0
2200,0,1,road_3_0_1_2,0.00283328490331769,3,0
2200,0,1,road_2_1_0_0,0.0,0,0
2200,0,1,road_2_1_0_1,-0.0004770652740262449,3,0
2200,0,1,road_2_1_0_2,-0.0021539931185543537,3,0
2200,0,1,road_3_3_3_0,0.0,0,0
2200,0,1,road_3_3_3_1,-0.005437759216874838,3,0
2200,0,1,road_3_3_3_2,-0.001216899137943983,0,0
2200,0,1,road_4_2_2_0,0.0,0,0
2200,0,1,road_4_2_2_1,0.00043801916763186455,3,0
2200,0,1,road_4_2_2_2,-0.0014989348128437996,3,0
2200,0,1,road_3_1_1_0,0.0,0,0
2200,0,1,road_3_1_1_1,-0.005437758751213551,3,0
2200,0,1,road_3_1_1_2,-0.0012168990215286613,0,0
2200,0,1,road_2_2_0_0,0.0,0,0
2200,0,1,road_2_2_0_1,0.0024693578016012907,0,3
2200,0,1,road_2_2_0_2,0.0004380190803203732,3,0
2200,0,1,road_3_4_3_0,0.0,0,0
2200,0,1,road_3_4_3_1,-0.007197130937129259,3,0
2200,0,1,road_3_4_3_2,-0.0004452135763131082,0,0
2200,0,1,road_4_3_2_0,0.0,0,0
2200,0,1,road_4_3_2_1,0.0009727053693495691,0,3
2200,0,1,road_4_3_2_2,0.00035607023164629936,0,3
2200,0,1,road_3_2_1_0,0.0,0,0
2200,0,1,road_3_2_1_1,-0.007197130937129259,3,0
2200,0,1,road_3_2_1_2,-0.0004452135763131082,0,0
2200,0,1,road_2_3_0_0,0.0,0,0
2200,0,1,road_2_3_0_1,0.0003560703480616212,0,3
2200,0,1,road_2_3_0_2,-0.00032283816835843027,0,0
2200,0,1,road_3_5_3_0,0.0,0,0
2200,0,1,road_3_5_3_1,0.0006347020389512181,3,0
2200,0,1,road_3_5_3_2,0.003859573043882847,3,0
2200,0,1,road_4_4_2_0,0.0,0,0
2200,0,1,road_4_4_2_1,-0.0005358845228329301,0,0
2200,0,1,road_4_4_2_2,0.0003297525690868497,0,3
2200,0,1,road_3_3_1_0,0.0,0,0
2200,0,1,road_3_3_1_1,0.0006347023881971836,3,0
2200,0,1,road_3_3_1_2,0.0038595732767134905,3,0
2200,0,1,road_2_4_0_0,0.0,0,0
2200,0,1,road_2_4_0_1,6.106299406383187e-05,0,3
2200,0,1,road_2_4_0_2,0.00033142438041977584,0,3
2200,0,1,road_4_2_3_0,0.0,0,0
2200,0,1,road_4_2_3_1,-0.0025027163792401552,0,0
2200,0,1,road_4_2_3_2,-0.002521342597901821,3,0
2200,0,1,road_5_1_2_0,0.0,0,0
2200,0,1,road_5_1_2_1,0.0027463138103485107,3,0
2200,0,1,road_5_1_2_2,0.0023331923875957727,3,0
2200,0,1,road_4_0_1_0,0.0,0,0
2200,0,1,road_4_0_1_1,-1.2216833056299947e-05,3,0
2200,0,1,road_4_0_1_2,-0.00216715969145298,3,0
2200,0,1,road_3_1_0_0,0.0,0,0
2200,0,1,road_3_1_0_1,0.0027463138103485107,3,0
2200,0,1,road_3_1_0_2,0.0023331923875957727,3,0
2200,0,1,road_4_3_3_0,0.0,0,0
2200,0,1,road_4_3_3_1,-0.0015287065180018544,0,3
2200,0,1,road_4_3_3_2,-0.0007756919949315488,0,0
2200,0,1,road_5_2_2_0,0.0,0,0
2200,0,1,road_5_2_2_1,-1.9219905880163424e-05,0,0
2200,0,1,road_5_2_2_2,-0.0009084419580176473,3,0
2200,0,1,road_4_1_1_0,0.0,0,0
2200,0,1,road_4_1_1_1,-0.0015287065180018544,0,0
2200,0,1,road_4_1_1_2,-0.0007756919949315488,0,0
2200,0,1,road_3_2_0_0,0.0,0,0
2200,0,1,road_3_2_0_1,-0.0014079052489250898,0,0
2200,0,1,road_3_2_0_2,-0.0008730990812182426,0,0
2200,0,1,road_4_4_3_0,0.0,0,0
2200,0,1,road_4_4_3_1,0.0020818053744733334,3,0
2200,0,1,road_4_4_3_2,0.002081805607303977,3,0
2200,0,1,road_5_3_2_0,0.0,0,0
2200,0,1,road_5_3_2_1,-6.786844551243121e-06,3,0
2200,0,1,road_5_3_2_2,-0.0003931949322577566,3,0
2200,0,1,road_4_2_1_0,0.0,0,0
2200,0,1,road_4_2_1_1,0.0022741700522601604,3,0
2200,0,1,road_4_2_1_2,0.0022741707507520914,3,0
2200,0,1,road_3_3_0_0,0.0,0,0
2200,0,1,road_3_3_0_1,-0.0020553208887577057,3,0
2200,0,1,road_3_3_0_2,-0.0020447552669793367,3,0
2200,0,1,road_4_5_3_0,0.0,0,0
2200,0,1,road_4_5_3_1,0.0024441275745630264,3,0
2200,0,1,road_4_5_3_2,0.00244412780739367,3,0
2200,0,1,road_5_4_2_0,0.0,0,0
2200,0,1,road_5_4_2_1,-7.1084486990002915e-06,3,0
2200,0,1,road_5_4_2_2,-0.002632168820127845,3,0
2200,0,1,road_4_3_1_0,0.0,0,0
2200,0,1,road_4_3_1_1,0.0030029783956706524,3,0
2200,0,1,road_4_3_1_2,0.0030029783956706524,3,0
2200,0,1,road_3_4_0_0,0.0,0,0
2200,0,1,road_3_4_0_1,-0.0018558661686256528,0,0
2200,0,1,road_3_4_0_2,-0.0025217225775122643,3,0
2400,0,0,road_1_2_3_0,0.0,0,0
2400,0,0,road_1_2_3_1,-0.0005228188238106668,0,0
2400,0,0,road_1_2_3_2,-0.002119117882102728,0,3
2400,0,0,road_2_1_2_0,0.0,0,0
2400,0,0,road_2_1_2_1,-0.002038650680333376,0,0
2400,0,0,road_2_1_2_2,-0.0006960112368687987,0,0
2400,0,0,road_1_0_1_0,0.0,0,0
2400,0,0,road_1_0_1_1,-0.0016199668170884252,0,0
2400,0,0,road_1_0_1_2,-0.0018481139559298754,0,0
2400,0,0,road_0_1_0_0,0.0,0,0
2400,0,0,road_0_1_0_1,-1.5254878235282376e-05,0,0
2400,0,0,road_0_1_0_2,-0.0005965085001662374,0,0
2400,0,0,road_1_3_3_0,0.0,0,0
2400,0,0,road_1_3_3_1,0.003663607407361269,0,3
2400,0,0,road_1_3_3_2,0.004707804881036282,0,3
2400,0,0,road_2_2_2_0,0.0,0,0
2400,0,0,road_2_2_2_1,0.00149896543007344,0,3
2400,0,0,road_2_2_2_2,0.0016330514336004853,0,3
2400,0,0,road_1_1_1_0,0.0,0,0
2400,0,0,road_1_1_1_1,2.4575407223892398e-05,0,3
2400,0,0,road_1_1_1_2,0.0024004410952329636,0,3
2400,0,0,road_0_2_0_0,0.0,0,0
2400,0,0,road_0_2_0_1,0.002149359555914998,0,3
2400,0,0,road_0_2_0_2,0.0025058137252926826,0,3
2400,0,0,road_1_4_3_0,0.0,0,0
2400,0,0,road_1_4_3_1,2.6695091946749017e-05,0,3
2400,0,0,road_1_4_3_2,0.0073377820663154125,0,3
2400,0,0,road_2_3_2_0,0.0,0,0
2400,0,0,road_2_3_2_1,0.001917252317070961,0,3
2400,0,0,road_2_3_2_2,0.001917252317070961,0,3
2400,0,0,road_1_2_1_0,0.0,0,0
2400,0,0,road_1_2_1_1,0.0016788019565865397,0,3
2400,0,0,road_1_2_1_2,0.00439868401736021,0,3
2400,0,0,road_0_3_0_0,0.0,0,0
2400,0,0,road_0_3_0_1,0.0012734687188640237,0,3
2400,0,0,road_0_3_0_2,0.0012734686024487019,0,3
2400,0,0,road_1_5_3_0,0.0,0,0
2400,0,0,road_1_5_3_1,-1.7246180505026132e-05,0,0
2400,0,0,road_1_5_3_2,-0.0006070075323805213,0,0
2400,0,0,road_2_4_2_0,0.0,0,0
2400,0,0,road_2_4_2_1,0.0037793193478137255,0,3
2400,0,0,road_2_4_2_2,0.0037792588118463755,0,3
2400,0,0,road_1_3_1_0,0.0,0,0
2400,0,0,road_1_3_1_1,-0.0013265024172142148,0,0
2400,0,0,road_1_3_1_2,-0.0014004283584654331,0,0
2400,0,0,road_0_4_0_0,0.0,0,0
2400,0,0,road_0_4_0_1,1.7058930097846314e-05,0,3
2400,0,0,road_0_4_0_2,2.614472759887576e-05,0,3
2400,0,0,road_2_2_3_0,0.0,0,0
2400,0,0,road_2_2_3_1,2.6524223358137533e-05,0,3
2400,0,0,road_2_2_3_2,0.003270472399890423,0,3
2400,0,0,road_3_1_2_0,0.0,0,0
2400,0,0,road_3_1_2_1,7.994841871550307e-05,0,3
2400,0,0,road_3_1_2_2,7.994834595592692e-05,0,3
2400,0,0,road_2_0_1_0,0.0,0,0
2400,0,0,road_2_0_1_1,-0.003667308483272791,0,0
2400,0,0,road_2_0_1_2,0.0001096233245334588,0,3
2400,0,0,road_1_1_0_0,0.0,0,0
2400,0,0,road_1_1_0_1,0.0016762863378971815,0,3
2400,0,0,road_1_1_0_2,0.0016762861050665379,0,3
2400,0,0,road_2_3_3_0,0.0,0,0
2400,0,0,road_2_3_3_1,0.0019808411598205566,0,3
2400,0,0,road_2_3_3_2,0.0012743411352857947,0,3
2400,0,0,road_3_2_2_0,0.0,0,0
2400,0,0,road_3_2_2_1,0.0037780343554913998,0,3
2400,0,0,road_3_2_2_2,0.0038462828379124403,0,3
2400,0,0,road_2_1_1_0,0.0,0,0
2400,0,0,road_2_1_1_1,0.0019808411598205566,0,3
2400,0,0,road_2_1_1_2,0.0012743411352857947,0,3
2400,0,0,road_1_2_0_0,0.0,0,0
2400,0,0,road_1_2_0_1,2.7464469894766808e-05,0,3
2400,0,0,road_1_2_0_2,0.000509417150169611,0,3
2400,0,0,road_2_4_3_0,0.0,0,0
2400,0,0,road_2_4_3_1,0.0013915984891355038,0,3
2400,0,0,road_2_4_3_2,0.00011258856829954311,0,3
2400,0,0,road_3_3_2_0,0.0,0,0
2400,0,0,road_3_3_2_1,-0.0013664104044437408,0,0
2400,0,0,road_3_3_2_2,-0.00028329226188361645,0,0
2400,0,0,road_2_2_1_0,0.0,0,0
2400,0,0,road_2_2_1_1,0.0013915984891355038,0,3
2400,0,0,road_2_2_1_2,0.00011258856829954311,0,3
2400,0,0,road_1_3_0_0,0.0,0,0
2400,0,0,road_1_3_0_1,-0.0002984444727189839,0,0
2400,0,0,road_1_3_0_2,0.00027148466324433684,0,3
2400,0,0,road_2_5_3_0,0.0,0,0
2400,0,0,road_2_5_3_1,9.2773036158178e-05,0,3
2400,0,0,road_2_5_3_2,9.277300705434754e-05,0,3
2400,0,0,road_3_4_2_0,0.0,0,0
2400,0,0,road_3_4_2_1,-0.007082059979438782,0,0
2400,0,0,road_3_4_2_2,-0.0004380058962851763,0,0
2400,0,0,road_2_3_1_0,0.0,0,0
2400,0,0,road_2_3_1_1,0.0016324393218383193,0,3
2400,0,0,road_2_3_1_2,0.0016324394382536411,0,3
2400,0,0,road_1_4_0_0,0.0,0,0
2400,0,0,road_1_4_0_1,5.200726445764303e-05,0,3
2400,0,0,road_1_4_0_2,0.0031986800022423267,0,3
2400,0,0,road_3_2_3_0,0.0,0,0
2400,0,0,road_3_2_3_1,0.0017317518359050155,0,3
2400,0,0,road_3_2_3_2,8.661923493491486e-05,0,3
2400,0,0,road_4_1_2_0,0.0,0,0
2400,0,0,road_4_1_2_1,-0.003654084401205182,0,0
2400,0,0,road_4_1_2_2,0.0006344533176161349,0,3
2400,0,0,road_3_0_1_0,0.0,0,0
2400,0,0,road_3_0_1_1,0.0017317519523203373,0,3
2400,0,0,road_3_0_1_2,8.661922038299963e-05,0,3
2400,0,0,road_2_1_0_0,0.0,0,0
2400,0,0,road_2_1_0_1,2.2250733309192583e-05,0,3
2400,0,0,road_2_1_0_2,0.003802633611485362,0,3
2400,0,0,road_3_3_3_0,0.0,0,0
2400,0,0,road_3_3_3_1,0.0002441579708829522,0,3
2400,0,0,road_3_3_3_2,-0.00033807221916504204,0,0
2400,0,0,road_4_2_2_0,0.0,0,0
2400,0,0,road_4_2_2_1,0.00044147856533527374,0,3
2400,0,0,road_4_2_2_2,1.9936676835641265e-05,0,3
2400,0,0,road_3_1_1_0,0.0,0,0
2400,0,0,road_3_1_1_1,0.0002441578544676304,0,3
2400,0,0,road_3_1_1_2,-0.00033807221916504204,0,0
2400,0,0,road_2_2_0_0,0.0,0,0
2400,0,0,road_2_2_0_1,1.9936560420319438e-05,0,3
2400,0,0,road_2_2_0_2,-0.00043157499749213457,0,0
2400,0,0,road_3_4_3_0,0.0,0,0
2400,0,0,road_3_4_3_1,0.0003491207316983491,0,3
2400,0,0,road_3_4_3_2,-0.00031388489878736436,0,0
2400,0,0,road_4_3_2_0,0.0,0,0
2400,0,0,road_4_3_2_1,-0.00040085980435833335,0,0
2400,0,0,road_4_3_2_2,-0.00029645409085787833,0,0
2400,0,0,road_3_2_1_0,0.0,0,0
2400,0,0,road_3_2_1_1,0.0003491207608021796,0,3
2400,0,0,road_3_2_1_2,-0.00031388489878736436,0,0
2400,0,0,road_2_3_0_0,0.0,0,0
2400,0,0,road_2_3_0_1,-0.0002964541781693697,0,0
2400,0,0,road_2_3_0_2,-0.0001617666712263599,0,0
2400,0,0,road_3_5_3_0,0.0,0,0
2400,0,0,road_3_5_3_1,0.0001174485296360217,0,3
2400,0,0,road_3_5_3_2,0.0010714663658291101,0,3
2400,0,0,road_4_4_2_0,0.0,0,0
2400,0,0,road_4_4_2_1,-0.00048413261538371444,0,0
2400,0,0,road_4_4_2_2,0.000202848925255239,0,3
2400,0,0,road_3_3_1_0,0.0,0,0
2400,0,0,road_3_3_1_1,0.00011744844232453033,0,3
2400,0,0,road_3_3_1_2,0.0010714663658291101,0,3
2400,0,0,road_2_4_0_0,0.0,0,0
2400,0,0,road_2_4_0_1,-0.0019807000644505024,0,0
2400,0,0,road_2_4_0_2,-0.0002690567634999752,0,0
2400,0,0,road_4_2_3_0,0.0,0,0
2400,0,0,road_4_2_3_1,-0.004719248972833157,0,0
2400,0,0,road_4_2_3_2,0.00032017147168517113,0,3
2400,0,0,road_5_1_2_0,0.0,0,0
2400,0,0,road_5_1_2_1,0.002016821876168251,0,3
2400,0,0,road_5_1_2_2,0.00069701939355582,0,3
2400,0,0,road_4_0_1_0,0.0,0,0
2400,0,0,road_4_0_1_1,9.706091987027321e-06,0,3
2400,0,0,road_4_0_1_2,0.0037390943616628647,0,3
2400,0,0,road_3_1_0_0,0.0,0,0
2400,0,0,road_3_1_0_1,0.002016821876168251,0,3
2400,0,0,road_3_1_0_2,0.0006970194517634809,0,3
2400,0,0,road_4_3_3_0,0.0,0,0
2400,0,0,road_4_3_3_1,-0.0007899500778876245,0,0
2400,0,0,road_4_3_3_2,-0.0009435430401936173,0,0
2400,0,0,road_5_2_2_0,0.0,0,0
2400,0,0,road_5_2_2_1,-1.8364835341344588e-05,0,0
2400,0,0,road_5_2_2_2,-0.0015103659825399518,0,0
2400,0,0,road_4_1_1_0,0.0,0,0
2400,0,0,road_4_1_1_1,-0.0004964347463101149,0,0
2400,0,0,road_4_1_1_2,-0.0005958598922006786,0,0
2400,0,0,road_3_2_0_0,0.0,0,0
2400,0,0,road_3_2_0_1,-0.0015103660989552736,0,3
2400,0,0,road_3_2_0_2,-0.00046359014231711626,0,0
2400,0,0,road_4_4_3_0,0.0,0,0
2400,0,0,road_4_4_3_1,0.0012284958502277732,0,3
2400,0,0,road_4_4_3_2,0.0012284958502277732,0,3
2400,0,0,road_5_3_2_0,0.0,0,0
2400,0,0,road_5_3_2_1,2.3729562599328347e-05,0,3
2400,0,0,road_5_3_2_2,0.0015648757107555866,0,3
2400,0,0,road_4_2_1_0,0.0,0,0
2400,0,0,road_4_2_1_1,0.0019293181831017137,0,3
2400,0,0,road_4_2_1_2,0.0019293181831017137,0,3
2400,0,0,road_3_3_0_0,0.0,0,0
2400,0,0,road_3_3_0_1,0.003717482555657625,0,3
2400,0,0,road_3_3_0_2,0.004162149503827095,0,3
2400,0,0,road_4_5_3_0,0.0,0,0
2400,0,0,road_4_5_3_1,0.0012238911585882306,0,3
2400,0,0,road_4_5_3_2,0.0014216555282473564,0,3
2400,0,0,road_5_4_2_0,0.0,0,0
2400,0,0,road_5_4_2_1,2.019758176174946e-05,0,3
2400,0,0,road_5_4_2_2,0.0036921128630638123,0,3
2400,0,0,road_4_3_1_0,0.0,0,0
2400,0,0,road_4_3_1_1,0.001528264256194234,0,3
2400,0,0,road_4_3_1_2,0.0015765635762363672,0,3
2400,0,0,road_3_4_0_0,0.0,0,0
2400,0,0,road_3_4_0_1,0.0027221718337386847,0,3
2400,0,0,road_3_4_0_2,0.004896088503301144,0,3
2400,0,1,road_1_2_3_0,0.0,0,0
2400,0,1,road_1_2_3_1,0.002096590120345354,0,3
2400,0,1,road_1_2_3_2,-0.00071464799111709,3,0
2400,0,1,road_2_1_2_0,0.0,0,0
2400,0,1,road_2_1_2_1,-0.0024004108272492886,0,0
2400,0,1,road_2_1_2_2,-0.0007158647640608251,0,0
2400,0,1,road_1_0_1_0,0.0,0,0
2400,0,1,road_1_0_1_1,-0.000508327386341989,0,0
2400,0,1,road_1_0_1_2,-0.004286143928766251,0,0
2400,0,1,road_0_1_0_0,0.0,0,0
2400,0,1,road_0_1_0_1,-1.4590615137421992e-05,0,0
2400,0,1,road_0_1_0_2,-0.000559473701287061,0,0
2400,0,1,road_1_3_3_0,0.0,0,0
2400,0,1,road_1_3_3_1,-0.0024205856025218964,3,0
2400,0,1,road_1_3_3_2,-0.002360319485887885,3,0
2400,0,1,road_2_2_2_0,0.0,0,0
2400,0,1,road_2_2_2_1,0.0025213733315467834,3,0
2400,0,1,road_2_2_2_2,0.002038541715592146,3,0
2400,0,1,road_1_1_1_0,0.0,0,0
2400,0,1,road_1_1_1_1,-7.83549876359757e-06,3,0
2400,0,1,road_1_1_1_2,-0.0006745114806108177,3,0
2400,0,1,road_0_2_0_0,0.0,0,0
2400,0,1,road_0_2_0_1,0.0023874579928815365,3,0
2400,0,1,road_0_2_0_2,0.0016839723102748394,3,0
2400,0,1,road_1_4_3_0,0.0,0,0
2400,0,1,road_1_4_3_1,-8.15063322079368e-06,3,0
2400,0,1,road_1_4_3_2,-0.0016648408491164446,3,0
2400,0,1,road_2_3_2_0,0.0,0,0
2400,0,1,road_2_3_2_1,0.001965767703950405,3,0
2400,0,1,road_2_3_2_2,0.0019657674711197615,3,0
2400,0,1,road_1_2_1_0,0.0,0,0
2400,0,1,road_1_2_1_1,-0.0004351197858341038,3,0
2400,0,1,road_1_2_1_2,-0.0019531373400241137,3,0
2400,0,1,road_0_3_0_0,0.0,0,0
2400,0,1,road_0_3_0_1,0.0019182836404070258,3,0
2400,0,1,road_0_3_0_2,0.0019182837568223476,3,0
2400,0,1,road_1_5_3_0,0.0,0,0
2400,0,1,road_1_5_3_1,1.4053355698706582e-05,0,3
2400,0,1,road_1_5_3_2,0.0004892064607702196,0,3
2400,0,1,road_2_4_2_0,0.0,0,0
2400,0,1,road_2_4_2_1,-0.0030691889114677906,3,0
2400,0,1,road_2_4_2_2,-0.0030691896099597216,3,0
2400,0,1,road_1_3_1_0,0.0,0,0
2400,0,1,road_1_3_1_1,0.0018573434790596366,0,3
2400,0,1,road_1_3_1_2,0.0017852452583611012,0,3
2400,0,1,road_0_4_0_0,0.0,0,0
2400,0,1,road_0_4_0_1,-7.63101070333505e-06,3,0
2400,0,1,road_0_4_0_2,-1.2403047549014445e-05,3,0
2400,0,1,road_2_2_3_0,0.0,0,0
2400,0,1,road_2_2_3_1,-0.00014609488425776362,3,0
2400,0,1,road_2_2_3_2,-0.002162241842597723,3,0
2400,0,1,road_3_1_2_0,0.0,0,0
2400,0,1,road_3_1_2_1,0.0029167854227125645,3,0
2400,0,1,road_3_1_2_2,0.002916785189881921,3,0
2400,0,1,road_2_0_1_0,0.0,0,0
2400,0,1,road_2_0_1_1,-0.0007272068178281188,0,0
2400,0,1,road_2_0_1_2,-0.0010282192379236221,3,0
2400,0,1,road_1_1_0_0,0.0,0,0
2400,0,1,road_1_1_0_1,0.00297737680375576,3,0
2400,0,1,road_1_1_0_2,0.00297737680375576,3,0
2400,0,1,road_2_3_3_0,0.0,0,0
2400,0,1,road_2_3_3_1,0.0022335979156196117,3,0
2400,0,1,road_2_3_3_2,0.002053779549896717,3,0
2400,0,1,road_3_2_2_0,0.0,0,0
2400,0,1,road_3_2_2_1,-0.0019743512384593487,3,0
2400,0,1,road_3_2_2_2,-0.0020073731429874897,3,0
2400,0,1,road_2_1_1_0,0.0,0,0
2400,0,1,road_2_1_1_1,0.0022335981484502554,3,0
2400,0,1,road_2_1_1_2,0.002053779549896717,3,0
2400,0,1,road_1_2_0_0,0.0,0,0
2400,0,1,road_1_2_0_1,-6.187517101352569e-06,3,0
2400,0,1,road_1_2_0_2,-0.00013061299978289753,3,0
2400,0,1,road_2_4_3_0,0.0,0,0
2400,0,1,road_2_4_3_1,0.002047026064246893,3,0
2400,0,1,road_2_4_3_2,0.0035038739442825317,3,0
2400,0,1,road_3_3_2_0,0.0,0,0
2400,0,1,road_3_3_2_1,0.0009749417076818645,0,3
2400,0,1,road_3_3_2_2,0.0008087197784334421,0,3
2400,0,1,road_2_2_1_0,0.0,0,0
2400,0,1,road_2_2_1_1,0.0020470265299081802,3,0
2400,0,1,road_2_2_1_2,0.003503874409943819,3,0
2400,0,1,road_1_3_0_0,0.0,0,0
2400,0,1,road_1_3_0_1,0.0008087199530564249,0,3
2400,0,1,road_1_3_0_2,0.0009749413002282381,3,0
2400,0,1,road_2_5_3_0,0.0,0,0
2400,0,1,road_2_5_3_1,0.003129246411845088,3,0
2400,0,1,road_2_5_3_2,0.0031292466446757317,3,0
2400,0,1,road_3_4_2_0,0.0,0,0
2400,0,1,road_3_4_2_1,-0.0026011918671429157,0,0
2400,0,1,road_3_4_2_2,8.868149598129094e-05,0,3
2400,0,1,road_2_3_1_0,0.0,0,0
2400,0,1,road_2_3_1_1,0.0022198613733053207,3,0
2400,0,1,road_2_3_1_2,0.0022198616061359644,3,0
2400,0,1,road_1_4_0_0,0.0,0,0
2400,0,1,road_1_4_0_1,-0.00020067366131115705,3,0
2400,0,1,road_1_4_0_2,-0.001278393785469234,3,0
2400,0,1,road_3_2_3_0,0.0,0,0
2400,0,1,road_3_2_3_1,0.0030587625224143267,3,0
2400,0,1,road_3_2_3_2,0.0027583520859479904,3,0
2400,0,1,road_4_1_2_0,0.0,0,0
2400,0,1,road_4_1_2_1,3.819069388555363e-05,0,3
2400,0,1,road_4_1_2_2,-0.0008808538550511003,3,0
2400,0,1,road_3_0_1_0,0.0,0,0
2400,0,1,road_3_0_1_1,0.003058762289583683,3,0
2400,0,1,road_3_0_1_2,0.0027583520859479904,3,0
2400,0,1,road_2_1_0_0,0.0,0,0
2400,0,1,road_2_1_0_1,-4.252522194292396e-05,3,0
2400,0,1,road_2_1_0_2,-0.0018843746511265635,3,0
2400,0,1,road_3_3_3_0,0.0,0,0
2400,0,1,road_3_3_3_1,-0.005369648337364197,3,0
2400,0,1,road_3_3_3_2,-0.0012724611442536116,0,0
2400,0,1,road_4_2_2_0,0.0,0,0
2400,0,1,road_4_2_2_1,-0.0019578333012759686,3,0
2400,0,1,road_4_2_2_2,0.00016361377493012697,3,0
2400,0,1,road_3_1_1_0,0.0,0,0
2400,0,1,road_3_1_1_1,-0.005369648337364197,3,0
2400,0,1,road_3_1_1_2,-0.0012724611442536116,0,0
2400,0,1,road_2_2_0_0,0.0,0,0
2400,0,1,road_2_2_0_1,0.00016361370217055082,3,0
2400,0,1,road_2_2_0_2,0.0022961387876421213,0,3
2400,0,1,road_3_4_3_0,0.0,0,0
2400,0,1,road_3_4_3_1,-0.007197130937129259,3,0
2400,0,1,road_3_4_3_2,-0.0004452135763131082,0,0
2400,0,1,road_4_3_2_0,0.0,0,0
2400,0,1,road_4_3_2_1,0.0009727053693495691,0,3
2400,0,1,road_4_3_2_2,0.00035607023164629936,0,3
2400,0,1,road_3_2_1_0,0.0,0,0
2400,0,1,road_3_2_1_1,-0.007197130937129259,3,0
2400,0,1,road_3_2_1_2,-0.0004452135763131082,0,0
2400,0,1,road_2_3_0_0,0.0,0,0
2400,0,1,road_2_3_0_1,0.0003560703480616212,0,3
2400,0,1,road_2_3_0_2,-0.00032283816835843027,0,0
2400,0,1,road_3_5_3_0,0.0,0,0
2400,0,1,road_3_5_3_1,0.003659895621240139,3,0
2400,0,1,road_3_5_3_2,0.001586282392963767,3,0
2400,0,1,road_4_4_2_0,0.0,0,0
2400,0,1,road_4_4_2_1,0.0011657205177471042,0,3
2400,0,1,road_4_4_2_2,0.0019916966557502747,3,0
2400,0,1,road_3_3_1_0,0.0,0,0
2400,0,1,road_3_3_1_1,0.003659895621240139,3,0
2400,0,1,road_3_3_1_2,0.001586282392963767,3,0
2400,0,1,road_2_4_0_0,0.0,0,0
2400,0,1,road_2_4_0_1,-0.0005818194476887584,0,0
2400,0,1,road_2_4_0_2,0.0004647208552341908,0,3
2400,0,1,road_4_2_3_0,0.0,0,0
2400,0,1,road_4_2_3_1,-0.002632166724652052,0,0
2400,0,1,road_4_2_3_2,-0.0025217211805284023,3,0
2400,0,1,road_5_1_2_0,0.0,0,0
2400,0,1,road_5_1_2_1,0.003002979326993227,3,0
2400,0,1,road_5_1_2_2,0.0024441280402243137,3,0
2400,0,1,road_4_0_1_0,0.0,0,0
2400,0,1,road_4_0_1_1,-7.108443696779432e-06,3,0
2400,0,1,road_4_0_1_2,-0.0018558651208877563,3,0
2400,0,1,road_3_1_0_0,0.0,0,0
2400,0,1,road_3_1_0_1,0.0030029797926545143,3,0
2400,0,1,road_3_1_0_2,0.0024441282730549574,3,0
2400,0,1,road_4_3_3_0,0.0,0,0
2400,0,1,road_4_3_3_1,-0.0017781995702534914,0,3
2400,0,1,road_4_3_3_2,-0.0005382883246056736,0,0
2400,0,1,road_5_2_2_0,0.0,0,0
2400,0,1,road_5_2_2_1,-1.5757659639348276e-05,0,0
2400,0,1,road_5_2_2_2,-0.0014216830022633076,0,0
2400,0,1,road_4_1_1_0,0.0,0,0
2400,0,1,road_4_1_1_1,-0.0015921305166557431,0,0
2400,0,1,road_4_1_1_2,-0.00035331171238794923,0,0
2400,0,1,road_3_2_0_0,0.0,0,0
2400,0,1,road_3_2_0_1,-0.0009121510665863752,3,0
2400,0,1,road_3_2_0_2,-0.0008574568200856447,0,0
2400,0,1,road_4_4_3_0,0.0,0,0
2400,0,1,road_4_4_3_1,0.0021075671538710594,3,0
2400,0,1,road_4_4_3_2,0.0021075671538710594,3,0
2400,0,1,road_5_3_2_0,0.0,0,0
2400,0,1,road_5_3_2_1,-7.04168223819579e-06,3,0
2400,0,1,road_5_3_2_2,-0.0004946297267451882,3,0
2400,0,1,road_4_2_1_0,0.0,0,0
2400,0,1,road_4_2_1_1,0.0023008964490145445,3,0
2400,0,1,road_4_2_1_2,0.002300896216183901,3,0
2400,0,1,road_3_3_0_0,0.0,0,0
2400,0,1,road_3_3_0_1,-0.0021260997746139765,3,0
2400,0,1,road_3_3_0_2,-0.002073116134852171,3,0
2400,0,1,road_4_5_3_0,0.0,0,0
2400,0,1,road_4_5_3_1,0.0021468610502779484,3,0
2400,0,1,road_4_5_3_2,0.0021447325125336647,3,0
2400,0,1,road_5_4_2_0,0.0,0,0
2400,0,1,road_5_4_2_1,-7.798755177645944e-06,3,0
2400,0,1,road_5_4_2_2,-0.002335088327527046,3,0
2400,0,1,road_4_3_1_0,0.0,0,0
2400,0,1,road_4_3_1_1,0.0025027492083609104,3,0
2400,0,1,road_4_3_1_2,0.0022883666679263115,3,0
2400,0,1,road_3_4_0_0,0.0,0,0
2400,0,1,road_3_4_0_1,-0.0008439493249170482,3,0
2400,0,1,road_3_4_0_2,-0.0023016154300421476,3,0
2600,0,0,road_1_2_3_0,0.0,0,0
2600,0,0,road_1_2_3_1,0.002029243391007185,0,3
2600,0,0,road_1_2_3_2,0.0029068924486637115,0,3
2600,0,0,road_2_1_2_0,0.0,0,0
2600,0,0,road_2_1_2_1,0.004077514633536339,0,3
2600,0,0,road_2_1_2_2,0.00439448980614543,0,3
2600,0,0,road_1_0_1_0,0.0,0,0
2600,0,0,road_1_0_1_1,0.0016322167357429862,0,3
2600,0,0,road_1_0_1_2,0.00261857733130455,0,3
2600,0,0,road_0_1_0_0,0.0,0,0
2600,0,0,road_0_1_0_1,3.117819142062217e-05,0,3
2600,0,0,road_0_1_0_2,0.0014838427305221558,0,3
2600,0,0,road_1_3_3_0,0.0,0,0
2600,0,0,road_1_3_3_1,0.003717482555657625,0,3
2600,0,0,road_1_3_3_2,0.004162149969488382,0,3
2600,0,0,road_2_2_2_0,0.0,0,0
2600,0,0,road_2_2_2_1,0.0012284960830584168,0,3
2600,0,0,road_2_2_2_2,0.0012284957338124514,0,3
2600,0,0,road_1_1_1_0,0.0,0,0
2600,0,0,road_1_1_1_1,2.372956987528596e-05,0,3
2600,0,0,road_1_1_1_2,0.0015648759435862303,0,3
2600,0,0,road_0_2_0_0,0.0,0,0
2600,0,0,road_0_2_0_1,0.0019293182995170355,0,3
2600,0,0,road_0_2_0_2,0.0019293181831017137,0,3
2600,0,0,road_1_4_3_0,0.0,0,0
2600,0,0,road_1_4_3_1,2.6124907890334725e-05,0,3
2600,0,0,road_1_4_3_2,0.004083393607288599,0,3
2600,0,0,road_2_3_2_0,0.0,0,0
2600,0,0,road_2_3_2_1,0.0019716613460332155,0,3
2600,0,0,road_2_3_2_2,0.001971661578863859,0,3
2600,0,0,road_1_2_1_0,0.0,0,0
2600,0,0,road_1_2_1_1,0.0016665449365973473,0,3
2600,0,0,road_1_2_1_2,0.004727598279714584,0,3
2600,0,0,road_0_3_0_0,0.0,0,0
2600,0,0,road_0_3_0_1,0.0012463841121643782,0,3
2600,0,0,road_0_3_0_2,0.0012463843449950218,0,3
2600,0,0,road_1_5_3_0,0.0,0,0
2600,0,0,road_1_5_3_1,-2.0284796846681274e-05,0,0
2600,0,0,road_1_5_3_2,-0.0006569714169017971,0,0
2600,0,0,road_2_4_2_0,0.0,0,0
2600,0,0,road_2_4_2_1,0.003868302796036005,0,3
2600,0,0,road_2_4_2_2,0.0038682441227138042,0,3
2600,0,0,road_1_3_1_0,0.0,0,0
2600,0,0,road_1_3_1_1,-0.0013383144978433847,0,0
2600,0,0,road_1_3_1_2,-0.0012927239295095205,0,0
2600,0,0,road_0_4_0_0,0.0,0,0
2600,0,0,road_0_4_0_1,1.728471579554025e-05,0,3
2600,0,0,road_0_4_0_2,2.6490588425076567e-05,0,3
2600,0,0,road_2_2_3_0,0.0,0,0
2600,0,0,road_2_2_3_1,2.8024074708810076e-05,0,3
2600,0,0,road_2_2_3_2,-0.0036847968585789204,0,0
2600,0,0,road_3_1_2_0,0.0,0,0
2600,0,0,road_3_1_2_1,3.442748129600659e-05,0,3
2600,0,0,road_3_1_2_2,3.376161475898698e-05,0,3
2600,0,0,road_2_0_1_0,0.0,0,0
2600,0,0,road_2_0_1_1,0.0032529830932617188,0,3
2600,0,0,road_2_0_1_2,6.90729939378798e-05,0,3
2600,0,0,road_1_1_0_0,0.0,0,0
2600,0,0,road_1_1_0_1,0.001178691047243774,0,3
2600,0,0,road_1_1_0_2,0.0012404618319123983,0,3
2600,0,0,road_2_3_3_0,0.0,0,0
2600,0,0,road_2_3_3_1,-0.0013238437240943313,0,3
2600,0,0,road_2_3_3_2,-0.0007829121313989162,0,0
2600,0,0,road_3_2_2_0,0.0,0,0
2600,0,0,road_3_2_2_1,-0.0004264454182703048,0,0
2600,0,0,road_3_2_2_2,-0.0005188542418181896,0,0
2600,0,0,road_2_1_1_0,0.0,0,0
2600,0,0,road_2_1_1_1,-0.0013238437240943313,0,0
2600,0,0,road_2_1_1_2,-0.0007829121313989162,0,0
2600,0,0,road_1_2_0_0,0.0,0,0
2600,0,0,road_1_2_0_1,-1.5535271813860163e-05,0,0
2600,0,0,road_1_2_0_2,-0.000239048371440731,0,0
2600,0,0,road_2_4_3_0,0.0,0,0
2600,0,0,road_2_4_3_1,0.001089230878278613,0,3
2600,0,0,road_2_4_3_2,0.00012082583998562768,0,3
2600,0,0,road_3_3_2_0,0.0,0,0
2600,0,0,road_3_3_2_1,-0.0019868372473865747,0,0
2600,0,0,road_3_3_2_2,-0.0003008950734511018,0,0
2600,0,0,road_2_2_1_0,0.0,0,0
2600,0,0,road_2_2_1_1,0.001089230878278613,0,3
2600,0,0,road_2_2_1_2,0.0001208258472615853,0,3
2600,0,0,road_1_3_0_0,0.0,0,0
2600,0,0,road_1_3_0_1,-0.0004898253246210515,0,0
2600,0,0,road_1_3_0_2,0.0001379540772177279,0,3
2600,0,0,road_2_5_3_0,0.0,0,0
2600,0,0,road_2_5_3_1,0.0006740650278516114,0,3
2600,0,0,road_2_5_3_2,0.0006740650278516114,0,3
2600,0,0,road_3_4_2_0,0.0,0,0
2600,0,0,road_3_4_2_1,-0.003132871352136135,0,0
2600,0,0,road_3_4_2_2,3.8664213207084686e-05,0,3
2600,0,0,road_2_3_1_0,0.0,0,0
2600,0,0,road_2_3_1_1,0.0019614077173173428,0,3
2600,0,0,road_2_3_1_2,0.0019614077173173428,0,3
2600,0,0,road_1_4_0_0,0.0,0,0
2600,0,0,road_1_4_0_1,0.00021238512999843806,0,3
2600,0,0,road_1_4_0_2,0.0031432220712304115,0,3
2600,0,0,road_3_2_3_0,0.0,0,0
2600,0,0,road_3_2_3_1,0.0017327602254226804,0,3
2600,0,0,road_3_2_3_2,8.662193431518972e-05,0,3
2600,0,0,road_4_1_2_0,0.0,0,0
2600,0,0,road_4_1_2_1,-0.0035804989747703075,0,0
2600,0,0,road_4_1_2_2,0.0007816834840923548,0,3
2600,0,0,road_3_0_1_0,0.0,0,0
2600,0,0,road_3_0_1_1,0.0017327602254226804,0,3
2600,0,0,road_3_0_1_2,8.662193431518972e-05,0,3
2600,0,0,road_2_1_0_0,0.0,0,0
2600,0,0,road_2_1_0_1,1.725145739328582e-05,0,3
2600,0,0,road_2_1_0_2,0.003954497631639242,0,3
2600,0,0,road_3_3_3_0,0.0,0,0
2600,0,0,road_3_3_3_1,0.0003491207316983491,0,3
2600,0,0,road_3_3_3_2,-0.0003138850152026862,0,0
2600,0,0,road_4_2_2_0,0.0,0,0
2600,0,0,road_4_2_2_1,-0.00029645426548086107,0,0
2600,0,0,road_4_2_2_2,-0.0004008599789813161,0,0
2600,0,0,road_3_1_1_0,0.0,0,0
2600,0,0,road_3_1_1_1,0.0003491206734906882,0,3
2600,0,0,road_3_1_1_2,-0.00031388498609885573,0,0
2600,0,0,road_2_2_0_0,0.0,0,0
2600,0,0,road_2_2_0_1,-0.00016176674398593605,0,0
2600,0,0,road_2_2_0_2,-0.00029645420727320015,0,0
2600,0,0,road_3_4_3_0,0.0,0,0
2600,0,0,road_3_4_3_1,0.0002968389599118382,0,3
2600,0,0,road_3_4_3_2,-0.0003260023659095168,0,0
2600,0,0,road_4_3_2_0,0.0,0,0
2600,0,0,road_4_3_2_1,2.363628300372511e-05,0,3
2600,0,0,road_4_3_2_2,-0.0002884565619751811,0,0
2600,0,0,road_3_2_1_0,0.0,0,0
2600,0,0,road_3_2_1_1,0.0002968389599118382,0,3
2600,0,0,road_3_2_1_2,-0.00032600213307887316,0,0
2600,0,0,road_2_3_0_0,0.0,0,0
2600,0,0,road_2_3_0_1,2.363624662393704e-05,0,3
2600,0,0,road_2_3_0_2,-0.0002884565037675202,0,0
2600,0,0,road_3_5_3_0,0.0,0,0
2600,0,0,road_3_5_3_1,0.0002968389599118382,0,3
2600,0,0,road_3_5_3_2,-0.0003260023659095168,0,0
2600,0,0,road_4_4_2_0,0.0,0,0
2600,0,0,road_4_4_2_1,2.363628300372511e-05,0,3
2600,0,0,road_4_4_2_2,-0.0002884565619751811,0,0
2600,0,0,road_3_3_1_0,0.0,0,0
2600,0,0,road_3_3_1_1,0.0002968389599118382,0,3
2600,0,0,road_3_3_1_2,-0.00032600213307887316,0,0
2600,0,0,road_2_4_0_0,0.0,0,0
2600,0,0,road_2_4_0_1,2.363624662393704e-05,0,3
2600,0,0,road_2_4_0_2,-0.0002884565037675202,0,0
2600,0,0,road_4_2_3_0,0.0,0,0
2600,0,0,road_4_2_3_1,-0.004719248972833157,0,0
2600,0,0,road_4_2_3_2,0.00032017147168517113,0,3
2600,0,0,road_5_1_2_0,0.0,0,0
2600,0,0,road_5_1_2_1,0.002016821876168251,0,3
2600,0,0,road_5_1_2_2,0.00069701939355582,0,3
2600,0,0,road_4_0_1_0,0.0,0,0
2600,0,0,road_4_0_1_1,9.706091987027321e-06,0,3
2600,0,0,road_4_0_1_2,0.0037390943616628647,0,3
2600,0,0,road_3_1_0_0,0.0,0,0
2600,0,0,road_3_1_0_1,0.002016821876168251,0,3
2600,0,0,road_3_1_0_2,0.0006970194517634809,0,3
2600,0,0,road_4_3_3_0,0.0,0,0
2600,0,0,road_4_3_3_1,-0.0007190629839897156,0,0
2600,0,0,road_4_3_3_2,-0.0005251039983704686,0,0
2600,0,0,road_5_2_2_0,0.0,0,0
2600,0,0,road_5_2_2_1,-1.8792661649058573e-05,0,0
2600,0,0,road_5_2_2_2,-0.00119671574793756,0,0
2600,0,0,road_4_1_1_0,0.0,0,0
2600,0,0,road_4_1_1_1,-0.0008054802310653031,0,0
2600,0,0,road_4_1_1_2,-0.0005730966804549098,0,0
2600,0,0,road_3_2_0_0,0.0,0,0
2600,0,0,road_3_2_0_1,-0.0014348634285852313,0,3
2600,0,0,road_3_2_0_2,-0.0002763336815405637,0,0
2600,0,0,road_4_4_3_0,0.0,0,0
2600,0,0,road_4_4_3_1,0.0026125917211174965,0,3
2600,0,0,road_4_4_3_2,0.0015936315758153796,0,3
2600,0,0,road_5_3_2_0,0.0,0,0
2600,0,0,road_5_3_2_1,3.318787275929935e-05,0,3
2600,0,0,road_5_3_2_2,0.0017632939852774143,0,3
2600,0,0,road_4_2_1_0,0.0,0,0
2600,0,0,road_4_2_1_1,0.0028588157147169113,0,3
2600,0,0,road_4_2_1_2,0.001957900356501341,0,3
2600,0,0,road_3_3_0_0,0.0,0,0
2600,0,0,road_3_3_0_1,0.0037391032092273235,0,3
2600,0,0,road_3_3_0_2,0.0041809771209955215,0,3
2600,0,0,road_4_5_3_0,0.0,0,0
2600,0,0,road_4_5_3_1,0.0012675104662775993,0,3
2600,0,0,road_4_5_3_2,0.0012675104662775993,0,3
2600,0,0,road_5_4_2_0,0.0,0,0
2600,0,0,road_5_4_2_1,2.4306131308549084e-05,0,3
2600,0,0,road_5_4_2_2,0.0036958297714591026,0,3
2600,0,0,road_4_3_1_0,0.0,0,0
2600,0,0,road_4_3_1_1,0.001928380923345685,0,3
2600,0,0,road_4_3_1_2,0.001928380923345685,0,3
2600,0,0,road_3_4_0_0,0.0,0,0
2600,0,0,road_3_4_0_1,0.0027039670385420322,0,3
2600,0,0,road_3_4_0_2,0.004934937227517366,0,3
2600,0,1,road_1_2_3_0,0.0,0,0
2600,0,1,road_1_2_3_1,0.0022262930870056152,3,0
2600,0,1,road_1_2_3_2,0.0022947455290704966,3,0
2600,0,1,road_2_1_2_0,0.0,0,0
2600,0,1,road_2_1_2_1,-0.0013889207039028406,3,0
2600,0,1,road_2_1_2_2,-0.002021470107138157,3,0
2600,0,1,road_1_0_1_0,0.0,0,0
2600,0,1,road_1_0_1_1,0.0017331141280010343,3,0
2600,0,1,road_1_0_1_2,0.0014227251522243023,3,0
2600,0,1,road_0_1_0_0,0.0,0,0
2600,0,1,road_0_1_0_1,-5.945475095359143e-06,3,0
2600,0,1,road_0_1_0_2,-0.0003817745891865343,3,0
2600,0,1,road_1_3_3_0,0.0,0,0
2600,0,1,road_1_3_3_1,-0.0021261011715978384,3,0
2600,0,1,road_1_3_3_2,-0.002073117531836033,3,0
2600,0,1,road_2_2_2_0,0.0,0,0
2600,0,1,road_2_2_2_1,0.0021075657568871975,3,0
2600,0,1,road_2_2_2_2,0.0021075657568871975,3,0
2600,0,1,road_1_1_1_0,0.0,0,0
2600,0,1,road_1_1_1_1,-7.041685421427246e-06,3,0
2600,0,1,road_1_1_1_2,-0.0004946300759911537,3,0
2600,0,1,road_0_2_0_0,0.0,0,0
2600,0,1,road_0_2_0_1,0.0023008945863693953,3,0
2600,0,1,road_0_2_0_2,0.0023008943535387516,3,0
2600,0,1,road_1_4_3_0,0.0,0,0
2600,0,1,road_1_4_3_1,-5.79682955503813e-06,3,0
2600,0,1,road_1_4_3_2,-0.001313389977440238,3,0
2600,0,1,road_2_3_2_0,0.0,0,0
2600,0,1,road_2_3_2_1,0.002197211142629385,3,0
2600,0,1,road_2_3_2_2,0.0021972106769680977,3,0
2600,0,1,road_1_2_1_0,0.0,0,0
2600,0,1,road_1_2_1_1,-0.0004615132638718933,3,0
2600,0,1,road_1_2_1_2,-0.0019307807087898254,3,0
2600,0,1,road_0_3_0_0,0.0,0,0
2600,0,1,road_0_3_0_1,0.0020103068090975285,3,0
2600,0,1,road_0_3_0_2,0.0020103068090975285,3,0
2600,0,1,road_1_5_3_0,0.0,0,0
2600,0,1,road_1_5_3_1,1.644082658458501e-05,0,3
2600,0,1,road_1_5_3_2,0.00037409079959616065,0,3
2600,0,1,road_2_4_2_0,0.0,0,0
2600,0,1,road_2_4_2_1,-0.003032001666724682,3,0
2600,0,1,road_2_4_2_2,-0.003032002132385969,3,0
2600,0,1,road_1_3_1_0,0.0,0,0
2600,0,1,road_1_3_1_1,0.001579734729602933,0,3
2600,0,1,road_1_3_1_2,0.0011933841742575169,0,3
2600,0,1,road_0_4_0_0,0.0,0,0
2600,0,1,road_0_4_0_1,-7.5169755291426554e-06,3,0
2600,0,1,road_0_4_0_2,-1.2217331459396519e-05,3,0
2600,0,1,road_2_2_3_0,0.0,0,0
2600,0,1,road_2_2_3_1,-0.00015226833056658506,3,0
2600,0,1,road_2_2_3_2,-0.0007574387127533555,0,0
2600,0,1,road_3_1_2_0,0.0,0,0
2600,0,1,road_3_1_2_1,0.0029104065615683794,3,0
2600,0,1,road_3_1_2_2,0.002914467826485634,3,0
2600,0,1,road_2_0_1_0,0.0,0,0
2600,0,1,road_2_0_1_1,-0.002256270730867982,3,0
2600,0,1,road_2_0_1_2,-0.0010761575540527701,3,0
2600,0,1,road_1_1_0_0,0.0,0,0
2600,0,1,road_1_1_0_1,0.002704758197069168,3,0
2600,0,1,road_1_1_0_2,0.0031056557781994343,3,0
2600,0,1,road_2_3_3_0,0.0,0,0
2600,0,1,road_2_3_3_1,-0.00557332718744874,3,0
2600,0,1,road_2_3_3_2,-0.0010326664196327329,0,0
2600,0,1,road_3_2_2_0,0.0,0,0
2600,0,1,road_3_2_2_1,-0.00036329799331724644,0,0
2600,0,1,road_3_2_2_2,-0.00044988130684942007,0,0
2600,0,1,road_2_1_1_0,0.0,0,0
2600,0,1,road_2_1_1_1,-0.0034811673685908318,0,0
2600,0,1,road_2_1_1_2,-0.0007491246797144413,0,0
2600,0,1,road_1_2_0_0,0.0,0,0
2600,0,1,road_1_2_0_1,-1.3853095879312605e-05,0,0
2600,0,1,road_1_2_0_2,-0.00021340178500395268,0,0
2600,0,1,road_2_4_3_0,0.0,0,0
2600,0,1,road_2_4_3_1,0.0018211822025477886,3,0
2600,0,1,road_2_4_3_2,0.003626360557973385,3,0
2600,0,1,road_3_3_2_0,0.0,0,0
2600,0,1,road_3_3_2_1,-0.0008300421177409589,0,0
2600,0,1,road_3_3_2_2,0.0011331563582643867,0,3
2600,0,1,road_2_2_1_0,0.0,0,0
2600,0,1,road_2_2_1_1,0.0018211822025477886,3,0
2600,0,1,road_2_2_1_2,0.003626360557973385,3,0
2600,0,1,road_1_3_0_0,0.0,0,0
2600,0,1,road_1_3_0_1,0.0011331563582643867,0,3
2600,0,1,road_1_3_0_2,0.002907269634306431,3,0
2600,0,1,road_2_5_3_0,0.0,0,0
2600,0,1,road_2_5_3_1,0.0025030230171978474,3,0
2600,0,1,road_2_5_3_2,0.0025030230171978474,3,0
2600,0,1,road_3_4_2_0,0.0,0,0
2600,0,1,road_3_4_2_1,-0.002008986659348011,0,0
2600,0,1,road_3_4_2_2,-0.002595918020233512,3,0
2600,0,1,road_2_3_1_0,0.0,0,0
2600,0,1,road_2_3_1_1,0.00306735560297966,3,0
2600,0,1,road_2_3_1_2,0.00306735560297966,3,0
2600,0,1,road_1_4_0_0,0.0,0,0
2600,0,1,road_1_4_0_1,-0.0002486391458660364,3,0
2600,0,1,road_1_4_0_2,-0.0028255386278033257,3,0
2600,0,1,road_3_2_3_0,0.0,0,0
2600,0,1,road_3_2_3_1,0.0030544339679181576,3,0
2600,0,1,road_3_2_3_2,0.0027542056050151587,3,0
2600,0,1,road_4_1_2_0,0.0,0,0
2600,0,1,road_4_1_2_1,3.925689452444203e-05,0,3
2600,0,1,road_4_1_2_2,-0.0008780742064118385,3,0
2600,0,1,road_3_0_1_0,0.0,0,0
2600,0,1,road_3_0_1_1,0.0030544339679181576,3,0
2600,0,1,road_3_0_1_2,0.002754205372184515,3,0
2600,0,1,road_2_1_0_0,0.0,0,0
2600,0,1,road_2_1_0_1,-2.776987457764335e-05,3,0
2600,0,1,road_2_1_0_2,-0.0018806669395416975,3,0
2600,0,1,road_3_3_3_0,0.0,0,0
2600,0,1,road_3_3_3_1,-0.007197131402790546,3,0
2600,0,1,road_3_3_3_2,-0.0004452139255590737,0,0
2600,0,1,road_4_2_2_0,0.0,0,0
2600,0,1,road_4_2_2_1,0.00035607023164629936,0,3
2600,0,1,road_4_2_2_2,0.0009727052529342473,0,3
2600,0,1,road_3_1_1_0,0.0,0,0
2600,0,1,road_3_1_1_1,-0.007197131402790546,3,0
2600,0,1,road_3_1_1_2,-0.0004452138673514128,0,0
2600,0,1,road_2_2_0_0,0.0,0,0
2600,0,1,road_2_2_0_1,-0.0003228380810469389,0,0
2600,0,1,road_2_2_0_2,0.00035607023164629936,0,3
2600,0,1,road_3_4_3_0,0.0,0,0
2600,0,1,road_3_4_3_1,-0.00581178767606616,3,0
2600,0,1,road_3_4_3_2,-0.0009789352770894766,0,0
2600,0,1,road_4_3_2_0,0.0,0,0
2600,0,1,road_4_3_2_1,0.0008608209318481386,3,0
2600,0,1,road_4_3_2_2,0.0011207417119294405,0,3
2600,0,1,road_3_2_1_0,0.0,0,0
2600,0,1,road_3_2_1_1,-0.0058117881417274475,3,0
2600,0,1,road_3_2_1_2,-0.0009789352770894766,0,0
2600,0,1,road_2_3_0_0,0.0,0,0
2600,0,1,road_2_3_0_1,0.0008608209900557995,3,0
2600,0,1,road_2_3_0_2,0.0011207418283447623,0,3
2600,0,1,road_3_5_3_0,0.0,0,0
2600,0,1,road_3_5_3_1,-0.00581178767606616,3,0
2600,0,1,road_3_5_3_2,-0.0009789352770894766,0,0
2600,0,1,road_4_4_2_0,0.0,0,0
2600,0,1,road_4_4_2_1,0.0008608209318481386,3,0
2600,0,1,road_4_4_2_2,0.0011207417119294405,0,3
2600,0,1,road_3_3_1_0,0.0,0,0
2600,0,1,road_3_3_1_1,-0.0058117881417274475,3,0
2600,0,1,road_3_3_1_2,-0.0009789352770894766,0,0
2600,0,1,road_2_4_0_0,0.0,0,0
2600,0,1,road_2_4_0_1,0.0008608209900557995,3,0
2600,0,1,road_2_4_0_2,0.0011207418283447623,0,3
2600,0,1,road_4_2_3_0,0.0,0,0
2600,0,1,road_4_2_3_1,-0.002632166724652052,0,0
2600,0,1,road_4_2_3_2,-0.0025217211805284023,3,0
2600,0,1,road_5_1_2_0,0.0,0,0
2600,0,1,road_5_1_2_1,0.003002979326993227,3,0
2600,0,1,road_5_1_2_2,0.0024441280402243137,3,0
2600,0,1,road_4_0_1_0,0.0,0,0
2600,0,1,road_4_0_1_1,-7.108443696779432e-06,3,0
2600,0,1,road_4_0_1_2,-0.0018558651208877563,3,0
2600,0,1,road_3_1_0_0,0.0,0,0
2600,0,1,road_3_1_0_1,0.0030029797926545143,3,0
2600,0,1,road_3_1_0_2,0.0024441282730549574,3,0
2600,0,1,road_4_3_3_0,0.0,0,0
2600,0,1,road_4_3_3_1,-0.0017217773711308837,0,3
2600,0,1,road_4_3_3_2,-0.0016189272282645106,0,0
2600,0,1,road_5_2_2_0,0.0,0,0
2600,0,1,road_5_2_2_1,-2.2438232917920686e-05,0,0
2600,0,1,road_5_2_2_2,-0.0016788765788078308,0,0
2600,0,1,road_4_1_1_0,0.0,0,0
2600,0,1,road_4_1_1_1,-0.00044939853250980377,0,0
2600,0,1,road_4_1_1_2,-0.00036486657336354256,0,0
2600,0,1,road_3_2_0_0,0.0,0,0
2600,0,1,road_3_2_0_1,-0.0009603654034435749,3,0
2600,0,1,road_3_2_0_2,-0.000547830481082201,0,0
2600,0,1,road_4_4_3_0,0.0,0,0
2600,0,1,road_4_4_3_1,0.001543103950098157,3,0
2600,0,1,road_4_4_3_2,0.001874391920864582,3,0
2600,0,1,road_5_3_2_0,0.0,0,0
2600,0,1,road_5_3_2_1,-9.029558896145318e-06,3,0
2600,0,1,road_5_3_2_2,-0.0005099262925796211,3,0
2600,0,1,road_4_2_1_0,0.0,0,0
2600,0,1,road_4_2_1_1,0.0024432167410850525,3,0
2600,0,1,road_4_2_1_2,0.0023629008792340755,3,0
2600,0,1,road_3_3_0_0,0.0,0,0
2600,0,1,road_3_3_0_1,-0.002253924962133169,3,0
2600,0,1,road_3_3_0_2,-0.0021975834388285875,3,0
2600,0,1,road_4_5_3_0,0.0,0,0
2600,0,1,road_4_5_3_1,0.0021811174228787422,3,0
2600,0,1,road_4_5_3_2,0.0021811174228787422,3,0
2600,0,1,road_5_4_2_0,0.0,0,0
2600,0,1,road_5_4_2_1,-9.17416673473781e-06,3,0
2600,0,1,road_5_4_2_2,-0.0022091208957135677,3,0
2600,0,1,road_4_3_1_0,0.0,0,0
2600,0,1,road_4_3_1_1,0.002377196680754423,3,0
2600,0,1,road_4_3_1_2,0.002377196680754423,3,0
2600,0,1,road_3_4_0_0,0.0,0,0
2600,0,1,road_3_4_0_1,-0.0008022349211387336,3,0
2600,0,1,road_3_4_0_2,-0.002177624963223934,3,0
2800,0,0,road_1_2_3_0,0.0,0,0
2800,0,0,road_1_2_3_1,0.0020292436238378286,0,3
2800,0,0,road_1_2_3_2,0.001632216852158308,0,3
2800,0,0,road_2_1_2_0,0.0,0,0
2800,0,0,road_2_1_2_1,0.004077514633536339,0,3
2800,0,0,road_2_1_2_2,0.00439448980614543,0,3
2800,0,0,road_1_0_1_0,0.0,0,0
2800,0,0,road_1_0_1_1,0.002906892914324999,0,3
2800,0,0,road_1_0_1_2,0.0026185770984739065,0,3
2800,0,0,road_0_1_0_0,0.0,0,0
2800,0,0,road_0_1_0_1,3.117819142062217e-05,0,3
2800,0,0,road_0_1_0_2,0.0014838427305221558,0,3
2800,0,0,road_1_3_3_0,0.0,0,0
2800,0,0,road_1_3_3_1,0.004083393141627312,0,3
2800,0,0,road_1_3_3_2,0.004727597814053297,0,3
2800,0,0,road_2_2_2_0,0.0,0,0
2800,0,0,road_2_2_2_1,0.0012463841121643782,0,3
2800,0,0,road_2_2_2_2,0.0012463838793337345,0,3
2800,0,0,road_1_1_1_0,0.0,0,0
2800,0,0,road_1_1_1_1,2.6124902433366515e-05,0,3
2800,0,0,road_1_1_1_2,0.0016665443545207381,0,3
2800,0,0,road_0_2_0_0,0.0,0,0
2800,0,0,road_0_2_0_1,0.001971661578863859,0,3
2800,0,0,road_0_2_0_2,0.0019716613460332155,0,3
2800,0,0,road_1_4_3_0,0.0,0,0
2800,0,0,road_1_4_3_1,2.629006303322967e-05,0,3
2800,0,0,road_1_4_3_2,0.0037220902740955353,0,3
2800,0,0,road_2_3_2_0,0.0,0,0
2800,0,0,road_2_3_2_1,0.001968622440472245,0,3
2800,0,0,road_2_3_2_2,0.001968622440472245,0,3
2800,0,0,road_1_2_1_0,0.0,0,0
2800,0,0,road_1_2_1_1,0.001037820358760655,0,3
2800,0,0,road_1_2_1_2,0.003801919287070632,0,3
2800,0,0,road_0_3_0_0,0.0,0,0
2800,0,0,road_0_3_0_1,0.0012657225597649813,0,3
2800,0,0,road_0_3_0_2,0.0012657224433496594,0,3
2800,0,0,road_1_5_3_0,0.0,0,0
2800,0,0,road_1_5_3_1,-2.319805571460165e-05,0,0
2800,0,0,road_1_5_3_2,-0.000754395907279104,0,0
2800,0,0,road_2_4_2_0,0.0,0,0
2800,0,0,road_2_4_2_1,0.0029710568487644196,0,3
2800,0,0,road_2_4_2_2,0.003223605453968048,0,3
2800,0,0,road_1_3_1_0,0.0,0,0
2800,0,0,road_1_3_1_1,-0.0013104192912578583,0,0
2800,0,0,road_1_3_1_2,-0.0012630625860765576,0,0
2800,0,0,road_0_4_0_0,0.0,0,0
2800,0,0,road_0_4_0_1,2.2528327463078313e-05,0,3
2800,0,0,road_0_4_0_2,3.3794593036873266e-05,0,3
2800,0,0,road_2_2_3_0,0.0,0,0
2800,0,0,road_2_2_3_1,3.723653207998723e-05,0,3
2800,0,0,road_2_2_3_2,0.0032761625479906797,0,3
2800,0,0,road_3_1_2_0,0.0,0,0
2800,0,0,road_3_1_2_1,0.0006403794977813959,0,3
2800,0,0,road_3_1_2_2,0.0006844971212558448,0,3
2800,0,0,road_2_0_1_0,0.0,0,0
2800,0,0,road_2_0_1_1,-0.003664495889097452,0,0
2800,0,0,road_2_0_1_2,0.00011716139852069318,0,3
2800,0,0,road_1_1_0_0,0.0,0,0
2800,0,0,road_1_1_0_1,0.0016796306008473039,0,3
2800,0,0,road_1_1_0_2,0.0016953942831605673,0,3
2800,0,0,road_2_3_3_0,0.0,0,0
2800,0,0,road_2_3_3_1,0.0016055968590080738,0,3
2800,0,0,road_2_3_3_2,0.0019901797641068697,0,3
2800,0,0,road_3_2_2_0,0.0,0,0
2800,0,0,road_3_2_2_1,0.004097245633602142,0,3
2800,0,0,road_3_2_2_2,0.004093707073479891,0,3
2800,0,0,road_2_1_1_0,0.0,0,0
2800,0,0,road_2_1_1_1,0.0016055968590080738,0,3
2800,0,0,road_2_1_1_2,0.0019901797641068697,0,3
2800,0,0,road_1_2_0_0,0.0,0,0
2800,0,0,road_1_2_0_1,3.0334342227433808e-05,0,3
2800,0,0,road_1_2_0_2,0.0003696924541145563,0,3
2800,0,0,road_2_4_3_0,0.0,0,0
2800,0,0,road_2_4_3_1,0.00023044738918542862,0,3
2800,0,0,road_2_4_3_2,-0.00033815635833889246,0,0
2800,0,0,road_3_3_2_0,0.0,0,0
2800,0,0,road_3_3_2_1,0.0008537386311218143,0,3
2800,0,0,road_3_3_2_2,1.0116033081430942e-05,0,3
2800,0,0,road_2_2_1_0,0.0,0,0
2800,0,0,road_2_2_1_1,0.00023044756380841136,0,3
2800,0,0,road_2_2_1_2,-0.00033815615461207926,0,0
2800,0,0,road_1_3_0_0,0.0,0,0
2800,0,0,road_1_3_0_1,1.0115923942066729e-05,0,3
2800,0,0,road_1_3_0_2,-0.00040168894338421524,0,0
2800,0,0,road_2_5_3_0,0.0,0,0
2800,0,0,road_2_5_3_1,9.539643360767514e-05,0,3
2800,0,0,road_2_5_3_2,9.53964190557599e-05,0,3
2800,0,0,road_3_4_2_0,0.0,0,0
2800,0,0,road_3_4_2_1,-0.0054609281942248344,0,0
2800,0,0,road_3_4_2_2,0.000318051315844059,0,3
2800,0,0,road_2_3_1_0,0.0,0,0
2800,0,0,road_2_3_1_1,0.0016173222102224827,0,3
2800,0,0,road_2_3_1_2,0.0016173222102224827,0,3
2800,0,0,road_1_4_0_0,0.0,0,0
2800,0,0,road_1_4_0_1,9.434056119062006e-05,0,3
2800,0,0,road_1_4_0_2,0.0037020931486040354,0,3
2800,0,0,road_3_2_3_0,0.0,0,0
2800,0,0,road_3_2_3_1,0.0017058822559192777,0,3
2800,0,0,road_3_2_3_2,8.313855505548418e-05,0,3
2800,0,0,road_4_1_2_0,0.0,0,0
2800,0,0,road_4_1_2_1,-0.003587995655834675,0,0
2800,0,0,road_4_1_2_2,-7.668138277949765e-05,0,0
2800,0,0,road_3_0_1_0,0.0,0,0
2800,0,0,road_3_0_1_1,0.0017058822559192777,0,3
2800,0,0,road_3_0_1_2,8.313850412378088e-05,0,3
2800,0,0,road_2_1_0_0,0.0,0,0
2800,0,0,road_2_1_0_1,9.78211664914852e-06,0,3
2800,0,0,road_2_1_0_2,0.003223821986466646,0,3
2800,0,0,road_3_3_3_0,0.0,0,0
2800,0,0,road_3_3_3_1,0.0010536045301705599,0,3
2800,0,0,road_3_3_3_2,0.00011408236605348065,0,3
2800,0,0,road_4_2_2_0,0.0,0,0
2800,0,0,road_4_2_2_1,-0.00044608896132558584,0,0
2800,0,0,road_4_2_2_2,0.0002743935619946569,0,3
2800,0,0,road_3_1_1_0,0.0,0,0
2800,0,0,road_3_1_1_1,0.0010536045301705599,0,3
2800,0,0,road_3_1_1_2,0.00011408236605348065,0,3
2800,0,0,road_2_2_0_0,0.0,0,0
2800,0,0,road_2_2_0_1,-0.001974832732230425,0,0
2800,0,0,road_2_2_0_2,-0.0002650085370987654,0,0
2800,0,0,road_3_4_3_0,0.0,0,0
2800,0,0,road_3_4_3_1,0.0003491205279715359,0,3
2800,0,0,road_3_4_3_2,-0.0003138854226563126,0,0
2800,0,0,road_4_3_2_0,0.0,0,0
2800,0,0,road_4_3_2_1,-0.000296454323688522,0,0
2800,0,0,road_4_3_2_2,-0.00016176694771274924,0,0
2800,0,0,road_3_2_1_0,0.0,0,0
2800,0,0,road_3_2_1_1,0.0003491205570753664,0,3
2800,0,0,road_3_2_1_2,-0.00031388545176014304,0,0
2800,0,0,road_2_3_0_0,0.0,0,0
2800,0,0,road_2_3_0_1,-0.0004008601827081293,0,0
2800,0,0,road_2_3_0_2,-0.0002964544401038438,0,0
2800,0,0,road_3_5_3_0,0.0,0,0
2800,0,0,road_3_5_3_1,0.0003913627297151834,0,3
2800,0,0,road_3_5_3_2,-0.00035954589839093387,0,0
2800,0,0,road_4_4_2_0,0.0,0,0
2800,0,0,road_4_4_2_1,-0.00040207814890891314,0,0
2800,0,0,road_4_4_2_2,-0.00043218996142968535,0,0
2800,0,0,road_3_3_1_0,0.0,0,0
2800,0,0,road_3_3_1_1,0.0003913627006113529,0,3
2800,0,0,road_3_3_1_2,-0.0003595459565985948,0,0
2800,0,0,road_2_4_0_0,0.0,0,0
2800,0,0,road_2_4_0_1,-0.00043218996142968535,0,0
2800,0,0,road_2_4_0_2,-0.00040207814890891314,0,0
2800,0,0,road_4_2_3_0,0.0,0,0
2800,0,0,road_4_2_3_1,-0.004719248972833157,0,0
2800,0,0,road_4_2_3_2,0.00032017147168517113,0,3
2800,0,0,road_5_1_2_0,0.0,0,0
2800,0,0,road_5_1_2_1,0.002016821876168251,0,3
2800,0,0,road_5_1_2_2,0.00069701939355582,0,3
2800,0,0,road_4_0_1_0,0.0,0,0
2800,0,0,road_4_0_1_1,9.706091987027321e-06,0,3
2800,0,0,road_4_0_1_2,0.0037390943616628647,0,3
2800,0,0,road_3_1_0_0,0.0,0,0
2800,0,0,road_3_1_0_1,0.002016821876168251,0,3
2800,0,0,road_3_1_0_2,0.0006970194517634809,0,3
2800,0,0,road_4_3_3_0,0.0,0,0
2800,0,0,road_4_3_3_1,-0.0015193508006632328,0,0
2800,0,0,road_4_3_3_2,-0.0006164525402709842,0,0
2800,0,0,road_5_2_2_0,0.0,0,0
2800,0,0,road_5_2_2_1,-2.069088259304408e-05,0,0
2800,0,0,road_5_2_2_2,-0.001888280501589179,0,3
2800,0,0,road_4_1_1_0,0.0,0,0
2800,0,0,road_4_1_1_1,-0.0006901852320879698,0,0
2800,0,0,road_4_1_1_2,-0.00014619204739574343,0,0
2800,0,0,road_3_2_0_0,0.0,0,0
2800,0,0,road_3_2_0_1,-0.0010589009616523981,0,0
2800,0,0,road_3_2_0_2,-0.0003902184253092855,0,0
2800,0,0,road_4_4_3_0,0.0,0,0
2800,0,0,road_4_4_3_1,0.0025413597468286753,0,3
2800,0,0,road_4_4_3_2,0.0015642433427274227,0,3
2800,0,0,road_5_3_2_0,0.0,0,0
2800,0,0,road_5_3_2_1,3.255065530538559e-05,0,3
2800,0,0,road_5_3_2_2,0.002351324772462249,0,3
2800,0,0,road_4_2_1_0,0.0,0,0
2800,0,0,road_4_2_1_1,0.0028508128598332405,0,3
2800,0,0,road_4_2_1_2,0.0019858870655298233,0,3
2800,0,0,road_3_3_0_0,0.0,0,0
2800,0,0,road_3_3_0_1,0.004045538138598204,0,3
2800,0,0,road_3_3_0_2,0.005136766005307436,0,3
2800,0,0,road_4_5_3_0,0.0,0,0
2800,0,0,road_4_5_3_1,0.0006771066691726446,0,3
2800,0,0,road_4_5_3_2,0.0006771067855879664,0,3
2800,0,0,road_5_4_2_0,0.0,0,0
2800,0,0,road_5_4_2_1,1.4772929716855288e-05,0,3
2800,0,0,road_5_4_2_2,0.0030651891138404608,0,3
2800,0,0,road_4_3_1_0,0.0,0,0
2800,0,0,road_4_3_1_1,0.00198350939899683,0,3
2800,0,0,road_4_3_1_2,0.0019835091661661863,0,3
2800,0,0,road_3_4_0_0,0.0,0,0
2800,0,0,road_3_4_0_1,-0.000688467116560787,0,0
2800,0,0,road_3_4_0_2,0.0013746359618380666,0,3
2800,0,1,road_1_2_3_0,0.0,0,0
2800,0,1,road_1_2_3_1,0.002226295182481408,3,0
2800,0,1,road_1_2_3_2,0.0017331158742308617,3,0
2800,0,1,road_2_1_2_0,0.0,0,0
2800,0,1,road_2_1_2_1,-0.001388919772580266,3,0
2800,0,1,road_2_1_2_2,-0.002021468710154295,3,0
2800,0,1,road_1_0_1_0,0.0,0,0
2800,0,1,road_1_0_1_1,0.002294747391715646,3,0
2800,0,1,road_1_0_1_2,0.0014227261999621987,3,0
2800,0,1,road_0_1_0_0,0.0,0,0
2800,0,1,road_0_1_0_1,-5.9454728216223884e-06,3,0
2800,0,1,road_0_1_0_2,-0.000381774443667382,3,0
2800,0,1,road_1_3_3_0,0.0,0,0
2800,0,1,road_1_3_3_1,-0.0013133864849805832,3,0
2800,0,1,road_1_3_3_2,-0.001930775586515665,3,0
2800,0,1,road_2_2_2_0,0.0,0,0
2800,0,1,road_2_2_2_1,0.002010311232879758,3,0
2800,0,1,road_2_2_2_2,0.0020103114657104015,3,0
2800,0,1,road_1_1_1_0,0.0,0,0
2800,0,1,road_1_1_1_1,-5.796818641101709e-06,3,0
2800,0,1,road_1_1_1_2,-0.0004615123034454882,3,0
2800,0,1,road_0_2_0_0,0.0,0,0
2800,0,1,road_0_2_0_1,0.0021972160320729017,3,0
2800,0,1,road_0_2_0_2,0.002197215799242258,3,0
2800,0,1,road_1_4_3_0,0.0,0,0
2800,0,1,road_1_4_3_1,-6.441770437959349e-06,3,0
2800,0,1,road_1_4_3_2,-0.002032287884503603,3,0
2800,0,1,road_2_3_2_0,0.0,0,0
2800,0,1,road_2_3_2_1,0.002288722898811102,3,0
2800,0,1,road_2_3_2_2,0.0022887233644723892,3,0
2800,0,1,road_1_2_1_0,0.0,0,0
2800,0,1,road_1_2_1_1,-0.000302348576951772,3,0
2800,0,1,road_1_2_1_2,-0.0020216151606291533,3,0
2800,0,1,road_0_3_0_0,0.0,0,0
2800,0,1,road_0_3_0_1,0.002101435326039791,3,0
2800,0,1,road_0_3_0_2,0.0021014355588704348,3,0
2800,0,1,road_1_5_3_0,0.0,0,0
2800,0,1,road_1_5_3_1,1.5941110177664086e-05,0,3
2800,0,1,road_1_5_3_2,0.000357011886080727,0,3
2800,0,1,road_2_4_2_0,0.0,0,0
2800,0,1,road_2_4_2_1,-0.00149733223952353,3,0
2800,0,1,road_2_4_2_2,-0.0023257113061845303,3,0
2800,0,1,road_1_3_1_0,0.0,0,0
2800,0,1,road_1_3_1_1,0.0017253769328817725,0,3
2800,0,1,road_1_3_1_2,0.0013424258213490248,0,3
2800,0,1,road_0_4_0_0,0.0,0,0
2800,0,1,road_0_4_0_1,-7.487322818633402e-06,3,0
2800,0,1,road_0_4_0_2,-1.4265714526118245e-05,3,0
2800,0,1,road_2_2_3_0,0.0,0,0
2800,0,1,road_2_2_3_1,-0.00012360108667053282,3,0
2800,0,1,road_2_2_3_2,-0.0022532017901539803,3,0
2800,0,1,road_3_1_2_0,0.0,0,0
2800,0,1,road_3_1_2_1,0.0021794945932924747,3,0
2800,0,1,road_3_1_2_2,0.0027427636086940765,3,0
2800,0,1,road_2_0_1_0,0.0,0,0
2800,0,1,road_2_0_1_1,-0.000757328059989959,0,0
2800,0,1,road_2_0_1_2,-0.0010757362470030785,3,0
2800,0,1,road_1_1_0_0,0.0,0,0
2800,0,1,road_1_1_0_1,0.003087178338319063,3,0
2800,0,1,road_1_1_0_2,0.0030516614206135273,3,0
2800,0,1,road_2_3_3_0,0.0,0,0
2800,0,1,road_2_3_3_1,0.0020406513940542936,3,0
2800,0,1,road_2_3_3_2,0.002219799207523465,3,0
2800,0,1,road_3_2_2_0,0.0,0,0
2800,0,1,road_3_2_2_1,-0.0019595844205468893,3,0
2800,0,1,road_3_2_2_2,-0.001992612611502409,3,0
2800,0,1,road_2_1_1_0,0.0,0,0
2800,0,1,road_2_1_1_1,0.0020406516268849373,3,0
2800,0,1,road_2_1_1_2,0.002219799207523465,3,0
2800,0,1,road_1_2_0_0,0.0,0,0
2800,0,1,road_1_2_0_1,-6.141538051451789e-06,3,0
2800,0,1,road_1_2_0_2,-8.558321133023128e-05,3,0
2800,0,1,road_2_4_3_0,0.0,0,0
2800,0,1,road_2_4_3_1,-0.005437759682536125,3,0
2800,0,1,road_2_4_3_2,-0.0012168993707746267,0,0
2800,0,1,road_3_3_2_0,0.0,0,0
2800,0,1,road_3_3_2_1,-0.001498935860581696,3,0
2800,0,1,road_3_3_2_2,0.00043801803258247674,3,0
2800,0,1,road_2_2_1_0,0.0,0,0
2800,0,1,road_2_2_1_1,-0.005437759682536125,3,0
2800,0,1,road_2_2_1_2,-0.001216899254359305,0,0
2800,0,1,road_1_3_0_0,0.0,0,0
2800,0,1,road_1_3_0_1,0.00043801809079013765,3,0
2800,0,1,road_1_3_0_2,0.0024693578016012907,0,3
2800,0,1,road_2_5_3_0,0.0,0,0
2800,0,1,road_2_5_3_1,0.0025031608529388905,3,0
2800,0,1,road_2_5_3_2,0.002503160387277603,3,0
2800,0,1,road_3_4_2_0,0.0,0,0
2800,0,1,road_3_4_2_1,-0.002661807229742408,0,0
2800,0,1,road_3_4_2_2,-0.0026128345634788275,3,0
2800,0,1,road_2_3_1_0,0.0,0,0
2800,0,1,road_2_3_1_1,0.0030718848574906588,3,0
2800,0,1,road_2_3_1_2,0.003071884624660015,3,0
2800,0,1,road_1_4_0_0,0.0,0,0
2800,0,1,road_1_4_0_1,-0.00029000904760323465,3,0
2800,0,1,road_1_4_0_2,-0.002032593358308077,3,0
2800,0,1,road_3_2_3_0,0.0,0,0
2800,0,1,road_3_2_3_1,0.0022374684922397137,3,0
2800,0,1,road_3_2_3_2,0.0031612201128154993,3,0
2800,0,1,road_4_1_2_0,0.0,0,0
2800,0,1,road_4_1_2_1,-0.0007289826171472669,0,0
2800,0,1,road_4_1_2_2,0.0002671806432772428,0,3
2800,0,1,road_3_0_1_0,0.0,0,0
2800,0,1,road_3_0_1_1,0.002237468957901001,3,0
2800,0,1,road_3_0_1_2,0.003161220345646143,3,0
2800,0,1,road_2_1_0_0,0.0,0,0
2800,0,1,road_2_1_0_1,-2.9630487915710546e-05,3,0
2800,0,1,road_2_1_0_2,-0.001040789531543851,3,0
2800,0,1,road_3_3_3_0,0.0,0,0
2800,0,1,road_3_3_3_1,0.0013520549982786179,3,0
2800,0,1,road_3_3_3_2,0.0036938348785042763,3,0
2800,0,1,road_4_2_2_0,0.0,0,0
2800,0,1,road_4_2_2_1,0.0004615051147993654,0,3
2800,0,1,road_4_2_2_2,0.0009801648557186127,3,0
2800,0,1,road_3_1_1_0,0.0,0,0
2800,0,1,road_3_1_1_1,0.0013520549982786179,3,0
2800,0,1,road_3_1_1_2,0.0036938348785042763,3,0
2800,0,1,road_2_2_0_0,0.0,0,0
2800,0,1,road_2_2_0_1,-0.0003847323823720217,0,0
2800,0,1,road_2_2_0_2,0.0004615054349415004,0,3
2800,0,1,road_3_4_3_0,0.0,0,0
2800,0,1,road_3_4_3_1,-0.007197132334113121,3,0
2800,0,1,road_3_4_3_2,-0.00044521380914375186,0,0
2800,0,1,road_4_3_2_0,0.0,0,0
2800,0,1,road_4_3_2_1,0.0003560702898539603,0,3
2800,0,1,road_4_3_2_2,-0.00032283811015076935,0,0
2800,0,1,road_3_2_1_0,0.0,0,0
2800,0,1,road_3_2_1_1,-0.007197132334113121,3,0
2800,0,1,road_3_2_1_2,-0.00044521380914375186,0,0
2800,0,1,road_2_3_0_0,0.0,0,0
2800,0,1,road_2_3_0_1,0.0009727053111419082,0,3
2800,0,1,road_2_3_0_2,0.00035607031895779073,0,3
2800,0,1,road_3_5_3_0,0.0,0,0
2800,0,1,road_3_5_3_1,-0.007409805431962013,3,0
2800,0,1,road_3_5_3_2,-0.0007178427185863256,0,0
2800,0,1,road_4_4_2_0,0.0,0,0
2800,0,1,road_4_4_2_1,0.0009721409296616912,0,3
2800,0,1,road_4_4_2_2,0.0010346308117732406,0,3
2800,0,1,road_3_3_1_0,0.0,0,0
2800,0,1,road_3_3_1_1,-0.007409805431962013,3,0
2800,0,1,road_3_3_1_2,-0.0007178426603786647,0,0
2800,0,1,road_2_4_0_0,0.0,0,0
2800,0,1,road_2_4_0_1,0.0010346308117732406,0,3
2800,0,1,road_2_4_0_2,0.0009721406968310475,0,3
2800,0,1,road_4_2_3_0,0.0,0,0
2800,0,1,road_4_2_3_1,-0.002632166724652052,0,0
2800,0,1,road_4_2_3_2,-0.0025217211805284023,3,0
2800,0,1,road_5_1_2_0,0.0,0,0
2800,0,1,road_5_1_2_1,0.003002979326993227,3,0
2800,0,1,road_5_1_2_2,0.0024441280402243137,3,0
2800,0,1,road_4_0_1_0,0.0,0,0
2800,0,1,road_4_0_1_1,-7.108443696779432e-06,3,0
2800,0,1,road_4_0_1_2,-0.0018558651208877563,3,0
2800,0,1,road_3_1_0_0,0.0,0,0
2800,0,1,road_3_1_0_1,0.0030029797926545143,3,0
2800,0,1,road_3_1_0_2,0.0024441282730549574,3,0
2800,0,1,road_4_3_3_0,0.0,0,0
2800,0,1,road_4_3_3_1,-0.0015562239568680525,0,3
2800,0,1,road_4_3_3_2,-0.001363703515380621,0,0
2800,0,1,road_5_2_2_0,0.0,0,0
2800,0,1,road_5_2_2_1,-2.2032445485820062e-05,0,0
2800,0,1,road_5_2_2_2,-0.0012687209527939558,3,0
2800,0,1,road_4_1_1_0,0.0,0,0
2800,0,1,road_4_1_1_1,-0.0007079511997289956,0,0
2800,0,1,road_4_1_1_2,-0.0005364050157368183,0,0
2800,0,1,road_3_2_0_0,0.0,0,0
2800,0,1,road_3_2_0_1,-0.00154945719987154,0,0
2800,0,1,road_3_2_0_2,-0.001085871597751975,0,0
2800,0,1,road_4_4_3_0,0.0,0,0
2800,0,1,road_4_4_3_1,0.001472333213314414,3,0
2800,0,1,road_4_4_3_2,0.001797396456822753,3,0
2800,0,1,road_5_3_2_0,0.0,0,0
2800,0,1,road_5_3_2_1,-7.634829671587795e-06,3,0
2800,0,1,road_5_3_2_2,-0.0005961146089248359,3,0
2800,0,1,road_4_2_1_0,0.0,0,0
2800,0,1,road_4_2_1_1,0.0023562286514788866,3,0
2800,0,1,road_4_2_1_2,0.0022879329044371843,3,0
2800,0,1,road_3_3_0_0,0.0,0,0
2800,0,1,road_3_3_0_1,-0.0014395617181435227,3,0
2800,0,1,road_3_3_0_2,-0.002085454063490033,3,0
2800,0,1,road_4_5_3_0,0.0,0,0
2800,0,1,road_4_5_3_1,0.0024441275745630264,3,0
2800,0,1,road_4_5_3_2,0.00244412780739367,3,0
2800,0,1,road_5_4_2_0,0.0,0,0
2800,0,1,road_5_4_2_1,-7.1084486990002915e-06,3,0
2800,0,1,road_5_4_2_2,-0.002632168820127845,3,0
2800,0,1,road_4_3_1_0,0.0,0,0
2800,0,1,road_4_3_1_1,0.0030029783956706524,3,0
2800,0,1,road_4_3_1_2,0.0030029783956706524,3,0
2800,0,1,road_3_4_0_0,0.0,0,0
2800,0,1,road_3_4_0_1,-0.0018558661686256528,0,0
2800,0,1,road_3_4_0_2,-0.0025217225775122643,3,0
3000,0,0,road_1_2_3_0,0.0,0,0
3000,0,0,road_1_2_3_1,-0.00168226461391896,0,3
3000,0,0,road_1_2_3_2,-0.0005828667781315744,0,0
3000,0,0,road_2_1_2_0,0.0,0,0
3000,0,0,road_2_1_2_1,-0.0012284389231353998,0,0
3000,0,0,road_2_1_2_2,-0.0007451350102201104,0,0
3000,0,0,road_1_0_1_0,0.0,0,0
3000,0,0,road_1_0_1_1,-0.0008876181091181934,0,0
3000,0,0,road_1_0_1_2,-0.00024005684826988727,0,0
3000,0,0,road_0_1_0_0,0.0,0,0
3000,0,0,road_0_1_0_1,-1.7836355254985392e-05,0,0
3000,0,0,road_0_1_0_2,-0.0008300561457872391,0,0
3000,0,0,road_1_3_3_0,0.0,0,0
3000,0,0,road_1_3_3_1,0.00407751277089119,0,3
3000,0,0,road_1_3_3_2,0.00439448794350028,0,3
3000,0,0,road_2_2_2_0,0.0,0,0
3000,0,0,road_2_2_2_1,0.0029068910516798496,0,3
3000,0,0,road_2_2_2_2,0.0020292424596846104,0,3
3000,0,0,road_1_1_1_0,0.0,0,0
3000,0,0,road_1_1_1_1,3.1178173230728135e-05,0,3
3000,0,0,road_1_1_1_2,0.0014838414499536157,0,3
3000,0,0,road_0_2_0_0,0.0,0,0
3000,0,0,road_0_2_0_1,0.002618576865643263,0,3
3000,0,0,road_0_2_0_2,0.0016322159208357334,0,3
3000,0,0,road_1_4_3_0,0.0,0,0
3000,0,0,road_1_4_3_1,2.712930836423766e-05,0,3
3000,0,0,road_1_4_3_2,0.0037600011564791203,0,3
3000,0,0,road_2_3_2_0,0.0,0,0
3000,0,0,road_2_3_2_1,0.001977610168978572,0,3
3000,0,0,road_2_3_2_2,0.001977610168978572,0,3
3000,0,0,road_1_2_1_0,0.0,0,0
3000,0,0,road_1_2_1_1,0.0007363195763900876,0,3
3000,0,0,road_1_2_1_2,0.0038257758133113384,0,3
3000,0,0,road_0_3_0_0,0.0,0,0
3000,0,0,road_0_3_0_1,0.001269727130420506,0,3
3000,0,0,road_0_3_0_2,0.0012697272468358278,0,3
3000,0,0,road_1_5_3_0,0.0,0,0
3000,0,0,road_1_5_3_1,2.022030639636796e-05,0,3
3000,0,0,road_1_5_3_2,0.0006174687878228724,0,3
3000,0,0,road_2_4_2_0,0.0,0,0
3000,0,0,road_2_4_2_1,-0.003232874907553196,0,0
3000,0,0,road_2_4_2_2,-0.0010338560678064823,0,0
3000,0,0,road_1_3_1_0,0.0,0,0
3000,0,0,road_1_3_1_1,0.0015936391428112984,0,3
3000,0,0,road_1_3_1_2,0.0011448848526924849,0,3
3000,0,0,road_0_4_0_0,0.0,0,0
3000,0,0,road_0_4_0_1,-2.0648561985581182e-05,0,0
3000,0,0,road_0_4_0_2,-0.0004576651845127344,0,0
3000,0,0,road_2_2_3_0,0.0,0,0
3000,0,0,road_2_2_3_1,3.975551589974202e-05,0,3
3000,0,0,road_2_2_3_2,-0.0033051834907382727,0,0
3000,0,0,road_3_1_2_0,0.0,0,0
3000,0,0,road_3_1_2_1,0.00047856708988547325,0,3
3000,0,0,road_3_1_2_2,3.627906335168518e-05,0,3
3000,0,0,road_2_0_1_0,0.0,0,0
3000,0,0,road_2_0_1_1,0.0032012960873544216,0,3
3000,0,0,road_2_0_1_2,-1.4027187717147171e-05,0,0
3000,0,0,road_1_1_0_0,0.0,0,0
3000,0,0,road_1_1_0_1,0.0015410399064421654,0,3
3000,0,0,road_1_1_0_2,0.0012544331839308143,0,3
3000,0,0,road_2_3_3_0,0.0,0,0
3000,0,0,road_2_3_3_1,0.0019984091632068157,0,3
3000,0,0,road_2_3_3_2,0.0016092373989522457,0,3
3000,0,0,road_3_2_2_0,0.0,0,0
3000,0,0,road_3_2_2_1,0.004110587760806084,0,3
3000,0,0,road_3_2_2_2,0.004108943045139313,0,3
3000,0,0,road_2_1_1_0,0.0,0,0
3000,0,0,road_2_1_1_1,0.0019984091632068157,0,3
3000,0,0,road_2_1_1_2,0.0016092375153675675,0,3
3000,0,0,road_1_2_0_0,0.0,0,0
3000,0,0,road_1_2_0_1,3.7713518395321444e-05,0,3
3000,0,0,road_1_2_0_2,0.0002023592678597197,0,3
3000,0,0,road_2_4_3_0,0.0,0,0
3000,0,0,road_2_4_3_1,0.00023044738918542862,0,3
3000,0,0,road_2_4_3_2,-0.00033815635833889246,0,0
3000,0,0,road_3_3_2_0,0.0,0,0
3000,0,0,road_3_3_2_1,0.0008537386311218143,0,3
3000,0,0,road_3_3_2_2,1.0116033081430942e-05,0,3
3000,0,0,road_2_2_1_0,0.0,0,0
3000,0,0,road_2_2_1_1,0.00023044756380841136,0,3
3000,0,0,road_2_2_1_2,-0.00033815615461207926,0,0
3000,0,0,road_1_3_0_0,0.0,0,0
3000,0,0,road_1_3_0_1,1.0115923942066729e-05,0,3
3000,0,0,road_1_3_0_2,-0.00040168894338421524,0,0
3000,0,0,road_2_5_3_0,0.0,0,0
3000,0,0,road_2_5_3_1,0.00068509834818542,0,3
3000,0,0,road_2_5_3_2,0.0006850982317700982,0,3
3000,0,0,road_3_4_2_0,0.0,0,0
3000,0,0,road_3_4_2_1,-0.0048811174929142,0,0
3000,0,0,road_3_4_2_2,0.00031861127354204655,0,3
3000,0,0,road_2_3_1_0,0.0,0,0
3000,0,0,road_2_3_1_1,0.0019893646240234375,0,3
3000,0,0,road_2_3_1_2,0.00198936415836215,0,3
3000,0,0,road_1_4_0_0,0.0,0,0
3000,0,0,road_1_4_0_1,0.00016699002298992127,0,3
3000,0,0,road_1_4_0_2,0.0037138517946004868,0,3
3000,0,0,road_3_2_3_0,0.0,0,0
3000,0,0,road_3_2_3_1,0.001706205541267991,0,3
3000,0,0,road_3_2_3_2,8.313522266689688e-05,0,3
3000,0,0,road_4_1_2_0,0.0,0,0
3000,0,0,road_4_1_2_1,-0.003587406827136874,0,0
3000,0,0,road_4_1_2_2,-7.646642188774422e-05,0,0
3000,0,0,road_3_0_1_0,0.0,0,0
3000,0,0,road_3_0_1_1,0.001706205657683313,0,3
3000,0,0,road_3_0_1_2,8.313513535540551e-05,0,3
3000,0,0,road_2_1_0_0,0.0,0,0
3000,0,0,road_2_1_0_1,8.035904102143832e-06,0,3
3000,0,0,road_2_1_0_2,0.003224501386284828,0,3
3000,0,0,road_3_3_3_0,0.0,0,0
3000,0,0,road_3_3_3_1,-0.0017363637452945113,0,0
3000,0,0,road_3_3_3_2,-0.0006145534571260214,0,0
3000,0,0,road_4_2_2_0,0.0,0,0
3000,0,0,road_4_2_2_1,2.9155351512599736e-05,0,3
3000,0,0,road_4_2_2_2,-0.0002470799954608083,0,0
3000,0,0,road_3_1_1_0,0.0,0,0
3000,0,0,road_3_1_1_1,-6.189040141180158e-05,0,0
3000,0,0,road_3_1_1_2,0.0005527477478608489,0,3
3000,0,0,road_2_2_0_0,0.0,0,0
3000,0,0,road_2_2_0_1,0.0007158536463975906,0,3
3000,0,0,road_2_2_0_2,9.139208123087883e-05,0,3
3000,0,0,road_3_4_3_0,0.0,0,0
3000,0,0,road_3_4_3_1,0.0013572832103818655,0,3
3000,0,0,road_3_4_3_2,0.0001308594801230356,0,3
3000,0,0,road_4_3_2_0,0.0,0,0
3000,0,0,road_4_3_2_1,-0.0007801450556144118,0,0
3000,0,0,road_4_3_2_2,-0.0002935407974291593,0,0
3000,0,0,road_3_2_1_0,0.0,0,0
3000,0,0,road_3_2_1_1,0.0013572832103818655,0,3
3000,0,0,road_3_2_1_2,0.00013085946557112038,0,3
3000,0,0,road_2_3_0_0,0.0,0,0
3000,0,0,road_2_3_0_1,-0.0013961922377347946,0,0
3000,0,0,road_2_3_0_2,-0.0003468907088972628,0,0
3000,0,0,road_3_5_3_0,0.0,0,0
3000,0,0,road_3_5_3_1,0.0002441578544676304,0,3
3000,0,0,road_3_5_3_2,-0.0003380726557224989,0,0
3000,0,0,road_4_4_2_0,0.0,0,0
3000,0,0,road_4_4_2_1,1.9936451280955225e-05,0,3
3000,0,0,road_4_4_2_2,0.000441478390712291,0,3
3000,0,0,road_3_3_1_0,0.0,0,0
3000,0,0,road_3_3_1_1,0.00024415788357146084,0,3
3000,0,0,road_3_3_1_2,-0.0003380726557224989,0,0
3000,0,0,road_2_4_0_0,0.0,0,0
3000,0,0,road_2_4_0_1,-0.0004315751721151173,0,0
3000,0,0,road_2_4_0_2,1.9936465832870454e-05,0,3
3000,0,0,road_4_2_3_0,0.0,0,0
3000,0,0,road_4_2_3_1,0.0027044438757002354,0,3
3000,0,0,road_4_2_3_2,0.004935344681143761,0,3
3000,0,0,road_5_1_2_0,0.0,0,0
3000,0,0,road_5_1_2_1,0.0019286770839244127,0,3
3000,0,0,road_5_1_2_2,0.0012676025507971644,0,3
3000,0,0,road_4_0_1_0,0.0,0,0
3000,0,0,road_4_0_1_1,1.965320188901387e-05,0,3
3000,0,0,road_4_0_1_2,0.0036963066086173058,0,3
3000,0,0,road_3_1_0_0,0.0,0,0
3000,0,0,road_3_1_0_1,0.0019286770839244127,0,3
3000,0,0,road_3_1_0_2,0.0012676026672124863,0,3
3000,0,0,road_4_3_3_0,0.0,0,0
3000,0,0,road_4_3_3_1,-0.00050882447976619,0,0
3000,0,0,road_4_3_3_2,-0.00022416739375330508,0,0
3000,0,0,road_5_2_2_0,0.0,0,0
3000,0,0,road_5_2_2_1,-1.556358802190516e-05,0,0
3000,0,0,road_5_2_2_2,-0.0014761930797249079,0,0
3000,0,0,road_4_1_1_0,0.0,0,0
3000,0,0,road_4_1_1_1,-0.0008279118919745088,0,0
3000,0,0,road_4_1_1_2,-0.0006004834431223571,0,0
3000,0,0,road_3_2_0_0,0.0,0,0
3000,0,0,road_3_2_0_1,-0.001911437138915062,0,3
3000,0,0,road_3_2_0_2,-0.0008399569196626544,0,0
3000,0,0,road_4_4_3_0,0.0,0,0
3000,0,0,road_4_4_3_1,0.0015846870373934507,0,3
3000,0,0,road_4_4_3_2,0.0012002185685560107,0,3
3000,0,0,road_5_3_2_0,0.0,0,0
3000,0,0,road_5_3_2_1,2.7222864446230233e-05,0,3
3000,0,0,road_5_3_2_2,0.0017717629671096802,0,3
3000,0,0,road_4_2_1_0,0.0,0,0
3000,0,0,road_4_2_1_1,0.002335756318643689,0,3
3000,0,0,road_4_2_1_2,0.00235263304784894,0,3
3000,0,0,road_3_3_0_0,0.0,0,0
3000,0,0,road_3_3_0_1,0.00417045084759593,0,3
3000,0,0,road_3_3_0_2,0.004834090359508991,0,3
3000,0,0,road_4_5_3_0,0.0,0,0
3000,0,0,road_4_5_3_1,0.0006215759785845876,0,3
3000,0,0,road_4_5_3_2,0.0006665780674666166,0,3
3000,0,0,road_5_4_2_0,0.0,0,0
3000,0,0,road_5_4_2_1,1.6663667338434607e-05,0,3
3000,0,0,road_5_4_2_2,0.003089550184085965,0,3
3000,0,0,road_4_3_1_0,0.0,0,0
3000,0,0,road_4_3_1_1,0.0014407390262931585,0,3
3000,0,0,road_4_3_1_2,0.0012864822056144476,0,3
3000,0,0,road_3_4_0_0,0.0,0,0
3000,0,0,road_3_4_0_1,-0.0005908480961807072,0,0
3000,0,0,road_3_4_0_2,0.0011600310681387782,0,3
3000,0,1,road_1_2_3_0,0.0,0,0
3000,0,1,road_1_2_3_1,-0.005512104369699955,3,0
3000,0,1,road_1_2_3_2,-0.0009821709245443344,0,0
3000,0,1,road_2_1_2_0,0.0,0,0
3000,0,1,road_2_1_2_1,-0.001272704335860908,0,0
3000,0,1,road_2_1_2_2,-0.0007814991986379027,0,0
3000,0,1,road_1_0_1_0,0.0,0,0
3000,0,1,road_1_0_1_1,-0.0017767767421901226,0,0
3000,0,1,road_1_0_1_2,0.0008819838985800743,0,3
3000,0,1,road_0_1_0_0,0.0,0,0
3000,0,1,road_0_1_0_1,-1.713822530291509e-05,0,0
3000,0,1,road_0_1_0_2,-0.0007962010568007827,0,0
3000,0,1,road_1_3_3_0,0.0,0,0
3000,0,1,road_1_3_3_1,-0.0013889221008867025,3,0
3000,0,1,road_1_3_3_2,-0.002021471271291375,3,0
3000,0,1,road_2_2_2_0,0.0,0,0
3000,0,1,road_2_2_2_1,0.0022947436664253473,3,0
3000,0,1,road_2_2_2_2,0.0022262914571911097,3,0
3000,0,1,road_1_1_1_0,0.0,0,0
3000,0,1,road_1_1_1_1,-5.945481461822055e-06,3,0
3000,0,1,road_1_1_1_2,-0.0003817748511210084,3,0
3000,0,1,road_0_2_0_0,0.0,0,0
3000,0,1,road_0_2_0_1,0.0014227230567485094,3,0
3000,0,1,road_0_2_0_2,0.0017331114504486322,3,0
3000,0,1,road_1_4_3_0,0.0,0,0
3000,0,1,road_1_4_3_1,-6.255394509935286e-06,3,0
3000,0,1,road_1_4_3_2,-0.001997886225581169,3,0
3000,0,1,road_2_3_2_0,0.0,0,0
3000,0,1,road_2_3_2_1,0.0022537847980856895,3,0
3000,0,1,road_2_3_2_2,0.002253784565255046,3,0
3000,0,1,road_1_2_1_0,0.0,0,0
3000,0,1,road_1_2_1_1,-0.0002067387249553576,3,0
3000,0,1,road_1_2_1_2,-0.002121837344020605,3,0
3000,0,1,road_0_3_0_0,0.0,0,0
3000,0,1,road_0_3_0_1,0.0020706020295619965,3,0
3000,0,1,road_0_3_0_2,0.0020706024952232838,3,0
3000,0,1,road_1_5_3_0,0.0,0,0
3000,0,1,road_1_5_3_1,-7.765032933093607e-06,3,0
3000,0,1,road_1_5_3_2,-0.00039692281279712915,3,0
3000,0,1,road_2_4_2_0,0.0,0,0
3000,0,1,road_2_4_2_1,0.010226640850305557,0,3
3000,0,1,road_2_4_2_2,0.0025756722316145897,0,3
3000,0,1,road_1_3_1_0,0.0,0,0
3000,0,1,road_1_3_1_1,-0.0018269282300025225,3,0
3000,0,1,road_1_3_1_2,-0.0021274674218147993,3,0
3000,0,1,road_0_4_0_0,0.0,0,0
3000,0,1,road_0_4_0_1,1.9688995962496847e-05,0,3
3000,0,1,road_0_4_0_2,0.00029549250029958785,0,3
3000,0,1,road_2_2_3_0,0.0,0,0
3000,0,1,road_2_2_3_1,-8.957578393165022e-05,3,0
3000,0,1,road_2_2_3_2,-0.00109189806971699,0,0
3000,0,1,road_3_1_2_0,0.0,0,0
3000,0,1,road_3_1_2_1,0.003159318584948778,3,0
3000,0,1,road_3_1_2_2,0.0031460982281714678,3,0
3000,0,1,road_2_0_1_0,0.0,0,0
3000,0,1,road_2_0_1_1,-0.0011111001949757338,3,0
3000,0,1,road_2_0_1_2,-7.324796024477109e-05,0,0
3000,0,1,road_1_1_0_0,0.0,0,0
3000,0,1,road_1_1_0_1,0.002078084507957101,3,0
3000,0,1,road_1_1_0_2,0.002385607920587063,3,0
3000,0,1,road_2_3_3_0,0.0,0,0
3000,0,1,road_2_3_3_1,0.002207903191447258,3,0
3000,0,1,road_2_3_3_2,0.0020319540053606033,3,0
3000,0,1,road_3_2_2_0,0.0,0,0
3000,0,1,road_3_2_2_1,-0.0019468613900244236,3,0
3000,0,1,road_3_2_2_2,-0.0019469279795885086,3,0
3000,0,1,road_2_1_1_0,0.0,0,0
3000,0,1,road_2_1_1_1,0.002207903191447258,3,0
3000,0,1,road_2_1_1_2,0.0020319537725299597,3,0
3000,0,1,road_1_2_0_0,0.0,0,0
3000,0,1,road_1_2_0_1,-7.557638127764221e-06,3,0
3000,0,1,road_1_2_0_2,-4.4668500777333975e-05,3,0
3000,0,1,road_2_4_3_0,0.0,0,0
3000,0,1,road_2_4_3_1,-0.005437759682536125,3,0
3000,0,1,road_2_4_3_2,-0.0012168993707746267,0,0
3000,0,1,road_3_3_2_0,0.0,0,0
3000,0,1,road_3_3_2_1,-0.001498935860581696,3,0
3000,0,1,road_3_3_2_2,0.00043801803258247674,3,0
3000,0,1,road_2_2_1_0,0.0,0,0
3000,0,1,road_2_2_1_1,-0.005437759682536125,3,0
3000,0,1,road_2_2_1_2,-0.001216899254359305,0,0
3000,0,1,road_1_3_0_0,0.0,0,0
3000,0,1,road_1_3_0_1,0.00043801809079013765,3,0
3000,0,1,road_1_3_0_2,0.0024693578016012907,0,3
3000,0,1,road_2_5_3_0,0.0,0,0
3000,0,1,road_2_5_3_1,0.002489902311936021,3,0
3000,0,1,road_2_5_3_2,0.0024899025447666645,3,0
3000,0,1,road_3_4_2_0,0.0,0,0
3000,0,1,road_3_4_2_1,-0.0028110716957598925,0,0
3000,0,1,road_3_4_2_2,-0.002582018729299307,3,0
3000,0,1,road_2_3_1_0,0.0,0,0
3000,0,1,road_2_3_1_1,0.0030535755213350058,3,0
3000,0,1,road_2_3_1_2,0.003053575986996293,3,0
3000,0,1,road_1_4_0_0,0.0,0,0
3000,0,1,road_1_4_0_1,-0.00020115279767196625,3,0
3000,0,1,road_1_4_0_2,-0.0019936009775847197,3,0
3000,0,1,road_3_2_3_0,0.0,0,0
3000,0,1,road_3_2_3_1,0.002236222615465522,3,0
3000,0,1,road_3_2_3_2,0.003159986110404134,3,0
3000,0,1,road_4_1_2_0,0.0,0,0
3000,0,1,road_4_1_2_1,-0.0007285105530172586,0,0
3000,0,1,road_4_1_2_2,0.0002671500260476023,0,3
3000,0,1,road_3_0_1_0,0.0,0,0
3000,0,1,road_3_0_1_1,0.002236222615465522,3,0
3000,0,1,road_3_0_1_2,0.003159986110404134,3,0
3000,0,1,road_2_1_0_0,0.0,0,0
3000,0,1,road_2_1_0_1,-2.3940785467857495e-05,3,0
3000,0,1,road_2_1_0_2,-0.0010401742765679955,3,0
3000,0,1,road_3_3_3_0,0.0,0,0
3000,0,1,road_3_3_3_1,0.0012732306495308876,0,3
3000,0,1,road_3_3_3_2,0.0013963411329314113,0,3
3000,0,1,road_4_2_2_0,0.0,0,0
3000,0,1,road_4_2_2_1,-0.003362486604601145,3,0
3000,0,1,road_4_2_2_2,0.0004343185282777995,0,3
3000,0,1,road_3_1_1_0,0.0,0,0
3000,0,1,road_3_1_1_1,0.0014708763919770718,0,3
3000,0,1,road_3_1_1_2,0.0023269036319106817,3,0
3000,0,1,road_2_2_0_0,0.0,0,0
3000,0,1,road_2_2_0_1,0.0008651164243929088,3,0
3000,0,1,road_2_2_0_2,0.006155036389827728,3,0
3000,0,1,road_3_4_3_0,0.0,0,0
3000,0,1,road_3_4_3_1,0.0016099167987704277,3,0
3000,0,1,road_3_4_3_2,0.003711543045938015,3,0
3000,0,1,road_4_3_2_0,0.0,0,0
3000,0,1,road_4_3_2_1,0.0012659112690016627,0,3
3000,0,1,road_4_3_2_2,0.00033139760489575565,0,3
3000,0,1,road_3_2_1_0,0.0,0,0
3000,0,1,road_3_2_1_1,0.0016099170316010714,3,0
3000,0,1,road_3_2_1_2,0.003711543045938015,3,0
3000,0,1,road_2_3_0_0,0.0,0,0
3000,0,1,road_2_3_0_1,0.0020559467375278473,0,3
3000,0,1,road_2_3_0_2,0.0006769750034436584,0,3
3000,0,1,road_3_5_3_0,0.0,0,0
3000,0,1,road_3_5_3_1,-0.005369648337364197,3,0
3000,0,1,road_3_5_3_2,-0.0012724611442536116,0,0
3000,0,1,road_4_4_2_0,0.0,0,0
3000,0,1,road_4_4_2_1,0.0001636136439628899,3,0
3000,0,1,road_4_4_2_2,-0.001957833068445325,3,0
3000,0,1,road_3_3_1_0,0.0,0,0
3000,0,1,road_3_3_1_1,-0.005369648337364197,3,0
3000,0,1,road_3_3_1_2,-0.0012724611442536116,0,0
3000,0,1,road_2_4_0_0,0.0,0,0
3000,0,1,road_2_4_0_1,0.0022961387876421213,0,3
3000,0,1,road_2_4_0_2,0.00016361392044927925,3,0
3000,0,1,road_4_2_3_0,0.0,0,0
3000,0,1,road_4_2_3_1,-0.0008020490640774369,3,0
3000,0,1,road_4_2_3_2,-0.0021770913153886795,3,0
3000,0,1,road_5_1_2_0,0.0,0,0
3000,0,1,road_5_1_2_1,0.002376694232225418,3,0
3000,0,1,road_5_1_2_2,0.0021806317381560802,3,0
3000,0,1,road_4_0_1_0,0.0,0,0
3000,0,1,road_4_0_1_1,-7.405290034512291e-06,3,0
3000,0,1,road_4_0_1_2,-0.0022085760720074177,3,0
3000,0,1,road_3_1_0_0,0.0,0,0
3000,0,1,road_3_1_0_1,0.0023766937665641308,3,0
3000,0,1,road_3_1_0_2,0.002180631272494793,3,0
3000,0,1,road_4_3_3_0,0.0,0,0
3000,0,1,road_4_3_3_1,-0.0004229536862112582,0,0
3000,0,1,road_4_3_3_2,-0.0003674897598102689,0,0
3000,0,1,road_5_2_2_0,0.0,0,0
3000,0,1,road_5_2_2_1,-1.7695516362437047e-05,0,0
3000,0,1,road_5_2_2_2,-0.0018474514363333583,0,3
3000,0,1,road_4_1_1_0,0.0,0,0
3000,0,1,road_4_1_1_1,-0.0016912586288526654,0,0
3000,0,1,road_4_1_1_2,-0.0016116370679810643,0,0
3000,0,1,road_3_2_0_0,0.0,0,0
3000,0,1,road_3_2_0_1,-0.0010466731619089842,3,0
3000,0,1,road_3_2_0_2,-0.0007774097030051053,0,0
3000,0,1,road_4_4_3_0,0.0,0,0
3000,0,1,road_4_4_3_1,0.0023323632776737213,3,0
3000,0,1,road_4_4_3_2,0.0019635497592389584,3,0
3000,0,1,road_5_3_2_0,0.0,0,0
3000,0,1,road_5_3_2_1,-6.038002084096661e-06,3,0
3000,0,1,road_5_3_2_2,-0.0004750805674120784,3,0
3000,0,1,road_4_2_1_0,0.0,0,0
3000,0,1,road_4_2_1_1,0.0021681159269064665,3,0
3000,0,1,road_4_2_1_2,0.0019841790199279785,3,0
3000,0,1,road_3_3_0_0,0.0,0,0
3000,0,1,road_3_3_0_1,-0.001408314099535346,3,0
3000,0,1,road_3_3_0_2,-0.0020465455017983913,3,0
3000,0,1,road_4_5_3_0,0.0,0,0
3000,0,1,road_4_5_3_1,0.0036254171282052994,3,0
3000,0,1,road_4_5_3_2,0.0026298684533685446,3,0
3000,0,1,road_5_4_2_0,0.0,0,0
3000,0,1,road_5_4_2_1,-8.17883301351685e-06,3,0
3000,0,1,road_5_4_2_2,-0.0029705213382840157,3,0
3000,0,1,road_4_3_1_0,0.0,0,0
3000,0,1,road_4_3_1_1,0.0019204402342438698,3,0
3000,0,1,road_4_3_1_2,0.0026630754582583904,3,0
3000,0,1,road_3_4_0_0,0.0,0,0
3000,0,1,road_3_4_0_1,-0.0022362961899489164,0,0
3000,0,1,road_3_4_0_2,-0.0029840851202607155,3,0
3200,0,0,road_1_2_3_0,0.0,0,0
3200,0,0,road_1_2_3_1,-0.0008881257963366807,0,0
3200,0,0,road_1_2_3_2,-0.0016825199127197266,0,3
3200,0,0,road_2_1_2_0,0.0,0,0
3200,0,0,road_2_1_2_1,-0.001229060348123312,0,0
3200,0,0,road_2_1_2_2,-0.0007455033482983708,0,0
3200,0,0,road_1_0_1_0,0.0,0,0
3200,0,0,road_1_0_1_1,-0.00024079841386992484,0,0
3200,0,0,road_1_0_1_2,-0.0005830430309288204,0,0
3200,0,0,road_0_1_0_0,0.0,0,0
3200,0,0,road_0_1_0_1,-2.2085263481130823e-05,0,0
3200,0,0,road_0_1_0_2,-0.000830381759442389,0,0
3200,0,0,road_1_3_3_0,0.0,0,0
3200,0,0,road_1_3_3_1,0.004083393141627312,0,3
3200,0,0,road_1_3_3_2,0.004727597814053297,0,3
3200,0,0,road_2_2_2_0,0.0,0,0
3200,0,0,road_2_2_2_1,0.0012463841121643782,0,3
3200,0,0,road_2_2_2_2,0.0012463838793337345,0,3
3200,0,0,road_1_1_1_0,0.0,0,0
3200,0,0,road_1_1_1_1,2.6124902433366515e-05,0,3
3200,0,0,road_1_1_1_2,0.0016665443545207381,0,3
3200,0,0,road_0_2_0_0,0.0,0,0
3200,0,0,road_0_2_0_1,0.001971661578863859,0,3
3200,0,0,road_0_2_0_2,0.0019716613460332155,0,3
3200,0,0,road_1_4_3_0,0.0,0,0
3200,0,0,road_1_4_3_1,-1.4420344086829573e-05,0,0
3200,0,0,road_1_4_3_2,-0.0019461502088233829,0,3
3200,0,0,road_2_3_2_0,0.0,0,0
3200,0,0,road_2_3_2_1,-0.0014125584857538342,0,0
3200,0,0,road_2_3_2_2,-0.0007105028489604592,0,0
3200,0,0,road_1_2_1_0,0.0,0,0
3200,0,0,road_1_2_1_1,-0.000472409650683403,0,0
3200,0,0,road_1_2_1_2,-0.0006977273151278496,0,0
3200,0,0,road_0_3_0_0,0.0,0,0
3200,0,0,road_0_3_0_1,-0.0014125581365078688,0,0
3200,0,0,road_0_3_0_2,-0.0007105028489604592,0,0
3200,0,0,road_1_5_3_0,0.0,0,0
3200,0,0,road_1_5_3_1,1.970537778106518e-05,0,3
3200,0,0,road_1_5_3_2,0.001225517364218831,0,3
3200,0,0,road_2_4_2_0,0.0,0,0
3200,0,0,road_2_4_2_1,-0.0010016390588134527,0,0
3200,0,0,road_2_4_2_2,-0.0011690384708344936,0,0
3200,0,0,road_1_3_1_0,0.0,0,0
3200,0,0,road_1_3_1_1,0.0017902133986353874,0,3
3200,0,0,road_1_3_1_2,0.0013131685554981232,0,3
3200,0,0,road_0_4_0_0,0.0,0,0
3200,0,0,road_0_4_0_1,-1.6291085557895713e-05,0,0
3200,0,0,road_0_4_0_2,-7.344422920141369e-05,0,0
3200,0,0,road_2_2_3_0,0.0,0,0
3200,0,0,road_2_2_3_1,-0.00012778824020642787,0,0
3200,0,0,road_2_2_3_2,-0.0008099783444777131,0,0
3200,0,0,road_3_1_2_0,0.0,0,0
3200,0,0,road_3_1_2_1,-0.0008263501222245395,0,0
3200,0,0,road_3_1_2_2,-0.0005393331521190703,0,0
3200,0,0,road_2_0_1_0,0.0,0,0
3200,0,0,road_2_0_1_1,-0.0007934057503007352,0,0
3200,0,0,road_2_0_1_2,-0.0005452785408124328,0,0
3200,0,0,road_1_1_0_0,0.0,0,0
3200,0,0,road_1_1_0_1,-0.0059156836941838264,0,3
3200,0,0,road_1_1_0_2,-0.002837994135916233,0,0
3200,0,0,road_2_3_3_0,0.0,0,0
3200,0,0,road_2_3_3_1,0.0019987544510513544,0,3
3200,0,0,road_2_3_3_2,0.001609391300007701,0,3
3200,0,0,road_3_2_2_0,0.0,0,0
3200,0,0,road_3_2_2_1,0.004111220128834248,0,3
3200,0,0,road_3_2_2_2,0.004109506495296955,0,3
3200,0,0,road_2_1_1_0,0.0,0,0
3200,0,0,road_2_1_1_1,0.001998754683881998,0,3
3200,0,0,road_2_1_1_2,0.001609391300007701,0,3
3200,0,0,road_1_2_0_0,0.0,0,0
3200,0,0,road_1_2_0_1,3.048693724849727e-05,0,3
3200,0,0,road_1_2_0_2,0.00020240027515683323,0,3
3200,0,0,road_2_4_3_0,0.0,0,0
3200,0,0,road_2_4_3_1,0.0003913627297151834,0,3
3200,0,0,road_2_4_3_2,-0.00035954589839093387,0,0
3200,0,0,road_3_3_2_0,0.0,0,0
3200,0,0,road_3_3_2_1,-0.00040207814890891314,0,0
3200,0,0,road_3_3_2_2,-0.00043218996142968535,0,0
3200,0,0,road_2_2_1_0,0.0,0,0
3200,0,0,road_2_2_1_1,0.0003913627006113529,0,3
3200,0,0,road_2_2_1_2,-0.0003595459565985948,0,0
3200,0,0,road_1_3_0_0,0.0,0,0
3200,0,0,road_1_3_0_1,-0.00043218996142968535,0,0
3200,0,0,road_1_3_0_2,-0.00040207814890891314,0,0
3200,0,0,road_2_5_3_0,0.0,0,0
3200,0,0,road_2_5_3_1,-0.00057559076230973,0,0
3200,0,0,road_2_5_3_2,-0.000572492484934628,0,0
3200,0,0,road_3_4_2_0,0.0,0,0
3200,0,0,road_3_4_2_1,-0.0011224816553294659,0,3
3200,0,0,road_3_4_2_2,-3.859446587739512e-05,0,0
3200,0,0,road_2_3_1_0,0.0,0,0
3200,0,0,road_2_3_1_1,-0.0006424245657399297,0,0
3200,0,0,road_2_3_1_2,-0.0006230539875105023,0,0
3200,0,0,road_1_4_0_0,0.0,0,0
3200,0,0,road_1_4_0_1,-8.34934035083279e-05,0,0
3200,0,0,road_1_4_0_2,-0.0011224814224988222,0,0
3200,0,0,road_3_2_3_0,0.0,0,0
3200,0,0,road_3_2_3_1,0.0017064684070646763,0,3
3200,0,0,road_3_2_3_2,8.313316357089207e-05,0,3
3200,0,0,road_4_1_2_0,0.0,0,0
3200,0,0,road_4_1_2_1,-0.0035869316197931767,0,0
3200,0,0,road_4_1_2_2,-7.629154424648732e-05,0,0
3200,0,0,road_3_0_1_0,0.0,0,0
3200,0,0,road_3_0_1_1,0.0017064685234799981,0,3
3200,0,0,road_3_0_1_2,8.313323633046821e-05,0,3
3200,0,0,road_2_1_0_0,0.0,0,0
3200,0,0,road_2_1_0_1,6.577684871444944e-06,0,3
3200,0,0,road_2_1_0_2,0.0032250534277409315,0,3
3200,0,0,road_3_3_3_0,0.0,0,0
3200,0,0,road_3_3_3_1,-0.000281144748441875,0,0
3200,0,0,road_3_3_3_2,-0.0001547320862300694,0,0
3200,0,0,road_4_2_2_0,0.0,0,0
3200,0,0,road_4_2_2_1,-0.0005673408159054816,0,0
3200,0,0,road_4_2_2_2,-0.0005940904375165701,0,0
3200,0,0,road_3_1_1_0,0.0,0,0
3200,0,0,road_3_1_1_1,-0.000378804950742051,0,0
3200,0,0,road_3_1_1_2,-0.00028114457381889224,0,0
3200,0,0,road_2_2_0_0,0.0,0,0
3200,0,0,road_2_2_0_1,0.0003591786662582308,0,3
3200,0,0,road_2_2_0_2,0.0003614880552049726,0,3
3200,0,0,road_3_4_3_0,0.0,0,0
3200,0,0,road_3_4_3_1,-0.0003260024241171777,0,0
3200,0,0,road_3_4_3_2,0.0002968389308080077,0,3
3200,0,0,road_4_3_2_0,0.0,0,0
3200,0,0,road_4_3_2_1,2.3636392143089324e-05,0,3
3200,0,0,road_4_3_2_2,2.3636428522877395e-05,0,3
3200,0,0,road_3_2_1_0,0.0,0,0
3200,0,0,road_3_2_1_1,-0.0003260023659095168,0,0
3200,0,0,road_3_2_1_2,0.0002968389308080077,0,3
3200,0,0,road_2_3_0_0,0.0,0,0
3200,0,0,road_2_3_0_1,-0.00028845638735219836,0,0
3200,0,0,road_2_3_0_2,-0.00028845627093687654,0,0
3200,0,0,road_3_5_3_0,0.0,0,0
3200,0,0,road_3_5_3_1,0.0010191132314503193,0,3
3200,0,0,road_3_5_3_2,0.00013245042646303773,0,3
3200,0,0,road_4_4_2_0,0.0,0,0
3200,0,0,road_4_4_2_1,-0.0009161230409517884,0,0
3200,0,0,road_4_4_2_2,-0.0020121256820857525,0,0
3200,0,0,road_3_3_1_0,0.0,0,0
3200,0,0,road_3_3_1_1,0.0010191132314503193,0,3
3200,0,0,road_3_3_1_2,0.00013245052832644433,0,3
3200,0,0,road_2_4_0_0,0.0,0,0
3200,0,0,road_2_4_0_1,-0.00029327027732506394,0,0
3200,0,0,road_2_4_0_2,-0.00032942998223006725,0,0
3200,0,0,road_4_2_3_0,0.0,0,0
3200,0,0,road_4_2_3_1,0.0027039668057113886,0,3
3200,0,0,road_4_2_3_2,0.004934937693178654,0,3
3200,0,0,road_5_1_2_0,0.0,0,0
3200,0,0,road_5_1_2_1,0.001928380923345685,0,3
3200,0,0,road_5_1_2_2,0.0012675102334469557,0,3
3200,0,0,road_4_0_1_0,0.0,0,0
3200,0,0,road_4_0_1_1,2.430612948955968e-05,0,3
3200,0,0,road_4_0_1_2,0.003695829538628459,0,3
3200,0,0,road_3_1_0_0,0.0,0,0
3200,0,0,road_3_1_0_1,0.001928380923345685,0,3
3200,0,0,road_3_1_0_2,0.0012675102334469557,0,3
3200,0,0,road_4_3_3_0,0.0,0,0
3200,0,0,road_4_3_3_1,0.0022784818429499865,0,3
3200,0,0,road_4_3_3_2,0.0012880219146609306,0,3
3200,0,0,road_5_2_2_0,0.0,0,0
3200,0,0,road_5_2_2_1,2.009620948228985e-05,0,3
3200,0,0,road_5_2_2_2,0.0074530355632305145,0,3
3200,0,0,road_4_1_1_0,0.0,0,0
3200,0,0,road_4_1_1_1,0.002873131074011326,0,3
3200,0,0,road_4_1_1_2,0.0020058886148035526,0,3
3200,0,0,road_3_2_0_0,0.0,0,0
3200,0,0,road_3_2_0_1,-0.00026587824686430395,0,0
3200,0,0,road_3_2_0_2,0.0021603056229650974,0,3
3200,0,0,road_4_4_3_0,0.0,0,0
3200,0,0,road_4_4_3_1,0.001971661578863859,0,3
3200,0,0,road_4_4_3_2,0.0012463837629184127,0,3
3200,0,0,road_5_3_2_0,0.0,0,0
3200,0,0,road_5_3_2_1,2.6124898795387708e-05,0,3
3200,0,0,road_5_3_2_2,0.0016665445873513818,0,3
3200,0,0,road_4_2_1_0,0.0,0,0
3200,0,0,road_4_2_1_1,0.001971661578863859,0,3
3200,0,0,road_4_2_1_2,0.0012463837629184127,0,3
3200,0,0,road_3_3_0_0,0.0,0,0
3200,0,0,road_3_3_0_1,0.004083393141627312,0,3
3200,0,0,road_3_3_0_2,0.004727597814053297,0,3
3200,0,0,road_4_5_3_0,0.0,0,0
3200,0,0,road_4_5_3_1,0.002002255991101265,0,3
3200,0,0,road_4_5_3_2,0.0012881174916401505,0,3
3200,0,0,road_5_4_2_0,0.0,0,0
3200,0,0,road_5_4_2_1,9.627318831917364e-06,0,3
3200,0,0,road_5_4_2_2,0.0031717857345938683,0,3
3200,0,0,road_4_3_1_0,0.0,0,0
3200,0,0,road_4_3_1_1,0.0021486282348632812,0,3
3200,0,0,road_4_3_1_2,0.0014118463732302189,0,3
3200,0,0,road_3_4_0_0,0.0,0,0
3200,0,0,road_3_4_0_1,-0.004586353432387114,0,0
3200,0,0,road_3_4_0_2,-0.00037671986501663923,0,0
3200,0,1,road_1_2_3_0,0.0,0,0
3200,0,1,road_1_2_3_1,-0.0017769045662134886,0,0
3200,0,1,road_1_2_3_2,-0.005511979106813669,3,0
3200,0,1,road_2_1_2_0,0.0,0,0
3200,0,1,road_2_1_2_1,-0.0012733384501188993,0,0
3200,0,1,road_2_1_2_2,-0.0007818883750587702,0,0
3200,0,1,road_1_0_1_0,0.0,0,0
3200,0,1,road_1_0_1_1,0.0008814664324745536,0,3
3200,0,1,road_1_0_1_2,-0.0009824298322200775,0,0
3200,0,1,road_0_1_0_0,0.0,0,0
3200,0,1,road_0_1_0_1,-2.122225305356551e-05,0,0
3200,0,1,road_0_1_0_2,-0.0007965523982420564,0,0
3200,0,1,road_1_3_3_0,0.0,0,0
3200,0,1,road_1_3_3_1,-0.0013133864849805832,3,0
3200,0,1,road_1_3_3_2,-0.001930775586515665,3,0
3200,0,1,road_2_2_2_0,0.0,0,0
3200,0,1,road_2_2_2_1,0.002010311232879758,3,0
3200,0,1,road_2_2_2_2,0.0020103114657104015,3,0
3200,0,1,road_1_1_1_0,0.0,0,0
3200,0,1,road_1_1_1_1,-5.796818641101709e-06,3,0
3200,0,1,road_1_1_1_2,-0.0004615123034454882,3,0
3200,0,1,road_0_2_0_0,0.0,0,0
3200,0,1,road_0_2_0_1,0.0021972160320729017,3,0
3200,0,1,road_0_2_0_2,0.002197215799242258,3,0
3200,0,1,road_1_4_3_0,0.0,0,0
3200,0,1,road_1_4_3_1,-1.3778923857898917e-05,0,0
3200,0,1,road_1_4_3_2,-0.001619964838027954,3,0
3200,0,1,road_2_3_2_0,0.0,0,0
3200,0,1,road_2_3_2_1,-0.0011914361966773868,0,0
3200,0,1,road_2_3_2_2,-0.0008251729886978865,0,0
3200,0,1,road_1_2_1_0,0.0,0,0
3200,0,1,road_1_2_1_1,-0.00042558356653898954,0,0
3200,0,1,road_1_2_1_2,-0.001366667216643691,0,0
3200,0,1,road_0_3_0_0,0.0,0,0
3200,0,1,road_0_3_0_1,-0.001191435963846743,0,0
3200,0,1,road_0_3_0_2,-0.0008251728722825646,0,0
3200,0,1,road_1_5_3_0,0.0,0,0
3200,0,1,road_1_5_3_1,-8.255499778897502e-06,3,0
3200,0,1,road_1_5_3_2,-0.0006650857394561172,3,0
3200,0,1,road_2_4_2_0,0.0,0,0
3200,0,1,road_2_4_2_1,0.003120653796941042,0,3
3200,0,1,road_2_4_2_2,0.0033924987073987722,0,3
3200,0,1,road_1_3_1_0,0.0,0,0
3200,0,1,road_1_3_1_1,-0.0021057818084955215,3,0
3200,0,1,road_1_3_1_2,-0.002068661153316498,3,0
3200,0,1,road_0_4_0_0,0.0,0,0
3200,0,1,road_0_4_0_1,1.6418092855019495e-05,0,3
3200,0,1,road_0_4_0_2,7.129480945877731e-05,0,3
3200,0,1,road_2_2_3_0,0.0,0,0
3200,0,1,road_2_2_3_1,-0.00013467912503983825,0,0
3200,0,1,road_2_2_3_2,-0.00023906389833427966,0,0
3200,0,1,road_3_1_2_0,0.0,0,0
3200,0,1,road_3_1_2_1,0.002991859568282962,0,3
3200,0,1,road_3_1_2_2,-0.0005564162856899202,0,0
3200,0,1,road_2_0_1_0,0.0,0,0
3200,0,1,road_2_0_1_1,-0.0008895191131159663,0,0
3200,0,1,road_2_0_1_2,3.495373675832525e-06,0,3
3200,0,1,road_1_1_0_0,0.0,0,0
3200,0,1,road_1_1_0_1,-0.00020753835269715637,3,0
3200,0,1,road_1_1_0_2,-0.004067000932991505,0,0
3200,0,1,road_2_3_3_0,0.0,0,0
3200,0,1,road_2_3_3_1,0.002207452431321144,3,0
3200,0,1,road_2_3_3_2,0.0020315228030085564,3,0
3200,0,1,road_3_2_2_0,0.0,0,0
3200,0,1,road_3_2_2_1,-0.0019463738426566124,3,0
3200,0,1,road_3_2_2_2,-0.0019464432261884212,3,0
3200,0,1,road_2_1_1_0,0.0,0,0
3200,0,1,road_2_1_1_1,0.002207452431321144,3,0
3200,0,1,road_2_1_1_2,0.0020315228030085564,3,0
3200,0,1,road_1_2_0_0,0.0,0,0
3200,0,1,road_1_2_0_1,-6.100409336795565e-06,3,0
3200,0,1,road_1_2_0_2,-4.465748861548491e-05,3,0
3200,0,1,road_2_4_3_0,0.0,0,0
3200,0,1,road_2_4_3_1,-0.007409805431962013,3,0
3200,0,1,road_2_4_3_2,-0.0007178427185863256,0,0
3200,0,1,road_3_3_2_0,0.0,0,0
3200,0,1,road_3_3_2_1,0.0009721409296616912,0,3
3200,0,1,road_3_3_2_2,0.0010346308117732406,0,3
3200,0,1,road_2_2_1_0,0.0,0,0
3200,0,1,road_2_2_1_1,-0.007409805431962013,3,0
3200,0,1,road_2_2_1_2,-0.0007178426603786647,0,0
3200,0,1,road_1_3_0_0,0.0,0,0
3200,0,1,road_1_3_0_1,0.0010346308117732406,0,3
3200,0,1,road_1_3_0_2,0.0009721406968310475,0,3
3200,0,1,road_2_5_3_0,0.0,0,0
3200,0,1,road_2_5_3_1,-0.00015889217320363969,0,0
3200,0,1,road_2_5_3_2,-0.000613108859397471,0,0
3200,0,1,road_3_4_2_0,0.0,0,0
3200,0,1,road_3_4_2_1,-0.0005872440524399281,3,0
3200,0,1,road_3_4_2_2,-2.2874264686834067e-05,0,0
3200,0,1,road_2_3_1_0,0.0,0,0
3200,0,1,road_2_3_1_1,-0.0006897618877701461,0,0
3200,0,1,road_2_3_1_2,-0.0015203237999230623,0,0
3200,0,1,road_1_4_0_0,0.0,0,0
3200,0,1,road_1_4_0_1,-0.00010303225280949846,0,0
3200,0,1,road_1_4_0_2,-0.001567015191540122,0,3
3200,0,1,road_3_2_3_0,0.0,0,0
3200,0,1,road_3_2_3_1,0.002235208870843053,3,0
3200,0,1,road_3_2_3_2,0.003158982377499342,3,0
3200,0,1,road_4_1_2_0,0.0,0,0
3200,0,1,road_4_1_2_1,-0.0007281307480297983,0,0
3200,0,1,road_4_1_2_2,0.0002671252586878836,0,3
3200,0,1,road_3_0_1_0,0.0,0,0
3200,0,1,road_3_0_1_1,0.002235208638012409,3,0
3200,0,1,road_3_0_1_2,0.003158982377499342,3,0
3200,0,1,road_2_1_0_0,0.0,0,0
3200,0,1,road_2_1_0_1,-1.933883504534606e-05,3,0
3200,0,1,road_2_1_0_2,-0.0010396786965429783,3,0
3200,0,1,road_3_3_3_0,0.0,0,0
3200,0,1,road_3_3_3_1,0.0002869375457521528,0,3
3200,0,1,road_3_3_3_2,-0.00040119318873621523,0,0
3200,0,1,road_4_2_2_0,0.0,0,0
3200,0,1,road_4_2_2_1,0.001965561416000128,0,3
3200,0,1,road_4_2_2_2,0.00026051007444038987,0,3
3200,0,1,road_3_1_1_0,0.0,0,0
3200,0,1,road_3_1_1_1,0.0009173905709758401,0,3
3200,0,1,road_3_1_1_2,0.00028693766216747463,0,3
3200,0,1,road_2_2_0_0,0.0,0,0
3200,0,1,road_2_2_0_1,-0.004453637637197971,3,0
3200,0,1,road_2_2_0_2,-0.00669459393247962,3,0
3200,0,1,road_3_4_3_0,0.0,0,0
3200,0,1,road_3_4_3_1,-0.0009789355099201202,0,0
3200,0,1,road_3_4_3_2,-0.0058117881417274475,3,0
3200,0,1,road_4_3_2_0,0.0,0,0
3200,0,1,road_4_3_2_1,0.0008608209900557995,3,0
3200,0,1,road_4_3_2_2,0.0008608208736404777,3,0
3200,0,1,road_3_2_1_0,0.0,0,0
3200,0,1,road_3_2_1_1,-0.0009789355099201202,0,0
3200,0,1,road_3_2_1_2,-0.0058117881417274475,3,0
3200,0,1,road_2_3_0_0,0.0,0,0
3200,0,1,road_2_3_0_1,0.0011207415955141187,0,3
3200,0,1,road_2_3_0_2,0.0011207415955141187,0,3
3200,0,1,road_3_5_3_0,0.0,0,0
3200,0,1,road_3_5_3_1,0.0006347026210278273,3,0
3200,0,1,road_3_5_3_2,0.003859574208036065,3,0
3200,0,1,road_4_4_2_0,0.0,0,0
3200,0,1,road_4_4_2_1,6.106318323872983e-05,0,3
3200,0,1,road_4_4_2_2,-0.00053588388254866,0,0
3200,0,1,road_3_3_1_0,0.0,0,0
3200,0,1,road_3_3_1_1,0.0006347026792354882,3,0
3200,0,1,road_3_3_1_2,0.003859574208036065,3,0
3200,0,1,road_2_4_0_0,0.0,0,0
3200,0,1,road_2_4_0_1,0.00033142449683509767,0,3
3200,0,1,road_2_4_0_2,0.0003297525690868497,0,3
3200,0,1,road_4_2_3_0,0.0,0,0
3200,0,1,road_4_2_3_1,-0.0008022350957617164,3,0
3200,0,1,road_4_2_3_2,-0.0021776254288852215,3,0
3200,0,1,road_5_1_2_0,0.0,0,0
3200,0,1,road_5_1_2_1,0.0023771945852786303,3,0
3200,0,1,road_5_1_2_2,0.002181114861741662,3,0
3200,0,1,road_4_0_1_0,0.0,0,0
3200,0,1,road_4_0_1_1,-9.174168553727213e-06,3,0
3200,0,1,road_4_0_1_2,-0.0022091218270361423,3,0
3200,0,1,road_3_1_0_0,0.0,0,0
3200,0,1,road_3_1_0_1,0.002377194818109274,3,0
3200,0,1,road_3_1_0_2,0.0021811146289110184,3,0
3200,0,1,road_4_3_3_0,0.0,0,0
3200,0,1,road_4_3_3_1,0.0016131200827658176,3,0
3200,0,1,road_4_3_3_2,0.0019965488463640213,3,0
3200,0,1,road_5_2_2_0,0.0,0,0
3200,0,1,road_5_2_2_1,-8.68599545356119e-06,3,0
3200,0,1,road_5_2_2_2,-0.0020601628348231316,3,0
3200,0,1,road_4_1_1_0,0.0,0,0
3200,0,1,road_4_1_1_1,0.0027450034394860268,3,0
3200,0,1,road_4_1_1_2,0.0026984112337231636,3,0
3200,0,1,road_3_2_0_0,0.0,0,0
3200,0,1,road_3_2_0_1,-0.001722072483971715,0,0
3200,0,1,road_3_2_0_2,-0.0025041974149644375,3,0
3200,0,1,road_4_4_3_0,0.0,0,0
3200,0,1,road_4_4_3_1,0.0021972160320729017,3,0
3200,0,1,road_4_4_3_2,0.0020103114657104015,3,0
3200,0,1,road_5_3_2_0,0.0,0,0
3200,0,1,road_5_3_2_1,-5.796818641101709e-06,3,0
3200,0,1,road_5_3_2_2,-0.00046151241986081004,3,0
3200,0,1,road_4_2_1_0,0.0,0,0
3200,0,1,road_4_2_1_1,0.0021972153335809708,3,0
3200,0,1,road_4_2_1_2,0.002010311232879758,3,0
3200,0,1,road_3_3_0_0,0.0,0,0
3200,0,1,road_3_3_0_1,-0.0013133862521499395,3,0
3200,0,1,road_3_3_0_2,-0.001930775586515665,3,0
3200,0,1,road_4_5_3_0,0.0,0,0
3200,0,1,road_4_5_3_1,0.0024731033481657505,3,0
3200,0,1,road_4_5_3_2,0.0026941755786538124,3,0
3200,0,1,road_5_4_2_0,0.0,0,0
3200,0,1,road_5_4_2_1,-7.724142960796598e-06,3,0
3200,0,1,road_5_4_2_2,-0.0013496787287294865,3,0
3200,0,1,road_4_3_1_0,0.0,0,0
3200,0,1,road_4_3_1_1,0.002523628529161215,3,0
3200,0,1,road_4_3_1_2,0.0021522180177271366,3,0
3200,0,1,road_3_4_0_0,0.0,0,0
3200,0,1,road_3_4_0_1,-0.0013496781466528773,0,0
3200,0,1,road_3_4_0_2,0.00038044480606913567,0,3
3400,0,0,road_1_2_3_0,0.0,0,0
3400,0,0,road_1_2_3_1,-0.0016992288874462247,0,0
3400,0,0,road_1_2_3_2,-0.0007061812211759388,0,0
3400,0,0,road_2_1_2_0,0.0,0,0
3400,0,0,road_2_1_2_1,-0.0022561403457075357,0,3
3400,0,0,road_2_1_2_2,-0.0006909880321472883,0,0
3400,0,0,road_1_0_1_0,0.0,0,0
3400,0,0,road_1_0_1_1,-0.0018096676794812083,0,0
3400,0,0,road_1_0_1_2,-0.0009428508346900344,0,0
3400,0,0,road_0_1_0_0,0.0,0,0
3400,0,0,road_0_1_0_1,-1.786588654795196e-05,0,0
3400,0,0,road_0_1_0_2,-0.0010435840813443065,0,0
3400,0,0,road_1_3_3_0,0.0,0,0
3400,0,0,road_1_3_3_1,0.004083392675966024,0,3
3400,0,0,road_1_3_3_2,0.004727597814053297,0,3
3400,0,0,road_2_2_2_0,0.0,0,0
3400,0,0,road_2_2_2_1,0.001971661113202572,0,3
3400,0,0,road_2_2_2_2,0.0012463836465030909,0,3
3400,0,0,road_1_1_1_0,0.0,0,0
3400,0,0,road_1_1_1_1,2.6124902433366515e-05,0,3
3400,0,0,road_1_1_1_2,0.0016665443545207381,0,3
3400,0,0,road_0_2_0_0,0.0,0,0
3400,0,0,road_0_2_0_1,0.0019716613460332155,0,3
3400,0,0,road_0_2_0_2,0.0012463836465030909,0,3
3400,0,0,road_1_4_3_0,0.0,0,0
3400,0,0,road_1_4_3_1,-1.485067423345754e-05,0,0
3400,0,0,road_1_4_3_2,-0.0019499262562021613,0,3
3400,0,0,road_2_3_2_0,0.0,0,0
3400,0,0,road_2_3_2_1,-0.001333691761828959,0,0
3400,0,0,road_2_3_2_2,-0.0007052752771414816,0,0
3400,0,0,road_1_2_1_0,0.0,0,0
3400,0,0,road_1_2_1_1,-0.00034465547651052475,0,0
3400,0,0,road_1_2_1_2,-0.0007635765941813588,0,0
3400,0,0,road_0_3_0_0,0.0,0,0
3400,0,0,road_0_3_0_1,-0.001333691761828959,0,0
3400,0,0,road_0_3_0_2,-0.0007052755099721253,0,0
3400,0,0,road_1_5_3_0,0.0,0,0
3400,0,0,road_1_5_3_1,1.6221812984440476e-05,0,3
3400,0,0,road_1_5_3_2,0.0012393600773066282,0,3
3400,0,0,road_2_4_2_0,0.0,0,0
3400,0,0,road_2_4_2_1,-0.0016357676358893514,0,0
3400,0,0,road_2_4_2_2,-0.0016357676358893514,0,0
3400,0,0,road_1_3_1_0,0.0,0,0
3400,0,0,road_1_3_1_1,0.0019139786018058658,0,3
3400,0,0,road_1_3_1_2,0.0014432671014219522,0,3
3400,0,0,road_0_4_0_0,0.0,0,0
3400,0,0,road_0_4_0_1,-2.118498377967626e-05,0,0
3400,0,0,road_0_4_0_2,-2.1184981960686855e-05,0,0
3400,0,0,road_2_2_3_0,0.0,0,0
3400,0,0,road_2_2_3_1,3.723657573573291e-05,0,3
3400,0,0,road_2_2_3_2,0.003276162315160036,0,3
3400,0,0,road_3_1_2_0,0.0,0,0
3400,0,0,road_3_1_2_1,0.0016953943995758891,0,3
3400,0,0,road_3_1_2_2,0.0006844972376711667,0,3
3400,0,0,road_2_0_1_0,0.0,0,0
3400,0,0,road_2_0_1_1,-0.003664495889097452,0,0
3400,0,0,road_2_0_1_2,0.00011716118024196476,0,3
3400,0,0,road_1_1_0_0,0.0,0,0
3400,0,0,road_1_1_0_1,0.001679630484431982,0,3
3400,0,0,road_1_1_0_2,0.0006403794977813959,0,3
3400,0,0,road_2_3_3_0,0.0,0,0
3400,0,0,road_2_3_3_1,-0.001327021513134241,0,0
3400,0,0,road_2_3_3_2,-0.0007789138471707702,0,0
3400,0,0,road_3_2_2_0,0.0,0,0
3400,0,0,road_3_2_2_1,-0.0018675965256989002,0,3
3400,0,0,road_3_2_2_2,-0.0007232281495817006,0,0
3400,0,0,road_2_1_1_0,0.0,0,0
3400,0,0,road_2_1_1_1,-0.001327021513134241,0,0
3400,0,0,road_2_1_1_2,-0.0007789137307554483,0,0
3400,0,0,road_1_2_0_0,0.0,0,0
3400,0,0,road_1_2_0_1,-1.4660511624242645e-05,0,0
3400,0,0,road_1_2_0_2,-4.3427346099633723e-05,0,0
3400,0,0,road_2_4_3_0,0.0,0,0
3400,0,0,road_2_4_3_1,0.0010191133478656411,0,3
3400,0,0,road_2_4_3_2,0.00013245063018985093,0,3
3400,0,0,road_3_3_2_0,0.0,0,0
3400,0,0,road_3_3_2_1,-0.002012125449255109,0,0
3400,0,0,road_3_3_2_2,-0.00032942998223006725,0,0
3400,0,0,road_2_2_1_0,0.0,0,0
3400,0,0,road_2_2_1_1,0.0010191132314503193,0,3
3400,0,0,road_2_2_1_2,0.00013245068839751184,0,3
3400,0,0,road_1_3_0_0,0.0,0,0
3400,0,0,road_1_3_0_1,-0.0009161232737824321,0,0
3400,0,0,road_1_3_0_2,-0.00029327033553272486,0,0
3400,0,0,road_2_5_3_0,0.0,0,0
3400,0,0,road_2_5_3_1,0.0012780546676367521,0,3
3400,0,0,road_2_5_3_2,0.0019801792223006487,0,3
3400,0,0,road_3_4_2_0,0.0,0,0
3400,0,0,road_3_4_2_1,0.00762291019782424,0,3
3400,0,0,road_3_4_2_2,0.0003804628795478493,0,3
3400,0,0,road_2_3_1_0,0.0,0,0
3400,0,0,road_2_3_1_1,0.0013584090629592538,0,3
3400,0,0,road_2_3_1_2,0.0020865665283054113,0,3
3400,0,0,road_1_4_0_0,0.0,0,0
3400,0,0,road_1_4_0_1,5.3494317398872226e-05,0,3
3400,0,0,road_1_4_0_2,-0.004545737523585558,0,0
3400,0,0,road_3_2_3_0,0.0,0,0
3400,0,0,road_3_2_3_1,0.0015124764759093523,0,3
3400,0,0,road_3_2_3_2,0.0004198828828521073,0,3
3400,0,0,road_4_1_2_0,0.0,0,0
3400,0,0,road_4_1_2_1,0.004009272437542677,0,3
3400,0,0,road_4_1_2_2,0.000958257878664881,0,3
3400,0,0,road_3_0_1_0,0.0,0,0
3400,0,0,road_3_0_1_1,0.0012723696418106556,0,3
3400,0,0,road_3_0_1_2,3.88378684874624e-05,0,3
3400,0,0,road_2_1_0_0,0.0,0,0
3400,0,0,road_2_1_0_1,1.204271575261373e-05,0,3
3400,0,0,road_2_1_0_2,-0.0032836920581758022,0,0
3400,0,0,road_3_3_3_0,0.0,0,0
3400,0,0,road_3_3_3_1,0.0010714662494137883,0,3
3400,0,0,road_3_3_3_2,0.00011744833318516612,0,3
3400,0,0,road_4_2_2_0,0.0,0,0
3400,0,0,road_4_2_2_1,-0.001980699598789215,0,0
3400,0,0,road_4_2_2_2,-0.00026905699633061886,0,0
3400,0,0,road_3_1_1_0,0.0,0,0
3400,0,0,road_3_1_1_1,0.0010714661329984665,0,3
3400,0,0,road_3_1_1_2,0.00011744834773708135,0,3
3400,0,0,road_2_2_0_0,0.0,0,0
3400,0,0,road_2_2_0_1,-0.00048413267359137535,0,0
3400,0,0,road_2_2_0_2,0.00020284864876884967,0,3
3400,0,0,road_3_4_3_0,0.0,0,0
3400,0,0,road_3_4_3_1,-0.0005940903793089092,0,0
3400,0,0,road_3_4_3_2,0.00036148796789348125,0,3
3400,0,0,road_4_3_2_0,0.0,0,0
3400,0,0,road_4_3_2_1,-0.0003788052126765251,0,0
3400,0,0,road_4_3_2_2,-0.0002811447193380445,0,0
3400,0,0,road_3_2_1_0,0.0,0,0
3400,0,0,road_3_2_1_1,-0.0005673409323208034,0,0
3400,0,0,road_3_2_1_2,0.00035917857894673944,0,3
3400,0,0,road_2_3_0_0,0.0,0,0
3400,0,0,road_2_3_0_1,-0.00028114477754570544,0,0
3400,0,0,road_2_3_0_2,-0.0001547319261590019,0,0
3400,0,0,road_3_5_3_0,0.0,0,0
3400,0,0,road_3_5_3_1,0.00023044756380841136,0,3
3400,0,0,road_3_5_3_2,-0.0003381560673005879,0,0
3400,0,0,road_4_4_2_0,0.0,0,0
3400,0,0,road_4_4_2_1,1.0116069461219013e-05,0,3
3400,0,0,road_4_4_2_2,-0.0004016890306957066,0,0
3400,0,0,road_3_3_1_0,0.0,0,0
3400,0,0,road_3_3_1_1,0.00023044765111990273,0,3
3400,0,0,road_3_3_1_2,-0.0003381558053661138,0,0
3400,0,0,road_2_4_0_0,0.0,0,0
3400,0,0,road_2_4_0_1,0.0008537390385754406,0,3
3400,0,0,road_2_4_0_2,1.0115887562278658e-05,0,3
3400,0,0,road_4_2_3_0,0.0,0,0
3400,0,0,road_4_2_3_1,0.0013009237591177225,0,3
3400,0,0,road_4_2_3_2,0.004049967043101788,0,3
3400,0,0,road_5_1_2_0,0.0,0,0
3400,0,0,road_5_1_2_1,0.0019553478341549635,0,3
3400,0,0,road_5_1_2_2,0.0012461424339562654,0,3
3400,0,0,road_4_0_1_0,0.0,0,0
3400,0,0,road_4_0_1_1,2.4996303181978874e-05,0,3
3400,0,0,road_4_0_1_2,0.0037370556965470314,0,3
3400,0,0,road_3_1_0_0,0.0,0,0
3400,0,0,road_3_1_0_1,0.00195534760132432,0,3
3400,0,0,road_3_1_0_2,0.0012461424339562654,0,3
3400,0,0,road_4_3_3_0,0.0,0,0
3400,0,0,road_4_3_3_1,0.0018850782653316855,0,3
3400,0,0,road_4_3_3_2,0.0012603879440575838,0,3
3400,0,0,road_5_2_2_0,0.0,0,0
3400,0,0,road_5_2_2_1,2.385210791544523e-05,0,3
3400,0,0,road_5_2_2_2,0.007886987179517746,0,3
3400,0,0,road_4_1_1_0,0.0,0,0
3400,0,0,road_4_1_1_1,0.0018850782653316855,0,3
3400,0,0,road_4_1_1_2,0.0012603879440575838,0,3
3400,0,0,road_3_2_0_0,0.0,0,0
3400,0,0,road_3_2_0_1,0.002558272797614336,0,3
3400,0,0,road_3_2_0_2,0.004737135022878647,0,3
3400,0,0,road_4_4_3_0,0.0,0,0
3400,0,0,road_4_4_3_1,0.0019057777244597673,0,3
3400,0,0,road_4_4_3_2,0.0019057774916291237,0,3
3400,0,0,road_5_3_2_0,0.0,0,0
3400,0,0,road_5_3_2_1,2.41963589360239e-05,0,3
3400,0,0,road_5_3_2_2,0.002120113931596279,0,3
3400,0,0,road_4_2_1_0,0.0,0,0
3400,0,0,road_4_2_1_1,0.0012506763450801373,0,3
3400,0,0,road_4_2_1_2,0.001250676577910781,0,3
3400,0,0,road_3_3_0_0,0.0,0,0
3400,0,0,road_3_3_0_1,0.007363542914390564,0,3
3400,0,0,road_3_3_0_2,0.004764138720929623,0,3
3400,0,0,road_4_5_3_0,0.0,0,0
3400,0,0,road_4_5_3_1,0.0016456606099382043,0,3
3400,0,0,road_4_5_3_2,9.247145499102771e-05,0,3
3400,0,0,road_5_4_2_0,0.0,0,0
3400,0,0,road_5_4_2_1,2.9778509542666143e-06,0,3
3400,0,0,road_5_4_2_2,0.0031285544391721487,0,3
3400,0,0,road_4_3_1_0,0.0,0,0
3400,0,0,road_4_3_1_1,0.0016456607263535261,0,3
3400,0,0,road_4_3_1_2,9.247165871784091e-05,0,3
3400,0,0,road_3_4_0_0,0.0,0,0
3400,0,0,road_3_4_0_1,-0.0070442394353449345,0,0
3400,0,0,road_3_4_0_2,-0.0004578976659104228,0,0
3400,0,1,road_1_2_3_0,0.0,0,0
3400,0,1,road_1_2_3_1,-0.0009422473376616836,0,0
3400,0,1,road_1_2_3_2,-0.0009089075610972941,0,0
3400,0,1,road_2_1_2_0,0.0,0,0
3400,0,1,road_2_1_2_1,-0.0022415327839553356,3,0
3400,0,1,road_2_1_2_2,-0.00174243887886405,0,0
3400,0,1,road_1_0_1_0,0.0,0,0
3400,0,1,road_1_0_1_1,-0.0010560740483924747,0,0
3400,0,1,road_1_0_1_2,-0.001091438578441739,0,0
3400,0,1,road_0_1_0_0,0.0,0,0
3400,0,1,road_0_1_0_1,-1.70571274793474e-05,0,0
3400,0,1,road_0_1_0_2,-0.0009899126598611474,0,0
3400,0,1,road_1_3_3_0,0.0,0,0
3400,0,1,road_1_3_3_1,-0.0013133890461176634,3,0
3400,0,1,road_1_3_3_2,-0.0019307779148221016,3,0
3400,0,1,road_2_2_2_0,0.0,0,0
3400,0,1,road_2_2_2_1,0.0021972123067826033,3,0
3400,0,1,road_2_2_2_2,0.002010307740420103,3,0
3400,0,1,road_1_1_1_0,0.0,0,0
3400,0,1,road_1_1_1_1,-5.796825462311972e-06,3,0
3400,0,1,road_1_1_1_2,-0.00046151268179528415,3,0
3400,0,1,road_0_2_0_0,0.0,0,0
3400,0,1,road_0_2_0_1,0.0021972123067826033,3,0
3400,0,1,road_0_2_0_2,0.002010307740420103,3,0
3400,0,1,road_1_4_3_0,0.0,0,0
3400,0,1,road_1_4_3_1,-1.4200929399521556e-05,0,0
3400,0,1,road_1_4_3_2,-0.00158777367323637,3,0
3400,0,1,road_2_3_2_0,0.0,0,0
3400,0,1,road_2_3_2_1,-0.001114024082198739,0,0
3400,0,1,road_2_3_2_2,-0.000818431144580245,0,0
3400,0,1,road_1_2_1_0,0.0,0,0
3400,0,1,road_1_2_1_1,-0.00029584256117232144,0,0
3400,0,1,road_1_2_1_2,-0.0013351253001019359,0,0
3400,0,1,road_0_3_0_0,0.0,0,0
3400,0,1,road_0_3_0_1,-0.001114024082198739,0,0
3400,0,1,road_0_3_0_2,-0.000818431144580245,0,0
3400,0,1,road_1_5_3_0,0.0,0,0
3400,0,1,road_1_5_3_1,-5.074557975603966e-06,3,0
3400,0,1,road_1_5_3_2,-0.0004579890228342265,3,0
3400,0,1,road_2_4_2_0,0.0,0,0
3400,0,1,road_2_4_2_1,0.0040268730372190475,0,3
3400,0,1,road_2_4_2_2,0.0040268730372190475,0,3
3400,0,1,road_1_3_1_0,0.0,0,0
3400,0,1,road_1_3_1_1,-0.002121029421687126,3,0
3400,0,1,road_1_3_1_2,-0.001975544262677431,3,0
3400,0,1,road_0_4_0_0,0.0,0,0
3400,0,1,road_0_4_0_1,1.933739440573845e-05,0,3
3400,0,1,road_0_4_0_2,1.933739440573845e-05,0,3
3400,0,1,road_2_2_3_0,0.0,0,0
3400,0,1,road_2_2_3_1,-0.000123600970255211,3,0
3400,0,1,road_2_2_3_2,-0.0022531982976943254,3,0
3400,0,1,road_3_1_2_0,0.0,0,0
3400,0,1,road_3_1_2_1,0.003051663748919964,3,0
3400,0,1,road_3_1_2_2,0.0027427661698311567,3,0
3400,0,1,road_2_0_1_0,0.0,0,0
3400,0,1,road_2_0_1_1,-0.0007573269540444016,0,0
3400,0,1,road_2_0_1_2,-0.0010757336858659983,3,0
3400,0,1,road_1_1_0_0,0.0,0,0
3400,0,1,road_1_1_0_1,0.003087181132286787,3,0
3400,0,1,road_1_1_0_2,0.002179497154429555,3,0
3400,0,1,road_2_3_3_0,0.0,0,0
3400,0,1,road_2_3_3_1,-0.0011026267893612385,0,0
3400,0,1,road_2_3_3_2,-0.000867386581376195,0,0
3400,0,1,road_3_2_2_0,0.0,0,0
3400,0,1,road_3_2_2_1,-0.0015298217767849565,3,0
3400,0,1,road_3_2_2_2,-0.0012710622977465391,0,0
3400,0,1,road_2_1_1_0,0.0,0,0
3400,0,1,road_2_1_1_1,-0.0011026265565305948,0,0
3400,0,1,road_2_1_1_2,-0.000867386581376195,0,0
3400,0,1,road_1_2_0_0,0.0,0,0
3400,0,1,road_1_2_0_1,-1.3932322872278746e-05,0,0
3400,0,1,road_1_2_0_2,-3.6697172618005425e-05,0,0
3400,0,1,road_2_4_3_0,0.0,0,0
3400,0,1,road_2_4_3_1,0.0006347020389512181,3,0
3400,0,1,road_2_4_3_2,0.003859573043882847,3,0
3400,0,1,road_3_3_2_0,0.0,0,0
3400,0,1,road_3_3_2_1,-0.0005358845228329301,0,0
3400,0,1,road_3_3_2_2,0.0003297525690868497,0,3
3400,0,1,road_2_2_1_0,0.0,0,0
3400,0,1,road_2_2_1_1,0.0006347023881971836,3,0
3400,0,1,road_2_2_1_2,0.0038595732767134905,3,0
3400,0,1,road_1_3_0_0,0.0,0,0
3400,0,1,road_1_3_0_1,6.106299406383187e-05,0,3
3400,0,1,road_1_3_0_2,0.00033142438041977584,0,3
3400,0,1,road_2_5_3_0,0.0,0,0
3400,0,1,road_2_5_3_1,0.0021332530304789543,3,0
3400,0,1,road_2_5_3_2,0.0028314082883298397,3,0
3400,0,1,road_3_4_2_0,0.0,0,0
3400,0,1,road_3_4_2_1,-0.002199732232838869,3,0
3400,0,1,road_3_4_2_2,-0.0026641597505658865,3,0
3400,0,1,road_2_3_1_0,0.0,0,0
3400,0,1,road_2_3_1_1,0.0017316518351435661,3,0
3400,0,1,road_2_3_1_2,0.0028921726625412703,3,0
3400,0,1,road_1_4_0_0,0.0,0,0
3400,0,1,road_1_4_0_1,-4.87437064293772e-05,3,0
3400,0,1,road_1_4_0_2,-0.002652258612215519,0,0
3400,0,1,road_3_2_3_0,0.0,0,0
3400,0,1,road_3_2_3_1,0.0028319801203906536,3,0
3400,0,1,road_3_2_3_2,0.002700353506952524,3,0
3400,0,1,road_4_1_2_0,0.0,0,0
3400,0,1,road_4_1_2_1,-0.0019839382730424404,3,0
3400,0,1,road_4_1_2_2,-0.0007716474356129766,3,0
3400,0,1,road_3_0_1_0,0.0,0,0
3400,0,1,road_3_0_1_1,0.003274083137512207,3,0
3400,0,1,road_3_0_1_2,0.0027439112309366465,3,0
3400,0,1,road_2_1_0_0,0.0,0,0
3400,0,1,road_2_1_0_1,-1.5424817320308648e-05,3,0
3400,0,1,road_2_1_0_2,0.00011787276162067428,0,3
3400,0,1,road_3_3_3_0,0.0,0,0
3400,0,1,road_3_3_3_1,0.001586282392963767,3,0
3400,0,1,road_3_3_3_2,0.0036598953884094954,3,0
3400,0,1,road_4_2_2_0,0.0,0,0
3400,0,1,road_4_2_2_1,-0.0005818192730657756,0,0
3400,0,1,road_4_2_2_2,0.0004647208843380213,0,3
3400,0,1,road_3_1_1_0,0.0,0,0
3400,0,1,road_3_1_1_1,0.0015862821601331234,3,0
3400,0,1,road_3_1_1_2,0.0036598958540707827,3,0
3400,0,1,road_2_2_0_0,0.0,0,0
3400,0,1,road_2_2_0_1,0.001165720634162426,0,3
3400,0,1,road_2_2_0_2,0.0019916966557502747,3,0
3400,0,1,road_3_4_3_0,0.0,0,0
3400,0,1,road_3_4_3_1,0.0002605107147246599,0,3
3400,0,1,road_3_4_3_2,-0.006694591138511896,3,0
3400,0,1,road_4_3_2_0,0.0,0,0
3400,0,1,road_4_3_2_1,0.0009173908620141447,0,3
3400,0,1,road_4_3_2_2,0.0002869379532057792,0,3
3400,0,1,road_3_2_1_0,0.0,0,0
3400,0,1,road_3_2_1_1,0.0019655621144920588,0,3
3400,0,1,road_3_2_1_2,-0.004453635308891535,3,0
3400,0,1,road_2_3_0_0,0.0,0,0
3400,0,1,road_2_3_0_1,0.000286938069621101,0,3
3400,0,1,road_2_3_0_2,-0.00040119283949024975,0,0
3400,0,1,road_3_5_3_0,0.0,0,0
3400,0,1,road_3_5_3_1,-0.005437759682536125,3,0
3400,0,1,road_3_5_3_2,-0.001216899137943983,0,0
3400,0,1,road_4_4_2_0,0.0,0,0
3400,0,1,road_4_4_2_1,0.00043801861465908587,3,0
3400,0,1,road_4_4_2_2,0.0024693580344319344,0,3
3400,0,1,road_3_3_1_0,0.0,0,0
3400,0,1,road_3_3_1_1,-0.005437759682536125,3,0
3400,0,1,road_3_3_1_2,-0.0012168990215286613,0,0
3400,0,1,road_2_4_0_0,0.0,0,0
3400,0,1,road_2_4_0_1,-0.0014989355113357306,3,0
3400,0,1,road_2_4_0_2,0.0004380187310744077,3,0
3400,0,1,road_4_2_3_0,0.0,0,0
3400,0,1,road_4_2_3_1,-0.000393194321077317,3,0
3400,0,1,road_4_2_3_2,-0.0020447506103664637,3,0
3400,0,1,road_5_1_2_0,0.0,0,0
3400,0,1,road_5_1_2_1,0.0022741747088730335,3,0
3400,0,1,road_5_1_2_2,0.002081810962408781,3,0
3400,0,1,road_4_0_1_0,0.0,0,0
3400,0,1,road_4_0_1_1,-6.7868336373066995e-06,3,0
3400,0,1,road_4_0_1_2,-0.0020553164649754763,3,0
3400,0,1,road_3_1_0_0,0.0,0,0
3400,0,1,road_3_1_0_1,0.00227417447604239,3,0
3400,0,1,road_3_1_0_2,0.0020818107295781374,3,0
3400,0,1,road_4_3_3_0,0.0,0,0
3400,0,1,road_4_3_3_1,0.0019277454121038318,3,0
3400,0,1,road_4_3_3_2,0.0018821109551936388,3,0
3400,0,1,road_5_2_2_0,0.0,0,0
3400,0,1,road_5_2_2_1,-8.261250513896812e-06,3,0
3400,0,1,road_5_2_2_2,-0.0016454486176371574,3,0
3400,0,1,road_4_1_1_0,0.0,0,0
3400,0,1,road_4_1_1_1,0.0019277454121038318,3,0
3400,0,1,road_4_1_1_2,0.001882110838778317,3,0
3400,0,1,road_3_2_0_0,0.0,0,0
3400,0,1,road_3_2_0_1,-0.000655190262477845,3,0
3400,0,1,road_3_2_0_2,-0.0014264803612604737,3,0
3400,0,1,road_4_4_3_0,0.0,0,0
3400,0,1,road_4_4_3_1,0.001996337901800871,3,0
3400,0,1,road_4_4_3_2,0.0019963381346315145,3,0
3400,0,1,road_5_3_2_0,0.0,0,0
3400,0,1,road_5_3_2_1,-8.519272341800388e-06,3,0
3400,0,1,road_5_3_2_2,-0.0005497019155882299,3,0
3400,0,1,road_4_2_1_0,0.0,0,0
3400,0,1,road_4_2_1_1,0.0019480084301903844,3,0
3400,0,1,road_4_2_1_2,0.0019480085466057062,3,0
3400,0,1,road_3_3_0_0,0.0,0,0
3400,0,1,road_3_3_0_1,-0.001734300283715129,3,0
3400,0,1,road_3_3_0_2,-0.001985805807635188,3,0
3400,0,1,road_4_5_3_0,0.0,0,0
3400,0,1,road_4_5_3_1,0.0021782282274216413,3,0
3400,0,1,road_4_5_3_2,0.003091976512223482,3,0
3400,0,1,road_5_4_2_0,0.0,0,0
3400,0,1,road_5_4_2_1,-7.481891771021765e-06,3,0
3400,0,1,road_5_4_2_2,-0.0011466338764876127,3,0
3400,0,1,road_4_3_1_0,0.0,0,0
3400,0,1,road_4_3_1_1,0.002178228460252285,3,0
3400,0,1,road_4_3_1_2,0.003091976512223482,3,0
3400,0,1,road_3_4_0_0,0.0,0,0
3400,0,1,road_3_4_0_1,-0.0025469965767115355,0,0
3400,0,1,road_3_4_0_2,9.480775042902678e-05,0,3
