sim_time,agent_idx,lane,gradient,fake_vehicles_injected
0,0,road_1_2_3_0,0.08757715672254562,2
0,0,road_1_2_3_1,0.08757714927196503,2
0,0,road_2_1_2_0,-0.2598060369491577,0
0,0,road_2_1_2_1,0.09730091691017151,2
0,0,road_1_0_1_0,0.08757715672254562,2
0,0,road_1_0_1_1,0.08757715672254562,2
0,0,road_0_1_0_0,-0.2598060369491577,0
0,0,road_0_1_0_1,0.09730091691017151,2
10,0,road_1_2_3_0,0.08757723867893219,2
10,0,road_1_2_3_1,0.08757723867893219,2
10,0,road_2_1_2_0,0.09730085730552673,2
10,0,road_2_1_2_1,-0.25980621576309204,0
10,0,road_1_0_1_0,0.08757723867893219,2
10,0,road_1_0_1_1,0.08757723867893219,2
10,0,road_0_1_0_0,0.09730086475610733,2
10,0,road_0_1_0_1,-0.25980618596076965,0
20,0,road_1_2_3_0,0.07737478613853455,2
20,0,road_1_2_3_1,0.07737480103969574,2
20,0,road_2_1_2_0,-0.23872658610343933,0
20,0,road_2_1_2_1,0.10627394914627075,2
20,0,road_1_0_1_0,0.07737478613853455,2
20,0,road_1_0_1_1,0.07737480103969574,2
20,0,road_0_1_0_0,-0.24991624057292938,0
20,0,road_0_1_0_1,0.08315085619688034,2
30,0,road_1_2_3_0,0.04667014628648758,1
30,0,road_1_2_3_1,0.04667016118764877,1
30,0,road_2_1_2_0,-0.13671186566352844,0
30,0,road_2_1_2_1,0.09651844948530197,2
30,0,road_1_0_1_0,0.04667014628648758,1
30,0,road_1_0_1_1,0.04667015001177788,1
30,0,road_0_1_0_0,-0.1115107461810112,0
30,0,road_0_1_0_1,0.11681076139211655,3
40,0,road_1_2_3_0,0.017791885882616043,1
40,0,road_1_2_3_1,0.013900479301810265,1
40,0,road_2_1_2_0,-0.06296978145837784,0
40,0,road_2_1_2_1,0.030403250828385353,2
40,0,road_1_0_1_0,0.023539500311017036,1
40,0,road_1_0_1_1,0.017791863530874252,1
40,0,road_0_1_0_0,-0.059127580374479294,0
40,0,road_0_1_0_1,0.0681128278374672,4
50,0,road_1_2_3_0,0.022651134058833122,1
50,0,road_1_2_3_1,0.013729861006140709,1
50,0,road_2_1_2_0,-0.05832498520612717,0
50,0,road_2_1_2_1,0.03952380269765854,2
50,0,road_1_0_1_0,0.020793072879314423,1
50,0,road_1_0_1_1,0.022651145234704018,1
50,0,road_0_1_0_0,-0.08640653640031815,0
50,0,road_0_1_0_1,0.07983065396547318,4
60,0,road_1_2_3_0,0.05650167167186737,2
60,0,road_1_2_3_1,0.016832856461405754,1
60,0,road_2_1_2_0,-0.056836772710084915,0
60,0,road_2_1_2_1,0.06304728239774704,2
60,0,road_1_0_1_0,0.049801651388406754,2
60,0,road_1_0_1_1,0.056501757353544235,2
60,0,road_0_1_0_0,-0.19570331275463104,0
60,0,road_0_1_0_1,0.05378337204456329,2
70,0,road_1_2_3_0,0.051850736141204834,1
70,0,road_1_2_3_1,0.027414578944444656,1
70,0,road_2_1_2_0,0.12487751990556717,3
70,0,road_2_1_2_1,0.08653837442398071,2
70,0,road_1_0_1_0,-0.06814895570278168,0
70,0,road_1_0_1_1,-0.1740628182888031,0
70,0,road_0_1_0_0,0.09644155949354172,2
70,0,road_0_1_0_1,0.017707563936710358,1
80,0,road_1_2_3_0,0.06524506211280823,2
80,0,road_1_2_3_1,0.03383835777640343,1
80,0,road_2_1_2_0,0.06181827187538147,2
80,0,road_2_1_2_1,0.05996106564998627,2
80,0,road_1_0_1_0,-0.008253122679889202,0
80,0,road_1_0_1_1,-0.11343514919281006,0
80,0,road_0_1_0_0,0.03794344514608383,1
80,0,road_0_1_0_1,0.034874849021434784,1
90,0,road_1_2_3_0,0.10955804586410522,6
90,0,road_1_2_3_1,0.013268675655126572,1
90,0,road_2_1_2_0,0.013028642162680626,1
90,0,road_2_1_2_1,0.021515319123864174,1
90,0,road_1_0_1_0,-0.020031781867146492,0
90,0,road_1_0_1_1,-0.18522818386554718,0
90,0,road_0_1_0_0,0.012705148197710514,1
90,0,road_0_1_0_1,0.01067726407200098,1
100,0,road_1_2_3_0,-0.11828286200761795,0
100,0,road_1_2_3_1,0.01941935531795025,1
100,0,road_2_1_2_0,0.01584569551050663,1
100,0,road_2_1_2_1,0.01851525343954563,1
100,0,road_1_0_1_0,-0.030194232240319252,0
100,0,road_1_0_1_1,0.06494727730751038,4
100,0,road_0_1_0_0,0.01851528137922287,1
100,0,road_0_1_0_1,0.008277347311377525,1
110,0,road_1_2_3_0,-0.10565316677093506,0
110,0,road_1_2_3_1,0.029815303161740303,2
110,0,road_2_1_2_0,0.022280985489487648,1
110,0,road_2_1_2_1,0.02490575797855854,2
110,0,road_1_0_1_0,-0.05277787894010544,0
110,0,road_1_0_1_1,0.04416418820619583,3
110,0,road_0_1_0_0,0.028267543762922287,2
110,0,road_0_1_0_1,0.01059039682149887,1
120,0,road_1_2_3_0,0.1219073161482811,3
120,0,road_1_2_3_1,0.034659236669540405,1
120,0,road_2_1_2_0,-0.0785035714507103,0
120,0,road_2_1_2_1,0.036985885351896286,1
120,0,road_1_0_1_0,0.12824192643165588,3
120,0,road_1_0_1_1,0.06370672583580017,2
120,0,road_0_1_0_0,-0.0785035714507103,0
120,0,road_0_1_0_1,0.036985885351896286,1
130,0,road_1_2_3_0,-0.2159121334552765,0
130,0,road_1_2_3_1,0.027171682566404343,1
130,0,road_2_1_2_0,0.039848167449235916,2
130,0,road_2_1_2_1,0.027066517621278763,1
130,0,road_1_0_1_0,-0.13213540613651276,0
130,0,road_1_0_1_1,0.053998760879039764,3
130,0,road_0_1_0_0,0.008859971538186073,1
130,0,road_0_1_0_1,0.027628615498542786,1
140,0,road_1_2_3_0,-0.0923718512058258,0
140,0,road_1_2_3_1,0.04143913462758064,3
140,0,road_2_1_2_0,0.030514242127537727,2
140,0,road_2_1_2_1,0.020726433023810387,1
140,0,road_1_0_1_0,-0.1409856230020523,0
140,0,road_1_0_1_1,0.03233559429645538,2
140,0,road_0_1_0_0,0.006784580182284117,1
140,0,road_0_1_0_1,0.021156849339604378,1
150,0,road_1_2_3_0,-0.1355583220720291,0
150,0,road_1_2_3_1,0.03607112169265747,2
150,0,road_2_1_2_0,0.0354933962225914,2
150,0,road_2_1_2_1,0.022234780713915825,1
150,0,road_1_0_1_0,-0.1608487069606781,0
150,0,road_1_0_1_1,0.03454505279660225,2
150,0,road_0_1_0_0,0.01592784933745861,1
150,0,road_0_1_0_1,0.02997782826423645,2
160,0,road_1_2_3_0,-0.14023955166339874,0
160,0,road_1_2_3_1,0.03712579235434532,2
160,0,road_2_1_2_0,0.03408905863761902,2
160,0,road_2_1_2_1,0.02135503850877285,1
160,0,road_1_0_1_0,-0.15694622695446014,0
160,0,road_1_0_1_1,0.0396123044192791,2
160,0,road_0_1_0_0,0.0152977230027318,1
160,0,road_0_1_0_1,0.028791820630431175,2
170,0,road_1_2_3_0,-0.13690538704395294,0
170,0,road_1_2_3_1,0.046063944697380066,3
170,0,road_2_1_2_0,0.03255575895309448,2
170,0,road_2_1_2_1,0.02039448544383049,1
170,0,road_1_0_1_0,-0.16327467560768127,0
170,0,road_1_0_1_1,0.040765635669231415,2
170,0,road_0_1_0_0,0.01460966281592846,1
170,0,road_0_1_0_1,0.02749677374958992,2
180,0,road_1_2_3_0,-0.11946141719818115,0
180,0,road_1_2_3_1,0.03457508608698845,2
180,0,road_2_1_2_0,0.024533340707421303,2
180,0,road_2_1_2_1,0.015368870459496975,1
180,0,road_1_0_1_0,-0.08482405543327332,0
180,0,road_1_0_1_1,0.046799588948488235,3
180,0,road_0_1_0_0,0.011009481735527515,1
180,0,road_0_1_0_1,0.020721005275845528,1
190,0,road_1_2_3_0,-0.17212648689746857,0
190,0,road_1_2_3_1,0.04147808253765106,2
190,0,road_2_1_2_0,0.03164157643914223,2
190,0,road_2_1_2_1,0.021792156621813774,1
190,0,road_1_0_1_0,-0.13484564423561096,0
190,0,road_1_0_1_1,0.05120520293712616,3
190,0,road_0_1_0_0,0.010815768502652645,1
190,0,road_0_1_0_1,0.030544554814696312,2
200,0,road_1_2_3_0,0.10274264216423035,3
200,0,road_1_2_3_1,0.05590250343084335,2
200,0,road_2_1_2_0,-0.017914554104208946,0
200,0,road_2_1_2_1,0.027024323120713234,1
200,0,road_1_0_1_0,0.08897311240434647,3
200,0,road_1_0_1_1,0.03937322646379471,1
200,0,road_0_1_0_0,-0.016517288982868195,0
200,0,road_0_1_0_1,0.03934594243764877,1
210,0,road_1_2_3_0,0.05095570161938667,2
210,0,road_1_2_3_1,0.0422687754034996,2
210,0,road_2_1_2_0,-0.017332976683974266,0
210,0,road_2_1_2_1,0.04740409553050995,2
210,0,road_1_0_1_0,0.02034384198486805,1
210,0,road_1_0_1_1,0.030606407672166824,1
210,0,road_0_1_0_0,-0.007637777831405401,0
210,0,road_0_1_0_1,0.05138513445854187,2
220,0,road_1_2_3_0,0.004777760710567236,1
220,0,road_1_2_3_1,0.006372487638145685,1
220,0,road_2_1_2_0,-0.005277008283883333,0
220,0,road_2_1_2_1,0.023591451346874237,3
220,0,road_1_0_1_0,0.004229206591844559,1
220,0,road_1_0_1_1,0.005747675895690918,1
220,0,road_0_1_0_0,-0.0023154383525252342,0
220,0,road_0_1_0_1,0.023163752630352974,3
230,0,road_1_2_3_0,0.007921486161649227,1
230,0,road_1_2_3_1,0.009622174315154552,1
230,0,road_2_1_2_0,-0.030348854139447212,0
230,0,road_2_1_2_1,0.027241988107562065,3
230,0,road_1_0_1_0,0.009194375947117805,1
230,0,road_1_0_1_1,0.009057054296135902,1
230,0,road_0_1_0_0,-0.017528891563415527,0
230,0,road_0_1_0_1,0.027040785178542137,3
240,0,road_1_2_3_0,0.025289272889494896,1
240,0,road_1_2_3_1,0.022761641070246696,1
240,0,road_2_1_2_0,-0.06219583377242088,0
240,0,road_2_1_2_1,0.048273950815200806,3
240,0,road_1_0_1_0,0.018731510266661644,1
240,0,road_1_0_1_1,0.028914539143443108,2
240,0,road_0_1_0_0,-0.11520019918680191,0
240,0,road_0_1_0_1,0.030087905004620552,2
250,0,road_1_2_3_0,0.06630795449018478,2
250,0,road_1_2_3_1,0.05547414347529411,2
250,0,road_2_1_2_0,0.07425002008676529,2
250,0,road_2_1_2_1,0.053931716829538345,2
250,0,road_1_0_1_0,-0.04015365242958069,0
250,0,road_1_0_1_1,-0.09191691130399704,0
250,0,road_0_1_0_0,0.04247225075960159,1
250,0,road_0_1_0_1,0.029811769723892212,1
260,0,road_1_2_3_0,-0.09810882806777954,0
260,0,road_1_2_3_1,0.06906744092702866,3
260,0,road_2_1_2_0,0.025301329791545868,1
260,0,road_2_1_2_1,0.03716001287102699,2
260,0,road_1_0_1_0,-0.033489394932985306,0
260,0,road_1_0_1_1,0.07519964128732681,3
260,0,road_0_1_0_0,0.01761644147336483,1
260,0,road_0_1_0_1,0.017787912860512733,1
270,0,road_1_2_3_0,-0.06793344020843506,0
270,0,road_1_2_3_1,0.03982267528772354,2
270,0,road_2_1_2_0,0.011173569597303867,1
270,0,road_2_1_2_1,0.013850849121809006,1
270,0,road_1_0_1_0,-0.05554405599832535,0
270,0,road_1_0_1_1,0.15391376614570618,6
270,0,road_0_1_0_0,0.01385088823735714,1
270,0,road_0_1_0_1,0.01285010389983654,1
280,0,road_1_2_3_0,-0.05210692435503006,0
280,0,road_1_2_3_1,0.06042265146970749,2
280,0,road_2_1_2_0,0.03845224902033806,1
280,0,road_2_1_2_1,0.034530848264694214,1
280,0,road_1_0_1_0,-0.22995266318321228,0
280,0,road_1_0_1_1,0.04096820577979088,2
280,0,road_0_1_0_0,0.04979721084237099,2
280,0,road_0_1_0_1,0.04422144964337349,2
290,0,road_1_2_3_0,-0.04743433743715286,0
290,0,road_1_2_3_1,0.13957643508911133,6
290,0,road_2_1_2_0,0.02215881273150444,1
290,0,road_2_1_2_1,0.019899044185876846,1
290,0,road_1_0_1_0,-0.07356969267129898,0
290,0,road_1_0_1_1,0.016430633142590523,1
290,0,road_0_1_0_0,0.0286965724080801,1
290,0,road_0_1_0_1,0.02548345737159252,1
300,0,road_1_2_3_0,-0.15155823528766632,0
300,0,road_1_2_3_1,0.0377812460064888,2
300,0,road_2_1_2_0,0.04974149912595749,2
300,0,road_2_1_2_1,0.03754246234893799,2
300,0,road_1_0_1_0,-0.037484120577573776,0
300,0,road_1_0_1_1,0.01129042450338602,1
300,0,road_0_1_0_0,0.05370047688484192,2
300,0,road_0_1_0_1,0.05205579474568367,2
310,0,road_1_2_3_0,-0.07296551764011383,0
310,0,road_1_2_3_1,0.018397212028503418,2
310,0,road_2_1_2_0,0.02470528334379196,2
310,0,road_2_1_2_1,0.015084492042660713,1
310,0,road_1_0_1_0,-0.04489747807383537,0
310,0,road_1_0_1_1,0.019413059577345848,2
310,0,road_0_1_0_0,0.004415761213749647,1
310,0,road_0_1_0_1,0.025854788720607758,2
320,0,road_1_2_3_0,-0.1534292846918106,0
320,0,road_1_2_3_1,0.021992618218064308,1
320,0,road_2_1_2_0,0.05045442283153534,3
320,0,road_2_1_2_1,0.027055004611611366,2
320,0,road_1_0_1_0,-0.13809557259082794,0
320,0,road_1_0_1_1,0.011405540630221367,1
320,0,road_0_1_0_0,0.012296529486775398,1
320,0,road_0_1_0_1,0.052802085876464844,3
330,0,road_1_2_3_0,0.11146938800811768,3
330,0,road_1_2_3_1,0.04099487513303757,1
330,0,road_2_1_2_0,0.06576242297887802,2
330,0,road_2_1_2_1,0.029067518189549446,1
330,0,road_1_0_1_0,0.1021033301949501,3
330,0,road_1_0_1_1,0.03585048392415047,1
330,0,road_0_1_0_0,-0.008644139394164085,0
330,0,road_0_1_0_1,-0.14674676954746246,0
340,0,road_1_2_3_0,-0.1786685734987259,0
340,0,road_1_2_3_1,0.04173707589507103,2
340,0,road_2_1_2_0,0.05098949372768402,2
340,0,road_2_1_2_1,0.027037043124437332,1
340,0,road_1_0_1_0,-0.19683323800563812,0
340,0,road_1_0_1_1,0.031254734843969345,2
340,0,road_0_1_0_0,0.0050386833027005196,1
340,0,road_0_1_0_1,0.05098949372768402,2
350,0,road_1_2_3_0,-0.18447895348072052,0
350,0,road_1_2_3_1,0.04278687760233879,2
350,0,road_2_1_2_0,0.04255955293774605,2
350,0,road_2_1_2_1,0.026278970763087273,1
350,0,road_1_0_1_0,-0.20307178795337677,0
350,0,road_1_0_1_1,0.038945648819208145,2
350,0,road_0_1_0_0,0.004897409584373236,1
350,0,road_0_1_0_1,0.04475763067603111,2
360,0,road_1_2_3_0,0.0044380431063473225,1
360,0,road_1_2_3_1,0.01937045156955719,2
360,0,road_2_1_2_0,-0.15923555195331573,0
360,0,road_2_1_2_1,0.013344408012926579,1
360,0,road_1_0_1_0,0.003572522895410657,1
360,0,road_1_0_1_1,0.019219204783439636,2
360,0,road_0_1_0_0,-0.008090725168585777,0
360,0,road_0_1_0_1,0.06026258319616318,5
370,0,road_1_2_3_0,0.014966114424169064,1
370,0,road_1_2_3_1,0.03723596781492233,2
370,0,road_2_1_2_0,-0.28574296832084656,0
370,0,road_2_1_2_1,0.0172128863632679,1
370,0,road_1_0_1_0,0.01825527846813202,1
370,0,road_1_0_1_1,0.03707550838589668,2
370,0,road_0_1_0_0,-0.10670667886734009,0
370,0,road_0_1_0_1,0.06543808430433273,3
380,0,road_1_2_3_0,-0.030043233186006546,0
380,0,road_1_2_3_1,0.049620285630226135,2
380,0,road_2_1_2_0,0.04378556087613106,1
380,0,road_2_1_2_1,0.029403962194919586,1
380,0,road_1_0_1_0,-0.04302362725138664,0
380,0,road_1_0_1_1,0.04763955622911453,2
380,0,road_0_1_0_0,0.08759274333715439,3
380,0,road_0_1_0_1,0.05194731801748276,2
390,0,road_1_2_3_0,0.017144015058875084,1
390,0,road_1_2_3_1,0.03946498781442642,2
390,0,road_2_1_2_0,-0.15818071365356445,0
390,0,road_2_1_2_1,0.03291980177164078,2
390,0,road_1_0_1_0,0.011234106495976448,1
390,0,road_1_0_1_1,0.04247092083096504,3
390,0,road_0_1_0_0,-0.20243020355701447,0
390,0,road_0_1_0_1,0.020747821778059006,1
400,0,road_1_2_3_0,-0.03022078238427639,0
400,0,road_1_2_3_1,0.04792137071490288,2
400,0,road_2_1_2_0,0.08364522457122803,3
400,0,road_2_1_2_1,0.0199691541492939,1
400,0,road_1_0_1_0,-0.0129843819886446,0
400,0,road_1_0_1_1,0.05218688026070595,2
400,0,road_0_1_0_0,0.06557760387659073,2
400,0,road_0_1_0_1,0.034884851425886154,1
410,0,road_1_2_3_0,-0.02765168435871601,0
410,0,road_1_2_3_1,0.057080961763858795,3
410,0,road_2_1_2_0,0.01554374024271965,1
410,0,road_2_1_2_1,0.01196289248764515,1
410,0,road_1_0_1_0,-0.005703501868993044,0
410,0,road_1_0_1_1,0.05890285596251488,3
410,0,road_0_1_0_0,0.03582361713051796,2
410,0,road_0_1_0_1,0.030994562432169914,1
420,0,road_1_2_3_0,-0.05515141040086746,0
420,0,road_1_2_3_1,0.024580661207437515,4
420,0,road_2_1_2_0,0.002278334693983197,1
420,0,road_2_1_2_1,0.002710497472435236,1
420,0,road_1_0_1_0,-0.0021326616406440735,0
420,0,road_1_0_1_1,0.03160376846790314,5
420,0,road_0_1_0_0,0.0030777263455092907,1
420,0,road_0_1_0_1,0.0054322779178619385,1
430,0,road_1_2_3_0,-0.15531596541404724,0
430,0,road_1_2_3_1,0.025302615016698837,3
430,0,road_2_1_2_0,0.00736925657838583,1
430,0,road_2_1_2_1,0.006971324793994427,1
430,0,road_1_0_1_0,-0.004564173053950071,0
430,0,road_1_0_1_1,0.02599795162677765,3
430,0,road_0_1_0_0,0.008017261512577534,1
430,0,road_0_1_0_1,0.00924739520996809,1
440,0,road_1_2_3_0,0.05487086623907089,5
440,0,road_1_2_3_1,0.024753304198384285,2
440,0,road_2_1_2_0,0.011095467023551464,1
440,0,road_2_1_2_1,0.007397176697850227,1
440,0,road_1_0_1_0,-0.004897022154182196,0
440,0,road_1_0_1_1,-0.10242258012294769,0
440,0,road_0_1_0_0,0.008457502350211143,1
440,0,road_0_1_0_1,0.011095456779003143,1
450,0,road_1_2_3_0,-0.09110526740550995,0
450,0,road_1_2_3_1,0.024724895134568214,1
450,0,road_2_1_2_0,0.028699062764644623,1
450,0,road_2_1_2_1,0.01730423793196678,1
450,0,road_1_0_1_0,-0.02849080041050911,0
450,0,road_1_0_1_1,0.1320337951183319,5
450,0,road_0_1_0_0,0.014240381307899952,1
450,0,road_0_1_0_1,0.02495480328798294,1
460,0,road_1_2_3_0,-0.021337205544114113,0
460,0,road_1_2_3_1,0.026187758892774582,1
460,0,road_2_1_2_0,0.035417646169662476,2
460,0,road_2_1_2_1,0.01959528960287571,1
460,0,road_1_0_1_0,-0.06234205886721611,0
460,0,road_1_0_1_1,0.06098759546875954,3
460,0,road_0_1_0_0,0.0036140382289886475,1
460,0,road_0_1_0_1,0.0307968407869339,2
470,0,road_1_2_3_0,-0.04473276808857918,0
470,0,road_1_2_3_1,0.03641657903790474,3
470,0,road_2_1_2_0,0.024986043572425842,2
470,0,road_2_1_2_1,0.012808175757527351,1
470,0,road_1_0_1_0,-0.06590348482131958,0
470,0,road_1_0_1_1,0.02745702490210533,2
470,0,road_0_1_0_0,0.004854005295783281,1
470,0,road_0_1_0_1,0.021726330742239952,2
480,0,road_1_2_3_0,-0.10293501615524292,0
480,0,road_1_2_3_1,0.03662396967411041,2
480,0,road_2_1_2_0,0.04196038469672203,2
480,0,road_2_1_2_1,0.02021416276693344,1
480,0,road_1_0_1_0,-0.14438496530056,0
480,0,road_1_0_1_1,0.034373875707387924,2
480,0,road_0_1_0_0,0.004214343149214983,1
480,0,road_0_1_0_1,0.03648597374558449,2
490,0,road_1_2_3_0,-0.2275087684392929,0
490,0,road_1_2_3_1,0.010976127348840237,1
490,0,road_2_1_2_0,0.05615965276956558,3
490,0,road_2_1_2_1,0.03251315653324127,2
490,0,road_1_0_1_0,-0.2243160903453827,0
490,0,road_1_0_1_1,0.049342770129442215,2
490,0,road_0_1_0_0,0.004842539317905903,1
490,0,road_0_1_0_1,0.0536629855632782,3
500,0,road_1_2_3_0,0.031558435410261154,2
500,0,road_1_2_3_1,0.0039755962789058685,1
500,0,road_2_1_2_0,-0.262037068605423,0
500,0,road_2_1_2_1,0.018381986767053604,1
500,0,road_1_0_1_0,0.003975594881922007,1
500,0,road_1_0_1_1,0.03188034147024155,2
500,0,road_0_1_0_0,-0.017004869878292084,0
500,0,road_0_1_0_1,0.07967736572027206,5
510,0,road_1_2_3_0,-0.037256594747304916,0
510,0,road_1_2_3_1,0.026244992390275,1
510,0,road_2_1_2_0,0.056193575263023376,2
510,0,road_2_1_2_1,0.02015133947134018,1
510,0,road_1_0_1_0,-0.02754228748381138,0
510,0,road_1_0_1_1,0.04658525437116623,2
510,0,road_0_1_0_0,0.058315277099609375,2
510,0,road_0_1_0_1,0.07638976722955704,3
520,0,road_1_2_3_0,-0.014890928752720356,0
520,0,road_1_2_3_1,0.030060168355703354,2
520,0,road_2_1_2_0,0.03137949854135513,2
520,0,road_2_1_2_1,0.01745237410068512,1
520,0,road_1_0_1_0,-0.00922952126711607,0
520,0,road_1_0_1_1,0.05819966644048691,3
520,0,road_0_1_0_0,0.02777680568397045,2
520,0,road_0_1_0_1,0.018143510445952415,1
530,0,road_1_2_3_0,-0.004470358602702618,0
530,0,road_1_2_3_1,0.009674161672592163,2
530,0,road_2_1_2_0,0.005848363041877747,1
530,0,road_2_1_2_1,0.003383214119821787,1
530,0,road_1_0_1_0,-0.004376514349132776,0
530,0,road_1_0_1_1,0.025833910331130028,5
530,0,road_0_1_0_0,0.002738730749115348,1
530,0,road_0_1_0_1,0.0024322483222931623,1
540,0,road_1_2_3_0,-0.0457652248442173,0
540,0,road_1_2_3_1,0.008368403650820255,1
540,0,road_2_1_2_0,0.011100554838776588,1
540,0,road_2_1_2_1,0.007298975717276335,1
540,0,road_1_0_1_0,-0.0077224355190992355,0
540,0,road_1_0_1_1,0.03627444803714752,5
540,0,road_0_1_0_0,0.006006648298352957,1
540,0,road_0_1_0_1,0.007575335446745157,1
550,0,road_1_2_3_0,-0.15734417736530304,0
550,0,road_1_2_3_1,0.008912215009331703,1
550,0,road_2_1_2_0,0.0172914769500494,1
550,0,road_2_1_2_1,0.013103077188134193,1
550,0,road_1_0_1_0,-0.015262453816831112,0
550,0,road_1_0_1_1,0.05944216996431351,5
550,0,road_0_1_0_0,0.006424013990908861,1
550,0,road_0_1_0_1,0.013552541844546795,1
560,0,road_1_2_3_0,0.0686175525188446,5
560,0,road_1_2_3_1,0.011229459196329117,1
560,0,road_2_1_2_0,0.006487727165222168,1
560,0,road_2_1_2_1,0.02121945284307003,2
560,0,road_1_0_1_0,-0.10506054759025574,0
560,0,road_1_0_1_1,-0.21584829688072205,0
560,0,road_0_1_0_0,0.006040333770215511,1
560,0,road_0_1_0_1,0.02107669785618782,2
570,0,road_1_2_3_0,0.1262090653181076,4
570,0,road_1_2_3_1,0.0020923027768731117,1
570,0,road_2_1_2_0,-0.04683962091803551,0
570,0,road_2_1_2_1,0.026404768228530884,1
570,0,road_1_0_1_0,0.0654994323849678,2
570,0,road_1_0_1_1,0.07580746710300446,2
570,0,road_0_1_0_0,-0.011585255153477192,0
570,0,road_0_1_0_1,0.02266806736588478,1
580,0,road_1_2_3_0,0.05646899715065956,2
580,0,road_1_2_3_1,0.003508838592097163,1
580,0,road_2_1_2_0,-0.04242687299847603,0
580,0,road_2_1_2_1,0.03550969809293747,1
580,0,road_1_0_1_0,0.06602884083986282,2
580,0,road_1_0_1_1,0.07502000778913498,3
580,0,road_0_1_0_0,-0.010521666146814823,0
580,0,road_0_1_0_1,0.03800826147198677,1
590,0,road_1_2_3_0,0.046103864908218384,1
590,0,road_1_2_3_1,0.00373733788728714,1
590,0,road_2_1_2_0,-0.04390371963381767,0
590,0,road_2_1_2_1,0.03329320624470711,1
590,0,road_1_0_1_0,0.0703282281756401,2
590,0,road_1_0_1_1,0.1468060314655304,4
590,0,road_0_1_0_0,-0.010780594311654568,0
590,0,road_0_1_0_1,0.03555820882320404,1
600,0,road_1_2_3_0,0.054613202810287476,2
600,0,road_1_2_3_1,0.0028708775062114,1
600,0,road_2_1_2_0,-0.028409579768776894,0
600,0,road_2_1_2_1,0.041698336601257324,1
600,0,road_1_0_1_0,0.05402447655797005,2
600,0,road_1_0_1_1,0.09322517365217209,3
600,0,road_0_1_0_0,-0.009798732586205006,0
600,0,road_0_1_0_1,0.04255156219005585,1
610,0,road_1_2_3_0,0.06725367903709412,3
610,0,road_1_2_3_1,0.0027093118987977505,1
610,0,road_2_1_2_0,-0.015373719856142998,0
610,0,road_2_1_2_1,0.04326653853058815,2
610,0,road_1_0_1_0,0.05098247155547142,2
610,0,road_1_0_1_1,0.060947250574827194,2
610,0,road_0_1_0_0,-0.009615425951778889,0
610,0,road_0_1_0_1,0.04101600497961044,2
620,0,road_1_2_3_0,0.05661566182971001,2
620,0,road_1_2_3_1,0.004240148235112429,1
620,0,road_2_1_2_0,-0.010513992048799992,0
620,0,road_2_1_2_1,0.04750300943851471,2
620,0,road_1_0_1_0,0.04243134334683418,2
620,0,road_1_0_1_1,0.04971928149461746,2
620,0,road_0_1_0_0,-0.005521528888493776,0
620,0,road_0_1_0_1,0.045408330857753754,2
630,0,road_1_2_3_0,0.008551112376153469,1
630,0,road_1_2_3_1,0.0007233954383991659,1
630,0,road_2_1_2_0,-0.005364110693335533,0
630,0,road_2_1_2_1,0.023125335574150085,4
630,0,road_1_0_1_0,0.0009701431263238192,1
630,0,road_1_0_1_1,0.008541268296539783,1
630,0,road_0_1_0_0,-0.0018951349193230271,0
630,0,road_0_1_0_1,0.02308988943696022,4
640,0,road_1_2_3_0,0.018094610422849655,2
640,0,road_1_2_3_1,0.0014903855044394732,1
640,0,road_2_1_2_0,-0.04049581661820412,0
640,0,road_2_1_2_1,0.02235591784119606,2
640,0,road_1_0_1_0,0.002037268364802003,1
640,0,road_1_0_1_1,0.014419583603739738,2
640,0,road_0_1_0_0,-0.0036867272574454546,0
640,0,road_0_1_0_1,0.036730896681547165,4
650,0,road_1_2_3_0,0.04903080686926842,3
650,0,road_1_2_3_1,0.0038139508105814457,1
650,0,road_2_1_2_0,-0.1859755665063858,0
650,0,road_2_1_2_1,0.02314111776649952,1
650,0,road_1_0_1_0,0.0026546374429017305,1
650,0,road_1_0_1_1,0.033999308943748474,2
650,0,road_0_1_0_0,-0.06627079099416733,0
650,0,road_0_1_0_1,0.06601891666650772,4
660,0,road_1_2_3_0,0.07135796546936035,3
660,0,road_1_2_3_1,0.006006012670695782,1
660,0,road_2_1_2_0,-0.13418197631835938,0
660,0,road_2_1_2_1,0.023413117974996567,1
660,0,road_1_0_1_0,0.002729021245613694,1
660,0,road_1_0_1_1,0.04735717549920082,2
660,0,road_0_1_0_0,-0.09806784987449646,0
660,0,road_0_1_0_1,0.05833437666296959,3
670,0,road_1_2_3_0,-0.014477284625172615,0
670,0,road_1_2_3_1,0.018380142748355865,1
670,0,road_2_1_2_0,0.0469147190451622,2
670,0,road_2_1_2_1,0.024464335292577744,1
670,0,road_1_0_1_0,-0.00997621938586235,0
670,0,road_1_0_1_1,0.05423162877559662,2
670,0,road_0_1_0_0,0.06383881717920303,3
670,0,road_0_1_0_1,0.03531354293227196,1
680,0,road_1_2_3_0,-0.01517806388437748,0
680,0,road_1_2_3_1,0.019572854042053223,1
680,0,road_2_1_2_0,0.04243050515651703,2
680,0,road_2_1_2_1,0.02438497729599476,1
680,0,road_1_0_1_0,-0.005546188913285732,0
680,0,road_1_0_1_1,0.05739840865135193,3
680,0,road_0_1_0_0,0.028804050758481026,2
680,0,road_0_1_0_1,0.017696097493171692,1
690,0,road_1_2_3_0,-0.004866047762334347,0
690,0,road_1_2_3_1,0.007628929801285267,2
690,0,road_2_1_2_0,0.004982341546565294,1
690,0,road_2_1_2_1,0.004466353449970484,1
690,0,road_1_0_1_0,-0.002253090962767601,0
690,0,road_1_0_1_1,0.023511378094553947,5
690,0,road_0_1_0_0,0.0024279975332319736,1
690,0,road_0_1_0_1,0.002924275351688266,1
700,0,road_1_2_3_0,-0.03824855014681816,0
700,0,road_1_2_3_1,0.008149971254169941,1
700,0,road_2_1_2_0,0.007838004268705845,1
700,0,road_2_1_2_1,0.007026274222880602,1
700,0,road_1_0_1_0,-0.005752089899033308,0
700,0,road_1_0_1_1,0.04398960992693901,6
700,0,road_0_1_0_0,0.0038196463137865067,1
700,0,road_0_1_0_1,0.004600352142006159,1
710,0,road_1_2_3_0,-0.22400927543640137,0
710,0,road_1_2_3_1,0.010197220370173454,1
710,0,road_2_1_2_0,0.025700725615024567,1
710,0,road_2_1_2_1,0.023180779069662094,1
710,0,road_1_0_1_0,-0.07064215838909149,0
710,0,road_1_0_1_1,0.10251795500516891,5
710,0,road_0_1_0_0,0.019268902018666267,1
710,0,road_0_1_0_1,0.017056496813893318,1
720,0,road_1_2_3_0,0.07713887840509415,2
720,0,road_1_2_3_1,0.0037187461275607347,1
720,0,road_2_1_2_0,-0.035021618008613586,0
720,0,road_2_1_2_1,-0.12533755600452423,0
720,0,road_1_0_1_0,0.0699784979224205,2
720,0,road_1_0_1_1,0.10486246645450592,3
720,0,road_0_1_0_0,0.048585325479507446,1
720,0,road_0_1_0_1,0.03856594115495682,1
730,0,road_1_2_3_0,0.05701586231589317,2
730,0,road_1_2_3_1,0.003547387896105647,1
730,0,road_2_1_2_0,-0.03586175665259361,0
730,0,road_2_1_2_1,0.04897238686680794,2
730,0,road_1_0_1_0,0.03761274740099907,2
730,0,road_1_0_1_1,0.032966237515211105,1
730,0,road_0_1_0_0,-0.08313410729169846,0
730,0,road_0_1_0_1,0.058823857456445694,2
740,0,road_1_2_3_0,0.02251502498984337,3
740,0,road_1_2_3_1,0.0012060636654496193,1
740,0,road_2_1_2_0,-0.021558037027716637,0
740,0,road_2_1_2_1,-0.1661486029624939,0
740,0,road_1_0_1_0,0.005134221166372299,1
740,0,road_1_0_1_1,0.011660064570605755,1
740,0,road_0_1_0_0,0.014833571389317513,2
740,0,road_0_1_0_1,0.027570458129048347,3
750,0,road_1_2_3_0,0.017464473843574524,2
750,0,road_1_2_3_1,0.0007962921517901123,1
750,0,road_2_1_2_0,-0.051753923296928406,0
750,0,road_2_1_2_1,0.0317208394408226,3
750,0,road_1_0_1_0,0.0020212202798575163,1
750,0,road_1_0_1_1,0.00904445443302393,1
750,0,road_0_1_0_0,-0.039779044687747955,0
750,0,road_0_1_0_1,0.03730309009552002,4
760,0,road_1_2_3_0,0.050213705748319626,3
760,0,road_1_2_3_1,0.0026541543193161488,1
760,0,road_2_1_2_0,-0.1316089630126953,0
760,0,road_2_1_2_1,0.05576299503445625,3
760,0,road_1_0_1_0,0.003813300747424364,1
760,0,road_1_0_1_1,0.04001515731215477,2
760,0,road_0_1_0_0,-0.1705215722322464,0
760,0,road_0_1_0_1,0.045969586819410324,2
770,0,road_1_2_3_0,-0.10658366978168488,0
770,0,road_1_2_3_1,0.015860458835959435,1
770,0,road_2_1_2_0,0.037483807653188705,2
770,0,road_2_1_2_1,0.04601377993822098,2
770,0,road_1_0_1_0,-0.012672264128923416,0
770,0,road_1_0_1_1,0.06921542435884476,3
770,0,road_0_1_0_0,0.01813691295683384,1
770,0,road_0_1_0_1,0.03648907691240311,2
780,0,road_1_2_3_0,-0.07806658744812012,0
780,0,road_1_2_3_1,0.013588435016572475,1
780,0,road_2_1_2_0,0.01952029950916767,1
780,0,road_2_1_2_1,0.059410419315099716,3
780,0,road_1_0_1_0,-0.008249405771493912,0
780,0,road_1_0_1_1,0.07842167466878891,4
780,0,road_0_1_0_0,0.012809150852262974,1
780,0,road_0_1_0_1,0.039002660661935806,2
790,0,road_1_2_3_0,-0.04665481671690941,0
790,0,road_1_2_3_1,0.013778158463537693,1
790,0,road_2_1_2_0,0.013450874015688896,1
790,0,road_2_1_2_1,0.009128083474934101,1
790,0,road_1_0_1_0,-0.005009242799133062,0
790,0,road_1_0_1_1,0.07961402833461761,6
790,0,road_0_1_0_0,0.015173458494246006,1
790,0,road_0_1_0_1,0.010520652867853642,1
800,0,road_1_2_3_0,-0.03384068235754967,0
800,0,road_1_2_3_1,0.006404440850019455,1
800,0,road_2_1_2_0,0.01010945439338684,1
800,0,road_2_1_2_1,0.0045222933404147625,1
800,0,road_1_0_1_0,-0.001997907878831029,0
800,0,road_1_0_1_1,0.08243320137262344,7
800,0,road_0_1_0_0,0.012289296835660934,1
800,0,road_0_1_0_1,0.008908858522772789,1
810,0,road_1_2_3_0,-0.011274987831711769,0
810,0,road_1_2_3_1,0.00649247458204627,1
810,0,road_2_1_2_0,0.012043938972055912,1
810,0,road_2_1_2_1,0.004423379898071289,1
810,0,road_1_0_1_0,-0.0023514139465987682,0
810,0,road_1_0_1_1,0.050807561725378036,5
810,0,road_0_1_0_0,0.012726743705570698,1
810,0,road_0_1_0_1,0.010738278739154339,1
820,0,road_1_2_3_0,-0.00994059257209301,0
820,0,road_1_2_3_1,0.006858129054307938,1
820,0,road_2_1_2_0,0.010947288013994694,1
820,0,road_2_1_2_1,0.004020593129098415,1
820,0,road_1_0_1_0,-0.006053101737052202,0
820,0,road_1_0_1_1,0.04426029324531555,5
820,0,road_0_1_0_0,0.011567938141524792,1
820,0,road_0_1_0_1,0.009760528802871704,1
830,0,road_1_2_3_0,-0.0024054304230958223,0
830,0,road_1_2_3_1,0.006113091018050909,2
830,0,road_2_1_2_0,0.005009626038372517,2
830,0,road_2_1_2_1,0.001356708467938006,1
830,0,road_1_0_1_0,-0.012283844873309135,0
830,0,road_1_0_1_1,0.010263627395033836,3
830,0,road_0_1_0_0,0.0032686167396605015,1
830,0,road_0_1_0_1,0.004529026336967945,1
840,0,road_1_2_3_0,-0.015192534774541855,0
840,0,road_1_2_3_1,0.005947100929915905,1
840,0,road_2_1_2_0,0.005739316344261169,1
840,0,road_2_1_2_1,0.001554348855279386,1
840,0,road_1_0_1_0,-0.009484878741204739,0
840,0,road_1_0_1_1,0.024209246039390564,5
840,0,road_0_1_0_0,0.003744725836440921,1
840,0,road_0_1_0_1,0.005188710521906614,1
850,0,road_1_2_3_0,-0.028356757014989853,0
850,0,road_1_2_3_1,0.006185211706906557,1
850,0,road_2_1_2_0,0.007384497206658125,1
850,0,road_2_1_2_1,0.001985505223274231,1
850,0,road_1_0_1_0,-0.01280997321009636,0
850,0,road_1_0_1_1,0.027017252519726753,5
850,0,road_0_1_0_0,0.0009852631483227015,1
850,0,road_0_1_0_1,0.006071634124964476,1
860,0,road_1_2_3_0,-0.06029294803738594,0
860,0,road_1_2_3_1,0.005427728407084942,1
860,0,road_2_1_2_0,0.0125786904245615,2
860,0,road_2_1_2_1,0.0032308679074048996,1
860,0,road_1_0_1_0,-0.013891370967030525,0
860,0,road_1_0_1_1,0.044891107827425,6
860,0,road_0_1_0_0,0.004660519305616617,1
860,0,road_0_1_0_1,0.010351256467401981,1
870,0,road_1_2_3_0,-0.06541932374238968,0
870,0,road_1_2_3_1,0.006134456489235163,1
870,0,road_2_1_2_0,0.01600872352719307,2
870,0,road_2_1_2_1,0.00411190977320075,1
870,0,road_1_0_1_0,-0.085549496114254,0
870,0,road_1_0_1_1,0.043626997619867325,5
870,0,road_0_1_0_0,0.005931446328759193,1
870,0,road_0_1_0_1,0.013173943385481834,1
880,0,road_1_2_3_0,-0.1880825012922287,0
880,0,road_1_2_3_1,-0.006277523003518581,0
880,0,road_2_1_2_0,0.044732727110385895,2
880,0,road_2_1_2_1,0.018098045140504837,1
880,0,road_1_0_1_0,0.09528450667858124,4
880,0,road_1_0_1_1,0.06517250835895538,2
880,0,road_0_1_0_0,0.01622704602777958,1
880,0,road_0_1_0_1,0.025864774361252785,1
890,0,road_1_2_3_0,-0.17747987806797028,0
890,0,road_1_2_3_1,-0.003423447720706463,0
890,0,road_2_1_2_0,0.05340227112174034,3
890,0,road_2_1_2_1,0.03205011039972305,2
890,0,road_1_0_1_0,0.019532689824700356,1
890,0,road_1_0_1_1,0.03944620490074158,2
890,0,road_0_1_0_0,0.015076564624905586,1
890,0,road_0_1_0_1,0.037333909422159195,2
900,0,road_1_2_3_0,-0.23796579241752625,0
900,0,road_1_2_3_1,-0.004589849151670933,0
900,0,road_2_1_2_0,0.006741207093000412,1
900,0,road_2_1_2_1,0.02281253971159458,1
900,0,road_1_0_1_0,0.013481676578521729,1
900,0,road_1_0_1_1,0.0801258534193039,5
900,0,road_0_1_0_0,0.006109908223152161,1
900,0,road_0_1_0_1,0.023028096184134483,2
910,0,road_1_2_3_0,-0.20534728467464447,0
910,0,road_1_2_3_1,-0.018442366272211075,0
910,0,road_2_1_2_0,0.01535955909639597,1
910,0,road_2_1_2_1,0.02803235501050949,1
910,0,road_1_0_1_0,0.017030786722898483,1
910,0,road_1_0_1_1,0.12139095366001129,6
910,0,road_0_1_0_0,0.007507820148020983,1
910,0,road_0_1_0_1,0.025863025337457657,1
920,0,road_1_2_3_0,0.08038244396448135,3
920,0,road_1_2_3_1,0.060888826847076416,2
920,0,road_2_1_2_0,-0.02842622436583042,0
920,0,road_2_1_2_1,0.03597192466259003,1
920,0,road_1_0_1_0,0.006919211242347956,1
920,0,road_1_0_1_1,0.07284463196992874,3
920,0,road_0_1_0_0,-0.016724778339266777,0
920,0,road_0_1_0_1,0.031956881284713745,1
930,0,road_1_2_3_0,0.0595075860619545,3
930,0,road_1_2_3_1,0.03202672302722931,2
930,0,road_2_1_2_0,-0.01836560294032097,0
930,0,road_2_1_2_1,0.0427229180932045,2
930,0,road_1_0_1_0,0.008960690349340439,1
930,0,road_1_0_1_1,0.026147833094000816,1
930,0,road_0_1_0_0,-0.014916579239070415,0
930,0,road_0_1_0_1,0.03650877624750137,2
940,0,road_1_2_3_0,0.011463630944490433,2
940,0,road_1_2_3_1,0.006717291194945574,1
940,0,road_2_1_2_0,-0.03092426434159279,0
940,0,road_2_1_2_1,0.02299896813929081,3
940,0,road_1_0_1_0,0.001461399719119072,1
940,0,road_1_0_1_1,0.008309798315167427,1
940,0,road_0_1_0_0,-0.01763259805738926,0
940,0,road_0_1_0_1,0.02087440714240074,3
950,0,road_1_2_3_0,0.02151537500321865,2
950,0,road_1_2_3_1,0.02268187701702118,2
950,0,road_2_1_2_0,-0.12719720602035522,0
950,0,road_2_1_2_1,0.034893665462732315,3
950,0,road_1_0_1_0,0.0017942778067663312,1
950,0,road_1_0_1_1,0.025169098749756813,2
950,0,road_0_1_0_0,-0.13441355526447296,0
950,0,road_0_1_0_1,0.028389517217874527,2
960,0,road_1_2_3_0,-0.019995201379060745,0
960,0,road_1_2_3_1,0.04584008455276489,2
960,0,road_2_1_2_0,0.05275985226035118,2
960,0,road_2_1_2_1,0.027694951742887497,1
960,0,road_1_0_1_0,-0.002450905041769147,0
960,0,road_1_0_1_1,0.046153295785188675,2
960,0,road_0_1_0_0,0.04610850661993027,2
960,0,road_0_1_0_1,0.03090817667543888,1
970,0,road_1_2_3_0,-0.0039838566444814205,0
970,0,road_1_2_3_1,0.01978018507361412,4
970,0,road_2_1_2_0,0.004284808412194252,1
970,0,road_2_1_2_1,0.004104515537619591,1
970,0,road_1_0_1_0,-0.0008408355643041432,0
970,0,road_1_0_1_1,0.018828492611646652,3
970,0,road_0_1_0_0,0.004104517865926027,1
970,0,road_0_1_0_1,0.005376872606575489,1
980,0,road_1_2_3_0,-0.02153400145471096,0
980,0,road_1_2_3_1,0.020108642056584358,3
980,0,road_2_1_2_0,0.007363333832472563,1
980,0,road_2_1_2_1,0.0056978194043040276,1
980,0,road_1_0_1_0,-0.0015801172703504562,0
980,0,road_1_0_1_1,0.022585973143577576,3
980,0,road_0_1_0_0,0.0059629022143781185,1
980,0,road_0_1_0_1,0.007363311480730772,1
990,0,road_1_2_3_0,-0.030224114656448364,0
990,0,road_1_2_3_1,0.022323530167341232,2
990,0,road_2_1_2_0,0.010853460989892483,1
990,0,road_2_1_2_1,0.008398531004786491,1
990,0,road_1_0_1_0,-0.006270381156355143,0
990,0,road_1_0_1_1,0.031100766733288765,3
990,0,road_0_1_0_0,0.008789248764514923,1
990,0,road_0_1_0_1,0.010853459127247334,1
1000,0,road_1_2_3_0,-0.0878686010837555,0
1000,0,road_1_2_3_1,0.03786168992519379,2
1000,0,road_2_1_2_0,0.03182448074221611,2
1000,0,road_2_1_2_1,0.020069528371095657,1
1000,0,road_1_0_1_0,-0.07374627143144608,0
1000,0,road_1_0_1_1,0.03808968886733055,2
1000,0,road_0_1_0_0,0.017291288822889328,1
1000,0,road_0_1_0_1,0.03182442858815193,2
1010,0,road_1_2_3_0,-0.19307278096675873,0
1010,0,road_1_2_3_1,-0.2249317765235901,0
1010,0,road_2_1_2_0,0.07913054525852203,2
1010,0,road_2_1_2_1,0.046867743134498596,1
1010,0,road_1_0_1_0,0.09476790577173233,3
1010,0,road_1_0_1_1,0.027361901476979256,1
1010,0,road_0_1_0_0,0.018065283074975014,1
1010,0,road_0_1_0_1,0.07913052290678024,2
1020,0,road_1_2_3_0,0.034692008048295975,1
1020,0,road_1_2_3_1,0.0410073921084404,1
1020,0,road_2_1_2_0,-0.17651094496250153,0
1020,0,road_2_1_2_1,0.06515363603830338,2
1020,0,road_1_0_1_0,0.016300586983561516,1
1020,0,road_1_0_1_1,0.02960168942809105,1
1020,0,road_0_1_0_0,-0.032573483884334564,0
1020,0,road_0_1_0_1,0.11767124384641647,4
1030,0,road_1_2_3_0,0.01485849916934967,1
1030,0,road_1_2_3_1,0.01861729845404625,1
1030,0,road_2_1_2_0,-0.13118405640125275,0
1030,0,road_2_1_2_1,0.02680029720067978,1
1030,0,road_1_0_1_0,0.008686314336955547,1
1030,0,road_1_0_1_1,0.01543138362467289,1
1030,0,road_0_1_0_0,-0.018612686544656754,0
1030,0,road_0_1_0_1,0.14639654755592346,6
1040,0,road_1_2_3_0,0.013792299665510654,1
1040,0,road_1_2_3_1,0.01728135533630848,1
1040,0,road_2_1_2_0,-0.0523730032145977,0
1040,0,road_2_1_2_1,0.04208480566740036,2
1040,0,road_1_0_1_0,0.00806300900876522,1
1040,0,road_1_0_1_1,0.014324037358164787,1
1040,0,road_0_1_0_0,-0.04378623887896538,0
1040,0,road_0_1_0_1,0.09003140777349472,5
1050,0,road_1_2_3_0,0.018368646502494812,1
1050,0,road_1_2_3_1,0.023015420883893967,1
1050,0,road_2_1_2_0,-0.04856184124946594,0
1050,0,road_2_1_2_1,0.07082294672727585,3
1050,0,road_1_0_1_0,0.010738369077444077,1
1050,0,road_1_0_1_1,0.019076861441135406,1
1050,0,road_0_1_0_0,-0.12093507498502731,0
1050,0,road_0_1_0_1,0.10592009872198105,4
1060,0,road_1_2_3_0,0.019627545028924942,1
1060,0,road_1_2_3_1,0.02147626504302025,1
1060,0,road_2_1_2_0,-0.02039434015750885,0
1060,0,road_2_1_2_1,0.07018262147903442,3
1060,0,road_1_0_1_0,0.015523037873208523,1
1060,0,road_1_0_1_1,0.020466703921556473,1
1060,0,road_0_1_0_0,-0.12260594964027405,0
1060,0,road_0_1_0_1,0.06530041992664337,3
1070,0,road_1_2_3_0,0.014381339773535728,1
1070,0,road_1_2_3_1,0.01573587767779827,1
1070,0,road_2_1_2_0,-0.02519110217690468,0
1070,0,road_2_1_2_1,-0.12381499260663986,0
1070,0,road_1_0_1_0,0.011373911052942276,1
1070,0,road_1_0_1_1,0.014996157959103584,1
1070,0,road_0_1_0_0,0.1448781043291092,7
1070,0,road_0_1_0_1,0.010163377970457077,1
1080,0,road_1_2_3_0,0.02851027622818947,1
1080,0,road_1_2_3_1,0.031195640563964844,1
1080,0,road_2_1_2_0,-0.0926947146654129,0
1080,0,road_2_1_2_1,0.10151705890893936,4
1080,0,road_1_0_1_0,0.022548146545886993,1
1080,0,road_1_0_1_1,0.029729153960943222,1
1080,0,road_0_1_0_0,-0.22567637264728546,0
1080,0,road_0_1_0_1,0.05604380741715431,2
1090,0,road_1_2_3_0,0.06667821854352951,1
1090,0,road_1_2_3_1,0.07295860350131989,2
1090,0,road_2_1_2_0,-0.25887706875801086,0
1090,0,road_2_1_2_1,0.10581204295158386,2
1090,0,road_1_0_1_0,0.0527343787252903,1
1090,0,road_1_0_1_1,0.06952888518571854,1
1090,0,road_0_1_0_0,-0.17753002047538757,0
1090,0,road_0_1_0_1,0.10890139639377594,2
1100,0,road_1_2_3_0,0.08010082691907883,2
1100,0,road_1_2_3_1,0.11347007751464844,2
1100,0,road_2_1_2_0,-0.19676336646080017,0
1100,0,road_2_1_2_1,0.06890180706977844,1
1100,0,road_1_0_1_0,0.07230434566736221,1
1100,0,road_1_0_1_1,0.08010105043649673,2
1100,0,road_0_1_0_0,-0.1736350655555725,0
1100,0,road_0_1_0_1,0.08032391965389252,2
1110,0,road_1_2_3_0,-0.24385538697242737,0
1110,0,road_1_2_3_1,0.11784349381923676,3
1110,0,road_2_1_2_0,0.051636531949043274,1
1110,0,road_2_1_2_1,0.024768905714154243,1
1110,0,road_1_0_1_0,-0.1626921445131302,0
1110,0,road_1_0_1_1,0.09059783071279526,2
1110,0,road_0_1_0_0,0.052518073469400406,1
1110,0,road_0_1_0_1,0.03109206072986126,1
1120,0,road_1_2_3_0,0.07467062026262283,2
1120,0,road_1_2_3_1,0.035047199577093124,1
1120,0,road_2_1_2_0,-0.18048247694969177,0
1120,0,road_2_1_2_1,0.03654790669679642,1
1120,0,road_1_0_1_0,0.11185184121131897,3
1120,0,road_1_0_1_1,0.10647851973772049,2
1120,0,road_0_1_0_0,-0.16972480714321136,0
1120,0,road_0_1_0_1,0.06472913920879364,2
1130,0,road_1_2_3_0,0.04394795745611191,1
1130,0,road_1_2_3_1,0.026939062401652336,1
1130,0,road_2_1_2_0,-0.11879073828458786,0
1130,0,road_2_1_2_1,0.03627174347639084,1
1130,0,road_1_0_1_0,0.08651983737945557,3
1130,0,road_1_0_1_1,0.04138816520571709,1
1130,0,road_0_1_0_0,-0.046557582914829254,0
1130,0,road_0_1_0_1,0.07065928727388382,2
1140,0,road_1_2_3_0,0.03756879270076752,2
1140,0,road_1_2_3_1,0.03644005209207535,2
1140,0,road_2_1_2_0,-0.09207168966531754,0
1140,0,road_2_1_2_1,0.05258519574999809,2
1140,0,road_1_0_1_0,0.023059355095028877,1
1140,0,road_1_0_1_1,0.02119443379342556,1
1140,0,road_0_1_0_0,-0.010026314295828342,0
1140,0,road_0_1_0_1,0.06826765835285187,3
1150,0,road_1_2_3_0,0.008662782609462738,1
1150,0,road_1_2_3_1,0.014001344330608845,1
1150,0,road_2_1_2_0,-0.09173880517482758,0
1150,0,road_2_1_2_1,0.015316043980419636,1
1150,0,road_1_0_1_0,0.008658547885715961,1
1150,0,road_1_0_1_1,0.004076642915606499,1
1150,0,road_0_1_0_0,-0.0188247449696064,0
1150,0,road_0_1_0_1,0.05956849828362465,5
1160,0,road_1_2_3_0,0.009774691425263882,1
1160,0,road_1_2_3_1,0.04731590673327446,2
1160,0,road_2_1_2_0,0.1381206512451172,5
1160,0,road_2_1_2_1,0.04088471084833145,1
1160,0,road_1_0_1_0,0.03337039798498154,1
1160,0,road_1_0_1_1,0.011471901088953018,1
1160,0,road_0_1_0_0,-0.06739530712366104,0
1160,0,road_0_1_0_1,-0.15542253851890564,0
1170,0,road_1_2_3_0,0.016035132110118866,1
1170,0,road_1_2_3_1,0.08390211313962936,3
1170,0,road_2_1_2_0,0.05882847681641579,2
1170,0,road_2_1_2_1,0.05433167889714241,2
1170,0,road_1_0_1_0,0.05950425937771797,2
1170,0,road_1_0_1_1,0.016309918835759163,1
1170,0,road_0_1_0_0,-0.1624373197555542,0
1170,0,road_0_1_0_1,-0.15331512689590454,0
1180,0,road_1_2_3_0,-0.026125269010663033,0
1180,0,road_1_2_3_1,-0.22720812261104584,0
1180,0,road_2_1_2_0,0.030250871554017067,1
1180,0,road_2_1_2_1,0.012156115844845772,1
1180,0,road_1_0_1_0,0.1462567150592804,5
1180,0,road_1_0_1_1,0.025255199521780014,1
1180,0,road_0_1_0_0,0.004772414453327656,1
1180,0,road_0_1_0_1,0.051088232547044754,2
1190,0,road_1_2_3_0,-0.09369142353534698,0
1190,0,road_1_2_3_1,0.07196665555238724,3
1190,0,road_2_1_2_0,0.036654628813266754,1
1190,0,road_2_1_2_1,0.023789865896105766,1
1190,0,road_1_0_1_0,-0.24875463545322418,0
1190,0,road_1_0_1_1,0.039414893835783005,1
1190,0,road_0_1_0_0,0.015321682207286358,1
1190,0,road_0_1_0_1,0.07908222824335098,3
1200,0,road_1_2_3_0,0.09977702796459198,3
1200,0,road_1_2_3_1,0.05076195299625397,2
1200,0,road_2_1_2_0,0.04281893000006676,1
1200,0,road_2_1_2_1,0.03567641228437424,1
1200,0,road_1_0_1_0,0.05396127700805664,2
1200,0,road_1_0_1_1,0.031038660556077957,1
1200,0,road_0_1_0_0,-0.010134284384548664,0
1200,0,road_0_1_0_1,-0.12478991597890854,0
1210,0,road_1_2_3_0,0.020566312596201897,1
1210,0,road_1_2_3_1,0.02563660964369774,1
1210,0,road_2_1_2_0,0.10500051826238632,4
1210,0,road_2_1_2_1,0.04078296199440956,2
1210,0,road_1_0_1_0,0.027755603194236755,1
1210,0,road_1_0_1_1,0.03250030800700188,1
1210,0,road_0_1_0_0,-0.003928613383322954,0
1210,0,road_0_1_0_1,-0.10044320672750473,0
1220,0,road_1_2_3_0,0.0036860385444015265,1
1220,0,road_1_2_3_1,0.0049987612292170525,1
1220,0,road_2_1_2_0,-0.14303971827030182,0
1220,0,road_2_1_2_1,0.0168394036591053,1
1220,0,road_1_0_1_0,0.004998789168894291,1
1220,0,road_1_0_1_1,0.00624208664521575,1
1220,0,road_0_1_0_0,-0.0005613111425191164,0
1220,0,road_0_1_0_1,0.09746010601520538,7
1230,0,road_1_2_3_0,0.005528765264898539,1
1230,0,road_1_2_3_1,0.007564275059849024,1
1230,0,road_2_1_2_0,-0.08583823591470718,0
1230,0,road_2_1_2_1,0.01723301224410534,1
1230,0,road_1_0_1_0,0.0069151693023741245,1
1230,0,road_1_0_1_1,0.008372973650693893,1
1230,0,road_0_1_0_0,-0.0016388307558372617,0
1230,0,road_0_1_0_1,0.14348538219928741,8
1240,0,road_1_2_3_0,0.008491624146699905,1
1240,0,road_1_2_3_1,0.007163460366427898,1
1240,0,road_2_1_2_0,-0.012054047547280788,0
1240,0,road_2_1_2_1,0.019302185624837875,2
1240,0,road_1_0_1_0,0.011690696701407433,1
1240,0,road_1_0_1_1,0.013880902901291847,1
1240,0,road_0_1_0_0,-0.022192852571606636,0
1240,0,road_0_1_0_1,0.04766072705388069,4
1250,0,road_1_2_3_0,0.012126064859330654,1
1250,0,road_1_2_3_1,0.004168636631220579,1
1250,0,road_2_1_2_0,-0.038794904947280884,0
1250,0,road_2_1_2_1,0.030344195663928986,3
1250,0,road_1_0_1_0,0.0035519159864634275,1
1250,0,road_1_0_1_1,0.01719355583190918,2
1250,0,road_0_1_0_0,-0.028914695605635643,0
1250,0,road_0_1_0_1,0.03738660365343094,4
1260,0,road_1_2_3_0,0.04488160088658333,1
1260,0,road_1_2_3_1,0.01803548075258732,1
1260,0,road_2_1_2_0,0.11039895564317703,4
1260,0,road_2_1_2_1,0.05486666411161423,2
1260,0,road_1_0_1_0,0.007080565206706524,1
1260,0,road_1_0_1_1,0.07579701393842697,2
1260,0,road_0_1_0_0,-0.14976611733436584,0
1260,0,road_0_1_0_1,-0.1746886819601059,0
1270,0,road_1_2_3_0,0.06321454793214798,1
1270,0,road_1_2_3_1,0.05629737675189972,1
1270,0,road_2_1_2_0,0.07069707661867142,2
1270,0,road_2_1_2_1,0.047190453857183456,1
1270,0,road_1_0_1_0,-0.012365632690489292,0
1270,0,road_1_0_1_1,-0.17169328033924103,0
1270,0,road_0_1_0_0,0.12873296439647675,3
1270,0,road_0_1_0_1,0.06618136167526245,2
1280,0,road_1_2_3_0,-0.19032391905784607,0
1280,0,road_1_2_3_1,0.05288362875580788,1
1280,0,road_2_1_2_0,0.06020946055650711,2
1280,0,road_2_1_2_1,0.05978669598698616,2
1280,0,road_1_0_1_0,-0.033460114151239395,0
1280,0,road_1_0_1_1,0.10385817289352417,3
1280,0,road_0_1_0_0,0.06792887300252914,2
1280,0,road_0_1_0_1,0.03616472706198692,1
1290,0,road_1_2_3_0,-0.18364779651165009,0
1290,0,road_1_2_3_1,0.025324126705527306,1
1290,0,road_2_1_2_0,0.029850268736481667,1
1290,0,road_2_1_2_1,0.03338044509291649,1
1290,0,road_1_0_1_0,-0.07021760195493698,0
1290,0,road_1_0_1_1,0.15088914334774017,5
1290,0,road_0_1_0_0,0.04866528883576393,2
1290,0,road_0_1_0_1,0.031239300966262817,1
1300,0,road_1_2_3_0,-0.16621097922325134,0
1300,0,road_1_2_3_1,0.03040900267660618,1
1300,0,road_2_1_2_0,0.04544387757778168,1
1300,0,road_2_1_2_1,0.05037989094853401,2
1300,0,road_1_0_1_0,-0.14914077520370483,0
1300,0,road_1_0_1_1,0.07078585773706436,2
1300,0,road_0_1_0_0,0.07725353538990021,2
1300,0,road_0_1_0_1,0.04321230202913284,1
1310,0,road_1_2_3_0,0.04986853525042534,2
1310,0,road_1_2_3_1,0.03744028881192207,1
1310,0,road_2_1_2_0,0.05234376713633537,2
1310,0,road_2_1_2_1,0.04427651688456535,1
1310,0,road_1_0_1_0,0.0932503491640091,3
1310,0,road_1_0_1_1,0.0394904799759388,1
1310,0,road_0_1_0_0,-0.06858088076114655,0
1310,0,road_0_1_0_1,-0.03451823443174362,0
1320,0,road_1_2_3_0,0.10516980290412903,3
1320,0,road_1_2_3_1,0.032922495156526566,1
1320,0,road_2_1_2_0,0.04518284276127815,1
1320,0,road_2_1_2_1,0.0383712574839592,1
1320,0,road_1_0_1_0,0.09638520330190659,3
1320,0,road_1_0_1_1,0.02284012921154499,1
1320,0,road_0_1_0_0,-0.015260671265423298,0
1320,0,road_0_1_0_1,-0.019547993317246437,0
1330,0,road_1_2_3_0,0.07543966919183731,3
1330,0,road_1_2_3_1,0.02747943252325058,1
1330,0,road_2_1_2_0,0.05340633913874626,2
1330,0,road_2_1_2_1,0.04353044554591179,2
1330,0,road_1_0_1_0,0.061251066625118256,2
1330,0,road_1_0_1_1,0.02006056159734726,1
1330,0,road_0_1_0_0,-0.02155272103846073,0
1330,0,road_0_1_0_1,-0.04107550159096718,0
1340,0,road_1_2_3_0,0.06440207362174988,2
1340,0,road_1_2_3_1,0.03964608907699585,2
1340,0,road_2_1_2_0,0.04495791345834732,2
1340,0,road_2_1_2_1,0.04029708728194237,2
1340,0,road_1_0_1_0,0.05389479175209999,2
1340,0,road_1_0_1_1,0.01740567572414875,1
1340,0,road_0_1_0_0,-0.011978094466030598,0
1340,0,road_0_1_0_1,-0.043148089200258255,0
1350,0,road_1_2_3_0,0.08031924813985825,3
1350,0,road_1_2_3_1,0.040630172938108444,1
1350,0,road_2_1_2_0,0.04134310409426689,1
1350,0,road_2_1_2_1,0.033916521817445755,1
1350,0,road_1_0_1_0,0.06764392554759979,2
1350,0,road_1_0_1_1,0.021707633510231972,1
1350,0,road_0_1_0_0,-0.005851939786225557,0
1350,0,road_0_1_0_1,-0.04525110870599747,0
1360,0,road_1_2_3_0,0.08297998458147049,3
1360,0,road_1_2_3_1,0.03173956647515297,1
1360,0,road_2_1_2_0,0.04199174419045448,1
1360,0,road_2_1_2_1,0.033546678721904755,1
1360,0,road_1_0_1_0,0.06896679848432541,2
1360,0,road_1_0_1_1,0.026687853038311005,1
1360,0,road_0_1_0_0,-0.003515718737617135,0
1360,0,road_0_1_0_1,-0.04487364739179611,0
1370,0,road_1_2_3_0,0.040344659239053726,2
1370,0,road_1_2_3_1,0.01999504119157791,1
1370,0,road_2_1_2_0,0.045859623700380325,2
1370,0,road_2_1_2_1,0.03733297064900398,2
1370,0,road_1_0_1_0,0.0521763376891613,2
1370,0,road_1_0_1_1,0.04451931640505791,2
1370,0,road_0_1_0_0,-0.0032609542831778526,0
1370,0,road_0_1_0_1,-0.04262346774339676,0
1380,0,road_1_2_3_0,0.007199960760772228,1
1380,0,road_1_2_3_1,0.00475375447422266,1
1380,0,road_2_1_2_0,0.01680668629705906,3
1380,0,road_2_1_2_1,0.016119981184601784,3
1380,0,road_1_0_1_0,0.0047304932959377766,1
1380,0,road_1_0_1_1,0.009076520800590515,2
1380,0,road_0_1_0_0,-0.0012626071693375707,0
1380,0,road_0_1_0_1,-0.05888872593641281,0
1390,0,road_1_2_3_0,0.012414549477398396,1
1390,0,road_1_2_3_1,0.00819668360054493,1
1390,0,road_2_1_2_0,-0.03519405052065849,0
1390,0,road_2_1_2_1,0.016022242605686188,1
1390,0,road_1_0_1_0,0.008156578987836838,1
1390,0,road_1_0_1_1,0.01565026305615902,1
1390,0,road_0_1_0_0,-0.002447832142934203,0
1390,0,road_0_1_0_1,0.13911913335323334,7
1400,0,road_1_2_3_0,0.01835867203772068,1
1400,0,road_1_2_3_1,0.013992522843182087,1
1400,0,road_2_1_2_0,-0.016444064676761627,0
1400,0,road_2_1_2_1,0.018572939559817314,1
1400,0,road_1_0_1_0,0.005393486004322767,1
1400,0,road_1_0_1_1,0.026475027203559875,2
1400,0,road_0_1_0_0,-0.005111852660775185,0
1400,0,road_0_1_0_1,0.05910564959049225,4
1410,0,road_1_2_3_0,0.006995363626629114,1
1410,0,road_1_2_3_1,0.005177363753318787,1
1410,0,road_2_1_2_0,-0.003489073598757386,0
1410,0,road_2_1_2_1,0.017994537949562073,3
1410,0,road_1_0_1_0,0.0010216102236881852,1
1410,0,road_1_0_1_1,0.010088009759783745,2
1410,0,road_0_1_0_0,-0.006061846856027842,0
1410,0,road_0_1_0_1,0.014958212152123451,3
1420,0,road_1_2_3_0,0.016195736825466156,1
1420,0,road_1_2_3_1,0.011053970083594322,1
1420,0,road_2_1_2_0,-0.0355728380382061,0
1420,0,road_2_1_2_1,0.03386294096708298,3
1420,0,road_1_0_1_0,0.004462113603949547,1
1420,0,road_1_0_1_1,0.023355912417173386,2
1420,0,road_0_1_0_0,-0.05547728389501572,0
1420,0,road_0_1_0_1,0.030721407383680344,3
1430,0,road_1_2_3_0,0.04923752322793007,1
1430,0,road_1_2_3_1,0.03790669143199921,1
1430,0,road_2_1_2_0,0.12350290268659592,3
1430,0,road_2_1_2_1,0.058538179844617844,1
1430,0,road_1_0_1_0,-0.018271425738930702,0
1430,0,road_1_0_1_1,-0.13668620586395264,0
1430,0,road_0_1_0_0,0.09745826572179794,2
1430,0,road_0_1_0_1,0.03216930106282234,1
1440,0,road_1_2_3_0,0.08113380521535873,3
1440,0,road_1_2_3_1,0.05739860609173775,2
1440,0,road_2_1_2_0,0.03917209804058075,2
1440,0,road_2_1_2_1,0.030748018994927406,1
1440,0,road_1_0_1_0,-0.006237062159925699,0
1440,0,road_1_0_1_1,-0.07496582716703415,0
1440,0,road_0_1_0_0,0.00995327066630125,1
1440,0,road_0_1_0_1,0.024028602987527847,1
1450,0,road_1_2_3_0,0.15610376000404358,7
1450,0,road_1_2_3_1,0.023050108924508095,1
1450,0,road_2_1_2_0,0.007865574210882187,1
1450,0,road_2_1_2_1,0.009916529059410095,1
1450,0,road_1_0_1_0,-0.0019138673087581992,0
1450,0,road_1_0_1_1,-0.07673177868127823,0
1450,0,road_0_1_0_0,0.0035769264213740826,1
1450,0,road_0_1_0_1,0.008581272326409817,1
1460,0,road_1_2_3_0,0.15402023494243622,7
1460,0,road_1_2_3_1,0.02405664697289467,1
1460,0,road_2_1_2_0,0.009696929715573788,1
1460,0,road_2_1_2_1,0.009039899334311485,1
1460,0,road_1_0_1_0,-0.0029114140197634697,0
1460,0,road_1_0_1_1,-0.07797559350728989,0
1460,0,road_0_1_0_0,0.009039893746376038,1
1460,0,road_0_1_0_1,0.009696944616734982,1
1470,0,road_1_2_3_0,0.07822240144014359,5
1470,0,road_1_2_3_1,0.023908736184239388,2
1470,0,road_2_1_2_0,0.0169155765324831,1
1470,0,road_2_1_2_1,0.01051312405616045,1
1470,0,road_1_0_1_0,-0.005408764351159334,0
1470,0,road_1_0_1_1,-0.03844625875353813,0
1470,0,road_0_1_0_0,0.012020237743854523,1
1470,0,road_0_1_0_1,0.01691553182899952,1
1480,0,road_1_2_3_0,0.13114814460277557,6
1480,0,road_1_2_3_1,0.02505841664969921,1
1480,0,road_2_1_2_0,0.016684088855981827,1
1480,0,road_2_1_2_1,0.00996415689587593,1
1480,0,road_1_0_1_0,-0.009902282617986202,0
1480,0,road_1_0_1_1,-0.05961988493800163,0
1480,0,road_0_1_0_0,0.002300939755514264,1
1480,0,road_0_1_0_1,0.02093624137341976,1
1490,0,road_1_2_3_0,-0.08809195458889008,0
1490,0,road_1_2_3_1,0.03656136989593506,4
1490,0,road_2_1_2_0,0.013192769140005112,1
1490,0,road_2_1_2_1,0.006959340535104275,1
1490,0,road_1_0_1_0,-0.0546819306910038,0
1490,0,road_1_0_1_1,0.01839333400130272,2
1490,0,road_0_1_0_0,0.002493878360837698,1
1490,0,road_0_1_0_1,0.016555223613977432,2
1500,0,road_1_2_3_0,-0.13827531039714813,0
1500,0,road_1_2_3_1,0.0560411661863327,4
1500,0,road_2_1_2_0,0.024853190407156944,2
1500,0,road_2_1_2_1,0.014606799930334091,1
1500,0,road_1_0_1_0,-0.1663694679737091,0
1500,0,road_1_0_1_1,0.019107526168227196,1
1500,0,road_0_1_0_0,0.0028771632350981236,1
1500,0,road_0_1_0_1,0.0358409658074379,2
1510,0,road_1_2_3_0,0.11160657554864883,3
1510,0,road_1_2_3_1,-0.08215312659740448,0
1510,0,road_2_1_2_0,0.03492242470383644,1
1510,0,road_2_1_2_1,0.019789494574069977,1
1510,0,road_1_0_1_0,0.11774168908596039,3
1510,0,road_1_0_1_1,-0.0342051237821579,0
1510,0,road_0_1_0_0,0.0020093664061278105,1
1510,0,road_0_1_0_1,0.050361864268779755,1
1520,0,road_1_2_3_0,0.12076816707849503,5
1520,0,road_1_2_3_1,0.045173924416303635,2
1520,0,road_2_1_2_0,0.02827780693769455,1
1520,0,road_2_1_2_1,0.01602410152554512,1
1520,0,road_1_0_1_0,-0.1311788558959961,0
1520,0,road_1_0_1_1,-0.03261861950159073,0
1520,0,road_0_1_0_0,0.0016270107589662075,1
1520,0,road_0_1_0_1,0.04077969491481781,2
1530,0,road_1_2_3_0,-0.18908560276031494,0
1530,0,road_1_2_3_1,0.05397150665521622,4
1530,0,road_2_1_2_0,0.028345029801130295,2
1530,0,road_2_1_2_1,0.015841154381632805,1
1530,0,road_1_0_1_0,-0.17186202108860016,0
1530,0,road_1_0_1_1,0.0133124440908432,1
1530,0,road_0_1_0_0,0.0011182454181835055,1
1530,0,road_0_1_0_1,0.040876537561416626,3
1540,0,road_1_2_3_0,0.05328309163451195,3
1540,0,road_1_2_3_1,0.036825548857450485,2
1540,0,road_2_1_2_0,0.03198404237627983,2
1540,0,road_2_1_2_1,0.017665646970272064,1
1540,0,road_1_0_1_0,-0.10419590026140213,0
1540,0,road_1_0_1_1,-0.028496412560343742,0
1540,0,road_0_1_0_0,0.0008361213258467615,1
1540,0,road_0_1_0_1,0.04612436518073082,2
1550,0,road_1_2_3_0,0.022868428379297256,1
1550,0,road_1_2_3_1,0.05449996143579483,4
1550,0,road_2_1_2_0,0.030956072732806206,2
1550,0,road_2_1_2_1,0.015163091942667961,1
1550,0,road_1_0_1_0,-0.17045877873897552,0
1550,0,road_1_0_1_1,-0.05745137855410576,0
1550,0,road_0_1_0_0,0.0007176638464443386,1
1550,0,road_0_1_0_1,0.03095603920519352,2
1560,0,road_1_2_3_0,0.026547746732831,1
1560,0,road_1_2_3_1,0.04129185527563095,1
1560,0,road_2_1_2_0,-0.1012553796172142,0
1560,0,road_2_1_2_1,0.039194732904434204,1
1560,0,road_1_0_1_0,0.02948242425918579,1
1560,0,road_1_0_1_1,0.09197268635034561,3
1560,0,road_0_1_0_0,-0.002050842856988311,0
1560,0,road_0_1_0_1,0.06884083896875381,2
1570,0,road_1_2_3_0,0.03295412287116051,1
1570,0,road_1_2_3_1,0.039490360766649246,2
1570,0,road_2_1_2_0,-0.05837687849998474,0
1570,0,road_2_1_2_1,0.050029728561639786,2
1570,0,road_1_0_1_0,0.008129014633595943,1
1570,0,road_1_0_1_1,0.022645194083452225,1
1570,0,road_0_1_0_0,-0.0013949109707027674,0
1570,0,road_0_1_0_1,0.0799049437046051,3
1580,0,road_1_2_3_0,0.0073049976490437984,1
1580,0,road_1_2_3_1,0.0024803527630865574,1
1580,0,road_2_1_2_0,-0.03526733070611954,0
1580,0,road_2_1_2_1,0.01956065185368061,2
1580,0,road_1_0_1_0,0.003098045475780964,1
1580,0,road_1_0_1_1,0.004160498268902302,1
1580,0,road_0_1_0_0,-0.0005995344836264849,0
1580,0,road_0_1_0_1,0.04501495137810707,6
1590,0,road_1_2_3_0,0.012357644736766815,1
1590,0,road_1_2_3_1,0.004994009155780077,1
1590,0,road_2_1_2_0,-0.07636266946792603,0
1590,0,road_2_1_2_1,0.019722266122698784,2
1590,0,road_1_0_1_0,0.004302687011659145,1
1590,0,road_1_0_1_1,0.012357675470411777,1
1590,0,road_0_1_0_0,-0.001307285507209599,0
1590,0,road_0_1_0_1,0.061708126217126846,5
1600,0,road_1_2_3_0,0.0136029701679945,1
1600,0,road_1_2_3_1,0.006163562182337046,1
1600,0,road_2_1_2_0,-0.07998295873403549,0
1600,0,road_2_1_2_1,0.020316416397690773,2
1600,0,road_1_0_1_0,0.0012161715421825647,1
1600,0,road_1_0_1_1,0.01358716282993555,1
1600,0,road_0_1_0_0,-0.0027716178447008133,0
1600,0,road_0_1_0_1,0.060456059873104095,5
1610,0,road_1_2_3_0,0.03918551281094551,2
1610,0,road_1_2_3_1,0.018003931269049644,1
1610,0,road_2_1_2_0,0.13200576603412628,5
1610,0,road_2_1_2_1,0.021580487489700317,1
1610,0,road_1_0_1_0,0.005125157069414854,1
1610,0,road_1_0_1_1,0.039185430854558945,2
1610,0,road_0_1_0_0,-0.0553254596889019,0
1610,0,road_0_1_0_1,-0.14654555916786194,0
1620,0,road_1_2_3_0,0.07612908631563187,3
1620,0,road_1_2_3_1,0.03105088695883751,1
1620,0,road_2_1_2_0,0.054001256823539734,2
1620,0,road_2_1_2_1,0.03101189061999321,1
1620,0,road_1_0_1_0,0.0031007337383925915,1
1620,0,road_1_0_1_1,0.06619726121425629,3
1620,0,road_0_1_0_0,-0.16510267555713654,0
1620,0,road_0_1_0_1,-0.13993893563747406,0
1630,0,road_1_2_3_0,0.13205966353416443,6
1630,0,road_1_2_3_1,0.018668964505195618,1
1630,0,road_2_1_2_0,0.02433173917233944,1
1630,0,road_2_1_2_1,0.020984014496207237,1
1630,0,road_1_0_1_0,-0.00482657365500927,0
1630,0,road_1_0_1_1,-0.14650025963783264,0
1630,0,road_0_1_0_0,0.004140365403145552,1
1630,0,road_0_1_0_1,0.03666304796934128,2
1640,0,road_1_2_3_0,0.052956242114305496,3
1640,0,road_1_2_3_1,0.014962535351514816,1
1640,0,road_2_1_2_0,0.04485781863331795,2
1640,0,road_2_1_2_1,0.029028506949543953,1
1640,0,road_1_0_1_0,-0.011164982803165913,0
1640,0,road_1_0_1_1,-0.1484740525484085,0
1640,0,road_0_1_0_0,0.011356146074831486,1
1640,0,road_0_1_0_1,0.04463835433125496,2
1650,0,road_1_2_3_0,-0.26373445987701416,0
1650,0,road_1_2_3_1,0.017131544649600983,1
1650,0,road_2_1_2_0,0.0353771410882473,2
1650,0,road_2_1_2_1,0.021959317848086357,1
1650,0,road_1_0_1_0,-0.013390581123530865,0
1650,0,road_1_0_1_1,0.07865717262029648,4
1650,0,road_0_1_0_0,0.002192876534536481,1
1650,0,road_0_1_0_1,0.033639855682849884,2
1660,0,road_1_2_3_0,-0.1078251376748085,0
1660,0,road_1_2_3_1,0.018981145694851875,1
1660,0,road_2_1_2_0,0.03059033304452896,2
1660,0,road_2_1_2_1,0.02162107825279236,1
1660,0,road_1_0_1_0,-0.04279976338148117,0
1660,0,road_1_0_1_1,0.10403530299663544,6
1660,0,road_0_1_0_0,0.0013797925785183907,1
1660,0,road_0_1_0_1,0.011194059625267982,1
1670,0,road_1_2_3_0,-0.018615351989865303,0
1670,0,road_1_2_3_1,0.022118503227829933,1
1670,0,road_2_1_2_0,0.031763192266225815,2
1670,0,road_2_1_2_1,0.02084677666425705,1
1670,0,road_1_0_1_0,-0.1035769134759903,0
1670,0,road_1_0_1_1,0.07534939050674438,5
1670,0,road_0_1_0_0,0.0002189091028412804,1
1670,0,road_0_1_0_1,0.006019562017172575,1
1680,0,road_1_2_3_0,0.0138076301664114,1
1680,0,road_1_2_3_1,0.024820227175951004,1
1680,0,road_2_1_2_0,0.034445881843566895,1
1680,0,road_2_1_2_1,0.02901618927717209,1
1680,0,road_1_0_1_0,0.07666486501693726,3
1680,0,road_1_0_1_1,0.057434819638729095,2
1680,0,road_0_1_0_0,-0.0037427754141390324,0
1680,0,road_0_1_0_1,-0.04926353320479393,0
1690,0,road_1_2_3_0,-0.09714733809232712,0
1690,0,road_1_2_3_1,0.03599031642079353,3
1690,0,road_2_1_2_0,0.022264989092946053,2
1690,0,road_2_1_2_1,0.018835728988051414,2
1690,0,road_1_0_1_0,-0.20955029129981995,0
1690,0,road_1_0_1_1,0.01933789998292923,2
1690,0,road_0_1_0_0,-0.0007165364222601056,0
1690,0,road_0_1_0_1,0.009905152022838593,1
1700,0,road_1_2_3_0,-0.08492038398981094,0
1700,0,road_1_2_3_1,0.030738793313503265,3
1700,0,road_2_1_2_0,0.022067701444029808,2
1700,0,road_2_1_2_1,0.01866883784532547,2
1700,0,road_1_0_1_0,-0.1648092120885849,0
1700,0,road_1_0_1_1,0.02313133142888546,2
1700,0,road_0_1_0_0,-0.000710104126483202,0
1700,0,road_0_1_0_1,0.009817507117986679,1
1710,0,road_1_2_3_0,-0.2570497393608093,0
1710,0,road_1_2_3_1,0.02122952602803707,2
1710,0,road_2_1_2_0,0.03045589104294777,2
1710,0,road_2_1_2_1,0.024758361279964447,2
1710,0,road_1_0_1_0,-0.14741992950439453,0
1710,0,road_1_0_1_1,0.04499107599258423,3
1710,0,road_0_1_0_0,-0.0009417363326065242,0
1710,0,road_0_1_0_1,0.017718106508255005,1
1720,0,road_1_2_3_0,0.049963079392910004,2
1720,0,road_1_2_3_1,0.015323784202337265,1
1720,0,road_2_1_2_0,0.041019197553396225,2
1720,0,road_2_1_2_1,0.03389512747526169,1
1720,0,road_1_0_1_0,0.05317952111363411,2
1720,0,road_1_0_1_1,0.05901733785867691,2
1720,0,road_0_1_0_0,-0.0021505896002054214,0
1720,0,road_0_1_0_1,-0.04543936625123024,0
1730,0,road_1_2_3_0,0.04953534156084061,2
1730,0,road_1_2_3_1,0.013028851710259914,1
1730,0,road_2_1_2_0,-0.04653485119342804,0
1730,0,road_2_1_2_1,0.03575138375163078,2
1730,0,road_1_0_1_0,0.04521539434790611,2
1730,0,road_1_0_1_1,0.039009932428598404,2
1730,0,road_0_1_0_0,-0.0012360709952190518,0
1730,0,road_0_1_0_1,0.030265022069215775,1
1740,0,road_1_2_3_0,0.05451469123363495,3
1740,0,road_1_2_3_1,0.01097831130027771,1
1740,0,road_2_1_2_0,-0.04413032531738281,0
1740,0,road_2_1_2_1,0.039385031908750534,2
1740,0,road_1_0_1_0,0.03390992805361748,2
1740,0,road_1_0_1_1,0.03179619088768959,2
1740,0,road_0_1_0_0,-0.0011579850688576698,0
1740,0,road_0_1_0_1,0.03266960009932518,2
1750,0,road_1_2_3_0,0.020567461848258972,1
1750,0,road_1_2_3_1,0.007452412974089384,1
1750,0,road_2_1_2_0,-0.03125574812293053,0
1750,0,road_2_1_2_1,0.04323968663811684,3
1750,0,road_1_0_1_0,0.018957238644361496,1
1750,0,road_1_0_1_1,0.028519537299871445,2
1750,0,road_0_1_0_0,-0.001334605971351266,0
1750,0,road_0_1_0_1,0.03399261087179184,2
1760,0,road_1_2_3_0,0.005072231404483318,1
1760,0,road_1_2_3_1,0.0024600005708634853,1
1760,0,road_2_1_2_0,0.016107715666294098,3
1760,0,road_2_1_2_1,0.021454084664583206,4
1760,0,road_1_0_1_0,0.0028437955770641565,1
1760,0,road_1_0_1_1,0.008020245470106602,1
1760,0,road_0_1_0_0,-0.0007003985228948295,0
1760,0,road_0_1_0_1,-0.06598722189664841,0
1770,0,road_1_2_3_0,0.011044233106076717,1
1770,0,road_1_2_3_1,0.004453056957572699,1
1770,0,road_2_1_2_0,-0.01238775160163641,0
1770,0,road_2_1_2_1,0.021288612857460976,1
1770,0,road_1_0_1_0,0.0025904655922204256,1
1770,0,road_1_0_1_1,0.017463216558098793,1
1770,0,road_0_1_0_0,-0.0015931352972984314,0
1770,0,road_0_1_0_1,0.1084364652633667,7
1780,0,road_1_2_3_0,0.023251334205269814,1
1780,0,road_1_2_3_1,0.007079715840518475,1
1780,0,road_2_1_2_0,-0.013292570598423481,0
1780,0,road_2_1_2_1,0.022039609029889107,1
1780,0,road_1_0_1_0,0.0023273432161659002,1
1780,0,road_1_0_1_1,0.018529044464230537,1
1780,0,road_0_1_0_0,-0.006487217731773853,0
1780,0,road_0_1_0_1,0.10167605429887772,6
1790,0,road_1_2_3_0,0.027646265923976898,2
1790,0,road_1_2_3_1,0.00906428974121809,1
1790,0,road_2_1_2_0,-0.007436724379658699,0
1790,0,road_2_1_2_1,0.021461082622408867,2
1790,0,road_1_0_1_0,0.0009600839694030583,1
1790,0,road_1_0_1_1,0.027646170929074287,2
1790,0,road_0_1_0_0,-0.009570089168846607,0
1790,0,road_0_1_0_1,0.05117904767394066,4
1800,0,road_1_2_3_0,0.010889329016208649,2
1800,0,road_1_2_3_1,0.0034416320268064737,1
1800,0,road_2_1_2_0,-0.004043270833790302,0
1800,0,road_2_1_2_1,0.02507321536540985,4
1800,0,road_1_0_1_0,3.613263834267855e-05,1
1800,0,road_1_0_1_1,0.010889317840337753,2
1800,0,road_0_1_0_0,-0.00943708699196577,0
1800,0,road_0_1_0_1,0.017131133005023003,3
1810,0,road_1_2_3_0,0.016342636197805405,2
1810,0,road_1_2_3_1,0.005015677772462368,1
1810,0,road_2_1_2_0,-0.02981412410736084,0
1810,0,road_2_1_2_1,0.024146895855665207,3
1810,0,road_1_0_1_0,-0.00016770491492934525,0
1810,0,road_1_0_1_1,0.016342604532837868,2
1810,0,road_0_1_0_0,-0.010514450259506702,0
1810,0,road_0_1_0_1,0.012668129988014698,2
1820,0,road_1_2_3_0,0.03450388461351395,3
1820,0,road_1_2_3_1,0.010589374229311943,1
1820,0,road_2_1_2_0,-0.09530393779277802,0
1820,0,road_2_1_2_1,0.022552000358700752,2
1820,0,road_1_0_1_0,-0.0003542215272318572,0
1820,0,road_1_0_1_1,0.03450386971235275,3
1820,0,road_0_1_0_0,-0.033280692994594574,0
1820,0,road_0_1_0_1,0.025369610637426376,2
1830,0,road_1_2_3_0,-0.08254845440387726,0
1830,0,road_1_2_3_1,0.01867268607020378,1
1830,0,road_2_1_2_0,0.050445545464754105,2
1830,0,road_2_1_2_1,0.01084151491522789,1
1830,0,road_1_0_1_0,-0.002468855818733573,0
1830,0,road_1_0_1_1,0.0745016410946846,3
1830,0,road_0_1_0_0,0.03350057825446129,1
1830,0,road_0_1_0_1,0.04237652197480202,2
1840,0,road_1_2_3_0,-0.04223116859793663,0
1840,0,road_1_2_3_1,0.009257093071937561,1
1840,0,road_2_1_2_0,0.007250166032463312,1
1840,0,road_2_1_2_1,0.002509616781026125,1
1840,0,road_1_0_1_0,-0.0015813149511814117,0
1840,0,road_1_0_1_1,0.04721222445368767,6
1840,0,road_0_1_0_0,0.0009592655696906149,1
1840,0,road_0_1_0_1,0.007250186987221241,1
1850,0,road_1_2_3_0,-0.062105827033519745,0
1850,0,road_1_2_3_1,0.005617248360067606,1
1850,0,road_2_1_2_0,0.009096799418330193,1
1850,0,road_2_1_2_1,0.0029732186812907457,1
1850,0,road_1_0_1_0,-0.0019233716884627938,0
1850,0,road_1_0_1_1,0.05691225826740265,7
1850,0,road_0_1_0_0,0.0015131295658648014,1
1850,0,road_0_1_0_1,0.009096802212297916,1
1860,0,road_1_2_3_0,-0.12207066267728806,0
1860,0,road_1_2_3_1,0.006119116209447384,1
1860,0,road_2_1_2_0,0.00996436271816492,1
1860,0,road_2_1_2_1,0.003256740514189005,1
1860,0,road_1_0_1_0,-0.006257408298552036,0
1860,0,road_1_0_1_1,0.07507866621017456,7
1860,0,road_0_1_0_0,0.0016573723405599594,1
1860,0,road_0_1_0_1,0.009964369237422943,1
1870,0,road_1_2_3_0,-0.017953842878341675,0
1870,0,road_1_2_3_1,0.015467590652406216,1
1870,0,road_2_1_2_0,0.01333150640130043,1
1870,0,road_2_1_2_1,0.004357248544692993,1
1870,0,road_1_0_1_0,-0.011393211781978607,0
1870,0,road_1_0_1_1,0.10474631935358047,7
1870,0,road_0_1_0_0,0.0022174594923853874,1
1870,0,road_0_1_0_1,0.013331474736332893,1
1880,0,road_1_2_3_0,-0.013005590997636318,0
1880,0,road_1_2_3_1,0.007587665691971779,1
1880,0,road_2_1_2_0,0.015224199742078781,1
1880,0,road_2_1_2_1,0.004976009484380484,1
1880,0,road_1_0_1_0,-0.05175674706697464,0
1880,0,road_1_0_1_1,0.06560835987329483,6
1880,0,road_0_1_0_0,0.002532521728426218,1
1880,0,road_0_1_0_1,0.015224142000079155,1
1890,0,road_1_2_3_0,-0.021072976291179657,0
1890,0,road_1_2_3_1,0.013859580270946026,1
1890,0,road_2_1_2_0,0.042383745312690735,2
1890,0,road_2_1_2_1,0.012889130972325802,1
1890,0,road_1_0_1_0,-0.1808362454175949,0
1890,0,road_1_0_1_1,0.07917499542236328,4
1890,0,road_0_1_0_0,0.005042317323386669,1
1890,0,road_0_1_0_1,0.026804668828845024,1
1900,0,road_1_2_3_0,-0.030790431424975395,0
1900,0,road_1_2_3_1,-0.016655132174491882,0
1900,0,road_2_1_2_0,0.08437708020210266,4
1900,0,road_2_1_2_1,0.03203466162085533,1
1900,0,road_1_0_1_0,0.01977039873600006,1
1900,0,road_1_0_1_1,0.02889736369252205,1
1900,0,road_0_1_0_0,0.006752893794327974,1
1900,0,road_0_1_0_1,0.05502547323703766,2
1910,0,road_1_2_3_0,0.009686702862381935,1
1910,0,road_1_2_3_1,0.005587094463407993,1
1910,0,road_2_1_2_0,-0.1384919285774231,0
1910,0,road_2_1_2_1,0.019527597352862358,1
1910,0,road_1_0_1_0,0.014279930852353573,1
1910,0,road_1_0_1_1,0.015595046803355217,1
1910,0,road_0_1_0_0,-0.008147555403411388,0
1910,0,road_0_1_0_1,0.06848989427089691,5
1920,0,road_1_2_3_0,-0.03264710679650307,0
1920,0,road_1_2_3_1,-0.017748059704899788,0
1920,0,road_2_1_2_0,0.1343734860420227,4
1920,0,road_2_1_2_1,0.014528061263263226,1
1920,0,road_1_0_1_0,0.0054371231235563755,1
1920,0,road_1_0_1_1,0.027250371873378754,1
1920,0,road_0_1_0_0,0.016897566616535187,1
1920,0,road_0_1_0_1,0.1182667538523674,4
1930,0,road_1_2_3_0,-0.028808778151869774,0
1930,0,road_1_2_3_1,-0.017266180366277695,0
1930,0,road_2_1_2_0,0.09331866353750229,3
1930,0,road_2_1_2_1,0.019896013662219048,1
1930,0,road_1_0_1_0,0.026926863938570023,1
1930,0,road_1_0_1_1,0.030216384679079056,1
1930,0,road_0_1_0_0,0.0605112761259079,2
1930,0,road_0_1_0_1,0.08195100724697113,3
1940,0,road_1_2_3_0,-0.01637783832848072,0
1940,0,road_1_2_3_1,-0.035757873207330704,0
1940,0,road_2_1_2_0,0.06459403038024902,2
1940,0,road_2_1_2_1,0.02270987629890442,1
1940,0,road_1_0_1_0,0.046836383640766144,2
1940,0,road_1_0_1_1,0.04022602364420891,1
1940,0,road_0_1_0_0,0.06026831269264221,2
1940,0,road_0_1_0_1,0.0567256361246109,2
1950,0,road_1_2_3_0,-0.003489530412480235,0
1950,0,road_1_2_3_1,-0.04844437912106514,0
1950,0,road_2_1_2_0,0.010344176553189754,1
1950,0,road_2_1_2_1,0.006399253383278847,1
1950,0,road_1_0_1_0,0.04335261881351471,4
1950,0,road_1_0_1_1,0.01805134117603302,2
1950,0,road_0_1_0_0,0.006399260368198156,1
1950,0,road_0_1_0_1,0.012980550527572632,1
1960,0,road_1_2_3_0,-0.04425198584794998,0
1960,0,road_1_2_3_1,-0.12666356563568115,0
1960,0,road_2_1_2_0,0.018992669880390167,2
1960,0,road_2_1_2_1,0.009998594410717487,1
1960,0,road_1_0_1_0,0.020525310188531876,2
1960,0,road_1_0_1_1,0.024098286405205727,2
1960,0,road_0_1_0_0,0.0018948008073493838,1
1960,0,road_0_1_0_1,0.023833224549889565,2
1970,0,road_1_2_3_0,-0.1276984065771103,0
1970,0,road_1_2_3_1,0.058359041810035706,3
1970,0,road_2_1_2_0,0.039451662451028824,2
1970,0,road_2_1_2_1,0.027608050033450127,1
1970,0,road_1_0_1_0,-0.028319204226136208,0
1970,0,road_1_0_1_1,0.02826593443751335,1
1970,0,road_0_1_0_0,0.014050349593162537,1
1970,0,road_0_1_0_1,0.05944593623280525,3
1980,0,road_1_2_3_0,-0.17869889736175537,0
1980,0,road_1_2_3_1,0.017032597213983536,1
1980,0,road_2_1_2_0,0.026187367737293243,2
1980,0,road_2_1_2_1,0.016572870314121246,1
1980,0,road_1_0_1_0,-0.012525915168225765,0
1980,0,road_1_0_1_1,0.06894005089998245,4
1980,0,road_0_1_0_0,0.003493589349091053,1
1980,0,road_0_1_0_1,0.03945910185575485,2
1990,0,road_1_2_3_0,-0.09370063245296478,0
1990,0,road_1_2_3_1,0.02707599475979805,1
1990,0,road_2_1_2_0,0.032903801649808884,2
1990,0,road_2_1_2_1,0.019736291840672493,1
1990,0,road_1_0_1_0,-0.09212665259838104,0
1990,0,road_1_0_1_1,0.0884479209780693,4
1990,0,road_0_1_0_0,0.001259500626474619,1
1990,0,road_0_1_0_1,0.049579184502363205,2
2000,0,road_1_2_3_0,-0.014665461145341396,0
2000,0,road_1_2_3_1,0.03198167309165001,2
2000,0,road_2_1_2_0,0.03167116641998291,2
2000,0,road_2_1_2_1,0.018764721229672432,1
2000,0,road_1_0_1_0,-0.080668605864048,0
2000,0,road_1_0_1_1,0.07280277460813522,4
2000,0,road_0_1_0_0,0.0006946243229322135,1
2000,0,road_0_1_0_1,0.04772213473916054,2
2010,0,road_1_2_3_0,-0.019439058378338814,0
2010,0,road_1_2_3_1,0.04359470680356026,2
2010,0,road_2_1_2_0,0.044620316475629807,2
2010,0,road_2_1_2_1,0.026436906307935715,1
2010,0,road_1_0_1_0,-0.20104600489139557,0
2010,0,road_1_0_1_1,0.023416507989168167,1
2010,0,road_0_1_0_0,0.0009786898735910654,1
2010,0,road_0_1_0_1,0.06723413616418839,3
2020,0,road_1_2_3_0,-0.00868189800530672,0
2020,0,road_1_2_3_1,0.0695142149925232,4
2020,0,road_2_1_2_0,0.027771538123488426,2
2020,0,road_2_1_2_1,0.01601422391831875,1
2020,0,road_1_0_1_0,-0.21398089826107025,0
2020,0,road_1_0_1_1,0.013910475187003613,1
2020,0,road_0_1_0_0,-0.00013041752390563488,0
2020,0,road_0_1_0_1,0.03175260126590729,2
2030,0,road_1_2_3_0,-0.06841856986284256,0
2030,0,road_1_2_3_1,0.10914292186498642,5
2030,0,road_2_1_2_0,0.032967787235975266,2
2030,0,road_2_1_2_1,0.018880248069763184,1
2030,0,road_1_0_1_0,-0.10477515310049057,0
2030,0,road_1_0_1_1,0.01871779002249241,1
2030,0,road_0_1_0_0,-0.0003037442802451551,0
2030,0,road_0_1_0_1,0.03769410401582718,2
2040,0,road_1_2_3_0,-0.2124757468700409,0
2040,0,road_1_2_3_1,0.015185114927589893,1
2040,0,road_2_1_2_0,0.05757936090230942,3
2040,0,road_2_1_2_1,0.03297486528754234,2
2040,0,road_1_0_1_0,-0.018342459574341774,0
2040,0,road_1_0_1_1,0.024107465520501137,1
2040,0,road_0_1_0_0,-0.0005304028163664043,0
2040,0,road_0_1_0_1,0.06583327800035477,3
2050,0,road_1_2_3_0,0.021351797506213188,1
2050,0,road_1_2_3_1,0.00906191673129797,1
2050,0,road_2_1_2_0,0.07733216881752014,5
2050,0,road_2_1_2_1,0.01903141848742962,1
2050,0,road_1_0_1_0,0.0038945891428738832,1
2050,0,road_1_0_1_1,0.017148273065686226,1
2050,0,road_0_1_0_0,-0.0014419931685552,0
2050,0,road_0_1_0_1,-0.157796710729599,0
2060,0,road_1_2_3_0,0.023716095834970474,1
2060,0,road_1_2_3_1,0.01006530225276947,1
2060,0,road_2_1_2_0,-0.22920598089694977,0
2060,0,road_2_1_2_1,0.019448699429631233,1
2060,0,road_1_0_1_0,0.004325827118009329,1
2060,0,road_1_0_1_1,0.019046934321522713,1
2060,0,road_0_1_0_0,-0.003489486873149872,0
2060,0,road_0_1_0_1,0.0993967354297638,6
2070,0,road_1_2_3_0,0.02881012298166752,1
2070,0,road_1_2_3_1,0.012227331288158894,1
2070,0,road_2_1_2_0,-0.14560751616954803,0
2070,0,road_2_1_2_1,0.018496409058570862,1
2070,0,road_1_0_1_0,0.00525501137599349,1
2070,0,road_1_0_1_1,0.023138174787163734,1
2070,0,road_0_1_0_0,-0.015074116177856922,0
2070,0,road_0_1_0_1,0.1331138014793396,6
2080,0,road_1_2_3_0,0.030722681432962418,2
2080,0,road_1_2_3_1,0.013038997538387775,1
2080,0,road_2_1_2_0,-0.04742049053311348,0
2080,0,road_2_1_2_1,0.012443333864212036,1
2080,0,road_1_0_1_0,0.005603889934718609,1
2080,0,road_1_0_1_1,0.024674156680703163,2
2080,0,road_0_1_0_0,-0.09208083152770996,0
2080,0,road_0_1_0_1,0.0437137708067894,3
2090,0,road_1_2_3_0,0.029048502445220947,3
2090,0,road_1_2_3_1,0.01232847012579441,1
2090,0,road_2_1_2_0,-0.06111852079629898,0
2090,0,road_2_1_2_1,0.021725768223404884,2
2090,0,road_1_0_1_0,0.005298481788486242,1
2090,0,road_1_0_1_1,0.023329639807343483,2
2090,0,road_0_1_0_0,-0.18579904735088348,0
2090,0,road_0_1_0_1,0.013402839191257954,1
2100,0,road_1_2_3_0,0.045993730425834656,3
2100,0,road_1_2_3_1,0.02079223468899727,1
2100,0,road_2_1_2_0,-0.0895388200879097,0
2100,0,road_2_1_2_1,-0.027925929054617882,0
2100,0,road_1_0_1_0,0.012344973161816597,1
2100,0,road_1_0_1_1,0.043160609900951385,2
2100,0,road_0_1_0_0,0.04594993591308594,3
2100,0,road_0_1_0_1,0.004501005634665489,1
2110,0,road_1_2_3_0,0.04351629316806793,3
2110,0,road_1_2_3_1,0.02255352959036827,1
2110,0,road_2_1_2_0,-0.1804090291261673,0
2110,0,road_2_1_2_1,-0.08436957001686096,0
2110,0,road_1_0_1_0,0.010091248899698257,1
2110,0,road_1_0_1_1,0.04284469038248062,3
2110,0,road_0_1_0_0,0.013278345577418804,1
2110,0,road_0_1_0_1,0.020741058513522148,1
2120,0,road_1_2_3_0,-0.02729000337421894,0
2120,0,road_1_2_3_1,0.04320758208632469,2
2120,0,road_2_1_2_0,0.06330564618110657,2
2120,0,road_2_1_2_1,0.05580131337046623,2
2120,0,road_1_0_1_0,-0.004410109017044306,0
2120,0,road_1_0_1_1,0.06665538996458054,2
2120,0,road_0_1_0_0,0.018231479451060295,1
2120,0,road_0_1_0_1,0.03403883054852486,1
2130,0,road_1_2_3_0,-0.04114712029695511,0
2130,0,road_1_2_3_1,0.01623864658176899,2
2130,0,road_2_1_2_0,0.0092267831787467,1
2130,0,road_2_1_2_1,0.005820263177156448,1
2130,0,road_1_0_1_0,-0.0016547362320125103,0
2130,0,road_1_0_1_1,0.03742082044482231,5
2130,0,road_0_1_0_0,0.005820275750011206,1
2130,0,road_0_1_0_1,0.007352793589234352,1
2140,0,road_1_2_3_0,-0.09214334934949875,0
2140,0,road_1_2_3_1,0.015188009478151798,1
2140,0,road_2_1_2_0,0.022541383281350136,2
2140,0,road_2_1_2_1,0.009941545315086842,1
2140,0,road_1_0_1_0,-0.004199089948087931,0
2140,0,road_1_0_1_1,0.05624891817569733,5
2140,0,road_0_1_0_0,0.0037999299820512533,1
2140,0,road_0_1_0_1,0.01563083566725254,1
2150,0,road_1_2_3_0,0.14324867725372314,6
2150,0,road_1_2_3_1,0.018350858241319656,1
2150,0,road_2_1_2_0,0.03607134521007538,1
2150,0,road_2_1_2_1,0.015500261448323727,1
2150,0,road_1_0_1_0,-0.01096736267209053,0
2150,0,road_1_0_1_1,-0.12576569616794586,0
2150,0,road_0_1_0_0,0.0029374754521995783,1
2150,0,road_0_1_0_1,0.025012938305735588,1
2160,0,road_1_2_3_0,0.12735456228256226,5
2160,0,road_1_2_3_1,0.027137678116559982,1
2160,0,road_2_1_2_0,0.04482536017894745,2
2160,0,road_2_1_2_1,0.02102094702422619,1
2160,0,road_1_0_1_0,-0.08256516605615616,0
2160,0,road_1_0_1_1,-0.1357518434524536,0
2160,0,road_0_1_0_0,0.010698076337575912,1
2160,0,road_0_1_0_1,0.03897758573293686,1
2170,0,road_1_2_3_0,-0.17824026942253113,0
2170,0,road_1_2_3_1,0.0430506207048893,2
2170,0,road_2_1_2_0,0.04936280846595764,2
2170,0,road_2_1_2_1,0.021495921537280083,1
2170,0,road_1_0_1_0,-0.1302996128797531,0
2170,0,road_1_0_1_1,0.05268621817231178,2
2170,0,road_0_1_0_0,0.006263929419219494,1
2170,0,road_0_1_0_1,0.04292291775345802,2
2180,0,road_1_2_3_0,-0.19061748683452606,0
2180,0,road_1_2_3_1,0.051521141082048416,2
2180,0,road_2_1_2_0,0.05156978219747543,2
2180,0,road_2_1_2_1,0.0218704491853714,1
2180,0,road_1_0_1_0,-0.1811630129814148,0
2180,0,road_1_0_1_1,0.046904195100069046,2
2180,0,road_0_1_0_0,0.004610251169651747,1
2180,0,road_0_1_0_1,0.044841863214969635,2
2190,0,road_1_2_3_0,0.08724868297576904,2
2190,0,road_1_2_3_1,0.050380539149045944,1
2190,0,road_2_1_2_0,-0.19015441834926605,0
2190,0,road_2_1_2_1,0.03180047869682312,1
2190,0,road_1_0_1_0,0.10487748682498932,3
2190,0,road_1_0_1_1,0.052102021872997284,1
2190,0,road_0_1_0_0,-0.020931696519255638,0
2190,0,road_0_1_0_1,0.05879443511366844,2
2200,0,road_1_2_3_0,0.019712097942829132,1
2200,0,road_1_2_3_1,0.047620367258787155,2
2200,0,road_2_1_2_0,-0.16392870247364044,0
2200,0,road_2_1_2_1,0.04292259365320206,1
2200,0,road_1_0_1_0,0.049005359411239624,2
2200,0,road_1_0_1_1,0.04894770309329033,2
2200,0,road_0_1_0_0,-0.018587149679660797,0
2200,0,road_0_1_0_1,0.0815986767411232,3
2210,0,road_1_2_3_0,0.013673375360667706,1
2210,0,road_1_2_3_1,0.030017314478754997,1
2210,0,road_2_1_2_0,-0.12035062164068222,0
2210,0,road_2_1_2_1,0.023268429562449455,1
2210,0,road_1_0_1_0,0.0180186964571476,1
2210,0,road_1_0_1_1,0.02971956878900528,1
2210,0,road_0_1_0_0,-0.031370859593153,0
2210,0,road_0_1_0_1,0.10690197348594666,5
2220,0,road_1_2_3_0,0.015615958720445633,1
2220,0,road_1_2_3_1,0.03428185358643532,2
2220,0,road_2_1_2_0,-0.045220259577035904,0
2220,0,road_2_1_2_1,0.038843877613544464,2
2220,0,road_1_0_1_0,0.02057856321334839,1
2220,0,road_1_0_1_1,0.03394181653857231,2
2220,0,road_0_1_0_0,-0.09795922785997391,0
2220,0,road_0_1_0_1,0.04500250518321991,2
2230,0,road_1_2_3_0,0.011705209501087666,1
2230,0,road_1_2_3_1,0.025696512311697006,2
2230,0,road_2_1_2_0,-0.04819706082344055,0
2230,0,road_2_1_2_1,0.04915960133075714,3
2230,0,road_1_0_1_0,0.015425019897520542,1
2230,0,road_1_0_1_1,0.025441640987992287,2
2230,0,road_0_1_0_0,-0.16887259483337402,0
2230,0,road_0_1_0_1,0.016261838376522064,1
2240,0,road_1_2_3_0,0.008649217896163464,1
2240,0,road_1_2_3_1,-0.15412123501300812,0
2240,0,road_2_1_2_0,0.1580173522233963,4
2240,0,road_2_1_2_1,0.031821783632040024,1
2240,0,road_1_0_1_0,0.03362181410193443,1
2240,0,road_1_0_1_1,-0.10882849246263504,0
2240,0,road_0_1_0_0,0.09829209744930267,2
2240,0,road_0_1_0_1,0.09216491132974625,2
2250,0,road_1_2_3_0,0.022003788501024246,1
2250,0,road_1_2_3_1,-0.12480399012565613,0
2250,0,road_2_1_2_0,0.06855645775794983,2
2250,0,road_2_1_2_1,0.029346536844968796,1
2250,0,road_1_0_1_0,0.05122043192386627,2
2250,0,road_1_0_1_1,-0.07980199158191681,0
2250,0,road_0_1_0_0,0.05679253861308098,2
2250,0,road_0_1_0_1,0.09506253898143768,3
2260,0,road_1_2_3_0,0.02482123114168644,1
2260,0,road_1_2_3_1,-0.1318809539079666,0
2260,0,road_2_1_2_0,0.04323161020874977,2
2260,0,road_2_1_2_1,0.02884279005229473,1
2260,0,road_1_0_1_0,0.06742493063211441,3
2260,0,road_1_0_1_1,-0.06786254793405533,0
2260,0,road_0_1_0_0,0.016078148037195206,1
2260,0,road_0_1_0_1,0.07387468963861465,3
2270,0,road_1_2_3_0,0.024046694859862328,1
2270,0,road_1_2_3_1,0.053574010729789734,2
2270,0,road_2_1_2_0,0.06089179217815399,2
2270,0,road_2_1_2_1,0.08799727261066437,3
2270,0,road_1_0_1_0,-0.08467226475477219,0
2270,0,road_1_0_1_1,-0.08359085023403168,0
2270,0,road_0_1_0_0,0.004900044295936823,1
2270,0,road_0_1_0_1,0.07180380076169968,2
2280,0,road_1_2_3_0,0.036420371383428574,2
2280,0,road_1_2_3_1,0.06693553179502487,3
2280,0,road_2_1_2_0,0.029037225991487503,1
2280,0,road_2_1_2_1,0.016310913488268852,1
2280,0,road_1_0_1_0,-0.03453461080789566,0
2280,0,road_1_0_1_1,-0.03421379625797272,0
2280,0,road_0_1_0_0,0.02835589274764061,1
2280,0,road_0_1_0_1,0.02116026170551777,1
2290,0,road_1_2_3_0,0.027622880414128304,3
2290,0,road_1_2_3_1,0.03280198201537132,4
2290,0,road_2_1_2_0,0.009089160710573196,1
2290,0,road_2_1_2_1,0.004690602421760559,1
2290,0,road_1_0_1_0,-0.03537007048726082,0
2290,0,road_1_0_1_1,-0.031457360833883286,0
2290,0,road_0_1_0_0,0.007655037101358175,1
2290,0,road_0_1_0_1,0.005560286808758974,1
2300,0,road_1_2_3_0,0.08249066770076752,3
2300,0,road_1_2_3_1,0.031331826001405716,1
2300,0,road_2_1_2_0,0.06398124992847443,2
2300,0,road_2_1_2_1,0.02179405465722084,1
2300,0,road_1_0_1_0,-0.08251012861728668,0
2300,0,road_1_0_1_1,-0.23391173779964447,0
2300,0,road_0_1_0_0,0.04404720291495323,2
2300,0,road_0_1_0_1,0.037214819341897964,1
2310,0,road_1_2_3_0,0.15587618947029114,3
2310,0,road_1_2_3_1,0.06576386094093323,1
2310,0,road_2_1_2_0,-0.16961674392223358,0
2310,0,road_2_1_2_1,0.06122718006372452,1
2310,0,road_1_0_1_0,0.10466871410608292,2
2310,0,road_1_0_1_1,0.0909159928560257,2
2310,0,road_0_1_0_0,-0.11085359752178192,0
2310,0,road_0_1_0_1,0.029276147484779358,1
2320,0,road_1_2_3_0,0.15565702319145203,3
2320,0,road_1_2_3_1,0.05420953407883644,1
2320,0,road_2_1_2_0,-0.1711898148059845,0
2320,0,road_2_1_2_1,0.03842237964272499,1
2320,0,road_1_0_1_0,0.11284889280796051,2
2320,0,road_1_0_1_1,0.09078820049762726,2
2320,0,road_0_1_0_0,-0.1127578541636467,0
2320,0,road_0_1_0_1,0.02143588475883007,1
2330,0,road_1_2_3_0,0.1446625143289566,4
2330,0,road_1_2_3_1,0.03408940136432648,1
2330,0,road_2_1_2_0,-0.10212995857000351,0
2330,0,road_2_1_2_1,0.03471323102712631,1
2330,0,road_1_0_1_0,0.09514083713293076,2
2330,0,road_1_0_1_1,0.08437574654817581,2
2330,0,road_0_1_0_0,-0.033245429396629333,0
2330,0,road_0_1_0_1,0.014169055037200451,1
2340,0,road_1_2_3_0,-0.14897315204143524,0
2340,0,road_1_2_3_1,0.047927070409059525,2
2340,0,road_2_1_2_0,0.04360075294971466,2
2340,0,road_2_1_2_1,0.0220255758613348,1
2340,0,road_1_0_1_0,-0.19017811119556427,0
2340,0,road_1_0_1_1,0.04138491675257683,2
2340,0,road_0_1_0_0,0.014544868841767311,1
2340,0,road_0_1_0_1,0.024480007588863373,1
2350,0,road_1_2_3_0,-0.10222421586513519,0
2350,0,road_1_2_3_1,0.04104779288172722,3
2350,0,road_2_1_2_0,0.01450420543551445,1
2350,0,road_2_1_2_1,0.01571395993232727,1
2350,0,road_1_0_1_0,-0.1434151530265808,0
2350,0,road_1_0_1_1,0.0362715870141983,3
2350,0,road_0_1_0_0,0.003148935502395034,1
2350,0,road_0_1_0_1,0.01844491995871067,1
2360,0,road_1_2_3_0,-0.0879325196146965,0
2360,0,road_1_2_3_1,-0.08567223697900772,0
2360,0,road_2_1_2_0,0.007675305940210819,1
2360,0,road_2_1_2_1,0.01677638664841652,1
2360,0,road_1_0_1_0,0.10879073292016983,6
2360,0,road_1_0_1_1,0.02751655876636505,1
2360,0,road_0_1_0_0,0.003510222304612398,1
2360,0,road_0_1_0_1,0.023046813905239105,1
2370,0,road_1_2_3_0,0.11230740696191788,4
2370,0,road_1_2_3_1,0.016115138307213783,1
2370,0,road_2_1_2_0,-0.014475428499281406,0
2370,0,road_2_1_2_1,0.024017833173274994,1
2370,0,road_1_0_1_0,0.029437055811285973,1
2370,0,road_1_0_1_1,0.03279193863272667,1
2370,0,road_0_1_0_0,-0.0068115959875285625,0
2370,0,road_0_1_0_1,0.039079826325178146,2
2380,0,road_1_2_3_0,0.13379183411598206,4
2380,0,road_1_2_3_1,0.10727937519550323,3
2380,0,road_2_1_2_0,-0.01617305539548397,0
2380,0,road_2_1_2_1,0.019974209368228912,1
2380,0,road_1_0_1_0,0.02259691059589386,1
2380,0,road_1_0_1_1,0.04142699018120766,1
2380,0,road_0_1_0_0,-0.005688290111720562,0
2380,0,road_0_1_0_1,0.03388194367289543,1
2390,0,road_1_2_3_0,0.040735624730587006,2
2390,0,road_1_2_3_1,0.02953094057738781,2
2390,0,road_2_1_2_0,-0.014851837418973446,0
2390,0,road_2_1_2_1,0.03482624143362045,2
2390,0,road_1_0_1_0,0.027241835370659828,1
2390,0,road_1_0_1_1,0.012574459426105022,1
2390,0,road_0_1_0_0,-0.0033528332132846117,0
2390,0,road_0_1_0_1,0.04955306276679039,3
2400,0,road_1_2_3_0,0.002076731063425541,1
2400,0,road_1_2_3_1,0.002746417885646224,1
2400,0,road_2_1_2_0,-0.006075621582567692,0
2400,0,road_2_1_2_1,0.013189226388931274,3
2400,0,road_1_0_1_0,0.002746419282630086,1
2400,0,road_1_0_1_1,0.0017019275110214949,1
2400,0,road_0_1_0_0,-0.0010739476419985294,0
2400,0,road_0_1_0_1,0.019060296937823296,5
2410,0,road_1_2_3_0,0.0036846224684268236,1
2410,0,road_1_2_3_1,0.004872747231274843,1
2410,0,road_2_1_2_0,-0.03232462704181671,0
2410,0,road_2_1_2_1,0.021102692931890488,3
2410,0,road_1_0_1_0,0.0048727537505328655,1
2410,0,road_1_0_1_1,0.003019624622538686,1
2410,0,road_0_1_0_0,-0.001723471563309431,0
2410,0,road_0_1_0_1,0.039249926805496216,5
2420,0,road_1_2_3_0,0.0091863377019763,1
2420,0,road_1_2_3_1,0.006782344542443752,1
2420,0,road_2_1_2_0,-0.07537601888179779,0
2420,0,road_2_1_2_1,0.021993709728121758,2
2420,0,road_1_0_1_0,0.009186341427266598,1
2420,0,road_1_0_1_1,0.006782344542443752,1
2420,0,road_0_1_0_0,-0.004249183926731348,0
2420,0,road_0_1_0_1,0.059171292930841446,5
2430,0,road_1_2_3_0,0.024965457618236542,1
2430,0,road_1_2_3_1,0.00935327261686325,1
2430,0,road_2_1_2_0,-0.19594453275203705,0
2430,0,road_2_1_2_1,0.02479752153158188,1
2430,0,road_1_0_1_0,0.019678225740790367,1
2430,0,road_1_0_1_1,0.02199641987681389,1
2430,0,road_0_1_0_0,-0.04060976952314377,0
2430,0,road_0_1_0_1,0.10208544880151749,5
2440,0,road_1_2_3_0,0.05917651951313019,2
2440,0,road_1_2_3_1,0.023685559630393982,1
2440,0,road_2_1_2_0,-0.19309864938259125,0
2440,0,road_2_1_2_1,0.03225623816251755,1
2440,0,road_1_0_1_0,0.03311995044350624,1
2440,0,road_1_0_1_1,0.03975893557071686,1
2440,0,road_0_1_0_0,-0.09264020621776581,0
2440,0,road_0_1_0_1,0.13804204761981964,4
2450,0,road_1_2_3_0,-0.16681955754756927,0
2450,0,road_1_2_3_1,0.030817905440926552,1
2450,0,road_2_1_2_0,0.08716128021478653,2
2450,0,road_2_1_2_1,0.04818016290664673,1
2450,0,road_1_0_1_0,-0.0399637371301651,0
2450,0,road_1_0_1_1,0.06280992925167084,2
2450,0,road_0_1_0_0,0.11999853700399399,3
2450,0,road_0_1_0_1,0.06864137947559357,2
2460,0,road_1_2_3_0,-0.16379572451114655,0
2460,0,road_1_2_3_1,0.026163777336478233,1
2460,0,road_2_1_2_0,0.1272660195827484,3
2460,0,road_2_1_2_1,0.07261412590742111,2
2460,0,road_1_0_1_0,-0.012347320094704628,0
2460,0,road_1_0_1_1,0.06410995870828629,2
2460,0,road_0_1_0_0,0.085772804915905,2
2460,0,road_0_1_0_1,0.04093107953667641,1
2470,0,road_1_2_3_0,-0.16056570410728455,0
2470,0,road_1_2_3_1,0.02762504480779171,1
2470,0,road_2_1_2_0,0.09517815709114075,3
2470,0,road_2_1_2_1,0.04639770835638046,1
2470,0,road_1_0_1_0,-0.00869271345436573,0
2470,0,road_1_0_1_1,0.056221261620521545,2
2470,0,road_0_1_0_0,0.07384566962718964,2
2470,0,road_0_1_0_1,0.0557577945291996,2
2480,0,road_1_2_3_0,-0.05567290261387825,0
2480,0,road_1_2_3_1,0.03741886839270592,2
2480,0,road_2_1_2_0,0.05824555456638336,2
2480,0,road_2_1_2_1,0.03857109695672989,2
2480,0,road_1_0_1_0,-0.006757046561688185,0
2480,0,road_1_0_1_1,0.045620646327733994,2
2480,0,road_0_1_0_0,0.024490073323249817,1
2480,0,road_0_1_0_1,0.02976282872259617,1
2490,0,road_1_2_3_0,-0.027780042961239815,0
2490,0,road_1_2_3_1,0.013977846130728722,2
2490,0,road_2_1_2_0,0.008465892635285854,1
2490,0,road_2_1_2_1,0.006391241680830717,1
2490,0,road_1_0_1_0,-0.002219680929556489,0
2490,0,road_1_0_1_1,0.026874814182519913,4
2490,0,road_0_1_0_0,0.006107124499976635,1
2490,0,road_0_1_0_1,0.008465864695608616,1
2500,0,road_1_2_3_0,-0.053847990930080414,0
2500,0,road_1_2_3_1,0.016928665339946747,2
2500,0,road_2_1_2_0,0.013351378031075,1
2500,0,road_2_1_2_1,0.010568548925220966,1
2500,0,road_1_0_1_0,-0.025811221450567245,0
2500,0,road_1_0_1_1,0.03648560121655464,3
2500,0,road_0_1_0_0,0.010568542405962944,1
2500,0,road_0_1_0_1,0.01675410382449627,2
2510,0,road_1_2_3_0,-0.09012322127819061,0
2510,0,road_1_2_3_1,0.022786689922213554,2
2510,0,road_2_1_2_0,0.020741399377584457,1
2510,0,road_2_1_2_1,0.016015859320759773,1
2510,0,road_1_0_1_0,-0.05139429122209549,0
2510,0,road_1_0_1_1,0.048380929976701736,3
2510,0,road_0_1_0_0,0.013180128298699856,1
2510,0,road_0_1_0_1,0.029911315068602562,2
2520,0,road_1_2_3_0,-0.14460231363773346,0
2520,0,road_1_2_3_1,0.027602093294262886,1
2520,0,road_2_1_2_0,0.03311178460717201,2
2520,0,road_2_1_2_1,0.02411535568535328,1
2520,0,road_1_0_1_0,-0.0804838016629219,0
2520,0,road_1_0_1_1,0.052331965416669846,3
2520,0,road_0_1_0_0,0.0088246650993824,1
2520,0,road_0_1_0_1,0.047750577330589294,2
2530,0,road_1_2_3_0,-0.17917729914188385,0
2530,0,road_1_2_3_1,0.052169300615787506,2
2530,0,road_2_1_2_0,0.05051892623305321,2
2530,0,road_2_1_2_1,0.03462955355644226,1
2530,0,road_1_0_1_0,-0.22046855092048645,0
2530,0,road_1_0_1_1,0.04072541370987892,2
2530,0,road_0_1_0_0,0.016977602615952492,1
2530,0,road_0_1_0_1,0.0728539302945137,3
2540,0,road_1_2_3_0,0.03126675635576248,1
2540,0,road_1_2_3_1,0.03594284504652023,1
2540,0,road_2_1_2_0,0.08646833151578903,4
2540,0,road_2_1_2_1,0.029336178675293922,1
2540,0,road_1_0_1_0,0.035942818969488144,1
2540,0,road_1_0_1_1,0.027346622198820114,1
2540,0,road_0_1_0_0,-0.08320459723472595,0
2540,0,road_0_1_0_1,-0.22582902014255524,0
2550,0,road_1_2_3_0,0.0510755330324173,2
2550,0,road_1_2_3_1,0.05871405452489853,2
2550,0,road_2_1_2_0,-0.26668021082878113,0
2550,0,road_2_1_2_1,0.04788077250123024,1
2550,0,road_1_0_1_0,0.058714061975479126,2
2550,0,road_1_0_1_1,0.044671736657619476,1
2550,0,road_0_1_0_0,-0.2574813961982727,0
2550,0,road_0_1_0_1,0.06512027978897095,2
2560,0,road_1_2_3_0,0.09934308379888535,3
2560,0,road_1_2_3_1,0.06188168749213219,2
2560,0,road_2_1_2_0,-0.17289867997169495,0
2560,0,road_2_1_2_1,0.04809437692165375,1
2560,0,road_1_0_1_0,0.07309571653604507,2
2560,0,road_1_0_1_1,0.03988690674304962,1
2560,0,road_0_1_0_0,-0.08868987113237381,0
2560,0,road_0_1_0_1,0.07379932701587677,2
2570,0,road_1_2_3_0,0.02159048803150654,1
2570,0,road_1_2_3_1,0.038905687630176544,1
2570,0,road_2_1_2_0,-0.14166435599327087,0
2570,0,road_2_1_2_1,0.06448446214199066,2
2570,0,road_1_0_1_0,0.012781181372702122,1
2570,0,road_1_0_1_1,0.0362628698348999,1
2570,0,road_0_1_0_0,-0.07451194524765015,0
2570,0,road_0_1_0_1,0.10095847398042679,4
2580,0,road_1_2_3_0,0.019448325037956238,1
2580,0,road_1_2_3_1,0.02927711047232151,1
2580,0,road_2_1_2_0,-0.09197750687599182,0
2580,0,road_2_1_2_1,0.1236095204949379,4
2580,0,road_1_0_1_0,0.020617911592125893,1
2580,0,road_1_0_1_1,0.045538827776908875,1
2580,0,road_0_1_0_0,-0.017138030380010605,0
2580,0,road_0_1_0_1,0.09010252356529236,3
2590,0,road_1_2_3_0,0.03266076371073723,1
2590,0,road_1_2_3_1,0.0389237180352211,1
2590,0,road_2_1_2_0,-0.10613628476858139,0
2590,0,road_2_1_2_1,0.027631103992462158,1
2590,0,road_1_0_1_0,0.038923658430576324,1
2590,0,road_1_0_1_1,0.07831883430480957,3
2590,0,road_0_1_0_0,-0.013387521728873253,0
2590,0,road_0_1_0_1,0.04579538479447365,2
2600,0,road_1_2_3_0,0.03249190375208855,1
2600,0,road_1_2_3_1,0.03218545392155647,1
2600,0,road_2_1_2_0,-0.17808856070041656,0
2600,0,road_2_1_2_1,0.017872707918286324,1
2600,0,road_1_0_1_0,0.038102734833955765,2
2600,0,road_1_0_1_1,0.07751849293708801,3
2600,0,road_0_1_0_0,-0.08778250962495804,0
2600,0,road_0_1_0_1,0.0395495630800724,2
2610,0,road_1_2_3_0,0.12324145436286926,4
2610,0,road_1_2_3_1,0.07077223807573318,2
2610,0,road_2_1_2_0,0.04062202200293541,1
2610,0,road_2_1_2_1,0.021016579121351242,1
2610,0,road_1_0_1_0,-0.013453826308250427,0
2610,0,road_1_0_1_1,-0.17094048857688904,0
2610,0,road_0_1_0_0,0.040251266211271286,1
2610,0,road_0_1_0_1,0.02095363475382328,1
2620,0,road_1_2_3_0,-0.08588740229606628,0
2620,0,road_1_2_3_1,0.03243608400225639,3
2620,0,road_2_1_2_0,0.007798347156494856,1
2620,0,road_2_1_2_1,0.004888141993433237,1
2620,0,road_1_0_1_0,-0.027892962098121643,0
2620,0,road_1_0_1_1,0.07204190641641617,6
2620,0,road_0_1_0_0,0.004468635190278292,1
2620,0,road_0_1_0_1,0.004605070222169161,1
2630,0,road_1_2_3_0,-0.14960114657878876,0
2630,0,road_1_2_3_1,0.05119379982352257,3
2630,0,road_2_1_2_0,0.013848726637661457,1
2630,0,road_2_1_2_1,0.008680586703121662,1
2630,0,road_1_0_1_0,-0.054504334926605225,0
2630,0,road_1_0_1_1,0.09444046765565872,5
2630,0,road_0_1_0_0,0.00793567206710577,1
2630,0,road_0_1_0_1,0.008177905343472958,1
2640,0,road_1_2_3_0,-0.11065131425857544,0
2640,0,road_1_2_3_1,0.07330108433961868,2
2640,0,road_2_1_2_0,0.02173023298382759,1
2640,0,road_2_1_2_1,0.013620905578136444,1
2640,0,road_1_0_1_0,-0.11446859687566757,0
2640,0,road_1_0_1_1,0.16730482876300812,6
2640,0,road_0_1_0_0,0.012452024035155773,1
2640,0,road_0_1_0_1,0.012832128442823887,1
2650,0,road_1_2_3_0,-0.041521403938531876,0
2650,0,road_1_2_3_1,0.06913407891988754,3
2650,0,road_2_1_2_0,0.026810435578227043,1
2650,0,road_2_1_2_1,0.012838170863687992,1
2650,0,road_1_0_1_0,-0.12534204125404358,0
2650,0,road_1_0_1_1,0.07541212439537048,3
2650,0,road_0_1_0_0,0.02019253745675087,1
2650,0,road_0_1_0_1,0.015886561945080757,1
2660,0,road_1_2_3_0,-0.04403015971183777,0
2660,0,road_1_2_3_1,0.05928586795926094,4
2660,0,road_2_1_2_0,0.018074626103043556,1
2660,0,road_2_1_2_1,0.010369110852479935,1
2660,0,road_1_0_1_0,-0.09444408863782883,0
2660,0,road_1_0_1_1,0.03641878813505173,3
2660,0,road_0_1_0_0,0.012830136343836784,1
2660,0,road_0_1_0_1,0.006512584630399942,1
2670,0,road_1_2_3_0,-0.19023199379444122,0
2670,0,road_1_2_3_1,0.05998370796442032,2
2670,0,road_2_1_2_0,0.0427936390042305,2
2670,0,road_2_1_2_1,0.02089102379977703,1
2670,0,road_1_0_1_0,-0.15993523597717285,0
2670,0,road_1_0_1_1,0.07574104517698288,3
2670,0,road_0_1_0_0,0.03507630154490471,1
2670,0,road_0_1_0_1,0.018278421834111214,1
2680,0,road_1_2_3_0,0.07782936096191406,2
2680,0,road_1_2_3_1,0.06580913811922073,2
2680,0,road_2_1_2_0,-0.1075933575630188,0
2680,0,road_2_1_2_1,0.03939913958311081,1
2680,0,road_1_0_1_0,0.10474036633968353,3
2680,0,road_1_0_1_1,0.08782131969928741,2
2680,0,road_0_1_0_0,-0.15897125005722046,0
2680,0,road_0_1_0_1,0.008230156265199184,1
2690,0,road_1_2_3_0,-0.17464633285999298,0
2690,0,road_1_2_3_1,-0.14182136952877045,0
2690,0,road_2_1_2_0,0.020510056987404823,1
2690,0,road_2_1_2_1,0.04442649707198143,2
2690,0,road_1_0_1_0,0.08142757415771484,3
2690,0,road_1_0_1_1,0.032342035323381424,1
2690,0,road_0_1_0_0,0.06070442870259285,2
2690,0,road_0_1_0_1,0.024718835949897766,1
2700,0,road_1_2_3_0,0.10277000069618225,3
2700,0,road_1_2_3_1,0.06738264858722687,2
2700,0,road_2_1_2_0,-0.03113633394241333,0
2700,0,road_2_1_2_1,0.0675463080406189,2
2700,0,road_1_0_1_0,0.02782396413385868,1
2700,0,road_1_0_1_1,0.02836918644607067,1
2700,0,road_0_1_0_0,-0.14338795840740204,0
2700,0,road_0_1_0_1,0.015732889994978905,1
2710,0,road_1_2_3_0,0.09146953374147415,3
2710,0,road_1_2_3_1,0.11972757428884506,4
2710,0,road_2_1_2_0,-0.022265736013650894,0
2710,0,road_2_1_2_1,0.06185084953904152,2
2710,0,road_1_0_1_0,0.03275409713387489,1
2710,0,road_1_0_1_1,0.020907577127218246,1
2710,0,road_0_1_0_0,-0.10677038133144379,0
2710,0,road_0_1_0_1,0.01528155617415905,1
2720,0,road_1_2_3_0,0.03675949573516846,2
2720,0,road_1_2_3_1,0.028448553755879402,1
2720,0,road_2_1_2_0,-0.014158887788653374,0
2720,0,road_2_1_2_1,0.07473058998584747,3
2720,0,road_1_0_1_0,0.02526251971721649,1
2720,0,road_1_0_1_1,0.006093330681324005,1
2720,0,road_0_1_0_0,-0.024177400395274162,0
2720,0,road_0_1_0_1,0.05649363622069359,2
2730,0,road_1_2_3_0,0.005380893126130104,1
2730,0,road_1_2_3_1,0.005593445152044296,1
2730,0,road_2_1_2_0,-0.01566206105053425,0
2730,0,road_2_1_2_1,0.06276609003543854,6
2730,0,road_1_0_1_0,0.010001412592828274,1
2730,0,road_1_0_1_1,0.002747415564954281,1
2730,0,road_0_1_0_0,-0.07330407947301865,0
2730,0,road_0_1_0_1,0.024133360013365746,2
2740,0,road_1_2_3_0,0.014075922779738903,1
2740,0,road_1_2_3_1,0.014631988480687141,1
2740,0,road_2_1_2_0,-0.02956191450357437,0
2740,0,road_2_1_2_1,-0.09332285076379776,0
2740,0,road_1_0_1_0,0.026162877678871155,1
2740,0,road_1_0_1_1,0.007186897099018097,1
2740,0,road_0_1_0_0,0.12408924847841263,6
2740,0,road_0_1_0_1,0.02126714214682579,1
2750,0,road_1_2_3_0,0.016151055693626404,1
2750,0,road_1_2_3_1,0.013286372646689415,1
2750,0,road_2_1_2_0,-0.05575739964842796,0
2750,0,road_2_1_2_1,0.07574357837438583,4
2750,0,road_1_0_1_0,0.02204425446689129,1
2750,0,road_1_0_1_1,0.008477674797177315,1
2750,0,road_0_1_0_0,-0.19632458686828613,0
2750,0,road_0_1_0_1,0.04715554416179657,3
2760,0,road_1_2_3_0,0.030249768868088722,1
2760,0,road_1_2_3_1,0.016209309920668602,1
2760,0,road_2_1_2_0,-0.10198599845170975,0
2760,0,road_2_1_2_1,-0.20114019513130188,0
2760,0,road_1_0_1_0,0.04420550540089607,2
2760,0,road_1_0_1_1,0.021698858588933945,1
2760,0,road_0_1_0_0,0.07568272203207016,3
2760,0,road_0_1_0_1,0.05362384021282196,2
2770,0,road_1_2_3_0,0.029711410403251648,2
2770,0,road_1_2_3_1,0.01104168314486742,1
2770,0,road_2_1_2_0,-0.07859615236520767,0
2770,0,road_2_1_2_1,0.06289486587047577,3
2770,0,road_1_0_1_0,0.030617590993642807,2
2770,0,road_1_0_1_1,0.021809987723827362,1
2770,0,road_0_1_0_0,-0.14162400364875793,0
2770,0,road_0_1_0_1,0.04180595651268959,2
2780,0,road_1_2_3_0,0.0533456914126873,2
2780,0,road_1_2_3_1,0.02188343182206154,1
2780,0,road_2_1_2_0,-0.14138372242450714,0
2780,0,road_2_1_2_1,0.0631052553653717,2
2780,0,road_1_0_1_0,0.040313899517059326,2
2780,0,road_1_0_1_1,0.03216519579291344,1
2780,0,road_0_1_0_0,-0.21768882870674133,0
2780,0,road_0_1_0_1,0.043361812829971313,2
2790,0,road_1_2_3_0,-0.19471152126789093,0
2790,0,road_1_2_3_1,0.0011228915536776185,1
2790,0,road_2_1_2_0,0.03911939635872841,2
2790,0,road_2_1_2_1,0.03509482741355896,2
2790,0,road_1_0_1_0,-0.06993501633405685,0
2790,0,road_1_0_1_1,0.04442363977432251,2
2790,0,road_0_1_0_0,0.03023676574230194,2
2790,0,road_0_1_0_1,0.030660582706332207,2
2800,0,road_1_2_3_0,0.04684050753712654,2
2800,0,road_1_2_3_1,0.011228976771235466,1
2800,0,road_2_1_2_0,-0.061274830251932144,0
2800,0,road_2_1_2_1,0.057910844683647156,2
2800,0,road_1_0_1_0,0.08562268316745758,3
2800,0,road_1_0_1_1,0.048097386956214905,2
2800,0,road_0_1_0_0,-0.01599166728556156,0
2800,0,road_0_1_0_1,0.050180304795503616,2
2810,0,road_1_2_3_0,0.03769708797335625,1
2810,0,road_1_2_3_1,0.00886716227978468,1
2810,0,road_2_1_2_0,-0.06678887456655502,0
2810,0,road_2_1_2_1,0.05863233283162117,2
2810,0,road_1_0_1_0,0.06665586680173874,2
2810,0,road_1_0_1_1,0.05909645929932594,2
2810,0,road_0_1_0_0,-0.025605792179703712,0
2810,0,road_0_1_0_1,0.07014110684394836,2
2820,0,road_1_2_3_0,0.04871384799480438,2
2820,0,road_1_2_3_1,0.00924006663262844,1
2820,0,road_2_1_2_0,-0.07419418543577194,0
2820,0,road_2_1_2_1,0.04684067144989967,2
2820,0,road_1_0_1_0,0.07882929593324661,3
2820,0,road_1_0_1_1,0.043324436992406845,2
2820,0,road_0_1_0_0,-0.012128501199185848,0
2820,0,road_0_1_0_1,0.06154651939868927,2
2830,0,road_1_2_3_0,-0.1127152293920517,0
2830,0,road_1_2_3_1,0.005727820564061403,1
2830,0,road_2_1_2_0,0.03217237815260887,2
2830,0,road_2_1_2_1,0.03337433561682701,3
2830,0,road_1_0_1_0,-0.13516809046268463,0
2830,0,road_1_0_1_1,0.02177230268716812,2
2830,0,road_0_1_0_0,0.0027024270966649055,1
2830,0,road_0_1_0_1,0.0371922068297863,3
2840,0,road_1_2_3_0,0.07787055522203445,2
2840,0,road_1_2_3_1,0.02457055263221264,1
2840,0,road_2_1_2_0,-0.08424355834722519,0
2840,0,road_2_1_2_1,0.042767029255628586,1
2840,0,road_1_0_1_0,0.10470566153526306,3
2840,0,road_1_0_1_1,0.01753125712275505,1
2840,0,road_0_1_0_0,-0.0036367522552609444,0
2840,0,road_0_1_0_1,0.05323456600308418,2
2850,0,road_1_2_3_0,0.07420622557401657,2
2850,0,road_1_2_3_1,0.023414302617311478,1
2850,0,road_2_1_2_0,0.04556405916810036,2
2850,0,road_2_1_2_1,0.043135400861501694,1
2850,0,road_1_0_1_0,0.09977851808071136,3
2850,0,road_1_0_1_1,0.016706187278032303,1
2850,0,road_0_1_0_0,-0.0023656010162085295,0
2850,0,road_0_1_0_1,-0.08654230833053589,0
2860,0,road_1_2_3_0,-0.12755855917930603,0
2860,0,road_1_2_3_1,0.02913353592157364,2
2860,0,road_2_1_2_0,0.033590011298656464,2
2860,0,road_2_1_2_1,0.03554103523492813,2
2860,0,road_1_0_1_0,-0.1880059540271759,0
2860,0,road_1_0_1_1,0.012159863486886024,1
2860,0,road_0_1_0_0,-0.000270094140432775,0
2860,0,road_0_1_0_1,0.033589962869882584,2
2870,0,road_1_2_3_0,-0.15683133900165558,0
2870,0,road_1_2_3_1,0.02226591855287552,2
2870,0,road_2_1_2_0,0.03286164999008179,2
2870,0,road_2_1_2_1,0.03477044776082039,2
2870,0,road_1_0_1_0,-0.15099932253360748,0
2870,0,road_1_0_1_1,0.01721768081188202,1
2870,0,road_0_1_0_0,-0.00026421688380651176,0
2870,0,road_0_1_0_1,0.032861750572919846,2
2880,0,road_1_2_3_0,0.09853273630142212,3
2880,0,road_1_2_3_1,0.014893031679093838,1
2880,0,road_2_1_2_0,-0.08943508565425873,0
2880,0,road_2_1_2_1,0.03978104516863823,1
2880,0,road_1_0_1_0,0.0811772495508194,3
2880,0,road_1_0_1_1,0.026777464896440506,1
2880,0,road_0_1_0_0,-0.0018911019433289766,0
2880,0,road_0_1_0_1,0.042671333998441696,1
2890,0,road_1_2_3_0,0.06405229866504669,2
2890,0,road_1_2_3_1,0.027693111449480057,1
2890,0,road_2_1_2_0,-0.04426881670951843,0
2890,0,road_2_1_2_1,0.04500687122344971,2
2890,0,road_1_0_1_0,0.07706952840089798,3
2890,0,road_1_0_1_1,0.01103247981518507,1
2890,0,road_0_1_0_0,-0.0019308440387248993,0
2890,0,road_0_1_0_1,0.043031662702560425,2
2900,0,road_1_2_3_0,0.03462042659521103,2
2900,0,road_1_2_3_1,0.019718248397111893,1
2900,0,road_2_1_2_0,-0.01686209812760353,0
2900,0,road_2_1_2_1,0.05521760880947113,3
2900,0,road_1_0_1_0,0.023144830018281937,1
2900,0,road_1_0_1_1,0.005710271652787924,1
2900,0,road_0_1_0_0,-0.0014405854744836688,0
2900,0,road_0_1_0_1,0.04763248935341835,3
2910,0,road_1_2_3_0,0.0027451179921627045,1
2910,0,road_1_2_3_1,0.0027533061802387238,1
2910,0,road_2_1_2_0,-0.01984533667564392,0
2910,0,road_2_1_2_1,0.022440612316131592,4
2910,0,road_1_0_1_0,0.002923931460827589,1
2910,0,road_1_0_1_1,0.0012331041507422924,1
2910,0,road_0_1_0_0,-0.0006516553112305701,0
2910,0,road_0_1_0_1,0.02457074634730816,4
2920,0,road_1_2_3_0,0.004503929056227207,1
2920,0,road_1_2_3_1,0.0045173801481723785,1
2920,0,road_2_1_2_0,-0.0739048644900322,0
2920,0,road_2_1_2_1,0.02273087203502655,3
2920,0,road_1_0_1_0,0.004797325003892183,1
2920,0,road_1_0_1_1,0.0020231546368449926,1
2920,0,road_0_1_0_0,-0.0010467880638316274,0
2920,0,road_0_1_0_1,0.04143529012799263,5
2930,0,road_1_2_3_0,0.011241368018090725,1
2930,0,road_1_2_3_1,0.007866565138101578,1
2930,0,road_2_1_2_0,0.1310037523508072,7
2930,0,road_2_1_2_1,0.02397293411195278,1
2930,0,road_1_0_1_0,0.011507670395076275,1
2930,0,road_1_0_1_1,0.006467077415436506,1
2930,0,road_0_1_0_0,-0.004128136672079563,0
2930,0,road_0_1_0_1,-0.022849706932902336,0
2940,0,road_1_2_3_0,0.009784847497940063,1
2940,0,road_1_2_3_1,0.005694201681762934,1
2940,0,road_2_1_2_0,-0.15611116588115692,0
2940,0,road_2_1_2_1,0.024215102195739746,3
2940,0,road_1_0_1_0,0.009784847497940063,1
2940,0,road_1_0_1_1,0.005694201681762934,1
2940,0,road_0_1_0_0,-0.003979742527008057,0
2940,0,road_0_1_0_1,0.02588655613362789,3
2950,0,road_1_2_3_0,0.009219875559210777,1
2950,0,road_1_2_3_1,0.006036604288965464,1
2950,0,road_2_1_2_0,0.04683147743344307,5
2950,0,road_2_1_2_1,0.0248700063675642,2
2950,0,road_1_0_1_0,0.01028502732515335,1
2950,0,road_1_0_1_1,0.005012164358049631,1
2950,0,road_0_1_0_0,-0.005255685653537512,0
2950,0,road_0_1_0_1,-0.10896171629428864,0
2960,0,road_1_2_3_0,0.02340061590075493,1
2960,0,road_1_2_3_1,0.024239348247647285,1
2960,0,road_2_1_2_0,-0.05504974350333214,0
2960,0,road_2_1_2_1,0.031870171427726746,1
2960,0,road_1_0_1_0,0.027876248583197594,1
2960,0,road_1_0_1_1,0.016359543427824974,1
2960,0,road_0_1_0_0,-0.06350263208150864,0
2960,0,road_0_1_0_1,0.09703607112169266,4
2970,0,road_1_2_3_0,0.03809870406985283,1
2970,0,road_1_2_3_1,0.05080251395702362,2
2970,0,road_2_1_2_0,-0.02586771361529827,0
2970,0,road_2_1_2_1,0.05858001112937927,2
2970,0,road_1_0_1_0,0.05842476710677147,2
2970,0,road_1_0_1_1,0.030786940827965736,1
2970,0,road_0_1_0_0,-0.2367439717054367,0
2970,0,road_0_1_0_1,0.031964510679244995,1
2980,0,road_1_2_3_0,0.019928928464651108,1
2980,0,road_1_2_3_1,0.02657407708466053,1
2980,0,road_2_1_2_0,-0.04882754758000374,0
2980,0,road_2_1_2_1,0.10674194246530533,5
2980,0,road_1_0_1_0,0.03056127391755581,2
2980,0,road_1_0_1_1,0.016104239970445633,1
2980,0,road_0_1_0_0,-0.06627295911312103,0
2980,0,road_0_1_0_1,0.0019702052231878042,1
2990,0,road_1_2_3_0,0.021687394008040428,1
2990,0,road_1_2_3_1,0.045578259974718094,2
2990,0,road_2_1_2_0,-0.13014350831508636,0
2990,0,road_2_1_2_1,0.03794267773628235,2
2990,0,road_1_0_1_0,0.05211185663938522,3
2990,0,road_1_0_1_1,0.035978030413389206,2
2990,0,road_0_1_0_0,-0.016418708488345146,0
2990,0,road_0_1_0_1,0.004805019591003656,1
3000,0,road_1_2_3_0,0.012646472081542015,1
3000,0,road_1_2_3_1,0.046122483909130096,3
3000,0,road_2_1_2_0,-0.2341819405555725,0
3000,0,road_2_1_2_1,0.00954411644488573,1
3000,0,road_1_0_1_0,0.039738088846206665,2
3000,0,road_1_0_1_1,0.03529118001461029,2
3000,0,road_0_1_0_0,-0.08865794539451599,0
3000,0,road_0_1_0_1,0.02790231443941593,2
3010,0,road_1_2_3_0,-0.007557401899248362,0
3010,0,road_1_2_3_1,0.06615054607391357,3
3010,0,road_2_1_2_0,0.0478002205491066,2
3010,0,road_2_1_2_1,0.001064028823748231,1
3010,0,road_1_0_1_0,-0.027484716847538948,0
3010,0,road_1_0_1_1,0.047967731952667236,2
3010,0,road_0_1_0_0,0.0368984192609787,2
3010,0,road_0_1_0_1,0.043167922645807266,2
3020,0,road_1_2_3_0,-0.0022124152164906263,0
3020,0,road_1_2_3_1,0.044761329889297485,5
3020,0,road_2_1_2_0,0.005120723508298397,1
3020,0,road_2_1_2_1,0.0012260866351425648,1
3020,0,road_1_0_1_0,-0.03600558266043663,0
3020,0,road_1_0_1_1,0.02389589324593544,3
3020,0,road_0_1_0_0,0.0015709673753008246,1
3020,0,road_0_1_0_1,0.008205599151551723,1
3030,0,road_1_2_3_0,-0.004868623800575733,0
3030,0,road_1_2_3_1,0.0620192214846611,6
3030,0,road_2_1_2_0,0.007462659850716591,1
3030,0,road_2_1_2_1,0.0014961421256884933,1
3030,0,road_1_0_1_0,-0.08681516349315643,0
3030,0,road_1_0_1_1,0.02534513734281063,2
3030,0,road_0_1_0_0,0.0011638208525255322,1
3030,0,road_0_1_0_1,0.01193989161401987,1
3040,0,road_1_2_3_0,-0.014599602669477463,0
3040,0,road_1_2_3_1,0.052281495183706284,5
3040,0,road_2_1_2_0,0.006916357669979334,1
3040,0,road_2_1_2_1,0.0013866772642359138,1
3040,0,road_1_0_1_0,-0.06124193221330643,0
3040,0,road_1_0_1_1,0.028435397893190384,3
3040,0,road_0_1_0_0,0.0010787183418869972,1
3040,0,road_0_1_0_1,0.011065829545259476,1
3050,0,road_1_2_3_0,-0.10509086400270462,0
3050,0,road_1_2_3_1,0.05911759287118912,4
3050,0,road_2_1_2_0,0.014854241162538528,1
3050,0,road_2_1_2_1,0.0027957584243267775,1
3050,0,road_1_0_1_0,-0.09491326659917831,0
3050,0,road_1_0_1_1,0.053970854729413986,3
3050,0,road_0_1_0_0,0.0015962048200890422,1
3050,0,road_0_1_0_1,0.02375456690788269,2
3060,0,road_1_2_3_0,0.1021808460354805,4
3060,0,road_1_2_3_1,0.0742092952132225,3
3060,0,road_2_1_2_0,0.037948254495859146,1
3060,0,road_2_1_2_1,0.006789941806346178,1
3060,0,road_1_0_1_0,-0.2042081654071808,0
3060,0,road_1_0_1_1,-0.0821244865655899,0
3060,0,road_0_1_0_0,0.0027267239056527615,1
3060,0,road_0_1_0_1,0.060663800686597824,2
3070,0,road_1_2_3_0,0.03637392446398735,1
3070,0,road_1_2_3_1,0.10135939717292786,3
3070,0,road_2_1_2_0,0.08515593409538269,3
3070,0,road_2_1_2_1,0.020979614928364754,1
3070,0,road_1_0_1_0,-0.15208500623703003,0
3070,0,road_1_0_1_1,-0.09203369915485382,0
3070,0,road_0_1_0_0,0.004521678667515516,1
3070,0,road_0_1_0_1,0.06629430502653122,2
3080,0,road_1_2_3_0,0.00523173063993454,1
3080,0,road_1_2_3_1,0.0323101244866848,2
3080,0,road_2_1_2_0,0.09135328978300095,4
3080,0,road_2_1_2_1,0.024288222193717957,1
3080,0,road_1_0_1_0,-0.13972201943397522,0
3080,0,road_1_0_1_1,-0.18419583141803741,0
3080,0,road_0_1_0_0,0.0016408800147473812,1
3080,0,road_0_1_0_1,0.05425890535116196,3
3090,0,road_1_2_3_0,0.010999481193721294,1
3090,0,road_1_2_3_1,0.010999481193721294,1
3090,0,road_2_1_2_0,-0.1680465042591095,0
3090,0,road_2_1_2_1,0.012567826546728611,1
3090,0,road_1_0_1_0,0.02355370484292507,1
3090,0,road_1_0_1_1,0.02355370484292507,1
3090,0,road_0_1_0_0,-0.0009362351847812533,0
3090,0,road_0_1_0_1,0.08996785432100296,5
3100,0,road_1_2_3_0,0.013095421716570854,1
3100,0,road_1_2_3_1,0.010249662213027477,1
3100,0,road_2_1_2_0,-0.052040234208106995,0
3100,0,road_2_1_2_1,0.006893855053931475,1
3100,0,road_1_0_1_0,0.017164750024676323,1
3100,0,road_1_0_1_1,0.02757185697555542,2
3100,0,road_0_1_0_0,-0.002694339258596301,0
3100,0,road_0_1_0_1,0.05070691183209419,4
3110,0,road_1_2_3_0,0.01739903911948204,1
3110,0,road_1_2_3_1,0.010413456708192825,1
3110,0,road_2_1_2_0,-0.06673599034547806,0
3110,0,road_2_1_2_1,0.012176469899713993,1
3110,0,road_1_0_1_0,0.011298641562461853,1
3110,0,road_1_0_1_1,0.029012931510806084,2
3110,0,road_0_1_0_0,-0.004058084916323423,0
3110,0,road_0_1_0_1,0.0771767720580101,5
3120,0,road_1_2_3_0,0.0278396625071764,1
3120,0,road_1_2_3_1,0.015908749774098396,1
3120,0,road_2_1_2_0,-0.08339162915945053,0
3120,0,road_2_1_2_1,0.013794361613690853,1
3120,0,road_1_0_1_0,0.009971345774829388,1
3120,0,road_1_0_1_1,0.02913500927388668,1
3120,0,road_0_1_0_0,-0.0110717648640275,0
3120,0,road_0_1_0_1,0.10067787766456604,5
3130,0,road_1_2_3_0,0.03414633870124817,2
3130,0,road_1_2_3_1,0.022072231397032738,1
3130,0,road_2_1_2_0,-0.059703096747398376,0
3130,0,road_2_1_2_1,0.0059990123845636845,1
3130,0,road_1_0_1_0,0.0059114741161465645,1
3130,0,road_1_0_1_1,0.034146323800086975,2
3130,0,road_0_1_0_0,-0.03331604227423668,0
3130,0,road_0_1_0_1,0.052467815577983856,3
3140,0,road_1_2_3_0,0.011921956203877926,1
3140,0,road_1_2_3_1,0.02697550319135189,2
3140,0,road_2_1_2_0,-0.09425591677427292,0
3140,0,road_2_1_2_1,0.02322179451584816,2
3140,0,road_1_0_1_0,0.002184290671721101,1
3140,0,road_1_0_1_1,0.03257947415113449,3
3140,0,road_0_1_0_0,-0.10444529354572296,0
3140,0,road_0_1_0_1,0.021944234147667885,2
3150,0,road_1_2_3_0,-0.03384298086166382,0
3150,0,road_1_2_3_1,0.04191552847623825,1
3150,0,road_2_1_2_0,0.0896444171667099,3
3150,0,road_2_1_2_1,0.03531664237380028,1
3150,0,road_1_0_1_0,-0.004587240982800722,0
3150,0,road_1_0_1_1,0.054188501089811325,2
3150,0,road_0_1_0_0,0.0879603922367096,3
3150,0,road_0_1_0_1,0.024227825924754143,1
3160,0,road_1_2_3_0,-0.03413359075784683,0
3160,0,road_1_2_3_1,0.05574937164783478,2
3160,0,road_2_1_2_0,0.031425245106220245,1
3160,0,road_2_1_2_1,0.0231170691549778,1
3160,0,road_1_0_1_0,-0.0033910772763192654,0
3160,0,road_1_0_1_1,0.06775331497192383,3
3160,0,road_0_1_0_0,0.031425245106220245,1
3160,0,road_0_1_0_1,0.023117071017622948,1
3170,0,road_1_2_3_0,-0.034880757331848145,0
3170,0,road_1_2_3_1,0.023233743384480476,3
3170,0,road_2_1_2_0,0.005628571845591068,1
3170,0,road_2_1_2_1,0.004900445230305195,1
3170,0,road_1_0_1_0,-0.0013099141651764512,0
3170,0,road_1_0_1_1,0.03292195126414299,4
3170,0,road_0_1_0_0,0.005895301699638367,1
3170,0,road_0_1_0_1,0.006473057437688112,1
3180,0,road_1_2_3_0,-0.0490749254822731,0
3180,0,road_1_2_3_1,0.02203100174665451,2
3180,0,road_2_1_2_0,0.009052998386323452,1
3180,0,road_2_1_2_1,0.007244205102324486,1
3180,0,road_1_0_1_0,-0.002817356027662754,0
3180,0,road_1_0_1_1,0.04313018172979355,4
3180,0,road_0_1_0_0,0.007171047851443291,1
3180,0,road_0_1_0_1,0.010890869423747063,1
3190,0,road_1_2_3_0,-0.10053807497024536,0
3190,0,road_1_2_3_1,0.01962176337838173,2
3190,0,road_2_1_2_0,0.013626991771161556,1
3190,0,road_2_1_2_1,0.009518567472696304,1
3190,0,road_1_0_1_0,-0.006786389276385307,0
3190,0,road_1_0_1_1,0.057102493941783905,5
3190,0,road_0_1_0_0,0.005737737752497196,1
3190,0,road_0_1_0_1,0.01639333926141262,1
3200,0,road_1_2_3_0,-0.14391987025737762,0
3200,0,road_1_2_3_1,0.020122461020946503,1
3200,0,road_2_1_2_0,0.017749112099409103,1
3200,0,road_2_1_2_1,0.011367742903530598,1
3200,0,road_1_0_1_0,-0.012773461639881134,0
3200,0,road_1_0_1_1,0.0663679912686348,5
3200,0,road_0_1_0_0,0.004073599353432655,1
3200,0,road_0_1_0_1,0.02135227620601654,2
3210,0,road_1_2_3_0,-0.10634208470582962,0
3210,0,road_1_2_3_1,0.02401443012058735,2
3210,0,road_2_1_2_0,0.017237979918718338,1
3210,0,road_2_1_2_1,0.011040403507649899,1
3210,0,road_1_0_1_0,-0.058345574885606766,0
3210,0,road_1_0_1_1,0.05502266064286232,4
3210,0,road_0_1_0_0,0.003956293687224388,1
3210,0,road_0_1_0_1,0.02073739841580391,2
3220,0,road_1_2_3_0,-0.08985846489667892,0
3220,0,road_1_2_3_1,0.033752888441085815,2
3220,0,road_2_1_2_0,0.024147314950823784,2
3220,0,road_2_1_2_1,0.016091840341687202,1
3220,0,road_1_0_1_0,-0.10185561329126358,0
3220,0,road_1_0_1_1,0.04239259660243988,3
3220,0,road_0_1_0_0,0.005766503047198057,1
3220,0,road_0_1_0_1,0.024147244170308113,2
3230,0,road_1_2_3_0,-0.16446621716022491,0
3230,0,road_1_2_3_1,-0.087230384349823,0
3230,0,road_2_1_2_0,0.03701355680823326,2
3230,0,road_2_1_2_1,0.03237118571996689,1
3230,0,road_1_0_1_0,0.0777156874537468,4
3230,0,road_1_0_1_1,0.034196529537439346,2
3230,0,road_0_1_0_0,0.006376374512910843,1
3230,0,road_0_1_0_1,0.032018158584833145,1
3240,0,road_1_2_3_0,0.03186449781060219,2
3240,0,road_1_2_3_1,0.024348611012101173,1
3240,0,road_2_1_2_0,-0.03346309810876846,0
3240,0,road_2_1_2_1,0.051843930035829544,3
3240,0,road_1_0_1_0,0.011022889986634254,1
3240,0,road_1_0_1_1,0.030953150242567062,2
3240,0,road_0_1_0_0,-0.00593193294480443,0
3240,0,road_0_1_0_1,0.04934409260749817,2
3250,0,road_1_2_3_0,0.006281866226345301,1
3250,0,road_1_2_3_1,0.007873290218412876,1
3250,0,road_2_1_2_0,0.012972583062946796,2
3250,0,road_2_1_2_1,0.0233948715031147,4
3250,0,road_1_0_1_0,0.0042738160118460655,1
3250,0,road_1_0_1_1,0.010418379679322243,2
3250,0,road_0_1_0_0,-0.002420273842290044,0
3250,0,road_0_1_0_1,-0.1188158318400383,0
3260,0,road_1_2_3_0,0.011256532743573189,1
3260,0,road_1_2_3_1,0.01361337024718523,1
3260,0,road_2_1_2_0,-0.011102704331278801,0
3260,0,road_2_1_2_1,0.02267066203057766,1
3260,0,road_1_0_1_0,0.009442109614610672,1
3260,0,road_1_0_1_1,0.01939983293414116,1
3260,0,road_0_1_0_0,-0.004496582318097353,0
3260,0,road_0_1_0_1,0.09365706145763397,6
3270,0,road_1_2_3_0,0.015718990936875343,1
3270,0,road_1_2_3_1,0.016062092036008835,1
3270,0,road_2_1_2_0,-0.023418603464961052,0
3270,0,road_2_1_2_1,0.02254672534763813,1
3270,0,road_1_0_1_0,0.016225967556238174,1
3270,0,road_1_0_1_1,0.022484272718429565,1
3270,0,road_0_1_0_0,-0.008754391223192215,0
3270,0,road_0_1_0_1,0.060815077275037766,4
3280,0,road_1_2_3_0,0.019166987389326096,1
3280,0,road_1_2_3_1,0.015620792284607887,1
3280,0,road_2_1_2_0,-0.015728531405329704,0
3280,0,road_2_1_2_1,0.023603159934282303,1
3280,0,road_1_0_1_0,0.018130574375391006,1
3280,0,road_1_0_1_1,0.021914610639214516,1
3280,0,road_0_1_0_0,-0.030478347092866898,0
3280,0,road_0_1_0_1,0.07600191980600357,4
3290,0,road_1_2_3_0,0.0271071158349514,2
3290,0,road_1_2_3_1,0.020311394706368446,1
3290,0,road_2_1_2_0,-0.012261005118489265,0
3290,0,road_2_1_2_1,0.0268548671156168,2
3290,0,road_1_0_1_0,0.023480642586946487,1
3290,0,road_1_0_1_1,0.02683328092098236,2
3290,0,road_0_1_0_0,-0.0920795202255249,0
3290,0,road_0_1_0_1,0.044602371752262115,3
3300,0,road_1_2_3_0,0.018864579498767853,2
3300,0,road_1_2_3_1,0.013725071214139462,1
3300,0,road_2_1_2_0,-0.00966174341738224,0
3300,0,road_2_1_2_1,0.03952658548951149,4
3300,0,road_1_0_1_0,0.01372506283223629,1
3300,0,road_1_0_1_1,0.0037222292739897966,1
3300,0,road_0_1_0_0,-0.13431201875209808,0
3300,0,road_0_1_0_1,0.015745198354125023,1
3310,0,road_1_2_3_0,0.03142040595412254,2
3310,0,road_1_2_3_1,0.025257568806409836,2
3310,0,road_2_1_2_0,-0.0946274846792221,0
3310,0,road_2_1_2_1,0.04885851964354515,4
3310,0,road_1_0_1_0,0.005416948813945055,1
3310,0,road_1_0_1_1,0.005954629275947809,1
3310,0,road_0_1_0_0,-0.25533607602119446,0
3310,0,road_0_1_0_1,0.016689497977495193,1
3320,0,road_1_2_3_0,0.051706910133361816,2
3320,0,road_1_2_3_1,0.020188309252262115,1
3320,0,road_2_1_2_0,0.08255189657211304,3
3320,0,road_2_1_2_1,0.05223044380545616,2
3320,0,road_1_0_1_0,-0.03388616070151329,0
3320,0,road_1_0_1_1,-0.04194037616252899,0
3320,0,road_0_1_0_0,0.02379603683948517,1
3320,0,road_0_1_0_1,0.025925077497959137,1
3330,0,road_1_2_3_0,0.06500889360904694,5
3330,0,road_1_2_3_1,0.02277815155684948,2
3330,0,road_2_1_2_0,0.0158070158213377,1
3330,0,road_2_1_2_1,0.0020686390344053507,1
3330,0,road_1_0_1_0,-0.013479873538017273,0
3330,0,road_1_0_1_1,-0.03517082333564758,0
3330,0,road_0_1_0_0,0.00391403678804636,1
3330,0,road_0_1_0_1,0.022955238819122314,2
3340,0,road_1_2_3_0,-0.11579038202762604,0
3340,0,road_1_2_3_1,0.010010684840381145,2
3340,0,road_2_1_2_0,0.004859680309891701,1
3340,0,road_2_1_2_1,0.0011512116761878133,1
3340,0,road_1_0_1_0,-0.004608679097145796,0
3340,0,road_1_0_1_1,0.031829286366701126,6
3340,0,road_0_1_0_0,0.0005714308354072273,1
3340,0,road_0_1_0_1,0.007749203126877546,1
3350,0,road_1_2_3_0,0.14460308849811554,8
3350,0,road_1_2_3_1,0.006492228712886572,1
3350,0,road_2_1_2_0,0.007125816773623228,1
3350,0,road_2_1_2_1,0.0016115314792841673,1
3350,0,road_1_0_1_0,-0.010481351986527443,0
3350,0,road_1_0_1_1,-0.0339338481426239,0
3350,0,road_0_1_0_0,0.0023253404069691896,1
3350,0,road_0_1_0_1,0.011356904171407223,1
3360,0,road_1_2_3_0,-0.16135545074939728,0
3360,0,road_1_2_3_1,0.00765165826305747,1
3360,0,road_2_1_2_0,0.007663397584110498,1
3360,0,road_2_1_2_1,0.0015549666713923216,1
3360,0,road_1_0_1_0,-0.04856759309768677,0
3360,0,road_1_0_1_1,0.036659207195043564,5
3360,0,road_0_1_0_0,0.0012761654797941446,1
3360,0,road_0_1_0_1,0.012200127355754375,2
3370,0,road_1_2_3_0,0.014801478013396263,2
3370,0,road_1_2_3_1,0.02734348177909851,4
3370,0,road_2_1_2_0,0.006765809375792742,1
3370,0,road_2_1_2_1,0.0013235572259873152,1
3370,0,road_1_0_1_0,-0.08510857075452805,0
3370,0,road_1_0_1_1,-0.061344247311353683,0
3370,0,road_0_1_0_0,0.0007808725931681693,1
3370,0,road_0_1_0_1,0.010767517611384392,2
3380,0,road_1_2_3_0,0.02502729929983616,3
3380,0,road_1_2_3_1,0.03577057644724846,4
3380,0,road_2_1_2_0,0.01282922551035881,1
3380,0,road_2_1_2_1,0.0023851655423641205,1
3380,0,road_1_0_1_0,-0.1662200391292572,0
3380,0,road_1_0_1_1,-0.12697814404964447,0
3380,0,road_0_1_0_0,0.0006508329533971846,1
3380,0,road_0_1_0_1,0.020407648757100105,2
3390,0,road_1_2_3_0,-0.00787358172237873,0
3390,0,road_1_2_3_1,-0.06267502903938293,0
3390,0,road_2_1_2_0,0.014336795546114445,1
3390,0,road_2_1_2_1,0.0032512217294424772,1
3390,0,road_1_0_1_0,0.03346739336848259,2
3390,0,road_1_0_1_1,0.07974022626876831,5
3390,0,road_0_1_0_0,0.0005397569620981812,1
3390,0,road_0_1_0_1,0.01987917721271515,1
3400,0,road_1_2_3_0,-0.002962072379887104,0
3400,0,road_1_2_3_1,0.09739323705434799,4
3400,0,road_2_1_2_0,0.025735609233379364,1
3400,0,road_2_1_2_1,0.010384327732026577,1
3400,0,road_1_0_1_0,-0.025944111868739128,0
3400,0,road_1_0_1_1,0.04518647864460945,2
3400,0,road_0_1_0_0,0.0008432865142822266,1
3400,0,road_0_1_0_1,0.04848230630159378,2
3410,0,road_1_2_3_0,-0.0020044329576194286,0
3410,0,road_1_2_3_1,0.053150925785303116,5
3410,0,road_2_1_2_0,0.0157451331615448,1
3410,0,road_2_1_2_1,0.006910450290888548,1
3410,0,road_1_0_1_0,-0.016722720116376877,0
3410,0,road_1_0_1_1,0.00973204243928194,1
3410,0,road_0_1_0_0,0.0001294361281907186,1
3410,0,road_0_1_0_1,0.026672884821891785,2
3420,0,road_1_2_3_0,-0.008847272954881191,0
3420,0,road_1_2_3_1,0.04718263819813728,4
3420,0,road_2_1_2_0,0.026743164286017418,2
3420,0,road_2_1_2_1,0.013728069141507149,1
3420,0,road_1_0_1_0,-0.02078947424888611,0
3420,0,road_1_0_1_1,0.009887484833598137,1
3420,0,road_0_1_0_0,6.881714944029227e-05,1
3420,0,road_0_1_0_1,0.02661224640905857,2
3430,0,road_1_2_3_0,-0.057294812053442,0
3430,0,road_1_2_3_1,0.02034713886678219,2
3430,0,road_2_1_2_0,0.01833498291671276,2
3430,0,road_2_1_2_1,0.014190800487995148,1
3430,0,road_1_0_1_0,-0.0649426057934761,0
3430,0,road_1_0_1_1,0.024834077805280685,3
3430,0,road_0_1_0_0,-0.0002083754079649225,0
3430,0,road_0_1_0_1,0.021195586770772934,2
3440,0,road_1_2_3_0,0.09043661504983902,3
3440,0,road_1_2_3_1,0.020077655091881752,1
3440,0,road_2_1_2_0,-0.018443621695041656,0
3440,0,road_2_1_2_1,0.03113396093249321,1
3440,0,road_1_0_1_0,0.08317669481039047,3
3440,0,road_1_0_1_1,0.027596881613135338,1
3440,0,road_0_1_0_0,-0.0002829252916853875,0
3440,0,road_0_1_0_1,0.05100979283452034,2
3450,0,road_1_2_3_0,0.018796412274241447,1
3450,0,road_1_2_3_1,0.006747453473508358,1
3450,0,road_2_1_2_0,-0.03581919148564339,0
3450,0,road_2_1_2_1,0.041735727339982986,2
3450,0,road_1_0_1_0,0.0327785387635231,2
3450,0,road_1_0_1_1,0.027353227138519287,1
3450,0,road_0_1_0_0,-0.0005183572648093104,0
3450,0,road_0_1_0_1,0.06373462826013565,3
3460,0,road_1_2_3_0,0.0030908994376659393,1
3460,0,road_1_2_3_1,0.0009611411369405687,1
3460,0,road_2_1_2_0,-0.040646277368068695,0
3460,0,road_2_1_2_1,0.015466156415641308,3
3460,0,road_1_0_1_0,0.0019262208370491862,1
3460,0,road_1_0_1_1,0.004966899286955595,1
3460,0,road_0_1_0_0,-0.00028104527154937387,0
3460,0,road_0_1_0_1,0.02732127346098423,5
3470,0,road_1_2_3_0,0.006948278751224279,1
3470,0,road_1_2_3_1,0.0018064233008772135,1
3470,0,road_2_1_2_0,-0.08064327389001846,0
3470,0,road_2_1_2_1,0.01951223984360695,3
3470,0,road_1_0_1_0,0.0007680141134187579,1
3470,0,road_1_0_1_1,0.00763305788859725,1
3470,0,road_0_1_0_0,-0.0008683627820573747,0
3470,0,road_0_1_0_1,0.019239909946918488,3
3480,0,road_1_2_3_0,0.011202000081539154,1
3480,0,road_1_2_3_1,0.002276511862874031,1
3480,0,road_2_1_2_0,0.14072991907596588,7
3480,0,road_2_1_2_1,0.023846076801419258,1
3480,0,road_1_0_1_0,0.001766546512953937,1
3480,0,road_1_0_1_1,0.012347250245511532,1
3480,0,road_0_1_0_0,-0.0029813149012625217,0
3480,0,road_0_1_0_1,-0.03482408449053764,0
3490,0,road_1_2_3_0,0.01471657957881689,1
3490,0,road_1_2_3_1,0.00299075897783041,1
3490,0,road_2_1_2_0,0.08966170251369476,6
3490,0,road_2_1_2_1,0.025976810604333878,2
3490,0,road_1_0_1_0,0.0023207173217087984,1
3490,0,road_1_0_1_1,0.01622116193175316,1
3490,0,road_0_1_0_0,-0.008925255388021469,0
3490,0,road_0_1_0_1,-0.01742229051887989,0
3500,0,road_1_2_3_0,0.028395120054483414,2
3500,0,road_1_2_3_1,0.007045729085803032,1
3500,0,road_2_1_2_0,0.03982166200876236,3
3500,0,road_2_1_2_1,0.02421121671795845,2
3500,0,road_1_0_1_0,0.0028971985448151827,1
3500,0,road_1_0_1_1,0.018120182678103447,2
3500,0,road_0_1_0_0,-0.010803497396409512,0
3500,0,road_0_1_0_1,-0.013628841377794743,0
3510,0,road_1_2_3_0,0.012014084495604038,2
3510,0,road_1_2_3_1,0.005542633589357138,1
3510,0,road_2_1_2_0,0.01245800033211708,2
3510,0,road_2_1_2_1,0.025259103626012802,4
3510,0,road_1_0_1_0,0.0016036309534683824,1
3510,0,road_1_0_1_1,0.008519957773387432,1
3510,0,road_0_1_0_0,-0.009688700549304485,0
3510,0,road_0_1_0_1,-0.03090142272412777,0
3520,0,road_1_2_3_0,0.012364158406853676,1
3520,0,road_1_2_3_1,0.014847593382000923,1
3520,0,road_2_1_2_0,0.06267434358596802,5
3520,0,road_2_1_2_1,0.01905781216919422,1
3520,0,road_1_0_1_0,0.00432173116132617,1
3520,0,road_1_0_1_1,0.017897654324769974,1
3520,0,road_0_1_0_0,-0.011571898125112057,0
3520,0,road_0_1_0_1,-0.1570119559764862,0
3530,0,road_1_2_3_0,-0.013715753331780434,0
3530,0,road_1_2_3_1,0.03792828693985939,1
3530,0,road_2_1_2_0,0.10125730186700821,3
3530,0,road_2_1_2_1,0.012320507317781448,1
3530,0,road_1_0_1_0,-0.011987454257905483,0
3530,0,road_1_0_1_1,0.03622524067759514,1
3530,0,road_0_1_0_0,0.030015233904123306,1
3530,0,road_0_1_0_1,0.07302424311637878,3
3540,0,road_1_2_3_0,-0.006406538654118776,0
3540,0,road_1_2_3_1,0.03594785928726196,1
3540,0,road_2_1_2_0,0.08060841262340546,3
3540,0,road_2_1_2_1,0.013763843104243279,1
3540,0,road_1_0_1_0,-0.005411652382463217,0
3540,0,road_1_0_1_1,0.029812125489115715,1
3540,0,road_0_1_0_0,0.056126173585653305,2
3540,0,road_0_1_0_1,0.05854854732751846,2
3550,0,road_1_2_3_0,0.004181315191090107,1
3550,0,road_1_2_3_1,0.05047985166311264,2
3550,0,road_2_1_2_0,0.03562922403216362,2
3550,0,road_2_1_2_1,0.01231936365365982,1
3550,0,road_1_0_1_0,0.0036706312093883753,1
3550,0,road_1_0_1_1,0.041787538677453995,2
3550,0,road_0_1_0_0,0.031102268025279045,1
3550,0,road_0_1_0_1,0.029649941250681877,1
3560,0,road_1_2_3_0,-0.0008622044115327299,0
3560,0,road_1_2_3_1,0.02095615118741989,4
3560,0,road_2_1_2_0,0.003234692383557558,1
3560,0,road_2_1_2_1,0.0014814663445577025,1
3560,0,road_1_0_1_0,-0.0013443169882521033,0
3560,0,road_1_0_1_1,0.016535205766558647,4
3560,0,road_0_1_0_0,0.0014087127055972815,1
3560,0,road_0_1_0_1,0.0032346914522349834,1
3570,0,road_1_2_3_0,-0.002051627729088068,0
3570,0,road_1_2_3_1,0.02386665716767311,5
3570,0,road_2_1_2_0,0.003664076793938875,1
3570,0,road_2_1_2_1,0.0016779550351202488,1
3570,0,road_1_0_1_0,-0.004446048755198717,0
3570,0,road_1_0_1_1,0.017855888232588768,3
3570,0,road_0_1_0_0,0.0015955619746819139,1
3570,0,road_0_1_0_1,0.0036640723701566458,1
3580,0,road_1_2_3_0,-0.031116511672735214,0
3580,0,road_1_2_3_1,0.04553970322012901,4
3580,0,road_2_1_2_0,0.018637049943208694,2
3580,0,road_2_1_2_1,0.005917195230722427,1
3580,0,road_1_0_1_0,-0.04786757752299309,0
3580,0,road_1_0_1_1,0.02651057578623295,2
3580,0,road_0_1_0_0,0.004869523458182812,1
3580,0,road_0_1_0_1,0.01137885544449091,1
3590,0,road_1_2_3_0,0.11431828141212463,3
3590,0,road_1_2_3_1,0.053014155477285385,1
3590,0,road_2_1_2_0,-0.11358682066202164,0
3590,0,road_2_1_2_1,0.043952662497758865,1
3590,0,road_1_0_1_0,0.10144601762294769,3
3590,0,road_1_0_1_1,0.036766763776540756,1
3590,0,road_0_1_0_0,-0.03755057603120804,0
3590,0,road_0_1_0_1,0.027740880846977234,1
