time,tls_id,controlled_lanes,state
0,intersection_1_1,road_1_2_3_0;road_1_2_3_0;road_1_2_3_0;road_1_2_3_1;road_1_2_3_1;road_1_2_3_1;road_1_2_3_2;road_1_2_3_2;road_1_2_3_2;road_2_1_2_0;road_2_1_2_0;road_2_1_2_0;road_2_1_2_1;road_2_1_2_1;road_2_1_2_1;road_2_1_2_2;road_2_1_2_2;road_2_1_2_2;road_1_0_1_0;road_1_0_1_0;road_1_0_1_0;road_1_0_1_1;road_1_0_1_1;road_1_0_1_1;road_1_0_1_2;road_1_0_1_2;road_1_0_1_2;road_0_1_0_0;road_0_1_0_0;road_0_1_0_0;road_0_1_0_1;road_0_1_0_1;road_0_1_0_1;road_0_1_0_2;road_0_1_0_2;road_0_1_0_2,GGGrrrrrrGGGGGGrrrGGGrrrrrrGGGGGGrrr
0,intersection_1_2,road_1_3_3_0;road_1_3_3_0;road_1_3_3_0;road_1_3_3_1;road_1_3_3_1;road_1_3_3_1;road_1_3_3_2;road_1_3_3_2;road_1_3_3_2;road_2_2_2_0;road_2_2_2_0;road_2_2_2_0;road_2_2_2_1;road_2_2_2_1;road_2_2_2_1;road_2_2_2_2;road_2_2_2_2;road_2_2_2_2;road_1_1_1_0;road_1_1_1_0;road_1_1_1_0;road_1_1_1_1;road_1_1_1_1;road_1_1_1_1;road_1_1_1_2;road_1_1_1_2;road_1_1_1_2;road_0_2_0_0;road_0_2_0_0;road_0_2_0_0;road_0_2_0_1;road_0_2_0_1;road_0_2_0_1;road_0_2_0_2;road_0_2_0_2;road_0_2_0_2,GGGrrrrrrGGGGGGrrrGGGrrrrrrGGGGGGrrr
0,intersection_1_3,road_1_4_3_0;road_1_4_3_0;road_1_4_3_0;road_1_4_3_1;road_1_4_3_1;road_1_4_3_1;road_1_4_3_2;road_1_4_3_2;road_1_4_3_2;road_2_3_2_0;road_2_3_2_0;road_2_3_2_0;road_2_3_2_1;road_2_3_2_1;road_2_3_2_1;road_2_3_2_2;road_2_3_2_2;road_2_3_2_2;road_1_2_1_0;road_1_2_1_0;road_1_2_1_0;road_1_2_1_1;road_1_2_1_1;road_1_2_1_1;road_1_2_1_2;road_1_2_1_2;road_1_2_1_2;road_0_3_0_0;road_0_3_0_0;road_0_3_0_0;road_0_3_0_1;road_0_3_0_1;road_0_3_0_1;road_0_3_0_2;road_0_3_0_2;road_0_3_0_2,GGGrrrrrrGGGGGGrrrGGGrrrrrrGGGGGGrrr
0,intersection_1_4,road_1_5_3_0;road_1_5_3_0;road_1_5_3_0;road_1_5_3_1;road_1_5_3_1;road_1_5_3_1;road_1_5_3_2;road_1_5_3_2;road_1_5_3_2;road_2_4_2_0;road_2_4_2_0;road_2_4_2_0;road_2_4_2_1;road_2_4_2_1;road_2_4_2_1;road_2_4_2_2;road_2_4_2_2;road_2_4_2_2;road_1_3_1_0;road_1_3_1_0;road_1_3_1_0;road_1_3_1_1;road_1_3_1_1;road_1_3_1_1;road_1_3_1_2;road_1_3_1_2;road_1_3_1_2;road_0_4_0_0;road_0_4_0_0;road_0_4_0_0;road_0_4_0_1;road_0_4_0_1;road_0_4_0_1;road_0_4_0_2;road_0_4_0_2;road_0_4_0_2,GGGrrrrrrGGGGGGrrrGGGrrrrrrGGGGGGrrr
0,intersection_2_1,road_2_2_3_0;road_2_2_3_0;road_2_2_3_0;road_2_2_3_1;road_2_2_3_1;road_2_2_3_1;road_2_2_3_2;road_2_2_3_2;road_2_2_3_2;road_3_1_2_0;road_3_1_2_0;road_3_1_2_0;road_3_1_2_1;road_3_1_2_1;road_3_1_2_1;road_3_1_2_2;road_3_1_2_2;road_3_1_2_2;road_2_0_1_0;road_2_0_1_0;road_2_0_1_0;road_2_0_1_1;road_2_0_1_1;road_2_0_1_1;road_2_0_1_2;road_2_0_1_2;road_2_0_1_2;road_1_1_0_0;road_1_1_0_0;road_1_1_0_0;road_1_1_0_1;road_1_1_0_1;road_1_1_0_1;road_1_1_0_2;road_1_1_0_2;road_1_1_0_2,GGGrrrrrrGGGGGGrrrGGGrrrrrrGGGGGGrrr
0,intersection_2_2,road_2_3_3_0;road_2_3_3_0;road_2_3_3_0;road_2_3_3_1;road_2_3_3_1;road_2_3_3_1;road_2_3_3_2;road_2_3_3_2;road_2_3_3_2;road_3_2_2_0;road_3_2_2_0;road_3_2_2_0;road_3_2_2_1;road_3_2_2_1;road_3_2_2_1;road_3_2_2_2;road_3_2_2_2;road_3_2_2_2;road_2_1_1_0;road_2_1_1_0;road_2_1_1_0;road_2_1_1_1;road_2_1_1_1;road_2_1_1_1;road_2_1_1_2;road_2_1_1_2;road_2_1_1_2;road_1_2_0_0;road_1_2_0_0;road_1_2_0_0;road_1_2_0_1;road_1_2_0_1;road_1_2_0_1;road_1_2_0_2;road_1_2_0_2;road_1_2_0_2,GGGrrrrrrGGGGGGrrrGGGrrrrrrGGGGGGrrr
0,intersection_2_3,road_2_4_3_0;road_2_4_3_0;road_2_4_3_0;road_2_4_3_1;road_2_4_3_1;road_2_4_3_1;road_2_4_3_2;road_2_4_3_2;road_2_4_3_2;road_3_3_2_0;road_3_3_2_0;road_3_3_2_0;road_3_3_2_1;road_3_3_2_1;road_3_3_2_1;road_3_3_2_2;road_3_3_2_2;road_3_3_2_2;road_2_2_1_0;road_2_2_1_0;road_2_2_1_0;road_2_2_1_1;road_2_2_1_1;road_2_2_1_1;road_2_2_1_2;road_2_2_1_2;road_2_2_1_2;road_1_3_0_0;road_1_3_0_0;road_1_3_0_0;road_1_3_0_1;road_1_3_0_1;road_1_3_0_1;road_1_3_0_2;road_1_3_0_2;road_1_3_0_2,GGGrrrrrrGGGGGGrrrGGGrrrrrrGGGGGGrrr
0,intersection_2_4,road_2_5_3_0;road_2_5_3_0;road_2_5_3_0;road_2_5_3_1;road_2_5_3_1;road_2_5_3_1;road_2_5_3_2;road_2_5_3_2;road_2_5_3_2;road_3_4_2_0;road_3_4_2_0;road_3_4_2_0;road_3_4_2_1;road_3_4_2_1;road_3_4_2_1;road_3_4_2_2;road_3_4_2_2;road_3_4_2_2;road_2_3_1_0;road_2_3_1_0;road_2_3_1_0;road_2_3_1_1;road_2_3_1_1;road_2_3_1_1;road_2_3_1_2;road_2_3_1_2;road_2_3_1_2;road_1_4_0_0;road_1_4_0_0;road_1_4_0_0;road_1_4_0_1;road_1_4_0_1;road_1_4_0_1;road_1_4_0_2;road_1_4_0_2;road_1_4_0_2,GGGrrrrrrGGGGGGrrrGGGrrrrrrGGGGGGrrr
0,intersection_3_1,road_3_2_3_0;road_3_2_3_0;road_3_2_3_0;road_3_2_3_1;road_3_2_3_1;road_3_2_3_1;road_3_2_3_2;road_3_2_3_2;road_3_2_3_2;road_4_1_2_0;road_4_1_2_0;road_4_1_2_0;road_4_1_2_1;road_4_1_2_1;road_4_1_2_1;road_4_1_2_2;road_4_1_2_2;road_4_1_2_2;road_3_0_1_0;road_3_0_1_0;road_3_0_1_0;road_3_0_1_1;road_3_0_1_1;road_3_0_1_1;road_3_0_1_2;road_3_0_1_2;road_3_0_1_2;road_2_1_0_0;road_2_1_0_0;road_2_1_0_0;road_2_1_0_1;road_2_1_0_1;road_2_1_0_1;road_2_1_0_2;road_2_1_0_2;road_2_1_0_2,GGGrrrrrrGGGGGGrrrGGGrrrrrrGGGGGGrrr
0,intersection_3_2,road_3_3_3_0;road_3_3_3_0;road_3_3_3_0;road_3_3_3_1;road_3_3_3_1;road_3_3_3_1;road_3_3_3_2;road_3_3_3_2;road_3_3_3_2;road_4_2_2_0;road_4_2_2_0;road_4_2_2_0;road_4_2_2_1;road_4_2_2_1;road_4_2_2_1;road_4_2_2_2;road_4_2_2_2;road_4_2_2_2;road_3_1_1_0;road_3_1_1_0;road_3_1_1_0;road_3_1_1_1;road_3_1_1_1;road_3_1_1_1;road_3_1_1_2;road_3_1_1_2;road_3_1_1_2;road_2_2_0_0;road_2_2_0_0;road_2_2_0_0;road_2_2_0_1;road_2_2_0_1;road_2_2_0_1;road_2_2_0_2;road_2_2_0_2;road_2_2_0_2,GGGrrrrrrGGGGGGrrrGGGrrrrrrGGGGGGrrr
0,intersection_3_3,road_3_4_3_0;road_3_4_3_0;road_3_4_3_0;road_3_4_3_1;road_3_4_3_1;road_3_4_3_1;road_3_4_3_2;road_3_4_3_2;road_3_4_3_2;road_4_3_2_0;road_4_3_2_0;road_4_3_2_0;road_4_3_2_1;road_4_3_2_1;road_4_3_2_1;road_4_3_2_2;road_4_3_2_2;road_4_3_2_2;road_3_2_1_0;road_3_2_1_0;road_3_2_1_0;road_3_2_1_1;road_3_2_1_1;road_3_2_1_1;road_3_2_1_2;road_3_2_1_2;road_3_2_1_2;road_2_3_0_0;road_2_3_0_0;road_2_3_0_0;road_2_3_0_1;road_2_3_0_1;road_2_3_0_1;road_2_3_0_2;road_2_3_0_2;road_2_3_0_2,GGGrrrrrrGGGGGGrrrGGGrrrrrrGGGGGGrrr
0,intersection_3_4,road_3_5_3_0;road_3_5_3_0;road_3_5_3_0;road_3_5_3_1;road_3_5_3_1;road_3_5_3_1;road_3_5_3_2;road_3_5_3_2;road_3_5_3_2;road_4_4_2_0;road_4_4_2_0;road_4_4_2_0;road_4_4_2_1;road_4_4_2_1;road_4_4_2_1;road_4_4_2_2;road_4_4_2_2;road_4_4_2_2;road_3_3_1_0;road_3_3_1_0;road_3_3_1_0;road_3_3_1_1;road_3_3_1_1;road_3_3_1_1;road_3_3_1_2;road_3_3_1_2;road_3_3_1_2;road_2_4_0_0;road_2_4_0_0;road_2_4_0_0;road_2_4_0_1;road_2_4_0_1;road_2_4_0_1;road_2_4_0_2;road_2_4_0_2;road_2_4_0_2,GGGrrrrrrGGGGGGrrrGGGrrrrrrGGGGGGrrr
0,intersection_4_1,road_4_2_3_0;road_4_2_3_0;road_4_2_3_0;road_4_2_3_1;road_4_2_3_1;road_4_2_3_1;road_4_2_3_2;road_4_2_3_2;road_4_2_3_2;road_5_1_2_0;road_5_1_2_0;road_5_1_2_0;road_5_1_2_1;road_5_1_2_1;road_5_1_2_1;road_5_1_2_2;road_5_1_2_2;road_5_1_2_2;road_4_0_1_0;road_4_0_1_0;road_4_0_1_0;road_4_0_1_1;road_4_0_1_1;road_4_0_1_1;road_4_0_1_2;road_4_0_1_2;road_4_0_1_2;road_3_1_0_0;road_3_1_0_0;road_3_1_0_0;road_3_1_0_1;road_3_1_0_1;road_3_1_0_1;road_3_1_0_2;road_3_1_0_2;road_3_1_0_2,GGGrrrrrrGGGGGGrrrGGGrrrrrrGGGGGGrrr
0,intersection_4_2,road_4_3_3_0;road_4_3_3_0;road_4_3_3_0;road_4_3_3_1;road_4_3_3_1;road_4_3_3_1;road_4_3_3_2;road_4_3_3_2;road_4_3_3_2;road_5_2_2_0;road_5_2_2_0;road_5_2_2_0;road_5_2_2_1;road_5_2_2_1;road_5_2_2_1;road_5_2_2_2;road_5_2_2_2;road_5_2_2_2;road_4_1_1_0;road_4_1_1_0;road_4_1_1_0;road_4_1_1_1;road_4_1_1_1;road_4_1_1_1;road_4_1_1_2;road_4_1_1_2;road_4_1_1_2;road_3_2_0_0;road_3_2_0_0;road_3_2_0_0;road_3_2_0_1;road_3_2_0_1;road_3_2_0_1;road_3_2_0_2;road_3_2_0_2;road_3_2_0_2,GGGrrrrrrGGGGGGrrrGGGrrrrrrGGGGGGrrr
0,intersection_4_3,road_4_4_3_0;road_4_4_3_0;road_4_4_3_0;road_4_4_3_1;road_4_4_3_1;road_4_4_3_1;road_4_4_3_2;road_4_4_3_2;road_4_4_3_2;road_5_3_2_0;road_5_3_2_0;road_5_3_2_0;road_5_3_2_1;road_5_3_2_1;road_5_3_2_1;road_5_3_2_2;road_5_3_2_2;road_5_3_2_2;road_4_2_1_0;road_4_2_1_0;road_4_2_1_0;road_4_2_1_1;road_4_2_1_1;road_4_2_1_1;road_4_2_1_2;road_4_2_1_2;road_4_2_1_2;road_3_3_0_0;road_3_3_0_0;road_3_3_0_0;road_3_3_0_1;road_3_3_0_1;road_3_3_0_1;road_3_3_0_2;road_3_3_0_2;road_3_3_0_2,GGGrrrrrrGGGGGGrrrGGGrrrrrrGGGGGGrrr
0,intersection_4_4,road_4_5_3_0;road_4_5_3_0;road_4_5_3_0;road_4_5_3_1;road_4_5_3_1;road_4_5_3_1;road_4_5_3_2;road_4_5_3_2;road_4_5_3_2;road_5_4_2_0;road_5_4_2_0;road_5_4_2_0;road_5_4_2_1;road_5_4_2_1;road_5_4_2_1;road_5_4_2_2;road_5_4_2_2;road_5_4_2_2;road_4_3_1_0;road_4_3_1_0;road_4_3_1_0;road_4_3_1_1;road_4_3_1_1;road_4_3_1_1;road_4_3_1_2;road_4_3_1_2;road_4_3_1_2;road_3_4_0_0;road_3_4_0_0;road_3_4_0_0;road_3_4_0_1;road_3_4_0_1;road_3_4_0_1;road_3_4_0_2;road_3_4_0_2;road_3_4_0_2,GGGrrrrrrGGGGGGrrrGGGrrrrrrGGGGGGrrr
10,intersection_1_1,road_1_2_3_0;road_1_2_3_0;road_1_2_3_0;road_1_2_3_1;road_1_2_3_1;road_1_2_3_1;road_1_2_3_2;road_1_2_3_2;road_1_2_3_2;road_2_1_2_0;road_2_1_2_0;road_2_1_2_0;road_2_1_2_1;road_2_1_2_1;road_2_1_2_1;road_2_1_2_2;road_2_1_2_2;road_2_1_2_2;road_1_0_1_0;road_1_0_1_0;road_1_0_1_0;road_1_0_1_1;road_1_0_1_1;road_1_0_1_1;road_1_0_1_2;road_1_0_1_2;road_1_0_1_2;road_0_1_0_0;road_0_1_0_0;road_0_1_0_0;road_0_1_0_1;road_0_1_0_1;road_0_1_0_1;road_0_1_0_2;road_0_1_0_2;road_0_1_0_2,GGGrrrrrrGGGGGGrrrGGGrrrrrrGGGGGGrrr
10,intersection_1_2,road_1_3_3_0;road_1_3_3_0;road_1_3_3_0;road_1_3_3_1;road_1_3_3_1;road_1_3_3_1;road_1_3_3_2;road_1_3_3_2;road_1_3_3_2;road_2_2_2_0;road_2_2_2_0;road_2_2_2_0;road_2_2_2_1;road_2_2_2_1;road_2_2_2_1;road_2_2_2_2;road_2_2_2_2;road_2_2_2_2;road_1_1_1_0;road_1_1_1_0;road_1_1_1_0;road_1_1_1_1;road_1_1_1_1;road_1_1_1_1;road_1_1_1_2;road_1_1_1_2;road_1_1_1_2;road_0_2_0_0;road_0_2_0_0;road_0_2_0_0;road_0_2_0_1;road_0_2_0_1;road_0_2_0_1;road_0_2_0_2;road_0_2_0_2;road_0_2_0_2,GGGrrrrrrGGGGGGrrrGGGrrrrrrGGGGGGrrr
10,intersection_1_3,road_1_4_3_0;road_1_4_3_0;road_1_4_3_0;road_1_4_3_1;road_1_4_3_1;road_1_4_3_1;road_1_4_3_2;road_1_4_3_2;road_1_4_3_2;road_2_3_2_0;road_2_3_2_0;road_2_3_2_0;road_2_3_2_1;road_2_3_2_1;road_2_3_2_1;road_2_3_2_2;road_2_3_2_2;road_2_3_2_2;road_1_2_1_0;road_1_2_1_0;road_1_2_1_0;road_1_2_1_1;road_1_2_1_1;road_1_2_1_1;road_1_2_1_2;road_1_2_1_2;road_1_2_1_2;road_0_3_0_0;road_0_3_0_0;road_0_3_0_0;road_0_3_0_1;road_0_3_0_1;road_0_3_0_1;road_0_3_0_2;road_0_3_0_2;road_0_3_0_2,GGGrrrrrrGGGGGGrrrGGGrrrrrrGGGGGGrrr
10,intersection_1_4,road_1_5_3_0;road_1_5_3_0;road_1_5_3_0;road_1_5_3_1;road_1_5_3_1;road_1_5_3_1;road_1_5_3_2;road_1_5_3_2;road_1_5_3_2;road_2_4_2_0;road_2_4_2_0;road_2_4_2_0;road_2_4_2_1;road_2_4_2_1;road_2_4_2_1;road_2_4_2_2;road_2_4_2_2;road_2_4_2_2;road_1_3_1_0;road_1_3_1_0;road_1_3_1_0;road_1_3_1_1;road_1_3_1_1;road_1_3_1_1;road_1_3_1_2;road_1_3_1_2;road_1_3_1_2;road_0_4_0_0;road_0_4_0_0;road_0_4_0_0;road_0_4_0_1;road_0_4_0_1;road_0_4_0_1;road_0_4_0_2;road_0_4_0_2;road_0_4_0_2,GGGrrrrrrGGGGGGrrrGGGrrrrrrGGGGGGrrr
10,intersection_2_1,road_2_2_3_0;road_2_2_3_0;road_2_2_3_0;road_2_2_3_1;road_2_2_3_1;road_2_2_3_1;road_2_2_3_2;road_2_2_3_2;road_2_2_3_2;road_3_1_2_0;road_3_1_2_0;road_3_1_2_0;road_3_1_2_1;road_3_1_2_1;road_3_1_2_1;road_3_1_2_2;road_3_1_2_2;road_3_1_2_2;road_2_0_1_0;road_2_0_1_0;road_2_0_1_0;road_2_0_1_1;road_2_0_1_1;road_2_0_1_1;road_2_0_1_2;road_2_0_1_2;road_2_0_1_2;road_1_1_0_0;road_1_1_0_0;road_1_1_0_0;road_1_1_0_1;road_1_1_0_1;road_1_1_0_1;road_1_1_0_2;road_1_1_0_2;road_1_1_0_2,GGGrrrrrrGGGGGGrrrGGGrrrrrrGGGGGGrrr
10,intersection_2_2,road_2_3_3_0;road_2_3_3_0;road_2_3_3_0;road_2_3_3_1;road_2_3_3_1;road_2_3_3_1;road_2_3_3_2;road_2_3_3_2;road_2_3_3_2;road_3_2_2_0;road_3_2_2_0;road_3_2_2_0;road_3_2_2_1;road_3_2_2_1;road_3_2_2_1;road_3_2_2_2;road_3_2_2_2;road_3_2_2_2;road_2_1_1_0;road_2_1_1_0;road_2_1_1_0;road_2_1_1_1;road_2_1_1_1;road_2_1_1_1;road_2_1_1_2;road_2_1_1_2;road_2_1_1_2;road_1_2_0_0;road_1_2_0_0;road_1_2_0_0;road_1_2_0_1;road_1_2_0_1;road_1_2_0_1;road_1_2_0_2;road_1_2_0_2;road_1_2_0_2,GGGrrrrrrGGGGGGrrrGGGrrrrrrGGGGGGrrr
10,intersection_2_3,road_2_4_3_0;road_2_4_3_0;road_2_4_3_0;road_2_4_3_1;road_2_4_3_1;road_2_4_3_1;road_2_4_3_2;road_2_4_3_2;road_2_4_3_2;road_3_3_2_0;road_3_3_2_0;road_3_3_2_0;road_3_3_2_1;road_3_3_2_1;road_3_3_2_1;road_3_3_2_2;road_3_3_2_2;road_3_3_2_2;road_2_2_1_0;road_2_2_1_0;road_2_2_1_0;road_2_2_1_1;road_2_2_1_1;road_2_2_1_1;road_2_2_1_2;road_2_2_1_2;road_2_2_1_2;road_1_3_0_0;road_1_3_0_0;road_1_3_0_0;road_1_3_0_1;road_1_3_0_1;road_1_3_0_1;road_1_3_0_2;road_1_3_0_2;road_1_3_0_2,GGGrrrrrrGGGGGGrrrGGGrrrrrrGGGGGGrrr
10,intersection_2_4,road_2_5_3_0;road_2_5_3_0;road_2_5_3_0;road_2_5_3_1;road_2_5_3_1;road_2_5_3_1;road_2_5_3_2;road_2_5_3_2;road_2_5_3_2;road_3_4_2_0;road_3_4_2_0;road_3_4_2_0;road_3_4_2_1;road_3_4_2_1;road_3_4_2_1;road_3_4_2_2;road_3_4_2_2;road_3_4_2_2;road_2_3_1_0;road_2_3_1_0;road_2_3_1_0;road_2_3_1_1;road_2_3_1_1;road_2_3_1_1;road_2_3_1_2;road_2_3_1_2;road_2_3_1_2;road_1_4_0_0;road_1_4_0_0;road_1_4_0_0;road_1_4_0_1;road_1_4_0_1;road_1_4_0_1;road_1_4_0_2;road_1_4_0_2;road_1_4_0_2,GGGrrrrrrGGGGGGrrrGGGrrrrrrGGGGGGrrr
10,intersection_3_1,road_3_2_3_0;road_3_2_3_0;road_3_2_3_0;road_3_2_3_1;road_3_2_3_1;road_3_2_3_1;road_3_2_3_2;road_3_2_3_2;road_3_2_3_2;road_4_1_2_0;road_4_1_2_0;road_4_1_2_0;road_4_1_2_1;road_4_1_2_1;road_4_1_2_1;road_4_1_2_2;road_4_1_2_2;road_4_1_2_2;road_3_0_1_0;road_3_0_1_0;road_3_0_1_0;road_3_0_1_1;road_3_0_1_1;road_3_0_1_1;road_3_0_1_2;road_3_0_1_2;road_3_0_1_2;road_2_1_0_0;road_2_1_0_0;road_2_1_0_0;road_2_1_0_1;road_2_1_0_1;road_2_1_0_1;road_2_1_0_2;road_2_1_0_2;road_2_1_0_2,GGGrrrrrrGGGGGGrrrGGGrrrrrrGGGGGGrrr
10,intersection_3_2,road_3_3_3_0;road_3_3_3_0;road_3_3_3_0;road_3_3_3_1;road_3_3_3_1;road_3_3_3_1;road_3_3_3_2;road_3_3_3_2;road_3_3_3_2;road_4_2_2_0;road_4_2_2_0;road_4_2_2_0;road_4_2_2_1;road_4_2_2_1;road_4_2_2_1;road_4_2_2_2;road_4_2_2_2;road_4_2_2_2;road_3_1_1_0;road_3_1_1_0;road_3_1_1_0;road_3_1_1_1;road_3_1_1_1;road_3_1_1_1;road_3_1_1_2;road_3_1_1_2;road_3_1_1_2;road_2_2_0_0;road_2_2_0_0;road_2_2_0_0;road_2_2_0_1;road_2_2_0_1;road_2_2_0_1;road_2_2_0_2;road_2_2_0_2;road_2_2_0_2,GGGrrrrrrGGGGGGrrrGGGrrrrrrGGGGGGrrr
10,intersection_3_3,road_3_4_3_0;road_3_4_3_0;road_3_4_3_0;road_3_4_3_1;road_3_4_3_1;road_3_4_3_1;road_3_4_3_2;road_3_4_3_2;road_3_4_3_2;road_4_3_2_0;road_4_3_2_0;road_4_3_2_0;road_4_3_2_1;road_4_3_2_1;road_4_3_2_1;road_4_3_2_2;road_4_3_2_2;road_4_3_2_2;road_3_2_1_0;road_3_2_1_0;road_3_2_1_0;road_3_2_1_1;road_3_2_1_1;road_3_2_1_1;road_3_2_1_2;road_3_2_1_2;road_3_2_1_2;road_2_3_0_0;road_2_3_0_0;road_2_3_0_0;road_2_3_0_1;road_2_3_0_1;road_2_3_0_1;road_2_3_0_2;road_2_3_0_2;road_2_3_0_2,GGGrrrrrrGGGGGGrrrGGGrrrrrrGGGGGGrrr
10,intersection_3_4,road_3_5_3_0;road_3_5_3_0;road_3_5_3_0;road_3_5_3_1;road_3_5_3_1;road_3_5_3_1;road_3_5_3_2;road_3_5_3_2;road_3_5_3_2;road_4_4_2_0;road_4_4_2_0;road_4_4_2_0;road_4_4_2_1;road_4_4_2_1;road_4_4_2_1;road_4_4_2_2;road_4_4_2_2;road_4_4_2_2;road_3_3_1_0;road_3_3_1_0;road_3_3_1_0;road_3_3_1_1;road_3_3_1_1;road_3_3_1_1;road_3_3_1_2;road_3_3_1_2;road_3_3_1_2;road_2_4_0_0;road_2_4_0_0;road_2_4_0_0;road_2_4_0_1;road_2_4_0_1;road_2_4_0_1;road_2_4_0_2;road_2_4_0_2;road_2_4_0_2,GGGrrrrrrGGGGGGrrrGGGrrrrrrGGGGGGrrr
10,intersection_4_1,road_4_2_3_0;road_4_2_3_0;road_4_2_3_0;road_4_2_3_1;road_4_2_3_1;road_4_2_3_1;road_4_2_3_2;road_4_2_3_2;road_4_2_3_2;road_5_1_2_0;road_5_1_2_0;road_5_1_2_0;road_5_1_2_1;road_5_1_2_1;road_5_1_2_1;road_5_1_2_2;road_5_1_2_2;road_5_1_2_2;road_4_0_1_0;road_4_0_1_0;road_4_0_1_0;road_4_0_1_1;road_4_0_1_1;road_4_0_1_1;road_4_0_1_2;road_4_0_1_2;road_4_0_1_2;road_3_1_0_0;road_3_1_0_0;road_3_1_0_0;road_3_1_0_1;road_3_1_0_1;road_3_1_0_1;road_3_1_0_2;road_3_1_0_2;road_3_1_0_2,GGGrrrrrrGGGGGGrrrGGGrrrrrrGGGGGGrrr
10,intersection_4_2,road_4_3_3_0;road_4_3_3_0;road_4_3_3_0;road_4_3_3_1;road_4_3_3_1;road_4_3_3_1;road_4_3_3_2;road_4_3_3_2;road_4_3_3_2;road_5_2_2_0;road_5_2_2_0;road_5_2_2_0;road_5_2_2_1;road_5_2_2_1;road_5_2_2_1;road_5_2_2_2;road_5_2_2_2;road_5_2_2_2;road_4_1_1_0;road_4_1_1_0;road_4_1_1_0;road_4_1_1_1;road_4_1_1_1;road_4_1_1_1;road_4_1_1_2;road_4_1_1_2;road_4_1_1_2;road_3_2_0_0;road_3_2_0_0;road_3_2_0_0;road_3_2_0_1;road_3_2_0_1;road_3_2_0_1;road_3_2_0_2;road_3_2_0_2;road_3_2_0_2,GGGrrrrrrGGGGGGrrrGGGrrrrrrGGGGGGrrr
10,intersection_4_3,road_4_4_3_0;road_4_4_3_0;road_4_4_3_0;road_4_4_3_1;road_4_4_3_1;road_4_4_3_1;road_4_4_3_2;road_4_4_3_2;road_4_4_3_2;road_5_3_2_0;road_5_3_2_0;road_5_3_2_0;road_5_3_2_1;road_5_3_2_1;road_5_3_2_1;road_5_3_2_2;road_5_3_2_2;road_5_3_2_2;road_4_2_1_0;road_4_2_1_0;road_4_2_1_0;road_4_2_1_1;road_4_2_1_1;road_4_2_1_1;road_4_2_1_2;road_4_2_1_2;road_4_2_1_2;road_3_3_0_0;road_3_3_0_0;road_3_3_0_0;road_3_3_0_1;road_3_3_0_1;road_3_3_0_1;road_3_3_0_2;road_3_3_0_2;road_3_3_0_2,GGGrrrrrrGGGGGGrrrGGGrrrrrrGGGGGGrrr
10,intersection_4_4,road_4_5_3_0;road_4_5_3_0;road_4_5_3_0;road_4_5_3_1;road_4_5_3_1;road_4_5_3_1;road_4_5_3_2;road_4_5_3_2;road_4_5_3_2;road_5_4_2_0;road_5_4_2_0;road_5_4_2_0;road_5_4_2_1;road_5_4_2_1;road_5_4_2_1;road_5_4_2_2;road_5_4_2_2;road_5_4_2_2;road_4_3_1_0;road_4_3_1_0;road_4_3_1_0;road_4_3_1_1;road_4_3_1_1;road_4_3_1_1;road_4_3_1_2;road_4_3_1_2;road_4_3_1_2;road_3_4_0_0;road_3_4_0_0;road_3_4_0_0;road_3_4_0_1;road_3_4_0_1;road_3_4_0_1;road_3_4_0_2;road_3_4_0_2;road_3_4_0_2,GGGrrrrrrGGGGGGrrrGGGrrrrrrGGGGGGrrr
20,intersection_1_1,road_1_2_3_0;road_1_2_3_0;road_1_2_3_0;road_1_2_3_1;road_1_2_3_1;road_1_2_3_1;road_1_2_3_2;road_1_2_3_2;road_1_2_3_2;road_2_1_2_0;road_2_1_2_0;road_2_1_2_0;road_2_1_2_1;road_2_1_2_1;road_2_1_2_1;road_2_1_2_2;road_2_1_2_2;road_2_1_2_2;road_1_0_1_0;road_1_0_1_0;road_1_0_1_0;road_1_0_1_1;road_1_0_1_1;road_1_0_1_1;road_1_0_1_2;road_1_0_1_2;road_1_0_1_2;road_0_1_0_0;road_0_1_0_0;road_0_1_0_0;road_0_1_0_1;road_0_1_0_1;road_0_1_0_1;road_0_1_0_2;road_0_1_0_2;road_0_1_0_2,GGGrrrrrrGGGGGGrrrGGGrrrrrrGGGGGGrrr
20,intersection_1_2,road_1_3_3_0;road_1_3_3_0;road_1_3_3_0;road_1_3_3_1;road_1_3_3_1;road_1_3_3_1;road_1_3_3_2;road_1_3_3_2;road_1_3_3_2;road_2_2_2_0;road_2_2_2_0;road_2_2_2_0;road_2_2_2_1;road_2_2_2_1;road_2_2_2_1;road_2_2_2_2;road_2_2_2_2;road_2_2_2_2;road_1_1_1_0;road_1_1_1_0;road_1_1_1_0;road_1_1_1_1;road_1_1_1_1;road_1_1_1_1;road_1_1_1_2;road_1_1_1_2;road_1_1_1_2;road_0_2_0_0;road_0_2_0_0;road_0_2_0_0;road_0_2_0_1;road_0_2_0_1;road_0_2_0_1;road_0_2_0_2;road_0_2_0_2;road_0_2_0_2,GGGrrrrrrGGGGGGrrrGGGrrrrrrGGGGGGrrr
20,intersection_1_3,road_1_4_3_0;road_1_4_3_0;road_1_4_3_0;road_1_4_3_1;road_1_4_3_1;road_1_4_3_1;road_1_4_3_2;road_1_4_3_2;road_1_4_3_2;road_2_3_2_0;road_2_3_2_0;road_2_3_2_0;road_2_3_2_1;road_2_3_2_1;road_2_3_2_1;road_2_3_2_2;road_2_3_2_2;road_2_3_2_2;road_1_2_1_0;road_1_2_1_0;road_1_2_1_0;road_1_2_1_1;road_1_2_1_1;road_1_2_1_1;road_1_2_1_2;road_1_2_1_2;road_1_2_1_2;road_0_3_0_0;road_0_3_0_0;road_0_3_0_0;road_0_3_0_1;road_0_3_0_1;road_0_3_0_1;road_0_3_0_2;road_0_3_0_2;road_0_3_0_2,GGGrrrrrrGGGGGGrrrGGGrrrrrrGGGGGGrrr
20,intersection_1_4,road_1_5_3_0;road_1_5_3_0;road_1_5_3_0;road_1_5_3_1;road_1_5_3_1;road_1_5_3_1;road_1_5_3_2;road_1_5_3_2;road_1_5_3_2;road_2_4_2_0;road_2_4_2_0;road_2_4_2_0;road_2_4_2_1;road_2_4_2_1;road_2_4_2_1;road_2_4_2_2;road_2_4_2_2;road_2_4_2_2;road_1_3_1_0;road_1_3_1_0;road_1_3_1_0;road_1_3_1_1;road_1_3_1_1;road_1_3_1_1;road_1_3_1_2;road_1_3_1_2;road_1_3_1_2;road_0_4_0_0;road_0_4_0_0;road_0_4_0_0;road_0_4_0_1;road_0_4_0_1;road_0_4_0_1;road_0_4_0_2;road_0_4_0_2;road_0_4_0_2,GGGrrrrrrGGGGGGrrrGGGrrrrrrGGGGGGrrr
20,intersection_2_1,road_2_2_3_0;road_2_2_3_0;road_2_2_3_0;road_2_2_3_1;road_2_2_3_1;road_2_2_3_1;road_2_2_3_2;road_2_2_3_2;road_2_2_3_2;road_3_1_2_0;road_3_1_2_0;road_3_1_2_0;road_3_1_2_1;road_3_1_2_1;road_3_1_2_1;road_3_1_2_2;road_3_1_2_2;road_3_1_2_2;road_2_0_1_0;road_2_0_1_0;road_2_0_1_0;road_2_0_1_1;road_2_0_1_1;road_2_0_1_1;road_2_0_1_2;road_2_0_1_2;road_2_0_1_2;road_1_1_0_0;road_1_1_0_0;road_1_1_0_0;road_1_1_0_1;road_1_1_0_1;road_1_1_0_1;road_1_1_0_2;road_1_1_0_2;road_1_1_0_2,GGGrrrrrrGGGGGGrrrGGGrrrrrrGGGGGGrrr
20,intersection_2_2,road_2_3_3_0;road_2_3_3_0;road_2_3_3_0;road_2_3_3_1;road_2_3_3_1;road_2_3_3_1;road_2_3_3_2;road_2_3_3_2;road_2_3_3_2;road_3_2_2_0;road_3_2_2_0;road_3_2_2_0;road_3_2_2_1;road_3_2_2_1;road_3_2_2_1;road_3_2_2_2;road_3_2_2_2;road_3_2_2_2;road_2_1_1_0;road_2_1_1_0;road_2_1_1_0;road_2_1_1_1;road_2_1_1_1;road_2_1_1_1;road_2_1_1_2;road_2_1_1_2;road_2_1_1_2;road_1_2_0_0;road_1_2_0_0;road_1_2_0_0;road_1_2_0_1;road_1_2_0_1;road_1_2_0_1;road_1_2_0_2;road_1_2_0_2;road_1_2_0_2,GGGrrrrrrGGGGGGrrrGGGrrrrrrGGGGGGrrr
20,intersection_2_3,road_2_4_3_0;road_2_4_3_0;road_2_4_3_0;road_2_4_3_1;road_2_4_3_1;road_2_4_3_1;road_2_4_3_2;road_2_4_3_2;road_2_4_3_2;road_3_3_2_0;road_3_3_2_0;road_3_3_2_0;road_3_3_2_1;road_3_3_2_1;road_3_3_2_1;road_3_3_2_2;road_3_3_2_2;road_3_3_2_2;road_2_2_1_0;road_2_2_1_0;road_2_2_1_0;road_2_2_1_1;road_2_2_1_1;road_2_2_1_1;road_2_2_1_2;road_2_2_1_2;road_2_2_1_2;road_1_3_0_0;road_1_3_0_0;road_1_3_0_0;road_1_3_0_1;road_1_3_0_1;road_1_3_0_1;road_1_3_0_2;road_1_3_0_2;road_1_3_0_2,GGGrrrrrrGGGGGGrrrGGGrrrrrrGGGGGGrrr
20,intersection_2_4,road_2_5_3_0;road_2_5_3_0;road_2_5_3_0;road_2_5_3_1;road_2_5_3_1;road_2_5_3_1;road_2_5_3_2;road_2_5_3_2;road_2_5_3_2;road_3_4_2_0;road_3_4_2_0;road_3_4_2_0;road_3_4_2_1;road_3_4_2_1;road_3_4_2_1;road_3_4_2_2;road_3_4_2_2;road_3_4_2_2;road_2_3_1_0;road_2_3_1_0;road_2_3_1_0;road_2_3_1_1;road_2_3_1_1;road_2_3_1_1;road_2_3_1_2;road_2_3_1_2;road_2_3_1_2;road_1_4_0_0;road_1_4_0_0;road_1_4_0_0;road_1_4_0_1;road_1_4_0_1;road_1_4_0_1;road_1_4_0_2;road_1_4_0_2;road_1_4_0_2,GGGrrrrrrGGGGGGrrrGGGrrrrrrGGGGGGrrr
20,intersection_3_1,road_3_2_3_0;road_3_2_3_0;road_3_2_3_0;road_3_2_3_1;road_3_2_3_1;road_3_2_3_1;road_3_2_3_2;road_3_2_3_2;road_3_2_3_2;road_4_1_2_0;road_4_1_2_0;road_4_1_2_0;road_4_1_2_1;road_4_1_2_1;road_4_1_2_1;road_4_1_2_2;road_4_1_2_2;road_4_1_2_2;road_3_0_1_0;road_3_0_1_0;road_3_0_1_0;road_3_0_1_1;road_3_0_1_1;road_3_0_1_1;road_3_0_1_2;road_3_0_1_2;road_3_0_1_2;road_2_1_0_0;road_2_1_0_0;road_2_1_0_0;road_2_1_0_1;road_2_1_0_1;road_2_1_0_1;road_2_1_0_2;road_2_1_0_2;road_2_1_0_2,GGGrrrrrrGGGGGGrrrGGGrrrrrrGGGGGGrrr
20,intersection_3_2,road_3_3_3_0;road_3_3_3_0;road_3_3_3_0;road_3_3_3_1;road_3_3_3_1;road_3_3_3_1;road_3_3_3_2;road_3_3_3_2;road_3_3_3_2;road_4_2_2_0;road_4_2_2_0;road_4_2_2_0;road_4_2_2_1;road_4_2_2_1;road_4_2_2_1;road_4_2_2_2;road_4_2_2_2;road_4_2_2_2;road_3_1_1_0;road_3_1_1_0;road_3_1_1_0;road_3_1_1_1;road_3_1_1_1;road_3_1_1_1;road_3_1_1_2;road_3_1_1_2;road_3_1_1_2;road_2_2_0_0;road_2_2_0_0;road_2_2_0_0;road_2_2_0_1;road_2_2_0_1;road_2_2_0_1;road_2_2_0_2;road_2_2_0_2;road_2_2_0_2,GGGrrrrrrGGGGGGrrrGGGrrrrrrGGGGGGrrr
20,intersection_3_3,road_3_4_3_0;road_3_4_3_0;road_3_4_3_0;road_3_4_3_1;road_3_4_3_1;road_3_4_3_1;road_3_4_3_2;road_3_4_3_2;road_3_4_3_2;road_4_3_2_0;road_4_3_2_0;road_4_3_2_0;road_4_3_2_1;road_4_3_2_1;road_4_3_2_1;road_4_3_2_2;road_4_3_2_2;road_4_3_2_2;road_3_2_1_0;road_3_2_1_0;road_3_2_1_0;road_3_2_1_1;road_3_2_1_1;road_3_2_1_1;road_3_2_1_2;road_3_2_1_2;road_3_2_1_2;road_2_3_0_0;road_2_3_0_0;road_2_3_0_0;road_2_3_0_1;road_2_3_0_1;road_2_3_0_1;road_2_3_0_2;road_2_3_0_2;road_2_3_0_2,GGGrrrrrrGGGGGGrrrGGGrrrrrrGGGGGGrrr
20,intersection_3_4,road_3_5_3_0;road_3_5_3_0;road_3_5_3_0;road_3_5_3_1;road_3_5_3_1;road_3_5_3_1;road_3_5_3_2;road_3_5_3_2;road_3_5_3_2;road_4_4_2_0;road_4_4_2_0;road_4_4_2_0;road_4_4_2_1;road_4_4_2_1;road_4_4_2_1;road_4_4_2_2;road_4_4_2_2;road_4_4_2_2;road_3_3_1_0;road_3_3_1_0;road_3_3_1_0;road_3_3_1_1;road_3_3_1_1;road_3_3_1_1;road_3_3_1_2;road_3_3_1_2;road_3_3_1_2;road_2_4_0_0;road_2_4_0_0;road_2_4_0_0;road_2_4_0_1;road_2_4_0_1;road_2_4_0_1;road_2_4_0_2;road_2_4_0_2;road_2_4_0_2,GGGrrrrrrGGGGGGrrrGGGrrrrrrGGGGGGrrr
20,intersection_4_1,road_4_2_3_0;road_4_2_3_0;road_4_2_3_0;road_4_2_3_1;road_4_2_3_1;road_4_2_3_1;road_4_2_3_2;road_4_2_3_2;road_4_2_3_2;road_5_1_2_0;road_5_1_2_0;road_5_1_2_0;road_5_1_2_1;road_5_1_2_1;road_5_1_2_1;road_5_1_2_2;road_5_1_2_2;road_5_1_2_2;road_4_0_1_0;road_4_0_1_0;road_4_0_1_0;road_4_0_1_1;road_4_0_1_1;road_4_0_1_1;road_4_0_1_2;road_4_0_1_2;road_4_0_1_2;road_3_1_0_0;road_3_1_0_0;road_3_1_0_0;road_3_1_0_1;road_3_1_0_1;road_3_1_0_1;road_3_1_0_2;road_3_1_0_2;road_3_1_0_2,GGGrrrrrrGGGGGGrrrGGGrrrrrrGGGGGGrrr
20,intersection_4_2,road_4_3_3_0;road_4_3_3_0;road_4_3_3_0;road_4_3_3_1;road_4_3_3_1;road_4_3_3_1;road_4_3_3_2;road_4_3_3_2;road_4_3_3_2;road_5_2_2_0;road_5_2_2_0;road_5_2_2_0;road_5_2_2_1;road_5_2_2_1;road_5_2_2_1;road_5_2_2_2;road_5_2_2_2;road_5_2_2_2;road_4_1_1_0;road_4_1_1_0;road_4_1_1_0;road_4_1_1_1;road_4_1_1_1;road_4_1_1_1;road_4_1_1_2;road_4_1_1_2;road_4_1_1_2;road_3_2_0_0;road_3_2_0_0;road_3_2_0_0;road_3_2_0_1;road_3_2_0_1;road_3_2_0_1;road_3_2_0_2;road_3_2_0_2;road_3_2_0_2,GGGrrrrrrGGGGGGrrrGGGrrrrrrGGGGGGrrr
20,intersection_4_3,road_4_4_3_0;road_4_4_3_0;road_4_4_3_0;road_4_4_3_1;road_4_4_3_1;road_4_4_3_1;road_4_4_3_2;road_4_4_3_2;road_4_4_3_2;road_5_3_2_0;road_5_3_2_0;road_5_3_2_0;road_5_3_2_1;road_5_3_2_1;road_5_3_2_1;road_5_3_2_2;road_5_3_2_2;road_5_3_2_2;road_4_2_1_0;road_4_2_1_0;road_4_2_1_0;road_4_2_1_1;road_4_2_1_1;road_4_2_1_1;road_4_2_1_2;road_4_2_1_2;road_4_2_1_2;road_3_3_0_0;road_3_3_0_0;road_3_3_0_0;road_3_3_0_1;road_3_3_0_1;road_3_3_0_1;road_3_3_0_2;road_3_3_0_2;road_3_3_0_2,GGGrrrrrrGGGGGGrrrGGGrrrrrrGGGGGGrrr
20,intersection_4_4,road_4_5_3_0;road_4_5_3_0;road_4_5_3_0;road_4_5_3_1;road_4_5_3_1;road_4_5_3_1;road_4_5_3_2;road_4_5_3_2;road_4_5_3_2;road_5_4_2_0;road_5_4_2_0;road_5_4_2_0;road_5_4_2_1;road_5_4_2_1;road_5_4_2_1;road_5_4_2_2;road_5_4_2_2;road_5_4_2_2;road_4_3_1_0;road_4_3_1_0;road_4_3_1_0;road_4_3_1_1;road_4_3_1_1;road_4_3_1_1;road_4_3_1_2;road_4_3_1_2;road_4_3_1_2;road_3_4_0_0;road_3_4_0_0;road_3_4_0_0;road_3_4_0_1;road_3_4_0_1;road_3_4_0_1;road_3_4_0_2;road_3_4_0_2;road_3_4_0_2,GGGrrrrrrGGGGGGrrrGGGrrrrrrGGGGGGrrr
30,intersection_1_1,road_1_2_3_0;road_1_2_3_0;road_1_2_3_0;road_1_2_3_1;road_1_2_3_1;road_1_2_3_1;road_1_2_3_2;road_1_2_3_2;road_1_2_3_2;road_2_1_2_0;road_2_1_2_0;road_2_1_2_0;road_2_1_2_1;road_2_1_2_1;road_2_1_2_1;road_2_1_2_2;road_2_1_2_2;road_2_1_2_2;road_1_0_1_0;road_1_0_1_0;road_1_0_1_0;road_1_0_1_1;road_1_0_1_1;road_1_0_1_1;road_1_0_1_2;road_1_0_1_2;road_1_0_1_2;road_0_1_0_0;road_0_1_0_0;road_0_1_0_0;road_0_1_0_1;road_0_1_0_1;road_0_1_0_1;road_0_1_0_2;road_0_1_0_2;road_0_1_0_2,GGGrrrrrrGGGGGGrrrGGGrrrrrrGGGGGGrrr
30,intersection_1_2,road_1_3_3_0;road_1_3_3_0;road_1_3_3_0;road_1_3_3_1;road_1_3_3_1;road_1_3_3_1;road_1_3_3_2;road_1_3_3_2;road_1_3_3_2;road_2_2_2_0;road_2_2_2_0;road_2_2_2_0;road_2_2_2_1;road_2_2_2_1;road_2_2_2_1;road_2_2_2_2;road_2_2_2_2;road_2_2_2_2;road_1_1_1_0;road_1_1_1_0;road_1_1_1_0;road_1_1_1_1;road_1_1_1_1;road_1_1_1_1;road_1_1_1_2;road_1_1_1_2;road_1_1_1_2;road_0_2_0_0;road_0_2_0_0;road_0_2_0_0;road_0_2_0_1;road_0_2_0_1;road_0_2_0_1;road_0_2_0_2;road_0_2_0_2;road_0_2_0_2,GGGrrrrrrGGGGGGrrrGGGrrrrrrGGGGGGrrr
30,intersection_1_3,road_1_4_3_0;road_1_4_3_0;road_1_4_3_0;road_1_4_3_1;road_1_4_3_1;road_1_4_3_1;road_1_4_3_2;road_1_4_3_2;road_1_4_3_2;road_2_3_2_0;road_2_3_2_0;road_2_3_2_0;road_2_3_2_1;road_2_3_2_1;road_2_3_2_1;road_2_3_2_2;road_2_3_2_2;road_2_3_2_2;road_1_2_1_0;road_1_2_1_0;road_1_2_1_0;road_1_2_1_1;road_1_2_1_1;road_1_2_1_1;road_1_2_1_2;road_1_2_1_2;road_1_2_1_2;road_0_3_0_0;road_0_3_0_0;road_0_3_0_0;road_0_3_0_1;road_0_3_0_1;road_0_3_0_1;road_0_3_0_2;road_0_3_0_2;road_0_3_0_2,GGGrrrrrrGGGGGGrrrGGGrrrrrrGGGGGGrrr
30,intersection_1_4,road_1_5_3_0;road_1_5_3_0;road_1_5_3_0;road_1_5_3_1;road_1_5_3_1;road_1_5_3_1;road_1_5_3_2;road_1_5_3_2;road_1_5_3_2;road_2_4_2_0;road_2_4_2_0;road_2_4_2_0;road_2_4_2_1;road_2_4_2_1;road_2_4_2_1;road_2_4_2_2;road_2_4_2_2;road_2_4_2_2;road_1_3_1_0;road_1_3_1_0;road_1_3_1_0;road_1_3_1_1;road_1_3_1_1;road_1_3_1_1;road_1_3_1_2;road_1_3_1_2;road_1_3_1_2;road_0_4_0_0;road_0_4_0_0;road_0_4_0_0;road_0_4_0_1;road_0_4_0_1;road_0_4_0_1;road_0_4_0_2;road_0_4_0_2;road_0_4_0_2,GGGrrrrrrGGGGGGrrrGGGrrrrrrGGGGGGrrr
30,intersection_2_1,road_2_2_3_0;road_2_2_3_0;road_2_2_3_0;road_2_2_3_1;road_2_2_3_1;road_2_2_3_1;road_2_2_3_2;road_2_2_3_2;road_2_2_3_2;road_3_1_2_0;road_3_1_2_0;road_3_1_2_0;road_3_1_2_1;road_3_1_2_1;road_3_1_2_1;road_3_1_2_2;road_3_1_2_2;road_3_1_2_2;road_2_0_1_0;road_2_0_1_0;road_2_0_1_0;road_2_0_1_1;road_2_0_1_1;road_2_0_1_1;road_2_0_1_2;road_2_0_1_2;road_2_0_1_2;road_1_1_0_0;road_1_1_0_0;road_1_1_0_0;road_1_1_0_1;road_1_1_0_1;road_1_1_0_1;road_1_1_0_2;road_1_1_0_2;road_1_1_0_2,GGGrrrrrrGGGGGGrrrGGGrrrrrrGGGGGGrrr
30,intersection_2_2,road_2_3_3_0;road_2_3_3_0;road_2_3_3_0;road_2_3_3_1;road_2_3_3_1;road_2_3_3_1;road_2_3_3_2;road_2_3_3_2;road_2_3_3_2;road_3_2_2_0;road_3_2_2_0;road_3_2_2_0;road_3_2_2_1;road_3_2_2_1;road_3_2_2_1;road_3_2_2_2;road_3_2_2_2;road_3_2_2_2;road_2_1_1_0;road_2_1_1_0;road_2_1_1_0;road_2_1_1_1;road_2_1_1_1;road_2_1_1_1;road_2_1_1_2;road_2_1_1_2;road_2_1_1_2;road_1_2_0_0;road_1_2_0_0;road_1_2_0_0;road_1_2_0_1;road_1_2_0_1;road_1_2_0_1;road_1_2_0_2;road_1_2_0_2;road_1_2_0_2,GGGrrrrrrGGGGGGrrrGGGrrrrrrGGGGGGrrr
30,intersection_2_3,road_2_4_3_0;road_2_4_3_0;road_2_4_3_0;road_2_4_3_1;road_2_4_3_1;road_2_4_3_1;road_2_4_3_2;road_2_4_3_2;road_2_4_3_2;road_3_3_2_0;road_3_3_2_0;road_3_3_2_0;road_3_3_2_1;road_3_3_2_1;road_3_3_2_1;road_3_3_2_2;road_3_3_2_2;road_3_3_2_2;road_2_2_1_0;road_2_2_1_0;road_2_2_1_0;road_2_2_1_1;road_2_2_1_1;road_2_2_1_1;road_2_2_1_2;road_2_2_1_2;road_2_2_1_2;road_1_3_0_0;road_1_3_0_0;road_1_3_0_0;road_1_3_0_1;road_1_3_0_1;road_1_3_0_1;road_1_3_0_2;road_1_3_0_2;road_1_3_0_2,GGGrrrrrrGGGGGGrrrGGGrrrrrrGGGGGGrrr
30,intersection_2_4,road_2_5_3_0;road_2_5_3_0;road_2_5_3_0;road_2_5_3_1;road_2_5_3_1;road_2_5_3_1;road_2_5_3_2;road_2_5_3_2;road_2_5_3_2;road_3_4_2_0;road_3_4_2_0;road_3_4_2_0;road_3_4_2_1;road_3_4_2_1;road_3_4_2_1;road_3_4_2_2;road_3_4_2_2;road_3_4_2_2;road_2_3_1_0;road_2_3_1_0;road_2_3_1_0;road_2_3_1_1;road_2_3_1_1;road_2_3_1_1;road_2_3_1_2;road_2_3_1_2;road_2_3_1_2;road_1_4_0_0;road_1_4_0_0;road_1_4_0_0;road_1_4_0_1;road_1_4_0_1;road_1_4_0_1;road_1_4_0_2;road_1_4_0_2;road_1_4_0_2,GGGrrrrrrGGGGGGrrrGGGrrrrrrGGGGGGrrr
30,intersection_3_1,road_3_2_3_0;road_3_2_3_0;road_3_2_3_0;road_3_2_3_1;road_3_2_3_1;road_3_2_3_1;road_3_2_3_2;road_3_2_3_2;road_3_2_3_2;road_4_1_2_0;road_4_1_2_0;road_4_1_2_0;road_4_1_2_1;road_4_1_2_1;road_4_1_2_1;road_4_1_2_2;road_4_1_2_2;road_4_1_2_2;road_3_0_1_0;road_3_0_1_0;road_3_0_1_0;road_3_0_1_1;road_3_0_1_1;road_3_0_1_1;road_3_0_1_2;road_3_0_1_2;road_3_0_1_2;road_2_1_0_0;road_2_1_0_0;road_2_1_0_0;road_2_1_0_1;road_2_1_0_1;road_2_1_0_1;road_2_1_0_2;road_2_1_0_2;road_2_1_0_2,GGGrrrrrrGGGGGGrrrGGGrrrrrrGGGGGGrrr
30,intersection_3_2,road_3_3_3_0;road_3_3_3_0;road_3_3_3_0;road_3_3_3_1;road_3_3_3_1;road_3_3_3_1;road_3_3_3_2;road_3_3_3_2;road_3_3_3_2;road_4_2_2_0;road_4_2_2_0;road_4_2_2_0;road_4_2_2_1;road_4_2_2_1;road_4_2_2_1;road_4_2_2_2;road_4_2_2_2;road_4_2_2_2;road_3_1_1_0;road_3_1_1_0;road_3_1_1_0;road_3_1_1_1;road_3_1_1_1;road_3_1_1_1;road_3_1_1_2;road_3_1_1_2;road_3_1_1_2;road_2_2_0_0;road_2_2_0_0;road_2_2_0_0;road_2_2_0_1;road_2_2_0_1;road_2_2_0_1;road_2_2_0_2;road_2_2_0_2;road_2_2_0_2,GGGrrrrrrGGGGGGrrrGGGrrrrrrGGGGGGrrr
30,intersection_3_3,road_3_4_3_0;road_3_4_3_0;road_3_4_3_0;road_3_4_3_1;road_3_4_3_1;road_3_4_3_1;road_3_4_3_2;road_3_4_3_2;road_3_4_3_2;road_4_3_2_0;road_4_3_2_0;road_4_3_2_0;road_4_3_2_1;road_4_3_2_1;road_4_3_2_1;road_4_3_2_2;road_4_3_2_2;road_4_3_2_2;road_3_2_1_0;road_3_2_1_0;road_3_2_1_0;road_3_2_1_1;road_3_2_1_1;road_3_2_1_1;road_3_2_1_2;road_3_2_1_2;road_3_2_1_2;road_2_3_0_0;road_2_3_0_0;road_2_3_0_0;road_2_3_0_1;road_2_3_0_1;road_2_3_0_1;road_2_3_0_2;road_2_3_0_2;road_2_3_0_2,GGGrrrrrrGGGGGGrrrGGGrrrrrrGGGGGGrrr
30,intersection_3_4,road_3_5_3_0;road_3_5_3_0;road_3_5_3_0;road_3_5_3_1;road_3_5_3_1;road_3_5_3_1;road_3_5_3_2;road_3_5_3_2;road_3_5_3_2;road_4_4_2_0;road_4_4_2_0;road_4_4_2_0;road_4_4_2_1;road_4_4_2_1;road_4_4_2_1;road_4_4_2_2;road_4_4_2_2;road_4_4_2_2;road_3_3_1_0;road_3_3_1_0;road_3_3_1_0;road_3_3_1_1;road_3_3_1_1;road_3_3_1_1;road_3_3_1_2;road_3_3_1_2;road_3_3_1_2;road_2_4_0_0;road_2_4_0_0;road_2_4_0_0;road_2_4_0_1;road_2_4_0_1;road_2_4_0_1;road_2_4_0_2;road_2_4_0_2;road_2_4_0_2,GGGrrrrrrGGGGGGrrrGGGrrrrrrGGGGGGrrr
30,intersection_4_1,road_4_2_3_0;road_4_2_3_0;road_4_2_3_0;road_4_2_3_1;road_4_2_3_1;road_4_2_3_1;road_4_2_3_2;road_4_2_3_2;road_4_2_3_2;road_5_1_2_0;road_5_1_2_0;road_5_1_2_0;road_5_1_2_1;road_5_1_2_1;road_5_1_2_1;road_5_1_2_2;road_5_1_2_2;road_5_1_2_2;road_4_0_1_0;road_4_0_1_0;road_4_0_1_0;road_4_0_1_1;road_4_0_1_1;road_4_0_1_1;road_4_0_1_2;road_4_0_1_2;road_4_0_1_2;road_3_1_0_0;road_3_1_0_0;road_3_1_0_0;road_3_1_0_1;road_3_1_0_1;road_3_1_0_1;road_3_1_0_2;road_3_1_0_2;road_3_1_0_2,GGGrrrrrrGGGGGGrrrGGGrrrrrrGGGGGGrrr
30,intersection_4_2,road_4_3_3_0;road_4_3_3_0;road_4_3_3_0;road_4_3_3_1;road_4_3_3_1;road_4_3_3_1;road_4_3_3_2;road_4_3_3_2;road_4_3_3_2;road_5_2_2_0;road_5_2_2_0;road_5_2_2_0;road_5_2_2_1;road_5_2_2_1;road_5_2_2_1;road_5_2_2_2;road_5_2_2_2;road_5_2_2_2;road_4_1_1_0;road_4_1_1_0;road_4_1_1_0;road_4_1_1_1;road_4_1_1_1;road_4_1_1_1;road_4_1_1_2;road_4_1_1_2;road_4_1_1_2;road_3_2_0_0;road_3_2_0_0;road_3_2_0_0;road_3_2_0_1;road_3_2_0_1;road_3_2_0_1;road_3_2_0_2;road_3_2_0_2;road_3_2_0_2,GGGrrrrrrGGGGGGrrrGGGrrrrrrGGGGGGrrr
30,intersection_4_3,road_4_4_3_0;road_4_4_3_0;road_4_4_3_0;road_4_4_3_1;road_4_4_3_1;road_4_4_3_1;road_4_4_3_2;road_4_4_3_2;road_4_4_3_2;road_5_3_2_0;road_5_3_2_0;road_5_3_2_0;road_5_3_2_1;road_5_3_2_1;road_5_3_2_1;road_5_3_2_2;road_5_3_2_2;road_5_3_2_2;road_4_2_1_0;road_4_2_1_0;road_4_2_1_0;road_4_2_1_1;road_4_2_1_1;road_4_2_1_1;road_4_2_1_2;road_4_2_1_2;road_4_2_1_2;road_3_3_0_0;road_3_3_0_0;road_3_3_0_0;road_3_3_0_1;road_3_3_0_1;road_3_3_0_1;road_3_3_0_2;road_3_3_0_2;road_3_3_0_2,GGGrrrrrrGGGGGGrrrGGGrrrrrrGGGGGGrrr
30,intersection_4_4,road_4_5_3_0;road_4_5_3_0;road_4_5_3_0;road_4_5_3_1;road_4_5_3_1;road_4_5_3_1;road_4_5_3_2;road_4_5_3_2;road_4_5_3_2;road_5_4_2_0;road_5_4_2_0;road_5_4_2_0;road_5_4_2_1;road_5_4_2_1;road_5_4_2_1;road_5_4_2_2;road_5_4_2_2;road_5_4_2_2;road_4_3_1_0;road_4_3_1_0;road_4_3_1_0;road_4_3_1_1;road_4_3_1_1;road_4_3_1_1;road_4_3_1_2;road_4_3_1_2;road_4_3_1_2;road_3_4_0_0;road_3_4_0_0;road_3_4_0_0;road_3_4_0_1;road_3_4_0_1;road_3_4_0_1;road_3_4_0_2;road_3_4_0_2;road_3_4_0_2,GGGrrrrrrGGGGGGrrrGGGrrrrrrGGGGGGrrr
40,intersection_1_1,road_1_2_3_0;road_1_2_3_0;road_1_2_3_0;road_1_2_3_1;road_1_2_3_1;road_1_2_3_1;road_1_2_3_2;road_1_2_3_2;road_1_2_3_2;road_2_1_2_0;road_2_1_2_0;road_2_1_2_0;road_2_1_2_1;road_2_1_2_1;road_2_1_2_1;road_2_1_2_2;road_2_1_2_2;road_2_1_2_2;road_1_0_1_0;road_1_0_1_0;road_1_0_1_0;road_1_0_1_1;road_1_0_1_1;road_1_0_1_1;road_1_0_1_2;road_1_0_1_2;road_1_0_1_2;road_0_1_0_0;road_0_1_0_0;road_0_1_0_0;road_0_1_0_1;road_0_1_0_1;road_0_1_0_1;road_0_1_0_2;road_0_1_0_2;road_0_1_0_2,GGGrrrrrrGGGGGGrrrGGGrrrrrrGGGGGGrrr
40,intersection_1_2,road_1_3_3_0;road_1_3_3_0;road_1_3_3_0;road_1_3_3_1;road_1_3_3_1;road_1_3_3_1;road_1_3_3_2;road_1_3_3_2;road_1_3_3_2;road_2_2_2_0;road_2_2_2_0;road_2_2_2_0;road_2_2_2_1;road_2_2_2_1;road_2_2_2_1;road_2_2_2_2;road_2_2_2_2;road_2_2_2_2;road_1_1_1_0;road_1_1_1_0;road_1_1_1_0;road_1_1_1_1;road_1_1_1_1;road_1_1_1_1;road_1_1_1_2;road_1_1_1_2;road_1_1_1_2;road_0_2_0_0;road_0_2_0_0;road_0_2_0_0;road_0_2_0_1;road_0_2_0_1;road_0_2_0_1;road_0_2_0_2;road_0_2_0_2;road_0_2_0_2,GGGrrrrrrGGGGGGrrrGGGrrrrrrGGGGGGrrr
40,intersection_1_3,road_1_4_3_0;road_1_4_3_0;road_1_4_3_0;road_1_4_3_1;road_1_4_3_1;road_1_4_3_1;road_1_4_3_2;road_1_4_3_2;road_1_4_3_2;road_2_3_2_0;road_2_3_2_0;road_2_3_2_0;road_2_3_2_1;road_2_3_2_1;road_2_3_2_1;road_2_3_2_2;road_2_3_2_2;road_2_3_2_2;road_1_2_1_0;road_1_2_1_0;road_1_2_1_0;road_1_2_1_1;road_1_2_1_1;road_1_2_1_1;road_1_2_1_2;road_1_2_1_2;road_1_2_1_2;road_0_3_0_0;road_0_3_0_0;road_0_3_0_0;road_0_3_0_1;road_0_3_0_1;road_0_3_0_1;road_0_3_0_2;road_0_3_0_2;road_0_3_0_2,GGGrrrrrrGGGGGGrrrGGGrrrrrrGGGGGGrrr
40,intersection_1_4,road_1_5_3_0;road_1_5_3_0;road_1_5_3_0;road_1_5_3_1;road_1_5_3_1;road_1_5_3_1;road_1_5_3_2;road_1_5_3_2;road_1_5_3_2;road_2_4_2_0;road_2_4_2_0;road_2_4_2_0;road_2_4_2_1;road_2_4_2_1;road_2_4_2_1;road_2_4_2_2;road_2_4_2_2;road_2_4_2_2;road_1_3_1_0;road_1_3_1_0;road_1_3_1_0;road_1_3_1_1;road_1_3_1_1;road_1_3_1_1;road_1_3_1_2;road_1_3_1_2;road_1_3_1_2;road_0_4_0_0;road_0_4_0_0;road_0_4_0_0;road_0_4_0_1;road_0_4_0_1;road_0_4_0_1;road_0_4_0_2;road_0_4_0_2;road_0_4_0_2,GGGrrrrrrGGGGGGrrrGGGrrrrrrGGGGGGrrr
40,intersection_2_1,road_2_2_3_0;road_2_2_3_0;road_2_2_3_0;road_2_2_3_1;road_2_2_3_1;road_2_2_3_1;road_2_2_3_2;road_2_2_3_2;road_2_2_3_2;road_3_1_2_0;road_3_1_2_0;road_3_1_2_0;road_3_1_2_1;road_3_1_2_1;road_3_1_2_1;road_3_1_2_2;road_3_1_2_2;road_3_1_2_2;road_2_0_1_0;road_2_0_1_0;road_2_0_1_0;road_2_0_1_1;road_2_0_1_1;road_2_0_1_1;road_2_0_1_2;road_2_0_1_2;road_2_0_1_2;road_1_1_0_0;road_1_1_0_0;road_1_1_0_0;road_1_1_0_1;road_1_1_0_1;road_1_1_0_1;road_1_1_0_2;road_1_1_0_2;road_1_1_0_2,GGGrrrrrrGGGGGGrrrGGGrrrrrrGGGGGGrrr
40,intersection_2_2,road_2_3_3_0;road_2_3_3_0;road_2_3_3_0;road_2_3_3_1;road_2_3_3_1;road_2_3_3_1;road_2_3_3_2;road_2_3_3_2;road_2_3_3_2;road_3_2_2_0;road_3_2_2_0;road_3_2_2_0;road_3_2_2_1;road_3_2_2_1;road_3_2_2_1;road_3_2_2_2;road_3_2_2_2;road_3_2_2_2;road_2_1_1_0;road_2_1_1_0;road_2_1_1_0;road_2_1_1_1;road_2_1_1_1;road_2_1_1_1;road_2_1_1_2;road_2_1_1_2;road_2_1_1_2;road_1_2_0_0;road_1_2_0_0;road_1_2_0_0;road_1_2_0_1;road_1_2_0_1;road_1_2_0_1;road_1_2_0_2;road_1_2_0_2;road_1_2_0_2,GGGrrrrrrGGGGGGrrrGGGrrrrrrGGGGGGrrr
40,intersection_2_3,road_2_4_3_0;road_2_4_3_0;road_2_4_3_0;road_2_4_3_1;road_2_4_3_1;road_2_4_3_1;road_2_4_3_2;road_2_4_3_2;road_2_4_3_2;road_3_3_2_0;road_3_3_2_0;road_3_3_2_0;road_3_3_2_1;road_3_3_2_1;road_3_3_2_1;road_3_3_2_2;road_3_3_2_2;road_3_3_2_2;road_2_2_1_0;road_2_2_1_0;road_2_2_1_0;road_2_2_1_1;road_2_2_1_1;road_2_2_1_1;road_2_2_1_2;road_2_2_1_2;road_2_2_1_2;road_1_3_0_0;road_1_3_0_0;road_1_3_0_0;road_1_3_0_1;road_1_3_0_1;road_1_3_0_1;road_1_3_0_2;road_1_3_0_2;road_1_3_0_2,GGGrrrrrrGGGGGGrrrGGGrrrrrrGGGGGGrrr
40,intersection_2_4,road_2_5_3_0;road_2_5_3_0;road_2_5_3_0;road_2_5_3_1;road_2_5_3_1;road_2_5_3_1;road_2_5_3_2;road_2_5_3_2;road_2_5_3_2;road_3_4_2_0;road_3_4_2_0;road_3_4_2_0;road_3_4_2_1;road_3_4_2_1;road_3_4_2_1;road_3_4_2_2;road_3_4_2_2;road_3_4_2_2;road_2_3_1_0;road_2_3_1_0;road_2_3_1_0;road_2_3_1_1;road_2_3_1_1;road_2_3_1_1;road_2_3_1_2;road_2_3_1_2;road_2_3_1_2;road_1_4_0_0;road_1_4_0_0;road_1_4_0_0;road_1_4_0_1;road_1_4_0_1;road_1_4_0_1;road_1_4_0_2;road_1_4_0_2;road_1_4_0_2,GGGrrrrrrGGGGGGrrrGGGrrrrrrGGGGGGrrr
40,intersection_3_1,road_3_2_3_0;road_3_2_3_0;road_3_2_3_0;road_3_2_3_1;road_3_2_3_1;road_3_2_3_1;road_3_2_3_2;road_3_2_3_2;road_3_2_3_2;road_4_1_2_0;road_4_1_2_0;road_4_1_2_0;road_4_1_2_1;road_4_1_2_1;road_4_1_2_1;road_4_1_2_2;road_4_1_2_2;road_4_1_2_2;road_3_0_1_0;road_3_0_1_0;road_3_0_1_0;road_3_0_1_1;road_3_0_1_1;road_3_0_1_1;road_3_0_1_2;road_3_0_1_2;road_3_0_1_2;road_2_1_0_0;road_2_1_0_0;road_2_1_0_0;road_2_1_0_1;road_2_1_0_1;road_2_1_0_1;road_2_1_0_2;road_2_1_0_2;road_2_1_0_2,GGGrrrrrrGGGGGGrrrGGGrrrrrrGGGGGGrrr
40,intersection_3_2,road_3_3_3_0;road_3_3_3_0;road_3_3_3_0;road_3_3_3_1;road_3_3_3_1;road_3_3_3_1;road_3_3_3_2;road_3_3_3_2;road_3_3_3_2;road_4_2_2_0;road_4_2_2_0;road_4_2_2_0;road_4_2_2_1;road_4_2_2_1;road_4_2_2_1;road_4_2_2_2;road_4_2_2_2;road_4_2_2_2;road_3_1_1_0;road_3_1_1_0;road_3_1_1_0;road_3_1_1_1;road_3_1_1_1;road_3_1_1_1;road_3_1_1_2;road_3_1_1_2;road_3_1_1_2;road_2_2_0_0;road_2_2_0_0;road_2_2_0_0;road_2_2_0_1;road_2_2_0_1;road_2_2_0_1;road_2_2_0_2;road_2_2_0_2;road_2_2_0_2,GGGrrrrrrGGGGGGrrrGGGrrrrrrGGGGGGrrr
40,intersection_3_3,road_3_4_3_0;road_3_4_3_0;road_3_4_3_0;road_3_4_3_1;road_3_4_3_1;road_3_4_3_1;road_3_4_3_2;road_3_4_3_2;road_3_4_3_2;road_4_3_2_0;road_4_3_2_0;road_4_3_2_0;road_4_3_2_1;road_4_3_2_1;road_4_3_2_1;road_4_3_2_2;road_4_3_2_2;road_4_3_2_2;road_3_2_1_0;road_3_2_1_0;road_3_2_1_0;road_3_2_1_1;road_3_2_1_1;road_3_2_1_1;road_3_2_1_2;road_3_2_1_2;road_3_2_1_2;road_2_3_0_0;road_2_3_0_0;road_2_3_0_0;road_2_3_0_1;road_2_3_0_1;road_2_3_0_1;road_2_3_0_2;road_2_3_0_2;road_2_3_0_2,GGGrrrrrrGGGGGGrrrGGGrrrrrrGGGGGGrrr
40,intersection_3_4,road_3_5_3_0;road_3_5_3_0;road_3_5_3_0;road_3_5_3_1;road_3_5_3_1;road_3_5_3_1;road_3_5_3_2;road_3_5_3_2;road_3_5_3_2;road_4_4_2_0;road_4_4_2_0;road_4_4_2_0;road_4_4_2_1;road_4_4_2_1;road_4_4_2_1;road_4_4_2_2;road_4_4_2_2;road_4_4_2_2;road_3_3_1_0;road_3_3_1_0;road_3_3_1_0;road_3_3_1_1;road_3_3_1_1;road_3_3_1_1;road_3_3_1_2;road_3_3_1_2;road_3_3_1_2;road_2_4_0_0;road_2_4_0_0;road_2_4_0_0;road_2_4_0_1;road_2_4_0_1;road_2_4_0_1;road_2_4_0_2;road_2_4_0_2;road_2_4_0_2,GGGrrrrrrGGGGGGrrrGGGrrrrrrGGGGGGrrr
40,intersection_4_1,road_4_2_3_0;road_4_2_3_0;road_4_2_3_0;road_4_2_3_1;road_4_2_3_1;road_4_2_3_1;road_4_2_3_2;road_4_2_3_2;road_4_2_3_2;road_5_1_2_0;road_5_1_2_0;road_5_1_2_0;road_5_1_2_1;road_5_1_2_1;road_5_1_2_1;road_5_1_2_2;road_5_1_2_2;road_5_1_2_2;road_4_0_1_0;road_4_0_1_0;road_4_0_1_0;road_4_0_1_1;road_4_0_1_1;road_4_0_1_1;road_4_0_1_2;road_4_0_1_2;road_4_0_1_2;road_3_1_0_0;road_3_1_0_0;road_3_1_0_0;road_3_1_0_1;road_3_1_0_1;road_3_1_0_1;road_3_1_0_2;road_3_1_0_2;road_3_1_0_2,GGGrrrrrrGGGGGGrrrGGGrrrrrrGGGGGGrrr
40,intersection_4_2,road_4_3_3_0;road_4_3_3_0;road_4_3_3_0;road_4_3_3_1;road_4_3_3_1;road_4_3_3_1;road_4_3_3_2;road_4_3_3_2;road_4_3_3_2;road_5_2_2_0;road_5_2_2_0;road_5_2_2_0;road_5_2_2_1;road_5_2_2_1;road_5_2_2_1;road_5_2_2_2;road_5_2_2_2;road_5_2_2_2;road_4_1_1_0;road_4_1_1_0;road_4_1_1_0;road_4_1_1_1;road_4_1_1_1;road_4_1_1_1;road_4_1_1_2;road_4_1_1_2;road_4_1_1_2;road_3_2_0_0;road_3_2_0_0;road_3_2_0_0;road_3_2_0_1;road_3_2_0_1;road_3_2_0_1;road_3_2_0_2;road_3_2_0_2;road_3_2_0_2,GGGrrrrrrGGGGGGrrrGGGrrrrrrGGGGGGrrr
40,intersection_4_3,road_4_4_3_0;road_4_4_3_0;road_4_4_3_0;road_4_4_3_1;road_4_4_3_1;road_4_4_3_1;road_4_4_3_2;road_4_4_3_2;road_4_4_3_2;road_5_3_2_0;road_5_3_2_0;road_5_3_2_0;road_5_3_2_1;road_5_3_2_1;road_5_3_2_1;road_5_3_2_2;road_5_3_2_2;road_5_3_2_2;road_4_2_1_0;road_4_2_1_0;road_4_2_1_0;road_4_2_1_1;road_4_2_1_1;road_4_2_1_1;road_4_2_1_2;road_4_2_1_2;road_4_2_1_2;road_3_3_0_0;road_3_3_0_0;road_3_3_0_0;road_3_3_0_1;road_3_3_0_1;road_3_3_0_1;road_3_3_0_2;road_3_3_0_2;road_3_3_0_2,GGGrrrrrrGGGGGGrrrGGGrrrrrrGGGGGGrrr
40,intersection_4_4,road_4_5_3_0;road_4_5_3_0;road_4_5_3_0;road_4_5_3_1;road_4_5_3_1;road_4_5_3_1;road_4_5_3_2;road_4_5_3_2;road_4_5_3_2;road_5_4_2_0;road_5_4_2_0;road_5_4_2_0;road_5_4_2_1;road_5_4_2_1;road_5_4_2_1;road_5_4_2_2;road_5_4_2_2;road_5_4_2_2;road_4_3_1_0;road_4_3_1_0;road_4_3_1_0;road_4_3_1_1;road_4_3_1_1;road_4_3_1_1;road_4_3_1_2;road_4_3_1_2;road_4_3_1_2;road_3_4_0_0;road_3_4_0_0;road_3_4_0_0;road_3_4_0_1;road_3_4_0_1;road_3_4_0_1;road_3_4_0_2;road_3_4_0_2;road_3_4_0_2,GGGrrrrrrGGGGGGrrrGGGrrrrrrGGGGGGrrr
50,intersection_1_1,road_1_2_3_0;road_1_2_3_0;road_1_2_3_0;road_1_2_3_1;road_1_2_3_1;road_1_2_3_1;road_1_2_3_2;road_1_2_3_2;road_1_2_3_2;road_2_1_2_0;road_2_1_2_0;road_2_1_2_0;road_2_1_2_1;road_2_1_2_1;road_2_1_2_1;road_2_1_2_2;road_2_1_2_2;road_2_1_2_2;road_1_0_1_0;road_1_0_1_0;road_1_0_1_0;road_1_0_1_1;road_1_0_1_1;road_1_0_1_1;road_1_0_1_2;road_1_0_1_2;road_1_0_1_2;road_0_1_0_0;road_0_1_0_0;road_0_1_0_0;road_0_1_0_1;road_0_1_0_1;road_0_1_0_1;road_0_1_0_2;road_0_1_0_2;road_0_1_0_2,GGGrrrrrrGGGGGGrrrGGGrrrrrrGGGGGGrrr
50,intersection_1_2,road_1_3_3_0;road_1_3_3_0;road_1_3_3_0;road_1_3_3_1;road_1_3_3_1;road_1_3_3_1;road_1_3_3_2;road_1_3_3_2;road_1_3_3_2;road_2_2_2_0;road_2_2_2_0;road_2_2_2_0;road_2_2_2_1;road_2_2_2_1;road_2_2_2_1;road_2_2_2_2;road_2_2_2_2;road_2_2_2_2;road_1_1_1_0;road_1_1_1_0;road_1_1_1_0;road_1_1_1_1;road_1_1_1_1;road_1_1_1_1;road_1_1_1_2;road_1_1_1_2;road_1_1_1_2;road_0_2_0_0;road_0_2_0_0;road_0_2_0_0;road_0_2_0_1;road_0_2_0_1;road_0_2_0_1;road_0_2_0_2;road_0_2_0_2;road_0_2_0_2,GGGrrrrrrGGGGGGrrrGGGrrrrrrGGGGGGrrr
50,intersection_1_3,road_1_4_3_0;road_1_4_3_0;road_1_4_3_0;road_1_4_3_1;road_1_4_3_1;road_1_4_3_1;road_1_4_3_2;road_1_4_3_2;road_1_4_3_2;road_2_3_2_0;road_2_3_2_0;road_2_3_2_0;road_2_3_2_1;road_2_3_2_1;road_2_3_2_1;road_2_3_2_2;road_2_3_2_2;road_2_3_2_2;road_1_2_1_0;road_1_2_1_0;road_1_2_1_0;road_1_2_1_1;road_1_2_1_1;road_1_2_1_1;road_1_2_1_2;road_1_2_1_2;road_1_2_1_2;road_0_3_0_0;road_0_3_0_0;road_0_3_0_0;road_0_3_0_1;road_0_3_0_1;road_0_3_0_1;road_0_3_0_2;road_0_3_0_2;road_0_3_0_2,GGGrrrrrrGGGGGGrrrGGGrrrrrrGGGGGGrrr
50,intersection_1_4,road_1_5_3_0;road_1_5_3_0;road_1_5_3_0;road_1_5_3_1;road_1_5_3_1;road_1_5_3_1;road_1_5_3_2;road_1_5_3_2;road_1_5_3_2;road_2_4_2_0;road_2_4_2_0;road_2_4_2_0;road_2_4_2_1;road_2_4_2_1;road_2_4_2_1;road_2_4_2_2;road_2_4_2_2;road_2_4_2_2;road_1_3_1_0;road_1_3_1_0;road_1_3_1_0;road_1_3_1_1;road_1_3_1_1;road_1_3_1_1;road_1_3_1_2;road_1_3_1_2;road_1_3_1_2;road_0_4_0_0;road_0_4_0_0;road_0_4_0_0;road_0_4_0_1;road_0_4_0_1;road_0_4_0_1;road_0_4_0_2;road_0_4_0_2;road_0_4_0_2,GGGrrrrrrGGGGGGrrrGGGrrrrrrGGGGGGrrr
50,intersection_2_1,road_2_2_3_0;road_2_2_3_0;road_2_2_3_0;road_2_2_3_1;road_2_2_3_1;road_2_2_3_1;road_2_2_3_2;road_2_2_3_2;road_2_2_3_2;road_3_1_2_0;road_3_1_2_0;road_3_1_2_0;road_3_1_2_1;road_3_1_2_1;road_3_1_2_1;road_3_1_2_2;road_3_1_2_2;road_3_1_2_2;road_2_0_1_0;road_2_0_1_0;road_2_0_1_0;road_2_0_1_1;road_2_0_1_1;road_2_0_1_1;road_2_0_1_2;road_2_0_1_2;road_2_0_1_2;road_1_1_0_0;road_1_1_0_0;road_1_1_0_0;road_1_1_0_1;road_1_1_0_1;road_1_1_0_1;road_1_1_0_2;road_1_1_0_2;road_1_1_0_2,GGGrrrrrrGGGGGGrrrGGGrrrrrrGGGGGGrrr
50,intersection_2_2,road_2_3_3_0;road_2_3_3_0;road_2_3_3_0;road_2_3_3_1;road_2_3_3_1;road_2_3_3_1;road_2_3_3_2;road_2_3_3_2;road_2_3_3_2;road_3_2_2_0;road_3_2_2_0;road_3_2_2_0;road_3_2_2_1;road_3_2_2_1;road_3_2_2_1;road_3_2_2_2;road_3_2_2_2;road_3_2_2_2;road_2_1_1_0;road_2_1_1_0;road_2_1_1_0;road_2_1_1_1;road_2_1_1_1;road_2_1_1_1;road_2_1_1_2;road_2_1_1_2;road_2_1_1_2;road_1_2_0_0;road_1_2_0_0;road_1_2_0_0;road_1_2_0_1;road_1_2_0_1;road_1_2_0_1;road_1_2_0_2;road_1_2_0_2;road_1_2_0_2,GGGrrrrrrGGGGGGrrrGGGrrrrrrGGGGGGrrr
50,intersection_2_3,road_2_4_3_0;road_2_4_3_0;road_2_4_3_0;road_2_4_3_1;road_2_4_3_1;road_2_4_3_1;road_2_4_3_2;road_2_4_3_2;road_2_4_3_2;road_3_3_2_0;road_3_3_2_0;road_3_3_2_0;road_3_3_2_1;road_3_3_2_1;road_3_3_2_1;road_3_3_2_2;road_3_3_2_2;road_3_3_2_2;road_2_2_1_0;road_2_2_1_0;road_2_2_1_0;road_2_2_1_1;road_2_2_1_1;road_2_2_1_1;road_2_2_1_2;road_2_2_1_2;road_2_2_1_2;road_1_3_0_0;road_1_3_0_0;road_1_3_0_0;road_1_3_0_1;road_1_3_0_1;road_1_3_0_1;road_1_3_0_2;road_1_3_0_2;road_1_3_0_2,GGGrrrrrrGGGGGGrrrGGGrrrrrrGGGGGGrrr
50,intersection_2_4,road_2_5_3_0;road_2_5_3_0;road_2_5_3_0;road_2_5_3_1;road_2_5_3_1;road_2_5_3_1;road_2_5_3_2;road_2_5_3_2;road_2_5_3_2;road_3_4_2_0;road_3_4_2_0;road_3_4_2_0;road_3_4_2_1;road_3_4_2_1;road_3_4_2_1;road_3_4_2_2;road_3_4_2_2;road_3_4_2_2;road_2_3_1_0;road_2_3_1_0;road_2_3_1_0;road_2_3_1_1;road_2_3_1_1;road_2_3_1_1;road_2_3_1_2;road_2_3_1_2;road_2_3_1_2;road_1_4_0_0;road_1_4_0_0;road_1_4_0_0;road_1_4_0_1;road_1_4_0_1;road_1_4_0_1;road_1_4_0_2;road_1_4_0_2;road_1_4_0_2,GGGrrrrrrGGGGGGrrrGGGrrrrrrGGGGGGrrr
50,intersection_3_1,road_3_2_3_0;road_3_2_3_0;road_3_2_3_0;road_3_2_3_1;road_3_2_3_1;road_3_2_3_1;road_3_2_3_2;road_3_2_3_2;road_3_2_3_2;road_4_1_2_0;road_4_1_2_0;road_4_1_2_0;road_4_1_2_1;road_4_1_2_1;road_4_1_2_1;road_4_1_2_2;road_4_1_2_2;road_4_1_2_2;road_3_0_1_0;road_3_0_1_0;road_3_0_1_0;road_3_0_1_1;road_3_0_1_1;road_3_0_1_1;road_3_0_1_2;road_3_0_1_2;road_3_0_1_2;road_2_1_0_0;road_2_1_0_0;road_2_1_0_0;road_2_1_0_1;road_2_1_0_1;road_2_1_0_1;road_2_1_0_2;road_2_1_0_2;road_2_1_0_2,GGGrrrrrrGGGGGGrrrGGGrrrrrrGGGGGGrrr
50,intersection_3_2,road_3_3_3_0;road_3_3_3_0;road_3_3_3_0;road_3_3_3_1;road_3_3_3_1;road_3_3_3_1;road_3_3_3_2;road_3_3_3_2;road_3_3_3_2;road_4_2_2_0;road_4_2_2_0;road_4_2_2_0;road_4_2_2_1;road_4_2_2_1;road_4_2_2_1;road_4_2_2_2;road_4_2_2_2;road_4_2_2_2;road_3_1_1_0;road_3_1_1_0;road_3_1_1_0;road_3_1_1_1;road_3_1_1_1;road_3_1_1_1;road_3_1_1_2;road_3_1_1_2;road_3_1_1_2;road_2_2_0_0;road_2_2_0_0;road_2_2_0_0;road_2_2_0_1;road_2_2_0_1;road_2_2_0_1;road_2_2_0_2;road_2_2_0_2;road_2_2_0_2,GGGrrrrrrGGGGGGrrrGGGrrrrrrGGGGGGrrr
50,intersection_3_3,road_3_4_3_0;road_3_4_3_0;road_3_4_3_0;road_3_4_3_1;road_3_4_3_1;road_3_4_3_1;road_3_4_3_2;road_3_4_3_2;road_3_4_3_2;road_4_3_2_0;road_4_3_2_0;road_4_3_2_0;road_4_3_2_1;road_4_3_2_1;road_4_3_2_1;road_4_3_2_2;road_4_3_2_2;road_4_3_2_2;road_3_2_1_0;road_3_2_1_0;road_3_2_1_0;road_3_2_1_1;road_3_2_1_1;road_3_2_1_1;road_3_2_1_2;road_3_2_1_2;road_3_2_1_2;road_2_3_0_0;road_2_3_0_0;road_2_3_0_0;road_2_3_0_1;road_2_3_0_1;road_2_3_0_1;road_2_3_0_2;road_2_3_0_2;road_2_3_0_2,GGGrrrrrrGGGGGGrrrGGGrrrrrrGGGGGGrrr
50,intersection_3_4,road_3_5_3_0;road_3_5_3_0;road_3_5_3_0;road_3_5_3_1;road_3_5_3_1;road_3_5_3_1;road_3_5_3_2;road_3_5_3_2;road_3_5_3_2;road_4_4_2_0;road_4_4_2_0;road_4_4_2_0;road_4_4_2_1;road_4_4_2_1;road_4_4_2_1;road_4_4_2_2;road_4_4_2_2;road_4_4_2_2;road_3_3_1_0;road_3_3_1_0;road_3_3_1_0;road_3_3_1_1;road_3_3_1_1;road_3_3_1_1;road_3_3_1_2;road_3_3_1_2;road_3_3_1_2;road_2_4_0_0;road_2_4_0_0;road_2_4_0_0;road_2_4_0_1;road_2_4_0_1;road_2_4_0_1;road_2_4_0_2;road_2_4_0_2;road_2_4_0_2,GGGrrrrrrGGGGGGrrrGGGrrrrrrGGGGGGrrr
50,intersection_4_1,road_4_2_3_0;road_4_2_3_0;road_4_2_3_0;road_4_2_3_1;road_4_2_3_1;road_4_2_3_1;road_4_2_3_2;road_4_2_3_2;road_4_2_3_2;road_5_1_2_0;road_5_1_2_0;road_5_1_2_0;road_5_1_2_1;road_5_1_2_1;road_5_1_2_1;road_5_1_2_2;road_5_1_2_2;road_5_1_2_2;road_4_0_1_0;road_4_0_1_0;road_4_0_1_0;road_4_0_1_1;road_4_0_1_1;road_4_0_1_1;road_4_0_1_2;road_4_0_1_2;road_4_0_1_2;road_3_1_0_0;road_3_1_0_0;road_3_1_0_0;road_3_1_0_1;road_3_1_0_1;road_3_1_0_1;road_3_1_0_2;road_3_1_0_2;road_3_1_0_2,GGGrrrrrrGGGGGGrrrGGGrrrrrrGGGGGGrrr
50,intersection_4_2,road_4_3_3_0;road_4_3_3_0;road_4_3_3_0;road_4_3_3_1;road_4_3_3_1;road_4_3_3_1;road_4_3_3_2;road_4_3_3_2;road_4_3_3_2;road_5_2_2_0;road_5_2_2_0;road_5_2_2_0;road_5_2_2_1;road_5_2_2_1;road_5_2_2_1;road_5_2_2_2;road_5_2_2_2;road_5_2_2_2;road_4_1_1_0;road_4_1_1_0;road_4_1_1_0;road_4_1_1_1;road_4_1_1_1;road_4_1_1_1;road_4_1_1_2;road_4_1_1_2;road_4_1_1_2;road_3_2_0_0;road_3_2_0_0;road_3_2_0_0;road_3_2_0_1;road_3_2_0_1;road_3_2_0_1;road_3_2_0_2;road_3_2_0_2;road_3_2_0_2,GGGrrrrrrGGGGGGrrrGGGrrrrrrGGGGGGrrr
50,intersection_4_3,road_4_4_3_0;road_4_4_3_0;road_4_4_3_0;road_4_4_3_1;road_4_4_3_1;road_4_4_3_1;road_4_4_3_2;road_4_4_3_2;road_4_4_3_2;road_5_3_2_0;road_5_3_2_0;road_5_3_2_0;road_5_3_2_1;road_5_3_2_1;road_5_3_2_1;road_5_3_2_2;road_5_3_2_2;road_5_3_2_2;road_4_2_1_0;road_4_2_1_0;road_4_2_1_0;road_4_2_1_1;road_4_2_1_1;road_4_2_1_1;road_4_2_1_2;road_4_2_1_2;road_4_2_1_2;road_3_3_0_0;road_3_3_0_0;road_3_3_0_0;road_3_3_0_1;road_3_3_0_1;road_3_3_0_1;road_3_3_0_2;road_3_3_0_2;road_3_3_0_2,GGGrrrrrrGGGGGGrrrGGGrrrrrrGGGGGGrrr
50,intersection_4_4,road_4_5_3_0;road_4_5_3_0;road_4_5_3_0;road_4_5_3_1;road_4_5_3_1;road_4_5_3_1;road_4_5_3_2;road_4_5_3_2;road_4_5_3_2;road_5_4_2_0;road_5_4_2_0;road_5_4_2_0;road_5_4_2_1;road_5_4_2_1;road_5_4_2_1;road_5_4_2_2;road_5_4_2_2;road_5_4_2_2;road_4_3_1_0;road_4_3_1_0;road_4_3_1_0;road_4_3_1_1;road_4_3_1_1;road_4_3_1_1;road_4_3_1_2;road_4_3_1_2;road_4_3_1_2;road_3_4_0_0;road_3_4_0_0;road_3_4_0_0;road_3_4_0_1;road_3_4_0_1;road_3_4_0_1;road_3_4_0_2;road_3_4_0_2;road_3_4_0_2,GGGrrrrrrGGGGGGrrrGGGrrrrrrGGGGGGrrr
60,intersection_1_1,road_1_2_3_0;road_1_2_3_0;road_1_2_3_0;road_1_2_3_1;road_1_2_3_1;road_1_2_3_1;road_1_2_3_2;road_1_2_3_2;road_1_2_3_2;road_2_1_2_0;road_2_1_2_0;road_2_1_2_0;road_2_1_2_1;road_2_1_2_1;road_2_1_2_1;road_2_1_2_2;road_2_1_2_2;road_2_1_2_2;road_1_0_1_0;road_1_0_1_0;road_1_0_1_0;road_1_0_1_1;road_1_0_1_1;road_1_0_1_1;road_1_0_1_2;road_1_0_1_2;road_1_0_1_2;road_0_1_0_0;road_0_1_0_0;road_0_1_0_0;road_0_1_0_1;road_0_1_0_1;road_0_1_0_1;road_0_1_0_2;road_0_1_0_2;road_0_1_0_2,GGGrrrrrrGGGGGGrrrGGGrrrrrrGGGGGGrrr
60,intersection_1_2,road_1_3_3_0;road_1_3_3_0;road_1_3_3_0;road_1_3_3_1;road_1_3_3_1;road_1_3_3_1;road_1_3_3_2;road_1_3_3_2;road_1_3_3_2;road_2_2_2_0;road_2_2_2_0;road_2_2_2_0;road_2_2_2_1;road_2_2_2_1;road_2_2_2_1;road_2_2_2_2;road_2_2_2_2;road_2_2_2_2;road_1_1_1_0;road_1_1_1_0;road_1_1_1_0;road_1_1_1_1;road_1_1_1_1;road_1_1_1_1;road_1_1_1_2;road_1_1_1_2;road_1_1_1_2;road_0_2_0_0;road_0_2_0_0;road_0_2_0_0;road_0_2_0_1;road_0_2_0_1;road_0_2_0_1;road_0_2_0_2;road_0_2_0_2;road_0_2_0_2,GGGrrrrrrGGGGGGrrrGGGrrrrrrGGGGGGrrr
60,intersection_1_3,road_1_4_3_0;road_1_4_3_0;road_1_4_3_0;road_1_4_3_1;road_1_4_3_1;road_1_4_3_1;road_1_4_3_2;road_1_4_3_2;road_1_4_3_2;road_2_3_2_0;road_2_3_2_0;road_2_3_2_0;road_2_3_2_1;road_2_3_2_1;road_2_3_2_1;road_2_3_2_2;road_2_3_2_2;road_2_3_2_2;road_1_2_1_0;road_1_2_1_0;road_1_2_1_0;road_1_2_1_1;road_1_2_1_1;road_1_2_1_1;road_1_2_1_2;road_1_2_1_2;road_1_2_1_2;road_0_3_0_0;road_0_3_0_0;road_0_3_0_0;road_0_3_0_1;road_0_3_0_1;road_0_3_0_1;road_0_3_0_2;road_0_3_0_2;road_0_3_0_2,GGGrrrrrrGGGGGGrrrGGGrrrrrrGGGGGGrrr
60,intersection_1_4,road_1_5_3_0;road_1_5_3_0;road_1_5_3_0;road_1_5_3_1;road_1_5_3_1;road_1_5_3_1;road_1_5_3_2;road_1_5_3_2;road_1_5_3_2;road_2_4_2_0;road_2_4_2_0;road_2_4_2_0;road_2_4_2_1;road_2_4_2_1;road_2_4_2_1;road_2_4_2_2;road_2_4_2_2;road_2_4_2_2;road_1_3_1_0;road_1_3_1_0;road_1_3_1_0;road_1_3_1_1;road_1_3_1_1;road_1_3_1_1;road_1_3_1_2;road_1_3_1_2;road_1_3_1_2;road_0_4_0_0;road_0_4_0_0;road_0_4_0_0;road_0_4_0_1;road_0_4_0_1;road_0_4_0_1;road_0_4_0_2;road_0_4_0_2;road_0_4_0_2,GGGrrrrrrGGGGGGrrrGGGrrrrrrGGGGGGrrr
60,intersection_2_1,road_2_2_3_0;road_2_2_3_0;road_2_2_3_0;road_2_2_3_1;road_2_2_3_1;road_2_2_3_1;road_2_2_3_2;road_2_2_3_2;road_2_2_3_2;road_3_1_2_0;road_3_1_2_0;road_3_1_2_0;road_3_1_2_1;road_3_1_2_1;road_3_1_2_1;road_3_1_2_2;road_3_1_2_2;road_3_1_2_2;road_2_0_1_0;road_2_0_1_0;road_2_0_1_0;road_2_0_1_1;road_2_0_1_1;road_2_0_1_1;road_2_0_1_2;road_2_0_1_2;road_2_0_1_2;road_1_1_0_0;road_1_1_0_0;road_1_1_0_0;road_1_1_0_1;road_1_1_0_1;road_1_1_0_1;road_1_1_0_2;road_1_1_0_2;road_1_1_0_2,GGGrrrrrrGGGGGGrrrGGGrrrrrrGGGGGGrrr
60,intersection_2_2,road_2_3_3_0;road_2_3_3_0;road_2_3_3_0;road_2_3_3_1;road_2_3_3_1;road_2_3_3_1;road_2_3_3_2;road_2_3_3_2;road_2_3_3_2;road_3_2_2_0;road_3_2_2_0;road_3_2_2_0;road_3_2_2_1;road_3_2_2_1;road_3_2_2_1;road_3_2_2_2;road_3_2_2_2;road_3_2_2_2;road_2_1_1_0;road_2_1_1_0;road_2_1_1_0;road_2_1_1_1;road_2_1_1_1;road_2_1_1_1;road_2_1_1_2;road_2_1_1_2;road_2_1_1_2;road_1_2_0_0;road_1_2_0_0;road_1_2_0_0;road_1_2_0_1;road_1_2_0_1;road_1_2_0_1;road_1_2_0_2;road_1_2_0_2;road_1_2_0_2,GGGrrrrrrGGGGGGrrrGGGrrrrrrGGGGGGrrr
60,intersection_2_3,road_2_4_3_0;road_2_4_3_0;road_2_4_3_0;road_2_4_3_1;road_2_4_3_1;road_2_4_3_1;road_2_4_3_2;road_2_4_3_2;road_2_4_3_2;road_3_3_2_0;road_3_3_2_0;road_3_3_2_0;road_3_3_2_1;road_3_3_2_1;road_3_3_2_1;road_3_3_2_2;road_3_3_2_2;road_3_3_2_2;road_2_2_1_0;road_2_2_1_0;road_2_2_1_0;road_2_2_1_1;road_2_2_1_1;road_2_2_1_1;road_2_2_1_2;road_2_2_1_2;road_2_2_1_2;road_1_3_0_0;road_1_3_0_0;road_1_3_0_0;road_1_3_0_1;road_1_3_0_1;road_1_3_0_1;road_1_3_0_2;road_1_3_0_2;road_1_3_0_2,GGGrrrrrrGGGGGGrrrGGGrrrrrrGGGGGGrrr
60,intersection_2_4,road_2_5_3_0;road_2_5_3_0;road_2_5_3_0;road_2_5_3_1;road_2_5_3_1;road_2_5_3_1;road_2_5_3_2;road_2_5_3_2;road_2_5_3_2;road_3_4_2_0;road_3_4_2_0;road_3_4_2_0;road_3_4_2_1;road_3_4_2_1;road_3_4_2_1;road_3_4_2_2;road_3_4_2_2;road_3_4_2_2;road_2_3_1_0;road_2_3_1_0;road_2_3_1_0;road_2_3_1_1;road_2_3_1_1;road_2_3_1_1;road_2_3_1_2;road_2_3_1_2;road_2_3_1_2;road_1_4_0_0;road_1_4_0_0;road_1_4_0_0;road_1_4_0_1;road_1_4_0_1;road_1_4_0_1;road_1_4_0_2;road_1_4_0_2;road_1_4_0_2,GGGrrrrrrGGGGGGrrrGGGrrrrrrGGGGGGrrr
60,intersection_3_1,road_3_2_3_0;road_3_2_3_0;road_3_2_3_0;road_3_2_3_1;road_3_2_3_1;road_3_2_3_1;road_3_2_3_2;road_3_2_3_2;road_3_2_3_2;road_4_1_2_0;road_4_1_2_0;road_4_1_2_0;road_4_1_2_1;road_4_1_2_1;road_4_1_2_1;road_4_1_2_2;road_4_1_2_2;road_4_1_2_2;road_3_0_1_0;road_3_0_1_0;road_3_0_1_0;road_3_0_1_1;road_3_0_1_1;road_3_0_1_1;road_3_0_1_2;road_3_0_1_2;road_3_0_1_2;road_2_1_0_0;road_2_1_0_0;road_2_1_0_0;road_2_1_0_1;road_2_1_0_1;road_2_1_0_1;road_2_1_0_2;road_2_1_0_2;road_2_1_0_2,GGGrrrrrrGGGGGGrrrGGGrrrrrrGGGGGGrrr
60,intersection_3_2,road_3_3_3_0;road_3_3_3_0;road_3_3_3_0;road_3_3_3_1;road_3_3_3_1;road_3_3_3_1;road_3_3_3_2;road_3_3_3_2;road_3_3_3_2;road_4_2_2_0;road_4_2_2_0;road_4_2_2_0;road_4_2_2_1;road_4_2_2_1;road_4_2_2_1;road_4_2_2_2;road_4_2_2_2;road_4_2_2_2;road_3_1_1_0;road_3_1_1_0;road_3_1_1_0;road_3_1_1_1;road_3_1_1_1;road_3_1_1_1;road_3_1_1_2;road_3_1_1_2;road_3_1_1_2;road_2_2_0_0;road_2_2_0_0;road_2_2_0_0;road_2_2_0_1;road_2_2_0_1;road_2_2_0_1;road_2_2_0_2;road_2_2_0_2;road_2_2_0_2,GGGrrrrrrGGGGGGrrrGGGrrrrrrGGGGGGrrr
60,intersection_3_3,road_3_4_3_0;road_3_4_3_0;road_3_4_3_0;road_3_4_3_1;road_3_4_3_1;road_3_4_3_1;road_3_4_3_2;road_3_4_3_2;road_3_4_3_2;road_4_3_2_0;road_4_3_2_0;road_4_3_2_0;road_4_3_2_1;road_4_3_2_1;road_4_3_2_1;road_4_3_2_2;road_4_3_2_2;road_4_3_2_2;road_3_2_1_0;road_3_2_1_0;road_3_2_1_0;road_3_2_1_1;road_3_2_1_1;road_3_2_1_1;road_3_2_1_2;road_3_2_1_2;road_3_2_1_2;road_2_3_0_0;road_2_3_0_0;road_2_3_0_0;road_2_3_0_1;road_2_3_0_1;road_2_3_0_1;road_2_3_0_2;road_2_3_0_2;road_2_3_0_2,GGGrrrrrrGGGGGGrrrGGGrrrrrrGGGGGGrrr
60,intersection_3_4,road_3_5_3_0;road_3_5_3_0;road_3_5_3_0;road_3_5_3_1;road_3_5_3_1;road_3_5_3_1;road_3_5_3_2;road_3_5_3_2;road_3_5_3_2;road_4_4_2_0;road_4_4_2_0;road_4_4_2_0;road_4_4_2_1;road_4_4_2_1;road_4_4_2_1;road_4_4_2_2;road_4_4_2_2;road_4_4_2_2;road_3_3_1_0;road_3_3_1_0;road_3_3_1_0;road_3_3_1_1;road_3_3_1_1;road_3_3_1_1;road_3_3_1_2;road_3_3_1_2;road_3_3_1_2;road_2_4_0_0;road_2_4_0_0;road_2_4_0_0;road_2_4_0_1;road_2_4_0_1;road_2_4_0_1;road_2_4_0_2;road_2_4_0_2;road_2_4_0_2,GGGrrrrrrGGGGGGrrrGGGrrrrrrGGGGGGrrr
60,intersection_4_1,road_4_2_3_0;road_4_2_3_0;road_4_2_3_0;road_4_2_3_1;road_4_2_3_1;road_4_2_3_1;road_4_2_3_2;road_4_2_3_2;road_4_2_3_2;road_5_1_2_0;road_5_1_2_0;road_5_1_2_0;road_5_1_2_1;road_5_1_2_1;road_5_1_2_1;road_5_1_2_2;road_5_1_2_2;road_5_1_2_2;road_4_0_1_0;road_4_0_1_0;road_4_0_1_0;road_4_0_1_1;road_4_0_1_1;road_4_0_1_1;road_4_0_1_2;road_4_0_1_2;road_4_0_1_2;road_3_1_0_0;road_3_1_0_0;road_3_1_0_0;road_3_1_0_1;road_3_1_0_1;road_3_1_0_1;road_3_1_0_2;road_3_1_0_2;road_3_1_0_2,GGGrrrrrrGGGGGGrrrGGGrrrrrrGGGGGGrrr
60,intersection_4_2,road_4_3_3_0;road_4_3_3_0;road_4_3_3_0;road_4_3_3_1;road_4_3_3_1;road_4_3_3_1;road_4_3_3_2;road_4_3_3_2;road_4_3_3_2;road_5_2_2_0;road_5_2_2_0;road_5_2_2_0;road_5_2_2_1;road_5_2_2_1;road_5_2_2_1;road_5_2_2_2;road_5_2_2_2;road_5_2_2_2;road_4_1_1_0;road_4_1_1_0;road_4_1_1_0;road_4_1_1_1;road_4_1_1_1;road_4_1_1_1;road_4_1_1_2;road_4_1_1_2;road_4_1_1_2;road_3_2_0_0;road_3_2_0_0;road_3_2_0_0;road_3_2_0_1;road_3_2_0_1;road_3_2_0_1;road_3_2_0_2;road_3_2_0_2;road_3_2_0_2,GGGrrrrrrGGGGGGrrrGGGrrrrrrGGGGGGrrr
60,intersection_4_3,road_4_4_3_0;road_4_4_3_0;road_4_4_3_0;road_4_4_3_1;road_4_4_3_1;road_4_4_3_1;road_4_4_3_2;road_4_4_3_2;road_4_4_3_2;road_5_3_2_0;road_5_3_2_0;road_5_3_2_0;road_5_3_2_1;road_5_3_2_1;road_5_3_2_1;road_5_3_2_2;road_5_3_2_2;road_5_3_2_2;road_4_2_1_0;road_4_2_1_0;road_4_2_1_0;road_4_2_1_1;road_4_2_1_1;road_4_2_1_1;road_4_2_1_2;road_4_2_1_2;road_4_2_1_2;road_3_3_0_0;road_3_3_0_0;road_3_3_0_0;road_3_3_0_1;road_3_3_0_1;road_3_3_0_1;road_3_3_0_2;road_3_3_0_2;road_3_3_0_2,GGGrrrrrrGGGGGGrrrGGGrrrrrrGGGGGGrrr
60,intersection_4_4,road_4_5_3_0;road_4_5_3_0;road_4_5_3_0;road_4_5_3_1;road_4_5_3_1;road_4_5_3_1;road_4_5_3_2;road_4_5_3_2;road_4_5_3_2;road_5_4_2_0;road_5_4_2_0;road_5_4_2_0;road_5_4_2_1;road_5_4_2_1;road_5_4_2_1;road_5_4_2_2;road_5_4_2_2;road_5_4_2_2;road_4_3_1_0;road_4_3_1_0;road_4_3_1_0;road_4_3_1_1;road_4_3_1_1;road_4_3_1_1;road_4_3_1_2;road_4_3_1_2;road_4_3_1_2;road_3_4_0_0;road_3_4_0_0;road_3_4_0_0;road_3_4_0_1;road_3_4_0_1;road_3_4_0_1;road_3_4_0_2;road_3_4_0_2;road_3_4_0_2,GGGrrrrrrGGGGGGrrrGGGrrrrrrGGGGGGrrr
70,intersection_1_1,road_1_2_3_0;road_1_2_3_0;road_1_2_3_0;road_1_2_3_1;road_1_2_3_1;road_1_2_3_1;road_1_2_3_2;road_1_2_3_2;road_1_2_3_2;road_2_1_2_0;road_2_1_2_0;road_2_1_2_0;road_2_1_2_1;road_2_1_2_1;road_2_1_2_1;road_2_1_2_2;road_2_1_2_2;road_2_1_2_2;road_1_0_1_0;road_1_0_1_0;road_1_0_1_0;road_1_0_1_1;road_1_0_1_1;road_1_0_1_1;road_1_0_1_2;road_1_0_1_2;road_1_0_1_2;road_0_1_0_0;road_0_1_0_0;road_0_1_0_0;road_0_1_0_1;road_0_1_0_1;road_0_1_0_1;road_0_1_0_2;road_0_1_0_2;road_0_1_0_2,GGGrrrrrrGGGGGGrrrGGGrrrrrrGGGGGGrrr
70,intersection_1_2,road_1_3_3_0;road_1_3_3_0;road_1_3_3_0;road_1_3_3_1;road_1_3_3_1;road_1_3_3_1;road_1_3_3_2;road_1_3_3_2;road_1_3_3_2;road_2_2_2_0;road_2_2_2_0;road_2_2_2_0;road_2_2_2_1;road_2_2_2_1;road_2_2_2_1;road_2_2_2_2;road_2_2_2_2;road_2_2_2_2;road_1_1_1_0;road_1_1_1_0;road_1_1_1_0;road_1_1_1_1;road_1_1_1_1;road_1_1_1_1;road_1_1_1_2;road_1_1_1_2;road_1_1_1_2;road_0_2_0_0;road_0_2_0_0;road_0_2_0_0;road_0_2_0_1;road_0_2_0_1;road_0_2_0_1;road_0_2_0_2;road_0_2_0_2;road_0_2_0_2,GGGrrrrrrGGGGGGrrrGGGrrrrrrGGGGGGrrr
70,intersection_1_3,road_1_4_3_0;road_1_4_3_0;road_1_4_3_0;road_1_4_3_1;road_1_4_3_1;road_1_4_3_1;road_1_4_3_2;road_1_4_3_2;road_1_4_3_2;road_2_3_2_0;road_2_3_2_0;road_2_3_2_0;road_2_3_2_1;road_2_3_2_1;road_2_3_2_1;road_2_3_2_2;road_2_3_2_2;road_2_3_2_2;road_1_2_1_0;road_1_2_1_0;road_1_2_1_0;road_1_2_1_1;road_1_2_1_1;road_1_2_1_1;road_1_2_1_2;road_1_2_1_2;road_1_2_1_2;road_0_3_0_0;road_0_3_0_0;road_0_3_0_0;road_0_3_0_1;road_0_3_0_1;road_0_3_0_1;road_0_3_0_2;road_0_3_0_2;road_0_3_0_2,GGGrrrrrrGGGGGGrrrGGGrrrrrrGGGGGGrrr
70,intersection_1_4,road_1_5_3_0;road_1_5_3_0;road_1_5_3_0;road_1_5_3_1;road_1_5_3_1;road_1_5_3_1;road_1_5_3_2;road_1_5_3_2;road_1_5_3_2;road_2_4_2_0;road_2_4_2_0;road_2_4_2_0;road_2_4_2_1;road_2_4_2_1;road_2_4_2_1;road_2_4_2_2;road_2_4_2_2;road_2_4_2_2;road_1_3_1_0;road_1_3_1_0;road_1_3_1_0;road_1_3_1_1;road_1_3_1_1;road_1_3_1_1;road_1_3_1_2;road_1_3_1_2;road_1_3_1_2;road_0_4_0_0;road_0_4_0_0;road_0_4_0_0;road_0_4_0_1;road_0_4_0_1;road_0_4_0_1;road_0_4_0_2;road_0_4_0_2;road_0_4_0_2,GGGrrrrrrGGGGGGrrrGGGrrrrrrGGGGGGrrr
70,intersection_2_1,road_2_2_3_0;road_2_2_3_0;road_2_2_3_0;road_2_2_3_1;road_2_2_3_1;road_2_2_3_1;road_2_2_3_2;road_2_2_3_2;road_2_2_3_2;road_3_1_2_0;road_3_1_2_0;road_3_1_2_0;road_3_1_2_1;road_3_1_2_1;road_3_1_2_1;road_3_1_2_2;road_3_1_2_2;road_3_1_2_2;road_2_0_1_0;road_2_0_1_0;road_2_0_1_0;road_2_0_1_1;road_2_0_1_1;road_2_0_1_1;road_2_0_1_2;road_2_0_1_2;road_2_0_1_2;road_1_1_0_0;road_1_1_0_0;road_1_1_0_0;road_1_1_0_1;road_1_1_0_1;road_1_1_0_1;road_1_1_0_2;road_1_1_0_2;road_1_1_0_2,GGGrrrrrrGGGGGGrrrGGGrrrrrrGGGGGGrrr
70,intersection_2_2,road_2_3_3_0;road_2_3_3_0;road_2_3_3_0;road_2_3_3_1;road_2_3_3_1;road_2_3_3_1;road_2_3_3_2;road_2_3_3_2;road_2_3_3_2;road_3_2_2_0;road_3_2_2_0;road_3_2_2_0;road_3_2_2_1;road_3_2_2_1;road_3_2_2_1;road_3_2_2_2;road_3_2_2_2;road_3_2_2_2;road_2_1_1_0;road_2_1_1_0;road_2_1_1_0;road_2_1_1_1;road_2_1_1_1;road_2_1_1_1;road_2_1_1_2;road_2_1_1_2;road_2_1_1_2;road_1_2_0_0;road_1_2_0_0;road_1_2_0_0;road_1_2_0_1;road_1_2_0_1;road_1_2_0_1;road_1_2_0_2;road_1_2_0_2;road_1_2_0_2,GGGrrrrrrGGGGGGrrrGGGrrrrrrGGGGGGrrr
70,intersection_2_3,road_2_4_3_0;road_2_4_3_0;road_2_4_3_0;road_2_4_3_1;road_2_4_3_1;road_2_4_3_1;road_2_4_3_2;road_2_4_3_2;road_2_4_3_2;road_3_3_2_0;road_3_3_2_0;road_3_3_2_0;road_3_3_2_1;road_3_3_2_1;road_3_3_2_1;road_3_3_2_2;road_3_3_2_2;road_3_3_2_2;road_2_2_1_0;road_2_2_1_0;road_2_2_1_0;road_2_2_1_1;road_2_2_1_1;road_2_2_1_1;road_2_2_1_2;road_2_2_1_2;road_2_2_1_2;road_1_3_0_0;road_1_3_0_0;road_1_3_0_0;road_1_3_0_1;road_1_3_0_1;road_1_3_0_1;road_1_3_0_2;road_1_3_0_2;road_1_3_0_2,GGGrrrrrrGGGGGGrrrGGGrrrrrrGGGGGGrrr
70,intersection_2_4,road_2_5_3_0;road_2_5_3_0;road_2_5_3_0;road_2_5_3_1;road_2_5_3_1;road_2_5_3_1;road_2_5_3_2;road_2_5_3_2;road_2_5_3_2;road_3_4_2_0;road_3_4_2_0;road_3_4_2_0;road_3_4_2_1;road_3_4_2_1;road_3_4_2_1;road_3_4_2_2;road_3_4_2_2;road_3_4_2_2;road_2_3_1_0;road_2_3_1_0;road_2_3_1_0;road_2_3_1_1;road_2_3_1_1;road_2_3_1_1;road_2_3_1_2;road_2_3_1_2;road_2_3_1_2;road_1_4_0_0;road_1_4_0_0;road_1_4_0_0;road_1_4_0_1;road_1_4_0_1;road_1_4_0_1;road_1_4_0_2;road_1_4_0_2;road_1_4_0_2,GGGrrrrrrGGGGGGrrrGGGrrrrrrGGGGGGrrr
70,intersection_3_1,road_3_2_3_0;road_3_2_3_0;road_3_2_3_0;road_3_2_3_1;road_3_2_3_1;road_3_2_3_1;road_3_2_3_2;road_3_2_3_2;road_3_2_3_2;road_4_1_2_0;road_4_1_2_0;road_4_1_2_0;road_4_1_2_1;road_4_1_2_1;road_4_1_2_1;road_4_1_2_2;road_4_1_2_2;road_4_1_2_2;road_3_0_1_0;road_3_0_1_0;road_3_0_1_0;road_3_0_1_1;road_3_0_1_1;road_3_0_1_1;road_3_0_1_2;road_3_0_1_2;road_3_0_1_2;road_2_1_0_0;road_2_1_0_0;road_2_1_0_0;road_2_1_0_1;road_2_1_0_1;road_2_1_0_1;road_2_1_0_2;road_2_1_0_2;road_2_1_0_2,GGGrrrrrrGGGGGGrrrGGGrrrrrrGGGGGGrrr
70,intersection_3_2,road_3_3_3_0;road_3_3_3_0;road_3_3_3_0;road_3_3_3_1;road_3_3_3_1;road_3_3_3_1;road_3_3_3_2;road_3_3_3_2;road_3_3_3_2;road_4_2_2_0;road_4_2_2_0;road_4_2_2_0;road_4_2_2_1;road_4_2_2_1;road_4_2_2_1;road_4_2_2_2;road_4_2_2_2;road_4_2_2_2;road_3_1_1_0;road_3_1_1_0;road_3_1_1_0;road_3_1_1_1;road_3_1_1_1;road_3_1_1_1;road_3_1_1_2;road_3_1_1_2;road_3_1_1_2;road_2_2_0_0;road_2_2_0_0;road_2_2_0_0;road_2_2_0_1;road_2_2_0_1;road_2_2_0_1;road_2_2_0_2;road_2_2_0_2;road_2_2_0_2,GGGrrrrrrGGGGGGrrrGGGrrrrrrGGGGGGrrr
70,intersection_3_3,road_3_4_3_0;road_3_4_3_0;road_3_4_3_0;road_3_4_3_1;road_3_4_3_1;road_3_4_3_1;road_3_4_3_2;road_3_4_3_2;road_3_4_3_2;road_4_3_2_0;road_4_3_2_0;road_4_3_2_0;road_4_3_2_1;road_4_3_2_1;road_4_3_2_1;road_4_3_2_2;road_4_3_2_2;road_4_3_2_2;road_3_2_1_0;road_3_2_1_0;road_3_2_1_0;road_3_2_1_1;road_3_2_1_1;road_3_2_1_1;road_3_2_1_2;road_3_2_1_2;road_3_2_1_2;road_2_3_0_0;road_2_3_0_0;road_2_3_0_0;road_2_3_0_1;road_2_3_0_1;road_2_3_0_1;road_2_3_0_2;road_2_3_0_2;road_2_3_0_2,GGGrrrrrrGGGGGGrrrGGGrrrrrrGGGGGGrrr
70,intersection_3_4,road_3_5_3_0;road_3_5_3_0;road_3_5_3_0;road_3_5_3_1;road_3_5_3_1;road_3_5_3_1;road_3_5_3_2;road_3_5_3_2;road_3_5_3_2;road_4_4_2_0;road_4_4_2_0;road_4_4_2_0;road_4_4_2_1;road_4_4_2_1;road_4_4_2_1;road_4_4_2_2;road_4_4_2_2;road_4_4_2_2;road_3_3_1_0;road_3_3_1_0;road_3_3_1_0;road_3_3_1_1;road_3_3_1_1;road_3_3_1_1;road_3_3_1_2;road_3_3_1_2;road_3_3_1_2;road_2_4_0_0;road_2_4_0_0;road_2_4_0_0;road_2_4_0_1;road_2_4_0_1;road_2_4_0_1;road_2_4_0_2;road_2_4_0_2;road_2_4_0_2,GGGrrrrrrGGGGGGrrrGGGrrrrrrGGGGGGrrr
70,intersection_4_1,road_4_2_3_0;road_4_2_3_0;road_4_2_3_0;road_4_2_3_1;road_4_2_3_1;road_4_2_3_1;road_4_2_3_2;road_4_2_3_2;road_4_2_3_2;road_5_1_2_0;road_5_1_2_0;road_5_1_2_0;road_5_1_2_1;road_5_1_2_1;road_5_1_2_1;road_5_1_2_2;road_5_1_2_2;road_5_1_2_2;road_4_0_1_0;road_4_0_1_0;road_4_0_1_0;road_4_0_1_1;road_4_0_1_1;road_4_0_1_1;road_4_0_1_2;road_4_0_1_2;road_4_0_1_2;road_3_1_0_0;road_3_1_0_0;road_3_1_0_0;road_3_1_0_1;road_3_1_0_1;road_3_1_0_1;road_3_1_0_2;road_3_1_0_2;road_3_1_0_2,GGGrrrrrrGGGGGGrrrGGGrrrrrrGGGGGGrrr
70,intersection_4_2,road_4_3_3_0;road_4_3_3_0;road_4_3_3_0;road_4_3_3_1;road_4_3_3_1;road_4_3_3_1;road_4_3_3_2;road_4_3_3_2;road_4_3_3_2;road_5_2_2_0;road_5_2_2_0;road_5_2_2_0;road_5_2_2_1;road_5_2_2_1;road_5_2_2_1;road_5_2_2_2;road_5_2_2_2;road_5_2_2_2;road_4_1_1_0;road_4_1_1_0;road_4_1_1_0;road_4_1_1_1;road_4_1_1_1;road_4_1_1_1;road_4_1_1_2;road_4_1_1_2;road_4_1_1_2;road_3_2_0_0;road_3_2_0_0;road_3_2_0_0;road_3_2_0_1;road_3_2_0_1;road_3_2_0_1;road_3_2_0_2;road_3_2_0_2;road_3_2_0_2,GGGrrrrrrGGGGGGrrrGGGrrrrrrGGGGGGrrr
70,intersection_4_3,road_4_4_3_0;road_4_4_3_0;road_4_4_3_0;road_4_4_3_1;road_4_4_3_1;road_4_4_3_1;road_4_4_3_2;road_4_4_3_2;road_4_4_3_2;road_5_3_2_0;road_5_3_2_0;road_5_3_2_0;road_5_3_2_1;road_5_3_2_1;road_5_3_2_1;road_5_3_2_2;road_5_3_2_2;road_5_3_2_2;road_4_2_1_0;road_4_2_1_0;road_4_2_1_0;road_4_2_1_1;road_4_2_1_1;road_4_2_1_1;road_4_2_1_2;road_4_2_1_2;road_4_2_1_2;road_3_3_0_0;road_3_3_0_0;road_3_3_0_0;road_3_3_0_1;road_3_3_0_1;road_3_3_0_1;road_3_3_0_2;road_3_3_0_2;road_3_3_0_2,GGGrrrrrrGGGGGGrrrGGGrrrrrrGGGGGGrrr
70,intersection_4_4,road_4_5_3_0;road_4_5_3_0;road_4_5_3_0;road_4_5_3_1;road_4_5_3_1;road_4_5_3_1;road_4_5_3_2;road_4_5_3_2;road_4_5_3_2;road_5_4_2_0;road_5_4_2_0;road_5_4_2_0;road_5_4_2_1;road_5_4_2_1;road_5_4_2_1;road_5_4_2_2;road_5_4_2_2;road_5_4_2_2;road_4_3_1_0;road_4_3_1_0;road_4_3_1_0;road_4_3_1_1;road_4_3_1_1;road_4_3_1_1;road_4_3_1_2;road_4_3_1_2;road_4_3_1_2;road_3_4_0_0;road_3_4_0_0;road_3_4_0_0;road_3_4_0_1;road_3_4_0_1;road_3_4_0_1;road_3_4_0_2;road_3_4_0_2;road_3_4_0_2,GGGrrrrrrGGGGGGGGGGGGrrrrrrGGGrrrrrr
80,intersection_1_1,road_1_2_3_0;road_1_2_3_0;road_1_2_3_0;road_1_2_3_1;road_1_2_3_1;road_1_2_3_1;road_1_2_3_2;road_1_2_3_2;road_1_2_3_2;road_2_1_2_0;road_2_1_2_0;road_2_1_2_0;road_2_1_2_1;road_2_1_2_1;road_2_1_2_1;road_2_1_2_2;road_2_1_2_2;road_2_1_2_2;road_1_0_1_0;road_1_0_1_0;road_1_0_1_0;road_1_0_1_1;road_1_0_1_1;road_1_0_1_1;road_1_0_1_2;road_1_0_1_2;road_1_0_1_2;road_0_1_0_0;road_0_1_0_0;road_0_1_0_0;road_0_1_0_1;road_0_1_0_1;road_0_1_0_1;road_0_1_0_2;road_0_1_0_2;road_0_1_0_2,GGGrrrrrrGGGGGGrrrGGGrrrrrrGGGGGGrrr
80,intersection_1_2,road_1_3_3_0;road_1_3_3_0;road_1_3_3_0;road_1_3_3_1;road_1_3_3_1;road_1_3_3_1;road_1_3_3_2;road_1_3_3_2;road_1_3_3_2;road_2_2_2_0;road_2_2_2_0;road_2_2_2_0;road_2_2_2_1;road_2_2_2_1;road_2_2_2_1;road_2_2_2_2;road_2_2_2_2;road_2_2_2_2;road_1_1_1_0;road_1_1_1_0;road_1_1_1_0;road_1_1_1_1;road_1_1_1_1;road_1_1_1_1;road_1_1_1_2;road_1_1_1_2;road_1_1_1_2;road_0_2_0_0;road_0_2_0_0;road_0_2_0_0;road_0_2_0_1;road_0_2_0_1;road_0_2_0_1;road_0_2_0_2;road_0_2_0_2;road_0_2_0_2,GGGrrrrrrGGGGGGrrrGGGrrrrrrGGGGGGrrr
80,intersection_1_3,road_1_4_3_0;road_1_4_3_0;road_1_4_3_0;road_1_4_3_1;road_1_4_3_1;road_1_4_3_1;road_1_4_3_2;road_1_4_3_2;road_1_4_3_2;road_2_3_2_0;road_2_3_2_0;road_2_3_2_0;road_2_3_2_1;road_2_3_2_1;road_2_3_2_1;road_2_3_2_2;road_2_3_2_2;road_2_3_2_2;road_1_2_1_0;road_1_2_1_0;road_1_2_1_0;road_1_2_1_1;road_1_2_1_1;road_1_2_1_1;road_1_2_1_2;road_1_2_1_2;road_1_2_1_2;road_0_3_0_0;road_0_3_0_0;road_0_3_0_0;road_0_3_0_1;road_0_3_0_1;road_0_3_0_1;road_0_3_0_2;road_0_3_0_2;road_0_3_0_2,GGGrrrrrrGGGGGGrrrGGGrrrrrrGGGGGGrrr
80,intersection_1_4,road_1_5_3_0;road_1_5_3_0;road_1_5_3_0;road_1_5_3_1;road_1_5_3_1;road_1_5_3_1;road_1_5_3_2;road_1_5_3_2;road_1_5_3_2;road_2_4_2_0;road_2_4_2_0;road_2_4_2_0;road_2_4_2_1;road_2_4_2_1;road_2_4_2_1;road_2_4_2_2;road_2_4_2_2;road_2_4_2_2;road_1_3_1_0;road_1_3_1_0;road_1_3_1_0;road_1_3_1_1;road_1_3_1_1;road_1_3_1_1;road_1_3_1_2;road_1_3_1_2;road_1_3_1_2;road_0_4_0_0;road_0_4_0_0;road_0_4_0_0;road_0_4_0_1;road_0_4_0_1;road_0_4_0_1;road_0_4_0_2;road_0_4_0_2;road_0_4_0_2,GGGrrrrrrGGGGGGrrrGGGrrrrrrGGGGGGrrr
80,intersection_2_1,road_2_2_3_0;road_2_2_3_0;road_2_2_3_0;road_2_2_3_1;road_2_2_3_1;road_2_2_3_1;road_2_2_3_2;road_2_2_3_2;road_2_2_3_2;road_3_1_2_0;road_3_1_2_0;road_3_1_2_0;road_3_1_2_1;road_3_1_2_1;road_3_1_2_1;road_3_1_2_2;road_3_1_2_2;road_3_1_2_2;road_2_0_1_0;road_2_0_1_0;road_2_0_1_0;road_2_0_1_1;road_2_0_1_1;road_2_0_1_1;road_2_0_1_2;road_2_0_1_2;road_2_0_1_2;road_1_1_0_0;road_1_1_0_0;road_1_1_0_0;road_1_1_0_1;road_1_1_0_1;road_1_1_0_1;road_1_1_0_2;road_1_1_0_2;road_1_1_0_2,GGGrrrrrrGGGGGGrrrGGGrrrrrrGGGGGGrrr
80,intersection_2_2,road_2_3_3_0;road_2_3_3_0;road_2_3_3_0;road_2_3_3_1;road_2_3_3_1;road_2_3_3_1;road_2_3_3_2;road_2_3_3_2;road_2_3_3_2;road_3_2_2_0;road_3_2_2_0;road_3_2_2_0;road_3_2_2_1;road_3_2_2_1;road_3_2_2_1;road_3_2_2_2;road_3_2_2_2;road_3_2_2_2;road_2_1_1_0;road_2_1_1_0;road_2_1_1_0;road_2_1_1_1;road_2_1_1_1;road_2_1_1_1;road_2_1_1_2;road_2_1_1_2;road_2_1_1_2;road_1_2_0_0;road_1_2_0_0;road_1_2_0_0;road_1_2_0_1;road_1_2_0_1;road_1_2_0_1;road_1_2_0_2;road_1_2_0_2;road_1_2_0_2,GGGrrrrrrGGGGGGrrrGGGrrrrrrGGGGGGrrr
80,intersection_2_3,road_2_4_3_0;road_2_4_3_0;road_2_4_3_0;road_2_4_3_1;road_2_4_3_1;road_2_4_3_1;road_2_4_3_2;road_2_4_3_2;road_2_4_3_2;road_3_3_2_0;road_3_3_2_0;road_3_3_2_0;road_3_3_2_1;road_3_3_2_1;road_3_3_2_1;road_3_3_2_2;road_3_3_2_2;road_3_3_2_2;road_2_2_1_0;road_2_2_1_0;road_2_2_1_0;road_2_2_1_1;road_2_2_1_1;road_2_2_1_1;road_2_2_1_2;road_2_2_1_2;road_2_2_1_2;road_1_3_0_0;road_1_3_0_0;road_1_3_0_0;road_1_3_0_1;road_1_3_0_1;road_1_3_0_1;road_1_3_0_2;road_1_3_0_2;road_1_3_0_2,GGGrrrrrrGGGGGGrrrGGGrrrrrrGGGGGGrrr
80,intersection_2_4,road_2_5_3_0;road_2_5_3_0;road_2_5_3_0;road_2_5_3_1;road_2_5_3_1;road_2_5_3_1;road_2_5_3_2;road_2_5_3_2;road_2_5_3_2;road_3_4_2_0;road_3_4_2_0;road_3_4_2_0;road_3_4_2_1;road_3_4_2_1;road_3_4_2_1;road_3_4_2_2;road_3_4_2_2;road_3_4_2_2;road_2_3_1_0;road_2_3_1_0;road_2_3_1_0;road_2_3_1_1;road_2_3_1_1;road_2_3_1_1;road_2_3_1_2;road_2_3_1_2;road_2_3_1_2;road_1_4_0_0;road_1_4_0_0;road_1_4_0_0;road_1_4_0_1;road_1_4_0_1;road_1_4_0_1;road_1_4_0_2;road_1_4_0_2;road_1_4_0_2,GGGrrrrrrGGGGGGrrrGGGrrrrrrGGGGGGrrr
80,intersection_3_1,road_3_2_3_0;road_3_2_3_0;road_3_2_3_0;road_3_2_3_1;road_3_2_3_1;road_3_2_3_1;road_3_2_3_2;road_3_2_3_2;road_3_2_3_2;road_4_1_2_0;road_4_1_2_0;road_4_1_2_0;road_4_1_2_1;road_4_1_2_1;road_4_1_2_1;road_4_1_2_2;road_4_1_2_2;road_4_1_2_2;road_3_0_1_0;road_3_0_1_0;road_3_0_1_0;road_3_0_1_1;road_3_0_1_1;road_3_0_1_1;road_3_0_1_2;road_3_0_1_2;road_3_0_1_2;road_2_1_0_0;road_2_1_0_0;road_2_1_0_0;road_2_1_0_1;road_2_1_0_1;road_2_1_0_1;road_2_1_0_2;road_2_1_0_2;road_2_1_0_2,GGGrrrrrrGGGGGGrrrGGGrrrrrrGGGGGGrrr
80,intersection_3_2,road_3_3_3_0;road_3_3_3_0;road_3_3_3_0;road_3_3_3_1;road_3_3_3_1;road_3_3_3_1;road_3_3_3_2;road_3_3_3_2;road_3_3_3_2;road_4_2_2_0;road_4_2_2_0;road_4_2_2_0;road_4_2_2_1;road_4_2_2_1;road_4_2_2_1;road_4_2_2_2;road_4_2_2_2;road_4_2_2_2;road_3_1_1_0;road_3_1_1_0;road_3_1_1_0;road_3_1_1_1;road_3_1_1_1;road_3_1_1_1;road_3_1_1_2;road_3_1_1_2;road_3_1_1_2;road_2_2_0_0;road_2_2_0_0;road_2_2_0_0;road_2_2_0_1;road_2_2_0_1;road_2_2_0_1;road_2_2_0_2;road_2_2_0_2;road_2_2_0_2,GGGrrrrrrGGGGGGrrrGGGrrrrrrGGGGGGrrr
80,intersection_3_3,road_3_4_3_0;road_3_4_3_0;road_3_4_3_0;road_3_4_3_1;road_3_4_3_1;road_3_4_3_1;road_3_4_3_2;road_3_4_3_2;road_3_4_3_2;road_4_3_2_0;road_4_3_2_0;road_4_3_2_0;road_4_3_2_1;road_4_3_2_1;road_4_3_2_1;road_4_3_2_2;road_4_3_2_2;road_4_3_2_2;road_3_2_1_0;road_3_2_1_0;road_3_2_1_0;road_3_2_1_1;road_3_2_1_1;road_3_2_1_1;road_3_2_1_2;road_3_2_1_2;road_3_2_1_2;road_2_3_0_0;road_2_3_0_0;road_2_3_0_0;road_2_3_0_1;road_2_3_0_1;road_2_3_0_1;road_2_3_0_2;road_2_3_0_2;road_2_3_0_2,GGGrrrrrrGGGGGGrrrGGGrrrrrrGGGGGGrrr
80,intersection_3_4,road_3_5_3_0;road_3_5_3_0;road_3_5_3_0;road_3_5_3_1;road_3_5_3_1;road_3_5_3_1;road_3_5_3_2;road_3_5_3_2;road_3_5_3_2;road_4_4_2_0;road_4_4_2_0;road_4_4_2_0;road_4_4_2_1;road_4_4_2_1;road_4_4_2_1;road_4_4_2_2;road_4_4_2_2;road_4_4_2_2;road_3_3_1_0;road_3_3_1_0;road_3_3_1_0;road_3_3_1_1;road_3_3_1_1;road_3_3_1_1;road_3_3_1_2;road_3_3_1_2;road_3_3_1_2;road_2_4_0_0;road_2_4_0_0;road_2_4_0_0;road_2_4_0_1;road_2_4_0_1;road_2_4_0_1;road_2_4_0_2;road_2_4_0_2;road_2_4_0_2,GGGrrrrrrGGGGGGrrrGGGrrrrrrGGGGGGrrr
80,intersection_4_1,road_4_2_3_0;road_4_2_3_0;road_4_2_3_0;road_4_2_3_1;road_4_2_3_1;road_4_2_3_1;road_4_2_3_2;road_4_2_3_2;road_4_2_3_2;road_5_1_2_0;road_5_1_2_0;road_5_1_2_0;road_5_1_2_1;road_5_1_2_1;road_5_1_2_1;road_5_1_2_2;road_5_1_2_2;road_5_1_2_2;road_4_0_1_0;road_4_0_1_0;road_4_0_1_0;road_4_0_1_1;road_4_0_1_1;road_4_0_1_1;road_4_0_1_2;road_4_0_1_2;road_4_0_1_2;road_3_1_0_0;road_3_1_0_0;road_3_1_0_0;road_3_1_0_1;road_3_1_0_1;road_3_1_0_1;road_3_1_0_2;road_3_1_0_2;road_3_1_0_2,GGGrrrrrrGGGGGGrrrGGGrrrrrrGGGGGGrrr
80,intersection_4_2,road_4_3_3_0;road_4_3_3_0;road_4_3_3_0;road_4_3_3_1;road_4_3_3_1;road_4_3_3_1;road_4_3_3_2;road_4_3_3_2;road_4_3_3_2;road_5_2_2_0;road_5_2_2_0;road_5_2_2_0;road_5_2_2_1;road_5_2_2_1;road_5_2_2_1;road_5_2_2_2;road_5_2_2_2;road_5_2_2_2;road_4_1_1_0;road_4_1_1_0;road_4_1_1_0;road_4_1_1_1;road_4_1_1_1;road_4_1_1_1;road_4_1_1_2;road_4_1_1_2;road_4_1_1_2;road_3_2_0_0;road_3_2_0_0;road_3_2_0_0;road_3_2_0_1;road_3_2_0_1;road_3_2_0_1;road_3_2_0_2;road_3_2_0_2;road_3_2_0_2,GGGrrrrrrGGGGGGrrrGGGrrrrrrGGGGGGrrr
80,intersection_4_3,road_4_4_3_0;road_4_4_3_0;road_4_4_3_0;road_4_4_3_1;road_4_4_3_1;road_4_4_3_1;road_4_4_3_2;road_4_4_3_2;road_4_4_3_2;road_5_3_2_0;road_5_3_2_0;road_5_3_2_0;road_5_3_2_1;road_5_3_2_1;road_5_3_2_1;road_5_3_2_2;road_5_3_2_2;road_5_3_2_2;road_4_2_1_0;road_4_2_1_0;road_4_2_1_0;road_4_2_1_1;road_4_2_1_1;road_4_2_1_1;road_4_2_1_2;road_4_2_1_2;road_4_2_1_2;road_3_3_0_0;road_3_3_0_0;road_3_3_0_0;road_3_3_0_1;road_3_3_0_1;road_3_3_0_1;road_3_3_0_2;road_3_3_0_2;road_3_3_0_2,GGGrrrrrrGGGGGGrrrGGGrrrrrrGGGGGGrrr
80,intersection_4_4,road_4_5_3_0;road_4_5_3_0;road_4_5_3_0;road_4_5_3_1;road_4_5_3_1;road_4_5_3_1;road_4_5_3_2;road_4_5_3_2;road_4_5_3_2;road_5_4_2_0;road_5_4_2_0;road_5_4_2_0;road_5_4_2_1;road_5_4_2_1;road_5_4_2_1;road_5_4_2_2;road_5_4_2_2;road_5_4_2_2;road_4_3_1_0;road_4_3_1_0;road_4_3_1_0;road_4_3_1_1;road_4_3_1_1;road_4_3_1_1;road_4_3_1_2;road_4_3_1_2;road_4_3_1_2;road_3_4_0_0;road_3_4_0_0;road_3_4_0_0;road_3_4_0_1;road_3_4_0_1;road_3_4_0_1;road_3_4_0_2;road_3_4_0_2;road_3_4_0_2,GGGrrrrrrGGGGGGrrrGGGrrrrrrGGGGGGrrr
90,intersection_1_1,road_1_2_3_0;road_1_2_3_0;road_1_2_3_0;road_1_2_3_1;road_1_2_3_1;road_1_2_3_1;road_1_2_3_2;road_1_2_3_2;road_1_2_3_2;road_2_1_2_0;road_2_1_2_0;road_2_1_2_0;road_2_1_2_1;road_2_1_2_1;road_2_1_2_1;road_2_1_2_2;road_2_1_2_2;road_2_1_2_2;road_1_0_1_0;road_1_0_1_0;road_1_0_1_0;road_1_0_1_1;road_1_0_1_1;road_1_0_1_1;road_1_0_1_2;road_1_0_1_2;road_1_0_1_2;road_0_1_0_0;road_0_1_0_0;road_0_1_0_0;road_0_1_0_1;road_0_1_0_1;road_0_1_0_1;road_0_1_0_2;road_0_1_0_2;road_0_1_0_2,GGGrrrrrrGGGGGGrrrGGGrrrrrrGGGGGGrrr
90,intersection_1_2,road_1_3_3_0;road_1_3_3_0;road_1_3_3_0;road_1_3_3_1;road_1_3_3_1;road_1_3_3_1;road_1_3_3_2;road_1_3_3_2;road_1_3_3_2;road_2_2_2_0;road_2_2_2_0;road_2_2_2_0;road_2_2_2_1;road_2_2_2_1;road_2_2_2_1;road_2_2_2_2;road_2_2_2_2;road_2_2_2_2;road_1_1_1_0;road_1_1_1_0;road_1_1_1_0;road_1_1_1_1;road_1_1_1_1;road_1_1_1_1;road_1_1_1_2;road_1_1_1_2;road_1_1_1_2;road_0_2_0_0;road_0_2_0_0;road_0_2_0_0;road_0_2_0_1;road_0_2_0_1;road_0_2_0_1;road_0_2_0_2;road_0_2_0_2;road_0_2_0_2,GGGrrrrrrGGGGGGrrrGGGrrrrrrGGGGGGrrr
90,intersection_1_3,road_1_4_3_0;road_1_4_3_0;road_1_4_3_0;road_1_4_3_1;road_1_4_3_1;road_1_4_3_1;road_1_4_3_2;road_1_4_3_2;road_1_4_3_2;road_2_3_2_0;road_2_3_2_0;road_2_3_2_0;road_2_3_2_1;road_2_3_2_1;road_2_3_2_1;road_2_3_2_2;road_2_3_2_2;road_2_3_2_2;road_1_2_1_0;road_1_2_1_0;road_1_2_1_0;road_1_2_1_1;road_1_2_1_1;road_1_2_1_1;road_1_2_1_2;road_1_2_1_2;road_1_2_1_2;road_0_3_0_0;road_0_3_0_0;road_0_3_0_0;road_0_3_0_1;road_0_3_0_1;road_0_3_0_1;road_0_3_0_2;road_0_3_0_2;road_0_3_0_2,GGGrrrrrrGGGGGGrrrGGGrrrrrrGGGGGGrrr
90,intersection_1_4,road_1_5_3_0;road_1_5_3_0;road_1_5_3_0;road_1_5_3_1;road_1_5_3_1;road_1_5_3_1;road_1_5_3_2;road_1_5_3_2;road_1_5_3_2;road_2_4_2_0;road_2_4_2_0;road_2_4_2_0;road_2_4_2_1;road_2_4_2_1;road_2_4_2_1;road_2_4_2_2;road_2_4_2_2;road_2_4_2_2;road_1_3_1_0;road_1_3_1_0;road_1_3_1_0;road_1_3_1_1;road_1_3_1_1;road_1_3_1_1;road_1_3_1_2;road_1_3_1_2;road_1_3_1_2;road_0_4_0_0;road_0_4_0_0;road_0_4_0_0;road_0_4_0_1;road_0_4_0_1;road_0_4_0_1;road_0_4_0_2;road_0_4_0_2;road_0_4_0_2,GGGrrrrrrGGGGGGrrrGGGrrrrrrGGGGGGrrr
90,intersection_2_1,road_2_2_3_0;road_2_2_3_0;road_2_2_3_0;road_2_2_3_1;road_2_2_3_1;road_2_2_3_1;road_2_2_3_2;road_2_2_3_2;road_2_2_3_2;road_3_1_2_0;road_3_1_2_0;road_3_1_2_0;road_3_1_2_1;road_3_1_2_1;road_3_1_2_1;road_3_1_2_2;road_3_1_2_2;road_3_1_2_2;road_2_0_1_0;road_2_0_1_0;road_2_0_1_0;road_2_0_1_1;road_2_0_1_1;road_2_0_1_1;road_2_0_1_2;road_2_0_1_2;road_2_0_1_2;road_1_1_0_0;road_1_1_0_0;road_1_1_0_0;road_1_1_0_1;road_1_1_0_1;road_1_1_0_1;road_1_1_0_2;road_1_1_0_2;road_1_1_0_2,GGGrrrrrrGGGGGGrrrGGGrrrrrrGGGGGGrrr
90,intersection_2_2,road_2_3_3_0;road_2_3_3_0;road_2_3_3_0;road_2_3_3_1;road_2_3_3_1;road_2_3_3_1;road_2_3_3_2;road_2_3_3_2;road_2_3_3_2;road_3_2_2_0;road_3_2_2_0;road_3_2_2_0;road_3_2_2_1;road_3_2_2_1;road_3_2_2_1;road_3_2_2_2;road_3_2_2_2;road_3_2_2_2;road_2_1_1_0;road_2_1_1_0;road_2_1_1_0;road_2_1_1_1;road_2_1_1_1;road_2_1_1_1;road_2_1_1_2;road_2_1_1_2;road_2_1_1_2;road_1_2_0_0;road_1_2_0_0;road_1_2_0_0;road_1_2_0_1;road_1_2_0_1;road_1_2_0_1;road_1_2_0_2;road_1_2_0_2;road_1_2_0_2,GGGrrrrrrGGGGGGrrrGGGrrrrrrGGGGGGrrr
90,intersection_2_3,road_2_4_3_0;road_2_4_3_0;road_2_4_3_0;road_2_4_3_1;road_2_4_3_1;road_2_4_3_1;road_2_4_3_2;road_2_4_3_2;road_2_4_3_2;road_3_3_2_0;road_3_3_2_0;road_3_3_2_0;road_3_3_2_1;road_3_3_2_1;road_3_3_2_1;road_3_3_2_2;road_3_3_2_2;road_3_3_2_2;road_2_2_1_0;road_2_2_1_0;road_2_2_1_0;road_2_2_1_1;road_2_2_1_1;road_2_2_1_1;road_2_2_1_2;road_2_2_1_2;road_2_2_1_2;road_1_3_0_0;road_1_3_0_0;road_1_3_0_0;road_1_3_0_1;road_1_3_0_1;road_1_3_0_1;road_1_3_0_2;road_1_3_0_2;road_1_3_0_2,GGGrrrrrrGGGGGGrrrGGGrrrrrrGGGGGGrrr
90,intersection_2_4,road_2_5_3_0;road_2_5_3_0;road_2_5_3_0;road_2_5_3_1;road_2_5_3_1;road_2_5_3_1;road_2_5_3_2;road_2_5_3_2;road_2_5_3_2;road_3_4_2_0;road_3_4_2_0;road_3_4_2_0;road_3_4_2_1;road_3_4_2_1;road_3_4_2_1;road_3_4_2_2;road_3_4_2_2;road_3_4_2_2;road_2_3_1_0;road_2_3_1_0;road_2_3_1_0;road_2_3_1_1;road_2_3_1_1;road_2_3_1_1;road_2_3_1_2;road_2_3_1_2;road_2_3_1_2;road_1_4_0_0;road_1_4_0_0;road_1_4_0_0;road_1_4_0_1;road_1_4_0_1;road_1_4_0_1;road_1_4_0_2;road_1_4_0_2;road_1_4_0_2,GGGrrrrrrGGGGGGrrrGGGrrrrrrGGGGGGrrr
90,intersection_3_1,road_3_2_3_0;road_3_2_3_0;road_3_2_3_0;road_3_2_3_1;road_3_2_3_1;road_3_2_3_1;road_3_2_3_2;road_3_2_3_2;road_3_2_3_2;road_4_1_2_0;road_4_1_2_0;road_4_1_2_0;road_4_1_2_1;road_4_1_2_1;road_4_1_2_1;road_4_1_2_2;road_4_1_2_2;road_4_1_2_2;road_3_0_1_0;road_3_0_1_0;road_3_0_1_0;road_3_0_1_1;road_3_0_1_1;road_3_0_1_1;road_3_0_1_2;road_3_0_1_2;road_3_0_1_2;road_2_1_0_0;road_2_1_0_0;road_2_1_0_0;road_2_1_0_1;road_2_1_0_1;road_2_1_0_1;road_2_1_0_2;road_2_1_0_2;road_2_1_0_2,GGGrrrrrrGGGGGGrrrGGGrrrrrrGGGGGGrrr
90,intersection_3_2,road_3_3_3_0;road_3_3_3_0;road_3_3_3_0;road_3_3_3_1;road_3_3_3_1;road_3_3_3_1;road_3_3_3_2;road_3_3_3_2;road_3_3_3_2;road_4_2_2_0;road_4_2_2_0;road_4_2_2_0;road_4_2_2_1;road_4_2_2_1;road_4_2_2_1;road_4_2_2_2;road_4_2_2_2;road_4_2_2_2;road_3_1_1_0;road_3_1_1_0;road_3_1_1_0;road_3_1_1_1;road_3_1_1_1;road_3_1_1_1;road_3_1_1_2;road_3_1_1_2;road_3_1_1_2;road_2_2_0_0;road_2_2_0_0;road_2_2_0_0;road_2_2_0_1;road_2_2_0_1;road_2_2_0_1;road_2_2_0_2;road_2_2_0_2;road_2_2_0_2,GGGrrrrrrGGGGGGrrrGGGrrrrrrGGGGGGrrr
90,intersection_3_3,road_3_4_3_0;road_3_4_3_0;road_3_4_3_0;road_3_4_3_1;road_3_4_3_1;road_3_4_3_1;road_3_4_3_2;road_3_4_3_2;road_3_4_3_2;road_4_3_2_0;road_4_3_2_0;road_4_3_2_0;road_4_3_2_1;road_4_3_2_1;road_4_3_2_1;road_4_3_2_2;road_4_3_2_2;road_4_3_2_2;road_3_2_1_0;road_3_2_1_0;road_3_2_1_0;road_3_2_1_1;road_3_2_1_1;road_3_2_1_1;road_3_2_1_2;road_3_2_1_2;road_3_2_1_2;road_2_3_0_0;road_2_3_0_0;road_2_3_0_0;road_2_3_0_1;road_2_3_0_1;road_2_3_0_1;road_2_3_0_2;road_2_3_0_2;road_2_3_0_2,GGGrrrrrrGGGGGGrrrGGGrrrrrrGGGGGGrrr
90,intersection_3_4,road_3_5_3_0;road_3_5_3_0;road_3_5_3_0;road_3_5_3_1;road_3_5_3_1;road_3_5_3_1;road_3_5_3_2;road_3_5_3_2;road_3_5_3_2;road_4_4_2_0;road_4_4_2_0;road_4_4_2_0;road_4_4_2_1;road_4_4_2_1;road_4_4_2_1;road_4_4_2_2;road_4_4_2_2;road_4_4_2_2;road_3_3_1_0;road_3_3_1_0;road_3_3_1_0;road_3_3_1_1;road_3_3_1_1;road_3_3_1_1;road_3_3_1_2;road_3_3_1_2;road_3_3_1_2;road_2_4_0_0;road_2_4_0_0;road_2_4_0_0;road_2_4_0_1;road_2_4_0_1;road_2_4_0_1;road_2_4_0_2;road_2_4_0_2;road_2_4_0_2,GGGrrrrrrGGGGGGrrrGGGrrrrrrGGGGGGrrr
90,intersection_4_1,road_4_2_3_0;road_4_2_3_0;road_4_2_3_0;road_4_2_3_1;road_4_2_3_1;road_4_2_3_1;road_4_2_3_2;road_4_2_3_2;road_4_2_3_2;road_5_1_2_0;road_5_1_2_0;road_5_1_2_0;road_5_1_2_1;road_5_1_2_1;road_5_1_2_1;road_5_1_2_2;road_5_1_2_2;road_5_1_2_2;road_4_0_1_0;road_4_0_1_0;road_4_0_1_0;road_4_0_1_1;road_4_0_1_1;road_4_0_1_1;road_4_0_1_2;road_4_0_1_2;road_4_0_1_2;road_3_1_0_0;road_3_1_0_0;road_3_1_0_0;road_3_1_0_1;road_3_1_0_1;road_3_1_0_1;road_3_1_0_2;road_3_1_0_2;road_3_1_0_2,GGGrrrrrrGGGGGGrrrGGGrrrrrrGGGGGGrrr
90,intersection_4_2,road_4_3_3_0;road_4_3_3_0;road_4_3_3_0;road_4_3_3_1;road_4_3_3_1;road_4_3_3_1;road_4_3_3_2;road_4_3_3_2;road_4_3_3_2;road_5_2_2_0;road_5_2_2_0;road_5_2_2_0;road_5_2_2_1;road_5_2_2_1;road_5_2_2_1;road_5_2_2_2;road_5_2_2_2;road_5_2_2_2;road_4_1_1_0;road_4_1_1_0;road_4_1_1_0;road_4_1_1_1;road_4_1_1_1;road_4_1_1_1;road_4_1_1_2;road_4_1_1_2;road_4_1_1_2;road_3_2_0_0;road_3_2_0_0;road_3_2_0_0;road_3_2_0_1;road_3_2_0_1;road_3_2_0_1;road_3_2_0_2;road_3_2_0_2;road_3_2_0_2,GGGrrrrrrGGGGGGrrrGGGrrrrrrGGGGGGrrr
90,intersection_4_3,road_4_4_3_0;road_4_4_3_0;road_4_4_3_0;road_4_4_3_1;road_4_4_3_1;road_4_4_3_1;road_4_4_3_2;road_4_4_3_2;road_4_4_3_2;road_5_3_2_0;road_5_3_2_0;road_5_3_2_0;road_5_3_2_1;road_5_3_2_1;road_5_3_2_1;road_5_3_2_2;road_5_3_2_2;road_5_3_2_2;road_4_2_1_0;road_4_2_1_0;road_4_2_1_0;road_4_2_1_1;road_4_2_1_1;road_4_2_1_1;road_4_2_1_2;road_4_2_1_2;road_4_2_1_2;road_3_3_0_0;road_3_3_0_0;road_3_3_0_0;road_3_3_0_1;road_3_3_0_1;road_3_3_0_1;road_3_3_0_2;road_3_3_0_2;road_3_3_0_2,GGGrrrrrrGGGGGGrrrGGGrrrrrrGGGGGGrrr
90,intersection_4_4,road_4_5_3_0;road_4_5_3_0;road_4_5_3_0;road_4_5_3_1;road_4_5_3_1;road_4_5_3_1;road_4_5_3_2;road_4_5_3_2;road_4_5_3_2;road_5_4_2_0;road_5_4_2_0;road_5_4_2_0;road_5_4_2_1;road_5_4_2_1;road_5_4_2_1;road_5_4_2_2;road_5_4_2_2;road_5_4_2_2;road_4_3_1_0;road_4_3_1_0;road_4_3_1_0;road_4_3_1_1;road_4_3_1_1;road_4_3_1_1;road_4_3_1_2;road_4_3_1_2;road_4_3_1_2;road_3_4_0_0;road_3_4_0_0;road_3_4_0_0;road_3_4_0_1;road_3_4_0_1;road_3_4_0_1;road_3_4_0_2;road_3_4_0_2;road_3_4_0_2,GGGrrrrrrGGGGGGrrrGGGrrrrrrGGGGGGrrr
100,intersection_1_1,road_1_2_3_0;road_1_2_3_0;road_1_2_3_0;road_1_2_3_1;road_1_2_3_1;road_1_2_3_1;road_1_2_3_2;road_1_2_3_2;road_1_2_3_2;road_2_1_2_0;road_2_1_2_0;road_2_1_2_0;road_2_1_2_1;road_2_1_2_1;road_2_1_2_1;road_2_1_2_2;road_2_1_2_2;road_2_1_2_2;road_1_0_1_0;road_1_0_1_0;road_1_0_1_0;road_1_0_1_1;road_1_0_1_1;road_1_0_1_1;road_1_0_1_2;road_1_0_1_2;road_1_0_1_2;road_0_1_0_0;road_0_1_0_0;road_0_1_0_0;road_0_1_0_1;road_0_1_0_1;road_0_1_0_1;road_0_1_0_2;road_0_1_0_2;road_0_1_0_2,GGGrrrrrrGGGGGGrrrGGGrrrrrrGGGGGGrrr
100,intersection_1_2,road_1_3_3_0;road_1_3_3_0;road_1_3_3_0;road_1_3_3_1;road_1_3_3_1;road_1_3_3_1;road_1_3_3_2;road_1_3_3_2;road_1_3_3_2;road_2_2_2_0;road_2_2_2_0;road_2_2_2_0;road_2_2_2_1;road_2_2_2_1;road_2_2_2_1;road_2_2_2_2;road_2_2_2_2;road_2_2_2_2;road_1_1_1_0;road_1_1_1_0;road_1_1_1_0;road_1_1_1_1;road_1_1_1_1;road_1_1_1_1;road_1_1_1_2;road_1_1_1_2;road_1_1_1_2;road_0_2_0_0;road_0_2_0_0;road_0_2_0_0;road_0_2_0_1;road_0_2_0_1;road_0_2_0_1;road_0_2_0_2;road_0_2_0_2;road_0_2_0_2,GGGrrrrrrGGGGGGrrrGGGrrrrrrGGGGGGrrr
100,intersection_1_3,road_1_4_3_0;road_1_4_3_0;road_1_4_3_0;road_1_4_3_1;road_1_4_3_1;road_1_4_3_1;road_1_4_3_2;road_1_4_3_2;road_1_4_3_2;road_2_3_2_0;road_2_3_2_0;road_2_3_2_0;road_2_3_2_1;road_2_3_2_1;road_2_3_2_1;road_2_3_2_2;road_2_3_2_2;road_2_3_2_2;road_1_2_1_0;road_1_2_1_0;road_1_2_1_0;road_1_2_1_1;road_1_2_1_1;road_1_2_1_1;road_1_2_1_2;road_1_2_1_2;road_1_2_1_2;road_0_3_0_0;road_0_3_0_0;road_0_3_0_0;road_0_3_0_1;road_0_3_0_1;road_0_3_0_1;road_0_3_0_2;road_0_3_0_2;road_0_3_0_2,GGGrrrrrrGGGGGGrrrGGGrrrrrrGGGGGGrrr
100,intersection_1_4,road_1_5_3_0;road_1_5_3_0;road_1_5_3_0;road_1_5_3_1;road_1_5_3_1;road_1_5_3_1;road_1_5_3_2;road_1_5_3_2;road_1_5_3_2;road_2_4_2_0;road_2_4_2_0;road_2_4_2_0;road_2_4_2_1;road_2_4_2_1;road_2_4_2_1;road_2_4_2_2;road_2_4_2_2;road_2_4_2_2;road_1_3_1_0;road_1_3_1_0;road_1_3_1_0;road_1_3_1_1;road_1_3_1_1;road_1_3_1_1;road_1_3_1_2;road_1_3_1_2;road_1_3_1_2;road_0_4_0_0;road_0_4_0_0;road_0_4_0_0;road_0_4_0_1;road_0_4_0_1;road_0_4_0_1;road_0_4_0_2;road_0_4_0_2;road_0_4_0_2,GGGrrrrrrGGGGGGrrrGGGrrrrrrGGGGGGrrr
100,intersection_2_1,road_2_2_3_0;road_2_2_3_0;road_2_2_3_0;road_2_2_3_1;road_2_2_3_1;road_2_2_3_1;road_2_2_3_2;road_2_2_3_2;road_2_2_3_2;road_3_1_2_0;road_3_1_2_0;road_3_1_2_0;road_3_1_2_1;road_3_1_2_1;road_3_1_2_1;road_3_1_2_2;road_3_1_2_2;road_3_1_2_2;road_2_0_1_0;road_2_0_1_0;road_2_0_1_0;road_2_0_1_1;road_2_0_1_1;road_2_0_1_1;road_2_0_1_2;road_2_0_1_2;road_2_0_1_2;road_1_1_0_0;road_1_1_0_0;road_1_1_0_0;road_1_1_0_1;road_1_1_0_1;road_1_1_0_1;road_1_1_0_2;road_1_1_0_2;road_1_1_0_2,GGGrrrrrrGGGGGGrrrGGGrrrrrrGGGGGGrrr
100,intersection_2_2,road_2_3_3_0;road_2_3_3_0;road_2_3_3_0;road_2_3_3_1;road_2_3_3_1;road_2_3_3_1;road_2_3_3_2;road_2_3_3_2;road_2_3_3_2;road_3_2_2_0;road_3_2_2_0;road_3_2_2_0;road_3_2_2_1;road_3_2_2_1;road_3_2_2_1;road_3_2_2_2;road_3_2_2_2;road_3_2_2_2;road_2_1_1_0;road_2_1_1_0;road_2_1_1_0;road_2_1_1_1;road_2_1_1_1;road_2_1_1_1;road_2_1_1_2;road_2_1_1_2;road_2_1_1_2;road_1_2_0_0;road_1_2_0_0;road_1_2_0_0;road_1_2_0_1;road_1_2_0_1;road_1_2_0_1;road_1_2_0_2;road_1_2_0_2;road_1_2_0_2,GGGrrrrrrGGGGGGrrrGGGrrrrrrGGGGGGrrr
100,intersection_2_3,road_2_4_3_0;road_2_4_3_0;road_2_4_3_0;road_2_4_3_1;road_2_4_3_1;road_2_4_3_1;road_2_4_3_2;road_2_4_3_2;road_2_4_3_2;road_3_3_2_0;road_3_3_2_0;road_3_3_2_0;road_3_3_2_1;road_3_3_2_1;road_3_3_2_1;road_3_3_2_2;road_3_3_2_2;road_3_3_2_2;road_2_2_1_0;road_2_2_1_0;road_2_2_1_0;road_2_2_1_1;road_2_2_1_1;road_2_2_1_1;road_2_2_1_2;road_2_2_1_2;road_2_2_1_2;road_1_3_0_0;road_1_3_0_0;road_1_3_0_0;road_1_3_0_1;road_1_3_0_1;road_1_3_0_1;road_1_3_0_2;road_1_3_0_2;road_1_3_0_2,GGGrrrrrrGGGGGGrrrGGGrrrrrrGGGGGGrrr
100,intersection_2_4,road_2_5_3_0;road_2_5_3_0;road_2_5_3_0;road_2_5_3_1;road_2_5_3_1;road_2_5_3_1;road_2_5_3_2;road_2_5_3_2;road_2_5_3_2;road_3_4_2_0;road_3_4_2_0;road_3_4_2_0;road_3_4_2_1;road_3_4_2_1;road_3_4_2_1;road_3_4_2_2;road_3_4_2_2;road_3_4_2_2;road_2_3_1_0;road_2_3_1_0;road_2_3_1_0;road_2_3_1_1;road_2_3_1_1;road_2_3_1_1;road_2_3_1_2;road_2_3_1_2;road_2_3_1_2;road_1_4_0_0;road_1_4_0_0;road_1_4_0_0;road_1_4_0_1;road_1_4_0_1;road_1_4_0_1;road_1_4_0_2;road_1_4_0_2;road_1_4_0_2,GGGrrrrrrGGGGGGrrrGGGrrrrrrGGGGGGrrr
100,intersection_3_1,road_3_2_3_0;road_3_2_3_0;road_3_2_3_0;road_3_2_3_1;road_3_2_3_1;road_3_2_3_1;road_3_2_3_2;road_3_2_3_2;road_3_2_3_2;road_4_1_2_0;road_4_1_2_0;road_4_1_2_0;road_4_1_2_1;road_4_1_2_1;road_4_1_2_1;road_4_1_2_2;road_4_1_2_2;road_4_1_2_2;road_3_0_1_0;road_3_0_1_0;road_3_0_1_0;road_3_0_1_1;road_3_0_1_1;road_3_0_1_1;road_3_0_1_2;road_3_0_1_2;road_3_0_1_2;road_2_1_0_0;road_2_1_0_0;road_2_1_0_0;road_2_1_0_1;road_2_1_0_1;road_2_1_0_1;road_2_1_0_2;road_2_1_0_2;road_2_1_0_2,GGGrrrrrrGGGGGGrrrGGGrrrrrrGGGGGGrrr
100,intersection_3_2,road_3_3_3_0;road_3_3_3_0;road_3_3_3_0;road_3_3_3_1;road_3_3_3_1;road_3_3_3_1;road_3_3_3_2;road_3_3_3_2;road_3_3_3_2;road_4_2_2_0;road_4_2_2_0;road_4_2_2_0;road_4_2_2_1;road_4_2_2_1;road_4_2_2_1;road_4_2_2_2;road_4_2_2_2;road_4_2_2_2;road_3_1_1_0;road_3_1_1_0;road_3_1_1_0;road_3_1_1_1;road_3_1_1_1;road_3_1_1_1;road_3_1_1_2;road_3_1_1_2;road_3_1_1_2;road_2_2_0_0;road_2_2_0_0;road_2_2_0_0;road_2_2_0_1;road_2_2_0_1;road_2_2_0_1;road_2_2_0_2;road_2_2_0_2;road_2_2_0_2,GGGrrrrrrGGGGGGrrrGGGrrrrrrGGGGGGrrr
100,intersection_3_3,road_3_4_3_0;road_3_4_3_0;road_3_4_3_0;road_3_4_3_1;road_3_4_3_1;road_3_4_3_1;road_3_4_3_2;road_3_4_3_2;road_3_4_3_2;road_4_3_2_0;road_4_3_2_0;road_4_3_2_0;road_4_3_2_1;road_4_3_2_1;road_4_3_2_1;road_4_3_2_2;road_4_3_2_2;road_4_3_2_2;road_3_2_1_0;road_3_2_1_0;road_3_2_1_0;road_3_2_1_1;road_3_2_1_1;road_3_2_1_1;road_3_2_1_2;road_3_2_1_2;road_3_2_1_2;road_2_3_0_0;road_2_3_0_0;road_2_3_0_0;road_2_3_0_1;road_2_3_0_1;road_2_3_0_1;road_2_3_0_2;road_2_3_0_2;road_2_3_0_2,GGGrrrrrrGGGGGGrrrGGGrrrrrrGGGGGGrrr
100,intersection_3_4,road_3_5_3_0;road_3_5_3_0;road_3_5_3_0;road_3_5_3_1;road_3_5_3_1;road_3_5_3_1;road_3_5_3_2;road_3_5_3_2;road_3_5_3_2;road_4_4_2_0;road_4_4_2_0;road_4_4_2_0;road_4_4_2_1;road_4_4_2_1;road_4_4_2_1;road_4_4_2_2;road_4_4_2_2;road_4_4_2_2;road_3_3_1_0;road_3_3_1_0;road_3_3_1_0;road_3_3_1_1;road_3_3_1_1;road_3_3_1_1;road_3_3_1_2;road_3_3_1_2;road_3_3_1_2;road_2_4_0_0;road_2_4_0_0;road_2_4_0_0;road_2_4_0_1;road_2_4_0_1;road_2_4_0_1;road_2_4_0_2;road_2_4_0_2;road_2_4_0_2,GGGrrrrrrGGGGGGrrrGGGrrrrrrGGGGGGrrr
100,intersection_4_1,road_4_2_3_0;road_4_2_3_0;road_4_2_3_0;road_4_2_3_1;road_4_2_3_1;road_4_2_3_1;road_4_2_3_2;road_4_2_3_2;road_4_2_3_2;road_5_1_2_0;road_5_1_2_0;road_5_1_2_0;road_5_1_2_1;road_5_1_2_1;road_5_1_2_1;road_5_1_2_2;road_5_1_2_2;road_5_1_2_2;road_4_0_1_0;road_4_0_1_0;road_4_0_1_0;road_4_0_1_1;road_4_0_1_1;road_4_0_1_1;road_4_0_1_2;road_4_0_1_2;road_4_0_1_2;road_3_1_0_0;road_3_1_0_0;road_3_1_0_0;road_3_1_0_1;road_3_1_0_1;road_3_1_0_1;road_3_1_0_2;road_3_1_0_2;road_3_1_0_2,GGGrrrrrrGGGGGGrrrGGGrrrrrrGGGGGGrrr
100,intersection_4_2,road_4_3_3_0;road_4_3_3_0;road_4_3_3_0;road_4_3_3_1;road_4_3_3_1;road_4_3_3_1;road_4_3_3_2;road_4_3_3_2;road_4_3_3_2;road_5_2_2_0;road_5_2_2_0;road_5_2_2_0;road_5_2_2_1;road_5_2_2_1;road_5_2_2_1;road_5_2_2_2;road_5_2_2_2;road_5_2_2_2;road_4_1_1_0;road_4_1_1_0;road_4_1_1_0;road_4_1_1_1;road_4_1_1_1;road_4_1_1_1;road_4_1_1_2;road_4_1_1_2;road_4_1_1_2;road_3_2_0_0;road_3_2_0_0;road_3_2_0_0;road_3_2_0_1;road_3_2_0_1;road_3_2_0_1;road_3_2_0_2;road_3_2_0_2;road_3_2_0_2,GGGrrrrrrGGGGGGrrrGGGrrrrrrGGGGGGrrr
100,intersection_4_3,road_4_4_3_0;road_4_4_3_0;road_4_4_3_0;road_4_4_3_1;road_4_4_3_1;road_4_4_3_1;road_4_4_3_2;road_4_4_3_2;road_4_4_3_2;road_5_3_2_0;road_5_3_2_0;road_5_3_2_0;road_5_3_2_1;road_5_3_2_1;road_5_3_2_1;road_5_3_2_2;road_5_3_2_2;road_5_3_2_2;road_4_2_1_0;road_4_2_1_0;road_4_2_1_0;road_4_2_1_1;road_4_2_1_1;road_4_2_1_1;road_4_2_1_2;road_4_2_1_2;road_4_2_1_2;road_3_3_0_0;road_3_3_0_0;road_3_3_0_0;road_3_3_0_1;road_3_3_0_1;road_3_3_0_1;road_3_3_0_2;road_3_3_0_2;road_3_3_0_2,GGGrrrrrrGGGGGGrrrGGGrrrrrrGGGGGGrrr
100,intersection_4_4,road_4_5_3_0;road_4_5_3_0;road_4_5_3_0;road_4_5_3_1;road_4_5_3_1;road_4_5_3_1;road_4_5_3_2;road_4_5_3_2;road_4_5_3_2;road_5_4_2_0;road_5_4_2_0;road_5_4_2_0;road_5_4_2_1;road_5_4_2_1;road_5_4_2_1;road_5_4_2_2;road_5_4_2_2;road_5_4_2_2;road_4_3_1_0;road_4_3_1_0;road_4_3_1_0;road_4_3_1_1;road_4_3_1_1;road_4_3_1_1;road_4_3_1_2;road_4_3_1_2;road_4_3_1_2;road_3_4_0_0;road_3_4_0_0;road_3_4_0_0;road_3_4_0_1;road_3_4_0_1;road_3_4_0_1;road_3_4_0_2;road_3_4_0_2;road_3_4_0_2,GGGrrrrrrGGGGGGGGGGGGrrrrrrGGGrrrrrr
110,intersection_1_1,road_1_2_3_0;road_1_2_3_0;road_1_2_3_0;road_1_2_3_1;road_1_2_3_1;road_1_2_3_1;road_1_2_3_2;road_1_2_3_2;road_1_2_3_2;road_2_1_2_0;road_2_1_2_0;road_2_1_2_0;road_2_1_2_1;road_2_1_2_1;road_2_1_2_1;road_2_1_2_2;road_2_1_2_2;road_2_1_2_2;road_1_0_1_0;road_1_0_1_0;road_1_0_1_0;road_1_0_1_1;road_1_0_1_1;road_1_0_1_1;road_1_0_1_2;road_1_0_1_2;road_1_0_1_2;road_0_1_0_0;road_0_1_0_0;road_0_1_0_0;road_0_1_0_1;road_0_1_0_1;road_0_1_0_1;road_0_1_0_2;road_0_1_0_2;road_0_1_0_2,GGGrrrrrrGGGGGGrrrGGGrrrrrrGGGGGGrrr
110,intersection_1_2,road_1_3_3_0;road_1_3_3_0;road_1_3_3_0;road_1_3_3_1;road_1_3_3_1;road_1_3_3_1;road_1_3_3_2;road_1_3_3_2;road_1_3_3_2;road_2_2_2_0;road_2_2_2_0;road_2_2_2_0;road_2_2_2_1;road_2_2_2_1;road_2_2_2_1;road_2_2_2_2;road_2_2_2_2;road_2_2_2_2;road_1_1_1_0;road_1_1_1_0;road_1_1_1_0;road_1_1_1_1;road_1_1_1_1;road_1_1_1_1;road_1_1_1_2;road_1_1_1_2;road_1_1_1_2;road_0_2_0_0;road_0_2_0_0;road_0_2_0_0;road_0_2_0_1;road_0_2_0_1;road_0_2_0_1;road_0_2_0_2;road_0_2_0_2;road_0_2_0_2,GGGrrrrrrGGGGGGrrrGGGrrrrrrGGGGGGrrr
110,intersection_1_3,road_1_4_3_0;road_1_4_3_0;road_1_4_3_0;road_1_4_3_1;road_1_4_3_1;road_1_4_3_1;road_1_4_3_2;road_1_4_3_2;road_1_4_3_2;road_2_3_2_0;road_2_3_2_0;road_2_3_2_0;road_2_3_2_1;road_2_3_2_1;road_2_3_2_1;road_2_3_2_2;road_2_3_2_2;road_2_3_2_2;road_1_2_1_0;road_1_2_1_0;road_1_2_1_0;road_1_2_1_1;road_1_2_1_1;road_1_2_1_1;road_1_2_1_2;road_1_2_1_2;road_1_2_1_2;road_0_3_0_0;road_0_3_0_0;road_0_3_0_0;road_0_3_0_1;road_0_3_0_1;road_0_3_0_1;road_0_3_0_2;road_0_3_0_2;road_0_3_0_2,GGGrrrrrrGGGGGGrrrGGGrrrrrrGGGGGGrrr
110,intersection_1_4,road_1_5_3_0;road_1_5_3_0;road_1_5_3_0;road_1_5_3_1;road_1_5_3_1;road_1_5_3_1;road_1_5_3_2;road_1_5_3_2;road_1_5_3_2;road_2_4_2_0;road_2_4_2_0;road_2_4_2_0;road_2_4_2_1;road_2_4_2_1;road_2_4_2_1;road_2_4_2_2;road_2_4_2_2;road_2_4_2_2;road_1_3_1_0;road_1_3_1_0;road_1_3_1_0;road_1_3_1_1;road_1_3_1_1;road_1_3_1_1;road_1_3_1_2;road_1_3_1_2;road_1_3_1_2;road_0_4_0_0;road_0_4_0_0;road_0_4_0_0;road_0_4_0_1;road_0_4_0_1;road_0_4_0_1;road_0_4_0_2;road_0_4_0_2;road_0_4_0_2,GGGrrrrrrGGGGGGrrrGGGrrrrrrGGGGGGrrr
110,intersection_2_1,road_2_2_3_0;road_2_2_3_0;road_2_2_3_0;road_2_2_3_1;road_2_2_3_1;road_2_2_3_1;road_2_2_3_2;road_2_2_3_2;road_2_2_3_2;road_3_1_2_0;road_3_1_2_0;road_3_1_2_0;road_3_1_2_1;road_3_1_2_1;road_3_1_2_1;road_3_1_2_2;road_3_1_2_2;road_3_1_2_2;road_2_0_1_0;road_2_0_1_0;road_2_0_1_0;road_2_0_1_1;road_2_0_1_1;road_2_0_1_1;road_2_0_1_2;road_2_0_1_2;road_2_0_1_2;road_1_1_0_0;road_1_1_0_0;road_1_1_0_0;road_1_1_0_1;road_1_1_0_1;road_1_1_0_1;road_1_1_0_2;road_1_1_0_2;road_1_1_0_2,GGGrrrrrrGGGGGGrrrGGGrrrrrrGGGGGGrrr
110,intersection_2_2,road_2_3_3_0;road_2_3_3_0;road_2_3_3_0;road_2_3_3_1;road_2_3_3_1;road_2_3_3_1;road_2_3_3_2;road_2_3_3_2;road_2_3_3_2;road_3_2_2_0;road_3_2_2_0;road_3_2_2_0;road_3_2_2_1;road_3_2_2_1;road_3_2_2_1;road_3_2_2_2;road_3_2_2_2;road_3_2_2_2;road_2_1_1_0;road_2_1_1_0;road_2_1_1_0;road_2_1_1_1;road_2_1_1_1;road_2_1_1_1;road_2_1_1_2;road_2_1_1_2;road_2_1_1_2;road_1_2_0_0;road_1_2_0_0;road_1_2_0_0;road_1_2_0_1;road_1_2_0_1;road_1_2_0_1;road_1_2_0_2;road_1_2_0_2;road_1_2_0_2,GGGrrrrrrGGGGGGrrrGGGrrrrrrGGGGGGrrr
110,intersection_2_3,road_2_4_3_0;road_2_4_3_0;road_2_4_3_0;road_2_4_3_1;road_2_4_3_1;road_2_4_3_1;road_2_4_3_2;road_2_4_3_2;road_2_4_3_2;road_3_3_2_0;road_3_3_2_0;road_3_3_2_0;road_3_3_2_1;road_3_3_2_1;road_3_3_2_1;road_3_3_2_2;road_3_3_2_2;road_3_3_2_2;road_2_2_1_0;road_2_2_1_0;road_2_2_1_0;road_2_2_1_1;road_2_2_1_1;road_2_2_1_1;road_2_2_1_2;road_2_2_1_2;road_2_2_1_2;road_1_3_0_0;road_1_3_0_0;road_1_3_0_0;road_1_3_0_1;road_1_3_0_1;road_1_3_0_1;road_1_3_0_2;road_1_3_0_2;road_1_3_0_2,GGGrrrrrrGGGGGGrrrGGGrrrrrrGGGGGGrrr
110,intersection_2_4,road_2_5_3_0;road_2_5_3_0;road_2_5_3_0;road_2_5_3_1;road_2_5_3_1;road_2_5_3_1;road_2_5_3_2;road_2_5_3_2;road_2_5_3_2;road_3_4_2_0;road_3_4_2_0;road_3_4_2_0;road_3_4_2_1;road_3_4_2_1;road_3_4_2_1;road_3_4_2_2;road_3_4_2_2;road_3_4_2_2;road_2_3_1_0;road_2_3_1_0;road_2_3_1_0;road_2_3_1_1;road_2_3_1_1;road_2_3_1_1;road_2_3_1_2;road_2_3_1_2;road_2_3_1_2;road_1_4_0_0;road_1_4_0_0;road_1_4_0_0;road_1_4_0_1;road_1_4_0_1;road_1_4_0_1;road_1_4_0_2;road_1_4_0_2;road_1_4_0_2,GGGrrrrrrGGGGGGrrrGGGrrrrrrGGGGGGrrr
110,intersection_3_1,road_3_2_3_0;road_3_2_3_0;road_3_2_3_0;road_3_2_3_1;road_3_2_3_1;road_3_2_3_1;road_3_2_3_2;road_3_2_3_2;road_3_2_3_2;road_4_1_2_0;road_4_1_2_0;road_4_1_2_0;road_4_1_2_1;road_4_1_2_1;road_4_1_2_1;road_4_1_2_2;road_4_1_2_2;road_4_1_2_2;road_3_0_1_0;road_3_0_1_0;road_3_0_1_0;road_3_0_1_1;road_3_0_1_1;road_3_0_1_1;road_3_0_1_2;road_3_0_1_2;road_3_0_1_2;road_2_1_0_0;road_2_1_0_0;road_2_1_0_0;road_2_1_0_1;road_2_1_0_1;road_2_1_0_1;road_2_1_0_2;road_2_1_0_2;road_2_1_0_2,GGGrrrrrrGGGGGGrrrGGGrrrrrrGGGGGGrrr
110,intersection_3_2,road_3_3_3_0;road_3_3_3_0;road_3_3_3_0;road_3_3_3_1;road_3_3_3_1;road_3_3_3_1;road_3_3_3_2;road_3_3_3_2;road_3_3_3_2;road_4_2_2_0;road_4_2_2_0;road_4_2_2_0;road_4_2_2_1;road_4_2_2_1;road_4_2_2_1;road_4_2_2_2;road_4_2_2_2;road_4_2_2_2;road_3_1_1_0;road_3_1_1_0;road_3_1_1_0;road_3_1_1_1;road_3_1_1_1;road_3_1_1_1;road_3_1_1_2;road_3_1_1_2;road_3_1_1_2;road_2_2_0_0;road_2_2_0_0;road_2_2_0_0;road_2_2_0_1;road_2_2_0_1;road_2_2_0_1;road_2_2_0_2;road_2_2_0_2;road_2_2_0_2,GGGrrrrrrGGGGGGrrrGGGrrrrrrGGGGGGrrr
110,intersection_3_3,road_3_4_3_0;road_3_4_3_0;road_3_4_3_0;road_3_4_3_1;road_3_4_3_1;road_3_4_3_1;road_3_4_3_2;road_3_4_3_2;road_3_4_3_2;road_4_3_2_0;road_4_3_2_0;road_4_3_2_0;road_4_3_2_1;road_4_3_2_1;road_4_3_2_1;road_4_3_2_2;road_4_3_2_2;road_4_3_2_2;road_3_2_1_0;road_3_2_1_0;road_3_2_1_0;road_3_2_1_1;road_3_2_1_1;road_3_2_1_1;road_3_2_1_2;road_3_2_1_2;road_3_2_1_2;road_2_3_0_0;road_2_3_0_0;road_2_3_0_0;road_2_3_0_1;road_2_3_0_1;road_2_3_0_1;road_2_3_0_2;road_2_3_0_2;road_2_3_0_2,GGGrrrrrrGGGGGGrrrGGGrrrrrrGGGGGGrrr
110,intersection_3_4,road_3_5_3_0;road_3_5_3_0;road_3_5_3_0;road_3_5_3_1;road_3_5_3_1;road_3_5_3_1;road_3_5_3_2;road_3_5_3_2;road_3_5_3_2;road_4_4_2_0;road_4_4_2_0;road_4_4_2_0;road_4_4_2_1;road_4_4_2_1;road_4_4_2_1;road_4_4_2_2;road_4_4_2_2;road_4_4_2_2;road_3_3_1_0;road_3_3_1_0;road_3_3_1_0;road_3_3_1_1;road_3_3_1_1;road_3_3_1_1;road_3_3_1_2;road_3_3_1_2;road_3_3_1_2;road_2_4_0_0;road_2_4_0_0;road_2_4_0_0;road_2_4_0_1;road_2_4_0_1;road_2_4_0_1;road_2_4_0_2;road_2_4_0_2;road_2_4_0_2,GGGrrrrrrGGGGGGrrrGGGrrrrrrGGGGGGrrr
110,intersection_4_1,road_4_2_3_0;road_4_2_3_0;road_4_2_3_0;road_4_2_3_1;road_4_2_3_1;road_4_2_3_1;road_4_2_3_2;road_4_2_3_2;road_4_2_3_2;road_5_1_2_0;road_5_1_2_0;road_5_1_2_0;road_5_1_2_1;road_5_1_2_1;road_5_1_2_1;road_5_1_2_2;road_5_1_2_2;road_5_1_2_2;road_4_0_1_0;road_4_0_1_0;road_4_0_1_0;road_4_0_1_1;road_4_0_1_1;road_4_0_1_1;road_4_0_1_2;road_4_0_1_2;road_4_0_1_2;road_3_1_0_0;road_3_1_0_0;road_3_1_0_0;road_3_1_0_1;road_3_1_0_1;road_3_1_0_1;road_3_1_0_2;road_3_1_0_2;road_3_1_0_2,GGGrrrrrrGGGGGGrrrGGGrrrrrrGGGGGGrrr
110,intersection_4_2,road_4_3_3_0;road_4_3_3_0;road_4_3_3_0;road_4_3_3_1;road_4_3_3_1;road_4_3_3_1;road_4_3_3_2;road_4_3_3_2;road_4_3_3_2;road_5_2_2_0;road_5_2_2_0;road_5_2_2_0;road_5_2_2_1;road_5_2_2_1;road_5_2_2_1;road_5_2_2_2;road_5_2_2_2;road_5_2_2_2;road_4_1_1_0;road_4_1_1_0;road_4_1_1_0;road_4_1_1_1;road_4_1_1_1;road_4_1_1_1;road_4_1_1_2;road_4_1_1_2;road_4_1_1_2;road_3_2_0_0;road_3_2_0_0;road_3_2_0_0;road_3_2_0_1;road_3_2_0_1;road_3_2_0_1;road_3_2_0_2;road_3_2_0_2;road_3_2_0_2,GGGrrrrrrGGGGGGrrrGGGrrrrrrGGGGGGrrr
110,intersection_4_3,road_4_4_3_0;road_4_4_3_0;road_4_4_3_0;road_4_4_3_1;road_4_4_3_1;road_4_4_3_1;road_4_4_3_2;road_4_4_3_2;road_4_4_3_2;road_5_3_2_0;road_5_3_2_0;road_5_3_2_0;road_5_3_2_1;road_5_3_2_1;road_5_3_2_1;road_5_3_2_2;road_5_3_2_2;road_5_3_2_2;road_4_2_1_0;road_4_2_1_0;road_4_2_1_0;road_4_2_1_1;road_4_2_1_1;road_4_2_1_1;road_4_2_1_2;road_4_2_1_2;road_4_2_1_2;road_3_3_0_0;road_3_3_0_0;road_3_3_0_0;road_3_3_0_1;road_3_3_0_1;road_3_3_0_1;road_3_3_0_2;road_3_3_0_2;road_3_3_0_2,GGGrrrrrrGGGGGGrrrGGGrrrrrrGGGGGGrrr
110,intersection_4_4,road_4_5_3_0;road_4_5_3_0;road_4_5_3_0;road_4_5_3_1;road_4_5_3_1;road_4_5_3_1;road_4_5_3_2;road_4_5_3_2;road_4_5_3_2;road_5_4_2_0;road_5_4_2_0;road_5_4_2_0;road_5_4_2_1;road_5_4_2_1;road_5_4_2_1;road_5_4_2_2;road_5_4_2_2;road_5_4_2_2;road_4_3_1_0;road_4_3_1_0;road_4_3_1_0;road_4_3_1_1;road_4_3_1_1;road_4_3_1_1;road_4_3_1_2;road_4_3_1_2;road_4_3_1_2;road_3_4_0_0;road_3_4_0_0;road_3_4_0_0;road_3_4_0_1;road_3_4_0_1;road_3_4_0_1;road_3_4_0_2;road_3_4_0_2;road_3_4_0_2,GGGrrrrrrGGGGGGGGGGGGrrrrrrGGGrrrrrr
120,intersection_1_1,road_1_2_3_0;road_1_2_3_0;road_1_2_3_0;road_1_2_3_1;road_1_2_3_1;road_1_2_3_1;road_1_2_3_2;road_1_2_3_2;road_1_2_3_2;road_2_1_2_0;road_2_1_2_0;road_2_1_2_0;road_2_1_2_1;road_2_1_2_1;road_2_1_2_1;road_2_1_2_2;road_2_1_2_2;road_2_1_2_2;road_1_0_1_0;road_1_0_1_0;road_1_0_1_0;road_1_0_1_1;road_1_0_1_1;road_1_0_1_1;road_1_0_1_2;road_1_0_1_2;road_1_0_1_2;road_0_1_0_0;road_0_1_0_0;road_0_1_0_0;road_0_1_0_1;road_0_1_0_1;road_0_1_0_1;road_0_1_0_2;road_0_1_0_2;road_0_1_0_2,GGGrrrrrrGGGGGGrrrGGGrrrrrrGGGGGGrrr
120,intersection_1_2,road_1_3_3_0;road_1_3_3_0;road_1_3_3_0;road_1_3_3_1;road_1_3_3_1;road_1_3_3_1;road_1_3_3_2;road_1_3_3_2;road_1_3_3_2;road_2_2_2_0;road_2_2_2_0;road_2_2_2_0;road_2_2_2_1;road_2_2_2_1;road_2_2_2_1;road_2_2_2_2;road_2_2_2_2;road_2_2_2_2;road_1_1_1_0;road_1_1_1_0;road_1_1_1_0;road_1_1_1_1;road_1_1_1_1;road_1_1_1_1;road_1_1_1_2;road_1_1_1_2;road_1_1_1_2;road_0_2_0_0;road_0_2_0_0;road_0_2_0_0;road_0_2_0_1;road_0_2_0_1;road_0_2_0_1;road_0_2_0_2;road_0_2_0_2;road_0_2_0_2,GGGrrrrrrGGGGGGrrrGGGrrrrrrGGGGGGrrr
120,intersection_1_3,road_1_4_3_0;road_1_4_3_0;road_1_4_3_0;road_1_4_3_1;road_1_4_3_1;road_1_4_3_1;road_1_4_3_2;road_1_4_3_2;road_1_4_3_2;road_2_3_2_0;road_2_3_2_0;road_2_3_2_0;road_2_3_2_1;road_2_3_2_1;road_2_3_2_1;road_2_3_2_2;road_2_3_2_2;road_2_3_2_2;road_1_2_1_0;road_1_2_1_0;road_1_2_1_0;road_1_2_1_1;road_1_2_1_1;road_1_2_1_1;road_1_2_1_2;road_1_2_1_2;road_1_2_1_2;road_0_3_0_0;road_0_3_0_0;road_0_3_0_0;road_0_3_0_1;road_0_3_0_1;road_0_3_0_1;road_0_3_0_2;road_0_3_0_2;road_0_3_0_2,GGGrrrrrrGGGGGGrrrGGGrrrrrrGGGGGGrrr
120,intersection_1_4,road_1_5_3_0;road_1_5_3_0;road_1_5_3_0;road_1_5_3_1;road_1_5_3_1;road_1_5_3_1;road_1_5_3_2;road_1_5_3_2;road_1_5_3_2;road_2_4_2_0;road_2_4_2_0;road_2_4_2_0;road_2_4_2_1;road_2_4_2_1;road_2_4_2_1;road_2_4_2_2;road_2_4_2_2;road_2_4_2_2;road_1_3_1_0;road_1_3_1_0;road_1_3_1_0;road_1_3_1_1;road_1_3_1_1;road_1_3_1_1;road_1_3_1_2;road_1_3_1_2;road_1_3_1_2;road_0_4_0_0;road_0_4_0_0;road_0_4_0_0;road_0_4_0_1;road_0_4_0_1;road_0_4_0_1;road_0_4_0_2;road_0_4_0_2;road_0_4_0_2,GGGrrrrrrGGGGGGrrrGGGrrrrrrGGGGGGrrr
120,intersection_2_1,road_2_2_3_0;road_2_2_3_0;road_2_2_3_0;road_2_2_3_1;road_2_2_3_1;road_2_2_3_1;road_2_2_3_2;road_2_2_3_2;road_2_2_3_2;road_3_1_2_0;road_3_1_2_0;road_3_1_2_0;road_3_1_2_1;road_3_1_2_1;road_3_1_2_1;road_3_1_2_2;road_3_1_2_2;road_3_1_2_2;road_2_0_1_0;road_2_0_1_0;road_2_0_1_0;road_2_0_1_1;road_2_0_1_1;road_2_0_1_1;road_2_0_1_2;road_2_0_1_2;road_2_0_1_2;road_1_1_0_0;road_1_1_0_0;road_1_1_0_0;road_1_1_0_1;road_1_1_0_1;road_1_1_0_1;road_1_1_0_2;road_1_1_0_2;road_1_1_0_2,GGGrrrrrrGGGGGGrrrGGGrrrrrrGGGGGGrrr
120,intersection_2_2,road_2_3_3_0;road_2_3_3_0;road_2_3_3_0;road_2_3_3_1;road_2_3_3_1;road_2_3_3_1;road_2_3_3_2;road_2_3_3_2;road_2_3_3_2;road_3_2_2_0;road_3_2_2_0;road_3_2_2_0;road_3_2_2_1;road_3_2_2_1;road_3_2_2_1;road_3_2_2_2;road_3_2_2_2;road_3_2_2_2;road_2_1_1_0;road_2_1_1_0;road_2_1_1_0;road_2_1_1_1;road_2_1_1_1;road_2_1_1_1;road_2_1_1_2;road_2_1_1_2;road_2_1_1_2;road_1_2_0_0;road_1_2_0_0;road_1_2_0_0;road_1_2_0_1;road_1_2_0_1;road_1_2_0_1;road_1_2_0_2;road_1_2_0_2;road_1_2_0_2,GGGrrrrrrGGGGGGrrrGGGrrrrrrGGGGGGrrr
120,intersection_2_3,road_2_4_3_0;road_2_4_3_0;road_2_4_3_0;road_2_4_3_1;road_2_4_3_1;road_2_4_3_1;road_2_4_3_2;road_2_4_3_2;road_2_4_3_2;road_3_3_2_0;road_3_3_2_0;road_3_3_2_0;road_3_3_2_1;road_3_3_2_1;road_3_3_2_1;road_3_3_2_2;road_3_3_2_2;road_3_3_2_2;road_2_2_1_0;road_2_2_1_0;road_2_2_1_0;road_2_2_1_1;road_2_2_1_1;road_2_2_1_1;road_2_2_1_2;road_2_2_1_2;road_2_2_1_2;road_1_3_0_0;road_1_3_0_0;road_1_3_0_0;road_1_3_0_1;road_1_3_0_1;road_1_3_0_1;road_1_3_0_2;road_1_3_0_2;road_1_3_0_2,GGGrrrrrrGGGGGGrrrGGGrrrrrrGGGGGGrrr
120,intersection_2_4,road_2_5_3_0;road_2_5_3_0;road_2_5_3_0;road_2_5_3_1;road_2_5_3_1;road_2_5_3_1;road_2_5_3_2;road_2_5_3_2;road_2_5_3_2;road_3_4_2_0;road_3_4_2_0;road_3_4_2_0;road_3_4_2_1;road_3_4_2_1;road_3_4_2_1;road_3_4_2_2;road_3_4_2_2;road_3_4_2_2;road_2_3_1_0;road_2_3_1_0;road_2_3_1_0;road_2_3_1_1;road_2_3_1_1;road_2_3_1_1;road_2_3_1_2;road_2_3_1_2;road_2_3_1_2;road_1_4_0_0;road_1_4_0_0;road_1_4_0_0;road_1_4_0_1;road_1_4_0_1;road_1_4_0_1;road_1_4_0_2;road_1_4_0_2;road_1_4_0_2,GGGrrrrrrGGGGGGrrrGGGrrrrrrGGGGGGrrr
120,intersection_3_1,road_3_2_3_0;road_3_2_3_0;road_3_2_3_0;road_3_2_3_1;road_3_2_3_1;road_3_2_3_1;road_3_2_3_2;road_3_2_3_2;road_3_2_3_2;road_4_1_2_0;road_4_1_2_0;road_4_1_2_0;road_4_1_2_1;road_4_1_2_1;road_4_1_2_1;road_4_1_2_2;road_4_1_2_2;road_4_1_2_2;road_3_0_1_0;road_3_0_1_0;road_3_0_1_0;road_3_0_1_1;road_3_0_1_1;road_3_0_1_1;road_3_0_1_2;road_3_0_1_2;road_3_0_1_2;road_2_1_0_0;road_2_1_0_0;road_2_1_0_0;road_2_1_0_1;road_2_1_0_1;road_2_1_0_1;road_2_1_0_2;road_2_1_0_2;road_2_1_0_2,GGGrrrrrrGGGGGGrrrGGGrrrrrrGGGGGGrrr
120,intersection_3_2,road_3_3_3_0;road_3_3_3_0;road_3_3_3_0;road_3_3_3_1;road_3_3_3_1;road_3_3_3_1;road_3_3_3_2;road_3_3_3_2;road_3_3_3_2;road_4_2_2_0;road_4_2_2_0;road_4_2_2_0;road_4_2_2_1;road_4_2_2_1;road_4_2_2_1;road_4_2_2_2;road_4_2_2_2;road_4_2_2_2;road_3_1_1_0;road_3_1_1_0;road_3_1_1_0;road_3_1_1_1;road_3_1_1_1;road_3_1_1_1;road_3_1_1_2;road_3_1_1_2;road_3_1_1_2;road_2_2_0_0;road_2_2_0_0;road_2_2_0_0;road_2_2_0_1;road_2_2_0_1;road_2_2_0_1;road_2_2_0_2;road_2_2_0_2;road_2_2_0_2,GGGrrrrrrGGGGGGrrrGGGrrrrrrGGGGGGrrr
120,intersection_3_3,road_3_4_3_0;road_3_4_3_0;road_3_4_3_0;road_3_4_3_1;road_3_4_3_1;road_3_4_3_1;road_3_4_3_2;road_3_4_3_2;road_3_4_3_2;road_4_3_2_0;road_4_3_2_0;road_4_3_2_0;road_4_3_2_1;road_4_3_2_1;road_4_3_2_1;road_4_3_2_2;road_4_3_2_2;road_4_3_2_2;road_3_2_1_0;road_3_2_1_0;road_3_2_1_0;road_3_2_1_1;road_3_2_1_1;road_3_2_1_1;road_3_2_1_2;road_3_2_1_2;road_3_2_1_2;road_2_3_0_0;road_2_3_0_0;road_2_3_0_0;road_2_3_0_1;road_2_3_0_1;road_2_3_0_1;road_2_3_0_2;road_2_3_0_2;road_2_3_0_2,GGGrrrrrrGGGGGGrrrGGGrrrrrrGGGGGGrrr
120,intersection_3_4,road_3_5_3_0;road_3_5_3_0;road_3_5_3_0;road_3_5_3_1;road_3_5_3_1;road_3_5_3_1;road_3_5_3_2;road_3_5_3_2;road_3_5_3_2;road_4_4_2_0;road_4_4_2_0;road_4_4_2_0;road_4_4_2_1;road_4_4_2_1;road_4_4_2_1;road_4_4_2_2;road_4_4_2_2;road_4_4_2_2;road_3_3_1_0;road_3_3_1_0;road_3_3_1_0;road_3_3_1_1;road_3_3_1_1;road_3_3_1_1;road_3_3_1_2;road_3_3_1_2;road_3_3_1_2;road_2_4_0_0;road_2_4_0_0;road_2_4_0_0;road_2_4_0_1;road_2_4_0_1;road_2_4_0_1;road_2_4_0_2;road_2_4_0_2;road_2_4_0_2,GGGrrrrrrGGGGGGrrrGGGrrrrrrGGGGGGrrr
120,intersection_4_1,road_4_2_3_0;road_4_2_3_0;road_4_2_3_0;road_4_2_3_1;road_4_2_3_1;road_4_2_3_1;road_4_2_3_2;road_4_2_3_2;road_4_2_3_2;road_5_1_2_0;road_5_1_2_0;road_5_1_2_0;road_5_1_2_1;road_5_1_2_1;road_5_1_2_1;road_5_1_2_2;road_5_1_2_2;road_5_1_2_2;road_4_0_1_0;road_4_0_1_0;road_4_0_1_0;road_4_0_1_1;road_4_0_1_1;road_4_0_1_1;road_4_0_1_2;road_4_0_1_2;road_4_0_1_2;road_3_1_0_0;road_3_1_0_0;road_3_1_0_0;road_3_1_0_1;road_3_1_0_1;road_3_1_0_1;road_3_1_0_2;road_3_1_0_2;road_3_1_0_2,GGGrrrrrrGGGGGGrrrGGGrrrrrrGGGGGGrrr
120,intersection_4_2,road_4_3_3_0;road_4_3_3_0;road_4_3_3_0;road_4_3_3_1;road_4_3_3_1;road_4_3_3_1;road_4_3_3_2;road_4_3_3_2;road_4_3_3_2;road_5_2_2_0;road_5_2_2_0;road_5_2_2_0;road_5_2_2_1;road_5_2_2_1;road_5_2_2_1;road_5_2_2_2;road_5_2_2_2;road_5_2_2_2;road_4_1_1_0;road_4_1_1_0;road_4_1_1_0;road_4_1_1_1;road_4_1_1_1;road_4_1_1_1;road_4_1_1_2;road_4_1_1_2;road_4_1_1_2;road_3_2_0_0;road_3_2_0_0;road_3_2_0_0;road_3_2_0_1;road_3_2_0_1;road_3_2_0_1;road_3_2_0_2;road_3_2_0_2;road_3_2_0_2,GGGrrrrrrGGGGGGrrrGGGrrrrrrGGGGGGrrr
120,intersection_4_3,road_4_4_3_0;road_4_4_3_0;road_4_4_3_0;road_4_4_3_1;road_4_4_3_1;road_4_4_3_1;road_4_4_3_2;road_4_4_3_2;road_4_4_3_2;road_5_3_2_0;road_5_3_2_0;road_5_3_2_0;road_5_3_2_1;road_5_3_2_1;road_5_3_2_1;road_5_3_2_2;road_5_3_2_2;road_5_3_2_2;road_4_2_1_0;road_4_2_1_0;road_4_2_1_0;road_4_2_1_1;road_4_2_1_1;road_4_2_1_1;road_4_2_1_2;road_4_2_1_2;road_4_2_1_2;road_3_3_0_0;road_3_3_0_0;road_3_3_0_0;road_3_3_0_1;road_3_3_0_1;road_3_3_0_1;road_3_3_0_2;road_3_3_0_2;road_3_3_0_2,GGGrrrrrrGGGGGGrrrGGGrrrrrrGGGGGGrrr
120,intersection_4_4,road_4_5_3_0;road_4_5_3_0;road_4_5_3_0;road_4_5_3_1;road_4_5_3_1;road_4_5_3_1;road_4_5_3_2;road_4_5_3_2;road_4_5_3_2;road_5_4_2_0;road_5_4_2_0;road_5_4_2_0;road_5_4_2_1;road_5_4_2_1;road_5_4_2_1;road_5_4_2_2;road_5_4_2_2;road_5_4_2_2;road_4_3_1_0;road_4_3_1_0;road_4_3_1_0;road_4_3_1_1;road_4_3_1_1;road_4_3_1_1;road_4_3_1_2;road_4_3_1_2;road_4_3_1_2;road_3_4_0_0;road_3_4_0_0;road_3_4_0_0;road_3_4_0_1;road_3_4_0_1;road_3_4_0_1;road_3_4_0_2;road_3_4_0_2;road_3_4_0_2,GGGrrrrrrGGGGGGrrrGGGrrrrrrGGGGGGrrr
130,intersection_1_1,road_1_2_3_0;road_1_2_3_0;road_1_2_3_0;road_1_2_3_1;road_1_2_3_1;road_1_2_3_1;road_1_2_3_2;road_1_2_3_2;road_1_2_3_2;road_2_1_2_0;road_2_1_2_0;road_2_1_2_0;road_2_1_2_1;road_2_1_2_1;road_2_1_2_1;road_2_1_2_2;road_2_1_2_2;road_2_1_2_2;road_1_0_1_0;road_1_0_1_0;road_1_0_1_0;road_1_0_1_1;road_1_0_1_1;road_1_0_1_1;road_1_0_1_2;road_1_0_1_2;road_1_0_1_2;road_0_1_0_0;road_0_1_0_0;road_0_1_0_0;road_0_1_0_1;road_0_1_0_1;road_0_1_0_1;road_0_1_0_2;road_0_1_0_2;road_0_1_0_2,GGGrrrrrrGGGGGGrrrGGGrrrrrrGGGGGGrrr
130,intersection_1_2,road_1_3_3_0;road_1_3_3_0;road_1_3_3_0;road_1_3_3_1;road_1_3_3_1;road_1_3_3_1;road_1_3_3_2;road_1_3_3_2;road_1_3_3_2;road_2_2_2_0;road_2_2_2_0;road_2_2_2_0;road_2_2_2_1;road_2_2_2_1;road_2_2_2_1;road_2_2_2_2;road_2_2_2_2;road_2_2_2_2;road_1_1_1_0;road_1_1_1_0;road_1_1_1_0;road_1_1_1_1;road_1_1_1_1;road_1_1_1_1;road_1_1_1_2;road_1_1_1_2;road_1_1_1_2;road_0_2_0_0;road_0_2_0_0;road_0_2_0_0;road_0_2_0_1;road_0_2_0_1;road_0_2_0_1;road_0_2_0_2;road_0_2_0_2;road_0_2_0_2,GGGrrrrrrGGGGGGrrrGGGrrrrrrGGGGGGrrr
130,intersection_1_3,road_1_4_3_0;road_1_4_3_0;road_1_4_3_0;road_1_4_3_1;road_1_4_3_1;road_1_4_3_1;road_1_4_3_2;road_1_4_3_2;road_1_4_3_2;road_2_3_2_0;road_2_3_2_0;road_2_3_2_0;road_2_3_2_1;road_2_3_2_1;road_2_3_2_1;road_2_3_2_2;road_2_3_2_2;road_2_3_2_2;road_1_2_1_0;road_1_2_1_0;road_1_2_1_0;road_1_2_1_1;road_1_2_1_1;road_1_2_1_1;road_1_2_1_2;road_1_2_1_2;road_1_2_1_2;road_0_3_0_0;road_0_3_0_0;road_0_3_0_0;road_0_3_0_1;road_0_3_0_1;road_0_3_0_1;road_0_3_0_2;road_0_3_0_2;road_0_3_0_2,GGGrrrrrrGGGGGGrrrGGGrrrrrrGGGGGGrrr
130,intersection_1_4,road_1_5_3_0;road_1_5_3_0;road_1_5_3_0;road_1_5_3_1;road_1_5_3_1;road_1_5_3_1;road_1_5_3_2;road_1_5_3_2;road_1_5_3_2;road_2_4_2_0;road_2_4_2_0;road_2_4_2_0;road_2_4_2_1;road_2_4_2_1;road_2_4_2_1;road_2_4_2_2;road_2_4_2_2;road_2_4_2_2;road_1_3_1_0;road_1_3_1_0;road_1_3_1_0;road_1_3_1_1;road_1_3_1_1;road_1_3_1_1;road_1_3_1_2;road_1_3_1_2;road_1_3_1_2;road_0_4_0_0;road_0_4_0_0;road_0_4_0_0;road_0_4_0_1;road_0_4_0_1;road_0_4_0_1;road_0_4_0_2;road_0_4_0_2;road_0_4_0_2,GGGrrrrrrGGGGGGrrrGGGrrrrrrGGGGGGrrr
130,intersection_2_1,road_2_2_3_0;road_2_2_3_0;road_2_2_3_0;road_2_2_3_1;road_2_2_3_1;road_2_2_3_1;road_2_2_3_2;road_2_2_3_2;road_2_2_3_2;road_3_1_2_0;road_3_1_2_0;road_3_1_2_0;road_3_1_2_1;road_3_1_2_1;road_3_1_2_1;road_3_1_2_2;road_3_1_2_2;road_3_1_2_2;road_2_0_1_0;road_2_0_1_0;road_2_0_1_0;road_2_0_1_1;road_2_0_1_1;road_2_0_1_1;road_2_0_1_2;road_2_0_1_2;road_2_0_1_2;road_1_1_0_0;road_1_1_0_0;road_1_1_0_0;road_1_1_0_1;road_1_1_0_1;road_1_1_0_1;road_1_1_0_2;road_1_1_0_2;road_1_1_0_2,GGGrrrrrrGGGGGGrrrGGGrrrrrrGGGGGGrrr
130,intersection_2_2,road_2_3_3_0;road_2_3_3_0;road_2_3_3_0;road_2_3_3_1;road_2_3_3_1;road_2_3_3_1;road_2_3_3_2;road_2_3_3_2;road_2_3_3_2;road_3_2_2_0;road_3_2_2_0;road_3_2_2_0;road_3_2_2_1;road_3_2_2_1;road_3_2_2_1;road_3_2_2_2;road_3_2_2_2;road_3_2_2_2;road_2_1_1_0;road_2_1_1_0;road_2_1_1_0;road_2_1_1_1;road_2_1_1_1;road_2_1_1_1;road_2_1_1_2;road_2_1_1_2;road_2_1_1_2;road_1_2_0_0;road_1_2_0_0;road_1_2_0_0;road_1_2_0_1;road_1_2_0_1;road_1_2_0_1;road_1_2_0_2;road_1_2_0_2;road_1_2_0_2,GGGrrrrrrGGGGGGrrrGGGrrrrrrGGGGGGrrr
130,intersection_2_3,road_2_4_3_0;road_2_4_3_0;road_2_4_3_0;road_2_4_3_1;road_2_4_3_1;road_2_4_3_1;road_2_4_3_2;road_2_4_3_2;road_2_4_3_2;road_3_3_2_0;road_3_3_2_0;road_3_3_2_0;road_3_3_2_1;road_3_3_2_1;road_3_3_2_1;road_3_3_2_2;road_3_3_2_2;road_3_3_2_2;road_2_2_1_0;road_2_2_1_0;road_2_2_1_0;road_2_2_1_1;road_2_2_1_1;road_2_2_1_1;road_2_2_1_2;road_2_2_1_2;road_2_2_1_2;road_1_3_0_0;road_1_3_0_0;road_1_3_0_0;road_1_3_0_1;road_1_3_0_1;road_1_3_0_1;road_1_3_0_2;road_1_3_0_2;road_1_3_0_2,GGGrrrrrrGGGGGGrrrGGGrrrrrrGGGGGGrrr
130,intersection_2_4,road_2_5_3_0;road_2_5_3_0;road_2_5_3_0;road_2_5_3_1;road_2_5_3_1;road_2_5_3_1;road_2_5_3_2;road_2_5_3_2;road_2_5_3_2;road_3_4_2_0;road_3_4_2_0;road_3_4_2_0;road_3_4_2_1;road_3_4_2_1;road_3_4_2_1;road_3_4_2_2;road_3_4_2_2;road_3_4_2_2;road_2_3_1_0;road_2_3_1_0;road_2_3_1_0;road_2_3_1_1;road_2_3_1_1;road_2_3_1_1;road_2_3_1_2;road_2_3_1_2;road_2_3_1_2;road_1_4_0_0;road_1_4_0_0;road_1_4_0_0;road_1_4_0_1;road_1_4_0_1;road_1_4_0_1;road_1_4_0_2;road_1_4_0_2;road_1_4_0_2,GGGrrrrrrGGGGGGrrrGGGrrrrrrGGGGGGrrr
130,intersection_3_1,road_3_2_3_0;road_3_2_3_0;road_3_2_3_0;road_3_2_3_1;road_3_2_3_1;road_3_2_3_1;road_3_2_3_2;road_3_2_3_2;road_3_2_3_2;road_4_1_2_0;road_4_1_2_0;road_4_1_2_0;road_4_1_2_1;road_4_1_2_1;road_4_1_2_1;road_4_1_2_2;road_4_1_2_2;road_4_1_2_2;road_3_0_1_0;road_3_0_1_0;road_3_0_1_0;road_3_0_1_1;road_3_0_1_1;road_3_0_1_1;road_3_0_1_2;road_3_0_1_2;road_3_0_1_2;road_2_1_0_0;road_2_1_0_0;road_2_1_0_0;road_2_1_0_1;road_2_1_0_1;road_2_1_0_1;road_2_1_0_2;road_2_1_0_2;road_2_1_0_2,GGGrrrrrrGGGGGGrrrGGGrrrrrrGGGGGGrrr
130,intersection_3_2,road_3_3_3_0;road_3_3_3_0;road_3_3_3_0;road_3_3_3_1;road_3_3_3_1;road_3_3_3_1;road_3_3_3_2;road_3_3_3_2;road_3_3_3_2;road_4_2_2_0;road_4_2_2_0;road_4_2_2_0;road_4_2_2_1;road_4_2_2_1;road_4_2_2_1;road_4_2_2_2;road_4_2_2_2;road_4_2_2_2;road_3_1_1_0;road_3_1_1_0;road_3_1_1_0;road_3_1_1_1;road_3_1_1_1;road_3_1_1_1;road_3_1_1_2;road_3_1_1_2;road_3_1_1_2;road_2_2_0_0;road_2_2_0_0;road_2_2_0_0;road_2_2_0_1;road_2_2_0_1;road_2_2_0_1;road_2_2_0_2;road_2_2_0_2;road_2_2_0_2,GGGrrrrrrGGGGGGrrrGGGrrrrrrGGGGGGrrr
130,intersection_3_3,road_3_4_3_0;road_3_4_3_0;road_3_4_3_0;road_3_4_3_1;road_3_4_3_1;road_3_4_3_1;road_3_4_3_2;road_3_4_3_2;road_3_4_3_2;road_4_3_2_0;road_4_3_2_0;road_4_3_2_0;road_4_3_2_1;road_4_3_2_1;road_4_3_2_1;road_4_3_2_2;road_4_3_2_2;road_4_3_2_2;road_3_2_1_0;road_3_2_1_0;road_3_2_1_0;road_3_2_1_1;road_3_2_1_1;road_3_2_1_1;road_3_2_1_2;road_3_2_1_2;road_3_2_1_2;road_2_3_0_0;road_2_3_0_0;road_2_3_0_0;road_2_3_0_1;road_2_3_0_1;road_2_3_0_1;road_2_3_0_2;road_2_3_0_2;road_2_3_0_2,GGGrrrrrrGGGGGGrrrGGGrrrrrrGGGGGGrrr
130,intersection_3_4,road_3_5_3_0;road_3_5_3_0;road_3_5_3_0;road_3_5_3_1;road_3_5_3_1;road_3_5_3_1;road_3_5_3_2;road_3_5_3_2;road_3_5_3_2;road_4_4_2_0;road_4_4_2_0;road_4_4_2_0;road_4_4_2_1;road_4_4_2_1;road_4_4_2_1;road_4_4_2_2;road_4_4_2_2;road_4_4_2_2;road_3_3_1_0;road_3_3_1_0;road_3_3_1_0;road_3_3_1_1;road_3_3_1_1;road_3_3_1_1;road_3_3_1_2;road_3_3_1_2;road_3_3_1_2;road_2_4_0_0;road_2_4_0_0;road_2_4_0_0;road_2_4_0_1;road_2_4_0_1;road_2_4_0_1;road_2_4_0_2;road_2_4_0_2;road_2_4_0_2,GGGrrrrrrGGGGGGrrrGGGrrrrrrGGGGGGrrr
130,intersection_4_1,road_4_2_3_0;road_4_2_3_0;road_4_2_3_0;road_4_2_3_1;road_4_2_3_1;road_4_2_3_1;road_4_2_3_2;road_4_2_3_2;road_4_2_3_2;road_5_1_2_0;road_5_1_2_0;road_5_1_2_0;road_5_1_2_1;road_5_1_2_1;road_5_1_2_1;road_5_1_2_2;road_5_1_2_2;road_5_1_2_2;road_4_0_1_0;road_4_0_1_0;road_4_0_1_0;road_4_0_1_1;road_4_0_1_1;road_4_0_1_1;road_4_0_1_2;road_4_0_1_2;road_4_0_1_2;road_3_1_0_0;road_3_1_0_0;road_3_1_0_0;road_3_1_0_1;road_3_1_0_1;road_3_1_0_1;road_3_1_0_2;road_3_1_0_2;road_3_1_0_2,GGGrrrrrrGGGGGGrrrGGGrrrrrrGGGGGGrrr
130,intersection_4_2,road_4_3_3_0;road_4_3_3_0;road_4_3_3_0;road_4_3_3_1;road_4_3_3_1;road_4_3_3_1;road_4_3_3_2;road_4_3_3_2;road_4_3_3_2;road_5_2_2_0;road_5_2_2_0;road_5_2_2_0;road_5_2_2_1;road_5_2_2_1;road_5_2_2_1;road_5_2_2_2;road_5_2_2_2;road_5_2_2_2;road_4_1_1_0;road_4_1_1_0;road_4_1_1_0;road_4_1_1_1;road_4_1_1_1;road_4_1_1_1;road_4_1_1_2;road_4_1_1_2;road_4_1_1_2;road_3_2_0_0;road_3_2_0_0;road_3_2_0_0;road_3_2_0_1;road_3_2_0_1;road_3_2_0_1;road_3_2_0_2;road_3_2_0_2;road_3_2_0_2,GGGrrrrrrGGGGGGrrrGGGrrrrrrGGGGGGrrr
130,intersection_4_3,road_4_4_3_0;road_4_4_3_0;road_4_4_3_0;road_4_4_3_1;road_4_4_3_1;road_4_4_3_1;road_4_4_3_2;road_4_4_3_2;road_4_4_3_2;road_5_3_2_0;road_5_3_2_0;road_5_3_2_0;road_5_3_2_1;road_5_3_2_1;road_5_3_2_1;road_5_3_2_2;road_5_3_2_2;road_5_3_2_2;road_4_2_1_0;road_4_2_1_0;road_4_2_1_0;road_4_2_1_1;road_4_2_1_1;road_4_2_1_1;road_4_2_1_2;road_4_2_1_2;road_4_2_1_2;road_3_3_0_0;road_3_3_0_0;road_3_3_0_0;road_3_3_0_1;road_3_3_0_1;road_3_3_0_1;road_3_3_0_2;road_3_3_0_2;road_3_3_0_2,GGGrrrrrrGGGGGGrrrGGGrrrrrrGGGGGGrrr
130,intersection_4_4,road_4_5_3_0;road_4_5_3_0;road_4_5_3_0;road_4_5_3_1;road_4_5_3_1;road_4_5_3_1;road_4_5_3_2;road_4_5_3_2;road_4_5_3_2;road_5_4_2_0;road_5_4_2_0;road_5_4_2_0;road_5_4_2_1;road_5_4_2_1;road_5_4_2_1;road_5_4_2_2;road_5_4_2_2;road_5_4_2_2;road_4_3_1_0;road_4_3_1_0;road_4_3_1_0;road_4_3_1_1;road_4_3_1_1;road_4_3_1_1;road_4_3_1_2;road_4_3_1_2;road_4_3_1_2;road_3_4_0_0;road_3_4_0_0;road_3_4_0_0;road_3_4_0_1;road_3_4_0_1;road_3_4_0_1;road_3_4_0_2;road_3_4_0_2;road_3_4_0_2,GGGrrrrrrGGGGGGGGGGGGrrrrrrGGGrrrrrr
140,intersection_1_1,road_1_2_3_0;road_1_2_3_0;road_1_2_3_0;road_1_2_3_1;road_1_2_3_1;road_1_2_3_1;road_1_2_3_2;road_1_2_3_2;road_1_2_3_2;road_2_1_2_0;road_2_1_2_0;road_2_1_2_0;road_2_1_2_1;road_2_1_2_1;road_2_1_2_1;road_2_1_2_2;road_2_1_2_2;road_2_1_2_2;road_1_0_1_0;road_1_0_1_0;road_1_0_1_0;road_1_0_1_1;road_1_0_1_1;road_1_0_1_1;road_1_0_1_2;road_1_0_1_2;road_1_0_1_2;road_0_1_0_0;road_0_1_0_0;road_0_1_0_0;road_0_1_0_1;road_0_1_0_1;road_0_1_0_1;road_0_1_0_2;road_0_1_0_2;road_0_1_0_2,GGGrrrrrrGGGGGGrrrGGGrrrrrrGGGGGGrrr
140,intersection_1_2,road_1_3_3_0;road_1_3_3_0;road_1_3_3_0;road_1_3_3_1;road_1_3_3_1;road_1_3_3_1;road_1_3_3_2;road_1_3_3_2;road_1_3_3_2;road_2_2_2_0;road_2_2_2_0;road_2_2_2_0;road_2_2_2_1;road_2_2_2_1;road_2_2_2_1;road_2_2_2_2;road_2_2_2_2;road_2_2_2_2;road_1_1_1_0;road_1_1_1_0;road_1_1_1_0;road_1_1_1_1;road_1_1_1_1;road_1_1_1_1;road_1_1_1_2;road_1_1_1_2;road_1_1_1_2;road_0_2_0_0;road_0_2_0_0;road_0_2_0_0;road_0_2_0_1;road_0_2_0_1;road_0_2_0_1;road_0_2_0_2;road_0_2_0_2;road_0_2_0_2,GGGrrrrrrGGGGGGrrrGGGrrrrrrGGGGGGrrr
140,intersection_1_3,road_1_4_3_0;road_1_4_3_0;road_1_4_3_0;road_1_4_3_1;road_1_4_3_1;road_1_4_3_1;road_1_4_3_2;road_1_4_3_2;road_1_4_3_2;road_2_3_2_0;road_2_3_2_0;road_2_3_2_0;road_2_3_2_1;road_2_3_2_1;road_2_3_2_1;road_2_3_2_2;road_2_3_2_2;road_2_3_2_2;road_1_2_1_0;road_1_2_1_0;road_1_2_1_0;road_1_2_1_1;road_1_2_1_1;road_1_2_1_1;road_1_2_1_2;road_1_2_1_2;road_1_2_1_2;road_0_3_0_0;road_0_3_0_0;road_0_3_0_0;road_0_3_0_1;road_0_3_0_1;road_0_3_0_1;road_0_3_0_2;road_0_3_0_2;road_0_3_0_2,GGGrrrrrrGGGGGGrrrGGGrrrrrrGGGGGGrrr
140,intersection_1_4,road_1_5_3_0;road_1_5_3_0;road_1_5_3_0;road_1_5_3_1;road_1_5_3_1;road_1_5_3_1;road_1_5_3_2;road_1_5_3_2;road_1_5_3_2;road_2_4_2_0;road_2_4_2_0;road_2_4_2_0;road_2_4_2_1;road_2_4_2_1;road_2_4_2_1;road_2_4_2_2;road_2_4_2_2;road_2_4_2_2;road_1_3_1_0;road_1_3_1_0;road_1_3_1_0;road_1_3_1_1;road_1_3_1_1;road_1_3_1_1;road_1_3_1_2;road_1_3_1_2;road_1_3_1_2;road_0_4_0_0;road_0_4_0_0;road_0_4_0_0;road_0_4_0_1;road_0_4_0_1;road_0_4_0_1;road_0_4_0_2;road_0_4_0_2;road_0_4_0_2,GGGrrrrrrGGGGGGrrrGGGrrrrrrGGGGGGrrr
140,intersection_2_1,road_2_2_3_0;road_2_2_3_0;road_2_2_3_0;road_2_2_3_1;road_2_2_3_1;road_2_2_3_1;road_2_2_3_2;road_2_2_3_2;road_2_2_3_2;road_3_1_2_0;road_3_1_2_0;road_3_1_2_0;road_3_1_2_1;road_3_1_2_1;road_3_1_2_1;road_3_1_2_2;road_3_1_2_2;road_3_1_2_2;road_2_0_1_0;road_2_0_1_0;road_2_0_1_0;road_2_0_1_1;road_2_0_1_1;road_2_0_1_1;road_2_0_1_2;road_2_0_1_2;road_2_0_1_2;road_1_1_0_0;road_1_1_0_0;road_1_1_0_0;road_1_1_0_1;road_1_1_0_1;road_1_1_0_1;road_1_1_0_2;road_1_1_0_2;road_1_1_0_2,GGGrrrrrrGGGGGGrrrGGGrrrrrrGGGGGGrrr
140,intersection_2_2,road_2_3_3_0;road_2_3_3_0;road_2_3_3_0;road_2_3_3_1;road_2_3_3_1;road_2_3_3_1;road_2_3_3_2;road_2_3_3_2;road_2_3_3_2;road_3_2_2_0;road_3_2_2_0;road_3_2_2_0;road_3_2_2_1;road_3_2_2_1;road_3_2_2_1;road_3_2_2_2;road_3_2_2_2;road_3_2_2_2;road_2_1_1_0;road_2_1_1_0;road_2_1_1_0;road_2_1_1_1;road_2_1_1_1;road_2_1_1_1;road_2_1_1_2;road_2_1_1_2;road_2_1_1_2;road_1_2_0_0;road_1_2_0_0;road_1_2_0_0;road_1_2_0_1;road_1_2_0_1;road_1_2_0_1;road_1_2_0_2;road_1_2_0_2;road_1_2_0_2,GGGrrrrrrGGGGGGrrrGGGrrrrrrGGGGGGrrr
140,intersection_2_3,road_2_4_3_0;road_2_4_3_0;road_2_4_3_0;road_2_4_3_1;road_2_4_3_1;road_2_4_3_1;road_2_4_3_2;road_2_4_3_2;road_2_4_3_2;road_3_3_2_0;road_3_3_2_0;road_3_3_2_0;road_3_3_2_1;road_3_3_2_1;road_3_3_2_1;road_3_3_2_2;road_3_3_2_2;road_3_3_2_2;road_2_2_1_0;road_2_2_1_0;road_2_2_1_0;road_2_2_1_1;road_2_2_1_1;road_2_2_1_1;road_2_2_1_2;road_2_2_1_2;road_2_2_1_2;road_1_3_0_0;road_1_3_0_0;road_1_3_0_0;road_1_3_0_1;road_1_3_0_1;road_1_3_0_1;road_1_3_0_2;road_1_3_0_2;road_1_3_0_2,GGGrrrrrrGGGGGGrrrGGGrrrrrrGGGGGGrrr
140,intersection_2_4,road_2_5_3_0;road_2_5_3_0;road_2_5_3_0;road_2_5_3_1;road_2_5_3_1;road_2_5_3_1;road_2_5_3_2;road_2_5_3_2;road_2_5_3_2;road_3_4_2_0;road_3_4_2_0;road_3_4_2_0;road_3_4_2_1;road_3_4_2_1;road_3_4_2_1;road_3_4_2_2;road_3_4_2_2;road_3_4_2_2;road_2_3_1_0;road_2_3_1_0;road_2_3_1_0;road_2_3_1_1;road_2_3_1_1;road_2_3_1_1;road_2_3_1_2;road_2_3_1_2;road_2_3_1_2;road_1_4_0_0;road_1_4_0_0;road_1_4_0_0;road_1_4_0_1;road_1_4_0_1;road_1_4_0_1;road_1_4_0_2;road_1_4_0_2;road_1_4_0_2,GGGrrrrrrGGGGGGrrrGGGrrrrrrGGGGGGrrr
140,intersection_3_1,road_3_2_3_0;road_3_2_3_0;road_3_2_3_0;road_3_2_3_1;road_3_2_3_1;road_3_2_3_1;road_3_2_3_2;road_3_2_3_2;road_3_2_3_2;road_4_1_2_0;road_4_1_2_0;road_4_1_2_0;road_4_1_2_1;road_4_1_2_1;road_4_1_2_1;road_4_1_2_2;road_4_1_2_2;road_4_1_2_2;road_3_0_1_0;road_3_0_1_0;road_3_0_1_0;road_3_0_1_1;road_3_0_1_1;road_3_0_1_1;road_3_0_1_2;road_3_0_1_2;road_3_0_1_2;road_2_1_0_0;road_2_1_0_0;road_2_1_0_0;road_2_1_0_1;road_2_1_0_1;road_2_1_0_1;road_2_1_0_2;road_2_1_0_2;road_2_1_0_2,GGGrrrrrrGGGGGGrrrGGGrrrrrrGGGGGGrrr
140,intersection_3_2,road_3_3_3_0;road_3_3_3_0;road_3_3_3_0;road_3_3_3_1;road_3_3_3_1;road_3_3_3_1;road_3_3_3_2;road_3_3_3_2;road_3_3_3_2;road_4_2_2_0;road_4_2_2_0;road_4_2_2_0;road_4_2_2_1;road_4_2_2_1;road_4_2_2_1;road_4_2_2_2;road_4_2_2_2;road_4_2_2_2;road_3_1_1_0;road_3_1_1_0;road_3_1_1_0;road_3_1_1_1;road_3_1_1_1;road_3_1_1_1;road_3_1_1_2;road_3_1_1_2;road_3_1_1_2;road_2_2_0_0;road_2_2_0_0;road_2_2_0_0;road_2_2_0_1;road_2_2_0_1;road_2_2_0_1;road_2_2_0_2;road_2_2_0_2;road_2_2_0_2,GGGrrrrrrGGGGGGrrrGGGrrrrrrGGGGGGrrr
140,intersection_3_3,road_3_4_3_0;road_3_4_3_0;road_3_4_3_0;road_3_4_3_1;road_3_4_3_1;road_3_4_3_1;road_3_4_3_2;road_3_4_3_2;road_3_4_3_2;road_4_3_2_0;road_4_3_2_0;road_4_3_2_0;road_4_3_2_1;road_4_3_2_1;road_4_3_2_1;road_4_3_2_2;road_4_3_2_2;road_4_3_2_2;road_3_2_1_0;road_3_2_1_0;road_3_2_1_0;road_3_2_1_1;road_3_2_1_1;road_3_2_1_1;road_3_2_1_2;road_3_2_1_2;road_3_2_1_2;road_2_3_0_0;road_2_3_0_0;road_2_3_0_0;road_2_3_0_1;road_2_3_0_1;road_2_3_0_1;road_2_3_0_2;road_2_3_0_2;road_2_3_0_2,GGGrrrrrrGGGGGGrrrGGGrrrrrrGGGGGGrrr
140,intersection_3_4,road_3_5_3_0;road_3_5_3_0;road_3_5_3_0;road_3_5_3_1;road_3_5_3_1;road_3_5_3_1;road_3_5_3_2;road_3_5_3_2;road_3_5_3_2;road_4_4_2_0;road_4_4_2_0;road_4_4_2_0;road_4_4_2_1;road_4_4_2_1;road_4_4_2_1;road_4_4_2_2;road_4_4_2_2;road_4_4_2_2;road_3_3_1_0;road_3_3_1_0;road_3_3_1_0;road_3_3_1_1;road_3_3_1_1;road_3_3_1_1;road_3_3_1_2;road_3_3_1_2;road_3_3_1_2;road_2_4_0_0;road_2_4_0_0;road_2_4_0_0;road_2_4_0_1;road_2_4_0_1;road_2_4_0_1;road_2_4_0_2;road_2_4_0_2;road_2_4_0_2,GGGrrrrrrGGGGGGrrrGGGrrrrrrGGGGGGrrr
140,intersection_4_1,road_4_2_3_0;road_4_2_3_0;road_4_2_3_0;road_4_2_3_1;road_4_2_3_1;road_4_2_3_1;road_4_2_3_2;road_4_2_3_2;road_4_2_3_2;road_5_1_2_0;road_5_1_2_0;road_5_1_2_0;road_5_1_2_1;road_5_1_2_1;road_5_1_2_1;road_5_1_2_2;road_5_1_2_2;road_5_1_2_2;road_4_0_1_0;road_4_0_1_0;road_4_0_1_0;road_4_0_1_1;road_4_0_1_1;road_4_0_1_1;road_4_0_1_2;road_4_0_1_2;road_4_0_1_2;road_3_1_0_0;road_3_1_0_0;road_3_1_0_0;road_3_1_0_1;road_3_1_0_1;road_3_1_0_1;road_3_1_0_2;road_3_1_0_2;road_3_1_0_2,GGGrrrrrrGGGGGGrrrGGGrrrrrrGGGGGGrrr
140,intersection_4_2,road_4_3_3_0;road_4_3_3_0;road_4_3_3_0;road_4_3_3_1;road_4_3_3_1;road_4_3_3_1;road_4_3_3_2;road_4_3_3_2;road_4_3_3_2;road_5_2_2_0;road_5_2_2_0;road_5_2_2_0;road_5_2_2_1;road_5_2_2_1;road_5_2_2_1;road_5_2_2_2;road_5_2_2_2;road_5_2_2_2;road_4_1_1_0;road_4_1_1_0;road_4_1_1_0;road_4_1_1_1;road_4_1_1_1;road_4_1_1_1;road_4_1_1_2;road_4_1_1_2;road_4_1_1_2;road_3_2_0_0;road_3_2_0_0;road_3_2_0_0;road_3_2_0_1;road_3_2_0_1;road_3_2_0_1;road_3_2_0_2;road_3_2_0_2;road_3_2_0_2,GGGrrrrrrGGGGGGrrrGGGrrrrrrGGGGGGrrr
140,intersection_4_3,road_4_4_3_0;road_4_4_3_0;road_4_4_3_0;road_4_4_3_1;road_4_4_3_1;road_4_4_3_1;road_4_4_3_2;road_4_4_3_2;road_4_4_3_2;road_5_3_2_0;road_5_3_2_0;road_5_3_2_0;road_5_3_2_1;road_5_3_2_1;road_5_3_2_1;road_5_3_2_2;road_5_3_2_2;road_5_3_2_2;road_4_2_1_0;road_4_2_1_0;road_4_2_1_0;road_4_2_1_1;road_4_2_1_1;road_4_2_1_1;road_4_2_1_2;road_4_2_1_2;road_4_2_1_2;road_3_3_0_0;road_3_3_0_0;road_3_3_0_0;road_3_3_0_1;road_3_3_0_1;road_3_3_0_1;road_3_3_0_2;road_3_3_0_2;road_3_3_0_2,GGGrrrrrrGGGGGGGGGGGGrrrrrrGGGrrrrrr
140,intersection_4_4,road_4_5_3_0;road_4_5_3_0;road_4_5_3_0;road_4_5_3_1;road_4_5_3_1;road_4_5_3_1;road_4_5_3_2;road_4_5_3_2;road_4_5_3_2;road_5_4_2_0;road_5_4_2_0;road_5_4_2_0;road_5_4_2_1;road_5_4_2_1;road_5_4_2_1;road_5_4_2_2;road_5_4_2_2;road_5_4_2_2;road_4_3_1_0;road_4_3_1_0;road_4_3_1_0;road_4_3_1_1;road_4_3_1_1;road_4_3_1_1;road_4_3_1_2;road_4_3_1_2;road_4_3_1_2;road_3_4_0_0;road_3_4_0_0;road_3_4_0_0;road_3_4_0_1;road_3_4_0_1;road_3_4_0_1;road_3_4_0_2;road_3_4_0_2;road_3_4_0_2,GGGrrrrrrGGGGGGGGGGGGrrrrrrGGGrrrrrr
150,intersection_1_1,road_1_2_3_0;road_1_2_3_0;road_1_2_3_0;road_1_2_3_1;road_1_2_3_1;road_1_2_3_1;road_1_2_3_2;road_1_2_3_2;road_1_2_3_2;road_2_1_2_0;road_2_1_2_0;road_2_1_2_0;road_2_1_2_1;road_2_1_2_1;road_2_1_2_1;road_2_1_2_2;road_2_1_2_2;road_2_1_2_2;road_1_0_1_0;road_1_0_1_0;road_1_0_1_0;road_1_0_1_1;road_1_0_1_1;road_1_0_1_1;road_1_0_1_2;road_1_0_1_2;road_1_0_1_2;road_0_1_0_0;road_0_1_0_0;road_0_1_0_0;road_0_1_0_1;road_0_1_0_1;road_0_1_0_1;road_0_1_0_2;road_0_1_0_2;road_0_1_0_2,GGGrrrrrrGGGGGGrrrGGGrrrrrrGGGGGGrrr
150,intersection_1_2,road_1_3_3_0;road_1_3_3_0;road_1_3_3_0;road_1_3_3_1;road_1_3_3_1;road_1_3_3_1;road_1_3_3_2;road_1_3_3_2;road_1_3_3_2;road_2_2_2_0;road_2_2_2_0;road_2_2_2_0;road_2_2_2_1;road_2_2_2_1;road_2_2_2_1;road_2_2_2_2;road_2_2_2_2;road_2_2_2_2;road_1_1_1_0;road_1_1_1_0;road_1_1_1_0;road_1_1_1_1;road_1_1_1_1;road_1_1_1_1;road_1_1_1_2;road_1_1_1_2;road_1_1_1_2;road_0_2_0_0;road_0_2_0_0;road_0_2_0_0;road_0_2_0_1;road_0_2_0_1;road_0_2_0_1;road_0_2_0_2;road_0_2_0_2;road_0_2_0_2,GGGrrrrrrGGGGGGrrrGGGrrrrrrGGGGGGrrr
150,intersection_1_3,road_1_4_3_0;road_1_4_3_0;road_1_4_3_0;road_1_4_3_1;road_1_4_3_1;road_1_4_3_1;road_1_4_3_2;road_1_4_3_2;road_1_4_3_2;road_2_3_2_0;road_2_3_2_0;road_2_3_2_0;road_2_3_2_1;road_2_3_2_1;road_2_3_2_1;road_2_3_2_2;road_2_3_2_2;road_2_3_2_2;road_1_2_1_0;road_1_2_1_0;road_1_2_1_0;road_1_2_1_1;road_1_2_1_1;road_1_2_1_1;road_1_2_1_2;road_1_2_1_2;road_1_2_1_2;road_0_3_0_0;road_0_3_0_0;road_0_3_0_0;road_0_3_0_1;road_0_3_0_1;road_0_3_0_1;road_0_3_0_2;road_0_3_0_2;road_0_3_0_2,GGGrrrrrrGGGGGGrrrGGGrrrrrrGGGGGGrrr
150,intersection_1_4,road_1_5_3_0;road_1_5_3_0;road_1_5_3_0;road_1_5_3_1;road_1_5_3_1;road_1_5_3_1;road_1_5_3_2;road_1_5_3_2;road_1_5_3_2;road_2_4_2_0;road_2_4_2_0;road_2_4_2_0;road_2_4_2_1;road_2_4_2_1;road_2_4_2_1;road_2_4_2_2;road_2_4_2_2;road_2_4_2_2;road_1_3_1_0;road_1_3_1_0;road_1_3_1_0;road_1_3_1_1;road_1_3_1_1;road_1_3_1_1;road_1_3_1_2;road_1_3_1_2;road_1_3_1_2;road_0_4_0_0;road_0_4_0_0;road_0_4_0_0;road_0_4_0_1;road_0_4_0_1;road_0_4_0_1;road_0_4_0_2;road_0_4_0_2;road_0_4_0_2,GGGrrrrrrGGGGGGrrrGGGrrrrrrGGGGGGrrr
150,intersection_2_1,road_2_2_3_0;road_2_2_3_0;road_2_2_3_0;road_2_2_3_1;road_2_2_3_1;road_2_2_3_1;road_2_2_3_2;road_2_2_3_2;road_2_2_3_2;road_3_1_2_0;road_3_1_2_0;road_3_1_2_0;road_3_1_2_1;road_3_1_2_1;road_3_1_2_1;road_3_1_2_2;road_3_1_2_2;road_3_1_2_2;road_2_0_1_0;road_2_0_1_0;road_2_0_1_0;road_2_0_1_1;road_2_0_1_1;road_2_0_1_1;road_2_0_1_2;road_2_0_1_2;road_2_0_1_2;road_1_1_0_0;road_1_1_0_0;road_1_1_0_0;road_1_1_0_1;road_1_1_0_1;road_1_1_0_1;road_1_1_0_2;road_1_1_0_2;road_1_1_0_2,GGGrrrrrrGGGGGGrrrGGGrrrrrrGGGGGGrrr
150,intersection_2_2,road_2_3_3_0;road_2_3_3_0;road_2_3_3_0;road_2_3_3_1;road_2_3_3_1;road_2_3_3_1;road_2_3_3_2;road_2_3_3_2;road_2_3_3_2;road_3_2_2_0;road_3_2_2_0;road_3_2_2_0;road_3_2_2_1;road_3_2_2_1;road_3_2_2_1;road_3_2_2_2;road_3_2_2_2;road_3_2_2_2;road_2_1_1_0;road_2_1_1_0;road_2_1_1_0;road_2_1_1_1;road_2_1_1_1;road_2_1_1_1;road_2_1_1_2;road_2_1_1_2;road_2_1_1_2;road_1_2_0_0;road_1_2_0_0;road_1_2_0_0;road_1_2_0_1;road_1_2_0_1;road_1_2_0_1;road_1_2_0_2;road_1_2_0_2;road_1_2_0_2,GGGrrrrrrGGGGGGrrrGGGrrrrrrGGGGGGrrr
150,intersection_2_3,road_2_4_3_0;road_2_4_3_0;road_2_4_3_0;road_2_4_3_1;road_2_4_3_1;road_2_4_3_1;road_2_4_3_2;road_2_4_3_2;road_2_4_3_2;road_3_3_2_0;road_3_3_2_0;road_3_3_2_0;road_3_3_2_1;road_3_3_2_1;road_3_3_2_1;road_3_3_2_2;road_3_3_2_2;road_3_3_2_2;road_2_2_1_0;road_2_2_1_0;road_2_2_1_0;road_2_2_1_1;road_2_2_1_1;road_2_2_1_1;road_2_2_1_2;road_2_2_1_2;road_2_2_1_2;road_1_3_0_0;road_1_3_0_0;road_1_3_0_0;road_1_3_0_1;road_1_3_0_1;road_1_3_0_1;road_1_3_0_2;road_1_3_0_2;road_1_3_0_2,GGGrrrrrrGGGGGGrrrGGGrrrrrrGGGGGGrrr
150,intersection_2_4,road_2_5_3_0;road_2_5_3_0;road_2_5_3_0;road_2_5_3_1;road_2_5_3_1;road_2_5_3_1;road_2_5_3_2;road_2_5_3_2;road_2_5_3_2;road_3_4_2_0;road_3_4_2_0;road_3_4_2_0;road_3_4_2_1;road_3_4_2_1;road_3_4_2_1;road_3_4_2_2;road_3_4_2_2;road_3_4_2_2;road_2_3_1_0;road_2_3_1_0;road_2_3_1_0;road_2_3_1_1;road_2_3_1_1;road_2_3_1_1;road_2_3_1_2;road_2_3_1_2;road_2_3_1_2;road_1_4_0_0;road_1_4_0_0;road_1_4_0_0;road_1_4_0_1;road_1_4_0_1;road_1_4_0_1;road_1_4_0_2;road_1_4_0_2;road_1_4_0_2,GGGrrrrrrGGGGGGrrrGGGrrrrrrGGGGGGrrr
150,intersection_3_1,road_3_2_3_0;road_3_2_3_0;road_3_2_3_0;road_3_2_3_1;road_3_2_3_1;road_3_2_3_1;road_3_2_3_2;road_3_2_3_2;road_3_2_3_2;road_4_1_2_0;road_4_1_2_0;road_4_1_2_0;road_4_1_2_1;road_4_1_2_1;road_4_1_2_1;road_4_1_2_2;road_4_1_2_2;road_4_1_2_2;road_3_0_1_0;road_3_0_1_0;road_3_0_1_0;road_3_0_1_1;road_3_0_1_1;road_3_0_1_1;road_3_0_1_2;road_3_0_1_2;road_3_0_1_2;road_2_1_0_0;road_2_1_0_0;road_2_1_0_0;road_2_1_0_1;road_2_1_0_1;road_2_1_0_1;road_2_1_0_2;road_2_1_0_2;road_2_1_0_2,GGGrrrrrrGGGGGGrrrGGGrrrrrrGGGGGGrrr
150,intersection_3_2,road_3_3_3_0;road_3_3_3_0;road_3_3_3_0;road_3_3_3_1;road_3_3_3_1;road_3_3_3_1;road_3_3_3_2;road_3_3_3_2;road_3_3_3_2;road_4_2_2_0;road_4_2_2_0;road_4_2_2_0;road_4_2_2_1;road_4_2_2_1;road_4_2_2_1;road_4_2_2_2;road_4_2_2_2;road_4_2_2_2;road_3_1_1_0;road_3_1_1_0;road_3_1_1_0;road_3_1_1_1;road_3_1_1_1;road_3_1_1_1;road_3_1_1_2;road_3_1_1_2;road_3_1_1_2;road_2_2_0_0;road_2_2_0_0;road_2_2_0_0;road_2_2_0_1;road_2_2_0_1;road_2_2_0_1;road_2_2_0_2;road_2_2_0_2;road_2_2_0_2,GGGrrrrrrGGGGGGrrrGGGrrrrrrGGGGGGrrr
150,intersection_3_3,road_3_4_3_0;road_3_4_3_0;road_3_4_3_0;road_3_4_3_1;road_3_4_3_1;road_3_4_3_1;road_3_4_3_2;road_3_4_3_2;road_3_4_3_2;road_4_3_2_0;road_4_3_2_0;road_4_3_2_0;road_4_3_2_1;road_4_3_2_1;road_4_3_2_1;road_4_3_2_2;road_4_3_2_2;road_4_3_2_2;road_3_2_1_0;road_3_2_1_0;road_3_2_1_0;road_3_2_1_1;road_3_2_1_1;road_3_2_1_1;road_3_2_1_2;road_3_2_1_2;road_3_2_1_2;road_2_3_0_0;road_2_3_0_0;road_2_3_0_0;road_2_3_0_1;road_2_3_0_1;road_2_3_0_1;road_2_3_0_2;road_2_3_0_2;road_2_3_0_2,GGGrrrrrrGGGGGGrrrGGGrrrrrrGGGGGGrrr
150,intersection_3_4,road_3_5_3_0;road_3_5_3_0;road_3_5_3_0;road_3_5_3_1;road_3_5_3_1;road_3_5_3_1;road_3_5_3_2;road_3_5_3_2;road_3_5_3_2;road_4_4_2_0;road_4_4_2_0;road_4_4_2_0;road_4_4_2_1;road_4_4_2_1;road_4_4_2_1;road_4_4_2_2;road_4_4_2_2;road_4_4_2_2;road_3_3_1_0;road_3_3_1_0;road_3_3_1_0;road_3_3_1_1;road_3_3_1_1;road_3_3_1_1;road_3_3_1_2;road_3_3_1_2;road_3_3_1_2;road_2_4_0_0;road_2_4_0_0;road_2_4_0_0;road_2_4_0_1;road_2_4_0_1;road_2_4_0_1;road_2_4_0_2;road_2_4_0_2;road_2_4_0_2,GGGrrrrrrGGGGGGGGGGGGrrrrrrGGGrrrrrr
150,intersection_4_1,road_4_2_3_0;road_4_2_3_0;road_4_2_3_0;road_4_2_3_1;road_4_2_3_1;road_4_2_3_1;road_4_2_3_2;road_4_2_3_2;road_4_2_3_2;road_5_1_2_0;road_5_1_2_0;road_5_1_2_0;road_5_1_2_1;road_5_1_2_1;road_5_1_2_1;road_5_1_2_2;road_5_1_2_2;road_5_1_2_2;road_4_0_1_0;road_4_0_1_0;road_4_0_1_0;road_4_0_1_1;road_4_0_1_1;road_4_0_1_1;road_4_0_1_2;road_4_0_1_2;road_4_0_1_2;road_3_1_0_0;road_3_1_0_0;road_3_1_0_0;road_3_1_0_1;road_3_1_0_1;road_3_1_0_1;road_3_1_0_2;road_3_1_0_2;road_3_1_0_2,GGGrrrrrrGGGGGGrrrGGGrrrrrrGGGGGGrrr
150,intersection_4_2,road_4_3_3_0;road_4_3_3_0;road_4_3_3_0;road_4_3_3_1;road_4_3_3_1;road_4_3_3_1;road_4_3_3_2;road_4_3_3_2;road_4_3_3_2;road_5_2_2_0;road_5_2_2_0;road_5_2_2_0;road_5_2_2_1;road_5_2_2_1;road_5_2_2_1;road_5_2_2_2;road_5_2_2_2;road_5_2_2_2;road_4_1_1_0;road_4_1_1_0;road_4_1_1_0;road_4_1_1_1;road_4_1_1_1;road_4_1_1_1;road_4_1_1_2;road_4_1_1_2;road_4_1_1_2;road_3_2_0_0;road_3_2_0_0;road_3_2_0_0;road_3_2_0_1;road_3_2_0_1;road_3_2_0_1;road_3_2_0_2;road_3_2_0_2;road_3_2_0_2,GGGrrrrrrGGGGGGrrrGGGrrrrrrGGGGGGrrr
150,intersection_4_3,road_4_4_3_0;road_4_4_3_0;road_4_4_3_0;road_4_4_3_1;road_4_4_3_1;road_4_4_3_1;road_4_4_3_2;road_4_4_3_2;road_4_4_3_2;road_5_3_2_0;road_5_3_2_0;road_5_3_2_0;road_5_3_2_1;road_5_3_2_1;road_5_3_2_1;road_5_3_2_2;road_5_3_2_2;road_5_3_2_2;road_4_2_1_0;road_4_2_1_0;road_4_2_1_0;road_4_2_1_1;road_4_2_1_1;road_4_2_1_1;road_4_2_1_2;road_4_2_1_2;road_4_2_1_2;road_3_3_0_0;road_3_3_0_0;road_3_3_0_0;road_3_3_0_1;road_3_3_0_1;road_3_3_0_1;road_3_3_0_2;road_3_3_0_2;road_3_3_0_2,GGGrrrrrrGGGGGGGGGGGGrrrrrrGGGrrrrrr
150,intersection_4_4,road_4_5_3_0;road_4_5_3_0;road_4_5_3_0;road_4_5_3_1;road_4_5_3_1;road_4_5_3_1;road_4_5_3_2;road_4_5_3_2;road_4_5_3_2;road_5_4_2_0;road_5_4_2_0;road_5_4_2_0;road_5_4_2_1;road_5_4_2_1;road_5_4_2_1;road_5_4_2_2;road_5_4_2_2;road_5_4_2_2;road_4_3_1_0;road_4_3_1_0;road_4_3_1_0;road_4_3_1_1;road_4_3_1_1;road_4_3_1_1;road_4_3_1_2;road_4_3_1_2;road_4_3_1_2;road_3_4_0_0;road_3_4_0_0;road_3_4_0_0;road_3_4_0_1;road_3_4_0_1;road_3_4_0_1;road_3_4_0_2;road_3_4_0_2;road_3_4_0_2,GGGrrrrrrGGGGGGGGGGGGrrrrrrGGGrrrrrr
160,intersection_1_1,road_1_2_3_0;road_1_2_3_0;road_1_2_3_0;road_1_2_3_1;road_1_2_3_1;road_1_2_3_1;road_1_2_3_2;road_1_2_3_2;road_1_2_3_2;road_2_1_2_0;road_2_1_2_0;road_2_1_2_0;road_2_1_2_1;road_2_1_2_1;road_2_1_2_1;road_2_1_2_2;road_2_1_2_2;road_2_1_2_2;road_1_0_1_0;road_1_0_1_0;road_1_0_1_0;road_1_0_1_1;road_1_0_1_1;road_1_0_1_1;road_1_0_1_2;road_1_0_1_2;road_1_0_1_2;road_0_1_0_0;road_0_1_0_0;road_0_1_0_0;road_0_1_0_1;road_0_1_0_1;road_0_1_0_1;road_0_1_0_2;road_0_1_0_2;road_0_1_0_2,GGGrrrrrrGGGGGGrrrGGGrrrrrrGGGGGGrrr
160,intersection_1_2,road_1_3_3_0;road_1_3_3_0;road_1_3_3_0;road_1_3_3_1;road_1_3_3_1;road_1_3_3_1;road_1_3_3_2;road_1_3_3_2;road_1_3_3_2;road_2_2_2_0;road_2_2_2_0;road_2_2_2_0;road_2_2_2_1;road_2_2_2_1;road_2_2_2_1;road_2_2_2_2;road_2_2_2_2;road_2_2_2_2;road_1_1_1_0;road_1_1_1_0;road_1_1_1_0;road_1_1_1_1;road_1_1_1_1;road_1_1_1_1;road_1_1_1_2;road_1_1_1_2;road_1_1_1_2;road_0_2_0_0;road_0_2_0_0;road_0_2_0_0;road_0_2_0_1;road_0_2_0_1;road_0_2_0_1;road_0_2_0_2;road_0_2_0_2;road_0_2_0_2,GGGrrrrrrGGGGGGrrrGGGrrrrrrGGGGGGrrr
160,intersection_1_3,road_1_4_3_0;road_1_4_3_0;road_1_4_3_0;road_1_4_3_1;road_1_4_3_1;road_1_4_3_1;road_1_4_3_2;road_1_4_3_2;road_1_4_3_2;road_2_3_2_0;road_2_3_2_0;road_2_3_2_0;road_2_3_2_1;road_2_3_2_1;road_2_3_2_1;road_2_3_2_2;road_2_3_2_2;road_2_3_2_2;road_1_2_1_0;road_1_2_1_0;road_1_2_1_0;road_1_2_1_1;road_1_2_1_1;road_1_2_1_1;road_1_2_1_2;road_1_2_1_2;road_1_2_1_2;road_0_3_0_0;road_0_3_0_0;road_0_3_0_0;road_0_3_0_1;road_0_3_0_1;road_0_3_0_1;road_0_3_0_2;road_0_3_0_2;road_0_3_0_2,GGGrrrrrrGGGGGGrrrGGGrrrrrrGGGGGGrrr
160,intersection_1_4,road_1_5_3_0;road_1_5_3_0;road_1_5_3_0;road_1_5_3_1;road_1_5_3_1;road_1_5_3_1;road_1_5_3_2;road_1_5_3_2;road_1_5_3_2;road_2_4_2_0;road_2_4_2_0;road_2_4_2_0;road_2_4_2_1;road_2_4_2_1;road_2_4_2_1;road_2_4_2_2;road_2_4_2_2;road_2_4_2_2;road_1_3_1_0;road_1_3_1_0;road_1_3_1_0;road_1_3_1_1;road_1_3_1_1;road_1_3_1_1;road_1_3_1_2;road_1_3_1_2;road_1_3_1_2;road_0_4_0_0;road_0_4_0_0;road_0_4_0_0;road_0_4_0_1;road_0_4_0_1;road_0_4_0_1;road_0_4_0_2;road_0_4_0_2;road_0_4_0_2,GGGrrrrrrGGGGGGrrrGGGrrrrrrGGGGGGrrr
160,intersection_2_1,road_2_2_3_0;road_2_2_3_0;road_2_2_3_0;road_2_2_3_1;road_2_2_3_1;road_2_2_3_1;road_2_2_3_2;road_2_2_3_2;road_2_2_3_2;road_3_1_2_0;road_3_1_2_0;road_3_1_2_0;road_3_1_2_1;road_3_1_2_1;road_3_1_2_1;road_3_1_2_2;road_3_1_2_2;road_3_1_2_2;road_2_0_1_0;road_2_0_1_0;road_2_0_1_0;road_2_0_1_1;road_2_0_1_1;road_2_0_1_1;road_2_0_1_2;road_2_0_1_2;road_2_0_1_2;road_1_1_0_0;road_1_1_0_0;road_1_1_0_0;road_1_1_0_1;road_1_1_0_1;road_1_1_0_1;road_1_1_0_2;road_1_1_0_2;road_1_1_0_2,GGGrrrrrrGGGrrrrrrGGGrrrrrrGGGGGGGGG
160,intersection_2_2,road_2_3_3_0;road_2_3_3_0;road_2_3_3_0;road_2_3_3_1;road_2_3_3_1;road_2_3_3_1;road_2_3_3_2;road_2_3_3_2;road_2_3_3_2;road_3_2_2_0;road_3_2_2_0;road_3_2_2_0;road_3_2_2_1;road_3_2_2_1;road_3_2_2_1;road_3_2_2_2;road_3_2_2_2;road_3_2_2_2;road_2_1_1_0;road_2_1_1_0;road_2_1_1_0;road_2_1_1_1;road_2_1_1_1;road_2_1_1_1;road_2_1_1_2;road_2_1_1_2;road_2_1_1_2;road_1_2_0_0;road_1_2_0_0;road_1_2_0_0;road_1_2_0_1;road_1_2_0_1;road_1_2_0_1;road_1_2_0_2;road_1_2_0_2;road_1_2_0_2,GGGrrrrrrGGGGGGrrrGGGrrrrrrGGGGGGrrr
160,intersection_2_3,road_2_4_3_0;road_2_4_3_0;road_2_4_3_0;road_2_4_3_1;road_2_4_3_1;road_2_4_3_1;road_2_4_3_2;road_2_4_3_2;road_2_4_3_2;road_3_3_2_0;road_3_3_2_0;road_3_3_2_0;road_3_3_2_1;road_3_3_2_1;road_3_3_2_1;road_3_3_2_2;road_3_3_2_2;road_3_3_2_2;road_2_2_1_0;road_2_2_1_0;road_2_2_1_0;road_2_2_1_1;road_2_2_1_1;road_2_2_1_1;road_2_2_1_2;road_2_2_1_2;road_2_2_1_2;road_1_3_0_0;road_1_3_0_0;road_1_3_0_0;road_1_3_0_1;road_1_3_0_1;road_1_3_0_1;road_1_3_0_2;road_1_3_0_2;road_1_3_0_2,GGGrrrrrrGGGGGGrrrGGGrrrrrrGGGGGGrrr
160,intersection_2_4,road_2_5_3_0;road_2_5_3_0;road_2_5_3_0;road_2_5_3_1;road_2_5_3_1;road_2_5_3_1;road_2_5_3_2;road_2_5_3_2;road_2_5_3_2;road_3_4_2_0;road_3_4_2_0;road_3_4_2_0;road_3_4_2_1;road_3_4_2_1;road_3_4_2_1;road_3_4_2_2;road_3_4_2_2;road_3_4_2_2;road_2_3_1_0;road_2_3_1_0;road_2_3_1_0;road_2_3_1_1;road_2_3_1_1;road_2_3_1_1;road_2_3_1_2;road_2_3_1_2;road_2_3_1_2;road_1_4_0_0;road_1_4_0_0;road_1_4_0_0;road_1_4_0_1;road_1_4_0_1;road_1_4_0_1;road_1_4_0_2;road_1_4_0_2;road_1_4_0_2,GGGrrrrrrGGGGGGrrrGGGrrrrrrGGGGGGrrr
160,intersection_3_1,road_3_2_3_0;road_3_2_3_0;road_3_2_3_0;road_3_2_3_1;road_3_2_3_1;road_3_2_3_1;road_3_2_3_2;road_3_2_3_2;road_3_2_3_2;road_4_1_2_0;road_4_1_2_0;road_4_1_2_0;road_4_1_2_1;road_4_1_2_1;road_4_1_2_1;road_4_1_2_2;road_4_1_2_2;road_4_1_2_2;road_3_0_1_0;road_3_0_1_0;road_3_0_1_0;road_3_0_1_1;road_3_0_1_1;road_3_0_1_1;road_3_0_1_2;road_3_0_1_2;road_3_0_1_2;road_2_1_0_0;road_2_1_0_0;road_2_1_0_0;road_2_1_0_1;road_2_1_0_1;road_2_1_0_1;road_2_1_0_2;road_2_1_0_2;road_2_1_0_2,GGGrrrrrrGGGGGGrrrGGGrrrrrrGGGGGGrrr
160,intersection_3_2,road_3_3_3_0;road_3_3_3_0;road_3_3_3_0;road_3_3_3_1;road_3_3_3_1;road_3_3_3_1;road_3_3_3_2;road_3_3_3_2;road_3_3_3_2;road_4_2_2_0;road_4_2_2_0;road_4_2_2_0;road_4_2_2_1;road_4_2_2_1;road_4_2_2_1;road_4_2_2_2;road_4_2_2_2;road_4_2_2_2;road_3_1_1_0;road_3_1_1_0;road_3_1_1_0;road_3_1_1_1;road_3_1_1_1;road_3_1_1_1;road_3_1_1_2;road_3_1_1_2;road_3_1_1_2;road_2_2_0_0;road_2_2_0_0;road_2_2_0_0;road_2_2_0_1;road_2_2_0_1;road_2_2_0_1;road_2_2_0_2;road_2_2_0_2;road_2_2_0_2,GGGrrrrrrGGGGGGrrrGGGrrrrrrGGGGGGrrr
160,intersection_3_3,road_3_4_3_0;road_3_4_3_0;road_3_4_3_0;road_3_4_3_1;road_3_4_3_1;road_3_4_3_1;road_3_4_3_2;road_3_4_3_2;road_3_4_3_2;road_4_3_2_0;road_4_3_2_0;road_4_3_2_0;road_4_3_2_1;road_4_3_2_1;road_4_3_2_1;road_4_3_2_2;road_4_3_2_2;road_4_3_2_2;road_3_2_1_0;road_3_2_1_0;road_3_2_1_0;road_3_2_1_1;road_3_2_1_1;road_3_2_1_1;road_3_2_1_2;road_3_2_1_2;road_3_2_1_2;road_2_3_0_0;road_2_3_0_0;road_2_3_0_0;road_2_3_0_1;road_2_3_0_1;road_2_3_0_1;road_2_3_0_2;road_2_3_0_2;road_2_3_0_2,GGGrrrrrrGGGGGGrrrGGGrrrrrrGGGGGGrrr
160,intersection_3_4,road_3_5_3_0;road_3_5_3_0;road_3_5_3_0;road_3_5_3_1;road_3_5_3_1;road_3_5_3_1;road_3_5_3_2;road_3_5_3_2;road_3_5_3_2;road_4_4_2_0;road_4_4_2_0;road_4_4_2_0;road_4_4_2_1;road_4_4_2_1;road_4_4_2_1;road_4_4_2_2;road_4_4_2_2;road_4_4_2_2;road_3_3_1_0;road_3_3_1_0;road_3_3_1_0;road_3_3_1_1;road_3_3_1_1;road_3_3_1_1;road_3_3_1_2;road_3_3_1_2;road_3_3_1_2;road_2_4_0_0;road_2_4_0_0;road_2_4_0_0;road_2_4_0_1;road_2_4_0_1;road_2_4_0_1;road_2_4_0_2;road_2_4_0_2;road_2_4_0_2,GGGrrrrrrGGGGGGrrrGGGrrrrrrGGGGGGrrr
160,intersection_4_1,road_4_2_3_0;road_4_2_3_0;road_4_2_3_0;road_4_2_3_1;road_4_2_3_1;road_4_2_3_1;road_4_2_3_2;road_4_2_3_2;road_4_2_3_2;road_5_1_2_0;road_5_1_2_0;road_5_1_2_0;road_5_1_2_1;road_5_1_2_1;road_5_1_2_1;road_5_1_2_2;road_5_1_2_2;road_5_1_2_2;road_4_0_1_0;road_4_0_1_0;road_4_0_1_0;road_4_0_1_1;road_4_0_1_1;road_4_0_1_1;road_4_0_1_2;road_4_0_1_2;road_4_0_1_2;road_3_1_0_0;road_3_1_0_0;road_3_1_0_0;road_3_1_0_1;road_3_1_0_1;road_3_1_0_1;road_3_1_0_2;road_3_1_0_2;road_3_1_0_2,GGGrrrrrrGGGGGGrrrGGGrrrrrrGGGGGGrrr
160,intersection_4_2,road_4_3_3_0;road_4_3_3_0;road_4_3_3_0;road_4_3_3_1;road_4_3_3_1;road_4_3_3_1;road_4_3_3_2;road_4_3_3_2;road_4_3_3_2;road_5_2_2_0;road_5_2_2_0;road_5_2_2_0;road_5_2_2_1;road_5_2_2_1;road_5_2_2_1;road_5_2_2_2;road_5_2_2_2;road_5_2_2_2;road_4_1_1_0;road_4_1_1_0;road_4_1_1_0;road_4_1_1_1;road_4_1_1_1;road_4_1_1_1;road_4_1_1_2;road_4_1_1_2;road_4_1_1_2;road_3_2_0_0;road_3_2_0_0;road_3_2_0_0;road_3_2_0_1;road_3_2_0_1;road_3_2_0_1;road_3_2_0_2;road_3_2_0_2;road_3_2_0_2,GGGrrrrrrGGGGGGrrrGGGrrrrrrGGGGGGrrr
160,intersection_4_3,road_4_4_3_0;road_4_4_3_0;road_4_4_3_0;road_4_4_3_1;road_4_4_3_1;road_4_4_3_1;road_4_4_3_2;road_4_4_3_2;road_4_4_3_2;road_5_3_2_0;road_5_3_2_0;road_5_3_2_0;road_5_3_2_1;road_5_3_2_1;road_5_3_2_1;road_5_3_2_2;road_5_3_2_2;road_5_3_2_2;road_4_2_1_0;road_4_2_1_0;road_4_2_1_0;road_4_2_1_1;road_4_2_1_1;road_4_2_1_1;road_4_2_1_2;road_4_2_1_2;road_4_2_1_2;road_3_3_0_0;road_3_3_0_0;road_3_3_0_0;road_3_3_0_1;road_3_3_0_1;road_3_3_0_1;road_3_3_0_2;road_3_3_0_2;road_3_3_0_2,GGGrrrrrrGGGGGGrrrGGGrrrrrrGGGGGGrrr
160,intersection_4_4,road_4_5_3_0;road_4_5_3_0;road_4_5_3_0;road_4_5_3_1;road_4_5_3_1;road_4_5_3_1;road_4_5_3_2;road_4_5_3_2;road_4_5_3_2;road_5_4_2_0;road_5_4_2_0;road_5_4_2_0;road_5_4_2_1;road_5_4_2_1;road_5_4_2_1;road_5_4_2_2;road_5_4_2_2;road_5_4_2_2;road_4_3_1_0;road_4_3_1_0;road_4_3_1_0;road_4_3_1_1;road_4_3_1_1;road_4_3_1_1;road_4_3_1_2;road_4_3_1_2;road_4_3_1_2;road_3_4_0_0;road_3_4_0_0;road_3_4_0_0;road_3_4_0_1;road_3_4_0_1;road_3_4_0_1;road_3_4_0_2;road_3_4_0_2;road_3_4_0_2,GGGrrrrrrGGGGGGrrrGGGrrrrrrGGGGGGrrr
170,intersection_1_1,road_1_2_3_0;road_1_2_3_0;road_1_2_3_0;road_1_2_3_1;road_1_2_3_1;road_1_2_3_1;road_1_2_3_2;road_1_2_3_2;road_1_2_3_2;road_2_1_2_0;road_2_1_2_0;road_2_1_2_0;road_2_1_2_1;road_2_1_2_1;road_2_1_2_1;road_2_1_2_2;road_2_1_2_2;road_2_1_2_2;road_1_0_1_0;road_1_0_1_0;road_1_0_1_0;road_1_0_1_1;road_1_0_1_1;road_1_0_1_1;road_1_0_1_2;road_1_0_1_2;road_1_0_1_2;road_0_1_0_0;road_0_1_0_0;road_0_1_0_0;road_0_1_0_1;road_0_1_0_1;road_0_1_0_1;road_0_1_0_2;road_0_1_0_2;road_0_1_0_2,GGGrrrrrrGGGGGGrrrGGGrrrrrrGGGGGGrrr
170,intersection_1_2,road_1_3_3_0;road_1_3_3_0;road_1_3_3_0;road_1_3_3_1;road_1_3_3_1;road_1_3_3_1;road_1_3_3_2;road_1_3_3_2;road_1_3_3_2;road_2_2_2_0;road_2_2_2_0;road_2_2_2_0;road_2_2_2_1;road_2_2_2_1;road_2_2_2_1;road_2_2_2_2;road_2_2_2_2;road_2_2_2_2;road_1_1_1_0;road_1_1_1_0;road_1_1_1_0;road_1_1_1_1;road_1_1_1_1;road_1_1_1_1;road_1_1_1_2;road_1_1_1_2;road_1_1_1_2;road_0_2_0_0;road_0_2_0_0;road_0_2_0_0;road_0_2_0_1;road_0_2_0_1;road_0_2_0_1;road_0_2_0_2;road_0_2_0_2;road_0_2_0_2,GGGrrrrrrGGGGGGrrrGGGrrrrrrGGGGGGrrr
170,intersection_1_3,road_1_4_3_0;road_1_4_3_0;road_1_4_3_0;road_1_4_3_1;road_1_4_3_1;road_1_4_3_1;road_1_4_3_2;road_1_4_3_2;road_1_4_3_2;road_2_3_2_0;road_2_3_2_0;road_2_3_2_0;road_2_3_2_1;road_2_3_2_1;road_2_3_2_1;road_2_3_2_2;road_2_3_2_2;road_2_3_2_2;road_1_2_1_0;road_1_2_1_0;road_1_2_1_0;road_1_2_1_1;road_1_2_1_1;road_1_2_1_1;road_1_2_1_2;road_1_2_1_2;road_1_2_1_2;road_0_3_0_0;road_0_3_0_0;road_0_3_0_0;road_0_3_0_1;road_0_3_0_1;road_0_3_0_1;road_0_3_0_2;road_0_3_0_2;road_0_3_0_2,GGGrrrrrrGGGGGGrrrGGGrrrrrrGGGGGGrrr
170,intersection_1_4,road_1_5_3_0;road_1_5_3_0;road_1_5_3_0;road_1_5_3_1;road_1_5_3_1;road_1_5_3_1;road_1_5_3_2;road_1_5_3_2;road_1_5_3_2;road_2_4_2_0;road_2_4_2_0;road_2_4_2_0;road_2_4_2_1;road_2_4_2_1;road_2_4_2_1;road_2_4_2_2;road_2_4_2_2;road_2_4_2_2;road_1_3_1_0;road_1_3_1_0;road_1_3_1_0;road_1_3_1_1;road_1_3_1_1;road_1_3_1_1;road_1_3_1_2;road_1_3_1_2;road_1_3_1_2;road_0_4_0_0;road_0_4_0_0;road_0_4_0_0;road_0_4_0_1;road_0_4_0_1;road_0_4_0_1;road_0_4_0_2;road_0_4_0_2;road_0_4_0_2,GGGrrrrrrGGGGGGrrrGGGrrrrrrGGGGGGrrr
170,intersection_2_1,road_2_2_3_0;road_2_2_3_0;road_2_2_3_0;road_2_2_3_1;road_2_2_3_1;road_2_2_3_1;road_2_2_3_2;road_2_2_3_2;road_2_2_3_2;road_3_1_2_0;road_3_1_2_0;road_3_1_2_0;road_3_1_2_1;road_3_1_2_1;road_3_1_2_1;road_3_1_2_2;road_3_1_2_2;road_3_1_2_2;road_2_0_1_0;road_2_0_1_0;road_2_0_1_0;road_2_0_1_1;road_2_0_1_1;road_2_0_1_1;road_2_0_1_2;road_2_0_1_2;road_2_0_1_2;road_1_1_0_0;road_1_1_0_0;road_1_1_0_0;road_1_1_0_1;road_1_1_0_1;road_1_1_0_1;road_1_1_0_2;road_1_1_0_2;road_1_1_0_2,GGGrrrrrrGGGrrrrrrGGGrrrrrrGGGGGGGGG
170,intersection_2_2,road_2_3_3_0;road_2_3_3_0;road_2_3_3_0;road_2_3_3_1;road_2_3_3_1;road_2_3_3_1;road_2_3_3_2;road_2_3_3_2;road_2_3_3_2;road_3_2_2_0;road_3_2_2_0;road_3_2_2_0;road_3_2_2_1;road_3_2_2_1;road_3_2_2_1;road_3_2_2_2;road_3_2_2_2;road_3_2_2_2;road_2_1_1_0;road_2_1_1_0;road_2_1_1_0;road_2_1_1_1;road_2_1_1_1;road_2_1_1_1;road_2_1_1_2;road_2_1_1_2;road_2_1_1_2;road_1_2_0_0;road_1_2_0_0;road_1_2_0_0;road_1_2_0_1;road_1_2_0_1;road_1_2_0_1;road_1_2_0_2;road_1_2_0_2;road_1_2_0_2,GGGrrrrrrGGGGGGrrrGGGrrrrrrGGGGGGrrr
170,intersection_2_3,road_2_4_3_0;road_2_4_3_0;road_2_4_3_0;road_2_4_3_1;road_2_4_3_1;road_2_4_3_1;road_2_4_3_2;road_2_4_3_2;road_2_4_3_2;road_3_3_2_0;road_3_3_2_0;road_3_3_2_0;road_3_3_2_1;road_3_3_2_1;road_3_3_2_1;road_3_3_2_2;road_3_3_2_2;road_3_3_2_2;road_2_2_1_0;road_2_2_1_0;road_2_2_1_0;road_2_2_1_1;road_2_2_1_1;road_2_2_1_1;road_2_2_1_2;road_2_2_1_2;road_2_2_1_2;road_1_3_0_0;road_1_3_0_0;road_1_3_0_0;road_1_3_0_1;road_1_3_0_1;road_1_3_0_1;road_1_3_0_2;road_1_3_0_2;road_1_3_0_2,GGGrrrrrrGGGGGGrrrGGGrrrrrrGGGGGGrrr
170,intersection_2_4,road_2_5_3_0;road_2_5_3_0;road_2_5_3_0;road_2_5_3_1;road_2_5_3_1;road_2_5_3_1;road_2_5_3_2;road_2_5_3_2;road_2_5_3_2;road_3_4_2_0;road_3_4_2_0;road_3_4_2_0;road_3_4_2_1;road_3_4_2_1;road_3_4_2_1;road_3_4_2_2;road_3_4_2_2;road_3_4_2_2;road_2_3_1_0;road_2_3_1_0;road_2_3_1_0;road_2_3_1_1;road_2_3_1_1;road_2_3_1_1;road_2_3_1_2;road_2_3_1_2;road_2_3_1_2;road_1_4_0_0;road_1_4_0_0;road_1_4_0_0;road_1_4_0_1;road_1_4_0_1;road_1_4_0_1;road_1_4_0_2;road_1_4_0_2;road_1_4_0_2,GGGrrrrrrGGGGGGrrrGGGrrrrrrGGGGGGrrr
170,intersection_3_1,road_3_2_3_0;road_3_2_3_0;road_3_2_3_0;road_3_2_3_1;road_3_2_3_1;road_3_2_3_1;road_3_2_3_2;road_3_2_3_2;road_3_2_3_2;road_4_1_2_0;road_4_1_2_0;road_4_1_2_0;road_4_1_2_1;road_4_1_2_1;road_4_1_2_1;road_4_1_2_2;road_4_1_2_2;road_4_1_2_2;road_3_0_1_0;road_3_0_1_0;road_3_0_1_0;road_3_0_1_1;road_3_0_1_1;road_3_0_1_1;road_3_0_1_2;road_3_0_1_2;road_3_0_1_2;road_2_1_0_0;road_2_1_0_0;road_2_1_0_0;road_2_1_0_1;road_2_1_0_1;road_2_1_0_1;road_2_1_0_2;road_2_1_0_2;road_2_1_0_2,GGGrrrrrrGGGGGGrrrGGGrrrrrrGGGGGGrrr
170,intersection_3_2,road_3_3_3_0;road_3_3_3_0;road_3_3_3_0;road_3_3_3_1;road_3_3_3_1;road_3_3_3_1;road_3_3_3_2;road_3_3_3_2;road_3_3_3_2;road_4_2_2_0;road_4_2_2_0;road_4_2_2_0;road_4_2_2_1;road_4_2_2_1;road_4_2_2_1;road_4_2_2_2;road_4_2_2_2;road_4_2_2_2;road_3_1_1_0;road_3_1_1_0;road_3_1_1_0;road_3_1_1_1;road_3_1_1_1;road_3_1_1_1;road_3_1_1_2;road_3_1_1_2;road_3_1_1_2;road_2_2_0_0;road_2_2_0_0;road_2_2_0_0;road_2_2_0_1;road_2_2_0_1;road_2_2_0_1;road_2_2_0_2;road_2_2_0_2;road_2_2_0_2,GGGrrrrrrGGGGGGrrrGGGrrrrrrGGGGGGrrr
170,intersection_3_3,road_3_4_3_0;road_3_4_3_0;road_3_4_3_0;road_3_4_3_1;road_3_4_3_1;road_3_4_3_1;road_3_4_3_2;road_3_4_3_2;road_3_4_3_2;road_4_3_2_0;road_4_3_2_0;road_4_3_2_0;road_4_3_2_1;road_4_3_2_1;road_4_3_2_1;road_4_3_2_2;road_4_3_2_2;road_4_3_2_2;road_3_2_1_0;road_3_2_1_0;road_3_2_1_0;road_3_2_1_1;road_3_2_1_1;road_3_2_1_1;road_3_2_1_2;road_3_2_1_2;road_3_2_1_2;road_2_3_0_0;road_2_3_0_0;road_2_3_0_0;road_2_3_0_1;road_2_3_0_1;road_2_3_0_1;road_2_3_0_2;road_2_3_0_2;road_2_3_0_2,GGGrrrrrrGGGGGGrrrGGGrrrrrrGGGGGGrrr
170,intersection_3_4,road_3_5_3_0;road_3_5_3_0;road_3_5_3_0;road_3_5_3_1;road_3_5_3_1;road_3_5_3_1;road_3_5_3_2;road_3_5_3_2;road_3_5_3_2;road_4_4_2_0;road_4_4_2_0;road_4_4_2_0;road_4_4_2_1;road_4_4_2_1;road_4_4_2_1;road_4_4_2_2;road_4_4_2_2;road_4_4_2_2;road_3_3_1_0;road_3_3_1_0;road_3_3_1_0;road_3_3_1_1;road_3_3_1_1;road_3_3_1_1;road_3_3_1_2;road_3_3_1_2;road_3_3_1_2;road_2_4_0_0;road_2_4_0_0;road_2_4_0_0;road_2_4_0_1;road_2_4_0_1;road_2_4_0_1;road_2_4_0_2;road_2_4_0_2;road_2_4_0_2,GGGrrrrrrGGGGGGrrrGGGrrrrrrGGGGGGrrr
170,intersection_4_1,road_4_2_3_0;road_4_2_3_0;road_4_2_3_0;road_4_2_3_1;road_4_2_3_1;road_4_2_3_1;road_4_2_3_2;road_4_2_3_2;road_4_2_3_2;road_5_1_2_0;road_5_1_2_0;road_5_1_2_0;road_5_1_2_1;road_5_1_2_1;road_5_1_2_1;road_5_1_2_2;road_5_1_2_2;road_5_1_2_2;road_4_0_1_0;road_4_0_1_0;road_4_0_1_0;road_4_0_1_1;road_4_0_1_1;road_4_0_1_1;road_4_0_1_2;road_4_0_1_2;road_4_0_1_2;road_3_1_0_0;road_3_1_0_0;road_3_1_0_0;road_3_1_0_1;road_3_1_0_1;road_3_1_0_1;road_3_1_0_2;road_3_1_0_2;road_3_1_0_2,GGGrrrrrrGGGGGGrrrGGGrrrrrrGGGGGGrrr
170,intersection_4_2,road_4_3_3_0;road_4_3_3_0;road_4_3_3_0;road_4_3_3_1;road_4_3_3_1;road_4_3_3_1;road_4_3_3_2;road_4_3_3_2;road_4_3_3_2;road_5_2_2_0;road_5_2_2_0;road_5_2_2_0;road_5_2_2_1;road_5_2_2_1;road_5_2_2_1;road_5_2_2_2;road_5_2_2_2;road_5_2_2_2;road_4_1_1_0;road_4_1_1_0;road_4_1_1_0;road_4_1_1_1;road_4_1_1_1;road_4_1_1_1;road_4_1_1_2;road_4_1_1_2;road_4_1_1_2;road_3_2_0_0;road_3_2_0_0;road_3_2_0_0;road_3_2_0_1;road_3_2_0_1;road_3_2_0_1;road_3_2_0_2;road_3_2_0_2;road_3_2_0_2,GGGrrrrrrGGGGGGrrrGGGrrrrrrGGGGGGrrr
170,intersection_4_3,road_4_4_3_0;road_4_4_3_0;road_4_4_3_0;road_4_4_3_1;road_4_4_3_1;road_4_4_3_1;road_4_4_3_2;road_4_4_3_2;road_4_4_3_2;road_5_3_2_0;road_5_3_2_0;road_5_3_2_0;road_5_3_2_1;road_5_3_2_1;road_5_3_2_1;road_5_3_2_2;road_5_3_2_2;road_5_3_2_2;road_4_2_1_0;road_4_2_1_0;road_4_2_1_0;road_4_2_1_1;road_4_2_1_1;road_4_2_1_1;road_4_2_1_2;road_4_2_1_2;road_4_2_1_2;road_3_3_0_0;road_3_3_0_0;road_3_3_0_0;road_3_3_0_1;road_3_3_0_1;road_3_3_0_1;road_3_3_0_2;road_3_3_0_2;road_3_3_0_2,GGGrrrrrrGGGGGGGGGGGGrrrrrrGGGrrrrrr
170,intersection_4_4,road_4_5_3_0;road_4_5_3_0;road_4_5_3_0;road_4_5_3_1;road_4_5_3_1;road_4_5_3_1;road_4_5_3_2;road_4_5_3_2;road_4_5_3_2;road_5_4_2_0;road_5_4_2_0;road_5_4_2_0;road_5_4_2_1;road_5_4_2_1;road_5_4_2_1;road_5_4_2_2;road_5_4_2_2;road_5_4_2_2;road_4_3_1_0;road_4_3_1_0;road_4_3_1_0;road_4_3_1_1;road_4_3_1_1;road_4_3_1_1;road_4_3_1_2;road_4_3_1_2;road_4_3_1_2;road_3_4_0_0;road_3_4_0_0;road_3_4_0_0;road_3_4_0_1;road_3_4_0_1;road_3_4_0_1;road_3_4_0_2;road_3_4_0_2;road_3_4_0_2,GGGrrrrrrGGGGGGrrrGGGrrrrrrGGGGGGrrr
180,intersection_1_1,road_1_2_3_0;road_1_2_3_0;road_1_2_3_0;road_1_2_3_1;road_1_2_3_1;road_1_2_3_1;road_1_2_3_2;road_1_2_3_2;road_1_2_3_2;road_2_1_2_0;road_2_1_2_0;road_2_1_2_0;road_2_1_2_1;road_2_1_2_1;road_2_1_2_1;road_2_1_2_2;road_2_1_2_2;road_2_1_2_2;road_1_0_1_0;road_1_0_1_0;road_1_0_1_0;road_1_0_1_1;road_1_0_1_1;road_1_0_1_1;road_1_0_1_2;road_1_0_1_2;road_1_0_1_2;road_0_1_0_0;road_0_1_0_0;road_0_1_0_0;road_0_1_0_1;road_0_1_0_1;road_0_1_0_1;road_0_1_0_2;road_0_1_0_2;road_0_1_0_2,GGGrrrrrrGGGGGGrrrGGGrrrrrrGGGGGGrrr
180,intersection_1_2,road_1_3_3_0;road_1_3_3_0;road_1_3_3_0;road_1_3_3_1;road_1_3_3_1;road_1_3_3_1;road_1_3_3_2;road_1_3_3_2;road_1_3_3_2;road_2_2_2_0;road_2_2_2_0;road_2_2_2_0;road_2_2_2_1;road_2_2_2_1;road_2_2_2_1;road_2_2_2_2;road_2_2_2_2;road_2_2_2_2;road_1_1_1_0;road_1_1_1_0;road_1_1_1_0;road_1_1_1_1;road_1_1_1_1;road_1_1_1_1;road_1_1_1_2;road_1_1_1_2;road_1_1_1_2;road_0_2_0_0;road_0_2_0_0;road_0_2_0_0;road_0_2_0_1;road_0_2_0_1;road_0_2_0_1;road_0_2_0_2;road_0_2_0_2;road_0_2_0_2,GGGrrrrrrGGGGGGrrrGGGrrrrrrGGGGGGrrr
180,intersection_1_3,road_1_4_3_0;road_1_4_3_0;road_1_4_3_0;road_1_4_3_1;road_1_4_3_1;road_1_4_3_1;road_1_4_3_2;road_1_4_3_2;road_1_4_3_2;road_2_3_2_0;road_2_3_2_0;road_2_3_2_0;road_2_3_2_1;road_2_3_2_1;road_2_3_2_1;road_2_3_2_2;road_2_3_2_2;road_2_3_2_2;road_1_2_1_0;road_1_2_1_0;road_1_2_1_0;road_1_2_1_1;road_1_2_1_1;road_1_2_1_1;road_1_2_1_2;road_1_2_1_2;road_1_2_1_2;road_0_3_0_0;road_0_3_0_0;road_0_3_0_0;road_0_3_0_1;road_0_3_0_1;road_0_3_0_1;road_0_3_0_2;road_0_3_0_2;road_0_3_0_2,GGGrrrrrrGGGGGGrrrGGGrrrrrrGGGGGGrrr
180,intersection_1_4,road_1_5_3_0;road_1_5_3_0;road_1_5_3_0;road_1_5_3_1;road_1_5_3_1;road_1_5_3_1;road_1_5_3_2;road_1_5_3_2;road_1_5_3_2;road_2_4_2_0;road_2_4_2_0;road_2_4_2_0;road_2_4_2_1;road_2_4_2_1;road_2_4_2_1;road_2_4_2_2;road_2_4_2_2;road_2_4_2_2;road_1_3_1_0;road_1_3_1_0;road_1_3_1_0;road_1_3_1_1;road_1_3_1_1;road_1_3_1_1;road_1_3_1_2;road_1_3_1_2;road_1_3_1_2;road_0_4_0_0;road_0_4_0_0;road_0_4_0_0;road_0_4_0_1;road_0_4_0_1;road_0_4_0_1;road_0_4_0_2;road_0_4_0_2;road_0_4_0_2,GGGrrrrrrGGGGGGrrrGGGrrrrrrGGGGGGrrr
180,intersection_2_1,road_2_2_3_0;road_2_2_3_0;road_2_2_3_0;road_2_2_3_1;road_2_2_3_1;road_2_2_3_1;road_2_2_3_2;road_2_2_3_2;road_2_2_3_2;road_3_1_2_0;road_3_1_2_0;road_3_1_2_0;road_3_1_2_1;road_3_1_2_1;road_3_1_2_1;road_3_1_2_2;road_3_1_2_2;road_3_1_2_2;road_2_0_1_0;road_2_0_1_0;road_2_0_1_0;road_2_0_1_1;road_2_0_1_1;road_2_0_1_1;road_2_0_1_2;road_2_0_1_2;road_2_0_1_2;road_1_1_0_0;road_1_1_0_0;road_1_1_0_0;road_1_1_0_1;road_1_1_0_1;road_1_1_0_1;road_1_1_0_2;road_1_1_0_2;road_1_1_0_2,GGGrrrrrrGGGGGGrrrGGGrrrrrrGGGGGGrrr
180,intersection_2_2,road_2_3_3_0;road_2_3_3_0;road_2_3_3_0;road_2_3_3_1;road_2_3_3_1;road_2_3_3_1;road_2_3_3_2;road_2_3_3_2;road_2_3_3_2;road_3_2_2_0;road_3_2_2_0;road_3_2_2_0;road_3_2_2_1;road_3_2_2_1;road_3_2_2_1;road_3_2_2_2;road_3_2_2_2;road_3_2_2_2;road_2_1_1_0;road_2_1_1_0;road_2_1_1_0;road_2_1_1_1;road_2_1_1_1;road_2_1_1_1;road_2_1_1_2;road_2_1_1_2;road_2_1_1_2;road_1_2_0_0;road_1_2_0_0;road_1_2_0_0;road_1_2_0_1;road_1_2_0_1;road_1_2_0_1;road_1_2_0_2;road_1_2_0_2;road_1_2_0_2,GGGrrrrrrGGGGGGrrrGGGrrrrrrGGGGGGrrr
180,intersection_2_3,road_2_4_3_0;road_2_4_3_0;road_2_4_3_0;road_2_4_3_1;road_2_4_3_1;road_2_4_3_1;road_2_4_3_2;road_2_4_3_2;road_2_4_3_2;road_3_3_2_0;road_3_3_2_0;road_3_3_2_0;road_3_3_2_1;road_3_3_2_1;road_3_3_2_1;road_3_3_2_2;road_3_3_2_2;road_3_3_2_2;road_2_2_1_0;road_2_2_1_0;road_2_2_1_0;road_2_2_1_1;road_2_2_1_1;road_2_2_1_1;road_2_2_1_2;road_2_2_1_2;road_2_2_1_2;road_1_3_0_0;road_1_3_0_0;road_1_3_0_0;road_1_3_0_1;road_1_3_0_1;road_1_3_0_1;road_1_3_0_2;road_1_3_0_2;road_1_3_0_2,GGGrrrrrrGGGGGGrrrGGGrrrrrrGGGGGGrrr
180,intersection_2_4,road_2_5_3_0;road_2_5_3_0;road_2_5_3_0;road_2_5_3_1;road_2_5_3_1;road_2_5_3_1;road_2_5_3_2;road_2_5_3_2;road_2_5_3_2;road_3_4_2_0;road_3_4_2_0;road_3_4_2_0;road_3_4_2_1;road_3_4_2_1;road_3_4_2_1;road_3_4_2_2;road_3_4_2_2;road_3_4_2_2;road_2_3_1_0;road_2_3_1_0;road_2_3_1_0;road_2_3_1_1;road_2_3_1_1;road_2_3_1_1;road_2_3_1_2;road_2_3_1_2;road_2_3_1_2;road_1_4_0_0;road_1_4_0_0;road_1_4_0_0;road_1_4_0_1;road_1_4_0_1;road_1_4_0_1;road_1_4_0_2;road_1_4_0_2;road_1_4_0_2,GGGrrrrrrGGGGGGrrrGGGrrrrrrGGGGGGrrr
180,intersection_3_1,road_3_2_3_0;road_3_2_3_0;road_3_2_3_0;road_3_2_3_1;road_3_2_3_1;road_3_2_3_1;road_3_2_3_2;road_3_2_3_2;road_3_2_3_2;road_4_1_2_0;road_4_1_2_0;road_4_1_2_0;road_4_1_2_1;road_4_1_2_1;road_4_1_2_1;road_4_1_2_2;road_4_1_2_2;road_4_1_2_2;road_3_0_1_0;road_3_0_1_0;road_3_0_1_0;road_3_0_1_1;road_3_0_1_1;road_3_0_1_1;road_3_0_1_2;road_3_0_1_2;road_3_0_1_2;road_2_1_0_0;road_2_1_0_0;road_2_1_0_0;road_2_1_0_1;road_2_1_0_1;road_2_1_0_1;road_2_1_0_2;road_2_1_0_2;road_2_1_0_2,GGGrrrrrrGGGGGGrrrGGGrrrrrrGGGGGGrrr
180,intersection_3_2,road_3_3_3_0;road_3_3_3_0;road_3_3_3_0;road_3_3_3_1;road_3_3_3_1;road_3_3_3_1;road_3_3_3_2;road_3_3_3_2;road_3_3_3_2;road_4_2_2_0;road_4_2_2_0;road_4_2_2_0;road_4_2_2_1;road_4_2_2_1;road_4_2_2_1;road_4_2_2_2;road_4_2_2_2;road_4_2_2_2;road_3_1_1_0;road_3_1_1_0;road_3_1_1_0;road_3_1_1_1;road_3_1_1_1;road_3_1_1_1;road_3_1_1_2;road_3_1_1_2;road_3_1_1_2;road_2_2_0_0;road_2_2_0_0;road_2_2_0_0;road_2_2_0_1;road_2_2_0_1;road_2_2_0_1;road_2_2_0_2;road_2_2_0_2;road_2_2_0_2,GGGrrrrrrGGGGGGrrrGGGrrrrrrGGGGGGrrr
180,intersection_3_3,road_3_4_3_0;road_3_4_3_0;road_3_4_3_0;road_3_4_3_1;road_3_4_3_1;road_3_4_3_1;road_3_4_3_2;road_3_4_3_2;road_3_4_3_2;road_4_3_2_0;road_4_3_2_0;road_4_3_2_0;road_4_3_2_1;road_4_3_2_1;road_4_3_2_1;road_4_3_2_2;road_4_3_2_2;road_4_3_2_2;road_3_2_1_0;road_3_2_1_0;road_3_2_1_0;road_3_2_1_1;road_3_2_1_1;road_3_2_1_1;road_3_2_1_2;road_3_2_1_2;road_3_2_1_2;road_2_3_0_0;road_2_3_0_0;road_2_3_0_0;road_2_3_0_1;road_2_3_0_1;road_2_3_0_1;road_2_3_0_2;road_2_3_0_2;road_2_3_0_2,GGGrrrrrrGGGGGGrrrGGGrrrrrrGGGGGGrrr
180,intersection_3_4,road_3_5_3_0;road_3_5_3_0;road_3_5_3_0;road_3_5_3_1;road_3_5_3_1;road_3_5_3_1;road_3_5_3_2;road_3_5_3_2;road_3_5_3_2;road_4_4_2_0;road_4_4_2_0;road_4_4_2_0;road_4_4_2_1;road_4_4_2_1;road_4_4_2_1;road_4_4_2_2;road_4_4_2_2;road_4_4_2_2;road_3_3_1_0;road_3_3_1_0;road_3_3_1_0;road_3_3_1_1;road_3_3_1_1;road_3_3_1_1;road_3_3_1_2;road_3_3_1_2;road_3_3_1_2;road_2_4_0_0;road_2_4_0_0;road_2_4_0_0;road_2_4_0_1;road_2_4_0_1;road_2_4_0_1;road_2_4_0_2;road_2_4_0_2;road_2_4_0_2,GGGrrrrrrGGGGGGrrrGGGrrrrrrGGGGGGrrr
180,intersection_4_1,road_4_2_3_0;road_4_2_3_0;road_4_2_3_0;road_4_2_3_1;road_4_2_3_1;road_4_2_3_1;road_4_2_3_2;road_4_2_3_2;road_4_2_3_2;road_5_1_2_0;road_5_1_2_0;road_5_1_2_0;road_5_1_2_1;road_5_1_2_1;road_5_1_2_1;road_5_1_2_2;road_5_1_2_2;road_5_1_2_2;road_4_0_1_0;road_4_0_1_0;road_4_0_1_0;road_4_0_1_1;road_4_0_1_1;road_4_0_1_1;road_4_0_1_2;road_4_0_1_2;road_4_0_1_2;road_3_1_0_0;road_3_1_0_0;road_3_1_0_0;road_3_1_0_1;road_3_1_0_1;road_3_1_0_1;road_3_1_0_2;road_3_1_0_2;road_3_1_0_2,GGGrrrrrrGGGGGGrrrGGGrrrrrrGGGGGGrrr
180,intersection_4_2,road_4_3_3_0;road_4_3_3_0;road_4_3_3_0;road_4_3_3_1;road_4_3_3_1;road_4_3_3_1;road_4_3_3_2;road_4_3_3_2;road_4_3_3_2;road_5_2_2_0;road_5_2_2_0;road_5_2_2_0;road_5_2_2_1;road_5_2_2_1;road_5_2_2_1;road_5_2_2_2;road_5_2_2_2;road_5_2_2_2;road_4_1_1_0;road_4_1_1_0;road_4_1_1_0;road_4_1_1_1;road_4_1_1_1;road_4_1_1_1;road_4_1_1_2;road_4_1_1_2;road_4_1_1_2;road_3_2_0_0;road_3_2_0_0;road_3_2_0_0;road_3_2_0_1;road_3_2_0_1;road_3_2_0_1;road_3_2_0_2;road_3_2_0_2;road_3_2_0_2,GGGrrrrrrGGGGGGrrrGGGrrrrrrGGGGGGrrr
180,intersection_4_3,road_4_4_3_0;road_4_4_3_0;road_4_4_3_0;road_4_4_3_1;road_4_4_3_1;road_4_4_3_1;road_4_4_3_2;road_4_4_3_2;road_4_4_3_2;road_5_3_2_0;road_5_3_2_0;road_5_3_2_0;road_5_3_2_1;road_5_3_2_1;road_5_3_2_1;road_5_3_2_2;road_5_3_2_2;road_5_3_2_2;road_4_2_1_0;road_4_2_1_0;road_4_2_1_0;road_4_2_1_1;road_4_2_1_1;road_4_2_1_1;road_4_2_1_2;road_4_2_1_2;road_4_2_1_2;road_3_3_0_0;road_3_3_0_0;road_3_3_0_0;road_3_3_0_1;road_3_3_0_1;road_3_3_0_1;road_3_3_0_2;road_3_3_0_2;road_3_3_0_2,GGGrrrrrrGGGGGGGGGGGGrrrrrrGGGrrrrrr
180,intersection_4_4,road_4_5_3_0;road_4_5_3_0;road_4_5_3_0;road_4_5_3_1;road_4_5_3_1;road_4_5_3_1;road_4_5_3_2;road_4_5_3_2;road_4_5_3_2;road_5_4_2_0;road_5_4_2_0;road_5_4_2_0;road_5_4_2_1;road_5_4_2_1;road_5_4_2_1;road_5_4_2_2;road_5_4_2_2;road_5_4_2_2;road_4_3_1_0;road_4_3_1_0;road_4_3_1_0;road_4_3_1_1;road_4_3_1_1;road_4_3_1_1;road_4_3_1_2;road_4_3_1_2;road_4_3_1_2;road_3_4_0_0;road_3_4_0_0;road_3_4_0_0;road_3_4_0_1;road_3_4_0_1;road_3_4_0_1;road_3_4_0_2;road_3_4_0_2;road_3_4_0_2,GGGrrrrrrGGGGGGrrrGGGrrrrrrGGGGGGrrr
190,intersection_1_1,road_1_2_3_0;road_1_2_3_0;road_1_2_3_0;road_1_2_3_1;road_1_2_3_1;road_1_2_3_1;road_1_2_3_2;road_1_2_3_2;road_1_2_3_2;road_2_1_2_0;road_2_1_2_0;road_2_1_2_0;road_2_1_2_1;road_2_1_2_1;road_2_1_2_1;road_2_1_2_2;road_2_1_2_2;road_2_1_2_2;road_1_0_1_0;road_1_0_1_0;road_1_0_1_0;road_1_0_1_1;road_1_0_1_1;road_1_0_1_1;road_1_0_1_2;road_1_0_1_2;road_1_0_1_2;road_0_1_0_0;road_0_1_0_0;road_0_1_0_0;road_0_1_0_1;road_0_1_0_1;road_0_1_0_1;road_0_1_0_2;road_0_1_0_2;road_0_1_0_2,GGGrrrrrrGGGGGGrrrGGGrrrrrrGGGGGGrrr
190,intersection_1_2,road_1_3_3_0;road_1_3_3_0;road_1_3_3_0;road_1_3_3_1;road_1_3_3_1;road_1_3_3_1;road_1_3_3_2;road_1_3_3_2;road_1_3_3_2;road_2_2_2_0;road_2_2_2_0;road_2_2_2_0;road_2_2_2_1;road_2_2_2_1;road_2_2_2_1;road_2_2_2_2;road_2_2_2_2;road_2_2_2_2;road_1_1_1_0;road_1_1_1_0;road_1_1_1_0;road_1_1_1_1;road_1_1_1_1;road_1_1_1_1;road_1_1_1_2;road_1_1_1_2;road_1_1_1_2;road_0_2_0_0;road_0_2_0_0;road_0_2_0_0;road_0_2_0_1;road_0_2_0_1;road_0_2_0_1;road_0_2_0_2;road_0_2_0_2;road_0_2_0_2,GGGrrrrrrGGGGGGrrrGGGrrrrrrGGGGGGrrr
190,intersection_1_3,road_1_4_3_0;road_1_4_3_0;road_1_4_3_0;road_1_4_3_1;road_1_4_3_1;road_1_4_3_1;road_1_4_3_2;road_1_4_3_2;road_1_4_3_2;road_2_3_2_0;road_2_3_2_0;road_2_3_2_0;road_2_3_2_1;road_2_3_2_1;road_2_3_2_1;road_2_3_2_2;road_2_3_2_2;road_2_3_2_2;road_1_2_1_0;road_1_2_1_0;road_1_2_1_0;road_1_2_1_1;road_1_2_1_1;road_1_2_1_1;road_1_2_1_2;road_1_2_1_2;road_1_2_1_2;road_0_3_0_0;road_0_3_0_0;road_0_3_0_0;road_0_3_0_1;road_0_3_0_1;road_0_3_0_1;road_0_3_0_2;road_0_3_0_2;road_0_3_0_2,GGGrrrrrrGGGGGGrrrGGGrrrrrrGGGGGGrrr
190,intersection_1_4,road_1_5_3_0;road_1_5_3_0;road_1_5_3_0;road_1_5_3_1;road_1_5_3_1;road_1_5_3_1;road_1_5_3_2;road_1_5_3_2;road_1_5_3_2;road_2_4_2_0;road_2_4_2_0;road_2_4_2_0;road_2_4_2_1;road_2_4_2_1;road_2_4_2_1;road_2_4_2_2;road_2_4_2_2;road_2_4_2_2;road_1_3_1_0;road_1_3_1_0;road_1_3_1_0;road_1_3_1_1;road_1_3_1_1;road_1_3_1_1;road_1_3_1_2;road_1_3_1_2;road_1_3_1_2;road_0_4_0_0;road_0_4_0_0;road_0_4_0_0;road_0_4_0_1;road_0_4_0_1;road_0_4_0_1;road_0_4_0_2;road_0_4_0_2;road_0_4_0_2,GGGGGGGGGGGGrrrrrrGGGrrrrrrGGGrrrrrr
190,intersection_2_1,road_2_2_3_0;road_2_2_3_0;road_2_2_3_0;road_2_2_3_1;road_2_2_3_1;road_2_2_3_1;road_2_2_3_2;road_2_2_3_2;road_2_2_3_2;road_3_1_2_0;road_3_1_2_0;road_3_1_2_0;road_3_1_2_1;road_3_1_2_1;road_3_1_2_1;road_3_1_2_2;road_3_1_2_2;road_3_1_2_2;road_2_0_1_0;road_2_0_1_0;road_2_0_1_0;road_2_0_1_1;road_2_0_1_1;road_2_0_1_1;road_2_0_1_2;road_2_0_1_2;road_2_0_1_2;road_1_1_0_0;road_1_1_0_0;road_1_1_0_0;road_1_1_0_1;road_1_1_0_1;road_1_1_0_1;road_1_1_0_2;road_1_1_0_2;road_1_1_0_2,GGGrrrrrrGGGGGGrrrGGGrrrrrrGGGGGGrrr
190,intersection_2_2,road_2_3_3_0;road_2_3_3_0;road_2_3_3_0;road_2_3_3_1;road_2_3_3_1;road_2_3_3_1;road_2_3_3_2;road_2_3_3_2;road_2_3_3_2;road_3_2_2_0;road_3_2_2_0;road_3_2_2_0;road_3_2_2_1;road_3_2_2_1;road_3_2_2_1;road_3_2_2_2;road_3_2_2_2;road_3_2_2_2;road_2_1_1_0;road_2_1_1_0;road_2_1_1_0;road_2_1_1_1;road_2_1_1_1;road_2_1_1_1;road_2_1_1_2;road_2_1_1_2;road_2_1_1_2;road_1_2_0_0;road_1_2_0_0;road_1_2_0_0;road_1_2_0_1;road_1_2_0_1;road_1_2_0_1;road_1_2_0_2;road_1_2_0_2;road_1_2_0_2,GGGrrrrrrGGGGGGrrrGGGrrrrrrGGGGGGrrr
190,intersection_2_3,road_2_4_3_0;road_2_4_3_0;road_2_4_3_0;road_2_4_3_1;road_2_4_3_1;road_2_4_3_1;road_2_4_3_2;road_2_4_3_2;road_2_4_3_2;road_3_3_2_0;road_3_3_2_0;road_3_3_2_0;road_3_3_2_1;road_3_3_2_1;road_3_3_2_1;road_3_3_2_2;road_3_3_2_2;road_3_3_2_2;road_2_2_1_0;road_2_2_1_0;road_2_2_1_0;road_2_2_1_1;road_2_2_1_1;road_2_2_1_1;road_2_2_1_2;road_2_2_1_2;road_2_2_1_2;road_1_3_0_0;road_1_3_0_0;road_1_3_0_0;road_1_3_0_1;road_1_3_0_1;road_1_3_0_1;road_1_3_0_2;road_1_3_0_2;road_1_3_0_2,GGGrrrrrrGGGGGGrrrGGGrrrrrrGGGGGGrrr
190,intersection_2_4,road_2_5_3_0;road_2_5_3_0;road_2_5_3_0;road_2_5_3_1;road_2_5_3_1;road_2_5_3_1;road_2_5_3_2;road_2_5_3_2;road_2_5_3_2;road_3_4_2_0;road_3_4_2_0;road_3_4_2_0;road_3_4_2_1;road_3_4_2_1;road_3_4_2_1;road_3_4_2_2;road_3_4_2_2;road_3_4_2_2;road_2_3_1_0;road_2_3_1_0;road_2_3_1_0;road_2_3_1_1;road_2_3_1_1;road_2_3_1_1;road_2_3_1_2;road_2_3_1_2;road_2_3_1_2;road_1_4_0_0;road_1_4_0_0;road_1_4_0_0;road_1_4_0_1;road_1_4_0_1;road_1_4_0_1;road_1_4_0_2;road_1_4_0_2;road_1_4_0_2,GGGrrrrrrGGGrrrrrrGGGrrrrrrGGGGGGGGG
190,intersection_3_1,road_3_2_3_0;road_3_2_3_0;road_3_2_3_0;road_3_2_3_1;road_3_2_3_1;road_3_2_3_1;road_3_2_3_2;road_3_2_3_2;road_3_2_3_2;road_4_1_2_0;road_4_1_2_0;road_4_1_2_0;road_4_1_2_1;road_4_1_2_1;road_4_1_2_1;road_4_1_2_2;road_4_1_2_2;road_4_1_2_2;road_3_0_1_0;road_3_0_1_0;road_3_0_1_0;road_3_0_1_1;road_3_0_1_1;road_3_0_1_1;road_3_0_1_2;road_3_0_1_2;road_3_0_1_2;road_2_1_0_0;road_2_1_0_0;road_2_1_0_0;road_2_1_0_1;road_2_1_0_1;road_2_1_0_1;road_2_1_0_2;road_2_1_0_2;road_2_1_0_2,GGGrrrrrrGGGGGGrrrGGGrrrrrrGGGGGGrrr
190,intersection_3_2,road_3_3_3_0;road_3_3_3_0;road_3_3_3_0;road_3_3_3_1;road_3_3_3_1;road_3_3_3_1;road_3_3_3_2;road_3_3_3_2;road_3_3_3_2;road_4_2_2_0;road_4_2_2_0;road_4_2_2_0;road_4_2_2_1;road_4_2_2_1;road_4_2_2_1;road_4_2_2_2;road_4_2_2_2;road_4_2_2_2;road_3_1_1_0;road_3_1_1_0;road_3_1_1_0;road_3_1_1_1;road_3_1_1_1;road_3_1_1_1;road_3_1_1_2;road_3_1_1_2;road_3_1_1_2;road_2_2_0_0;road_2_2_0_0;road_2_2_0_0;road_2_2_0_1;road_2_2_0_1;road_2_2_0_1;road_2_2_0_2;road_2_2_0_2;road_2_2_0_2,GGGrrrrrrGGGGGGrrrGGGrrrrrrGGGGGGrrr
190,intersection_3_3,road_3_4_3_0;road_3_4_3_0;road_3_4_3_0;road_3_4_3_1;road_3_4_3_1;road_3_4_3_1;road_3_4_3_2;road_3_4_3_2;road_3_4_3_2;road_4_3_2_0;road_4_3_2_0;road_4_3_2_0;road_4_3_2_1;road_4_3_2_1;road_4_3_2_1;road_4_3_2_2;road_4_3_2_2;road_4_3_2_2;road_3_2_1_0;road_3_2_1_0;road_3_2_1_0;road_3_2_1_1;road_3_2_1_1;road_3_2_1_1;road_3_2_1_2;road_3_2_1_2;road_3_2_1_2;road_2_3_0_0;road_2_3_0_0;road_2_3_0_0;road_2_3_0_1;road_2_3_0_1;road_2_3_0_1;road_2_3_0_2;road_2_3_0_2;road_2_3_0_2,GGGrrrrrrGGGGGGrrrGGGrrrrrrGGGGGGrrr
190,intersection_3_4,road_3_5_3_0;road_3_5_3_0;road_3_5_3_0;road_3_5_3_1;road_3_5_3_1;road_3_5_3_1;road_3_5_3_2;road_3_5_3_2;road_3_5_3_2;road_4_4_2_0;road_4_4_2_0;road_4_4_2_0;road_4_4_2_1;road_4_4_2_1;road_4_4_2_1;road_4_4_2_2;road_4_4_2_2;road_4_4_2_2;road_3_3_1_0;road_3_3_1_0;road_3_3_1_0;road_3_3_1_1;road_3_3_1_1;road_3_3_1_1;road_3_3_1_2;road_3_3_1_2;road_3_3_1_2;road_2_4_0_0;road_2_4_0_0;road_2_4_0_0;road_2_4_0_1;road_2_4_0_1;road_2_4_0_1;road_2_4_0_2;road_2_4_0_2;road_2_4_0_2,GGGrrrrrrGGGGGGGGGGGGrrrrrrGGGrrrrrr
190,intersection_4_1,road_4_2_3_0;road_4_2_3_0;road_4_2_3_0;road_4_2_3_1;road_4_2_3_1;road_4_2_3_1;road_4_2_3_2;road_4_2_3_2;road_4_2_3_2;road_5_1_2_0;road_5_1_2_0;road_5_1_2_0;road_5_1_2_1;road_5_1_2_1;road_5_1_2_1;road_5_1_2_2;road_5_1_2_2;road_5_1_2_2;road_4_0_1_0;road_4_0_1_0;road_4_0_1_0;road_4_0_1_1;road_4_0_1_1;road_4_0_1_1;road_4_0_1_2;road_4_0_1_2;road_4_0_1_2;road_3_1_0_0;road_3_1_0_0;road_3_1_0_0;road_3_1_0_1;road_3_1_0_1;road_3_1_0_1;road_3_1_0_2;road_3_1_0_2;road_3_1_0_2,GGGrrrrrrGGGGGGrrrGGGrrrrrrGGGGGGrrr
190,intersection_4_2,road_4_3_3_0;road_4_3_3_0;road_4_3_3_0;road_4_3_3_1;road_4_3_3_1;road_4_3_3_1;road_4_3_3_2;road_4_3_3_2;road_4_3_3_2;road_5_2_2_0;road_5_2_2_0;road_5_2_2_0;road_5_2_2_1;road_5_2_2_1;road_5_2_2_1;road_5_2_2_2;road_5_2_2_2;road_5_2_2_2;road_4_1_1_0;road_4_1_1_0;road_4_1_1_0;road_4_1_1_1;road_4_1_1_1;road_4_1_1_1;road_4_1_1_2;road_4_1_1_2;road_4_1_1_2;road_3_2_0_0;road_3_2_0_0;road_3_2_0_0;road_3_2_0_1;road_3_2_0_1;road_3_2_0_1;road_3_2_0_2;road_3_2_0_2;road_3_2_0_2,GGGrrrrrrGGGGGGrrrGGGrrrrrrGGGGGGrrr
190,intersection_4_3,road_4_4_3_0;road_4_4_3_0;road_4_4_3_0;road_4_4_3_1;road_4_4_3_1;road_4_4_3_1;road_4_4_3_2;road_4_4_3_2;road_4_4_3_2;road_5_3_2_0;road_5_3_2_0;road_5_3_2_0;road_5_3_2_1;road_5_3_2_1;road_5_3_2_1;road_5_3_2_2;road_5_3_2_2;road_5_3_2_2;road_4_2_1_0;road_4_2_1_0;road_4_2_1_0;road_4_2_1_1;road_4_2_1_1;road_4_2_1_1;road_4_2_1_2;road_4_2_1_2;road_4_2_1_2;road_3_3_0_0;road_3_3_0_0;road_3_3_0_0;road_3_3_0_1;road_3_3_0_1;road_3_3_0_1;road_3_3_0_2;road_3_3_0_2;road_3_3_0_2,GGGrrrrrrGGGGGGGGGGGGrrrrrrGGGrrrrrr
190,intersection_4_4,road_4_5_3_0;road_4_5_3_0;road_4_5_3_0;road_4_5_3_1;road_4_5_3_1;road_4_5_3_1;road_4_5_3_2;road_4_5_3_2;road_4_5_3_2;road_5_4_2_0;road_5_4_2_0;road_5_4_2_0;road_5_4_2_1;road_5_4_2_1;road_5_4_2_1;road_5_4_2_2;road_5_4_2_2;road_5_4_2_2;road_4_3_1_0;road_4_3_1_0;road_4_3_1_0;road_4_3_1_1;road_4_3_1_1;road_4_3_1_1;road_4_3_1_2;road_4_3_1_2;road_4_3_1_2;road_3_4_0_0;road_3_4_0_0;road_3_4_0_0;road_3_4_0_1;road_3_4_0_1;road_3_4_0_1;road_3_4_0_2;road_3_4_0_2;road_3_4_0_2,GGGrrrrrrGGGGGGrrrGGGrrrrrrGGGGGGrrr
200,intersection_1_1,road_1_2_3_0;road_1_2_3_0;road_1_2_3_0;road_1_2_3_1;road_1_2_3_1;road_1_2_3_1;road_1_2_3_2;road_1_2_3_2;road_1_2_3_2;road_2_1_2_0;road_2_1_2_0;road_2_1_2_0;road_2_1_2_1;road_2_1_2_1;road_2_1_2_1;road_2_1_2_2;road_2_1_2_2;road_2_1_2_2;road_1_0_1_0;road_1_0_1_0;road_1_0_1_0;road_1_0_1_1;road_1_0_1_1;road_1_0_1_1;road_1_0_1_2;road_1_0_1_2;road_1_0_1_2;road_0_1_0_0;road_0_1_0_0;road_0_1_0_0;road_0_1_0_1;road_0_1_0_1;road_0_1_0_1;road_0_1_0_2;road_0_1_0_2;road_0_1_0_2,GGGrrrrrrGGGGGGrrrGGGrrrrrrGGGGGGrrr
200,intersection_1_2,road_1_3_3_0;road_1_3_3_0;road_1_3_3_0;road_1_3_3_1;road_1_3_3_1;road_1_3_3_1;road_1_3_3_2;road_1_3_3_2;road_1_3_3_2;road_2_2_2_0;road_2_2_2_0;road_2_2_2_0;road_2_2_2_1;road_2_2_2_1;road_2_2_2_1;road_2_2_2_2;road_2_2_2_2;road_2_2_2_2;road_1_1_1_0;road_1_1_1_0;road_1_1_1_0;road_1_1_1_1;road_1_1_1_1;road_1_1_1_1;road_1_1_1_2;road_1_1_1_2;road_1_1_1_2;road_0_2_0_0;road_0_2_0_0;road_0_2_0_0;road_0_2_0_1;road_0_2_0_1;road_0_2_0_1;road_0_2_0_2;road_0_2_0_2;road_0_2_0_2,GGGrrrrrrGGGGGGrrrGGGrrrrrrGGGGGGrrr
200,intersection_1_3,road_1_4_3_0;road_1_4_3_0;road_1_4_3_0;road_1_4_3_1;road_1_4_3_1;road_1_4_3_1;road_1_4_3_2;road_1_4_3_2;road_1_4_3_2;road_2_3_2_0;road_2_3_2_0;road_2_3_2_0;road_2_3_2_1;road_2_3_2_1;road_2_3_2_1;road_2_3_2_2;road_2_3_2_2;road_2_3_2_2;road_1_2_1_0;road_1_2_1_0;road_1_2_1_0;road_1_2_1_1;road_1_2_1_1;road_1_2_1_1;road_1_2_1_2;road_1_2_1_2;road_1_2_1_2;road_0_3_0_0;road_0_3_0_0;road_0_3_0_0;road_0_3_0_1;road_0_3_0_1;road_0_3_0_1;road_0_3_0_2;road_0_3_0_2;road_0_3_0_2,GGGrrrrrrGGGGGGrrrGGGrrrrrrGGGGGGrrr
200,intersection_1_4,road_1_5_3_0;road_1_5_3_0;road_1_5_3_0;road_1_5_3_1;road_1_5_3_1;road_1_5_3_1;road_1_5_3_2;road_1_5_3_2;road_1_5_3_2;road_2_4_2_0;road_2_4_2_0;road_2_4_2_0;road_2_4_2_1;road_2_4_2_1;road_2_4_2_1;road_2_4_2_2;road_2_4_2_2;road_2_4_2_2;road_1_3_1_0;road_1_3_1_0;road_1_3_1_0;road_1_3_1_1;road_1_3_1_1;road_1_3_1_1;road_1_3_1_2;road_1_3_1_2;road_1_3_1_2;road_0_4_0_0;road_0_4_0_0;road_0_4_0_0;road_0_4_0_1;road_0_4_0_1;road_0_4_0_1;road_0_4_0_2;road_0_4_0_2;road_0_4_0_2,GGGGGGGGGGGGrrrrrrGGGrrrrrrGGGrrrrrr
200,intersection_2_1,road_2_2_3_0;road_2_2_3_0;road_2_2_3_0;road_2_2_3_1;road_2_2_3_1;road_2_2_3_1;road_2_2_3_2;road_2_2_3_2;road_2_2_3_2;road_3_1_2_0;road_3_1_2_0;road_3_1_2_0;road_3_1_2_1;road_3_1_2_1;road_3_1_2_1;road_3_1_2_2;road_3_1_2_2;road_3_1_2_2;road_2_0_1_0;road_2_0_1_0;road_2_0_1_0;road_2_0_1_1;road_2_0_1_1;road_2_0_1_1;road_2_0_1_2;road_2_0_1_2;road_2_0_1_2;road_1_1_0_0;road_1_1_0_0;road_1_1_0_0;road_1_1_0_1;road_1_1_0_1;road_1_1_0_1;road_1_1_0_2;road_1_1_0_2;road_1_1_0_2,GGGrrrrrrGGGGGGrrrGGGrrrrrrGGGGGGrrr
200,intersection_2_2,road_2_3_3_0;road_2_3_3_0;road_2_3_3_0;road_2_3_3_1;road_2_3_3_1;road_2_3_3_1;road_2_3_3_2;road_2_3_3_2;road_2_3_3_2;road_3_2_2_0;road_3_2_2_0;road_3_2_2_0;road_3_2_2_1;road_3_2_2_1;road_3_2_2_1;road_3_2_2_2;road_3_2_2_2;road_3_2_2_2;road_2_1_1_0;road_2_1_1_0;road_2_1_1_0;road_2_1_1_1;road_2_1_1_1;road_2_1_1_1;road_2_1_1_2;road_2_1_1_2;road_2_1_1_2;road_1_2_0_0;road_1_2_0_0;road_1_2_0_0;road_1_2_0_1;road_1_2_0_1;road_1_2_0_1;road_1_2_0_2;road_1_2_0_2;road_1_2_0_2,GGGrrrrrrGGGGGGrrrGGGrrrrrrGGGGGGrrr
200,intersection_2_3,road_2_4_3_0;road_2_4_3_0;road_2_4_3_0;road_2_4_3_1;road_2_4_3_1;road_2_4_3_1;road_2_4_3_2;road_2_4_3_2;road_2_4_3_2;road_3_3_2_0;road_3_3_2_0;road_3_3_2_0;road_3_3_2_1;road_3_3_2_1;road_3_3_2_1;road_3_3_2_2;road_3_3_2_2;road_3_3_2_2;road_2_2_1_0;road_2_2_1_0;road_2_2_1_0;road_2_2_1_1;road_2_2_1_1;road_2_2_1_1;road_2_2_1_2;road_2_2_1_2;road_2_2_1_2;road_1_3_0_0;road_1_3_0_0;road_1_3_0_0;road_1_3_0_1;road_1_3_0_1;road_1_3_0_1;road_1_3_0_2;road_1_3_0_2;road_1_3_0_2,GGGrrrrrrGGGGGGrrrGGGrrrrrrGGGGGGrrr
200,intersection_2_4,road_2_5_3_0;road_2_5_3_0;road_2_5_3_0;road_2_5_3_1;road_2_5_3_1;road_2_5_3_1;road_2_5_3_2;road_2_5_3_2;road_2_5_3_2;road_3_4_2_0;road_3_4_2_0;road_3_4_2_0;road_3_4_2_1;road_3_4_2_1;road_3_4_2_1;road_3_4_2_2;road_3_4_2_2;road_3_4_2_2;road_2_3_1_0;road_2_3_1_0;road_2_3_1_0;road_2_3_1_1;road_2_3_1_1;road_2_3_1_1;road_2_3_1_2;road_2_3_1_2;road_2_3_1_2;road_1_4_0_0;road_1_4_0_0;road_1_4_0_0;road_1_4_0_1;road_1_4_0_1;road_1_4_0_1;road_1_4_0_2;road_1_4_0_2;road_1_4_0_2,GGGrrrrrrGGGrrrrrrGGGrrrrrrGGGGGGGGG
200,intersection_3_1,road_3_2_3_0;road_3_2_3_0;road_3_2_3_0;road_3_2_3_1;road_3_2_3_1;road_3_2_3_1;road_3_2_3_2;road_3_2_3_2;road_3_2_3_2;road_4_1_2_0;road_4_1_2_0;road_4_1_2_0;road_4_1_2_1;road_4_1_2_1;road_4_1_2_1;road_4_1_2_2;road_4_1_2_2;road_4_1_2_2;road_3_0_1_0;road_3_0_1_0;road_3_0_1_0;road_3_0_1_1;road_3_0_1_1;road_3_0_1_1;road_3_0_1_2;road_3_0_1_2;road_3_0_1_2;road_2_1_0_0;road_2_1_0_0;road_2_1_0_0;road_2_1_0_1;road_2_1_0_1;road_2_1_0_1;road_2_1_0_2;road_2_1_0_2;road_2_1_0_2,GGGrrrrrrGGGGGGrrrGGGrrrrrrGGGGGGrrr
200,intersection_3_2,road_3_3_3_0;road_3_3_3_0;road_3_3_3_0;road_3_3_3_1;road_3_3_3_1;road_3_3_3_1;road_3_3_3_2;road_3_3_3_2;road_3_3_3_2;road_4_2_2_0;road_4_2_2_0;road_4_2_2_0;road_4_2_2_1;road_4_2_2_1;road_4_2_2_1;road_4_2_2_2;road_4_2_2_2;road_4_2_2_2;road_3_1_1_0;road_3_1_1_0;road_3_1_1_0;road_3_1_1_1;road_3_1_1_1;road_3_1_1_1;road_3_1_1_2;road_3_1_1_2;road_3_1_1_2;road_2_2_0_0;road_2_2_0_0;road_2_2_0_0;road_2_2_0_1;road_2_2_0_1;road_2_2_0_1;road_2_2_0_2;road_2_2_0_2;road_2_2_0_2,GGGrrrrrrGGGGGGrrrGGGrrrrrrGGGGGGrrr
200,intersection_3_3,road_3_4_3_0;road_3_4_3_0;road_3_4_3_0;road_3_4_3_1;road_3_4_3_1;road_3_4_3_1;road_3_4_3_2;road_3_4_3_2;road_3_4_3_2;road_4_3_2_0;road_4_3_2_0;road_4_3_2_0;road_4_3_2_1;road_4_3_2_1;road_4_3_2_1;road_4_3_2_2;road_4_3_2_2;road_4_3_2_2;road_3_2_1_0;road_3_2_1_0;road_3_2_1_0;road_3_2_1_1;road_3_2_1_1;road_3_2_1_1;road_3_2_1_2;road_3_2_1_2;road_3_2_1_2;road_2_3_0_0;road_2_3_0_0;road_2_3_0_0;road_2_3_0_1;road_2_3_0_1;road_2_3_0_1;road_2_3_0_2;road_2_3_0_2;road_2_3_0_2,GGGrrrrrrGGGGGGrrrGGGrrrrrrGGGGGGrrr
200,intersection_3_4,road_3_5_3_0;road_3_5_3_0;road_3_5_3_0;road_3_5_3_1;road_3_5_3_1;road_3_5_3_1;road_3_5_3_2;road_3_5_3_2;road_3_5_3_2;road_4_4_2_0;road_4_4_2_0;road_4_4_2_0;road_4_4_2_1;road_4_4_2_1;road_4_4_2_1;road_4_4_2_2;road_4_4_2_2;road_4_4_2_2;road_3_3_1_0;road_3_3_1_0;road_3_3_1_0;road_3_3_1_1;road_3_3_1_1;road_3_3_1_1;road_3_3_1_2;road_3_3_1_2;road_3_3_1_2;road_2_4_0_0;road_2_4_0_0;road_2_4_0_0;road_2_4_0_1;road_2_4_0_1;road_2_4_0_1;road_2_4_0_2;road_2_4_0_2;road_2_4_0_2,GGGrrrrrrGGGGGGrrrGGGrrrrrrGGGGGGrrr
200,intersection_4_1,road_4_2_3_0;road_4_2_3_0;road_4_2_3_0;road_4_2_3_1;road_4_2_3_1;road_4_2_3_1;road_4_2_3_2;road_4_2_3_2;road_4_2_3_2;road_5_1_2_0;road_5_1_2_0;road_5_1_2_0;road_5_1_2_1;road_5_1_2_1;road_5_1_2_1;road_5_1_2_2;road_5_1_2_2;road_5_1_2_2;road_4_0_1_0;road_4_0_1_0;road_4_0_1_0;road_4_0_1_1;road_4_0_1_1;road_4_0_1_1;road_4_0_1_2;road_4_0_1_2;road_4_0_1_2;road_3_1_0_0;road_3_1_0_0;road_3_1_0_0;road_3_1_0_1;road_3_1_0_1;road_3_1_0_1;road_3_1_0_2;road_3_1_0_2;road_3_1_0_2,GGGrrrrrrGGGGGGrrrGGGrrrrrrGGGGGGrrr
200,intersection_4_2,road_4_3_3_0;road_4_3_3_0;road_4_3_3_0;road_4_3_3_1;road_4_3_3_1;road_4_3_3_1;road_4_3_3_2;road_4_3_3_2;road_4_3_3_2;road_5_2_2_0;road_5_2_2_0;road_5_2_2_0;road_5_2_2_1;road_5_2_2_1;road_5_2_2_1;road_5_2_2_2;road_5_2_2_2;road_5_2_2_2;road_4_1_1_0;road_4_1_1_0;road_4_1_1_0;road_4_1_1_1;road_4_1_1_1;road_4_1_1_1;road_4_1_1_2;road_4_1_1_2;road_4_1_1_2;road_3_2_0_0;road_3_2_0_0;road_3_2_0_0;road_3_2_0_1;road_3_2_0_1;road_3_2_0_1;road_3_2_0_2;road_3_2_0_2;road_3_2_0_2,GGGrrrrrrGGGGGGrrrGGGrrrrrrGGGGGGrrr
200,intersection_4_3,road_4_4_3_0;road_4_4_3_0;road_4_4_3_0;road_4_4_3_1;road_4_4_3_1;road_4_4_3_1;road_4_4_3_2;road_4_4_3_2;road_4_4_3_2;road_5_3_2_0;road_5_3_2_0;road_5_3_2_0;road_5_3_2_1;road_5_3_2_1;road_5_3_2_1;road_5_3_2_2;road_5_3_2_2;road_5_3_2_2;road_4_2_1_0;road_4_2_1_0;road_4_2_1_0;road_4_2_1_1;road_4_2_1_1;road_4_2_1_1;road_4_2_1_2;road_4_2_1_2;road_4_2_1_2;road_3_3_0_0;road_3_3_0_0;road_3_3_0_0;road_3_3_0_1;road_3_3_0_1;road_3_3_0_1;road_3_3_0_2;road_3_3_0_2;road_3_3_0_2,GGGrrrrrrGGGGGGGGGGGGrrrrrrGGGrrrrrr
200,intersection_4_4,road_4_5_3_0;road_4_5_3_0;road_4_5_3_0;road_4_5_3_1;road_4_5_3_1;road_4_5_3_1;road_4_5_3_2;road_4_5_3_2;road_4_5_3_2;road_5_4_2_0;road_5_4_2_0;road_5_4_2_0;road_5_4_2_1;road_5_4_2_1;road_5_4_2_1;road_5_4_2_2;road_5_4_2_2;road_5_4_2_2;road_4_3_1_0;road_4_3_1_0;road_4_3_1_0;road_4_3_1_1;road_4_3_1_1;road_4_3_1_1;road_4_3_1_2;road_4_3_1_2;road_4_3_1_2;road_3_4_0_0;road_3_4_0_0;road_3_4_0_0;road_3_4_0_1;road_3_4_0_1;road_3_4_0_1;road_3_4_0_2;road_3_4_0_2;road_3_4_0_2,GGGrrrrrrGGGGGGrrrGGGrrrrrrGGGGGGrrr
210,intersection_1_1,road_1_2_3_0;road_1_2_3_0;road_1_2_3_0;road_1_2_3_1;road_1_2_3_1;road_1_2_3_1;road_1_2_3_2;road_1_2_3_2;road_1_2_3_2;road_2_1_2_0;road_2_1_2_0;road_2_1_2_0;road_2_1_2_1;road_2_1_2_1;road_2_1_2_1;road_2_1_2_2;road_2_1_2_2;road_2_1_2_2;road_1_0_1_0;road_1_0_1_0;road_1_0_1_0;road_1_0_1_1;road_1_0_1_1;road_1_0_1_1;road_1_0_1_2;road_1_0_1_2;road_1_0_1_2;road_0_1_0_0;road_0_1_0_0;road_0_1_0_0;road_0_1_0_1;road_0_1_0_1;road_0_1_0_1;road_0_1_0_2;road_0_1_0_2;road_0_1_0_2,GGGrrrrrrGGGGGGrrrGGGrrrrrrGGGGGGrrr
210,intersection_1_2,road_1_3_3_0;road_1_3_3_0;road_1_3_3_0;road_1_3_3_1;road_1_3_3_1;road_1_3_3_1;road_1_3_3_2;road_1_3_3_2;road_1_3_3_2;road_2_2_2_0;road_2_2_2_0;road_2_2_2_0;road_2_2_2_1;road_2_2_2_1;road_2_2_2_1;road_2_2_2_2;road_2_2_2_2;road_2_2_2_2;road_1_1_1_0;road_1_1_1_0;road_1_1_1_0;road_1_1_1_1;road_1_1_1_1;road_1_1_1_1;road_1_1_1_2;road_1_1_1_2;road_1_1_1_2;road_0_2_0_0;road_0_2_0_0;road_0_2_0_0;road_0_2_0_1;road_0_2_0_1;road_0_2_0_1;road_0_2_0_2;road_0_2_0_2;road_0_2_0_2,GGGrrrrrrGGGGGGrrrGGGrrrrrrGGGGGGrrr
210,intersection_1_3,road_1_4_3_0;road_1_4_3_0;road_1_4_3_0;road_1_4_3_1;road_1_4_3_1;road_1_4_3_1;road_1_4_3_2;road_1_4_3_2;road_1_4_3_2;road_2_3_2_0;road_2_3_2_0;road_2_3_2_0;road_2_3_2_1;road_2_3_2_1;road_2_3_2_1;road_2_3_2_2;road_2_3_2_2;road_2_3_2_2;road_1_2_1_0;road_1_2_1_0;road_1_2_1_0;road_1_2_1_1;road_1_2_1_1;road_1_2_1_1;road_1_2_1_2;road_1_2_1_2;road_1_2_1_2;road_0_3_0_0;road_0_3_0_0;road_0_3_0_0;road_0_3_0_1;road_0_3_0_1;road_0_3_0_1;road_0_3_0_2;road_0_3_0_2;road_0_3_0_2,GGGrrrrrrGGGGGGrrrGGGrrrrrrGGGGGGrrr
210,intersection_1_4,road_1_5_3_0;road_1_5_3_0;road_1_5_3_0;road_1_5_3_1;road_1_5_3_1;road_1_5_3_1;road_1_5_3_2;road_1_5_3_2;road_1_5_3_2;road_2_4_2_0;road_2_4_2_0;road_2_4_2_0;road_2_4_2_1;road_2_4_2_1;road_2_4_2_1;road_2_4_2_2;road_2_4_2_2;road_2_4_2_2;road_1_3_1_0;road_1_3_1_0;road_1_3_1_0;road_1_3_1_1;road_1_3_1_1;road_1_3_1_1;road_1_3_1_2;road_1_3_1_2;road_1_3_1_2;road_0_4_0_0;road_0_4_0_0;road_0_4_0_0;road_0_4_0_1;road_0_4_0_1;road_0_4_0_1;road_0_4_0_2;road_0_4_0_2;road_0_4_0_2,GGGGGGGGGGGGrrrrrrGGGrrrrrrGGGrrrrrr
210,intersection_2_1,road_2_2_3_0;road_2_2_3_0;road_2_2_3_0;road_2_2_3_1;road_2_2_3_1;road_2_2_3_1;road_2_2_3_2;road_2_2_3_2;road_2_2_3_2;road_3_1_2_0;road_3_1_2_0;road_3_1_2_0;road_3_1_2_1;road_3_1_2_1;road_3_1_2_1;road_3_1_2_2;road_3_1_2_2;road_3_1_2_2;road_2_0_1_0;road_2_0_1_0;road_2_0_1_0;road_2_0_1_1;road_2_0_1_1;road_2_0_1_1;road_2_0_1_2;road_2_0_1_2;road_2_0_1_2;road_1_1_0_0;road_1_1_0_0;road_1_1_0_0;road_1_1_0_1;road_1_1_0_1;road_1_1_0_1;road_1_1_0_2;road_1_1_0_2;road_1_1_0_2,GGGrrrrrrGGGGGGrrrGGGrrrrrrGGGGGGrrr
210,intersection_2_2,road_2_3_3_0;road_2_3_3_0;road_2_3_3_0;road_2_3_3_1;road_2_3_3_1;road_2_3_3_1;road_2_3_3_2;road_2_3_3_2;road_2_3_3_2;road_3_2_2_0;road_3_2_2_0;road_3_2_2_0;road_3_2_2_1;road_3_2_2_1;road_3_2_2_1;road_3_2_2_2;road_3_2_2_2;road_3_2_2_2;road_2_1_1_0;road_2_1_1_0;road_2_1_1_0;road_2_1_1_1;road_2_1_1_1;road_2_1_1_1;road_2_1_1_2;road_2_1_1_2;road_2_1_1_2;road_1_2_0_0;road_1_2_0_0;road_1_2_0_0;road_1_2_0_1;road_1_2_0_1;road_1_2_0_1;road_1_2_0_2;road_1_2_0_2;road_1_2_0_2,GGGrrrrrrGGGGGGrrrGGGrrrrrrGGGGGGrrr
210,intersection_2_3,road_2_4_3_0;road_2_4_3_0;road_2_4_3_0;road_2_4_3_1;road_2_4_3_1;road_2_4_3_1;road_2_4_3_2;road_2_4_3_2;road_2_4_3_2;road_3_3_2_0;road_3_3_2_0;road_3_3_2_0;road_3_3_2_1;road_3_3_2_1;road_3_3_2_1;road_3_3_2_2;road_3_3_2_2;road_3_3_2_2;road_2_2_1_0;road_2_2_1_0;road_2_2_1_0;road_2_2_1_1;road_2_2_1_1;road_2_2_1_1;road_2_2_1_2;road_2_2_1_2;road_2_2_1_2;road_1_3_0_0;road_1_3_0_0;road_1_3_0_0;road_1_3_0_1;road_1_3_0_1;road_1_3_0_1;road_1_3_0_2;road_1_3_0_2;road_1_3_0_2,GGGrrrrrrGGGGGGrrrGGGrrrrrrGGGGGGrrr
210,intersection_2_4,road_2_5_3_0;road_2_5_3_0;road_2_5_3_0;road_2_5_3_1;road_2_5_3_1;road_2_5_3_1;road_2_5_3_2;road_2_5_3_2;road_2_5_3_2;road_3_4_2_0;road_3_4_2_0;road_3_4_2_0;road_3_4_2_1;road_3_4_2_1;road_3_4_2_1;road_3_4_2_2;road_3_4_2_2;road_3_4_2_2;road_2_3_1_0;road_2_3_1_0;road_2_3_1_0;road_2_3_1_1;road_2_3_1_1;road_2_3_1_1;road_2_3_1_2;road_2_3_1_2;road_2_3_1_2;road_1_4_0_0;road_1_4_0_0;road_1_4_0_0;road_1_4_0_1;road_1_4_0_1;road_1_4_0_1;road_1_4_0_2;road_1_4_0_2;road_1_4_0_2,GGGrrrrrrGGGrrrrrrGGGrrrrrrGGGGGGGGG
210,intersection_3_1,road_3_2_3_0;road_3_2_3_0;road_3_2_3_0;road_3_2_3_1;road_3_2_3_1;road_3_2_3_1;road_3_2_3_2;road_3_2_3_2;road_3_2_3_2;road_4_1_2_0;road_4_1_2_0;road_4_1_2_0;road_4_1_2_1;road_4_1_2_1;road_4_1_2_1;road_4_1_2_2;road_4_1_2_2;road_4_1_2_2;road_3_0_1_0;road_3_0_1_0;road_3_0_1_0;road_3_0_1_1;road_3_0_1_1;road_3_0_1_1;road_3_0_1_2;road_3_0_1_2;road_3_0_1_2;road_2_1_0_0;road_2_1_0_0;road_2_1_0_0;road_2_1_0_1;road_2_1_0_1;road_2_1_0_1;road_2_1_0_2;road_2_1_0_2;road_2_1_0_2,GGGrrrrrrGGGGGGrrrGGGrrrrrrGGGGGGrrr
210,intersection_3_2,road_3_3_3_0;road_3_3_3_0;road_3_3_3_0;road_3_3_3_1;road_3_3_3_1;road_3_3_3_1;road_3_3_3_2;road_3_3_3_2;road_3_3_3_2;road_4_2_2_0;road_4_2_2_0;road_4_2_2_0;road_4_2_2_1;road_4_2_2_1;road_4_2_2_1;road_4_2_2_2;road_4_2_2_2;road_4_2_2_2;road_3_1_1_0;road_3_1_1_0;road_3_1_1_0;road_3_1_1_1;road_3_1_1_1;road_3_1_1_1;road_3_1_1_2;road_3_1_1_2;road_3_1_1_2;road_2_2_0_0;road_2_2_0_0;road_2_2_0_0;road_2_2_0_1;road_2_2_0_1;road_2_2_0_1;road_2_2_0_2;road_2_2_0_2;road_2_2_0_2,GGGrrrrrrGGGGGGrrrGGGrrrrrrGGGGGGrrr
210,intersection_3_3,road_3_4_3_0;road_3_4_3_0;road_3_4_3_0;road_3_4_3_1;road_3_4_3_1;road_3_4_3_1;road_3_4_3_2;road_3_4_3_2;road_3_4_3_2;road_4_3_2_0;road_4_3_2_0;road_4_3_2_0;road_4_3_2_1;road_4_3_2_1;road_4_3_2_1;road_4_3_2_2;road_4_3_2_2;road_4_3_2_2;road_3_2_1_0;road_3_2_1_0;road_3_2_1_0;road_3_2_1_1;road_3_2_1_1;road_3_2_1_1;road_3_2_1_2;road_3_2_1_2;road_3_2_1_2;road_2_3_0_0;road_2_3_0_0;road_2_3_0_0;road_2_3_0_1;road_2_3_0_1;road_2_3_0_1;road_2_3_0_2;road_2_3_0_2;road_2_3_0_2,GGGrrrrrrGGGGGGrrrGGGrrrrrrGGGGGGrrr
210,intersection_3_4,road_3_5_3_0;road_3_5_3_0;road_3_5_3_0;road_3_5_3_1;road_3_5_3_1;road_3_5_3_1;road_3_5_3_2;road_3_5_3_2;road_3_5_3_2;road_4_4_2_0;road_4_4_2_0;road_4_4_2_0;road_4_4_2_1;road_4_4_2_1;road_4_4_2_1;road_4_4_2_2;road_4_4_2_2;road_4_4_2_2;road_3_3_1_0;road_3_3_1_0;road_3_3_1_0;road_3_3_1_1;road_3_3_1_1;road_3_3_1_1;road_3_3_1_2;road_3_3_1_2;road_3_3_1_2;road_2_4_0_0;road_2_4_0_0;road_2_4_0_0;road_2_4_0_1;road_2_4_0_1;road_2_4_0_1;road_2_4_0_2;road_2_4_0_2;road_2_4_0_2,GGGrrrrrrGGGGGGrrrGGGrrrrrrGGGGGGrrr
210,intersection_4_1,road_4_2_3_0;road_4_2_3_0;road_4_2_3_0;road_4_2_3_1;road_4_2_3_1;road_4_2_3_1;road_4_2_3_2;road_4_2_3_2;road_4_2_3_2;road_5_1_2_0;road_5_1_2_0;road_5_1_2_0;road_5_1_2_1;road_5_1_2_1;road_5_1_2_1;road_5_1_2_2;road_5_1_2_2;road_5_1_2_2;road_4_0_1_0;road_4_0_1_0;road_4_0_1_0;road_4_0_1_1;road_4_0_1_1;road_4_0_1_1;road_4_0_1_2;road_4_0_1_2;road_4_0_1_2;road_3_1_0_0;road_3_1_0_0;road_3_1_0_0;road_3_1_0_1;road_3_1_0_1;road_3_1_0_1;road_3_1_0_2;road_3_1_0_2;road_3_1_0_2,GGGrrrrrrGGGGGGrrrGGGrrrrrrGGGGGGrrr
210,intersection_4_2,road_4_3_3_0;road_4_3_3_0;road_4_3_3_0;road_4_3_3_1;road_4_3_3_1;road_4_3_3_1;road_4_3_3_2;road_4_3_3_2;road_4_3_3_2;road_5_2_2_0;road_5_2_2_0;road_5_2_2_0;road_5_2_2_1;road_5_2_2_1;road_5_2_2_1;road_5_2_2_2;road_5_2_2_2;road_5_2_2_2;road_4_1_1_0;road_4_1_1_0;road_4_1_1_0;road_4_1_1_1;road_4_1_1_1;road_4_1_1_1;road_4_1_1_2;road_4_1_1_2;road_4_1_1_2;road_3_2_0_0;road_3_2_0_0;road_3_2_0_0;road_3_2_0_1;road_3_2_0_1;road_3_2_0_1;road_3_2_0_2;road_3_2_0_2;road_3_2_0_2,GGGrrrrrrGGGGGGrrrGGGrrrrrrGGGGGGrrr
210,intersection_4_3,road_4_4_3_0;road_4_4_3_0;road_4_4_3_0;road_4_4_3_1;road_4_4_3_1;road_4_4_3_1;road_4_4_3_2;road_4_4_3_2;road_4_4_3_2;road_5_3_2_0;road_5_3_2_0;road_5_3_2_0;road_5_3_2_1;road_5_3_2_1;road_5_3_2_1;road_5_3_2_2;road_5_3_2_2;road_5_3_2_2;road_4_2_1_0;road_4_2_1_0;road_4_2_1_0;road_4_2_1_1;road_4_2_1_1;road_4_2_1_1;road_4_2_1_2;road_4_2_1_2;road_4_2_1_2;road_3_3_0_0;road_3_3_0_0;road_3_3_0_0;road_3_3_0_1;road_3_3_0_1;road_3_3_0_1;road_3_3_0_2;road_3_3_0_2;road_3_3_0_2,GGGrrrrrrGGGrrrGGGGGGrrrrrrGGGrrrGGG
210,intersection_4_4,road_4_5_3_0;road_4_5_3_0;road_4_5_3_0;road_4_5_3_1;road_4_5_3_1;road_4_5_3_1;road_4_5_3_2;road_4_5_3_2;road_4_5_3_2;road_5_4_2_0;road_5_4_2_0;road_5_4_2_0;road_5_4_2_1;road_5_4_2_1;road_5_4_2_1;road_5_4_2_2;road_5_4_2_2;road_5_4_2_2;road_4_3_1_0;road_4_3_1_0;road_4_3_1_0;road_4_3_1_1;road_4_3_1_1;road_4_3_1_1;road_4_3_1_2;road_4_3_1_2;road_4_3_1_2;road_3_4_0_0;road_3_4_0_0;road_3_4_0_0;road_3_4_0_1;road_3_4_0_1;road_3_4_0_1;road_3_4_0_2;road_3_4_0_2;road_3_4_0_2,GGGrrrrrrGGGGGGrrrGGGrrrrrrGGGGGGrrr
220,intersection_1_1,road_1_2_3_0;road_1_2_3_0;road_1_2_3_0;road_1_2_3_1;road_1_2_3_1;road_1_2_3_1;road_1_2_3_2;road_1_2_3_2;road_1_2_3_2;road_2_1_2_0;road_2_1_2_0;road_2_1_2_0;road_2_1_2_1;road_2_1_2_1;road_2_1_2_1;road_2_1_2_2;road_2_1_2_2;road_2_1_2_2;road_1_0_1_0;road_1_0_1_0;road_1_0_1_0;road_1_0_1_1;road_1_0_1_1;road_1_0_1_1;road_1_0_1_2;road_1_0_1_2;road_1_0_1_2;road_0_1_0_0;road_0_1_0_0;road_0_1_0_0;road_0_1_0_1;road_0_1_0_1;road_0_1_0_1;road_0_1_0_2;road_0_1_0_2;road_0_1_0_2,GGGrrrrrrGGGGGGrrrGGGrrrrrrGGGGGGrrr
220,intersection_1_2,road_1_3_3_0;road_1_3_3_0;road_1_3_3_0;road_1_3_3_1;road_1_3_3_1;road_1_3_3_1;road_1_3_3_2;road_1_3_3_2;road_1_3_3_2;road_2_2_2_0;road_2_2_2_0;road_2_2_2_0;road_2_2_2_1;road_2_2_2_1;road_2_2_2_1;road_2_2_2_2;road_2_2_2_2;road_2_2_2_2;road_1_1_1_0;road_1_1_1_0;road_1_1_1_0;road_1_1_1_1;road_1_1_1_1;road_1_1_1_1;road_1_1_1_2;road_1_1_1_2;road_1_1_1_2;road_0_2_0_0;road_0_2_0_0;road_0_2_0_0;road_0_2_0_1;road_0_2_0_1;road_0_2_0_1;road_0_2_0_2;road_0_2_0_2;road_0_2_0_2,GGGrrrrrrGGGGGGrrrGGGrrrrrrGGGGGGrrr
220,intersection_1_3,road_1_4_3_0;road_1_4_3_0;road_1_4_3_0;road_1_4_3_1;road_1_4_3_1;road_1_4_3_1;road_1_4_3_2;road_1_4_3_2;road_1_4_3_2;road_2_3_2_0;road_2_3_2_0;road_2_3_2_0;road_2_3_2_1;road_2_3_2_1;road_2_3_2_1;road_2_3_2_2;road_2_3_2_2;road_2_3_2_2;road_1_2_1_0;road_1_2_1_0;road_1_2_1_0;road_1_2_1_1;road_1_2_1_1;road_1_2_1_1;road_1_2_1_2;road_1_2_1_2;road_1_2_1_2;road_0_3_0_0;road_0_3_0_0;road_0_3_0_0;road_0_3_0_1;road_0_3_0_1;road_0_3_0_1;road_0_3_0_2;road_0_3_0_2;road_0_3_0_2,GGGrrrrrrGGGGGGrrrGGGrrrrrrGGGGGGrrr
220,intersection_1_4,road_1_5_3_0;road_1_5_3_0;road_1_5_3_0;road_1_5_3_1;road_1_5_3_1;road_1_5_3_1;road_1_5_3_2;road_1_5_3_2;road_1_5_3_2;road_2_4_2_0;road_2_4_2_0;road_2_4_2_0;road_2_4_2_1;road_2_4_2_1;road_2_4_2_1;road_2_4_2_2;road_2_4_2_2;road_2_4_2_2;road_1_3_1_0;road_1_3_1_0;road_1_3_1_0;road_1_3_1_1;road_1_3_1_1;road_1_3_1_1;road_1_3_1_2;road_1_3_1_2;road_1_3_1_2;road_0_4_0_0;road_0_4_0_0;road_0_4_0_0;road_0_4_0_1;road_0_4_0_1;road_0_4_0_1;road_0_4_0_2;road_0_4_0_2;road_0_4_0_2,GGGGGGGGGGGGrrrrrrGGGrrrrrrGGGrrrrrr
220,intersection_2_1,road_2_2_3_0;road_2_2_3_0;road_2_2_3_0;road_2_2_3_1;road_2_2_3_1;road_2_2_3_1;road_2_2_3_2;road_2_2_3_2;road_2_2_3_2;road_3_1_2_0;road_3_1_2_0;road_3_1_2_0;road_3_1_2_1;road_3_1_2_1;road_3_1_2_1;road_3_1_2_2;road_3_1_2_2;road_3_1_2_2;road_2_0_1_0;road_2_0_1_0;road_2_0_1_0;road_2_0_1_1;road_2_0_1_1;road_2_0_1_1;road_2_0_1_2;road_2_0_1_2;road_2_0_1_2;road_1_1_0_0;road_1_1_0_0;road_1_1_0_0;road_1_1_0_1;road_1_1_0_1;road_1_1_0_1;road_1_1_0_2;road_1_1_0_2;road_1_1_0_2,GGGrrrrrrGGGGGGrrrGGGrrrrrrGGGGGGrrr
220,intersection_2_2,road_2_3_3_0;road_2_3_3_0;road_2_3_3_0;road_2_3_3_1;road_2_3_3_1;road_2_3_3_1;road_2_3_3_2;road_2_3_3_2;road_2_3_3_2;road_3_2_2_0;road_3_2_2_0;road_3_2_2_0;road_3_2_2_1;road_3_2_2_1;road_3_2_2_1;road_3_2_2_2;road_3_2_2_2;road_3_2_2_2;road_2_1_1_0;road_2_1_1_0;road_2_1_1_0;road_2_1_1_1;road_2_1_1_1;road_2_1_1_1;road_2_1_1_2;road_2_1_1_2;road_2_1_1_2;road_1_2_0_0;road_1_2_0_0;road_1_2_0_0;road_1_2_0_1;road_1_2_0_1;road_1_2_0_1;road_1_2_0_2;road_1_2_0_2;road_1_2_0_2,GGGrrrrrrGGGGGGrrrGGGrrrrrrGGGGGGrrr
220,intersection_2_3,road_2_4_3_0;road_2_4_3_0;road_2_4_3_0;road_2_4_3_1;road_2_4_3_1;road_2_4_3_1;road_2_4_3_2;road_2_4_3_2;road_2_4_3_2;road_3_3_2_0;road_3_3_2_0;road_3_3_2_0;road_3_3_2_1;road_3_3_2_1;road_3_3_2_1;road_3_3_2_2;road_3_3_2_2;road_3_3_2_2;road_2_2_1_0;road_2_2_1_0;road_2_2_1_0;road_2_2_1_1;road_2_2_1_1;road_2_2_1_1;road_2_2_1_2;road_2_2_1_2;road_2_2_1_2;road_1_3_0_0;road_1_3_0_0;road_1_3_0_0;road_1_3_0_1;road_1_3_0_1;road_1_3_0_1;road_1_3_0_2;road_1_3_0_2;road_1_3_0_2,GGGrrrrrrGGGGGGrrrGGGrrrrrrGGGGGGrrr
220,intersection_2_4,road_2_5_3_0;road_2_5_3_0;road_2_5_3_0;road_2_5_3_1;road_2_5_3_1;road_2_5_3_1;road_2_5_3_2;road_2_5_3_2;road_2_5_3_2;road_3_4_2_0;road_3_4_2_0;road_3_4_2_0;road_3_4_2_1;road_3_4_2_1;road_3_4_2_1;road_3_4_2_2;road_3_4_2_2;road_3_4_2_2;road_2_3_1_0;road_2_3_1_0;road_2_3_1_0;road_2_3_1_1;road_2_3_1_1;road_2_3_1_1;road_2_3_1_2;road_2_3_1_2;road_2_3_1_2;road_1_4_0_0;road_1_4_0_0;road_1_4_0_0;road_1_4_0_1;road_1_4_0_1;road_1_4_0_1;road_1_4_0_2;road_1_4_0_2;road_1_4_0_2,GGGrrrrrrGGGrrrrrrGGGrrrrrrGGGGGGGGG
220,intersection_3_1,road_3_2_3_0;road_3_2_3_0;road_3_2_3_0;road_3_2_3_1;road_3_2_3_1;road_3_2_3_1;road_3_2_3_2;road_3_2_3_2;road_3_2_3_2;road_4_1_2_0;road_4_1_2_0;road_4_1_2_0;road_4_1_2_1;road_4_1_2_1;road_4_1_2_1;road_4_1_2_2;road_4_1_2_2;road_4_1_2_2;road_3_0_1_0;road_3_0_1_0;road_3_0_1_0;road_3_0_1_1;road_3_0_1_1;road_3_0_1_1;road_3_0_1_2;road_3_0_1_2;road_3_0_1_2;road_2_1_0_0;road_2_1_0_0;road_2_1_0_0;road_2_1_0_1;road_2_1_0_1;road_2_1_0_1;road_2_1_0_2;road_2_1_0_2;road_2_1_0_2,GGGrrrrrrGGGGGGrrrGGGrrrrrrGGGGGGrrr
220,intersection_3_2,road_3_3_3_0;road_3_3_3_0;road_3_3_3_0;road_3_3_3_1;road_3_3_3_1;road_3_3_3_1;road_3_3_3_2;road_3_3_3_2;road_3_3_3_2;road_4_2_2_0;road_4_2_2_0;road_4_2_2_0;road_4_2_2_1;road_4_2_2_1;road_4_2_2_1;road_4_2_2_2;road_4_2_2_2;road_4_2_2_2;road_3_1_1_0;road_3_1_1_0;road_3_1_1_0;road_3_1_1_1;road_3_1_1_1;road_3_1_1_1;road_3_1_1_2;road_3_1_1_2;road_3_1_1_2;road_2_2_0_0;road_2_2_0_0;road_2_2_0_0;road_2_2_0_1;road_2_2_0_1;road_2_2_0_1;road_2_2_0_2;road_2_2_0_2;road_2_2_0_2,GGGrrrrrrGGGGGGrrrGGGrrrrrrGGGGGGrrr
220,intersection_3_3,road_3_4_3_0;road_3_4_3_0;road_3_4_3_0;road_3_4_3_1;road_3_4_3_1;road_3_4_3_1;road_3_4_3_2;road_3_4_3_2;road_3_4_3_2;road_4_3_2_0;road_4_3_2_0;road_4_3_2_0;road_4_3_2_1;road_4_3_2_1;road_4_3_2_1;road_4_3_2_2;road_4_3_2_2;road_4_3_2_2;road_3_2_1_0;road_3_2_1_0;road_3_2_1_0;road_3_2_1_1;road_3_2_1_1;road_3_2_1_1;road_3_2_1_2;road_3_2_1_2;road_3_2_1_2;road_2_3_0_0;road_2_3_0_0;road_2_3_0_0;road_2_3_0_1;road_2_3_0_1;road_2_3_0_1;road_2_3_0_2;road_2_3_0_2;road_2_3_0_2,GGGrrrrrrGGGGGGrrrGGGrrrrrrGGGGGGrrr
220,intersection_3_4,road_3_5_3_0;road_3_5_3_0;road_3_5_3_0;road_3_5_3_1;road_3_5_3_1;road_3_5_3_1;road_3_5_3_2;road_3_5_3_2;road_3_5_3_2;road_4_4_2_0;road_4_4_2_0;road_4_4_2_0;road_4_4_2_1;road_4_4_2_1;road_4_4_2_1;road_4_4_2_2;road_4_4_2_2;road_4_4_2_2;road_3_3_1_0;road_3_3_1_0;road_3_3_1_0;road_3_3_1_1;road_3_3_1_1;road_3_3_1_1;road_3_3_1_2;road_3_3_1_2;road_3_3_1_2;road_2_4_0_0;road_2_4_0_0;road_2_4_0_0;road_2_4_0_1;road_2_4_0_1;road_2_4_0_1;road_2_4_0_2;road_2_4_0_2;road_2_4_0_2,GGGrrrrrrGGGGGGrrrGGGrrrrrrGGGGGGrrr
220,intersection_4_1,road_4_2_3_0;road_4_2_3_0;road_4_2_3_0;road_4_2_3_1;road_4_2_3_1;road_4_2_3_1;road_4_2_3_2;road_4_2_3_2;road_4_2_3_2;road_5_1_2_0;road_5_1_2_0;road_5_1_2_0;road_5_1_2_1;road_5_1_2_1;road_5_1_2_1;road_5_1_2_2;road_5_1_2_2;road_5_1_2_2;road_4_0_1_0;road_4_0_1_0;road_4_0_1_0;road_4_0_1_1;road_4_0_1_1;road_4_0_1_1;road_4_0_1_2;road_4_0_1_2;road_4_0_1_2;road_3_1_0_0;road_3_1_0_0;road_3_1_0_0;road_3_1_0_1;road_3_1_0_1;road_3_1_0_1;road_3_1_0_2;road_3_1_0_2;road_3_1_0_2,GGGrrrrrrGGGGGGrrrGGGrrrrrrGGGGGGrrr
220,intersection_4_2,road_4_3_3_0;road_4_3_3_0;road_4_3_3_0;road_4_3_3_1;road_4_3_3_1;road_4_3_3_1;road_4_3_3_2;road_4_3_3_2;road_4_3_3_2;road_5_2_2_0;road_5_2_2_0;road_5_2_2_0;road_5_2_2_1;road_5_2_2_1;road_5_2_2_1;road_5_2_2_2;road_5_2_2_2;road_5_2_2_2;road_4_1_1_0;road_4_1_1_0;road_4_1_1_0;road_4_1_1_1;road_4_1_1_1;road_4_1_1_1;road_4_1_1_2;road_4_1_1_2;road_4_1_1_2;road_3_2_0_0;road_3_2_0_0;road_3_2_0_0;road_3_2_0_1;road_3_2_0_1;road_3_2_0_1;road_3_2_0_2;road_3_2_0_2;road_3_2_0_2,GGGrrrrrrGGGGGGrrrGGGrrrrrrGGGGGGrrr
220,intersection_4_3,road_4_4_3_0;road_4_4_3_0;road_4_4_3_0;road_4_4_3_1;road_4_4_3_1;road_4_4_3_1;road_4_4_3_2;road_4_4_3_2;road_4_4_3_2;road_5_3_2_0;road_5_3_2_0;road_5_3_2_0;road_5_3_2_1;road_5_3_2_1;road_5_3_2_1;road_5_3_2_2;road_5_3_2_2;road_5_3_2_2;road_4_2_1_0;road_4_2_1_0;road_4_2_1_0;road_4_2_1_1;road_4_2_1_1;road_4_2_1_1;road_4_2_1_2;road_4_2_1_2;road_4_2_1_2;road_3_3_0_0;road_3_3_0_0;road_3_3_0_0;road_3_3_0_1;road_3_3_0_1;road_3_3_0_1;road_3_3_0_2;road_3_3_0_2;road_3_3_0_2,GGGrrrrrrGGGrrrGGGGGGrrrrrrGGGrrrGGG
220,intersection_4_4,road_4_5_3_0;road_4_5_3_0;road_4_5_3_0;road_4_5_3_1;road_4_5_3_1;road_4_5_3_1;road_4_5_3_2;road_4_5_3_2;road_4_5_3_2;road_5_4_2_0;road_5_4_2_0;road_5_4_2_0;road_5_4_2_1;road_5_4_2_1;road_5_4_2_1;road_5_4_2_2;road_5_4_2_2;road_5_4_2_2;road_4_3_1_0;road_4_3_1_0;road_4_3_1_0;road_4_3_1_1;road_4_3_1_1;road_4_3_1_1;road_4_3_1_2;road_4_3_1_2;road_4_3_1_2;road_3_4_0_0;road_3_4_0_0;road_3_4_0_0;road_3_4_0_1;road_3_4_0_1;road_3_4_0_1;road_3_4_0_2;road_3_4_0_2;road_3_4_0_2,GGGrrrrrrGGGGGGrrrGGGrrrrrrGGGGGGrrr
230,intersection_1_1,road_1_2_3_0;road_1_2_3_0;road_1_2_3_0;road_1_2_3_1;road_1_2_3_1;road_1_2_3_1;road_1_2_3_2;road_1_2_3_2;road_1_2_3_2;road_2_1_2_0;road_2_1_2_0;road_2_1_2_0;road_2_1_2_1;road_2_1_2_1;road_2_1_2_1;road_2_1_2_2;road_2_1_2_2;road_2_1_2_2;road_1_0_1_0;road_1_0_1_0;road_1_0_1_0;road_1_0_1_1;road_1_0_1_1;road_1_0_1_1;road_1_0_1_2;road_1_0_1_2;road_1_0_1_2;road_0_1_0_0;road_0_1_0_0;road_0_1_0_0;road_0_1_0_1;road_0_1_0_1;road_0_1_0_1;road_0_1_0_2;road_0_1_0_2;road_0_1_0_2,GGGrrrrrrGGGrrrrrrGGGrrrrrrGGGGGGGGG
230,intersection_1_2,road_1_3_3_0;road_1_3_3_0;road_1_3_3_0;road_1_3_3_1;road_1_3_3_1;road_1_3_3_1;road_1_3_3_2;road_1_3_3_2;road_1_3_3_2;road_2_2_2_0;road_2_2_2_0;road_2_2_2_0;road_2_2_2_1;road_2_2_2_1;road_2_2_2_1;road_2_2_2_2;road_2_2_2_2;road_2_2_2_2;road_1_1_1_0;road_1_1_1_0;road_1_1_1_0;road_1_1_1_1;road_1_1_1_1;road_1_1_1_1;road_1_1_1_2;road_1_1_1_2;road_1_1_1_2;road_0_2_0_0;road_0_2_0_0;road_0_2_0_0;road_0_2_0_1;road_0_2_0_1;road_0_2_0_1;road_0_2_0_2;road_0_2_0_2;road_0_2_0_2,GGGrrrrrrGGGGGGrrrGGGrrrrrrGGGGGGrrr
230,intersection_1_3,road_1_4_3_0;road_1_4_3_0;road_1_4_3_0;road_1_4_3_1;road_1_4_3_1;road_1_4_3_1;road_1_4_3_2;road_1_4_3_2;road_1_4_3_2;road_2_3_2_0;road_2_3_2_0;road_2_3_2_0;road_2_3_2_1;road_2_3_2_1;road_2_3_2_1;road_2_3_2_2;road_2_3_2_2;road_2_3_2_2;road_1_2_1_0;road_1_2_1_0;road_1_2_1_0;road_1_2_1_1;road_1_2_1_1;road_1_2_1_1;road_1_2_1_2;road_1_2_1_2;road_1_2_1_2;road_0_3_0_0;road_0_3_0_0;road_0_3_0_0;road_0_3_0_1;road_0_3_0_1;road_0_3_0_1;road_0_3_0_2;road_0_3_0_2;road_0_3_0_2,GGGrrrrrrGGGGGGrrrGGGrrrrrrGGGGGGrrr
230,intersection_1_4,road_1_5_3_0;road_1_5_3_0;road_1_5_3_0;road_1_5_3_1;road_1_5_3_1;road_1_5_3_1;road_1_5_3_2;road_1_5_3_2;road_1_5_3_2;road_2_4_2_0;road_2_4_2_0;road_2_4_2_0;road_2_4_2_1;road_2_4_2_1;road_2_4_2_1;road_2_4_2_2;road_2_4_2_2;road_2_4_2_2;road_1_3_1_0;road_1_3_1_0;road_1_3_1_0;road_1_3_1_1;road_1_3_1_1;road_1_3_1_1;road_1_3_1_2;road_1_3_1_2;road_1_3_1_2;road_0_4_0_0;road_0_4_0_0;road_0_4_0_0;road_0_4_0_1;road_0_4_0_1;road_0_4_0_1;road_0_4_0_2;road_0_4_0_2;road_0_4_0_2,GGGGGGGGGGGGrrrrrrGGGrrrrrrGGGrrrrrr
230,intersection_2_1,road_2_2_3_0;road_2_2_3_0;road_2_2_3_0;road_2_2_3_1;road_2_2_3_1;road_2_2_3_1;road_2_2_3_2;road_2_2_3_2;road_2_2_3_2;road_3_1_2_0;road_3_1_2_0;road_3_1_2_0;road_3_1_2_1;road_3_1_2_1;road_3_1_2_1;road_3_1_2_2;road_3_1_2_2;road_3_1_2_2;road_2_0_1_0;road_2_0_1_0;road_2_0_1_0;road_2_0_1_1;road_2_0_1_1;road_2_0_1_1;road_2_0_1_2;road_2_0_1_2;road_2_0_1_2;road_1_1_0_0;road_1_1_0_0;road_1_1_0_0;road_1_1_0_1;road_1_1_0_1;road_1_1_0_1;road_1_1_0_2;road_1_1_0_2;road_1_1_0_2,GGGrrrrrrGGGrrrrrrGGGrrrrrrGGGGGGGGG
230,intersection_2_2,road_2_3_3_0;road_2_3_3_0;road_2_3_3_0;road_2_3_3_1;road_2_3_3_1;road_2_3_3_1;road_2_3_3_2;road_2_3_3_2;road_2_3_3_2;road_3_2_2_0;road_3_2_2_0;road_3_2_2_0;road_3_2_2_1;road_3_2_2_1;road_3_2_2_1;road_3_2_2_2;road_3_2_2_2;road_3_2_2_2;road_2_1_1_0;road_2_1_1_0;road_2_1_1_0;road_2_1_1_1;road_2_1_1_1;road_2_1_1_1;road_2_1_1_2;road_2_1_1_2;road_2_1_1_2;road_1_2_0_0;road_1_2_0_0;road_1_2_0_0;road_1_2_0_1;road_1_2_0_1;road_1_2_0_1;road_1_2_0_2;road_1_2_0_2;road_1_2_0_2,GGGrrrrrrGGGGGGrrrGGGrrrrrrGGGGGGrrr
230,intersection_2_3,road_2_4_3_0;road_2_4_3_0;road_2_4_3_0;road_2_4_3_1;road_2_4_3_1;road_2_4_3_1;road_2_4_3_2;road_2_4_3_2;road_2_4_3_2;road_3_3_2_0;road_3_3_2_0;road_3_3_2_0;road_3_3_2_1;road_3_3_2_1;road_3_3_2_1;road_3_3_2_2;road_3_3_2_2;road_3_3_2_2;road_2_2_1_0;road_2_2_1_0;road_2_2_1_0;road_2_2_1_1;road_2_2_1_1;road_2_2_1_1;road_2_2_1_2;road_2_2_1_2;road_2_2_1_2;road_1_3_0_0;road_1_3_0_0;road_1_3_0_0;road_1_3_0_1;road_1_3_0_1;road_1_3_0_1;road_1_3_0_2;road_1_3_0_2;road_1_3_0_2,GGGrrrrrrGGGGGGrrrGGGrrrrrrGGGGGGrrr
230,intersection_2_4,road_2_5_3_0;road_2_5_3_0;road_2_5_3_0;road_2_5_3_1;road_2_5_3_1;road_2_5_3_1;road_2_5_3_2;road_2_5_3_2;road_2_5_3_2;road_3_4_2_0;road_3_4_2_0;road_3_4_2_0;road_3_4_2_1;road_3_4_2_1;road_3_4_2_1;road_3_4_2_2;road_3_4_2_2;road_3_4_2_2;road_2_3_1_0;road_2_3_1_0;road_2_3_1_0;road_2_3_1_1;road_2_3_1_1;road_2_3_1_1;road_2_3_1_2;road_2_3_1_2;road_2_3_1_2;road_1_4_0_0;road_1_4_0_0;road_1_4_0_0;road_1_4_0_1;road_1_4_0_1;road_1_4_0_1;road_1_4_0_2;road_1_4_0_2;road_1_4_0_2,GGGrrrrrrGGGrrrrrrGGGrrrrrrGGGGGGGGG
230,intersection_3_1,road_3_2_3_0;road_3_2_3_0;road_3_2_3_0;road_3_2_3_1;road_3_2_3_1;road_3_2_3_1;road_3_2_3_2;road_3_2_3_2;road_3_2_3_2;road_4_1_2_0;road_4_1_2_0;road_4_1_2_0;road_4_1_2_1;road_4_1_2_1;road_4_1_2_1;road_4_1_2_2;road_4_1_2_2;road_4_1_2_2;road_3_0_1_0;road_3_0_1_0;road_3_0_1_0;road_3_0_1_1;road_3_0_1_1;road_3_0_1_1;road_3_0_1_2;road_3_0_1_2;road_3_0_1_2;road_2_1_0_0;road_2_1_0_0;road_2_1_0_0;road_2_1_0_1;road_2_1_0_1;road_2_1_0_1;road_2_1_0_2;road_2_1_0_2;road_2_1_0_2,GGGrrrrrrGGGGGGrrrGGGrrrrrrGGGGGGrrr
230,intersection_3_2,road_3_3_3_0;road_3_3_3_0;road_3_3_3_0;road_3_3_3_1;road_3_3_3_1;road_3_3_3_1;road_3_3_3_2;road_3_3_3_2;road_3_3_3_2;road_4_2_2_0;road_4_2_2_0;road_4_2_2_0;road_4_2_2_1;road_4_2_2_1;road_4_2_2_1;road_4_2_2_2;road_4_2_2_2;road_4_2_2_2;road_3_1_1_0;road_3_1_1_0;road_3_1_1_0;road_3_1_1_1;road_3_1_1_1;road_3_1_1_1;road_3_1_1_2;road_3_1_1_2;road_3_1_1_2;road_2_2_0_0;road_2_2_0_0;road_2_2_0_0;road_2_2_0_1;road_2_2_0_1;road_2_2_0_1;road_2_2_0_2;road_2_2_0_2;road_2_2_0_2,GGGrrrrrrGGGGGGrrrGGGrrrrrrGGGGGGrrr
230,intersection_3_3,road_3_4_3_0;road_3_4_3_0;road_3_4_3_0;road_3_4_3_1;road_3_4_3_1;road_3_4_3_1;road_3_4_3_2;road_3_4_3_2;road_3_4_3_2;road_4_3_2_0;road_4_3_2_0;road_4_3_2_0;road_4_3_2_1;road_4_3_2_1;road_4_3_2_1;road_4_3_2_2;road_4_3_2_2;road_4_3_2_2;road_3_2_1_0;road_3_2_1_0;road_3_2_1_0;road_3_2_1_1;road_3_2_1_1;road_3_2_1_1;road_3_2_1_2;road_3_2_1_2;road_3_2_1_2;road_2_3_0_0;road_2_3_0_0;road_2_3_0_0;road_2_3_0_1;road_2_3_0_1;road_2_3_0_1;road_2_3_0_2;road_2_3_0_2;road_2_3_0_2,GGGrrrrrrGGGGGGrrrGGGrrrrrrGGGGGGrrr
230,intersection_3_4,road_3_5_3_0;road_3_5_3_0;road_3_5_3_0;road_3_5_3_1;road_3_5_3_1;road_3_5_3_1;road_3_5_3_2;road_3_5_3_2;road_3_5_3_2;road_4_4_2_0;road_4_4_2_0;road_4_4_2_0;road_4_4_2_1;road_4_4_2_1;road_4_4_2_1;road_4_4_2_2;road_4_4_2_2;road_4_4_2_2;road_3_3_1_0;road_3_3_1_0;road_3_3_1_0;road_3_3_1_1;road_3_3_1_1;road_3_3_1_1;road_3_3_1_2;road_3_3_1_2;road_3_3_1_2;road_2_4_0_0;road_2_4_0_0;road_2_4_0_0;road_2_4_0_1;road_2_4_0_1;road_2_4_0_1;road_2_4_0_2;road_2_4_0_2;road_2_4_0_2,GGGrrrrrrGGGGGGrrrGGGrrrrrrGGGGGGrrr
230,intersection_4_1,road_4_2_3_0;road_4_2_3_0;road_4_2_3_0;road_4_2_3_1;road_4_2_3_1;road_4_2_3_1;road_4_2_3_2;road_4_2_3_2;road_4_2_3_2;road_5_1_2_0;road_5_1_2_0;road_5_1_2_0;road_5_1_2_1;road_5_1_2_1;road_5_1_2_1;road_5_1_2_2;road_5_1_2_2;road_5_1_2_2;road_4_0_1_0;road_4_0_1_0;road_4_0_1_0;road_4_0_1_1;road_4_0_1_1;road_4_0_1_1;road_4_0_1_2;road_4_0_1_2;road_4_0_1_2;road_3_1_0_0;road_3_1_0_0;road_3_1_0_0;road_3_1_0_1;road_3_1_0_1;road_3_1_0_1;road_3_1_0_2;road_3_1_0_2;road_3_1_0_2,GGGrrrrrrGGGGGGrrrGGGrrrrrrGGGGGGrrr
230,intersection_4_2,road_4_3_3_0;road_4_3_3_0;road_4_3_3_0;road_4_3_3_1;road_4_3_3_1;road_4_3_3_1;road_4_3_3_2;road_4_3_3_2;road_4_3_3_2;road_5_2_2_0;road_5_2_2_0;road_5_2_2_0;road_5_2_2_1;road_5_2_2_1;road_5_2_2_1;road_5_2_2_2;road_5_2_2_2;road_5_2_2_2;road_4_1_1_0;road_4_1_1_0;road_4_1_1_0;road_4_1_1_1;road_4_1_1_1;road_4_1_1_1;road_4_1_1_2;road_4_1_1_2;road_4_1_1_2;road_3_2_0_0;road_3_2_0_0;road_3_2_0_0;road_3_2_0_1;road_3_2_0_1;road_3_2_0_1;road_3_2_0_2;road_3_2_0_2;road_3_2_0_2,GGGrrrrrrGGGGGGrrrGGGrrrrrrGGGGGGrrr
230,intersection_4_3,road_4_4_3_0;road_4_4_3_0;road_4_4_3_0;road_4_4_3_1;road_4_4_3_1;road_4_4_3_1;road_4_4_3_2;road_4_4_3_2;road_4_4_3_2;road_5_3_2_0;road_5_3_2_0;road_5_3_2_0;road_5_3_2_1;road_5_3_2_1;road_5_3_2_1;road_5_3_2_2;road_5_3_2_2;road_5_3_2_2;road_4_2_1_0;road_4_2_1_0;road_4_2_1_0;road_4_2_1_1;road_4_2_1_1;road_4_2_1_1;road_4_2_1_2;road_4_2_1_2;road_4_2_1_2;road_3_3_0_0;road_3_3_0_0;road_3_3_0_0;road_3_3_0_1;road_3_3_0_1;road_3_3_0_1;road_3_3_0_2;road_3_3_0_2;road_3_3_0_2,GGGrrrrrrGGGrrrGGGGGGrrrrrrGGGrrrGGG
230,intersection_4_4,road_4_5_3_0;road_4_5_3_0;road_4_5_3_0;road_4_5_3_1;road_4_5_3_1;road_4_5_3_1;road_4_5_3_2;road_4_5_3_2;road_4_5_3_2;road_5_4_2_0;road_5_4_2_0;road_5_4_2_0;road_5_4_2_1;road_5_4_2_1;road_5_4_2_1;road_5_4_2_2;road_5_4_2_2;road_5_4_2_2;road_4_3_1_0;road_4_3_1_0;road_4_3_1_0;road_4_3_1_1;road_4_3_1_1;road_4_3_1_1;road_4_3_1_2;road_4_3_1_2;road_4_3_1_2;road_3_4_0_0;road_3_4_0_0;road_3_4_0_0;road_3_4_0_1;road_3_4_0_1;road_3_4_0_1;road_3_4_0_2;road_3_4_0_2;road_3_4_0_2,GGGrrrrrrGGGGGGrrrGGGrrrrrrGGGGGGrrr
240,intersection_1_1,road_1_2_3_0;road_1_2_3_0;road_1_2_3_0;road_1_2_3_1;road_1_2_3_1;road_1_2_3_1;road_1_2_3_2;road_1_2_3_2;road_1_2_3_2;road_2_1_2_0;road_2_1_2_0;road_2_1_2_0;road_2_1_2_1;road_2_1_2_1;road_2_1_2_1;road_2_1_2_2;road_2_1_2_2;road_2_1_2_2;road_1_0_1_0;road_1_0_1_0;road_1_0_1_0;road_1_0_1_1;road_1_0_1_1;road_1_0_1_1;road_1_0_1_2;road_1_0_1_2;road_1_0_1_2;road_0_1_0_0;road_0_1_0_0;road_0_1_0_0;road_0_1_0_1;road_0_1_0_1;road_0_1_0_1;road_0_1_0_2;road_0_1_0_2;road_0_1_0_2,GGGrrrrrrGGGrrrrrrGGGrrrrrrGGGGGGGGG
240,intersection_1_2,road_1_3_3_0;road_1_3_3_0;road_1_3_3_0;road_1_3_3_1;road_1_3_3_1;road_1_3_3_1;road_1_3_3_2;road_1_3_3_2;road_1_3_3_2;road_2_2_2_0;road_2_2_2_0;road_2_2_2_0;road_2_2_2_1;road_2_2_2_1;road_2_2_2_1;road_2_2_2_2;road_2_2_2_2;road_2_2_2_2;road_1_1_1_0;road_1_1_1_0;road_1_1_1_0;road_1_1_1_1;road_1_1_1_1;road_1_1_1_1;road_1_1_1_2;road_1_1_1_2;road_1_1_1_2;road_0_2_0_0;road_0_2_0_0;road_0_2_0_0;road_0_2_0_1;road_0_2_0_1;road_0_2_0_1;road_0_2_0_2;road_0_2_0_2;road_0_2_0_2,GGGrrrrrrGGGGGGrrrGGGrrrrrrGGGGGGrrr
240,intersection_1_3,road_1_4_3_0;road_1_4_3_0;road_1_4_3_0;road_1_4_3_1;road_1_4_3_1;road_1_4_3_1;road_1_4_3_2;road_1_4_3_2;road_1_4_3_2;road_2_3_2_0;road_2_3_2_0;road_2_3_2_0;road_2_3_2_1;road_2_3_2_1;road_2_3_2_1;road_2_3_2_2;road_2_3_2_2;road_2_3_2_2;road_1_2_1_0;road_1_2_1_0;road_1_2_1_0;road_1_2_1_1;road_1_2_1_1;road_1_2_1_1;road_1_2_1_2;road_1_2_1_2;road_1_2_1_2;road_0_3_0_0;road_0_3_0_0;road_0_3_0_0;road_0_3_0_1;road_0_3_0_1;road_0_3_0_1;road_0_3_0_2;road_0_3_0_2;road_0_3_0_2,GGGrrrrrrGGGGGGrrrGGGrrrrrrGGGGGGrrr
240,intersection_1_4,road_1_5_3_0;road_1_5_3_0;road_1_5_3_0;road_1_5_3_1;road_1_5_3_1;road_1_5_3_1;road_1_5_3_2;road_1_5_3_2;road_1_5_3_2;road_2_4_2_0;road_2_4_2_0;road_2_4_2_0;road_2_4_2_1;road_2_4_2_1;road_2_4_2_1;road_2_4_2_2;road_2_4_2_2;road_2_4_2_2;road_1_3_1_0;road_1_3_1_0;road_1_3_1_0;road_1_3_1_1;road_1_3_1_1;road_1_3_1_1;road_1_3_1_2;road_1_3_1_2;road_1_3_1_2;road_0_4_0_0;road_0_4_0_0;road_0_4_0_0;road_0_4_0_1;road_0_4_0_1;road_0_4_0_1;road_0_4_0_2;road_0_4_0_2;road_0_4_0_2,GGGGGGGGGGGGrrrrrrGGGrrrrrrGGGrrrrrr
240,intersection_2_1,road_2_2_3_0;road_2_2_3_0;road_2_2_3_0;road_2_2_3_1;road_2_2_3_1;road_2_2_3_1;road_2_2_3_2;road_2_2_3_2;road_2_2_3_2;road_3_1_2_0;road_3_1_2_0;road_3_1_2_0;road_3_1_2_1;road_3_1_2_1;road_3_1_2_1;road_3_1_2_2;road_3_1_2_2;road_3_1_2_2;road_2_0_1_0;road_2_0_1_0;road_2_0_1_0;road_2_0_1_1;road_2_0_1_1;road_2_0_1_1;road_2_0_1_2;road_2_0_1_2;road_2_0_1_2;road_1_1_0_0;road_1_1_0_0;road_1_1_0_0;road_1_1_0_1;road_1_1_0_1;road_1_1_0_1;road_1_1_0_2;road_1_1_0_2;road_1_1_0_2,GGGrrrrrrGGGrrrrrrGGGrrrrrrGGGGGGGGG
240,intersection_2_2,road_2_3_3_0;road_2_3_3_0;road_2_3_3_0;road_2_3_3_1;road_2_3_3_1;road_2_3_3_1;road_2_3_3_2;road_2_3_3_2;road_2_3_3_2;road_3_2_2_0;road_3_2_2_0;road_3_2_2_0;road_3_2_2_1;road_3_2_2_1;road_3_2_2_1;road_3_2_2_2;road_3_2_2_2;road_3_2_2_2;road_2_1_1_0;road_2_1_1_0;road_2_1_1_0;road_2_1_1_1;road_2_1_1_1;road_2_1_1_1;road_2_1_1_2;road_2_1_1_2;road_2_1_1_2;road_1_2_0_0;road_1_2_0_0;road_1_2_0_0;road_1_2_0_1;road_1_2_0_1;road_1_2_0_1;road_1_2_0_2;road_1_2_0_2;road_1_2_0_2,GGGrrrrrrGGGGGGrrrGGGrrrrrrGGGGGGrrr
240,intersection_2_3,road_2_4_3_0;road_2_4_3_0;road_2_4_3_0;road_2_4_3_1;road_2_4_3_1;road_2_4_3_1;road_2_4_3_2;road_2_4_3_2;road_2_4_3_2;road_3_3_2_0;road_3_3_2_0;road_3_3_2_0;road_3_3_2_1;road_3_3_2_1;road_3_3_2_1;road_3_3_2_2;road_3_3_2_2;road_3_3_2_2;road_2_2_1_0;road_2_2_1_0;road_2_2_1_0;road_2_2_1_1;road_2_2_1_1;road_2_2_1_1;road_2_2_1_2;road_2_2_1_2;road_2_2_1_2;road_1_3_0_0;road_1_3_0_0;road_1_3_0_0;road_1_3_0_1;road_1_3_0_1;road_1_3_0_1;road_1_3_0_2;road_1_3_0_2;road_1_3_0_2,GGGrrrrrrGGGGGGrrrGGGrrrrrrGGGGGGrrr
240,intersection_2_4,road_2_5_3_0;road_2_5_3_0;road_2_5_3_0;road_2_5_3_1;road_2_5_3_1;road_2_5_3_1;road_2_5_3_2;road_2_5_3_2;road_2_5_3_2;road_3_4_2_0;road_3_4_2_0;road_3_4_2_0;road_3_4_2_1;road_3_4_2_1;road_3_4_2_1;road_3_4_2_2;road_3_4_2_2;road_3_4_2_2;road_2_3_1_0;road_2_3_1_0;road_2_3_1_0;road_2_3_1_1;road_2_3_1_1;road_2_3_1_1;road_2_3_1_2;road_2_3_1_2;road_2_3_1_2;road_1_4_0_0;road_1_4_0_0;road_1_4_0_0;road_1_4_0_1;road_1_4_0_1;road_1_4_0_1;road_1_4_0_2;road_1_4_0_2;road_1_4_0_2,GGGrrrrrrGGGrrrrrrGGGrrrrrrGGGGGGGGG
240,intersection_3_1,road_3_2_3_0;road_3_2_3_0;road_3_2_3_0;road_3_2_3_1;road_3_2_3_1;road_3_2_3_1;road_3_2_3_2;road_3_2_3_2;road_3_2_3_2;road_4_1_2_0;road_4_1_2_0;road_4_1_2_0;road_4_1_2_1;road_4_1_2_1;road_4_1_2_1;road_4_1_2_2;road_4_1_2_2;road_4_1_2_2;road_3_0_1_0;road_3_0_1_0;road_3_0_1_0;road_3_0_1_1;road_3_0_1_1;road_3_0_1_1;road_3_0_1_2;road_3_0_1_2;road_3_0_1_2;road_2_1_0_0;road_2_1_0_0;road_2_1_0_0;road_2_1_0_1;road_2_1_0_1;road_2_1_0_1;road_2_1_0_2;road_2_1_0_2;road_2_1_0_2,GGGrrrrrrGGGGGGrrrGGGrrrrrrGGGGGGrrr
240,intersection_3_2,road_3_3_3_0;road_3_3_3_0;road_3_3_3_0;road_3_3_3_1;road_3_3_3_1;road_3_3_3_1;road_3_3_3_2;road_3_3_3_2;road_3_3_3_2;road_4_2_2_0;road_4_2_2_0;road_4_2_2_0;road_4_2_2_1;road_4_2_2_1;road_4_2_2_1;road_4_2_2_2;road_4_2_2_2;road_4_2_2_2;road_3_1_1_0;road_3_1_1_0;road_3_1_1_0;road_3_1_1_1;road_3_1_1_1;road_3_1_1_1;road_3_1_1_2;road_3_1_1_2;road_3_1_1_2;road_2_2_0_0;road_2_2_0_0;road_2_2_0_0;road_2_2_0_1;road_2_2_0_1;road_2_2_0_1;road_2_2_0_2;road_2_2_0_2;road_2_2_0_2,GGGrrrrrrGGGGGGrrrGGGrrrrrrGGGGGGrrr
240,intersection_3_3,road_3_4_3_0;road_3_4_3_0;road_3_4_3_0;road_3_4_3_1;road_3_4_3_1;road_3_4_3_1;road_3_4_3_2;road_3_4_3_2;road_3_4_3_2;road_4_3_2_0;road_4_3_2_0;road_4_3_2_0;road_4_3_2_1;road_4_3_2_1;road_4_3_2_1;road_4_3_2_2;road_4_3_2_2;road_4_3_2_2;road_3_2_1_0;road_3_2_1_0;road_3_2_1_0;road_3_2_1_1;road_3_2_1_1;road_3_2_1_1;road_3_2_1_2;road_3_2_1_2;road_3_2_1_2;road_2_3_0_0;road_2_3_0_0;road_2_3_0_0;road_2_3_0_1;road_2_3_0_1;road_2_3_0_1;road_2_3_0_2;road_2_3_0_2;road_2_3_0_2,GGGrrrrrrGGGGGGrrrGGGrrrrrrGGGGGGrrr
240,intersection_3_4,road_3_5_3_0;road_3_5_3_0;road_3_5_3_0;road_3_5_3_1;road_3_5_3_1;road_3_5_3_1;road_3_5_3_2;road_3_5_3_2;road_3_5_3_2;road_4_4_2_0;road_4_4_2_0;road_4_4_2_0;road_4_4_2_1;road_4_4_2_1;road_4_4_2_1;road_4_4_2_2;road_4_4_2_2;road_4_4_2_2;road_3_3_1_0;road_3_3_1_0;road_3_3_1_0;road_3_3_1_1;road_3_3_1_1;road_3_3_1_1;road_3_3_1_2;road_3_3_1_2;road_3_3_1_2;road_2_4_0_0;road_2_4_0_0;road_2_4_0_0;road_2_4_0_1;road_2_4_0_1;road_2_4_0_1;road_2_4_0_2;road_2_4_0_2;road_2_4_0_2,GGGrrrrrrGGGGGGrrrGGGrrrrrrGGGGGGrrr
240,intersection_4_1,road_4_2_3_0;road_4_2_3_0;road_4_2_3_0;road_4_2_3_1;road_4_2_3_1;road_4_2_3_1;road_4_2_3_2;road_4_2_3_2;road_4_2_3_2;road_5_1_2_0;road_5_1_2_0;road_5_1_2_0;road_5_1_2_1;road_5_1_2_1;road_5_1_2_1;road_5_1_2_2;road_5_1_2_2;road_5_1_2_2;road_4_0_1_0;road_4_0_1_0;road_4_0_1_0;road_4_0_1_1;road_4_0_1_1;road_4_0_1_1;road_4_0_1_2;road_4_0_1_2;road_4_0_1_2;road_3_1_0_0;road_3_1_0_0;road_3_1_0_0;road_3_1_0_1;road_3_1_0_1;road_3_1_0_1;road_3_1_0_2;road_3_1_0_2;road_3_1_0_2,GGGrrrrrrGGGGGGrrrGGGrrrrrrGGGGGGrrr
240,intersection_4_2,road_4_3_3_0;road_4_3_3_0;road_4_3_3_0;road_4_3_3_1;road_4_3_3_1;road_4_3_3_1;road_4_3_3_2;road_4_3_3_2;road_4_3_3_2;road_5_2_2_0;road_5_2_2_0;road_5_2_2_0;road_5_2_2_1;road_5_2_2_1;road_5_2_2_1;road_5_2_2_2;road_5_2_2_2;road_5_2_2_2;road_4_1_1_0;road_4_1_1_0;road_4_1_1_0;road_4_1_1_1;road_4_1_1_1;road_4_1_1_1;road_4_1_1_2;road_4_1_1_2;road_4_1_1_2;road_3_2_0_0;road_3_2_0_0;road_3_2_0_0;road_3_2_0_1;road_3_2_0_1;road_3_2_0_1;road_3_2_0_2;road_3_2_0_2;road_3_2_0_2,GGGrrrrrrGGGGGGrrrGGGrrrrrrGGGGGGrrr
240,intersection_4_3,road_4_4_3_0;road_4_4_3_0;road_4_4_3_0;road_4_4_3_1;road_4_4_3_1;road_4_4_3_1;road_4_4_3_2;road_4_4_3_2;road_4_4_3_2;road_5_3_2_0;road_5_3_2_0;road_5_3_2_0;road_5_3_2_1;road_5_3_2_1;road_5_3_2_1;road_5_3_2_2;road_5_3_2_2;road_5_3_2_2;road_4_2_1_0;road_4_2_1_0;road_4_2_1_0;road_4_2_1_1;road_4_2_1_1;road_4_2_1_1;road_4_2_1_2;road_4_2_1_2;road_4_2_1_2;road_3_3_0_0;road_3_3_0_0;road_3_3_0_0;road_3_3_0_1;road_3_3_0_1;road_3_3_0_1;road_3_3_0_2;road_3_3_0_2;road_3_3_0_2,GGGrrrrrrGGGrrrGGGGGGrrrrrrGGGrrrGGG
240,intersection_4_4,road_4_5_3_0;road_4_5_3_0;road_4_5_3_0;road_4_5_3_1;road_4_5_3_1;road_4_5_3_1;road_4_5_3_2;road_4_5_3_2;road_4_5_3_2;road_5_4_2_0;road_5_4_2_0;road_5_4_2_0;road_5_4_2_1;road_5_4_2_1;road_5_4_2_1;road_5_4_2_2;road_5_4_2_2;road_5_4_2_2;road_4_3_1_0;road_4_3_1_0;road_4_3_1_0;road_4_3_1_1;road_4_3_1_1;road_4_3_1_1;road_4_3_1_2;road_4_3_1_2;road_4_3_1_2;road_3_4_0_0;road_3_4_0_0;road_3_4_0_0;road_3_4_0_1;road_3_4_0_1;road_3_4_0_1;road_3_4_0_2;road_3_4_0_2;road_3_4_0_2,GGGrrrrrrGGGGGGrrrGGGrrrrrrGGGGGGrrr
250,intersection_1_1,road_1_2_3_0;road_1_2_3_0;road_1_2_3_0;road_1_2_3_1;road_1_2_3_1;road_1_2_3_1;road_1_2_3_2;road_1_2_3_2;road_1_2_3_2;road_2_1_2_0;road_2_1_2_0;road_2_1_2_0;road_2_1_2_1;road_2_1_2_1;road_2_1_2_1;road_2_1_2_2;road_2_1_2_2;road_2_1_2_2;road_1_0_1_0;road_1_0_1_0;road_1_0_1_0;road_1_0_1_1;road_1_0_1_1;road_1_0_1_1;road_1_0_1_2;road_1_0_1_2;road_1_0_1_2;road_0_1_0_0;road_0_1_0_0;road_0_1_0_0;road_0_1_0_1;road_0_1_0_1;road_0_1_0_1;road_0_1_0_2;road_0_1_0_2;road_0_1_0_2,GGGrrrrrrGGGrrrrrrGGGrrrrrrGGGGGGGGG
250,intersection_1_2,road_1_3_3_0;road_1_3_3_0;road_1_3_3_0;road_1_3_3_1;road_1_3_3_1;road_1_3_3_1;road_1_3_3_2;road_1_3_3_2;road_1_3_3_2;road_2_2_2_0;road_2_2_2_0;road_2_2_2_0;road_2_2_2_1;road_2_2_2_1;road_2_2_2_1;road_2_2_2_2;road_2_2_2_2;road_2_2_2_2;road_1_1_1_0;road_1_1_1_0;road_1_1_1_0;road_1_1_1_1;road_1_1_1_1;road_1_1_1_1;road_1_1_1_2;road_1_1_1_2;road_1_1_1_2;road_0_2_0_0;road_0_2_0_0;road_0_2_0_0;road_0_2_0_1;road_0_2_0_1;road_0_2_0_1;road_0_2_0_2;road_0_2_0_2;road_0_2_0_2,GGGrrrrrrGGGGGGrrrGGGrrrrrrGGGGGGrrr
250,intersection_1_3,road_1_4_3_0;road_1_4_3_0;road_1_4_3_0;road_1_4_3_1;road_1_4_3_1;road_1_4_3_1;road_1_4_3_2;road_1_4_3_2;road_1_4_3_2;road_2_3_2_0;road_2_3_2_0;road_2_3_2_0;road_2_3_2_1;road_2_3_2_1;road_2_3_2_1;road_2_3_2_2;road_2_3_2_2;road_2_3_2_2;road_1_2_1_0;road_1_2_1_0;road_1_2_1_0;road_1_2_1_1;road_1_2_1_1;road_1_2_1_1;road_1_2_1_2;road_1_2_1_2;road_1_2_1_2;road_0_3_0_0;road_0_3_0_0;road_0_3_0_0;road_0_3_0_1;road_0_3_0_1;road_0_3_0_1;road_0_3_0_2;road_0_3_0_2;road_0_3_0_2,GGGrrrrrrGGGGGGrrrGGGrrrrrrGGGGGGrrr
250,intersection_1_4,road_1_5_3_0;road_1_5_3_0;road_1_5_3_0;road_1_5_3_1;road_1_5_3_1;road_1_5_3_1;road_1_5_3_2;road_1_5_3_2;road_1_5_3_2;road_2_4_2_0;road_2_4_2_0;road_2_4_2_0;road_2_4_2_1;road_2_4_2_1;road_2_4_2_1;road_2_4_2_2;road_2_4_2_2;road_2_4_2_2;road_1_3_1_0;road_1_3_1_0;road_1_3_1_0;road_1_3_1_1;road_1_3_1_1;road_1_3_1_1;road_1_3_1_2;road_1_3_1_2;road_1_3_1_2;road_0_4_0_0;road_0_4_0_0;road_0_4_0_0;road_0_4_0_1;road_0_4_0_1;road_0_4_0_1;road_0_4_0_2;road_0_4_0_2;road_0_4_0_2,GGGGGGGGGGGGrrrrrrGGGrrrrrrGGGrrrrrr
250,intersection_2_1,road_2_2_3_0;road_2_2_3_0;road_2_2_3_0;road_2_2_3_1;road_2_2_3_1;road_2_2_3_1;road_2_2_3_2;road_2_2_3_2;road_2_2_3_2;road_3_1_2_0;road_3_1_2_0;road_3_1_2_0;road_3_1_2_1;road_3_1_2_1;road_3_1_2_1;road_3_1_2_2;road_3_1_2_2;road_3_1_2_2;road_2_0_1_0;road_2_0_1_0;road_2_0_1_0;road_2_0_1_1;road_2_0_1_1;road_2_0_1_1;road_2_0_1_2;road_2_0_1_2;road_2_0_1_2;road_1_1_0_0;road_1_1_0_0;road_1_1_0_0;road_1_1_0_1;road_1_1_0_1;road_1_1_0_1;road_1_1_0_2;road_1_1_0_2;road_1_1_0_2,GGGrrrrrrGGGrrrrrrGGGrrrrrrGGGGGGGGG
250,intersection_2_2,road_2_3_3_0;road_2_3_3_0;road_2_3_3_0;road_2_3_3_1;road_2_3_3_1;road_2_3_3_1;road_2_3_3_2;road_2_3_3_2;road_2_3_3_2;road_3_2_2_0;road_3_2_2_0;road_3_2_2_0;road_3_2_2_1;road_3_2_2_1;road_3_2_2_1;road_3_2_2_2;road_3_2_2_2;road_3_2_2_2;road_2_1_1_0;road_2_1_1_0;road_2_1_1_0;road_2_1_1_1;road_2_1_1_1;road_2_1_1_1;road_2_1_1_2;road_2_1_1_2;road_2_1_1_2;road_1_2_0_0;road_1_2_0_0;road_1_2_0_0;road_1_2_0_1;road_1_2_0_1;road_1_2_0_1;road_1_2_0_2;road_1_2_0_2;road_1_2_0_2,GGGrrrrrrGGGGGGrrrGGGrrrrrrGGGGGGrrr
250,intersection_2_3,road_2_4_3_0;road_2_4_3_0;road_2_4_3_0;road_2_4_3_1;road_2_4_3_1;road_2_4_3_1;road_2_4_3_2;road_2_4_3_2;road_2_4_3_2;road_3_3_2_0;road_3_3_2_0;road_3_3_2_0;road_3_3_2_1;road_3_3_2_1;road_3_3_2_1;road_3_3_2_2;road_3_3_2_2;road_3_3_2_2;road_2_2_1_0;road_2_2_1_0;road_2_2_1_0;road_2_2_1_1;road_2_2_1_1;road_2_2_1_1;road_2_2_1_2;road_2_2_1_2;road_2_2_1_2;road_1_3_0_0;road_1_3_0_0;road_1_3_0_0;road_1_3_0_1;road_1_3_0_1;road_1_3_0_1;road_1_3_0_2;road_1_3_0_2;road_1_3_0_2,GGGrrrrrrGGGGGGrrrGGGrrrrrrGGGGGGrrr
250,intersection_2_4,road_2_5_3_0;road_2_5_3_0;road_2_5_3_0;road_2_5_3_1;road_2_5_3_1;road_2_5_3_1;road_2_5_3_2;road_2_5_3_2;road_2_5_3_2;road_3_4_2_0;road_3_4_2_0;road_3_4_2_0;road_3_4_2_1;road_3_4_2_1;road_3_4_2_1;road_3_4_2_2;road_3_4_2_2;road_3_4_2_2;road_2_3_1_0;road_2_3_1_0;road_2_3_1_0;road_2_3_1_1;road_2_3_1_1;road_2_3_1_1;road_2_3_1_2;road_2_3_1_2;road_2_3_1_2;road_1_4_0_0;road_1_4_0_0;road_1_4_0_0;road_1_4_0_1;road_1_4_0_1;road_1_4_0_1;road_1_4_0_2;road_1_4_0_2;road_1_4_0_2,GGGrrrrrrGGGrrrrrrGGGrrrrrrGGGGGGGGG
250,intersection_3_1,road_3_2_3_0;road_3_2_3_0;road_3_2_3_0;road_3_2_3_1;road_3_2_3_1;road_3_2_3_1;road_3_2_3_2;road_3_2_3_2;road_3_2_3_2;road_4_1_2_0;road_4_1_2_0;road_4_1_2_0;road_4_1_2_1;road_4_1_2_1;road_4_1_2_1;road_4_1_2_2;road_4_1_2_2;road_4_1_2_2;road_3_0_1_0;road_3_0_1_0;road_3_0_1_0;road_3_0_1_1;road_3_0_1_1;road_3_0_1_1;road_3_0_1_2;road_3_0_1_2;road_3_0_1_2;road_2_1_0_0;road_2_1_0_0;road_2_1_0_0;road_2_1_0_1;road_2_1_0_1;road_2_1_0_1;road_2_1_0_2;road_2_1_0_2;road_2_1_0_2,GGGrrrrrrGGGGGGrrrGGGrrrrrrGGGGGGrrr
250,intersection_3_2,road_3_3_3_0;road_3_3_3_0;road_3_3_3_0;road_3_3_3_1;road_3_3_3_1;road_3_3_3_1;road_3_3_3_2;road_3_3_3_2;road_3_3_3_2;road_4_2_2_0;road_4_2_2_0;road_4_2_2_0;road_4_2_2_1;road_4_2_2_1;road_4_2_2_1;road_4_2_2_2;road_4_2_2_2;road_4_2_2_2;road_3_1_1_0;road_3_1_1_0;road_3_1_1_0;road_3_1_1_1;road_3_1_1_1;road_3_1_1_1;road_3_1_1_2;road_3_1_1_2;road_3_1_1_2;road_2_2_0_0;road_2_2_0_0;road_2_2_0_0;road_2_2_0_1;road_2_2_0_1;road_2_2_0_1;road_2_2_0_2;road_2_2_0_2;road_2_2_0_2,GGGrrrrrrGGGGGGrrrGGGrrrrrrGGGGGGrrr
250,intersection_3_3,road_3_4_3_0;road_3_4_3_0;road_3_4_3_0;road_3_4_3_1;road_3_4_3_1;road_3_4_3_1;road_3_4_3_2;road_3_4_3_2;road_3_4_3_2;road_4_3_2_0;road_4_3_2_0;road_4_3_2_0;road_4_3_2_1;road_4_3_2_1;road_4_3_2_1;road_4_3_2_2;road_4_3_2_2;road_4_3_2_2;road_3_2_1_0;road_3_2_1_0;road_3_2_1_0;road_3_2_1_1;road_3_2_1_1;road_3_2_1_1;road_3_2_1_2;road_3_2_1_2;road_3_2_1_2;road_2_3_0_0;road_2_3_0_0;road_2_3_0_0;road_2_3_0_1;road_2_3_0_1;road_2_3_0_1;road_2_3_0_2;road_2_3_0_2;road_2_3_0_2,GGGrrrrrrGGGGGGGGGGGGrrrrrrGGGrrrrrr
250,intersection_3_4,road_3_5_3_0;road_3_5_3_0;road_3_5_3_0;road_3_5_3_1;road_3_5_3_1;road_3_5_3_1;road_3_5_3_2;road_3_5_3_2;road_3_5_3_2;road_4_4_2_0;road_4_4_2_0;road_4_4_2_0;road_4_4_2_1;road_4_4_2_1;road_4_4_2_1;road_4_4_2_2;road_4_4_2_2;road_4_4_2_2;road_3_3_1_0;road_3_3_1_0;road_3_3_1_0;road_3_3_1_1;road_3_3_1_1;road_3_3_1_1;road_3_3_1_2;road_3_3_1_2;road_3_3_1_2;road_2_4_0_0;road_2_4_0_0;road_2_4_0_0;road_2_4_0_1;road_2_4_0_1;road_2_4_0_1;road_2_4_0_2;road_2_4_0_2;road_2_4_0_2,GGGrrrrrrGGGGGGrrrGGGrrrrrrGGGGGGrrr
250,intersection_4_1,road_4_2_3_0;road_4_2_3_0;road_4_2_3_0;road_4_2_3_1;road_4_2_3_1;road_4_2_3_1;road_4_2_3_2;road_4_2_3_2;road_4_2_3_2;road_5_1_2_0;road_5_1_2_0;road_5_1_2_0;road_5_1_2_1;road_5_1_2_1;road_5_1_2_1;road_5_1_2_2;road_5_1_2_2;road_5_1_2_2;road_4_0_1_0;road_4_0_1_0;road_4_0_1_0;road_4_0_1_1;road_4_0_1_1;road_4_0_1_1;road_4_0_1_2;road_4_0_1_2;road_4_0_1_2;road_3_1_0_0;road_3_1_0_0;road_3_1_0_0;road_3_1_0_1;road_3_1_0_1;road_3_1_0_1;road_3_1_0_2;road_3_1_0_2;road_3_1_0_2,GGGrrrrrrGGGGGGrrrGGGrrrrrrGGGGGGrrr
250,intersection_4_2,road_4_3_3_0;road_4_3_3_0;road_4_3_3_0;road_4_3_3_1;road_4_3_3_1;road_4_3_3_1;road_4_3_3_2;road_4_3_3_2;road_4_3_3_2;road_5_2_2_0;road_5_2_2_0;road_5_2_2_0;road_5_2_2_1;road_5_2_2_1;road_5_2_2_1;road_5_2_2_2;road_5_2_2_2;road_5_2_2_2;road_4_1_1_0;road_4_1_1_0;road_4_1_1_0;road_4_1_1_1;road_4_1_1_1;road_4_1_1_1;road_4_1_1_2;road_4_1_1_2;road_4_1_1_2;road_3_2_0_0;road_3_2_0_0;road_3_2_0_0;road_3_2_0_1;road_3_2_0_1;road_3_2_0_1;road_3_2_0_2;road_3_2_0_2;road_3_2_0_2,GGGrrrrrrGGGGGGrrrGGGrrrrrrGGGGGGrrr
250,intersection_4_3,road_4_4_3_0;road_4_4_3_0;road_4_4_3_0;road_4_4_3_1;road_4_4_3_1;road_4_4_3_1;road_4_4_3_2;road_4_4_3_2;road_4_4_3_2;road_5_3_2_0;road_5_3_2_0;road_5_3_2_0;road_5_3_2_1;road_5_3_2_1;road_5_3_2_1;road_5_3_2_2;road_5_3_2_2;road_5_3_2_2;road_4_2_1_0;road_4_2_1_0;road_4_2_1_0;road_4_2_1_1;road_4_2_1_1;road_4_2_1_1;road_4_2_1_2;road_4_2_1_2;road_4_2_1_2;road_3_3_0_0;road_3_3_0_0;road_3_3_0_0;road_3_3_0_1;road_3_3_0_1;road_3_3_0_1;road_3_3_0_2;road_3_3_0_2;road_3_3_0_2,GGGrrrrrrGGGrrrGGGGGGrrrrrrGGGrrrGGG
250,intersection_4_4,road_4_5_3_0;road_4_5_3_0;road_4_5_3_0;road_4_5_3_1;road_4_5_3_1;road_4_5_3_1;road_4_5_3_2;road_4_5_3_2;road_4_5_3_2;road_5_4_2_0;road_5_4_2_0;road_5_4_2_0;road_5_4_2_1;road_5_4_2_1;road_5_4_2_1;road_5_4_2_2;road_5_4_2_2;road_5_4_2_2;road_4_3_1_0;road_4_3_1_0;road_4_3_1_0;road_4_3_1_1;road_4_3_1_1;road_4_3_1_1;road_4_3_1_2;road_4_3_1_2;road_4_3_1_2;road_3_4_0_0;road_3_4_0_0;road_3_4_0_0;road_3_4_0_1;road_3_4_0_1;road_3_4_0_1;road_3_4_0_2;road_3_4_0_2;road_3_4_0_2,GGGrrrrrrGGGGGGrrrGGGrrrrrrGGGGGGrrr
260,intersection_1_1,road_1_2_3_0;road_1_2_3_0;road_1_2_3_0;road_1_2_3_1;road_1_2_3_1;road_1_2_3_1;road_1_2_3_2;road_1_2_3_2;road_1_2_3_2;road_2_1_2_0;road_2_1_2_0;road_2_1_2_0;road_2_1_2_1;road_2_1_2_1;road_2_1_2_1;road_2_1_2_2;road_2_1_2_2;road_2_1_2_2;road_1_0_1_0;road_1_0_1_0;road_1_0_1_0;road_1_0_1_1;road_1_0_1_1;road_1_0_1_1;road_1_0_1_2;road_1_0_1_2;road_1_0_1_2;road_0_1_0_0;road_0_1_0_0;road_0_1_0_0;road_0_1_0_1;road_0_1_0_1;road_0_1_0_1;road_0_1_0_2;road_0_1_0_2;road_0_1_0_2,GGGrrrrrrGGGrrrrrrGGGrrrrrrGGGGGGGGG
260,intersection_1_2,road_1_3_3_0;road_1_3_3_0;road_1_3_3_0;road_1_3_3_1;road_1_3_3_1;road_1_3_3_1;road_1_3_3_2;road_1_3_3_2;road_1_3_3_2;road_2_2_2_0;road_2_2_2_0;road_2_2_2_0;road_2_2_2_1;road_2_2_2_1;road_2_2_2_1;road_2_2_2_2;road_2_2_2_2;road_2_2_2_2;road_1_1_1_0;road_1_1_1_0;road_1_1_1_0;road_1_1_1_1;road_1_1_1_1;road_1_1_1_1;road_1_1_1_2;road_1_1_1_2;road_1_1_1_2;road_0_2_0_0;road_0_2_0_0;road_0_2_0_0;road_0_2_0_1;road_0_2_0_1;road_0_2_0_1;road_0_2_0_2;road_0_2_0_2;road_0_2_0_2,GGGrrrrrrGGGGGGrrrGGGrrrrrrGGGGGGrrr
260,intersection_1_3,road_1_4_3_0;road_1_4_3_0;road_1_4_3_0;road_1_4_3_1;road_1_4_3_1;road_1_4_3_1;road_1_4_3_2;road_1_4_3_2;road_1_4_3_2;road_2_3_2_0;road_2_3_2_0;road_2_3_2_0;road_2_3_2_1;road_2_3_2_1;road_2_3_2_1;road_2_3_2_2;road_2_3_2_2;road_2_3_2_2;road_1_2_1_0;road_1_2_1_0;road_1_2_1_0;road_1_2_1_1;road_1_2_1_1;road_1_2_1_1;road_1_2_1_2;road_1_2_1_2;road_1_2_1_2;road_0_3_0_0;road_0_3_0_0;road_0_3_0_0;road_0_3_0_1;road_0_3_0_1;road_0_3_0_1;road_0_3_0_2;road_0_3_0_2;road_0_3_0_2,GGGrrrrrrGGGGGGrrrGGGrrrrrrGGGGGGrrr
260,intersection_1_4,road_1_5_3_0;road_1_5_3_0;road_1_5_3_0;road_1_5_3_1;road_1_5_3_1;road_1_5_3_1;road_1_5_3_2;road_1_5_3_2;road_1_5_3_2;road_2_4_2_0;road_2_4_2_0;road_2_4_2_0;road_2_4_2_1;road_2_4_2_1;road_2_4_2_1;road_2_4_2_2;road_2_4_2_2;road_2_4_2_2;road_1_3_1_0;road_1_3_1_0;road_1_3_1_0;road_1_3_1_1;road_1_3_1_1;road_1_3_1_1;road_1_3_1_2;road_1_3_1_2;road_1_3_1_2;road_0_4_0_0;road_0_4_0_0;road_0_4_0_0;road_0_4_0_1;road_0_4_0_1;road_0_4_0_1;road_0_4_0_2;road_0_4_0_2;road_0_4_0_2,GGGGGGGGGGGGrrrrrrGGGrrrrrrGGGrrrrrr
260,intersection_2_1,road_2_2_3_0;road_2_2_3_0;road_2_2_3_0;road_2_2_3_1;road_2_2_3_1;road_2_2_3_1;road_2_2_3_2;road_2_2_3_2;road_2_2_3_2;road_3_1_2_0;road_3_1_2_0;road_3_1_2_0;road_3_1_2_1;road_3_1_2_1;road_3_1_2_1;road_3_1_2_2;road_3_1_2_2;road_3_1_2_2;road_2_0_1_0;road_2_0_1_0;road_2_0_1_0;road_2_0_1_1;road_2_0_1_1;road_2_0_1_1;road_2_0_1_2;road_2_0_1_2;road_2_0_1_2;road_1_1_0_0;road_1_1_0_0;road_1_1_0_0;road_1_1_0_1;road_1_1_0_1;road_1_1_0_1;road_1_1_0_2;road_1_1_0_2;road_1_1_0_2,GGGrrrrrrGGGrrrrrrGGGrrrrrrGGGGGGGGG
260,intersection_2_2,road_2_3_3_0;road_2_3_3_0;road_2_3_3_0;road_2_3_3_1;road_2_3_3_1;road_2_3_3_1;road_2_3_3_2;road_2_3_3_2;road_2_3_3_2;road_3_2_2_0;road_3_2_2_0;road_3_2_2_0;road_3_2_2_1;road_3_2_2_1;road_3_2_2_1;road_3_2_2_2;road_3_2_2_2;road_3_2_2_2;road_2_1_1_0;road_2_1_1_0;road_2_1_1_0;road_2_1_1_1;road_2_1_1_1;road_2_1_1_1;road_2_1_1_2;road_2_1_1_2;road_2_1_1_2;road_1_2_0_0;road_1_2_0_0;road_1_2_0_0;road_1_2_0_1;road_1_2_0_1;road_1_2_0_1;road_1_2_0_2;road_1_2_0_2;road_1_2_0_2,GGGrrrrrrGGGGGGrrrGGGrrrrrrGGGGGGrrr
260,intersection_2_3,road_2_4_3_0;road_2_4_3_0;road_2_4_3_0;road_2_4_3_1;road_2_4_3_1;road_2_4_3_1;road_2_4_3_2;road_2_4_3_2;road_2_4_3_2;road_3_3_2_0;road_3_3_2_0;road_3_3_2_0;road_3_3_2_1;road_3_3_2_1;road_3_3_2_1;road_3_3_2_2;road_3_3_2_2;road_3_3_2_2;road_2_2_1_0;road_2_2_1_0;road_2_2_1_0;road_2_2_1_1;road_2_2_1_1;road_2_2_1_1;road_2_2_1_2;road_2_2_1_2;road_2_2_1_2;road_1_3_0_0;road_1_3_0_0;road_1_3_0_0;road_1_3_0_1;road_1_3_0_1;road_1_3_0_1;road_1_3_0_2;road_1_3_0_2;road_1_3_0_2,GGGrrrrrrGGGGGGrrrGGGrrrrrrGGGGGGrrr
260,intersection_2_4,road_2_5_3_0;road_2_5_3_0;road_2_5_3_0;road_2_5_3_1;road_2_5_3_1;road_2_5_3_1;road_2_5_3_2;road_2_5_3_2;road_2_5_3_2;road_3_4_2_0;road_3_4_2_0;road_3_4_2_0;road_3_4_2_1;road_3_4_2_1;road_3_4_2_1;road_3_4_2_2;road_3_4_2_2;road_3_4_2_2;road_2_3_1_0;road_2_3_1_0;road_2_3_1_0;road_2_3_1_1;road_2_3_1_1;road_2_3_1_1;road_2_3_1_2;road_2_3_1_2;road_2_3_1_2;road_1_4_0_0;road_1_4_0_0;road_1_4_0_0;road_1_4_0_1;road_1_4_0_1;road_1_4_0_1;road_1_4_0_2;road_1_4_0_2;road_1_4_0_2,GGGrrrrrrGGGrrrrrrGGGrrrrrrGGGGGGGGG
260,intersection_3_1,road_3_2_3_0;road_3_2_3_0;road_3_2_3_0;road_3_2_3_1;road_3_2_3_1;road_3_2_3_1;road_3_2_3_2;road_3_2_3_2;road_3_2_3_2;road_4_1_2_0;road_4_1_2_0;road_4_1_2_0;road_4_1_2_1;road_4_1_2_1;road_4_1_2_1;road_4_1_2_2;road_4_1_2_2;road_4_1_2_2;road_3_0_1_0;road_3_0_1_0;road_3_0_1_0;road_3_0_1_1;road_3_0_1_1;road_3_0_1_1;road_3_0_1_2;road_3_0_1_2;road_3_0_1_2;road_2_1_0_0;road_2_1_0_0;road_2_1_0_0;road_2_1_0_1;road_2_1_0_1;road_2_1_0_1;road_2_1_0_2;road_2_1_0_2;road_2_1_0_2,GGGrrrrrrGGGrrrrrrGGGrrrrrrGGGGGGGGG
260,intersection_3_2,road_3_3_3_0;road_3_3_3_0;road_3_3_3_0;road_3_3_3_1;road_3_3_3_1;road_3_3_3_1;road_3_3_3_2;road_3_3_3_2;road_3_3_3_2;road_4_2_2_0;road_4_2_2_0;road_4_2_2_0;road_4_2_2_1;road_4_2_2_1;road_4_2_2_1;road_4_2_2_2;road_4_2_2_2;road_4_2_2_2;road_3_1_1_0;road_3_1_1_0;road_3_1_1_0;road_3_1_1_1;road_3_1_1_1;road_3_1_1_1;road_3_1_1_2;road_3_1_1_2;road_3_1_1_2;road_2_2_0_0;road_2_2_0_0;road_2_2_0_0;road_2_2_0_1;road_2_2_0_1;road_2_2_0_1;road_2_2_0_2;road_2_2_0_2;road_2_2_0_2,GGGrrrrrrGGGGGGrrrGGGrrrrrrGGGGGGrrr
260,intersection_3_3,road_3_4_3_0;road_3_4_3_0;road_3_4_3_0;road_3_4_3_1;road_3_4_3_1;road_3_4_3_1;road_3_4_3_2;road_3_4_3_2;road_3_4_3_2;road_4_3_2_0;road_4_3_2_0;road_4_3_2_0;road_4_3_2_1;road_4_3_2_1;road_4_3_2_1;road_4_3_2_2;road_4_3_2_2;road_4_3_2_2;road_3_2_1_0;road_3_2_1_0;road_3_2_1_0;road_3_2_1_1;road_3_2_1_1;road_3_2_1_1;road_3_2_1_2;road_3_2_1_2;road_3_2_1_2;road_2_3_0_0;road_2_3_0_0;road_2_3_0_0;road_2_3_0_1;road_2_3_0_1;road_2_3_0_1;road_2_3_0_2;road_2_3_0_2;road_2_3_0_2,GGGrrrrrrGGGGGGGGGGGGrrrrrrGGGrrrrrr
260,intersection_3_4,road_3_5_3_0;road_3_5_3_0;road_3_5_3_0;road_3_5_3_1;road_3_5_3_1;road_3_5_3_1;road_3_5_3_2;road_3_5_3_2;road_3_5_3_2;road_4_4_2_0;road_4_4_2_0;road_4_4_2_0;road_4_4_2_1;road_4_4_2_1;road_4_4_2_1;road_4_4_2_2;road_4_4_2_2;road_4_4_2_2;road_3_3_1_0;road_3_3_1_0;road_3_3_1_0;road_3_3_1_1;road_3_3_1_1;road_3_3_1_1;road_3_3_1_2;road_3_3_1_2;road_3_3_1_2;road_2_4_0_0;road_2_4_0_0;road_2_4_0_0;road_2_4_0_1;road_2_4_0_1;road_2_4_0_1;road_2_4_0_2;road_2_4_0_2;road_2_4_0_2,GGGrrrrrrGGGGGGrrrGGGrrrrrrGGGGGGrrr
260,intersection_4_1,road_4_2_3_0;road_4_2_3_0;road_4_2_3_0;road_4_2_3_1;road_4_2_3_1;road_4_2_3_1;road_4_2_3_2;road_4_2_3_2;road_4_2_3_2;road_5_1_2_0;road_5_1_2_0;road_5_1_2_0;road_5_1_2_1;road_5_1_2_1;road_5_1_2_1;road_5_1_2_2;road_5_1_2_2;road_5_1_2_2;road_4_0_1_0;road_4_0_1_0;road_4_0_1_0;road_4_0_1_1;road_4_0_1_1;road_4_0_1_1;road_4_0_1_2;road_4_0_1_2;road_4_0_1_2;road_3_1_0_0;road_3_1_0_0;road_3_1_0_0;road_3_1_0_1;road_3_1_0_1;road_3_1_0_1;road_3_1_0_2;road_3_1_0_2;road_3_1_0_2,GGGrrrrrrGGGGGGrrrGGGrrrrrrGGGGGGrrr
260,intersection_4_2,road_4_3_3_0;road_4_3_3_0;road_4_3_3_0;road_4_3_3_1;road_4_3_3_1;road_4_3_3_1;road_4_3_3_2;road_4_3_3_2;road_4_3_3_2;road_5_2_2_0;road_5_2_2_0;road_5_2_2_0;road_5_2_2_1;road_5_2_2_1;road_5_2_2_1;road_5_2_2_2;road_5_2_2_2;road_5_2_2_2;road_4_1_1_0;road_4_1_1_0;road_4_1_1_0;road_4_1_1_1;road_4_1_1_1;road_4_1_1_1;road_4_1_1_2;road_4_1_1_2;road_4_1_1_2;road_3_2_0_0;road_3_2_0_0;road_3_2_0_0;road_3_2_0_1;road_3_2_0_1;road_3_2_0_1;road_3_2_0_2;road_3_2_0_2;road_3_2_0_2,GGGrrrrrrGGGGGGrrrGGGrrrrrrGGGGGGrrr
260,intersection_4_3,road_4_4_3_0;road_4_4_3_0;road_4_4_3_0;road_4_4_3_1;road_4_4_3_1;road_4_4_3_1;road_4_4_3_2;road_4_4_3_2;road_4_4_3_2;road_5_3_2_0;road_5_3_2_0;road_5_3_2_0;road_5_3_2_1;road_5_3_2_1;road_5_3_2_1;road_5_3_2_2;road_5_3_2_2;road_5_3_2_2;road_4_2_1_0;road_4_2_1_0;road_4_2_1_0;road_4_2_1_1;road_4_2_1_1;road_4_2_1_1;road_4_2_1_2;road_4_2_1_2;road_4_2_1_2;road_3_3_0_0;road_3_3_0_0;road_3_3_0_0;road_3_3_0_1;road_3_3_0_1;road_3_3_0_1;road_3_3_0_2;road_3_3_0_2;road_3_3_0_2,GGGrrrrrrGGGrrrGGGGGGrrrrrrGGGrrrGGG
260,intersection_4_4,road_4_5_3_0;road_4_5_3_0;road_4_5_3_0;road_4_5_3_1;road_4_5_3_1;road_4_5_3_1;road_4_5_3_2;road_4_5_3_2;road_4_5_3_2;road_5_4_2_0;road_5_4_2_0;road_5_4_2_0;road_5_4_2_1;road_5_4_2_1;road_5_4_2_1;road_5_4_2_2;road_5_4_2_2;road_5_4_2_2;road_4_3_1_0;road_4_3_1_0;road_4_3_1_0;road_4_3_1_1;road_4_3_1_1;road_4_3_1_1;road_4_3_1_2;road_4_3_1_2;road_4_3_1_2;road_3_4_0_0;road_3_4_0_0;road_3_4_0_0;road_3_4_0_1;road_3_4_0_1;road_3_4_0_1;road_3_4_0_2;road_3_4_0_2;road_3_4_0_2,GGGrrrrrrGGGGGGrrrGGGrrrrrrGGGGGGrrr
270,intersection_1_1,road_1_2_3_0;road_1_2_3_0;road_1_2_3_0;road_1_2_3_1;road_1_2_3_1;road_1_2_3_1;road_1_2_3_2;road_1_2_3_2;road_1_2_3_2;road_2_1_2_0;road_2_1_2_0;road_2_1_2_0;road_2_1_2_1;road_2_1_2_1;road_2_1_2_1;road_2_1_2_2;road_2_1_2_2;road_2_1_2_2;road_1_0_1_0;road_1_0_1_0;road_1_0_1_0;road_1_0_1_1;road_1_0_1_1;road_1_0_1_1;road_1_0_1_2;road_1_0_1_2;road_1_0_1_2;road_0_1_0_0;road_0_1_0_0;road_0_1_0_0;road_0_1_0_1;road_0_1_0_1;road_0_1_0_1;road_0_1_0_2;road_0_1_0_2;road_0_1_0_2,GGGrrrrrrGGGrrrrrrGGGrrrrrrGGGGGGGGG
270,intersection_1_2,road_1_3_3_0;road_1_3_3_0;road_1_3_3_0;road_1_3_3_1;road_1_3_3_1;road_1_3_3_1;road_1_3_3_2;road_1_3_3_2;road_1_3_3_2;road_2_2_2_0;road_2_2_2_0;road_2_2_2_0;road_2_2_2_1;road_2_2_2_1;road_2_2_2_1;road_2_2_2_2;road_2_2_2_2;road_2_2_2_2;road_1_1_1_0;road_1_1_1_0;road_1_1_1_0;road_1_1_1_1;road_1_1_1_1;road_1_1_1_1;road_1_1_1_2;road_1_1_1_2;road_1_1_1_2;road_0_2_0_0;road_0_2_0_0;road_0_2_0_0;road_0_2_0_1;road_0_2_0_1;road_0_2_0_1;road_0_2_0_2;road_0_2_0_2;road_0_2_0_2,GGGrrrrrrGGGGGGrrrGGGrrrrrrGGGGGGrrr
270,intersection_1_3,road_1_4_3_0;road_1_4_3_0;road_1_4_3_0;road_1_4_3_1;road_1_4_3_1;road_1_4_3_1;road_1_4_3_2;road_1_4_3_2;road_1_4_3_2;road_2_3_2_0;road_2_3_2_0;road_2_3_2_0;road_2_3_2_1;road_2_3_2_1;road_2_3_2_1;road_2_3_2_2;road_2_3_2_2;road_2_3_2_2;road_1_2_1_0;road_1_2_1_0;road_1_2_1_0;road_1_2_1_1;road_1_2_1_1;road_1_2_1_1;road_1_2_1_2;road_1_2_1_2;road_1_2_1_2;road_0_3_0_0;road_0_3_0_0;road_0_3_0_0;road_0_3_0_1;road_0_3_0_1;road_0_3_0_1;road_0_3_0_2;road_0_3_0_2;road_0_3_0_2,GGGrrrrrrGGGGGGrrrGGGrrrrrrGGGGGGrrr
270,intersection_1_4,road_1_5_3_0;road_1_5_3_0;road_1_5_3_0;road_1_5_3_1;road_1_5_3_1;road_1_5_3_1;road_1_5_3_2;road_1_5_3_2;road_1_5_3_2;road_2_4_2_0;road_2_4_2_0;road_2_4_2_0;road_2_4_2_1;road_2_4_2_1;road_2_4_2_1;road_2_4_2_2;road_2_4_2_2;road_2_4_2_2;road_1_3_1_0;road_1_3_1_0;road_1_3_1_0;road_1_3_1_1;road_1_3_1_1;road_1_3_1_1;road_1_3_1_2;road_1_3_1_2;road_1_3_1_2;road_0_4_0_0;road_0_4_0_0;road_0_4_0_0;road_0_4_0_1;road_0_4_0_1;road_0_4_0_1;road_0_4_0_2;road_0_4_0_2;road_0_4_0_2,GGGGGGGGGGGGrrrrrrGGGrrrrrrGGGrrrrrr
270,intersection_2_1,road_2_2_3_0;road_2_2_3_0;road_2_2_3_0;road_2_2_3_1;road_2_2_3_1;road_2_2_3_1;road_2_2_3_2;road_2_2_3_2;road_2_2_3_2;road_3_1_2_0;road_3_1_2_0;road_3_1_2_0;road_3_1_2_1;road_3_1_2_1;road_3_1_2_1;road_3_1_2_2;road_3_1_2_2;road_3_1_2_2;road_2_0_1_0;road_2_0_1_0;road_2_0_1_0;road_2_0_1_1;road_2_0_1_1;road_2_0_1_1;road_2_0_1_2;road_2_0_1_2;road_2_0_1_2;road_1_1_0_0;road_1_1_0_0;road_1_1_0_0;road_1_1_0_1;road_1_1_0_1;road_1_1_0_1;road_1_1_0_2;road_1_1_0_2;road_1_1_0_2,GGGrrrrrrGGGrrrrrrGGGrrrrrrGGGGGGGGG
270,intersection_2_2,road_2_3_3_0;road_2_3_3_0;road_2_3_3_0;road_2_3_3_1;road_2_3_3_1;road_2_3_3_1;road_2_3_3_2;road_2_3_3_2;road_2_3_3_2;road_3_2_2_0;road_3_2_2_0;road_3_2_2_0;road_3_2_2_1;road_3_2_2_1;road_3_2_2_1;road_3_2_2_2;road_3_2_2_2;road_3_2_2_2;road_2_1_1_0;road_2_1_1_0;road_2_1_1_0;road_2_1_1_1;road_2_1_1_1;road_2_1_1_1;road_2_1_1_2;road_2_1_1_2;road_2_1_1_2;road_1_2_0_0;road_1_2_0_0;road_1_2_0_0;road_1_2_0_1;road_1_2_0_1;road_1_2_0_1;road_1_2_0_2;road_1_2_0_2;road_1_2_0_2,GGGrrrrrrGGGGGGrrrGGGrrrrrrGGGGGGrrr
270,intersection_2_3,road_2_4_3_0;road_2_4_3_0;road_2_4_3_0;road_2_4_3_1;road_2_4_3_1;road_2_4_3_1;road_2_4_3_2;road_2_4_3_2;road_2_4_3_2;road_3_3_2_0;road_3_3_2_0;road_3_3_2_0;road_3_3_2_1;road_3_3_2_1;road_3_3_2_1;road_3_3_2_2;road_3_3_2_2;road_3_3_2_2;road_2_2_1_0;road_2_2_1_0;road_2_2_1_0;road_2_2_1_1;road_2_2_1_1;road_2_2_1_1;road_2_2_1_2;road_2_2_1_2;road_2_2_1_2;road_1_3_0_0;road_1_3_0_0;road_1_3_0_0;road_1_3_0_1;road_1_3_0_1;road_1_3_0_1;road_1_3_0_2;road_1_3_0_2;road_1_3_0_2,GGGrrrrrrGGGGGGrrrGGGrrrrrrGGGGGGrrr
270,intersection_2_4,road_2_5_3_0;road_2_5_3_0;road_2_5_3_0;road_2_5_3_1;road_2_5_3_1;road_2_5_3_1;road_2_5_3_2;road_2_5_3_2;road_2_5_3_2;road_3_4_2_0;road_3_4_2_0;road_3_4_2_0;road_3_4_2_1;road_3_4_2_1;road_3_4_2_1;road_3_4_2_2;road_3_4_2_2;road_3_4_2_2;road_2_3_1_0;road_2_3_1_0;road_2_3_1_0;road_2_3_1_1;road_2_3_1_1;road_2_3_1_1;road_2_3_1_2;road_2_3_1_2;road_2_3_1_2;road_1_4_0_0;road_1_4_0_0;road_1_4_0_0;road_1_4_0_1;road_1_4_0_1;road_1_4_0_1;road_1_4_0_2;road_1_4_0_2;road_1_4_0_2,GGGrrrrrrGGGrrrrrrGGGrrrrrrGGGGGGGGG
270,intersection_3_1,road_3_2_3_0;road_3_2_3_0;road_3_2_3_0;road_3_2_3_1;road_3_2_3_1;road_3_2_3_1;road_3_2_3_2;road_3_2_3_2;road_3_2_3_2;road_4_1_2_0;road_4_1_2_0;road_4_1_2_0;road_4_1_2_1;road_4_1_2_1;road_4_1_2_1;road_4_1_2_2;road_4_1_2_2;road_4_1_2_2;road_3_0_1_0;road_3_0_1_0;road_3_0_1_0;road_3_0_1_1;road_3_0_1_1;road_3_0_1_1;road_3_0_1_2;road_3_0_1_2;road_3_0_1_2;road_2_1_0_0;road_2_1_0_0;road_2_1_0_0;road_2_1_0_1;road_2_1_0_1;road_2_1_0_1;road_2_1_0_2;road_2_1_0_2;road_2_1_0_2,GGGrrrrrrGGGrrrrrrGGGrrrrrrGGGGGGGGG
270,intersection_3_2,road_3_3_3_0;road_3_3_3_0;road_3_3_3_0;road_3_3_3_1;road_3_3_3_1;road_3_3_3_1;road_3_3_3_2;road_3_3_3_2;road_3_3_3_2;road_4_2_2_0;road_4_2_2_0;road_4_2_2_0;road_4_2_2_1;road_4_2_2_1;road_4_2_2_1;road_4_2_2_2;road_4_2_2_2;road_4_2_2_2;road_3_1_1_0;road_3_1_1_0;road_3_1_1_0;road_3_1_1_1;road_3_1_1_1;road_3_1_1_1;road_3_1_1_2;road_3_1_1_2;road_3_1_1_2;road_2_2_0_0;road_2_2_0_0;road_2_2_0_0;road_2_2_0_1;road_2_2_0_1;road_2_2_0_1;road_2_2_0_2;road_2_2_0_2;road_2_2_0_2,GGGrrrrrrGGGGGGrrrGGGrrrrrrGGGGGGrrr
270,intersection_3_3,road_3_4_3_0;road_3_4_3_0;road_3_4_3_0;road_3_4_3_1;road_3_4_3_1;road_3_4_3_1;road_3_4_3_2;road_3_4_3_2;road_3_4_3_2;road_4_3_2_0;road_4_3_2_0;road_4_3_2_0;road_4_3_2_1;road_4_3_2_1;road_4_3_2_1;road_4_3_2_2;road_4_3_2_2;road_4_3_2_2;road_3_2_1_0;road_3_2_1_0;road_3_2_1_0;road_3_2_1_1;road_3_2_1_1;road_3_2_1_1;road_3_2_1_2;road_3_2_1_2;road_3_2_1_2;road_2_3_0_0;road_2_3_0_0;road_2_3_0_0;road_2_3_0_1;road_2_3_0_1;road_2_3_0_1;road_2_3_0_2;road_2_3_0_2;road_2_3_0_2,GGGrrrrrrGGGGGGGGGGGGrrrrrrGGGrrrrrr
270,intersection_3_4,road_3_5_3_0;road_3_5_3_0;road_3_5_3_0;road_3_5_3_1;road_3_5_3_1;road_3_5_3_1;road_3_5_3_2;road_3_5_3_2;road_3_5_3_2;road_4_4_2_0;road_4_4_2_0;road_4_4_2_0;road_4_4_2_1;road_4_4_2_1;road_4_4_2_1;road_4_4_2_2;road_4_4_2_2;road_4_4_2_2;road_3_3_1_0;road_3_3_1_0;road_3_3_1_0;road_3_3_1_1;road_3_3_1_1;road_3_3_1_1;road_3_3_1_2;road_3_3_1_2;road_3_3_1_2;road_2_4_0_0;road_2_4_0_0;road_2_4_0_0;road_2_4_0_1;road_2_4_0_1;road_2_4_0_1;road_2_4_0_2;road_2_4_0_2;road_2_4_0_2,GGGrrrrrrGGGGGGrrrGGGrrrrrrGGGGGGrrr
270,intersection_4_1,road_4_2_3_0;road_4_2_3_0;road_4_2_3_0;road_4_2_3_1;road_4_2_3_1;road_4_2_3_1;road_4_2_3_2;road_4_2_3_2;road_4_2_3_2;road_5_1_2_0;road_5_1_2_0;road_5_1_2_0;road_5_1_2_1;road_5_1_2_1;road_5_1_2_1;road_5_1_2_2;road_5_1_2_2;road_5_1_2_2;road_4_0_1_0;road_4_0_1_0;road_4_0_1_0;road_4_0_1_1;road_4_0_1_1;road_4_0_1_1;road_4_0_1_2;road_4_0_1_2;road_4_0_1_2;road_3_1_0_0;road_3_1_0_0;road_3_1_0_0;road_3_1_0_1;road_3_1_0_1;road_3_1_0_1;road_3_1_0_2;road_3_1_0_2;road_3_1_0_2,GGGrrrrrrGGGGGGrrrGGGrrrrrrGGGGGGrrr
270,intersection_4_2,road_4_3_3_0;road_4_3_3_0;road_4_3_3_0;road_4_3_3_1;road_4_3_3_1;road_4_3_3_1;road_4_3_3_2;road_4_3_3_2;road_4_3_3_2;road_5_2_2_0;road_5_2_2_0;road_5_2_2_0;road_5_2_2_1;road_5_2_2_1;road_5_2_2_1;road_5_2_2_2;road_5_2_2_2;road_5_2_2_2;road_4_1_1_0;road_4_1_1_0;road_4_1_1_0;road_4_1_1_1;road_4_1_1_1;road_4_1_1_1;road_4_1_1_2;road_4_1_1_2;road_4_1_1_2;road_3_2_0_0;road_3_2_0_0;road_3_2_0_0;road_3_2_0_1;road_3_2_0_1;road_3_2_0_1;road_3_2_0_2;road_3_2_0_2;road_3_2_0_2,GGGrrrrrrGGGGGGrrrGGGrrrrrrGGGGGGrrr
270,intersection_4_3,road_4_4_3_0;road_4_4_3_0;road_4_4_3_0;road_4_4_3_1;road_4_4_3_1;road_4_4_3_1;road_4_4_3_2;road_4_4_3_2;road_4_4_3_2;road_5_3_2_0;road_5_3_2_0;road_5_3_2_0;road_5_3_2_1;road_5_3_2_1;road_5_3_2_1;road_5_3_2_2;road_5_3_2_2;road_5_3_2_2;road_4_2_1_0;road_4_2_1_0;road_4_2_1_0;road_4_2_1_1;road_4_2_1_1;road_4_2_1_1;road_4_2_1_2;road_4_2_1_2;road_4_2_1_2;road_3_3_0_0;road_3_3_0_0;road_3_3_0_0;road_3_3_0_1;road_3_3_0_1;road_3_3_0_1;road_3_3_0_2;road_3_3_0_2;road_3_3_0_2,GGGrrrrrrGGGGGGGGGGGGrrrrrrGGGrrrrrr
270,intersection_4_4,road_4_5_3_0;road_4_5_3_0;road_4_5_3_0;road_4_5_3_1;road_4_5_3_1;road_4_5_3_1;road_4_5_3_2;road_4_5_3_2;road_4_5_3_2;road_5_4_2_0;road_5_4_2_0;road_5_4_2_0;road_5_4_2_1;road_5_4_2_1;road_5_4_2_1;road_5_4_2_2;road_5_4_2_2;road_5_4_2_2;road_4_3_1_0;road_4_3_1_0;road_4_3_1_0;road_4_3_1_1;road_4_3_1_1;road_4_3_1_1;road_4_3_1_2;road_4_3_1_2;road_4_3_1_2;road_3_4_0_0;road_3_4_0_0;road_3_4_0_0;road_3_4_0_1;road_3_4_0_1;road_3_4_0_1;road_3_4_0_2;road_3_4_0_2;road_3_4_0_2,GGGrrrrrrGGGGGGrrrGGGrrrrrrGGGGGGrrr
280,intersection_1_1,road_1_2_3_0;road_1_2_3_0;road_1_2_3_0;road_1_2_3_1;road_1_2_3_1;road_1_2_3_1;road_1_2_3_2;road_1_2_3_2;road_1_2_3_2;road_2_1_2_0;road_2_1_2_0;road_2_1_2_0;road_2_1_2_1;road_2_1_2_1;road_2_1_2_1;road_2_1_2_2;road_2_1_2_2;road_2_1_2_2;road_1_0_1_0;road_1_0_1_0;road_1_0_1_0;road_1_0_1_1;road_1_0_1_1;road_1_0_1_1;road_1_0_1_2;road_1_0_1_2;road_1_0_1_2;road_0_1_0_0;road_0_1_0_0;road_0_1_0_0;road_0_1_0_1;road_0_1_0_1;road_0_1_0_1;road_0_1_0_2;road_0_1_0_2;road_0_1_0_2,GGGrrrrrrGGGrrrrrrGGGrrrrrrGGGGGGGGG
280,intersection_1_2,road_1_3_3_0;road_1_3_3_0;road_1_3_3_0;road_1_3_3_1;road_1_3_3_1;road_1_3_3_1;road_1_3_3_2;road_1_3_3_2;road_1_3_3_2;road_2_2_2_0;road_2_2_2_0;road_2_2_2_0;road_2_2_2_1;road_2_2_2_1;road_2_2_2_1;road_2_2_2_2;road_2_2_2_2;road_2_2_2_2;road_1_1_1_0;road_1_1_1_0;road_1_1_1_0;road_1_1_1_1;road_1_1_1_1;road_1_1_1_1;road_1_1_1_2;road_1_1_1_2;road_1_1_1_2;road_0_2_0_0;road_0_2_0_0;road_0_2_0_0;road_0_2_0_1;road_0_2_0_1;road_0_2_0_1;road_0_2_0_2;road_0_2_0_2;road_0_2_0_2,GGGrrrrrrGGGGGGrrrGGGrrrrrrGGGGGGrrr
280,intersection_1_3,road_1_4_3_0;road_1_4_3_0;road_1_4_3_0;road_1_4_3_1;road_1_4_3_1;road_1_4_3_1;road_1_4_3_2;road_1_4_3_2;road_1_4_3_2;road_2_3_2_0;road_2_3_2_0;road_2_3_2_0;road_2_3_2_1;road_2_3_2_1;road_2_3_2_1;road_2_3_2_2;road_2_3_2_2;road_2_3_2_2;road_1_2_1_0;road_1_2_1_0;road_1_2_1_0;road_1_2_1_1;road_1_2_1_1;road_1_2_1_1;road_1_2_1_2;road_1_2_1_2;road_1_2_1_2;road_0_3_0_0;road_0_3_0_0;road_0_3_0_0;road_0_3_0_1;road_0_3_0_1;road_0_3_0_1;road_0_3_0_2;road_0_3_0_2;road_0_3_0_2,GGGrrrrrrGGGGGGrrrGGGrrrrrrGGGGGGrrr
280,intersection_1_4,road_1_5_3_0;road_1_5_3_0;road_1_5_3_0;road_1_5_3_1;road_1_5_3_1;road_1_5_3_1;road_1_5_3_2;road_1_5_3_2;road_1_5_3_2;road_2_4_2_0;road_2_4_2_0;road_2_4_2_0;road_2_4_2_1;road_2_4_2_1;road_2_4_2_1;road_2_4_2_2;road_2_4_2_2;road_2_4_2_2;road_1_3_1_0;road_1_3_1_0;road_1_3_1_0;road_1_3_1_1;road_1_3_1_1;road_1_3_1_1;road_1_3_1_2;road_1_3_1_2;road_1_3_1_2;road_0_4_0_0;road_0_4_0_0;road_0_4_0_0;road_0_4_0_1;road_0_4_0_1;road_0_4_0_1;road_0_4_0_2;road_0_4_0_2;road_0_4_0_2,GGGGGGGGGGGGrrrrrrGGGrrrrrrGGGrrrrrr
280,intersection_2_1,road_2_2_3_0;road_2_2_3_0;road_2_2_3_0;road_2_2_3_1;road_2_2_3_1;road_2_2_3_1;road_2_2_3_2;road_2_2_3_2;road_2_2_3_2;road_3_1_2_0;road_3_1_2_0;road_3_1_2_0;road_3_1_2_1;road_3_1_2_1;road_3_1_2_1;road_3_1_2_2;road_3_1_2_2;road_3_1_2_2;road_2_0_1_0;road_2_0_1_0;road_2_0_1_0;road_2_0_1_1;road_2_0_1_1;road_2_0_1_1;road_2_0_1_2;road_2_0_1_2;road_2_0_1_2;road_1_1_0_0;road_1_1_0_0;road_1_1_0_0;road_1_1_0_1;road_1_1_0_1;road_1_1_0_1;road_1_1_0_2;road_1_1_0_2;road_1_1_0_2,GGGrrrrrrGGGrrrrrrGGGrrrrrrGGGGGGGGG
280,intersection_2_2,road_2_3_3_0;road_2_3_3_0;road_2_3_3_0;road_2_3_3_1;road_2_3_3_1;road_2_3_3_1;road_2_3_3_2;road_2_3_3_2;road_2_3_3_2;road_3_2_2_0;road_3_2_2_0;road_3_2_2_0;road_3_2_2_1;road_3_2_2_1;road_3_2_2_1;road_3_2_2_2;road_3_2_2_2;road_3_2_2_2;road_2_1_1_0;road_2_1_1_0;road_2_1_1_0;road_2_1_1_1;road_2_1_1_1;road_2_1_1_1;road_2_1_1_2;road_2_1_1_2;road_2_1_1_2;road_1_2_0_0;road_1_2_0_0;road_1_2_0_0;road_1_2_0_1;road_1_2_0_1;road_1_2_0_1;road_1_2_0_2;road_1_2_0_2;road_1_2_0_2,GGGrrrrrrGGGGGGrrrGGGrrrrrrGGGGGGrrr
280,intersection_2_3,road_2_4_3_0;road_2_4_3_0;road_2_4_3_0;road_2_4_3_1;road_2_4_3_1;road_2_4_3_1;road_2_4_3_2;road_2_4_3_2;road_2_4_3_2;road_3_3_2_0;road_3_3_2_0;road_3_3_2_0;road_3_3_2_1;road_3_3_2_1;road_3_3_2_1;road_3_3_2_2;road_3_3_2_2;road_3_3_2_2;road_2_2_1_0;road_2_2_1_0;road_2_2_1_0;road_2_2_1_1;road_2_2_1_1;road_2_2_1_1;road_2_2_1_2;road_2_2_1_2;road_2_2_1_2;road_1_3_0_0;road_1_3_0_0;road_1_3_0_0;road_1_3_0_1;road_1_3_0_1;road_1_3_0_1;road_1_3_0_2;road_1_3_0_2;road_1_3_0_2,GGGrrrrrrGGGGGGrrrGGGrrrrrrGGGGGGrrr
280,intersection_2_4,road_2_5_3_0;road_2_5_3_0;road_2_5_3_0;road_2_5_3_1;road_2_5_3_1;road_2_5_3_1;road_2_5_3_2;road_2_5_3_2;road_2_5_3_2;road_3_4_2_0;road_3_4_2_0;road_3_4_2_0;road_3_4_2_1;road_3_4_2_1;road_3_4_2_1;road_3_4_2_2;road_3_4_2_2;road_3_4_2_2;road_2_3_1_0;road_2_3_1_0;road_2_3_1_0;road_2_3_1_1;road_2_3_1_1;road_2_3_1_1;road_2_3_1_2;road_2_3_1_2;road_2_3_1_2;road_1_4_0_0;road_1_4_0_0;road_1_4_0_0;road_1_4_0_1;road_1_4_0_1;road_1_4_0_1;road_1_4_0_2;road_1_4_0_2;road_1_4_0_2,GGGrrrrrrGGGrrrrrrGGGrrrrrrGGGGGGGGG
280,intersection_3_1,road_3_2_3_0;road_3_2_3_0;road_3_2_3_0;road_3_2_3_1;road_3_2_3_1;road_3_2_3_1;road_3_2_3_2;road_3_2_3_2;road_3_2_3_2;road_4_1_2_0;road_4_1_2_0;road_4_1_2_0;road_4_1_2_1;road_4_1_2_1;road_4_1_2_1;road_4_1_2_2;road_4_1_2_2;road_4_1_2_2;road_3_0_1_0;road_3_0_1_0;road_3_0_1_0;road_3_0_1_1;road_3_0_1_1;road_3_0_1_1;road_3_0_1_2;road_3_0_1_2;road_3_0_1_2;road_2_1_0_0;road_2_1_0_0;road_2_1_0_0;road_2_1_0_1;road_2_1_0_1;road_2_1_0_1;road_2_1_0_2;road_2_1_0_2;road_2_1_0_2,GGGrrrrrrGGGrrrrrrGGGrrrrrrGGGGGGGGG
280,intersection_3_2,road_3_3_3_0;road_3_3_3_0;road_3_3_3_0;road_3_3_3_1;road_3_3_3_1;road_3_3_3_1;road_3_3_3_2;road_3_3_3_2;road_3_3_3_2;road_4_2_2_0;road_4_2_2_0;road_4_2_2_0;road_4_2_2_1;road_4_2_2_1;road_4_2_2_1;road_4_2_2_2;road_4_2_2_2;road_4_2_2_2;road_3_1_1_0;road_3_1_1_0;road_3_1_1_0;road_3_1_1_1;road_3_1_1_1;road_3_1_1_1;road_3_1_1_2;road_3_1_1_2;road_3_1_1_2;road_2_2_0_0;road_2_2_0_0;road_2_2_0_0;road_2_2_0_1;road_2_2_0_1;road_2_2_0_1;road_2_2_0_2;road_2_2_0_2;road_2_2_0_2,GGGrrrrrrGGGGGGGGGGGGrrrrrrGGGrrrrrr
280,intersection_3_3,road_3_4_3_0;road_3_4_3_0;road_3_4_3_0;road_3_4_3_1;road_3_4_3_1;road_3_4_3_1;road_3_4_3_2;road_3_4_3_2;road_3_4_3_2;road_4_3_2_0;road_4_3_2_0;road_4_3_2_0;road_4_3_2_1;road_4_3_2_1;road_4_3_2_1;road_4_3_2_2;road_4_3_2_2;road_4_3_2_2;road_3_2_1_0;road_3_2_1_0;road_3_2_1_0;road_3_2_1_1;road_3_2_1_1;road_3_2_1_1;road_3_2_1_2;road_3_2_1_2;road_3_2_1_2;road_2_3_0_0;road_2_3_0_0;road_2_3_0_0;road_2_3_0_1;road_2_3_0_1;road_2_3_0_1;road_2_3_0_2;road_2_3_0_2;road_2_3_0_2,GGGrrrrrrGGGGGGGGGGGGrrrrrrGGGrrrrrr
280,intersection_3_4,road_3_5_3_0;road_3_5_3_0;road_3_5_3_0;road_3_5_3_1;road_3_5_3_1;road_3_5_3_1;road_3_5_3_2;road_3_5_3_2;road_3_5_3_2;road_4_4_2_0;road_4_4_2_0;road_4_4_2_0;road_4_4_2_1;road_4_4_2_1;road_4_4_2_1;road_4_4_2_2;road_4_4_2_2;road_4_4_2_2;road_3_3_1_0;road_3_3_1_0;road_3_3_1_0;road_3_3_1_1;road_3_3_1_1;road_3_3_1_1;road_3_3_1_2;road_3_3_1_2;road_3_3_1_2;road_2_4_0_0;road_2_4_0_0;road_2_4_0_0;road_2_4_0_1;road_2_4_0_1;road_2_4_0_1;road_2_4_0_2;road_2_4_0_2;road_2_4_0_2,GGGrrrrrrGGGGGGrrrGGGrrrrrrGGGGGGrrr
280,intersection_4_1,road_4_2_3_0;road_4_2_3_0;road_4_2_3_0;road_4_2_3_1;road_4_2_3_1;road_4_2_3_1;road_4_2_3_2;road_4_2_3_2;road_4_2_3_2;road_5_1_2_0;road_5_1_2_0;road_5_1_2_0;road_5_1_2_1;road_5_1_2_1;road_5_1_2_1;road_5_1_2_2;road_5_1_2_2;road_5_1_2_2;road_4_0_1_0;road_4_0_1_0;road_4_0_1_0;road_4_0_1_1;road_4_0_1_1;road_4_0_1_1;road_4_0_1_2;road_4_0_1_2;road_4_0_1_2;road_3_1_0_0;road_3_1_0_0;road_3_1_0_0;road_3_1_0_1;road_3_1_0_1;road_3_1_0_1;road_3_1_0_2;road_3_1_0_2;road_3_1_0_2,GGGrrrrrrGGGGGGrrrGGGrrrrrrGGGGGGrrr
280,intersection_4_2,road_4_3_3_0;road_4_3_3_0;road_4_3_3_0;road_4_3_3_1;road_4_3_3_1;road_4_3_3_1;road_4_3_3_2;road_4_3_3_2;road_4_3_3_2;road_5_2_2_0;road_5_2_2_0;road_5_2_2_0;road_5_2_2_1;road_5_2_2_1;road_5_2_2_1;road_5_2_2_2;road_5_2_2_2;road_5_2_2_2;road_4_1_1_0;road_4_1_1_0;road_4_1_1_0;road_4_1_1_1;road_4_1_1_1;road_4_1_1_1;road_4_1_1_2;road_4_1_1_2;road_4_1_1_2;road_3_2_0_0;road_3_2_0_0;road_3_2_0_0;road_3_2_0_1;road_3_2_0_1;road_3_2_0_1;road_3_2_0_2;road_3_2_0_2;road_3_2_0_2,GGGrrrrrrGGGGGGrrrGGGrrrrrrGGGGGGrrr
280,intersection_4_3,road_4_4_3_0;road_4_4_3_0;road_4_4_3_0;road_4_4_3_1;road_4_4_3_1;road_4_4_3_1;road_4_4_3_2;road_4_4_3_2;road_4_4_3_2;road_5_3_2_0;road_5_3_2_0;road_5_3_2_0;road_5_3_2_1;road_5_3_2_1;road_5_3_2_1;road_5_3_2_2;road_5_3_2_2;road_5_3_2_2;road_4_2_1_0;road_4_2_1_0;road_4_2_1_0;road_4_2_1_1;road_4_2_1_1;road_4_2_1_1;road_4_2_1_2;road_4_2_1_2;road_4_2_1_2;road_3_3_0_0;road_3_3_0_0;road_3_3_0_0;road_3_3_0_1;road_3_3_0_1;road_3_3_0_1;road_3_3_0_2;road_3_3_0_2;road_3_3_0_2,GGGrrrrrrGGGGGGGGGGGGrrrrrrGGGrrrrrr
280,intersection_4_4,road_4_5_3_0;road_4_5_3_0;road_4_5_3_0;road_4_5_3_1;road_4_5_3_1;road_4_5_3_1;road_4_5_3_2;road_4_5_3_2;road_4_5_3_2;road_5_4_2_0;road_5_4_2_0;road_5_4_2_0;road_5_4_2_1;road_5_4_2_1;road_5_4_2_1;road_5_4_2_2;road_5_4_2_2;road_5_4_2_2;road_4_3_1_0;road_4_3_1_0;road_4_3_1_0;road_4_3_1_1;road_4_3_1_1;road_4_3_1_1;road_4_3_1_2;road_4_3_1_2;road_4_3_1_2;road_3_4_0_0;road_3_4_0_0;road_3_4_0_0;road_3_4_0_1;road_3_4_0_1;road_3_4_0_1;road_3_4_0_2;road_3_4_0_2;road_3_4_0_2,GGGrrrrrrGGGGGGrrrGGGrrrrrrGGGGGGrrr
290,intersection_1_1,road_1_2_3_0;road_1_2_3_0;road_1_2_3_0;road_1_2_3_1;road_1_2_3_1;road_1_2_3_1;road_1_2_3_2;road_1_2_3_2;road_1_2_3_2;road_2_1_2_0;road_2_1_2_0;road_2_1_2_0;road_2_1_2_1;road_2_1_2_1;road_2_1_2_1;road_2_1_2_2;road_2_1_2_2;road_2_1_2_2;road_1_0_1_0;road_1_0_1_0;road_1_0_1_0;road_1_0_1_1;road_1_0_1_1;road_1_0_1_1;road_1_0_1_2;road_1_0_1_2;road_1_0_1_2;road_0_1_0_0;road_0_1_0_0;road_0_1_0_0;road_0_1_0_1;road_0_1_0_1;road_0_1_0_1;road_0_1_0_2;road_0_1_0_2;road_0_1_0_2,GGGrrrrrrGGGrrrrrrGGGrrrrrrGGGGGGGGG
290,intersection_1_2,road_1_3_3_0;road_1_3_3_0;road_1_3_3_0;road_1_3_3_1;road_1_3_3_1;road_1_3_3_1;road_1_3_3_2;road_1_3_3_2;road_1_3_3_2;road_2_2_2_0;road_2_2_2_0;road_2_2_2_0;road_2_2_2_1;road_2_2_2_1;road_2_2_2_1;road_2_2_2_2;road_2_2_2_2;road_2_2_2_2;road_1_1_1_0;road_1_1_1_0;road_1_1_1_0;road_1_1_1_1;road_1_1_1_1;road_1_1_1_1;road_1_1_1_2;road_1_1_1_2;road_1_1_1_2;road_0_2_0_0;road_0_2_0_0;road_0_2_0_0;road_0_2_0_1;road_0_2_0_1;road_0_2_0_1;road_0_2_0_2;road_0_2_0_2;road_0_2_0_2,GGGrrrrrrGGGGGGrrrGGGrrrrrrGGGGGGrrr
290,intersection_1_3,road_1_4_3_0;road_1_4_3_0;road_1_4_3_0;road_1_4_3_1;road_1_4_3_1;road_1_4_3_1;road_1_4_3_2;road_1_4_3_2;road_1_4_3_2;road_2_3_2_0;road_2_3_2_0;road_2_3_2_0;road_2_3_2_1;road_2_3_2_1;road_2_3_2_1;road_2_3_2_2;road_2_3_2_2;road_2_3_2_2;road_1_2_1_0;road_1_2_1_0;road_1_2_1_0;road_1_2_1_1;road_1_2_1_1;road_1_2_1_1;road_1_2_1_2;road_1_2_1_2;road_1_2_1_2;road_0_3_0_0;road_0_3_0_0;road_0_3_0_0;road_0_3_0_1;road_0_3_0_1;road_0_3_0_1;road_0_3_0_2;road_0_3_0_2;road_0_3_0_2,GGGrrrrrrGGGGGGrrrGGGrrrrrrGGGGGGrrr
290,intersection_1_4,road_1_5_3_0;road_1_5_3_0;road_1_5_3_0;road_1_5_3_1;road_1_5_3_1;road_1_5_3_1;road_1_5_3_2;road_1_5_3_2;road_1_5_3_2;road_2_4_2_0;road_2_4_2_0;road_2_4_2_0;road_2_4_2_1;road_2_4_2_1;road_2_4_2_1;road_2_4_2_2;road_2_4_2_2;road_2_4_2_2;road_1_3_1_0;road_1_3_1_0;road_1_3_1_0;road_1_3_1_1;road_1_3_1_1;road_1_3_1_1;road_1_3_1_2;road_1_3_1_2;road_1_3_1_2;road_0_4_0_0;road_0_4_0_0;road_0_4_0_0;road_0_4_0_1;road_0_4_0_1;road_0_4_0_1;road_0_4_0_2;road_0_4_0_2;road_0_4_0_2,GGGGGGGGGGGGrrrrrrGGGrrrrrrGGGrrrrrr
290,intersection_2_1,road_2_2_3_0;road_2_2_3_0;road_2_2_3_0;road_2_2_3_1;road_2_2_3_1;road_2_2_3_1;road_2_2_3_2;road_2_2_3_2;road_2_2_3_2;road_3_1_2_0;road_3_1_2_0;road_3_1_2_0;road_3_1_2_1;road_3_1_2_1;road_3_1_2_1;road_3_1_2_2;road_3_1_2_2;road_3_1_2_2;road_2_0_1_0;road_2_0_1_0;road_2_0_1_0;road_2_0_1_1;road_2_0_1_1;road_2_0_1_1;road_2_0_1_2;road_2_0_1_2;road_2_0_1_2;road_1_1_0_0;road_1_1_0_0;road_1_1_0_0;road_1_1_0_1;road_1_1_0_1;road_1_1_0_1;road_1_1_0_2;road_1_1_0_2;road_1_1_0_2,GGGrrrrrrGGGrrrrrrGGGrrrrrrGGGGGGGGG
290,intersection_2_2,road_2_3_3_0;road_2_3_3_0;road_2_3_3_0;road_2_3_3_1;road_2_3_3_1;road_2_3_3_1;road_2_3_3_2;road_2_3_3_2;road_2_3_3_2;road_3_2_2_0;road_3_2_2_0;road_3_2_2_0;road_3_2_2_1;road_3_2_2_1;road_3_2_2_1;road_3_2_2_2;road_3_2_2_2;road_3_2_2_2;road_2_1_1_0;road_2_1_1_0;road_2_1_1_0;road_2_1_1_1;road_2_1_1_1;road_2_1_1_1;road_2_1_1_2;road_2_1_1_2;road_2_1_1_2;road_1_2_0_0;road_1_2_0_0;road_1_2_0_0;road_1_2_0_1;road_1_2_0_1;road_1_2_0_1;road_1_2_0_2;road_1_2_0_2;road_1_2_0_2,GGGrrrrrrGGGGGGrrrGGGrrrrrrGGGGGGrrr
290,intersection_2_3,road_2_4_3_0;road_2_4_3_0;road_2_4_3_0;road_2_4_3_1;road_2_4_3_1;road_2_4_3_1;road_2_4_3_2;road_2_4_3_2;road_2_4_3_2;road_3_3_2_0;road_3_3_2_0;road_3_3_2_0;road_3_3_2_1;road_3_3_2_1;road_3_3_2_1;road_3_3_2_2;road_3_3_2_2;road_3_3_2_2;road_2_2_1_0;road_2_2_1_0;road_2_2_1_0;road_2_2_1_1;road_2_2_1_1;road_2_2_1_1;road_2_2_1_2;road_2_2_1_2;road_2_2_1_2;road_1_3_0_0;road_1_3_0_0;road_1_3_0_0;road_1_3_0_1;road_1_3_0_1;road_1_3_0_1;road_1_3_0_2;road_1_3_0_2;road_1_3_0_2,GGGrrrrrrGGGGGGrrrGGGrrrrrrGGGGGGrrr
290,intersection_2_4,road_2_5_3_0;road_2_5_3_0;road_2_5_3_0;road_2_5_3_1;road_2_5_3_1;road_2_5_3_1;road_2_5_3_2;road_2_5_3_2;road_2_5_3_2;road_3_4_2_0;road_3_4_2_0;road_3_4_2_0;road_3_4_2_1;road_3_4_2_1;road_3_4_2_1;road_3_4_2_2;road_3_4_2_2;road_3_4_2_2;road_2_3_1_0;road_2_3_1_0;road_2_3_1_0;road_2_3_1_1;road_2_3_1_1;road_2_3_1_1;road_2_3_1_2;road_2_3_1_2;road_2_3_1_2;road_1_4_0_0;road_1_4_0_0;road_1_4_0_0;road_1_4_0_1;road_1_4_0_1;road_1_4_0_1;road_1_4_0_2;road_1_4_0_2;road_1_4_0_2,GGGrrrrrrGGGrrrrrrGGGrrrrrrGGGGGGGGG
290,intersection_3_1,road_3_2_3_0;road_3_2_3_0;road_3_2_3_0;road_3_2_3_1;road_3_2_3_1;road_3_2_3_1;road_3_2_3_2;road_3_2_3_2;road_3_2_3_2;road_4_1_2_0;road_4_1_2_0;road_4_1_2_0;road_4_1_2_1;road_4_1_2_1;road_4_1_2_1;road_4_1_2_2;road_4_1_2_2;road_4_1_2_2;road_3_0_1_0;road_3_0_1_0;road_3_0_1_0;road_3_0_1_1;road_3_0_1_1;road_3_0_1_1;road_3_0_1_2;road_3_0_1_2;road_3_0_1_2;road_2_1_0_0;road_2_1_0_0;road_2_1_0_0;road_2_1_0_1;road_2_1_0_1;road_2_1_0_1;road_2_1_0_2;road_2_1_0_2;road_2_1_0_2,GGGrrrrrrGGGrrrrrrGGGrrrrrrGGGGGGGGG
290,intersection_3_2,road_3_3_3_0;road_3_3_3_0;road_3_3_3_0;road_3_3_3_1;road_3_3_3_1;road_3_3_3_1;road_3_3_3_2;road_3_3_3_2;road_3_3_3_2;road_4_2_2_0;road_4_2_2_0;road_4_2_2_0;road_4_2_2_1;road_4_2_2_1;road_4_2_2_1;road_4_2_2_2;road_4_2_2_2;road_4_2_2_2;road_3_1_1_0;road_3_1_1_0;road_3_1_1_0;road_3_1_1_1;road_3_1_1_1;road_3_1_1_1;road_3_1_1_2;road_3_1_1_2;road_3_1_1_2;road_2_2_0_0;road_2_2_0_0;road_2_2_0_0;road_2_2_0_1;road_2_2_0_1;road_2_2_0_1;road_2_2_0_2;road_2_2_0_2;road_2_2_0_2,GGGrrrrrrGGGGGGrrrGGGrrrrrrGGGGGGrrr
290,intersection_3_3,road_3_4_3_0;road_3_4_3_0;road_3_4_3_0;road_3_4_3_1;road_3_4_3_1;road_3_4_3_1;road_3_4_3_2;road_3_4_3_2;road_3_4_3_2;road_4_3_2_0;road_4_3_2_0;road_4_3_2_0;road_4_3_2_1;road_4_3_2_1;road_4_3_2_1;road_4_3_2_2;road_4_3_2_2;road_4_3_2_2;road_3_2_1_0;road_3_2_1_0;road_3_2_1_0;road_3_2_1_1;road_3_2_1_1;road_3_2_1_1;road_3_2_1_2;road_3_2_1_2;road_3_2_1_2;road_2_3_0_0;road_2_3_0_0;road_2_3_0_0;road_2_3_0_1;road_2_3_0_1;road_2_3_0_1;road_2_3_0_2;road_2_3_0_2;road_2_3_0_2,GGGrrrrrrGGGGGGGGGGGGrrrrrrGGGrrrrrr
290,intersection_3_4,road_3_5_3_0;road_3_5_3_0;road_3_5_3_0;road_3_5_3_1;road_3_5_3_1;road_3_5_3_1;road_3_5_3_2;road_3_5_3_2;road_3_5_3_2;road_4_4_2_0;road_4_4_2_0;road_4_4_2_0;road_4_4_2_1;road_4_4_2_1;road_4_4_2_1;road_4_4_2_2;road_4_4_2_2;road_4_4_2_2;road_3_3_1_0;road_3_3_1_0;road_3_3_1_0;road_3_3_1_1;road_3_3_1_1;road_3_3_1_1;road_3_3_1_2;road_3_3_1_2;road_3_3_1_2;road_2_4_0_0;road_2_4_0_0;road_2_4_0_0;road_2_4_0_1;road_2_4_0_1;road_2_4_0_1;road_2_4_0_2;road_2_4_0_2;road_2_4_0_2,GGGGGGGGGGGGrrrrrrGGGrrrrrrGGGrrrrrr
290,intersection_4_1,road_4_2_3_0;road_4_2_3_0;road_4_2_3_0;road_4_2_3_1;road_4_2_3_1;road_4_2_3_1;road_4_2_3_2;road_4_2_3_2;road_4_2_3_2;road_5_1_2_0;road_5_1_2_0;road_5_1_2_0;road_5_1_2_1;road_5_1_2_1;road_5_1_2_1;road_5_1_2_2;road_5_1_2_2;road_5_1_2_2;road_4_0_1_0;road_4_0_1_0;road_4_0_1_0;road_4_0_1_1;road_4_0_1_1;road_4_0_1_1;road_4_0_1_2;road_4_0_1_2;road_4_0_1_2;road_3_1_0_0;road_3_1_0_0;road_3_1_0_0;road_3_1_0_1;road_3_1_0_1;road_3_1_0_1;road_3_1_0_2;road_3_1_0_2;road_3_1_0_2,GGGrrrrrrGGGGGGrrrGGGrrrrrrGGGGGGrrr
290,intersection_4_2,road_4_3_3_0;road_4_3_3_0;road_4_3_3_0;road_4_3_3_1;road_4_3_3_1;road_4_3_3_1;road_4_3_3_2;road_4_3_3_2;road_4_3_3_2;road_5_2_2_0;road_5_2_2_0;road_5_2_2_0;road_5_2_2_1;road_5_2_2_1;road_5_2_2_1;road_5_2_2_2;road_5_2_2_2;road_5_2_2_2;road_4_1_1_0;road_4_1_1_0;road_4_1_1_0;road_4_1_1_1;road_4_1_1_1;road_4_1_1_1;road_4_1_1_2;road_4_1_1_2;road_4_1_1_2;road_3_2_0_0;road_3_2_0_0;road_3_2_0_0;road_3_2_0_1;road_3_2_0_1;road_3_2_0_1;road_3_2_0_2;road_3_2_0_2;road_3_2_0_2,GGGrrrrrrGGGGGGrrrGGGrrrrrrGGGGGGrrr
290,intersection_4_3,road_4_4_3_0;road_4_4_3_0;road_4_4_3_0;road_4_4_3_1;road_4_4_3_1;road_4_4_3_1;road_4_4_3_2;road_4_4_3_2;road_4_4_3_2;road_5_3_2_0;road_5_3_2_0;road_5_3_2_0;road_5_3_2_1;road_5_3_2_1;road_5_3_2_1;road_5_3_2_2;road_5_3_2_2;road_5_3_2_2;road_4_2_1_0;road_4_2_1_0;road_4_2_1_0;road_4_2_1_1;road_4_2_1_1;road_4_2_1_1;road_4_2_1_2;road_4_2_1_2;road_4_2_1_2;road_3_3_0_0;road_3_3_0_0;road_3_3_0_0;road_3_3_0_1;road_3_3_0_1;road_3_3_0_1;road_3_3_0_2;road_3_3_0_2;road_3_3_0_2,GGGrrrrrrGGGGGGGGGGGGrrrrrrGGGrrrrrr
290,intersection_4_4,road_4_5_3_0;road_4_5_3_0;road_4_5_3_0;road_4_5_3_1;road_4_5_3_1;road_4_5_3_1;road_4_5_3_2;road_4_5_3_2;road_4_5_3_2;road_5_4_2_0;road_5_4_2_0;road_5_4_2_0;road_5_4_2_1;road_5_4_2_1;road_5_4_2_1;road_5_4_2_2;road_5_4_2_2;road_5_4_2_2;road_4_3_1_0;road_4_3_1_0;road_4_3_1_0;road_4_3_1_1;road_4_3_1_1;road_4_3_1_1;road_4_3_1_2;road_4_3_1_2;road_4_3_1_2;road_3_4_0_0;road_3_4_0_0;road_3_4_0_0;road_3_4_0_1;road_3_4_0_1;road_3_4_0_1;road_3_4_0_2;road_3_4_0_2;road_3_4_0_2,GGGrrrrrrGGGGGGrrrGGGrrrrrrGGGGGGrrr
300,intersection_1_1,road_1_2_3_0;road_1_2_3_0;road_1_2_3_0;road_1_2_3_1;road_1_2_3_1;road_1_2_3_1;road_1_2_3_2;road_1_2_3_2;road_1_2_3_2;road_2_1_2_0;road_2_1_2_0;road_2_1_2_0;road_2_1_2_1;road_2_1_2_1;road_2_1_2_1;road_2_1_2_2;road_2_1_2_2;road_2_1_2_2;road_1_0_1_0;road_1_0_1_0;road_1_0_1_0;road_1_0_1_1;road_1_0_1_1;road_1_0_1_1;road_1_0_1_2;road_1_0_1_2;road_1_0_1_2;road_0_1_0_0;road_0_1_0_0;road_0_1_0_0;road_0_1_0_1;road_0_1_0_1;road_0_1_0_1;road_0_1_0_2;road_0_1_0_2;road_0_1_0_2,GGGrrrrrrGGGrrrrrrGGGrrrrrrGGGGGGGGG
300,intersection_1_2,road_1_3_3_0;road_1_3_3_0;road_1_3_3_0;road_1_3_3_1;road_1_3_3_1;road_1_3_3_1;road_1_3_3_2;road_1_3_3_2;road_1_3_3_2;road_2_2_2_0;road_2_2_2_0;road_2_2_2_0;road_2_2_2_1;road_2_2_2_1;road_2_2_2_1;road_2_2_2_2;road_2_2_2_2;road_2_2_2_2;road_1_1_1_0;road_1_1_1_0;road_1_1_1_0;road_1_1_1_1;road_1_1_1_1;road_1_1_1_1;road_1_1_1_2;road_1_1_1_2;road_1_1_1_2;road_0_2_0_0;road_0_2_0_0;road_0_2_0_0;road_0_2_0_1;road_0_2_0_1;road_0_2_0_1;road_0_2_0_2;road_0_2_0_2;road_0_2_0_2,GGGrrrrrrGGGGGGrrrGGGrrrrrrGGGGGGrrr
300,intersection_1_3,road_1_4_3_0;road_1_4_3_0;road_1_4_3_0;road_1_4_3_1;road_1_4_3_1;road_1_4_3_1;road_1_4_3_2;road_1_4_3_2;road_1_4_3_2;road_2_3_2_0;road_2_3_2_0;road_2_3_2_0;road_2_3_2_1;road_2_3_2_1;road_2_3_2_1;road_2_3_2_2;road_2_3_2_2;road_2_3_2_2;road_1_2_1_0;road_1_2_1_0;road_1_2_1_0;road_1_2_1_1;road_1_2_1_1;road_1_2_1_1;road_1_2_1_2;road_1_2_1_2;road_1_2_1_2;road_0_3_0_0;road_0_3_0_0;road_0_3_0_0;road_0_3_0_1;road_0_3_0_1;road_0_3_0_1;road_0_3_0_2;road_0_3_0_2;road_0_3_0_2,GGGrrrrrrGGGGGGrrrGGGrrrrrrGGGGGGrrr
300,intersection_1_4,road_1_5_3_0;road_1_5_3_0;road_1_5_3_0;road_1_5_3_1;road_1_5_3_1;road_1_5_3_1;road_1_5_3_2;road_1_5_3_2;road_1_5_3_2;road_2_4_2_0;road_2_4_2_0;road_2_4_2_0;road_2_4_2_1;road_2_4_2_1;road_2_4_2_1;road_2_4_2_2;road_2_4_2_2;road_2_4_2_2;road_1_3_1_0;road_1_3_1_0;road_1_3_1_0;road_1_3_1_1;road_1_3_1_1;road_1_3_1_1;road_1_3_1_2;road_1_3_1_2;road_1_3_1_2;road_0_4_0_0;road_0_4_0_0;road_0_4_0_0;road_0_4_0_1;road_0_4_0_1;road_0_4_0_1;road_0_4_0_2;road_0_4_0_2;road_0_4_0_2,GGGGGGGGGGGGrrrrrrGGGrrrrrrGGGrrrrrr
300,intersection_2_1,road_2_2_3_0;road_2_2_3_0;road_2_2_3_0;road_2_2_3_1;road_2_2_3_1;road_2_2_3_1;road_2_2_3_2;road_2_2_3_2;road_2_2_3_2;road_3_1_2_0;road_3_1_2_0;road_3_1_2_0;road_3_1_2_1;road_3_1_2_1;road_3_1_2_1;road_3_1_2_2;road_3_1_2_2;road_3_1_2_2;road_2_0_1_0;road_2_0_1_0;road_2_0_1_0;road_2_0_1_1;road_2_0_1_1;road_2_0_1_1;road_2_0_1_2;road_2_0_1_2;road_2_0_1_2;road_1_1_0_0;road_1_1_0_0;road_1_1_0_0;road_1_1_0_1;road_1_1_0_1;road_1_1_0_1;road_1_1_0_2;road_1_1_0_2;road_1_1_0_2,GGGrrrrrrGGGrrrrrrGGGrrrrrrGGGGGGGGG
300,intersection_2_2,road_2_3_3_0;road_2_3_3_0;road_2_3_3_0;road_2_3_3_1;road_2_3_3_1;road_2_3_3_1;road_2_3_3_2;road_2_3_3_2;road_2_3_3_2;road_3_2_2_0;road_3_2_2_0;road_3_2_2_0;road_3_2_2_1;road_3_2_2_1;road_3_2_2_1;road_3_2_2_2;road_3_2_2_2;road_3_2_2_2;road_2_1_1_0;road_2_1_1_0;road_2_1_1_0;road_2_1_1_1;road_2_1_1_1;road_2_1_1_1;road_2_1_1_2;road_2_1_1_2;road_2_1_1_2;road_1_2_0_0;road_1_2_0_0;road_1_2_0_0;road_1_2_0_1;road_1_2_0_1;road_1_2_0_1;road_1_2_0_2;road_1_2_0_2;road_1_2_0_2,GGGrrrrrrGGGGGGrrrGGGrrrrrrGGGGGGrrr
300,intersection_2_3,road_2_4_3_0;road_2_4_3_0;road_2_4_3_0;road_2_4_3_1;road_2_4_3_1;road_2_4_3_1;road_2_4_3_2;road_2_4_3_2;road_2_4_3_2;road_3_3_2_0;road_3_3_2_0;road_3_3_2_0;road_3_3_2_1;road_3_3_2_1;road_3_3_2_1;road_3_3_2_2;road_3_3_2_2;road_3_3_2_2;road_2_2_1_0;road_2_2_1_0;road_2_2_1_0;road_2_2_1_1;road_2_2_1_1;road_2_2_1_1;road_2_2_1_2;road_2_2_1_2;road_2_2_1_2;road_1_3_0_0;road_1_3_0_0;road_1_3_0_0;road_1_3_0_1;road_1_3_0_1;road_1_3_0_1;road_1_3_0_2;road_1_3_0_2;road_1_3_0_2,GGGrrrrrrGGGGGGrrrGGGrrrrrrGGGGGGrrr
300,intersection_2_4,road_2_5_3_0;road_2_5_3_0;road_2_5_3_0;road_2_5_3_1;road_2_5_3_1;road_2_5_3_1;road_2_5_3_2;road_2_5_3_2;road_2_5_3_2;road_3_4_2_0;road_3_4_2_0;road_3_4_2_0;road_3_4_2_1;road_3_4_2_1;road_3_4_2_1;road_3_4_2_2;road_3_4_2_2;road_3_4_2_2;road_2_3_1_0;road_2_3_1_0;road_2_3_1_0;road_2_3_1_1;road_2_3_1_1;road_2_3_1_1;road_2_3_1_2;road_2_3_1_2;road_2_3_1_2;road_1_4_0_0;road_1_4_0_0;road_1_4_0_0;road_1_4_0_1;road_1_4_0_1;road_1_4_0_1;road_1_4_0_2;road_1_4_0_2;road_1_4_0_2,GGGrrrrrrGGGrrrrrrGGGrrrrrrGGGGGGGGG
300,intersection_3_1,road_3_2_3_0;road_3_2_3_0;road_3_2_3_0;road_3_2_3_1;road_3_2_3_1;road_3_2_3_1;road_3_2_3_2;road_3_2_3_2;road_3_2_3_2;road_4_1_2_0;road_4_1_2_0;road_4_1_2_0;road_4_1_2_1;road_4_1_2_1;road_4_1_2_1;road_4_1_2_2;road_4_1_2_2;road_4_1_2_2;road_3_0_1_0;road_3_0_1_0;road_3_0_1_0;road_3_0_1_1;road_3_0_1_1;road_3_0_1_1;road_3_0_1_2;road_3_0_1_2;road_3_0_1_2;road_2_1_0_0;road_2_1_0_0;road_2_1_0_0;road_2_1_0_1;road_2_1_0_1;road_2_1_0_1;road_2_1_0_2;road_2_1_0_2;road_2_1_0_2,GGGrrrrrrGGGrrrrrrGGGrrrrrrGGGGGGGGG
300,intersection_3_2,road_3_3_3_0;road_3_3_3_0;road_3_3_3_0;road_3_3_3_1;road_3_3_3_1;road_3_3_3_1;road_3_3_3_2;road_3_3_3_2;road_3_3_3_2;road_4_2_2_0;road_4_2_2_0;road_4_2_2_0;road_4_2_2_1;road_4_2_2_1;road_4_2_2_1;road_4_2_2_2;road_4_2_2_2;road_4_2_2_2;road_3_1_1_0;road_3_1_1_0;road_3_1_1_0;road_3_1_1_1;road_3_1_1_1;road_3_1_1_1;road_3_1_1_2;road_3_1_1_2;road_3_1_1_2;road_2_2_0_0;road_2_2_0_0;road_2_2_0_0;road_2_2_0_1;road_2_2_0_1;road_2_2_0_1;road_2_2_0_2;road_2_2_0_2;road_2_2_0_2,GGGrrrrrrGGGGGGrrrGGGrrrrrrGGGGGGrrr
300,intersection_3_3,road_3_4_3_0;road_3_4_3_0;road_3_4_3_0;road_3_4_3_1;road_3_4_3_1;road_3_4_3_1;road_3_4_3_2;road_3_4_3_2;road_3_4_3_2;road_4_3_2_0;road_4_3_2_0;road_4_3_2_0;road_4_3_2_1;road_4_3_2_1;road_4_3_2_1;road_4_3_2_2;road_4_3_2_2;road_4_3_2_2;road_3_2_1_0;road_3_2_1_0;road_3_2_1_0;road_3_2_1_1;road_3_2_1_1;road_3_2_1_1;road_3_2_1_2;road_3_2_1_2;road_3_2_1_2;road_2_3_0_0;road_2_3_0_0;road_2_3_0_0;road_2_3_0_1;road_2_3_0_1;road_2_3_0_1;road_2_3_0_2;road_2_3_0_2;road_2_3_0_2,GGGrrrrrrGGGGGGGGGGGGrrrrrrGGGrrrrrr
300,intersection_3_4,road_3_5_3_0;road_3_5_3_0;road_3_5_3_0;road_3_5_3_1;road_3_5_3_1;road_3_5_3_1;road_3_5_3_2;road_3_5_3_2;road_3_5_3_2;road_4_4_2_0;road_4_4_2_0;road_4_4_2_0;road_4_4_2_1;road_4_4_2_1;road_4_4_2_1;road_4_4_2_2;road_4_4_2_2;road_4_4_2_2;road_3_3_1_0;road_3_3_1_0;road_3_3_1_0;road_3_3_1_1;road_3_3_1_1;road_3_3_1_1;road_3_3_1_2;road_3_3_1_2;road_3_3_1_2;road_2_4_0_0;road_2_4_0_0;road_2_4_0_0;road_2_4_0_1;road_2_4_0_1;road_2_4_0_1;road_2_4_0_2;road_2_4_0_2;road_2_4_0_2,GGGGGGGGGGGGrrrrrrGGGrrrrrrGGGrrrrrr
300,intersection_4_1,road_4_2_3_0;road_4_2_3_0;road_4_2_3_0;road_4_2_3_1;road_4_2_3_1;road_4_2_3_1;road_4_2_3_2;road_4_2_3_2;road_4_2_3_2;road_5_1_2_0;road_5_1_2_0;road_5_1_2_0;road_5_1_2_1;road_5_1_2_1;road_5_1_2_1;road_5_1_2_2;road_5_1_2_2;road_5_1_2_2;road_4_0_1_0;road_4_0_1_0;road_4_0_1_0;road_4_0_1_1;road_4_0_1_1;road_4_0_1_1;road_4_0_1_2;road_4_0_1_2;road_4_0_1_2;road_3_1_0_0;road_3_1_0_0;road_3_1_0_0;road_3_1_0_1;road_3_1_0_1;road_3_1_0_1;road_3_1_0_2;road_3_1_0_2;road_3_1_0_2,GGGrrrrrrGGGGGGrrrGGGrrrrrrGGGGGGrrr
300,intersection_4_2,road_4_3_3_0;road_4_3_3_0;road_4_3_3_0;road_4_3_3_1;road_4_3_3_1;road_4_3_3_1;road_4_3_3_2;road_4_3_3_2;road_4_3_3_2;road_5_2_2_0;road_5_2_2_0;road_5_2_2_0;road_5_2_2_1;road_5_2_2_1;road_5_2_2_1;road_5_2_2_2;road_5_2_2_2;road_5_2_2_2;road_4_1_1_0;road_4_1_1_0;road_4_1_1_0;road_4_1_1_1;road_4_1_1_1;road_4_1_1_1;road_4_1_1_2;road_4_1_1_2;road_4_1_1_2;road_3_2_0_0;road_3_2_0_0;road_3_2_0_0;road_3_2_0_1;road_3_2_0_1;road_3_2_0_1;road_3_2_0_2;road_3_2_0_2;road_3_2_0_2,GGGrrrrrrGGGGGGrrrGGGrrrrrrGGGGGGrrr
300,intersection_4_3,road_4_4_3_0;road_4_4_3_0;road_4_4_3_0;road_4_4_3_1;road_4_4_3_1;road_4_4_3_1;road_4_4_3_2;road_4_4_3_2;road_4_4_3_2;road_5_3_2_0;road_5_3_2_0;road_5_3_2_0;road_5_3_2_1;road_5_3_2_1;road_5_3_2_1;road_5_3_2_2;road_5_3_2_2;road_5_3_2_2;road_4_2_1_0;road_4_2_1_0;road_4_2_1_0;road_4_2_1_1;road_4_2_1_1;road_4_2_1_1;road_4_2_1_2;road_4_2_1_2;road_4_2_1_2;road_3_3_0_0;road_3_3_0_0;road_3_3_0_0;road_3_3_0_1;road_3_3_0_1;road_3_3_0_1;road_3_3_0_2;road_3_3_0_2;road_3_3_0_2,GGGrrrrrrGGGGGGGGGGGGrrrrrrGGGrrrrrr
300,intersection_4_4,road_4_5_3_0;road_4_5_3_0;road_4_5_3_0;road_4_5_3_1;road_4_5_3_1;road_4_5_3_1;road_4_5_3_2;road_4_5_3_2;road_4_5_3_2;road_5_4_2_0;road_5_4_2_0;road_5_4_2_0;road_5_4_2_1;road_5_4_2_1;road_5_4_2_1;road_5_4_2_2;road_5_4_2_2;road_5_4_2_2;road_4_3_1_0;road_4_3_1_0;road_4_3_1_0;road_4_3_1_1;road_4_3_1_1;road_4_3_1_1;road_4_3_1_2;road_4_3_1_2;road_4_3_1_2;road_3_4_0_0;road_3_4_0_0;road_3_4_0_0;road_3_4_0_1;road_3_4_0_1;road_3_4_0_1;road_3_4_0_2;road_3_4_0_2;road_3_4_0_2,GGGrrrGGGGGGrrrrrrGGGrrrGGGGGGrrrrrr
310,intersection_1_1,road_1_2_3_0;road_1_2_3_0;road_1_2_3_0;road_1_2_3_1;road_1_2_3_1;road_1_2_3_1;road_1_2_3_2;road_1_2_3_2;road_1_2_3_2;road_2_1_2_0;road_2_1_2_0;road_2_1_2_0;road_2_1_2_1;road_2_1_2_1;road_2_1_2_1;road_2_1_2_2;road_2_1_2_2;road_2_1_2_2;road_1_0_1_0;road_1_0_1_0;road_1_0_1_0;road_1_0_1_1;road_1_0_1_1;road_1_0_1_1;road_1_0_1_2;road_1_0_1_2;road_1_0_1_2;road_0_1_0_0;road_0_1_0_0;road_0_1_0_0;road_0_1_0_1;road_0_1_0_1;road_0_1_0_1;road_0_1_0_2;road_0_1_0_2;road_0_1_0_2,GGGrrrrrrGGGrrrrrrGGGrrrrrrGGGGGGGGG
310,intersection_1_2,road_1_3_3_0;road_1_3_3_0;road_1_3_3_0;road_1_3_3_1;road_1_3_3_1;road_1_3_3_1;road_1_3_3_2;road_1_3_3_2;road_1_3_3_2;road_2_2_2_0;road_2_2_2_0;road_2_2_2_0;road_2_2_2_1;road_2_2_2_1;road_2_2_2_1;road_2_2_2_2;road_2_2_2_2;road_2_2_2_2;road_1_1_1_0;road_1_1_1_0;road_1_1_1_0;road_1_1_1_1;road_1_1_1_1;road_1_1_1_1;road_1_1_1_2;road_1_1_1_2;road_1_1_1_2;road_0_2_0_0;road_0_2_0_0;road_0_2_0_0;road_0_2_0_1;road_0_2_0_1;road_0_2_0_1;road_0_2_0_2;road_0_2_0_2;road_0_2_0_2,GGGrrrrrrGGGGGGrrrGGGrrrrrrGGGGGGrrr
310,intersection_1_3,road_1_4_3_0;road_1_4_3_0;road_1_4_3_0;road_1_4_3_1;road_1_4_3_1;road_1_4_3_1;road_1_4_3_2;road_1_4_3_2;road_1_4_3_2;road_2_3_2_0;road_2_3_2_0;road_2_3_2_0;road_2_3_2_1;road_2_3_2_1;road_2_3_2_1;road_2_3_2_2;road_2_3_2_2;road_2_3_2_2;road_1_2_1_0;road_1_2_1_0;road_1_2_1_0;road_1_2_1_1;road_1_2_1_1;road_1_2_1_1;road_1_2_1_2;road_1_2_1_2;road_1_2_1_2;road_0_3_0_0;road_0_3_0_0;road_0_3_0_0;road_0_3_0_1;road_0_3_0_1;road_0_3_0_1;road_0_3_0_2;road_0_3_0_2;road_0_3_0_2,GGGrrrrrrGGGGGGrrrGGGrrrrrrGGGGGGrrr
310,intersection_1_4,road_1_5_3_0;road_1_5_3_0;road_1_5_3_0;road_1_5_3_1;road_1_5_3_1;road_1_5_3_1;road_1_5_3_2;road_1_5_3_2;road_1_5_3_2;road_2_4_2_0;road_2_4_2_0;road_2_4_2_0;road_2_4_2_1;road_2_4_2_1;road_2_4_2_1;road_2_4_2_2;road_2_4_2_2;road_2_4_2_2;road_1_3_1_0;road_1_3_1_0;road_1_3_1_0;road_1_3_1_1;road_1_3_1_1;road_1_3_1_1;road_1_3_1_2;road_1_3_1_2;road_1_3_1_2;road_0_4_0_0;road_0_4_0_0;road_0_4_0_0;road_0_4_0_1;road_0_4_0_1;road_0_4_0_1;road_0_4_0_2;road_0_4_0_2;road_0_4_0_2,GGGGGGGGGGGGrrrrrrGGGrrrrrrGGGrrrrrr
310,intersection_2_1,road_2_2_3_0;road_2_2_3_0;road_2_2_3_0;road_2_2_3_1;road_2_2_3_1;road_2_2_3_1;road_2_2_3_2;road_2_2_3_2;road_2_2_3_2;road_3_1_2_0;road_3_1_2_0;road_3_1_2_0;road_3_1_2_1;road_3_1_2_1;road_3_1_2_1;road_3_1_2_2;road_3_1_2_2;road_3_1_2_2;road_2_0_1_0;road_2_0_1_0;road_2_0_1_0;road_2_0_1_1;road_2_0_1_1;road_2_0_1_1;road_2_0_1_2;road_2_0_1_2;road_2_0_1_2;road_1_1_0_0;road_1_1_0_0;road_1_1_0_0;road_1_1_0_1;road_1_1_0_1;road_1_1_0_1;road_1_1_0_2;road_1_1_0_2;road_1_1_0_2,GGGrrrrrrGGGrrrrrrGGGrrrrrrGGGGGGGGG
310,intersection_2_2,road_2_3_3_0;road_2_3_3_0;road_2_3_3_0;road_2_3_3_1;road_2_3_3_1;road_2_3_3_1;road_2_3_3_2;road_2_3_3_2;road_2_3_3_2;road_3_2_2_0;road_3_2_2_0;road_3_2_2_0;road_3_2_2_1;road_3_2_2_1;road_3_2_2_1;road_3_2_2_2;road_3_2_2_2;road_3_2_2_2;road_2_1_1_0;road_2_1_1_0;road_2_1_1_0;road_2_1_1_1;road_2_1_1_1;road_2_1_1_1;road_2_1_1_2;road_2_1_1_2;road_2_1_1_2;road_1_2_0_0;road_1_2_0_0;road_1_2_0_0;road_1_2_0_1;road_1_2_0_1;road_1_2_0_1;road_1_2_0_2;road_1_2_0_2;road_1_2_0_2,GGGrrrrrrGGGGGGrrrGGGrrrrrrGGGGGGrrr
310,intersection_2_3,road_2_4_3_0;road_2_4_3_0;road_2_4_3_0;road_2_4_3_1;road_2_4_3_1;road_2_4_3_1;road_2_4_3_2;road_2_4_3_2;road_2_4_3_2;road_3_3_2_0;road_3_3_2_0;road_3_3_2_0;road_3_3_2_1;road_3_3_2_1;road_3_3_2_1;road_3_3_2_2;road_3_3_2_2;road_3_3_2_2;road_2_2_1_0;road_2_2_1_0;road_2_2_1_0;road_2_2_1_1;road_2_2_1_1;road_2_2_1_1;road_2_2_1_2;road_2_2_1_2;road_2_2_1_2;road_1_3_0_0;road_1_3_0_0;road_1_3_0_0;road_1_3_0_1;road_1_3_0_1;road_1_3_0_1;road_1_3_0_2;road_1_3_0_2;road_1_3_0_2,GGGrrrrrrGGGGGGrrrGGGrrrrrrGGGGGGrrr
310,intersection_2_4,road_2_5_3_0;road_2_5_3_0;road_2_5_3_0;road_2_5_3_1;road_2_5_3_1;road_2_5_3_1;road_2_5_3_2;road_2_5_3_2;road_2_5_3_2;road_3_4_2_0;road_3_4_2_0;road_3_4_2_0;road_3_4_2_1;road_3_4_2_1;road_3_4_2_1;road_3_4_2_2;road_3_4_2_2;road_3_4_2_2;road_2_3_1_0;road_2_3_1_0;road_2_3_1_0;road_2_3_1_1;road_2_3_1_1;road_2_3_1_1;road_2_3_1_2;road_2_3_1_2;road_2_3_1_2;road_1_4_0_0;road_1_4_0_0;road_1_4_0_0;road_1_4_0_1;road_1_4_0_1;road_1_4_0_1;road_1_4_0_2;road_1_4_0_2;road_1_4_0_2,GGGrrrrrrGGGrrrrrrGGGrrrrrrGGGGGGGGG
310,intersection_3_1,road_3_2_3_0;road_3_2_3_0;road_3_2_3_0;road_3_2_3_1;road_3_2_3_1;road_3_2_3_1;road_3_2_3_2;road_3_2_3_2;road_3_2_3_2;road_4_1_2_0;road_4_1_2_0;road_4_1_2_0;road_4_1_2_1;road_4_1_2_1;road_4_1_2_1;road_4_1_2_2;road_4_1_2_2;road_4_1_2_2;road_3_0_1_0;road_3_0_1_0;road_3_0_1_0;road_3_0_1_1;road_3_0_1_1;road_3_0_1_1;road_3_0_1_2;road_3_0_1_2;road_3_0_1_2;road_2_1_0_0;road_2_1_0_0;road_2_1_0_0;road_2_1_0_1;road_2_1_0_1;road_2_1_0_1;road_2_1_0_2;road_2_1_0_2;road_2_1_0_2,GGGrrrrrrGGGrrrrrrGGGrrrrrrGGGGGGGGG
310,intersection_3_2,road_3_3_3_0;road_3_3_3_0;road_3_3_3_0;road_3_3_3_1;road_3_3_3_1;road_3_3_3_1;road_3_3_3_2;road_3_3_3_2;road_3_3_3_2;road_4_2_2_0;road_4_2_2_0;road_4_2_2_0;road_4_2_2_1;road_4_2_2_1;road_4_2_2_1;road_4_2_2_2;road_4_2_2_2;road_4_2_2_2;road_3_1_1_0;road_3_1_1_0;road_3_1_1_0;road_3_1_1_1;road_3_1_1_1;road_3_1_1_1;road_3_1_1_2;road_3_1_1_2;road_3_1_1_2;road_2_2_0_0;road_2_2_0_0;road_2_2_0_0;road_2_2_0_1;road_2_2_0_1;road_2_2_0_1;road_2_2_0_2;road_2_2_0_2;road_2_2_0_2,GGGrrrrrrGGGGGGrrrGGGrrrrrrGGGGGGrrr
310,intersection_3_3,road_3_4_3_0;road_3_4_3_0;road_3_4_3_0;road_3_4_3_1;road_3_4_3_1;road_3_4_3_1;road_3_4_3_2;road_3_4_3_2;road_3_4_3_2;road_4_3_2_0;road_4_3_2_0;road_4_3_2_0;road_4_3_2_1;road_4_3_2_1;road_4_3_2_1;road_4_3_2_2;road_4_3_2_2;road_4_3_2_2;road_3_2_1_0;road_3_2_1_0;road_3_2_1_0;road_3_2_1_1;road_3_2_1_1;road_3_2_1_1;road_3_2_1_2;road_3_2_1_2;road_3_2_1_2;road_2_3_0_0;road_2_3_0_0;road_2_3_0_0;road_2_3_0_1;road_2_3_0_1;road_2_3_0_1;road_2_3_0_2;road_2_3_0_2;road_2_3_0_2,GGGrrrrrrGGGGGGGGGGGGrrrrrrGGGrrrrrr
310,intersection_3_4,road_3_5_3_0;road_3_5_3_0;road_3_5_3_0;road_3_5_3_1;road_3_5_3_1;road_3_5_3_1;road_3_5_3_2;road_3_5_3_2;road_3_5_3_2;road_4_4_2_0;road_4_4_2_0;road_4_4_2_0;road_4_4_2_1;road_4_4_2_1;road_4_4_2_1;road_4_4_2_2;road_4_4_2_2;road_4_4_2_2;road_3_3_1_0;road_3_3_1_0;road_3_3_1_0;road_3_3_1_1;road_3_3_1_1;road_3_3_1_1;road_3_3_1_2;road_3_3_1_2;road_3_3_1_2;road_2_4_0_0;road_2_4_0_0;road_2_4_0_0;road_2_4_0_1;road_2_4_0_1;road_2_4_0_1;road_2_4_0_2;road_2_4_0_2;road_2_4_0_2,GGGGGGGGGGGGrrrrrrGGGrrrrrrGGGrrrrrr
310,intersection_4_1,road_4_2_3_0;road_4_2_3_0;road_4_2_3_0;road_4_2_3_1;road_4_2_3_1;road_4_2_3_1;road_4_2_3_2;road_4_2_3_2;road_4_2_3_2;road_5_1_2_0;road_5_1_2_0;road_5_1_2_0;road_5_1_2_1;road_5_1_2_1;road_5_1_2_1;road_5_1_2_2;road_5_1_2_2;road_5_1_2_2;road_4_0_1_0;road_4_0_1_0;road_4_0_1_0;road_4_0_1_1;road_4_0_1_1;road_4_0_1_1;road_4_0_1_2;road_4_0_1_2;road_4_0_1_2;road_3_1_0_0;road_3_1_0_0;road_3_1_0_0;road_3_1_0_1;road_3_1_0_1;road_3_1_0_1;road_3_1_0_2;road_3_1_0_2;road_3_1_0_2,GGGrrrrrrGGGGGGrrrGGGrrrrrrGGGGGGrrr
310,intersection_4_2,road_4_3_3_0;road_4_3_3_0;road_4_3_3_0;road_4_3_3_1;road_4_3_3_1;road_4_3_3_1;road_4_3_3_2;road_4_3_3_2;road_4_3_3_2;road_5_2_2_0;road_5_2_2_0;road_5_2_2_0;road_5_2_2_1;road_5_2_2_1;road_5_2_2_1;road_5_2_2_2;road_5_2_2_2;road_5_2_2_2;road_4_1_1_0;road_4_1_1_0;road_4_1_1_0;road_4_1_1_1;road_4_1_1_1;road_4_1_1_1;road_4_1_1_2;road_4_1_1_2;road_4_1_1_2;road_3_2_0_0;road_3_2_0_0;road_3_2_0_0;road_3_2_0_1;road_3_2_0_1;road_3_2_0_1;road_3_2_0_2;road_3_2_0_2;road_3_2_0_2,GGGrrrrrrGGGGGGrrrGGGrrrrrrGGGGGGrrr
310,intersection_4_3,road_4_4_3_0;road_4_4_3_0;road_4_4_3_0;road_4_4_3_1;road_4_4_3_1;road_4_4_3_1;road_4_4_3_2;road_4_4_3_2;road_4_4_3_2;road_5_3_2_0;road_5_3_2_0;road_5_3_2_0;road_5_3_2_1;road_5_3_2_1;road_5_3_2_1;road_5_3_2_2;road_5_3_2_2;road_5_3_2_2;road_4_2_1_0;road_4_2_1_0;road_4_2_1_0;road_4_2_1_1;road_4_2_1_1;road_4_2_1_1;road_4_2_1_2;road_4_2_1_2;road_4_2_1_2;road_3_3_0_0;road_3_3_0_0;road_3_3_0_0;road_3_3_0_1;road_3_3_0_1;road_3_3_0_1;road_3_3_0_2;road_3_3_0_2;road_3_3_0_2,GGGrrrrrrGGGGGGGGGGGGrrrrrrGGGrrrrrr
310,intersection_4_4,road_4_5_3_0;road_4_5_3_0;road_4_5_3_0;road_4_5_3_1;road_4_5_3_1;road_4_5_3_1;road_4_5_3_2;road_4_5_3_2;road_4_5_3_2;road_5_4_2_0;road_5_4_2_0;road_5_4_2_0;road_5_4_2_1;road_5_4_2_1;road_5_4_2_1;road_5_4_2_2;road_5_4_2_2;road_5_4_2_2;road_4_3_1_0;road_4_3_1_0;road_4_3_1_0;road_4_3_1_1;road_4_3_1_1;road_4_3_1_1;road_4_3_1_2;road_4_3_1_2;road_4_3_1_2;road_3_4_0_0;road_3_4_0_0;road_3_4_0_0;road_3_4_0_1;road_3_4_0_1;road_3_4_0_1;road_3_4_0_2;road_3_4_0_2;road_3_4_0_2,GGGrrrGGGGGGrrrrrrGGGrrrGGGGGGrrrrrr
320,intersection_1_1,road_1_2_3_0;road_1_2_3_0;road_1_2_3_0;road_1_2_3_1;road_1_2_3_1;road_1_2_3_1;road_1_2_3_2;road_1_2_3_2;road_1_2_3_2;road_2_1_2_0;road_2_1_2_0;road_2_1_2_0;road_2_1_2_1;road_2_1_2_1;road_2_1_2_1;road_2_1_2_2;road_2_1_2_2;road_2_1_2_2;road_1_0_1_0;road_1_0_1_0;road_1_0_1_0;road_1_0_1_1;road_1_0_1_1;road_1_0_1_1;road_1_0_1_2;road_1_0_1_2;road_1_0_1_2;road_0_1_0_0;road_0_1_0_0;road_0_1_0_0;road_0_1_0_1;road_0_1_0_1;road_0_1_0_1;road_0_1_0_2;road_0_1_0_2;road_0_1_0_2,GGGrrrrrrGGGrrrrrrGGGrrrrrrGGGGGGGGG
320,intersection_1_2,road_1_3_3_0;road_1_3_3_0;road_1_3_3_0;road_1_3_3_1;road_1_3_3_1;road_1_3_3_1;road_1_3_3_2;road_1_3_3_2;road_1_3_3_2;road_2_2_2_0;road_2_2_2_0;road_2_2_2_0;road_2_2_2_1;road_2_2_2_1;road_2_2_2_1;road_2_2_2_2;road_2_2_2_2;road_2_2_2_2;road_1_1_1_0;road_1_1_1_0;road_1_1_1_0;road_1_1_1_1;road_1_1_1_1;road_1_1_1_1;road_1_1_1_2;road_1_1_1_2;road_1_1_1_2;road_0_2_0_0;road_0_2_0_0;road_0_2_0_0;road_0_2_0_1;road_0_2_0_1;road_0_2_0_1;road_0_2_0_2;road_0_2_0_2;road_0_2_0_2,GGGrrrrrrGGGGGGrrrGGGrrrrrrGGGGGGrrr
320,intersection_1_3,road_1_4_3_0;road_1_4_3_0;road_1_4_3_0;road_1_4_3_1;road_1_4_3_1;road_1_4_3_1;road_1_4_3_2;road_1_4_3_2;road_1_4_3_2;road_2_3_2_0;road_2_3_2_0;road_2_3_2_0;road_2_3_2_1;road_2_3_2_1;road_2_3_2_1;road_2_3_2_2;road_2_3_2_2;road_2_3_2_2;road_1_2_1_0;road_1_2_1_0;road_1_2_1_0;road_1_2_1_1;road_1_2_1_1;road_1_2_1_1;road_1_2_1_2;road_1_2_1_2;road_1_2_1_2;road_0_3_0_0;road_0_3_0_0;road_0_3_0_0;road_0_3_0_1;road_0_3_0_1;road_0_3_0_1;road_0_3_0_2;road_0_3_0_2;road_0_3_0_2,GGGrrrrrrGGGGGGrrrGGGrrrrrrGGGGGGrrr
320,intersection_1_4,road_1_5_3_0;road_1_5_3_0;road_1_5_3_0;road_1_5_3_1;road_1_5_3_1;road_1_5_3_1;road_1_5_3_2;road_1_5_3_2;road_1_5_3_2;road_2_4_2_0;road_2_4_2_0;road_2_4_2_0;road_2_4_2_1;road_2_4_2_1;road_2_4_2_1;road_2_4_2_2;road_2_4_2_2;road_2_4_2_2;road_1_3_1_0;road_1_3_1_0;road_1_3_1_0;road_1_3_1_1;road_1_3_1_1;road_1_3_1_1;road_1_3_1_2;road_1_3_1_2;road_1_3_1_2;road_0_4_0_0;road_0_4_0_0;road_0_4_0_0;road_0_4_0_1;road_0_4_0_1;road_0_4_0_1;road_0_4_0_2;road_0_4_0_2;road_0_4_0_2,GGGGGGGGGGGGrrrrrrGGGrrrrrrGGGrrrrrr
320,intersection_2_1,road_2_2_3_0;road_2_2_3_0;road_2_2_3_0;road_2_2_3_1;road_2_2_3_1;road_2_2_3_1;road_2_2_3_2;road_2_2_3_2;road_2_2_3_2;road_3_1_2_0;road_3_1_2_0;road_3_1_2_0;road_3_1_2_1;road_3_1_2_1;road_3_1_2_1;road_3_1_2_2;road_3_1_2_2;road_3_1_2_2;road_2_0_1_0;road_2_0_1_0;road_2_0_1_0;road_2_0_1_1;road_2_0_1_1;road_2_0_1_1;road_2_0_1_2;road_2_0_1_2;road_2_0_1_2;road_1_1_0_0;road_1_1_0_0;road_1_1_0_0;road_1_1_0_1;road_1_1_0_1;road_1_1_0_1;road_1_1_0_2;road_1_1_0_2;road_1_1_0_2,GGGrrrrrrGGGGGGrrrGGGrrrrrrGGGGGGrrr
320,intersection_2_2,road_2_3_3_0;road_2_3_3_0;road_2_3_3_0;road_2_3_3_1;road_2_3_3_1;road_2_3_3_1;road_2_3_3_2;road_2_3_3_2;road_2_3_3_2;road_3_2_2_0;road_3_2_2_0;road_3_2_2_0;road_3_2_2_1;road_3_2_2_1;road_3_2_2_1;road_3_2_2_2;road_3_2_2_2;road_3_2_2_2;road_2_1_1_0;road_2_1_1_0;road_2_1_1_0;road_2_1_1_1;road_2_1_1_1;road_2_1_1_1;road_2_1_1_2;road_2_1_1_2;road_2_1_1_2;road_1_2_0_0;road_1_2_0_0;road_1_2_0_0;road_1_2_0_1;road_1_2_0_1;road_1_2_0_1;road_1_2_0_2;road_1_2_0_2;road_1_2_0_2,GGGrrrrrrGGGGGGrrrGGGrrrrrrGGGGGGrrr
320,intersection_2_3,road_2_4_3_0;road_2_4_3_0;road_2_4_3_0;road_2_4_3_1;road_2_4_3_1;road_2_4_3_1;road_2_4_3_2;road_2_4_3_2;road_2_4_3_2;road_3_3_2_0;road_3_3_2_0;road_3_3_2_0;road_3_3_2_1;road_3_3_2_1;road_3_3_2_1;road_3_3_2_2;road_3_3_2_2;road_3_3_2_2;road_2_2_1_0;road_2_2_1_0;road_2_2_1_0;road_2_2_1_1;road_2_2_1_1;road_2_2_1_1;road_2_2_1_2;road_2_2_1_2;road_2_2_1_2;road_1_3_0_0;road_1_3_0_0;road_1_3_0_0;road_1_3_0_1;road_1_3_0_1;road_1_3_0_1;road_1_3_0_2;road_1_3_0_2;road_1_3_0_2,GGGrrrrrrGGGGGGrrrGGGrrrrrrGGGGGGrrr
320,intersection_2_4,road_2_5_3_0;road_2_5_3_0;road_2_5_3_0;road_2_5_3_1;road_2_5_3_1;road_2_5_3_1;road_2_5_3_2;road_2_5_3_2;road_2_5_3_2;road_3_4_2_0;road_3_4_2_0;road_3_4_2_0;road_3_4_2_1;road_3_4_2_1;road_3_4_2_1;road_3_4_2_2;road_3_4_2_2;road_3_4_2_2;road_2_3_1_0;road_2_3_1_0;road_2_3_1_0;road_2_3_1_1;road_2_3_1_1;road_2_3_1_1;road_2_3_1_2;road_2_3_1_2;road_2_3_1_2;road_1_4_0_0;road_1_4_0_0;road_1_4_0_0;road_1_4_0_1;road_1_4_0_1;road_1_4_0_1;road_1_4_0_2;road_1_4_0_2;road_1_4_0_2,GGGrrrrrrGGGGGGrrrGGGrrrrrrGGGGGGrrr
320,intersection_3_1,road_3_2_3_0;road_3_2_3_0;road_3_2_3_0;road_3_2_3_1;road_3_2_3_1;road_3_2_3_1;road_3_2_3_2;road_3_2_3_2;road_3_2_3_2;road_4_1_2_0;road_4_1_2_0;road_4_1_2_0;road_4_1_2_1;road_4_1_2_1;road_4_1_2_1;road_4_1_2_2;road_4_1_2_2;road_4_1_2_2;road_3_0_1_0;road_3_0_1_0;road_3_0_1_0;road_3_0_1_1;road_3_0_1_1;road_3_0_1_1;road_3_0_1_2;road_3_0_1_2;road_3_0_1_2;road_2_1_0_0;road_2_1_0_0;road_2_1_0_0;road_2_1_0_1;road_2_1_0_1;road_2_1_0_1;road_2_1_0_2;road_2_1_0_2;road_2_1_0_2,GGGrrrrrrGGGrrrrrrGGGrrrrrrGGGGGGGGG
320,intersection_3_2,road_3_3_3_0;road_3_3_3_0;road_3_3_3_0;road_3_3_3_1;road_3_3_3_1;road_3_3_3_1;road_3_3_3_2;road_3_3_3_2;road_3_3_3_2;road_4_2_2_0;road_4_2_2_0;road_4_2_2_0;road_4_2_2_1;road_4_2_2_1;road_4_2_2_1;road_4_2_2_2;road_4_2_2_2;road_4_2_2_2;road_3_1_1_0;road_3_1_1_0;road_3_1_1_0;road_3_1_1_1;road_3_1_1_1;road_3_1_1_1;road_3_1_1_2;road_3_1_1_2;road_3_1_1_2;road_2_2_0_0;road_2_2_0_0;road_2_2_0_0;road_2_2_0_1;road_2_2_0_1;road_2_2_0_1;road_2_2_0_2;road_2_2_0_2;road_2_2_0_2,GGGrrrrrrGGGGGGrrrGGGrrrrrrGGGGGGrrr
320,intersection_3_3,road_3_4_3_0;road_3_4_3_0;road_3_4_3_0;road_3_4_3_1;road_3_4_3_1;road_3_4_3_1;road_3_4_3_2;road_3_4_3_2;road_3_4_3_2;road_4_3_2_0;road_4_3_2_0;road_4_3_2_0;road_4_3_2_1;road_4_3_2_1;road_4_3_2_1;road_4_3_2_2;road_4_3_2_2;road_4_3_2_2;road_3_2_1_0;road_3_2_1_0;road_3_2_1_0;road_3_2_1_1;road_3_2_1_1;road_3_2_1_1;road_3_2_1_2;road_3_2_1_2;road_3_2_1_2;road_2_3_0_0;road_2_3_0_0;road_2_3_0_0;road_2_3_0_1;road_2_3_0_1;road_2_3_0_1;road_2_3_0_2;road_2_3_0_2;road_2_3_0_2,GGGrrrrrrGGGGGGGGGGGGrrrrrrGGGrrrrrr
320,intersection_3_4,road_3_5_3_0;road_3_5_3_0;road_3_5_3_0;road_3_5_3_1;road_3_5_3_1;road_3_5_3_1;road_3_5_3_2;road_3_5_3_2;road_3_5_3_2;road_4_4_2_0;road_4_4_2_0;road_4_4_2_0;road_4_4_2_1;road_4_4_2_1;road_4_4_2_1;road_4_4_2_2;road_4_4_2_2;road_4_4_2_2;road_3_3_1_0;road_3_3_1_0;road_3_3_1_0;road_3_3_1_1;road_3_3_1_1;road_3_3_1_1;road_3_3_1_2;road_3_3_1_2;road_3_3_1_2;road_2_4_0_0;road_2_4_0_0;road_2_4_0_0;road_2_4_0_1;road_2_4_0_1;road_2_4_0_1;road_2_4_0_2;road_2_4_0_2;road_2_4_0_2,GGGGGGrrrGGGrrrrrrGGGGGGrrrGGGrrrrrr
320,intersection_4_1,road_4_2_3_0;road_4_2_3_0;road_4_2_3_0;road_4_2_3_1;road_4_2_3_1;road_4_2_3_1;road_4_2_3_2;road_4_2_3_2;road_4_2_3_2;road_5_1_2_0;road_5_1_2_0;road_5_1_2_0;road_5_1_2_1;road_5_1_2_1;road_5_1_2_1;road_5_1_2_2;road_5_1_2_2;road_5_1_2_2;road_4_0_1_0;road_4_0_1_0;road_4_0_1_0;road_4_0_1_1;road_4_0_1_1;road_4_0_1_1;road_4_0_1_2;road_4_0_1_2;road_4_0_1_2;road_3_1_0_0;road_3_1_0_0;road_3_1_0_0;road_3_1_0_1;road_3_1_0_1;road_3_1_0_1;road_3_1_0_2;road_3_1_0_2;road_3_1_0_2,GGGrrrrrrGGGGGGrrrGGGrrrrrrGGGGGGrrr
320,intersection_4_2,road_4_3_3_0;road_4_3_3_0;road_4_3_3_0;road_4_3_3_1;road_4_3_3_1;road_4_3_3_1;road_4_3_3_2;road_4_3_3_2;road_4_3_3_2;road_5_2_2_0;road_5_2_2_0;road_5_2_2_0;road_5_2_2_1;road_5_2_2_1;road_5_2_2_1;road_5_2_2_2;road_5_2_2_2;road_5_2_2_2;road_4_1_1_0;road_4_1_1_0;road_4_1_1_0;road_4_1_1_1;road_4_1_1_1;road_4_1_1_1;road_4_1_1_2;road_4_1_1_2;road_4_1_1_2;road_3_2_0_0;road_3_2_0_0;road_3_2_0_0;road_3_2_0_1;road_3_2_0_1;road_3_2_0_1;road_3_2_0_2;road_3_2_0_2;road_3_2_0_2,GGGrrrrrrGGGGGGrrrGGGrrrrrrGGGGGGrrr
320,intersection_4_3,road_4_4_3_0;road_4_4_3_0;road_4_4_3_0;road_4_4_3_1;road_4_4_3_1;road_4_4_3_1;road_4_4_3_2;road_4_4_3_2;road_4_4_3_2;road_5_3_2_0;road_5_3_2_0;road_5_3_2_0;road_5_3_2_1;road_5_3_2_1;road_5_3_2_1;road_5_3_2_2;road_5_3_2_2;road_5_3_2_2;road_4_2_1_0;road_4_2_1_0;road_4_2_1_0;road_4_2_1_1;road_4_2_1_1;road_4_2_1_1;road_4_2_1_2;road_4_2_1_2;road_4_2_1_2;road_3_3_0_0;road_3_3_0_0;road_3_3_0_0;road_3_3_0_1;road_3_3_0_1;road_3_3_0_1;road_3_3_0_2;road_3_3_0_2;road_3_3_0_2,GGGrrrrrrGGGGGGGGGGGGrrrrrrGGGrrrrrr
320,intersection_4_4,road_4_5_3_0;road_4_5_3_0;road_4_5_3_0;road_4_5_3_1;road_4_5_3_1;road_4_5_3_1;road_4_5_3_2;road_4_5_3_2;road_4_5_3_2;road_5_4_2_0;road_5_4_2_0;road_5_4_2_0;road_5_4_2_1;road_5_4_2_1;road_5_4_2_1;road_5_4_2_2;road_5_4_2_2;road_5_4_2_2;road_4_3_1_0;road_4_3_1_0;road_4_3_1_0;road_4_3_1_1;road_4_3_1_1;road_4_3_1_1;road_4_3_1_2;road_4_3_1_2;road_4_3_1_2;road_3_4_0_0;road_3_4_0_0;road_3_4_0_0;road_3_4_0_1;road_3_4_0_1;road_3_4_0_1;road_3_4_0_2;road_3_4_0_2;road_3_4_0_2,GGGrrrGGGGGGrrrrrrGGGrrrGGGGGGrrrrrr
330,intersection_1_1,road_1_2_3_0;road_1_2_3_0;road_1_2_3_0;road_1_2_3_1;road_1_2_3_1;road_1_2_3_1;road_1_2_3_2;road_1_2_3_2;road_1_2_3_2;road_2_1_2_0;road_2_1_2_0;road_2_1_2_0;road_2_1_2_1;road_2_1_2_1;road_2_1_2_1;road_2_1_2_2;road_2_1_2_2;road_2_1_2_2;road_1_0_1_0;road_1_0_1_0;road_1_0_1_0;road_1_0_1_1;road_1_0_1_1;road_1_0_1_1;road_1_0_1_2;road_1_0_1_2;road_1_0_1_2;road_0_1_0_0;road_0_1_0_0;road_0_1_0_0;road_0_1_0_1;road_0_1_0_1;road_0_1_0_1;road_0_1_0_2;road_0_1_0_2;road_0_1_0_2,GGGrrrrrrGGGrrrrrrGGGrrrrrrGGGGGGGGG
330,intersection_1_2,road_1_3_3_0;road_1_3_3_0;road_1_3_3_0;road_1_3_3_1;road_1_3_3_1;road_1_3_3_1;road_1_3_3_2;road_1_3_3_2;road_1_3_3_2;road_2_2_2_0;road_2_2_2_0;road_2_2_2_0;road_2_2_2_1;road_2_2_2_1;road_2_2_2_1;road_2_2_2_2;road_2_2_2_2;road_2_2_2_2;road_1_1_1_0;road_1_1_1_0;road_1_1_1_0;road_1_1_1_1;road_1_1_1_1;road_1_1_1_1;road_1_1_1_2;road_1_1_1_2;road_1_1_1_2;road_0_2_0_0;road_0_2_0_0;road_0_2_0_0;road_0_2_0_1;road_0_2_0_1;road_0_2_0_1;road_0_2_0_2;road_0_2_0_2;road_0_2_0_2,GGGrrrrrrGGGGGGrrrGGGrrrrrrGGGGGGrrr
330,intersection_1_3,road_1_4_3_0;road_1_4_3_0;road_1_4_3_0;road_1_4_3_1;road_1_4_3_1;road_1_4_3_1;road_1_4_3_2;road_1_4_3_2;road_1_4_3_2;road_2_3_2_0;road_2_3_2_0;road_2_3_2_0;road_2_3_2_1;road_2_3_2_1;road_2_3_2_1;road_2_3_2_2;road_2_3_2_2;road_2_3_2_2;road_1_2_1_0;road_1_2_1_0;road_1_2_1_0;road_1_2_1_1;road_1_2_1_1;road_1_2_1_1;road_1_2_1_2;road_1_2_1_2;road_1_2_1_2;road_0_3_0_0;road_0_3_0_0;road_0_3_0_0;road_0_3_0_1;road_0_3_0_1;road_0_3_0_1;road_0_3_0_2;road_0_3_0_2;road_0_3_0_2,GGGrrrrrrGGGGGGrrrGGGrrrrrrGGGGGGrrr
330,intersection_1_4,road_1_5_3_0;road_1_5_3_0;road_1_5_3_0;road_1_5_3_1;road_1_5_3_1;road_1_5_3_1;road_1_5_3_2;road_1_5_3_2;road_1_5_3_2;road_2_4_2_0;road_2_4_2_0;road_2_4_2_0;road_2_4_2_1;road_2_4_2_1;road_2_4_2_1;road_2_4_2_2;road_2_4_2_2;road_2_4_2_2;road_1_3_1_0;road_1_3_1_0;road_1_3_1_0;road_1_3_1_1;road_1_3_1_1;road_1_3_1_1;road_1_3_1_2;road_1_3_1_2;road_1_3_1_2;road_0_4_0_0;road_0_4_0_0;road_0_4_0_0;road_0_4_0_1;road_0_4_0_1;road_0_4_0_1;road_0_4_0_2;road_0_4_0_2;road_0_4_0_2,GGGGGGGGGGGGrrrrrrGGGrrrrrrGGGrrrrrr
330,intersection_2_1,road_2_2_3_0;road_2_2_3_0;road_2_2_3_0;road_2_2_3_1;road_2_2_3_1;road_2_2_3_1;road_2_2_3_2;road_2_2_3_2;road_2_2_3_2;road_3_1_2_0;road_3_1_2_0;road_3_1_2_0;road_3_1_2_1;road_3_1_2_1;road_3_1_2_1;road_3_1_2_2;road_3_1_2_2;road_3_1_2_2;road_2_0_1_0;road_2_0_1_0;road_2_0_1_0;road_2_0_1_1;road_2_0_1_1;road_2_0_1_1;road_2_0_1_2;road_2_0_1_2;road_2_0_1_2;road_1_1_0_0;road_1_1_0_0;road_1_1_0_0;road_1_1_0_1;road_1_1_0_1;road_1_1_0_1;road_1_1_0_2;road_1_1_0_2;road_1_1_0_2,GGGrrrrrrGGGGGGrrrGGGrrrrrrGGGGGGrrr
330,intersection_2_2,road_2_3_3_0;road_2_3_3_0;road_2_3_3_0;road_2_3_3_1;road_2_3_3_1;road_2_3_3_1;road_2_3_3_2;road_2_3_3_2;road_2_3_3_2;road_3_2_2_0;road_3_2_2_0;road_3_2_2_0;road_3_2_2_1;road_3_2_2_1;road_3_2_2_1;road_3_2_2_2;road_3_2_2_2;road_3_2_2_2;road_2_1_1_0;road_2_1_1_0;road_2_1_1_0;road_2_1_1_1;road_2_1_1_1;road_2_1_1_1;road_2_1_1_2;road_2_1_1_2;road_2_1_1_2;road_1_2_0_0;road_1_2_0_0;road_1_2_0_0;road_1_2_0_1;road_1_2_0_1;road_1_2_0_1;road_1_2_0_2;road_1_2_0_2;road_1_2_0_2,GGGrrrrrrGGGGGGrrrGGGrrrrrrGGGGGGrrr
330,intersection_2_3,road_2_4_3_0;road_2_4_3_0;road_2_4_3_0;road_2_4_3_1;road_2_4_3_1;road_2_4_3_1;road_2_4_3_2;road_2_4_3_2;road_2_4_3_2;road_3_3_2_0;road_3_3_2_0;road_3_3_2_0;road_3_3_2_1;road_3_3_2_1;road_3_3_2_1;road_3_3_2_2;road_3_3_2_2;road_3_3_2_2;road_2_2_1_0;road_2_2_1_0;road_2_2_1_0;road_2_2_1_1;road_2_2_1_1;road_2_2_1_1;road_2_2_1_2;road_2_2_1_2;road_2_2_1_2;road_1_3_0_0;road_1_3_0_0;road_1_3_0_0;road_1_3_0_1;road_1_3_0_1;road_1_3_0_1;road_1_3_0_2;road_1_3_0_2;road_1_3_0_2,GGGrrrrrrGGGGGGrrrGGGrrrrrrGGGGGGrrr
330,intersection_2_4,road_2_5_3_0;road_2_5_3_0;road_2_5_3_0;road_2_5_3_1;road_2_5_3_1;road_2_5_3_1;road_2_5_3_2;road_2_5_3_2;road_2_5_3_2;road_3_4_2_0;road_3_4_2_0;road_3_4_2_0;road_3_4_2_1;road_3_4_2_1;road_3_4_2_1;road_3_4_2_2;road_3_4_2_2;road_3_4_2_2;road_2_3_1_0;road_2_3_1_0;road_2_3_1_0;road_2_3_1_1;road_2_3_1_1;road_2_3_1_1;road_2_3_1_2;road_2_3_1_2;road_2_3_1_2;road_1_4_0_0;road_1_4_0_0;road_1_4_0_0;road_1_4_0_1;road_1_4_0_1;road_1_4_0_1;road_1_4_0_2;road_1_4_0_2;road_1_4_0_2,GGGrrrrrrGGGGGGrrrGGGrrrrrrGGGGGGrrr
330,intersection_3_1,road_3_2_3_0;road_3_2_3_0;road_3_2_3_0;road_3_2_3_1;road_3_2_3_1;road_3_2_3_1;road_3_2_3_2;road_3_2_3_2;road_3_2_3_2;road_4_1_2_0;road_4_1_2_0;road_4_1_2_0;road_4_1_2_1;road_4_1_2_1;road_4_1_2_1;road_4_1_2_2;road_4_1_2_2;road_4_1_2_2;road_3_0_1_0;road_3_0_1_0;road_3_0_1_0;road_3_0_1_1;road_3_0_1_1;road_3_0_1_1;road_3_0_1_2;road_3_0_1_2;road_3_0_1_2;road_2_1_0_0;road_2_1_0_0;road_2_1_0_0;road_2_1_0_1;road_2_1_0_1;road_2_1_0_1;road_2_1_0_2;road_2_1_0_2;road_2_1_0_2,GGGrrrrrrGGGrrrrrrGGGrrrrrrGGGGGGGGG
330,intersection_3_2,road_3_3_3_0;road_3_3_3_0;road_3_3_3_0;road_3_3_3_1;road_3_3_3_1;road_3_3_3_1;road_3_3_3_2;road_3_3_3_2;road_3_3_3_2;road_4_2_2_0;road_4_2_2_0;road_4_2_2_0;road_4_2_2_1;road_4_2_2_1;road_4_2_2_1;road_4_2_2_2;road_4_2_2_2;road_4_2_2_2;road_3_1_1_0;road_3_1_1_0;road_3_1_1_0;road_3_1_1_1;road_3_1_1_1;road_3_1_1_1;road_3_1_1_2;road_3_1_1_2;road_3_1_1_2;road_2_2_0_0;road_2_2_0_0;road_2_2_0_0;road_2_2_0_1;road_2_2_0_1;road_2_2_0_1;road_2_2_0_2;road_2_2_0_2;road_2_2_0_2,GGGrrrrrrGGGGGGrrrGGGrrrrrrGGGGGGrrr
330,intersection_3_3,road_3_4_3_0;road_3_4_3_0;road_3_4_3_0;road_3_4_3_1;road_3_4_3_1;road_3_4_3_1;road_3_4_3_2;road_3_4_3_2;road_3_4_3_2;road_4_3_2_0;road_4_3_2_0;road_4_3_2_0;road_4_3_2_1;road_4_3_2_1;road_4_3_2_1;road_4_3_2_2;road_4_3_2_2;road_4_3_2_2;road_3_2_1_0;road_3_2_1_0;road_3_2_1_0;road_3_2_1_1;road_3_2_1_1;road_3_2_1_1;road_3_2_1_2;road_3_2_1_2;road_3_2_1_2;road_2_3_0_0;road_2_3_0_0;road_2_3_0_0;road_2_3_0_1;road_2_3_0_1;road_2_3_0_1;road_2_3_0_2;road_2_3_0_2;road_2_3_0_2,GGGrrrrrrGGGGGGGGGGGGrrrrrrGGGrrrrrr
330,intersection_3_4,road_3_5_3_0;road_3_5_3_0;road_3_5_3_0;road_3_5_3_1;road_3_5_3_1;road_3_5_3_1;road_3_5_3_2;road_3_5_3_2;road_3_5_3_2;road_4_4_2_0;road_4_4_2_0;road_4_4_2_0;road_4_4_2_1;road_4_4_2_1;road_4_4_2_1;road_4_4_2_2;road_4_4_2_2;road_4_4_2_2;road_3_3_1_0;road_3_3_1_0;road_3_3_1_0;road_3_3_1_1;road_3_3_1_1;road_3_3_1_1;road_3_3_1_2;road_3_3_1_2;road_3_3_1_2;road_2_4_0_0;road_2_4_0_0;road_2_4_0_0;road_2_4_0_1;road_2_4_0_1;road_2_4_0_1;road_2_4_0_2;road_2_4_0_2;road_2_4_0_2,GGGGGGrrrGGGrrrrrrGGGGGGrrrGGGrrrrrr
330,intersection_4_1,road_4_2_3_0;road_4_2_3_0;road_4_2_3_0;road_4_2_3_1;road_4_2_3_1;road_4_2_3_1;road_4_2_3_2;road_4_2_3_2;road_4_2_3_2;road_5_1_2_0;road_5_1_2_0;road_5_1_2_0;road_5_1_2_1;road_5_1_2_1;road_5_1_2_1;road_5_1_2_2;road_5_1_2_2;road_5_1_2_2;road_4_0_1_0;road_4_0_1_0;road_4_0_1_0;road_4_0_1_1;road_4_0_1_1;road_4_0_1_1;road_4_0_1_2;road_4_0_1_2;road_4_0_1_2;road_3_1_0_0;road_3_1_0_0;road_3_1_0_0;road_3_1_0_1;road_3_1_0_1;road_3_1_0_1;road_3_1_0_2;road_3_1_0_2;road_3_1_0_2,GGGrrrrrrGGGGGGrrrGGGrrrrrrGGGGGGrrr
330,intersection_4_2,road_4_3_3_0;road_4_3_3_0;road_4_3_3_0;road_4_3_3_1;road_4_3_3_1;road_4_3_3_1;road_4_3_3_2;road_4_3_3_2;road_4_3_3_2;road_5_2_2_0;road_5_2_2_0;road_5_2_2_0;road_5_2_2_1;road_5_2_2_1;road_5_2_2_1;road_5_2_2_2;road_5_2_2_2;road_5_2_2_2;road_4_1_1_0;road_4_1_1_0;road_4_1_1_0;road_4_1_1_1;road_4_1_1_1;road_4_1_1_1;road_4_1_1_2;road_4_1_1_2;road_4_1_1_2;road_3_2_0_0;road_3_2_0_0;road_3_2_0_0;road_3_2_0_1;road_3_2_0_1;road_3_2_0_1;road_3_2_0_2;road_3_2_0_2;road_3_2_0_2,GGGrrrrrrGGGGGGrrrGGGrrrrrrGGGGGGrrr
330,intersection_4_3,road_4_4_3_0;road_4_4_3_0;road_4_4_3_0;road_4_4_3_1;road_4_4_3_1;road_4_4_3_1;road_4_4_3_2;road_4_4_3_2;road_4_4_3_2;road_5_3_2_0;road_5_3_2_0;road_5_3_2_0;road_5_3_2_1;road_5_3_2_1;road_5_3_2_1;road_5_3_2_2;road_5_3_2_2;road_5_3_2_2;road_4_2_1_0;road_4_2_1_0;road_4_2_1_0;road_4_2_1_1;road_4_2_1_1;road_4_2_1_1;road_4_2_1_2;road_4_2_1_2;road_4_2_1_2;road_3_3_0_0;road_3_3_0_0;road_3_3_0_0;road_3_3_0_1;road_3_3_0_1;road_3_3_0_1;road_3_3_0_2;road_3_3_0_2;road_3_3_0_2,GGGrrrrrrGGGGGGrrrGGGrrrrrrGGGGGGrrr
330,intersection_4_4,road_4_5_3_0;road_4_5_3_0;road_4_5_3_0;road_4_5_3_1;road_4_5_3_1;road_4_5_3_1;road_4_5_3_2;road_4_5_3_2;road_4_5_3_2;road_5_4_2_0;road_5_4_2_0;road_5_4_2_0;road_5_4_2_1;road_5_4_2_1;road_5_4_2_1;road_5_4_2_2;road_5_4_2_2;road_5_4_2_2;road_4_3_1_0;road_4_3_1_0;road_4_3_1_0;road_4_3_1_1;road_4_3_1_1;road_4_3_1_1;road_4_3_1_2;road_4_3_1_2;road_4_3_1_2;road_3_4_0_0;road_3_4_0_0;road_3_4_0_0;road_3_4_0_1;road_3_4_0_1;road_3_4_0_1;road_3_4_0_2;road_3_4_0_2;road_3_4_0_2,GGGrrrrrrGGGrrrrrrGGGGGGGGGGGGrrrrrr
340,intersection_1_1,road_1_2_3_0;road_1_2_3_0;road_1_2_3_0;road_1_2_3_1;road_1_2_3_1;road_1_2_3_1;road_1_2_3_2;road_1_2_3_2;road_1_2_3_2;road_2_1_2_0;road_2_1_2_0;road_2_1_2_0;road_2_1_2_1;road_2_1_2_1;road_2_1_2_1;road_2_1_2_2;road_2_1_2_2;road_2_1_2_2;road_1_0_1_0;road_1_0_1_0;road_1_0_1_0;road_1_0_1_1;road_1_0_1_1;road_1_0_1_1;road_1_0_1_2;road_1_0_1_2;road_1_0_1_2;road_0_1_0_0;road_0_1_0_0;road_0_1_0_0;road_0_1_0_1;road_0_1_0_1;road_0_1_0_1;road_0_1_0_2;road_0_1_0_2;road_0_1_0_2,GGGrrrrrrGGGrrrrrrGGGrrrrrrGGGGGGGGG
340,intersection_1_2,road_1_3_3_0;road_1_3_3_0;road_1_3_3_0;road_1_3_3_1;road_1_3_3_1;road_1_3_3_1;road_1_3_3_2;road_1_3_3_2;road_1_3_3_2;road_2_2_2_0;road_2_2_2_0;road_2_2_2_0;road_2_2_2_1;road_2_2_2_1;road_2_2_2_1;road_2_2_2_2;road_2_2_2_2;road_2_2_2_2;road_1_1_1_0;road_1_1_1_0;road_1_1_1_0;road_1_1_1_1;road_1_1_1_1;road_1_1_1_1;road_1_1_1_2;road_1_1_1_2;road_1_1_1_2;road_0_2_0_0;road_0_2_0_0;road_0_2_0_0;road_0_2_0_1;road_0_2_0_1;road_0_2_0_1;road_0_2_0_2;road_0_2_0_2;road_0_2_0_2,GGGrrrrrrGGGGGGrrrGGGrrrrrrGGGGGGrrr
340,intersection_1_3,road_1_4_3_0;road_1_4_3_0;road_1_4_3_0;road_1_4_3_1;road_1_4_3_1;road_1_4_3_1;road_1_4_3_2;road_1_4_3_2;road_1_4_3_2;road_2_3_2_0;road_2_3_2_0;road_2_3_2_0;road_2_3_2_1;road_2_3_2_1;road_2_3_2_1;road_2_3_2_2;road_2_3_2_2;road_2_3_2_2;road_1_2_1_0;road_1_2_1_0;road_1_2_1_0;road_1_2_1_1;road_1_2_1_1;road_1_2_1_1;road_1_2_1_2;road_1_2_1_2;road_1_2_1_2;road_0_3_0_0;road_0_3_0_0;road_0_3_0_0;road_0_3_0_1;road_0_3_0_1;road_0_3_0_1;road_0_3_0_2;road_0_3_0_2;road_0_3_0_2,GGGrrrrrrGGGGGGrrrGGGrrrrrrGGGGGGrrr
340,intersection_1_4,road_1_5_3_0;road_1_5_3_0;road_1_5_3_0;road_1_5_3_1;road_1_5_3_1;road_1_5_3_1;road_1_5_3_2;road_1_5_3_2;road_1_5_3_2;road_2_4_2_0;road_2_4_2_0;road_2_4_2_0;road_2_4_2_1;road_2_4_2_1;road_2_4_2_1;road_2_4_2_2;road_2_4_2_2;road_2_4_2_2;road_1_3_1_0;road_1_3_1_0;road_1_3_1_0;road_1_3_1_1;road_1_3_1_1;road_1_3_1_1;road_1_3_1_2;road_1_3_1_2;road_1_3_1_2;road_0_4_0_0;road_0_4_0_0;road_0_4_0_0;road_0_4_0_1;road_0_4_0_1;road_0_4_0_1;road_0_4_0_2;road_0_4_0_2;road_0_4_0_2,GGGGGGGGGGGGrrrrrrGGGrrrrrrGGGrrrrrr
340,intersection_2_1,road_2_2_3_0;road_2_2_3_0;road_2_2_3_0;road_2_2_3_1;road_2_2_3_1;road_2_2_3_1;road_2_2_3_2;road_2_2_3_2;road_2_2_3_2;road_3_1_2_0;road_3_1_2_0;road_3_1_2_0;road_3_1_2_1;road_3_1_2_1;road_3_1_2_1;road_3_1_2_2;road_3_1_2_2;road_3_1_2_2;road_2_0_1_0;road_2_0_1_0;road_2_0_1_0;road_2_0_1_1;road_2_0_1_1;road_2_0_1_1;road_2_0_1_2;road_2_0_1_2;road_2_0_1_2;road_1_1_0_0;road_1_1_0_0;road_1_1_0_0;road_1_1_0_1;road_1_1_0_1;road_1_1_0_1;road_1_1_0_2;road_1_1_0_2;road_1_1_0_2,GGGrrrrrrGGGGGGrrrGGGrrrrrrGGGGGGrrr
340,intersection_2_2,road_2_3_3_0;road_2_3_3_0;road_2_3_3_0;road_2_3_3_1;road_2_3_3_1;road_2_3_3_1;road_2_3_3_2;road_2_3_3_2;road_2_3_3_2;road_3_2_2_0;road_3_2_2_0;road_3_2_2_0;road_3_2_2_1;road_3_2_2_1;road_3_2_2_1;road_3_2_2_2;road_3_2_2_2;road_3_2_2_2;road_2_1_1_0;road_2_1_1_0;road_2_1_1_0;road_2_1_1_1;road_2_1_1_1;road_2_1_1_1;road_2_1_1_2;road_2_1_1_2;road_2_1_1_2;road_1_2_0_0;road_1_2_0_0;road_1_2_0_0;road_1_2_0_1;road_1_2_0_1;road_1_2_0_1;road_1_2_0_2;road_1_2_0_2;road_1_2_0_2,GGGrrrrrrGGGGGGrrrGGGrrrrrrGGGGGGrrr
340,intersection_2_3,road_2_4_3_0;road_2_4_3_0;road_2_4_3_0;road_2_4_3_1;road_2_4_3_1;road_2_4_3_1;road_2_4_3_2;road_2_4_3_2;road_2_4_3_2;road_3_3_2_0;road_3_3_2_0;road_3_3_2_0;road_3_3_2_1;road_3_3_2_1;road_3_3_2_1;road_3_3_2_2;road_3_3_2_2;road_3_3_2_2;road_2_2_1_0;road_2_2_1_0;road_2_2_1_0;road_2_2_1_1;road_2_2_1_1;road_2_2_1_1;road_2_2_1_2;road_2_2_1_2;road_2_2_1_2;road_1_3_0_0;road_1_3_0_0;road_1_3_0_0;road_1_3_0_1;road_1_3_0_1;road_1_3_0_1;road_1_3_0_2;road_1_3_0_2;road_1_3_0_2,GGGrrrrrrGGGGGGrrrGGGrrrrrrGGGGGGrrr
340,intersection_2_4,road_2_5_3_0;road_2_5_3_0;road_2_5_3_0;road_2_5_3_1;road_2_5_3_1;road_2_5_3_1;road_2_5_3_2;road_2_5_3_2;road_2_5_3_2;road_3_4_2_0;road_3_4_2_0;road_3_4_2_0;road_3_4_2_1;road_3_4_2_1;road_3_4_2_1;road_3_4_2_2;road_3_4_2_2;road_3_4_2_2;road_2_3_1_0;road_2_3_1_0;road_2_3_1_0;road_2_3_1_1;road_2_3_1_1;road_2_3_1_1;road_2_3_1_2;road_2_3_1_2;road_2_3_1_2;road_1_4_0_0;road_1_4_0_0;road_1_4_0_0;road_1_4_0_1;road_1_4_0_1;road_1_4_0_1;road_1_4_0_2;road_1_4_0_2;road_1_4_0_2,GGGrrrrrrGGGGGGrrrGGGrrrrrrGGGGGGrrr
340,intersection_3_1,road_3_2_3_0;road_3_2_3_0;road_3_2_3_0;road_3_2_3_1;road_3_2_3_1;road_3_2_3_1;road_3_2_3_2;road_3_2_3_2;road_3_2_3_2;road_4_1_2_0;road_4_1_2_0;road_4_1_2_0;road_4_1_2_1;road_4_1_2_1;road_4_1_2_1;road_4_1_2_2;road_4_1_2_2;road_4_1_2_2;road_3_0_1_0;road_3_0_1_0;road_3_0_1_0;road_3_0_1_1;road_3_0_1_1;road_3_0_1_1;road_3_0_1_2;road_3_0_1_2;road_3_0_1_2;road_2_1_0_0;road_2_1_0_0;road_2_1_0_0;road_2_1_0_1;road_2_1_0_1;road_2_1_0_1;road_2_1_0_2;road_2_1_0_2;road_2_1_0_2,GGGrrrrrrGGGrrrrrrGGGrrrrrrGGGGGGGGG
340,intersection_3_2,road_3_3_3_0;road_3_3_3_0;road_3_3_3_0;road_3_3_3_1;road_3_3_3_1;road_3_3_3_1;road_3_3_3_2;road_3_3_3_2;road_3_3_3_2;road_4_2_2_0;road_4_2_2_0;road_4_2_2_0;road_4_2_2_1;road_4_2_2_1;road_4_2_2_1;road_4_2_2_2;road_4_2_2_2;road_4_2_2_2;road_3_1_1_0;road_3_1_1_0;road_3_1_1_0;road_3_1_1_1;road_3_1_1_1;road_3_1_1_1;road_3_1_1_2;road_3_1_1_2;road_3_1_1_2;road_2_2_0_0;road_2_2_0_0;road_2_2_0_0;road_2_2_0_1;road_2_2_0_1;road_2_2_0_1;road_2_2_0_2;road_2_2_0_2;road_2_2_0_2,GGGrrrrrrGGGGGGrrrGGGrrrrrrGGGGGGrrr
340,intersection_3_3,road_3_4_3_0;road_3_4_3_0;road_3_4_3_0;road_3_4_3_1;road_3_4_3_1;road_3_4_3_1;road_3_4_3_2;road_3_4_3_2;road_3_4_3_2;road_4_3_2_0;road_4_3_2_0;road_4_3_2_0;road_4_3_2_1;road_4_3_2_1;road_4_3_2_1;road_4_3_2_2;road_4_3_2_2;road_4_3_2_2;road_3_2_1_0;road_3_2_1_0;road_3_2_1_0;road_3_2_1_1;road_3_2_1_1;road_3_2_1_1;road_3_2_1_2;road_3_2_1_2;road_3_2_1_2;road_2_3_0_0;road_2_3_0_0;road_2_3_0_0;road_2_3_0_1;road_2_3_0_1;road_2_3_0_1;road_2_3_0_2;road_2_3_0_2;road_2_3_0_2,GGGrrrrrrGGGGGGGGGGGGrrrrrrGGGrrrrrr
340,intersection_3_4,road_3_5_3_0;road_3_5_3_0;road_3_5_3_0;road_3_5_3_1;road_3_5_3_1;road_3_5_3_1;road_3_5_3_2;road_3_5_3_2;road_3_5_3_2;road_4_4_2_0;road_4_4_2_0;road_4_4_2_0;road_4_4_2_1;road_4_4_2_1;road_4_4_2_1;road_4_4_2_2;road_4_4_2_2;road_4_4_2_2;road_3_3_1_0;road_3_3_1_0;road_3_3_1_0;road_3_3_1_1;road_3_3_1_1;road_3_3_1_1;road_3_3_1_2;road_3_3_1_2;road_3_3_1_2;road_2_4_0_0;road_2_4_0_0;road_2_4_0_0;road_2_4_0_1;road_2_4_0_1;road_2_4_0_1;road_2_4_0_2;road_2_4_0_2;road_2_4_0_2,GGGGGGrrrGGGrrrrrrGGGGGGrrrGGGrrrrrr
340,intersection_4_1,road_4_2_3_0;road_4_2_3_0;road_4_2_3_0;road_4_2_3_1;road_4_2_3_1;road_4_2_3_1;road_4_2_3_2;road_4_2_3_2;road_4_2_3_2;road_5_1_2_0;road_5_1_2_0;road_5_1_2_0;road_5_1_2_1;road_5_1_2_1;road_5_1_2_1;road_5_1_2_2;road_5_1_2_2;road_5_1_2_2;road_4_0_1_0;road_4_0_1_0;road_4_0_1_0;road_4_0_1_1;road_4_0_1_1;road_4_0_1_1;road_4_0_1_2;road_4_0_1_2;road_4_0_1_2;road_3_1_0_0;road_3_1_0_0;road_3_1_0_0;road_3_1_0_1;road_3_1_0_1;road_3_1_0_1;road_3_1_0_2;road_3_1_0_2;road_3_1_0_2,GGGrrrrrrGGGGGGrrrGGGrrrrrrGGGGGGrrr
340,intersection_4_2,road_4_3_3_0;road_4_3_3_0;road_4_3_3_0;road_4_3_3_1;road_4_3_3_1;road_4_3_3_1;road_4_3_3_2;road_4_3_3_2;road_4_3_3_2;road_5_2_2_0;road_5_2_2_0;road_5_2_2_0;road_5_2_2_1;road_5_2_2_1;road_5_2_2_1;road_5_2_2_2;road_5_2_2_2;road_5_2_2_2;road_4_1_1_0;road_4_1_1_0;road_4_1_1_0;road_4_1_1_1;road_4_1_1_1;road_4_1_1_1;road_4_1_1_2;road_4_1_1_2;road_4_1_1_2;road_3_2_0_0;road_3_2_0_0;road_3_2_0_0;road_3_2_0_1;road_3_2_0_1;road_3_2_0_1;road_3_2_0_2;road_3_2_0_2;road_3_2_0_2,GGGrrrrrrGGGGGGrrrGGGrrrrrrGGGGGGrrr
340,intersection_4_3,road_4_4_3_0;road_4_4_3_0;road_4_4_3_0;road_4_4_3_1;road_4_4_3_1;road_4_4_3_1;road_4_4_3_2;road_4_4_3_2;road_4_4_3_2;road_5_3_2_0;road_5_3_2_0;road_5_3_2_0;road_5_3_2_1;road_5_3_2_1;road_5_3_2_1;road_5_3_2_2;road_5_3_2_2;road_5_3_2_2;road_4_2_1_0;road_4_2_1_0;road_4_2_1_0;road_4_2_1_1;road_4_2_1_1;road_4_2_1_1;road_4_2_1_2;road_4_2_1_2;road_4_2_1_2;road_3_3_0_0;road_3_3_0_0;road_3_3_0_0;road_3_3_0_1;road_3_3_0_1;road_3_3_0_1;road_3_3_0_2;road_3_3_0_2;road_3_3_0_2,GGGrrrrrrGGGGGGrrrGGGrrrrrrGGGGGGrrr
340,intersection_4_4,road_4_5_3_0;road_4_5_3_0;road_4_5_3_0;road_4_5_3_1;road_4_5_3_1;road_4_5_3_1;road_4_5_3_2;road_4_5_3_2;road_4_5_3_2;road_5_4_2_0;road_5_4_2_0;road_5_4_2_0;road_5_4_2_1;road_5_4_2_1;road_5_4_2_1;road_5_4_2_2;road_5_4_2_2;road_5_4_2_2;road_4_3_1_0;road_4_3_1_0;road_4_3_1_0;road_4_3_1_1;road_4_3_1_1;road_4_3_1_1;road_4_3_1_2;road_4_3_1_2;road_4_3_1_2;road_3_4_0_0;road_3_4_0_0;road_3_4_0_0;road_3_4_0_1;road_3_4_0_1;road_3_4_0_1;road_3_4_0_2;road_3_4_0_2;road_3_4_0_2,GGGrrrrrrGGGrrrrrrGGGGGGGGGGGGrrrrrr
350,intersection_1_1,road_1_2_3_0;road_1_2_3_0;road_1_2_3_0;road_1_2_3_1;road_1_2_3_1;road_1_2_3_1;road_1_2_3_2;road_1_2_3_2;road_1_2_3_2;road_2_1_2_0;road_2_1_2_0;road_2_1_2_0;road_2_1_2_1;road_2_1_2_1;road_2_1_2_1;road_2_1_2_2;road_2_1_2_2;road_2_1_2_2;road_1_0_1_0;road_1_0_1_0;road_1_0_1_0;road_1_0_1_1;road_1_0_1_1;road_1_0_1_1;road_1_0_1_2;road_1_0_1_2;road_1_0_1_2;road_0_1_0_0;road_0_1_0_0;road_0_1_0_0;road_0_1_0_1;road_0_1_0_1;road_0_1_0_1;road_0_1_0_2;road_0_1_0_2;road_0_1_0_2,GGGrrrrrrGGGrrrrrrGGGrrrrrrGGGGGGGGG
350,intersection_1_2,road_1_3_3_0;road_1_3_3_0;road_1_3_3_0;road_1_3_3_1;road_1_3_3_1;road_1_3_3_1;road_1_3_3_2;road_1_3_3_2;road_1_3_3_2;road_2_2_2_0;road_2_2_2_0;road_2_2_2_0;road_2_2_2_1;road_2_2_2_1;road_2_2_2_1;road_2_2_2_2;road_2_2_2_2;road_2_2_2_2;road_1_1_1_0;road_1_1_1_0;road_1_1_1_0;road_1_1_1_1;road_1_1_1_1;road_1_1_1_1;road_1_1_1_2;road_1_1_1_2;road_1_1_1_2;road_0_2_0_0;road_0_2_0_0;road_0_2_0_0;road_0_2_0_1;road_0_2_0_1;road_0_2_0_1;road_0_2_0_2;road_0_2_0_2;road_0_2_0_2,GGGrrrrrrGGGGGGrrrGGGrrrrrrGGGGGGrrr
350,intersection_1_3,road_1_4_3_0;road_1_4_3_0;road_1_4_3_0;road_1_4_3_1;road_1_4_3_1;road_1_4_3_1;road_1_4_3_2;road_1_4_3_2;road_1_4_3_2;road_2_3_2_0;road_2_3_2_0;road_2_3_2_0;road_2_3_2_1;road_2_3_2_1;road_2_3_2_1;road_2_3_2_2;road_2_3_2_2;road_2_3_2_2;road_1_2_1_0;road_1_2_1_0;road_1_2_1_0;road_1_2_1_1;road_1_2_1_1;road_1_2_1_1;road_1_2_1_2;road_1_2_1_2;road_1_2_1_2;road_0_3_0_0;road_0_3_0_0;road_0_3_0_0;road_0_3_0_1;road_0_3_0_1;road_0_3_0_1;road_0_3_0_2;road_0_3_0_2;road_0_3_0_2,GGGrrrrrrGGGGGGrrrGGGrrrrrrGGGGGGrrr
350,intersection_1_4,road_1_5_3_0;road_1_5_3_0;road_1_5_3_0;road_1_5_3_1;road_1_5_3_1;road_1_5_3_1;road_1_5_3_2;road_1_5_3_2;road_1_5_3_2;road_2_4_2_0;road_2_4_2_0;road_2_4_2_0;road_2_4_2_1;road_2_4_2_1;road_2_4_2_1;road_2_4_2_2;road_2_4_2_2;road_2_4_2_2;road_1_3_1_0;road_1_3_1_0;road_1_3_1_0;road_1_3_1_1;road_1_3_1_1;road_1_3_1_1;road_1_3_1_2;road_1_3_1_2;road_1_3_1_2;road_0_4_0_0;road_0_4_0_0;road_0_4_0_0;road_0_4_0_1;road_0_4_0_1;road_0_4_0_1;road_0_4_0_2;road_0_4_0_2;road_0_4_0_2,GGGGGGGGGGGGrrrrrrGGGrrrrrrGGGrrrrrr
350,intersection_2_1,road_2_2_3_0;road_2_2_3_0;road_2_2_3_0;road_2_2_3_1;road_2_2_3_1;road_2_2_3_1;road_2_2_3_2;road_2_2_3_2;road_2_2_3_2;road_3_1_2_0;road_3_1_2_0;road_3_1_2_0;road_3_1_2_1;road_3_1_2_1;road_3_1_2_1;road_3_1_2_2;road_3_1_2_2;road_3_1_2_2;road_2_0_1_0;road_2_0_1_0;road_2_0_1_0;road_2_0_1_1;road_2_0_1_1;road_2_0_1_1;road_2_0_1_2;road_2_0_1_2;road_2_0_1_2;road_1_1_0_0;road_1_1_0_0;road_1_1_0_0;road_1_1_0_1;road_1_1_0_1;road_1_1_0_1;road_1_1_0_2;road_1_1_0_2;road_1_1_0_2,GGGrrrrrrGGGGGGrrrGGGrrrrrrGGGGGGrrr
350,intersection_2_2,road_2_3_3_0;road_2_3_3_0;road_2_3_3_0;road_2_3_3_1;road_2_3_3_1;road_2_3_3_1;road_2_3_3_2;road_2_3_3_2;road_2_3_3_2;road_3_2_2_0;road_3_2_2_0;road_3_2_2_0;road_3_2_2_1;road_3_2_2_1;road_3_2_2_1;road_3_2_2_2;road_3_2_2_2;road_3_2_2_2;road_2_1_1_0;road_2_1_1_0;road_2_1_1_0;road_2_1_1_1;road_2_1_1_1;road_2_1_1_1;road_2_1_1_2;road_2_1_1_2;road_2_1_1_2;road_1_2_0_0;road_1_2_0_0;road_1_2_0_0;road_1_2_0_1;road_1_2_0_1;road_1_2_0_1;road_1_2_0_2;road_1_2_0_2;road_1_2_0_2,GGGrrrrrrGGGGGGrrrGGGrrrrrrGGGGGGrrr
350,intersection_2_3,road_2_4_3_0;road_2_4_3_0;road_2_4_3_0;road_2_4_3_1;road_2_4_3_1;road_2_4_3_1;road_2_4_3_2;road_2_4_3_2;road_2_4_3_2;road_3_3_2_0;road_3_3_2_0;road_3_3_2_0;road_3_3_2_1;road_3_3_2_1;road_3_3_2_1;road_3_3_2_2;road_3_3_2_2;road_3_3_2_2;road_2_2_1_0;road_2_2_1_0;road_2_2_1_0;road_2_2_1_1;road_2_2_1_1;road_2_2_1_1;road_2_2_1_2;road_2_2_1_2;road_2_2_1_2;road_1_3_0_0;road_1_3_0_0;road_1_3_0_0;road_1_3_0_1;road_1_3_0_1;road_1_3_0_1;road_1_3_0_2;road_1_3_0_2;road_1_3_0_2,GGGrrrrrrGGGGGGrrrGGGrrrrrrGGGGGGrrr
350,intersection_2_4,road_2_5_3_0;road_2_5_3_0;road_2_5_3_0;road_2_5_3_1;road_2_5_3_1;road_2_5_3_1;road_2_5_3_2;road_2_5_3_2;road_2_5_3_2;road_3_4_2_0;road_3_4_2_0;road_3_4_2_0;road_3_4_2_1;road_3_4_2_1;road_3_4_2_1;road_3_4_2_2;road_3_4_2_2;road_3_4_2_2;road_2_3_1_0;road_2_3_1_0;road_2_3_1_0;road_2_3_1_1;road_2_3_1_1;road_2_3_1_1;road_2_3_1_2;road_2_3_1_2;road_2_3_1_2;road_1_4_0_0;road_1_4_0_0;road_1_4_0_0;road_1_4_0_1;road_1_4_0_1;road_1_4_0_1;road_1_4_0_2;road_1_4_0_2;road_1_4_0_2,GGGrrrrrrGGGGGGrrrGGGrrrrrrGGGGGGrrr
350,intersection_3_1,road_3_2_3_0;road_3_2_3_0;road_3_2_3_0;road_3_2_3_1;road_3_2_3_1;road_3_2_3_1;road_3_2_3_2;road_3_2_3_2;road_3_2_3_2;road_4_1_2_0;road_4_1_2_0;road_4_1_2_0;road_4_1_2_1;road_4_1_2_1;road_4_1_2_1;road_4_1_2_2;road_4_1_2_2;road_4_1_2_2;road_3_0_1_0;road_3_0_1_0;road_3_0_1_0;road_3_0_1_1;road_3_0_1_1;road_3_0_1_1;road_3_0_1_2;road_3_0_1_2;road_3_0_1_2;road_2_1_0_0;road_2_1_0_0;road_2_1_0_0;road_2_1_0_1;road_2_1_0_1;road_2_1_0_1;road_2_1_0_2;road_2_1_0_2;road_2_1_0_2,GGGrrrrrrGGGrrrrrrGGGrrrrrrGGGGGGGGG
350,intersection_3_2,road_3_3_3_0;road_3_3_3_0;road_3_3_3_0;road_3_3_3_1;road_3_3_3_1;road_3_3_3_1;road_3_3_3_2;road_3_3_3_2;road_3_3_3_2;road_4_2_2_0;road_4_2_2_0;road_4_2_2_0;road_4_2_2_1;road_4_2_2_1;road_4_2_2_1;road_4_2_2_2;road_4_2_2_2;road_4_2_2_2;road_3_1_1_0;road_3_1_1_0;road_3_1_1_0;road_3_1_1_1;road_3_1_1_1;road_3_1_1_1;road_3_1_1_2;road_3_1_1_2;road_3_1_1_2;road_2_2_0_0;road_2_2_0_0;road_2_2_0_0;road_2_2_0_1;road_2_2_0_1;road_2_2_0_1;road_2_2_0_2;road_2_2_0_2;road_2_2_0_2,GGGrrrrrrGGGGGGrrrGGGrrrrrrGGGGGGrrr
350,intersection_3_3,road_3_4_3_0;road_3_4_3_0;road_3_4_3_0;road_3_4_3_1;road_3_4_3_1;road_3_4_3_1;road_3_4_3_2;road_3_4_3_2;road_3_4_3_2;road_4_3_2_0;road_4_3_2_0;road_4_3_2_0;road_4_3_2_1;road_4_3_2_1;road_4_3_2_1;road_4_3_2_2;road_4_3_2_2;road_4_3_2_2;road_3_2_1_0;road_3_2_1_0;road_3_2_1_0;road_3_2_1_1;road_3_2_1_1;road_3_2_1_1;road_3_2_1_2;road_3_2_1_2;road_3_2_1_2;road_2_3_0_0;road_2_3_0_0;road_2_3_0_0;road_2_3_0_1;road_2_3_0_1;road_2_3_0_1;road_2_3_0_2;road_2_3_0_2;road_2_3_0_2,GGGrrrrrrGGGGGGGGGGGGrrrrrrGGGrrrrrr
350,intersection_3_4,road_3_5_3_0;road_3_5_3_0;road_3_5_3_0;road_3_5_3_1;road_3_5_3_1;road_3_5_3_1;road_3_5_3_2;road_3_5_3_2;road_3_5_3_2;road_4_4_2_0;road_4_4_2_0;road_4_4_2_0;road_4_4_2_1;road_4_4_2_1;road_4_4_2_1;road_4_4_2_2;road_4_4_2_2;road_4_4_2_2;road_3_3_1_0;road_3_3_1_0;road_3_3_1_0;road_3_3_1_1;road_3_3_1_1;road_3_3_1_1;road_3_3_1_2;road_3_3_1_2;road_3_3_1_2;road_2_4_0_0;road_2_4_0_0;road_2_4_0_0;road_2_4_0_1;road_2_4_0_1;road_2_4_0_1;road_2_4_0_2;road_2_4_0_2;road_2_4_0_2,GGGGGGrrrGGGrrrrrrGGGGGGrrrGGGrrrrrr
350,intersection_4_1,road_4_2_3_0;road_4_2_3_0;road_4_2_3_0;road_4_2_3_1;road_4_2_3_1;road_4_2_3_1;road_4_2_3_2;road_4_2_3_2;road_4_2_3_2;road_5_1_2_0;road_5_1_2_0;road_5_1_2_0;road_5_1_2_1;road_5_1_2_1;road_5_1_2_1;road_5_1_2_2;road_5_1_2_2;road_5_1_2_2;road_4_0_1_0;road_4_0_1_0;road_4_0_1_0;road_4_0_1_1;road_4_0_1_1;road_4_0_1_1;road_4_0_1_2;road_4_0_1_2;road_4_0_1_2;road_3_1_0_0;road_3_1_0_0;road_3_1_0_0;road_3_1_0_1;road_3_1_0_1;road_3_1_0_1;road_3_1_0_2;road_3_1_0_2;road_3_1_0_2,GGGrrrrrrGGGGGGrrrGGGrrrrrrGGGGGGrrr
350,intersection_4_2,road_4_3_3_0;road_4_3_3_0;road_4_3_3_0;road_4_3_3_1;road_4_3_3_1;road_4_3_3_1;road_4_3_3_2;road_4_3_3_2;road_4_3_3_2;road_5_2_2_0;road_5_2_2_0;road_5_2_2_0;road_5_2_2_1;road_5_2_2_1;road_5_2_2_1;road_5_2_2_2;road_5_2_2_2;road_5_2_2_2;road_4_1_1_0;road_4_1_1_0;road_4_1_1_0;road_4_1_1_1;road_4_1_1_1;road_4_1_1_1;road_4_1_1_2;road_4_1_1_2;road_4_1_1_2;road_3_2_0_0;road_3_2_0_0;road_3_2_0_0;road_3_2_0_1;road_3_2_0_1;road_3_2_0_1;road_3_2_0_2;road_3_2_0_2;road_3_2_0_2,GGGrrrrrrGGGGGGrrrGGGrrrrrrGGGGGGrrr
350,intersection_4_3,road_4_4_3_0;road_4_4_3_0;road_4_4_3_0;road_4_4_3_1;road_4_4_3_1;road_4_4_3_1;road_4_4_3_2;road_4_4_3_2;road_4_4_3_2;road_5_3_2_0;road_5_3_2_0;road_5_3_2_0;road_5_3_2_1;road_5_3_2_1;road_5_3_2_1;road_5_3_2_2;road_5_3_2_2;road_5_3_2_2;road_4_2_1_0;road_4_2_1_0;road_4_2_1_0;road_4_2_1_1;road_4_2_1_1;road_4_2_1_1;road_4_2_1_2;road_4_2_1_2;road_4_2_1_2;road_3_3_0_0;road_3_3_0_0;road_3_3_0_0;road_3_3_0_1;road_3_3_0_1;road_3_3_0_1;road_3_3_0_2;road_3_3_0_2;road_3_3_0_2,GGGrrrrrrGGGGGGrrrGGGrrrrrrGGGGGGrrr
350,intersection_4_4,road_4_5_3_0;road_4_5_3_0;road_4_5_3_0;road_4_5_3_1;road_4_5_3_1;road_4_5_3_1;road_4_5_3_2;road_4_5_3_2;road_4_5_3_2;road_5_4_2_0;road_5_4_2_0;road_5_4_2_0;road_5_4_2_1;road_5_4_2_1;road_5_4_2_1;road_5_4_2_2;road_5_4_2_2;road_5_4_2_2;road_4_3_1_0;road_4_3_1_0;road_4_3_1_0;road_4_3_1_1;road_4_3_1_1;road_4_3_1_1;road_4_3_1_2;road_4_3_1_2;road_4_3_1_2;road_3_4_0_0;road_3_4_0_0;road_3_4_0_0;road_3_4_0_1;road_3_4_0_1;road_3_4_0_1;road_3_4_0_2;road_3_4_0_2;road_3_4_0_2,GGGrrrrrrGGGrrrrrrGGGGGGGGGGGGrrrrrr
360,intersection_1_1,road_1_2_3_0;road_1_2_3_0;road_1_2_3_0;road_1_2_3_1;road_1_2_3_1;road_1_2_3_1;road_1_2_3_2;road_1_2_3_2;road_1_2_3_2;road_2_1_2_0;road_2_1_2_0;road_2_1_2_0;road_2_1_2_1;road_2_1_2_1;road_2_1_2_1;road_2_1_2_2;road_2_1_2_2;road_2_1_2_2;road_1_0_1_0;road_1_0_1_0;road_1_0_1_0;road_1_0_1_1;road_1_0_1_1;road_1_0_1_1;road_1_0_1_2;road_1_0_1_2;road_1_0_1_2;road_0_1_0_0;road_0_1_0_0;road_0_1_0_0;road_0_1_0_1;road_0_1_0_1;road_0_1_0_1;road_0_1_0_2;road_0_1_0_2;road_0_1_0_2,GGGrrrrrrGGGrrrrrrGGGrrrrrrGGGGGGGGG
360,intersection_1_2,road_1_3_3_0;road_1_3_3_0;road_1_3_3_0;road_1_3_3_1;road_1_3_3_1;road_1_3_3_1;road_1_3_3_2;road_1_3_3_2;road_1_3_3_2;road_2_2_2_0;road_2_2_2_0;road_2_2_2_0;road_2_2_2_1;road_2_2_2_1;road_2_2_2_1;road_2_2_2_2;road_2_2_2_2;road_2_2_2_2;road_1_1_1_0;road_1_1_1_0;road_1_1_1_0;road_1_1_1_1;road_1_1_1_1;road_1_1_1_1;road_1_1_1_2;road_1_1_1_2;road_1_1_1_2;road_0_2_0_0;road_0_2_0_0;road_0_2_0_0;road_0_2_0_1;road_0_2_0_1;road_0_2_0_1;road_0_2_0_2;road_0_2_0_2;road_0_2_0_2,GGGrrrrrrGGGGGGrrrGGGrrrrrrGGGGGGrrr
360,intersection_1_3,road_1_4_3_0;road_1_4_3_0;road_1_4_3_0;road_1_4_3_1;road_1_4_3_1;road_1_4_3_1;road_1_4_3_2;road_1_4_3_2;road_1_4_3_2;road_2_3_2_0;road_2_3_2_0;road_2_3_2_0;road_2_3_2_1;road_2_3_2_1;road_2_3_2_1;road_2_3_2_2;road_2_3_2_2;road_2_3_2_2;road_1_2_1_0;road_1_2_1_0;road_1_2_1_0;road_1_2_1_1;road_1_2_1_1;road_1_2_1_1;road_1_2_1_2;road_1_2_1_2;road_1_2_1_2;road_0_3_0_0;road_0_3_0_0;road_0_3_0_0;road_0_3_0_1;road_0_3_0_1;road_0_3_0_1;road_0_3_0_2;road_0_3_0_2;road_0_3_0_2,GGGrrrrrrGGGGGGrrrGGGrrrrrrGGGGGGrrr
360,intersection_1_4,road_1_5_3_0;road_1_5_3_0;road_1_5_3_0;road_1_5_3_1;road_1_5_3_1;road_1_5_3_1;road_1_5_3_2;road_1_5_3_2;road_1_5_3_2;road_2_4_2_0;road_2_4_2_0;road_2_4_2_0;road_2_4_2_1;road_2_4_2_1;road_2_4_2_1;road_2_4_2_2;road_2_4_2_2;road_2_4_2_2;road_1_3_1_0;road_1_3_1_0;road_1_3_1_0;road_1_3_1_1;road_1_3_1_1;road_1_3_1_1;road_1_3_1_2;road_1_3_1_2;road_1_3_1_2;road_0_4_0_0;road_0_4_0_0;road_0_4_0_0;road_0_4_0_1;road_0_4_0_1;road_0_4_0_1;road_0_4_0_2;road_0_4_0_2;road_0_4_0_2,GGGGGGGGGGGGrrrrrrGGGrrrrrrGGGrrrrrr
360,intersection_2_1,road_2_2_3_0;road_2_2_3_0;road_2_2_3_0;road_2_2_3_1;road_2_2_3_1;road_2_2_3_1;road_2_2_3_2;road_2_2_3_2;road_2_2_3_2;road_3_1_2_0;road_3_1_2_0;road_3_1_2_0;road_3_1_2_1;road_3_1_2_1;road_3_1_2_1;road_3_1_2_2;road_3_1_2_2;road_3_1_2_2;road_2_0_1_0;road_2_0_1_0;road_2_0_1_0;road_2_0_1_1;road_2_0_1_1;road_2_0_1_1;road_2_0_1_2;road_2_0_1_2;road_2_0_1_2;road_1_1_0_0;road_1_1_0_0;road_1_1_0_0;road_1_1_0_1;road_1_1_0_1;road_1_1_0_1;road_1_1_0_2;road_1_1_0_2;road_1_1_0_2,GGGrrrrrrGGGGGGrrrGGGrrrrrrGGGGGGrrr
360,intersection_2_2,road_2_3_3_0;road_2_3_3_0;road_2_3_3_0;road_2_3_3_1;road_2_3_3_1;road_2_3_3_1;road_2_3_3_2;road_2_3_3_2;road_2_3_3_2;road_3_2_2_0;road_3_2_2_0;road_3_2_2_0;road_3_2_2_1;road_3_2_2_1;road_3_2_2_1;road_3_2_2_2;road_3_2_2_2;road_3_2_2_2;road_2_1_1_0;road_2_1_1_0;road_2_1_1_0;road_2_1_1_1;road_2_1_1_1;road_2_1_1_1;road_2_1_1_2;road_2_1_1_2;road_2_1_1_2;road_1_2_0_0;road_1_2_0_0;road_1_2_0_0;road_1_2_0_1;road_1_2_0_1;road_1_2_0_1;road_1_2_0_2;road_1_2_0_2;road_1_2_0_2,GGGrrrrrrGGGrrrrrrGGGrrrrrrGGGGGGGGG
360,intersection_2_3,road_2_4_3_0;road_2_4_3_0;road_2_4_3_0;road_2_4_3_1;road_2_4_3_1;road_2_4_3_1;road_2_4_3_2;road_2_4_3_2;road_2_4_3_2;road_3_3_2_0;road_3_3_2_0;road_3_3_2_0;road_3_3_2_1;road_3_3_2_1;road_3_3_2_1;road_3_3_2_2;road_3_3_2_2;road_3_3_2_2;road_2_2_1_0;road_2_2_1_0;road_2_2_1_0;road_2_2_1_1;road_2_2_1_1;road_2_2_1_1;road_2_2_1_2;road_2_2_1_2;road_2_2_1_2;road_1_3_0_0;road_1_3_0_0;road_1_3_0_0;road_1_3_0_1;road_1_3_0_1;road_1_3_0_1;road_1_3_0_2;road_1_3_0_2;road_1_3_0_2,GGGrrrrrrGGGGGGrrrGGGrrrrrrGGGGGGrrr
360,intersection_2_4,road_2_5_3_0;road_2_5_3_0;road_2_5_3_0;road_2_5_3_1;road_2_5_3_1;road_2_5_3_1;road_2_5_3_2;road_2_5_3_2;road_2_5_3_2;road_3_4_2_0;road_3_4_2_0;road_3_4_2_0;road_3_4_2_1;road_3_4_2_1;road_3_4_2_1;road_3_4_2_2;road_3_4_2_2;road_3_4_2_2;road_2_3_1_0;road_2_3_1_0;road_2_3_1_0;road_2_3_1_1;road_2_3_1_1;road_2_3_1_1;road_2_3_1_2;road_2_3_1_2;road_2_3_1_2;road_1_4_0_0;road_1_4_0_0;road_1_4_0_0;road_1_4_0_1;road_1_4_0_1;road_1_4_0_1;road_1_4_0_2;road_1_4_0_2;road_1_4_0_2,GGGrrrrrrGGGGGGrrrGGGrrrrrrGGGGGGrrr
360,intersection_3_1,road_3_2_3_0;road_3_2_3_0;road_3_2_3_0;road_3_2_3_1;road_3_2_3_1;road_3_2_3_1;road_3_2_3_2;road_3_2_3_2;road_3_2_3_2;road_4_1_2_0;road_4_1_2_0;road_4_1_2_0;road_4_1_2_1;road_4_1_2_1;road_4_1_2_1;road_4_1_2_2;road_4_1_2_2;road_4_1_2_2;road_3_0_1_0;road_3_0_1_0;road_3_0_1_0;road_3_0_1_1;road_3_0_1_1;road_3_0_1_1;road_3_0_1_2;road_3_0_1_2;road_3_0_1_2;road_2_1_0_0;road_2_1_0_0;road_2_1_0_0;road_2_1_0_1;road_2_1_0_1;road_2_1_0_1;road_2_1_0_2;road_2_1_0_2;road_2_1_0_2,GGGrrrrrrGGGrrrrrrGGGrrrrrrGGGGGGGGG
360,intersection_3_2,road_3_3_3_0;road_3_3_3_0;road_3_3_3_0;road_3_3_3_1;road_3_3_3_1;road_3_3_3_1;road_3_3_3_2;road_3_3_3_2;road_3_3_3_2;road_4_2_2_0;road_4_2_2_0;road_4_2_2_0;road_4_2_2_1;road_4_2_2_1;road_4_2_2_1;road_4_2_2_2;road_4_2_2_2;road_4_2_2_2;road_3_1_1_0;road_3_1_1_0;road_3_1_1_0;road_3_1_1_1;road_3_1_1_1;road_3_1_1_1;road_3_1_1_2;road_3_1_1_2;road_3_1_1_2;road_2_2_0_0;road_2_2_0_0;road_2_2_0_0;road_2_2_0_1;road_2_2_0_1;road_2_2_0_1;road_2_2_0_2;road_2_2_0_2;road_2_2_0_2,GGGrrrrrrGGGGGGrrrGGGrrrrrrGGGGGGrrr
360,intersection_3_3,road_3_4_3_0;road_3_4_3_0;road_3_4_3_0;road_3_4_3_1;road_3_4_3_1;road_3_4_3_1;road_3_4_3_2;road_3_4_3_2;road_3_4_3_2;road_4_3_2_0;road_4_3_2_0;road_4_3_2_0;road_4_3_2_1;road_4_3_2_1;road_4_3_2_1;road_4_3_2_2;road_4_3_2_2;road_4_3_2_2;road_3_2_1_0;road_3_2_1_0;road_3_2_1_0;road_3_2_1_1;road_3_2_1_1;road_3_2_1_1;road_3_2_1_2;road_3_2_1_2;road_3_2_1_2;road_2_3_0_0;road_2_3_0_0;road_2_3_0_0;road_2_3_0_1;road_2_3_0_1;road_2_3_0_1;road_2_3_0_2;road_2_3_0_2;road_2_3_0_2,GGGrrrrrrGGGGGGGGGGGGrrrrrrGGGrrrrrr
360,intersection_3_4,road_3_5_3_0;road_3_5_3_0;road_3_5_3_0;road_3_5_3_1;road_3_5_3_1;road_3_5_3_1;road_3_5_3_2;road_3_5_3_2;road_3_5_3_2;road_4_4_2_0;road_4_4_2_0;road_4_4_2_0;road_4_4_2_1;road_4_4_2_1;road_4_4_2_1;road_4_4_2_2;road_4_4_2_2;road_4_4_2_2;road_3_3_1_0;road_3_3_1_0;road_3_3_1_0;road_3_3_1_1;road_3_3_1_1;road_3_3_1_1;road_3_3_1_2;road_3_3_1_2;road_3_3_1_2;road_2_4_0_0;road_2_4_0_0;road_2_4_0_0;road_2_4_0_1;road_2_4_0_1;road_2_4_0_1;road_2_4_0_2;road_2_4_0_2;road_2_4_0_2,GGGGGGrrrGGGrrrrrrGGGGGGrrrGGGrrrrrr
360,intersection_4_1,road_4_2_3_0;road_4_2_3_0;road_4_2_3_0;road_4_2_3_1;road_4_2_3_1;road_4_2_3_1;road_4_2_3_2;road_4_2_3_2;road_4_2_3_2;road_5_1_2_0;road_5_1_2_0;road_5_1_2_0;road_5_1_2_1;road_5_1_2_1;road_5_1_2_1;road_5_1_2_2;road_5_1_2_2;road_5_1_2_2;road_4_0_1_0;road_4_0_1_0;road_4_0_1_0;road_4_0_1_1;road_4_0_1_1;road_4_0_1_1;road_4_0_1_2;road_4_0_1_2;road_4_0_1_2;road_3_1_0_0;road_3_1_0_0;road_3_1_0_0;road_3_1_0_1;road_3_1_0_1;road_3_1_0_1;road_3_1_0_2;road_3_1_0_2;road_3_1_0_2,GGGrrrrrrGGGGGGrrrGGGrrrrrrGGGGGGrrr
360,intersection_4_2,road_4_3_3_0;road_4_3_3_0;road_4_3_3_0;road_4_3_3_1;road_4_3_3_1;road_4_3_3_1;road_4_3_3_2;road_4_3_3_2;road_4_3_3_2;road_5_2_2_0;road_5_2_2_0;road_5_2_2_0;road_5_2_2_1;road_5_2_2_1;road_5_2_2_1;road_5_2_2_2;road_5_2_2_2;road_5_2_2_2;road_4_1_1_0;road_4_1_1_0;road_4_1_1_0;road_4_1_1_1;road_4_1_1_1;road_4_1_1_1;road_4_1_1_2;road_4_1_1_2;road_4_1_1_2;road_3_2_0_0;road_3_2_0_0;road_3_2_0_0;road_3_2_0_1;road_3_2_0_1;road_3_2_0_1;road_3_2_0_2;road_3_2_0_2;road_3_2_0_2,GGGrrrrrrGGGGGGrrrGGGrrrrrrGGGGGGrrr
360,intersection_4_3,road_4_4_3_0;road_4_4_3_0;road_4_4_3_0;road_4_4_3_1;road_4_4_3_1;road_4_4_3_1;road_4_4_3_2;road_4_4_3_2;road_4_4_3_2;road_5_3_2_0;road_5_3_2_0;road_5_3_2_0;road_5_3_2_1;road_5_3_2_1;road_5_3_2_1;road_5_3_2_2;road_5_3_2_2;road_5_3_2_2;road_4_2_1_0;road_4_2_1_0;road_4_2_1_0;road_4_2_1_1;road_4_2_1_1;road_4_2_1_1;road_4_2_1_2;road_4_2_1_2;road_4_2_1_2;road_3_3_0_0;road_3_3_0_0;road_3_3_0_0;road_3_3_0_1;road_3_3_0_1;road_3_3_0_1;road_3_3_0_2;road_3_3_0_2;road_3_3_0_2,GGGrrrrrrGGGGGGrrrGGGrrrrrrGGGGGGrrr
360,intersection_4_4,road_4_5_3_0;road_4_5_3_0;road_4_5_3_0;road_4_5_3_1;road_4_5_3_1;road_4_5_3_1;road_4_5_3_2;road_4_5_3_2;road_4_5_3_2;road_5_4_2_0;road_5_4_2_0;road_5_4_2_0;road_5_4_2_1;road_5_4_2_1;road_5_4_2_1;road_5_4_2_2;road_5_4_2_2;road_5_4_2_2;road_4_3_1_0;road_4_3_1_0;road_4_3_1_0;road_4_3_1_1;road_4_3_1_1;road_4_3_1_1;road_4_3_1_2;road_4_3_1_2;road_4_3_1_2;road_3_4_0_0;road_3_4_0_0;road_3_4_0_0;road_3_4_0_1;road_3_4_0_1;road_3_4_0_1;road_3_4_0_2;road_3_4_0_2;road_3_4_0_2,GGGrrrrrrGGGrrrrrrGGGGGGGGGGGGrrrrrr
370,intersection_1_1,road_1_2_3_0;road_1_2_3_0;road_1_2_3_0;road_1_2_3_1;road_1_2_3_1;road_1_2_3_1;road_1_2_3_2;road_1_2_3_2;road_1_2_3_2;road_2_1_2_0;road_2_1_2_0;road_2_1_2_0;road_2_1_2_1;road_2_1_2_1;road_2_1_2_1;road_2_1_2_2;road_2_1_2_2;road_2_1_2_2;road_1_0_1_0;road_1_0_1_0;road_1_0_1_0;road_1_0_1_1;road_1_0_1_1;road_1_0_1_1;road_1_0_1_2;road_1_0_1_2;road_1_0_1_2;road_0_1_0_0;road_0_1_0_0;road_0_1_0_0;road_0_1_0_1;road_0_1_0_1;road_0_1_0_1;road_0_1_0_2;road_0_1_0_2;road_0_1_0_2,GGGrrrrrrGGGrrrrrrGGGrrrrrrGGGGGGGGG
370,intersection_1_2,road_1_3_3_0;road_1_3_3_0;road_1_3_3_0;road_1_3_3_1;road_1_3_3_1;road_1_3_3_1;road_1_3_3_2;road_1_3_3_2;road_1_3_3_2;road_2_2_2_0;road_2_2_2_0;road_2_2_2_0;road_2_2_2_1;road_2_2_2_1;road_2_2_2_1;road_2_2_2_2;road_2_2_2_2;road_2_2_2_2;road_1_1_1_0;road_1_1_1_0;road_1_1_1_0;road_1_1_1_1;road_1_1_1_1;road_1_1_1_1;road_1_1_1_2;road_1_1_1_2;road_1_1_1_2;road_0_2_0_0;road_0_2_0_0;road_0_2_0_0;road_0_2_0_1;road_0_2_0_1;road_0_2_0_1;road_0_2_0_2;road_0_2_0_2;road_0_2_0_2,GGGrrrrrrGGGGGGrrrGGGrrrrrrGGGGGGrrr
370,intersection_1_3,road_1_4_3_0;road_1_4_3_0;road_1_4_3_0;road_1_4_3_1;road_1_4_3_1;road_1_4_3_1;road_1_4_3_2;road_1_4_3_2;road_1_4_3_2;road_2_3_2_0;road_2_3_2_0;road_2_3_2_0;road_2_3_2_1;road_2_3_2_1;road_2_3_2_1;road_2_3_2_2;road_2_3_2_2;road_2_3_2_2;road_1_2_1_0;road_1_2_1_0;road_1_2_1_0;road_1_2_1_1;road_1_2_1_1;road_1_2_1_1;road_1_2_1_2;road_1_2_1_2;road_1_2_1_2;road_0_3_0_0;road_0_3_0_0;road_0_3_0_0;road_0_3_0_1;road_0_3_0_1;road_0_3_0_1;road_0_3_0_2;road_0_3_0_2;road_0_3_0_2,GGGrrrrrrGGGGGGrrrGGGrrrrrrGGGGGGrrr
370,intersection_1_4,road_1_5_3_0;road_1_5_3_0;road_1_5_3_0;road_1_5_3_1;road_1_5_3_1;road_1_5_3_1;road_1_5_3_2;road_1_5_3_2;road_1_5_3_2;road_2_4_2_0;road_2_4_2_0;road_2_4_2_0;road_2_4_2_1;road_2_4_2_1;road_2_4_2_1;road_2_4_2_2;road_2_4_2_2;road_2_4_2_2;road_1_3_1_0;road_1_3_1_0;road_1_3_1_0;road_1_3_1_1;road_1_3_1_1;road_1_3_1_1;road_1_3_1_2;road_1_3_1_2;road_1_3_1_2;road_0_4_0_0;road_0_4_0_0;road_0_4_0_0;road_0_4_0_1;road_0_4_0_1;road_0_4_0_1;road_0_4_0_2;road_0_4_0_2;road_0_4_0_2,GGGGGGGGGGGGrrrrrrGGGrrrrrrGGGrrrrrr
370,intersection_2_1,road_2_2_3_0;road_2_2_3_0;road_2_2_3_0;road_2_2_3_1;road_2_2_3_1;road_2_2_3_1;road_2_2_3_2;road_2_2_3_2;road_2_2_3_2;road_3_1_2_0;road_3_1_2_0;road_3_1_2_0;road_3_1_2_1;road_3_1_2_1;road_3_1_2_1;road_3_1_2_2;road_3_1_2_2;road_3_1_2_2;road_2_0_1_0;road_2_0_1_0;road_2_0_1_0;road_2_0_1_1;road_2_0_1_1;road_2_0_1_1;road_2_0_1_2;road_2_0_1_2;road_2_0_1_2;road_1_1_0_0;road_1_1_0_0;road_1_1_0_0;road_1_1_0_1;road_1_1_0_1;road_1_1_0_1;road_1_1_0_2;road_1_1_0_2;road_1_1_0_2,GGGrrrrrrGGGGGGrrrGGGrrrrrrGGGGGGrrr
370,intersection_2_2,road_2_3_3_0;road_2_3_3_0;road_2_3_3_0;road_2_3_3_1;road_2_3_3_1;road_2_3_3_1;road_2_3_3_2;road_2_3_3_2;road_2_3_3_2;road_3_2_2_0;road_3_2_2_0;road_3_2_2_0;road_3_2_2_1;road_3_2_2_1;road_3_2_2_1;road_3_2_2_2;road_3_2_2_2;road_3_2_2_2;road_2_1_1_0;road_2_1_1_0;road_2_1_1_0;road_2_1_1_1;road_2_1_1_1;road_2_1_1_1;road_2_1_1_2;road_2_1_1_2;road_2_1_1_2;road_1_2_0_0;road_1_2_0_0;road_1_2_0_0;road_1_2_0_1;road_1_2_0_1;road_1_2_0_1;road_1_2_0_2;road_1_2_0_2;road_1_2_0_2,GGGrrrrrrGGGrrrrrrGGGrrrrrrGGGGGGGGG
370,intersection_2_3,road_2_4_3_0;road_2_4_3_0;road_2_4_3_0;road_2_4_3_1;road_2_4_3_1;road_2_4_3_1;road_2_4_3_2;road_2_4_3_2;road_2_4_3_2;road_3_3_2_0;road_3_3_2_0;road_3_3_2_0;road_3_3_2_1;road_3_3_2_1;road_3_3_2_1;road_3_3_2_2;road_3_3_2_2;road_3_3_2_2;road_2_2_1_0;road_2_2_1_0;road_2_2_1_0;road_2_2_1_1;road_2_2_1_1;road_2_2_1_1;road_2_2_1_2;road_2_2_1_2;road_2_2_1_2;road_1_3_0_0;road_1_3_0_0;road_1_3_0_0;road_1_3_0_1;road_1_3_0_1;road_1_3_0_1;road_1_3_0_2;road_1_3_0_2;road_1_3_0_2,GGGrrrrrrGGGGGGrrrGGGrrrrrrGGGGGGrrr
370,intersection_2_4,road_2_5_3_0;road_2_5_3_0;road_2_5_3_0;road_2_5_3_1;road_2_5_3_1;road_2_5_3_1;road_2_5_3_2;road_2_5_3_2;road_2_5_3_2;road_3_4_2_0;road_3_4_2_0;road_3_4_2_0;road_3_4_2_1;road_3_4_2_1;road_3_4_2_1;road_3_4_2_2;road_3_4_2_2;road_3_4_2_2;road_2_3_1_0;road_2_3_1_0;road_2_3_1_0;road_2_3_1_1;road_2_3_1_1;road_2_3_1_1;road_2_3_1_2;road_2_3_1_2;road_2_3_1_2;road_1_4_0_0;road_1_4_0_0;road_1_4_0_0;road_1_4_0_1;road_1_4_0_1;road_1_4_0_1;road_1_4_0_2;road_1_4_0_2;road_1_4_0_2,GGGrrrrrrGGGGGGrrrGGGrrrrrrGGGGGGrrr
370,intersection_3_1,road_3_2_3_0;road_3_2_3_0;road_3_2_3_0;road_3_2_3_1;road_3_2_3_1;road_3_2_3_1;road_3_2_3_2;road_3_2_3_2;road_3_2_3_2;road_4_1_2_0;road_4_1_2_0;road_4_1_2_0;road_4_1_2_1;road_4_1_2_1;road_4_1_2_1;road_4_1_2_2;road_4_1_2_2;road_4_1_2_2;road_3_0_1_0;road_3_0_1_0;road_3_0_1_0;road_3_0_1_1;road_3_0_1_1;road_3_0_1_1;road_3_0_1_2;road_3_0_1_2;road_3_0_1_2;road_2_1_0_0;road_2_1_0_0;road_2_1_0_0;road_2_1_0_1;road_2_1_0_1;road_2_1_0_1;road_2_1_0_2;road_2_1_0_2;road_2_1_0_2,GGGrrrrrrGGGrrrrrrGGGrrrrrrGGGGGGGGG
370,intersection_3_2,road_3_3_3_0;road_3_3_3_0;road_3_3_3_0;road_3_3_3_1;road_3_3_3_1;road_3_3_3_1;road_3_3_3_2;road_3_3_3_2;road_3_3_3_2;road_4_2_2_0;road_4_2_2_0;road_4_2_2_0;road_4_2_2_1;road_4_2_2_1;road_4_2_2_1;road_4_2_2_2;road_4_2_2_2;road_4_2_2_2;road_3_1_1_0;road_3_1_1_0;road_3_1_1_0;road_3_1_1_1;road_3_1_1_1;road_3_1_1_1;road_3_1_1_2;road_3_1_1_2;road_3_1_1_2;road_2_2_0_0;road_2_2_0_0;road_2_2_0_0;road_2_2_0_1;road_2_2_0_1;road_2_2_0_1;road_2_2_0_2;road_2_2_0_2;road_2_2_0_2,GGGrrrrrrGGGGGGrrrGGGrrrrrrGGGGGGrrr
370,intersection_3_3,road_3_4_3_0;road_3_4_3_0;road_3_4_3_0;road_3_4_3_1;road_3_4_3_1;road_3_4_3_1;road_3_4_3_2;road_3_4_3_2;road_3_4_3_2;road_4_3_2_0;road_4_3_2_0;road_4_3_2_0;road_4_3_2_1;road_4_3_2_1;road_4_3_2_1;road_4_3_2_2;road_4_3_2_2;road_4_3_2_2;road_3_2_1_0;road_3_2_1_0;road_3_2_1_0;road_3_2_1_1;road_3_2_1_1;road_3_2_1_1;road_3_2_1_2;road_3_2_1_2;road_3_2_1_2;road_2_3_0_0;road_2_3_0_0;road_2_3_0_0;road_2_3_0_1;road_2_3_0_1;road_2_3_0_1;road_2_3_0_2;road_2_3_0_2;road_2_3_0_2,GGGrrrrrrGGGGGGGGGGGGrrrrrrGGGrrrrrr
370,intersection_3_4,road_3_5_3_0;road_3_5_3_0;road_3_5_3_0;road_3_5_3_1;road_3_5_3_1;road_3_5_3_1;road_3_5_3_2;road_3_5_3_2;road_3_5_3_2;road_4_4_2_0;road_4_4_2_0;road_4_4_2_0;road_4_4_2_1;road_4_4_2_1;road_4_4_2_1;road_4_4_2_2;road_4_4_2_2;road_4_4_2_2;road_3_3_1_0;road_3_3_1_0;road_3_3_1_0;road_3_3_1_1;road_3_3_1_1;road_3_3_1_1;road_3_3_1_2;road_3_3_1_2;road_3_3_1_2;road_2_4_0_0;road_2_4_0_0;road_2_4_0_0;road_2_4_0_1;road_2_4_0_1;road_2_4_0_1;road_2_4_0_2;road_2_4_0_2;road_2_4_0_2,GGGGGGrrrGGGrrrrrrGGGGGGrrrGGGrrrrrr
370,intersection_4_1,road_4_2_3_0;road_4_2_3_0;road_4_2_3_0;road_4_2_3_1;road_4_2_3_1;road_4_2_3_1;road_4_2_3_2;road_4_2_3_2;road_4_2_3_2;road_5_1_2_0;road_5_1_2_0;road_5_1_2_0;road_5_1_2_1;road_5_1_2_1;road_5_1_2_1;road_5_1_2_2;road_5_1_2_2;road_5_1_2_2;road_4_0_1_0;road_4_0_1_0;road_4_0_1_0;road_4_0_1_1;road_4_0_1_1;road_4_0_1_1;road_4_0_1_2;road_4_0_1_2;road_4_0_1_2;road_3_1_0_0;road_3_1_0_0;road_3_1_0_0;road_3_1_0_1;road_3_1_0_1;road_3_1_0_1;road_3_1_0_2;road_3_1_0_2;road_3_1_0_2,GGGrrrrrrGGGGGGrrrGGGrrrrrrGGGGGGrrr
370,intersection_4_2,road_4_3_3_0;road_4_3_3_0;road_4_3_3_0;road_4_3_3_1;road_4_3_3_1;road_4_3_3_1;road_4_3_3_2;road_4_3_3_2;road_4_3_3_2;road_5_2_2_0;road_5_2_2_0;road_5_2_2_0;road_5_2_2_1;road_5_2_2_1;road_5_2_2_1;road_5_2_2_2;road_5_2_2_2;road_5_2_2_2;road_4_1_1_0;road_4_1_1_0;road_4_1_1_0;road_4_1_1_1;road_4_1_1_1;road_4_1_1_1;road_4_1_1_2;road_4_1_1_2;road_4_1_1_2;road_3_2_0_0;road_3_2_0_0;road_3_2_0_0;road_3_2_0_1;road_3_2_0_1;road_3_2_0_1;road_3_2_0_2;road_3_2_0_2;road_3_2_0_2,GGGrrrrrrGGGGGGrrrGGGrrrrrrGGGGGGrrr
370,intersection_4_3,road_4_4_3_0;road_4_4_3_0;road_4_4_3_0;road_4_4_3_1;road_4_4_3_1;road_4_4_3_1;road_4_4_3_2;road_4_4_3_2;road_4_4_3_2;road_5_3_2_0;road_5_3_2_0;road_5_3_2_0;road_5_3_2_1;road_5_3_2_1;road_5_3_2_1;road_5_3_2_2;road_5_3_2_2;road_5_3_2_2;road_4_2_1_0;road_4_2_1_0;road_4_2_1_0;road_4_2_1_1;road_4_2_1_1;road_4_2_1_1;road_4_2_1_2;road_4_2_1_2;road_4_2_1_2;road_3_3_0_0;road_3_3_0_0;road_3_3_0_0;road_3_3_0_1;road_3_3_0_1;road_3_3_0_1;road_3_3_0_2;road_3_3_0_2;road_3_3_0_2,GGGrrrrrrGGGGGGGGGGGGrrrrrrGGGrrrrrr
370,intersection_4_4,road_4_5_3_0;road_4_5_3_0;road_4_5_3_0;road_4_5_3_1;road_4_5_3_1;road_4_5_3_1;road_4_5_3_2;road_4_5_3_2;road_4_5_3_2;road_5_4_2_0;road_5_4_2_0;road_5_4_2_0;road_5_4_2_1;road_5_4_2_1;road_5_4_2_1;road_5_4_2_2;road_5_4_2_2;road_5_4_2_2;road_4_3_1_0;road_4_3_1_0;road_4_3_1_0;road_4_3_1_1;road_4_3_1_1;road_4_3_1_1;road_4_3_1_2;road_4_3_1_2;road_4_3_1_2;road_3_4_0_0;road_3_4_0_0;road_3_4_0_0;road_3_4_0_1;road_3_4_0_1;road_3_4_0_1;road_3_4_0_2;road_3_4_0_2;road_3_4_0_2,GGGrrrrrrGGGrrrrrrGGGGGGGGGGGGrrrrrr
380,intersection_1_1,road_1_2_3_0;road_1_2_3_0;road_1_2_3_0;road_1_2_3_1;road_1_2_3_1;road_1_2_3_1;road_1_2_3_2;road_1_2_3_2;road_1_2_3_2;road_2_1_2_0;road_2_1_2_0;road_2_1_2_0;road_2_1_2_1;road_2_1_2_1;road_2_1_2_1;road_2_1_2_2;road_2_1_2_2;road_2_1_2_2;road_1_0_1_0;road_1_0_1_0;road_1_0_1_0;road_1_0_1_1;road_1_0_1_1;road_1_0_1_1;road_1_0_1_2;road_1_0_1_2;road_1_0_1_2;road_0_1_0_0;road_0_1_0_0;road_0_1_0_0;road_0_1_0_1;road_0_1_0_1;road_0_1_0_1;road_0_1_0_2;road_0_1_0_2;road_0_1_0_2,GGGrrrrrrGGGrrrrrrGGGrrrrrrGGGGGGGGG
380,intersection_1_2,road_1_3_3_0;road_1_3_3_0;road_1_3_3_0;road_1_3_3_1;road_1_3_3_1;road_1_3_3_1;road_1_3_3_2;road_1_3_3_2;road_1_3_3_2;road_2_2_2_0;road_2_2_2_0;road_2_2_2_0;road_2_2_2_1;road_2_2_2_1;road_2_2_2_1;road_2_2_2_2;road_2_2_2_2;road_2_2_2_2;road_1_1_1_0;road_1_1_1_0;road_1_1_1_0;road_1_1_1_1;road_1_1_1_1;road_1_1_1_1;road_1_1_1_2;road_1_1_1_2;road_1_1_1_2;road_0_2_0_0;road_0_2_0_0;road_0_2_0_0;road_0_2_0_1;road_0_2_0_1;road_0_2_0_1;road_0_2_0_2;road_0_2_0_2;road_0_2_0_2,GGGGGGGGGGGGrrrrrrGGGrrrrrrGGGrrrrrr
380,intersection_1_3,road_1_4_3_0;road_1_4_3_0;road_1_4_3_0;road_1_4_3_1;road_1_4_3_1;road_1_4_3_1;road_1_4_3_2;road_1_4_3_2;road_1_4_3_2;road_2_3_2_0;road_2_3_2_0;road_2_3_2_0;road_2_3_2_1;road_2_3_2_1;road_2_3_2_1;road_2_3_2_2;road_2_3_2_2;road_2_3_2_2;road_1_2_1_0;road_1_2_1_0;road_1_2_1_0;road_1_2_1_1;road_1_2_1_1;road_1_2_1_1;road_1_2_1_2;road_1_2_1_2;road_1_2_1_2;road_0_3_0_0;road_0_3_0_0;road_0_3_0_0;road_0_3_0_1;road_0_3_0_1;road_0_3_0_1;road_0_3_0_2;road_0_3_0_2;road_0_3_0_2,GGGrrrrrrGGGGGGrrrGGGrrrrrrGGGGGGrrr
380,intersection_1_4,road_1_5_3_0;road_1_5_3_0;road_1_5_3_0;road_1_5_3_1;road_1_5_3_1;road_1_5_3_1;road_1_5_3_2;road_1_5_3_2;road_1_5_3_2;road_2_4_2_0;road_2_4_2_0;road_2_4_2_0;road_2_4_2_1;road_2_4_2_1;road_2_4_2_1;road_2_4_2_2;road_2_4_2_2;road_2_4_2_2;road_1_3_1_0;road_1_3_1_0;road_1_3_1_0;road_1_3_1_1;road_1_3_1_1;road_1_3_1_1;road_1_3_1_2;road_1_3_1_2;road_1_3_1_2;road_0_4_0_0;road_0_4_0_0;road_0_4_0_0;road_0_4_0_1;road_0_4_0_1;road_0_4_0_1;road_0_4_0_2;road_0_4_0_2;road_0_4_0_2,GGGGGGGGGGGGrrrrrrGGGrrrrrrGGGrrrrrr
380,intersection_2_1,road_2_2_3_0;road_2_2_3_0;road_2_2_3_0;road_2_2_3_1;road_2_2_3_1;road_2_2_3_1;road_2_2_3_2;road_2_2_3_2;road_2_2_3_2;road_3_1_2_0;road_3_1_2_0;road_3_1_2_0;road_3_1_2_1;road_3_1_2_1;road_3_1_2_1;road_3_1_2_2;road_3_1_2_2;road_3_1_2_2;road_2_0_1_0;road_2_0_1_0;road_2_0_1_0;road_2_0_1_1;road_2_0_1_1;road_2_0_1_1;road_2_0_1_2;road_2_0_1_2;road_2_0_1_2;road_1_1_0_0;road_1_1_0_0;road_1_1_0_0;road_1_1_0_1;road_1_1_0_1;road_1_1_0_1;road_1_1_0_2;road_1_1_0_2;road_1_1_0_2,GGGrrrrrrGGGGGGrrrGGGrrrrrrGGGGGGrrr
380,intersection_2_2,road_2_3_3_0;road_2_3_3_0;road_2_3_3_0;road_2_3_3_1;road_2_3_3_1;road_2_3_3_1;road_2_3_3_2;road_2_3_3_2;road_2_3_3_2;road_3_2_2_0;road_3_2_2_0;road_3_2_2_0;road_3_2_2_1;road_3_2_2_1;road_3_2_2_1;road_3_2_2_2;road_3_2_2_2;road_3_2_2_2;road_2_1_1_0;road_2_1_1_0;road_2_1_1_0;road_2_1_1_1;road_2_1_1_1;road_2_1_1_1;road_2_1_1_2;road_2_1_1_2;road_2_1_1_2;road_1_2_0_0;road_1_2_0_0;road_1_2_0_0;road_1_2_0_1;road_1_2_0_1;road_1_2_0_1;road_1_2_0_2;road_1_2_0_2;road_1_2_0_2,GGGrrrrrrGGGrrrrrrGGGrrrrrrGGGGGGGGG
380,intersection_2_3,road_2_4_3_0;road_2_4_3_0;road_2_4_3_0;road_2_4_3_1;road_2_4_3_1;road_2_4_3_1;road_2_4_3_2;road_2_4_3_2;road_2_4_3_2;road_3_3_2_0;road_3_3_2_0;road_3_3_2_0;road_3_3_2_1;road_3_3_2_1;road_3_3_2_1;road_3_3_2_2;road_3_3_2_2;road_3_3_2_2;road_2_2_1_0;road_2_2_1_0;road_2_2_1_0;road_2_2_1_1;road_2_2_1_1;road_2_2_1_1;road_2_2_1_2;road_2_2_1_2;road_2_2_1_2;road_1_3_0_0;road_1_3_0_0;road_1_3_0_0;road_1_3_0_1;road_1_3_0_1;road_1_3_0_1;road_1_3_0_2;road_1_3_0_2;road_1_3_0_2,GGGrrrrrrGGGGGGrrrGGGrrrrrrGGGGGGrrr
380,intersection_2_4,road_2_5_3_0;road_2_5_3_0;road_2_5_3_0;road_2_5_3_1;road_2_5_3_1;road_2_5_3_1;road_2_5_3_2;road_2_5_3_2;road_2_5_3_2;road_3_4_2_0;road_3_4_2_0;road_3_4_2_0;road_3_4_2_1;road_3_4_2_1;road_3_4_2_1;road_3_4_2_2;road_3_4_2_2;road_3_4_2_2;road_2_3_1_0;road_2_3_1_0;road_2_3_1_0;road_2_3_1_1;road_2_3_1_1;road_2_3_1_1;road_2_3_1_2;road_2_3_1_2;road_2_3_1_2;road_1_4_0_0;road_1_4_0_0;road_1_4_0_0;road_1_4_0_1;road_1_4_0_1;road_1_4_0_1;road_1_4_0_2;road_1_4_0_2;road_1_4_0_2,GGGrrrrrrGGGGGGrrrGGGrrrrrrGGGGGGrrr
380,intersection_3_1,road_3_2_3_0;road_3_2_3_0;road_3_2_3_0;road_3_2_3_1;road_3_2_3_1;road_3_2_3_1;road_3_2_3_2;road_3_2_3_2;road_3_2_3_2;road_4_1_2_0;road_4_1_2_0;road_4_1_2_0;road_4_1_2_1;road_4_1_2_1;road_4_1_2_1;road_4_1_2_2;road_4_1_2_2;road_4_1_2_2;road_3_0_1_0;road_3_0_1_0;road_3_0_1_0;road_3_0_1_1;road_3_0_1_1;road_3_0_1_1;road_3_0_1_2;road_3_0_1_2;road_3_0_1_2;road_2_1_0_0;road_2_1_0_0;road_2_1_0_0;road_2_1_0_1;road_2_1_0_1;road_2_1_0_1;road_2_1_0_2;road_2_1_0_2;road_2_1_0_2,GGGrrrrrrGGGrrrrrrGGGrrrrrrGGGGGGGGG
380,intersection_3_2,road_3_3_3_0;road_3_3_3_0;road_3_3_3_0;road_3_3_3_1;road_3_3_3_1;road_3_3_3_1;road_3_3_3_2;road_3_3_3_2;road_3_3_3_2;road_4_2_2_0;road_4_2_2_0;road_4_2_2_0;road_4_2_2_1;road_4_2_2_1;road_4_2_2_1;road_4_2_2_2;road_4_2_2_2;road_4_2_2_2;road_3_1_1_0;road_3_1_1_0;road_3_1_1_0;road_3_1_1_1;road_3_1_1_1;road_3_1_1_1;road_3_1_1_2;road_3_1_1_2;road_3_1_1_2;road_2_2_0_0;road_2_2_0_0;road_2_2_0_0;road_2_2_0_1;road_2_2_0_1;road_2_2_0_1;road_2_2_0_2;road_2_2_0_2;road_2_2_0_2,GGGrrrrrrGGGGGGrrrGGGrrrrrrGGGGGGrrr
380,intersection_3_3,road_3_4_3_0;road_3_4_3_0;road_3_4_3_0;road_3_4_3_1;road_3_4_3_1;road_3_4_3_1;road_3_4_3_2;road_3_4_3_2;road_3_4_3_2;road_4_3_2_0;road_4_3_2_0;road_4_3_2_0;road_4_3_2_1;road_4_3_2_1;road_4_3_2_1;road_4_3_2_2;road_4_3_2_2;road_4_3_2_2;road_3_2_1_0;road_3_2_1_0;road_3_2_1_0;road_3_2_1_1;road_3_2_1_1;road_3_2_1_1;road_3_2_1_2;road_3_2_1_2;road_3_2_1_2;road_2_3_0_0;road_2_3_0_0;road_2_3_0_0;road_2_3_0_1;road_2_3_0_1;road_2_3_0_1;road_2_3_0_2;road_2_3_0_2;road_2_3_0_2,GGGrrrrrrGGGGGGGGGGGGrrrrrrGGGrrrrrr
380,intersection_3_4,road_3_5_3_0;road_3_5_3_0;road_3_5_3_0;road_3_5_3_1;road_3_5_3_1;road_3_5_3_1;road_3_5_3_2;road_3_5_3_2;road_3_5_3_2;road_4_4_2_0;road_4_4_2_0;road_4_4_2_0;road_4_4_2_1;road_4_4_2_1;road_4_4_2_1;road_4_4_2_2;road_4_4_2_2;road_4_4_2_2;road_3_3_1_0;road_3_3_1_0;road_3_3_1_0;road_3_3_1_1;road_3_3_1_1;road_3_3_1_1;road_3_3_1_2;road_3_3_1_2;road_3_3_1_2;road_2_4_0_0;road_2_4_0_0;road_2_4_0_0;road_2_4_0_1;road_2_4_0_1;road_2_4_0_1;road_2_4_0_2;road_2_4_0_2;road_2_4_0_2,GGGGGGrrrGGGrrrrrrGGGGGGrrrGGGrrrrrr
380,intersection_4_1,road_4_2_3_0;road_4_2_3_0;road_4_2_3_0;road_4_2_3_1;road_4_2_3_1;road_4_2_3_1;road_4_2_3_2;road_4_2_3_2;road_4_2_3_2;road_5_1_2_0;road_5_1_2_0;road_5_1_2_0;road_5_1_2_1;road_5_1_2_1;road_5_1_2_1;road_5_1_2_2;road_5_1_2_2;road_5_1_2_2;road_4_0_1_0;road_4_0_1_0;road_4_0_1_0;road_4_0_1_1;road_4_0_1_1;road_4_0_1_1;road_4_0_1_2;road_4_0_1_2;road_4_0_1_2;road_3_1_0_0;road_3_1_0_0;road_3_1_0_0;road_3_1_0_1;road_3_1_0_1;road_3_1_0_1;road_3_1_0_2;road_3_1_0_2;road_3_1_0_2,GGGrrrrrrGGGGGGrrrGGGrrrrrrGGGGGGrrr
380,intersection_4_2,road_4_3_3_0;road_4_3_3_0;road_4_3_3_0;road_4_3_3_1;road_4_3_3_1;road_4_3_3_1;road_4_3_3_2;road_4_3_3_2;road_4_3_3_2;road_5_2_2_0;road_5_2_2_0;road_5_2_2_0;road_5_2_2_1;road_5_2_2_1;road_5_2_2_1;road_5_2_2_2;road_5_2_2_2;road_5_2_2_2;road_4_1_1_0;road_4_1_1_0;road_4_1_1_0;road_4_1_1_1;road_4_1_1_1;road_4_1_1_1;road_4_1_1_2;road_4_1_1_2;road_4_1_1_2;road_3_2_0_0;road_3_2_0_0;road_3_2_0_0;road_3_2_0_1;road_3_2_0_1;road_3_2_0_1;road_3_2_0_2;road_3_2_0_2;road_3_2_0_2,GGGrrrrrrGGGGGGrrrGGGrrrrrrGGGGGGrrr
380,intersection_4_3,road_4_4_3_0;road_4_4_3_0;road_4_4_3_0;road_4_4_3_1;road_4_4_3_1;road_4_4_3_1;road_4_4_3_2;road_4_4_3_2;road_4_4_3_2;road_5_3_2_0;road_5_3_2_0;road_5_3_2_0;road_5_3_2_1;road_5_3_2_1;road_5_3_2_1;road_5_3_2_2;road_5_3_2_2;road_5_3_2_2;road_4_2_1_0;road_4_2_1_0;road_4_2_1_0;road_4_2_1_1;road_4_2_1_1;road_4_2_1_1;road_4_2_1_2;road_4_2_1_2;road_4_2_1_2;road_3_3_0_0;road_3_3_0_0;road_3_3_0_0;road_3_3_0_1;road_3_3_0_1;road_3_3_0_1;road_3_3_0_2;road_3_3_0_2;road_3_3_0_2,GGGrrrrrrGGGGGGrrrGGGrrrrrrGGGGGGrrr
380,intersection_4_4,road_4_5_3_0;road_4_5_3_0;road_4_5_3_0;road_4_5_3_1;road_4_5_3_1;road_4_5_3_1;road_4_5_3_2;road_4_5_3_2;road_4_5_3_2;road_5_4_2_0;road_5_4_2_0;road_5_4_2_0;road_5_4_2_1;road_5_4_2_1;road_5_4_2_1;road_5_4_2_2;road_5_4_2_2;road_5_4_2_2;road_4_3_1_0;road_4_3_1_0;road_4_3_1_0;road_4_3_1_1;road_4_3_1_1;road_4_3_1_1;road_4_3_1_2;road_4_3_1_2;road_4_3_1_2;road_3_4_0_0;road_3_4_0_0;road_3_4_0_0;road_3_4_0_1;road_3_4_0_1;road_3_4_0_1;road_3_4_0_2;road_3_4_0_2;road_3_4_0_2,GGGrrrrrrGGGrrrrrrGGGGGGGGGGGGrrrrrr
390,intersection_1_1,road_1_2_3_0;road_1_2_3_0;road_1_2_3_0;road_1_2_3_1;road_1_2_3_1;road_1_2_3_1;road_1_2_3_2;road_1_2_3_2;road_1_2_3_2;road_2_1_2_0;road_2_1_2_0;road_2_1_2_0;road_2_1_2_1;road_2_1_2_1;road_2_1_2_1;road_2_1_2_2;road_2_1_2_2;road_2_1_2_2;road_1_0_1_0;road_1_0_1_0;road_1_0_1_0;road_1_0_1_1;road_1_0_1_1;road_1_0_1_1;road_1_0_1_2;road_1_0_1_2;road_1_0_1_2;road_0_1_0_0;road_0_1_0_0;road_0_1_0_0;road_0_1_0_1;road_0_1_0_1;road_0_1_0_1;road_0_1_0_2;road_0_1_0_2;road_0_1_0_2,GGGrrrrrrGGGrrrrrrGGGrrrrrrGGGGGGGGG
390,intersection_1_2,road_1_3_3_0;road_1_3_3_0;road_1_3_3_0;road_1_3_3_1;road_1_3_3_1;road_1_3_3_1;road_1_3_3_2;road_1_3_3_2;road_1_3_3_2;road_2_2_2_0;road_2_2_2_0;road_2_2_2_0;road_2_2_2_1;road_2_2_2_1;road_2_2_2_1;road_2_2_2_2;road_2_2_2_2;road_2_2_2_2;road_1_1_1_0;road_1_1_1_0;road_1_1_1_0;road_1_1_1_1;road_1_1_1_1;road_1_1_1_1;road_1_1_1_2;road_1_1_1_2;road_1_1_1_2;road_0_2_0_0;road_0_2_0_0;road_0_2_0_0;road_0_2_0_1;road_0_2_0_1;road_0_2_0_1;road_0_2_0_2;road_0_2_0_2;road_0_2_0_2,GGGGGGGGGGGGrrrrrrGGGrrrrrrGGGrrrrrr
390,intersection_1_3,road_1_4_3_0;road_1_4_3_0;road_1_4_3_0;road_1_4_3_1;road_1_4_3_1;road_1_4_3_1;road_1_4_3_2;road_1_4_3_2;road_1_4_3_2;road_2_3_2_0;road_2_3_2_0;road_2_3_2_0;road_2_3_2_1;road_2_3_2_1;road_2_3_2_1;road_2_3_2_2;road_2_3_2_2;road_2_3_2_2;road_1_2_1_0;road_1_2_1_0;road_1_2_1_0;road_1_2_1_1;road_1_2_1_1;road_1_2_1_1;road_1_2_1_2;road_1_2_1_2;road_1_2_1_2;road_0_3_0_0;road_0_3_0_0;road_0_3_0_0;road_0_3_0_1;road_0_3_0_1;road_0_3_0_1;road_0_3_0_2;road_0_3_0_2;road_0_3_0_2,GGGrrrrrrGGGGGGrrrGGGrrrrrrGGGGGGrrr
390,intersection_1_4,road_1_5_3_0;road_1_5_3_0;road_1_5_3_0;road_1_5_3_1;road_1_5_3_1;road_1_5_3_1;road_1_5_3_2;road_1_5_3_2;road_1_5_3_2;road_2_4_2_0;road_2_4_2_0;road_2_4_2_0;road_2_4_2_1;road_2_4_2_1;road_2_4_2_1;road_2_4_2_2;road_2_4_2_2;road_2_4_2_2;road_1_3_1_0;road_1_3_1_0;road_1_3_1_0;road_1_3_1_1;road_1_3_1_1;road_1_3_1_1;road_1_3_1_2;road_1_3_1_2;road_1_3_1_2;road_0_4_0_0;road_0_4_0_0;road_0_4_0_0;road_0_4_0_1;road_0_4_0_1;road_0_4_0_1;road_0_4_0_2;road_0_4_0_2;road_0_4_0_2,GGGGGGGGGGGGrrrrrrGGGrrrrrrGGGrrrrrr
390,intersection_2_1,road_2_2_3_0;road_2_2_3_0;road_2_2_3_0;road_2_2_3_1;road_2_2_3_1;road_2_2_3_1;road_2_2_3_2;road_2_2_3_2;road_2_2_3_2;road_3_1_2_0;road_3_1_2_0;road_3_1_2_0;road_3_1_2_1;road_3_1_2_1;road_3_1_2_1;road_3_1_2_2;road_3_1_2_2;road_3_1_2_2;road_2_0_1_0;road_2_0_1_0;road_2_0_1_0;road_2_0_1_1;road_2_0_1_1;road_2_0_1_1;road_2_0_1_2;road_2_0_1_2;road_2_0_1_2;road_1_1_0_0;road_1_1_0_0;road_1_1_0_0;road_1_1_0_1;road_1_1_0_1;road_1_1_0_1;road_1_1_0_2;road_1_1_0_2;road_1_1_0_2,GGGrrrrrrGGGrrrrrrGGGrrrrrrGGGGGGGGG
390,intersection_2_2,road_2_3_3_0;road_2_3_3_0;road_2_3_3_0;road_2_3_3_1;road_2_3_3_1;road_2_3_3_1;road_2_3_3_2;road_2_3_3_2;road_2_3_3_2;road_3_2_2_0;road_3_2_2_0;road_3_2_2_0;road_3_2_2_1;road_3_2_2_1;road_3_2_2_1;road_3_2_2_2;road_3_2_2_2;road_3_2_2_2;road_2_1_1_0;road_2_1_1_0;road_2_1_1_0;road_2_1_1_1;road_2_1_1_1;road_2_1_1_1;road_2_1_1_2;road_2_1_1_2;road_2_1_1_2;road_1_2_0_0;road_1_2_0_0;road_1_2_0_0;road_1_2_0_1;road_1_2_0_1;road_1_2_0_1;road_1_2_0_2;road_1_2_0_2;road_1_2_0_2,GGGrrrrrrGGGrrrrrrGGGrrrrrrGGGGGGGGG
390,intersection_2_3,road_2_4_3_0;road_2_4_3_0;road_2_4_3_0;road_2_4_3_1;road_2_4_3_1;road_2_4_3_1;road_2_4_3_2;road_2_4_3_2;road_2_4_3_2;road_3_3_2_0;road_3_3_2_0;road_3_3_2_0;road_3_3_2_1;road_3_3_2_1;road_3_3_2_1;road_3_3_2_2;road_3_3_2_2;road_3_3_2_2;road_2_2_1_0;road_2_2_1_0;road_2_2_1_0;road_2_2_1_1;road_2_2_1_1;road_2_2_1_1;road_2_2_1_2;road_2_2_1_2;road_2_2_1_2;road_1_3_0_0;road_1_3_0_0;road_1_3_0_0;road_1_3_0_1;road_1_3_0_1;road_1_3_0_1;road_1_3_0_2;road_1_3_0_2;road_1_3_0_2,GGGrrrrrrGGGGGGrrrGGGrrrrrrGGGGGGrrr
390,intersection_2_4,road_2_5_3_0;road_2_5_3_0;road_2_5_3_0;road_2_5_3_1;road_2_5_3_1;road_2_5_3_1;road_2_5_3_2;road_2_5_3_2;road_2_5_3_2;road_3_4_2_0;road_3_4_2_0;road_3_4_2_0;road_3_4_2_1;road_3_4_2_1;road_3_4_2_1;road_3_4_2_2;road_3_4_2_2;road_3_4_2_2;road_2_3_1_0;road_2_3_1_0;road_2_3_1_0;road_2_3_1_1;road_2_3_1_1;road_2_3_1_1;road_2_3_1_2;road_2_3_1_2;road_2_3_1_2;road_1_4_0_0;road_1_4_0_0;road_1_4_0_0;road_1_4_0_1;road_1_4_0_1;road_1_4_0_1;road_1_4_0_2;road_1_4_0_2;road_1_4_0_2,GGGrrrrrrGGGGGGrrrGGGrrrrrrGGGGGGrrr
390,intersection_3_1,road_3_2_3_0;road_3_2_3_0;road_3_2_3_0;road_3_2_3_1;road_3_2_3_1;road_3_2_3_1;road_3_2_3_2;road_3_2_3_2;road_3_2_3_2;road_4_1_2_0;road_4_1_2_0;road_4_1_2_0;road_4_1_2_1;road_4_1_2_1;road_4_1_2_1;road_4_1_2_2;road_4_1_2_2;road_4_1_2_2;road_3_0_1_0;road_3_0_1_0;road_3_0_1_0;road_3_0_1_1;road_3_0_1_1;road_3_0_1_1;road_3_0_1_2;road_3_0_1_2;road_3_0_1_2;road_2_1_0_0;road_2_1_0_0;road_2_1_0_0;road_2_1_0_1;road_2_1_0_1;road_2_1_0_1;road_2_1_0_2;road_2_1_0_2;road_2_1_0_2,GGGrrrrrrGGGrrrrrrGGGrrrrrrGGGGGGGGG
390,intersection_3_2,road_3_3_3_0;road_3_3_3_0;road_3_3_3_0;road_3_3_3_1;road_3_3_3_1;road_3_3_3_1;road_3_3_3_2;road_3_3_3_2;road_3_3_3_2;road_4_2_2_0;road_4_2_2_0;road_4_2_2_0;road_4_2_2_1;road_4_2_2_1;road_4_2_2_1;road_4_2_2_2;road_4_2_2_2;road_4_2_2_2;road_3_1_1_0;road_3_1_1_0;road_3_1_1_0;road_3_1_1_1;road_3_1_1_1;road_3_1_1_1;road_3_1_1_2;road_3_1_1_2;road_3_1_1_2;road_2_2_0_0;road_2_2_0_0;road_2_2_0_0;road_2_2_0_1;road_2_2_0_1;road_2_2_0_1;road_2_2_0_2;road_2_2_0_2;road_2_2_0_2,GGGrrrrrrGGGGGGrrrGGGrrrrrrGGGGGGrrr
390,intersection_3_3,road_3_4_3_0;road_3_4_3_0;road_3_4_3_0;road_3_4_3_1;road_3_4_3_1;road_3_4_3_1;road_3_4_3_2;road_3_4_3_2;road_3_4_3_2;road_4_3_2_0;road_4_3_2_0;road_4_3_2_0;road_4_3_2_1;road_4_3_2_1;road_4_3_2_1;road_4_3_2_2;road_4_3_2_2;road_4_3_2_2;road_3_2_1_0;road_3_2_1_0;road_3_2_1_0;road_3_2_1_1;road_3_2_1_1;road_3_2_1_1;road_3_2_1_2;road_3_2_1_2;road_3_2_1_2;road_2_3_0_0;road_2_3_0_0;road_2_3_0_0;road_2_3_0_1;road_2_3_0_1;road_2_3_0_1;road_2_3_0_2;road_2_3_0_2;road_2_3_0_2,GGGrrrrrrGGGGGGGGGGGGrrrrrrGGGrrrrrr
390,intersection_3_4,road_3_5_3_0;road_3_5_3_0;road_3_5_3_0;road_3_5_3_1;road_3_5_3_1;road_3_5_3_1;road_3_5_3_2;road_3_5_3_2;road_3_5_3_2;road_4_4_2_0;road_4_4_2_0;road_4_4_2_0;road_4_4_2_1;road_4_4_2_1;road_4_4_2_1;road_4_4_2_2;road_4_4_2_2;road_4_4_2_2;road_3_3_1_0;road_3_3_1_0;road_3_3_1_0;road_3_3_1_1;road_3_3_1_1;road_3_3_1_1;road_3_3_1_2;road_3_3_1_2;road_3_3_1_2;road_2_4_0_0;road_2_4_0_0;road_2_4_0_0;road_2_4_0_1;road_2_4_0_1;road_2_4_0_1;road_2_4_0_2;road_2_4_0_2;road_2_4_0_2,GGGGGGrrrGGGrrrrrrGGGGGGrrrGGGrrrrrr
390,intersection_4_1,road_4_2_3_0;road_4_2_3_0;road_4_2_3_0;road_4_2_3_1;road_4_2_3_1;road_4_2_3_1;road_4_2_3_2;road_4_2_3_2;road_4_2_3_2;road_5_1_2_0;road_5_1_2_0;road_5_1_2_0;road_5_1_2_1;road_5_1_2_1;road_5_1_2_1;road_5_1_2_2;road_5_1_2_2;road_5_1_2_2;road_4_0_1_0;road_4_0_1_0;road_4_0_1_0;road_4_0_1_1;road_4_0_1_1;road_4_0_1_1;road_4_0_1_2;road_4_0_1_2;road_4_0_1_2;road_3_1_0_0;road_3_1_0_0;road_3_1_0_0;road_3_1_0_1;road_3_1_0_1;road_3_1_0_1;road_3_1_0_2;road_3_1_0_2;road_3_1_0_2,GGGrrrrrrGGGGGGrrrGGGrrrrrrGGGGGGrrr
390,intersection_4_2,road_4_3_3_0;road_4_3_3_0;road_4_3_3_0;road_4_3_3_1;road_4_3_3_1;road_4_3_3_1;road_4_3_3_2;road_4_3_3_2;road_4_3_3_2;road_5_2_2_0;road_5_2_2_0;road_5_2_2_0;road_5_2_2_1;road_5_2_2_1;road_5_2_2_1;road_5_2_2_2;road_5_2_2_2;road_5_2_2_2;road_4_1_1_0;road_4_1_1_0;road_4_1_1_0;road_4_1_1_1;road_4_1_1_1;road_4_1_1_1;road_4_1_1_2;road_4_1_1_2;road_4_1_1_2;road_3_2_0_0;road_3_2_0_0;road_3_2_0_0;road_3_2_0_1;road_3_2_0_1;road_3_2_0_1;road_3_2_0_2;road_3_2_0_2;road_3_2_0_2,GGGrrrrrrGGGGGGrrrGGGrrrrrrGGGGGGrrr
390,intersection_4_3,road_4_4_3_0;road_4_4_3_0;road_4_4_3_0;road_4_4_3_1;road_4_4_3_1;road_4_4_3_1;road_4_4_3_2;road_4_4_3_2;road_4_4_3_2;road_5_3_2_0;road_5_3_2_0;road_5_3_2_0;road_5_3_2_1;road_5_3_2_1;road_5_3_2_1;road_5_3_2_2;road_5_3_2_2;road_5_3_2_2;road_4_2_1_0;road_4_2_1_0;road_4_2_1_0;road_4_2_1_1;road_4_2_1_1;road_4_2_1_1;road_4_2_1_2;road_4_2_1_2;road_4_2_1_2;road_3_3_0_0;road_3_3_0_0;road_3_3_0_0;road_3_3_0_1;road_3_3_0_1;road_3_3_0_1;road_3_3_0_2;road_3_3_0_2;road_3_3_0_2,GGGrrrrrrGGGGGGrrrGGGrrrrrrGGGGGGrrr
390,intersection_4_4,road_4_5_3_0;road_4_5_3_0;road_4_5_3_0;road_4_5_3_1;road_4_5_3_1;road_4_5_3_1;road_4_5_3_2;road_4_5_3_2;road_4_5_3_2;road_5_4_2_0;road_5_4_2_0;road_5_4_2_0;road_5_4_2_1;road_5_4_2_1;road_5_4_2_1;road_5_4_2_2;road_5_4_2_2;road_5_4_2_2;road_4_3_1_0;road_4_3_1_0;road_4_3_1_0;road_4_3_1_1;road_4_3_1_1;road_4_3_1_1;road_4_3_1_2;road_4_3_1_2;road_4_3_1_2;road_3_4_0_0;road_3_4_0_0;road_3_4_0_0;road_3_4_0_1;road_3_4_0_1;road_3_4_0_1;road_3_4_0_2;road_3_4_0_2;road_3_4_0_2,GGGrrrrrrGGGrrrrrrGGGGGGGGGGGGrrrrrr
400,intersection_1_1,road_1_2_3_0;road_1_2_3_0;road_1_2_3_0;road_1_2_3_1;road_1_2_3_1;road_1_2_3_1;road_1_2_3_2;road_1_2_3_2;road_1_2_3_2;road_2_1_2_0;road_2_1_2_0;road_2_1_2_0;road_2_1_2_1;road_2_1_2_1;road_2_1_2_1;road_2_1_2_2;road_2_1_2_2;road_2_1_2_2;road_1_0_1_0;road_1_0_1_0;road_1_0_1_0;road_1_0_1_1;road_1_0_1_1;road_1_0_1_1;road_1_0_1_2;road_1_0_1_2;road_1_0_1_2;road_0_1_0_0;road_0_1_0_0;road_0_1_0_0;road_0_1_0_1;road_0_1_0_1;road_0_1_0_1;road_0_1_0_2;road_0_1_0_2;road_0_1_0_2,GGGrrrrrrGGGrrrrrrGGGrrrrrrGGGGGGGGG
400,intersection_1_2,road_1_3_3_0;road_1_3_3_0;road_1_3_3_0;road_1_3_3_1;road_1_3_3_1;road_1_3_3_1;road_1_3_3_2;road_1_3_3_2;road_1_3_3_2;road_2_2_2_0;road_2_2_2_0;road_2_2_2_0;road_2_2_2_1;road_2_2_2_1;road_2_2_2_1;road_2_2_2_2;road_2_2_2_2;road_2_2_2_2;road_1_1_1_0;road_1_1_1_0;road_1_1_1_0;road_1_1_1_1;road_1_1_1_1;road_1_1_1_1;road_1_1_1_2;road_1_1_1_2;road_1_1_1_2;road_0_2_0_0;road_0_2_0_0;road_0_2_0_0;road_0_2_0_1;road_0_2_0_1;road_0_2_0_1;road_0_2_0_2;road_0_2_0_2;road_0_2_0_2,GGGGGGGGGGGGrrrrrrGGGrrrrrrGGGrrrrrr
400,intersection_1_3,road_1_4_3_0;road_1_4_3_0;road_1_4_3_0;road_1_4_3_1;road_1_4_3_1;road_1_4_3_1;road_1_4_3_2;road_1_4_3_2;road_1_4_3_2;road_2_3_2_0;road_2_3_2_0;road_2_3_2_0;road_2_3_2_1;road_2_3_2_1;road_2_3_2_1;road_2_3_2_2;road_2_3_2_2;road_2_3_2_2;road_1_2_1_0;road_1_2_1_0;road_1_2_1_0;road_1_2_1_1;road_1_2_1_1;road_1_2_1_1;road_1_2_1_2;road_1_2_1_2;road_1_2_1_2;road_0_3_0_0;road_0_3_0_0;road_0_3_0_0;road_0_3_0_1;road_0_3_0_1;road_0_3_0_1;road_0_3_0_2;road_0_3_0_2;road_0_3_0_2,GGGrrrrrrGGGGGGrrrGGGrrrrrrGGGGGGrrr
400,intersection_1_4,road_1_5_3_0;road_1_5_3_0;road_1_5_3_0;road_1_5_3_1;road_1_5_3_1;road_1_5_3_1;road_1_5_3_2;road_1_5_3_2;road_1_5_3_2;road_2_4_2_0;road_2_4_2_0;road_2_4_2_0;road_2_4_2_1;road_2_4_2_1;road_2_4_2_1;road_2_4_2_2;road_2_4_2_2;road_2_4_2_2;road_1_3_1_0;road_1_3_1_0;road_1_3_1_0;road_1_3_1_1;road_1_3_1_1;road_1_3_1_1;road_1_3_1_2;road_1_3_1_2;road_1_3_1_2;road_0_4_0_0;road_0_4_0_0;road_0_4_0_0;road_0_4_0_1;road_0_4_0_1;road_0_4_0_1;road_0_4_0_2;road_0_4_0_2;road_0_4_0_2,GGGGGGGGGGGGrrrrrrGGGrrrrrrGGGrrrrrr
400,intersection_2_1,road_2_2_3_0;road_2_2_3_0;road_2_2_3_0;road_2_2_3_1;road_2_2_3_1;road_2_2_3_1;road_2_2_3_2;road_2_2_3_2;road_2_2_3_2;road_3_1_2_0;road_3_1_2_0;road_3_1_2_0;road_3_1_2_1;road_3_1_2_1;road_3_1_2_1;road_3_1_2_2;road_3_1_2_2;road_3_1_2_2;road_2_0_1_0;road_2_0_1_0;road_2_0_1_0;road_2_0_1_1;road_2_0_1_1;road_2_0_1_1;road_2_0_1_2;road_2_0_1_2;road_2_0_1_2;road_1_1_0_0;road_1_1_0_0;road_1_1_0_0;road_1_1_0_1;road_1_1_0_1;road_1_1_0_1;road_1_1_0_2;road_1_1_0_2;road_1_1_0_2,GGGrrrrrrGGGGGGrrrGGGrrrrrrGGGGGGrrr
400,intersection_2_2,road_2_3_3_0;road_2_3_3_0;road_2_3_3_0;road_2_3_3_1;road_2_3_3_1;road_2_3_3_1;road_2_3_3_2;road_2_3_3_2;road_2_3_3_2;road_3_2_2_0;road_3_2_2_0;road_3_2_2_0;road_3_2_2_1;road_3_2_2_1;road_3_2_2_1;road_3_2_2_2;road_3_2_2_2;road_3_2_2_2;road_2_1_1_0;road_2_1_1_0;road_2_1_1_0;road_2_1_1_1;road_2_1_1_1;road_2_1_1_1;road_2_1_1_2;road_2_1_1_2;road_2_1_1_2;road_1_2_0_0;road_1_2_0_0;road_1_2_0_0;road_1_2_0_1;road_1_2_0_1;road_1_2_0_1;road_1_2_0_2;road_1_2_0_2;road_1_2_0_2,GGGrrrrrrGGGrrrrrrGGGrrrrrrGGGGGGGGG
400,intersection_2_3,road_2_4_3_0;road_2_4_3_0;road_2_4_3_0;road_2_4_3_1;road_2_4_3_1;road_2_4_3_1;road_2_4_3_2;road_2_4_3_2;road_2_4_3_2;road_3_3_2_0;road_3_3_2_0;road_3_3_2_0;road_3_3_2_1;road_3_3_2_1;road_3_3_2_1;road_3_3_2_2;road_3_3_2_2;road_3_3_2_2;road_2_2_1_0;road_2_2_1_0;road_2_2_1_0;road_2_2_1_1;road_2_2_1_1;road_2_2_1_1;road_2_2_1_2;road_2_2_1_2;road_2_2_1_2;road_1_3_0_0;road_1_3_0_0;road_1_3_0_0;road_1_3_0_1;road_1_3_0_1;road_1_3_0_1;road_1_3_0_2;road_1_3_0_2;road_1_3_0_2,GGGrrrrrrGGGGGGrrrGGGrrrrrrGGGGGGrrr
400,intersection_2_4,road_2_5_3_0;road_2_5_3_0;road_2_5_3_0;road_2_5_3_1;road_2_5_3_1;road_2_5_3_1;road_2_5_3_2;road_2_5_3_2;road_2_5_3_2;road_3_4_2_0;road_3_4_2_0;road_3_4_2_0;road_3_4_2_1;road_3_4_2_1;road_3_4_2_1;road_3_4_2_2;road_3_4_2_2;road_3_4_2_2;road_2_3_1_0;road_2_3_1_0;road_2_3_1_0;road_2_3_1_1;road_2_3_1_1;road_2_3_1_1;road_2_3_1_2;road_2_3_1_2;road_2_3_1_2;road_1_4_0_0;road_1_4_0_0;road_1_4_0_0;road_1_4_0_1;road_1_4_0_1;road_1_4_0_1;road_1_4_0_2;road_1_4_0_2;road_1_4_0_2,GGGrrrrrrGGGGGGrrrGGGrrrrrrGGGGGGrrr
400,intersection_3_1,road_3_2_3_0;road_3_2_3_0;road_3_2_3_0;road_3_2_3_1;road_3_2_3_1;road_3_2_3_1;road_3_2_3_2;road_3_2_3_2;road_3_2_3_2;road_4_1_2_0;road_4_1_2_0;road_4_1_2_0;road_4_1_2_1;road_4_1_2_1;road_4_1_2_1;road_4_1_2_2;road_4_1_2_2;road_4_1_2_2;road_3_0_1_0;road_3_0_1_0;road_3_0_1_0;road_3_0_1_1;road_3_0_1_1;road_3_0_1_1;road_3_0_1_2;road_3_0_1_2;road_3_0_1_2;road_2_1_0_0;road_2_1_0_0;road_2_1_0_0;road_2_1_0_1;road_2_1_0_1;road_2_1_0_1;road_2_1_0_2;road_2_1_0_2;road_2_1_0_2,GGGrrrrrrGGGrrrrrrGGGrrrrrrGGGGGGGGG
400,intersection_3_2,road_3_3_3_0;road_3_3_3_0;road_3_3_3_0;road_3_3_3_1;road_3_3_3_1;road_3_3_3_1;road_3_3_3_2;road_3_3_3_2;road_3_3_3_2;road_4_2_2_0;road_4_2_2_0;road_4_2_2_0;road_4_2_2_1;road_4_2_2_1;road_4_2_2_1;road_4_2_2_2;road_4_2_2_2;road_4_2_2_2;road_3_1_1_0;road_3_1_1_0;road_3_1_1_0;road_3_1_1_1;road_3_1_1_1;road_3_1_1_1;road_3_1_1_2;road_3_1_1_2;road_3_1_1_2;road_2_2_0_0;road_2_2_0_0;road_2_2_0_0;road_2_2_0_1;road_2_2_0_1;road_2_2_0_1;road_2_2_0_2;road_2_2_0_2;road_2_2_0_2,GGGrrrrrrGGGGGGrrrGGGrrrrrrGGGGGGrrr
400,intersection_3_3,road_3_4_3_0;road_3_4_3_0;road_3_4_3_0;road_3_4_3_1;road_3_4_3_1;road_3_4_3_1;road_3_4_3_2;road_3_4_3_2;road_3_4_3_2;road_4_3_2_0;road_4_3_2_0;road_4_3_2_0;road_4_3_2_1;road_4_3_2_1;road_4_3_2_1;road_4_3_2_2;road_4_3_2_2;road_4_3_2_2;road_3_2_1_0;road_3_2_1_0;road_3_2_1_0;road_3_2_1_1;road_3_2_1_1;road_3_2_1_1;road_3_2_1_2;road_3_2_1_2;road_3_2_1_2;road_2_3_0_0;road_2_3_0_0;road_2_3_0_0;road_2_3_0_1;road_2_3_0_1;road_2_3_0_1;road_2_3_0_2;road_2_3_0_2;road_2_3_0_2,GGGrrrrrrGGGGGGGGGGGGrrrrrrGGGrrrrrr
400,intersection_3_4,road_3_5_3_0;road_3_5_3_0;road_3_5_3_0;road_3_5_3_1;road_3_5_3_1;road_3_5_3_1;road_3_5_3_2;road_3_5_3_2;road_3_5_3_2;road_4_4_2_0;road_4_4_2_0;road_4_4_2_0;road_4_4_2_1;road_4_4_2_1;road_4_4_2_1;road_4_4_2_2;road_4_4_2_2;road_4_4_2_2;road_3_3_1_0;road_3_3_1_0;road_3_3_1_0;road_3_3_1_1;road_3_3_1_1;road_3_3_1_1;road_3_3_1_2;road_3_3_1_2;road_3_3_1_2;road_2_4_0_0;road_2_4_0_0;road_2_4_0_0;road_2_4_0_1;road_2_4_0_1;road_2_4_0_1;road_2_4_0_2;road_2_4_0_2;road_2_4_0_2,GGGGGGrrrGGGrrrrrrGGGGGGrrrGGGrrrrrr
400,intersection_4_1,road_4_2_3_0;road_4_2_3_0;road_4_2_3_0;road_4_2_3_1;road_4_2_3_1;road_4_2_3_1;road_4_2_3_2;road_4_2_3_2;road_4_2_3_2;road_5_1_2_0;road_5_1_2_0;road_5_1_2_0;road_5_1_2_1;road_5_1_2_1;road_5_1_2_1;road_5_1_2_2;road_5_1_2_2;road_5_1_2_2;road_4_0_1_0;road_4_0_1_0;road_4_0_1_0;road_4_0_1_1;road_4_0_1_1;road_4_0_1_1;road_4_0_1_2;road_4_0_1_2;road_4_0_1_2;road_3_1_0_0;road_3_1_0_0;road_3_1_0_0;road_3_1_0_1;road_3_1_0_1;road_3_1_0_1;road_3_1_0_2;road_3_1_0_2;road_3_1_0_2,GGGrrrrrrGGGGGGrrrGGGrrrrrrGGGGGGrrr
400,intersection_4_2,road_4_3_3_0;road_4_3_3_0;road_4_3_3_0;road_4_3_3_1;road_4_3_3_1;road_4_3_3_1;road_4_3_3_2;road_4_3_3_2;road_4_3_3_2;road_5_2_2_0;road_5_2_2_0;road_5_2_2_0;road_5_2_2_1;road_5_2_2_1;road_5_2_2_1;road_5_2_2_2;road_5_2_2_2;road_5_2_2_2;road_4_1_1_0;road_4_1_1_0;road_4_1_1_0;road_4_1_1_1;road_4_1_1_1;road_4_1_1_1;road_4_1_1_2;road_4_1_1_2;road_4_1_1_2;road_3_2_0_0;road_3_2_0_0;road_3_2_0_0;road_3_2_0_1;road_3_2_0_1;road_3_2_0_1;road_3_2_0_2;road_3_2_0_2;road_3_2_0_2,GGGrrrrrrGGGGGGrrrGGGrrrrrrGGGGGGrrr
400,intersection_4_3,road_4_4_3_0;road_4_4_3_0;road_4_4_3_0;road_4_4_3_1;road_4_4_3_1;road_4_4_3_1;road_4_4_3_2;road_4_4_3_2;road_4_4_3_2;road_5_3_2_0;road_5_3_2_0;road_5_3_2_0;road_5_3_2_1;road_5_3_2_1;road_5_3_2_1;road_5_3_2_2;road_5_3_2_2;road_5_3_2_2;road_4_2_1_0;road_4_2_1_0;road_4_2_1_0;road_4_2_1_1;road_4_2_1_1;road_4_2_1_1;road_4_2_1_2;road_4_2_1_2;road_4_2_1_2;road_3_3_0_0;road_3_3_0_0;road_3_3_0_0;road_3_3_0_1;road_3_3_0_1;road_3_3_0_1;road_3_3_0_2;road_3_3_0_2;road_3_3_0_2,GGGrrrrrrGGGGGGrrrGGGrrrrrrGGGGGGrrr
400,intersection_4_4,road_4_5_3_0;road_4_5_3_0;road_4_5_3_0;road_4_5_3_1;road_4_5_3_1;road_4_5_3_1;road_4_5_3_2;road_4_5_3_2;road_4_5_3_2;road_5_4_2_0;road_5_4_2_0;road_5_4_2_0;road_5_4_2_1;road_5_4_2_1;road_5_4_2_1;road_5_4_2_2;road_5_4_2_2;road_5_4_2_2;road_4_3_1_0;road_4_3_1_0;road_4_3_1_0;road_4_3_1_1;road_4_3_1_1;road_4_3_1_1;road_4_3_1_2;road_4_3_1_2;road_4_3_1_2;road_3_4_0_0;road_3_4_0_0;road_3_4_0_0;road_3_4_0_1;road_3_4_0_1;road_3_4_0_1;road_3_4_0_2;road_3_4_0_2;road_3_4_0_2,GGGrrrrrrGGGrrrrrrGGGGGGGGGGGGrrrrrr
410,intersection_1_1,road_1_2_3_0;road_1_2_3_0;road_1_2_3_0;road_1_2_3_1;road_1_2_3_1;road_1_2_3_1;road_1_2_3_2;road_1_2_3_2;road_1_2_3_2;road_2_1_2_0;road_2_1_2_0;road_2_1_2_0;road_2_1_2_1;road_2_1_2_1;road_2_1_2_1;road_2_1_2_2;road_2_1_2_2;road_2_1_2_2;road_1_0_1_0;road_1_0_1_0;road_1_0_1_0;road_1_0_1_1;road_1_0_1_1;road_1_0_1_1;road_1_0_1_2;road_1_0_1_2;road_1_0_1_2;road_0_1_0_0;road_0_1_0_0;road_0_1_0_0;road_0_1_0_1;road_0_1_0_1;road_0_1_0_1;road_0_1_0_2;road_0_1_0_2;road_0_1_0_2,GGGrrrrrrGGGrrrrrrGGGrrrrrrGGGGGGGGG
410,intersection_1_2,road_1_3_3_0;road_1_3_3_0;road_1_3_3_0;road_1_3_3_1;road_1_3_3_1;road_1_3_3_1;road_1_3_3_2;road_1_3_3_2;road_1_3_3_2;road_2_2_2_0;road_2_2_2_0;road_2_2_2_0;road_2_2_2_1;road_2_2_2_1;road_2_2_2_1;road_2_2_2_2;road_2_2_2_2;road_2_2_2_2;road_1_1_1_0;road_1_1_1_0;road_1_1_1_0;road_1_1_1_1;road_1_1_1_1;road_1_1_1_1;road_1_1_1_2;road_1_1_1_2;road_1_1_1_2;road_0_2_0_0;road_0_2_0_0;road_0_2_0_0;road_0_2_0_1;road_0_2_0_1;road_0_2_0_1;road_0_2_0_2;road_0_2_0_2;road_0_2_0_2,GGGGGGGGGGGGrrrrrrGGGrrrrrrGGGrrrrrr
410,intersection_1_3,road_1_4_3_0;road_1_4_3_0;road_1_4_3_0;road_1_4_3_1;road_1_4_3_1;road_1_4_3_1;road_1_4_3_2;road_1_4_3_2;road_1_4_3_2;road_2_3_2_0;road_2_3_2_0;road_2_3_2_0;road_2_3_2_1;road_2_3_2_1;road_2_3_2_1;road_2_3_2_2;road_2_3_2_2;road_2_3_2_2;road_1_2_1_0;road_1_2_1_0;road_1_2_1_0;road_1_2_1_1;road_1_2_1_1;road_1_2_1_1;road_1_2_1_2;road_1_2_1_2;road_1_2_1_2;road_0_3_0_0;road_0_3_0_0;road_0_3_0_0;road_0_3_0_1;road_0_3_0_1;road_0_3_0_1;road_0_3_0_2;road_0_3_0_2;road_0_3_0_2,GGGrrrrrrGGGGGGrrrGGGrrrrrrGGGGGGrrr
410,intersection_1_4,road_1_5_3_0;road_1_5_3_0;road_1_5_3_0;road_1_5_3_1;road_1_5_3_1;road_1_5_3_1;road_1_5_3_2;road_1_5_3_2;road_1_5_3_2;road_2_4_2_0;road_2_4_2_0;road_2_4_2_0;road_2_4_2_1;road_2_4_2_1;road_2_4_2_1;road_2_4_2_2;road_2_4_2_2;road_2_4_2_2;road_1_3_1_0;road_1_3_1_0;road_1_3_1_0;road_1_3_1_1;road_1_3_1_1;road_1_3_1_1;road_1_3_1_2;road_1_3_1_2;road_1_3_1_2;road_0_4_0_0;road_0_4_0_0;road_0_4_0_0;road_0_4_0_1;road_0_4_0_1;road_0_4_0_1;road_0_4_0_2;road_0_4_0_2;road_0_4_0_2,GGGGGGGGGGGGrrrrrrGGGrrrrrrGGGrrrrrr
410,intersection_2_1,road_2_2_3_0;road_2_2_3_0;road_2_2_3_0;road_2_2_3_1;road_2_2_3_1;road_2_2_3_1;road_2_2_3_2;road_2_2_3_2;road_2_2_3_2;road_3_1_2_0;road_3_1_2_0;road_3_1_2_0;road_3_1_2_1;road_3_1_2_1;road_3_1_2_1;road_3_1_2_2;road_3_1_2_2;road_3_1_2_2;road_2_0_1_0;road_2_0_1_0;road_2_0_1_0;road_2_0_1_1;road_2_0_1_1;road_2_0_1_1;road_2_0_1_2;road_2_0_1_2;road_2_0_1_2;road_1_1_0_0;road_1_1_0_0;road_1_1_0_0;road_1_1_0_1;road_1_1_0_1;road_1_1_0_1;road_1_1_0_2;road_1_1_0_2;road_1_1_0_2,GGGrrrrrrGGGrrrrrrGGGrrrrrrGGGGGGGGG
410,intersection_2_2,road_2_3_3_0;road_2_3_3_0;road_2_3_3_0;road_2_3_3_1;road_2_3_3_1;road_2_3_3_1;road_2_3_3_2;road_2_3_3_2;road_2_3_3_2;road_3_2_2_0;road_3_2_2_0;road_3_2_2_0;road_3_2_2_1;road_3_2_2_1;road_3_2_2_1;road_3_2_2_2;road_3_2_2_2;road_3_2_2_2;road_2_1_1_0;road_2_1_1_0;road_2_1_1_0;road_2_1_1_1;road_2_1_1_1;road_2_1_1_1;road_2_1_1_2;road_2_1_1_2;road_2_1_1_2;road_1_2_0_0;road_1_2_0_0;road_1_2_0_0;road_1_2_0_1;road_1_2_0_1;road_1_2_0_1;road_1_2_0_2;road_1_2_0_2;road_1_2_0_2,GGGrrrrrrGGGrrrrrrGGGrrrrrrGGGGGGGGG
410,intersection_2_3,road_2_4_3_0;road_2_4_3_0;road_2_4_3_0;road_2_4_3_1;road_2_4_3_1;road_2_4_3_1;road_2_4_3_2;road_2_4_3_2;road_2_4_3_2;road_3_3_2_0;road_3_3_2_0;road_3_3_2_0;road_3_3_2_1;road_3_3_2_1;road_3_3_2_1;road_3_3_2_2;road_3_3_2_2;road_3_3_2_2;road_2_2_1_0;road_2_2_1_0;road_2_2_1_0;road_2_2_1_1;road_2_2_1_1;road_2_2_1_1;road_2_2_1_2;road_2_2_1_2;road_2_2_1_2;road_1_3_0_0;road_1_3_0_0;road_1_3_0_0;road_1_3_0_1;road_1_3_0_1;road_1_3_0_1;road_1_3_0_2;road_1_3_0_2;road_1_3_0_2,GGGrrrrrrGGGGGGrrrGGGrrrrrrGGGGGGrrr
410,intersection_2_4,road_2_5_3_0;road_2_5_3_0;road_2_5_3_0;road_2_5_3_1;road_2_5_3_1;road_2_5_3_1;road_2_5_3_2;road_2_5_3_2;road_2_5_3_2;road_3_4_2_0;road_3_4_2_0;road_3_4_2_0;road_3_4_2_1;road_3_4_2_1;road_3_4_2_1;road_3_4_2_2;road_3_4_2_2;road_3_4_2_2;road_2_3_1_0;road_2_3_1_0;road_2_3_1_0;road_2_3_1_1;road_2_3_1_1;road_2_3_1_1;road_2_3_1_2;road_2_3_1_2;road_2_3_1_2;road_1_4_0_0;road_1_4_0_0;road_1_4_0_0;road_1_4_0_1;road_1_4_0_1;road_1_4_0_1;road_1_4_0_2;road_1_4_0_2;road_1_4_0_2,GGGrrrrrrGGGGGGrrrGGGrrrrrrGGGGGGrrr
410,intersection_3_1,road_3_2_3_0;road_3_2_3_0;road_3_2_3_0;road_3_2_3_1;road_3_2_3_1;road_3_2_3_1;road_3_2_3_2;road_3_2_3_2;road_3_2_3_2;road_4_1_2_0;road_4_1_2_0;road_4_1_2_0;road_4_1_2_1;road_4_1_2_1;road_4_1_2_1;road_4_1_2_2;road_4_1_2_2;road_4_1_2_2;road_3_0_1_0;road_3_0_1_0;road_3_0_1_0;road_3_0_1_1;road_3_0_1_1;road_3_0_1_1;road_3_0_1_2;road_3_0_1_2;road_3_0_1_2;road_2_1_0_0;road_2_1_0_0;road_2_1_0_0;road_2_1_0_1;road_2_1_0_1;road_2_1_0_1;road_2_1_0_2;road_2_1_0_2;road_2_1_0_2,GGGrrrrrrGGGGGGrrrGGGrrrrrrGGGGGGrrr
410,intersection_3_2,road_3_3_3_0;road_3_3_3_0;road_3_3_3_0;road_3_3_3_1;road_3_3_3_1;road_3_3_3_1;road_3_3_3_2;road_3_3_3_2;road_3_3_3_2;road_4_2_2_0;road_4_2_2_0;road_4_2_2_0;road_4_2_2_1;road_4_2_2_1;road_4_2_2_1;road_4_2_2_2;road_4_2_2_2;road_4_2_2_2;road_3_1_1_0;road_3_1_1_0;road_3_1_1_0;road_3_1_1_1;road_3_1_1_1;road_3_1_1_1;road_3_1_1_2;road_3_1_1_2;road_3_1_1_2;road_2_2_0_0;road_2_2_0_0;road_2_2_0_0;road_2_2_0_1;road_2_2_0_1;road_2_2_0_1;road_2_2_0_2;road_2_2_0_2;road_2_2_0_2,GGGrrrrrrGGGGGGrrrGGGrrrrrrGGGGGGrrr
410,intersection_3_3,road_3_4_3_0;road_3_4_3_0;road_3_4_3_0;road_3_4_3_1;road_3_4_3_1;road_3_4_3_1;road_3_4_3_2;road_3_4_3_2;road_3_4_3_2;road_4_3_2_0;road_4_3_2_0;road_4_3_2_0;road_4_3_2_1;road_4_3_2_1;road_4_3_2_1;road_4_3_2_2;road_4_3_2_2;road_4_3_2_2;road_3_2_1_0;road_3_2_1_0;road_3_2_1_0;road_3_2_1_1;road_3_2_1_1;road_3_2_1_1;road_3_2_1_2;road_3_2_1_2;road_3_2_1_2;road_2_3_0_0;road_2_3_0_0;road_2_3_0_0;road_2_3_0_1;road_2_3_0_1;road_2_3_0_1;road_2_3_0_2;road_2_3_0_2;road_2_3_0_2,GGGrrrrrrGGGGGGGGGGGGrrrrrrGGGrrrrrr
410,intersection_3_4,road_3_5_3_0;road_3_5_3_0;road_3_5_3_0;road_3_5_3_1;road_3_5_3_1;road_3_5_3_1;road_3_5_3_2;road_3_5_3_2;road_3_5_3_2;road_4_4_2_0;road_4_4_2_0;road_4_4_2_0;road_4_4_2_1;road_4_4_2_1;road_4_4_2_1;road_4_4_2_2;road_4_4_2_2;road_4_4_2_2;road_3_3_1_0;road_3_3_1_0;road_3_3_1_0;road_3_3_1_1;road_3_3_1_1;road_3_3_1_1;road_3_3_1_2;road_3_3_1_2;road_3_3_1_2;road_2_4_0_0;road_2_4_0_0;road_2_4_0_0;road_2_4_0_1;road_2_4_0_1;road_2_4_0_1;road_2_4_0_2;road_2_4_0_2;road_2_4_0_2,GGGGGGrrrGGGrrrrrrGGGGGGrrrGGGrrrrrr
410,intersection_4_1,road_4_2_3_0;road_4_2_3_0;road_4_2_3_0;road_4_2_3_1;road_4_2_3_1;road_4_2_3_1;road_4_2_3_2;road_4_2_3_2;road_4_2_3_2;road_5_1_2_0;road_5_1_2_0;road_5_1_2_0;road_5_1_2_1;road_5_1_2_1;road_5_1_2_1;road_5_1_2_2;road_5_1_2_2;road_5_1_2_2;road_4_0_1_0;road_4_0_1_0;road_4_0_1_0;road_4_0_1_1;road_4_0_1_1;road_4_0_1_1;road_4_0_1_2;road_4_0_1_2;road_4_0_1_2;road_3_1_0_0;road_3_1_0_0;road_3_1_0_0;road_3_1_0_1;road_3_1_0_1;road_3_1_0_1;road_3_1_0_2;road_3_1_0_2;road_3_1_0_2,GGGrrrrrrGGGGGGrrrGGGrrrrrrGGGGGGrrr
410,intersection_4_2,road_4_3_3_0;road_4_3_3_0;road_4_3_3_0;road_4_3_3_1;road_4_3_3_1;road_4_3_3_1;road_4_3_3_2;road_4_3_3_2;road_4_3_3_2;road_5_2_2_0;road_5_2_2_0;road_5_2_2_0;road_5_2_2_1;road_5_2_2_1;road_5_2_2_1;road_5_2_2_2;road_5_2_2_2;road_5_2_2_2;road_4_1_1_0;road_4_1_1_0;road_4_1_1_0;road_4_1_1_1;road_4_1_1_1;road_4_1_1_1;road_4_1_1_2;road_4_1_1_2;road_4_1_1_2;road_3_2_0_0;road_3_2_0_0;road_3_2_0_0;road_3_2_0_1;road_3_2_0_1;road_3_2_0_1;road_3_2_0_2;road_3_2_0_2;road_3_2_0_2,GGGrrrrrrGGGGGGrrrGGGrrrrrrGGGGGGrrr
410,intersection_4_3,road_4_4_3_0;road_4_4_3_0;road_4_4_3_0;road_4_4_3_1;road_4_4_3_1;road_4_4_3_1;road_4_4_3_2;road_4_4_3_2;road_4_4_3_2;road_5_3_2_0;road_5_3_2_0;road_5_3_2_0;road_5_3_2_1;road_5_3_2_1;road_5_3_2_1;road_5_3_2_2;road_5_3_2_2;road_5_3_2_2;road_4_2_1_0;road_4_2_1_0;road_4_2_1_0;road_4_2_1_1;road_4_2_1_1;road_4_2_1_1;road_4_2_1_2;road_4_2_1_2;road_4_2_1_2;road_3_3_0_0;road_3_3_0_0;road_3_3_0_0;road_3_3_0_1;road_3_3_0_1;road_3_3_0_1;road_3_3_0_2;road_3_3_0_2;road_3_3_0_2,GGGrrrrrrGGGGGGrrrGGGrrrrrrGGGGGGrrr
410,intersection_4_4,road_4_5_3_0;road_4_5_3_0;road_4_5_3_0;road_4_5_3_1;road_4_5_3_1;road_4_5_3_1;road_4_5_3_2;road_4_5_3_2;road_4_5_3_2;road_5_4_2_0;road_5_4_2_0;road_5_4_2_0;road_5_4_2_1;road_5_4_2_1;road_5_4_2_1;road_5_4_2_2;road_5_4_2_2;road_5_4_2_2;road_4_3_1_0;road_4_3_1_0;road_4_3_1_0;road_4_3_1_1;road_4_3_1_1;road_4_3_1_1;road_4_3_1_2;road_4_3_1_2;road_4_3_1_2;road_3_4_0_0;road_3_4_0_0;road_3_4_0_0;road_3_4_0_1;road_3_4_0_1;road_3_4_0_1;road_3_4_0_2;road_3_4_0_2;road_3_4_0_2,GGGrrrrrrGGGrrrrrrGGGGGGGGGGGGrrrrrr
420,intersection_1_1,road_1_2_3_0;road_1_2_3_0;road_1_2_3_0;road_1_2_3_1;road_1_2_3_1;road_1_2_3_1;road_1_2_3_2;road_1_2_3_2;road_1_2_3_2;road_2_1_2_0;road_2_1_2_0;road_2_1_2_0;road_2_1_2_1;road_2_1_2_1;road_2_1_2_1;road_2_1_2_2;road_2_1_2_2;road_2_1_2_2;road_1_0_1_0;road_1_0_1_0;road_1_0_1_0;road_1_0_1_1;road_1_0_1_1;road_1_0_1_1;road_1_0_1_2;road_1_0_1_2;road_1_0_1_2;road_0_1_0_0;road_0_1_0_0;road_0_1_0_0;road_0_1_0_1;road_0_1_0_1;road_0_1_0_1;road_0_1_0_2;road_0_1_0_2;road_0_1_0_2,GGGrrrrrrGGGrrrrrrGGGrrrrrrGGGGGGGGG
420,intersection_1_2,road_1_3_3_0;road_1_3_3_0;road_1_3_3_0;road_1_3_3_1;road_1_3_3_1;road_1_3_3_1;road_1_3_3_2;road_1_3_3_2;road_1_3_3_2;road_2_2_2_0;road_2_2_2_0;road_2_2_2_0;road_2_2_2_1;road_2_2_2_1;road_2_2_2_1;road_2_2_2_2;road_2_2_2_2;road_2_2_2_2;road_1_1_1_0;road_1_1_1_0;road_1_1_1_0;road_1_1_1_1;road_1_1_1_1;road_1_1_1_1;road_1_1_1_2;road_1_1_1_2;road_1_1_1_2;road_0_2_0_0;road_0_2_0_0;road_0_2_0_0;road_0_2_0_1;road_0_2_0_1;road_0_2_0_1;road_0_2_0_2;road_0_2_0_2;road_0_2_0_2,GGGGGGGGGGGGrrrrrrGGGrrrrrrGGGrrrrrr
420,intersection_1_3,road_1_4_3_0;road_1_4_3_0;road_1_4_3_0;road_1_4_3_1;road_1_4_3_1;road_1_4_3_1;road_1_4_3_2;road_1_4_3_2;road_1_4_3_2;road_2_3_2_0;road_2_3_2_0;road_2_3_2_0;road_2_3_2_1;road_2_3_2_1;road_2_3_2_1;road_2_3_2_2;road_2_3_2_2;road_2_3_2_2;road_1_2_1_0;road_1_2_1_0;road_1_2_1_0;road_1_2_1_1;road_1_2_1_1;road_1_2_1_1;road_1_2_1_2;road_1_2_1_2;road_1_2_1_2;road_0_3_0_0;road_0_3_0_0;road_0_3_0_0;road_0_3_0_1;road_0_3_0_1;road_0_3_0_1;road_0_3_0_2;road_0_3_0_2;road_0_3_0_2,GGGrrrrrrGGGGGGrrrGGGrrrrrrGGGGGGrrr
420,intersection_1_4,road_1_5_3_0;road_1_5_3_0;road_1_5_3_0;road_1_5_3_1;road_1_5_3_1;road_1_5_3_1;road_1_5_3_2;road_1_5_3_2;road_1_5_3_2;road_2_4_2_0;road_2_4_2_0;road_2_4_2_0;road_2_4_2_1;road_2_4_2_1;road_2_4_2_1;road_2_4_2_2;road_2_4_2_2;road_2_4_2_2;road_1_3_1_0;road_1_3_1_0;road_1_3_1_0;road_1_3_1_1;road_1_3_1_1;road_1_3_1_1;road_1_3_1_2;road_1_3_1_2;road_1_3_1_2;road_0_4_0_0;road_0_4_0_0;road_0_4_0_0;road_0_4_0_1;road_0_4_0_1;road_0_4_0_1;road_0_4_0_2;road_0_4_0_2;road_0_4_0_2,GGGGGGGGGGGGrrrrrrGGGrrrrrrGGGrrrrrr
420,intersection_2_1,road_2_2_3_0;road_2_2_3_0;road_2_2_3_0;road_2_2_3_1;road_2_2_3_1;road_2_2_3_1;road_2_2_3_2;road_2_2_3_2;road_2_2_3_2;road_3_1_2_0;road_3_1_2_0;road_3_1_2_0;road_3_1_2_1;road_3_1_2_1;road_3_1_2_1;road_3_1_2_2;road_3_1_2_2;road_3_1_2_2;road_2_0_1_0;road_2_0_1_0;road_2_0_1_0;road_2_0_1_1;road_2_0_1_1;road_2_0_1_1;road_2_0_1_2;road_2_0_1_2;road_2_0_1_2;road_1_1_0_0;road_1_1_0_0;road_1_1_0_0;road_1_1_0_1;road_1_1_0_1;road_1_1_0_1;road_1_1_0_2;road_1_1_0_2;road_1_1_0_2,GGGrrrrrrGGGGGGrrrGGGrrrrrrGGGGGGrrr
420,intersection_2_2,road_2_3_3_0;road_2_3_3_0;road_2_3_3_0;road_2_3_3_1;road_2_3_3_1;road_2_3_3_1;road_2_3_3_2;road_2_3_3_2;road_2_3_3_2;road_3_2_2_0;road_3_2_2_0;road_3_2_2_0;road_3_2_2_1;road_3_2_2_1;road_3_2_2_1;road_3_2_2_2;road_3_2_2_2;road_3_2_2_2;road_2_1_1_0;road_2_1_1_0;road_2_1_1_0;road_2_1_1_1;road_2_1_1_1;road_2_1_1_1;road_2_1_1_2;road_2_1_1_2;road_2_1_1_2;road_1_2_0_0;road_1_2_0_0;road_1_2_0_0;road_1_2_0_1;road_1_2_0_1;road_1_2_0_1;road_1_2_0_2;road_1_2_0_2;road_1_2_0_2,GGGrrrrrrGGGrrrrrrGGGrrrrrrGGGGGGGGG
420,intersection_2_3,road_2_4_3_0;road_2_4_3_0;road_2_4_3_0;road_2_4_3_1;road_2_4_3_1;road_2_4_3_1;road_2_4_3_2;road_2_4_3_2;road_2_4_3_2;road_3_3_2_0;road_3_3_2_0;road_3_3_2_0;road_3_3_2_1;road_3_3_2_1;road_3_3_2_1;road_3_3_2_2;road_3_3_2_2;road_3_3_2_2;road_2_2_1_0;road_2_2_1_0;road_2_2_1_0;road_2_2_1_1;road_2_2_1_1;road_2_2_1_1;road_2_2_1_2;road_2_2_1_2;road_2_2_1_2;road_1_3_0_0;road_1_3_0_0;road_1_3_0_0;road_1_3_0_1;road_1_3_0_1;road_1_3_0_1;road_1_3_0_2;road_1_3_0_2;road_1_3_0_2,GGGrrrrrrGGGGGGrrrGGGrrrrrrGGGGGGrrr
420,intersection_2_4,road_2_5_3_0;road_2_5_3_0;road_2_5_3_0;road_2_5_3_1;road_2_5_3_1;road_2_5_3_1;road_2_5_3_2;road_2_5_3_2;road_2_5_3_2;road_3_4_2_0;road_3_4_2_0;road_3_4_2_0;road_3_4_2_1;road_3_4_2_1;road_3_4_2_1;road_3_4_2_2;road_3_4_2_2;road_3_4_2_2;road_2_3_1_0;road_2_3_1_0;road_2_3_1_0;road_2_3_1_1;road_2_3_1_1;road_2_3_1_1;road_2_3_1_2;road_2_3_1_2;road_2_3_1_2;road_1_4_0_0;road_1_4_0_0;road_1_4_0_0;road_1_4_0_1;road_1_4_0_1;road_1_4_0_1;road_1_4_0_2;road_1_4_0_2;road_1_4_0_2,GGGrrrrrrGGGGGGrrrGGGrrrrrrGGGGGGrrr
420,intersection_3_1,road_3_2_3_0;road_3_2_3_0;road_3_2_3_0;road_3_2_3_1;road_3_2_3_1;road_3_2_3_1;road_3_2_3_2;road_3_2_3_2;road_3_2_3_2;road_4_1_2_0;road_4_1_2_0;road_4_1_2_0;road_4_1_2_1;road_4_1_2_1;road_4_1_2_1;road_4_1_2_2;road_4_1_2_2;road_4_1_2_2;road_3_0_1_0;road_3_0_1_0;road_3_0_1_0;road_3_0_1_1;road_3_0_1_1;road_3_0_1_1;road_3_0_1_2;road_3_0_1_2;road_3_0_1_2;road_2_1_0_0;road_2_1_0_0;road_2_1_0_0;road_2_1_0_1;road_2_1_0_1;road_2_1_0_1;road_2_1_0_2;road_2_1_0_2;road_2_1_0_2,GGGrrrrrrGGGGGGrrrGGGrrrrrrGGGGGGrrr
420,intersection_3_2,road_3_3_3_0;road_3_3_3_0;road_3_3_3_0;road_3_3_3_1;road_3_3_3_1;road_3_3_3_1;road_3_3_3_2;road_3_3_3_2;road_3_3_3_2;road_4_2_2_0;road_4_2_2_0;road_4_2_2_0;road_4_2_2_1;road_4_2_2_1;road_4_2_2_1;road_4_2_2_2;road_4_2_2_2;road_4_2_2_2;road_3_1_1_0;road_3_1_1_0;road_3_1_1_0;road_3_1_1_1;road_3_1_1_1;road_3_1_1_1;road_3_1_1_2;road_3_1_1_2;road_3_1_1_2;road_2_2_0_0;road_2_2_0_0;road_2_2_0_0;road_2_2_0_1;road_2_2_0_1;road_2_2_0_1;road_2_2_0_2;road_2_2_0_2;road_2_2_0_2,GGGrrrrrrGGGGGGrrrGGGrrrrrrGGGGGGrrr
420,intersection_3_3,road_3_4_3_0;road_3_4_3_0;road_3_4_3_0;road_3_4_3_1;road_3_4_3_1;road_3_4_3_1;road_3_4_3_2;road_3_4_3_2;road_3_4_3_2;road_4_3_2_0;road_4_3_2_0;road_4_3_2_0;road_4_3_2_1;road_4_3_2_1;road_4_3_2_1;road_4_3_2_2;road_4_3_2_2;road_4_3_2_2;road_3_2_1_0;road_3_2_1_0;road_3_2_1_0;road_3_2_1_1;road_3_2_1_1;road_3_2_1_1;road_3_2_1_2;road_3_2_1_2;road_3_2_1_2;road_2_3_0_0;road_2_3_0_0;road_2_3_0_0;road_2_3_0_1;road_2_3_0_1;road_2_3_0_1;road_2_3_0_2;road_2_3_0_2;road_2_3_0_2,GGGrrrrrrGGGGGGGGGGGGrrrrrrGGGrrrrrr
420,intersection_3_4,road_3_5_3_0;road_3_5_3_0;road_3_5_3_0;road_3_5_3_1;road_3_5_3_1;road_3_5_3_1;road_3_5_3_2;road_3_5_3_2;road_3_5_3_2;road_4_4_2_0;road_4_4_2_0;road_4_4_2_0;road_4_4_2_1;road_4_4_2_1;road_4_4_2_1;road_4_4_2_2;road_4_4_2_2;road_4_4_2_2;road_3_3_1_0;road_3_3_1_0;road_3_3_1_0;road_3_3_1_1;road_3_3_1_1;road_3_3_1_1;road_3_3_1_2;road_3_3_1_2;road_3_3_1_2;road_2_4_0_0;road_2_4_0_0;road_2_4_0_0;road_2_4_0_1;road_2_4_0_1;road_2_4_0_1;road_2_4_0_2;road_2_4_0_2;road_2_4_0_2,GGGGGGrrrGGGrrrrrrGGGGGGrrrGGGrrrrrr
420,intersection_4_1,road_4_2_3_0;road_4_2_3_0;road_4_2_3_0;road_4_2_3_1;road_4_2_3_1;road_4_2_3_1;road_4_2_3_2;road_4_2_3_2;road_4_2_3_2;road_5_1_2_0;road_5_1_2_0;road_5_1_2_0;road_5_1_2_1;road_5_1_2_1;road_5_1_2_1;road_5_1_2_2;road_5_1_2_2;road_5_1_2_2;road_4_0_1_0;road_4_0_1_0;road_4_0_1_0;road_4_0_1_1;road_4_0_1_1;road_4_0_1_1;road_4_0_1_2;road_4_0_1_2;road_4_0_1_2;road_3_1_0_0;road_3_1_0_0;road_3_1_0_0;road_3_1_0_1;road_3_1_0_1;road_3_1_0_1;road_3_1_0_2;road_3_1_0_2;road_3_1_0_2,GGGrrrrrrGGGGGGrrrGGGrrrrrrGGGGGGrrr
420,intersection_4_2,road_4_3_3_0;road_4_3_3_0;road_4_3_3_0;road_4_3_3_1;road_4_3_3_1;road_4_3_3_1;road_4_3_3_2;road_4_3_3_2;road_4_3_3_2;road_5_2_2_0;road_5_2_2_0;road_5_2_2_0;road_5_2_2_1;road_5_2_2_1;road_5_2_2_1;road_5_2_2_2;road_5_2_2_2;road_5_2_2_2;road_4_1_1_0;road_4_1_1_0;road_4_1_1_0;road_4_1_1_1;road_4_1_1_1;road_4_1_1_1;road_4_1_1_2;road_4_1_1_2;road_4_1_1_2;road_3_2_0_0;road_3_2_0_0;road_3_2_0_0;road_3_2_0_1;road_3_2_0_1;road_3_2_0_1;road_3_2_0_2;road_3_2_0_2;road_3_2_0_2,GGGrrrrrrGGGGGGrrrGGGrrrrrrGGGGGGrrr
420,intersection_4_3,road_4_4_3_0;road_4_4_3_0;road_4_4_3_0;road_4_4_3_1;road_4_4_3_1;road_4_4_3_1;road_4_4_3_2;road_4_4_3_2;road_4_4_3_2;road_5_3_2_0;road_5_3_2_0;road_5_3_2_0;road_5_3_2_1;road_5_3_2_1;road_5_3_2_1;road_5_3_2_2;road_5_3_2_2;road_5_3_2_2;road_4_2_1_0;road_4_2_1_0;road_4_2_1_0;road_4_2_1_1;road_4_2_1_1;road_4_2_1_1;road_4_2_1_2;road_4_2_1_2;road_4_2_1_2;road_3_3_0_0;road_3_3_0_0;road_3_3_0_0;road_3_3_0_1;road_3_3_0_1;road_3_3_0_1;road_3_3_0_2;road_3_3_0_2;road_3_3_0_2,GGGrrrrrrGGGGGGrrrGGGrrrrrrGGGGGGrrr
420,intersection_4_4,road_4_5_3_0;road_4_5_3_0;road_4_5_3_0;road_4_5_3_1;road_4_5_3_1;road_4_5_3_1;road_4_5_3_2;road_4_5_3_2;road_4_5_3_2;road_5_4_2_0;road_5_4_2_0;road_5_4_2_0;road_5_4_2_1;road_5_4_2_1;road_5_4_2_1;road_5_4_2_2;road_5_4_2_2;road_5_4_2_2;road_4_3_1_0;road_4_3_1_0;road_4_3_1_0;road_4_3_1_1;road_4_3_1_1;road_4_3_1_1;road_4_3_1_2;road_4_3_1_2;road_4_3_1_2;road_3_4_0_0;road_3_4_0_0;road_3_4_0_0;road_3_4_0_1;road_3_4_0_1;road_3_4_0_1;road_3_4_0_2;road_3_4_0_2;road_3_4_0_2,GGGrrrrrrGGGrrrrrrGGGGGGGGGGGGrrrrrr
430,intersection_1_1,road_1_2_3_0;road_1_2_3_0;road_1_2_3_0;road_1_2_3_1;road_1_2_3_1;road_1_2_3_1;road_1_2_3_2;road_1_2_3_2;road_1_2_3_2;road_2_1_2_0;road_2_1_2_0;road_2_1_2_0;road_2_1_2_1;road_2_1_2_1;road_2_1_2_1;road_2_1_2_2;road_2_1_2_2;road_2_1_2_2;road_1_0_1_0;road_1_0_1_0;road_1_0_1_0;road_1_0_1_1;road_1_0_1_1;road_1_0_1_1;road_1_0_1_2;road_1_0_1_2;road_1_0_1_2;road_0_1_0_0;road_0_1_0_0;road_0_1_0_0;road_0_1_0_1;road_0_1_0_1;road_0_1_0_1;road_0_1_0_2;road_0_1_0_2;road_0_1_0_2,GGGrrrrrrGGGrrrrrrGGGrrrrrrGGGGGGGGG
430,intersection_1_2,road_1_3_3_0;road_1_3_3_0;road_1_3_3_0;road_1_3_3_1;road_1_3_3_1;road_1_3_3_1;road_1_3_3_2;road_1_3_3_2;road_1_3_3_2;road_2_2_2_0;road_2_2_2_0;road_2_2_2_0;road_2_2_2_1;road_2_2_2_1;road_2_2_2_1;road_2_2_2_2;road_2_2_2_2;road_2_2_2_2;road_1_1_1_0;road_1_1_1_0;road_1_1_1_0;road_1_1_1_1;road_1_1_1_1;road_1_1_1_1;road_1_1_1_2;road_1_1_1_2;road_1_1_1_2;road_0_2_0_0;road_0_2_0_0;road_0_2_0_0;road_0_2_0_1;road_0_2_0_1;road_0_2_0_1;road_0_2_0_2;road_0_2_0_2;road_0_2_0_2,GGGGGGGGGGGGrrrrrrGGGrrrrrrGGGrrrrrr
430,intersection_1_3,road_1_4_3_0;road_1_4_3_0;road_1_4_3_0;road_1_4_3_1;road_1_4_3_1;road_1_4_3_1;road_1_4_3_2;road_1_4_3_2;road_1_4_3_2;road_2_3_2_0;road_2_3_2_0;road_2_3_2_0;road_2_3_2_1;road_2_3_2_1;road_2_3_2_1;road_2_3_2_2;road_2_3_2_2;road_2_3_2_2;road_1_2_1_0;road_1_2_1_0;road_1_2_1_0;road_1_2_1_1;road_1_2_1_1;road_1_2_1_1;road_1_2_1_2;road_1_2_1_2;road_1_2_1_2;road_0_3_0_0;road_0_3_0_0;road_0_3_0_0;road_0_3_0_1;road_0_3_0_1;road_0_3_0_1;road_0_3_0_2;road_0_3_0_2;road_0_3_0_2,GGGrrrrrrGGGGGGrrrGGGrrrrrrGGGGGGrrr
430,intersection_1_4,road_1_5_3_0;road_1_5_3_0;road_1_5_3_0;road_1_5_3_1;road_1_5_3_1;road_1_5_3_1;road_1_5_3_2;road_1_5_3_2;road_1_5_3_2;road_2_4_2_0;road_2_4_2_0;road_2_4_2_0;road_2_4_2_1;road_2_4_2_1;road_2_4_2_1;road_2_4_2_2;road_2_4_2_2;road_2_4_2_2;road_1_3_1_0;road_1_3_1_0;road_1_3_1_0;road_1_3_1_1;road_1_3_1_1;road_1_3_1_1;road_1_3_1_2;road_1_3_1_2;road_1_3_1_2;road_0_4_0_0;road_0_4_0_0;road_0_4_0_0;road_0_4_0_1;road_0_4_0_1;road_0_4_0_1;road_0_4_0_2;road_0_4_0_2;road_0_4_0_2,GGGGGGGGGGGGrrrrrrGGGrrrrrrGGGrrrrrr
430,intersection_2_1,road_2_2_3_0;road_2_2_3_0;road_2_2_3_0;road_2_2_3_1;road_2_2_3_1;road_2_2_3_1;road_2_2_3_2;road_2_2_3_2;road_2_2_3_2;road_3_1_2_0;road_3_1_2_0;road_3_1_2_0;road_3_1_2_1;road_3_1_2_1;road_3_1_2_1;road_3_1_2_2;road_3_1_2_2;road_3_1_2_2;road_2_0_1_0;road_2_0_1_0;road_2_0_1_0;road_2_0_1_1;road_2_0_1_1;road_2_0_1_1;road_2_0_1_2;road_2_0_1_2;road_2_0_1_2;road_1_1_0_0;road_1_1_0_0;road_1_1_0_0;road_1_1_0_1;road_1_1_0_1;road_1_1_0_1;road_1_1_0_2;road_1_1_0_2;road_1_1_0_2,GGGrrrrrrGGGGGGrrrGGGrrrrrrGGGGGGrrr
430,intersection_2_2,road_2_3_3_0;road_2_3_3_0;road_2_3_3_0;road_2_3_3_1;road_2_3_3_1;road_2_3_3_1;road_2_3_3_2;road_2_3_3_2;road_2_3_3_2;road_3_2_2_0;road_3_2_2_0;road_3_2_2_0;road_3_2_2_1;road_3_2_2_1;road_3_2_2_1;road_3_2_2_2;road_3_2_2_2;road_3_2_2_2;road_2_1_1_0;road_2_1_1_0;road_2_1_1_0;road_2_1_1_1;road_2_1_1_1;road_2_1_1_1;road_2_1_1_2;road_2_1_1_2;road_2_1_1_2;road_1_2_0_0;road_1_2_0_0;road_1_2_0_0;road_1_2_0_1;road_1_2_0_1;road_1_2_0_1;road_1_2_0_2;road_1_2_0_2;road_1_2_0_2,GGGrrrrrrGGGrrrrrrGGGrrrrrrGGGGGGGGG
430,intersection_2_3,road_2_4_3_0;road_2_4_3_0;road_2_4_3_0;road_2_4_3_1;road_2_4_3_1;road_2_4_3_1;road_2_4_3_2;road_2_4_3_2;road_2_4_3_2;road_3_3_2_0;road_3_3_2_0;road_3_3_2_0;road_3_3_2_1;road_3_3_2_1;road_3_3_2_1;road_3_3_2_2;road_3_3_2_2;road_3_3_2_2;road_2_2_1_0;road_2_2_1_0;road_2_2_1_0;road_2_2_1_1;road_2_2_1_1;road_2_2_1_1;road_2_2_1_2;road_2_2_1_2;road_2_2_1_2;road_1_3_0_0;road_1_3_0_0;road_1_3_0_0;road_1_3_0_1;road_1_3_0_1;road_1_3_0_1;road_1_3_0_2;road_1_3_0_2;road_1_3_0_2,GGGrrrrrrGGGGGGrrrGGGrrrrrrGGGGGGrrr
430,intersection_2_4,road_2_5_3_0;road_2_5_3_0;road_2_5_3_0;road_2_5_3_1;road_2_5_3_1;road_2_5_3_1;road_2_5_3_2;road_2_5_3_2;road_2_5_3_2;road_3_4_2_0;road_3_4_2_0;road_3_4_2_0;road_3_4_2_1;road_3_4_2_1;road_3_4_2_1;road_3_4_2_2;road_3_4_2_2;road_3_4_2_2;road_2_3_1_0;road_2_3_1_0;road_2_3_1_0;road_2_3_1_1;road_2_3_1_1;road_2_3_1_1;road_2_3_1_2;road_2_3_1_2;road_2_3_1_2;road_1_4_0_0;road_1_4_0_0;road_1_4_0_0;road_1_4_0_1;road_1_4_0_1;road_1_4_0_1;road_1_4_0_2;road_1_4_0_2;road_1_4_0_2,GGGrrrrrrGGGGGGrrrGGGrrrrrrGGGGGGrrr
430,intersection_3_1,road_3_2_3_0;road_3_2_3_0;road_3_2_3_0;road_3_2_3_1;road_3_2_3_1;road_3_2_3_1;road_3_2_3_2;road_3_2_3_2;road_3_2_3_2;road_4_1_2_0;road_4_1_2_0;road_4_1_2_0;road_4_1_2_1;road_4_1_2_1;road_4_1_2_1;road_4_1_2_2;road_4_1_2_2;road_4_1_2_2;road_3_0_1_0;road_3_0_1_0;road_3_0_1_0;road_3_0_1_1;road_3_0_1_1;road_3_0_1_1;road_3_0_1_2;road_3_0_1_2;road_3_0_1_2;road_2_1_0_0;road_2_1_0_0;road_2_1_0_0;road_2_1_0_1;road_2_1_0_1;road_2_1_0_1;road_2_1_0_2;road_2_1_0_2;road_2_1_0_2,GGGrrrrrrGGGGGGrrrGGGrrrrrrGGGGGGrrr
430,intersection_3_2,road_3_3_3_0;road_3_3_3_0;road_3_3_3_0;road_3_3_3_1;road_3_3_3_1;road_3_3_3_1;road_3_3_3_2;road_3_3_3_2;road_3_3_3_2;road_4_2_2_0;road_4_2_2_0;road_4_2_2_0;road_4_2_2_1;road_4_2_2_1;road_4_2_2_1;road_4_2_2_2;road_4_2_2_2;road_4_2_2_2;road_3_1_1_0;road_3_1_1_0;road_3_1_1_0;road_3_1_1_1;road_3_1_1_1;road_3_1_1_1;road_3_1_1_2;road_3_1_1_2;road_3_1_1_2;road_2_2_0_0;road_2_2_0_0;road_2_2_0_0;road_2_2_0_1;road_2_2_0_1;road_2_2_0_1;road_2_2_0_2;road_2_2_0_2;road_2_2_0_2,GGGrrrrrrGGGrrrrrrGGGrrrrrrGGGGGGGGG
430,intersection_3_3,road_3_4_3_0;road_3_4_3_0;road_3_4_3_0;road_3_4_3_1;road_3_4_3_1;road_3_4_3_1;road_3_4_3_2;road_3_4_3_2;road_3_4_3_2;road_4_3_2_0;road_4_3_2_0;road_4_3_2_0;road_4_3_2_1;road_4_3_2_1;road_4_3_2_1;road_4_3_2_2;road_4_3_2_2;road_4_3_2_2;road_3_2_1_0;road_3_2_1_0;road_3_2_1_0;road_3_2_1_1;road_3_2_1_1;road_3_2_1_1;road_3_2_1_2;road_3_2_1_2;road_3_2_1_2;road_2_3_0_0;road_2_3_0_0;road_2_3_0_0;road_2_3_0_1;road_2_3_0_1;road_2_3_0_1;road_2_3_0_2;road_2_3_0_2;road_2_3_0_2,GGGrrrrrrGGGGGGGGGGGGrrrrrrGGGrrrrrr
430,intersection_3_4,road_3_5_3_0;road_3_5_3_0;road_3_5_3_0;road_3_5_3_1;road_3_5_3_1;road_3_5_3_1;road_3_5_3_2;road_3_5_3_2;road_3_5_3_2;road_4_4_2_0;road_4_4_2_0;road_4_4_2_0;road_4_4_2_1;road_4_4_2_1;road_4_4_2_1;road_4_4_2_2;road_4_4_2_2;road_4_4_2_2;road_3_3_1_0;road_3_3_1_0;road_3_3_1_0;road_3_3_1_1;road_3_3_1_1;road_3_3_1_1;road_3_3_1_2;road_3_3_1_2;road_3_3_1_2;road_2_4_0_0;road_2_4_0_0;road_2_4_0_0;road_2_4_0_1;road_2_4_0_1;road_2_4_0_1;road_2_4_0_2;road_2_4_0_2;road_2_4_0_2,GGGGGGrrrGGGrrrrrrGGGGGGrrrGGGrrrrrr
430,intersection_4_1,road_4_2_3_0;road_4_2_3_0;road_4_2_3_0;road_4_2_3_1;road_4_2_3_1;road_4_2_3_1;road_4_2_3_2;road_4_2_3_2;road_4_2_3_2;road_5_1_2_0;road_5_1_2_0;road_5_1_2_0;road_5_1_2_1;road_5_1_2_1;road_5_1_2_1;road_5_1_2_2;road_5_1_2_2;road_5_1_2_2;road_4_0_1_0;road_4_0_1_0;road_4_0_1_0;road_4_0_1_1;road_4_0_1_1;road_4_0_1_1;road_4_0_1_2;road_4_0_1_2;road_4_0_1_2;road_3_1_0_0;road_3_1_0_0;road_3_1_0_0;road_3_1_0_1;road_3_1_0_1;road_3_1_0_1;road_3_1_0_2;road_3_1_0_2;road_3_1_0_2,GGGrrrrrrGGGGGGrrrGGGrrrrrrGGGGGGrrr
430,intersection_4_2,road_4_3_3_0;road_4_3_3_0;road_4_3_3_0;road_4_3_3_1;road_4_3_3_1;road_4_3_3_1;road_4_3_3_2;road_4_3_3_2;road_4_3_3_2;road_5_2_2_0;road_5_2_2_0;road_5_2_2_0;road_5_2_2_1;road_5_2_2_1;road_5_2_2_1;road_5_2_2_2;road_5_2_2_2;road_5_2_2_2;road_4_1_1_0;road_4_1_1_0;road_4_1_1_0;road_4_1_1_1;road_4_1_1_1;road_4_1_1_1;road_4_1_1_2;road_4_1_1_2;road_4_1_1_2;road_3_2_0_0;road_3_2_0_0;road_3_2_0_0;road_3_2_0_1;road_3_2_0_1;road_3_2_0_1;road_3_2_0_2;road_3_2_0_2;road_3_2_0_2,GGGrrrrrrGGGGGGrrrGGGrrrrrrGGGGGGrrr
430,intersection_4_3,road_4_4_3_0;road_4_4_3_0;road_4_4_3_0;road_4_4_3_1;road_4_4_3_1;road_4_4_3_1;road_4_4_3_2;road_4_4_3_2;road_4_4_3_2;road_5_3_2_0;road_5_3_2_0;road_5_3_2_0;road_5_3_2_1;road_5_3_2_1;road_5_3_2_1;road_5_3_2_2;road_5_3_2_2;road_5_3_2_2;road_4_2_1_0;road_4_2_1_0;road_4_2_1_0;road_4_2_1_1;road_4_2_1_1;road_4_2_1_1;road_4_2_1_2;road_4_2_1_2;road_4_2_1_2;road_3_3_0_0;road_3_3_0_0;road_3_3_0_0;road_3_3_0_1;road_3_3_0_1;road_3_3_0_1;road_3_3_0_2;road_3_3_0_2;road_3_3_0_2,GGGrrrrrrGGGGGGrrrGGGrrrrrrGGGGGGrrr
430,intersection_4_4,road_4_5_3_0;road_4_5_3_0;road_4_5_3_0;road_4_5_3_1;road_4_5_3_1;road_4_5_3_1;road_4_5_3_2;road_4_5_3_2;road_4_5_3_2;road_5_4_2_0;road_5_4_2_0;road_5_4_2_0;road_5_4_2_1;road_5_4_2_1;road_5_4_2_1;road_5_4_2_2;road_5_4_2_2;road_5_4_2_2;road_4_3_1_0;road_4_3_1_0;road_4_3_1_0;road_4_3_1_1;road_4_3_1_1;road_4_3_1_1;road_4_3_1_2;road_4_3_1_2;road_4_3_1_2;road_3_4_0_0;road_3_4_0_0;road_3_4_0_0;road_3_4_0_1;road_3_4_0_1;road_3_4_0_1;road_3_4_0_2;road_3_4_0_2;road_3_4_0_2,GGGrrrrrrGGGrrrrrrGGGGGGGGGGGGrrrrrr
440,intersection_1_1,road_1_2_3_0;road_1_2_3_0;road_1_2_3_0;road_1_2_3_1;road_1_2_3_1;road_1_2_3_1;road_1_2_3_2;road_1_2_3_2;road_1_2_3_2;road_2_1_2_0;road_2_1_2_0;road_2_1_2_0;road_2_1_2_1;road_2_1_2_1;road_2_1_2_1;road_2_1_2_2;road_2_1_2_2;road_2_1_2_2;road_1_0_1_0;road_1_0_1_0;road_1_0_1_0;road_1_0_1_1;road_1_0_1_1;road_1_0_1_1;road_1_0_1_2;road_1_0_1_2;road_1_0_1_2;road_0_1_0_0;road_0_1_0_0;road_0_1_0_0;road_0_1_0_1;road_0_1_0_1;road_0_1_0_1;road_0_1_0_2;road_0_1_0_2;road_0_1_0_2,GGGrrrrrrGGGrrrrrrGGGrrrrrrGGGGGGGGG
440,intersection_1_2,road_1_3_3_0;road_1_3_3_0;road_1_3_3_0;road_1_3_3_1;road_1_3_3_1;road_1_3_3_1;road_1_3_3_2;road_1_3_3_2;road_1_3_3_2;road_2_2_2_0;road_2_2_2_0;road_2_2_2_0;road_2_2_2_1;road_2_2_2_1;road_2_2_2_1;road_2_2_2_2;road_2_2_2_2;road_2_2_2_2;road_1_1_1_0;road_1_1_1_0;road_1_1_1_0;road_1_1_1_1;road_1_1_1_1;road_1_1_1_1;road_1_1_1_2;road_1_1_1_2;road_1_1_1_2;road_0_2_0_0;road_0_2_0_0;road_0_2_0_0;road_0_2_0_1;road_0_2_0_1;road_0_2_0_1;road_0_2_0_2;road_0_2_0_2;road_0_2_0_2,GGGGGGGGGGGGrrrrrrGGGrrrrrrGGGrrrrrr
440,intersection_1_3,road_1_4_3_0;road_1_4_3_0;road_1_4_3_0;road_1_4_3_1;road_1_4_3_1;road_1_4_3_1;road_1_4_3_2;road_1_4_3_2;road_1_4_3_2;road_2_3_2_0;road_2_3_2_0;road_2_3_2_0;road_2_3_2_1;road_2_3_2_1;road_2_3_2_1;road_2_3_2_2;road_2_3_2_2;road_2_3_2_2;road_1_2_1_0;road_1_2_1_0;road_1_2_1_0;road_1_2_1_1;road_1_2_1_1;road_1_2_1_1;road_1_2_1_2;road_1_2_1_2;road_1_2_1_2;road_0_3_0_0;road_0_3_0_0;road_0_3_0_0;road_0_3_0_1;road_0_3_0_1;road_0_3_0_1;road_0_3_0_2;road_0_3_0_2;road_0_3_0_2,GGGrrrrrrGGGGGGrrrGGGrrrrrrGGGGGGrrr
440,intersection_1_4,road_1_5_3_0;road_1_5_3_0;road_1_5_3_0;road_1_5_3_1;road_1_5_3_1;road_1_5_3_1;road_1_5_3_2;road_1_5_3_2;road_1_5_3_2;road_2_4_2_0;road_2_4_2_0;road_2_4_2_0;road_2_4_2_1;road_2_4_2_1;road_2_4_2_1;road_2_4_2_2;road_2_4_2_2;road_2_4_2_2;road_1_3_1_0;road_1_3_1_0;road_1_3_1_0;road_1_3_1_1;road_1_3_1_1;road_1_3_1_1;road_1_3_1_2;road_1_3_1_2;road_1_3_1_2;road_0_4_0_0;road_0_4_0_0;road_0_4_0_0;road_0_4_0_1;road_0_4_0_1;road_0_4_0_1;road_0_4_0_2;road_0_4_0_2;road_0_4_0_2,GGGGGGGGGGGGrrrrrrGGGrrrrrrGGGrrrrrr
440,intersection_2_1,road_2_2_3_0;road_2_2_3_0;road_2_2_3_0;road_2_2_3_1;road_2_2_3_1;road_2_2_3_1;road_2_2_3_2;road_2_2_3_2;road_2_2_3_2;road_3_1_2_0;road_3_1_2_0;road_3_1_2_0;road_3_1_2_1;road_3_1_2_1;road_3_1_2_1;road_3_1_2_2;road_3_1_2_2;road_3_1_2_2;road_2_0_1_0;road_2_0_1_0;road_2_0_1_0;road_2_0_1_1;road_2_0_1_1;road_2_0_1_1;road_2_0_1_2;road_2_0_1_2;road_2_0_1_2;road_1_1_0_0;road_1_1_0_0;road_1_1_0_0;road_1_1_0_1;road_1_1_0_1;road_1_1_0_1;road_1_1_0_2;road_1_1_0_2;road_1_1_0_2,GGGrrrrrrGGGGGGrrrGGGrrrrrrGGGGGGrrr
440,intersection_2_2,road_2_3_3_0;road_2_3_3_0;road_2_3_3_0;road_2_3_3_1;road_2_3_3_1;road_2_3_3_1;road_2_3_3_2;road_2_3_3_2;road_2_3_3_2;road_3_2_2_0;road_3_2_2_0;road_3_2_2_0;road_3_2_2_1;road_3_2_2_1;road_3_2_2_1;road_3_2_2_2;road_3_2_2_2;road_3_2_2_2;road_2_1_1_0;road_2_1_1_0;road_2_1_1_0;road_2_1_1_1;road_2_1_1_1;road_2_1_1_1;road_2_1_1_2;road_2_1_1_2;road_2_1_1_2;road_1_2_0_0;road_1_2_0_0;road_1_2_0_0;road_1_2_0_1;road_1_2_0_1;road_1_2_0_1;road_1_2_0_2;road_1_2_0_2;road_1_2_0_2,GGGrrrrrrGGGrrrrrrGGGrrrrrrGGGGGGGGG
440,intersection_2_3,road_2_4_3_0;road_2_4_3_0;road_2_4_3_0;road_2_4_3_1;road_2_4_3_1;road_2_4_3_1;road_2_4_3_2;road_2_4_3_2;road_2_4_3_2;road_3_3_2_0;road_3_3_2_0;road_3_3_2_0;road_3_3_2_1;road_3_3_2_1;road_3_3_2_1;road_3_3_2_2;road_3_3_2_2;road_3_3_2_2;road_2_2_1_0;road_2_2_1_0;road_2_2_1_0;road_2_2_1_1;road_2_2_1_1;road_2_2_1_1;road_2_2_1_2;road_2_2_1_2;road_2_2_1_2;road_1_3_0_0;road_1_3_0_0;road_1_3_0_0;road_1_3_0_1;road_1_3_0_1;road_1_3_0_1;road_1_3_0_2;road_1_3_0_2;road_1_3_0_2,GGGrrrrrrGGGGGGrrrGGGrrrrrrGGGGGGrrr
440,intersection_2_4,road_2_5_3_0;road_2_5_3_0;road_2_5_3_0;road_2_5_3_1;road_2_5_3_1;road_2_5_3_1;road_2_5_3_2;road_2_5_3_2;road_2_5_3_2;road_3_4_2_0;road_3_4_2_0;road_3_4_2_0;road_3_4_2_1;road_3_4_2_1;road_3_4_2_1;road_3_4_2_2;road_3_4_2_2;road_3_4_2_2;road_2_3_1_0;road_2_3_1_0;road_2_3_1_0;road_2_3_1_1;road_2_3_1_1;road_2_3_1_1;road_2_3_1_2;road_2_3_1_2;road_2_3_1_2;road_1_4_0_0;road_1_4_0_0;road_1_4_0_0;road_1_4_0_1;road_1_4_0_1;road_1_4_0_1;road_1_4_0_2;road_1_4_0_2;road_1_4_0_2,GGGrrrrrrGGGGGGrrrGGGrrrrrrGGGGGGrrr
440,intersection_3_1,road_3_2_3_0;road_3_2_3_0;road_3_2_3_0;road_3_2_3_1;road_3_2_3_1;road_3_2_3_1;road_3_2_3_2;road_3_2_3_2;road_3_2_3_2;road_4_1_2_0;road_4_1_2_0;road_4_1_2_0;road_4_1_2_1;road_4_1_2_1;road_4_1_2_1;road_4_1_2_2;road_4_1_2_2;road_4_1_2_2;road_3_0_1_0;road_3_0_1_0;road_3_0_1_0;road_3_0_1_1;road_3_0_1_1;road_3_0_1_1;road_3_0_1_2;road_3_0_1_2;road_3_0_1_2;road_2_1_0_0;road_2_1_0_0;road_2_1_0_0;road_2_1_0_1;road_2_1_0_1;road_2_1_0_1;road_2_1_0_2;road_2_1_0_2;road_2_1_0_2,GGGrrrrrrGGGGGGrrrGGGrrrrrrGGGGGGrrr
440,intersection_3_2,road_3_3_3_0;road_3_3_3_0;road_3_3_3_0;road_3_3_3_1;road_3_3_3_1;road_3_3_3_1;road_3_3_3_2;road_3_3_3_2;road_3_3_3_2;road_4_2_2_0;road_4_2_2_0;road_4_2_2_0;road_4_2_2_1;road_4_2_2_1;road_4_2_2_1;road_4_2_2_2;road_4_2_2_2;road_4_2_2_2;road_3_1_1_0;road_3_1_1_0;road_3_1_1_0;road_3_1_1_1;road_3_1_1_1;road_3_1_1_1;road_3_1_1_2;road_3_1_1_2;road_3_1_1_2;road_2_2_0_0;road_2_2_0_0;road_2_2_0_0;road_2_2_0_1;road_2_2_0_1;road_2_2_0_1;road_2_2_0_2;road_2_2_0_2;road_2_2_0_2,GGGrrrrrrGGGrrrrrrGGGrrrrrrGGGGGGGGG
440,intersection_3_3,road_3_4_3_0;road_3_4_3_0;road_3_4_3_0;road_3_4_3_1;road_3_4_3_1;road_3_4_3_1;road_3_4_3_2;road_3_4_3_2;road_3_4_3_2;road_4_3_2_0;road_4_3_2_0;road_4_3_2_0;road_4_3_2_1;road_4_3_2_1;road_4_3_2_1;road_4_3_2_2;road_4_3_2_2;road_4_3_2_2;road_3_2_1_0;road_3_2_1_0;road_3_2_1_0;road_3_2_1_1;road_3_2_1_1;road_3_2_1_1;road_3_2_1_2;road_3_2_1_2;road_3_2_1_2;road_2_3_0_0;road_2_3_0_0;road_2_3_0_0;road_2_3_0_1;road_2_3_0_1;road_2_3_0_1;road_2_3_0_2;road_2_3_0_2;road_2_3_0_2,GGGrrrrrrGGGGGGGGGGGGrrrrrrGGGrrrrrr
440,intersection_3_4,road_3_5_3_0;road_3_5_3_0;road_3_5_3_0;road_3_5_3_1;road_3_5_3_1;road_3_5_3_1;road_3_5_3_2;road_3_5_3_2;road_3_5_3_2;road_4_4_2_0;road_4_4_2_0;road_4_4_2_0;road_4_4_2_1;road_4_4_2_1;road_4_4_2_1;road_4_4_2_2;road_4_4_2_2;road_4_4_2_2;road_3_3_1_0;road_3_3_1_0;road_3_3_1_0;road_3_3_1_1;road_3_3_1_1;road_3_3_1_1;road_3_3_1_2;road_3_3_1_2;road_3_3_1_2;road_2_4_0_0;road_2_4_0_0;road_2_4_0_0;road_2_4_0_1;road_2_4_0_1;road_2_4_0_1;road_2_4_0_2;road_2_4_0_2;road_2_4_0_2,GGGGGGrrrGGGrrrrrrGGGGGGrrrGGGrrrrrr
440,intersection_4_1,road_4_2_3_0;road_4_2_3_0;road_4_2_3_0;road_4_2_3_1;road_4_2_3_1;road_4_2_3_1;road_4_2_3_2;road_4_2_3_2;road_4_2_3_2;road_5_1_2_0;road_5_1_2_0;road_5_1_2_0;road_5_1_2_1;road_5_1_2_1;road_5_1_2_1;road_5_1_2_2;road_5_1_2_2;road_5_1_2_2;road_4_0_1_0;road_4_0_1_0;road_4_0_1_0;road_4_0_1_1;road_4_0_1_1;road_4_0_1_1;road_4_0_1_2;road_4_0_1_2;road_4_0_1_2;road_3_1_0_0;road_3_1_0_0;road_3_1_0_0;road_3_1_0_1;road_3_1_0_1;road_3_1_0_1;road_3_1_0_2;road_3_1_0_2;road_3_1_0_2,GGGrrrrrrGGGGGGrrrGGGrrrrrrGGGGGGrrr
440,intersection_4_2,road_4_3_3_0;road_4_3_3_0;road_4_3_3_0;road_4_3_3_1;road_4_3_3_1;road_4_3_3_1;road_4_3_3_2;road_4_3_3_2;road_4_3_3_2;road_5_2_2_0;road_5_2_2_0;road_5_2_2_0;road_5_2_2_1;road_5_2_2_1;road_5_2_2_1;road_5_2_2_2;road_5_2_2_2;road_5_2_2_2;road_4_1_1_0;road_4_1_1_0;road_4_1_1_0;road_4_1_1_1;road_4_1_1_1;road_4_1_1_1;road_4_1_1_2;road_4_1_1_2;road_4_1_1_2;road_3_2_0_0;road_3_2_0_0;road_3_2_0_0;road_3_2_0_1;road_3_2_0_1;road_3_2_0_1;road_3_2_0_2;road_3_2_0_2;road_3_2_0_2,GGGrrrrrrGGGGGGrrrGGGrrrrrrGGGGGGrrr
440,intersection_4_3,road_4_4_3_0;road_4_4_3_0;road_4_4_3_0;road_4_4_3_1;road_4_4_3_1;road_4_4_3_1;road_4_4_3_2;road_4_4_3_2;road_4_4_3_2;road_5_3_2_0;road_5_3_2_0;road_5_3_2_0;road_5_3_2_1;road_5_3_2_1;road_5_3_2_1;road_5_3_2_2;road_5_3_2_2;road_5_3_2_2;road_4_2_1_0;road_4_2_1_0;road_4_2_1_0;road_4_2_1_1;road_4_2_1_1;road_4_2_1_1;road_4_2_1_2;road_4_2_1_2;road_4_2_1_2;road_3_3_0_0;road_3_3_0_0;road_3_3_0_0;road_3_3_0_1;road_3_3_0_1;road_3_3_0_1;road_3_3_0_2;road_3_3_0_2;road_3_3_0_2,GGGrrrrrrGGGGGGrrrGGGrrrrrrGGGGGGrrr
440,intersection_4_4,road_4_5_3_0;road_4_5_3_0;road_4_5_3_0;road_4_5_3_1;road_4_5_3_1;road_4_5_3_1;road_4_5_3_2;road_4_5_3_2;road_4_5_3_2;road_5_4_2_0;road_5_4_2_0;road_5_4_2_0;road_5_4_2_1;road_5_4_2_1;road_5_4_2_1;road_5_4_2_2;road_5_4_2_2;road_5_4_2_2;road_4_3_1_0;road_4_3_1_0;road_4_3_1_0;road_4_3_1_1;road_4_3_1_1;road_4_3_1_1;road_4_3_1_2;road_4_3_1_2;road_4_3_1_2;road_3_4_0_0;road_3_4_0_0;road_3_4_0_0;road_3_4_0_1;road_3_4_0_1;road_3_4_0_1;road_3_4_0_2;road_3_4_0_2;road_3_4_0_2,GGGrrrrrrGGGrrrrrrGGGGGGGGGGGGrrrrrr
450,intersection_1_1,road_1_2_3_0;road_1_2_3_0;road_1_2_3_0;road_1_2_3_1;road_1_2_3_1;road_1_2_3_1;road_1_2_3_2;road_1_2_3_2;road_1_2_3_2;road_2_1_2_0;road_2_1_2_0;road_2_1_2_0;road_2_1_2_1;road_2_1_2_1;road_2_1_2_1;road_2_1_2_2;road_2_1_2_2;road_2_1_2_2;road_1_0_1_0;road_1_0_1_0;road_1_0_1_0;road_1_0_1_1;road_1_0_1_1;road_1_0_1_1;road_1_0_1_2;road_1_0_1_2;road_1_0_1_2;road_0_1_0_0;road_0_1_0_0;road_0_1_0_0;road_0_1_0_1;road_0_1_0_1;road_0_1_0_1;road_0_1_0_2;road_0_1_0_2;road_0_1_0_2,GGGrrrrrrGGGrrrrrrGGGrrrrrrGGGGGGGGG
450,intersection_1_2,road_1_3_3_0;road_1_3_3_0;road_1_3_3_0;road_1_3_3_1;road_1_3_3_1;road_1_3_3_1;road_1_3_3_2;road_1_3_3_2;road_1_3_3_2;road_2_2_2_0;road_2_2_2_0;road_2_2_2_0;road_2_2_2_1;road_2_2_2_1;road_2_2_2_1;road_2_2_2_2;road_2_2_2_2;road_2_2_2_2;road_1_1_1_0;road_1_1_1_0;road_1_1_1_0;road_1_1_1_1;road_1_1_1_1;road_1_1_1_1;road_1_1_1_2;road_1_1_1_2;road_1_1_1_2;road_0_2_0_0;road_0_2_0_0;road_0_2_0_0;road_0_2_0_1;road_0_2_0_1;road_0_2_0_1;road_0_2_0_2;road_0_2_0_2;road_0_2_0_2,GGGGGGGGGGGGrrrrrrGGGrrrrrrGGGrrrrrr
450,intersection_1_3,road_1_4_3_0;road_1_4_3_0;road_1_4_3_0;road_1_4_3_1;road_1_4_3_1;road_1_4_3_1;road_1_4_3_2;road_1_4_3_2;road_1_4_3_2;road_2_3_2_0;road_2_3_2_0;road_2_3_2_0;road_2_3_2_1;road_2_3_2_1;road_2_3_2_1;road_2_3_2_2;road_2_3_2_2;road_2_3_2_2;road_1_2_1_0;road_1_2_1_0;road_1_2_1_0;road_1_2_1_1;road_1_2_1_1;road_1_2_1_1;road_1_2_1_2;road_1_2_1_2;road_1_2_1_2;road_0_3_0_0;road_0_3_0_0;road_0_3_0_0;road_0_3_0_1;road_0_3_0_1;road_0_3_0_1;road_0_3_0_2;road_0_3_0_2;road_0_3_0_2,GGGrrrrrrGGGGGGrrrGGGrrrrrrGGGGGGrrr
450,intersection_1_4,road_1_5_3_0;road_1_5_3_0;road_1_5_3_0;road_1_5_3_1;road_1_5_3_1;road_1_5_3_1;road_1_5_3_2;road_1_5_3_2;road_1_5_3_2;road_2_4_2_0;road_2_4_2_0;road_2_4_2_0;road_2_4_2_1;road_2_4_2_1;road_2_4_2_1;road_2_4_2_2;road_2_4_2_2;road_2_4_2_2;road_1_3_1_0;road_1_3_1_0;road_1_3_1_0;road_1_3_1_1;road_1_3_1_1;road_1_3_1_1;road_1_3_1_2;road_1_3_1_2;road_1_3_1_2;road_0_4_0_0;road_0_4_0_0;road_0_4_0_0;road_0_4_0_1;road_0_4_0_1;road_0_4_0_1;road_0_4_0_2;road_0_4_0_2;road_0_4_0_2,GGGGGGGGGGGGrrrrrrGGGrrrrrrGGGrrrrrr
450,intersection_2_1,road_2_2_3_0;road_2_2_3_0;road_2_2_3_0;road_2_2_3_1;road_2_2_3_1;road_2_2_3_1;road_2_2_3_2;road_2_2_3_2;road_2_2_3_2;road_3_1_2_0;road_3_1_2_0;road_3_1_2_0;road_3_1_2_1;road_3_1_2_1;road_3_1_2_1;road_3_1_2_2;road_3_1_2_2;road_3_1_2_2;road_2_0_1_0;road_2_0_1_0;road_2_0_1_0;road_2_0_1_1;road_2_0_1_1;road_2_0_1_1;road_2_0_1_2;road_2_0_1_2;road_2_0_1_2;road_1_1_0_0;road_1_1_0_0;road_1_1_0_0;road_1_1_0_1;road_1_1_0_1;road_1_1_0_1;road_1_1_0_2;road_1_1_0_2;road_1_1_0_2,GGGrrrrrrGGGGGGrrrGGGrrrrrrGGGGGGrrr
450,intersection_2_2,road_2_3_3_0;road_2_3_3_0;road_2_3_3_0;road_2_3_3_1;road_2_3_3_1;road_2_3_3_1;road_2_3_3_2;road_2_3_3_2;road_2_3_3_2;road_3_2_2_0;road_3_2_2_0;road_3_2_2_0;road_3_2_2_1;road_3_2_2_1;road_3_2_2_1;road_3_2_2_2;road_3_2_2_2;road_3_2_2_2;road_2_1_1_0;road_2_1_1_0;road_2_1_1_0;road_2_1_1_1;road_2_1_1_1;road_2_1_1_1;road_2_1_1_2;road_2_1_1_2;road_2_1_1_2;road_1_2_0_0;road_1_2_0_0;road_1_2_0_0;road_1_2_0_1;road_1_2_0_1;road_1_2_0_1;road_1_2_0_2;road_1_2_0_2;road_1_2_0_2,GGGrrrrrrGGGrrrrrrGGGrrrrrrGGGGGGGGG
450,intersection_2_3,road_2_4_3_0;road_2_4_3_0;road_2_4_3_0;road_2_4_3_1;road_2_4_3_1;road_2_4_3_1;road_2_4_3_2;road_2_4_3_2;road_2_4_3_2;road_3_3_2_0;road_3_3_2_0;road_3_3_2_0;road_3_3_2_1;road_3_3_2_1;road_3_3_2_1;road_3_3_2_2;road_3_3_2_2;road_3_3_2_2;road_2_2_1_0;road_2_2_1_0;road_2_2_1_0;road_2_2_1_1;road_2_2_1_1;road_2_2_1_1;road_2_2_1_2;road_2_2_1_2;road_2_2_1_2;road_1_3_0_0;road_1_3_0_0;road_1_3_0_0;road_1_3_0_1;road_1_3_0_1;road_1_3_0_1;road_1_3_0_2;road_1_3_0_2;road_1_3_0_2,GGGrrrrrrGGGGGGrrrGGGrrrrrrGGGGGGrrr
450,intersection_2_4,road_2_5_3_0;road_2_5_3_0;road_2_5_3_0;road_2_5_3_1;road_2_5_3_1;road_2_5_3_1;road_2_5_3_2;road_2_5_3_2;road_2_5_3_2;road_3_4_2_0;road_3_4_2_0;road_3_4_2_0;road_3_4_2_1;road_3_4_2_1;road_3_4_2_1;road_3_4_2_2;road_3_4_2_2;road_3_4_2_2;road_2_3_1_0;road_2_3_1_0;road_2_3_1_0;road_2_3_1_1;road_2_3_1_1;road_2_3_1_1;road_2_3_1_2;road_2_3_1_2;road_2_3_1_2;road_1_4_0_0;road_1_4_0_0;road_1_4_0_0;road_1_4_0_1;road_1_4_0_1;road_1_4_0_1;road_1_4_0_2;road_1_4_0_2;road_1_4_0_2,GGGrrrrrrGGGGGGrrrGGGrrrrrrGGGGGGrrr
450,intersection_3_1,road_3_2_3_0;road_3_2_3_0;road_3_2_3_0;road_3_2_3_1;road_3_2_3_1;road_3_2_3_1;road_3_2_3_2;road_3_2_3_2;road_3_2_3_2;road_4_1_2_0;road_4_1_2_0;road_4_1_2_0;road_4_1_2_1;road_4_1_2_1;road_4_1_2_1;road_4_1_2_2;road_4_1_2_2;road_4_1_2_2;road_3_0_1_0;road_3_0_1_0;road_3_0_1_0;road_3_0_1_1;road_3_0_1_1;road_3_0_1_1;road_3_0_1_2;road_3_0_1_2;road_3_0_1_2;road_2_1_0_0;road_2_1_0_0;road_2_1_0_0;road_2_1_0_1;road_2_1_0_1;road_2_1_0_1;road_2_1_0_2;road_2_1_0_2;road_2_1_0_2,GGGrrrrrrGGGGGGrrrGGGrrrrrrGGGGGGrrr
450,intersection_3_2,road_3_3_3_0;road_3_3_3_0;road_3_3_3_0;road_3_3_3_1;road_3_3_3_1;road_3_3_3_1;road_3_3_3_2;road_3_3_3_2;road_3_3_3_2;road_4_2_2_0;road_4_2_2_0;road_4_2_2_0;road_4_2_2_1;road_4_2_2_1;road_4_2_2_1;road_4_2_2_2;road_4_2_2_2;road_4_2_2_2;road_3_1_1_0;road_3_1_1_0;road_3_1_1_0;road_3_1_1_1;road_3_1_1_1;road_3_1_1_1;road_3_1_1_2;road_3_1_1_2;road_3_1_1_2;road_2_2_0_0;road_2_2_0_0;road_2_2_0_0;road_2_2_0_1;road_2_2_0_1;road_2_2_0_1;road_2_2_0_2;road_2_2_0_2;road_2_2_0_2,GGGrrrrrrGGGrrrrrrGGGrrrrrrGGGGGGGGG
450,intersection_3_3,road_3_4_3_0;road_3_4_3_0;road_3_4_3_0;road_3_4_3_1;road_3_4_3_1;road_3_4_3_1;road_3_4_3_2;road_3_4_3_2;road_3_4_3_2;road_4_3_2_0;road_4_3_2_0;road_4_3_2_0;road_4_3_2_1;road_4_3_2_1;road_4_3_2_1;road_4_3_2_2;road_4_3_2_2;road_4_3_2_2;road_3_2_1_0;road_3_2_1_0;road_3_2_1_0;road_3_2_1_1;road_3_2_1_1;road_3_2_1_1;road_3_2_1_2;road_3_2_1_2;road_3_2_1_2;road_2_3_0_0;road_2_3_0_0;road_2_3_0_0;road_2_3_0_1;road_2_3_0_1;road_2_3_0_1;road_2_3_0_2;road_2_3_0_2;road_2_3_0_2,GGGrrrrrrGGGGGGGGGGGGrrrrrrGGGrrrrrr
450,intersection_3_4,road_3_5_3_0;road_3_5_3_0;road_3_5_3_0;road_3_5_3_1;road_3_5_3_1;road_3_5_3_1;road_3_5_3_2;road_3_5_3_2;road_3_5_3_2;road_4_4_2_0;road_4_4_2_0;road_4_4_2_0;road_4_4_2_1;road_4_4_2_1;road_4_4_2_1;road_4_4_2_2;road_4_4_2_2;road_4_4_2_2;road_3_3_1_0;road_3_3_1_0;road_3_3_1_0;road_3_3_1_1;road_3_3_1_1;road_3_3_1_1;road_3_3_1_2;road_3_3_1_2;road_3_3_1_2;road_2_4_0_0;road_2_4_0_0;road_2_4_0_0;road_2_4_0_1;road_2_4_0_1;road_2_4_0_1;road_2_4_0_2;road_2_4_0_2;road_2_4_0_2,GGGGGGrrrGGGrrrrrrGGGGGGrrrGGGrrrrrr
450,intersection_4_1,road_4_2_3_0;road_4_2_3_0;road_4_2_3_0;road_4_2_3_1;road_4_2_3_1;road_4_2_3_1;road_4_2_3_2;road_4_2_3_2;road_4_2_3_2;road_5_1_2_0;road_5_1_2_0;road_5_1_2_0;road_5_1_2_1;road_5_1_2_1;road_5_1_2_1;road_5_1_2_2;road_5_1_2_2;road_5_1_2_2;road_4_0_1_0;road_4_0_1_0;road_4_0_1_0;road_4_0_1_1;road_4_0_1_1;road_4_0_1_1;road_4_0_1_2;road_4_0_1_2;road_4_0_1_2;road_3_1_0_0;road_3_1_0_0;road_3_1_0_0;road_3_1_0_1;road_3_1_0_1;road_3_1_0_1;road_3_1_0_2;road_3_1_0_2;road_3_1_0_2,GGGrrrrrrGGGGGGrrrGGGrrrrrrGGGGGGrrr
450,intersection_4_2,road_4_3_3_0;road_4_3_3_0;road_4_3_3_0;road_4_3_3_1;road_4_3_3_1;road_4_3_3_1;road_4_3_3_2;road_4_3_3_2;road_4_3_3_2;road_5_2_2_0;road_5_2_2_0;road_5_2_2_0;road_5_2_2_1;road_5_2_2_1;road_5_2_2_1;road_5_2_2_2;road_5_2_2_2;road_5_2_2_2;road_4_1_1_0;road_4_1_1_0;road_4_1_1_0;road_4_1_1_1;road_4_1_1_1;road_4_1_1_1;road_4_1_1_2;road_4_1_1_2;road_4_1_1_2;road_3_2_0_0;road_3_2_0_0;road_3_2_0_0;road_3_2_0_1;road_3_2_0_1;road_3_2_0_1;road_3_2_0_2;road_3_2_0_2;road_3_2_0_2,GGGrrrrrrGGGGGGrrrGGGrrrrrrGGGGGGrrr
450,intersection_4_3,road_4_4_3_0;road_4_4_3_0;road_4_4_3_0;road_4_4_3_1;road_4_4_3_1;road_4_4_3_1;road_4_4_3_2;road_4_4_3_2;road_4_4_3_2;road_5_3_2_0;road_5_3_2_0;road_5_3_2_0;road_5_3_2_1;road_5_3_2_1;road_5_3_2_1;road_5_3_2_2;road_5_3_2_2;road_5_3_2_2;road_4_2_1_0;road_4_2_1_0;road_4_2_1_0;road_4_2_1_1;road_4_2_1_1;road_4_2_1_1;road_4_2_1_2;road_4_2_1_2;road_4_2_1_2;road_3_3_0_0;road_3_3_0_0;road_3_3_0_0;road_3_3_0_1;road_3_3_0_1;road_3_3_0_1;road_3_3_0_2;road_3_3_0_2;road_3_3_0_2,GGGrrrrrrGGGGGGrrrGGGrrrrrrGGGGGGrrr
450,intersection_4_4,road_4_5_3_0;road_4_5_3_0;road_4_5_3_0;road_4_5_3_1;road_4_5_3_1;road_4_5_3_1;road_4_5_3_2;road_4_5_3_2;road_4_5_3_2;road_5_4_2_0;road_5_4_2_0;road_5_4_2_0;road_5_4_2_1;road_5_4_2_1;road_5_4_2_1;road_5_4_2_2;road_5_4_2_2;road_5_4_2_2;road_4_3_1_0;road_4_3_1_0;road_4_3_1_0;road_4_3_1_1;road_4_3_1_1;road_4_3_1_1;road_4_3_1_2;road_4_3_1_2;road_4_3_1_2;road_3_4_0_0;road_3_4_0_0;road_3_4_0_0;road_3_4_0_1;road_3_4_0_1;road_3_4_0_1;road_3_4_0_2;road_3_4_0_2;road_3_4_0_2,GGGrrrrrrGGGrrrrrrGGGGGGGGGGGGrrrrrr
460,intersection_1_1,road_1_2_3_0;road_1_2_3_0;road_1_2_3_0;road_1_2_3_1;road_1_2_3_1;road_1_2_3_1;road_1_2_3_2;road_1_2_3_2;road_1_2_3_2;road_2_1_2_0;road_2_1_2_0;road_2_1_2_0;road_2_1_2_1;road_2_1_2_1;road_2_1_2_1;road_2_1_2_2;road_2_1_2_2;road_2_1_2_2;road_1_0_1_0;road_1_0_1_0;road_1_0_1_0;road_1_0_1_1;road_1_0_1_1;road_1_0_1_1;road_1_0_1_2;road_1_0_1_2;road_1_0_1_2;road_0_1_0_0;road_0_1_0_0;road_0_1_0_0;road_0_1_0_1;road_0_1_0_1;road_0_1_0_1;road_0_1_0_2;road_0_1_0_2;road_0_1_0_2,GGGrrrrrrGGGrrrrrrGGGrrrrrrGGGGGGGGG
460,intersection_1_2,road_1_3_3_0;road_1_3_3_0;road_1_3_3_0;road_1_3_3_1;road_1_3_3_1;road_1_3_3_1;road_1_3_3_2;road_1_3_3_2;road_1_3_3_2;road_2_2_2_0;road_2_2_2_0;road_2_2_2_0;road_2_2_2_1;road_2_2_2_1;road_2_2_2_1;road_2_2_2_2;road_2_2_2_2;road_2_2_2_2;road_1_1_1_0;road_1_1_1_0;road_1_1_1_0;road_1_1_1_1;road_1_1_1_1;road_1_1_1_1;road_1_1_1_2;road_1_1_1_2;road_1_1_1_2;road_0_2_0_0;road_0_2_0_0;road_0_2_0_0;road_0_2_0_1;road_0_2_0_1;road_0_2_0_1;road_0_2_0_2;road_0_2_0_2;road_0_2_0_2,GGGGGGGGGGGGrrrrrrGGGrrrrrrGGGrrrrrr
460,intersection_1_3,road_1_4_3_0;road_1_4_3_0;road_1_4_3_0;road_1_4_3_1;road_1_4_3_1;road_1_4_3_1;road_1_4_3_2;road_1_4_3_2;road_1_4_3_2;road_2_3_2_0;road_2_3_2_0;road_2_3_2_0;road_2_3_2_1;road_2_3_2_1;road_2_3_2_1;road_2_3_2_2;road_2_3_2_2;road_2_3_2_2;road_1_2_1_0;road_1_2_1_0;road_1_2_1_0;road_1_2_1_1;road_1_2_1_1;road_1_2_1_1;road_1_2_1_2;road_1_2_1_2;road_1_2_1_2;road_0_3_0_0;road_0_3_0_0;road_0_3_0_0;road_0_3_0_1;road_0_3_0_1;road_0_3_0_1;road_0_3_0_2;road_0_3_0_2;road_0_3_0_2,GGGrrrrrrGGGGGGrrrGGGrrrrrrGGGGGGrrr
460,intersection_1_4,road_1_5_3_0;road_1_5_3_0;road_1_5_3_0;road_1_5_3_1;road_1_5_3_1;road_1_5_3_1;road_1_5_3_2;road_1_5_3_2;road_1_5_3_2;road_2_4_2_0;road_2_4_2_0;road_2_4_2_0;road_2_4_2_1;road_2_4_2_1;road_2_4_2_1;road_2_4_2_2;road_2_4_2_2;road_2_4_2_2;road_1_3_1_0;road_1_3_1_0;road_1_3_1_0;road_1_3_1_1;road_1_3_1_1;road_1_3_1_1;road_1_3_1_2;road_1_3_1_2;road_1_3_1_2;road_0_4_0_0;road_0_4_0_0;road_0_4_0_0;road_0_4_0_1;road_0_4_0_1;road_0_4_0_1;road_0_4_0_2;road_0_4_0_2;road_0_4_0_2,GGGGGGGGGGGGrrrrrrGGGrrrrrrGGGrrrrrr
460,intersection_2_1,road_2_2_3_0;road_2_2_3_0;road_2_2_3_0;road_2_2_3_1;road_2_2_3_1;road_2_2_3_1;road_2_2_3_2;road_2_2_3_2;road_2_2_3_2;road_3_1_2_0;road_3_1_2_0;road_3_1_2_0;road_3_1_2_1;road_3_1_2_1;road_3_1_2_1;road_3_1_2_2;road_3_1_2_2;road_3_1_2_2;road_2_0_1_0;road_2_0_1_0;road_2_0_1_0;road_2_0_1_1;road_2_0_1_1;road_2_0_1_1;road_2_0_1_2;road_2_0_1_2;road_2_0_1_2;road_1_1_0_0;road_1_1_0_0;road_1_1_0_0;road_1_1_0_1;road_1_1_0_1;road_1_1_0_1;road_1_1_0_2;road_1_1_0_2;road_1_1_0_2,GGGrrrrrrGGGGGGrrrGGGrrrrrrGGGGGGrrr
460,intersection_2_2,road_2_3_3_0;road_2_3_3_0;road_2_3_3_0;road_2_3_3_1;road_2_3_3_1;road_2_3_3_1;road_2_3_3_2;road_2_3_3_2;road_2_3_3_2;road_3_2_2_0;road_3_2_2_0;road_3_2_2_0;road_3_2_2_1;road_3_2_2_1;road_3_2_2_1;road_3_2_2_2;road_3_2_2_2;road_3_2_2_2;road_2_1_1_0;road_2_1_1_0;road_2_1_1_0;road_2_1_1_1;road_2_1_1_1;road_2_1_1_1;road_2_1_1_2;road_2_1_1_2;road_2_1_1_2;road_1_2_0_0;road_1_2_0_0;road_1_2_0_0;road_1_2_0_1;road_1_2_0_1;road_1_2_0_1;road_1_2_0_2;road_1_2_0_2;road_1_2_0_2,GGGrrrrrrGGGrrrrrrGGGrrrrrrGGGGGGGGG
460,intersection_2_3,road_2_4_3_0;road_2_4_3_0;road_2_4_3_0;road_2_4_3_1;road_2_4_3_1;road_2_4_3_1;road_2_4_3_2;road_2_4_3_2;road_2_4_3_2;road_3_3_2_0;road_3_3_2_0;road_3_3_2_0;road_3_3_2_1;road_3_3_2_1;road_3_3_2_1;road_3_3_2_2;road_3_3_2_2;road_3_3_2_2;road_2_2_1_0;road_2_2_1_0;road_2_2_1_0;road_2_2_1_1;road_2_2_1_1;road_2_2_1_1;road_2_2_1_2;road_2_2_1_2;road_2_2_1_2;road_1_3_0_0;road_1_3_0_0;road_1_3_0_0;road_1_3_0_1;road_1_3_0_1;road_1_3_0_1;road_1_3_0_2;road_1_3_0_2;road_1_3_0_2,GGGrrrrrrGGGGGGrrrGGGrrrrrrGGGGGGrrr
460,intersection_2_4,road_2_5_3_0;road_2_5_3_0;road_2_5_3_0;road_2_5_3_1;road_2_5_3_1;road_2_5_3_1;road_2_5_3_2;road_2_5_3_2;road_2_5_3_2;road_3_4_2_0;road_3_4_2_0;road_3_4_2_0;road_3_4_2_1;road_3_4_2_1;road_3_4_2_1;road_3_4_2_2;road_3_4_2_2;road_3_4_2_2;road_2_3_1_0;road_2_3_1_0;road_2_3_1_0;road_2_3_1_1;road_2_3_1_1;road_2_3_1_1;road_2_3_1_2;road_2_3_1_2;road_2_3_1_2;road_1_4_0_0;road_1_4_0_0;road_1_4_0_0;road_1_4_0_1;road_1_4_0_1;road_1_4_0_1;road_1_4_0_2;road_1_4_0_2;road_1_4_0_2,GGGrrrrrrGGGGGGrrrGGGrrrrrrGGGGGGrrr
460,intersection_3_1,road_3_2_3_0;road_3_2_3_0;road_3_2_3_0;road_3_2_3_1;road_3_2_3_1;road_3_2_3_1;road_3_2_3_2;road_3_2_3_2;road_3_2_3_2;road_4_1_2_0;road_4_1_2_0;road_4_1_2_0;road_4_1_2_1;road_4_1_2_1;road_4_1_2_1;road_4_1_2_2;road_4_1_2_2;road_4_1_2_2;road_3_0_1_0;road_3_0_1_0;road_3_0_1_0;road_3_0_1_1;road_3_0_1_1;road_3_0_1_1;road_3_0_1_2;road_3_0_1_2;road_3_0_1_2;road_2_1_0_0;road_2_1_0_0;road_2_1_0_0;road_2_1_0_1;road_2_1_0_1;road_2_1_0_1;road_2_1_0_2;road_2_1_0_2;road_2_1_0_2,GGGrrrrrrGGGGGGrrrGGGrrrrrrGGGGGGrrr
460,intersection_3_2,road_3_3_3_0;road_3_3_3_0;road_3_3_3_0;road_3_3_3_1;road_3_3_3_1;road_3_3_3_1;road_3_3_3_2;road_3_3_3_2;road_3_3_3_2;road_4_2_2_0;road_4_2_2_0;road_4_2_2_0;road_4_2_2_1;road_4_2_2_1;road_4_2_2_1;road_4_2_2_2;road_4_2_2_2;road_4_2_2_2;road_3_1_1_0;road_3_1_1_0;road_3_1_1_0;road_3_1_1_1;road_3_1_1_1;road_3_1_1_1;road_3_1_1_2;road_3_1_1_2;road_3_1_1_2;road_2_2_0_0;road_2_2_0_0;road_2_2_0_0;road_2_2_0_1;road_2_2_0_1;road_2_2_0_1;road_2_2_0_2;road_2_2_0_2;road_2_2_0_2,GGGrrrrrrGGGrrrrrrGGGrrrrrrGGGGGGGGG
460,intersection_3_3,road_3_4_3_0;road_3_4_3_0;road_3_4_3_0;road_3_4_3_1;road_3_4_3_1;road_3_4_3_1;road_3_4_3_2;road_3_4_3_2;road_3_4_3_2;road_4_3_2_0;road_4_3_2_0;road_4_3_2_0;road_4_3_2_1;road_4_3_2_1;road_4_3_2_1;road_4_3_2_2;road_4_3_2_2;road_4_3_2_2;road_3_2_1_0;road_3_2_1_0;road_3_2_1_0;road_3_2_1_1;road_3_2_1_1;road_3_2_1_1;road_3_2_1_2;road_3_2_1_2;road_3_2_1_2;road_2_3_0_0;road_2_3_0_0;road_2_3_0_0;road_2_3_0_1;road_2_3_0_1;road_2_3_0_1;road_2_3_0_2;road_2_3_0_2;road_2_3_0_2,GGGrrrrrrGGGGGGGGGGGGrrrrrrGGGrrrrrr
460,intersection_3_4,road_3_5_3_0;road_3_5_3_0;road_3_5_3_0;road_3_5_3_1;road_3_5_3_1;road_3_5_3_1;road_3_5_3_2;road_3_5_3_2;road_3_5_3_2;road_4_4_2_0;road_4_4_2_0;road_4_4_2_0;road_4_4_2_1;road_4_4_2_1;road_4_4_2_1;road_4_4_2_2;road_4_4_2_2;road_4_4_2_2;road_3_3_1_0;road_3_3_1_0;road_3_3_1_0;road_3_3_1_1;road_3_3_1_1;road_3_3_1_1;road_3_3_1_2;road_3_3_1_2;road_3_3_1_2;road_2_4_0_0;road_2_4_0_0;road_2_4_0_0;road_2_4_0_1;road_2_4_0_1;road_2_4_0_1;road_2_4_0_2;road_2_4_0_2;road_2_4_0_2,GGGGGGrrrGGGrrrrrrGGGGGGrrrGGGrrrrrr
460,intersection_4_1,road_4_2_3_0;road_4_2_3_0;road_4_2_3_0;road_4_2_3_1;road_4_2_3_1;road_4_2_3_1;road_4_2_3_2;road_4_2_3_2;road_4_2_3_2;road_5_1_2_0;road_5_1_2_0;road_5_1_2_0;road_5_1_2_1;road_5_1_2_1;road_5_1_2_1;road_5_1_2_2;road_5_1_2_2;road_5_1_2_2;road_4_0_1_0;road_4_0_1_0;road_4_0_1_0;road_4_0_1_1;road_4_0_1_1;road_4_0_1_1;road_4_0_1_2;road_4_0_1_2;road_4_0_1_2;road_3_1_0_0;road_3_1_0_0;road_3_1_0_0;road_3_1_0_1;road_3_1_0_1;road_3_1_0_1;road_3_1_0_2;road_3_1_0_2;road_3_1_0_2,GGGrrrrrrGGGGGGrrrGGGrrrrrrGGGGGGrrr
460,intersection_4_2,road_4_3_3_0;road_4_3_3_0;road_4_3_3_0;road_4_3_3_1;road_4_3_3_1;road_4_3_3_1;road_4_3_3_2;road_4_3_3_2;road_4_3_3_2;road_5_2_2_0;road_5_2_2_0;road_5_2_2_0;road_5_2_2_1;road_5_2_2_1;road_5_2_2_1;road_5_2_2_2;road_5_2_2_2;road_5_2_2_2;road_4_1_1_0;road_4_1_1_0;road_4_1_1_0;road_4_1_1_1;road_4_1_1_1;road_4_1_1_1;road_4_1_1_2;road_4_1_1_2;road_4_1_1_2;road_3_2_0_0;road_3_2_0_0;road_3_2_0_0;road_3_2_0_1;road_3_2_0_1;road_3_2_0_1;road_3_2_0_2;road_3_2_0_2;road_3_2_0_2,GGGrrrrrrGGGGGGrrrGGGrrrrrrGGGGGGrrr
460,intersection_4_3,road_4_4_3_0;road_4_4_3_0;road_4_4_3_0;road_4_4_3_1;road_4_4_3_1;road_4_4_3_1;road_4_4_3_2;road_4_4_3_2;road_4_4_3_2;road_5_3_2_0;road_5_3_2_0;road_5_3_2_0;road_5_3_2_1;road_5_3_2_1;road_5_3_2_1;road_5_3_2_2;road_5_3_2_2;road_5_3_2_2;road_4_2_1_0;road_4_2_1_0;road_4_2_1_0;road_4_2_1_1;road_4_2_1_1;road_4_2_1_1;road_4_2_1_2;road_4_2_1_2;road_4_2_1_2;road_3_3_0_0;road_3_3_0_0;road_3_3_0_0;road_3_3_0_1;road_3_3_0_1;road_3_3_0_1;road_3_3_0_2;road_3_3_0_2;road_3_3_0_2,GGGrrrrrrGGGGGGrrrGGGrrrrrrGGGGGGrrr
460,intersection_4_4,road_4_5_3_0;road_4_5_3_0;road_4_5_3_0;road_4_5_3_1;road_4_5_3_1;road_4_5_3_1;road_4_5_3_2;road_4_5_3_2;road_4_5_3_2;road_5_4_2_0;road_5_4_2_0;road_5_4_2_0;road_5_4_2_1;road_5_4_2_1;road_5_4_2_1;road_5_4_2_2;road_5_4_2_2;road_5_4_2_2;road_4_3_1_0;road_4_3_1_0;road_4_3_1_0;road_4_3_1_1;road_4_3_1_1;road_4_3_1_1;road_4_3_1_2;road_4_3_1_2;road_4_3_1_2;road_3_4_0_0;road_3_4_0_0;road_3_4_0_0;road_3_4_0_1;road_3_4_0_1;road_3_4_0_1;road_3_4_0_2;road_3_4_0_2;road_3_4_0_2,GGGrrrrrrGGGrrrrrrGGGGGGGGGGGGrrrrrr
470,intersection_1_1,road_1_2_3_0;road_1_2_3_0;road_1_2_3_0;road_1_2_3_1;road_1_2_3_1;road_1_2_3_1;road_1_2_3_2;road_1_2_3_2;road_1_2_3_2;road_2_1_2_0;road_2_1_2_0;road_2_1_2_0;road_2_1_2_1;road_2_1_2_1;road_2_1_2_1;road_2_1_2_2;road_2_1_2_2;road_2_1_2_2;road_1_0_1_0;road_1_0_1_0;road_1_0_1_0;road_1_0_1_1;road_1_0_1_1;road_1_0_1_1;road_1_0_1_2;road_1_0_1_2;road_1_0_1_2;road_0_1_0_0;road_0_1_0_0;road_0_1_0_0;road_0_1_0_1;road_0_1_0_1;road_0_1_0_1;road_0_1_0_2;road_0_1_0_2;road_0_1_0_2,GGGrrrrrrGGGrrrrrrGGGrrrrrrGGGGGGGGG
470,intersection_1_2,road_1_3_3_0;road_1_3_3_0;road_1_3_3_0;road_1_3_3_1;road_1_3_3_1;road_1_3_3_1;road_1_3_3_2;road_1_3_3_2;road_1_3_3_2;road_2_2_2_0;road_2_2_2_0;road_2_2_2_0;road_2_2_2_1;road_2_2_2_1;road_2_2_2_1;road_2_2_2_2;road_2_2_2_2;road_2_2_2_2;road_1_1_1_0;road_1_1_1_0;road_1_1_1_0;road_1_1_1_1;road_1_1_1_1;road_1_1_1_1;road_1_1_1_2;road_1_1_1_2;road_1_1_1_2;road_0_2_0_0;road_0_2_0_0;road_0_2_0_0;road_0_2_0_1;road_0_2_0_1;road_0_2_0_1;road_0_2_0_2;road_0_2_0_2;road_0_2_0_2,GGGGGGGGGGGGrrrrrrGGGrrrrrrGGGrrrrrr
470,intersection_1_3,road_1_4_3_0;road_1_4_3_0;road_1_4_3_0;road_1_4_3_1;road_1_4_3_1;road_1_4_3_1;road_1_4_3_2;road_1_4_3_2;road_1_4_3_2;road_2_3_2_0;road_2_3_2_0;road_2_3_2_0;road_2_3_2_1;road_2_3_2_1;road_2_3_2_1;road_2_3_2_2;road_2_3_2_2;road_2_3_2_2;road_1_2_1_0;road_1_2_1_0;road_1_2_1_0;road_1_2_1_1;road_1_2_1_1;road_1_2_1_1;road_1_2_1_2;road_1_2_1_2;road_1_2_1_2;road_0_3_0_0;road_0_3_0_0;road_0_3_0_0;road_0_3_0_1;road_0_3_0_1;road_0_3_0_1;road_0_3_0_2;road_0_3_0_2;road_0_3_0_2,GGGrrrrrrGGGGGGrrrGGGrrrrrrGGGGGGrrr
470,intersection_1_4,road_1_5_3_0;road_1_5_3_0;road_1_5_3_0;road_1_5_3_1;road_1_5_3_1;road_1_5_3_1;road_1_5_3_2;road_1_5_3_2;road_1_5_3_2;road_2_4_2_0;road_2_4_2_0;road_2_4_2_0;road_2_4_2_1;road_2_4_2_1;road_2_4_2_1;road_2_4_2_2;road_2_4_2_2;road_2_4_2_2;road_1_3_1_0;road_1_3_1_0;road_1_3_1_0;road_1_3_1_1;road_1_3_1_1;road_1_3_1_1;road_1_3_1_2;road_1_3_1_2;road_1_3_1_2;road_0_4_0_0;road_0_4_0_0;road_0_4_0_0;road_0_4_0_1;road_0_4_0_1;road_0_4_0_1;road_0_4_0_2;road_0_4_0_2;road_0_4_0_2,GGGGGGGGGGGGrrrrrrGGGrrrrrrGGGrrrrrr
470,intersection_2_1,road_2_2_3_0;road_2_2_3_0;road_2_2_3_0;road_2_2_3_1;road_2_2_3_1;road_2_2_3_1;road_2_2_3_2;road_2_2_3_2;road_2_2_3_2;road_3_1_2_0;road_3_1_2_0;road_3_1_2_0;road_3_1_2_1;road_3_1_2_1;road_3_1_2_1;road_3_1_2_2;road_3_1_2_2;road_3_1_2_2;road_2_0_1_0;road_2_0_1_0;road_2_0_1_0;road_2_0_1_1;road_2_0_1_1;road_2_0_1_1;road_2_0_1_2;road_2_0_1_2;road_2_0_1_2;road_1_1_0_0;road_1_1_0_0;road_1_1_0_0;road_1_1_0_1;road_1_1_0_1;road_1_1_0_1;road_1_1_0_2;road_1_1_0_2;road_1_1_0_2,GGGrrrrrrGGGGGGrrrGGGrrrrrrGGGGGGrrr
470,intersection_2_2,road_2_3_3_0;road_2_3_3_0;road_2_3_3_0;road_2_3_3_1;road_2_3_3_1;road_2_3_3_1;road_2_3_3_2;road_2_3_3_2;road_2_3_3_2;road_3_2_2_0;road_3_2_2_0;road_3_2_2_0;road_3_2_2_1;road_3_2_2_1;road_3_2_2_1;road_3_2_2_2;road_3_2_2_2;road_3_2_2_2;road_2_1_1_0;road_2_1_1_0;road_2_1_1_0;road_2_1_1_1;road_2_1_1_1;road_2_1_1_1;road_2_1_1_2;road_2_1_1_2;road_2_1_1_2;road_1_2_0_0;road_1_2_0_0;road_1_2_0_0;road_1_2_0_1;road_1_2_0_1;road_1_2_0_1;road_1_2_0_2;road_1_2_0_2;road_1_2_0_2,GGGrrrrrrGGGrrrrrrGGGrrrrrrGGGGGGGGG
470,intersection_2_3,road_2_4_3_0;road_2_4_3_0;road_2_4_3_0;road_2_4_3_1;road_2_4_3_1;road_2_4_3_1;road_2_4_3_2;road_2_4_3_2;road_2_4_3_2;road_3_3_2_0;road_3_3_2_0;road_3_3_2_0;road_3_3_2_1;road_3_3_2_1;road_3_3_2_1;road_3_3_2_2;road_3_3_2_2;road_3_3_2_2;road_2_2_1_0;road_2_2_1_0;road_2_2_1_0;road_2_2_1_1;road_2_2_1_1;road_2_2_1_1;road_2_2_1_2;road_2_2_1_2;road_2_2_1_2;road_1_3_0_0;road_1_3_0_0;road_1_3_0_0;road_1_3_0_1;road_1_3_0_1;road_1_3_0_1;road_1_3_0_2;road_1_3_0_2;road_1_3_0_2,GGGrrrrrrGGGGGGrrrGGGrrrrrrGGGGGGrrr
470,intersection_2_4,road_2_5_3_0;road_2_5_3_0;road_2_5_3_0;road_2_5_3_1;road_2_5_3_1;road_2_5_3_1;road_2_5_3_2;road_2_5_3_2;road_2_5_3_2;road_3_4_2_0;road_3_4_2_0;road_3_4_2_0;road_3_4_2_1;road_3_4_2_1;road_3_4_2_1;road_3_4_2_2;road_3_4_2_2;road_3_4_2_2;road_2_3_1_0;road_2_3_1_0;road_2_3_1_0;road_2_3_1_1;road_2_3_1_1;road_2_3_1_1;road_2_3_1_2;road_2_3_1_2;road_2_3_1_2;road_1_4_0_0;road_1_4_0_0;road_1_4_0_0;road_1_4_0_1;road_1_4_0_1;road_1_4_0_1;road_1_4_0_2;road_1_4_0_2;road_1_4_0_2,GGGrrrrrrGGGGGGrrrGGGrrrrrrGGGGGGrrr
470,intersection_3_1,road_3_2_3_0;road_3_2_3_0;road_3_2_3_0;road_3_2_3_1;road_3_2_3_1;road_3_2_3_1;road_3_2_3_2;road_3_2_3_2;road_3_2_3_2;road_4_1_2_0;road_4_1_2_0;road_4_1_2_0;road_4_1_2_1;road_4_1_2_1;road_4_1_2_1;road_4_1_2_2;road_4_1_2_2;road_4_1_2_2;road_3_0_1_0;road_3_0_1_0;road_3_0_1_0;road_3_0_1_1;road_3_0_1_1;road_3_0_1_1;road_3_0_1_2;road_3_0_1_2;road_3_0_1_2;road_2_1_0_0;road_2_1_0_0;road_2_1_0_0;road_2_1_0_1;road_2_1_0_1;road_2_1_0_1;road_2_1_0_2;road_2_1_0_2;road_2_1_0_2,GGGrrrrrrGGGGGGrrrGGGrrrrrrGGGGGGrrr
470,intersection_3_2,road_3_3_3_0;road_3_3_3_0;road_3_3_3_0;road_3_3_3_1;road_3_3_3_1;road_3_3_3_1;road_3_3_3_2;road_3_3_3_2;road_3_3_3_2;road_4_2_2_0;road_4_2_2_0;road_4_2_2_0;road_4_2_2_1;road_4_2_2_1;road_4_2_2_1;road_4_2_2_2;road_4_2_2_2;road_4_2_2_2;road_3_1_1_0;road_3_1_1_0;road_3_1_1_0;road_3_1_1_1;road_3_1_1_1;road_3_1_1_1;road_3_1_1_2;road_3_1_1_2;road_3_1_1_2;road_2_2_0_0;road_2_2_0_0;road_2_2_0_0;road_2_2_0_1;road_2_2_0_1;road_2_2_0_1;road_2_2_0_2;road_2_2_0_2;road_2_2_0_2,GGGrrrrrrGGGrrrrrrGGGrrrrrrGGGGGGGGG
470,intersection_3_3,road_3_4_3_0;road_3_4_3_0;road_3_4_3_0;road_3_4_3_1;road_3_4_3_1;road_3_4_3_1;road_3_4_3_2;road_3_4_3_2;road_3_4_3_2;road_4_3_2_0;road_4_3_2_0;road_4_3_2_0;road_4_3_2_1;road_4_3_2_1;road_4_3_2_1;road_4_3_2_2;road_4_3_2_2;road_4_3_2_2;road_3_2_1_0;road_3_2_1_0;road_3_2_1_0;road_3_2_1_1;road_3_2_1_1;road_3_2_1_1;road_3_2_1_2;road_3_2_1_2;road_3_2_1_2;road_2_3_0_0;road_2_3_0_0;road_2_3_0_0;road_2_3_0_1;road_2_3_0_1;road_2_3_0_1;road_2_3_0_2;road_2_3_0_2;road_2_3_0_2,GGGrrrrrrGGGGGGGGGGGGrrrrrrGGGrrrrrr
470,intersection_3_4,road_3_5_3_0;road_3_5_3_0;road_3_5_3_0;road_3_5_3_1;road_3_5_3_1;road_3_5_3_1;road_3_5_3_2;road_3_5_3_2;road_3_5_3_2;road_4_4_2_0;road_4_4_2_0;road_4_4_2_0;road_4_4_2_1;road_4_4_2_1;road_4_4_2_1;road_4_4_2_2;road_4_4_2_2;road_4_4_2_2;road_3_3_1_0;road_3_3_1_0;road_3_3_1_0;road_3_3_1_1;road_3_3_1_1;road_3_3_1_1;road_3_3_1_2;road_3_3_1_2;road_3_3_1_2;road_2_4_0_0;road_2_4_0_0;road_2_4_0_0;road_2_4_0_1;road_2_4_0_1;road_2_4_0_1;road_2_4_0_2;road_2_4_0_2;road_2_4_0_2,GGGGGGrrrGGGrrrrrrGGGGGGrrrGGGrrrrrr
470,intersection_4_1,road_4_2_3_0;road_4_2_3_0;road_4_2_3_0;road_4_2_3_1;road_4_2_3_1;road_4_2_3_1;road_4_2_3_2;road_4_2_3_2;road_4_2_3_2;road_5_1_2_0;road_5_1_2_0;road_5_1_2_0;road_5_1_2_1;road_5_1_2_1;road_5_1_2_1;road_5_1_2_2;road_5_1_2_2;road_5_1_2_2;road_4_0_1_0;road_4_0_1_0;road_4_0_1_0;road_4_0_1_1;road_4_0_1_1;road_4_0_1_1;road_4_0_1_2;road_4_0_1_2;road_4_0_1_2;road_3_1_0_0;road_3_1_0_0;road_3_1_0_0;road_3_1_0_1;road_3_1_0_1;road_3_1_0_1;road_3_1_0_2;road_3_1_0_2;road_3_1_0_2,GGGrrrrrrGGGGGGrrrGGGrrrrrrGGGGGGrrr
470,intersection_4_2,road_4_3_3_0;road_4_3_3_0;road_4_3_3_0;road_4_3_3_1;road_4_3_3_1;road_4_3_3_1;road_4_3_3_2;road_4_3_3_2;road_4_3_3_2;road_5_2_2_0;road_5_2_2_0;road_5_2_2_0;road_5_2_2_1;road_5_2_2_1;road_5_2_2_1;road_5_2_2_2;road_5_2_2_2;road_5_2_2_2;road_4_1_1_0;road_4_1_1_0;road_4_1_1_0;road_4_1_1_1;road_4_1_1_1;road_4_1_1_1;road_4_1_1_2;road_4_1_1_2;road_4_1_1_2;road_3_2_0_0;road_3_2_0_0;road_3_2_0_0;road_3_2_0_1;road_3_2_0_1;road_3_2_0_1;road_3_2_0_2;road_3_2_0_2;road_3_2_0_2,GGGrrrrrrGGGGGGrrrGGGrrrrrrGGGGGGrrr
470,intersection_4_3,road_4_4_3_0;road_4_4_3_0;road_4_4_3_0;road_4_4_3_1;road_4_4_3_1;road_4_4_3_1;road_4_4_3_2;road_4_4_3_2;road_4_4_3_2;road_5_3_2_0;road_5_3_2_0;road_5_3_2_0;road_5_3_2_1;road_5_3_2_1;road_5_3_2_1;road_5_3_2_2;road_5_3_2_2;road_5_3_2_2;road_4_2_1_0;road_4_2_1_0;road_4_2_1_0;road_4_2_1_1;road_4_2_1_1;road_4_2_1_1;road_4_2_1_2;road_4_2_1_2;road_4_2_1_2;road_3_3_0_0;road_3_3_0_0;road_3_3_0_0;road_3_3_0_1;road_3_3_0_1;road_3_3_0_1;road_3_3_0_2;road_3_3_0_2;road_3_3_0_2,GGGrrrrrrGGGGGGrrrGGGrrrrrrGGGGGGrrr
470,intersection_4_4,road_4_5_3_0;road_4_5_3_0;road_4_5_3_0;road_4_5_3_1;road_4_5_3_1;road_4_5_3_1;road_4_5_3_2;road_4_5_3_2;road_4_5_3_2;road_5_4_2_0;road_5_4_2_0;road_5_4_2_0;road_5_4_2_1;road_5_4_2_1;road_5_4_2_1;road_5_4_2_2;road_5_4_2_2;road_5_4_2_2;road_4_3_1_0;road_4_3_1_0;road_4_3_1_0;road_4_3_1_1;road_4_3_1_1;road_4_3_1_1;road_4_3_1_2;road_4_3_1_2;road_4_3_1_2;road_3_4_0_0;road_3_4_0_0;road_3_4_0_0;road_3_4_0_1;road_3_4_0_1;road_3_4_0_1;road_3_4_0_2;road_3_4_0_2;road_3_4_0_2,GGGrrrrrrGGGrrrrrrGGGGGGGGGGGGrrrrrr
480,intersection_1_1,road_1_2_3_0;road_1_2_3_0;road_1_2_3_0;road_1_2_3_1;road_1_2_3_1;road_1_2_3_1;road_1_2_3_2;road_1_2_3_2;road_1_2_3_2;road_2_1_2_0;road_2_1_2_0;road_2_1_2_0;road_2_1_2_1;road_2_1_2_1;road_2_1_2_1;road_2_1_2_2;road_2_1_2_2;road_2_1_2_2;road_1_0_1_0;road_1_0_1_0;road_1_0_1_0;road_1_0_1_1;road_1_0_1_1;road_1_0_1_1;road_1_0_1_2;road_1_0_1_2;road_1_0_1_2;road_0_1_0_0;road_0_1_0_0;road_0_1_0_0;road_0_1_0_1;road_0_1_0_1;road_0_1_0_1;road_0_1_0_2;road_0_1_0_2;road_0_1_0_2,GGGrrrrrrGGGrrrrrrGGGrrrrrrGGGGGGGGG
480,intersection_1_2,road_1_3_3_0;road_1_3_3_0;road_1_3_3_0;road_1_3_3_1;road_1_3_3_1;road_1_3_3_1;road_1_3_3_2;road_1_3_3_2;road_1_3_3_2;road_2_2_2_0;road_2_2_2_0;road_2_2_2_0;road_2_2_2_1;road_2_2_2_1;road_2_2_2_1;road_2_2_2_2;road_2_2_2_2;road_2_2_2_2;road_1_1_1_0;road_1_1_1_0;road_1_1_1_0;road_1_1_1_1;road_1_1_1_1;road_1_1_1_1;road_1_1_1_2;road_1_1_1_2;road_1_1_1_2;road_0_2_0_0;road_0_2_0_0;road_0_2_0_0;road_0_2_0_1;road_0_2_0_1;road_0_2_0_1;road_0_2_0_2;road_0_2_0_2;road_0_2_0_2,GGGGGGrrrGGGrrrrrrGGGGGGrrrGGGrrrrrr
480,intersection_1_3,road_1_4_3_0;road_1_4_3_0;road_1_4_3_0;road_1_4_3_1;road_1_4_3_1;road_1_4_3_1;road_1_4_3_2;road_1_4_3_2;road_1_4_3_2;road_2_3_2_0;road_2_3_2_0;road_2_3_2_0;road_2_3_2_1;road_2_3_2_1;road_2_3_2_1;road_2_3_2_2;road_2_3_2_2;road_2_3_2_2;road_1_2_1_0;road_1_2_1_0;road_1_2_1_0;road_1_2_1_1;road_1_2_1_1;road_1_2_1_1;road_1_2_1_2;road_1_2_1_2;road_1_2_1_2;road_0_3_0_0;road_0_3_0_0;road_0_3_0_0;road_0_3_0_1;road_0_3_0_1;road_0_3_0_1;road_0_3_0_2;road_0_3_0_2;road_0_3_0_2,GGGrrrrrrGGGGGGrrrGGGrrrrrrGGGGGGrrr
480,intersection_1_4,road_1_5_3_0;road_1_5_3_0;road_1_5_3_0;road_1_5_3_1;road_1_5_3_1;road_1_5_3_1;road_1_5_3_2;road_1_5_3_2;road_1_5_3_2;road_2_4_2_0;road_2_4_2_0;road_2_4_2_0;road_2_4_2_1;road_2_4_2_1;road_2_4_2_1;road_2_4_2_2;road_2_4_2_2;road_2_4_2_2;road_1_3_1_0;road_1_3_1_0;road_1_3_1_0;road_1_3_1_1;road_1_3_1_1;road_1_3_1_1;road_1_3_1_2;road_1_3_1_2;road_1_3_1_2;road_0_4_0_0;road_0_4_0_0;road_0_4_0_0;road_0_4_0_1;road_0_4_0_1;road_0_4_0_1;road_0_4_0_2;road_0_4_0_2;road_0_4_0_2,GGGGGGGGGGGGrrrrrrGGGrrrrrrGGGrrrrrr
480,intersection_2_1,road_2_2_3_0;road_2_2_3_0;road_2_2_3_0;road_2_2_3_1;road_2_2_3_1;road_2_2_3_1;road_2_2_3_2;road_2_2_3_2;road_2_2_3_2;road_3_1_2_0;road_3_1_2_0;road_3_1_2_0;road_3_1_2_1;road_3_1_2_1;road_3_1_2_1;road_3_1_2_2;road_3_1_2_2;road_3_1_2_2;road_2_0_1_0;road_2_0_1_0;road_2_0_1_0;road_2_0_1_1;road_2_0_1_1;road_2_0_1_1;road_2_0_1_2;road_2_0_1_2;road_2_0_1_2;road_1_1_0_0;road_1_1_0_0;road_1_1_0_0;road_1_1_0_1;road_1_1_0_1;road_1_1_0_1;road_1_1_0_2;road_1_1_0_2;road_1_1_0_2,GGGrrrrrrGGGGGGrrrGGGrrrrrrGGGGGGrrr
480,intersection_2_2,road_2_3_3_0;road_2_3_3_0;road_2_3_3_0;road_2_3_3_1;road_2_3_3_1;road_2_3_3_1;road_2_3_3_2;road_2_3_3_2;road_2_3_3_2;road_3_2_2_0;road_3_2_2_0;road_3_2_2_0;road_3_2_2_1;road_3_2_2_1;road_3_2_2_1;road_3_2_2_2;road_3_2_2_2;road_3_2_2_2;road_2_1_1_0;road_2_1_1_0;road_2_1_1_0;road_2_1_1_1;road_2_1_1_1;road_2_1_1_1;road_2_1_1_2;road_2_1_1_2;road_2_1_1_2;road_1_2_0_0;road_1_2_0_0;road_1_2_0_0;road_1_2_0_1;road_1_2_0_1;road_1_2_0_1;road_1_2_0_2;road_1_2_0_2;road_1_2_0_2,GGGrrrrrrGGGrrrrrrGGGrrrrrrGGGGGGGGG
480,intersection_2_3,road_2_4_3_0;road_2_4_3_0;road_2_4_3_0;road_2_4_3_1;road_2_4_3_1;road_2_4_3_1;road_2_4_3_2;road_2_4_3_2;road_2_4_3_2;road_3_3_2_0;road_3_3_2_0;road_3_3_2_0;road_3_3_2_1;road_3_3_2_1;road_3_3_2_1;road_3_3_2_2;road_3_3_2_2;road_3_3_2_2;road_2_2_1_0;road_2_2_1_0;road_2_2_1_0;road_2_2_1_1;road_2_2_1_1;road_2_2_1_1;road_2_2_1_2;road_2_2_1_2;road_2_2_1_2;road_1_3_0_0;road_1_3_0_0;road_1_3_0_0;road_1_3_0_1;road_1_3_0_1;road_1_3_0_1;road_1_3_0_2;road_1_3_0_2;road_1_3_0_2,GGGrrrrrrGGGGGGrrrGGGrrrrrrGGGGGGrrr
480,intersection_2_4,road_2_5_3_0;road_2_5_3_0;road_2_5_3_0;road_2_5_3_1;road_2_5_3_1;road_2_5_3_1;road_2_5_3_2;road_2_5_3_2;road_2_5_3_2;road_3_4_2_0;road_3_4_2_0;road_3_4_2_0;road_3_4_2_1;road_3_4_2_1;road_3_4_2_1;road_3_4_2_2;road_3_4_2_2;road_3_4_2_2;road_2_3_1_0;road_2_3_1_0;road_2_3_1_0;road_2_3_1_1;road_2_3_1_1;road_2_3_1_1;road_2_3_1_2;road_2_3_1_2;road_2_3_1_2;road_1_4_0_0;road_1_4_0_0;road_1_4_0_0;road_1_4_0_1;road_1_4_0_1;road_1_4_0_1;road_1_4_0_2;road_1_4_0_2;road_1_4_0_2,GGGrrrrrrGGGGGGrrrGGGrrrrrrGGGGGGrrr
480,intersection_3_1,road_3_2_3_0;road_3_2_3_0;road_3_2_3_0;road_3_2_3_1;road_3_2_3_1;road_3_2_3_1;road_3_2_3_2;road_3_2_3_2;road_3_2_3_2;road_4_1_2_0;road_4_1_2_0;road_4_1_2_0;road_4_1_2_1;road_4_1_2_1;road_4_1_2_1;road_4_1_2_2;road_4_1_2_2;road_4_1_2_2;road_3_0_1_0;road_3_0_1_0;road_3_0_1_0;road_3_0_1_1;road_3_0_1_1;road_3_0_1_1;road_3_0_1_2;road_3_0_1_2;road_3_0_1_2;road_2_1_0_0;road_2_1_0_0;road_2_1_0_0;road_2_1_0_1;road_2_1_0_1;road_2_1_0_1;road_2_1_0_2;road_2_1_0_2;road_2_1_0_2,GGGrrrrrrGGGGGGrrrGGGrrrrrrGGGGGGrrr
480,intersection_3_2,road_3_3_3_0;road_3_3_3_0;road_3_3_3_0;road_3_3_3_1;road_3_3_3_1;road_3_3_3_1;road_3_3_3_2;road_3_3_3_2;road_3_3_3_2;road_4_2_2_0;road_4_2_2_0;road_4_2_2_0;road_4_2_2_1;road_4_2_2_1;road_4_2_2_1;road_4_2_2_2;road_4_2_2_2;road_4_2_2_2;road_3_1_1_0;road_3_1_1_0;road_3_1_1_0;road_3_1_1_1;road_3_1_1_1;road_3_1_1_1;road_3_1_1_2;road_3_1_1_2;road_3_1_1_2;road_2_2_0_0;road_2_2_0_0;road_2_2_0_0;road_2_2_0_1;road_2_2_0_1;road_2_2_0_1;road_2_2_0_2;road_2_2_0_2;road_2_2_0_2,GGGrrrrrrGGGrrrrrrGGGrrrrrrGGGGGGGGG
480,intersection_3_3,road_3_4_3_0;road_3_4_3_0;road_3_4_3_0;road_3_4_3_1;road_3_4_3_1;road_3_4_3_1;road_3_4_3_2;road_3_4_3_2;road_3_4_3_2;road_4_3_2_0;road_4_3_2_0;road_4_3_2_0;road_4_3_2_1;road_4_3_2_1;road_4_3_2_1;road_4_3_2_2;road_4_3_2_2;road_4_3_2_2;road_3_2_1_0;road_3_2_1_0;road_3_2_1_0;road_3_2_1_1;road_3_2_1_1;road_3_2_1_1;road_3_2_1_2;road_3_2_1_2;road_3_2_1_2;road_2_3_0_0;road_2_3_0_0;road_2_3_0_0;road_2_3_0_1;road_2_3_0_1;road_2_3_0_1;road_2_3_0_2;road_2_3_0_2;road_2_3_0_2,GGGrrrrrrGGGGGGGGGGGGrrrrrrGGGrrrrrr
480,intersection_3_4,road_3_5_3_0;road_3_5_3_0;road_3_5_3_0;road_3_5_3_1;road_3_5_3_1;road_3_5_3_1;road_3_5_3_2;road_3_5_3_2;road_3_5_3_2;road_4_4_2_0;road_4_4_2_0;road_4_4_2_0;road_4_4_2_1;road_4_4_2_1;road_4_4_2_1;road_4_4_2_2;road_4_4_2_2;road_4_4_2_2;road_3_3_1_0;road_3_3_1_0;road_3_3_1_0;road_3_3_1_1;road_3_3_1_1;road_3_3_1_1;road_3_3_1_2;road_3_3_1_2;road_3_3_1_2;road_2_4_0_0;road_2_4_0_0;road_2_4_0_0;road_2_4_0_1;road_2_4_0_1;road_2_4_0_1;road_2_4_0_2;road_2_4_0_2;road_2_4_0_2,GGGGGGrrrGGGrrrrrrGGGGGGrrrGGGrrrrrr
480,intersection_4_1,road_4_2_3_0;road_4_2_3_0;road_4_2_3_0;road_4_2_3_1;road_4_2_3_1;road_4_2_3_1;road_4_2_3_2;road_4_2_3_2;road_4_2_3_2;road_5_1_2_0;road_5_1_2_0;road_5_1_2_0;road_5_1_2_1;road_5_1_2_1;road_5_1_2_1;road_5_1_2_2;road_5_1_2_2;road_5_1_2_2;road_4_0_1_0;road_4_0_1_0;road_4_0_1_0;road_4_0_1_1;road_4_0_1_1;road_4_0_1_1;road_4_0_1_2;road_4_0_1_2;road_4_0_1_2;road_3_1_0_0;road_3_1_0_0;road_3_1_0_0;road_3_1_0_1;road_3_1_0_1;road_3_1_0_1;road_3_1_0_2;road_3_1_0_2;road_3_1_0_2,GGGrrrrrrGGGGGGrrrGGGrrrrrrGGGGGGrrr
480,intersection_4_2,road_4_3_3_0;road_4_3_3_0;road_4_3_3_0;road_4_3_3_1;road_4_3_3_1;road_4_3_3_1;road_4_3_3_2;road_4_3_3_2;road_4_3_3_2;road_5_2_2_0;road_5_2_2_0;road_5_2_2_0;road_5_2_2_1;road_5_2_2_1;road_5_2_2_1;road_5_2_2_2;road_5_2_2_2;road_5_2_2_2;road_4_1_1_0;road_4_1_1_0;road_4_1_1_0;road_4_1_1_1;road_4_1_1_1;road_4_1_1_1;road_4_1_1_2;road_4_1_1_2;road_4_1_1_2;road_3_2_0_0;road_3_2_0_0;road_3_2_0_0;road_3_2_0_1;road_3_2_0_1;road_3_2_0_1;road_3_2_0_2;road_3_2_0_2;road_3_2_0_2,GGGrrrrrrGGGGGGrrrGGGrrrrrrGGGGGGrrr
480,intersection_4_3,road_4_4_3_0;road_4_4_3_0;road_4_4_3_0;road_4_4_3_1;road_4_4_3_1;road_4_4_3_1;road_4_4_3_2;road_4_4_3_2;road_4_4_3_2;road_5_3_2_0;road_5_3_2_0;road_5_3_2_0;road_5_3_2_1;road_5_3_2_1;road_5_3_2_1;road_5_3_2_2;road_5_3_2_2;road_5_3_2_2;road_4_2_1_0;road_4_2_1_0;road_4_2_1_0;road_4_2_1_1;road_4_2_1_1;road_4_2_1_1;road_4_2_1_2;road_4_2_1_2;road_4_2_1_2;road_3_3_0_0;road_3_3_0_0;road_3_3_0_0;road_3_3_0_1;road_3_3_0_1;road_3_3_0_1;road_3_3_0_2;road_3_3_0_2;road_3_3_0_2,GGGrrrrrrGGGGGGrrrGGGrrrrrrGGGGGGrrr
480,intersection_4_4,road_4_5_3_0;road_4_5_3_0;road_4_5_3_0;road_4_5_3_1;road_4_5_3_1;road_4_5_3_1;road_4_5_3_2;road_4_5_3_2;road_4_5_3_2;road_5_4_2_0;road_5_4_2_0;road_5_4_2_0;road_5_4_2_1;road_5_4_2_1;road_5_4_2_1;road_5_4_2_2;road_5_4_2_2;road_5_4_2_2;road_4_3_1_0;road_4_3_1_0;road_4_3_1_0;road_4_3_1_1;road_4_3_1_1;road_4_3_1_1;road_4_3_1_2;road_4_3_1_2;road_4_3_1_2;road_3_4_0_0;road_3_4_0_0;road_3_4_0_0;road_3_4_0_1;road_3_4_0_1;road_3_4_0_1;road_3_4_0_2;road_3_4_0_2;road_3_4_0_2,GGGrrrrrrGGGrrrrrrGGGGGGGGGGGGrrrrrr
490,intersection_1_1,road_1_2_3_0;road_1_2_3_0;road_1_2_3_0;road_1_2_3_1;road_1_2_3_1;road_1_2_3_1;road_1_2_3_2;road_1_2_3_2;road_1_2_3_2;road_2_1_2_0;road_2_1_2_0;road_2_1_2_0;road_2_1_2_1;road_2_1_2_1;road_2_1_2_1;road_2_1_2_2;road_2_1_2_2;road_2_1_2_2;road_1_0_1_0;road_1_0_1_0;road_1_0_1_0;road_1_0_1_1;road_1_0_1_1;road_1_0_1_1;road_1_0_1_2;road_1_0_1_2;road_1_0_1_2;road_0_1_0_0;road_0_1_0_0;road_0_1_0_0;road_0_1_0_1;road_0_1_0_1;road_0_1_0_1;road_0_1_0_2;road_0_1_0_2;road_0_1_0_2,GGGrrrrrrGGGrrrrrrGGGrrrrrrGGGGGGGGG
490,intersection_1_2,road_1_3_3_0;road_1_3_3_0;road_1_3_3_0;road_1_3_3_1;road_1_3_3_1;road_1_3_3_1;road_1_3_3_2;road_1_3_3_2;road_1_3_3_2;road_2_2_2_0;road_2_2_2_0;road_2_2_2_0;road_2_2_2_1;road_2_2_2_1;road_2_2_2_1;road_2_2_2_2;road_2_2_2_2;road_2_2_2_2;road_1_1_1_0;road_1_1_1_0;road_1_1_1_0;road_1_1_1_1;road_1_1_1_1;road_1_1_1_1;road_1_1_1_2;road_1_1_1_2;road_1_1_1_2;road_0_2_0_0;road_0_2_0_0;road_0_2_0_0;road_0_2_0_1;road_0_2_0_1;road_0_2_0_1;road_0_2_0_2;road_0_2_0_2;road_0_2_0_2,GGGGGGrrrGGGrrrrrrGGGGGGrrrGGGrrrrrr
490,intersection_1_3,road_1_4_3_0;road_1_4_3_0;road_1_4_3_0;road_1_4_3_1;road_1_4_3_1;road_1_4_3_1;road_1_4_3_2;road_1_4_3_2;road_1_4_3_2;road_2_3_2_0;road_2_3_2_0;road_2_3_2_0;road_2_3_2_1;road_2_3_2_1;road_2_3_2_1;road_2_3_2_2;road_2_3_2_2;road_2_3_2_2;road_1_2_1_0;road_1_2_1_0;road_1_2_1_0;road_1_2_1_1;road_1_2_1_1;road_1_2_1_1;road_1_2_1_2;road_1_2_1_2;road_1_2_1_2;road_0_3_0_0;road_0_3_0_0;road_0_3_0_0;road_0_3_0_1;road_0_3_0_1;road_0_3_0_1;road_0_3_0_2;road_0_3_0_2;road_0_3_0_2,GGGrrrrrrGGGGGGrrrGGGrrrrrrGGGGGGrrr
490,intersection_1_4,road_1_5_3_0;road_1_5_3_0;road_1_5_3_0;road_1_5_3_1;road_1_5_3_1;road_1_5_3_1;road_1_5_3_2;road_1_5_3_2;road_1_5_3_2;road_2_4_2_0;road_2_4_2_0;road_2_4_2_0;road_2_4_2_1;road_2_4_2_1;road_2_4_2_1;road_2_4_2_2;road_2_4_2_2;road_2_4_2_2;road_1_3_1_0;road_1_3_1_0;road_1_3_1_0;road_1_3_1_1;road_1_3_1_1;road_1_3_1_1;road_1_3_1_2;road_1_3_1_2;road_1_3_1_2;road_0_4_0_0;road_0_4_0_0;road_0_4_0_0;road_0_4_0_1;road_0_4_0_1;road_0_4_0_1;road_0_4_0_2;road_0_4_0_2;road_0_4_0_2,GGGGGGGGGGGGrrrrrrGGGrrrrrrGGGrrrrrr
490,intersection_2_1,road_2_2_3_0;road_2_2_3_0;road_2_2_3_0;road_2_2_3_1;road_2_2_3_1;road_2_2_3_1;road_2_2_3_2;road_2_2_3_2;road_2_2_3_2;road_3_1_2_0;road_3_1_2_0;road_3_1_2_0;road_3_1_2_1;road_3_1_2_1;road_3_1_2_1;road_3_1_2_2;road_3_1_2_2;road_3_1_2_2;road_2_0_1_0;road_2_0_1_0;road_2_0_1_0;road_2_0_1_1;road_2_0_1_1;road_2_0_1_1;road_2_0_1_2;road_2_0_1_2;road_2_0_1_2;road_1_1_0_0;road_1_1_0_0;road_1_1_0_0;road_1_1_0_1;road_1_1_0_1;road_1_1_0_1;road_1_1_0_2;road_1_1_0_2;road_1_1_0_2,GGGrrrrrrGGGGGGrrrGGGrrrrrrGGGGGGrrr
490,intersection_2_2,road_2_3_3_0;road_2_3_3_0;road_2_3_3_0;road_2_3_3_1;road_2_3_3_1;road_2_3_3_1;road_2_3_3_2;road_2_3_3_2;road_2_3_3_2;road_3_2_2_0;road_3_2_2_0;road_3_2_2_0;road_3_2_2_1;road_3_2_2_1;road_3_2_2_1;road_3_2_2_2;road_3_2_2_2;road_3_2_2_2;road_2_1_1_0;road_2_1_1_0;road_2_1_1_0;road_2_1_1_1;road_2_1_1_1;road_2_1_1_1;road_2_1_1_2;road_2_1_1_2;road_2_1_1_2;road_1_2_0_0;road_1_2_0_0;road_1_2_0_0;road_1_2_0_1;road_1_2_0_1;road_1_2_0_1;road_1_2_0_2;road_1_2_0_2;road_1_2_0_2,GGGrrrrrrGGGrrrrrrGGGrrrrrrGGGGGGGGG
490,intersection_2_3,road_2_4_3_0;road_2_4_3_0;road_2_4_3_0;road_2_4_3_1;road_2_4_3_1;road_2_4_3_1;road_2_4_3_2;road_2_4_3_2;road_2_4_3_2;road_3_3_2_0;road_3_3_2_0;road_3_3_2_0;road_3_3_2_1;road_3_3_2_1;road_3_3_2_1;road_3_3_2_2;road_3_3_2_2;road_3_3_2_2;road_2_2_1_0;road_2_2_1_0;road_2_2_1_0;road_2_2_1_1;road_2_2_1_1;road_2_2_1_1;road_2_2_1_2;road_2_2_1_2;road_2_2_1_2;road_1_3_0_0;road_1_3_0_0;road_1_3_0_0;road_1_3_0_1;road_1_3_0_1;road_1_3_0_1;road_1_3_0_2;road_1_3_0_2;road_1_3_0_2,GGGrrrrrrGGGGGGrrrGGGrrrrrrGGGGGGrrr
490,intersection_2_4,road_2_5_3_0;road_2_5_3_0;road_2_5_3_0;road_2_5_3_1;road_2_5_3_1;road_2_5_3_1;road_2_5_3_2;road_2_5_3_2;road_2_5_3_2;road_3_4_2_0;road_3_4_2_0;road_3_4_2_0;road_3_4_2_1;road_3_4_2_1;road_3_4_2_1;road_3_4_2_2;road_3_4_2_2;road_3_4_2_2;road_2_3_1_0;road_2_3_1_0;road_2_3_1_0;road_2_3_1_1;road_2_3_1_1;road_2_3_1_1;road_2_3_1_2;road_2_3_1_2;road_2_3_1_2;road_1_4_0_0;road_1_4_0_0;road_1_4_0_0;road_1_4_0_1;road_1_4_0_1;road_1_4_0_1;road_1_4_0_2;road_1_4_0_2;road_1_4_0_2,GGGrrrrrrGGGGGGrrrGGGrrrrrrGGGGGGrrr
490,intersection_3_1,road_3_2_3_0;road_3_2_3_0;road_3_2_3_0;road_3_2_3_1;road_3_2_3_1;road_3_2_3_1;road_3_2_3_2;road_3_2_3_2;road_3_2_3_2;road_4_1_2_0;road_4_1_2_0;road_4_1_2_0;road_4_1_2_1;road_4_1_2_1;road_4_1_2_1;road_4_1_2_2;road_4_1_2_2;road_4_1_2_2;road_3_0_1_0;road_3_0_1_0;road_3_0_1_0;road_3_0_1_1;road_3_0_1_1;road_3_0_1_1;road_3_0_1_2;road_3_0_1_2;road_3_0_1_2;road_2_1_0_0;road_2_1_0_0;road_2_1_0_0;road_2_1_0_1;road_2_1_0_1;road_2_1_0_1;road_2_1_0_2;road_2_1_0_2;road_2_1_0_2,GGGrrrrrrGGGrrrrrrGGGrrrrrrGGGGGGGGG
490,intersection_3_2,road_3_3_3_0;road_3_3_3_0;road_3_3_3_0;road_3_3_3_1;road_3_3_3_1;road_3_3_3_1;road_3_3_3_2;road_3_3_3_2;road_3_3_3_2;road_4_2_2_0;road_4_2_2_0;road_4_2_2_0;road_4_2_2_1;road_4_2_2_1;road_4_2_2_1;road_4_2_2_2;road_4_2_2_2;road_4_2_2_2;road_3_1_1_0;road_3_1_1_0;road_3_1_1_0;road_3_1_1_1;road_3_1_1_1;road_3_1_1_1;road_3_1_1_2;road_3_1_1_2;road_3_1_1_2;road_2_2_0_0;road_2_2_0_0;road_2_2_0_0;road_2_2_0_1;road_2_2_0_1;road_2_2_0_1;road_2_2_0_2;road_2_2_0_2;road_2_2_0_2,GGGrrrrrrGGGrrrrrrGGGrrrrrrGGGGGGGGG
490,intersection_3_3,road_3_4_3_0;road_3_4_3_0;road_3_4_3_0;road_3_4_3_1;road_3_4_3_1;road_3_4_3_1;road_3_4_3_2;road_3_4_3_2;road_3_4_3_2;road_4_3_2_0;road_4_3_2_0;road_4_3_2_0;road_4_3_2_1;road_4_3_2_1;road_4_3_2_1;road_4_3_2_2;road_4_3_2_2;road_4_3_2_2;road_3_2_1_0;road_3_2_1_0;road_3_2_1_0;road_3_2_1_1;road_3_2_1_1;road_3_2_1_1;road_3_2_1_2;road_3_2_1_2;road_3_2_1_2;road_2_3_0_0;road_2_3_0_0;road_2_3_0_0;road_2_3_0_1;road_2_3_0_1;road_2_3_0_1;road_2_3_0_2;road_2_3_0_2;road_2_3_0_2,GGGrrrrrrGGGGGGGGGGGGrrrrrrGGGrrrrrr
490,intersection_3_4,road_3_5_3_0;road_3_5_3_0;road_3_5_3_0;road_3_5_3_1;road_3_5_3_1;road_3_5_3_1;road_3_5_3_2;road_3_5_3_2;road_3_5_3_2;road_4_4_2_0;road_4_4_2_0;road_4_4_2_0;road_4_4_2_1;road_4_4_2_1;road_4_4_2_1;road_4_4_2_2;road_4_4_2_2;road_4_4_2_2;road_3_3_1_0;road_3_3_1_0;road_3_3_1_0;road_3_3_1_1;road_3_3_1_1;road_3_3_1_1;road_3_3_1_2;road_3_3_1_2;road_3_3_1_2;road_2_4_0_0;road_2_4_0_0;road_2_4_0_0;road_2_4_0_1;road_2_4_0_1;road_2_4_0_1;road_2_4_0_2;road_2_4_0_2;road_2_4_0_2,GGGGGGrrrGGGrrrrrrGGGGGGrrrGGGrrrrrr
490,intersection_4_1,road_4_2_3_0;road_4_2_3_0;road_4_2_3_0;road_4_2_3_1;road_4_2_3_1;road_4_2_3_1;road_4_2_3_2;road_4_2_3_2;road_4_2_3_2;road_5_1_2_0;road_5_1_2_0;road_5_1_2_0;road_5_1_2_1;road_5_1_2_1;road_5_1_2_1;road_5_1_2_2;road_5_1_2_2;road_5_1_2_2;road_4_0_1_0;road_4_0_1_0;road_4_0_1_0;road_4_0_1_1;road_4_0_1_1;road_4_0_1_1;road_4_0_1_2;road_4_0_1_2;road_4_0_1_2;road_3_1_0_0;road_3_1_0_0;road_3_1_0_0;road_3_1_0_1;road_3_1_0_1;road_3_1_0_1;road_3_1_0_2;road_3_1_0_2;road_3_1_0_2,GGGrrrrrrGGGGGGrrrGGGrrrrrrGGGGGGrrr
490,intersection_4_2,road_4_3_3_0;road_4_3_3_0;road_4_3_3_0;road_4_3_3_1;road_4_3_3_1;road_4_3_3_1;road_4_3_3_2;road_4_3_3_2;road_4_3_3_2;road_5_2_2_0;road_5_2_2_0;road_5_2_2_0;road_5_2_2_1;road_5_2_2_1;road_5_2_2_1;road_5_2_2_2;road_5_2_2_2;road_5_2_2_2;road_4_1_1_0;road_4_1_1_0;road_4_1_1_0;road_4_1_1_1;road_4_1_1_1;road_4_1_1_1;road_4_1_1_2;road_4_1_1_2;road_4_1_1_2;road_3_2_0_0;road_3_2_0_0;road_3_2_0_0;road_3_2_0_1;road_3_2_0_1;road_3_2_0_1;road_3_2_0_2;road_3_2_0_2;road_3_2_0_2,GGGrrrrrrGGGGGGrrrGGGrrrrrrGGGGGGrrr
490,intersection_4_3,road_4_4_3_0;road_4_4_3_0;road_4_4_3_0;road_4_4_3_1;road_4_4_3_1;road_4_4_3_1;road_4_4_3_2;road_4_4_3_2;road_4_4_3_2;road_5_3_2_0;road_5_3_2_0;road_5_3_2_0;road_5_3_2_1;road_5_3_2_1;road_5_3_2_1;road_5_3_2_2;road_5_3_2_2;road_5_3_2_2;road_4_2_1_0;road_4_2_1_0;road_4_2_1_0;road_4_2_1_1;road_4_2_1_1;road_4_2_1_1;road_4_2_1_2;road_4_2_1_2;road_4_2_1_2;road_3_3_0_0;road_3_3_0_0;road_3_3_0_0;road_3_3_0_1;road_3_3_0_1;road_3_3_0_1;road_3_3_0_2;road_3_3_0_2;road_3_3_0_2,GGGrrrrrrGGGGGGrrrGGGrrrrrrGGGGGGrrr
490,intersection_4_4,road_4_5_3_0;road_4_5_3_0;road_4_5_3_0;road_4_5_3_1;road_4_5_3_1;road_4_5_3_1;road_4_5_3_2;road_4_5_3_2;road_4_5_3_2;road_5_4_2_0;road_5_4_2_0;road_5_4_2_0;road_5_4_2_1;road_5_4_2_1;road_5_4_2_1;road_5_4_2_2;road_5_4_2_2;road_5_4_2_2;road_4_3_1_0;road_4_3_1_0;road_4_3_1_0;road_4_3_1_1;road_4_3_1_1;road_4_3_1_1;road_4_3_1_2;road_4_3_1_2;road_4_3_1_2;road_3_4_0_0;road_3_4_0_0;road_3_4_0_0;road_3_4_0_1;road_3_4_0_1;road_3_4_0_1;road_3_4_0_2;road_3_4_0_2;road_3_4_0_2,GGGrrrrrrGGGrrrrrrGGGGGGGGGGGGrrrrrr
500,intersection_1_1,road_1_2_3_0;road_1_2_3_0;road_1_2_3_0;road_1_2_3_1;road_1_2_3_1;road_1_2_3_1;road_1_2_3_2;road_1_2_3_2;road_1_2_3_2;road_2_1_2_0;road_2_1_2_0;road_2_1_2_0;road_2_1_2_1;road_2_1_2_1;road_2_1_2_1;road_2_1_2_2;road_2_1_2_2;road_2_1_2_2;road_1_0_1_0;road_1_0_1_0;road_1_0_1_0;road_1_0_1_1;road_1_0_1_1;road_1_0_1_1;road_1_0_1_2;road_1_0_1_2;road_1_0_1_2;road_0_1_0_0;road_0_1_0_0;road_0_1_0_0;road_0_1_0_1;road_0_1_0_1;road_0_1_0_1;road_0_1_0_2;road_0_1_0_2;road_0_1_0_2,GGGrrrrrrGGGrrrrrrGGGrrrrrrGGGGGGGGG
500,intersection_1_2,road_1_3_3_0;road_1_3_3_0;road_1_3_3_0;road_1_3_3_1;road_1_3_3_1;road_1_3_3_1;road_1_3_3_2;road_1_3_3_2;road_1_3_3_2;road_2_2_2_0;road_2_2_2_0;road_2_2_2_0;road_2_2_2_1;road_2_2_2_1;road_2_2_2_1;road_2_2_2_2;road_2_2_2_2;road_2_2_2_2;road_1_1_1_0;road_1_1_1_0;road_1_1_1_0;road_1_1_1_1;road_1_1_1_1;road_1_1_1_1;road_1_1_1_2;road_1_1_1_2;road_1_1_1_2;road_0_2_0_0;road_0_2_0_0;road_0_2_0_0;road_0_2_0_1;road_0_2_0_1;road_0_2_0_1;road_0_2_0_2;road_0_2_0_2;road_0_2_0_2,GGGGGGrrrGGGrrrrrrGGGGGGrrrGGGrrrrrr
500,intersection_1_3,road_1_4_3_0;road_1_4_3_0;road_1_4_3_0;road_1_4_3_1;road_1_4_3_1;road_1_4_3_1;road_1_4_3_2;road_1_4_3_2;road_1_4_3_2;road_2_3_2_0;road_2_3_2_0;road_2_3_2_0;road_2_3_2_1;road_2_3_2_1;road_2_3_2_1;road_2_3_2_2;road_2_3_2_2;road_2_3_2_2;road_1_2_1_0;road_1_2_1_0;road_1_2_1_0;road_1_2_1_1;road_1_2_1_1;road_1_2_1_1;road_1_2_1_2;road_1_2_1_2;road_1_2_1_2;road_0_3_0_0;road_0_3_0_0;road_0_3_0_0;road_0_3_0_1;road_0_3_0_1;road_0_3_0_1;road_0_3_0_2;road_0_3_0_2;road_0_3_0_2,GGGrrrrrrGGGGGGrrrGGGrrrrrrGGGGGGrrr
500,intersection_1_4,road_1_5_3_0;road_1_5_3_0;road_1_5_3_0;road_1_5_3_1;road_1_5_3_1;road_1_5_3_1;road_1_5_3_2;road_1_5_3_2;road_1_5_3_2;road_2_4_2_0;road_2_4_2_0;road_2_4_2_0;road_2_4_2_1;road_2_4_2_1;road_2_4_2_1;road_2_4_2_2;road_2_4_2_2;road_2_4_2_2;road_1_3_1_0;road_1_3_1_0;road_1_3_1_0;road_1_3_1_1;road_1_3_1_1;road_1_3_1_1;road_1_3_1_2;road_1_3_1_2;road_1_3_1_2;road_0_4_0_0;road_0_4_0_0;road_0_4_0_0;road_0_4_0_1;road_0_4_0_1;road_0_4_0_1;road_0_4_0_2;road_0_4_0_2;road_0_4_0_2,GGGGGGGGGGGGrrrrrrGGGrrrrrrGGGrrrrrr
500,intersection_2_1,road_2_2_3_0;road_2_2_3_0;road_2_2_3_0;road_2_2_3_1;road_2_2_3_1;road_2_2_3_1;road_2_2_3_2;road_2_2_3_2;road_2_2_3_2;road_3_1_2_0;road_3_1_2_0;road_3_1_2_0;road_3_1_2_1;road_3_1_2_1;road_3_1_2_1;road_3_1_2_2;road_3_1_2_2;road_3_1_2_2;road_2_0_1_0;road_2_0_1_0;road_2_0_1_0;road_2_0_1_1;road_2_0_1_1;road_2_0_1_1;road_2_0_1_2;road_2_0_1_2;road_2_0_1_2;road_1_1_0_0;road_1_1_0_0;road_1_1_0_0;road_1_1_0_1;road_1_1_0_1;road_1_1_0_1;road_1_1_0_2;road_1_1_0_2;road_1_1_0_2,GGGrrrrrrGGGGGGrrrGGGrrrrrrGGGGGGrrr
500,intersection_2_2,road_2_3_3_0;road_2_3_3_0;road_2_3_3_0;road_2_3_3_1;road_2_3_3_1;road_2_3_3_1;road_2_3_3_2;road_2_3_3_2;road_2_3_3_2;road_3_2_2_0;road_3_2_2_0;road_3_2_2_0;road_3_2_2_1;road_3_2_2_1;road_3_2_2_1;road_3_2_2_2;road_3_2_2_2;road_3_2_2_2;road_2_1_1_0;road_2_1_1_0;road_2_1_1_0;road_2_1_1_1;road_2_1_1_1;road_2_1_1_1;road_2_1_1_2;road_2_1_1_2;road_2_1_1_2;road_1_2_0_0;road_1_2_0_0;road_1_2_0_0;road_1_2_0_1;road_1_2_0_1;road_1_2_0_1;road_1_2_0_2;road_1_2_0_2;road_1_2_0_2,GGGrrrrrrGGGrrrrrrGGGrrrrrrGGGGGGGGG
500,intersection_2_3,road_2_4_3_0;road_2_4_3_0;road_2_4_3_0;road_2_4_3_1;road_2_4_3_1;road_2_4_3_1;road_2_4_3_2;road_2_4_3_2;road_2_4_3_2;road_3_3_2_0;road_3_3_2_0;road_3_3_2_0;road_3_3_2_1;road_3_3_2_1;road_3_3_2_1;road_3_3_2_2;road_3_3_2_2;road_3_3_2_2;road_2_2_1_0;road_2_2_1_0;road_2_2_1_0;road_2_2_1_1;road_2_2_1_1;road_2_2_1_1;road_2_2_1_2;road_2_2_1_2;road_2_2_1_2;road_1_3_0_0;road_1_3_0_0;road_1_3_0_0;road_1_3_0_1;road_1_3_0_1;road_1_3_0_1;road_1_3_0_2;road_1_3_0_2;road_1_3_0_2,GGGrrrrrrGGGGGGrrrGGGrrrrrrGGGGGGrrr
500,intersection_2_4,road_2_5_3_0;road_2_5_3_0;road_2_5_3_0;road_2_5_3_1;road_2_5_3_1;road_2_5_3_1;road_2_5_3_2;road_2_5_3_2;road_2_5_3_2;road_3_4_2_0;road_3_4_2_0;road_3_4_2_0;road_3_4_2_1;road_3_4_2_1;road_3_4_2_1;road_3_4_2_2;road_3_4_2_2;road_3_4_2_2;road_2_3_1_0;road_2_3_1_0;road_2_3_1_0;road_2_3_1_1;road_2_3_1_1;road_2_3_1_1;road_2_3_1_2;road_2_3_1_2;road_2_3_1_2;road_1_4_0_0;road_1_4_0_0;road_1_4_0_0;road_1_4_0_1;road_1_4_0_1;road_1_4_0_1;road_1_4_0_2;road_1_4_0_2;road_1_4_0_2,GGGrrrrrrGGGGGGrrrGGGrrrrrrGGGGGGrrr
500,intersection_3_1,road_3_2_3_0;road_3_2_3_0;road_3_2_3_0;road_3_2_3_1;road_3_2_3_1;road_3_2_3_1;road_3_2_3_2;road_3_2_3_2;road_3_2_3_2;road_4_1_2_0;road_4_1_2_0;road_4_1_2_0;road_4_1_2_1;road_4_1_2_1;road_4_1_2_1;road_4_1_2_2;road_4_1_2_2;road_4_1_2_2;road_3_0_1_0;road_3_0_1_0;road_3_0_1_0;road_3_0_1_1;road_3_0_1_1;road_3_0_1_1;road_3_0_1_2;road_3_0_1_2;road_3_0_1_2;road_2_1_0_0;road_2_1_0_0;road_2_1_0_0;road_2_1_0_1;road_2_1_0_1;road_2_1_0_1;road_2_1_0_2;road_2_1_0_2;road_2_1_0_2,GGGrrrrrrGGGGGGrrrGGGrrrrrrGGGGGGrrr
500,intersection_3_2,road_3_3_3_0;road_3_3_3_0;road_3_3_3_0;road_3_3_3_1;road_3_3_3_1;road_3_3_3_1;road_3_3_3_2;road_3_3_3_2;road_3_3_3_2;road_4_2_2_0;road_4_2_2_0;road_4_2_2_0;road_4_2_2_1;road_4_2_2_1;road_4_2_2_1;road_4_2_2_2;road_4_2_2_2;road_4_2_2_2;road_3_1_1_0;road_3_1_1_0;road_3_1_1_0;road_3_1_1_1;road_3_1_1_1;road_3_1_1_1;road_3_1_1_2;road_3_1_1_2;road_3_1_1_2;road_2_2_0_0;road_2_2_0_0;road_2_2_0_0;road_2_2_0_1;road_2_2_0_1;road_2_2_0_1;road_2_2_0_2;road_2_2_0_2;road_2_2_0_2,GGGrrrrrrGGGrrrrrrGGGrrrrrrGGGGGGGGG
500,intersection_3_3,road_3_4_3_0;road_3_4_3_0;road_3_4_3_0;road_3_4_3_1;road_3_4_3_1;road_3_4_3_1;road_3_4_3_2;road_3_4_3_2;road_3_4_3_2;road_4_3_2_0;road_4_3_2_0;road_4_3_2_0;road_4_3_2_1;road_4_3_2_1;road_4_3_2_1;road_4_3_2_2;road_4_3_2_2;road_4_3_2_2;road_3_2_1_0;road_3_2_1_0;road_3_2_1_0;road_3_2_1_1;road_3_2_1_1;road_3_2_1_1;road_3_2_1_2;road_3_2_1_2;road_3_2_1_2;road_2_3_0_0;road_2_3_0_0;road_2_3_0_0;road_2_3_0_1;road_2_3_0_1;road_2_3_0_1;road_2_3_0_2;road_2_3_0_2;road_2_3_0_2,GGGrrrrrrGGGGGGGGGGGGrrrrrrGGGrrrrrr
500,intersection_3_4,road_3_5_3_0;road_3_5_3_0;road_3_5_3_0;road_3_5_3_1;road_3_5_3_1;road_3_5_3_1;road_3_5_3_2;road_3_5_3_2;road_3_5_3_2;road_4_4_2_0;road_4_4_2_0;road_4_4_2_0;road_4_4_2_1;road_4_4_2_1;road_4_4_2_1;road_4_4_2_2;road_4_4_2_2;road_4_4_2_2;road_3_3_1_0;road_3_3_1_0;road_3_3_1_0;road_3_3_1_1;road_3_3_1_1;road_3_3_1_1;road_3_3_1_2;road_3_3_1_2;road_3_3_1_2;road_2_4_0_0;road_2_4_0_0;road_2_4_0_0;road_2_4_0_1;road_2_4_0_1;road_2_4_0_1;road_2_4_0_2;road_2_4_0_2;road_2_4_0_2,GGGGGGrrrGGGrrrrrrGGGGGGrrrGGGrrrrrr
500,intersection_4_1,road_4_2_3_0;road_4_2_3_0;road_4_2_3_0;road_4_2_3_1;road_4_2_3_1;road_4_2_3_1;road_4_2_3_2;road_4_2_3_2;road_4_2_3_2;road_5_1_2_0;road_5_1_2_0;road_5_1_2_0;road_5_1_2_1;road_5_1_2_1;road_5_1_2_1;road_5_1_2_2;road_5_1_2_2;road_5_1_2_2;road_4_0_1_0;road_4_0_1_0;road_4_0_1_0;road_4_0_1_1;road_4_0_1_1;road_4_0_1_1;road_4_0_1_2;road_4_0_1_2;road_4_0_1_2;road_3_1_0_0;road_3_1_0_0;road_3_1_0_0;road_3_1_0_1;road_3_1_0_1;road_3_1_0_1;road_3_1_0_2;road_3_1_0_2;road_3_1_0_2,GGGrrrrrrGGGGGGrrrGGGrrrrrrGGGGGGrrr
500,intersection_4_2,road_4_3_3_0;road_4_3_3_0;road_4_3_3_0;road_4_3_3_1;road_4_3_3_1;road_4_3_3_1;road_4_3_3_2;road_4_3_3_2;road_4_3_3_2;road_5_2_2_0;road_5_2_2_0;road_5_2_2_0;road_5_2_2_1;road_5_2_2_1;road_5_2_2_1;road_5_2_2_2;road_5_2_2_2;road_5_2_2_2;road_4_1_1_0;road_4_1_1_0;road_4_1_1_0;road_4_1_1_1;road_4_1_1_1;road_4_1_1_1;road_4_1_1_2;road_4_1_1_2;road_4_1_1_2;road_3_2_0_0;road_3_2_0_0;road_3_2_0_0;road_3_2_0_1;road_3_2_0_1;road_3_2_0_1;road_3_2_0_2;road_3_2_0_2;road_3_2_0_2,GGGrrrrrrGGGGGGrrrGGGrrrrrrGGGGGGrrr
500,intersection_4_3,road_4_4_3_0;road_4_4_3_0;road_4_4_3_0;road_4_4_3_1;road_4_4_3_1;road_4_4_3_1;road_4_4_3_2;road_4_4_3_2;road_4_4_3_2;road_5_3_2_0;road_5_3_2_0;road_5_3_2_0;road_5_3_2_1;road_5_3_2_1;road_5_3_2_1;road_5_3_2_2;road_5_3_2_2;road_5_3_2_2;road_4_2_1_0;road_4_2_1_0;road_4_2_1_0;road_4_2_1_1;road_4_2_1_1;road_4_2_1_1;road_4_2_1_2;road_4_2_1_2;road_4_2_1_2;road_3_3_0_0;road_3_3_0_0;road_3_3_0_0;road_3_3_0_1;road_3_3_0_1;road_3_3_0_1;road_3_3_0_2;road_3_3_0_2;road_3_3_0_2,GGGrrrrrrGGGGGGrrrGGGrrrrrrGGGGGGrrr
500,intersection_4_4,road_4_5_3_0;road_4_5_3_0;road_4_5_3_0;road_4_5_3_1;road_4_5_3_1;road_4_5_3_1;road_4_5_3_2;road_4_5_3_2;road_4_5_3_2;road_5_4_2_0;road_5_4_2_0;road_5_4_2_0;road_5_4_2_1;road_5_4_2_1;road_5_4_2_1;road_5_4_2_2;road_5_4_2_2;road_5_4_2_2;road_4_3_1_0;road_4_3_1_0;road_4_3_1_0;road_4_3_1_1;road_4_3_1_1;road_4_3_1_1;road_4_3_1_2;road_4_3_1_2;road_4_3_1_2;road_3_4_0_0;road_3_4_0_0;road_3_4_0_0;road_3_4_0_1;road_3_4_0_1;road_3_4_0_1;road_3_4_0_2;road_3_4_0_2;road_3_4_0_2,GGGrrrrrrGGGrrrrrrGGGGGGGGGGGGrrrrrr
510,intersection_1_1,road_1_2_3_0;road_1_2_3_0;road_1_2_3_0;road_1_2_3_1;road_1_2_3_1;road_1_2_3_1;road_1_2_3_2;road_1_2_3_2;road_1_2_3_2;road_2_1_2_0;road_2_1_2_0;road_2_1_2_0;road_2_1_2_1;road_2_1_2_1;road_2_1_2_1;road_2_1_2_2;road_2_1_2_2;road_2_1_2_2;road_1_0_1_0;road_1_0_1_0;road_1_0_1_0;road_1_0_1_1;road_1_0_1_1;road_1_0_1_1;road_1_0_1_2;road_1_0_1_2;road_1_0_1_2;road_0_1_0_0;road_0_1_0_0;road_0_1_0_0;road_0_1_0_1;road_0_1_0_1;road_0_1_0_1;road_0_1_0_2;road_0_1_0_2;road_0_1_0_2,GGGrrrrrrGGGrrrrrrGGGrrrrrrGGGGGGGGG
510,intersection_1_2,road_1_3_3_0;road_1_3_3_0;road_1_3_3_0;road_1_3_3_1;road_1_3_3_1;road_1_3_3_1;road_1_3_3_2;road_1_3_3_2;road_1_3_3_2;road_2_2_2_0;road_2_2_2_0;road_2_2_2_0;road_2_2_2_1;road_2_2_2_1;road_2_2_2_1;road_2_2_2_2;road_2_2_2_2;road_2_2_2_2;road_1_1_1_0;road_1_1_1_0;road_1_1_1_0;road_1_1_1_1;road_1_1_1_1;road_1_1_1_1;road_1_1_1_2;road_1_1_1_2;road_1_1_1_2;road_0_2_0_0;road_0_2_0_0;road_0_2_0_0;road_0_2_0_1;road_0_2_0_1;road_0_2_0_1;road_0_2_0_2;road_0_2_0_2;road_0_2_0_2,GGGGGGrrrGGGrrrrrrGGGGGGrrrGGGrrrrrr
510,intersection_1_3,road_1_4_3_0;road_1_4_3_0;road_1_4_3_0;road_1_4_3_1;road_1_4_3_1;road_1_4_3_1;road_1_4_3_2;road_1_4_3_2;road_1_4_3_2;road_2_3_2_0;road_2_3_2_0;road_2_3_2_0;road_2_3_2_1;road_2_3_2_1;road_2_3_2_1;road_2_3_2_2;road_2_3_2_2;road_2_3_2_2;road_1_2_1_0;road_1_2_1_0;road_1_2_1_0;road_1_2_1_1;road_1_2_1_1;road_1_2_1_1;road_1_2_1_2;road_1_2_1_2;road_1_2_1_2;road_0_3_0_0;road_0_3_0_0;road_0_3_0_0;road_0_3_0_1;road_0_3_0_1;road_0_3_0_1;road_0_3_0_2;road_0_3_0_2;road_0_3_0_2,GGGrrrrrrGGGGGGrrrGGGrrrrrrGGGGGGrrr
510,intersection_1_4,road_1_5_3_0;road_1_5_3_0;road_1_5_3_0;road_1_5_3_1;road_1_5_3_1;road_1_5_3_1;road_1_5_3_2;road_1_5_3_2;road_1_5_3_2;road_2_4_2_0;road_2_4_2_0;road_2_4_2_0;road_2_4_2_1;road_2_4_2_1;road_2_4_2_1;road_2_4_2_2;road_2_4_2_2;road_2_4_2_2;road_1_3_1_0;road_1_3_1_0;road_1_3_1_0;road_1_3_1_1;road_1_3_1_1;road_1_3_1_1;road_1_3_1_2;road_1_3_1_2;road_1_3_1_2;road_0_4_0_0;road_0_4_0_0;road_0_4_0_0;road_0_4_0_1;road_0_4_0_1;road_0_4_0_1;road_0_4_0_2;road_0_4_0_2;road_0_4_0_2,GGGGGGGGGGGGrrrrrrGGGrrrrrrGGGrrrrrr
510,intersection_2_1,road_2_2_3_0;road_2_2_3_0;road_2_2_3_0;road_2_2_3_1;road_2_2_3_1;road_2_2_3_1;road_2_2_3_2;road_2_2_3_2;road_2_2_3_2;road_3_1_2_0;road_3_1_2_0;road_3_1_2_0;road_3_1_2_1;road_3_1_2_1;road_3_1_2_1;road_3_1_2_2;road_3_1_2_2;road_3_1_2_2;road_2_0_1_0;road_2_0_1_0;road_2_0_1_0;road_2_0_1_1;road_2_0_1_1;road_2_0_1_1;road_2_0_1_2;road_2_0_1_2;road_2_0_1_2;road_1_1_0_0;road_1_1_0_0;road_1_1_0_0;road_1_1_0_1;road_1_1_0_1;road_1_1_0_1;road_1_1_0_2;road_1_1_0_2;road_1_1_0_2,GGGrrrrrrGGGrrrrrrGGGrrrrrrGGGGGGGGG
510,intersection_2_2,road_2_3_3_0;road_2_3_3_0;road_2_3_3_0;road_2_3_3_1;road_2_3_3_1;road_2_3_3_1;road_2_3_3_2;road_2_3_3_2;road_2_3_3_2;road_3_2_2_0;road_3_2_2_0;road_3_2_2_0;road_3_2_2_1;road_3_2_2_1;road_3_2_2_1;road_3_2_2_2;road_3_2_2_2;road_3_2_2_2;road_2_1_1_0;road_2_1_1_0;road_2_1_1_0;road_2_1_1_1;road_2_1_1_1;road_2_1_1_1;road_2_1_1_2;road_2_1_1_2;road_2_1_1_2;road_1_2_0_0;road_1_2_0_0;road_1_2_0_0;road_1_2_0_1;road_1_2_0_1;road_1_2_0_1;road_1_2_0_2;road_1_2_0_2;road_1_2_0_2,GGGrrrrrrGGGrrrrrrGGGrrrrrrGGGGGGGGG
510,intersection_2_3,road_2_4_3_0;road_2_4_3_0;road_2_4_3_0;road_2_4_3_1;road_2_4_3_1;road_2_4_3_1;road_2_4_3_2;road_2_4_3_2;road_2_4_3_2;road_3_3_2_0;road_3_3_2_0;road_3_3_2_0;road_3_3_2_1;road_3_3_2_1;road_3_3_2_1;road_3_3_2_2;road_3_3_2_2;road_3_3_2_2;road_2_2_1_0;road_2_2_1_0;road_2_2_1_0;road_2_2_1_1;road_2_2_1_1;road_2_2_1_1;road_2_2_1_2;road_2_2_1_2;road_2_2_1_2;road_1_3_0_0;road_1_3_0_0;road_1_3_0_0;road_1_3_0_1;road_1_3_0_1;road_1_3_0_1;road_1_3_0_2;road_1_3_0_2;road_1_3_0_2,GGGrrrrrrGGGGGGrrrGGGrrrrrrGGGGGGrrr
510,intersection_2_4,road_2_5_3_0;road_2_5_3_0;road_2_5_3_0;road_2_5_3_1;road_2_5_3_1;road_2_5_3_1;road_2_5_3_2;road_2_5_3_2;road_2_5_3_2;road_3_4_2_0;road_3_4_2_0;road_3_4_2_0;road_3_4_2_1;road_3_4_2_1;road_3_4_2_1;road_3_4_2_2;road_3_4_2_2;road_3_4_2_2;road_2_3_1_0;road_2_3_1_0;road_2_3_1_0;road_2_3_1_1;road_2_3_1_1;road_2_3_1_1;road_2_3_1_2;road_2_3_1_2;road_2_3_1_2;road_1_4_0_0;road_1_4_0_0;road_1_4_0_0;road_1_4_0_1;road_1_4_0_1;road_1_4_0_1;road_1_4_0_2;road_1_4_0_2;road_1_4_0_2,GGGrrrrrrGGGGGGrrrGGGrrrrrrGGGGGGrrr
510,intersection_3_1,road_3_2_3_0;road_3_2_3_0;road_3_2_3_0;road_3_2_3_1;road_3_2_3_1;road_3_2_3_1;road_3_2_3_2;road_3_2_3_2;road_3_2_3_2;road_4_1_2_0;road_4_1_2_0;road_4_1_2_0;road_4_1_2_1;road_4_1_2_1;road_4_1_2_1;road_4_1_2_2;road_4_1_2_2;road_4_1_2_2;road_3_0_1_0;road_3_0_1_0;road_3_0_1_0;road_3_0_1_1;road_3_0_1_1;road_3_0_1_1;road_3_0_1_2;road_3_0_1_2;road_3_0_1_2;road_2_1_0_0;road_2_1_0_0;road_2_1_0_0;road_2_1_0_1;road_2_1_0_1;road_2_1_0_1;road_2_1_0_2;road_2_1_0_2;road_2_1_0_2,GGGrrrrrrGGGGGGrrrGGGrrrrrrGGGGGGrrr
510,intersection_3_2,road_3_3_3_0;road_3_3_3_0;road_3_3_3_0;road_3_3_3_1;road_3_3_3_1;road_3_3_3_1;road_3_3_3_2;road_3_3_3_2;road_3_3_3_2;road_4_2_2_0;road_4_2_2_0;road_4_2_2_0;road_4_2_2_1;road_4_2_2_1;road_4_2_2_1;road_4_2_2_2;road_4_2_2_2;road_4_2_2_2;road_3_1_1_0;road_3_1_1_0;road_3_1_1_0;road_3_1_1_1;road_3_1_1_1;road_3_1_1_1;road_3_1_1_2;road_3_1_1_2;road_3_1_1_2;road_2_2_0_0;road_2_2_0_0;road_2_2_0_0;road_2_2_0_1;road_2_2_0_1;road_2_2_0_1;road_2_2_0_2;road_2_2_0_2;road_2_2_0_2,GGGrrrrrrGGGrrrrrrGGGrrrrrrGGGGGGGGG
510,intersection_3_3,road_3_4_3_0;road_3_4_3_0;road_3_4_3_0;road_3_4_3_1;road_3_4_3_1;road_3_4_3_1;road_3_4_3_2;road_3_4_3_2;road_3_4_3_2;road_4_3_2_0;road_4_3_2_0;road_4_3_2_0;road_4_3_2_1;road_4_3_2_1;road_4_3_2_1;road_4_3_2_2;road_4_3_2_2;road_4_3_2_2;road_3_2_1_0;road_3_2_1_0;road_3_2_1_0;road_3_2_1_1;road_3_2_1_1;road_3_2_1_1;road_3_2_1_2;road_3_2_1_2;road_3_2_1_2;road_2_3_0_0;road_2_3_0_0;road_2_3_0_0;road_2_3_0_1;road_2_3_0_1;road_2_3_0_1;road_2_3_0_2;road_2_3_0_2;road_2_3_0_2,GGGrrrrrrGGGGGGGGGGGGrrrrrrGGGrrrrrr
510,intersection_3_4,road_3_5_3_0;road_3_5_3_0;road_3_5_3_0;road_3_5_3_1;road_3_5_3_1;road_3_5_3_1;road_3_5_3_2;road_3_5_3_2;road_3_5_3_2;road_4_4_2_0;road_4_4_2_0;road_4_4_2_0;road_4_4_2_1;road_4_4_2_1;road_4_4_2_1;road_4_4_2_2;road_4_4_2_2;road_4_4_2_2;road_3_3_1_0;road_3_3_1_0;road_3_3_1_0;road_3_3_1_1;road_3_3_1_1;road_3_3_1_1;road_3_3_1_2;road_3_3_1_2;road_3_3_1_2;road_2_4_0_0;road_2_4_0_0;road_2_4_0_0;road_2_4_0_1;road_2_4_0_1;road_2_4_0_1;road_2_4_0_2;road_2_4_0_2;road_2_4_0_2,GGGGGGrrrGGGrrrrrrGGGGGGrrrGGGrrrrrr
510,intersection_4_1,road_4_2_3_0;road_4_2_3_0;road_4_2_3_0;road_4_2_3_1;road_4_2_3_1;road_4_2_3_1;road_4_2_3_2;road_4_2_3_2;road_4_2_3_2;road_5_1_2_0;road_5_1_2_0;road_5_1_2_0;road_5_1_2_1;road_5_1_2_1;road_5_1_2_1;road_5_1_2_2;road_5_1_2_2;road_5_1_2_2;road_4_0_1_0;road_4_0_1_0;road_4_0_1_0;road_4_0_1_1;road_4_0_1_1;road_4_0_1_1;road_4_0_1_2;road_4_0_1_2;road_4_0_1_2;road_3_1_0_0;road_3_1_0_0;road_3_1_0_0;road_3_1_0_1;road_3_1_0_1;road_3_1_0_1;road_3_1_0_2;road_3_1_0_2;road_3_1_0_2,GGGrrrrrrGGGGGGrrrGGGrrrrrrGGGGGGrrr
510,intersection_4_2,road_4_3_3_0;road_4_3_3_0;road_4_3_3_0;road_4_3_3_1;road_4_3_3_1;road_4_3_3_1;road_4_3_3_2;road_4_3_3_2;road_4_3_3_2;road_5_2_2_0;road_5_2_2_0;road_5_2_2_0;road_5_2_2_1;road_5_2_2_1;road_5_2_2_1;road_5_2_2_2;road_5_2_2_2;road_5_2_2_2;road_4_1_1_0;road_4_1_1_0;road_4_1_1_0;road_4_1_1_1;road_4_1_1_1;road_4_1_1_1;road_4_1_1_2;road_4_1_1_2;road_4_1_1_2;road_3_2_0_0;road_3_2_0_0;road_3_2_0_0;road_3_2_0_1;road_3_2_0_1;road_3_2_0_1;road_3_2_0_2;road_3_2_0_2;road_3_2_0_2,GGGrrrrrrGGGGGGrrrGGGrrrrrrGGGGGGrrr
510,intersection_4_3,road_4_4_3_0;road_4_4_3_0;road_4_4_3_0;road_4_4_3_1;road_4_4_3_1;road_4_4_3_1;road_4_4_3_2;road_4_4_3_2;road_4_4_3_2;road_5_3_2_0;road_5_3_2_0;road_5_3_2_0;road_5_3_2_1;road_5_3_2_1;road_5_3_2_1;road_5_3_2_2;road_5_3_2_2;road_5_3_2_2;road_4_2_1_0;road_4_2_1_0;road_4_2_1_0;road_4_2_1_1;road_4_2_1_1;road_4_2_1_1;road_4_2_1_2;road_4_2_1_2;road_4_2_1_2;road_3_3_0_0;road_3_3_0_0;road_3_3_0_0;road_3_3_0_1;road_3_3_0_1;road_3_3_0_1;road_3_3_0_2;road_3_3_0_2;road_3_3_0_2,GGGrrrrrrGGGGGGrrrGGGrrrrrrGGGGGGrrr
510,intersection_4_4,road_4_5_3_0;road_4_5_3_0;road_4_5_3_0;road_4_5_3_1;road_4_5_3_1;road_4_5_3_1;road_4_5_3_2;road_4_5_3_2;road_4_5_3_2;road_5_4_2_0;road_5_4_2_0;road_5_4_2_0;road_5_4_2_1;road_5_4_2_1;road_5_4_2_1;road_5_4_2_2;road_5_4_2_2;road_5_4_2_2;road_4_3_1_0;road_4_3_1_0;road_4_3_1_0;road_4_3_1_1;road_4_3_1_1;road_4_3_1_1;road_4_3_1_2;road_4_3_1_2;road_4_3_1_2;road_3_4_0_0;road_3_4_0_0;road_3_4_0_0;road_3_4_0_1;road_3_4_0_1;road_3_4_0_1;road_3_4_0_2;road_3_4_0_2;road_3_4_0_2,GGGrrrrrrGGGrrrrrrGGGGGGGGGGGGrrrrrr
520,intersection_1_1,road_1_2_3_0;road_1_2_3_0;road_1_2_3_0;road_1_2_3_1;road_1_2_3_1;road_1_2_3_1;road_1_2_3_2;road_1_2_3_2;road_1_2_3_2;road_2_1_2_0;road_2_1_2_0;road_2_1_2_0;road_2_1_2_1;road_2_1_2_1;road_2_1_2_1;road_2_1_2_2;road_2_1_2_2;road_2_1_2_2;road_1_0_1_0;road_1_0_1_0;road_1_0_1_0;road_1_0_1_1;road_1_0_1_1;road_1_0_1_1;road_1_0_1_2;road_1_0_1_2;road_1_0_1_2;road_0_1_0_0;road_0_1_0_0;road_0_1_0_0;road_0_1_0_1;road_0_1_0_1;road_0_1_0_1;road_0_1_0_2;road_0_1_0_2;road_0_1_0_2,GGGrrrrrrGGGrrrrrrGGGrrrrrrGGGGGGGGG
520,intersection_1_2,road_1_3_3_0;road_1_3_3_0;road_1_3_3_0;road_1_3_3_1;road_1_3_3_1;road_1_3_3_1;road_1_3_3_2;road_1_3_3_2;road_1_3_3_2;road_2_2_2_0;road_2_2_2_0;road_2_2_2_0;road_2_2_2_1;road_2_2_2_1;road_2_2_2_1;road_2_2_2_2;road_2_2_2_2;road_2_2_2_2;road_1_1_1_0;road_1_1_1_0;road_1_1_1_0;road_1_1_1_1;road_1_1_1_1;road_1_1_1_1;road_1_1_1_2;road_1_1_1_2;road_1_1_1_2;road_0_2_0_0;road_0_2_0_0;road_0_2_0_0;road_0_2_0_1;road_0_2_0_1;road_0_2_0_1;road_0_2_0_2;road_0_2_0_2;road_0_2_0_2,GGGGGGrrrGGGrrrrrrGGGGGGrrrGGGrrrrrr
520,intersection_1_3,road_1_4_3_0;road_1_4_3_0;road_1_4_3_0;road_1_4_3_1;road_1_4_3_1;road_1_4_3_1;road_1_4_3_2;road_1_4_3_2;road_1_4_3_2;road_2_3_2_0;road_2_3_2_0;road_2_3_2_0;road_2_3_2_1;road_2_3_2_1;road_2_3_2_1;road_2_3_2_2;road_2_3_2_2;road_2_3_2_2;road_1_2_1_0;road_1_2_1_0;road_1_2_1_0;road_1_2_1_1;road_1_2_1_1;road_1_2_1_1;road_1_2_1_2;road_1_2_1_2;road_1_2_1_2;road_0_3_0_0;road_0_3_0_0;road_0_3_0_0;road_0_3_0_1;road_0_3_0_1;road_0_3_0_1;road_0_3_0_2;road_0_3_0_2;road_0_3_0_2,GGGrrrrrrGGGGGGrrrGGGrrrrrrGGGGGGrrr
520,intersection_1_4,road_1_5_3_0;road_1_5_3_0;road_1_5_3_0;road_1_5_3_1;road_1_5_3_1;road_1_5_3_1;road_1_5_3_2;road_1_5_3_2;road_1_5_3_2;road_2_4_2_0;road_2_4_2_0;road_2_4_2_0;road_2_4_2_1;road_2_4_2_1;road_2_4_2_1;road_2_4_2_2;road_2_4_2_2;road_2_4_2_2;road_1_3_1_0;road_1_3_1_0;road_1_3_1_0;road_1_3_1_1;road_1_3_1_1;road_1_3_1_1;road_1_3_1_2;road_1_3_1_2;road_1_3_1_2;road_0_4_0_0;road_0_4_0_0;road_0_4_0_0;road_0_4_0_1;road_0_4_0_1;road_0_4_0_1;road_0_4_0_2;road_0_4_0_2;road_0_4_0_2,GGGGGGGGGGGGrrrrrrGGGrrrrrrGGGrrrrrr
520,intersection_2_1,road_2_2_3_0;road_2_2_3_0;road_2_2_3_0;road_2_2_3_1;road_2_2_3_1;road_2_2_3_1;road_2_2_3_2;road_2_2_3_2;road_2_2_3_2;road_3_1_2_0;road_3_1_2_0;road_3_1_2_0;road_3_1_2_1;road_3_1_2_1;road_3_1_2_1;road_3_1_2_2;road_3_1_2_2;road_3_1_2_2;road_2_0_1_0;road_2_0_1_0;road_2_0_1_0;road_2_0_1_1;road_2_0_1_1;road_2_0_1_1;road_2_0_1_2;road_2_0_1_2;road_2_0_1_2;road_1_1_0_0;road_1_1_0_0;road_1_1_0_0;road_1_1_0_1;road_1_1_0_1;road_1_1_0_1;road_1_1_0_2;road_1_1_0_2;road_1_1_0_2,GGGrrrrrrGGGrrrrrrGGGrrrrrrGGGGGGGGG
520,intersection_2_2,road_2_3_3_0;road_2_3_3_0;road_2_3_3_0;road_2_3_3_1;road_2_3_3_1;road_2_3_3_1;road_2_3_3_2;road_2_3_3_2;road_2_3_3_2;road_3_2_2_0;road_3_2_2_0;road_3_2_2_0;road_3_2_2_1;road_3_2_2_1;road_3_2_2_1;road_3_2_2_2;road_3_2_2_2;road_3_2_2_2;road_2_1_1_0;road_2_1_1_0;road_2_1_1_0;road_2_1_1_1;road_2_1_1_1;road_2_1_1_1;road_2_1_1_2;road_2_1_1_2;road_2_1_1_2;road_1_2_0_0;road_1_2_0_0;road_1_2_0_0;road_1_2_0_1;road_1_2_0_1;road_1_2_0_1;road_1_2_0_2;road_1_2_0_2;road_1_2_0_2,GGGrrrrrrGGGrrrrrrGGGrrrrrrGGGGGGGGG
520,intersection_2_3,road_2_4_3_0;road_2_4_3_0;road_2_4_3_0;road_2_4_3_1;road_2_4_3_1;road_2_4_3_1;road_2_4_3_2;road_2_4_3_2;road_2_4_3_2;road_3_3_2_0;road_3_3_2_0;road_3_3_2_0;road_3_3_2_1;road_3_3_2_1;road_3_3_2_1;road_3_3_2_2;road_3_3_2_2;road_3_3_2_2;road_2_2_1_0;road_2_2_1_0;road_2_2_1_0;road_2_2_1_1;road_2_2_1_1;road_2_2_1_1;road_2_2_1_2;road_2_2_1_2;road_2_2_1_2;road_1_3_0_0;road_1_3_0_0;road_1_3_0_0;road_1_3_0_1;road_1_3_0_1;road_1_3_0_1;road_1_3_0_2;road_1_3_0_2;road_1_3_0_2,GGGrrrrrrGGGGGGrrrGGGrrrrrrGGGGGGrrr
520,intersection_2_4,road_2_5_3_0;road_2_5_3_0;road_2_5_3_0;road_2_5_3_1;road_2_5_3_1;road_2_5_3_1;road_2_5_3_2;road_2_5_3_2;road_2_5_3_2;road_3_4_2_0;road_3_4_2_0;road_3_4_2_0;road_3_4_2_1;road_3_4_2_1;road_3_4_2_1;road_3_4_2_2;road_3_4_2_2;road_3_4_2_2;road_2_3_1_0;road_2_3_1_0;road_2_3_1_0;road_2_3_1_1;road_2_3_1_1;road_2_3_1_1;road_2_3_1_2;road_2_3_1_2;road_2_3_1_2;road_1_4_0_0;road_1_4_0_0;road_1_4_0_0;road_1_4_0_1;road_1_4_0_1;road_1_4_0_1;road_1_4_0_2;road_1_4_0_2;road_1_4_0_2,GGGrrrrrrGGGGGGrrrGGGrrrrrrGGGGGGrrr
520,intersection_3_1,road_3_2_3_0;road_3_2_3_0;road_3_2_3_0;road_3_2_3_1;road_3_2_3_1;road_3_2_3_1;road_3_2_3_2;road_3_2_3_2;road_3_2_3_2;road_4_1_2_0;road_4_1_2_0;road_4_1_2_0;road_4_1_2_1;road_4_1_2_1;road_4_1_2_1;road_4_1_2_2;road_4_1_2_2;road_4_1_2_2;road_3_0_1_0;road_3_0_1_0;road_3_0_1_0;road_3_0_1_1;road_3_0_1_1;road_3_0_1_1;road_3_0_1_2;road_3_0_1_2;road_3_0_1_2;road_2_1_0_0;road_2_1_0_0;road_2_1_0_0;road_2_1_0_1;road_2_1_0_1;road_2_1_0_1;road_2_1_0_2;road_2_1_0_2;road_2_1_0_2,GGGrrrrrrGGGGGGrrrGGGrrrrrrGGGGGGrrr
520,intersection_3_2,road_3_3_3_0;road_3_3_3_0;road_3_3_3_0;road_3_3_3_1;road_3_3_3_1;road_3_3_3_1;road_3_3_3_2;road_3_3_3_2;road_3_3_3_2;road_4_2_2_0;road_4_2_2_0;road_4_2_2_0;road_4_2_2_1;road_4_2_2_1;road_4_2_2_1;road_4_2_2_2;road_4_2_2_2;road_4_2_2_2;road_3_1_1_0;road_3_1_1_0;road_3_1_1_0;road_3_1_1_1;road_3_1_1_1;road_3_1_1_1;road_3_1_1_2;road_3_1_1_2;road_3_1_1_2;road_2_2_0_0;road_2_2_0_0;road_2_2_0_0;road_2_2_0_1;road_2_2_0_1;road_2_2_0_1;road_2_2_0_2;road_2_2_0_2;road_2_2_0_2,GGGrrrrrrGGGrrrrrrGGGrrrrrrGGGGGGGGG
520,intersection_3_3,road_3_4_3_0;road_3_4_3_0;road_3_4_3_0;road_3_4_3_1;road_3_4_3_1;road_3_4_3_1;road_3_4_3_2;road_3_4_3_2;road_3_4_3_2;road_4_3_2_0;road_4_3_2_0;road_4_3_2_0;road_4_3_2_1;road_4_3_2_1;road_4_3_2_1;road_4_3_2_2;road_4_3_2_2;road_4_3_2_2;road_3_2_1_0;road_3_2_1_0;road_3_2_1_0;road_3_2_1_1;road_3_2_1_1;road_3_2_1_1;road_3_2_1_2;road_3_2_1_2;road_3_2_1_2;road_2_3_0_0;road_2_3_0_0;road_2_3_0_0;road_2_3_0_1;road_2_3_0_1;road_2_3_0_1;road_2_3_0_2;road_2_3_0_2;road_2_3_0_2,GGGrrrrrrGGGGGGGGGGGGrrrrrrGGGrrrrrr
520,intersection_3_4,road_3_5_3_0;road_3_5_3_0;road_3_5_3_0;road_3_5_3_1;road_3_5_3_1;road_3_5_3_1;road_3_5_3_2;road_3_5_3_2;road_3_5_3_2;road_4_4_2_0;road_4_4_2_0;road_4_4_2_0;road_4_4_2_1;road_4_4_2_1;road_4_4_2_1;road_4_4_2_2;road_4_4_2_2;road_4_4_2_2;road_3_3_1_0;road_3_3_1_0;road_3_3_1_0;road_3_3_1_1;road_3_3_1_1;road_3_3_1_1;road_3_3_1_2;road_3_3_1_2;road_3_3_1_2;road_2_4_0_0;road_2_4_0_0;road_2_4_0_0;road_2_4_0_1;road_2_4_0_1;road_2_4_0_1;road_2_4_0_2;road_2_4_0_2;road_2_4_0_2,GGGGGGrrrGGGrrrrrrGGGGGGrrrGGGrrrrrr
520,intersection_4_1,road_4_2_3_0;road_4_2_3_0;road_4_2_3_0;road_4_2_3_1;road_4_2_3_1;road_4_2_3_1;road_4_2_3_2;road_4_2_3_2;road_4_2_3_2;road_5_1_2_0;road_5_1_2_0;road_5_1_2_0;road_5_1_2_1;road_5_1_2_1;road_5_1_2_1;road_5_1_2_2;road_5_1_2_2;road_5_1_2_2;road_4_0_1_0;road_4_0_1_0;road_4_0_1_0;road_4_0_1_1;road_4_0_1_1;road_4_0_1_1;road_4_0_1_2;road_4_0_1_2;road_4_0_1_2;road_3_1_0_0;road_3_1_0_0;road_3_1_0_0;road_3_1_0_1;road_3_1_0_1;road_3_1_0_1;road_3_1_0_2;road_3_1_0_2;road_3_1_0_2,GGGrrrrrrGGGGGGrrrGGGrrrrrrGGGGGGrrr
520,intersection_4_2,road_4_3_3_0;road_4_3_3_0;road_4_3_3_0;road_4_3_3_1;road_4_3_3_1;road_4_3_3_1;road_4_3_3_2;road_4_3_3_2;road_4_3_3_2;road_5_2_2_0;road_5_2_2_0;road_5_2_2_0;road_5_2_2_1;road_5_2_2_1;road_5_2_2_1;road_5_2_2_2;road_5_2_2_2;road_5_2_2_2;road_4_1_1_0;road_4_1_1_0;road_4_1_1_0;road_4_1_1_1;road_4_1_1_1;road_4_1_1_1;road_4_1_1_2;road_4_1_1_2;road_4_1_1_2;road_3_2_0_0;road_3_2_0_0;road_3_2_0_0;road_3_2_0_1;road_3_2_0_1;road_3_2_0_1;road_3_2_0_2;road_3_2_0_2;road_3_2_0_2,GGGrrrrrrGGGGGGrrrGGGrrrrrrGGGGGGrrr
520,intersection_4_3,road_4_4_3_0;road_4_4_3_0;road_4_4_3_0;road_4_4_3_1;road_4_4_3_1;road_4_4_3_1;road_4_4_3_2;road_4_4_3_2;road_4_4_3_2;road_5_3_2_0;road_5_3_2_0;road_5_3_2_0;road_5_3_2_1;road_5_3_2_1;road_5_3_2_1;road_5_3_2_2;road_5_3_2_2;road_5_3_2_2;road_4_2_1_0;road_4_2_1_0;road_4_2_1_0;road_4_2_1_1;road_4_2_1_1;road_4_2_1_1;road_4_2_1_2;road_4_2_1_2;road_4_2_1_2;road_3_3_0_0;road_3_3_0_0;road_3_3_0_0;road_3_3_0_1;road_3_3_0_1;road_3_3_0_1;road_3_3_0_2;road_3_3_0_2;road_3_3_0_2,GGGrrrrrrGGGGGGrrrGGGrrrrrrGGGGGGrrr
520,intersection_4_4,road_4_5_3_0;road_4_5_3_0;road_4_5_3_0;road_4_5_3_1;road_4_5_3_1;road_4_5_3_1;road_4_5_3_2;road_4_5_3_2;road_4_5_3_2;road_5_4_2_0;road_5_4_2_0;road_5_4_2_0;road_5_4_2_1;road_5_4_2_1;road_5_4_2_1;road_5_4_2_2;road_5_4_2_2;road_5_4_2_2;road_4_3_1_0;road_4_3_1_0;road_4_3_1_0;road_4_3_1_1;road_4_3_1_1;road_4_3_1_1;road_4_3_1_2;road_4_3_1_2;road_4_3_1_2;road_3_4_0_0;road_3_4_0_0;road_3_4_0_0;road_3_4_0_1;road_3_4_0_1;road_3_4_0_1;road_3_4_0_2;road_3_4_0_2;road_3_4_0_2,GGGrrrrrrGGGrrrrrrGGGGGGGGGGGGrrrrrr
530,intersection_1_1,road_1_2_3_0;road_1_2_3_0;road_1_2_3_0;road_1_2_3_1;road_1_2_3_1;road_1_2_3_1;road_1_2_3_2;road_1_2_3_2;road_1_2_3_2;road_2_1_2_0;road_2_1_2_0;road_2_1_2_0;road_2_1_2_1;road_2_1_2_1;road_2_1_2_1;road_2_1_2_2;road_2_1_2_2;road_2_1_2_2;road_1_0_1_0;road_1_0_1_0;road_1_0_1_0;road_1_0_1_1;road_1_0_1_1;road_1_0_1_1;road_1_0_1_2;road_1_0_1_2;road_1_0_1_2;road_0_1_0_0;road_0_1_0_0;road_0_1_0_0;road_0_1_0_1;road_0_1_0_1;road_0_1_0_1;road_0_1_0_2;road_0_1_0_2;road_0_1_0_2,GGGrrrrrrGGGrrrrrrGGGrrrrrrGGGGGGGGG
530,intersection_1_2,road_1_3_3_0;road_1_3_3_0;road_1_3_3_0;road_1_3_3_1;road_1_3_3_1;road_1_3_3_1;road_1_3_3_2;road_1_3_3_2;road_1_3_3_2;road_2_2_2_0;road_2_2_2_0;road_2_2_2_0;road_2_2_2_1;road_2_2_2_1;road_2_2_2_1;road_2_2_2_2;road_2_2_2_2;road_2_2_2_2;road_1_1_1_0;road_1_1_1_0;road_1_1_1_0;road_1_1_1_1;road_1_1_1_1;road_1_1_1_1;road_1_1_1_2;road_1_1_1_2;road_1_1_1_2;road_0_2_0_0;road_0_2_0_0;road_0_2_0_0;road_0_2_0_1;road_0_2_0_1;road_0_2_0_1;road_0_2_0_2;road_0_2_0_2;road_0_2_0_2,GGGGGGrrrGGGrrrrrrGGGGGGrrrGGGrrrrrr
530,intersection_1_3,road_1_4_3_0;road_1_4_3_0;road_1_4_3_0;road_1_4_3_1;road_1_4_3_1;road_1_4_3_1;road_1_4_3_2;road_1_4_3_2;road_1_4_3_2;road_2_3_2_0;road_2_3_2_0;road_2_3_2_0;road_2_3_2_1;road_2_3_2_1;road_2_3_2_1;road_2_3_2_2;road_2_3_2_2;road_2_3_2_2;road_1_2_1_0;road_1_2_1_0;road_1_2_1_0;road_1_2_1_1;road_1_2_1_1;road_1_2_1_1;road_1_2_1_2;road_1_2_1_2;road_1_2_1_2;road_0_3_0_0;road_0_3_0_0;road_0_3_0_0;road_0_3_0_1;road_0_3_0_1;road_0_3_0_1;road_0_3_0_2;road_0_3_0_2;road_0_3_0_2,GGGrrrrrrGGGGGGrrrGGGrrrrrrGGGGGGrrr
530,intersection_1_4,road_1_5_3_0;road_1_5_3_0;road_1_5_3_0;road_1_5_3_1;road_1_5_3_1;road_1_5_3_1;road_1_5_3_2;road_1_5_3_2;road_1_5_3_2;road_2_4_2_0;road_2_4_2_0;road_2_4_2_0;road_2_4_2_1;road_2_4_2_1;road_2_4_2_1;road_2_4_2_2;road_2_4_2_2;road_2_4_2_2;road_1_3_1_0;road_1_3_1_0;road_1_3_1_0;road_1_3_1_1;road_1_3_1_1;road_1_3_1_1;road_1_3_1_2;road_1_3_1_2;road_1_3_1_2;road_0_4_0_0;road_0_4_0_0;road_0_4_0_0;road_0_4_0_1;road_0_4_0_1;road_0_4_0_1;road_0_4_0_2;road_0_4_0_2;road_0_4_0_2,GGGGGGGGGGGGrrrrrrGGGrrrrrrGGGrrrrrr
530,intersection_2_1,road_2_2_3_0;road_2_2_3_0;road_2_2_3_0;road_2_2_3_1;road_2_2_3_1;road_2_2_3_1;road_2_2_3_2;road_2_2_3_2;road_2_2_3_2;road_3_1_2_0;road_3_1_2_0;road_3_1_2_0;road_3_1_2_1;road_3_1_2_1;road_3_1_2_1;road_3_1_2_2;road_3_1_2_2;road_3_1_2_2;road_2_0_1_0;road_2_0_1_0;road_2_0_1_0;road_2_0_1_1;road_2_0_1_1;road_2_0_1_1;road_2_0_1_2;road_2_0_1_2;road_2_0_1_2;road_1_1_0_0;road_1_1_0_0;road_1_1_0_0;road_1_1_0_1;road_1_1_0_1;road_1_1_0_1;road_1_1_0_2;road_1_1_0_2;road_1_1_0_2,GGGrrrrrrGGGrrrrrrGGGrrrrrrGGGGGGGGG
530,intersection_2_2,road_2_3_3_0;road_2_3_3_0;road_2_3_3_0;road_2_3_3_1;road_2_3_3_1;road_2_3_3_1;road_2_3_3_2;road_2_3_3_2;road_2_3_3_2;road_3_2_2_0;road_3_2_2_0;road_3_2_2_0;road_3_2_2_1;road_3_2_2_1;road_3_2_2_1;road_3_2_2_2;road_3_2_2_2;road_3_2_2_2;road_2_1_1_0;road_2_1_1_0;road_2_1_1_0;road_2_1_1_1;road_2_1_1_1;road_2_1_1_1;road_2_1_1_2;road_2_1_1_2;road_2_1_1_2;road_1_2_0_0;road_1_2_0_0;road_1_2_0_0;road_1_2_0_1;road_1_2_0_1;road_1_2_0_1;road_1_2_0_2;road_1_2_0_2;road_1_2_0_2,GGGrrrrrrGGGrrrrrrGGGrrrrrrGGGGGGGGG
530,intersection_2_3,road_2_4_3_0;road_2_4_3_0;road_2_4_3_0;road_2_4_3_1;road_2_4_3_1;road_2_4_3_1;road_2_4_3_2;road_2_4_3_2;road_2_4_3_2;road_3_3_2_0;road_3_3_2_0;road_3_3_2_0;road_3_3_2_1;road_3_3_2_1;road_3_3_2_1;road_3_3_2_2;road_3_3_2_2;road_3_3_2_2;road_2_2_1_0;road_2_2_1_0;road_2_2_1_0;road_2_2_1_1;road_2_2_1_1;road_2_2_1_1;road_2_2_1_2;road_2_2_1_2;road_2_2_1_2;road_1_3_0_0;road_1_3_0_0;road_1_3_0_0;road_1_3_0_1;road_1_3_0_1;road_1_3_0_1;road_1_3_0_2;road_1_3_0_2;road_1_3_0_2,GGGrrrrrrGGGGGGrrrGGGrrrrrrGGGGGGrrr
530,intersection_2_4,road_2_5_3_0;road_2_5_3_0;road_2_5_3_0;road_2_5_3_1;road_2_5_3_1;road_2_5_3_1;road_2_5_3_2;road_2_5_3_2;road_2_5_3_2;road_3_4_2_0;road_3_4_2_0;road_3_4_2_0;road_3_4_2_1;road_3_4_2_1;road_3_4_2_1;road_3_4_2_2;road_3_4_2_2;road_3_4_2_2;road_2_3_1_0;road_2_3_1_0;road_2_3_1_0;road_2_3_1_1;road_2_3_1_1;road_2_3_1_1;road_2_3_1_2;road_2_3_1_2;road_2_3_1_2;road_1_4_0_0;road_1_4_0_0;road_1_4_0_0;road_1_4_0_1;road_1_4_0_1;road_1_4_0_1;road_1_4_0_2;road_1_4_0_2;road_1_4_0_2,GGGrrrrrrGGGGGGrrrGGGrrrrrrGGGGGGrrr
530,intersection_3_1,road_3_2_3_0;road_3_2_3_0;road_3_2_3_0;road_3_2_3_1;road_3_2_3_1;road_3_2_3_1;road_3_2_3_2;road_3_2_3_2;road_3_2_3_2;road_4_1_2_0;road_4_1_2_0;road_4_1_2_0;road_4_1_2_1;road_4_1_2_1;road_4_1_2_1;road_4_1_2_2;road_4_1_2_2;road_4_1_2_2;road_3_0_1_0;road_3_0_1_0;road_3_0_1_0;road_3_0_1_1;road_3_0_1_1;road_3_0_1_1;road_3_0_1_2;road_3_0_1_2;road_3_0_1_2;road_2_1_0_0;road_2_1_0_0;road_2_1_0_0;road_2_1_0_1;road_2_1_0_1;road_2_1_0_1;road_2_1_0_2;road_2_1_0_2;road_2_1_0_2,GGGrrrrrrGGGGGGrrrGGGrrrrrrGGGGGGrrr
530,intersection_3_2,road_3_3_3_0;road_3_3_3_0;road_3_3_3_0;road_3_3_3_1;road_3_3_3_1;road_3_3_3_1;road_3_3_3_2;road_3_3_3_2;road_3_3_3_2;road_4_2_2_0;road_4_2_2_0;road_4_2_2_0;road_4_2_2_1;road_4_2_2_1;road_4_2_2_1;road_4_2_2_2;road_4_2_2_2;road_4_2_2_2;road_3_1_1_0;road_3_1_1_0;road_3_1_1_0;road_3_1_1_1;road_3_1_1_1;road_3_1_1_1;road_3_1_1_2;road_3_1_1_2;road_3_1_1_2;road_2_2_0_0;road_2_2_0_0;road_2_2_0_0;road_2_2_0_1;road_2_2_0_1;road_2_2_0_1;road_2_2_0_2;road_2_2_0_2;road_2_2_0_2,GGGrrrrrrGGGGGGrrrGGGrrrrrrGGGGGGrrr
530,intersection_3_3,road_3_4_3_0;road_3_4_3_0;road_3_4_3_0;road_3_4_3_1;road_3_4_3_1;road_3_4_3_1;road_3_4_3_2;road_3_4_3_2;road_3_4_3_2;road_4_3_2_0;road_4_3_2_0;road_4_3_2_0;road_4_3_2_1;road_4_3_2_1;road_4_3_2_1;road_4_3_2_2;road_4_3_2_2;road_4_3_2_2;road_3_2_1_0;road_3_2_1_0;road_3_2_1_0;road_3_2_1_1;road_3_2_1_1;road_3_2_1_1;road_3_2_1_2;road_3_2_1_2;road_3_2_1_2;road_2_3_0_0;road_2_3_0_0;road_2_3_0_0;road_2_3_0_1;road_2_3_0_1;road_2_3_0_1;road_2_3_0_2;road_2_3_0_2;road_2_3_0_2,GGGrrrrrrGGGGGGGGGGGGrrrrrrGGGrrrrrr
530,intersection_3_4,road_3_5_3_0;road_3_5_3_0;road_3_5_3_0;road_3_5_3_1;road_3_5_3_1;road_3_5_3_1;road_3_5_3_2;road_3_5_3_2;road_3_5_3_2;road_4_4_2_0;road_4_4_2_0;road_4_4_2_0;road_4_4_2_1;road_4_4_2_1;road_4_4_2_1;road_4_4_2_2;road_4_4_2_2;road_4_4_2_2;road_3_3_1_0;road_3_3_1_0;road_3_3_1_0;road_3_3_1_1;road_3_3_1_1;road_3_3_1_1;road_3_3_1_2;road_3_3_1_2;road_3_3_1_2;road_2_4_0_0;road_2_4_0_0;road_2_4_0_0;road_2_4_0_1;road_2_4_0_1;road_2_4_0_1;road_2_4_0_2;road_2_4_0_2;road_2_4_0_2,GGGGGGrrrGGGrrrrrrGGGGGGrrrGGGrrrrrr
530,intersection_4_1,road_4_2_3_0;road_4_2_3_0;road_4_2_3_0;road_4_2_3_1;road_4_2_3_1;road_4_2_3_1;road_4_2_3_2;road_4_2_3_2;road_4_2_3_2;road_5_1_2_0;road_5_1_2_0;road_5_1_2_0;road_5_1_2_1;road_5_1_2_1;road_5_1_2_1;road_5_1_2_2;road_5_1_2_2;road_5_1_2_2;road_4_0_1_0;road_4_0_1_0;road_4_0_1_0;road_4_0_1_1;road_4_0_1_1;road_4_0_1_1;road_4_0_1_2;road_4_0_1_2;road_4_0_1_2;road_3_1_0_0;road_3_1_0_0;road_3_1_0_0;road_3_1_0_1;road_3_1_0_1;road_3_1_0_1;road_3_1_0_2;road_3_1_0_2;road_3_1_0_2,GGGrrrrrrGGGGGGrrrGGGrrrrrrGGGGGGrrr
530,intersection_4_2,road_4_3_3_0;road_4_3_3_0;road_4_3_3_0;road_4_3_3_1;road_4_3_3_1;road_4_3_3_1;road_4_3_3_2;road_4_3_3_2;road_4_3_3_2;road_5_2_2_0;road_5_2_2_0;road_5_2_2_0;road_5_2_2_1;road_5_2_2_1;road_5_2_2_1;road_5_2_2_2;road_5_2_2_2;road_5_2_2_2;road_4_1_1_0;road_4_1_1_0;road_4_1_1_0;road_4_1_1_1;road_4_1_1_1;road_4_1_1_1;road_4_1_1_2;road_4_1_1_2;road_4_1_1_2;road_3_2_0_0;road_3_2_0_0;road_3_2_0_0;road_3_2_0_1;road_3_2_0_1;road_3_2_0_1;road_3_2_0_2;road_3_2_0_2;road_3_2_0_2,GGGrrrrrrGGGGGGrrrGGGrrrrrrGGGGGGrrr
530,intersection_4_3,road_4_4_3_0;road_4_4_3_0;road_4_4_3_0;road_4_4_3_1;road_4_4_3_1;road_4_4_3_1;road_4_4_3_2;road_4_4_3_2;road_4_4_3_2;road_5_3_2_0;road_5_3_2_0;road_5_3_2_0;road_5_3_2_1;road_5_3_2_1;road_5_3_2_1;road_5_3_2_2;road_5_3_2_2;road_5_3_2_2;road_4_2_1_0;road_4_2_1_0;road_4_2_1_0;road_4_2_1_1;road_4_2_1_1;road_4_2_1_1;road_4_2_1_2;road_4_2_1_2;road_4_2_1_2;road_3_3_0_0;road_3_3_0_0;road_3_3_0_0;road_3_3_0_1;road_3_3_0_1;road_3_3_0_1;road_3_3_0_2;road_3_3_0_2;road_3_3_0_2,GGGrrrrrrGGGGGGrrrGGGrrrrrrGGGGGGrrr
530,intersection_4_4,road_4_5_3_0;road_4_5_3_0;road_4_5_3_0;road_4_5_3_1;road_4_5_3_1;road_4_5_3_1;road_4_5_3_2;road_4_5_3_2;road_4_5_3_2;road_5_4_2_0;road_5_4_2_0;road_5_4_2_0;road_5_4_2_1;road_5_4_2_1;road_5_4_2_1;road_5_4_2_2;road_5_4_2_2;road_5_4_2_2;road_4_3_1_0;road_4_3_1_0;road_4_3_1_0;road_4_3_1_1;road_4_3_1_1;road_4_3_1_1;road_4_3_1_2;road_4_3_1_2;road_4_3_1_2;road_3_4_0_0;road_3_4_0_0;road_3_4_0_0;road_3_4_0_1;road_3_4_0_1;road_3_4_0_1;road_3_4_0_2;road_3_4_0_2;road_3_4_0_2,GGGrrrrrrGGGrrrrrrGGGGGGGGGGGGrrrrrr
540,intersection_1_1,road_1_2_3_0;road_1_2_3_0;road_1_2_3_0;road_1_2_3_1;road_1_2_3_1;road_1_2_3_1;road_1_2_3_2;road_1_2_3_2;road_1_2_3_2;road_2_1_2_0;road_2_1_2_0;road_2_1_2_0;road_2_1_2_1;road_2_1_2_1;road_2_1_2_1;road_2_1_2_2;road_2_1_2_2;road_2_1_2_2;road_1_0_1_0;road_1_0_1_0;road_1_0_1_0;road_1_0_1_1;road_1_0_1_1;road_1_0_1_1;road_1_0_1_2;road_1_0_1_2;road_1_0_1_2;road_0_1_0_0;road_0_1_0_0;road_0_1_0_0;road_0_1_0_1;road_0_1_0_1;road_0_1_0_1;road_0_1_0_2;road_0_1_0_2;road_0_1_0_2,GGGrrrrrrGGGrrrrrrGGGrrrrrrGGGGGGGGG
540,intersection_1_2,road_1_3_3_0;road_1_3_3_0;road_1_3_3_0;road_1_3_3_1;road_1_3_3_1;road_1_3_3_1;road_1_3_3_2;road_1_3_3_2;road_1_3_3_2;road_2_2_2_0;road_2_2_2_0;road_2_2_2_0;road_2_2_2_1;road_2_2_2_1;road_2_2_2_1;road_2_2_2_2;road_2_2_2_2;road_2_2_2_2;road_1_1_1_0;road_1_1_1_0;road_1_1_1_0;road_1_1_1_1;road_1_1_1_1;road_1_1_1_1;road_1_1_1_2;road_1_1_1_2;road_1_1_1_2;road_0_2_0_0;road_0_2_0_0;road_0_2_0_0;road_0_2_0_1;road_0_2_0_1;road_0_2_0_1;road_0_2_0_2;road_0_2_0_2;road_0_2_0_2,GGGGGGrrrGGGrrrrrrGGGGGGrrrGGGrrrrrr
540,intersection_1_3,road_1_4_3_0;road_1_4_3_0;road_1_4_3_0;road_1_4_3_1;road_1_4_3_1;road_1_4_3_1;road_1_4_3_2;road_1_4_3_2;road_1_4_3_2;road_2_3_2_0;road_2_3_2_0;road_2_3_2_0;road_2_3_2_1;road_2_3_2_1;road_2_3_2_1;road_2_3_2_2;road_2_3_2_2;road_2_3_2_2;road_1_2_1_0;road_1_2_1_0;road_1_2_1_0;road_1_2_1_1;road_1_2_1_1;road_1_2_1_1;road_1_2_1_2;road_1_2_1_2;road_1_2_1_2;road_0_3_0_0;road_0_3_0_0;road_0_3_0_0;road_0_3_0_1;road_0_3_0_1;road_0_3_0_1;road_0_3_0_2;road_0_3_0_2;road_0_3_0_2,GGGrrrrrrGGGGGGrrrGGGrrrrrrGGGGGGrrr
540,intersection_1_4,road_1_5_3_0;road_1_5_3_0;road_1_5_3_0;road_1_5_3_1;road_1_5_3_1;road_1_5_3_1;road_1_5_3_2;road_1_5_3_2;road_1_5_3_2;road_2_4_2_0;road_2_4_2_0;road_2_4_2_0;road_2_4_2_1;road_2_4_2_1;road_2_4_2_1;road_2_4_2_2;road_2_4_2_2;road_2_4_2_2;road_1_3_1_0;road_1_3_1_0;road_1_3_1_0;road_1_3_1_1;road_1_3_1_1;road_1_3_1_1;road_1_3_1_2;road_1_3_1_2;road_1_3_1_2;road_0_4_0_0;road_0_4_0_0;road_0_4_0_0;road_0_4_0_1;road_0_4_0_1;road_0_4_0_1;road_0_4_0_2;road_0_4_0_2;road_0_4_0_2,GGGGGGGGGGGGrrrrrrGGGrrrrrrGGGrrrrrr
540,intersection_2_1,road_2_2_3_0;road_2_2_3_0;road_2_2_3_0;road_2_2_3_1;road_2_2_3_1;road_2_2_3_1;road_2_2_3_2;road_2_2_3_2;road_2_2_3_2;road_3_1_2_0;road_3_1_2_0;road_3_1_2_0;road_3_1_2_1;road_3_1_2_1;road_3_1_2_1;road_3_1_2_2;road_3_1_2_2;road_3_1_2_2;road_2_0_1_0;road_2_0_1_0;road_2_0_1_0;road_2_0_1_1;road_2_0_1_1;road_2_0_1_1;road_2_0_1_2;road_2_0_1_2;road_2_0_1_2;road_1_1_0_0;road_1_1_0_0;road_1_1_0_0;road_1_1_0_1;road_1_1_0_1;road_1_1_0_1;road_1_1_0_2;road_1_1_0_2;road_1_1_0_2,GGGrrrrrrGGGGGGrrrGGGrrrrrrGGGGGGrrr
540,intersection_2_2,road_2_3_3_0;road_2_3_3_0;road_2_3_3_0;road_2_3_3_1;road_2_3_3_1;road_2_3_3_1;road_2_3_3_2;road_2_3_3_2;road_2_3_3_2;road_3_2_2_0;road_3_2_2_0;road_3_2_2_0;road_3_2_2_1;road_3_2_2_1;road_3_2_2_1;road_3_2_2_2;road_3_2_2_2;road_3_2_2_2;road_2_1_1_0;road_2_1_1_0;road_2_1_1_0;road_2_1_1_1;road_2_1_1_1;road_2_1_1_1;road_2_1_1_2;road_2_1_1_2;road_2_1_1_2;road_1_2_0_0;road_1_2_0_0;road_1_2_0_0;road_1_2_0_1;road_1_2_0_1;road_1_2_0_1;road_1_2_0_2;road_1_2_0_2;road_1_2_0_2,GGGrrrrrrGGGrrrrrrGGGrrrrrrGGGGGGGGG
540,intersection_2_3,road_2_4_3_0;road_2_4_3_0;road_2_4_3_0;road_2_4_3_1;road_2_4_3_1;road_2_4_3_1;road_2_4_3_2;road_2_4_3_2;road_2_4_3_2;road_3_3_2_0;road_3_3_2_0;road_3_3_2_0;road_3_3_2_1;road_3_3_2_1;road_3_3_2_1;road_3_3_2_2;road_3_3_2_2;road_3_3_2_2;road_2_2_1_0;road_2_2_1_0;road_2_2_1_0;road_2_2_1_1;road_2_2_1_1;road_2_2_1_1;road_2_2_1_2;road_2_2_1_2;road_2_2_1_2;road_1_3_0_0;road_1_3_0_0;road_1_3_0_0;road_1_3_0_1;road_1_3_0_1;road_1_3_0_1;road_1_3_0_2;road_1_3_0_2;road_1_3_0_2,GGGrrrrrrGGGGGGrrrGGGrrrrrrGGGGGGrrr
540,intersection_2_4,road_2_5_3_0;road_2_5_3_0;road_2_5_3_0;road_2_5_3_1;road_2_5_3_1;road_2_5_3_1;road_2_5_3_2;road_2_5_3_2;road_2_5_3_2;road_3_4_2_0;road_3_4_2_0;road_3_4_2_0;road_3_4_2_1;road_3_4_2_1;road_3_4_2_1;road_3_4_2_2;road_3_4_2_2;road_3_4_2_2;road_2_3_1_0;road_2_3_1_0;road_2_3_1_0;road_2_3_1_1;road_2_3_1_1;road_2_3_1_1;road_2_3_1_2;road_2_3_1_2;road_2_3_1_2;road_1_4_0_0;road_1_4_0_0;road_1_4_0_0;road_1_4_0_1;road_1_4_0_1;road_1_4_0_1;road_1_4_0_2;road_1_4_0_2;road_1_4_0_2,GGGrrrrrrGGGGGGrrrGGGrrrrrrGGGGGGrrr
540,intersection_3_1,road_3_2_3_0;road_3_2_3_0;road_3_2_3_0;road_3_2_3_1;road_3_2_3_1;road_3_2_3_1;road_3_2_3_2;road_3_2_3_2;road_3_2_3_2;road_4_1_2_0;road_4_1_2_0;road_4_1_2_0;road_4_1_2_1;road_4_1_2_1;road_4_1_2_1;road_4_1_2_2;road_4_1_2_2;road_4_1_2_2;road_3_0_1_0;road_3_0_1_0;road_3_0_1_0;road_3_0_1_1;road_3_0_1_1;road_3_0_1_1;road_3_0_1_2;road_3_0_1_2;road_3_0_1_2;road_2_1_0_0;road_2_1_0_0;road_2_1_0_0;road_2_1_0_1;road_2_1_0_1;road_2_1_0_1;road_2_1_0_2;road_2_1_0_2;road_2_1_0_2,GGGrrrrrrGGGGGGrrrGGGrrrrrrGGGGGGrrr
540,intersection_3_2,road_3_3_3_0;road_3_3_3_0;road_3_3_3_0;road_3_3_3_1;road_3_3_3_1;road_3_3_3_1;road_3_3_3_2;road_3_3_3_2;road_3_3_3_2;road_4_2_2_0;road_4_2_2_0;road_4_2_2_0;road_4_2_2_1;road_4_2_2_1;road_4_2_2_1;road_4_2_2_2;road_4_2_2_2;road_4_2_2_2;road_3_1_1_0;road_3_1_1_0;road_3_1_1_0;road_3_1_1_1;road_3_1_1_1;road_3_1_1_1;road_3_1_1_2;road_3_1_1_2;road_3_1_1_2;road_2_2_0_0;road_2_2_0_0;road_2_2_0_0;road_2_2_0_1;road_2_2_0_1;road_2_2_0_1;road_2_2_0_2;road_2_2_0_2;road_2_2_0_2,GGGrrrrrrGGGGGGrrrGGGrrrrrrGGGGGGrrr
540,intersection_3_3,road_3_4_3_0;road_3_4_3_0;road_3_4_3_0;road_3_4_3_1;road_3_4_3_1;road_3_4_3_1;road_3_4_3_2;road_3_4_3_2;road_3_4_3_2;road_4_3_2_0;road_4_3_2_0;road_4_3_2_0;road_4_3_2_1;road_4_3_2_1;road_4_3_2_1;road_4_3_2_2;road_4_3_2_2;road_4_3_2_2;road_3_2_1_0;road_3_2_1_0;road_3_2_1_0;road_3_2_1_1;road_3_2_1_1;road_3_2_1_1;road_3_2_1_2;road_3_2_1_2;road_3_2_1_2;road_2_3_0_0;road_2_3_0_0;road_2_3_0_0;road_2_3_0_1;road_2_3_0_1;road_2_3_0_1;road_2_3_0_2;road_2_3_0_2;road_2_3_0_2,GGGrrrrrrGGGGGGGGGGGGrrrrrrGGGrrrrrr
540,intersection_3_4,road_3_5_3_0;road_3_5_3_0;road_3_5_3_0;road_3_5_3_1;road_3_5_3_1;road_3_5_3_1;road_3_5_3_2;road_3_5_3_2;road_3_5_3_2;road_4_4_2_0;road_4_4_2_0;road_4_4_2_0;road_4_4_2_1;road_4_4_2_1;road_4_4_2_1;road_4_4_2_2;road_4_4_2_2;road_4_4_2_2;road_3_3_1_0;road_3_3_1_0;road_3_3_1_0;road_3_3_1_1;road_3_3_1_1;road_3_3_1_1;road_3_3_1_2;road_3_3_1_2;road_3_3_1_2;road_2_4_0_0;road_2_4_0_0;road_2_4_0_0;road_2_4_0_1;road_2_4_0_1;road_2_4_0_1;road_2_4_0_2;road_2_4_0_2;road_2_4_0_2,GGGGGGrrrGGGrrrrrrGGGGGGrrrGGGrrrrrr
540,intersection_4_1,road_4_2_3_0;road_4_2_3_0;road_4_2_3_0;road_4_2_3_1;road_4_2_3_1;road_4_2_3_1;road_4_2_3_2;road_4_2_3_2;road_4_2_3_2;road_5_1_2_0;road_5_1_2_0;road_5_1_2_0;road_5_1_2_1;road_5_1_2_1;road_5_1_2_1;road_5_1_2_2;road_5_1_2_2;road_5_1_2_2;road_4_0_1_0;road_4_0_1_0;road_4_0_1_0;road_4_0_1_1;road_4_0_1_1;road_4_0_1_1;road_4_0_1_2;road_4_0_1_2;road_4_0_1_2;road_3_1_0_0;road_3_1_0_0;road_3_1_0_0;road_3_1_0_1;road_3_1_0_1;road_3_1_0_1;road_3_1_0_2;road_3_1_0_2;road_3_1_0_2,GGGrrrrrrGGGGGGrrrGGGrrrrrrGGGGGGrrr
540,intersection_4_2,road_4_3_3_0;road_4_3_3_0;road_4_3_3_0;road_4_3_3_1;road_4_3_3_1;road_4_3_3_1;road_4_3_3_2;road_4_3_3_2;road_4_3_3_2;road_5_2_2_0;road_5_2_2_0;road_5_2_2_0;road_5_2_2_1;road_5_2_2_1;road_5_2_2_1;road_5_2_2_2;road_5_2_2_2;road_5_2_2_2;road_4_1_1_0;road_4_1_1_0;road_4_1_1_0;road_4_1_1_1;road_4_1_1_1;road_4_1_1_1;road_4_1_1_2;road_4_1_1_2;road_4_1_1_2;road_3_2_0_0;road_3_2_0_0;road_3_2_0_0;road_3_2_0_1;road_3_2_0_1;road_3_2_0_1;road_3_2_0_2;road_3_2_0_2;road_3_2_0_2,GGGrrrrrrGGGGGGrrrGGGrrrrrrGGGGGGrrr
540,intersection_4_3,road_4_4_3_0;road_4_4_3_0;road_4_4_3_0;road_4_4_3_1;road_4_4_3_1;road_4_4_3_1;road_4_4_3_2;road_4_4_3_2;road_4_4_3_2;road_5_3_2_0;road_5_3_2_0;road_5_3_2_0;road_5_3_2_1;road_5_3_2_1;road_5_3_2_1;road_5_3_2_2;road_5_3_2_2;road_5_3_2_2;road_4_2_1_0;road_4_2_1_0;road_4_2_1_0;road_4_2_1_1;road_4_2_1_1;road_4_2_1_1;road_4_2_1_2;road_4_2_1_2;road_4_2_1_2;road_3_3_0_0;road_3_3_0_0;road_3_3_0_0;road_3_3_0_1;road_3_3_0_1;road_3_3_0_1;road_3_3_0_2;road_3_3_0_2;road_3_3_0_2,GGGrrrrrrGGGGGGrrrGGGrrrrrrGGGGGGrrr
540,intersection_4_4,road_4_5_3_0;road_4_5_3_0;road_4_5_3_0;road_4_5_3_1;road_4_5_3_1;road_4_5_3_1;road_4_5_3_2;road_4_5_3_2;road_4_5_3_2;road_5_4_2_0;road_5_4_2_0;road_5_4_2_0;road_5_4_2_1;road_5_4_2_1;road_5_4_2_1;road_5_4_2_2;road_5_4_2_2;road_5_4_2_2;road_4_3_1_0;road_4_3_1_0;road_4_3_1_0;road_4_3_1_1;road_4_3_1_1;road_4_3_1_1;road_4_3_1_2;road_4_3_1_2;road_4_3_1_2;road_3_4_0_0;road_3_4_0_0;road_3_4_0_0;road_3_4_0_1;road_3_4_0_1;road_3_4_0_1;road_3_4_0_2;road_3_4_0_2;road_3_4_0_2,GGGrrrrrrGGGrrrrrrGGGGGGGGGGGGrrrrrr
550,intersection_1_1,road_1_2_3_0;road_1_2_3_0;road_1_2_3_0;road_1_2_3_1;road_1_2_3_1;road_1_2_3_1;road_1_2_3_2;road_1_2_3_2;road_1_2_3_2;road_2_1_2_0;road_2_1_2_0;road_2_1_2_0;road_2_1_2_1;road_2_1_2_1;road_2_1_2_1;road_2_1_2_2;road_2_1_2_2;road_2_1_2_2;road_1_0_1_0;road_1_0_1_0;road_1_0_1_0;road_1_0_1_1;road_1_0_1_1;road_1_0_1_1;road_1_0_1_2;road_1_0_1_2;road_1_0_1_2;road_0_1_0_0;road_0_1_0_0;road_0_1_0_0;road_0_1_0_1;road_0_1_0_1;road_0_1_0_1;road_0_1_0_2;road_0_1_0_2;road_0_1_0_2,GGGrrrrrrGGGrrrrrrGGGrrrrrrGGGGGGGGG
550,intersection_1_2,road_1_3_3_0;road_1_3_3_0;road_1_3_3_0;road_1_3_3_1;road_1_3_3_1;road_1_3_3_1;road_1_3_3_2;road_1_3_3_2;road_1_3_3_2;road_2_2_2_0;road_2_2_2_0;road_2_2_2_0;road_2_2_2_1;road_2_2_2_1;road_2_2_2_1;road_2_2_2_2;road_2_2_2_2;road_2_2_2_2;road_1_1_1_0;road_1_1_1_0;road_1_1_1_0;road_1_1_1_1;road_1_1_1_1;road_1_1_1_1;road_1_1_1_2;road_1_1_1_2;road_1_1_1_2;road_0_2_0_0;road_0_2_0_0;road_0_2_0_0;road_0_2_0_1;road_0_2_0_1;road_0_2_0_1;road_0_2_0_2;road_0_2_0_2;road_0_2_0_2,GGGGGGrrrGGGrrrrrrGGGGGGrrrGGGrrrrrr
550,intersection_1_3,road_1_4_3_0;road_1_4_3_0;road_1_4_3_0;road_1_4_3_1;road_1_4_3_1;road_1_4_3_1;road_1_4_3_2;road_1_4_3_2;road_1_4_3_2;road_2_3_2_0;road_2_3_2_0;road_2_3_2_0;road_2_3_2_1;road_2_3_2_1;road_2_3_2_1;road_2_3_2_2;road_2_3_2_2;road_2_3_2_2;road_1_2_1_0;road_1_2_1_0;road_1_2_1_0;road_1_2_1_1;road_1_2_1_1;road_1_2_1_1;road_1_2_1_2;road_1_2_1_2;road_1_2_1_2;road_0_3_0_0;road_0_3_0_0;road_0_3_0_0;road_0_3_0_1;road_0_3_0_1;road_0_3_0_1;road_0_3_0_2;road_0_3_0_2;road_0_3_0_2,GGGrrrrrrGGGGGGrrrGGGrrrrrrGGGGGGrrr
550,intersection_1_4,road_1_5_3_0;road_1_5_3_0;road_1_5_3_0;road_1_5_3_1;road_1_5_3_1;road_1_5_3_1;road_1_5_3_2;road_1_5_3_2;road_1_5_3_2;road_2_4_2_0;road_2_4_2_0;road_2_4_2_0;road_2_4_2_1;road_2_4_2_1;road_2_4_2_1;road_2_4_2_2;road_2_4_2_2;road_2_4_2_2;road_1_3_1_0;road_1_3_1_0;road_1_3_1_0;road_1_3_1_1;road_1_3_1_1;road_1_3_1_1;road_1_3_1_2;road_1_3_1_2;road_1_3_1_2;road_0_4_0_0;road_0_4_0_0;road_0_4_0_0;road_0_4_0_1;road_0_4_0_1;road_0_4_0_1;road_0_4_0_2;road_0_4_0_2;road_0_4_0_2,GGGGGGGGGGGGrrrrrrGGGrrrrrrGGGrrrrrr
550,intersection_2_1,road_2_2_3_0;road_2_2_3_0;road_2_2_3_0;road_2_2_3_1;road_2_2_3_1;road_2_2_3_1;road_2_2_3_2;road_2_2_3_2;road_2_2_3_2;road_3_1_2_0;road_3_1_2_0;road_3_1_2_0;road_3_1_2_1;road_3_1_2_1;road_3_1_2_1;road_3_1_2_2;road_3_1_2_2;road_3_1_2_2;road_2_0_1_0;road_2_0_1_0;road_2_0_1_0;road_2_0_1_1;road_2_0_1_1;road_2_0_1_1;road_2_0_1_2;road_2_0_1_2;road_2_0_1_2;road_1_1_0_0;road_1_1_0_0;road_1_1_0_0;road_1_1_0_1;road_1_1_0_1;road_1_1_0_1;road_1_1_0_2;road_1_1_0_2;road_1_1_0_2,GGGrrrrrrGGGrrrrrrGGGrrrrrrGGGGGGGGG
550,intersection_2_2,road_2_3_3_0;road_2_3_3_0;road_2_3_3_0;road_2_3_3_1;road_2_3_3_1;road_2_3_3_1;road_2_3_3_2;road_2_3_3_2;road_2_3_3_2;road_3_2_2_0;road_3_2_2_0;road_3_2_2_0;road_3_2_2_1;road_3_2_2_1;road_3_2_2_1;road_3_2_2_2;road_3_2_2_2;road_3_2_2_2;road_2_1_1_0;road_2_1_1_0;road_2_1_1_0;road_2_1_1_1;road_2_1_1_1;road_2_1_1_1;road_2_1_1_2;road_2_1_1_2;road_2_1_1_2;road_1_2_0_0;road_1_2_0_0;road_1_2_0_0;road_1_2_0_1;road_1_2_0_1;road_1_2_0_1;road_1_2_0_2;road_1_2_0_2;road_1_2_0_2,GGGrrrrrrGGGrrrrrrGGGrrrrrrGGGGGGGGG
550,intersection_2_3,road_2_4_3_0;road_2_4_3_0;road_2_4_3_0;road_2_4_3_1;road_2_4_3_1;road_2_4_3_1;road_2_4_3_2;road_2_4_3_2;road_2_4_3_2;road_3_3_2_0;road_3_3_2_0;road_3_3_2_0;road_3_3_2_1;road_3_3_2_1;road_3_3_2_1;road_3_3_2_2;road_3_3_2_2;road_3_3_2_2;road_2_2_1_0;road_2_2_1_0;road_2_2_1_0;road_2_2_1_1;road_2_2_1_1;road_2_2_1_1;road_2_2_1_2;road_2_2_1_2;road_2_2_1_2;road_1_3_0_0;road_1_3_0_0;road_1_3_0_0;road_1_3_0_1;road_1_3_0_1;road_1_3_0_1;road_1_3_0_2;road_1_3_0_2;road_1_3_0_2,GGGrrrrrrGGGGGGrrrGGGrrrrrrGGGGGGrrr
550,intersection_2_4,road_2_5_3_0;road_2_5_3_0;road_2_5_3_0;road_2_5_3_1;road_2_5_3_1;road_2_5_3_1;road_2_5_3_2;road_2_5_3_2;road_2_5_3_2;road_3_4_2_0;road_3_4_2_0;road_3_4_2_0;road_3_4_2_1;road_3_4_2_1;road_3_4_2_1;road_3_4_2_2;road_3_4_2_2;road_3_4_2_2;road_2_3_1_0;road_2_3_1_0;road_2_3_1_0;road_2_3_1_1;road_2_3_1_1;road_2_3_1_1;road_2_3_1_2;road_2_3_1_2;road_2_3_1_2;road_1_4_0_0;road_1_4_0_0;road_1_4_0_0;road_1_4_0_1;road_1_4_0_1;road_1_4_0_1;road_1_4_0_2;road_1_4_0_2;road_1_4_0_2,GGGrrrrrrGGGGGGrrrGGGrrrrrrGGGGGGrrr
550,intersection_3_1,road_3_2_3_0;road_3_2_3_0;road_3_2_3_0;road_3_2_3_1;road_3_2_3_1;road_3_2_3_1;road_3_2_3_2;road_3_2_3_2;road_3_2_3_2;road_4_1_2_0;road_4_1_2_0;road_4_1_2_0;road_4_1_2_1;road_4_1_2_1;road_4_1_2_1;road_4_1_2_2;road_4_1_2_2;road_4_1_2_2;road_3_0_1_0;road_3_0_1_0;road_3_0_1_0;road_3_0_1_1;road_3_0_1_1;road_3_0_1_1;road_3_0_1_2;road_3_0_1_2;road_3_0_1_2;road_2_1_0_0;road_2_1_0_0;road_2_1_0_0;road_2_1_0_1;road_2_1_0_1;road_2_1_0_1;road_2_1_0_2;road_2_1_0_2;road_2_1_0_2,GGGrrrrrrGGGGGGrrrGGGrrrrrrGGGGGGrrr
550,intersection_3_2,road_3_3_3_0;road_3_3_3_0;road_3_3_3_0;road_3_3_3_1;road_3_3_3_1;road_3_3_3_1;road_3_3_3_2;road_3_3_3_2;road_3_3_3_2;road_4_2_2_0;road_4_2_2_0;road_4_2_2_0;road_4_2_2_1;road_4_2_2_1;road_4_2_2_1;road_4_2_2_2;road_4_2_2_2;road_4_2_2_2;road_3_1_1_0;road_3_1_1_0;road_3_1_1_0;road_3_1_1_1;road_3_1_1_1;road_3_1_1_1;road_3_1_1_2;road_3_1_1_2;road_3_1_1_2;road_2_2_0_0;road_2_2_0_0;road_2_2_0_0;road_2_2_0_1;road_2_2_0_1;road_2_2_0_1;road_2_2_0_2;road_2_2_0_2;road_2_2_0_2,GGGrrrrrrGGGGGGGGGGGGrrrrrrGGGrrrrrr
550,intersection_3_3,road_3_4_3_0;road_3_4_3_0;road_3_4_3_0;road_3_4_3_1;road_3_4_3_1;road_3_4_3_1;road_3_4_3_2;road_3_4_3_2;road_3_4_3_2;road_4_3_2_0;road_4_3_2_0;road_4_3_2_0;road_4_3_2_1;road_4_3_2_1;road_4_3_2_1;road_4_3_2_2;road_4_3_2_2;road_4_3_2_2;road_3_2_1_0;road_3_2_1_0;road_3_2_1_0;road_3_2_1_1;road_3_2_1_1;road_3_2_1_1;road_3_2_1_2;road_3_2_1_2;road_3_2_1_2;road_2_3_0_0;road_2_3_0_0;road_2_3_0_0;road_2_3_0_1;road_2_3_0_1;road_2_3_0_1;road_2_3_0_2;road_2_3_0_2;road_2_3_0_2,GGGrrrrrrGGGGGGGGGGGGrrrrrrGGGrrrrrr
550,intersection_3_4,road_3_5_3_0;road_3_5_3_0;road_3_5_3_0;road_3_5_3_1;road_3_5_3_1;road_3_5_3_1;road_3_5_3_2;road_3_5_3_2;road_3_5_3_2;road_4_4_2_0;road_4_4_2_0;road_4_4_2_0;road_4_4_2_1;road_4_4_2_1;road_4_4_2_1;road_4_4_2_2;road_4_4_2_2;road_4_4_2_2;road_3_3_1_0;road_3_3_1_0;road_3_3_1_0;road_3_3_1_1;road_3_3_1_1;road_3_3_1_1;road_3_3_1_2;road_3_3_1_2;road_3_3_1_2;road_2_4_0_0;road_2_4_0_0;road_2_4_0_0;road_2_4_0_1;road_2_4_0_1;road_2_4_0_1;road_2_4_0_2;road_2_4_0_2;road_2_4_0_2,GGGGGGrrrGGGrrrrrrGGGGGGrrrGGGrrrrrr
550,intersection_4_1,road_4_2_3_0;road_4_2_3_0;road_4_2_3_0;road_4_2_3_1;road_4_2_3_1;road_4_2_3_1;road_4_2_3_2;road_4_2_3_2;road_4_2_3_2;road_5_1_2_0;road_5_1_2_0;road_5_1_2_0;road_5_1_2_1;road_5_1_2_1;road_5_1_2_1;road_5_1_2_2;road_5_1_2_2;road_5_1_2_2;road_4_0_1_0;road_4_0_1_0;road_4_0_1_0;road_4_0_1_1;road_4_0_1_1;road_4_0_1_1;road_4_0_1_2;road_4_0_1_2;road_4_0_1_2;road_3_1_0_0;road_3_1_0_0;road_3_1_0_0;road_3_1_0_1;road_3_1_0_1;road_3_1_0_1;road_3_1_0_2;road_3_1_0_2;road_3_1_0_2,GGGrrrrrrGGGGGGrrrGGGrrrrrrGGGGGGrrr
550,intersection_4_2,road_4_3_3_0;road_4_3_3_0;road_4_3_3_0;road_4_3_3_1;road_4_3_3_1;road_4_3_3_1;road_4_3_3_2;road_4_3_3_2;road_4_3_3_2;road_5_2_2_0;road_5_2_2_0;road_5_2_2_0;road_5_2_2_1;road_5_2_2_1;road_5_2_2_1;road_5_2_2_2;road_5_2_2_2;road_5_2_2_2;road_4_1_1_0;road_4_1_1_0;road_4_1_1_0;road_4_1_1_1;road_4_1_1_1;road_4_1_1_1;road_4_1_1_2;road_4_1_1_2;road_4_1_1_2;road_3_2_0_0;road_3_2_0_0;road_3_2_0_0;road_3_2_0_1;road_3_2_0_1;road_3_2_0_1;road_3_2_0_2;road_3_2_0_2;road_3_2_0_2,GGGrrrrrrGGGGGGrrrGGGrrrrrrGGGGGGrrr
550,intersection_4_3,road_4_4_3_0;road_4_4_3_0;road_4_4_3_0;road_4_4_3_1;road_4_4_3_1;road_4_4_3_1;road_4_4_3_2;road_4_4_3_2;road_4_4_3_2;road_5_3_2_0;road_5_3_2_0;road_5_3_2_0;road_5_3_2_1;road_5_3_2_1;road_5_3_2_1;road_5_3_2_2;road_5_3_2_2;road_5_3_2_2;road_4_2_1_0;road_4_2_1_0;road_4_2_1_0;road_4_2_1_1;road_4_2_1_1;road_4_2_1_1;road_4_2_1_2;road_4_2_1_2;road_4_2_1_2;road_3_3_0_0;road_3_3_0_0;road_3_3_0_0;road_3_3_0_1;road_3_3_0_1;road_3_3_0_1;road_3_3_0_2;road_3_3_0_2;road_3_3_0_2,GGGrrrrrrGGGGGGrrrGGGrrrrrrGGGGGGrrr
550,intersection_4_4,road_4_5_3_0;road_4_5_3_0;road_4_5_3_0;road_4_5_3_1;road_4_5_3_1;road_4_5_3_1;road_4_5_3_2;road_4_5_3_2;road_4_5_3_2;road_5_4_2_0;road_5_4_2_0;road_5_4_2_0;road_5_4_2_1;road_5_4_2_1;road_5_4_2_1;road_5_4_2_2;road_5_4_2_2;road_5_4_2_2;road_4_3_1_0;road_4_3_1_0;road_4_3_1_0;road_4_3_1_1;road_4_3_1_1;road_4_3_1_1;road_4_3_1_2;road_4_3_1_2;road_4_3_1_2;road_3_4_0_0;road_3_4_0_0;road_3_4_0_0;road_3_4_0_1;road_3_4_0_1;road_3_4_0_1;road_3_4_0_2;road_3_4_0_2;road_3_4_0_2,GGGrrrrrrGGGrrrrrrGGGGGGGGGGGGrrrrrr
560,intersection_1_1,road_1_2_3_0;road_1_2_3_0;road_1_2_3_0;road_1_2_3_1;road_1_2_3_1;road_1_2_3_1;road_1_2_3_2;road_1_2_3_2;road_1_2_3_2;road_2_1_2_0;road_2_1_2_0;road_2_1_2_0;road_2_1_2_1;road_2_1_2_1;road_2_1_2_1;road_2_1_2_2;road_2_1_2_2;road_2_1_2_2;road_1_0_1_0;road_1_0_1_0;road_1_0_1_0;road_1_0_1_1;road_1_0_1_1;road_1_0_1_1;road_1_0_1_2;road_1_0_1_2;road_1_0_1_2;road_0_1_0_0;road_0_1_0_0;road_0_1_0_0;road_0_1_0_1;road_0_1_0_1;road_0_1_0_1;road_0_1_0_2;road_0_1_0_2;road_0_1_0_2,GGGrrrrrrGGGrrrrrrGGGrrrrrrGGGGGGGGG
560,intersection_1_2,road_1_3_3_0;road_1_3_3_0;road_1_3_3_0;road_1_3_3_1;road_1_3_3_1;road_1_3_3_1;road_1_3_3_2;road_1_3_3_2;road_1_3_3_2;road_2_2_2_0;road_2_2_2_0;road_2_2_2_0;road_2_2_2_1;road_2_2_2_1;road_2_2_2_1;road_2_2_2_2;road_2_2_2_2;road_2_2_2_2;road_1_1_1_0;road_1_1_1_0;road_1_1_1_0;road_1_1_1_1;road_1_1_1_1;road_1_1_1_1;road_1_1_1_2;road_1_1_1_2;road_1_1_1_2;road_0_2_0_0;road_0_2_0_0;road_0_2_0_0;road_0_2_0_1;road_0_2_0_1;road_0_2_0_1;road_0_2_0_2;road_0_2_0_2;road_0_2_0_2,GGGGGGrrrGGGrrrrrrGGGGGGrrrGGGrrrrrr
560,intersection_1_3,road_1_4_3_0;road_1_4_3_0;road_1_4_3_0;road_1_4_3_1;road_1_4_3_1;road_1_4_3_1;road_1_4_3_2;road_1_4_3_2;road_1_4_3_2;road_2_3_2_0;road_2_3_2_0;road_2_3_2_0;road_2_3_2_1;road_2_3_2_1;road_2_3_2_1;road_2_3_2_2;road_2_3_2_2;road_2_3_2_2;road_1_2_1_0;road_1_2_1_0;road_1_2_1_0;road_1_2_1_1;road_1_2_1_1;road_1_2_1_1;road_1_2_1_2;road_1_2_1_2;road_1_2_1_2;road_0_3_0_0;road_0_3_0_0;road_0_3_0_0;road_0_3_0_1;road_0_3_0_1;road_0_3_0_1;road_0_3_0_2;road_0_3_0_2;road_0_3_0_2,GGGrrrrrrGGGGGGrrrGGGrrrrrrGGGGGGrrr
560,intersection_1_4,road_1_5_3_0;road_1_5_3_0;road_1_5_3_0;road_1_5_3_1;road_1_5_3_1;road_1_5_3_1;road_1_5_3_2;road_1_5_3_2;road_1_5_3_2;road_2_4_2_0;road_2_4_2_0;road_2_4_2_0;road_2_4_2_1;road_2_4_2_1;road_2_4_2_1;road_2_4_2_2;road_2_4_2_2;road_2_4_2_2;road_1_3_1_0;road_1_3_1_0;road_1_3_1_0;road_1_3_1_1;road_1_3_1_1;road_1_3_1_1;road_1_3_1_2;road_1_3_1_2;road_1_3_1_2;road_0_4_0_0;road_0_4_0_0;road_0_4_0_0;road_0_4_0_1;road_0_4_0_1;road_0_4_0_1;road_0_4_0_2;road_0_4_0_2;road_0_4_0_2,GGGGGGGGGGGGrrrrrrGGGrrrrrrGGGrrrrrr
560,intersection_2_1,road_2_2_3_0;road_2_2_3_0;road_2_2_3_0;road_2_2_3_1;road_2_2_3_1;road_2_2_3_1;road_2_2_3_2;road_2_2_3_2;road_2_2_3_2;road_3_1_2_0;road_3_1_2_0;road_3_1_2_0;road_3_1_2_1;road_3_1_2_1;road_3_1_2_1;road_3_1_2_2;road_3_1_2_2;road_3_1_2_2;road_2_0_1_0;road_2_0_1_0;road_2_0_1_0;road_2_0_1_1;road_2_0_1_1;road_2_0_1_1;road_2_0_1_2;road_2_0_1_2;road_2_0_1_2;road_1_1_0_0;road_1_1_0_0;road_1_1_0_0;road_1_1_0_1;road_1_1_0_1;road_1_1_0_1;road_1_1_0_2;road_1_1_0_2;road_1_1_0_2,GGGrrrrrrGGGrrrrrrGGGrrrrrrGGGGGGGGG
560,intersection_2_2,road_2_3_3_0;road_2_3_3_0;road_2_3_3_0;road_2_3_3_1;road_2_3_3_1;road_2_3_3_1;road_2_3_3_2;road_2_3_3_2;road_2_3_3_2;road_3_2_2_0;road_3_2_2_0;road_3_2_2_0;road_3_2_2_1;road_3_2_2_1;road_3_2_2_1;road_3_2_2_2;road_3_2_2_2;road_3_2_2_2;road_2_1_1_0;road_2_1_1_0;road_2_1_1_0;road_2_1_1_1;road_2_1_1_1;road_2_1_1_1;road_2_1_1_2;road_2_1_1_2;road_2_1_1_2;road_1_2_0_0;road_1_2_0_0;road_1_2_0_0;road_1_2_0_1;road_1_2_0_1;road_1_2_0_1;road_1_2_0_2;road_1_2_0_2;road_1_2_0_2,GGGrrrrrrGGGrrrrrrGGGrrrrrrGGGGGGGGG
560,intersection_2_3,road_2_4_3_0;road_2_4_3_0;road_2_4_3_0;road_2_4_3_1;road_2_4_3_1;road_2_4_3_1;road_2_4_3_2;road_2_4_3_2;road_2_4_3_2;road_3_3_2_0;road_3_3_2_0;road_3_3_2_0;road_3_3_2_1;road_3_3_2_1;road_3_3_2_1;road_3_3_2_2;road_3_3_2_2;road_3_3_2_2;road_2_2_1_0;road_2_2_1_0;road_2_2_1_0;road_2_2_1_1;road_2_2_1_1;road_2_2_1_1;road_2_2_1_2;road_2_2_1_2;road_2_2_1_2;road_1_3_0_0;road_1_3_0_0;road_1_3_0_0;road_1_3_0_1;road_1_3_0_1;road_1_3_0_1;road_1_3_0_2;road_1_3_0_2;road_1_3_0_2,GGGrrrrrrGGGGGGrrrGGGrrrrrrGGGGGGrrr
560,intersection_2_4,road_2_5_3_0;road_2_5_3_0;road_2_5_3_0;road_2_5_3_1;road_2_5_3_1;road_2_5_3_1;road_2_5_3_2;road_2_5_3_2;road_2_5_3_2;road_3_4_2_0;road_3_4_2_0;road_3_4_2_0;road_3_4_2_1;road_3_4_2_1;road_3_4_2_1;road_3_4_2_2;road_3_4_2_2;road_3_4_2_2;road_2_3_1_0;road_2_3_1_0;road_2_3_1_0;road_2_3_1_1;road_2_3_1_1;road_2_3_1_1;road_2_3_1_2;road_2_3_1_2;road_2_3_1_2;road_1_4_0_0;road_1_4_0_0;road_1_4_0_0;road_1_4_0_1;road_1_4_0_1;road_1_4_0_1;road_1_4_0_2;road_1_4_0_2;road_1_4_0_2,GGGrrrrrrGGGrrrrrrGGGrrrrrrGGGGGGGGG
560,intersection_3_1,road_3_2_3_0;road_3_2_3_0;road_3_2_3_0;road_3_2_3_1;road_3_2_3_1;road_3_2_3_1;road_3_2_3_2;road_3_2_3_2;road_3_2_3_2;road_4_1_2_0;road_4_1_2_0;road_4_1_2_0;road_4_1_2_1;road_4_1_2_1;road_4_1_2_1;road_4_1_2_2;road_4_1_2_2;road_4_1_2_2;road_3_0_1_0;road_3_0_1_0;road_3_0_1_0;road_3_0_1_1;road_3_0_1_1;road_3_0_1_1;road_3_0_1_2;road_3_0_1_2;road_3_0_1_2;road_2_1_0_0;road_2_1_0_0;road_2_1_0_0;road_2_1_0_1;road_2_1_0_1;road_2_1_0_1;road_2_1_0_2;road_2_1_0_2;road_2_1_0_2,GGGrrrrrrGGGGGGrrrGGGrrrrrrGGGGGGrrr
560,intersection_3_2,road_3_3_3_0;road_3_3_3_0;road_3_3_3_0;road_3_3_3_1;road_3_3_3_1;road_3_3_3_1;road_3_3_3_2;road_3_3_3_2;road_3_3_3_2;road_4_2_2_0;road_4_2_2_0;road_4_2_2_0;road_4_2_2_1;road_4_2_2_1;road_4_2_2_1;road_4_2_2_2;road_4_2_2_2;road_4_2_2_2;road_3_1_1_0;road_3_1_1_0;road_3_1_1_0;road_3_1_1_1;road_3_1_1_1;road_3_1_1_1;road_3_1_1_2;road_3_1_1_2;road_3_1_1_2;road_2_2_0_0;road_2_2_0_0;road_2_2_0_0;road_2_2_0_1;road_2_2_0_1;road_2_2_0_1;road_2_2_0_2;road_2_2_0_2;road_2_2_0_2,GGGrrrrrrGGGGGGGGGGGGrrrrrrGGGrrrrrr
560,intersection_3_3,road_3_4_3_0;road_3_4_3_0;road_3_4_3_0;road_3_4_3_1;road_3_4_3_1;road_3_4_3_1;road_3_4_3_2;road_3_4_3_2;road_3_4_3_2;road_4_3_2_0;road_4_3_2_0;road_4_3_2_0;road_4_3_2_1;road_4_3_2_1;road_4_3_2_1;road_4_3_2_2;road_4_3_2_2;road_4_3_2_2;road_3_2_1_0;road_3_2_1_0;road_3_2_1_0;road_3_2_1_1;road_3_2_1_1;road_3_2_1_1;road_3_2_1_2;road_3_2_1_2;road_3_2_1_2;road_2_3_0_0;road_2_3_0_0;road_2_3_0_0;road_2_3_0_1;road_2_3_0_1;road_2_3_0_1;road_2_3_0_2;road_2_3_0_2;road_2_3_0_2,GGGrrrrrrGGGGGGGGGGGGrrrrrrGGGrrrrrr
560,intersection_3_4,road_3_5_3_0;road_3_5_3_0;road_3_5_3_0;road_3_5_3_1;road_3_5_3_1;road_3_5_3_1;road_3_5_3_2;road_3_5_3_2;road_3_5_3_2;road_4_4_2_0;road_4_4_2_0;road_4_4_2_0;road_4_4_2_1;road_4_4_2_1;road_4_4_2_1;road_4_4_2_2;road_4_4_2_2;road_4_4_2_2;road_3_3_1_0;road_3_3_1_0;road_3_3_1_0;road_3_3_1_1;road_3_3_1_1;road_3_3_1_1;road_3_3_1_2;road_3_3_1_2;road_3_3_1_2;road_2_4_0_0;road_2_4_0_0;road_2_4_0_0;road_2_4_0_1;road_2_4_0_1;road_2_4_0_1;road_2_4_0_2;road_2_4_0_2;road_2_4_0_2,GGGGGGrrrGGGrrrrrrGGGGGGrrrGGGrrrrrr
560,intersection_4_1,road_4_2_3_0;road_4_2_3_0;road_4_2_3_0;road_4_2_3_1;road_4_2_3_1;road_4_2_3_1;road_4_2_3_2;road_4_2_3_2;road_4_2_3_2;road_5_1_2_0;road_5_1_2_0;road_5_1_2_0;road_5_1_2_1;road_5_1_2_1;road_5_1_2_1;road_5_1_2_2;road_5_1_2_2;road_5_1_2_2;road_4_0_1_0;road_4_0_1_0;road_4_0_1_0;road_4_0_1_1;road_4_0_1_1;road_4_0_1_1;road_4_0_1_2;road_4_0_1_2;road_4_0_1_2;road_3_1_0_0;road_3_1_0_0;road_3_1_0_0;road_3_1_0_1;road_3_1_0_1;road_3_1_0_1;road_3_1_0_2;road_3_1_0_2;road_3_1_0_2,GGGrrrrrrGGGGGGrrrGGGrrrrrrGGGGGGrrr
560,intersection_4_2,road_4_3_3_0;road_4_3_3_0;road_4_3_3_0;road_4_3_3_1;road_4_3_3_1;road_4_3_3_1;road_4_3_3_2;road_4_3_3_2;road_4_3_3_2;road_5_2_2_0;road_5_2_2_0;road_5_2_2_0;road_5_2_2_1;road_5_2_2_1;road_5_2_2_1;road_5_2_2_2;road_5_2_2_2;road_5_2_2_2;road_4_1_1_0;road_4_1_1_0;road_4_1_1_0;road_4_1_1_1;road_4_1_1_1;road_4_1_1_1;road_4_1_1_2;road_4_1_1_2;road_4_1_1_2;road_3_2_0_0;road_3_2_0_0;road_3_2_0_0;road_3_2_0_1;road_3_2_0_1;road_3_2_0_1;road_3_2_0_2;road_3_2_0_2;road_3_2_0_2,GGGrrrrrrGGGGGGGGGGGGrrrrrrGGGrrrrrr
560,intersection_4_3,road_4_4_3_0;road_4_4_3_0;road_4_4_3_0;road_4_4_3_1;road_4_4_3_1;road_4_4_3_1;road_4_4_3_2;road_4_4_3_2;road_4_4_3_2;road_5_3_2_0;road_5_3_2_0;road_5_3_2_0;road_5_3_2_1;road_5_3_2_1;road_5_3_2_1;road_5_3_2_2;road_5_3_2_2;road_5_3_2_2;road_4_2_1_0;road_4_2_1_0;road_4_2_1_0;road_4_2_1_1;road_4_2_1_1;road_4_2_1_1;road_4_2_1_2;road_4_2_1_2;road_4_2_1_2;road_3_3_0_0;road_3_3_0_0;road_3_3_0_0;road_3_3_0_1;road_3_3_0_1;road_3_3_0_1;road_3_3_0_2;road_3_3_0_2;road_3_3_0_2,GGGrrrrrrGGGGGGrrrGGGrrrrrrGGGGGGrrr
560,intersection_4_4,road_4_5_3_0;road_4_5_3_0;road_4_5_3_0;road_4_5_3_1;road_4_5_3_1;road_4_5_3_1;road_4_5_3_2;road_4_5_3_2;road_4_5_3_2;road_5_4_2_0;road_5_4_2_0;road_5_4_2_0;road_5_4_2_1;road_5_4_2_1;road_5_4_2_1;road_5_4_2_2;road_5_4_2_2;road_5_4_2_2;road_4_3_1_0;road_4_3_1_0;road_4_3_1_0;road_4_3_1_1;road_4_3_1_1;road_4_3_1_1;road_4_3_1_2;road_4_3_1_2;road_4_3_1_2;road_3_4_0_0;road_3_4_0_0;road_3_4_0_0;road_3_4_0_1;road_3_4_0_1;road_3_4_0_1;road_3_4_0_2;road_3_4_0_2;road_3_4_0_2,GGGrrrrrrGGGrrrrrrGGGGGGGGGGGGrrrrrr
570,intersection_1_1,road_1_2_3_0;road_1_2_3_0;road_1_2_3_0;road_1_2_3_1;road_1_2_3_1;road_1_2_3_1;road_1_2_3_2;road_1_2_3_2;road_1_2_3_2;road_2_1_2_0;road_2_1_2_0;road_2_1_2_0;road_2_1_2_1;road_2_1_2_1;road_2_1_2_1;road_2_1_2_2;road_2_1_2_2;road_2_1_2_2;road_1_0_1_0;road_1_0_1_0;road_1_0_1_0;road_1_0_1_1;road_1_0_1_1;road_1_0_1_1;road_1_0_1_2;road_1_0_1_2;road_1_0_1_2;road_0_1_0_0;road_0_1_0_0;road_0_1_0_0;road_0_1_0_1;road_0_1_0_1;road_0_1_0_1;road_0_1_0_2;road_0_1_0_2;road_0_1_0_2,GGGrrrrrrGGGrrrrrrGGGrrrrrrGGGGGGGGG
570,intersection_1_2,road_1_3_3_0;road_1_3_3_0;road_1_3_3_0;road_1_3_3_1;road_1_3_3_1;road_1_3_3_1;road_1_3_3_2;road_1_3_3_2;road_1_3_3_2;road_2_2_2_0;road_2_2_2_0;road_2_2_2_0;road_2_2_2_1;road_2_2_2_1;road_2_2_2_1;road_2_2_2_2;road_2_2_2_2;road_2_2_2_2;road_1_1_1_0;road_1_1_1_0;road_1_1_1_0;road_1_1_1_1;road_1_1_1_1;road_1_1_1_1;road_1_1_1_2;road_1_1_1_2;road_1_1_1_2;road_0_2_0_0;road_0_2_0_0;road_0_2_0_0;road_0_2_0_1;road_0_2_0_1;road_0_2_0_1;road_0_2_0_2;road_0_2_0_2;road_0_2_0_2,GGGGGGrrrGGGrrrrrrGGGGGGrrrGGGrrrrrr
570,intersection_1_3,road_1_4_3_0;road_1_4_3_0;road_1_4_3_0;road_1_4_3_1;road_1_4_3_1;road_1_4_3_1;road_1_4_3_2;road_1_4_3_2;road_1_4_3_2;road_2_3_2_0;road_2_3_2_0;road_2_3_2_0;road_2_3_2_1;road_2_3_2_1;road_2_3_2_1;road_2_3_2_2;road_2_3_2_2;road_2_3_2_2;road_1_2_1_0;road_1_2_1_0;road_1_2_1_0;road_1_2_1_1;road_1_2_1_1;road_1_2_1_1;road_1_2_1_2;road_1_2_1_2;road_1_2_1_2;road_0_3_0_0;road_0_3_0_0;road_0_3_0_0;road_0_3_0_1;road_0_3_0_1;road_0_3_0_1;road_0_3_0_2;road_0_3_0_2;road_0_3_0_2,GGGrrrrrrGGGGGGrrrGGGrrrrrrGGGGGGrrr
570,intersection_1_4,road_1_5_3_0;road_1_5_3_0;road_1_5_3_0;road_1_5_3_1;road_1_5_3_1;road_1_5_3_1;road_1_5_3_2;road_1_5_3_2;road_1_5_3_2;road_2_4_2_0;road_2_4_2_0;road_2_4_2_0;road_2_4_2_1;road_2_4_2_1;road_2_4_2_1;road_2_4_2_2;road_2_4_2_2;road_2_4_2_2;road_1_3_1_0;road_1_3_1_0;road_1_3_1_0;road_1_3_1_1;road_1_3_1_1;road_1_3_1_1;road_1_3_1_2;road_1_3_1_2;road_1_3_1_2;road_0_4_0_0;road_0_4_0_0;road_0_4_0_0;road_0_4_0_1;road_0_4_0_1;road_0_4_0_1;road_0_4_0_2;road_0_4_0_2;road_0_4_0_2,GGGGGGGGGGGGrrrrrrGGGrrrrrrGGGrrrrrr
570,intersection_2_1,road_2_2_3_0;road_2_2_3_0;road_2_2_3_0;road_2_2_3_1;road_2_2_3_1;road_2_2_3_1;road_2_2_3_2;road_2_2_3_2;road_2_2_3_2;road_3_1_2_0;road_3_1_2_0;road_3_1_2_0;road_3_1_2_1;road_3_1_2_1;road_3_1_2_1;road_3_1_2_2;road_3_1_2_2;road_3_1_2_2;road_2_0_1_0;road_2_0_1_0;road_2_0_1_0;road_2_0_1_1;road_2_0_1_1;road_2_0_1_1;road_2_0_1_2;road_2_0_1_2;road_2_0_1_2;road_1_1_0_0;road_1_1_0_0;road_1_1_0_0;road_1_1_0_1;road_1_1_0_1;road_1_1_0_1;road_1_1_0_2;road_1_1_0_2;road_1_1_0_2,GGGrrrrrrGGGrrrrrrGGGrrrrrrGGGGGGGGG
570,intersection_2_2,road_2_3_3_0;road_2_3_3_0;road_2_3_3_0;road_2_3_3_1;road_2_3_3_1;road_2_3_3_1;road_2_3_3_2;road_2_3_3_2;road_2_3_3_2;road_3_2_2_0;road_3_2_2_0;road_3_2_2_0;road_3_2_2_1;road_3_2_2_1;road_3_2_2_1;road_3_2_2_2;road_3_2_2_2;road_3_2_2_2;road_2_1_1_0;road_2_1_1_0;road_2_1_1_0;road_2_1_1_1;road_2_1_1_1;road_2_1_1_1;road_2_1_1_2;road_2_1_1_2;road_2_1_1_2;road_1_2_0_0;road_1_2_0_0;road_1_2_0_0;road_1_2_0_1;road_1_2_0_1;road_1_2_0_1;road_1_2_0_2;road_1_2_0_2;road_1_2_0_2,GGGrrrrrrGGGrrrrrrGGGrrrrrrGGGGGGGGG
570,intersection_2_3,road_2_4_3_0;road_2_4_3_0;road_2_4_3_0;road_2_4_3_1;road_2_4_3_1;road_2_4_3_1;road_2_4_3_2;road_2_4_3_2;road_2_4_3_2;road_3_3_2_0;road_3_3_2_0;road_3_3_2_0;road_3_3_2_1;road_3_3_2_1;road_3_3_2_1;road_3_3_2_2;road_3_3_2_2;road_3_3_2_2;road_2_2_1_0;road_2_2_1_0;road_2_2_1_0;road_2_2_1_1;road_2_2_1_1;road_2_2_1_1;road_2_2_1_2;road_2_2_1_2;road_2_2_1_2;road_1_3_0_0;road_1_3_0_0;road_1_3_0_0;road_1_3_0_1;road_1_3_0_1;road_1_3_0_1;road_1_3_0_2;road_1_3_0_2;road_1_3_0_2,GGGrrrrrrGGGGGGrrrGGGrrrrrrGGGGGGrrr
570,intersection_2_4,road_2_5_3_0;road_2_5_3_0;road_2_5_3_0;road_2_5_3_1;road_2_5_3_1;road_2_5_3_1;road_2_5_3_2;road_2_5_3_2;road_2_5_3_2;road_3_4_2_0;road_3_4_2_0;road_3_4_2_0;road_3_4_2_1;road_3_4_2_1;road_3_4_2_1;road_3_4_2_2;road_3_4_2_2;road_3_4_2_2;road_2_3_1_0;road_2_3_1_0;road_2_3_1_0;road_2_3_1_1;road_2_3_1_1;road_2_3_1_1;road_2_3_1_2;road_2_3_1_2;road_2_3_1_2;road_1_4_0_0;road_1_4_0_0;road_1_4_0_0;road_1_4_0_1;road_1_4_0_1;road_1_4_0_1;road_1_4_0_2;road_1_4_0_2;road_1_4_0_2,GGGrrrrrrGGGGGGrrrGGGrrrrrrGGGGGGrrr
570,intersection_3_1,road_3_2_3_0;road_3_2_3_0;road_3_2_3_0;road_3_2_3_1;road_3_2_3_1;road_3_2_3_1;road_3_2_3_2;road_3_2_3_2;road_3_2_3_2;road_4_1_2_0;road_4_1_2_0;road_4_1_2_0;road_4_1_2_1;road_4_1_2_1;road_4_1_2_1;road_4_1_2_2;road_4_1_2_2;road_4_1_2_2;road_3_0_1_0;road_3_0_1_0;road_3_0_1_0;road_3_0_1_1;road_3_0_1_1;road_3_0_1_1;road_3_0_1_2;road_3_0_1_2;road_3_0_1_2;road_2_1_0_0;road_2_1_0_0;road_2_1_0_0;road_2_1_0_1;road_2_1_0_1;road_2_1_0_1;road_2_1_0_2;road_2_1_0_2;road_2_1_0_2,GGGrrrrrrGGGGGGrrrGGGrrrrrrGGGGGGrrr
570,intersection_3_2,road_3_3_3_0;road_3_3_3_0;road_3_3_3_0;road_3_3_3_1;road_3_3_3_1;road_3_3_3_1;road_3_3_3_2;road_3_3_3_2;road_3_3_3_2;road_4_2_2_0;road_4_2_2_0;road_4_2_2_0;road_4_2_2_1;road_4_2_2_1;road_4_2_2_1;road_4_2_2_2;road_4_2_2_2;road_4_2_2_2;road_3_1_1_0;road_3_1_1_0;road_3_1_1_0;road_3_1_1_1;road_3_1_1_1;road_3_1_1_1;road_3_1_1_2;road_3_1_1_2;road_3_1_1_2;road_2_2_0_0;road_2_2_0_0;road_2_2_0_0;road_2_2_0_1;road_2_2_0_1;road_2_2_0_1;road_2_2_0_2;road_2_2_0_2;road_2_2_0_2,GGGrrrrrrGGGGGGGGGGGGrrrrrrGGGrrrrrr
570,intersection_3_3,road_3_4_3_0;road_3_4_3_0;road_3_4_3_0;road_3_4_3_1;road_3_4_3_1;road_3_4_3_1;road_3_4_3_2;road_3_4_3_2;road_3_4_3_2;road_4_3_2_0;road_4_3_2_0;road_4_3_2_0;road_4_3_2_1;road_4_3_2_1;road_4_3_2_1;road_4_3_2_2;road_4_3_2_2;road_4_3_2_2;road_3_2_1_0;road_3_2_1_0;road_3_2_1_0;road_3_2_1_1;road_3_2_1_1;road_3_2_1_1;road_3_2_1_2;road_3_2_1_2;road_3_2_1_2;road_2_3_0_0;road_2_3_0_0;road_2_3_0_0;road_2_3_0_1;road_2_3_0_1;road_2_3_0_1;road_2_3_0_2;road_2_3_0_2;road_2_3_0_2,GGGrrrrrrGGGGGGrrrGGGrrrrrrGGGGGGrrr
570,intersection_3_4,road_3_5_3_0;road_3_5_3_0;road_3_5_3_0;road_3_5_3_1;road_3_5_3_1;road_3_5_3_1;road_3_5_3_2;road_3_5_3_2;road_3_5_3_2;road_4_4_2_0;road_4_4_2_0;road_4_4_2_0;road_4_4_2_1;road_4_4_2_1;road_4_4_2_1;road_4_4_2_2;road_4_4_2_2;road_4_4_2_2;road_3_3_1_0;road_3_3_1_0;road_3_3_1_0;road_3_3_1_1;road_3_3_1_1;road_3_3_1_1;road_3_3_1_2;road_3_3_1_2;road_3_3_1_2;road_2_4_0_0;road_2_4_0_0;road_2_4_0_0;road_2_4_0_1;road_2_4_0_1;road_2_4_0_1;road_2_4_0_2;road_2_4_0_2;road_2_4_0_2,GGGGGGrrrGGGrrrrrrGGGGGGrrrGGGrrrrrr
570,intersection_4_1,road_4_2_3_0;road_4_2_3_0;road_4_2_3_0;road_4_2_3_1;road_4_2_3_1;road_4_2_3_1;road_4_2_3_2;road_4_2_3_2;road_4_2_3_2;road_5_1_2_0;road_5_1_2_0;road_5_1_2_0;road_5_1_2_1;road_5_1_2_1;road_5_1_2_1;road_5_1_2_2;road_5_1_2_2;road_5_1_2_2;road_4_0_1_0;road_4_0_1_0;road_4_0_1_0;road_4_0_1_1;road_4_0_1_1;road_4_0_1_1;road_4_0_1_2;road_4_0_1_2;road_4_0_1_2;road_3_1_0_0;road_3_1_0_0;road_3_1_0_0;road_3_1_0_1;road_3_1_0_1;road_3_1_0_1;road_3_1_0_2;road_3_1_0_2;road_3_1_0_2,GGGrrrrrrGGGGGGrrrGGGrrrrrrGGGGGGrrr
570,intersection_4_2,road_4_3_3_0;road_4_3_3_0;road_4_3_3_0;road_4_3_3_1;road_4_3_3_1;road_4_3_3_1;road_4_3_3_2;road_4_3_3_2;road_4_3_3_2;road_5_2_2_0;road_5_2_2_0;road_5_2_2_0;road_5_2_2_1;road_5_2_2_1;road_5_2_2_1;road_5_2_2_2;road_5_2_2_2;road_5_2_2_2;road_4_1_1_0;road_4_1_1_0;road_4_1_1_0;road_4_1_1_1;road_4_1_1_1;road_4_1_1_1;road_4_1_1_2;road_4_1_1_2;road_4_1_1_2;road_3_2_0_0;road_3_2_0_0;road_3_2_0_0;road_3_2_0_1;road_3_2_0_1;road_3_2_0_1;road_3_2_0_2;road_3_2_0_2;road_3_2_0_2,GGGrrrrrrGGGGGGGGGGGGrrrrrrGGGrrrrrr
570,intersection_4_3,road_4_4_3_0;road_4_4_3_0;road_4_4_3_0;road_4_4_3_1;road_4_4_3_1;road_4_4_3_1;road_4_4_3_2;road_4_4_3_2;road_4_4_3_2;road_5_3_2_0;road_5_3_2_0;road_5_3_2_0;road_5_3_2_1;road_5_3_2_1;road_5_3_2_1;road_5_3_2_2;road_5_3_2_2;road_5_3_2_2;road_4_2_1_0;road_4_2_1_0;road_4_2_1_0;road_4_2_1_1;road_4_2_1_1;road_4_2_1_1;road_4_2_1_2;road_4_2_1_2;road_4_2_1_2;road_3_3_0_0;road_3_3_0_0;road_3_3_0_0;road_3_3_0_1;road_3_3_0_1;road_3_3_0_1;road_3_3_0_2;road_3_3_0_2;road_3_3_0_2,GGGrrrrrrGGGGGGrrrGGGrrrrrrGGGGGGrrr
570,intersection_4_4,road_4_5_3_0;road_4_5_3_0;road_4_5_3_0;road_4_5_3_1;road_4_5_3_1;road_4_5_3_1;road_4_5_3_2;road_4_5_3_2;road_4_5_3_2;road_5_4_2_0;road_5_4_2_0;road_5_4_2_0;road_5_4_2_1;road_5_4_2_1;road_5_4_2_1;road_5_4_2_2;road_5_4_2_2;road_5_4_2_2;road_4_3_1_0;road_4_3_1_0;road_4_3_1_0;road_4_3_1_1;road_4_3_1_1;road_4_3_1_1;road_4_3_1_2;road_4_3_1_2;road_4_3_1_2;road_3_4_0_0;road_3_4_0_0;road_3_4_0_0;road_3_4_0_1;road_3_4_0_1;road_3_4_0_1;road_3_4_0_2;road_3_4_0_2;road_3_4_0_2,GGGrrrrrrGGGrrrrrrGGGGGGGGGGGGrrrrrr
580,intersection_1_1,road_1_2_3_0;road_1_2_3_0;road_1_2_3_0;road_1_2_3_1;road_1_2_3_1;road_1_2_3_1;road_1_2_3_2;road_1_2_3_2;road_1_2_3_2;road_2_1_2_0;road_2_1_2_0;road_2_1_2_0;road_2_1_2_1;road_2_1_2_1;road_2_1_2_1;road_2_1_2_2;road_2_1_2_2;road_2_1_2_2;road_1_0_1_0;road_1_0_1_0;road_1_0_1_0;road_1_0_1_1;road_1_0_1_1;road_1_0_1_1;road_1_0_1_2;road_1_0_1_2;road_1_0_1_2;road_0_1_0_0;road_0_1_0_0;road_0_1_0_0;road_0_1_0_1;road_0_1_0_1;road_0_1_0_1;road_0_1_0_2;road_0_1_0_2;road_0_1_0_2,GGGrrrrrrGGGrrrrrrGGGrrrrrrGGGGGGGGG
580,intersection_1_2,road_1_3_3_0;road_1_3_3_0;road_1_3_3_0;road_1_3_3_1;road_1_3_3_1;road_1_3_3_1;road_1_3_3_2;road_1_3_3_2;road_1_3_3_2;road_2_2_2_0;road_2_2_2_0;road_2_2_2_0;road_2_2_2_1;road_2_2_2_1;road_2_2_2_1;road_2_2_2_2;road_2_2_2_2;road_2_2_2_2;road_1_1_1_0;road_1_1_1_0;road_1_1_1_0;road_1_1_1_1;road_1_1_1_1;road_1_1_1_1;road_1_1_1_2;road_1_1_1_2;road_1_1_1_2;road_0_2_0_0;road_0_2_0_0;road_0_2_0_0;road_0_2_0_1;road_0_2_0_1;road_0_2_0_1;road_0_2_0_2;road_0_2_0_2;road_0_2_0_2,GGGGGGrrrGGGrrrrrrGGGGGGrrrGGGrrrrrr
580,intersection_1_3,road_1_4_3_0;road_1_4_3_0;road_1_4_3_0;road_1_4_3_1;road_1_4_3_1;road_1_4_3_1;road_1_4_3_2;road_1_4_3_2;road_1_4_3_2;road_2_3_2_0;road_2_3_2_0;road_2_3_2_0;road_2_3_2_1;road_2_3_2_1;road_2_3_2_1;road_2_3_2_2;road_2_3_2_2;road_2_3_2_2;road_1_2_1_0;road_1_2_1_0;road_1_2_1_0;road_1_2_1_1;road_1_2_1_1;road_1_2_1_1;road_1_2_1_2;road_1_2_1_2;road_1_2_1_2;road_0_3_0_0;road_0_3_0_0;road_0_3_0_0;road_0_3_0_1;road_0_3_0_1;road_0_3_0_1;road_0_3_0_2;road_0_3_0_2;road_0_3_0_2,GGGrrrrrrGGGGGGrrrGGGrrrrrrGGGGGGrrr
580,intersection_1_4,road_1_5_3_0;road_1_5_3_0;road_1_5_3_0;road_1_5_3_1;road_1_5_3_1;road_1_5_3_1;road_1_5_3_2;road_1_5_3_2;road_1_5_3_2;road_2_4_2_0;road_2_4_2_0;road_2_4_2_0;road_2_4_2_1;road_2_4_2_1;road_2_4_2_1;road_2_4_2_2;road_2_4_2_2;road_2_4_2_2;road_1_3_1_0;road_1_3_1_0;road_1_3_1_0;road_1_3_1_1;road_1_3_1_1;road_1_3_1_1;road_1_3_1_2;road_1_3_1_2;road_1_3_1_2;road_0_4_0_0;road_0_4_0_0;road_0_4_0_0;road_0_4_0_1;road_0_4_0_1;road_0_4_0_1;road_0_4_0_2;road_0_4_0_2;road_0_4_0_2,GGGGGGrrrGGGrrrrrrGGGGGGrrrGGGrrrrrr
580,intersection_2_1,road_2_2_3_0;road_2_2_3_0;road_2_2_3_0;road_2_2_3_1;road_2_2_3_1;road_2_2_3_1;road_2_2_3_2;road_2_2_3_2;road_2_2_3_2;road_3_1_2_0;road_3_1_2_0;road_3_1_2_0;road_3_1_2_1;road_3_1_2_1;road_3_1_2_1;road_3_1_2_2;road_3_1_2_2;road_3_1_2_2;road_2_0_1_0;road_2_0_1_0;road_2_0_1_0;road_2_0_1_1;road_2_0_1_1;road_2_0_1_1;road_2_0_1_2;road_2_0_1_2;road_2_0_1_2;road_1_1_0_0;road_1_1_0_0;road_1_1_0_0;road_1_1_0_1;road_1_1_0_1;road_1_1_0_1;road_1_1_0_2;road_1_1_0_2;road_1_1_0_2,GGGrrrrrrGGGGGGrrrGGGrrrrrrGGGGGGrrr
580,intersection_2_2,road_2_3_3_0;road_2_3_3_0;road_2_3_3_0;road_2_3_3_1;road_2_3_3_1;road_2_3_3_1;road_2_3_3_2;road_2_3_3_2;road_2_3_3_2;road_3_2_2_0;road_3_2_2_0;road_3_2_2_0;road_3_2_2_1;road_3_2_2_1;road_3_2_2_1;road_3_2_2_2;road_3_2_2_2;road_3_2_2_2;road_2_1_1_0;road_2_1_1_0;road_2_1_1_0;road_2_1_1_1;road_2_1_1_1;road_2_1_1_1;road_2_1_1_2;road_2_1_1_2;road_2_1_1_2;road_1_2_0_0;road_1_2_0_0;road_1_2_0_0;road_1_2_0_1;road_1_2_0_1;road_1_2_0_1;road_1_2_0_2;road_1_2_0_2;road_1_2_0_2,GGGrrrrrrGGGrrrrrrGGGrrrrrrGGGGGGGGG
580,intersection_2_3,road_2_4_3_0;road_2_4_3_0;road_2_4_3_0;road_2_4_3_1;road_2_4_3_1;road_2_4_3_1;road_2_4_3_2;road_2_4_3_2;road_2_4_3_2;road_3_3_2_0;road_3_3_2_0;road_3_3_2_0;road_3_3_2_1;road_3_3_2_1;road_3_3_2_1;road_3_3_2_2;road_3_3_2_2;road_3_3_2_2;road_2_2_1_0;road_2_2_1_0;road_2_2_1_0;road_2_2_1_1;road_2_2_1_1;road_2_2_1_1;road_2_2_1_2;road_2_2_1_2;road_2_2_1_2;road_1_3_0_0;road_1_3_0_0;road_1_3_0_0;road_1_3_0_1;road_1_3_0_1;road_1_3_0_1;road_1_3_0_2;road_1_3_0_2;road_1_3_0_2,GGGrrrrrrGGGGGGrrrGGGrrrrrrGGGGGGrrr
580,intersection_2_4,road_2_5_3_0;road_2_5_3_0;road_2_5_3_0;road_2_5_3_1;road_2_5_3_1;road_2_5_3_1;road_2_5_3_2;road_2_5_3_2;road_2_5_3_2;road_3_4_2_0;road_3_4_2_0;road_3_4_2_0;road_3_4_2_1;road_3_4_2_1;road_3_4_2_1;road_3_4_2_2;road_3_4_2_2;road_3_4_2_2;road_2_3_1_0;road_2_3_1_0;road_2_3_1_0;road_2_3_1_1;road_2_3_1_1;road_2_3_1_1;road_2_3_1_2;road_2_3_1_2;road_2_3_1_2;road_1_4_0_0;road_1_4_0_0;road_1_4_0_0;road_1_4_0_1;road_1_4_0_1;road_1_4_0_1;road_1_4_0_2;road_1_4_0_2;road_1_4_0_2,GGGrrrrrrGGGGGGrrrGGGrrrrrrGGGGGGrrr
580,intersection_3_1,road_3_2_3_0;road_3_2_3_0;road_3_2_3_0;road_3_2_3_1;road_3_2_3_1;road_3_2_3_1;road_3_2_3_2;road_3_2_3_2;road_3_2_3_2;road_4_1_2_0;road_4_1_2_0;road_4_1_2_0;road_4_1_2_1;road_4_1_2_1;road_4_1_2_1;road_4_1_2_2;road_4_1_2_2;road_4_1_2_2;road_3_0_1_0;road_3_0_1_0;road_3_0_1_0;road_3_0_1_1;road_3_0_1_1;road_3_0_1_1;road_3_0_1_2;road_3_0_1_2;road_3_0_1_2;road_2_1_0_0;road_2_1_0_0;road_2_1_0_0;road_2_1_0_1;road_2_1_0_1;road_2_1_0_1;road_2_1_0_2;road_2_1_0_2;road_2_1_0_2,GGGrrrrrrGGGGGGrrrGGGrrrrrrGGGGGGrrr
580,intersection_3_2,road_3_3_3_0;road_3_3_3_0;road_3_3_3_0;road_3_3_3_1;road_3_3_3_1;road_3_3_3_1;road_3_3_3_2;road_3_3_3_2;road_3_3_3_2;road_4_2_2_0;road_4_2_2_0;road_4_2_2_0;road_4_2_2_1;road_4_2_2_1;road_4_2_2_1;road_4_2_2_2;road_4_2_2_2;road_4_2_2_2;road_3_1_1_0;road_3_1_1_0;road_3_1_1_0;road_3_1_1_1;road_3_1_1_1;road_3_1_1_1;road_3_1_1_2;road_3_1_1_2;road_3_1_1_2;road_2_2_0_0;road_2_2_0_0;road_2_2_0_0;road_2_2_0_1;road_2_2_0_1;road_2_2_0_1;road_2_2_0_2;road_2_2_0_2;road_2_2_0_2,GGGrrrrrrGGGGGGGGGGGGrrrrrrGGGrrrrrr
580,intersection_3_3,road_3_4_3_0;road_3_4_3_0;road_3_4_3_0;road_3_4_3_1;road_3_4_3_1;road_3_4_3_1;road_3_4_3_2;road_3_4_3_2;road_3_4_3_2;road_4_3_2_0;road_4_3_2_0;road_4_3_2_0;road_4_3_2_1;road_4_3_2_1;road_4_3_2_1;road_4_3_2_2;road_4_3_2_2;road_4_3_2_2;road_3_2_1_0;road_3_2_1_0;road_3_2_1_0;road_3_2_1_1;road_3_2_1_1;road_3_2_1_1;road_3_2_1_2;road_3_2_1_2;road_3_2_1_2;road_2_3_0_0;road_2_3_0_0;road_2_3_0_0;road_2_3_0_1;road_2_3_0_1;road_2_3_0_1;road_2_3_0_2;road_2_3_0_2;road_2_3_0_2,GGGrrrrrrGGGGGGrrrGGGrrrrrrGGGGGGrrr
580,intersection_3_4,road_3_5_3_0;road_3_5_3_0;road_3_5_3_0;road_3_5_3_1;road_3_5_3_1;road_3_5_3_1;road_3_5_3_2;road_3_5_3_2;road_3_5_3_2;road_4_4_2_0;road_4_4_2_0;road_4_4_2_0;road_4_4_2_1;road_4_4_2_1;road_4_4_2_1;road_4_4_2_2;road_4_4_2_2;road_4_4_2_2;road_3_3_1_0;road_3_3_1_0;road_3_3_1_0;road_3_3_1_1;road_3_3_1_1;road_3_3_1_1;road_3_3_1_2;road_3_3_1_2;road_3_3_1_2;road_2_4_0_0;road_2_4_0_0;road_2_4_0_0;road_2_4_0_1;road_2_4_0_1;road_2_4_0_1;road_2_4_0_2;road_2_4_0_2;road_2_4_0_2,GGGGGGrrrGGGrrrrrrGGGGGGrrrGGGrrrrrr
580,intersection_4_1,road_4_2_3_0;road_4_2_3_0;road_4_2_3_0;road_4_2_3_1;road_4_2_3_1;road_4_2_3_1;road_4_2_3_2;road_4_2_3_2;road_4_2_3_2;road_5_1_2_0;road_5_1_2_0;road_5_1_2_0;road_5_1_2_1;road_5_1_2_1;road_5_1_2_1;road_5_1_2_2;road_5_1_2_2;road_5_1_2_2;road_4_0_1_0;road_4_0_1_0;road_4_0_1_0;road_4_0_1_1;road_4_0_1_1;road_4_0_1_1;road_4_0_1_2;road_4_0_1_2;road_4_0_1_2;road_3_1_0_0;road_3_1_0_0;road_3_1_0_0;road_3_1_0_1;road_3_1_0_1;road_3_1_0_1;road_3_1_0_2;road_3_1_0_2;road_3_1_0_2,GGGrrrrrrGGGGGGrrrGGGrrrrrrGGGGGGrrr
580,intersection_4_2,road_4_3_3_0;road_4_3_3_0;road_4_3_3_0;road_4_3_3_1;road_4_3_3_1;road_4_3_3_1;road_4_3_3_2;road_4_3_3_2;road_4_3_3_2;road_5_2_2_0;road_5_2_2_0;road_5_2_2_0;road_5_2_2_1;road_5_2_2_1;road_5_2_2_1;road_5_2_2_2;road_5_2_2_2;road_5_2_2_2;road_4_1_1_0;road_4_1_1_0;road_4_1_1_0;road_4_1_1_1;road_4_1_1_1;road_4_1_1_1;road_4_1_1_2;road_4_1_1_2;road_4_1_1_2;road_3_2_0_0;road_3_2_0_0;road_3_2_0_0;road_3_2_0_1;road_3_2_0_1;road_3_2_0_1;road_3_2_0_2;road_3_2_0_2;road_3_2_0_2,GGGrrrrrrGGGGGGGGGGGGrrrrrrGGGrrrrrr
580,intersection_4_3,road_4_4_3_0;road_4_4_3_0;road_4_4_3_0;road_4_4_3_1;road_4_4_3_1;road_4_4_3_1;road_4_4_3_2;road_4_4_3_2;road_4_4_3_2;road_5_3_2_0;road_5_3_2_0;road_5_3_2_0;road_5_3_2_1;road_5_3_2_1;road_5_3_2_1;road_5_3_2_2;road_5_3_2_2;road_5_3_2_2;road_4_2_1_0;road_4_2_1_0;road_4_2_1_0;road_4_2_1_1;road_4_2_1_1;road_4_2_1_1;road_4_2_1_2;road_4_2_1_2;road_4_2_1_2;road_3_3_0_0;road_3_3_0_0;road_3_3_0_0;road_3_3_0_1;road_3_3_0_1;road_3_3_0_1;road_3_3_0_2;road_3_3_0_2;road_3_3_0_2,GGGrrrrrrGGGGGGrrrGGGrrrrrrGGGGGGrrr
580,intersection_4_4,road_4_5_3_0;road_4_5_3_0;road_4_5_3_0;road_4_5_3_1;road_4_5_3_1;road_4_5_3_1;road_4_5_3_2;road_4_5_3_2;road_4_5_3_2;road_5_4_2_0;road_5_4_2_0;road_5_4_2_0;road_5_4_2_1;road_5_4_2_1;road_5_4_2_1;road_5_4_2_2;road_5_4_2_2;road_5_4_2_2;road_4_3_1_0;road_4_3_1_0;road_4_3_1_0;road_4_3_1_1;road_4_3_1_1;road_4_3_1_1;road_4_3_1_2;road_4_3_1_2;road_4_3_1_2;road_3_4_0_0;road_3_4_0_0;road_3_4_0_0;road_3_4_0_1;road_3_4_0_1;road_3_4_0_1;road_3_4_0_2;road_3_4_0_2;road_3_4_0_2,GGGrrrrrrGGGrrrrrrGGGGGGGGGGGGrrrrrr
590,intersection_1_1,road_1_2_3_0;road_1_2_3_0;road_1_2_3_0;road_1_2_3_1;road_1_2_3_1;road_1_2_3_1;road_1_2_3_2;road_1_2_3_2;road_1_2_3_2;road_2_1_2_0;road_2_1_2_0;road_2_1_2_0;road_2_1_2_1;road_2_1_2_1;road_2_1_2_1;road_2_1_2_2;road_2_1_2_2;road_2_1_2_2;road_1_0_1_0;road_1_0_1_0;road_1_0_1_0;road_1_0_1_1;road_1_0_1_1;road_1_0_1_1;road_1_0_1_2;road_1_0_1_2;road_1_0_1_2;road_0_1_0_0;road_0_1_0_0;road_0_1_0_0;road_0_1_0_1;road_0_1_0_1;road_0_1_0_1;road_0_1_0_2;road_0_1_0_2;road_0_1_0_2,GGGrrrrrrGGGrrrrrrGGGrrrrrrGGGGGGGGG
590,intersection_1_2,road_1_3_3_0;road_1_3_3_0;road_1_3_3_0;road_1_3_3_1;road_1_3_3_1;road_1_3_3_1;road_1_3_3_2;road_1_3_3_2;road_1_3_3_2;road_2_2_2_0;road_2_2_2_0;road_2_2_2_0;road_2_2_2_1;road_2_2_2_1;road_2_2_2_1;road_2_2_2_2;road_2_2_2_2;road_2_2_2_2;road_1_1_1_0;road_1_1_1_0;road_1_1_1_0;road_1_1_1_1;road_1_1_1_1;road_1_1_1_1;road_1_1_1_2;road_1_1_1_2;road_1_1_1_2;road_0_2_0_0;road_0_2_0_0;road_0_2_0_0;road_0_2_0_1;road_0_2_0_1;road_0_2_0_1;road_0_2_0_2;road_0_2_0_2;road_0_2_0_2,GGGGGGrrrGGGrrrrrrGGGGGGrrrGGGrrrrrr
590,intersection_1_3,road_1_4_3_0;road_1_4_3_0;road_1_4_3_0;road_1_4_3_1;road_1_4_3_1;road_1_4_3_1;road_1_4_3_2;road_1_4_3_2;road_1_4_3_2;road_2_3_2_0;road_2_3_2_0;road_2_3_2_0;road_2_3_2_1;road_2_3_2_1;road_2_3_2_1;road_2_3_2_2;road_2_3_2_2;road_2_3_2_2;road_1_2_1_0;road_1_2_1_0;road_1_2_1_0;road_1_2_1_1;road_1_2_1_1;road_1_2_1_1;road_1_2_1_2;road_1_2_1_2;road_1_2_1_2;road_0_3_0_0;road_0_3_0_0;road_0_3_0_0;road_0_3_0_1;road_0_3_0_1;road_0_3_0_1;road_0_3_0_2;road_0_3_0_2;road_0_3_0_2,GGGrrrrrrGGGGGGGGGGGGrrrrrrGGGrrrrrr
590,intersection_1_4,road_1_5_3_0;road_1_5_3_0;road_1_5_3_0;road_1_5_3_1;road_1_5_3_1;road_1_5_3_1;road_1_5_3_2;road_1_5_3_2;road_1_5_3_2;road_2_4_2_0;road_2_4_2_0;road_2_4_2_0;road_2_4_2_1;road_2_4_2_1;road_2_4_2_1;road_2_4_2_2;road_2_4_2_2;road_2_4_2_2;road_1_3_1_0;road_1_3_1_0;road_1_3_1_0;road_1_3_1_1;road_1_3_1_1;road_1_3_1_1;road_1_3_1_2;road_1_3_1_2;road_1_3_1_2;road_0_4_0_0;road_0_4_0_0;road_0_4_0_0;road_0_4_0_1;road_0_4_0_1;road_0_4_0_1;road_0_4_0_2;road_0_4_0_2;road_0_4_0_2,GGGGGGrrrGGGrrrrrrGGGGGGrrrGGGrrrrrr
590,intersection_2_1,road_2_2_3_0;road_2_2_3_0;road_2_2_3_0;road_2_2_3_1;road_2_2_3_1;road_2_2_3_1;road_2_2_3_2;road_2_2_3_2;road_2_2_3_2;road_3_1_2_0;road_3_1_2_0;road_3_1_2_0;road_3_1_2_1;road_3_1_2_1;road_3_1_2_1;road_3_1_2_2;road_3_1_2_2;road_3_1_2_2;road_2_0_1_0;road_2_0_1_0;road_2_0_1_0;road_2_0_1_1;road_2_0_1_1;road_2_0_1_1;road_2_0_1_2;road_2_0_1_2;road_2_0_1_2;road_1_1_0_0;road_1_1_0_0;road_1_1_0_0;road_1_1_0_1;road_1_1_0_1;road_1_1_0_1;road_1_1_0_2;road_1_1_0_2;road_1_1_0_2,GGGrrrrrrGGGrrrrrrGGGrrrrrrGGGGGGGGG
590,intersection_2_2,road_2_3_3_0;road_2_3_3_0;road_2_3_3_0;road_2_3_3_1;road_2_3_3_1;road_2_3_3_1;road_2_3_3_2;road_2_3_3_2;road_2_3_3_2;road_3_2_2_0;road_3_2_2_0;road_3_2_2_0;road_3_2_2_1;road_3_2_2_1;road_3_2_2_1;road_3_2_2_2;road_3_2_2_2;road_3_2_2_2;road_2_1_1_0;road_2_1_1_0;road_2_1_1_0;road_2_1_1_1;road_2_1_1_1;road_2_1_1_1;road_2_1_1_2;road_2_1_1_2;road_2_1_1_2;road_1_2_0_0;road_1_2_0_0;road_1_2_0_0;road_1_2_0_1;road_1_2_0_1;road_1_2_0_1;road_1_2_0_2;road_1_2_0_2;road_1_2_0_2,GGGrrrrrrGGGrrrrrrGGGrrrrrrGGGGGGGGG
590,intersection_2_3,road_2_4_3_0;road_2_4_3_0;road_2_4_3_0;road_2_4_3_1;road_2_4_3_1;road_2_4_3_1;road_2_4_3_2;road_2_4_3_2;road_2_4_3_2;road_3_3_2_0;road_3_3_2_0;road_3_3_2_0;road_3_3_2_1;road_3_3_2_1;road_3_3_2_1;road_3_3_2_2;road_3_3_2_2;road_3_3_2_2;road_2_2_1_0;road_2_2_1_0;road_2_2_1_0;road_2_2_1_1;road_2_2_1_1;road_2_2_1_1;road_2_2_1_2;road_2_2_1_2;road_2_2_1_2;road_1_3_0_0;road_1_3_0_0;road_1_3_0_0;road_1_3_0_1;road_1_3_0_1;road_1_3_0_1;road_1_3_0_2;road_1_3_0_2;road_1_3_0_2,GGGrrrrrrGGGGGGrrrGGGrrrrrrGGGGGGrrr
590,intersection_2_4,road_2_5_3_0;road_2_5_3_0;road_2_5_3_0;road_2_5_3_1;road_2_5_3_1;road_2_5_3_1;road_2_5_3_2;road_2_5_3_2;road_2_5_3_2;road_3_4_2_0;road_3_4_2_0;road_3_4_2_0;road_3_4_2_1;road_3_4_2_1;road_3_4_2_1;road_3_4_2_2;road_3_4_2_2;road_3_4_2_2;road_2_3_1_0;road_2_3_1_0;road_2_3_1_0;road_2_3_1_1;road_2_3_1_1;road_2_3_1_1;road_2_3_1_2;road_2_3_1_2;road_2_3_1_2;road_1_4_0_0;road_1_4_0_0;road_1_4_0_0;road_1_4_0_1;road_1_4_0_1;road_1_4_0_1;road_1_4_0_2;road_1_4_0_2;road_1_4_0_2,GGGrrrrrrGGGGGGrrrGGGrrrrrrGGGGGGrrr
590,intersection_3_1,road_3_2_3_0;road_3_2_3_0;road_3_2_3_0;road_3_2_3_1;road_3_2_3_1;road_3_2_3_1;road_3_2_3_2;road_3_2_3_2;road_3_2_3_2;road_4_1_2_0;road_4_1_2_0;road_4_1_2_0;road_4_1_2_1;road_4_1_2_1;road_4_1_2_1;road_4_1_2_2;road_4_1_2_2;road_4_1_2_2;road_3_0_1_0;road_3_0_1_0;road_3_0_1_0;road_3_0_1_1;road_3_0_1_1;road_3_0_1_1;road_3_0_1_2;road_3_0_1_2;road_3_0_1_2;road_2_1_0_0;road_2_1_0_0;road_2_1_0_0;road_2_1_0_1;road_2_1_0_1;road_2_1_0_1;road_2_1_0_2;road_2_1_0_2;road_2_1_0_2,GGGrrrrrrGGGGGGrrrGGGrrrrrrGGGGGGrrr
590,intersection_3_2,road_3_3_3_0;road_3_3_3_0;road_3_3_3_0;road_3_3_3_1;road_3_3_3_1;road_3_3_3_1;road_3_3_3_2;road_3_3_3_2;road_3_3_3_2;road_4_2_2_0;road_4_2_2_0;road_4_2_2_0;road_4_2_2_1;road_4_2_2_1;road_4_2_2_1;road_4_2_2_2;road_4_2_2_2;road_4_2_2_2;road_3_1_1_0;road_3_1_1_0;road_3_1_1_0;road_3_1_1_1;road_3_1_1_1;road_3_1_1_1;road_3_1_1_2;road_3_1_1_2;road_3_1_1_2;road_2_2_0_0;road_2_2_0_0;road_2_2_0_0;road_2_2_0_1;road_2_2_0_1;road_2_2_0_1;road_2_2_0_2;road_2_2_0_2;road_2_2_0_2,GGGrrrrrrGGGGGGGGGGGGrrrrrrGGGrrrrrr
590,intersection_3_3,road_3_4_3_0;road_3_4_3_0;road_3_4_3_0;road_3_4_3_1;road_3_4_3_1;road_3_4_3_1;road_3_4_3_2;road_3_4_3_2;road_3_4_3_2;road_4_3_2_0;road_4_3_2_0;road_4_3_2_0;road_4_3_2_1;road_4_3_2_1;road_4_3_2_1;road_4_3_2_2;road_4_3_2_2;road_4_3_2_2;road_3_2_1_0;road_3_2_1_0;road_3_2_1_0;road_3_2_1_1;road_3_2_1_1;road_3_2_1_1;road_3_2_1_2;road_3_2_1_2;road_3_2_1_2;road_2_3_0_0;road_2_3_0_0;road_2_3_0_0;road_2_3_0_1;road_2_3_0_1;road_2_3_0_1;road_2_3_0_2;road_2_3_0_2;road_2_3_0_2,GGGrrrrrrGGGGGGrrrGGGrrrrrrGGGGGGrrr
590,intersection_3_4,road_3_5_3_0;road_3_5_3_0;road_3_5_3_0;road_3_5_3_1;road_3_5_3_1;road_3_5_3_1;road_3_5_3_2;road_3_5_3_2;road_3_5_3_2;road_4_4_2_0;road_4_4_2_0;road_4_4_2_0;road_4_4_2_1;road_4_4_2_1;road_4_4_2_1;road_4_4_2_2;road_4_4_2_2;road_4_4_2_2;road_3_3_1_0;road_3_3_1_0;road_3_3_1_0;road_3_3_1_1;road_3_3_1_1;road_3_3_1_1;road_3_3_1_2;road_3_3_1_2;road_3_3_1_2;road_2_4_0_0;road_2_4_0_0;road_2_4_0_0;road_2_4_0_1;road_2_4_0_1;road_2_4_0_1;road_2_4_0_2;road_2_4_0_2;road_2_4_0_2,GGGGGGrrrGGGrrrrrrGGGGGGrrrGGGrrrrrr
590,intersection_4_1,road_4_2_3_0;road_4_2_3_0;road_4_2_3_0;road_4_2_3_1;road_4_2_3_1;road_4_2_3_1;road_4_2_3_2;road_4_2_3_2;road_4_2_3_2;road_5_1_2_0;road_5_1_2_0;road_5_1_2_0;road_5_1_2_1;road_5_1_2_1;road_5_1_2_1;road_5_1_2_2;road_5_1_2_2;road_5_1_2_2;road_4_0_1_0;road_4_0_1_0;road_4_0_1_0;road_4_0_1_1;road_4_0_1_1;road_4_0_1_1;road_4_0_1_2;road_4_0_1_2;road_4_0_1_2;road_3_1_0_0;road_3_1_0_0;road_3_1_0_0;road_3_1_0_1;road_3_1_0_1;road_3_1_0_1;road_3_1_0_2;road_3_1_0_2;road_3_1_0_2,GGGrrrrrrGGGGGGrrrGGGrrrrrrGGGGGGrrr
590,intersection_4_2,road_4_3_3_0;road_4_3_3_0;road_4_3_3_0;road_4_3_3_1;road_4_3_3_1;road_4_3_3_1;road_4_3_3_2;road_4_3_3_2;road_4_3_3_2;road_5_2_2_0;road_5_2_2_0;road_5_2_2_0;road_5_2_2_1;road_5_2_2_1;road_5_2_2_1;road_5_2_2_2;road_5_2_2_2;road_5_2_2_2;road_4_1_1_0;road_4_1_1_0;road_4_1_1_0;road_4_1_1_1;road_4_1_1_1;road_4_1_1_1;road_4_1_1_2;road_4_1_1_2;road_4_1_1_2;road_3_2_0_0;road_3_2_0_0;road_3_2_0_0;road_3_2_0_1;road_3_2_0_1;road_3_2_0_1;road_3_2_0_2;road_3_2_0_2;road_3_2_0_2,GGGrrrrrrGGGGGGGGGGGGrrrrrrGGGrrrrrr
590,intersection_4_3,road_4_4_3_0;road_4_4_3_0;road_4_4_3_0;road_4_4_3_1;road_4_4_3_1;road_4_4_3_1;road_4_4_3_2;road_4_4_3_2;road_4_4_3_2;road_5_3_2_0;road_5_3_2_0;road_5_3_2_0;road_5_3_2_1;road_5_3_2_1;road_5_3_2_1;road_5_3_2_2;road_5_3_2_2;road_5_3_2_2;road_4_2_1_0;road_4_2_1_0;road_4_2_1_0;road_4_2_1_1;road_4_2_1_1;road_4_2_1_1;road_4_2_1_2;road_4_2_1_2;road_4_2_1_2;road_3_3_0_0;road_3_3_0_0;road_3_3_0_0;road_3_3_0_1;road_3_3_0_1;road_3_3_0_1;road_3_3_0_2;road_3_3_0_2;road_3_3_0_2,GGGrrrrrrGGGGGGrrrGGGrrrrrrGGGGGGrrr
590,intersection_4_4,road_4_5_3_0;road_4_5_3_0;road_4_5_3_0;road_4_5_3_1;road_4_5_3_1;road_4_5_3_1;road_4_5_3_2;road_4_5_3_2;road_4_5_3_2;road_5_4_2_0;road_5_4_2_0;road_5_4_2_0;road_5_4_2_1;road_5_4_2_1;road_5_4_2_1;road_5_4_2_2;road_5_4_2_2;road_5_4_2_2;road_4_3_1_0;road_4_3_1_0;road_4_3_1_0;road_4_3_1_1;road_4_3_1_1;road_4_3_1_1;road_4_3_1_2;road_4_3_1_2;road_4_3_1_2;road_3_4_0_0;road_3_4_0_0;road_3_4_0_0;road_3_4_0_1;road_3_4_0_1;road_3_4_0_1;road_3_4_0_2;road_3_4_0_2;road_3_4_0_2,GGGrrrrrrGGGrrrrrrGGGGGGGGGGGGrrrrrr
