time,vehicle_id,is_fake,lane,position
0,fake_intersection_1_1_S_1_2,True,road_0_1_0_1,629.12
0,fake_intersection_1_1_S_1_3,True,road_0_1_0_1,630.12
0,fake_intersection_1_2_S_1_6,True,road_0_2_0_1,629.12
0,fake_intersection_1_2_S_1_7,True,road_0_2_0_1,630.12
0,fake_intersection_1_3_S_1_10,True,road_0_3_0_1,629.12
0,fake_intersection_1_3_S_1_11,True,road_0_3_0_1,630.12
0,fake_intersection_1_4_S_1_14,True,road_0_4_0_1,629.12
0,fake_intersection_1_4_S_1_15,True,road_0_4_0_1,630.12
0,fake_intersection_2_1_S_1_18,True,road_1_1_0_1,618.24
0,fake_intersection_2_1_S_1_19,True,road_1_1_0_1,619.24
0,fake_intersection_2_2_S_1_22,True,road_1_2_0_1,618.24
0,fake_intersection_2_2_S_1_23,True,road_1_2_0_1,619.24
0,fake_intersection_2_3_S_1_26,True,road_1_3_0_1,618.24
0,fake_intersection_2_3_S_1_27,True,road_1_3_0_1,619.24
0,fake_intersection_2_4_S_1_30,True,road_1_4_0_1,618.24
0,fake_intersection_2_4_S_1_31,True,road_1_4_0_1,619.24
0,fake_intersection_3_1_S_1_34,True,road_2_1_0_1,618.24
0,fake_intersection_3_1_S_1_35,True,road_2_1_0_1,619.24
0,fake_intersection_1_1_N_1_0,True,road_2_1_2_1,618.24
0,fake_intersection_1_1_N_1_1,True,road_2_1_2_1,619.24
0,fake_intersection_3_2_S_1_38,True,road_2_2_0_1,618.24
0,fake_intersection_3_2_S_1_39,True,road_2_2_0_1,619.24
0,fake_intersection_1_2_N_1_4,True,road_2_2_2_1,618.24
0,fake_intersection_1_2_N_1_5,True,road_2_2_2_1,619.24
0,fake_intersection_3_3_S_1_42,True,road_2_3_0_1,618.24
0,fake_intersection_3_3_S_1_43,True,road_2_3_0_1,619.24
0,fake_intersection_1_3_N_1_8,True,road_2_3_2_1,618.24
0,fake_intersection_1_3_N_1_9,True,road_2_3_2_1,619.24
0,fake_intersection_3_4_S_1_46,True,road_2_4_0_1,618.24
0,fake_intersection_3_4_S_1_47,True,road_2_4_0_1,619.24
0,fake_intersection_1_4_N_1_12,True,road_2_4_2_1,618.24
0,fake_intersection_1_4_N_1_13,True,road_2_4_2_1,619.24
0,fake_intersection_4_1_S_1_50,True,road_3_1_0_1,618.24
0,fake_intersection_4_1_S_1_51,True,road_3_1_0_1,619.24
0,fake_intersection_2_1_N_1_16,True,road_3_1_2_1,618.24
0,fake_intersection_2_1_N_1_17,True,road_3_1_2_1,619.24
0,fake_intersection_4_2_S_1_54,True,road_3_2_0_1,618.24
0,fake_intersection_4_2_S_1_55,True,road_3_2_0_1,619.24
0,fake_intersection_2_2_N_1_20,True,road_3_2_2_1,618.24
0,fake_intersection_2_2_N_1_21,True,road_3_2_2_1,619.24
0,fake_intersection_4_3_S_1_58,True,road_3_3_0_1,618.24
0,fake_intersection_4_3_S_1_59,True,road_3_3_0_1,619.24
0,fake_intersection_2_3_N_1_24,True,road_3_3_2_1,618.24
0,fake_intersection_2_3_N_1_25,True,road_3_3_2_1,619.24
0,fake_intersection_4_4_S_1_62,True,road_3_4_0_1,618.24
0,fake_intersection_4_4_S_1_63,True,road_3_4_0_1,619.24
0,fake_intersection_2_4_N_1_28,True,road_3_4_2_1,618.24
0,fake_intersection_2_4_N_1_29,True,road_3_4_2_1,619.24
0,fake_intersection_3_1_N_1_32,True,road_4_1_2_1,618.24
0,fake_intersection_3_1_N_1_33,True,road_4_1_2_1,619.24
0,fake_intersection_3_2_N_1_36,True,road_4_2_2_1,618.24
0,fake_intersection_3_2_N_1_37,True,road_4_2_2_1,619.24
0,fake_intersection_3_3_N_1_40,True,road_4_3_2_1,618.24
0,fake_intersection_3_3_N_1_41,True,road_4_3_2_1,619.24
0,fake_intersection_3_4_N_1_44,True,road_4_4_2_1,618.24
0,fake_intersection_3_4_N_1_45,True,road_4_4_2_1,619.24
0,fake_intersection_4_1_N_1_48,True,road_5_1_2_1,629.12
0,fake_intersection_4_1_N_1_49,True,road_5_1_2_1,630.12
0,fake_intersection_4_2_N_1_52,True,road_5_2_2_1,629.12
0,fake_intersection_4_2_N_1_53,True,road_5_2_2_1,630.12
0,fake_intersection_4_3_N_1_56,True,road_5_3_2_1,629.12
0,fake_intersection_4_3_N_1_57,True,road_5_3_2_1,630.12
0,fake_intersection_4_4_N_1_60,True,road_5_4_2_1,629.12
0,fake_intersection_4_4_N_1_61,True,road_5_4_2_1,630.12
10,1,False,road_0_1_0_0,92.65649101972618
10,fake_intersection_1_1_S_1_66,True,road_0_1_0_1,629.12
10,fake_intersection_1_1_S_1_67,True,road_0_1_0_1,630.12
10,3,False,road_0_2_0_0,107.72355286823728
10,fake_intersection_1_2_S_1_70,True,road_0_2_0_1,629.12
10,fake_intersection_1_2_S_1_71,True,road_0_2_0_1,630.12
10,fake_intersection_1_3_S_1_74,True,road_0_3_0_1,629.12
10,fake_intersection_1_3_S_1_75,True,road_0_3_0_1,630.12
10,7,False,road_0_4_0_0,86.21085520127264
10,9,False,road_0_4_0_1,50.5026542736218
10,fake_intersection_1_4_S_1_78,True,road_0_4_0_1,629.12
10,fake_intersection_1_4_S_1_79,True,road_0_4_0_1,630.12
10,11,False,road_0_4_0_2,15.665703274747385
10,5,False,road_1_0_1_0,81.4993296479737
10,fake_intersection_2_1_S_1_82,True,road_1_1_0_1,618.24
10,fake_intersection_2_1_S_1_83,True,road_1_1_0_1,619.24
10,fake_intersection_2_2_S_1_86,True,road_1_2_0_1,618.24
10,fake_intersection_2_2_S_1_87,True,road_1_2_0_1,619.24
10,fake_intersection_2_3_S_1_90,True,road_1_3_0_1,618.24
10,fake_intersection_2_3_S_1_91,True,road_1_3_0_1,619.24
10,fake_intersection_2_4_S_1_94,True,road_1_4_0_1,618.24
10,fake_intersection_2_4_S_1_95,True,road_1_4_0_1,619.24
10,6,False,road_1_5_3_0,105.545269213826
10,fake_intersection_3_1_S_1_98,True,road_2_1_0_1,618.24
10,fake_intersection_3_1_S_1_99,True,road_2_1_0_1,619.24
10,fake_intersection_1_1_N_1_64,True,road_2_1_2_1,618.24
10,fake_intersection_1_1_N_1_65,True,road_2_1_2_1,619.24
10,fake_intersection_3_2_S_1_102,True,road_2_2_0_1,618.24
10,fake_intersection_3_2_S_1_103,True,road_2_2_0_1,619.24
10,fake_intersection_1_2_N_1_68,True,road_2_2_2_1,618.24
10,fake_intersection_1_2_N_1_69,True,road_2_2_2_1,619.24
10,fake_intersection_3_3_S_1_106,True,road_2_3_0_1,618.24
10,fake_intersection_3_3_S_1_107,True,road_2_3_0_1,619.24
10,fake_intersection_1_3_N_1_72,True,road_2_3_2_1,618.24
10,fake_intersection_1_3_N_1_73,True,road_2_3_2_1,619.24
10,fake_intersection_3_4_S_1_110,True,road_2_4_0_1,618.24
10,fake_intersection_3_4_S_1_111,True,road_2_4_0_1,619.24
10,fake_intersection_1_4_N_1_76,True,road_2_4_2_1,618.24
10,fake_intersection_1_4_N_1_77,True,road_2_4_2_1,619.24
10,fake_intersection_4_1_S_1_114,True,road_3_1_0_1,618.24
10,fake_intersection_4_1_S_1_115,True,road_3_1_0_1,619.24
10,fake_intersection_2_1_N_1_80,True,road_3_1_2_1,618.24
10,fake_intersection_2_1_N_1_81,True,road_3_1_2_1,619.24
10,fake_intersection_4_2_S_1_118,True,road_3_2_0_1,618.24
10,fake_intersection_4_2_S_1_119,True,road_3_2_0_1,619.24
10,fake_intersection_2_2_N_1_84,True,road_3_2_2_1,618.24
10,fake_intersection_2_2_N_1_85,True,road_3_2_2_1,619.24
10,fake_intersection_4_3_S_1_122,True,road_3_3_0_1,618.24
10,fake_intersection_4_3_S_1_123,True,road_3_3_0_1,619.24
10,fake_intersection_2_3_N_1_88,True,road_3_3_2_1,618.24
10,fake_intersection_2_3_N_1_89,True,road_3_3_2_1,619.24
10,fake_intersection_4_4_S_1_126,True,road_3_4_0_1,618.24
10,fake_intersection_4_4_S_1_127,True,road_3_4_0_1,619.24
10,fake_intersection_2_4_N_1_92,True,road_3_4_2_1,618.24
10,fake_intersection_2_4_N_1_93,True,road_3_4_2_1,619.24
10,0,False,road_4_0_1_0,104.17000681396163
10,fake_intersection_3_1_N_1_96,True,road_4_1_2_1,618.24
10,fake_intersection_3_1_N_1_97,True,road_4_1_2_1,619.24
10,fake_intersection_3_2_N_1_100,True,road_4_2_2_1,618.24
10,fake_intersection_3_2_N_1_101,True,road_4_2_2_1,619.24
10,fake_intersection_3_3_N_1_104,True,road_4_3_2_1,618.24
10,fake_intersection_3_3_N_1_105,True,road_4_3_2_1,619.24
10,fake_intersection_3_4_N_1_108,True,road_4_4_2_1,618.24
10,fake_intersection_3_4_N_1_109,True,road_4_4_2_1,619.24
10,fake_intersection_4_1_N_1_112,True,road_5_1_2_1,629.12
10,fake_intersection_4_1_N_1_113,True,road_5_1_2_1,630.12
10,4,False,road_5_2_2_0,103.09723425324292
10,fake_intersection_4_2_N_1_116,True,road_5_2_2_1,629.12
10,fake_intersection_4_2_N_1_117,True,road_5_2_2_1,630.12
10,8,False,road_5_3_2_0,91.2443637628506
10,fake_intersection_4_3_N_1_120,True,road_5_3_2_1,629.12
10,fake_intersection_4_3_N_1_121,True,road_5_3_2_1,630.12
10,2,False,road_5_4_2_0,98.756188388211
10,10,False,road_5_4_2_1,27.86643078275555
10,fake_intersection_4_4_N_1_124,True,road_5_4_2_1,629.12
10,fake_intersection_4_4_N_1_125,True,road_5_4_2_1,630.12
20,1,False,road_0_1_0_0,189.99015842799795
20,12,False,road_0_1_0_1,104.74962349315257
20,fake_intersection_1_1_S_1_130,True,road_0_1_0_1,629.12
20,fake_intersection_1_1_S_1_131,True,road_0_1_0_1,630.12
20,3,False,road_0_2_0_0,221.7679391700856
20,fake_intersection_1_2_S_1_134,True,road_0_2_0_1,629.12
20,fake_intersection_1_2_S_1_135,True,road_0_2_0_1,630.12
20,fake_intersection_1_3_S_1_138,True,road_0_3_0_1,629.12
20,fake_intersection_1_3_S_1_139,True,road_0_3_0_1,630.12
20,9,False,road_0_4_0_0,138.64056508557425
20,7,False,road_0_4_0_0,178.4591877712167
20,17,False,road_0_4_0_1,35.020454358520254
20,13,False,road_0_4_0_1,89.82858981191625
20,11,False,road_0_4_0_1,123.14785132768594
20,fake_intersection_1_4_S_1_142,True,road_0_4_0_1,629.12
20,fake_intersection_1_4_S_1_143,True,road_0_4_0_1,630.12
20,5,False,road_1_0_1_0,167.91058742553082
20,fake_intersection_2_1_S_1_146,True,road_1_1_0_1,618.24
20,fake_intersection_2_1_S_1_147,True,road_1_1_0_1,619.24
20,fake_intersection_2_2_S_1_150,True,road_1_2_0_1,618.24
20,fake_intersection_2_2_S_1_151,True,road_1_2_0_1,619.24
20,fake_intersection_2_3_S_1_154,True,road_1_3_0_1,618.24
20,fake_intersection_2_3_S_1_155,True,road_1_3_0_1,619.24
20,fake_intersection_2_4_S_1_158,True,road_1_4_0_1,618.24
20,fake_intersection_2_4_S_1_159,True,road_1_4_0_1,619.24
20,6,False,road_1_5_3_0,215.04445029881754
20,fake_intersection_3_1_S_1_162,True,road_2_1_0_1,618.24
20,fake_intersection_3_1_S_1_163,True,road_2_1_0_1,619.24
20,fake_intersection_1_1_N_1_128,True,road_2_1_2_1,618.24
20,fake_intersection_1_1_N_1_129,True,road_2_1_2_1,619.24
20,fake_intersection_3_2_S_1_166,True,road_2_2_0_1,618.24
20,fake_intersection_3_2_S_1_167,True,road_2_2_0_1,619.24
20,fake_intersection_1_2_N_1_132,True,road_2_2_2_1,618.24
20,fake_intersection_1_2_N_1_133,True,road_2_2_2_1,619.24
20,fake_intersection_3_3_S_1_170,True,road_2_3_0_1,618.24
20,fake_intersection_3_3_S_1_171,True,road_2_3_0_1,619.24
20,fake_intersection_1_3_N_1_136,True,road_2_3_2_1,618.24
20,fake_intersection_1_3_N_1_137,True,road_2_3_2_1,619.24
20,fake_intersection_3_4_S_1_174,True,road_2_4_0_1,618.24
20,fake_intersection_3_4_S_1_175,True,road_2_4_0_1,619.24
20,fake_intersection_1_4_N_1_140,True,road_2_4_2_1,618.24
20,fake_intersection_1_4_N_1_141,True,road_2_4_2_1,619.24
20,fake_intersection_4_1_S_1_178,True,road_3_1_0_1,618.24
20,fake_intersection_4_1_S_1_179,True,road_3_1_0_1,619.24
20,fake_intersection_2_1_N_1_144,True,road_3_1_2_1,618.24
20,fake_intersection_2_1_N_1_145,True,road_3_1_2_1,619.24
20,fake_intersection_4_2_S_1_182,True,road_3_2_0_1,618.24
20,fake_intersection_4_2_S_1_183,True,road_3_2_0_1,619.24
20,fake_intersection_2_2_N_1_148,True,road_3_2_2_1,618.24
20,fake_intersection_2_2_N_1_149,True,road_3_2_2_1,619.24
20,fake_intersection_4_3_S_1_186,True,road_3_3_0_1,618.24
20,fake_intersection_4_3_S_1_187,True,road_3_3_0_1,619.24
20,fake_intersection_2_3_N_1_152,True,road_3_3_2_1,618.24
20,fake_intersection_2_3_N_1_153,True,road_3_3_2_1,619.24
20,fake_intersection_4_4_S_1_190,True,road_3_4_0_1,618.24
20,fake_intersection_4_4_S_1_191,True,road_3_4_0_1,619.24
20,fake_intersection_2_4_N_1_156,True,road_3_4_2_1,618.24
20,fake_intersection_2_4_N_1_157,True,road_3_4_2_1,619.24
20,0,False,road_4_0_1_0,217.83393867236992
20,14,False,road_4_0_1_2,67.56720066787396
20,fake_intersection_3_1_N_1_160,True,road_4_1_2_1,618.24
20,fake_intersection_3_1_N_1_161,True,road_4_1_2_1,619.24
20,fake_intersection_3_2_N_1_164,True,road_4_2_2_1,618.24
20,fake_intersection_3_2_N_1_165,True,road_4_2_2_1,619.24
20,fake_intersection_3_3_N_1_168,True,road_4_3_2_1,618.24
20,fake_intersection_3_3_N_1_169,True,road_4_3_2_1,619.24
20,fake_intersection_3_4_N_1_172,True,road_4_4_2_1,618.24
20,fake_intersection_3_4_N_1_173,True,road_4_4_2_1,619.24
20,fake_intersection_4_1_N_1_176,True,road_5_1_2_1,629.12
20,fake_intersection_4_1_N_1_177,True,road_5_1_2_1,630.12
20,4,False,road_5_2_2_0,211.2993377021451
20,fake_intersection_4_2_N_1_180,True,road_5_2_2_1,629.12
20,fake_intersection_4_2_N_1_181,True,road_5_2_2_1,630.12
20,15,False,road_5_3_2_0,62.56821797681516
20,8,False,road_5_3_2_0,190.35185936712776
20,fake_intersection_4_3_N_1_184,True,road_5_3_2_1,629.12
20,fake_intersection_4_3_N_1_185,True,road_5_3_2_1,630.12
20,2,False,road_5_4_2_0,204.79206523568638
20,10,False,road_5_4_2_1,142.9683359157752
20,fake_intersection_4_4_N_1_188,True,road_5_4_2_1,629.12
20,fake_intersection_4_4_N_1_189,True,road_5_4_2_1,630.12
20,16,False,road_5_4_2_2,50.30936773707985
30,18,False,road_0_1_0_0,91.09749562956739
30,12,False,road_0_1_0_0,215.2659493679845
30,1,False,road_0_1_0_0,288.8536317796629
30,fake_intersection_1_1_S_1_194,True,road_0_1_0_1,629.12
30,fake_intersection_1_1_S_1_195,True,road_0_1_0_1,630.12
30,3,False,road_0_2_0_0,334.26755622664086
30,fake_intersection_1_2_S_1_198,True,road_0_2_0_1,629.12
30,fake_intersection_1_2_S_1_199,True,road_0_2_0_1,630.12
30,fake_intersection_1_3_S_1_202,True,road_0_3_0_1,629.12
30,fake_intersection_1_3_S_1_203,True,road_0_3_0_1,630.12
30,27,False,road_0_4_0_0,14.864333280325337
30,23,False,road_0_4_0_0,51.841985038731906
30,19,False,road_0_4_0_0,113.87937382480439
30,17,False,road_0_4_0_0,135.5746433835684
30,9,False,road_0_4_0_0,228.44829806680826
30,7,False,road_0_4_0_0,270.73651623684924
30,13,False,road_0_4_0_1,208.13150069267888
30,11,False,road_0_4_0_1,229.19648482992378
30,fake_intersection_1_4_S_1_206,True,road_0_4_0_1,629.12
30,fake_intersection_1_4_S_1_207,True,road_0_4_0_1,630.12
30,5,False,road_1_0_1_0,254.42370335015863
30,21,False,road_1_0_1_1,70.05942302468789
30,fake_intersection_2_1_S_1_210,True,road_1_1_0_1,618.24
30,fake_intersection_2_1_S_1_211,True,road_1_1_0_1,619.24
30,fake_intersection_2_2_S_1_214,True,road_1_2_0_1,618.24
30,fake_intersection_2_2_S_1_215,True,road_1_2_0_1,619.24
30,fake_intersection_2_3_S_1_218,True,road_1_3_0_1,618.24
30,fake_intersection_2_3_S_1_219,True,road_1_3_0_1,619.24
30,fake_intersection_2_4_S_1_222,True,road_1_4_0_1,618.24
30,fake_intersection_2_4_S_1_223,True,road_1_4_0_1,619.24
30,6,False,road_1_5_3_0,325.9712251110094
30,22,False,road_1_5_3_1,66.49216927231195
30,fake_intersection_3_1_S_1_226,True,road_2_1_0_1,618.24
30,fake_intersection_3_1_S_1_227,True,road_2_1_0_1,619.24
30,fake_intersection_1_1_N_1_192,True,road_2_1_2_1,618.24
30,fake_intersection_1_1_N_1_193,True,road_2_1_2_1,619.24
30,fake_intersection_3_2_S_1_230,True,road_2_2_0_1,618.24
30,fake_intersection_3_2_S_1_231,True,road_2_2_0_1,619.24
30,fake_intersection_1_2_N_1_196,True,road_2_2_2_1,618.24
30,fake_intersection_1_2_N_1_197,True,road_2_2_2_1,619.24
30,fake_intersection_3_3_S_1_234,True,road_2_3_0_1,618.24
30,fake_intersection_3_3_S_1_235,True,road_2_3_0_1,619.24
30,fake_intersection_1_3_N_1_200,True,road_2_3_2_1,618.24
30,fake_intersection_1_3_N_1_201,True,road_2_3_2_1,619.24
30,fake_intersection_3_4_S_1_238,True,road_2_4_0_1,618.24
30,fake_intersection_3_4_S_1_239,True,road_2_4_0_1,619.24
30,fake_intersection_1_4_N_1_204,True,road_2_4_2_1,618.24
30,fake_intersection_1_4_N_1_205,True,road_2_4_2_1,619.24
30,fake_intersection_4_1_S_1_242,True,road_3_1_0_1,618.24
30,fake_intersection_4_1_S_1_243,True,road_3_1_0_1,619.24
30,fake_intersection_2_1_N_1_208,True,road_3_1_2_1,618.24
30,fake_intersection_2_1_N_1_209,True,road_3_1_2_1,619.24
30,fake_intersection_4_2_S_1_246,True,road_3_2_0_1,618.24
30,fake_intersection_4_2_S_1_247,True,road_3_2_0_1,619.24
30,fake_intersection_2_2_N_1_212,True,road_3_2_2_1,618.24
30,fake_intersection_2_2_N_1_213,True,road_3_2_2_1,619.24
30,fake_intersection_4_3_S_1_250,True,road_3_3_0_1,618.24
30,fake_intersection_4_3_S_1_251,True,road_3_3_0_1,619.24
30,fake_intersection_2_3_N_1_216,True,road_3_3_2_1,618.24
30,fake_intersection_2_3_N_1_217,True,road_3_3_2_1,619.24
30,fake_intersection_4_4_S_1_254,True,road_3_4_0_1,618.24
30,fake_intersection_4_4_S_1_255,True,road_3_4_0_1,619.24
30,fake_intersection_2_4_N_1_220,True,road_3_4_2_1,618.24
30,fake_intersection_2_4_N_1_221,True,road_3_4_2_1,619.24
30,0,False,road_4_0_1_0,329.7540243785909
30,24,False,road_4_0_1_1,30.986099360096027
30,14,False,road_4_0_1_1,169.90728357786656
30,fake_intersection_3_1_N_1_224,True,road_4_1_2_1,618.24
30,fake_intersection_3_1_N_1_225,True,road_4_1_2_1,619.24
30,fake_intersection_3_2_N_1_228,True,road_4_2_2_1,618.24
30,fake_intersection_3_2_N_1_229,True,road_4_2_2_1,619.24
30,fake_intersection_3_3_N_1_232,True,road_4_3_2_1,618.24
30,fake_intersection_3_3_N_1_233,True,road_4_3_2_1,619.24
30,fake_intersection_3_4_N_1_236,True,road_4_4_2_1,618.24
30,fake_intersection_3_4_N_1_237,True,road_4_4_2_1,619.24
30,fake_intersection_4_1_N_1_240,True,road_5_1_2_1,629.12
30,fake_intersection_4_1_N_1_241,True,road_5_1_2_1,630.12
30,4,False,road_5_2_2_0,319.19640823493637
30,fake_intersection_4_2_N_1_244,True,road_5_2_2_1,629.12
30,fake_intersection_4_2_N_1_245,True,road_5_2_2_1,630.12
30,25,False,road_5_3_2_0,31.10333844322673
30,15,False,road_5_3_2_0,160.29309391166424
30,8,False,road_5_3_2_0,288.74786306364444
30,fake_intersection_4_3_N_1_248,True,road_5_3_2_1,629.12
30,fake_intersection_4_3_N_1_249,True,road_5_3_2_1,630.12
30,16,False,road_5_4_2_0,141.66887772744207
30,10,False,road_5_4_2_0,255.3636190776505
30,2,False,road_5_4_2_0,310.2947025923901
30,26,False,road_5_4_2_1,14.045780822176306
30,20,False,road_5_4_2_1,89.78819287571578
30,fake_intersection_4_4_N_1_252,True,road_5_4_2_1,629.12
30,fake_intersection_4_4_N_1_253,True,road_5_4_2_1,630.12
40,28,False,road_0_1_0_0,112.44004730068235
40,18,False,road_0_1_0_0,188.55037570298504
40,12,False,road_0_1_0_0,323.43795047788103
40,1,False,road_0_1_0_0,386.36943731090213
40,fake_intersection_1_1_S_1_258,True,road_0_1_0_1,629.12
40,fake_intersection_1_1_S_1_259,True,road_0_1_0_1,630.12
40,3,False,road_0_2_0_0,447.090985204301
40,32,False,road_0_2_0_1,26.26527386684181
40,fake_intersection_1_2_S_1_262,True,road_0_2_0_1,629.12
40,fake_intersection_1_2_S_1_263,True,road_0_2_0_1,630.12
40,fake_intersection_1_3_S_1_266,True,road_0_3_0_1,629.12
40,fake_intersection_1_3_S_1_267,True,road_0_3_0_1,630.12
40,31,False,road_0_4_0_0,40.988194920019524
40,29,False,road_0_4_0_0,73.5417327569375
40,27,False,road_0_4_0_0,113.97688896839017
40,23,False,road_0_4_0_0,143.6498449297912
40,17,False,road_0_4_0_0,234.8375497189753
40,9,False,road_0_4_0_0,317.76363695631784
40,7,False,road_0_4_0_0,364.8285619443008
40,19,False,road_0_4_0_1,235.72336274869818
40,11,False,road_0_4_0_1,336.5134523248029
40,fake_intersection_1_4_S_1_270,True,road_0_4_0_1,629.12
40,fake_intersection_1_4_S_1_271,True,road_0_4_0_1,630.12
40,13,False,road_0_4_0_2,323.56193348819676
40,21,False,road_1_0_1_0,176.84758947131618
40,5,False,road_1_0_1_0,340.8820804565611
40,fake_intersection_2_1_S_1_274,True,road_1_1_0_1,618.24
40,fake_intersection_2_1_S_1_275,True,road_1_1_0_1,619.24
40,fake_intersection_2_2_S_1_278,True,road_1_2_0_1,618.24
40,fake_intersection_2_2_S_1_279,True,road_1_2_0_1,619.24
40,fake_intersection_2_3_S_1_282,True,road_1_3_0_1,618.24
40,fake_intersection_2_3_S_1_283,True,road_1_3_0_1,619.24
40,fake_intersection_2_4_S_1_286,True,road_1_4_0_1,618.24
40,fake_intersection_2_4_S_1_287,True,road_1_4_0_1,619.24
40,22,False,road_1_5_3_0,167.251197176435
40,6,False,road_1_5_3_1,436.25217691069923
40,fake_intersection_3_1_S_1_290,True,road_2_1_0_1,618.24
40,fake_intersection_3_1_S_1_291,True,road_2_1_0_1,619.24
40,fake_intersection_1_1_N_1_256,True,road_2_1_2_1,618.24
40,fake_intersection_1_1_N_1_257,True,road_2_1_2_1,619.24
40,fake_intersection_3_2_S_1_294,True,road_2_2_0_1,618.24
40,fake_intersection_3_2_S_1_295,True,road_2_2_0_1,619.24
40,fake_intersection_1_2_N_1_260,True,road_2_2_2_1,618.24
40,fake_intersection_1_2_N_1_261,True,road_2_2_2_1,619.24
40,fake_intersection_3_3_S_1_298,True,road_2_3_0_1,618.24
40,fake_intersection_3_3_S_1_299,True,road_2_3_0_1,619.24
40,fake_intersection_1_3_N_1_264,True,road_2_3_2_1,618.24
40,fake_intersection_1_3_N_1_265,True,road_2_3_2_1,619.24
40,fake_intersection_3_4_S_1_302,True,road_2_4_0_1,618.24
40,fake_intersection_3_4_S_1_303,True,road_2_4_0_1,619.24
40,fake_intersection_1_4_N_1_268,True,road_2_4_2_1,618.24
40,fake_intersection_1_4_N_1_269,True,road_2_4_2_1,619.24
40,fake_intersection_4_1_S_1_306,True,road_3_1_0_1,618.24
40,fake_intersection_4_1_S_1_307,True,road_3_1_0_1,619.24
40,fake_intersection_2_1_N_1_272,True,road_3_1_2_1,618.24
40,fake_intersection_2_1_N_1_273,True,road_3_1_2_1,619.24
40,fake_intersection_4_2_S_1_310,True,road_3_2_0_1,618.24
40,fake_intersection_4_2_S_1_311,True,road_3_2_0_1,619.24
40,fake_intersection_2_2_N_1_276,True,road_3_2_2_1,618.24
40,fake_intersection_2_2_N_1_277,True,road_3_2_2_1,619.24
40,fake_intersection_4_3_S_1_314,True,road_3_3_0_1,618.24
40,fake_intersection_4_3_S_1_315,True,road_3_3_0_1,619.24
40,fake_intersection_2_3_N_1_280,True,road_3_3_2_1,618.24
40,fake_intersection_2_3_N_1_281,True,road_3_3_2_1,619.24
40,fake_intersection_4_4_S_1_318,True,road_3_4_0_1,618.24
40,fake_intersection_4_4_S_1_319,True,road_3_4_0_1,619.24
40,fake_intersection_2_4_N_1_284,True,road_3_4_2_1,618.24
40,fake_intersection_2_4_N_1_285,True,road_3_4_2_1,619.24
40,24,False,road_4_0_1_0,115.95778959115242
40,34,False,road_4_0_1_1,5.1
40,14,False,road_4_0_1_1,272.6066239337394
40,0,False,road_4_0_1_1,440.388234484119
40,fake_intersection_3_1_N_1_288,True,road_4_1_2_1,618.24
40,fake_intersection_3_1_N_1_289,True,road_4_1_2_1,619.24
40,fake_intersection_3_2_N_1_292,True,road_4_2_2_1,618.24
40,fake_intersection_3_2_N_1_293,True,road_4_2_2_1,619.24
40,fake_intersection_3_3_N_1_296,True,road_4_3_2_1,618.24
40,fake_intersection_3_3_N_1_297,True,road_4_3_2_1,619.24
40,fake_intersection_3_4_N_1_300,True,road_4_4_2_1,618.24
40,fake_intersection_3_4_N_1_301,True,road_4_4_2_1,619.24
40,fake_intersection_4_1_N_1_304,True,road_5_1_2_1,629.12
40,fake_intersection_4_1_N_1_305,True,road_5_1_2_1,630.12
40,4,False,road_5_2_2_0,426.891451820559
40,33,False,road_5_2_2_1,28.98280083197197
40,fake_intersection_4_2_N_1_308,True,road_5_2_2_1,629.12
40,fake_intersection_4_2_N_1_309,True,road_5_2_2_1,630.12
40,25,False,road_5_3_2_0,121.62819350265733
40,15,False,road_5_3_2_0,258.0969906067915
40,8,False,road_5_3_2_0,386.2468467894181
40,35,False,road_5_3_2_1,5.1
40,fake_intersection_4_3_N_1_312,True,road_5_3_2_1,629.12
40,fake_intersection_4_3_N_1_313,True,road_5_3_2_1,630.12
40,26,False,road_5_4_2_0,109.16124359919772
40,20,False,road_5_4_2_0,195.25123105895213
40,16,False,road_5_4_2_0,233.73206631666454
40,10,False,road_5_4_2_0,370.3500941539706
40,2,False,road_5_4_2_0,416.5047146728384
40,30,False,road_5_4_2_1,54.84402632066404
40,fake_intersection_4_4_N_1_316,True,road_5_4_2_1,629.12
40,fake_intersection_4_4_N_1_317,True,road_5_4_2_1,630.12
50,36,False,road_0_1_0_0,96.69380687314441
50,28,False,road_0_1_0_0,231.51818550764716
50,18,False,road_0_1_0_0,285.8915964285314
50,12,False,road_0_1_0_0,433.4984544948089
50,1,False,road_0_1_0_0,484.9695143760217
50,fake_intersection_1_1_S_1_322,True,road_0_1_0_1,629.12
50,fake_intersection_1_1_S_1_323,True,road_0_1_0_1,630.12
50,32,False,road_0_2_0_0,132.57919711014586
50,3,False,road_0_2_0_0,561.1172219308376
50,fake_intersection_1_2_S_1_326,True,road_0_2_0_1,629.12
50,fake_intersection_1_2_S_1_327,True,road_0_2_0_1,630.12
50,fake_intersection_1_3_S_1_330,True,road_0_3_0_1,629.12
50,fake_intersection_1_3_S_1_331,True,road_0_3_0_1,630.12
50,29,False,road_0_4_0_0,169.44563109457673
50,27,False,road_0_4_0_0,212.51898748466658
50,23,False,road_0_4_0_0,235.8139753788184
50,17,False,road_0_4_0_0,333.0389002163794
50,9,False,road_0_4_0_0,406.8808078217093
50,7,False,road_0_4_0_0,456.21519761521466
50,42,False,road_0_4_0_1,16.20674409758804
50,39,False,road_0_4_0_1,51.54427331623055
50,37,False,road_0_4_0_1,116.63685906648847
50,31,False,road_0_4_0_1,161.66066831814842
50,19,False,road_0_4_0_1,358.64913701241494
50,11,False,road_0_4_0_1,444.0870238066384
50,fake_intersection_1_4_S_1_334,True,road_0_4_0_1,629.12
50,fake_intersection_1_4_S_1_335,True,road_0_4_0_1,630.12
50,13,False,road_0_4_0_2,442.0980562844553
50,40,False,road_1_0_1_0,37.90410621420961
50,21,False,road_1_0_1_0,283.2323422862007
50,5,False,road_1_0_1_1,427.7990818426722
50,fake_intersection_2_1_S_1_338,True,road_1_1_0_1,618.24
50,fake_intersection_2_1_S_1_339,True,road_1_1_0_1,619.24
50,fake_intersection_2_2_S_1_342,True,road_1_2_0_1,618.24
50,fake_intersection_2_2_S_1_343,True,road_1_2_0_1,619.24
50,fake_intersection_2_3_S_1_346,True,road_1_3_0_1,618.24
50,fake_intersection_2_3_S_1_347,True,road_1_3_0_1,619.24
50,fake_intersection_2_4_S_1_350,True,road_1_4_0_1,618.24
50,fake_intersection_2_4_S_1_351,True,road_1_4_0_1,619.24
50,22,False,road_1_5_3_0,268.2569214033186
50,41,False,road_1_5_3_1,35.32648711484468
50,6,False,road_1_5_3_1,546.9264859616478
50,fake_intersection_3_1_S_1_354,True,road_2_1_0_1,618.24
50,fake_intersection_3_1_S_1_355,True,road_2_1_0_1,619.24
50,fake_intersection_1_1_N_1_320,True,road_2_1_2_1,618.24
50,fake_intersection_1_1_N_1_321,True,road_2_1_2_1,619.24
50,fake_intersection_3_2_S_1_358,True,road_2_2_0_1,618.24
50,fake_intersection_3_2_S_1_359,True,road_2_2_0_1,619.24
50,fake_intersection_1_2_N_1_324,True,road_2_2_2_1,618.24
50,fake_intersection_1_2_N_1_325,True,road_2_2_2_1,619.24
50,fake_intersection_3_3_S_1_362,True,road_2_3_0_1,618.24
50,fake_intersection_3_3_S_1_363,True,road_2_3_0_1,619.24
50,fake_intersection_1_3_N_1_328,True,road_2_3_2_1,618.24
50,fake_intersection_1_3_N_1_329,True,road_2_3_2_1,619.24
50,fake_intersection_3_4_S_1_366,True,road_2_4_0_1,618.24
50,fake_intersection_3_4_S_1_367,True,road_2_4_0_1,619.24
50,fake_intersection_1_4_N_1_332,True,road_2_4_2_1,618.24
50,fake_intersection_1_4_N_1_333,True,road_2_4_2_1,619.24
50,fake_intersection_4_1_S_1_370,True,road_3_1_0_1,618.24
50,fake_intersection_4_1_S_1_371,True,road_3_1_0_1,619.24
50,fake_intersection_2_1_N_1_336,True,road_3_1_2_1,618.24
50,fake_intersection_2_1_N_1_337,True,road_3_1_2_1,619.24
50,fake_intersection_4_2_S_1_374,True,road_3_2_0_1,618.24
50,fake_intersection_4_2_S_1_375,True,road_3_2_0_1,619.24
50,fake_intersection_2_2_N_1_340,True,road_3_2_2_1,618.24
50,fake_intersection_2_2_N_1_341,True,road_3_2_2_1,619.24
50,fake_intersection_4_3_S_1_378,True,road_3_3_0_1,618.24
50,fake_intersection_4_3_S_1_379,True,road_3_3_0_1,619.24
50,fake_intersection_2_3_N_1_344,True,road_3_3_2_1,618.24
50,fake_intersection_2_3_N_1_345,True,road_3_3_2_1,619.24
50,fake_intersection_4_4_S_1_382,True,road_3_4_0_1,618.24
50,fake_intersection_4_4_S_1_383,True,road_3_4_0_1,619.24
50,fake_intersection_2_4_N_1_348,True,road_3_4_2_1,618.24
50,fake_intersection_2_4_N_1_349,True,road_3_4_2_1,619.24
50,24,False,road_4_0_1_0,201.38110493488585
50,34,False,road_4_0_1_1,109.4372084207495
50,0,False,road_4_0_1_1,551.9571948914569
50,14,False,road_4_0_1_2,377.6436535985042
50,fake_intersection_3_1_N_1_352,True,road_4_1_2_1,618.24
50,fake_intersection_3_1_N_1_353,True,road_4_1_2_1,619.24
50,fake_intersection_3_2_N_1_356,True,road_4_2_2_1,618.24
50,fake_intersection_3_2_N_1_357,True,road_4_2_2_1,619.24
50,fake_intersection_3_3_N_1_360,True,road_4_3_2_1,618.24
50,fake_intersection_3_3_N_1_361,True,road_4_3_2_1,619.24
50,fake_intersection_3_4_N_1_364,True,road_4_4_2_1,618.24
50,fake_intersection_3_4_N_1_365,True,road_4_4_2_1,619.24
50,fake_intersection_4_1_N_1_368,True,road_5_1_2_1,629.12
50,fake_intersection_4_1_N_1_369,True,road_5_1_2_1,630.12
50,33,False,road_5_2_2_0,154.1571071667148
50,4,False,road_5_2_2_0,534.8221462119379
50,fake_intersection_4_2_N_1_372,True,road_5_2_2_1,629.12
50,fake_intersection_4_2_N_1_373,True,road_5_2_2_1,630.12
50,35,False,road_5_3_2_0,111.0199644367528
50,25,False,road_5_3_2_0,212.25151499241298
50,15,False,road_5_3_2_0,355.9652430555138
50,8,False,road_5_3_2_0,483.82506384933544
50,fake_intersection_4_3_N_1_376,True,road_5_3_2_1,629.12
50,fake_intersection_4_3_N_1_377,True,road_5_3_2_1,630.12
50,38,False,road_5_4_2_0,87.31515151767871
50,26,False,road_5_4_2_0,203.00861676213236
50,16,False,road_5_4_2_0,325.0958386278405
50,10,False,road_5_4_2_0,484.7115027539522
50,2,False,road_5_4_2_0,522.776149800779
50,43,False,road_5_4_2_1,5.1
50,30,False,road_5_4_2_1,178.47597594752523
50,20,False,road_5_4_2_1,301.9169051430743
50,fake_intersection_4_4_N_1_380,True,road_5_4_2_1,629.12
50,fake_intersection_4_4_N_1_381,True,road_5_4_2_1,630.12
60,36,False,road_0_1_0_0,197.78223670977195
60,28,False,road_0_1_0_0,351.41226781010346
60,18,False,road_0_1_0_0,382.649322082524
60,44,False,road_0_1_0_1,103.59422244901617
60,12,False,road_0_1_0_1,544.318703615463
60,1,False,road_0_1_0_1,583.3650877674771
60,fake_intersection_1_1_S_1_392,True,road_0_1_0_1,629.12
60,fake_intersection_1_1_S_1_393,True,road_0_1_0_1,630.12
60,fake_intersection_1_1_S_2_394,True,road_0_1_0_2,629.12
60,fake_intersection_1_1_S_2_395,True,road_0_1_0_2,630.12
60,32,False,road_0_2_0_0,237.5855803916835
60,3,False,road_0_2_0_0,676.646583502705
60,fake_intersection_1_2_S_1_402,True,road_0_2_0_1,629.12
60,fake_intersection_1_2_S_1_403,True,road_0_2_0_1,630.12
60,fake_intersection_1_3_S_1_406,True,road_0_3_0_1,629.12
60,fake_intersection_1_3_S_1_407,True,road_0_3_0_1,630.12
60,39,False,road_0_4_0_0,144.10873868127516
60,29,False,road_0_4_0_0,267.997367452238
60,23,False,road_0_4_0_0,326.492751422274
60,17,False,road_0_4_0_0,432.43463836604275
60,9,False,road_0_4_0_0,495.7764057387838
60,7,False,road_0_4_0_0,548.7051805145029
60,49,False,road_0_4_0_1,32.82610990098171
60,46,False,road_0_4_0_1,79.31885743805537
60,42,False,road_0_4_0_1,131.56837383920754
60,37,False,road_0_4_0_1,240.6398735525462
60,31,False,road_0_4_0_1,284.3455386517726
60,27,False,road_0_4_0_1,310.514571545893
60,19,False,road_0_4_0_1,478.56138353680427
60,11,False,road_0_4_0_1,549.6643762693011
60,fake_intersection_1_4_S_1_410,True,road_0_4_0_1,629.12
60,fake_intersection_1_4_S_1_411,True,road_0_4_0_1,630.12
60,13,False,road_0_4_0_2,558.237390220974
60,40,False,road_1_0_1_0,147.50766850806374
60,21,False,road_1_0_1_1,387.1155841198011
60,fake_intersection_1_1_W_1_396,True,road_1_0_1_1,469.12
60,fake_intersection_1_1_W_1_397,True,road_1_0_1_1,470.12
60,5,False,road_1_0_1_1,513.4150437817299
60,fake_intersection_1_1_W_2_398,True,road_1_0_1_2,469.12
60,fake_intersection_1_1_W_2_399,True,road_1_0_1_2,470.12
60,fake_intersection_2_1_S_1_414,True,road_1_1_0_1,618.24
60,fake_intersection_2_1_S_1_415,True,road_1_1_0_1,619.24
60,fake_intersection_2_2_S_1_418,True,road_1_2_0_1,618.24
60,fake_intersection_2_2_S_1_419,True,road_1_2_0_1,619.24
60,fake_intersection_1_1_E_1_384,True,road_1_2_3_1,458.24
60,fake_intersection_1_1_E_1_385,True,road_1_2_3_1,459.24
60,fake_intersection_1_1_E_2_386,True,road_1_2_3_2,458.24
60,fake_intersection_1_1_E_2_387,True,road_1_2_3_2,459.24
60,fake_intersection_2_3_S_1_422,True,road_1_3_0_1,618.24
60,fake_intersection_2_3_S_1_423,True,road_1_3_0_1,619.24
60,fake_intersection_2_4_S_1_426,True,road_1_4_0_1,618.24
60,fake_intersection_2_4_S_1_427,True,road_1_4_0_1,619.24
60,41,False,road_1_5_3_0,135.44324645740002
60,22,False,road_1_5_3_1,370.355001371134
60,6,False,road_1_5_3_1,585.3983819819728
60,fake_intersection_3_1_S_1_430,True,road_2_1_0_1,618.24
60,fake_intersection_3_1_S_1_431,True,road_2_1_0_1,619.24
60,fake_intersection_1_1_N_1_388,True,road_2_1_2_1,618.24
60,fake_intersection_1_1_N_1_389,True,road_2_1_2_1,619.24
60,fake_intersection_1_1_N_2_390,True,road_2_1_2_2,618.24
60,fake_intersection_1_1_N_2_391,True,road_2_1_2_2,619.24
60,fake_intersection_3_2_S_1_434,True,road_2_2_0_1,618.24
60,fake_intersection_3_2_S_1_435,True,road_2_2_0_1,619.24
60,fake_intersection_1_2_N_1_400,True,road_2_2_2_1,618.24
60,fake_intersection_1_2_N_1_401,True,road_2_2_2_1,619.24
60,fake_intersection_3_3_S_1_438,True,road_2_3_0_1,618.24
60,fake_intersection_3_3_S_1_439,True,road_2_3_0_1,619.24
60,fake_intersection_1_3_N_1_404,True,road_2_3_2_1,618.24
60,fake_intersection_1_3_N_1_405,True,road_2_3_2_1,619.24
60,fake_intersection_3_4_S_1_442,True,road_2_4_0_1,618.24
60,fake_intersection_3_4_S_1_443,True,road_2_4_0_1,619.24
60,fake_intersection_1_4_N_1_408,True,road_2_4_2_1,618.24
60,fake_intersection_1_4_N_1_409,True,road_2_4_2_1,619.24
60,fake_intersection_4_1_S_1_450,True,road_3_1_0_1,618.24
60,fake_intersection_4_1_S_1_451,True,road_3_1_0_1,619.24
60,fake_intersection_2_1_N_1_412,True,road_3_1_2_1,618.24
60,fake_intersection_2_1_N_1_413,True,road_3_1_2_1,619.24
60,fake_intersection_4_2_S_1_452,True,road_3_2_0_1,618.24
60,fake_intersection_4_2_S_1_453,True,road_3_2_0_1,619.24
60,fake_intersection_4_2_S_2_454,True,road_3_2_0_2,618.24
60,fake_intersection_4_2_S_2_455,True,road_3_2_0_2,619.24
60,fake_intersection_2_2_N_1_416,True,road_3_2_2_1,618.24
60,fake_intersection_2_2_N_1_417,True,road_3_2_2_1,619.24
60,fake_intersection_4_3_S_1_462,True,road_3_3_0_1,618.24
60,fake_intersection_4_3_S_1_463,True,road_3_3_0_1,619.24
60,fake_intersection_2_3_N_1_420,True,road_3_3_2_1,618.24
60,fake_intersection_2_3_N_1_421,True,road_3_3_2_1,619.24
60,fake_intersection_4_4_S_2_464,True,road_3_4_0_2,618.24
60,fake_intersection_4_4_S_2_465,True,road_3_4_0_2,619.24
60,fake_intersection_2_4_N_1_424,True,road_3_4_2_1,618.24
60,fake_intersection_2_4_N_1_425,True,road_3_4_2_1,619.24
60,34,False,road_4_0_1_0,211.54888464927436
60,24,False,road_4_0_1_0,287.3346635550048
60,fake_intersection_4_1_W_1_446,True,road_4_0_1_1,469.12
60,fake_intersection_4_1_W_1_447,True,road_4_0_1_1,470.12
60,0,False,road_4_0_1_1,585.3989359199275
60,45,False,road_4_0_1_2,84.19322112425999
60,fake_intersection_4_1_W_2_448,True,road_4_0_1_2,469.12
60,fake_intersection_4_1_W_2_449,True,road_4_0_1_2,470.12
60,14,False,road_4_0_1_2,482.3955170557543
60,fake_intersection_3_1_N_1_428,True,road_4_1_2_1,618.24
60,fake_intersection_3_1_N_1_429,True,road_4_1_2_1,619.24
60,fake_intersection_3_2_N_1_432,True,road_4_2_2_1,618.24
60,fake_intersection_3_2_N_1_433,True,road_4_2_2_1,619.24
60,fake_intersection_3_3_N_1_436,True,road_4_3_2_1,618.24
60,fake_intersection_3_3_N_1_437,True,road_4_3_2_1,619.24
60,fake_intersection_3_4_N_1_440,True,road_4_4_2_1,618.24
60,fake_intersection_3_4_N_1_441,True,road_4_4_2_1,619.24
60,fake_intersection_4_1_N_1_444,True,road_5_1_2_1,629.12
60,fake_intersection_4_1_N_1_445,True,road_5_1_2_1,630.12
60,33,False,road_5_2_2_0,278.9914643150319
60,fake_intersection_4_2_N_1_456,True,road_5_2_2_1,629.12
60,fake_intersection_4_2_N_1_457,True,road_5_2_2_1,630.12
60,4,False,road_5_2_2_1,643.7368650867948
60,fake_intersection_4_2_N_2_458,True,road_5_2_2_2,629.12
60,fake_intersection_4_2_N_2_459,True,road_5_2_2_2,630.12
60,47,False,road_5_3_2_0,69.20964542339392
60,35,False,road_5_3_2_0,215.0831761993404
60,25,False,road_5_3_2_0,301.0628564461512
60,15,False,road_5_3_2_0,452.43928998968505
60,8,False,road_5_3_2_0,580.4818373867872
60,fake_intersection_4_3_N_1_460,True,road_5_3_2_1,629.12
60,fake_intersection_4_3_N_1_461,True,road_5_3_2_1,630.12
60,48,False,road_5_4_2_0,33.146227614505634
60,43,False,road_5_4_2_0,113.27019091598588
60,38,False,road_5_4_2_0,204.26002845899708
60,26,False,road_5_4_2_0,299.06896059260896
60,30,False,road_5_4_2_1,303.8036017363871
60,20,False,road_5_4_2_1,398.5623428017176
60,16,False,road_5_4_2_1,415.4115404818928
60,10,False,road_5_4_2_1,598.335692668276
60,2,False,road_5_4_2_1,629.8309899404953
70,3,False,:intersection_1_2_27_1,0.9732763432123193
70,44,False,road_0_1_0_0,213.77766673001196
70,36,False,road_0_1_0_0,300.9620369467435
70,28,False,road_0_1_0_0,460.5471896746077
70,18,False,road_0_1_0_0,479.63710738372754
70,50,False,road_0_1_0_1,84.3827746748986
70,fake_intersection_1_1_S_1_472,True,road_0_1_0_1,629.12
70,fake_intersection_1_1_S_1_473,True,road_0_1_0_1,630.12
70,12,False,road_0_1_0_1,654.5230447160106
70,1,False,road_0_1_0_1,681.755427666859
70,fake_intersection_1_1_S_2_474,True,road_0_1_0_2,629.12
70,fake_intersection_1_1_S_2_475,True,road_0_1_0_2,630.12
70,32,False,road_0_2_0_0,343.14150000515036
70,fake_intersection_1_2_S_1_482,True,road_0_2_0_1,629.12
70,fake_intersection_1_2_S_1_483,True,road_0_2_0_1,630.12
70,fake_intersection_1_3_S_1_486,True,road_0_3_0_1,629.12
70,fake_intersection_1_3_S_1_487,True,road_0_3_0_1,630.12
70,56,False,road_0_4_0_0,14.965735052288412
70,49,False,road_0_4_0_0,121.29236910501788
70,46,False,road_0_4_0_0,183.92585915844225
70,39,False,road_0_4_0_0,239.58262683071155
70,29,False,road_0_4_0_0,363.5445557916366
70,31,False,road_0_4_0_0,398.4119689190164
70,23,False,road_0_4_0_0,417.7834946197863
70,17,False,road_0_4_0_0,529.6688206645717
70,19,False,road_0_4_0_0,600.8714875068233
70,53,False,road_0_4_0_1,62.69118561459479
70,51,False,road_0_4_0_1,115.53233461846062
70,42,False,road_0_4_0_1,245.78512477428075
70,37,False,road_0_4_0_1,366.3454424576353
70,27,False,road_0_4_0_1,408.40423785775886
70,9,False,road_0_4_0_1,582.2632206726645
70,fake_intersection_1_4_S_1_498,True,road_0_4_0_1,629.12
70,fake_intersection_1_4_S_1_499,True,road_0_4_0_1,630.12
70,7,False,road_0_4_0_1,639.4932497053193
70,13,False,road_0_4_0_1,677.901979774957
70,fake_intersection_1_4_S_2_500,True,road_0_4_0_2,629.12
70,fake_intersection_1_4_S_2_501,True,road_0_4_0_2,630.12
70,11,False,road_0_4_0_2,654.5586198895314
70,40,False,road_1_0_1_0,254.61057794127734
70,57,False,road_1_0_1_1,5.1
70,fake_intersection_1_1_W_1_468,True,road_1_0_1_1,469.12
70,fake_intersection_1_1_W_1_469,True,road_1_0_1_1,470.12
70,21,False,road_1_0_1_1,494.64781136581564
70,5,False,road_1_0_1_1,585.342962929013
70,fake_intersection_1_1_W_2_470,True,road_1_0_1_2,469.12
70,fake_intersection_1_1_W_2_471,True,road_1_0_1_2,470.12
70,fake_intersection_2_1_S_1_504,True,road_1_1_0_1,618.24
70,fake_intersection_2_1_S_1_505,True,road_1_1_0_1,619.24
70,fake_intersection_2_2_S_1_508,True,road_1_2_0_1,618.24
70,fake_intersection_2_2_S_1_509,True,road_1_2_0_1,619.24
70,fake_intersection_1_1_E_1_476,True,road_1_2_3_1,458.24
70,fake_intersection_1_1_E_1_477,True,road_1_2_3_1,459.24
70,fake_intersection_1_1_E_2_478,True,road_1_2_3_2,458.24
70,fake_intersection_1_1_E_2_479,True,road_1_2_3_2,459.24
70,fake_intersection_2_3_S_1_512,True,road_1_3_0_1,618.24
70,fake_intersection_2_3_S_1_513,True,road_1_3_0_1,619.24
70,fake_intersection_1_4_W_1_496,True,road_1_3_1_1,458.24
70,fake_intersection_1_4_W_1_497,True,road_1_3_1_1,459.24
70,fake_intersection_2_4_S_1_516,True,road_1_4_0_1,618.24
70,fake_intersection_2_4_S_1_517,True,road_1_4_0_1,619.24
70,41,False,road_1_5_3_0,235.18007816066464
70,58,False,road_1_5_3_1,5.1
70,fake_intersection_1_4_E_1_488,True,road_1_5_3_1,469.12
70,fake_intersection_1_4_E_1_489,True,road_1_5_3_1,470.12
70,22,False,road_1_5_3_1,472.7504656412209
70,6,False,road_1_5_3_1,585.3989035842752
70,fake_intersection_1_4_E_2_490,True,road_1_5_3_2,469.12
70,fake_intersection_1_4_E_2_491,True,road_1_5_3_2,470.12
70,fake_intersection_3_1_S_1_520,True,road_2_1_0_1,618.24
70,fake_intersection_3_1_S_1_521,True,road_2_1_0_1,619.24
70,fake_intersection_1_1_N_2_466,True,road_2_1_2_2,618.24
70,fake_intersection_1_1_N_2_467,True,road_2_1_2_2,619.24
70,fake_intersection_3_2_S_1_524,True,road_2_2_0_1,618.24
70,fake_intersection_3_2_S_1_525,True,road_2_2_0_1,619.24
70,fake_intersection_1_2_N_1_480,True,road_2_2_2_1,618.24
70,fake_intersection_1_2_N_1_481,True,road_2_2_2_1,619.24
70,fake_intersection_3_3_S_1_528,True,road_2_3_0_1,618.24
70,fake_intersection_3_3_S_1_529,True,road_2_3_0_1,619.24
70,fake_intersection_1_3_N_1_484,True,road_2_3_2_1,618.24
70,fake_intersection_1_3_N_1_485,True,road_2_3_2_1,619.24
70,fake_intersection_3_4_S_1_532,True,road_2_4_0_1,618.24
70,fake_intersection_3_4_S_1_533,True,road_2_4_0_1,619.24
70,fake_intersection_1_4_N_1_492,True,road_2_4_2_1,618.24
70,fake_intersection_1_4_N_1_493,True,road_2_4_2_1,619.24
70,fake_intersection_1_4_N_2_494,True,road_2_4_2_2,618.24
70,fake_intersection_1_4_N_2_495,True,road_2_4_2_2,619.24
70,fake_intersection_4_1_S_1_540,True,road_3_1_0_1,618.24
70,fake_intersection_4_1_S_1_541,True,road_3_1_0_1,619.24
70,fake_intersection_2_1_N_1_502,True,road_3_1_2_1,618.24
70,fake_intersection_2_1_N_1_503,True,road_3_1_2_1,619.24
70,fake_intersection_4_2_S_1_542,True,road_3_2_0_1,618.24
70,fake_intersection_4_2_S_1_543,True,road_3_2_0_1,619.24
70,fake_intersection_4_2_S_2_544,True,road_3_2_0_2,618.24
70,fake_intersection_4_2_S_2_545,True,road_3_2_0_2,619.24
70,fake_intersection_2_2_N_1_506,True,road_3_2_2_1,618.24
70,fake_intersection_2_2_N_1_507,True,road_3_2_2_1,619.24
70,fake_intersection_4_3_S_1_552,True,road_3_3_0_1,618.24
70,fake_intersection_4_3_S_1_553,True,road_3_3_0_1,619.24
70,fake_intersection_2_3_N_1_510,True,road_3_3_2_1,618.24
70,fake_intersection_2_3_N_1_511,True,road_3_3_2_1,619.24
70,fake_intersection_4_4_S_2_554,True,road_3_4_0_2,618.24
70,fake_intersection_4_4_S_2_555,True,road_3_4_0_2,619.24
70,fake_intersection_2_4_N_1_514,True,road_3_4_2_1,618.24
70,fake_intersection_2_4_N_1_515,True,road_3_4_2_1,619.24
70,34,False,road_4_0_1_0,317.0017044976504
70,24,False,road_4_0_1_0,371.843030659165
70,54,False,road_4_0_1_1,41.37611012355147
70,45,False,road_4_0_1_1,199.97878164135054
70,fake_intersection_4_1_W_1_536,True,road_4_0_1_1,469.12
70,fake_intersection_4_1_W_1_537,True,road_4_0_1_1,470.12
70,0,False,road_4_0_1_1,585.3989359199275
70,fake_intersection_4_1_W_2_538,True,road_4_0_1_2,469.12
70,fake_intersection_4_1_W_2_539,True,road_4_0_1_2,470.12
70,14,False,road_4_0_1_2,582.7046393033188
70,fake_intersection_3_1_N_1_518,True,road_4_1_2_1,618.24
70,fake_intersection_3_1_N_1_519,True,road_4_1_2_1,619.24
70,fake_intersection_3_2_N_1_522,True,road_4_2_2_1,618.24
70,fake_intersection_3_2_N_1_523,True,road_4_2_2_1,619.24
70,fake_intersection_3_3_N_1_526,True,road_4_3_2_1,618.24
70,fake_intersection_3_3_N_1_527,True,road_4_3_2_1,619.24
70,fake_intersection_3_4_N_1_530,True,road_4_4_2_1,618.24
70,fake_intersection_3_4_N_1_531,True,road_4_4_2_1,619.24
70,fake_intersection_4_1_N_1_534,True,road_5_1_2_1,629.12
70,fake_intersection_4_1_N_1_535,True,road_5_1_2_1,630.12
70,33,False,road_5_2_2_0,404.3353155880512
70,fake_intersection_4_2_N_1_546,True,road_5_2_2_1,629.12
70,fake_intersection_4_2_N_1_547,True,road_5_2_2_1,630.12
70,4,False,road_5_2_2_1,751.7001231116457
70,fake_intersection_4_2_N_2_548,True,road_5_2_2_2,629.12
70,fake_intersection_4_2_N_2_549,True,road_5_2_2_2,630.12
70,47,False,road_5_3_2_0,160.19882578809415
70,35,False,road_5_3_2_0,324.5196900734931
70,25,False,road_5_3_2_0,392.37348613272354
70,15,False,road_5_3_2_0,548.4608743544882
70,8,False,road_5_3_2_0,678.4775716191798
70,55,False,road_5_3_2_1,46.520103535359496
70,fake_intersection_4_3_N_1_550,True,road_5_3_2_1,629.12
70,fake_intersection_4_3_N_1_551,True,road_5_3_2_1,630.12
70,48,False,road_5_4_2_0,124.24008292080518
70,43,False,road_5_4_2_0,221.72988432223707
70,38,False,road_5_4_2_0,321.5299281527587
70,26,False,road_5_4_2_0,394.3437971061283
70,20,False,road_5_4_2_0,500.76119372319556
70,52,False,road_5_4_2_1,67.4804530301231
70,30,False,road_5_4_2_1,428.3191613762359
70,16,False,road_5_4_2_1,507.61440572079755
70,10,False,road_5_4_2_1,709.9859552269492
70,2,False,road_5_4_2_1,735.268485388421
80,13,False,:intersection_1_4_30_0,9.473156545162965
80,50,False,road_0_1_0_0,172.78431897616383
80,36,False,road_0_1_0_0,402.3133748098074
80,28,False,road_0_1_0_0,561.5637949741011
80,59,False,road_0_1_0_1,95.32815643576097
80,44,False,road_0_1_0_1,324.0155843399707
80,18,False,road_0_1_0_1,576.4102170322063
80,fake_intersection_1_1_S_1_562,True,road_0_1_0_1,629.12
80,fake_intersection_1_1_S_1_563,True,road_0_1_0_1,630.12
80,12,False,road_0_1_0_1,760.096310456857
80,1,False,road_0_1_0_1,778.1811395255432
80,fake_intersection_1_1_S_2_564,True,road_0_1_0_2,629.12
80,fake_intersection_1_1_S_2_565,True,road_0_1_0_2,630.12
80,32,False,road_0_2_0_0,449.44210882281186
80,62,False,road_0_2_0_1,59.302889063494796
80,fake_intersection_1_2_S_1_572,True,road_0_2_0_1,629.12
80,fake_intersection_1_2_S_1_573,True,road_0_2_0_1,630.12
80,fake_intersection_1_3_S_1_576,True,road_0_3_0_1,629.12
80,fake_intersection_1_3_S_1_577,True,road_0_3_0_1,630.12
80,56,False,road_0_4_0_0,109.27345638903218
80,49,False,road_0_4_0_0,207.90726312017233
80,46,False,road_0_4_0_0,287.46594793006983
80,39,False,road_0_4_0_0,333.29501734864186
80,42,False,road_0_4_0_0,360.9050963855887
80,29,False,road_0_4_0_0,458.9102507702996
80,31,False,road_0_4_0_0,489.6584826751262
80,23,False,road_0_4_0_0,508.2464431403028
80,19,False,road_0_4_0_0,723.4014953751397
80,64,False,road_0_4_0_1,33.55694557912591
80,61,False,road_0_4_0_1,87.4833309584957
80,53,False,road_0_4_0_1,179.21491606546346
80,51,False,road_0_4_0_1,238.87396121339987
80,37,False,road_0_4_0_1,486.00146198386824
80,27,False,road_0_4_0_1,507.00917281983345
80,17,False,road_0_4_0_1,626.4587477902669
80,fake_intersection_1_4_S_1_586,True,road_0_4_0_1,629.12
80,fake_intersection_1_4_S_1_587,True,road_0_4_0_1,630.12
80,9,False,road_0_4_0_1,674.0065316243621
80,7,False,road_0_4_0_1,732.1186996194417
80,fake_intersection_1_4_S_2_588,True,road_0_4_0_2,629.12
80,fake_intersection_1_4_S_2_589,True,road_0_4_0_2,630.12
80,11,False,road_0_4_0_2,760.1531845943382
80,40,False,road_1_0_1_0,361.8362454604701
80,57,False,road_1_0_1_1,119.34911702995203
80,fake_intersection_1_1_W_1_558,True,road_1_0_1_1,469.12
80,fake_intersection_1_1_W_1_559,True,road_1_0_1_1,470.12
80,21,False,road_1_0_1_1,577.7958089181967
80,5,False,road_1_0_1_1,585.3989922544721
80,fake_intersection_1_1_W_2_560,True,road_1_0_1_2,469.12
80,fake_intersection_1_1_W_2_561,True,road_1_0_1_2,470.12
80,fake_intersection_2_1_S_1_594,True,road_1_1_0_1,618.24
80,fake_intersection_2_1_S_1_595,True,road_1_1_0_1,619.24
80,fake_intersection_2_2_S_1_598,True,road_1_2_0_1,618.24
80,fake_intersection_2_2_S_1_599,True,road_1_2_0_1,619.24
80,3,False,road_1_2_3_0,94.25555063124662
80,fake_intersection_1_1_E_1_566,True,road_1_2_3_1,458.24
80,fake_intersection_1_1_E_1_567,True,road_1_2_3_1,459.24
80,fake_intersection_1_1_E_2_568,True,road_1_2_3_2,458.24
80,fake_intersection_1_1_E_2_569,True,road_1_2_3_2,459.24
80,fake_intersection_2_3_S_1_602,True,road_1_3_0_1,618.24
80,fake_intersection_2_3_S_1_603,True,road_1_3_0_1,619.24
80,fake_intersection_1_4_W_1_590,True,road_1_3_1_1,458.24
80,fake_intersection_1_4_W_1_591,True,road_1_3_1_1,459.24
80,fake_intersection_2_4_S_1_606,True,road_1_4_0_1,618.24
80,fake_intersection_2_4_S_1_607,True,road_1_4_0_1,619.24
80,58,False,road_1_5_3_0,105.1203111885018
80,41,False,road_1_5_3_0,335.2758982098792
80,fake_intersection_1_4_E_1_578,True,road_1_5_3_1,469.12
80,fake_intersection_1_4_E_1_579,True,road_1_5_3_1,470.12
80,22,False,road_1_5_3_1,572.0950387982793
80,6,False,road_1_5_3_1,585.3989035842752
80,fake_intersection_1_4_E_2_580,True,road_1_5_3_2,469.12
80,fake_intersection_1_4_E_2_581,True,road_1_5_3_2,470.12
80,fake_intersection_3_1_S_1_610,True,road_2_1_0_1,618.24
80,fake_intersection_3_1_S_1_611,True,road_2_1_0_1,619.24
80,fake_intersection_1_1_N_2_556,True,road_2_1_2_2,618.24
80,fake_intersection_1_1_N_2_557,True,road_2_1_2_2,619.24
80,fake_intersection_3_2_S_1_614,True,road_2_2_0_1,618.24
80,fake_intersection_3_2_S_1_615,True,road_2_2_0_1,619.24
80,fake_intersection_1_2_N_1_570,True,road_2_2_2_1,618.24
80,fake_intersection_1_2_N_1_571,True,road_2_2_2_1,619.24
80,fake_intersection_3_3_S_1_618,True,road_2_3_0_1,618.24
80,fake_intersection_3_3_S_1_619,True,road_2_3_0_1,619.24
80,fake_intersection_1_3_N_1_574,True,road_2_3_2_1,618.24
80,fake_intersection_1_3_N_1_575,True,road_2_3_2_1,619.24
80,fake_intersection_3_4_S_1_622,True,road_2_4_0_1,618.24
80,fake_intersection_3_4_S_1_623,True,road_2_4_0_1,619.24
80,fake_intersection_1_4_N_1_582,True,road_2_4_2_1,618.24
80,fake_intersection_1_4_N_1_583,True,road_2_4_2_1,619.24
80,fake_intersection_1_4_N_2_584,True,road_2_4_2_2,618.24
80,fake_intersection_1_4_N_2_585,True,road_2_4_2_2,619.24
80,fake_intersection_4_1_S_1_632,True,road_3_1_0_1,618.24
80,fake_intersection_4_1_S_1_633,True,road_3_1_0_1,619.24
80,fake_intersection_2_1_N_1_592,True,road_3_1_2_1,618.24
80,fake_intersection_2_1_N_1_593,True,road_3_1_2_1,619.24
80,fake_intersection_4_2_S_1_640,True,road_3_2_0_1,618.24
80,fake_intersection_4_2_S_1_641,True,road_3_2_0_1,619.24
80,fake_intersection_2_2_N_1_596,True,road_3_2_2_1,618.24
80,fake_intersection_2_2_N_1_597,True,road_3_2_2_1,619.24
80,fake_intersection_4_3_S_1_644,True,road_3_3_0_1,618.24
80,fake_intersection_4_3_S_1_645,True,road_3_3_0_1,619.24
80,fake_intersection_2_3_N_1_600,True,road_3_3_2_1,618.24
80,fake_intersection_2_3_N_1_601,True,road_3_3_2_1,619.24
80,fake_intersection_4_4_S_1_646,True,road_3_4_0_1,618.24
80,fake_intersection_4_4_S_1_647,True,road_3_4_0_1,619.24
80,fake_intersection_4_4_S_2_648,True,road_3_4_0_2,618.24
80,fake_intersection_4_4_S_2_649,True,road_3_4_0_2,619.24
80,fake_intersection_2_4_N_1_604,True,road_3_4_2_1,618.24
80,fake_intersection_2_4_N_1_605,True,road_3_4_2_1,619.24
80,66,False,road_4_0_1_0,15.139474924579776
80,54,False,road_4_0_1_0,145.3692282201308
80,45,False,road_4_0_1_1,315.8077396824394
80,34,False,road_4_0_1_1,421.6666624593129
80,24,False,road_4_0_1_1,456.94679564893454
80,fake_intersection_4_1_W_1_634,True,road_4_0_1_1,469.12
80,fake_intersection_4_1_W_1_635,True,road_4_0_1_1,470.12
80,0,False,road_4_0_1_1,585.3989359199275
80,fake_intersection_4_1_W_2_636,True,road_4_0_1_2,469.12
80,fake_intersection_4_1_W_2_637,True,road_4_0_1_2,470.12
80,14,False,road_4_0_1_2,585.3989444162426
80,fake_intersection_3_1_N_1_608,True,road_4_1_2_1,618.24
80,fake_intersection_3_1_N_1_609,True,road_4_1_2_1,619.24
80,4,False,road_4_2_2_1,47.42783083692569
80,fake_intersection_3_2_N_1_612,True,road_4_2_2_1,618.24
80,fake_intersection_3_2_N_1_613,True,road_4_2_2_1,619.24
80,fake_intersection_4_1_E_1_624,True,road_4_2_3_1,458.24
80,fake_intersection_4_1_E_1_625,True,road_4_2_3_1,459.24
80,fake_intersection_4_1_E_2_626,True,road_4_2_3_2,458.24
80,fake_intersection_4_1_E_2_627,True,road_4_2_3_2,459.24
80,fake_intersection_3_3_N_1_616,True,road_4_3_2_1,618.24
80,fake_intersection_3_3_N_1_617,True,road_4_3_2_1,619.24
80,10,False,road_4_4_2_1,8.51602335619685
80,2,False,road_4_4_2_1,29.393820737044464
80,fake_intersection_3_4_N_1_620,True,road_4_4_2_1,618.24
80,fake_intersection_3_4_N_1_621,True,road_4_4_2_1,619.24
80,fake_intersection_4_1_N_1_628,True,road_5_1_2_1,629.12
80,fake_intersection_4_1_N_1_629,True,road_5_1_2_1,630.12
80,fake_intersection_4_1_N_2_630,True,road_5_1_2_2,629.12
80,fake_intersection_4_1_N_2_631,True,road_5_1_2_2,630.12
80,63,False,road_5_2_2_1,57.91455673707965
80,33,False,road_5_2_2_1,527.3800024438474
80,fake_intersection_4_2_N_1_638,True,road_5_2_2_1,629.12
80,fake_intersection_4_2_N_1_639,True,road_5_2_2_1,630.12
80,55,False,road_5_3_2_0,149.69110649634632
80,47,False,road_5_3_2_0,252.56565923879353
80,35,False,road_5_3_2_0,431.99091081976553
80,25,False,road_5_3_2_0,482.64112944527335
80,15,False,road_5_3_2_0,645.1719292006284
80,8,False,road_5_3_2_0,775.0779034625526
80,67,False,road_5_3_2_1,14.182543703429163
80,fake_intersection_4_3_N_1_642,True,road_5_3_2_1,629.12
80,fake_intersection_4_3_N_1_643,True,road_5_3_2_1,630.12
80,60,False,road_5_4_2_0,106.98314101009647
80,48,False,road_5_4_2_0,212.48923094491448
80,43,False,road_5_4_2_0,331.7818600085813
80,38,False,road_5_4_2_0,438.05452225299894
80,26,False,road_5_4_2_0,489.5239936811367
80,65,False,road_5_4_2_1,23.44961495636845
80,52,False,road_5_4_2_1,172.8042368173089
80,30,False,road_5_4_2_1,552.4393438944983
80,20,False,road_5_4_2_1,596.1587926443434
80,fake_intersection_4_4_N_1_650,True,road_5_4_2_1,629.12
80,fake_intersection_4_4_N_1_651,True,road_5_4_2_1,630.12
80,16,False,road_5_4_2_2,600.8036358782421
80,fake_intersection_4_4_N_2_652,True,road_5_4_2_2,629.12
80,fake_intersection_4_4_N_2_653,True,road_5_4_2_2,630.12
90,68,False,road_0_1_0_0,102.85976761980486
90,59,False,road_0_1_0_0,197.05560162938303
90,50,False,road_0_1_0_0,259.2719265414833
90,36,False,road_0_1_0_0,504.7385823187463
90,28,False,road_0_1_0_0,679.552214950159
90,44,False,road_0_1_0_1,434.72570771393805
90,fake_intersection_1_1_S_1_666,True,road_0_1_0_1,629.12
90,fake_intersection_1_1_S_1_667,True,road_0_1_0_1,630.12
90,18,False,road_0_1_0_1,673.6942468590399
90,fake_intersection_1_1_S_2_668,True,road_0_1_0_2,629.12
90,fake_intersection_1_1_S_2_669,True,road_0_1_0_2,630.12
90,62,False,road_0_2_0_0,165.38502616357957
90,32,False,road_0_2_0_1,555.7395529399613
90,fake_intersection_1_2_S_1_672,True,road_0_2_0_1,629.12
90,fake_intersection_1_2_S_1_673,True,road_0_2_0_1,630.12
90,fake_intersection_1_3_S_1_676,True,road_0_3_0_1,629.12
90,fake_intersection_1_3_S_1_677,True,road_0_3_0_1,630.12
90,64,False,road_0_4_0_0,131.01050379063378
90,56,False,road_0_4_0_0,202.12044002070823
90,49,False,road_0_4_0_0,297.89584544634005
90,46,False,road_0_4_0_0,391.15945374259405
90,39,False,road_0_4_0_0,426.6428193407041
90,42,False,road_0_4_0_0,474.5468078540052
90,31,False,road_0_4_0_0,582.5892415781315
90,23,False,road_0_4_0_0,600.8536889637294
90,72,False,road_0_4_0_1,15.486377759979167
90,71,False,road_0_4_0_1,55.768224517341025
90,69,False,road_0_4_0_1,100.9273152404296
90,61,False,road_0_4_0_1,204.86220502775282
90,53,False,road_0_4_0_1,292.8391816270656
90,51,False,road_0_4_0_1,362.78949495184526
90,29,False,road_0_4_0_1,556.9407186979813
90,37,False,road_0_4_0_1,587.6567721378925
90,27,False,road_0_4_0_1,607.5312063370047
90,fake_intersection_1_4_S_1_686,True,road_0_4_0_1,629.12
90,fake_intersection_1_4_S_1_687,True,road_0_4_0_1,630.12
90,17,False,road_0_4_0_1,723.5199091792086
90,9,False,road_0_4_0_1,761.8591958545903
90,fake_intersection_1_4_S_2_688,True,road_0_4_0_2,629.12
90,fake_intersection_1_4_S_2_689,True,road_0_4_0_2,630.12
90,11,False,road_0_4_0_2,785.3989329663273
90,57,False,road_1_0_1_0,240.00289426983062
90,40,False,road_1_0_1_0,469.24091930069255
90,fake_intersection_1_1_W_1_662,True,road_1_0_1_1,469.12
90,fake_intersection_1_1_W_1_663,True,road_1_0_1_1,470.12
90,21,False,road_1_0_1_1,577.8979891971964
90,5,False,road_1_0_1_1,585.3989922544721
90,fake_intersection_1_1_W_2_664,True,road_1_0_1_2,469.12
90,fake_intersection_1_1_W_2_665,True,road_1_0_1_2,470.12
90,1,False,road_1_1_0_0,61.625002806603405
90,fake_intersection_2_1_S_1_696,True,road_1_1_0_1,618.24
90,fake_intersection_2_1_S_1_697,True,road_1_1_0_1,619.24
90,12,False,road_1_1_0_2,45.36847662721732
90,fake_intersection_2_2_S_1_700,True,road_1_2_0_1,618.24
90,fake_intersection_2_2_S_1_701,True,road_1_2_0_1,619.24
90,3,False,road_1_2_3_0,207.4355891964411
90,fake_intersection_1_1_E_1_654,True,road_1_2_3_1,458.24
90,fake_intersection_1_1_E_1_655,True,road_1_2_3_1,459.24
90,fake_intersection_1_1_E_2_656,True,road_1_2_3_2,458.24
90,fake_intersection_1_1_E_2_657,True,road_1_2_3_2,459.24
90,fake_intersection_2_3_S_1_704,True,road_1_3_0_1,618.24
90,fake_intersection_2_3_S_1_705,True,road_1_3_0_1,619.24
90,fake_intersection_1_4_W_1_690,True,road_1_3_1_1,458.24
90,fake_intersection_1_4_W_1_691,True,road_1_3_1_1,459.24
90,fake_intersection_1_4_W_2_692,True,road_1_3_1_2,458.24
90,fake_intersection_1_4_W_2_693,True,road_1_3_1_2,459.24
90,13,False,road_1_4_0_0,100.53951254887819
90,7,False,road_1_4_0_1,8.85489347141041
90,fake_intersection_2_4_S_1_708,True,road_1_4_0_1,618.24
90,fake_intersection_2_4_S_1_709,True,road_1_4_0_1,619.24
90,19,False,road_1_4_3_2,36.243177003653265
90,58,False,road_1_5_3_0,211.2729022425782
90,41,False,road_1_5_3_1,435.78416639634725
90,fake_intersection_1_4_E_1_678,True,road_1_5_3_1,469.12
90,fake_intersection_1_4_E_1_679,True,road_1_5_3_1,470.12
90,22,False,road_1_5_3_1,577.8978357940344
90,6,False,road_1_5_3_1,585.3989035842752
90,fake_intersection_1_4_E_2_680,True,road_1_5_3_2,469.12
90,fake_intersection_1_4_E_2_681,True,road_1_5_3_2,470.12
90,fake_intersection_3_1_S_1_712,True,road_2_1_0_1,618.24
90,fake_intersection_3_1_S_1_713,True,road_2_1_0_1,619.24
90,fake_intersection_1_1_N_1_658,True,road_2_1_2_1,618.24
90,fake_intersection_1_1_N_1_659,True,road_2_1_2_1,619.24
90,fake_intersection_1_1_N_2_660,True,road_2_1_2_2,618.24
90,fake_intersection_1_1_N_2_661,True,road_2_1_2_2,619.24
90,fake_intersection_3_2_S_1_716,True,road_2_2_0_1,618.24
90,fake_intersection_3_2_S_1_717,True,road_2_2_0_1,619.24
90,fake_intersection_1_2_N_1_670,True,road_2_2_2_1,618.24
90,fake_intersection_1_2_N_1_671,True,road_2_2_2_1,619.24
90,fake_intersection_3_3_S_1_720,True,road_2_3_0_1,618.24
90,fake_intersection_3_3_S_1_721,True,road_2_3_0_1,619.24
90,fake_intersection_1_3_N_1_674,True,road_2_3_2_1,618.24
90,fake_intersection_1_3_N_1_675,True,road_2_3_2_1,619.24
90,fake_intersection_3_4_S_1_724,True,road_2_4_0_1,618.24
90,fake_intersection_3_4_S_1_725,True,road_2_4_0_1,619.24
90,fake_intersection_1_4_N_1_682,True,road_2_4_2_1,618.24
90,fake_intersection_1_4_N_1_683,True,road_2_4_2_1,619.24
90,fake_intersection_1_4_N_2_684,True,road_2_4_2_2,618.24
90,fake_intersection_1_4_N_2_685,True,road_2_4_2_2,619.24
90,fake_intersection_4_1_S_1_730,True,road_3_1_0_1,618.24
90,fake_intersection_4_1_S_1_731,True,road_3_1_0_1,619.24
90,fake_intersection_4_1_S_2_732,True,road_3_1_0_2,618.24
90,fake_intersection_4_1_S_2_733,True,road_3_1_0_2,619.24
90,fake_intersection_2_1_N_1_694,True,road_3_1_2_1,618.24
90,fake_intersection_2_1_N_1_695,True,road_3_1_2_1,619.24
90,fake_intersection_4_2_S_1_740,True,road_3_2_0_1,618.24
90,fake_intersection_4_2_S_1_741,True,road_3_2_0_1,619.24
90,fake_intersection_4_2_S_2_742,True,road_3_2_0_2,618.24
90,fake_intersection_4_2_S_2_743,True,road_3_2_0_2,619.24
90,fake_intersection_2_2_N_1_698,True,road_3_2_2_1,618.24
90,fake_intersection_2_2_N_1_699,True,road_3_2_2_1,619.24
90,fake_intersection_4_3_S_1_750,True,road_3_3_0_1,618.24
90,fake_intersection_4_3_S_1_751,True,road_3_3_0_1,619.24
90,fake_intersection_2_3_N_1_702,True,road_3_3_2_1,618.24
90,fake_intersection_2_3_N_1_703,True,road_3_3_2_1,619.24
90,fake_intersection_4_4_S_2_752,True,road_3_4_0_2,618.24
90,fake_intersection_4_4_S_2_753,True,road_3_4_0_2,619.24
90,fake_intersection_2_4_N_1_706,True,road_3_4_2_1,618.24
90,fake_intersection_2_4_N_1_707,True,road_3_4_2_1,619.24
90,66,False,road_4_0_1_0,109.40811738316071
90,54,False,road_4_0_1_0,248.69630654971024
90,fake_intersection_4_1_W_1_734,True,road_4_0_1_1,469.12
90,fake_intersection_4_1_W_1_735,True,road_4_0_1_1,470.12
90,34,False,road_4_0_1_1,523.3508362265972
90,24,False,road_4_0_1_1,542.8844558275069
90,0,False,road_4_0_1_1,585.3989359199275
90,45,False,road_4_0_1_2,429.51546440049805
90,fake_intersection_4_1_W_2_736,True,road_4_0_1_2,469.12
90,fake_intersection_4_1_W_2_737,True,road_4_0_1_2,470.12
90,14,False,road_4_0_1_2,585.3989444162426
90,fake_intersection_3_1_N_1_710,True,road_4_1_2_1,618.24
90,fake_intersection_3_1_N_1_711,True,road_4_1_2_1,619.24
90,4,False,road_4_2_2_0,155.48147786507843
90,fake_intersection_3_2_N_1_714,True,road_4_2_2_1,618.24
90,fake_intersection_3_2_N_1_715,True,road_4_2_2_1,619.24
90,fake_intersection_4_1_E_1_738,True,road_4_2_3_1,458.24
90,fake_intersection_4_1_E_1_739,True,road_4_2_3_1,459.24
90,8,False,road_4_3_1_0,62.19569031099426
90,fake_intersection_3_3_N_1_718,True,road_4_3_2_1,618.24
90,fake_intersection_3_3_N_1_719,True,road_4_3_2_1,619.24
90,2,False,road_4_4_2_0,137.1412766383688
90,10,False,road_4_4_2_1,122.32355601047655
90,fake_intersection_3_4_N_1_722,True,road_4_4_2_1,618.24
90,fake_intersection_3_4_N_1_723,True,road_4_4_2_1,619.24
90,fake_intersection_4_1_N_1_726,True,road_5_1_2_1,629.12
90,fake_intersection_4_1_N_1_727,True,road_5_1_2_1,630.12
90,fake_intersection_4_1_N_2_728,True,road_5_1_2_2,629.12
90,fake_intersection_4_1_N_2_729,True,road_5_1_2_2,630.12
90,63,False,road_5_2_2_0,162.25152154853117
90,fake_intersection_4_2_N_1_744,True,road_5_2_2_1,629.12
90,fake_intersection_4_2_N_1_745,True,road_5_2_2_1,630.12
90,33,False,road_5_2_2_1,653.0634853885114
90,fake_intersection_4_2_N_2_746,True,road_5_2_2_2,629.12
90,fake_intersection_4_2_N_2_747,True,road_5_2_2_2,630.12
90,67,False,road_5_3_2_0,109.41004901428445
90,55,False,road_5_3_2_0,253.29805354793046
90,47,False,road_5_3_2_0,344.11382303077994
90,35,False,road_5_3_2_0,538.5534946986664
90,25,False,road_5_3_2_0,573.769531386892
90,15,False,road_5_3_2_0,741.4974807358487
90,fake_intersection_4_3_N_1_748,True,road_5_3_2_1,629.12
90,fake_intersection_4_3_N_1_749,True,road_5_3_2_1,630.12
90,65,False,road_5_4_2_0,116.28761683545768
90,60,False,road_5_4_2_0,220.69309754968452
90,48,False,road_5_4_2_0,304.68393473616135
90,43,False,road_5_4_2_0,439.56978576002695
90,38,False,road_5_4_2_0,555.2945085836902
90,70,False,road_5_4_2_1,59.32068888042922
90,52,False,road_5_4_2_1,279.4499117662941
90,26,False,road_5_4_2_1,586.238083582303
90,30,False,road_5_4_2_1,677.1165234476224
90,20,False,road_5_4_2_1,702.7882752828298
90,16,False,road_5_4_2_2,691.3908850344442
100,28,False,:intersection_1_1_27_0,7.329349118689947
100,20,False,:intersection_4_4_12_0,23.298007661499515
100,30,False,:intersection_4_4_12_1,3.2642145377831184
100,73,False,road_0_1_0_0,102.95134819289113
100,68,False,road_0_1_0_0,213.13055492056196
100,59,False,road_0_1_0_0,297.8135834183646
100,50,False,road_0_1_0_0,348.13419283689336
100,36,False,road_0_1_0_1,605.6157898816336
100,fake_intersection_1_1_S_1_760,True,road_0_1_0_1,629.12
100,fake_intersection_1_1_S_1_761,True,road_0_1_0_1,630.12
100,18,False,road_0_1_0_1,772.9387087858669
100,44,False,road_0_1_0_2,545.0624093607147
100,fake_intersection_1_1_S_2_762,True,road_0_1_0_2,629.12
100,fake_intersection_1_1_S_2_763,True,road_0_1_0_2,630.12
100,62,False,road_0_2_0_0,271.068378799183
100,fake_intersection_1_2_S_1_772,True,road_0_2_0_1,629.12
100,fake_intersection_1_2_S_1_773,True,road_0_2_0_1,630.12
100,32,False,road_0_2_0_1,662.1582544631182
100,fake_intersection_1_2_S_2_774,True,road_0_2_0_2,629.12
100,fake_intersection_1_2_S_2_775,True,road_0_2_0_2,630.12
100,fake_intersection_1_3_S_1_778,True,road_0_3_0_1,629.12
100,fake_intersection_1_3_S_1_779,True,road_0_3_0_1,630.12
100,80,False,road_0_4_0_0,37.846754443189354
100,79,False,road_0_4_0_0,86.05190340423071
100,72,False,road_0_4_0_0,111.684526740791
100,71,False,road_0_4_0_0,157.41840596820583
100,64,False,road_0_4_0_0,228.76100308003714
100,56,False,road_0_4_0_0,295.24693311063277
100,49,False,road_0_4_0_0,387.0020628021552
100,53,False,road_0_4_0_0,406.06374496623215
100,46,False,road_0_4_0_0,497.31448018882503
100,39,False,road_0_4_0_0,519.2323966982196
100,31,False,road_0_4_0_0,670.802593600735
100,23,False,road_0_4_0_0,689.5937929156797
100,27,False,road_0_4_0_0,707.6874122879656
100,69,False,road_0_4_0_1,205.5470992329692
100,61,False,road_0_4_0_1,322.46650871189945
100,51,False,road_0_4_0_1,487.52557934467677
100,42,False,road_0_4_0_1,588.1426988638856
100,fake_intersection_1_4_S_1_788,True,road_0_4_0_1,629.12
100,fake_intersection_1_4_S_1_789,True,road_0_4_0_1,630.12
100,29,False,road_0_4_0_1,653.6241046665782
100,37,False,road_0_4_0_1,696.588172298368
100,fake_intersection_1_4_S_2_790,True,road_0_4_0_2,629.12
100,fake_intersection_1_4_S_2_791,True,road_0_4_0_2,630.12
100,11,False,road_0_4_0_2,785.3989329663273
100,77,False,road_1_0_1_0,56.25210628407546
100,40,False,road_1_0_1_0,576.6903113360404
100,57,False,road_1_0_1_1,361.3794125517402
100,fake_intersection_1_1_W_1_756,True,road_1_0_1_1,469.12
100,fake_intersection_1_1_W_1_757,True,road_1_0_1_1,470.12
100,21,False,road_1_0_1_1,577.8979891971964
100,5,False,road_1_0_1_1,585.3989922544721
100,fake_intersection_1_1_W_2_758,True,road_1_0_1_2,469.12
100,fake_intersection_1_1_W_2_759,True,road_1_0_1_2,470.12
100,1,False,road_1_1_0_0,158.7739085729556
100,12,False,road_1_1_0_1,155.52564675326468
100,fake_intersection_2_1_S_1_796,True,road_1_1_0_1,618.24
100,fake_intersection_2_1_S_1_797,True,road_1_1_0_1,619.24
100,fake_intersection_2_2_S_1_800,True,road_1_2_0_1,618.24
100,fake_intersection_2_2_S_1_801,True,road_1_2_0_1,619.24
100,3,False,road_1_2_3_1,323.26918522802515
100,fake_intersection_1_1_E_1_764,True,road_1_2_3_1,458.24
100,fake_intersection_1_1_E_1_765,True,road_1_2_3_1,459.24
100,fake_intersection_1_1_E_2_766,True,road_1_2_3_2,458.24
100,fake_intersection_1_1_E_2_767,True,road_1_2_3_2,459.24
100,fake_intersection_2_3_S_1_804,True,road_1_3_0_1,618.24
100,fake_intersection_2_3_S_1_805,True,road_1_3_0_1,619.24
100,fake_intersection_1_4_W_1_792,True,road_1_3_1_1,458.24
100,fake_intersection_1_4_W_1_793,True,road_1_3_1_1,459.24
100,7,False,road_1_4_0_0,99.87568634178332
100,13,False,road_1_4_0_0,217.6665750300241
100,17,False,road_1_4_0_1,8.966463779112242
100,9,False,road_1_4_0_1,36.25412133140601
100,fake_intersection_2_4_S_1_808,True,road_1_4_0_1,618.24
100,fake_intersection_2_4_S_1_809,True,road_1_4_0_1,619.24
100,19,False,road_1_4_3_1,156.07489179577024
100,78,False,road_1_5_3_0,68.58881348322093
100,58,False,road_1_5_3_0,317.26793603629295
100,fake_intersection_1_4_E_1_780,True,road_1_5_3_1,469.12
100,fake_intersection_1_4_E_1_781,True,road_1_5_3_1,470.12
100,41,False,road_1_5_3_1,535.7101491361185
100,22,False,road_1_5_3_1,577.8978357940344
100,6,False,road_1_5_3_1,585.3989035842752
100,fake_intersection_1_4_E_2_782,True,road_1_5_3_2,469.12
100,fake_intersection_1_4_E_2_783,True,road_1_5_3_2,470.12
100,fake_intersection_3_1_S_1_812,True,road_2_1_0_1,618.24
100,fake_intersection_3_1_S_1_813,True,road_2_1_0_1,619.24
100,fake_intersection_1_1_N_2_754,True,road_2_1_2_2,618.24
100,fake_intersection_1_1_N_2_755,True,road_2_1_2_2,619.24
100,fake_intersection_3_2_S_1_816,True,road_2_2_0_1,618.24
100,fake_intersection_3_2_S_1_817,True,road_2_2_0_1,619.24
100,fake_intersection_1_2_N_1_768,True,road_2_2_2_1,618.24
100,fake_intersection_1_2_N_1_769,True,road_2_2_2_1,619.24
100,fake_intersection_1_2_N_2_770,True,road_2_2_2_2,618.24
100,fake_intersection_1_2_N_2_771,True,road_2_2_2_2,619.24
100,fake_intersection_3_3_S_1_820,True,road_2_3_0_1,618.24
100,fake_intersection_3_3_S_1_821,True,road_2_3_0_1,619.24
100,fake_intersection_1_3_N_1_776,True,road_2_3_2_1,618.24
100,fake_intersection_1_3_N_1_777,True,road_2_3_2_1,619.24
100,fake_intersection_3_4_S_1_824,True,road_2_4_0_1,618.24
100,fake_intersection_3_4_S_1_825,True,road_2_4_0_1,619.24
100,fake_intersection_1_4_N_1_784,True,road_2_4_2_1,618.24
100,fake_intersection_1_4_N_1_785,True,road_2_4_2_1,619.24
100,fake_intersection_1_4_N_2_786,True,road_2_4_2_2,618.24
100,fake_intersection_1_4_N_2_787,True,road_2_4_2_2,619.24
100,fake_intersection_4_1_S_1_830,True,road_3_1_0_1,618.24
100,fake_intersection_4_1_S_1_831,True,road_3_1_0_1,619.24
100,fake_intersection_4_1_S_2_832,True,road_3_1_0_2,618.24
100,fake_intersection_4_1_S_2_833,True,road_3_1_0_2,619.24
100,fake_intersection_2_1_N_1_794,True,road_3_1_2_1,618.24
100,fake_intersection_2_1_N_1_795,True,road_3_1_2_1,619.24
100,fake_intersection_4_2_S_1_840,True,road_3_2_0_1,618.24
100,fake_intersection_4_2_S_1_841,True,road_3_2_0_1,619.24
100,fake_intersection_4_2_S_2_842,True,road_3_2_0_2,618.24
100,fake_intersection_4_2_S_2_843,True,road_3_2_0_2,619.24
100,fake_intersection_2_2_N_1_798,True,road_3_2_2_1,618.24
100,fake_intersection_2_2_N_1_799,True,road_3_2_2_1,619.24
100,fake_intersection_4_3_S_1_848,True,road_3_3_0_1,618.24
100,fake_intersection_4_3_S_1_849,True,road_3_3_0_1,619.24
100,fake_intersection_4_3_S_2_850,True,road_3_3_0_2,618.24
100,fake_intersection_4_3_S_2_851,True,road_3_3_0_2,619.24
100,fake_intersection_2_3_N_1_802,True,road_3_3_2_1,618.24
100,fake_intersection_2_3_N_1_803,True,road_3_3_2_1,619.24
100,fake_intersection_2_4_N_1_806,True,road_3_4_2_1,618.24
100,fake_intersection_2_4_N_1_807,True,road_3_4_2_1,619.24
100,74,False,road_4_0_1_0,81.05692909978646
100,66,False,road_4_0_1_0,204.62243721346056
100,54,False,road_4_0_1_1,355.69535379658214
100,fake_intersection_4_1_W_1_834,True,road_4_0_1_1,469.12
100,fake_intersection_4_1_W_1_835,True,road_4_0_1_1,470.12
100,34,False,road_4_0_1_1,570.3934149163905
100,24,False,road_4_0_1_1,577.8979283857836
100,0,False,road_4_0_1_1,585.3989359199275
100,fake_intersection_4_1_W_2_836,True,road_4_0_1_2,469.12
100,fake_intersection_4_1_W_2_837,True,road_4_0_1_2,470.12
100,45,False,road_4_0_1_2,544.7219149395414
100,14,False,road_4_0_1_2,585.3989444162426
100,fake_intersection_3_1_N_1_810,True,road_4_1_2_1,618.24
100,fake_intersection_3_1_N_1_811,True,road_4_1_2_1,619.24
100,4,False,road_4_2_2_0,263.3265142440338
100,fake_intersection_3_2_N_1_814,True,road_4_2_2_1,618.24
100,fake_intersection_3_2_N_1_815,True,road_4_2_2_1,619.24
100,fake_intersection_4_1_E_1_838,True,road_4_2_3_1,458.24
100,fake_intersection_4_1_E_1_839,True,road_4_2_3_1,459.24
100,8,False,road_4_3_1_0,160.52412794318488
100,15,False,road_4_3_1_1,29.183434382577126
100,fake_intersection_3_3_N_1_818,True,road_4_3_2_1,618.24
100,fake_intersection_3_3_N_1_819,True,road_4_3_2_1,619.24
100,2,False,road_4_4_2_0,242.86401960935285
100,10,False,road_4_4_2_1,237.4870499917387
100,fake_intersection_3_4_N_1_822,True,road_4_4_2_1,618.24
100,fake_intersection_3_4_N_1_823,True,road_4_4_2_1,619.24
100,fake_intersection_4_1_N_1_826,True,road_5_1_2_1,629.12
100,fake_intersection_4_1_N_1_827,True,road_5_1_2_1,630.12
100,fake_intersection_4_1_N_2_828,True,road_5_1_2_2,629.12
100,fake_intersection_4_1_N_2_829,True,road_5_1_2_2,630.12
100,63,False,road_5_2_2_0,266.2635552414385
100,fake_intersection_4_2_N_1_844,True,road_5_2_2_1,629.12
100,fake_intersection_4_2_N_1_845,True,road_5_2_2_1,630.12
100,33,False,road_5_2_2_1,779.0211075552589
100,fake_intersection_4_2_N_2_846,True,road_5_2_2_2,629.12
100,fake_intersection_4_2_N_2_847,True,road_5_2_2_2,630.12
100,67,False,road_5_3_2_0,204.31508608488332
100,55,False,road_5_3_2_0,358.8838978715184
100,47,False,road_5_3_2_0,436.8225031750659
100,25,False,road_5_3_2_0,664.0893616796567
100,76,False,road_5_3_2_1,92.19638224807697
100,fake_intersection_4_3_N_1_852,True,road_5_3_2_1,629.12
100,fake_intersection_4_3_N_1_853,True,road_5_3_2_1,630.12
100,35,False,road_5_3_2_1,645.0370141054779
100,fake_intersection_4_3_N_2_854,True,road_5_3_2_2,629.12
100,fake_intersection_4_3_N_2_855,True,road_5_3_2_2,630.12
100,75,False,road_5_4_2_0,87.17401285963736
100,65,False,road_5_4_2_0,208.50898779086876
100,60,False,road_5_4_2_0,333.35065475158507
100,48,False,road_5_4_2_0,396.62985567453416
100,38,False,road_5_4_2_0,671.1680999035126
100,81,False,road_5_4_2_1,15.6056406193666
100,70,False,road_5_4_2_1,165.45312720295112
100,52,False,road_5_4_2_1,386.06887867174964
100,43,False,road_5_4_2_1,546.8509504119583
100,fake_intersection_4_4_N_1_856,True,road_5_4_2_1,629.12
100,fake_intersection_4_4_N_1_857,True,road_5_4_2_1,630.12
100,26,False,road_5_4_2_1,681.2311990319796
100,16,False,road_5_4_2_2,784.0160446205001
110,82,False,road_0_1_0_0,101.27281891764302
110,73,False,road_0_1_0_0,215.3777218737626
110,68,False,road_0_1_0_0,323.108750712911
110,59,False,road_0_1_0_0,399.28885810644897
110,50,False,road_0_1_0_1,435.84996945004536
110,fake_intersection_1_1_S_1_866,True,road_0_1_0_1,629.12
110,fake_intersection_1_1_S_1_867,True,road_0_1_0_1,630.12
110,36,False,road_0_1_0_1,708.0923947465909
110,fake_intersection_1_1_S_2_868,True,road_0_1_0_2,629.12
110,fake_intersection_1_1_S_2_869,True,road_0_1_0_2,630.12
110,44,False,road_0_1_0_2,654.2140413385698
110,62,False,road_0_2_0_0,377.9601654412651
110,fake_intersection_1_2_S_1_878,True,road_0_2_0_1,629.12
110,fake_intersection_1_2_S_1_879,True,road_0_2_0_1,630.12
110,32,False,road_0_2_0_1,766.8066169701945
110,fake_intersection_1_2_S_2_880,True,road_0_2_0_2,629.12
110,fake_intersection_1_2_S_2_881,True,road_0_2_0_2,630.12
110,fake_intersection_1_3_S_1_884,True,road_0_3_0_1,629.12
110,fake_intersection_1_3_S_1_885,True,road_0_3_0_1,630.12
110,83,False,road_0_4_0_0,95.84382444558376
110,80,False,road_0_4_0_0,146.51895814753237
110,72,False,road_0_4_0_0,211.5500602137664
110,71,False,road_0_4_0_0,257.83471171460707
110,64,False,road_0_4_0_0,327.9916031610858
110,56,False,road_0_4_0_0,389.0965315135343
110,49,False,road_0_4_0_0,474.2926690968426
110,31,False,road_0_4_0_0,761.4213664210648
110,23,False,road_0_4_0_0,780.4375065285457
110,88,False,road_0_4_0_1,15.11235354054621
110,85,False,road_0_4_0_1,54.504286651835656
110,79,False,road_0_4_0_1,199.31785558196648
110,69,False,road_0_4_0_1,314.5268034931065
110,61,False,road_0_4_0_1,440.2195416902353
110,53,False,road_0_4_0_1,521.2977217655052
110,51,False,road_0_4_0_1,576.1013200944202
110,46,False,road_0_4_0_1,594.1607688068483
110,39,False,road_0_4_0_1,614.2914725002933
110,fake_intersection_1_4_S_1_898,True,road_0_4_0_1,629.12
110,fake_intersection_1_4_S_1_899,True,road_0_4_0_1,630.12
110,42,False,road_0_4_0_1,702.1927960379006
110,29,False,road_0_4_0_1,750.4189035989352
110,fake_intersection_1_4_S_2_900,True,road_0_4_0_2,629.12
110,fake_intersection_1_4_S_2_901,True,road_0_4_0_2,630.12
110,11,False,road_0_4_0_2,785.3989329663273
110,77,False,road_1_0_1_0,157.15121187777743
110,fake_intersection_1_1_W_1_870,True,road_1_0_1_1,469.12
110,fake_intersection_1_1_W_1_871,True,road_1_0_1_1,470.12
110,57,False,road_1_0_1_1,482.14069560937673
110,21,False,road_1_0_1_1,577.8979891971964
110,5,False,road_1_0_1_1,585.3989922544721
110,fake_intersection_1_1_W_2_872,True,road_1_0_1_2,469.12
110,fake_intersection_1_1_W_2_873,True,road_1_0_1_2,470.12
110,18,False,road_1_1_0_0,54.79775834285775
110,1,False,road_1_1_0_0,257.0327082310819
110,40,False,road_1_1_0_1,25.468158729631043
110,12,False,road_1_1_0_1,265.4001215129863
110,fake_intersection_2_1_S_1_904,True,road_1_1_0_1,618.24
110,fake_intersection_2_1_S_1_905,True,road_1_1_0_1,619.24
110,28,False,road_1_1_3_0,110.0075310600887
110,fake_intersection_2_2_S_1_908,True,road_1_2_0_1,618.24
110,fake_intersection_2_2_S_1_909,True,road_1_2_0_1,619.24
110,3,False,road_1_2_3_1,436.39493692926214
110,fake_intersection_1_1_E_1_858,True,road_1_2_3_1,458.24
110,fake_intersection_1_1_E_1_859,True,road_1_2_3_1,459.24
110,fake_intersection_1_1_E_2_860,True,road_1_2_3_2,458.24
110,fake_intersection_1_1_E_2_861,True,road_1_2_3_2,459.24
110,fake_intersection_2_3_S_1_912,True,road_1_3_0_1,618.24
110,fake_intersection_2_3_S_1_913,True,road_1_3_0_1,619.24
110,fake_intersection_1_4_W_1_894,True,road_1_3_1_1,458.24
110,fake_intersection_1_4_W_1_895,True,road_1_3_1_1,459.24
110,fake_intersection_1_4_W_2_896,True,road_1_3_1_2,458.24
110,fake_intersection_1_4_W_2_897,True,road_1_3_1_2,459.24
110,9,False,road_1_4_0_0,124.95023919958749
110,7,False,road_1_4_0_0,191.30717532016683
110,13,False,road_1_4_0_0,335.32300233772344
110,37,False,road_1_4_0_1,8.51840464799098
110,17,False,road_1_4_0_1,105.75276285655318
110,fake_intersection_2_4_S_1_916,True,road_1_4_0_1,618.24
110,fake_intersection_2_4_S_1_917,True,road_1_4_0_1,619.24
110,27,False,road_1_4_3_1,0.653409459009028
110,19,False,road_1_4_3_1,279.3851277722078
110,78,False,road_1_5_3_0,175.72769988110585
110,58,False,road_1_5_3_1,425.2110595434015
110,fake_intersection_1_4_E_1_886,True,road_1_5_3_1,469.12
110,fake_intersection_1_4_E_1_887,True,road_1_5_3_1,470.12
110,41,False,road_1_5_3_1,570.3965875579001
110,22,False,road_1_5_3_1,577.8978357940344
110,6,False,road_1_5_3_1,585.3989035842752
110,fake_intersection_1_4_E_2_888,True,road_1_5_3_2,469.12
110,fake_intersection_1_4_E_2_889,True,road_1_5_3_2,470.12
110,fake_intersection_3_1_S_1_920,True,road_2_1_0_1,618.24
110,fake_intersection_3_1_S_1_921,True,road_2_1_0_1,619.24
110,fake_intersection_1_1_N_1_862,True,road_2_1_2_1,618.24
110,fake_intersection_1_1_N_1_863,True,road_2_1_2_1,619.24
110,fake_intersection_1_1_N_2_864,True,road_2_1_2_2,618.24
110,fake_intersection_1_1_N_2_865,True,road_2_1_2_2,619.24
110,fake_intersection_3_2_S_1_924,True,road_2_2_0_1,618.24
110,fake_intersection_3_2_S_1_925,True,road_2_2_0_1,619.24
110,fake_intersection_1_2_N_1_874,True,road_2_2_2_1,618.24
110,fake_intersection_1_2_N_1_875,True,road_2_2_2_1,619.24
110,fake_intersection_1_2_N_2_876,True,road_2_2_2_2,618.24
110,fake_intersection_1_2_N_2_877,True,road_2_2_2_2,619.24
110,fake_intersection_3_3_S_1_928,True,road_2_3_0_1,618.24
110,fake_intersection_3_3_S_1_929,True,road_2_3_0_1,619.24
110,fake_intersection_1_3_N_1_882,True,road_2_3_2_1,618.24
110,fake_intersection_1_3_N_1_883,True,road_2_3_2_1,619.24
110,fake_intersection_3_4_S_1_932,True,road_2_4_0_1,618.24
110,fake_intersection_3_4_S_1_933,True,road_2_4_0_1,619.24
110,fake_intersection_1_4_N_1_890,True,road_2_4_2_1,618.24
110,fake_intersection_1_4_N_1_891,True,road_2_4_2_1,619.24
110,fake_intersection_1_4_N_2_892,True,road_2_4_2_2,618.24
110,fake_intersection_1_4_N_2_893,True,road_2_4_2_2,619.24
110,fake_intersection_4_1_S_1_938,True,road_3_1_0_1,618.24
110,fake_intersection_4_1_S_1_939,True,road_3_1_0_1,619.24
110,fake_intersection_4_1_S_2_940,True,road_3_1_0_2,618.24
110,fake_intersection_4_1_S_2_941,True,road_3_1_0_2,619.24
110,fake_intersection_2_1_N_1_902,True,road_3_1_2_1,618.24
110,fake_intersection_2_1_N_1_903,True,road_3_1_2_1,619.24
110,fake_intersection_4_2_S_1_944,True,road_3_2_0_1,618.24
110,fake_intersection_4_2_S_1_945,True,road_3_2_0_1,619.24
110,fake_intersection_2_2_N_1_906,True,road_3_2_2_1,618.24
110,fake_intersection_2_2_N_1_907,True,road_3_2_2_1,619.24
110,fake_intersection_4_3_S_1_946,True,road_3_3_0_1,618.24
110,fake_intersection_4_3_S_1_947,True,road_3_3_0_1,619.24
110,fake_intersection_4_3_S_2_948,True,road_3_3_0_2,618.24
110,fake_intersection_4_3_S_2_949,True,road_3_3_0_2,619.24
110,fake_intersection_2_3_N_1_910,True,road_3_3_2_1,618.24
110,fake_intersection_2_3_N_1_911,True,road_3_3_2_1,619.24
110,fake_intersection_4_4_S_2_954,True,road_3_4_0_2,618.24
110,fake_intersection_4_4_S_2_955,True,road_3_4_0_2,619.24
110,fake_intersection_2_4_N_1_914,True,road_3_4_2_1,618.24
110,fake_intersection_2_4_N_1_915,True,road_3_4_2_1,619.24
110,84,False,road_4_0_1_0,65.66141104363302
110,74,False,road_4_0_1_0,180.41361460817978
110,66,False,road_4_0_1_0,300.71704779429086
110,54,False,road_4_0_1_1,457.72911011780235
110,34,False,road_4_0_1_1,570.3969147075832
110,24,False,road_4_0_1_1,577.8979283857836
110,0,False,road_4_0_1_1,585.3989359199275
110,45,False,road_4_0_1_2,577.8978159621607
110,14,False,road_4_0_1_2,585.3989444162426
110,fake_intersection_3_1_N_1_918,True,road_4_1_2_1,618.24
110,fake_intersection_3_1_N_1_919,True,road_4_1_2_1,619.24
110,4,False,road_4_2_2_0,372.2812867528869
110,33,False,road_4_2_2_1,89.04087150188201
110,fake_intersection_3_2_N_1_922,True,road_4_2_2_1,618.24
110,fake_intersection_3_2_N_1_923,True,road_4_2_2_1,619.24
110,15,False,road_4_3_1_0,127.90211873896531
110,8,False,road_4_3_1_0,256.6954283743475
110,fake_intersection_3_3_N_1_926,True,road_4_3_2_1,618.24
110,fake_intersection_3_3_N_1_927,True,road_4_3_2_1,619.24
110,20,False,road_4_4_2_0,104.4971918873203
110,2,False,road_4_4_2_0,348.49549586453094
110,30,False,road_4_4_2_1,98.1574211937408
110,10,False,road_4_4_2_1,350.5307503305722
110,fake_intersection_3_4_N_1_930,True,road_4_4_2_1,618.24
110,fake_intersection_3_4_N_1_931,True,road_4_4_2_1,619.24
110,16,False,road_4_4_3_0,58.09055249628515
110,fake_intersection_4_1_N_1_934,True,road_5_1_2_1,629.12
110,fake_intersection_4_1_N_1_935,True,road_5_1_2_1,630.12
110,fake_intersection_4_1_N_2_936,True,road_5_1_2_2,629.12
110,fake_intersection_4_1_N_2_937,True,road_5_1_2_2,630.12
110,63,False,road_5_2_2_0,368.64750905562073
110,fake_intersection_4_2_N_1_942,True,road_5_2_2_1,629.12
110,fake_intersection_4_2_N_1_943,True,road_5_2_2_1,630.12
110,76,False,road_5_3_2_0,200.44480588206494
110,67,False,road_5_3_2_0,300.32708614724413
110,55,False,road_5_3_2_0,464.5932470164572
110,47,False,road_5_3_2_0,530.6927866121979
110,25,False,road_5_3_2_0,756.3764881516194
110,86,False,road_5_3_2_1,59.20920462561719
110,fake_intersection_4_3_N_1_950,True,road_5_3_2_1,629.12
110,fake_intersection_4_3_N_1_951,True,road_5_3_2_1,630.12
110,35,False,road_5_3_2_1,750.4221184010044
110,fake_intersection_4_3_N_2_952,True,road_5_3_2_2,629.12
110,fake_intersection_4_3_N_2_953,True,road_5_3_2_2,630.12
110,81,False,road_5_4_2_0,120.88128670395726
110,75,False,road_5_4_2_0,192.1393335533057
110,65,False,road_5_4_2_0,299.1566449364692
110,60,False,road_5_4_2_0,447.19508017172495
110,48,False,road_5_4_2_0,489.4916154918347
110,38,False,road_5_4_2_0,784.7413008194653
110,87,False,road_5_4_2_1,50.37152776617684
110,70,False,road_5_4_2_1,273.5737207351886
110,52,False,road_5_4_2_1,491.312945218127
110,43,False,road_5_4_2_1,656.2768026219018
110,26,False,road_5_4_2_1,776.2962587719857
120,36,False,:intersection_1_1_30_0,22.412081720595232
120,89,False,road_0_1_0_0,100.28791415873796
120,82,False,road_0_1_0_0,207.50068163466725
120,73,False,road_0_1_0_0,326.2138168434408
120,68,False,road_0_1_0_0,431.1638908497275
120,59,False,road_0_1_0_0,498.2077486505783
120,50,False,road_0_1_0_1,523.7487350222127
120,fake_intersection_1_1_S_1_964,True,road_0_1_0_1,629.12
120,fake_intersection_1_1_S_1_965,True,road_0_1_0_1,630.12
120,44,False,road_0_1_0_2,762.6892467300327
120,62,False,road_0_2_0_0,483.35978077334244
120,90,False,road_0_2_0_1,90.67107349135064
120,fake_intersection_1_2_S_1_972,True,road_0_2_0_1,629.12
120,fake_intersection_1_2_S_1_973,True,road_0_2_0_1,630.12
120,fake_intersection_1_3_S_1_976,True,road_0_3_0_1,629.12
120,fake_intersection_1_3_S_1_977,True,road_0_3_0_1,630.12
120,88,False,road_0_4_0_0,119.39762126225827
120,85,False,road_0_4_0_0,155.6473931357801
120,83,False,road_0_4_0_0,198.56484435259432
120,80,False,road_0_4_0_0,255.31399810673847
120,72,False,road_0_4_0_0,309.4972145533375
120,71,False,road_0_4_0_0,360.09065378775256
120,64,False,road_0_4_0_0,423.52434814363545
120,56,False,road_0_4_0_0,481.7179875958383
120,96,False,road_0_4_0_1,36.752444863809245
120,93,False,road_0_4_0_1,57.28143277168077
120,79,False,road_0_4_0_1,312.7752269946239
120,69,False,road_0_4_0_1,422.25192209958396
120,61,False,road_0_4_0_1,549.4280301362079
120,49,False,road_0_4_0_1,562.61622702153
120,fake_intersection_1_4_S_1_990,True,road_0_4_0_1,629.12
120,fake_intersection_1_4_S_1_991,True,road_0_4_0_1,630.12
120,53,False,road_0_4_0_1,637.8838640056907
120,51,False,road_0_4_0_1,669.7933907471491
120,46,False,road_0_4_0_1,687.8805879548573
120,39,False,road_0_4_0_1,706.3476245636899
120,fake_intersection_1_4_S_2_992,True,road_0_4_0_2,629.12
120,fake_intersection_1_4_S_2_993,True,road_0_4_0_2,630.12
120,11,False,road_0_4_0_2,785.3989329663273
120,94,False,road_1_0_1_0,52.33752151191137
120,77,False,road_1_0_1_0,262.774956953321
120,fake_intersection_1_1_W_1_966,True,road_1_0_1_1,469.12
120,fake_intersection_1_1_W_1_967,True,road_1_0_1_1,470.12
120,57,False,road_1_0_1_1,570.2582738555088
120,21,False,road_1_0_1_1,577.8979891971964
120,5,False,road_1_0_1_1,585.3989922544721
120,fake_intersection_1_1_W_2_968,True,road_1_0_1_2,469.12
120,fake_intersection_1_1_W_2_969,True,road_1_0_1_2,470.12
120,18,False,road_1_1_0_0,151.98288676876666
120,12,False,road_1_1_0_0,376.68618495845794
120,40,False,road_1_1_0_1,133.7078223666885
120,1,False,road_1_1_0_1,355.1030551795791
120,fake_intersection_2_1_S_1_996,True,road_1_1_0_1,618.24
120,fake_intersection_2_1_S_1_997,True,road_1_1_0_1,619.24
120,28,False,road_1_1_3_0,226.70002664708701
120,32,False,road_1_2_0_0,59.50382504959341
120,fake_intersection_2_2_S_1_1000,True,road_1_2_0_1,618.24
120,fake_intersection_2_2_S_1_1001,True,road_1_2_0_1,619.24
120,fake_intersection_1_1_E_1_956,True,road_1_2_3_1,458.24
120,fake_intersection_1_1_E_1_957,True,road_1_2_3_1,459.24
120,3,False,road_1_2_3_1,552.8510246723873
120,fake_intersection_1_1_E_2_958,True,road_1_2_3_2,458.24
120,fake_intersection_1_1_E_2_959,True,road_1_2_3_2,459.24
120,fake_intersection_2_3_S_1_1004,True,road_1_3_0_1,618.24
120,fake_intersection_2_3_S_1_1005,True,road_1_3_0_1,619.24
120,fake_intersection_1_4_W_1_986,True,road_1_3_1_1,458.24
120,fake_intersection_1_4_W_1_987,True,road_1_3_1_1,459.24
120,fake_intersection_1_4_W_2_988,True,road_1_3_1_2,458.24
120,fake_intersection_1_4_W_2_989,True,road_1_3_1_2,459.24
120,9,False,road_1_4_0_0,213.52903835941248
120,7,False,road_1_4_0_0,283.4565182967569
120,13,False,road_1_4_0_0,453.5693921854077
120,37,False,road_1_4_0_1,132.7924326565228
120,17,False,road_1_4_0_1,203.7512799587388
120,fake_intersection_2_4_S_1_1008,True,road_1_4_0_1,618.24
120,fake_intersection_2_4_S_1_1009,True,road_1_4_0_1,619.24
120,42,False,road_1_4_0_2,2.7668227404538506
120,29,False,road_1_4_0_2,37.163390944328356
120,31,False,road_1_4_3_0,57.168188569601824
120,27,False,road_1_4_3_0,96.63057640066293
120,23,False,road_1_4_3_1,57.88989606197032
120,19,False,road_1_4_3_2,401.36305898785497
120,78,False,road_1_5_3_0,282.7454236717028
120,95,False,road_1_5_3_1,37.8599597942882
120,fake_intersection_1_4_E_1_978,True,road_1_5_3_1,469.12
120,fake_intersection_1_4_E_1_979,True,road_1_5_3_1,470.12
120,58,False,road_1_5_3_1,530.6670806086246
120,41,False,road_1_5_3_1,570.3967574332363
120,22,False,road_1_5_3_1,577.8978357940344
120,6,False,road_1_5_3_1,585.3989035842752
120,fake_intersection_1_4_E_2_980,True,road_1_5_3_2,469.12
120,fake_intersection_1_4_E_2_981,True,road_1_5_3_2,470.12
120,fake_intersection_3_1_S_1_1012,True,road_2_1_0_1,618.24
120,fake_intersection_3_1_S_1_1013,True,road_2_1_0_1,619.24
120,fake_intersection_1_1_N_1_960,True,road_2_1_2_1,618.24
120,fake_intersection_1_1_N_1_961,True,road_2_1_2_1,619.24
120,fake_intersection_1_1_N_2_962,True,road_2_1_2_2,618.24
120,fake_intersection_1_1_N_2_963,True,road_2_1_2_2,619.24
120,fake_intersection_3_2_S_1_1016,True,road_2_2_0_1,618.24
120,fake_intersection_3_2_S_1_1017,True,road_2_2_0_1,619.24
120,fake_intersection_1_2_N_1_970,True,road_2_2_2_1,618.24
120,fake_intersection_1_2_N_1_971,True,road_2_2_2_1,619.24
120,fake_intersection_3_3_S_1_1020,True,road_2_3_0_1,618.24
120,fake_intersection_3_3_S_1_1021,True,road_2_3_0_1,619.24
120,fake_intersection_1_3_N_1_974,True,road_2_3_2_1,618.24
120,fake_intersection_1_3_N_1_975,True,road_2_3_2_1,619.24
120,fake_intersection_3_4_S_1_1024,True,road_2_4_0_1,618.24
120,fake_intersection_3_4_S_1_1025,True,road_2_4_0_1,619.24
120,fake_intersection_1_4_N_1_982,True,road_2_4_2_1,618.24
120,fake_intersection_1_4_N_1_983,True,road_2_4_2_1,619.24
120,fake_intersection_1_4_N_2_984,True,road_2_4_2_2,618.24
120,fake_intersection_1_4_N_2_985,True,road_2_4_2_2,619.24
120,fake_intersection_4_1_S_1_1030,True,road_3_1_0_1,618.24
120,fake_intersection_4_1_S_1_1031,True,road_3_1_0_1,619.24
120,fake_intersection_4_1_S_2_1032,True,road_3_1_0_2,618.24
120,fake_intersection_4_1_S_2_1033,True,road_3_1_0_2,619.24
120,fake_intersection_2_1_N_1_994,True,road_3_1_2_1,618.24
120,fake_intersection_2_1_N_1_995,True,road_3_1_2_1,619.24
120,fake_intersection_4_2_S_1_1036,True,road_3_2_0_1,618.24
120,fake_intersection_4_2_S_1_1037,True,road_3_2_0_1,619.24
120,fake_intersection_2_2_N_1_998,True,road_3_2_2_1,618.24
120,fake_intersection_2_2_N_1_999,True,road_3_2_2_1,619.24
120,fake_intersection_4_3_S_1_1038,True,road_3_3_0_1,618.24
120,fake_intersection_4_3_S_1_1039,True,road_3_3_0_1,619.24
120,fake_intersection_4_3_S_2_1040,True,road_3_3_0_2,618.24
120,fake_intersection_4_3_S_2_1041,True,road_3_3_0_2,619.24
120,fake_intersection_2_3_N_1_1002,True,road_3_3_2_1,618.24
120,fake_intersection_2_3_N_1_1003,True,road_3_3_2_1,619.24
120,fake_intersection_4_4_S_2_1046,True,road_3_4_0_2,618.24
120,fake_intersection_4_4_S_2_1047,True,road_3_4_0_2,619.24
120,fake_intersection_2_4_N_1_1006,True,road_3_4_2_1,618.24
120,fake_intersection_2_4_N_1_1007,True,road_3_4_2_1,619.24
120,84,False,road_4_0_1_0,187.04452668073787
120,74,False,road_4_0_1_0,281.1588505114863
120,66,False,road_4_0_1_0,395.3693160773885
120,54,False,road_4_0_1_1,558.9382310717046
120,34,False,road_4_0_1_1,570.3969147075832
120,24,False,road_4_0_1_1,577.8979283857836
120,0,False,road_4_0_1_1,585.3989359199275
120,97,False,road_4_0_1_2,11.638445736351423
120,45,False,road_4_0_1_2,577.89793789554
120,14,False,road_4_0_1_2,585.3989444162426
120,fake_intersection_3_1_N_1_1010,True,road_4_1_2_1,618.24
120,fake_intersection_3_1_N_1_1011,True,road_4_1_2_1,619.24
120,33,False,road_4_2_2_0,212.4201090860711
120,4,False,road_4_2_2_0,481.13955661728755
120,fake_intersection_3_2_N_1_1014,True,road_4_2_2_1,618.24
120,fake_intersection_3_2_N_1_1015,True,road_4_2_2_1,619.24
120,15,False,road_4_3_1_0,223.26198333383047
120,8,False,road_4_3_1_0,352.7165101367438
120,25,False,road_4_3_1_1,39.3414754431017
120,35,False,road_4_3_2_1,43.17572831275651
120,fake_intersection_3_3_N_1_1018,True,road_4_3_2_1,618.24
120,fake_intersection_3_3_N_1_1019,True,road_4_3_2_1,619.24
120,38,False,road_4_4_1_0,89.67206454116891
120,26,False,road_4_4_2_0,57.83865402283235
120,20,False,road_4_4_2_0,211.28452208458364
120,10,False,road_4_4_2_0,468.6214194505621
120,30,False,road_4_4_2_1,222.02016918307686
120,2,False,road_4_4_2_1,453.07226896017187
120,fake_intersection_3_4_N_1_1022,True,road_4_4_2_1,618.24
120,fake_intersection_3_4_N_1_1023,True,road_4_4_2_1,619.24
120,16,False,road_4_4_3_0,148.76622640439467
120,fake_intersection_4_1_N_1_1026,True,road_5_1_2_1,629.12
120,fake_intersection_4_1_N_1_1027,True,road_5_1_2_1,630.12
120,fake_intersection_4_1_N_2_1028,True,road_5_1_2_2,629.12
120,fake_intersection_4_1_N_2_1029,True,road_5_1_2_2,630.12
120,91,False,road_5_2_2_0,79.87383732903525
120,63,False,road_5_2_2_0,473.06121423624967
120,fake_intersection_4_2_N_1_1034,True,road_5_2_2_1,629.12
120,fake_intersection_4_2_N_1_1035,True,road_5_2_2_1,630.12
120,98,False,road_5_3_2_0,29.402558297100892
120,86,False,road_5_3_2_0,165.93238234959853
120,76,False,road_5_3_2_0,309.3534274217601
120,67,False,road_5_3_2_0,393.86032511733436
120,55,False,road_5_3_2_1,569.7580090449404
120,47,False,road_5_3_2_1,623.2520681660459
120,fake_intersection_4_3_N_1_1042,True,road_5_3_2_1,629.12
120,fake_intersection_4_3_N_1_1043,True,road_5_3_2_1,630.12
120,fake_intersection_4_3_N_2_1044,True,road_5_3_2_2,629.12
120,fake_intersection_4_3_N_2_1045,True,road_5_3_2_2,630.12
120,92,False,road_5_4_2_0,67.17016880624678
120,87,False,road_5_4_2_0,158.79590810422064
120,81,False,road_5_4_2_0,226.6919454283508
120,75,False,road_5_4_2_0,294.8765594588921
120,65,False,road_5_4_2_0,390.69708121742445
120,60,False,road_5_4_2_0,560.042028124819
120,48,False,road_5_4_2_0,580.98862039136
120,99,False,road_5_4_2_1,5.1
120,70,False,road_5_4_2_1,380.33162446970607
120,52,False,road_5_4_2_1,598.6154999151439
120,43,False,road_5_4_2_1,765.3880387043466
130,39,False,:intersection_1_4_30_0,13.12723796244841
130,100,False,road_0_1_0_0,105.55151848987073
130,89,False,road_0_1_0_0,205.60116993769026
130,82,False,road_0_1_0_0,313.4447825680254
130,73,False,road_0_1_0_0,438.59102943442525
130,68,False,road_0_1_0_1,540.5696440418991
130,59,False,road_0_1_0_1,597.3615107343605
130,fake_intersection_1_1_S_1_1060,True,road_0_1_0_1,629.12
130,fake_intersection_1_1_S_1_1061,True,road_0_1_0_1,630.12
130,50,False,road_0_1_0_2,614.096333257086
130,fake_intersection_1_1_S_2_1062,True,road_0_1_0_2,629.12
130,fake_intersection_1_1_S_2_1063,True,road_0_1_0_2,630.12
130,44,False,road_0_1_0_2,785.3989619233596
130,90,False,road_0_2_0_0,197.9586793142239
130,62,False,road_0_2_0_1,592.2837431571651
130,fake_intersection_1_2_S_1_1068,True,road_0_2_0_1,629.12
130,fake_intersection_1_2_S_1_1069,True,road_0_2_0_1,630.12
130,fake_intersection_1_2_S_2_1070,True,road_0_2_0_2,629.12
130,fake_intersection_1_2_S_2_1071,True,road_0_2_0_2,630.12
130,fake_intersection_1_3_S_1_1074,True,road_0_3_0_1,629.12
130,fake_intersection_1_3_S_1_1075,True,road_0_3_0_1,630.12
130,102,False,road_0_4_0_0,55.49129404355514
130,101,False,road_0_4_0_0,94.22331801068484
130,96,False,road_0_4_0_0,141.53342714624824
130,88,False,road_0_4_0_0,225.1792898127696
130,85,False,road_0_4_0_0,256.08663051992596
130,83,False,road_0_4_0_0,300.6951070252336
130,80,False,road_0_4_0_0,365.3102187088111
130,72,False,road_0_4_0_0,408.3462587991037
130,71,False,road_0_4_0_0,460.126792038648
130,56,False,road_0_4_0_0,574.5196961045161
130,104,False,road_0_4_0_1,14.293550710144169
130,93,False,road_0_4_0_1,153.94795724767337
130,79,False,road_0_4_0_1,427.4494166425137
130,64,False,road_0_4_0_1,517.8261925947418
130,69,False,road_0_4_0_1,531.2037770349287
130,fake_intersection_1_4_S_1_1084,True,road_0_4_0_1,629.12
130,fake_intersection_1_4_S_1_1085,True,road_0_4_0_1,630.12
130,61,False,road_0_4_0_1,632.5757146515076
130,49,False,road_0_4_0_1,650.3182187951118
130,53,False,road_0_4_0_1,743.439018462715
130,51,False,road_0_4_0_1,761.9943160993981
130,46,False,road_0_4_0_1,780.4555352880699
130,fake_intersection_1_4_S_2_1086,True,road_0_4_0_2,629.12
130,fake_intersection_1_4_S_2_1087,True,road_0_4_0_2,630.12
130,11,False,road_0_4_0_2,785.3989329663273
130,94,False,road_1_0_1_0,165.402045694982
130,77,False,road_1_0_1_1,362.39270146482676
130,fake_intersection_1_1_W_1_1052,True,road_1_0_1_1,469.12
130,fake_intersection_1_1_W_1_1053,True,road_1_0_1_1,470.12
130,57,False,road_1_0_1_1,570.396940022553
130,21,False,road_1_0_1_1,577.8979891971964
130,5,False,road_1_0_1_1,585.3989922544721
130,fake_intersection_1_1_W_2_1054,True,road_1_0_1_2,469.12
130,fake_intersection_1_1_W_2_1055,True,road_1_0_1_2,470.12
130,36,False,road_1_1_0_0,95.37603997013574
130,18,False,road_1_1_0_0,249.33314299473136
130,1,False,road_1_1_0_0,452.2214147331994
130,12,False,road_1_1_0_0,488.0212467540675
130,40,False,road_1_1_0_1,240.86676514498117
130,fake_intersection_2_1_S_1_1092,True,road_1_1_0_1,618.24
130,fake_intersection_2_1_S_1_1093,True,road_1_1_0_1,619.24
130,28,False,road_1_1_3_0,348.35517885478885
130,32,False,road_1_2_0_0,163.62814844328778
130,fake_intersection_2_2_S_1_1096,True,road_1_2_0_1,618.24
130,fake_intersection_2_2_S_1_1097,True,road_1_2_0_1,619.24
130,fake_intersection_1_1_E_1_1056,True,road_1_2_3_1,458.24
130,fake_intersection_1_1_E_1_1057,True,road_1_2_3_1,459.24
130,3,False,road_1_2_3_1,571.7989139280962
130,fake_intersection_1_1_E_2_1058,True,road_1_2_3_2,458.24
130,fake_intersection_1_1_E_2_1059,True,road_1_2_3_2,459.24
130,fake_intersection_2_3_S_1_1100,True,road_1_3_0_1,618.24
130,fake_intersection_2_3_S_1_1101,True,road_1_3_0_1,619.24
130,fake_intersection_1_4_W_1_1080,True,road_1_3_1_1,458.24
130,fake_intersection_1_4_W_1_1081,True,road_1_3_1_1,459.24
130,fake_intersection_1_4_W_2_1082,True,road_1_3_1_2,458.24
130,fake_intersection_1_4_W_2_1083,True,road_1_3_1_2,459.24
130,29,False,road_1_4_0_0,133.51498780842454
130,9,False,road_1_4_0_0,303.324807146752
130,7,False,road_1_4_0_0,376.2673715661369
130,13,False,road_1_4_0_0,574.4756516465441
130,37,False,road_1_4_0_1,258.0850218755845
130,17,False,road_1_4_0_1,301.2085081319341
130,fake_intersection_2_4_S_1_1104,True,road_1_4_0_1,618.24
130,fake_intersection_2_4_S_1_1105,True,road_1_4_0_1,619.24
130,42,False,road_1_4_0_2,117.5033960156597
130,23,False,road_1_4_3_0,151.88199935959452
130,31,False,road_1_4_3_0,175.1946030730839
130,27,False,road_1_4_3_0,195.7996758013484
130,19,False,road_1_4_3_2,523.0125434719719
130,95,False,road_1_5_3_0,147.72923968380894
130,78,False,road_1_5_3_1,386.58137569234293
130,fake_intersection_1_4_E_1_1076,True,road_1_5_3_1,469.12
130,fake_intersection_1_4_E_1_1077,True,road_1_5_3_1,470.12
130,58,False,road_1_5_3_1,562.8957358834947
130,41,False,road_1_5_3_1,570.3967574332363
130,22,False,road_1_5_3_1,577.8978357940344
130,6,False,road_1_5_3_1,585.3989035842752
130,fake_intersection_1_4_E_2_1078,True,road_1_5_3_2,469.12
130,fake_intersection_1_4_E_2_1079,True,road_1_5_3_2,470.12
130,fake_intersection_3_1_S_1_1108,True,road_2_1_0_1,618.24
130,fake_intersection_3_1_S_1_1109,True,road_2_1_0_1,619.24
130,fake_intersection_1_1_N_1_1048,True,road_2_1_2_1,618.24
130,fake_intersection_1_1_N_1_1049,True,road_2_1_2_1,619.24
130,fake_intersection_1_1_N_2_1050,True,road_2_1_2_2,618.24
130,fake_intersection_1_1_N_2_1051,True,road_2_1_2_2,619.24
130,fake_intersection_3_2_S_1_1110,True,road_2_2_0_1,618.24
130,fake_intersection_3_2_S_1_1111,True,road_2_2_0_1,619.24
130,fake_intersection_3_2_S_2_1112,True,road_2_2_0_2,618.24
130,fake_intersection_3_2_S_2_1113,True,road_2_2_0_2,619.24
130,fake_intersection_1_2_N_1_1064,True,road_2_2_2_1,618.24
130,fake_intersection_1_2_N_1_1065,True,road_2_2_2_1,619.24
130,fake_intersection_1_2_N_2_1066,True,road_2_2_2_2,618.24
130,fake_intersection_1_2_N_2_1067,True,road_2_2_2_2,619.24
130,fake_intersection_3_3_S_1_1120,True,road_2_3_0_1,618.24
130,fake_intersection_3_3_S_1_1121,True,road_2_3_0_1,619.24
130,fake_intersection_1_3_N_1_1072,True,road_2_3_2_1,618.24
130,fake_intersection_1_3_N_1_1073,True,road_2_3_2_1,619.24
130,fake_intersection_3_4_S_1_1122,True,road_2_4_0_1,618.24
130,fake_intersection_3_4_S_1_1123,True,road_2_4_0_1,619.24
130,fake_intersection_3_4_S_2_1124,True,road_2_4_0_2,618.24
130,fake_intersection_3_4_S_2_1125,True,road_2_4_0_2,619.24
130,fake_intersection_1_4_N_1_1088,True,road_2_4_2_1,618.24
130,fake_intersection_1_4_N_1_1089,True,road_2_4_2_1,619.24
130,fake_intersection_4_1_S_1_1134,True,road_3_1_0_1,618.24
130,fake_intersection_4_1_S_1_1135,True,road_3_1_0_1,619.24
130,fake_intersection_4_1_S_2_1136,True,road_3_1_0_2,618.24
130,fake_intersection_4_1_S_2_1137,True,road_3_1_0_2,619.24
130,fake_intersection_2_1_N_1_1090,True,road_3_1_2_1,618.24
130,fake_intersection_2_1_N_1_1091,True,road_3_1_2_1,619.24
130,fake_intersection_4_2_S_1_1140,True,road_3_2_0_1,618.24
130,fake_intersection_4_2_S_1_1141,True,road_3_2_0_1,619.24
130,fake_intersection_2_2_N_1_1094,True,road_3_2_2_1,618.24
130,fake_intersection_2_2_N_1_1095,True,road_3_2_2_1,619.24
130,fake_intersection_4_3_S_2_1142,True,road_3_3_0_2,618.24
130,fake_intersection_4_3_S_2_1143,True,road_3_3_0_2,619.24
130,fake_intersection_2_3_N_1_1098,True,road_3_3_2_1,618.24
130,fake_intersection_2_3_N_1_1099,True,road_3_3_2_1,619.24
130,fake_intersection_4_4_S_1_1148,True,road_3_4_0_1,618.24
130,fake_intersection_4_4_S_1_1149,True,road_3_4_0_1,619.24
130,fake_intersection_4_4_S_2_1150,True,road_3_4_0_2,618.24
130,fake_intersection_4_4_S_2_1151,True,road_3_4_0_2,619.24
130,fake_intersection_2_4_N_1_1102,True,road_3_4_2_1,618.24
130,fake_intersection_2_4_N_1_1103,True,road_3_4_2_1,619.24
130,97,False,road_4_0_1_0,100.94661564749597
130,84,False,road_4_0_1_0,308.7025518452796
130,66,False,road_4_0_1_0,491.5560240506876
130,74,False,road_4_0_1_1,380.8451875324811
130,54,False,road_4_0_1_1,562.8959063652395
130,34,False,road_4_0_1_1,570.3969147075832
130,24,False,road_4_0_1_1,577.8979283857836
130,0,False,road_4_0_1_1,585.3989359199275
130,45,False,road_4_0_1_2,577.89793789554
130,14,False,road_4_0_1_2,585.3989444162426
130,fake_intersection_3_1_N_1_1106,True,road_4_1_2_1,618.24
130,fake_intersection_3_1_N_1_1107,True,road_4_1_2_1,619.24
130,33,False,road_4_2_2_0,335.0961405945788
130,4,False,road_4_2_2_1,589.5264395071971
130,fake_intersection_3_2_N_1_1114,True,road_4_2_2_1,618.24
130,fake_intersection_3_2_N_1_1115,True,road_4_2_2_1,619.24
130,fake_intersection_3_2_N_2_1116,True,road_4_2_2_2,618.24
130,fake_intersection_3_2_N_2_1117,True,road_4_2_2_2,619.24
130,25,False,road_4_3_1_0,130.20353025489104
130,15,False,road_4_3_1_0,318.9288004127874
130,8,False,road_4_3_1_0,451.9402368553452
130,35,False,road_4_3_2_0,149.7004114766621
130,fake_intersection_3_3_N_1_1118,True,road_4_3_2_1,618.24
130,fake_intersection_3_3_N_1_1119,True,road_4_3_2_1,619.24
130,38,False,road_4_4_1_0,205.47795024400773
130,26,False,road_4_4_2_0,152.69147729038633
130,20,False,road_4_4_2_0,318.1319125076234
130,30,False,road_4_4_2_0,344.9336390515883
130,43,False,road_4_4_2_1,61.287509272169935
130,2,False,road_4_4_2_1,559.7538202894024
130,10,False,road_4_4_2_1,583.6202415523531
130,fake_intersection_3_4_N_1_1126,True,road_4_4_2_1,618.24
130,fake_intersection_3_4_N_1_1127,True,road_4_4_2_1,619.24
130,fake_intersection_3_4_N_2_1128,True,road_4_4_2_2,618.24
130,fake_intersection_3_4_N_2_1129,True,road_4_4_2_2,619.24
130,16,False,road_4_4_3_0,239.3305832809996
130,fake_intersection_4_1_N_1_1130,True,road_5_1_2_1,629.12
130,fake_intersection_4_1_N_1_1131,True,road_5_1_2_1,630.12
130,fake_intersection_4_1_N_2_1132,True,road_5_1_2_2,629.12
130,fake_intersection_4_1_N_2_1133,True,road_5_1_2_2,630.12
130,91,False,road_5_2_2_0,173.32278482172836
130,63,False,road_5_2_2_1,577.0269418728839
130,fake_intersection_4_2_N_1_1138,True,road_5_2_2_1,629.12
130,fake_intersection_4_2_N_1_1139,True,road_5_2_2_1,630.12
130,98,False,road_5_3_2_0,146.90978757499036
130,86,False,road_5_3_2_0,269.16977002904486
130,76,False,road_5_3_2_0,418.0371956081133
130,67,False,road_5_3_2_0,488.531905261932
130,55,False,road_5_3_2_1,674.0261628946637
130,47,False,road_5_3_2_1,717.1499953941355
130,92,False,road_5_4_2_0,153.2974581440178
130,87,False,road_5_4_2_0,267.7021493231907
130,81,False,road_5_4_2_0,330.24095288048744
130,75,False,road_5_4_2_0,397.3702400002624
130,65,False,road_5_4_2_0,484.30322076691516
130,60,False,road_5_4_2_0,652.9228487503913
130,48,False,road_5_4_2_0,670.9927528060886
130,103,False,road_5_4_2_1,33.995243040876275
130,99,False,road_5_4_2_1,120.92010628590832
130,70,False,road_5_4_2_1,486.2879304513591
130,fake_intersection_4_4_N_1_1144,True,road_5_4_2_1,629.12
130,fake_intersection_4_4_N_1_1145,True,road_5_4_2_1,630.12
130,52,False,road_5_4_2_1,705.0635806683154
130,fake_intersection_4_4_N_2_1146,True,road_5_4_2_2,629.12
130,fake_intersection_4_4_N_2_1147,True,road_5_4_2_2,630.12
140,47,False,:intersection_4_3_12_0,25.262687916982863
140,52,False,:intersection_4_4_12_1,27.267771017204645
140,106,False,road_0_1_0_0,100.67246842585006
140,100,False,road_0_1_0_0,217.06341518510553
140,89,False,road_0_1_0_0,312.105065319897
140,82,False,road_0_1_0_0,419.8892788752673
140,73,False,road_0_1_0_1,548.7610808581456
140,fake_intersection_1_1_S_1_1164,True,road_0_1_0_1,629.12
140,fake_intersection_1_1_S_1_1165,True,road_0_1_0_1,630.12
140,68,False,road_0_1_0_1,648.878183523226
140,59,False,road_0_1_0_1,700.2791800041847
140,fake_intersection_1_1_S_2_1166,True,road_0_1_0_2,629.12
140,fake_intersection_1_1_S_2_1167,True,road_0_1_0_2,630.12
140,50,False,road_0_1_0_2,702.8704684396813
140,44,False,road_0_1_0_2,785.3989619233596
140,90,False,road_0_2_0_1,304.61671869601656
140,fake_intersection_1_2_S_1_1172,True,road_0_2_0_1,629.12
140,fake_intersection_1_2_S_1_1173,True,road_0_2_0_1,630.12
140,62,False,road_0_2_0_1,697.1416742582664
140,fake_intersection_1_2_S_2_1174,True,road_0_2_0_2,629.12
140,fake_intersection_1_2_S_2_1175,True,road_0_2_0_2,630.12
140,fake_intersection_1_3_S_1_1178,True,road_0_3_0_1,629.12
140,fake_intersection_1_3_S_1_1179,True,road_0_3_0_1,630.12
140,104,False,road_0_4_0_0,106.44197167545897
140,102,False,road_0_4_0_0,156.31499862400042
140,101,False,road_0_4_0_0,193.3505533947243
140,96,False,road_0_4_0_0,243.81848036256437
140,88,False,road_0_4_0_0,329.4374273766786
140,85,False,road_0_4_0_0,356.9222021332022
140,83,False,road_0_4_0_0,402.0462864950004
140,80,False,road_0_4_0_0,472.6524190754757
140,79,False,road_0_4_0_0,542.6656457694395
140,56,False,road_0_4_0_0,666.9201458339697
140,110,False,road_0_4_0_1,33.51164841864684
140,108,False,road_0_4_0_1,82.33987479953626
140,93,False,road_0_4_0_1,249.8262171432225
140,72,False,road_0_4_0_1,507.8701380949758
140,71,False,road_0_4_0_1,563.88698783487
140,64,False,road_0_4_0_1,615.630148625454
140,fake_intersection_1_4_S_1_1192,True,road_0_4_0_1,629.12
140,fake_intersection_1_4_S_1_1193,True,road_0_4_0_1,630.12
140,61,False,road_0_4_0_1,721.2221346193129
140,49,False,road_0_4_0_1,739.0181017610646
140,fake_intersection_1_4_S_2_1194,True,road_0_4_0_2,629.12
140,fake_intersection_1_4_S_2_1195,True,road_0_4_0_2,630.12
140,69,False,road_0_4_0_2,634.8111061895352
140,11,False,road_0_4_0_2,785.3989329663273
140,94,False,road_1_0_1_0,278.02270083540003
140,111,False,road_1_0_1_1,9.274593711803902
140,77,False,road_1_0_1_1,465.4322184242129
140,fake_intersection_1_1_W_1_1156,True,road_1_0_1_1,469.12
140,fake_intersection_1_1_W_1_1157,True,road_1_0_1_1,470.12
140,57,False,road_1_0_1_1,570.396940022553
140,21,False,road_1_0_1_1,577.8979891971964
140,5,False,road_1_0_1_1,585.3989922544721
140,fake_intersection_1_1_W_2_1158,True,road_1_0_1_2,469.12
140,fake_intersection_1_1_W_2_1159,True,road_1_0_1_2,470.12
140,36,False,road_1_1_0_0,197.82267396830204
140,18,False,road_1_1_0_0,346.92889470357943
140,40,False,road_1_1_0_1,349.9493273027495
140,1,False,road_1_1_0_1,548.4700314270594
140,12,False,road_1_1_0_1,597.5225626821973
140,fake_intersection_2_1_S_1_1200,True,road_1_1_0_1,618.24
140,fake_intersection_2_1_S_1_1201,True,road_1_1_0_1,619.24
140,fake_intersection_2_1_S_2_1202,True,road_1_1_0_2,618.24
140,fake_intersection_2_1_S_2_1203,True,road_1_1_0_2,619.24
140,28,False,road_1_1_3_0,465.01005568123213
140,32,False,road_1_2_0_0,266.96750583657985
140,fake_intersection_2_2_S_1_1206,True,road_1_2_0_1,618.24
140,fake_intersection_2_2_S_1_1207,True,road_1_2_0_1,619.24
140,fake_intersection_1_1_E_1_1152,True,road_1_2_3_1,458.24
140,fake_intersection_1_1_E_1_1153,True,road_1_2_3_1,459.24
140,3,False,road_1_2_3_1,571.7989139280962
140,fake_intersection_1_1_E_2_1154,True,road_1_2_3_2,458.24
140,fake_intersection_1_1_E_2_1155,True,road_1_2_3_2,459.24
140,fake_intersection_2_3_S_1_1210,True,road_1_3_0_1,618.24
140,fake_intersection_2_3_S_1_1211,True,road_1_3_0_1,619.24
140,fake_intersection_1_4_W_1_1188,True,road_1_3_1_1,458.24
140,fake_intersection_1_4_W_1_1189,True,road_1_3_1_1,459.24
140,fake_intersection_1_4_W_2_1190,True,road_1_3_1_2,458.24
140,fake_intersection_1_4_W_2_1191,True,road_1_3_1_2,459.24
140,39,False,road_1_4_0_0,80.18319700579087
140,29,False,road_1_4_0_0,230.12589510120247
140,9,False,road_1_4_0_0,392.3902521707135
140,7,False,road_1_4_0_0,470.47231904561164
140,13,False,road_1_4_0_0,692.5437515497827
140,53,False,road_1_4_0_1,35.655890959233936
140,51,False,road_1_4_0_1,61.334820777746735
140,42,False,road_1_4_0_1,231.04318838909077
140,37,False,road_1_4_0_1,379.31229708751863
140,17,False,road_1_4_0_1,400.746887344306
140,fake_intersection_2_4_S_1_1214,True,road_1_4_0_1,618.24
140,fake_intersection_2_4_S_1_1215,True,road_1_4_0_1,619.24
140,46,False,road_1_4_0_2,71.41204128066899
140,23,False,road_1_4_3_0,246.93075131108074
140,31,False,road_1_4_3_0,273.9724278624638
140,27,False,road_1_4_3_0,294.45995763456705
140,19,False,road_1_4_3_2,571.7972942985256
140,112,False,road_1_5_3_0,16.75561303119831
140,95,False,road_1_5_3_0,259.6413065706535
140,fake_intersection_1_4_E_1_1180,True,road_1_5_3_1,469.12
140,fake_intersection_1_4_E_1_1181,True,road_1_5_3_1,470.12
140,78,False,road_1_5_3_1,492.59819380884926
140,58,False,road_1_5_3_1,562.8957358834947
140,41,False,road_1_5_3_1,570.3967574332363
140,22,False,road_1_5_3_1,577.8978357940344
140,6,False,road_1_5_3_1,585.3989035842752
140,fake_intersection_1_4_E_2_1182,True,road_1_5_3_2,469.12
140,fake_intersection_1_4_E_2_1183,True,road_1_5_3_2,470.12
140,fake_intersection_3_1_S_1_1218,True,road_2_1_0_1,618.24
140,fake_intersection_3_1_S_1_1219,True,road_2_1_0_1,619.24
140,fake_intersection_1_1_N_1_1160,True,road_2_1_2_1,618.24
140,fake_intersection_1_1_N_1_1161,True,road_2_1_2_1,619.24
140,fake_intersection_1_1_N_2_1162,True,road_2_1_2_2,618.24
140,fake_intersection_1_1_N_2_1163,True,road_2_1_2_2,619.24
140,fake_intersection_3_2_S_1_1220,True,road_2_2_0_1,618.24
140,fake_intersection_3_2_S_1_1221,True,road_2_2_0_1,619.24
140,fake_intersection_3_2_S_2_1222,True,road_2_2_0_2,618.24
140,fake_intersection_3_2_S_2_1223,True,road_2_2_0_2,619.24
140,fake_intersection_1_2_N_1_1168,True,road_2_2_2_1,618.24
140,fake_intersection_1_2_N_1_1169,True,road_2_2_2_1,619.24
140,fake_intersection_1_2_N_2_1170,True,road_2_2_2_2,618.24
140,fake_intersection_1_2_N_2_1171,True,road_2_2_2_2,619.24
140,fake_intersection_3_3_S_1_1230,True,road_2_3_0_1,618.24
140,fake_intersection_3_3_S_1_1231,True,road_2_3_0_1,619.24
140,fake_intersection_1_3_N_1_1176,True,road_2_3_2_1,618.24
140,fake_intersection_1_3_N_1_1177,True,road_2_3_2_1,619.24
140,fake_intersection_3_4_S_2_1232,True,road_2_4_0_2,618.24
140,fake_intersection_3_4_S_2_1233,True,road_2_4_0_2,619.24
140,fake_intersection_1_4_N_1_1184,True,road_2_4_2_1,618.24
140,fake_intersection_1_4_N_1_1185,True,road_2_4_2_1,619.24
140,fake_intersection_1_4_N_2_1186,True,road_2_4_2_2,618.24
140,fake_intersection_1_4_N_2_1187,True,road_2_4_2_2,619.24
140,fake_intersection_4_1_S_1_1238,True,road_3_1_0_1,618.24
140,fake_intersection_4_1_S_1_1239,True,road_3_1_0_1,619.24
140,fake_intersection_4_1_S_2_1240,True,road_3_1_0_2,618.24
140,fake_intersection_4_1_S_2_1241,True,road_3_1_0_2,619.24
140,fake_intersection_2_1_N_1_1196,True,road_3_1_2_1,618.24
140,fake_intersection_2_1_N_1_1197,True,road_3_1_2_1,619.24
140,fake_intersection_2_1_N_2_1198,True,road_3_1_2_2,618.24
140,fake_intersection_2_1_N_2_1199,True,road_3_1_2_2,619.24
140,fake_intersection_4_2_S_1_1246,True,road_3_2_0_1,618.24
140,fake_intersection_4_2_S_1_1247,True,road_3_2_0_1,619.24
140,fake_intersection_4_2_S_2_1248,True,road_3_2_0_2,618.24
140,fake_intersection_4_2_S_2_1249,True,road_3_2_0_2,619.24
140,fake_intersection_2_2_N_1_1204,True,road_3_2_2_1,618.24
140,fake_intersection_2_2_N_1_1205,True,road_3_2_2_1,619.24
140,fake_intersection_4_3_S_1_1258,True,road_3_3_0_1,618.24
140,fake_intersection_4_3_S_1_1259,True,road_3_3_0_1,619.24
140,fake_intersection_4_3_S_2_1260,True,road_3_3_0_2,618.24
140,fake_intersection_4_3_S_2_1261,True,road_3_3_0_2,619.24
140,fake_intersection_2_3_N_1_1208,True,road_3_3_2_1,618.24
140,fake_intersection_2_3_N_1_1209,True,road_3_3_2_1,619.24
140,fake_intersection_4_4_S_2_1266,True,road_3_4_0_2,618.24
140,fake_intersection_4_4_S_2_1267,True,road_3_4_0_2,619.24
140,fake_intersection_2_4_N_1_1212,True,road_3_4_2_1,618.24
140,fake_intersection_2_4_N_1_1213,True,road_3_4_2_1,619.24
140,105,False,road_4_0_1_0,85.46147173199334
140,84,False,road_4_0_1_0,427.73381936675213
140,66,False,road_4_0_1_0,585.5107850008679
140,97,False,road_4_0_1_1,194.53465849038287
140,fake_intersection_4_1_W_1_1244,True,road_4_0_1_1,469.12
140,fake_intersection_4_1_W_1_1245,True,road_4_0_1_1,470.12
140,74,False,road_4_0_1_1,479.2661288474453
140,54,False,road_4_0_1_1,562.8959063652395
140,34,False,road_4_0_1_1,570.3969147075832
140,24,False,road_4_0_1_1,577.8979283857836
140,0,False,road_4_0_1_1,585.3989359199275
140,45,False,road_4_0_1_2,577.89793789554
140,14,False,road_4_0_1_2,585.3989444162426
140,fake_intersection_3_1_N_1_1216,True,road_4_1_2_1,618.24
140,fake_intersection_3_1_N_1_1217,True,road_4_1_2_1,619.24
140,33,False,road_4_2_2_0,460.4098850654764
140,fake_intersection_3_2_N_1_1224,True,road_4_2_2_1,618.24
140,fake_intersection_3_2_N_1_1225,True,road_4_2_2_1,619.24
140,4,False,road_4_2_2_1,697.0353374476492
140,fake_intersection_3_2_N_2_1226,True,road_4_2_2_2,618.24
140,fake_intersection_3_2_N_2_1227,True,road_4_2_2_2,619.24
140,fake_intersection_4_1_E_1_1242,True,road_4_2_3_1,458.24
140,fake_intersection_4_1_E_1_1243,True,road_4_2_3_1,459.24
140,25,False,road_4_3_1_0,218.51349178170744
140,8,False,road_4_3_1_0,551.1254100436195
140,15,False,road_4_3_1_1,414.46510418324436
140,fake_intersection_4_4_W_1_1270,True,road_4_3_1_1,458.24
140,fake_intersection_4_4_W_1_1271,True,road_4_3_1_1,459.24
140,fake_intersection_4_4_W_2_1272,True,road_4_3_1_2,458.24
140,fake_intersection_4_4_W_2_1273,True,road_4_3_1_2,459.24
140,35,False,road_4_3_2_0,254.94401430118444
140,fake_intersection_3_3_N_1_1228,True,road_4_3_2_1,618.24
140,fake_intersection_3_3_N_1_1229,True,road_4_3_2_1,619.24
140,38,False,road_4_4_1_0,321.8249701589195
140,43,False,road_4_4_2_0,169.3143853053456
140,26,False,road_4_4_2_0,248.34667229432344
140,20,False,road_4_4_2_0,425.74832917281316
140,30,False,road_4_4_2_0,470.2641684075651
140,2,False,road_4_4_2_1,664.3453570844221
140,10,False,road_4_4_2_1,698.4340748410185
140,16,False,road_4_4_3_0,331.5248226100785
140,fake_intersection_4_4_E_1_1268,True,road_4_5_3_1,469.12
140,fake_intersection_4_4_E_1_1269,True,road_4_5_3_1,470.12
140,fake_intersection_4_1_N_1_1234,True,road_5_1_2_1,629.12
140,fake_intersection_4_1_N_1_1235,True,road_5_1_2_1,630.12
140,fake_intersection_4_1_N_2_1236,True,road_5_1_2_2,629.12
140,fake_intersection_4_1_N_2_1237,True,road_5_1_2_2,630.12
140,91,False,road_5_2_2_0,266.86013527156473
140,fake_intersection_4_2_N_1_1250,True,road_5_2_2_1,629.12
140,fake_intersection_4_2_N_1_1251,True,road_5_2_2_1,630.12
140,63,False,road_5_2_2_1,679.5708241364258
140,fake_intersection_4_2_N_2_1252,True,road_5_2_2_2,629.12
140,fake_intersection_4_2_N_2_1253,True,road_5_2_2_2,630.12
140,98,False,road_5_3_2_0,264.2692482654005
140,86,False,road_5_3_2_0,374.4415225234311
140,107,False,road_5_3_2_1,103.88630258159779
140,76,False,road_5_3_2_1,525.3530361006812
140,67,False,road_5_3_2_1,583.0019534350275
140,fake_intersection_4_3_N_1_1254,True,road_5_3_2_1,629.12
140,fake_intersection_4_3_N_1_1255,True,road_5_3_2_1,630.12
140,55,False,road_5_3_2_1,777.5118432400997
140,fake_intersection_4_3_N_2_1256,True,road_5_3_2_2,629.12
140,fake_intersection_4_3_N_2_1257,True,road_5_3_2_2,630.12
140,103,False,road_5_4_2_0,132.232775624031
140,92,False,road_5_4_2_0,239.34082013183306
140,87,False,road_5_4_2_0,376.3384985925574
140,81,False,road_5_4_2_0,435.9739512361022
140,75,False,road_5_4_2_0,499.0226409376262
140,60,False,road_5_4_2_0,742.2270045913322
140,48,False,road_5_4_2_0,761.5021492604109
140,109,False,road_5_4_2_1,64.80595931145946
140,99,False,road_5_4_2_1,236.10342794972016
140,65,False,road_5_4_2_1,576.3245366852598
140,70,False,road_5_4_2_1,594.3041684209551
140,fake_intersection_4_4_N_1_1262,True,road_5_4_2_1,629.12
140,fake_intersection_4_4_N_1_1263,True,road_5_4_2_1,630.12
140,fake_intersection_4_4_N_2_1264,True,road_5_4_2_2,629.12
140,fake_intersection_4_4_N_2_1265,True,road_5_4_2_2,630.12
150,59,False,:intersection_1_1_30_1,17.19087762185611
150,62,False,:intersection_1_2_30_1,16.312576599091315
150,61,False,:intersection_1_4_30_0,22.639921599748526
150,113,False,road_0_1_0_0,99.94981670390891
150,106,False,road_0_1_0_0,207.8898095235268
150,100,False,road_0_1_0_0,328.584265309121
150,89,False,road_0_1_0_0,420.19996079711353
150,82,False,road_0_1_0_1,525.5816557231576
150,fake_intersection_1_1_S_1_1286,True,road_0_1_0_1,629.12
150,fake_intersection_1_1_S_1_1287,True,road_0_1_0_1,630.12
150,73,False,road_0_1_0_1,661.0787579006899
150,68,False,road_0_1_0_1,758.9185859376021
150,fake_intersection_1_1_S_2_1288,True,road_0_1_0_2,629.12
150,fake_intersection_1_1_S_2_1289,True,road_0_1_0_2,630.12
150,50,False,road_0_1_0_2,777.8236541097626
150,44,False,road_0_1_0_2,785.3989619233596
150,120,False,road_0_2_0_1,15.319842153260074
150,90,False,road_0_2_0_1,412.1456483069347
150,fake_intersection_1_2_S_1_1292,True,road_0_2_0_1,629.12
150,fake_intersection_1_2_S_1_1293,True,road_0_2_0_1,630.12
150,fake_intersection_1_3_S_1_1300,True,road_0_3_0_1,629.12
150,fake_intersection_1_3_S_1_1301,True,road_0_3_0_1,630.12
150,110,False,road_0_4_0_0,130.1283202580175
150,104,False,road_0_4_0_0,200.48317295024697
150,102,False,road_0_4_0_0,257.12318023390714
150,101,False,road_0_4_0_0,292.1407609969811
150,96,False,road_0_4_0_0,350.1243756385356
150,88,False,road_0_4_0_0,434.75604743411947
150,85,False,road_0_4_0_0,458.7924126358684
150,80,False,road_0_4_0_0,581.6264691752282
150,79,False,road_0_4_0_0,658.2610518463778
150,56,False,road_0_4_0_0,760.3376903954769
150,122,False,road_0_4_0_1,16.146329311988964
150,115,False,road_0_4_0_1,90.75231699891398
150,108,False,road_0_4_0_1,194.08879432535957
150,93,False,road_0_4_0_1,345.4166347050356
150,83,False,road_0_4_0_1,502.20218914992836
150,72,False,road_0_4_0_1,606.8353722128197
150,fake_intersection_1_4_S_1_1314,True,road_0_4_0_1,629.12
150,fake_intersection_1_4_S_1_1315,True,road_0_4_0_1,630.12
150,71,False,road_0_4_0_1,666.1328895220407
150,64,False,road_0_4_0_1,712.6928991908447
150,118,False,road_0_4_0_2,54.49716613704652
150,fake_intersection_1_4_S_2_1316,True,road_0_4_0_2,629.12
150,fake_intersection_1_4_S_2_1317,True,road_0_4_0_2,630.12
150,69,False,road_0_4_0_2,740.9958156552814
150,11,False,road_0_4_0_2,785.3989329663273
150,111,False,road_1_0_1_0,92.65884458821543
150,94,False,road_1_0_1_0,391.34686641756554
150,fake_intersection_1_1_W_1_1278,True,road_1_0_1_1,469.12
150,fake_intersection_1_1_W_1_1279,True,road_1_0_1_1,470.12
150,77,False,road_1_0_1_1,560.9141415812525
150,57,False,road_1_0_1_1,570.396940022553
150,21,False,road_1_0_1_1,577.8979891971964
150,5,False,road_1_0_1_1,585.3989922544721
150,fake_intersection_1_1_W_2_1280,True,road_1_0_1_2,469.12
150,fake_intersection_1_1_W_2_1281,True,road_1_0_1_2,470.12
150,36,False,road_1_1_0_0,299.2842961380337
150,40,False,road_1_1_0_0,460.37653333245805
150,18,False,road_1_1_0_1,443.750326260887
150,1,False,road_1_1_0_1,644.8029135140082
150,12,False,road_1_1_0_1,707.1850737418115
150,28,False,road_1_1_3_0,582.6686692991325
150,32,False,road_1_2_0_0,369.9023004444653
150,fake_intersection_2_2_S_1_1322,True,road_1_2_0_1,618.24
150,fake_intersection_2_2_S_1_1323,True,road_1_2_0_1,619.24
150,fake_intersection_1_1_E_1_1274,True,road_1_2_3_1,458.24
150,fake_intersection_1_1_E_1_1275,True,road_1_2_3_1,459.24
150,3,False,road_1_2_3_1,571.7989139280962
150,fake_intersection_1_1_E_2_1276,True,road_1_2_3_2,458.24
150,fake_intersection_1_1_E_2_1277,True,road_1_2_3_2,459.24
150,fake_intersection_2_3_S_1_1326,True,road_1_3_0_1,618.24
150,fake_intersection_2_3_S_1_1327,True,road_1_3_0_1,619.24
150,fake_intersection_1_4_W_1_1310,True,road_1_3_1_1,458.24
150,fake_intersection_1_4_W_1_1311,True,road_1_3_1_1,459.24
150,fake_intersection_1_4_W_2_1312,True,road_1_3_1_2,458.24
150,fake_intersection_1_4_W_2_1313,True,road_1_3_1_2,459.24
150,39,False,road_1_4_0_0,173.9699387274422
150,29,False,road_1_4_0_0,327.186088832738
150,42,False,road_1_4_0_0,343.43787447240396
150,17,False,road_1_4_0_0,500.85345434008025
150,7,False,road_1_4_0_0,560.7123062544786
150,49,False,road_1_4_0_1,12.197192131599238
150,53,False,road_1_4_0_1,150.95296055051787
150,51,False,road_1_4_0_1,187.38571556165144
150,9,False,road_1_4_0_1,480.83909254885094
150,37,False,road_1_4_0_1,492.9729661437283
150,fake_intersection_2_4_S_1_1330,True,road_1_4_0_1,618.24
150,fake_intersection_2_4_S_1_1331,True,road_1_4_0_1,619.24
150,46,False,road_1_4_0_2,177.50151164858895
150,23,False,road_1_4_3_0,339.51934713710824
150,31,False,road_1_4_3_0,383.38587028848923
150,27,False,road_1_4_3_1,393.2698686491064
150,fake_intersection_1_3_E_1_1294,True,road_1_4_3_1,458.24
150,fake_intersection_1_3_E_1_1295,True,road_1_4_3_1,459.24
150,fake_intersection_1_3_E_2_1296,True,road_1_4_3_2,458.24
150,fake_intersection_1_3_E_2_1297,True,road_1_4_3_2,459.24
150,19,False,road_1_4_3_2,571.7989847505228
150,112,False,road_1_5_3_0,133.02629035378567
150,95,False,road_1_5_3_1,371.23596035824835
150,fake_intersection_1_4_E_1_1302,True,road_1_5_3_1,469.12
150,fake_intersection_1_4_E_1_1303,True,road_1_5_3_1,470.12
150,78,False,road_1_5_3_1,555.3911565998977
150,58,False,road_1_5_3_1,562.8957358834947
150,41,False,road_1_5_3_1,570.3967574332363
150,22,False,road_1_5_3_1,577.8978357940344
150,6,False,road_1_5_3_1,585.3989035842752
150,fake_intersection_1_4_E_2_1304,True,road_1_5_3_2,469.12
150,fake_intersection_1_4_E_2_1305,True,road_1_5_3_2,470.12
150,fake_intersection_3_1_S_1_1334,True,road_2_1_0_1,618.24
150,fake_intersection_3_1_S_1_1335,True,road_2_1_0_1,619.24
150,fake_intersection_1_1_N_1_1282,True,road_2_1_2_1,618.24
150,fake_intersection_1_1_N_1_1283,True,road_2_1_2_1,619.24
150,fake_intersection_1_1_N_2_1284,True,road_2_1_2_2,618.24
150,fake_intersection_1_1_N_2_1285,True,road_2_1_2_2,619.24
150,fake_intersection_3_2_S_1_1336,True,road_2_2_0_1,618.24
150,fake_intersection_3_2_S_1_1337,True,road_2_2_0_1,619.24
150,fake_intersection_3_2_S_2_1338,True,road_2_2_0_2,618.24
150,fake_intersection_3_2_S_2_1339,True,road_2_2_0_2,619.24
150,fake_intersection_1_2_N_1_1290,True,road_2_2_2_1,618.24
150,fake_intersection_1_2_N_1_1291,True,road_2_2_2_1,619.24
150,fake_intersection_3_3_S_1_1346,True,road_2_3_0_1,618.24
150,fake_intersection_3_3_S_1_1347,True,road_2_3_0_1,619.24
150,fake_intersection_1_3_N_1_1298,True,road_2_3_2_1,618.24
150,fake_intersection_1_3_N_1_1299,True,road_2_3_2_1,619.24
150,fake_intersection_3_4_S_2_1348,True,road_2_4_0_2,618.24
150,fake_intersection_3_4_S_2_1349,True,road_2_4_0_2,619.24
150,fake_intersection_1_4_N_1_1306,True,road_2_4_2_1,618.24
150,fake_intersection_1_4_N_1_1307,True,road_2_4_2_1,619.24
150,fake_intersection_1_4_N_2_1308,True,road_2_4_2_2,618.24
150,fake_intersection_1_4_N_2_1309,True,road_2_4_2_2,619.24
150,13,False,road_2_4_3_2,12.717800670166037
150,fake_intersection_4_1_S_1_1354,True,road_3_1_0_1,618.24
150,fake_intersection_4_1_S_1_1355,True,road_3_1_0_1,619.24
150,fake_intersection_4_1_S_2_1356,True,road_3_1_0_2,618.24
150,fake_intersection_4_1_S_2_1357,True,road_3_1_0_2,619.24
150,fake_intersection_2_1_N_2_1318,True,road_3_1_2_2,618.24
150,fake_intersection_2_1_N_2_1319,True,road_3_1_2_2,619.24
150,fake_intersection_4_2_S_1_1362,True,road_3_2_0_1,618.24
150,fake_intersection_4_2_S_1_1363,True,road_3_2_0_1,619.24
150,fake_intersection_4_2_S_2_1364,True,road_3_2_0_2,618.24
150,fake_intersection_4_2_S_2_1365,True,road_3_2_0_2,619.24
150,4,False,road_3_2_2_1,6.309897300158912
150,fake_intersection_2_2_N_1_1320,True,road_3_2_2_1,618.24
150,fake_intersection_2_2_N_1_1321,True,road_3_2_2_1,619.24
150,fake_intersection_4_3_S_2_1370,True,road_3_3_0_2,618.24
150,fake_intersection_4_3_S_2_1371,True,road_3_3_0_2,619.24
150,fake_intersection_2_3_N_1_1324,True,road_3_3_2_1,618.24
150,fake_intersection_2_3_N_1_1325,True,road_3_3_2_1,619.24
150,fake_intersection_4_4_S_2_1372,True,road_3_4_0_2,618.24
150,fake_intersection_4_4_S_2_1373,True,road_3_4_0_2,619.24
150,10,False,road_3_4_2_0,12.20418820518202
150,fake_intersection_2_4_N_1_1328,True,road_3_4_2_1,618.24
150,fake_intersection_2_4_N_1_1329,True,road_3_4_2_1,619.24
150,105,False,road_4_0_1_0,198.59502243034376
150,84,False,road_4_0_1_0,549.3656276448219
150,97,False,road_4_0_1_1,289.78891708198216
150,fake_intersection_4_1_W_1_1360,True,road_4_0_1_1,469.12
150,fake_intersection_4_1_W_1_1361,True,road_4_0_1_1,470.12
150,74,False,road_4_0_1_1,555.3516996692297
150,54,False,road_4_0_1_1,562.8959063652395
150,34,False,road_4_0_1_1,570.3969147075832
150,24,False,road_4_0_1_1,577.8979283857836
150,0,False,road_4_0_1_1,585.3989359199275
150,116,False,road_4_0_1_2,52.736696299023684
150,45,False,road_4_0_1_2,577.89793789554
150,14,False,road_4_0_1_2,585.3989444162426
150,66,False,road_4_1_0_0,74.10014973990172
150,fake_intersection_3_1_N_1_1332,True,road_4_1_2_1,618.24
150,fake_intersection_3_1_N_1_1333,True,road_4_1_2_1,619.24
150,33,False,road_4_2_2_1,584.555614294751
150,fake_intersection_3_2_N_1_1340,True,road_4_2_2_1,618.24
150,fake_intersection_3_2_N_1_1341,True,road_4_2_2_1,619.24
150,fake_intersection_3_2_N_2_1342,True,road_4_2_2_2,618.24
150,fake_intersection_3_2_N_2_1343,True,road_4_2_2_2,619.24
150,fake_intersection_4_1_E_1_1358,True,road_4_2_3_1,458.24
150,fake_intersection_4_1_E_1_1359,True,road_4_2_3_1,459.24
150,25,False,road_4_3_1_0,307.84349045494866
150,15,False,road_4_3_1_1,512.1202715754046
150,55,False,road_4_3_2_0,67.27382779122429
150,47,False,road_4_3_2_0,91.73223388646929
150,35,False,road_4_3_2_0,361.78281255817967
150,fake_intersection_3_3_N_1_1344,True,road_4_3_2_1,618.24
150,fake_intersection_3_3_N_1_1345,True,road_4_3_2_1,619.24
150,8,False,road_4_4_0_0,52.15574202937228
150,48,False,road_4_4_1_0,42.30393618806058
150,38,False,road_4_4_1_0,437.6793661119048
150,60,False,road_4_4_1_1,22.190964060837054
150,52,False,road_4_4_2_0,107.40017465688955
150,43,False,road_4_4_2_0,278.20938580793745
150,26,False,road_4_4_2_0,344.40949994944066
150,20,False,road_4_4_2_0,532.6752514833992
150,30,False,road_4_4_2_1,594.065938104134
150,2,False,road_4_4_2_1,770.3925492005013
150,16,False,road_4_4_3_0,421.093060272578
150,fake_intersection_4_1_N_1_1350,True,road_5_1_2_1,629.12
150,fake_intersection_4_1_N_1_1351,True,road_5_1_2_1,630.12
150,fake_intersection_4_1_N_2_1352,True,road_5_1_2_2,629.12
150,fake_intersection_4_1_N_2_1353,True,road_5_1_2_2,630.12
150,91,False,road_5_2_2_0,358.79993748591386
150,121,False,road_5_2_2_1,17.25513065110971
150,fake_intersection_4_2_N_1_1366,True,road_5_2_2_1,629.12
150,fake_intersection_4_2_N_1_1367,True,road_5_2_2_1,630.12
150,63,False,road_5_2_2_1,782.2255739086318
150,fake_intersection_4_2_N_2_1368,True,road_5_2_2_2,629.12
150,fake_intersection_4_2_N_2_1369,True,road_5_2_2_2,630.12
150,107,False,road_5_3_2_0,212.27573046791974
150,98,False,road_5_3_2_0,382.92105837606573
150,86,False,road_5_3_2_0,481.72954310050216
150,117,False,road_5_3_2_1,67.528368482704
150,76,False,road_5_3_2_1,633.916957741665
150,67,False,road_5_3_2_1,679.7978180482862
150,109,False,road_5_4_2_0,165.23211953858072
150,103,False,road_5_4_2_0,231.04336708500125
150,92,False,road_5_4_2_0,325.62688250103906
150,99,False,road_5_4_2_0,353.46920149809694
150,87,False,road_5_4_2_0,486.3435399899817
150,75,False,road_5_4_2_0,600.9947427101696
150,119,False,road_5_4_2_1,27.43595277597285
150,114,False,road_5_4_2_1,107.03253851884666
150,81,False,road_5_4_2_1,541.3226665881335
150,65,False,road_5_4_2_1,667.3518872110911
150,70,False,road_5_4_2_1,701.321681920892
160,64,False,:intersection_1_4_30_1,24.780107650710526
160,70,False,:intersection_4_4_12_0,22.2291807226637
160,113,False,road_0_1_0_0,205.28962746850533
160,106,False,road_0_1_0_0,314.7682707947714
160,100,False,road_0_1_0_0,438.82302289545214
160,123,False,road_0_1_0_1,74.28732794481873
160,89,False,road_0_1_0_1,526.9756115537294
160,fake_intersection_1_1_S_1_1386,True,road_0_1_0_1,629.12
160,fake_intersection_1_1_S_1_1387,True,road_0_1_0_1,630.12
160,82,False,road_0_1_0_1,632.5778188149188
160,73,False,road_0_1_0_1,772.5134584445933
160,fake_intersection_1_1_S_2_1388,True,road_0_1_0_2,629.12
160,fake_intersection_1_1_S_2_1389,True,road_0_1_0_2,630.12
160,50,False,road_0_1_0_2,777.8979201826772
160,44,False,road_0_1_0_2,785.3989619233596
160,120,False,road_0_2_0_0,116.16721466287892
160,fake_intersection_1_2_S_1_1392,True,road_0_2_0_1,629.12
160,fake_intersection_1_2_S_1_1393,True,road_0_2_0_1,630.12
160,90,False,road_0_2_0_2,518.6427582795689
160,fake_intersection_1_3_S_1_1402,True,road_0_3_0_1,629.12
160,fake_intersection_1_3_S_1_1403,True,road_0_3_0_1,630.12
160,fake_intersection_1_3_S_2_1404,True,road_0_3_0_2,629.12
160,fake_intersection_1_3_S_2_1405,True,road_0_3_0_2,630.12
160,127,False,road_0_4_0_0,30.58462590435672
160,115,False,road_0_4_0_0,184.48398087913722
160,110,False,road_0_4_0_0,226.22931562593683
160,104,False,road_0_4_0_0,292.7739407925378
160,102,False,road_0_4_0_0,356.7101936062617
160,101,False,road_0_4_0_0,390.1035529439872
160,80,False,road_0_4_0_0,690.4345615201538
160,79,False,road_0_4_0_0,771.9927880414626
160,124,False,road_0_4_0_1,83.19208071438226
160,122,False,road_0_4_0_1,125.61762290131921
160,118,False,road_0_4_0_1,159.11387864517914
160,108,False,road_0_4_0_1,303.8177864503899
160,93,False,road_0_4_0_1,440.92198614030576
160,96,False,road_0_4_0_1,458.3785064290806
160,88,False,road_0_4_0_1,541.9419072601581
160,85,False,road_0_4_0_1,561.8140779508695
160,83,False,road_0_4_0_1,605.2614617159179
160,fake_intersection_1_4_S_1_1422,True,road_0_4_0_1,629.12
160,fake_intersection_1_4_S_1_1423,True,road_0_4_0_1,630.12
160,72,False,road_0_4_0_1,703.9216232705094
160,71,False,road_0_4_0_1,768.288251793705
160,fake_intersection_1_4_S_2_1424,True,road_0_4_0_2,629.12
160,fake_intersection_1_4_S_2_1425,True,road_0_4_0_2,630.12
160,69,False,road_0_4_0_2,777.8978382833536
160,11,False,road_0_4_0_2,785.3989329663273
160,111,False,road_1_0_1_0,181.3434409625835
160,94,False,road_1_0_1_0,504.20522970098875
160,fake_intersection_1_1_W_1_1378,True,road_1_0_1_1,469.12
160,fake_intersection_1_1_W_1_1379,True,road_1_0_1_1,470.12
160,77,False,road_1_0_1_1,562.8959161743535
160,57,False,road_1_0_1_1,570.396940022553
160,21,False,road_1_0_1_1,577.8979891971964
160,5,False,road_1_0_1_1,585.3989922544721
160,fake_intersection_1_1_W_2_1380,True,road_1_0_1_2,469.12
160,fake_intersection_1_1_W_2_1381,True,road_1_0_1_2,470.12
160,68,False,road_1_1_0_0,53.591006853913534
160,59,False,road_1_1_0_0,92.10221717134804
160,36,False,road_1_1_0_0,400.28699643172786
160,18,False,road_1_1_0_1,541.5321220712686
160,40,False,road_1_1_0_1,568.2215965531446
160,fake_intersection_2_1_S_1_1430,True,road_1_1_0_1,618.24
160,fake_intersection_2_1_S_1_1431,True,road_1_1_0_1,619.24
160,1,False,road_1_1_0_1,742.5407782802009
160,fake_intersection_2_1_S_2_1432,True,road_1_1_0_2,618.24
160,fake_intersection_2_1_S_2_1433,True,road_1_1_0_2,619.24
160,62,False,road_1_2_0_0,95.62261694782055
160,32,False,road_1_2_0_0,476.52248252713815
160,fake_intersection_2_2_S_1_1436,True,road_1_2_0_1,618.24
160,fake_intersection_2_2_S_1_1437,True,road_1_2_0_1,619.24
160,fake_intersection_1_3_W_1_1398,True,road_1_2_1_1,458.24
160,fake_intersection_1_3_W_1_1399,True,road_1_2_1_1,459.24
160,fake_intersection_1_3_W_2_1400,True,road_1_2_1_2,458.24
160,fake_intersection_1_3_W_2_1401,True,road_1_2_1_2,459.24
160,fake_intersection_1_1_E_1_1374,True,road_1_2_3_1,458.24
160,fake_intersection_1_1_E_1_1375,True,road_1_2_3_1,459.24
160,3,False,road_1_2_3_1,571.7989139280962
160,fake_intersection_1_1_E_2_1376,True,road_1_2_3_2,458.24
160,fake_intersection_1_1_E_2_1377,True,road_1_2_3_2,459.24
160,fake_intersection_2_3_S_1_1440,True,road_1_3_0_1,618.24
160,fake_intersection_2_3_S_1_1441,True,road_1_3_0_1,619.24
160,fake_intersection_1_4_W_1_1418,True,road_1_3_1_1,458.24
160,fake_intersection_1_4_W_1_1419,True,road_1_3_1_1,459.24
160,fake_intersection_1_4_W_2_1420,True,road_1_3_1_2,458.24
160,fake_intersection_1_4_W_2_1421,True,road_1_3_1_2,459.24
160,61,False,road_1_4_0_0,111.48524707982962
160,39,False,road_1_4_0_0,268.4238885787268
160,51,False,road_1_4_0_0,311.15698363968613
160,49,False,road_1_4_0_1,101.13334523074829
160,46,False,road_1_4_0_1,280.8880572180898
160,29,False,road_1_4_0_1,426.669881382871
160,42,False,road_1_4_0_1,457.4293813671091
160,9,False,road_1_4_0_1,569.4429538243525
160,17,False,road_1_4_0_1,593.781764371859
160,37,False,road_1_4_0_1,616.9936548718393
160,fake_intersection_2_4_S_1_1442,True,road_1_4_0_1,618.24
160,fake_intersection_2_4_S_1_1443,True,road_1_4_0_1,619.24
160,7,False,road_1_4_0_1,650.9654039269695
160,53,False,road_1_4_0_2,265.72264681784236
160,fake_intersection_2_4_S_2_1444,True,road_1_4_0_2,618.24
160,fake_intersection_2_4_S_2_1445,True,road_1_4_0_2,619.24
160,31,False,road_1_4_3_0,504.7139064963618
160,56,False,road_1_4_3_1,40.983700297837196
160,23,False,road_1_4_3_1,432.1031408954647
160,fake_intersection_1_3_E_1_1406,True,road_1_4_3_1,458.24
160,fake_intersection_1_3_E_1_1407,True,road_1_4_3_1,459.24
160,27,False,road_1_4_3_1,494.6285014127486
160,fake_intersection_1_3_E_2_1408,True,road_1_4_3_2,458.24
160,fake_intersection_1_3_E_2_1409,True,road_1_4_3_2,459.24
160,19,False,road_1_4_3_2,571.7989847505228
160,112,False,road_1_5_3_0,248.94220063569753
160,fake_intersection_1_4_E_1_1410,True,road_1_5_3_1,469.12
160,fake_intersection_1_4_E_1_1411,True,road_1_5_3_1,470.12
160,95,False,road_1_5_3_1,482.4180072705707
160,78,False,road_1_5_3_1,555.3947324077249
160,58,False,road_1_5_3_1,562.8957358834947
160,41,False,road_1_5_3_1,570.3967574332363
160,22,False,road_1_5_3_1,577.8978357940344
160,6,False,road_1_5_3_1,585.3989035842752
160,fake_intersection_1_4_E_2_1412,True,road_1_5_3_2,469.12
160,fake_intersection_1_4_E_2_1413,True,road_1_5_3_2,470.12
160,12,False,road_2_1_0_0,17.841734119619012
160,fake_intersection_3_1_S_1_1452,True,road_2_1_0_1,618.24
160,fake_intersection_3_1_S_1_1453,True,road_2_1_0_1,619.24
160,fake_intersection_1_1_N_1_1382,True,road_2_1_2_1,618.24
160,fake_intersection_1_1_N_1_1383,True,road_2_1_2_1,619.24
160,fake_intersection_1_1_N_2_1384,True,road_2_1_2_2,618.24
160,fake_intersection_1_1_N_2_1385,True,road_2_1_2_2,619.24
160,fake_intersection_3_2_S_1_1454,True,road_2_2_0_1,618.24
160,fake_intersection_3_2_S_1_1455,True,road_2_2_0_1,619.24
160,fake_intersection_3_2_S_2_1456,True,road_2_2_0_2,618.24
160,fake_intersection_3_2_S_2_1457,True,road_2_2_0_2,619.24
160,fake_intersection_1_2_N_1_1390,True,road_2_2_2_1,618.24
160,fake_intersection_1_2_N_1_1391,True,road_2_2_2_1,619.24
160,fake_intersection_3_3_S_1_1464,True,road_2_3_0_1,618.24
160,fake_intersection_3_3_S_1_1465,True,road_2_3_0_1,619.24
160,fake_intersection_1_3_N_1_1394,True,road_2_3_2_1,618.24
160,fake_intersection_1_3_N_1_1395,True,road_2_3_2_1,619.24
160,fake_intersection_1_3_N_2_1396,True,road_2_3_2_2,618.24
160,fake_intersection_1_3_N_2_1397,True,road_2_3_2_2,619.24
160,fake_intersection_3_4_S_1_1466,True,road_2_4_0_1,618.24
160,fake_intersection_3_4_S_1_1467,True,road_2_4_0_1,619.24
160,fake_intersection_3_4_S_2_1468,True,road_2_4_0_2,618.24
160,fake_intersection_3_4_S_2_1469,True,road_2_4_0_2,619.24
160,fake_intersection_1_4_N_1_1414,True,road_2_4_2_1,618.24
160,fake_intersection_1_4_N_1_1415,True,road_2_4_2_1,619.24
160,fake_intersection_1_4_N_2_1416,True,road_2_4_2_2,618.24
160,fake_intersection_1_4_N_2_1417,True,road_2_4_2_2,619.24
160,13,False,road_2_4_3_1,130.63085234788716
160,fake_intersection_4_1_S_1_1478,True,road_3_1_0_1,618.24
160,fake_intersection_4_1_S_1_1479,True,road_3_1_0_1,619.24
160,fake_intersection_4_1_S_2_1480,True,road_3_1_0_2,618.24
160,fake_intersection_4_1_S_2_1481,True,road_3_1_0_2,619.24
160,fake_intersection_2_1_N_1_1426,True,road_3_1_2_1,618.24
160,fake_intersection_2_1_N_1_1427,True,road_3_1_2_1,619.24
160,fake_intersection_2_1_N_2_1428,True,road_3_1_2_2,618.24
160,fake_intersection_2_1_N_2_1429,True,road_3_1_2_2,619.24
160,fake_intersection_4_2_S_1_1488,True,road_3_2_0_1,618.24
160,fake_intersection_4_2_S_1_1489,True,road_3_2_0_1,619.24
160,4,False,road_3_2_2_0,112.37414719023388
160,fake_intersection_2_2_N_1_1434,True,road_3_2_2_1,618.24
160,fake_intersection_2_2_N_1_1435,True,road_3_2_2_1,619.24
160,fake_intersection_4_3_S_2_1490,True,road_3_3_0_2,618.24
160,fake_intersection_4_3_S_2_1491,True,road_3_3_0_2,619.24
160,fake_intersection_2_3_N_1_1438,True,road_3_3_2_1,618.24
160,fake_intersection_2_3_N_1_1439,True,road_3_3_2_1,619.24
160,2,False,road_3_4_2_0,74.25086723011785
160,10,False,road_3_4_2_0,128.03968555196178
160,fake_intersection_2_4_N_1_1446,True,road_3_4_2_1,618.24
160,fake_intersection_2_4_N_1_1447,True,road_3_4_2_1,619.24
160,fake_intersection_2_4_N_2_1448,True,road_3_4_2_2,618.24
160,fake_intersection_2_4_N_2_1449,True,road_3_4_2_2,619.24
160,126,False,road_4_0_1_1,24.51363979616358
160,116,False,road_4_0_1_1,175.97034388005287
160,105,False,road_4_0_1_1,311.5113636129037
160,fake_intersection_4_1_W_1_1484,True,road_4_0_1_1,469.12
160,fake_intersection_4_1_W_1_1485,True,road_4_0_1_1,470.12
160,74,False,road_4_0_1_1,555.3949021430782
160,54,False,road_4_0_1_1,562.8959063652395
160,34,False,road_4_0_1_1,570.3969147075832
160,24,False,road_4_0_1_1,577.8979283857836
160,0,False,road_4_0_1_1,585.3989359199275
160,97,False,road_4_0_1_2,380.9040516902495
160,45,False,road_4_0_1_2,577.89793789554
160,14,False,road_4_0_1_2,585.3989444162426
160,84,False,road_4_1_0_0,59.30685877659657
160,66,False,road_4_1_0_0,167.66711116880242
160,fake_intersection_3_1_N_1_1450,True,road_4_1_2_1,618.24
160,fake_intersection_3_1_N_1_1451,True,road_4_1_2_1,619.24
160,63,False,road_4_2_2_0,73.86682308031517
160,fake_intersection_3_2_N_1_1458,True,road_4_2_2_1,618.24
160,fake_intersection_3_2_N_1_1459,True,road_4_2_2_1,619.24
160,33,False,road_4_2_2_1,708.8709855922617
160,fake_intersection_3_2_N_2_1460,True,road_4_2_2_2,618.24
160,fake_intersection_3_2_N_2_1461,True,road_4_2_2_2,619.24
160,fake_intersection_4_1_E_1_1482,True,road_4_2_3_1,458.24
160,fake_intersection_4_1_E_1_1483,True,road_4_2_3_1,459.24
160,25,False,road_4_3_1_1,398.0915588023112
160,fake_intersection_4_4_W_1_1492,True,road_4_3_1_1,458.24
160,fake_intersection_4_4_W_1_1493,True,road_4_3_1_1,459.24
160,15,False,road_4_3_1_1,571.7732491421306
160,fake_intersection_4_4_W_2_1494,True,road_4_3_1_2,458.24
160,fake_intersection_4_4_W_2_1495,True,road_4_3_1_2,459.24
160,47,False,road_4_3_2_0,184.2826982813285
160,35,False,road_4_3_2_0,472.0292577598748
160,55,False,road_4_3_2_1,167.4619578220949
160,fake_intersection_3_3_N_1_1462,True,road_4_3_2_1,618.24
160,fake_intersection_3_3_N_1_1463,True,road_4_3_2_1,619.24
160,8,False,road_4_4_0_0,151.0077861588916
160,48,False,road_4_4_1_0,134.43830595994456
160,38,False,road_4_4_1_0,551.6862374708868
160,60,False,road_4_4_1_1,135.876251513003
160,52,False,road_4_4_2_0,214.52888544785478
160,43,False,road_4_4_2_0,385.6649695453871
160,26,False,road_4_4_2_0,441.2372539099943
160,20,False,road_4_4_2_0,640.6273006298985
160,fake_intersection_3_4_N_1_1470,True,road_4_4_2_1,618.24
160,fake_intersection_3_4_N_1_1471,True,road_4_4_2_1,619.24
160,30,False,road_4_4_2_1,719.4523501484198
160,fake_intersection_3_4_N_2_1472,True,road_4_4_2_2,618.24
160,fake_intersection_3_4_N_2_1473,True,road_4_4_2_2,619.24
160,16,False,road_4_4_3_0,513.6711299414909
160,fake_intersection_4_4_E_1_1496,True,road_4_5_3_1,469.12
160,fake_intersection_4_4_E_1_1497,True,road_4_5_3_1,470.12
160,fake_intersection_4_4_E_2_1498,True,road_4_5_3_2,469.12
160,fake_intersection_4_4_E_2_1499,True,road_4_5_3_2,470.12
160,fake_intersection_4_1_N_1_1474,True,road_5_1_2_1,629.12
160,fake_intersection_4_1_N_1_1475,True,road_5_1_2_1,630.12
160,fake_intersection_4_1_N_2_1476,True,road_5_1_2_2,629.12
160,fake_intersection_4_1_N_2_1477,True,road_5_1_2_2,630.12
160,121,False,road_5_2_2_0,134.2794893905421
160,91,False,road_5_2_2_0,450.4376384968596
160,fake_intersection_4_2_N_1_1486,True,road_5_2_2_1,629.12
160,fake_intersection_4_2_N_1_1487,True,road_5_2_2_1,630.12
160,117,False,road_5_3_2_0,173.52508743725923
160,98,False,road_5_3_2_0,502.07529214362563
160,128,False,road_5_3_2_1,40.09321062348329
160,107,False,road_5_3_2_1,320.0781208888929
160,86,False,road_5_3_2_1,585.7101376184205
160,76,False,road_5_3_2_1,743.0298505099252
160,67,False,road_5_3_2_1,773.4612449787412
160,119,False,road_5_4_2_0,138.2283438754321
160,109,False,road_5_4_2_0,264.64651586380984
160,103,False,road_5_4_2_0,329.6599800687486
160,92,False,road_5_4_2_0,409.9179679973642
160,99,False,road_5_4_2_0,470.05187351784684
160,75,False,road_5_4_2_0,703.2141491047735
160,125,False,road_5_4_2_1,65.75636610259298
160,114,False,road_5_4_2_1,220.89976795966703
160,87,False,road_5_4_2_1,596.4183250006994
160,fake_intersection_4_4_N_1_1500,True,road_5_4_2_1,629.12
160,fake_intersection_4_4_N_1_1501,True,road_5_4_2_1,630.12
160,81,False,road_5_4_2_1,646.6376976324784
160,65,False,road_5_4_2_1,760.3164087010758
170,80,False,:intersection_1_4_27_1,7.571217446346226
170,72,False,:intersection_1_4_30_0,17.207566342384723
170,129,False,road_0_1_0_0,97.9413893831741
170,123,False,road_0_1_0_0,182.06083069127672
170,113,False,road_0_1_0_0,310.84951614884744
170,106,False,road_0_1_0_0,420.2390953637459
170,100,False,road_0_1_0_1,549.8894414551067
170,fake_intersection_1_1_S_1_1514,True,road_0_1_0_1,629.12
170,fake_intersection_1_1_S_1_1515,True,road_0_1_0_1,630.12
170,89,False,road_0_1_0_1,634.4243286054234
170,82,False,road_0_1_0_1,740.1749364147629
170,fake_intersection_1_1_S_2_1516,True,road_0_1_0_2,629.12
170,fake_intersection_1_1_S_2_1517,True,road_0_1_0_2,630.12
170,50,False,road_0_1_0_2,777.8979201826772
170,44,False,road_0_1_0_2,785.3989619233596
170,120,False,road_0_2_0_0,213.62635048127706
170,fake_intersection_1_2_S_1_1520,True,road_0_2_0_1,629.12
170,fake_intersection_1_2_S_1_1521,True,road_0_2_0_1,630.12
170,90,False,road_0_2_0_2,622.675467623179
170,fake_intersection_1_3_S_1_1530,True,road_0_3_0_1,629.12
170,fake_intersection_1_3_S_1_1531,True,road_0_3_0_1,630.12
170,fake_intersection_1_3_S_2_1532,True,road_0_3_0_2,629.12
170,fake_intersection_1_3_S_2_1533,True,road_0_3_0_2,630.12
170,127,False,road_0_4_0_0,116.76854142267918
170,124,False,road_0_4_0_0,195.94495485013516
170,122,False,road_0_4_0_0,234.21302752974782
170,115,False,road_0_4_0_0,278.234119140405
170,110,False,road_0_4_0_0,322.0981075915791
170,104,False,road_0_4_0_0,385.7810462488229
170,102,False,road_0_4_0_0,458.2924298690632
170,136,False,road_0_4_0_1,16.778614146229323
170,134,False,road_0_4_0_1,69.8656190959489
170,118,False,road_0_4_0_1,261.0493123339538
170,108,False,road_0_4_0_1,415.6692751478831
170,101,False,road_0_4_0_1,490.0426910505101
170,93,False,road_0_4_0_1,536.3517741769435
170,96,False,road_0_4_0_1,563.6463510306377
170,fake_intersection_1_4_S_1_1550,True,road_0_4_0_1,629.12
170,fake_intersection_1_4_S_1_1551,True,road_0_4_0_1,630.12
170,88,False,road_0_4_0_1,644.6353301497248
170,85,False,road_0_4_0_1,664.5141936804088
170,83,False,road_0_4_0_1,706.6510827698744
170,130,False,road_0_4_0_2,79.28417407627276
170,fake_intersection_1_4_S_2_1552,True,road_0_4_0_2,629.12
170,fake_intersection_1_4_S_2_1553,True,road_0_4_0_2,630.12
170,69,False,road_0_4_0_2,777.8978382833536
170,11,False,road_0_4_0_2,785.3989329663273
170,132,False,road_1_0_1_0,67.83754825344312
170,111,False,road_1_0_1_0,271.57326725157304
170,fake_intersection_1_1_W_1_1506,True,road_1_0_1_1,469.12
170,fake_intersection_1_1_W_1_1507,True,road_1_0_1_1,470.12
170,77,False,road_1_0_1_1,562.8959161743535
170,57,False,road_1_0_1_1,570.396940022553
170,21,False,road_1_0_1_1,577.8979891971964
170,5,False,road_1_0_1_1,585.3989922544721
170,fake_intersection_1_1_W_2_1508,True,road_1_0_1_2,469.12
170,fake_intersection_1_1_W_2_1509,True,road_1_0_1_2,470.12
170,73,False,road_1_1_0_0,67.60349804714353
170,68,False,road_1_1_0_0,164.00027199999766
170,59,False,road_1_1_0_0,192.36764718360934
170,36,False,road_1_1_0_0,500.8023448914396
170,94,False,road_1_1_0_1,6.715227445156874
170,18,False,road_1_1_0_1,638.9864129565927
170,40,False,road_1_1_0_1,676.0879129967103
170,62,False,road_1_2_0_0,203.08264279467454
170,32,False,road_1_2_0_0,579.5959436152676
170,fake_intersection_2_2_S_1_1558,True,road_1_2_0_1,618.24
170,fake_intersection_2_2_S_1_1559,True,road_1_2_0_1,619.24
170,fake_intersection_1_3_W_1_1526,True,road_1_2_1_1,458.24
170,fake_intersection_1_3_W_1_1527,True,road_1_2_1_1,459.24
170,fake_intersection_1_3_W_2_1528,True,road_1_2_1_2,458.24
170,fake_intersection_1_3_W_2_1529,True,road_1_2_1_2,459.24
170,fake_intersection_1_1_E_1_1502,True,road_1_2_3_1,458.24
170,fake_intersection_1_1_E_1_1503,True,road_1_2_3_1,459.24
170,3,False,road_1_2_3_1,571.7989139280962
170,fake_intersection_1_1_E_2_1504,True,road_1_2_3_2,458.24
170,fake_intersection_1_1_E_2_1505,True,road_1_2_3_2,459.24
170,fake_intersection_2_3_S_1_1562,True,road_1_3_0_1,618.24
170,fake_intersection_2_3_S_1_1563,True,road_1_3_0_1,619.24
170,fake_intersection_1_4_W_1_1546,True,road_1_3_1_1,458.24
170,fake_intersection_1_4_W_1_1547,True,road_1_3_1_1,459.24
170,fake_intersection_1_4_W_2_1548,True,road_1_3_1_2,458.24
170,fake_intersection_1_4_W_2_1549,True,road_1_3_1_2,459.24
170,31,False,road_1_3_2_0,24.658993778434173
170,71,False,road_1_4_0_0,56.144950222919235
170,64,False,road_1_4_0_0,95.24614777881644
170,49,False,road_1_4_0_0,190.3522250499194
170,61,False,road_1_4_0_0,230.97661741916312
170,39,False,road_1_4_0_0,363.48787866017585
170,51,False,road_1_4_0_0,434.39836916124136
170,46,False,road_1_4_0_1,385.1561604905757
170,29,False,road_1_4_0_1,524.2298610466763
170,9,False,road_1_4_0_1,657.2277741779881
170,17,False,road_1_4_0_1,693.7019099926335
170,37,False,road_1_4_0_1,725.087277541799
170,7,False,road_1_4_0_1,744.0547832350959
170,53,False,road_1_4_0_2,382.51367381680564
170,42,False,road_1_4_0_2,572.3729057409478
170,fake_intersection_2_4_S_2_1564,True,road_1_4_0_2,618.24
170,fake_intersection_2_4_S_2_1565,True,road_1_4_0_2,619.24
170,56,False,road_1_4_3_0,133.4872194669843
170,79,False,road_1_4_3_1,79.19679867812467
170,fake_intersection_1_3_E_1_1534,True,road_1_4_3_1,458.24
170,fake_intersection_1_3_E_1_1535,True,road_1_4_3_1,459.24
170,23,False,road_1_4_3_1,524.5413254094195
170,27,False,road_1_4_3_1,571.6391933491641
170,fake_intersection_1_3_E_2_1536,True,road_1_4_3_2,458.24
170,fake_intersection_1_3_E_2_1537,True,road_1_4_3_2,459.24
170,19,False,road_1_4_3_2,571.7989847505228
170,133,False,road_1_5_3_0,75.33272944127786
170,112,False,road_1_5_3_0,366.66694475199864
170,fake_intersection_1_4_E_1_1538,True,road_1_5_3_1,469.12
170,fake_intersection_1_4_E_1_1539,True,road_1_5_3_1,470.12
170,95,False,road_1_5_3_1,547.8901537332896
170,78,False,road_1_5_3_1,555.3947324077249
170,58,False,road_1_5_3_1,562.8957358834947
170,41,False,road_1_5_3_1,570.3967574332363
170,22,False,road_1_5_3_1,577.8978357940344
170,6,False,road_1_5_3_1,585.3989035842752
170,fake_intersection_1_4_E_2_1540,True,road_1_5_3_2,469.12
170,fake_intersection_1_4_E_2_1541,True,road_1_5_3_2,470.12
170,1,False,road_2_1_0_0,38.77277263025718
170,12,False,road_2_1_0_0,128.38202412751798
170,fake_intersection_3_1_S_1_1572,True,road_2_1_0_1,618.24
170,fake_intersection_3_1_S_1_1573,True,road_2_1_0_1,619.24
170,fake_intersection_1_1_N_1_1510,True,road_2_1_2_1,618.24
170,fake_intersection_1_1_N_1_1511,True,road_2_1_2_1,619.24
170,fake_intersection_1_1_N_2_1512,True,road_2_1_2_2,618.24
170,fake_intersection_1_1_N_2_1513,True,road_2_1_2_2,619.24
170,fake_intersection_3_2_S_1_1576,True,road_2_2_0_1,618.24
170,fake_intersection_3_2_S_1_1577,True,road_2_2_0_1,619.24
170,fake_intersection_1_2_N_1_1518,True,road_2_2_2_1,618.24
170,fake_intersection_1_2_N_1_1519,True,road_2_2_2_1,619.24
170,fake_intersection_3_3_S_1_1578,True,road_2_3_0_1,618.24
170,fake_intersection_3_3_S_1_1579,True,road_2_3_0_1,619.24
170,fake_intersection_3_3_S_2_1580,True,road_2_3_0_2,618.24
170,fake_intersection_3_3_S_2_1581,True,road_2_3_0_2,619.24
170,fake_intersection_1_3_N_1_1522,True,road_2_3_2_1,618.24
170,fake_intersection_1_3_N_1_1523,True,road_2_3_2_1,619.24
170,fake_intersection_1_3_N_2_1524,True,road_2_3_2_2,618.24
170,fake_intersection_1_3_N_2_1525,True,road_2_3_2_2,619.24
170,fake_intersection_3_4_S_1_1588,True,road_2_4_0_1,618.24
170,fake_intersection_3_4_S_1_1589,True,road_2_4_0_1,619.24
170,fake_intersection_1_4_N_1_1542,True,road_2_4_2_1,618.24
170,fake_intersection_1_4_N_1_1543,True,road_2_4_2_1,619.24
170,fake_intersection_1_4_N_2_1544,True,road_2_4_2_2,618.24
170,fake_intersection_1_4_N_2_1545,True,road_2_4_2_2,619.24
170,13,False,road_2_4_3_1,250.4671025475372
170,fake_intersection_4_1_S_1_1596,True,road_3_1_0_1,618.24
170,fake_intersection_4_1_S_1_1597,True,road_3_1_0_1,619.24
170,fake_intersection_2_1_N_2_1554,True,road_3_1_2_2,618.24
170,fake_intersection_2_1_N_2_1555,True,road_3_1_2_2,619.24
170,fake_intersection_4_2_S_1_1600,True,road_3_2_0_1,618.24
170,fake_intersection_4_2_S_1_1601,True,road_3_2_0_1,619.24
170,33,False,road_3_2_2_0,33.92392410234019
170,4,False,road_3_2_2_0,220.8562239781461
170,fake_intersection_2_2_N_1_1556,True,road_3_2_2_1,618.24
170,fake_intersection_2_2_N_1_1557,True,road_3_2_2_1,619.24
170,fake_intersection_4_3_S_1_1606,True,road_3_3_0_1,618.24
170,fake_intersection_4_3_S_1_1607,True,road_3_3_0_1,619.24
170,fake_intersection_4_3_S_2_1608,True,road_3_3_0_2,618.24
170,fake_intersection_4_3_S_2_1609,True,road_3_3_0_2,619.24
170,fake_intersection_2_3_N_1_1560,True,road_3_3_2_1,618.24
170,fake_intersection_2_3_N_1_1561,True,road_3_3_2_1,619.24
170,fake_intersection_4_4_S_2_1614,True,road_3_4_0_2,618.24
170,fake_intersection_4_4_S_2_1615,True,road_3_4_0_2,619.24
170,2,False,road_3_4_2_0,179.7778802246285
170,10,False,road_3_4_2_0,243.1572460283091
170,fake_intersection_2_4_N_1_1566,True,road_3_4_2_1,618.24
170,fake_intersection_2_4_N_1_1567,True,road_3_4_2_1,619.24
170,30,False,road_3_4_2_2,44.692308242892
170,fake_intersection_2_4_N_2_1568,True,road_3_4_2_2,618.24
170,fake_intersection_2_4_N_2_1569,True,road_3_4_2_2,619.24
170,126,False,road_4_0_1_0,131.69567002195856
170,105,False,road_4_0_1_1,423.98668453971834
170,74,False,road_4_0_1_1,555.3949021430782
170,54,False,road_4_0_1_1,562.8959063652395
170,34,False,road_4_0_1_1,570.3969147075832
170,24,False,road_4_0_1_1,577.8979283857836
170,0,False,road_4_0_1_1,585.3989359199275
170,137,False,road_4_0_1_2,5.1
170,116,False,road_4_0_1_2,299.71438505188814
170,97,False,road_4_0_1_2,475.60160249722225
170,45,False,road_4_0_1_2,577.89793789554
170,14,False,road_4_0_1_2,585.3989444162426
170,84,False,road_4_1_0_0,181.11139228600643
170,66,False,road_4_1_0_0,260.65958904615246
170,fake_intersection_3_1_N_1_1570,True,road_4_1_2_1,618.24
170,fake_intersection_3_1_N_1_1571,True,road_4_1_2_1,619.24
170,63,False,road_4_2_2_0,178.1092294909663
170,fake_intersection_3_2_N_1_1574,True,road_4_2_2_1,618.24
170,fake_intersection_3_2_N_1_1575,True,road_4_2_2_1,619.24
170,fake_intersection_4_1_E_1_1590,True,road_4_2_3_1,458.24
170,fake_intersection_4_1_E_1_1591,True,road_4_2_3_1,459.24
170,fake_intersection_4_4_W_1_1610,True,road_4_3_1_1,458.24
170,fake_intersection_4_4_W_1_1611,True,road_4_3_1_1,459.24
170,25,False,road_4_3_1_1,488.3549981852254
170,15,False,road_4_3_1_1,571.7988994230114
170,fake_intersection_4_4_W_2_1612,True,road_4_3_1_2,458.24
170,fake_intersection_4_4_W_2_1613,True,road_4_3_1_2,459.24
170,76,False,road_4_3_2_0,38.09578458767137
170,47,False,road_4_3_2_0,276.87203673507884
170,16,False,road_4_3_2_1,5.954258081510851
170,67,False,road_4_3_2_1,54.68977008585527
170,55,False,road_4_3_2_1,272.013707385046
170,35,False,road_4_3_2_1,576.5926588249516
170,fake_intersection_3_3_N_1_1582,True,road_4_3_2_1,618.24
170,fake_intersection_3_3_N_1_1583,True,road_4_3_2_1,619.24
170,fake_intersection_3_3_N_2_1584,True,road_4_3_2_2,618.24
170,fake_intersection_3_3_N_2_1585,True,road_4_3_2_2,619.24
170,8,False,road_4_4_0_0,249.27310516716335
170,75,False,road_4_4_1_0,2.665021513055942
170,48,False,road_4_4_1_0,225.70204528523993
170,60,False,road_4_4_1_0,250.01257751882784
170,70,False,road_4_4_2_0,102.3623742284167
170,52,False,road_4_4_2_0,322.58421890053535
170,43,False,road_4_4_2_0,493.89721219032276
170,26,False,road_4_4_2_0,536.3955520271057
170,20,False,road_4_4_2_0,748.0906538523441
170,65,False,road_4_4_2_1,38.48224412781309
170,fake_intersection_3_4_N_1_1586,True,road_4_4_2_1,618.24
170,fake_intersection_3_4_N_1_1587,True,road_4_4_2_1,619.24
170,fake_intersection_4_4_E_1_1620,True,road_4_5_3_1,469.12
170,fake_intersection_4_4_E_1_1621,True,road_4_5_3_1,470.12
170,fake_intersection_4_4_E_2_1622,True,road_4_5_3_2,469.12
170,fake_intersection_4_4_E_2_1623,True,road_4_5_3_2,470.12
170,fake_intersection_4_1_N_1_1592,True,road_5_1_2_1,629.12
170,fake_intersection_4_1_N_1_1593,True,road_5_1_2_1,630.12
170,fake_intersection_4_1_N_2_1594,True,road_5_1_2_2,629.12
170,fake_intersection_4_1_N_2_1595,True,road_5_1_2_2,630.12
170,121,False,road_5_2_2_0,248.97639808223843
170,91,False,road_5_2_2_0,543.1375210903634
170,fake_intersection_4_2_N_1_1598,True,road_5_2_2_1,629.12
170,fake_intersection_4_2_N_1_1599,True,road_5_2_2_1,630.12
170,128,False,road_5_3_2_0,157.65080158601873
170,117,False,road_5_3_2_0,278.6452540142198
170,98,False,road_5_3_2_0,620.5808446124726
170,138,False,road_5_3_2_1,5.1
170,107,False,road_5_3_2_1,430.0258305464714
170,fake_intersection_4_3_N_1_1602,True,road_5_3_2_1,629.12
170,fake_intersection_4_3_N_1_1603,True,road_5_3_2_1,630.12
170,86,False,road_5_3_2_1,691.8723716606086
170,fake_intersection_4_3_N_2_1604,True,road_5_3_2_2,629.12
170,fake_intersection_4_3_N_2_1605,True,road_5_3_2_2,630.12
170,131,False,road_5_4_2_0,93.81557067062641
170,119,False,road_5_4_2_0,249.00884569607254
170,109,False,road_5_4_2_0,365.76973045802447
170,103,False,road_5_4_2_0,429.57295836556494
170,92,False,road_5_4_2_0,498.6796847106215
170,135,False,road_5_4_2_1,15.306202374204329
170,125,False,road_5_4_2_1,186.20112370029543
170,114,False,road_5_4_2_1,334.59209646017064
170,99,False,road_5_4_2_1,584.8070980576568
170,fake_intersection_4_4_N_1_1616,True,road_5_4_2_1,629.12
170,fake_intersection_4_4_N_1_1617,True,road_5_4_2_1,630.12
170,87,False,road_5_4_2_1,704.745019441323
170,81,False,road_5_4_2_1,749.4480032414242
170,fake_intersection_4_4_N_2_1618,True,road_5_4_2_2,629.12
170,fake_intersection_4_4_N_2_1619,True,road_5_4_2_2,630.12
180,83,False,:intersection_1_4_30_1,19.241834371950308
180,40,False,:intersection_2_1_30_1,11.064876464955919
180,17,False,:intersection_2_4_30_0,20.014996721148634
180,86,False,:intersection_4_3_12_0,10.71768066665777
180,139,False,road_0_1_0_0,93.6950810056023
180,129,False,road_0_1_0_0,204.69822837763812
180,123,False,road_0_1_0_0,288.75290622260184
180,113,False,road_0_1_0_0,417.09065628261163
180,106,False,road_0_1_0_0,526.9178358590725
180,fake_intersection_1_1_S_1_1636,True,road_0_1_0_1,629.12
180,fake_intersection_1_1_S_1_1637,True,road_0_1_0_1,630.12
180,100,False,road_0_1_0_1,661.8442815235941
180,89,False,road_0_1_0_1,741.8991916232821
180,fake_intersection_1_1_S_2_1638,True,road_0_1_0_2,629.12
180,fake_intersection_1_1_S_2_1639,True,road_0_1_0_2,630.12
180,50,False,road_0_1_0_2,777.8979201826772
180,44,False,road_0_1_0_2,785.3989619233596
180,120,False,road_0_2_0_0,311.97722072830913
180,fake_intersection_1_2_S_1_1642,True,road_0_2_0_1,629.12
180,fake_intersection_1_2_S_1_1643,True,road_0_2_0_1,630.12
180,90,False,road_0_2_0_2,727.8820407773926
180,fake_intersection_1_3_S_1_1652,True,road_0_3_0_1,629.12
180,fake_intersection_1_3_S_1_1653,True,road_0_3_0_1,630.12
180,fake_intersection_1_3_S_2_1654,True,road_0_3_0_2,629.12
180,fake_intersection_1_3_S_2_1655,True,road_0_3_0_2,630.12
180,142,False,road_0_4_0_0,34.405749970773876
180,140,False,road_0_4_0_0,87.45612708570643
180,127,False,road_0_4_0_0,200.39104692760156
180,124,False,road_0_4_0_0,305.1199393317546
180,122,False,road_0_4_0_0,343.1196355780826
180,110,False,road_0_4_0_0,418.73720554031485
180,104,False,road_0_4_0_0,479.0960883215129
180,102,False,road_0_4_0_0,558.4864254522785
180,136,False,road_0_4_0_1,133.4816871374233
180,134,False,road_0_4_0_1,200.20023338483628
180,115,False,road_0_4_0_1,375.2281456982788
180,108,False,road_0_4_0_1,527.053096022138
180,101,False,road_0_4_0_1,590.4867363679725
180,fake_intersection_1_4_S_1_1668,True,road_0_4_0_1,629.12
180,fake_intersection_1_4_S_1_1669,True,road_0_4_0_1,630.12
180,96,False,road_0_4_0_1,669.011590116127
180,88,False,road_0_4_0_1,748.3608737487584
180,85,False,road_0_4_0_1,767.9524293526663
180,130,False,road_0_4_0_2,187.99820231674676
180,118,False,road_0_4_0_2,365.0217069192987
180,fake_intersection_1_4_S_2_1670,True,road_0_4_0_2,629.12
180,fake_intersection_1_4_S_2_1671,True,road_0_4_0_2,630.12
180,93,False,road_0_4_0_2,634.4859149885415
180,69,False,road_0_4_0_2,777.8978382833536
180,11,False,road_0_4_0_2,785.3989329663273
180,132,False,road_1_0_1_0,168.63828886322685
180,111,False,road_1_0_1_1,362.2795831749787
180,fake_intersection_1_1_W_1_1628,True,road_1_0_1_1,469.12
180,fake_intersection_1_1_W_1_1629,True,road_1_0_1_1,470.12
180,77,False,road_1_0_1_1,562.8959161743535
180,57,False,road_1_0_1_1,570.396940022553
180,21,False,road_1_0_1_1,577.8979891971964
180,5,False,road_1_0_1_1,585.3989922544721
180,fake_intersection_1_1_W_2_1630,True,road_1_0_1_2,469.12
180,fake_intersection_1_1_W_2_1631,True,road_1_0_1_2,470.12
180,73,False,road_1_1_0_0,176.31111541390402
180,68,False,road_1_1_0_0,271.52955361836837
180,59,False,road_1_1_0_0,292.77025123872045
180,36,False,road_1_1_0_0,604.915360100067
180,82,False,road_1_1_0_1,32.0097680968379
180,94,False,road_1_1_0_1,118.74656299090103
180,fake_intersection_2_1_S_1_1680,True,road_1_1_0_1,618.24
180,fake_intersection_2_1_S_1_1681,True,road_1_1_0_1,619.24
180,18,False,road_1_1_0_1,736.9142006885854
180,fake_intersection_2_1_S_2_1682,True,road_1_1_0_2,618.24
180,fake_intersection_2_1_S_2_1683,True,road_1_1_0_2,619.24
180,62,False,road_1_2_0_0,307.381270769874
180,32,False,road_1_2_0_0,685.9595304899102
180,fake_intersection_2_2_S_1_1686,True,road_1_2_0_1,618.24
180,fake_intersection_2_2_S_1_1687,True,road_1_2_0_1,619.24
180,fake_intersection_1_3_W_1_1648,True,road_1_2_1_1,458.24
180,fake_intersection_1_3_W_1_1649,True,road_1_2_1_1,459.24
180,fake_intersection_1_3_W_2_1650,True,road_1_2_1_2,458.24
180,fake_intersection_1_3_W_2_1651,True,road_1_2_1_2,459.24
180,fake_intersection_1_1_E_1_1624,True,road_1_2_3_1,458.24
180,fake_intersection_1_1_E_1_1625,True,road_1_2_3_1,459.24
180,3,False,road_1_2_3_1,571.7989139280962
180,fake_intersection_1_1_E_2_1626,True,road_1_2_3_2,458.24
180,fake_intersection_1_1_E_2_1627,True,road_1_2_3_2,459.24
180,fake_intersection_2_3_S_1_1690,True,road_1_3_0_1,618.24
180,fake_intersection_2_3_S_1_1691,True,road_1_3_0_1,619.24
180,fake_intersection_1_4_W_1_1672,True,road_1_3_1_1,458.24
180,fake_intersection_1_4_W_1_1673,True,road_1_3_1_1,459.24
180,fake_intersection_1_4_W_2_1674,True,road_1_3_1_2,458.24
180,fake_intersection_1_4_W_2_1675,True,road_1_3_1_2,459.24
180,31,False,road_1_3_2_0,146.4265098441296
180,72,False,road_1_4_0_0,89.41920635234455
180,71,False,road_1_4_0_0,156.48656431616197
180,64,False,road_1_4_0_0,193.2345750830039
180,49,False,road_1_4_0_0,278.17784094671487
180,61,False,road_1_4_0_0,350.5353416681689
180,39,False,road_1_4_0_0,457.53788682871095
180,46,False,road_1_4_0_1,486.66570586586084
180,51,False,road_1_4_0_1,557.5221809439767
180,fake_intersection_2_4_S_1_1696,True,road_1_4_0_1,618.24
180,fake_intersection_2_4_S_1_1697,True,road_1_4_0_1,619.24
180,9,False,road_1_4_0_1,746.8044423585833
180,53,False,road_1_4_0_2,497.7434282048122
180,fake_intersection_2_4_S_2_1698,True,road_1_4_0_2,618.24
180,fake_intersection_2_4_S_2_1699,True,road_1_4_0_2,619.24
180,29,False,road_1_4_0_2,620.6773460325245
180,42,False,road_1_4_0_2,685.4328642848595
180,80,False,road_1_4_3_0,99.70381729444074
180,56,False,road_1_4_3_0,227.34699662746112
180,79,False,road_1_4_3_1,193.78569905996093
180,fake_intersection_1_3_E_1_1656,True,road_1_4_3_1,458.24
180,fake_intersection_1_3_E_1_1657,True,road_1_4_3_1,459.24
180,23,False,road_1_4_3_1,564.2968672808103
180,27,False,road_1_4_3_1,571.7989478475426
180,fake_intersection_1_3_E_2_1658,True,road_1_4_3_2,458.24
180,fake_intersection_1_3_E_2_1659,True,road_1_4_3_2,459.24
180,19,False,road_1_4_3_2,571.7989847505228
180,133,False,road_1_5_3_0,182.49978769747685
180,112,False,road_1_5_3_0,480.66125858303974
180,fake_intersection_1_4_E_1_1660,True,road_1_5_3_1,469.12
180,fake_intersection_1_4_E_1_1661,True,road_1_5_3_1,470.12
180,95,False,road_1_5_3_1,547.8937301501147
180,78,False,road_1_5_3_1,555.3947324077249
180,58,False,road_1_5_3_1,562.8957358834947
180,41,False,road_1_5_3_1,570.3967574332363
180,22,False,road_1_5_3_1,577.8978357940344
180,6,False,road_1_5_3_1,585.3989035842752
180,fake_intersection_1_4_E_2_1662,True,road_1_5_3_2,469.12
180,fake_intersection_1_4_E_2_1663,True,road_1_5_3_2,470.12
180,1,False,road_2_1_0_0,137.2035951275534
180,12,False,road_2_1_0_0,236.46524320071433
180,fake_intersection_3_1_S_1_1702,True,road_2_1_0_1,618.24
180,fake_intersection_3_1_S_1_1703,True,road_2_1_0_1,619.24
180,fake_intersection_1_1_N_1_1632,True,road_2_1_2_1,618.24
180,fake_intersection_1_1_N_1_1633,True,road_2_1_2_1,619.24
180,fake_intersection_1_1_N_2_1634,True,road_2_1_2_2,618.24
180,fake_intersection_1_1_N_2_1635,True,road_2_1_2_2,619.24
180,fake_intersection_3_2_S_1_1706,True,road_2_2_0_1,618.24
180,fake_intersection_3_2_S_1_1707,True,road_2_2_0_1,619.24
180,fake_intersection_1_2_N_1_1640,True,road_2_2_2_1,618.24
180,fake_intersection_1_2_N_1_1641,True,road_2_2_2_1,619.24
180,fake_intersection_3_3_S_1_1708,True,road_2_3_0_1,618.24
180,fake_intersection_3_3_S_1_1709,True,road_2_3_0_1,619.24
180,fake_intersection_3_3_S_2_1710,True,road_2_3_0_2,618.24
180,fake_intersection_3_3_S_2_1711,True,road_2_3_0_2,619.24
180,fake_intersection_1_3_N_1_1644,True,road_2_3_2_1,618.24
180,fake_intersection_1_3_N_1_1645,True,road_2_3_2_1,619.24
180,fake_intersection_1_3_N_2_1646,True,road_2_3_2_2,618.24
180,fake_intersection_1_3_N_2_1647,True,road_2_3_2_2,619.24
180,7,False,road_2_4_0_0,36.81302254819953
180,37,False,road_2_4_0_1,28.651785828235845
180,fake_intersection_3_4_S_2_1716,True,road_2_4_0_2,618.24
180,fake_intersection_3_4_S_2_1717,True,road_2_4_0_2,619.24
180,fake_intersection_1_4_N_1_1664,True,road_2_4_2_1,618.24
180,fake_intersection_1_4_N_1_1665,True,road_2_4_2_1,619.24
180,fake_intersection_1_4_N_2_1666,True,road_2_4_2_2,618.24
180,fake_intersection_1_4_N_2_1667,True,road_2_4_2_2,619.24
180,13,False,road_2_4_3_2,368.5303412648897
180,fake_intersection_4_1_S_1_1726,True,road_3_1_0_1,618.24
180,fake_intersection_4_1_S_1_1727,True,road_3_1_0_1,619.24
180,fake_intersection_2_1_N_1_1676,True,road_3_1_2_1,618.24
180,fake_intersection_2_1_N_1_1677,True,road_3_1_2_1,619.24
180,fake_intersection_2_1_N_2_1678,True,road_3_1_2_2,618.24
180,fake_intersection_2_1_N_2_1679,True,road_3_1_2_2,619.24
180,fake_intersection_4_2_S_1_1728,True,road_3_2_0_1,618.24
180,fake_intersection_4_2_S_1_1729,True,road_3_2_0_1,619.24
180,fake_intersection_4_2_S_2_1730,True,road_3_2_0_2,618.24
180,fake_intersection_4_2_S_2_1731,True,road_3_2_0_2,619.24
180,33,False,road_3_2_2_0,159.83364035253027
180,4,False,road_3_2_2_0,330.0651679311487
180,fake_intersection_2_2_N_1_1684,True,road_3_2_2_1,618.24
180,fake_intersection_2_2_N_1_1685,True,road_3_2_2_1,619.24
180,fake_intersection_2_3_N_1_1688,True,road_3_3_2_1,618.24
180,fake_intersection_2_3_N_1_1689,True,road_3_3_2_1,619.24
180,fake_intersection_4_4_S_1_1748,True,road_3_4_0_1,618.24
180,fake_intersection_4_4_S_1_1749,True,road_3_4_0_1,619.24
180,fake_intersection_4_4_S_2_1750,True,road_3_4_0_2,618.24
180,fake_intersection_4_4_S_2_1751,True,road_3_4_0_2,619.24
180,20,False,road_3_4_1_0,52.89252914295145
180,2,False,road_3_4_2_0,285.1479730601829
180,10,False,road_3_4_2_0,357.09432601808277
180,30,False,road_3_4_2_1,168.04829521897724
180,fake_intersection_2_4_N_1_1692,True,road_3_4_2_1,618.24
180,fake_intersection_2_4_N_1_1693,True,road_3_4_2_1,619.24
180,fake_intersection_2_4_N_2_1694,True,road_3_4_2_2,618.24
180,fake_intersection_2_4_N_2_1695,True,road_3_4_2_2,619.24
180,126,False,road_4_0_1_0,240.2663539412841
180,137,False,road_4_0_1_1,105.5587043332282
180,105,False,road_4_0_1_1,536.9518817033228
180,74,False,road_4_0_1_1,555.3949021430782
180,54,False,road_4_0_1_1,562.8959063652395
180,34,False,road_4_0_1_1,570.3969147075832
180,24,False,road_4_0_1_1,577.8979283857836
180,0,False,road_4_0_1_1,585.3989359199275
180,116,False,road_4_0_1_2,421.30298875219194
180,97,False,road_4_0_1_2,567.2172216569785
180,45,False,road_4_0_1_2,577.89793789554
180,14,False,road_4_0_1_2,585.3989444162426
180,84,False,road_4_1_0_0,303.1485663954113
180,66,False,road_4_1_0_0,354.28525033869005
180,fake_intersection_3_1_N_1_1700,True,road_4_1_2_1,618.24
180,fake_intersection_3_1_N_1_1701,True,road_4_1_2_1,619.24
180,63,False,road_4_2_2_0,281.6368154140064
180,fake_intersection_3_2_N_1_1704,True,road_4_2_2_1,618.24
180,fake_intersection_3_2_N_1_1705,True,road_4_2_2_1,619.24
180,fake_intersection_4_1_E_1_1718,True,road_4_2_3_1,458.24
180,fake_intersection_4_1_E_1_1719,True,road_4_2_3_1,459.24
180,fake_intersection_4_1_E_2_1720,True,road_4_2_3_2,458.24
180,fake_intersection_4_1_E_2_1721,True,road_4_2_3_2,459.24
180,fake_intersection_4_4_W_1_1744,True,road_4_3_1_1,458.24
180,fake_intersection_4_4_W_1_1745,True,road_4_3_1_1,459.24
180,25,False,road_4_3_1_1,564.1666448660823
180,15,False,road_4_3_1_1,571.7989997397917
180,fake_intersection_4_4_W_2_1746,True,road_4_3_1_2,458.24
180,fake_intersection_4_4_W_2_1747,True,road_4_3_1_2,459.24
180,16,False,road_4_3_2_0,94.97965740245199
180,76,False,road_4_3_2_0,146.64358046758952
180,47,False,road_4_3_2_0,370.72136668530453
180,67,False,road_4_3_2_1,152.10827920010715
180,55,False,road_4_3_2_1,379.36686335110437
180,fake_intersection_3_3_N_1_1712,True,road_4_3_2_1,618.24
180,fake_intersection_3_3_N_1_1713,True,road_4_3_2_1,619.24
180,35,False,road_4_3_2_1,683.3420830080261
180,fake_intersection_3_3_N_2_1714,True,road_4_3_2_2,618.24
180,fake_intersection_3_3_N_2_1715,True,road_4_3_2_2,619.24
180,8,False,road_4_4_0_0,346.8593684553796
180,75,False,road_4_4_1_0,104.25436246200218
180,48,False,road_4_4_1_0,316.64672930336775
180,60,False,road_4_4_1_0,363.4112017792283
180,65,False,road_4_4_2_0,129.7517534509115
180,70,False,road_4_4_2_0,208.78558419773628
180,52,False,road_4_4_2_0,427.2612662912911
180,87,False,road_4_4_2_1,2.7701642134484175
180,43,False,road_4_4_2_1,602.7924579056549
180,26,False,road_4_4_2_1,632.6668608828211
180,81,False,road_4_4_2_2,39.432363656276394
180,fake_intersection_4_4_E_1_1740,True,road_4_5_3_1,469.12
180,fake_intersection_4_4_E_1_1741,True,road_4_5_3_1,470.12
180,fake_intersection_4_4_E_2_1742,True,road_4_5_3_2,469.12
180,fake_intersection_4_4_E_2_1743,True,road_4_5_3_2,470.12
180,fake_intersection_4_1_N_1_1722,True,road_5_1_2_1,629.12
180,fake_intersection_4_1_N_1_1723,True,road_5_1_2_1,630.12
180,fake_intersection_4_1_N_2_1724,True,road_5_1_2_2,629.12
180,fake_intersection_4_1_N_2_1725,True,road_5_1_2_2,630.12
180,121,False,road_5_2_2_0,364.0710025895446
180,fake_intersection_4_2_N_1_1732,True,road_5_2_2_1,629.12
180,fake_intersection_4_2_N_1_1733,True,road_5_2_2_1,630.12
180,91,False,road_5_2_2_1,635.8647896140019
180,fake_intersection_4_2_N_2_1734,True,road_5_2_2_2,629.12
180,fake_intersection_4_2_N_2_1735,True,road_5_2_2_2,630.12
180,138,False,road_5_3_2_0,108.93735134664081
180,128,False,road_5_3_2_0,275.22604580611693
180,98,False,road_5_3_2_0,737.3570114507659
180,117,False,road_5_3_2_1,381.6920488387822
180,107,False,road_5_3_2_1,537.74811653647
180,fake_intersection_4_3_N_1_1736,True,road_5_3_2_1,629.12
180,fake_intersection_4_3_N_1_1737,True,road_5_3_2_1,630.12
180,fake_intersection_4_3_N_2_1738,True,road_5_3_2_2,629.12
180,fake_intersection_4_3_N_2_1739,True,road_5_3_2_2,630.12
180,141,False,road_5_4_2_0,53.31941738220527
180,135,False,road_5_4_2_0,122.44690486628484
180,131,False,road_5_4_2_0,206.09085863991962
180,125,False,road_5_4_2_0,306.4641576045657
180,119,False,road_5_4_2_0,363.50856991479196
180,109,False,road_5_4_2_0,468.36703867793364
180,114,False,road_5_4_2_1,449.46704420264865
180,103,False,road_5_4_2_1,530.6146989138692
180,92,False,road_5_4_2_1,584.999474600811
180,fake_intersection_4_4_N_1_1752,True,road_5_4_2_1,629.12
180,fake_intersection_4_4_N_1_1753,True,road_5_4_2_1,630.12
180,99,False,road_5_4_2_1,701.3641804894484
180,fake_intersection_4_4_N_2_1754,True,road_5_4_2_2,629.12
180,fake_intersection_4_4_N_2_1755,True,road_5_4_2_2,630.12
190,112,False,:intersection_1_4_0_0,4.165533837071166
190,22,False,:intersection_1_4_3_2,6.639218524403401
190,42,False,:intersection_2_4_33_0,25.70440536609277
190,35,False,:intersection_3_3_12_1,18.203546491899772
190,139,False,road_0_1_0_0,194.16816433852125
190,129,False,road_0_1_0_0,309.125122578129
190,106,False,road_0_1_0_0,631.4573712983195
190,143,False,road_0_1_0_1,110.71286048533585
190,123,False,road_0_1_0_1,396.4145277187304
190,113,False,road_0_1_0_1,521.8950113464762
190,fake_intersection_1_1_S_1_1760,True,road_0_1_0_1,629.12
190,fake_intersection_1_1_S_1_1761,True,road_0_1_0_1,630.12
190,100,False,road_0_1_0_1,776.4321978583507
190,fake_intersection_1_1_S_2_1762,True,road_0_1_0_2,629.12
190,fake_intersection_1_1_S_2_1763,True,road_0_1_0_2,630.12
190,50,False,road_0_1_0_2,777.8979201826772
190,44,False,road_0_1_0_2,785.3989619233596
190,120,False,road_0_2_0_0,409.03610448001496
190,151,False,road_0_2_0_1,45.705674293394544
190,fake_intersection_1_2_S_1_1774,True,road_0_2_0_1,629.12
190,fake_intersection_1_2_S_1_1775,True,road_0_2_0_1,630.12
190,90,False,road_0_2_0_2,785.3771842244902
190,fake_intersection_1_3_S_1_1784,True,road_0_3_0_1,629.12
190,fake_intersection_1_3_S_1_1785,True,road_0_3_0_1,630.12
190,fake_intersection_1_3_S_2_1786,True,road_0_3_0_2,629.12
190,fake_intersection_1_3_S_2_1787,True,road_0_3_0_2,630.12
190,144,False,road_0_4_0_0,73.55845363779842
190,142,False,road_0_4_0_0,131.84934417868092
190,140,False,road_0_4_0_0,204.30256629187383
190,127,False,road_0_4_0_0,285.98293972864553
190,130,False,road_0_4_0_0,298.1868484707025
190,124,False,road_0_4_0_0,416.30346037942286
190,102,False,road_0_4_0_0,659.9824938539078
190,153,False,road_0_4_0_1,14.508686452029535
190,150,False,road_0_4_0_1,55.46824741867985
190,136,False,road_0_4_0_1,251.58539571671653
190,134,False,road_0_4_0_1,329.7894404642248
190,122,False,road_0_4_0_1,451.8433886668209
190,115,False,road_0_4_0_1,471.2047372774929
190,110,False,road_0_4_0_1,515.5787640045031
190,104,False,road_0_4_0_1,572.5549587978734
190,108,False,road_0_4_0_1,639.6367858153482
190,101,False,road_0_4_0_1,689.442495629508
190,96,False,road_0_4_0_1,767.4601848859676
190,88,False,road_0_4_0_1,777.8977599122076
190,85,False,road_0_4_0_1,785.3989423730433
190,118,False,road_0_4_0_2,468.0804199169271
190,93,False,road_0_4_0_2,729.0097756018148
190,69,False,road_0_4_0_2,777.8978382833536
190,11,False,road_0_4_0_2,785.3989329663273
190,148,False,road_1_0_1_0,56.288959064003784
190,132,False,road_1_0_1_0,269.24293740488605
190,111,False,road_1_0_1_1,451.89928092162984
190,fake_intersection_1_1_W_1_1768,True,road_1_0_1_1,469.12
190,fake_intersection_1_1_W_1_1769,True,road_1_0_1_1,470.12
190,77,False,road_1_0_1_1,562.8959161743535
190,57,False,road_1_0_1_1,570.396940022553
190,21,False,road_1_0_1_1,577.8979891971964
190,5,False,road_1_0_1_1,585.3989922544721
190,fake_intersection_1_1_W_2_1770,True,road_1_0_1_2,469.12
190,fake_intersection_1_1_W_2_1771,True,road_1_0_1_2,470.12
190,89,False,road_1_1_0_0,32.365135141880614
190,82,False,road_1_1_0_0,139.92890803808334
190,94,False,road_1_1_0_0,234.32635804147307
190,73,False,road_1_1_0_0,286.19273112942864
190,68,False,road_1_1_0_0,372.8909780281437
190,59,False,road_1_1_0_0,393.75775529137974
190,36,False,road_1_1_0_0,706.4700277971701
190,fake_intersection_2_1_S_1_1806,True,road_1_1_0_1,618.24
190,fake_intersection_2_1_S_1_1807,True,road_1_1_0_1,619.24
190,62,False,road_1_2_0_0,414.924027388236
190,fake_intersection_2_2_S_1_1810,True,road_1_2_0_1,618.24
190,fake_intersection_2_2_S_1_1811,True,road_1_2_0_1,619.24
190,fake_intersection_1_3_W_1_1780,True,road_1_2_1_1,458.24
190,fake_intersection_1_3_W_1_1781,True,road_1_2_1_1,459.24
190,fake_intersection_1_3_W_2_1782,True,road_1_2_1_2,458.24
190,fake_intersection_1_3_W_2_1783,True,road_1_2_1_2,459.24
190,fake_intersection_1_1_E_1_1764,True,road_1_2_3_1,458.24
190,fake_intersection_1_1_E_1_1765,True,road_1_2_3_1,459.24
190,3,False,road_1_2_3_1,571.7989139280962
190,fake_intersection_1_1_E_2_1766,True,road_1_2_3_2,458.24
190,fake_intersection_1_1_E_2_1767,True,road_1_2_3_2,459.24
190,fake_intersection_2_3_S_1_1814,True,road_1_3_0_1,618.24
190,fake_intersection_2_3_S_1_1815,True,road_1_3_0_1,619.24
190,fake_intersection_1_4_W_1_1796,True,road_1_3_1_1,458.24
190,fake_intersection_1_4_W_1_1797,True,road_1_3_1_1,459.24
190,fake_intersection_1_4_W_2_1798,True,road_1_3_1_2,458.24
190,fake_intersection_1_4_W_2_1799,True,road_1_3_1_2,459.24
190,31,False,road_1_3_2_0,267.6237483757956
190,83,False,road_1_4_0_0,93.60982507125716
190,72,False,road_1_4_0_0,188.21014155492136
190,71,False,road_1_4_0_0,258.8807220046284
190,64,False,road_1_4_0_0,292.4249168473568
190,49,False,road_1_4_0_0,369.2969661529231
190,61,False,road_1_4_0_0,471.45163529704644
190,39,False,road_1_4_0_0,552.6942279273303
190,53,False,road_1_4_0_1,612.4759898267669
190,fake_intersection_2_4_S_1_1816,True,road_1_4_0_1,618.24
190,fake_intersection_2_4_S_1_1817,True,road_1_4_0_1,619.24
190,51,False,road_1_4_0_1,681.3067024473758
190,46,False,road_1_4_0_2,588.311193098623
190,29,False,road_1_4_0_2,718.9968777329981
190,80,False,road_1_4_3_0,207.77973743474237
190,56,False,road_1_4_3_0,319.2056088988119
190,6,False,road_1_4_3_1,1.9008420410331404
190,79,False,road_1_4_3_1,307.24450475250336
190,fake_intersection_1_3_E_1_1788,True,road_1_4_3_1,458.24
190,fake_intersection_1_3_E_1_1789,True,road_1_4_3_1,459.24
190,23,False,road_1_4_3_1,564.297910843412
190,27,False,road_1_4_3_1,571.7989478475426
190,fake_intersection_1_3_E_2_1790,True,road_1_4_3_2,458.24
190,fake_intersection_1_3_E_2_1791,True,road_1_4_3_2,459.24
190,19,False,road_1_4_3_2,571.7989847505228
190,149,False,road_1_5_3_1,34.939443959831266
190,133,False,road_1_5_3_1,291.49800888975324
190,fake_intersection_1_4_E_1_1792,True,road_1_5_3_1,469.12
190,fake_intersection_1_4_E_1_1793,True,road_1_5_3_1,470.12
190,95,False,road_1_5_3_1,547.8937301501147
190,78,False,road_1_5_3_1,555.8018073343569
190,58,False,road_1_5_3_1,565.3316591105233
190,41,False,road_1_5_3_1,577.0814359104585
190,fake_intersection_1_4_E_2_1794,True,road_1_5_3_2,469.12
190,fake_intersection_1_4_E_2_1795,True,road_1_5_3_2,470.12
190,40,False,road_2_1_0_0,93.1745790595766
190,1,False,road_2_1_0_0,234.60363765911552
190,12,False,road_2_1_0_0,344.7620655925098
190,18,False,road_2_1_0_1,33.81300325623576
190,fake_intersection_3_1_S_1_1824,True,road_2_1_0_1,618.24
190,fake_intersection_3_1_S_1_1825,True,road_2_1_0_1,619.24
190,fake_intersection_1_1_N_1_1756,True,road_2_1_2_1,618.24
190,fake_intersection_1_1_N_1_1757,True,road_2_1_2_1,619.24
190,fake_intersection_1_1_N_2_1758,True,road_2_1_2_2,618.24
190,fake_intersection_1_1_N_2_1759,True,road_2_1_2_2,619.24
190,fake_intersection_3_2_S_1_1828,True,road_2_2_0_1,618.24
190,fake_intersection_3_2_S_1_1829,True,road_2_2_0_1,619.24
190,fake_intersection_1_2_N_1_1772,True,road_2_2_2_1,618.24
190,fake_intersection_1_2_N_1_1773,True,road_2_2_2_1,619.24
190,32,False,road_2_2_3_0,1.2031548097691296
190,fake_intersection_3_3_S_1_1832,True,road_2_3_0_1,618.24
190,fake_intersection_3_3_S_1_1833,True,road_2_3_0_1,619.24
190,fake_intersection_1_3_N_1_1776,True,road_2_3_2_1,618.24
190,fake_intersection_1_3_N_1_1777,True,road_2_3_2_1,619.24
190,fake_intersection_1_3_N_2_1778,True,road_2_3_2_2,618.24
190,fake_intersection_1_3_N_2_1779,True,road_2_3_2_2,619.24
190,9,False,road_2_4_0_0,33.922471029943125
190,17,False,road_2_4_0_0,90.37947311083425
190,7,False,road_2_4_0_0,128.08452127423817
190,37,False,road_2_4_0_0,155.58730270380656
190,fake_intersection_3_4_S_2_1834,True,road_2_4_0_2,618.24
190,fake_intersection_3_4_S_2_1835,True,road_2_4_0_2,619.24
190,fake_intersection_1_4_N_1_1800,True,road_2_4_2_1,618.24
190,fake_intersection_1_4_N_1_1801,True,road_2_4_2_1,619.24
190,fake_intersection_1_4_N_2_1802,True,road_2_4_2_2,618.24
190,fake_intersection_1_4_N_2_1803,True,road_2_4_2_2,619.24
190,13,False,road_2_4_3_2,488.90661416239817
190,fake_intersection_4_1_S_1_1844,True,road_3_1_0_1,618.24
190,fake_intersection_4_1_S_1_1845,True,road_3_1_0_1,619.24
190,fake_intersection_2_1_N_1_1804,True,road_3_1_2_1,618.24
190,fake_intersection_2_1_N_1_1805,True,road_3_1_2_1,619.24
190,fake_intersection_4_2_S_1_1846,True,road_3_2_0_1,618.24
190,fake_intersection_4_2_S_1_1847,True,road_3_2_0_1,619.24
190,fake_intersection_4_2_S_2_1848,True,road_3_2_0_2,618.24
190,fake_intersection_4_2_S_2_1849,True,road_3_2_0_2,619.24
190,33,False,road_3_2_2_0,281.1318562214378
190,4,False,road_3_2_2_0,437.7535045744095
190,fake_intersection_2_2_N_1_1808,True,road_3_2_2_1,618.24
190,fake_intersection_2_2_N_1_1809,True,road_3_2_2_1,619.24
190,fake_intersection_4_3_S_1_1858,True,road_3_3_0_1,618.24
190,fake_intersection_4_3_S_1_1859,True,road_3_3_0_1,619.24
190,fake_intersection_4_3_S_2_1860,True,road_3_3_0_2,618.24
190,fake_intersection_4_3_S_2_1861,True,road_3_3_0_2,619.24
190,fake_intersection_2_3_N_1_1812,True,road_3_3_2_1,618.24
190,fake_intersection_2_3_N_1_1813,True,road_3_3_2_1,619.24
190,fake_intersection_4_4_S_2_1866,True,road_3_4_0_2,618.24
190,fake_intersection_4_4_S_2_1867,True,road_3_4_0_2,619.24
190,20,False,road_3_4_1_0,161.0102943629033
190,2,False,road_3_4_2_0,392.35719925969954
190,10,False,road_3_4_2_0,470.44863580366166
190,30,False,road_3_4_2_1,291.66510071543706
190,fake_intersection_2_4_N_1_1818,True,road_3_4_2_1,618.24
190,fake_intersection_2_4_N_1_1819,True,road_3_4_2_1,619.24
190,fake_intersection_2_4_N_2_1820,True,road_3_4_2_2,618.24
190,fake_intersection_2_4_N_2_1821,True,road_3_4_2_2,619.24
190,145,False,road_4_0_1_0,89.30858262455945
190,137,False,road_4_0_1_1,213.7619543440523
190,126,False,road_4_0_1_1,348.1629483729909
190,105,False,road_4_0_1_1,547.893889531255
190,74,False,road_4_0_1_1,555.3949021430782
190,54,False,road_4_0_1_1,562.8959063652395
190,34,False,road_4_0_1_1,570.3969147075832
190,24,False,road_4_0_1_1,577.8979283857836
190,0,False,road_4_0_1_1,585.3989359199275
190,116,False,road_4_0_1_2,549.3737412293045
190,97,False,road_4_0_1_2,570.3968432332485
190,45,False,road_4_0_1_2,577.89793789554
190,14,False,road_4_0_1_2,585.3989444162426
190,84,False,road_4_1_0_0,423.3487746656705
190,66,False,road_4_1_0_0,447.84532898701
190,fake_intersection_3_1_N_1_1822,True,road_4_1_2_1,618.24
190,fake_intersection_3_1_N_1_1823,True,road_4_1_2_1,619.24
190,63,False,road_4_2_2_0,386.2264135784082
190,fake_intersection_3_2_N_1_1826,True,road_4_2_2_1,618.24
190,fake_intersection_3_2_N_1_1827,True,road_4_2_2_1,619.24
190,fake_intersection_4_1_E_1_1836,True,road_4_2_3_1,458.24
190,fake_intersection_4_1_E_1_1837,True,road_4_2_3_1,459.24
190,fake_intersection_4_1_E_2_1838,True,road_4_2_3_2,458.24
190,fake_intersection_4_1_E_2_1839,True,road_4_2_3_2,459.24
190,98,False,road_4_3_1_0,44.98287196995535
190,fake_intersection_4_4_W_1_1862,True,road_4_3_1_1,458.24
190,fake_intersection_4_4_W_1_1863,True,road_4_3_1_1,459.24
190,25,False,road_4_3_1_1,564.297900083199
190,15,False,road_4_3_1_1,571.7989997397917
190,fake_intersection_4_4_W_2_1864,True,road_4_3_1_2,458.24
190,fake_intersection_4_4_W_2_1865,True,road_4_3_1_2,459.24
190,86,False,road_4_3_2_0,88.75050372340301
190,16,False,road_4_3_2_0,187.71814039354365
190,76,False,road_4_3_2_0,254.8409593932967
190,47,False,road_4_3_2_0,463.7637140463747
190,55,False,road_4_3_2_0,485.88558136333063
190,67,False,road_4_3_2_1,246.28420715969685
190,fake_intersection_3_3_N_1_1830,True,road_4_3_2_1,618.24
190,fake_intersection_3_3_N_1_1831,True,road_4_3_2_1,619.24
190,8,False,road_4_4_0_0,444.2236238101505
190,75,False,road_4_4_1_0,206.2048758064599
190,48,False,road_4_4_1_0,405.19731780501127
190,60,False,road_4_4_1_0,478.4420040692563
190,87,False,road_4_4_2_0,111.45865488065738
190,65,False,road_4_4_2_0,220.24702291011226
190,70,False,road_4_4_2_0,316.10924359811486
190,99,False,road_4_4_2_1,1.0092298360128389
190,81,False,road_4_4_2_1,142.54780748637236
190,52,False,road_4_4_2_1,534.4557806579352
190,43,False,road_4_4_2_1,708.6821576291082
190,26,False,road_4_4_2_1,729.3583958274477
190,fake_intersection_4_4_E_1_1872,True,road_4_5_3_1,469.12
190,fake_intersection_4_4_E_1_1873,True,road_4_5_3_1,470.12
190,fake_intersection_4_4_E_2_1874,True,road_4_5_3_2,469.12
190,fake_intersection_4_4_E_2_1875,True,road_4_5_3_2,470.12
190,fake_intersection_4_1_N_1_1840,True,road_5_1_2_1,629.12
190,fake_intersection_4_1_N_1_1841,True,road_5_1_2_1,630.12
190,fake_intersection_4_1_N_2_1842,True,road_5_1_2_2,629.12
190,fake_intersection_4_1_N_2_1843,True,road_5_1_2_2,630.12
190,121,False,road_5_2_2_0,480.50678974570695
190,152,False,road_5_2_2_1,50.945773123471845
190,fake_intersection_4_2_N_1_1850,True,road_5_2_2_1,629.12
190,fake_intersection_4_2_N_1_1851,True,road_5_2_2_1,630.12
190,91,False,road_5_2_2_1,728.7297884457971
190,fake_intersection_4_2_N_2_1852,True,road_5_2_2_2,629.12
190,fake_intersection_4_2_N_2_1853,True,road_5_2_2_2,630.12
190,147,False,road_5_3_2_0,78.24605954663404
190,138,False,road_5_3_2_0,212.35964473969483
190,128,False,road_5_3_2_0,394.93330014164206
190,117,False,road_5_3_2_1,487.1565379053872
190,fake_intersection_4_3_N_1_1854,True,road_5_3_2_1,629.12
190,fake_intersection_4_3_N_1_1855,True,road_5_3_2_1,630.12
190,fake_intersection_4_3_N_2_1856,True,road_5_3_2_2,629.12
190,fake_intersection_4_3_N_2_1857,True,road_5_3_2_2,630.12
190,107,False,road_5_3_2_2,647.6125790949302
190,154,False,road_5_4_2_0,5.1
190,141,False,road_5_4_2_0,175.29422874656962
190,135,False,road_5_4_2_0,228.66410529519618
190,131,False,road_5_4_2_0,318.5047371591931
190,125,False,road_5_4_2_0,428.66276284576844
190,146,False,road_5_4_2_1,69.89828563415841
190,119,False,road_5_4_2_1,477.29357817274973
190,114,False,road_5_4_2_1,550.3413132294821
190,109,False,road_5_4_2_1,569.2897279319083
190,fake_intersection_4_4_N_1_1868,True,road_5_4_2_1,629.12
190,103,False,road_5_4_2_1,629.9421917377131
190,fake_intersection_4_4_N_1_1869,True,road_5_4_2_1,630.12
190,92,False,road_5_4_2_1,673.5717166979848
190,fake_intersection_4_4_N_2_1870,True,road_5_4_2_2,629.12
190,fake_intersection_4_4_N_2_1871,True,road_5_4_2_2,630.12
200,95,False,:intersection_1_4_3_0,26.12353220173505
200,155,False,road_0_1_0_0,109.71301751228097
200,139,False,road_0_1_0_0,293.41318668273084
200,129,False,road_0_1_0_0,415.7928314565018
200,106,False,road_0_1_0_0,737.8829462989722
200,143,False,road_0_1_0_1,229.39494968633412
200,123,False,road_0_1_0_1,506.20866481741797
200,113,False,road_0_1_0_1,627.2882727566022
200,fake_intersection_1_1_S_1_1880,True,road_0_1_0_1,629.12
200,fake_intersection_1_1_S_1_1881,True,road_0_1_0_1,630.12
200,fake_intersection_1_1_S_2_1882,True,road_0_1_0_2,629.12
200,fake_intersection_1_1_S_2_1883,True,road_0_1_0_2,630.12
200,50,False,road_0_1_0_2,777.8979201826772
200,44,False,road_0_1_0_2,785.3989619233596
200,151,False,road_0_2_0_0,150.10881615370775
200,120,False,road_0_2_0_0,505.3546831379286
200,fake_intersection_1_2_S_1_1894,True,road_0_2_0_1,629.12
200,fake_intersection_1_2_S_1_1895,True,road_0_2_0_1,630.12
200,90,False,road_0_2_0_2,785.3989562573796
200,fake_intersection_1_3_S_1_1902,True,road_0_3_0_1,629.12
200,fake_intersection_1_3_S_1_1903,True,road_0_3_0_1,630.12
200,fake_intersection_1_3_S_2_1904,True,road_0_3_0_2,629.12
200,fake_intersection_1_3_S_2_1905,True,road_0_3_0_2,630.12
200,156,False,road_0_4_0_0,91.10937922089772
200,144,False,road_0_4_0_0,149.12736640574235
200,142,False,road_0_4_0_0,229.1377103668261
200,140,False,road_0_4_0_0,320.55851816449115
200,127,False,road_0_4_0_0,372.65157110227045
200,102,False,road_0_4_0_0,758.0180851002532
200,160,False,road_0_4_0_1,31.590546127742257
200,153,False,road_0_4_0_1,109.407631125426
200,150,False,road_0_4_0_1,156.27549087384227
200,136,False,road_0_4_0_1,371.4434327730663
200,130,False,road_0_4_0_1,406.73019381415355
200,134,False,road_0_4_0_1,458.3175569199793
200,124,False,road_0_4_0_1,526.6259191097897
200,122,False,road_0_4_0_1,546.1580553998215
200,115,False,road_0_4_0_1,562.3917213836799
200,110,False,road_0_4_0_1,611.6298872957714
200,104,False,road_0_4_0_1,666.75142212302
200,108,False,road_0_4_0_1,749.674833201638
200,101,False,road_0_4_0_1,762.8774252705118
200,96,False,road_0_4_0_1,770.3968573601849
200,88,False,road_0_4_0_1,777.8978713079902
200,85,False,road_0_4_0_1,785.3989423730433
200,118,False,road_0_4_0_2,571.9481982041065
200,93,False,road_0_4_0_2,770.3967848125803
200,69,False,road_0_4_0_2,777.8978382833536
200,11,False,road_0_4_0_2,785.3989329663273
200,148,False,road_1_0_1_0,159.0427394342928
200,132,False,road_1_0_1_1,369.59575912124967
200,fake_intersection_1_1_W_1_1888,True,road_1_0_1_1,469.12
200,fake_intersection_1_1_W_1_1889,True,road_1_0_1_1,470.12
200,111,False,road_1_0_1_1,540.4207099753404
200,77,False,road_1_0_1_1,562.8959161743535
200,57,False,road_1_0_1_1,570.396940022553
200,21,False,road_1_0_1_1,577.8979891971964
200,5,False,road_1_0_1_1,585.3989922544721
200,fake_intersection_1_1_W_2_1890,True,road_1_0_1_2,469.12
200,fake_intersection_1_1_W_2_1891,True,road_1_0_1_2,470.12
200,89,False,road_1_1_0_0,139.961346342154
200,82,False,road_1_1_0_0,247.47003257075698
200,94,False,road_1_1_0_0,346.1762994475903
200,73,False,road_1_1_0_0,397.144351393109
200,68,False,road_1_1_0_0,474.1710703644538
200,59,False,road_1_1_0_0,493.88908852254644
200,100,False,road_1_1_0_1,74.56701379110143
200,fake_intersection_2_1_S_1_1922,True,road_1_1_0_1,618.24
200,fake_intersection_2_1_S_1_1923,True,road_1_1_0_1,619.24
200,62,False,road_1_2_0_0,521.6559564050135
200,fake_intersection_2_2_S_1_1926,True,road_1_2_0_1,618.24
200,fake_intersection_2_2_S_1_1927,True,road_1_2_0_1,619.24
200,fake_intersection_1_3_W_1_1898,True,road_1_2_1_1,458.24
200,fake_intersection_1_3_W_1_1899,True,road_1_2_1_1,459.24
200,fake_intersection_1_3_W_2_1900,True,road_1_2_1_2,458.24
200,fake_intersection_1_3_W_2_1901,True,road_1_2_1_2,459.24
200,fake_intersection_1_1_E_1_1884,True,road_1_2_3_1,458.24
200,fake_intersection_1_1_E_1_1885,True,road_1_2_3_1,459.24
200,3,False,road_1_2_3_1,571.7989139280962
200,fake_intersection_1_1_E_2_1886,True,road_1_2_3_2,458.24
200,fake_intersection_1_1_E_2_1887,True,road_1_2_3_2,459.24
200,fake_intersection_2_3_S_1_1930,True,road_1_3_0_1,618.24
200,fake_intersection_2_3_S_1_1931,True,road_1_3_0_1,619.24
200,fake_intersection_1_4_W_1_1918,True,road_1_3_1_1,458.24
200,fake_intersection_1_4_W_1_1919,True,road_1_3_1_1,459.24
200,31,False,road_1_3_2_0,388.2051045001232
200,83,False,road_1_4_0_0,195.1592019647373
200,72,False,road_1_4_0_0,286.5311798059243
200,71,False,road_1_4_0_0,361.1350089448218
200,64,False,road_1_4_0_0,391.8653400076962
200,49,False,road_1_4_0_0,456.2588280570968
200,61,False,road_1_4_0_0,590.084005803567
200,39,False,road_1_4_0_0,647.5753913060169
200,fake_intersection_2_4_S_1_1932,True,road_1_4_0_1,618.24
200,fake_intersection_2_4_S_1_1933,True,road_1_4_0_1,619.24
200,53,False,road_1_4_0_1,729.1743000637489
200,46,False,road_1_4_0_2,692.6981382863839
200,112,False,road_1_4_2_0,102.8348598791172
200,78,False,road_1_4_3_0,18.70612391986826
200,58,False,road_1_4_3_0,38.81183175285459
200,6,False,road_1_4_3_0,112.33319925386917
200,41,False,road_1_4_3_1,54.89824392346891
200,22,False,road_1_4_3_1,81.07073756055148
200,80,False,road_1_4_3_1,317.43471709699105
200,79,False,road_1_4_3_1,395.24277050084527
200,56,False,road_1_4_3_1,413.3773994716256
200,fake_intersection_1_3_E_1_1906,True,road_1_4_3_1,458.24
200,fake_intersection_1_3_E_1_1907,True,road_1_4_3_1,459.24
200,23,False,road_1_4_3_1,564.297910843412
200,27,False,road_1_4_3_1,571.7989478475426
200,fake_intersection_1_3_E_2_1908,True,road_1_4_3_2,458.24
200,fake_intersection_1_3_E_2_1909,True,road_1_4_3_2,459.24
200,19,False,road_1_4_3_2,571.7989847505228
200,149,False,road_1_5_3_0,142.44084218902637
200,133,False,road_1_5_3_1,400.96531657867797
200,fake_intersection_1_4_E_1_1910,True,road_1_5_3_1,469.12
200,fake_intersection_1_4_E_1_1911,True,road_1_5_3_1,470.12
200,fake_intersection_1_4_E_2_1912,True,road_1_5_3_2,469.12
200,fake_intersection_1_4_E_2_1913,True,road_1_5_3_2,470.12
200,18,False,road_2_1_0_0,131.83060736607592
200,40,False,road_2_1_0_0,201.5083004186745
200,1,False,road_2_1_0_0,332.06796337042556
200,12,False,road_2_1_0_0,453.9680252195845
200,fake_intersection_3_1_S_1_1936,True,road_2_1_0_1,618.24
200,fake_intersection_3_1_S_1_1937,True,road_2_1_0_1,619.24
200,fake_intersection_1_1_N_1_1876,True,road_2_1_2_1,618.24
200,fake_intersection_1_1_N_1_1877,True,road_2_1_2_1,619.24
200,fake_intersection_1_1_N_2_1878,True,road_2_1_2_2,618.24
200,fake_intersection_1_1_N_2_1879,True,road_2_1_2_2,619.24
200,36,False,road_2_1_3_0,12.274306906267435
200,fake_intersection_3_2_S_1_1940,True,road_2_2_0_1,618.24
200,fake_intersection_3_2_S_1_1941,True,road_2_2_0_1,619.24
200,fake_intersection_1_2_N_1_1892,True,road_2_2_2_1,618.24
200,fake_intersection_1_2_N_1_1893,True,road_2_2_2_1,619.24
200,32,False,road_2_2_3_0,101.50137522180752
200,fake_intersection_3_3_S_1_1944,True,road_2_3_0_1,618.24
200,fake_intersection_3_3_S_1_1945,True,road_2_3_0_1,619.24
200,fake_intersection_1_3_N_1_1896,True,road_2_3_2_1,618.24
200,fake_intersection_1_3_N_1_1897,True,road_2_3_2_1,619.24
200,9,False,road_2_4_0_0,121.8429866825728
200,17,False,road_2_4_0_0,188.46844569994795
200,7,False,road_2_4_0_0,221.83744996867858
200,37,False,road_2_4_0_0,278.9904934388664
200,51,False,road_2_4_0_1,2.47021350664323
200,fake_intersection_3_4_S_1_1946,True,road_2_4_0_1,618.24
200,fake_intersection_3_4_S_1_1947,True,road_2_4_0_1,619.24
200,fake_intersection_3_4_S_2_1948,True,road_2_4_0_2,618.24
200,fake_intersection_3_4_S_2_1949,True,road_2_4_0_2,619.24
200,29,False,road_2_4_1_0,12.017257106771385
200,42,False,road_2_4_1_0,110.94197745390981
200,fake_intersection_1_4_N_1_1914,True,road_2_4_2_1,618.24
200,fake_intersection_1_4_N_1_1915,True,road_2_4_2_1,619.24
200,fake_intersection_1_4_N_2_1916,True,road_2_4_2_2,618.24
200,fake_intersection_1_4_N_2_1917,True,road_2_4_2_2,619.24
200,13,False,road_2_4_3_2,571.7936297778197
200,fake_intersection_4_1_S_1_1962,True,road_3_1_0_1,618.24
200,fake_intersection_4_1_S_1_1963,True,road_3_1_0_1,619.24
200,fake_intersection_2_1_N_1_1920,True,road_3_1_2_1,618.24
200,fake_intersection_2_1_N_1_1921,True,road_3_1_2_1,619.24
200,fake_intersection_4_2_S_1_1964,True,road_3_2_0_1,618.24
200,fake_intersection_4_2_S_1_1965,True,road_3_2_0_1,619.24
200,fake_intersection_4_2_S_2_1966,True,road_3_2_0_2,618.24
200,fake_intersection_4_2_S_2_1967,True,road_3_2_0_2,619.24
200,33,False,road_3_2_2_0,407.767237130286
200,4,False,road_3_2_2_1,545.5374579569834
200,fake_intersection_2_2_N_1_1924,True,road_3_2_2_1,618.24
200,fake_intersection_2_2_N_1_1925,True,road_3_2_2_1,619.24
200,fake_intersection_4_3_S_1_1972,True,road_3_3_0_1,618.24
200,fake_intersection_4_3_S_1_1973,True,road_3_3_0_1,619.24
200,35,False,road_3_3_2_0,96.09218513526521
200,fake_intersection_2_3_N_1_1928,True,road_3_3_2_1,618.24
200,fake_intersection_2_3_N_1_1929,True,road_3_3_2_1,619.24
200,fake_intersection_4_4_S_1_1986,True,road_3_4_0_1,618.24
200,fake_intersection_4_4_S_1_1987,True,road_3_4_0_1,619.24
200,20,False,road_3_4_1_0,267.43797175660774
200,43,False,road_3_4_2_0,4.291772540384056
200,26,False,road_3_4_2_0,22.407711915882103
200,2,False,road_3_4_2_0,498.35904920041907
200,10,False,road_3_4_2_0,585.9480847549521
200,30,False,road_3_4_2_1,415.28236560664067
200,145,False,road_4_0_1_0,207.7620294278136
200,157,False,road_4_0_1_1,35.21033375240347
200,137,False,road_4_0_1_1,321.2510530170171
200,126,False,road_4_0_1_1,456.15183679559004
200,fake_intersection_4_1_W_1_1960,True,road_4_0_1_1,469.12
200,fake_intersection_4_1_W_1_1961,True,road_4_0_1_1,470.12
200,105,False,road_4_0_1_1,547.893889531255
200,74,False,road_4_0_1_1,555.3949021430782
200,54,False,road_4_0_1_1,562.8959063652395
200,34,False,road_4_0_1_1,570.3969147075832
200,24,False,road_4_0_1_1,577.8979283857836
200,0,False,road_4_0_1_1,585.3989359199275
200,116,False,road_4_0_1_2,562.895840395373
200,97,False,road_4_0_1_2,570.3968432332485
200,45,False,road_4_0_1_2,577.89793789554
200,14,False,road_4_0_1_2,585.3989444162426
200,66,False,road_4_1_0_0,541.1676997471814
200,84,False,road_4_1_0_1,540.6844381300449
200,fake_intersection_3_1_N_1_1934,True,road_4_1_2_1,618.24
200,fake_intersection_3_1_N_1_1935,True,road_4_1_2_1,619.24
200,63,False,road_4_2_2_0,490.24052817672975
200,91,False,road_4_2_2_1,8.748196066034826
200,fake_intersection_3_2_N_1_1938,True,road_4_2_2_1,618.24
200,fake_intersection_3_2_N_1_1939,True,road_4_2_2_1,619.24
200,fake_intersection_4_1_E_1_1954,True,road_4_2_3_1,458.24
200,fake_intersection_4_1_E_1_1955,True,road_4_2_3_1,459.24
200,fake_intersection_4_1_E_2_1956,True,road_4_2_3_2,458.24
200,fake_intersection_4_1_E_2_1957,True,road_4_2_3_2,459.24
200,98,False,road_4_3_1_0,162.57194657943262
200,fake_intersection_4_4_W_1_1978,True,road_4_3_1_1,458.24
200,fake_intersection_4_4_W_1_1979,True,road_4_3_1_1,459.24
200,25,False,road_4_3_1_1,564.297900083199
200,15,False,road_4_3_1_1,571.7989997397917
200,fake_intersection_4_4_W_2_1980,True,road_4_3_1_2,458.24
200,fake_intersection_4_4_W_2_1981,True,road_4_3_1_2,459.24
200,86,False,road_4_3_2_0,195.48595355172586
200,16,False,road_4_3_2_0,277.2362922980211
200,67,False,road_4_3_2_0,338.8948904924034
200,76,False,road_4_3_2_0,364.65550780033345
200,47,False,road_4_3_2_0,557.2323882727669
200,55,False,road_4_3_2_0,590.7541052273032
200,fake_intersection_3_3_N_1_1942,True,road_4_3_2_1,618.24
200,fake_intersection_3_3_N_1_1943,True,road_4_3_2_1,619.24
200,8,False,road_4_4_0_0,541.4903271134331
200,75,False,road_4_4_1_0,309.8524827686475
200,48,False,road_4_4_1_0,495.6614799287996
200,99,False,road_4_4_2_0,117.45285578170856
200,87,False,road_4_4_2_0,218.47064369677983
200,81,False,road_4_4_2_0,245.47226271884534
200,65,False,road_4_4_2_0,312.7010699377791
200,70,False,road_4_4_2_0,424.03332011033075
200,fake_intersection_3_4_N_1_1950,True,road_4_4_2_1,618.24
200,fake_intersection_3_4_N_1_1951,True,road_4_4_2_1,619.24
200,52,False,road_4_4_2_1,639.8731027180141
200,fake_intersection_3_4_N_2_1952,True,road_4_4_2_2,618.24
200,fake_intersection_3_4_N_2_1953,True,road_4_4_2_2,619.24
200,fake_intersection_4_4_E_1_1982,True,road_4_5_3_1,469.12
200,fake_intersection_4_4_E_1_1983,True,road_4_5_3_1,470.12
200,fake_intersection_4_4_E_2_1984,True,road_4_5_3_2,469.12
200,fake_intersection_4_4_E_2_1985,True,road_4_5_3_2,470.12
200,fake_intersection_4_1_N_1_1958,True,road_5_1_2_1,629.12
200,fake_intersection_4_1_N_1_1959,True,road_5_1_2_1,630.12
200,152,False,road_5_2_2_0,161.33635276345515
200,121,False,road_5_2_2_1,593.8030939941511
200,fake_intersection_4_2_N_1_1968,True,road_5_2_2_1,629.12
200,fake_intersection_4_2_N_1_1969,True,road_5_2_2_1,630.12
200,fake_intersection_4_2_N_2_1970,True,road_5_2_2_2,629.12
200,fake_intersection_4_2_N_2_1971,True,road_5_2_2_2,630.12
200,147,False,road_5_3_2_0,182.55025091267893
200,138,False,road_5_3_2_0,318.5206874709929
200,128,False,road_5_3_2_0,512.784209668925
200,158,False,road_5_3_2_1,43.386406406776075
200,117,False,road_5_3_2_2,593.4007448962983
200,107,False,road_5_3_2_2,756.8375969010967
200,154,False,road_5_4_2_0,116.71644108617438
200,146,False,road_5_4_2_0,161.25436960966027
200,141,False,road_5_4_2_0,299.6323812705403
200,135,False,road_5_4_2_0,334.34581835156297
200,131,False,road_5_4_2_0,430.4940861115481
200,159,False,road_5_4_2_1,42.16869257516789
200,125,False,road_5_4_2_1,551.6179829551279
200,119,False,road_5_4_2_1,589.6205519952808
200,fake_intersection_4_4_N_1_1974,True,road_5_4_2_1,629.12
200,fake_intersection_4_4_N_1_1975,True,road_5_4_2_1,630.12
200,114,False,road_5_4_2_1,649.7850756911531
200,109,False,road_5_4_2_1,669.387402131787
200,103,False,road_5_4_2_1,728.7247925959582
200,92,False,road_5_4_2_1,758.3120732100164
200,fake_intersection_4_4_N_2_1976,True,road_5_4_2_2,629.12
200,fake_intersection_4_4_N_2_1977,True,road_5_4_2_2,630.12
210,46,False,:intersection_2_4_33_0,25.47737583794678
210,161,False,road_0_1_0_0,106.8728046415539
210,155,False,road_0_1_0_0,226.1818159061489
210,143,False,road_0_1_0_0,349.7230439523963
210,139,False,road_0_1_0_0,391.8851207499489
210,129,False,road_0_1_0_0,518.239113282686
210,fake_intersection_1_1_S_1_1996,True,road_0_1_0_1,629.12
210,fake_intersection_1_1_S_1_1997,True,road_0_1_0_1,630.12
210,113,False,road_0_1_0_1,732.8201536976974
210,123,False,road_0_1_0_2,611.499319127281
210,fake_intersection_1_1_S_2_1998,True,road_0_1_0_2,629.12
210,fake_intersection_1_1_S_2_1999,True,road_0_1_0_2,630.12
210,50,False,road_0_1_0_2,777.8979201826772
210,44,False,road_0_1_0_2,785.3989619233596
210,151,False,road_0_2_0_0,258.19244665560433
210,120,False,road_0_2_0_1,604.3525927133597
210,fake_intersection_1_2_S_1_2008,True,road_0_2_0_1,629.12
210,fake_intersection_1_2_S_1_2009,True,road_0_2_0_1,630.12
210,fake_intersection_1_2_S_2_2010,True,road_0_2_0_2,629.12
210,fake_intersection_1_2_S_2_2011,True,road_0_2_0_2,630.12
210,90,False,road_0_2_0_2,785.3989562573796
210,fake_intersection_1_3_S_1_2020,True,road_0_3_0_1,629.12
210,fake_intersection_1_3_S_1_2021,True,road_0_3_0_1,630.12
210,162,False,road_0_4_0_0,97.64714257322842
210,160,False,road_0_4_0_0,123.41210720833405
210,156,False,road_0_4_0_0,206.58002437658504
210,144,False,road_0_4_0_0,226.05760063274496
210,150,False,road_0_4_0_0,256.7809036018168
210,142,False,road_0_4_0_0,327.65666225461615
210,140,False,road_0_4_0_0,437.93686899115573
210,127,False,road_0_4_0_0,457.7675027179279
210,168,False,road_0_4_0_1,12.881311720886153
210,153,False,road_0_4_0_1,203.94075652013706
210,136,False,road_0_4_0_1,489.5943778749028
210,134,False,road_0_4_0_1,588.6945676722739
210,124,False,road_0_4_0_1,618.1583887001195
210,122,False,road_0_4_0_1,637.2106004652129
210,110,False,road_0_4_0_1,705.1537867105718
210,104,False,road_0_4_0_1,747.3256291126488
210,108,False,road_0_4_0_1,755.3948052307136
210,101,False,road_0_4_0_1,762.8958260133331
210,96,False,road_0_4_0_1,770.3968573601849
210,88,False,road_0_4_0_1,777.8978713079902
210,85,False,road_0_4_0_1,785.3989423730433
210,164,False,road_0_4_0_2,49.648028293305956
210,130,False,road_0_4_0_2,513.1225699478265
210,115,False,road_0_4_0_2,653.4150133521773
210,118,False,road_0_4_0_2,676.5646684035606
210,93,False,road_0_4_0_2,770.3967848125803
210,69,False,road_0_4_0_2,777.8978382833536
210,11,False,road_0_4_0_2,785.3989329663273
210,148,False,road_1_0_1_0,262.02258336846603
210,165,False,road_1_0_1_1,15.69985551605707
210,fake_intersection_1_1_W_1_1992,True,road_1_0_1_1,469.12
210,fake_intersection_1_1_W_1_1993,True,road_1_0_1_1,470.12
210,132,False,road_1_0_1_1,471.3987149781923
210,111,False,road_1_0_1_1,555.3948667829765
210,77,False,road_1_0_1_1,562.8959161743535
210,57,False,road_1_0_1_1,570.396940022553
210,21,False,road_1_0_1_1,577.8979891971964
210,5,False,road_1_0_1_1,585.3989922544721
210,fake_intersection_1_1_W_2_1994,True,road_1_0_1_2,469.12
210,fake_intersection_1_1_W_2_1995,True,road_1_0_1_2,470.12
210,100,False,road_1_1_0_0,186.9688813639166
210,89,False,road_1_1_0_0,247.4277960355542
210,82,False,road_1_1_0_0,356.51367107183967
210,94,False,road_1_1_0_0,461.4202499690449
210,73,False,road_1_1_0_0,507.7500096391545
210,68,False,road_1_1_0_0,577.8137262248435
210,59,False,road_1_1_0_1,593.2647280026521
210,fake_intersection_2_1_S_1_2036,True,road_1_1_0_1,618.24
210,fake_intersection_2_1_S_1_2037,True,road_1_1_0_1,619.24
210,fake_intersection_2_1_S_2_2038,True,road_1_1_0_2,618.24
210,fake_intersection_2_1_S_2_2039,True,road_1_1_0_2,619.24
210,106,False,road_1_1_3_0,30.8038271304346
210,62,False,road_1_2_0_1,626.965842654227
210,fake_intersection_1_3_W_1_2016,True,road_1_2_1_1,458.24
210,fake_intersection_1_3_W_1_2017,True,road_1_2_1_1,459.24
210,fake_intersection_1_3_W_2_2018,True,road_1_2_1_2,458.24
210,fake_intersection_1_3_W_2_2019,True,road_1_2_1_2,459.24
210,fake_intersection_1_1_E_1_2000,True,road_1_2_3_1,458.24
210,fake_intersection_1_1_E_1_2001,True,road_1_2_3_1,459.24
210,3,False,road_1_2_3_1,571.7989139280962
210,fake_intersection_1_1_E_2_2002,True,road_1_2_3_2,458.24
210,fake_intersection_1_1_E_2_2003,True,road_1_2_3_2,459.24
210,fake_intersection_2_3_S_1_2044,True,road_1_3_0_1,618.24
210,fake_intersection_2_3_S_1_2045,True,road_1_3_0_1,619.24
210,31,False,road_1_3_2_0,511.86361336258886
210,83,False,road_1_4_0_0,296.67324233995305
210,72,False,road_1_4_0_0,385.46818518798403
210,71,False,road_1_4_0_0,463.0105254688317
210,64,False,road_1_4_0_0,490.9714376561423
210,61,False,road_1_4_0_0,706.7650109903552
210,39,False,road_1_4_0_0,738.6184558525299
210,49,False,road_1_4_0_1,544.0264407708572
210,fake_intersection_2_4_S_1_2046,True,road_1_4_0_1,618.24
210,fake_intersection_2_4_S_1_2047,True,road_1_4_0_1,619.24
210,fake_intersection_2_4_S_2_2048,True,road_1_4_0_2,618.24
210,fake_intersection_2_4_S_2_2049,True,road_1_4_0_2,619.24
210,112,False,road_1_4_2_0,218.79940664834166
210,78,False,road_1_4_3_0,123.6353178756552
210,58,False,road_1_4_3_0,146.20164774369564
210,6,False,road_1_4_3_0,224.17456632448364
210,102,False,road_1_4_3_1,48.81057449759679
210,95,False,road_1_4_3_1,108.3793098547045
210,41,False,road_1_4_3_1,157.18920215352148
210,22,False,road_1_4_3_1,183.45983693071815
210,80,False,road_1_4_3_1,426.73154794848335
210,fake_intersection_1_3_E_1_2022,True,road_1_4_3_1,458.24
210,fake_intersection_1_3_E_1_2023,True,road_1_4_3_1,459.24
210,79,False,road_1_4_3_1,488.07956186425855
210,56,False,road_1_4_3_1,507.01719447396584
210,23,False,road_1_4_3_1,564.297910843412
210,27,False,road_1_4_3_1,571.7989478475426
210,19,False,road_1_4_3_2,571.7989847505228
210,149,False,road_1_5_3_0,251.23545095897995
210,166,False,road_1_5_3_1,26.013471143626447
210,fake_intersection_1_4_E_1_2024,True,road_1_5_3_1,469.12
210,fake_intersection_1_4_E_1_2025,True,road_1_5_3_1,470.12
210,133,False,road_1_5_3_1,510.52949231562906
210,fake_intersection_1_4_E_2_2026,True,road_1_5_3_2,469.12
210,fake_intersection_1_4_E_2_2027,True,road_1_5_3_2,470.12
210,18,False,road_2_1_0_0,230.91773960298195
210,40,False,road_2_1_0_0,310.41282474371894
210,1,False,road_2_1_0_0,431.20696859135575
210,12,False,road_2_1_0_0,564.6366059851832
210,fake_intersection_3_1_S_1_2052,True,road_2_1_0_1,618.24
210,fake_intersection_3_1_S_1_2053,True,road_2_1_0_1,619.24
210,fake_intersection_1_1_N_1_1988,True,road_2_1_2_1,618.24
210,fake_intersection_1_1_N_1_1989,True,road_2_1_2_1,619.24
210,fake_intersection_1_1_N_2_1990,True,road_2_1_2_2,618.24
210,fake_intersection_1_1_N_2_1991,True,road_2_1_2_2,619.24
210,36,False,road_2_1_3_0,114.04386485236284
210,fake_intersection_3_2_S_1_2054,True,road_2_2_0_1,618.24
210,fake_intersection_3_2_S_1_2055,True,road_2_2_0_1,619.24
210,fake_intersection_3_2_S_2_2056,True,road_2_2_0_2,618.24
210,fake_intersection_3_2_S_2_2057,True,road_2_2_0_2,619.24
210,fake_intersection_1_2_N_1_2004,True,road_2_2_2_1,618.24
210,fake_intersection_1_2_N_1_2005,True,road_2_2_2_1,619.24
210,fake_intersection_1_2_N_2_2006,True,road_2_2_2_2,618.24
210,fake_intersection_1_2_N_2_2007,True,road_2_2_2_2,619.24
210,32,False,road_2_2_3_0,209.44510542318068
210,fake_intersection_3_3_S_1_2064,True,road_2_3_0_1,618.24
210,fake_intersection_3_3_S_1_2065,True,road_2_3_0_1,619.24
210,fake_intersection_1_3_N_1_2012,True,road_2_3_2_1,618.24
210,fake_intersection_1_3_N_1_2013,True,road_2_3_2_1,619.24
210,fake_intersection_1_3_N_2_2014,True,road_2_3_2_2,618.24
210,fake_intersection_1_3_N_2_2015,True,road_2_3_2_2,619.24
210,9,False,road_2_4_0_0,209.69734253986144
210,17,False,road_2_4_0_0,286.4128382717287
210,7,False,road_2_4_0_0,313.8767323931568
210,37,False,road_2_4_0_0,402.85972025107264
210,53,False,road_2_4_0_1,45.03928301240617
210,51,False,road_2_4_0_1,123.52706100155551
210,fake_intersection_3_4_S_1_2066,True,road_2_4_0_1,618.24
210,fake_intersection_3_4_S_1_2067,True,road_2_4_0_1,619.24
210,fake_intersection_3_4_S_2_2068,True,road_2_4_0_2,618.24
210,fake_intersection_3_4_S_2_2069,True,road_2_4_0_2,619.24
210,29,False,road_2_4_1_0,112.74420379595271
210,42,False,road_2_4_1_0,228.29843034095327
210,fake_intersection_1_4_N_1_2028,True,road_2_4_2_1,618.24
210,fake_intersection_1_4_N_1_2029,True,road_2_4_2_1,619.24
210,fake_intersection_1_4_N_2_2030,True,road_2_4_2_2,618.24
210,fake_intersection_1_4_N_2_2031,True,road_2_4_2_2,619.24
210,13,False,road_2_4_3_2,571.7989525068753
210,fake_intersection_4_1_S_1_2080,True,road_3_1_0_1,618.24
210,fake_intersection_4_1_S_1_2081,True,road_3_1_0_1,619.24
210,fake_intersection_2_1_N_1_2032,True,road_3_1_2_1,618.24
210,fake_intersection_2_1_N_1_2033,True,road_3_1_2_1,619.24
210,fake_intersection_2_1_N_2_2034,True,road_3_1_2_2,618.24
210,fake_intersection_2_1_N_2_2035,True,road_3_1_2_2,619.24
210,fake_intersection_4_2_S_1_2082,True,road_3_2_0_1,618.24
210,fake_intersection_4_2_S_1_2083,True,road_3_2_0_1,619.24
210,fake_intersection_4_2_S_2_2084,True,road_3_2_0_2,618.24
210,fake_intersection_4_2_S_2_2085,True,road_3_2_0_2,619.24
210,33,False,road_3_2_2_0,529.7147849702652
210,fake_intersection_2_2_N_1_2040,True,road_3_2_2_1,618.24
210,fake_intersection_2_2_N_1_2041,True,road_3_2_2_1,619.24
210,4,False,road_3_2_2_1,649.9634761335241
210,fake_intersection_4_3_S_1_2090,True,road_3_3_0_1,618.24
210,fake_intersection_4_3_S_1_2091,True,road_3_3_0_1,619.24
210,fake_intersection_4_3_S_2_2092,True,road_3_3_0_2,618.24
210,fake_intersection_4_3_S_2_2093,True,road_3_3_0_2,619.24
210,35,False,road_3_3_2_0,203.66097884335971
210,fake_intersection_2_3_N_1_2042,True,road_3_3_2_1,618.24
210,fake_intersection_2_3_N_1_2043,True,road_3_3_2_1,619.24
210,fake_intersection_4_4_S_1_2110,True,road_3_4_0_1,618.24
210,fake_intersection_4_4_S_1_2111,True,road_3_4_0_1,619.24
210,20,False,road_3_4_1_0,374.19555302767577
210,26,False,road_3_4_2_0,117.23003066152229
210,10,False,road_3_4_2_0,700.3175562587727
210,43,False,road_3_4_2_1,112.64418996165482
210,2,False,road_3_4_2_1,604.2653334966034
210,30,False,road_3_4_2_2,541.0211350014258
210,157,False,road_4_0_1_0,149.1022784842558
210,145,False,road_4_0_1_0,326.79865664271676
210,167,False,road_4_0_1_1,7.102020526658514
210,126,False,road_4_0_1_1,540.1730564372841
210,105,False,road_4_0_1_1,547.893889531255
210,74,False,road_4_0_1_1,555.3949021430782
210,54,False,road_4_0_1_1,562.8959063652395
210,34,False,road_4_0_1_1,570.3969147075832
210,24,False,road_4_0_1_1,577.8979283857836
210,0,False,road_4_0_1_1,585.3989359199275
210,137,False,road_4_0_1_2,426.4713201915501
210,116,False,road_4_0_1_2,562.895840395373
210,97,False,road_4_0_1_2,570.3968432332485
210,45,False,road_4_0_1_2,577.89793789554
210,14,False,road_4_0_1_2,585.3989444162426
210,66,False,road_4_1_0_0,636.6177583211133
210,84,False,road_4_1_0_0,659.3520472520099
210,fake_intersection_3_1_N_1_2050,True,road_4_1_2_1,618.24
210,fake_intersection_3_1_N_1_2051,True,road_4_1_2_1,619.24
210,91,False,road_4_2_2_0,100.84891936524153
210,63,False,road_4_2_2_1,593.2780625983391
210,fake_intersection_3_2_N_1_2058,True,road_4_2_2_1,618.24
210,fake_intersection_3_2_N_1_2059,True,road_4_2_2_1,619.24
210,fake_intersection_3_2_N_2_2060,True,road_4_2_2_2,618.24
210,fake_intersection_3_2_N_2_2061,True,road_4_2_2_2,619.24
210,fake_intersection_4_1_E_1_2074,True,road_4_2_3_1,458.24
210,fake_intersection_4_1_E_1_2075,True,road_4_2_3_1,459.24
210,fake_intersection_4_1_E_2_2076,True,road_4_2_3_2,458.24
210,fake_intersection_4_1_E_2_2077,True,road_4_2_3_2,459.24
210,98,False,road_4_3_1_0,280.86008628449196
210,fake_intersection_4_4_W_1_2102,True,road_4_3_1_1,458.24
210,fake_intersection_4_4_W_1_2103,True,road_4_3_1_1,459.24
210,25,False,road_4_3_1_1,564.297900083199
210,15,False,road_4_3_1_1,571.7989997397917
210,fake_intersection_4_4_W_2_2104,True,road_4_3_1_2,458.24
210,fake_intersection_4_4_W_2_2105,True,road_4_3_1_2,459.24
210,86,False,road_4_3_2_0,299.9179006823881
210,16,False,road_4_3_2_0,367.12925987748616
210,67,False,road_4_3_2_0,434.4540632522581
210,76,False,road_4_3_2_0,472.14000532956254
210,47,False,road_4_3_2_0,652.3083077046183
210,55,False,road_4_3_2_0,696.1065100934513
210,fake_intersection_3_3_N_1_2062,True,road_4_3_2_1,618.24
210,fake_intersection_3_3_N_1_2063,True,road_4_3_2_1,619.24
210,107,False,road_4_3_3_1,50.86651820484776
210,8,False,road_4_4_0_0,639.3238098232707
210,75,False,road_4_4_1_0,412.7297622583811
210,99,False,road_4_4_2_0,230.97369396953445
210,87,False,road_4_4_2_0,329.3890067217409
210,65,False,road_4_4_2_0,405.125764421803
210,70,False,road_4_4_2_0,531.4809514796451
210,92,False,road_4_4_2_1,30.22590912420169
210,81,False,road_4_4_2_1,348.54856778533383
210,fake_intersection_3_4_N_1_2070,True,road_4_4_2_1,618.24
210,fake_intersection_3_4_N_1_2071,True,road_4_4_2_1,619.24
210,52,False,road_4_4_2_1,744.8330612307317
210,103,False,road_4_4_2_2,12.231890680422145
210,fake_intersection_3_4_N_2_2072,True,road_4_4_2_2,618.24
210,fake_intersection_3_4_N_2_2073,True,road_4_4_2_2,619.24
210,fake_intersection_4_4_E_1_2106,True,road_4_5_3_1,469.12
210,fake_intersection_4_4_E_1_2107,True,road_4_5_3_1,470.12
210,fake_intersection_4_4_E_2_2108,True,road_4_5_3_2,469.12
210,fake_intersection_4_4_E_2_2109,True,road_4_5_3_2,470.12
210,fake_intersection_4_1_N_1_2078,True,road_5_1_2_1,629.12
210,fake_intersection_4_1_N_1_2079,True,road_5_1_2_1,630.12
210,152,False,road_5_2_2_0,276.44251958582805
210,fake_intersection_4_2_N_1_2086,True,road_5_2_2_1,629.12
210,fake_intersection_4_2_N_1_2087,True,road_5_2_2_1,630.12
210,121,False,road_5_2_2_1,709.3579807481092
210,fake_intersection_4_2_N_2_2088,True,road_5_2_2_2,629.12
210,fake_intersection_4_2_N_2_2089,True,road_5_2_2_2,630.12
210,169,False,road_5_3_2_0,14.402708891960353
210,158,False,road_5_3_2_0,139.7475522529307
210,147,False,road_5_3_2_0,288.0286750953967
210,138,False,road_5_3_2_0,424.93241012586174
210,fake_intersection_4_3_N_1_2094,True,road_5_3_2_1,629.12
210,fake_intersection_4_3_N_1_2095,True,road_5_3_2_1,630.12
210,128,False,road_5_3_2_1,630.4381617095262
210,fake_intersection_4_3_N_2_2096,True,road_5_3_2_2,629.12
210,fake_intersection_4_3_N_2_2097,True,road_5_3_2_2,630.12
210,117,False,road_5_3_2_2,699.6936183080445
210,159,False,road_5_4_2_0,163.51858592637296
210,154,False,road_5_4_2_0,230.39484278381795
210,146,False,road_5_4_2_0,253.3398397311562
210,141,False,road_5_4_2_0,420.8093307848241
210,135,False,road_5_4_2_0,440.0202352514424
210,163,False,road_5_4_2_1,74.60786727433735
210,131,False,road_5_4_2_1,541.0827279486235
210,fake_intersection_4_4_N_1_2098,True,road_5_4_2_1,629.12
210,fake_intersection_4_4_N_1_2099,True,road_5_4_2_1,630.12
210,125,False,road_5_4_2_1,671.5195443691778
210,119,False,road_5_4_2_1,701.2075888898498
210,114,False,road_5_4_2_1,749.978491308677
210,109,False,road_5_4_2_1,769.842527897625
210,fake_intersection_4_4_N_2_2100,True,road_5_4_2_2,629.12
210,fake_intersection_4_4_N_2_2101,True,road_5_4_2_2,630.12
220,117,False,:intersection_4_3_15_1,18.435075036181185
220,125,False,:intersection_4_4_12_0,3.860935744889048
220,119,False,:intersection_4_4_12_1,24.917638709591003
220,170,False,road_0_1_0_0,109.98134524263435
220,161,False,road_0_1_0_0,220.03001770837514
220,155,False,road_0_1_0_0,343.5924707994755
220,139,False,road_0_1_0_0,491.0092470567001
220,129,False,road_0_1_0_0,623.4771598959426
220,143,False,road_0_1_0_1,468.8025787665869
220,fake_intersection_1_1_S_1_2118,True,road_0_1_0_1,629.12
220,fake_intersection_1_1_S_1_2119,True,road_0_1_0_1,630.12
220,fake_intersection_1_1_S_2_2120,True,road_0_1_0_2,629.12
220,fake_intersection_1_1_S_2_2121,True,road_0_1_0_2,630.12
220,123,False,road_0_1_0_2,719.120100182258
220,50,False,road_0_1_0_2,777.8979201826772
220,44,False,road_0_1_0_2,785.3989619233596
220,151,False,road_0_2_0_0,364.989747562478
220,fake_intersection_1_2_S_1_2128,True,road_0_2_0_1,629.12
220,fake_intersection_1_2_S_1_2129,True,road_0_2_0_1,630.12
220,120,False,road_0_2_0_1,700.2286108659188
220,fake_intersection_1_2_S_2_2130,True,road_0_2_0_2,629.12
220,fake_intersection_1_2_S_2_2131,True,road_0_2_0_2,630.12
220,90,False,road_0_2_0_2,785.3989562573796
220,fake_intersection_1_3_S_1_2140,True,road_0_3_0_1,629.12
220,fake_intersection_1_3_S_1_2141,True,road_0_3_0_1,630.12
220,173,False,road_0_4_0_0,39.139169049631
220,172,False,road_0_4_0_0,70.26469307166933
220,168,False,road_0_4_0_0,116.85228442712616
220,160,False,road_0_4_0_0,215.8900386685619
220,144,False,road_0_4_0_0,300.36949880641527
220,150,False,road_0_4_0_0,356.5641879925654
220,142,False,road_0_4_0_0,425.17427578143537
220,140,False,road_0_4_0_0,523.882177275247
220,127,False,road_0_4_0_0,540.6055735626755
220,164,False,road_0_4_0_1,158.81776014899938
220,162,False,road_0_4_0_1,200.3240052745548
220,156,False,road_0_4_0_1,284.413484540438
220,153,False,road_0_4_0_1,301.34807885767395
220,136,False,road_0_4_0_1,606.1580506605684
220,134,False,road_0_4_0_1,705.2178462949275
220,124,False,road_0_4_0_1,721.4337716282175
220,122,False,road_0_4_0_1,731.9936959906075
220,110,False,road_0_4_0_1,740.3927232092798
220,104,False,road_0_4_0_1,747.8937613144855
220,108,False,road_0_4_0_1,755.3948052307136
220,101,False,road_0_4_0_1,762.8958260133331
220,96,False,road_0_4_0_1,770.3968573601849
220,88,False,road_0_4_0_1,777.8978713079902
220,85,False,road_0_4_0_1,785.3989423730433
220,130,False,road_0_4_0_2,619.8265794463092
220,fake_intersection_1_4_S_2_2150,True,road_0_4_0_2,629.12
220,fake_intersection_1_4_S_2_2151,True,road_0_4_0_2,630.12
220,115,False,road_0_4_0_2,748.028904747843
220,118,False,road_0_4_0_2,762.6765783867819
220,93,False,road_0_4_0_2,770.3967848125803
220,69,False,road_0_4_0_2,777.8978382833536
220,11,False,road_0_4_0_2,785.3989329663273
220,165,False,road_1_0_1_0,108.9388822737082
220,148,False,road_1_0_1_0,363.70906442039484
220,132,False,road_1_0_1_1,547.3990768066686
220,111,False,road_1_0_1_1,555.3948667829765
220,77,False,road_1_0_1_1,562.8959161743535
220,57,False,road_1_0_1_1,570.396940022553
220,21,False,road_1_0_1_1,577.8979891971964
220,5,False,road_1_0_1_1,585.3989922544721
220,fake_intersection_1_1_W_2_2116,True,road_1_0_1_2,469.12
220,fake_intersection_1_1_W_2_2117,True,road_1_0_1_2,470.12
220,113,False,road_1_1_0_0,25.32042843684399
220,100,False,road_1_1_0_0,300.49884122123234
220,89,False,road_1_1_0_0,354.38726277995085
220,82,False,road_1_1_0_0,461.7339863103231
220,73,False,road_1_1_0_0,618.4795695285944
220,68,False,road_1_1_0_0,687.128055206599
220,94,False,road_1_1_0_1,577.2417873745277
220,59,False,road_1_1_0_1,694.1491658343155
220,106,False,road_1_1_3_0,137.07633291109292
220,62,False,road_1_2_0_1,733.5540314609741
220,fake_intersection_1_3_W_1_2136,True,road_1_2_1_1,458.24
220,fake_intersection_1_3_W_1_2137,True,road_1_2_1_1,459.24
220,fake_intersection_1_3_W_2_2138,True,road_1_2_1_2,458.24
220,fake_intersection_1_3_W_2_2139,True,road_1_2_1_2,459.24
220,3,False,road_1_2_3_1,571.7989139280962
220,fake_intersection_1_1_E_2_2122,True,road_1_2_3_2,458.24
220,fake_intersection_1_1_E_2_2123,True,road_1_2_3_2,459.24
220,fake_intersection_2_3_S_1_2158,True,road_1_3_0_1,618.24
220,fake_intersection_2_3_S_1_2159,True,road_1_3_0_1,619.24
220,31,False,road_1_3_2_0,631.5663767666381
220,83,False,road_1_4_0_0,399.29902111123226
220,72,False,road_1_4_0_0,483.72385835619303
220,71,False,road_1_4_0_0,563.1900640084962
220,64,False,road_1_4_0_1,587.6868014278571
220,fake_intersection_2_4_S_1_2164,True,road_1_4_0_1,618.24
220,fake_intersection_2_4_S_1_2165,True,road_1_4_0_1,619.24
220,49,False,road_1_4_0_1,629.736378244848
220,fake_intersection_2_4_S_2_2166,True,road_1_4_0_2,618.24
220,fake_intersection_2_4_S_2_2167,True,road_1_4_0_2,619.24
220,112,False,road_1_4_2_0,332.7317249371936
220,102,False,road_1_4_3_0,149.50949601703968
220,78,False,road_1_4_3_0,227.6428135839007
220,58,False,road_1_4_3_0,253.15803578721952
220,133,False,road_1_4_3_1,6.1749102571493815
220,95,False,road_1_4_3_1,219.94492791000948
220,41,False,road_1_4_3_1,260.5323000094004
220,22,False,road_1_4_3_1,285.517098311169
220,6,False,road_1_4_3_1,333.76252857778695
220,fake_intersection_1_3_E_1_2142,True,road_1_4_3_1,458.24
220,fake_intersection_1_3_E_1_2143,True,road_1_4_3_1,459.24
220,80,False,road_1_4_3_1,533.3838324253257
220,79,False,road_1_4_3_1,549.2159501344681
220,56,False,road_1_4_3_1,556.7911182515054
220,23,False,road_1_4_3_1,564.297910843412
220,27,False,road_1_4_3_1,571.7989478475426
220,19,False,road_1_4_3_2,571.7989847505228
220,166,False,road_1_5_3_0,130.07629425979496
220,149,False,road_1_5_3_1,359.61178641924545
220,fake_intersection_1_4_E_1_2144,True,road_1_5_3_1,469.12
220,fake_intersection_1_4_E_1_2145,True,road_1_5_3_1,470.12
220,18,False,road_2_1_0_0,327.35840501491685
220,40,False,road_2_1_0_0,419.5230074899166
220,1,False,road_2_1_0_0,530.4100470275714
220,12,False,road_2_1_0_0,674.0735558592204
220,fake_intersection_3_1_S_1_2170,True,road_2_1_0_1,618.24
220,fake_intersection_3_1_S_1_2171,True,road_2_1_0_1,619.24
220,fake_intersection_1_1_N_1_2112,True,road_2_1_2_1,618.24
220,fake_intersection_1_1_N_1_2113,True,road_2_1_2_1,619.24
220,fake_intersection_1_1_N_2_2114,True,road_2_1_2_2,618.24
220,fake_intersection_1_1_N_2_2115,True,road_2_1_2_2,619.24
220,36,False,road_2_1_3_0,216.79436064144784
220,fake_intersection_3_2_S_1_2172,True,road_2_2_0_1,618.24
220,fake_intersection_3_2_S_1_2173,True,road_2_2_0_1,619.24
220,fake_intersection_3_2_S_2_2174,True,road_2_2_0_2,618.24
220,fake_intersection_3_2_S_2_2175,True,road_2_2_0_2,619.24
220,fake_intersection_1_2_N_1_2124,True,road_2_2_2_1,618.24
220,fake_intersection_1_2_N_1_2125,True,road_2_2_2_1,619.24
220,fake_intersection_1_2_N_2_2126,True,road_2_2_2_2,618.24
220,fake_intersection_1_2_N_2_2127,True,road_2_2_2_2,619.24
220,32,False,road_2_2_3_0,314.10985199103095
220,fake_intersection_3_3_S_1_2182,True,road_2_3_0_1,618.24
220,fake_intersection_3_3_S_1_2183,True,road_2_3_0_1,619.24
220,fake_intersection_1_3_N_1_2132,True,road_2_3_2_1,618.24
220,fake_intersection_1_3_N_1_2133,True,road_2_3_2_1,619.24
220,fake_intersection_1_3_N_2_2134,True,road_2_3_2_2,618.24
220,fake_intersection_1_3_N_2_2135,True,road_2_3_2_2,619.24
220,53,False,road_2_4_0_0,161.08284834916086
220,9,False,road_2_4_0_0,298.27315368580514
220,17,False,road_2_4_0_0,386.6746224470892
220,7,False,road_2_4_0_0,407.10581122569124
220,51,False,road_2_4_0_1,246.07335446995816
220,37,False,road_2_4_0_1,526.6059228902445
220,fake_intersection_3_4_S_1_2186,True,road_2_4_0_1,618.24
220,fake_intersection_3_4_S_1_2187,True,road_2_4_0_1,619.24
220,10,False,road_2_4_1_0,13.37190865574346
220,46,False,road_2_4_1_0,98.32751360660406
220,29,False,road_2_4_1_0,211.8043061681663
220,42,False,road_2_4_1_0,342.6057425038528
220,fake_intersection_1_4_N_1_2146,True,road_2_4_2_1,618.24
220,fake_intersection_1_4_N_1_2147,True,road_2_4_2_1,619.24
220,fake_intersection_1_4_N_2_2148,True,road_2_4_2_2,618.24
220,fake_intersection_1_4_N_2_2149,True,road_2_4_2_2,619.24
220,61,False,road_2_4_3_1,17.46661842429079
220,39,False,road_2_4_3_1,37.90244590848921
220,13,False,road_2_4_3_2,571.7989525068753
220,fake_intersection_4_1_S_1_2194,True,road_3_1_0_1,618.24
220,fake_intersection_4_1_S_1_2195,True,road_3_1_0_1,619.24
220,fake_intersection_2_1_N_2_2152,True,road_3_1_2_2,618.24
220,fake_intersection_2_1_N_2_2153,True,road_3_1_2_2,619.24
220,fake_intersection_4_2_S_1_2198,True,road_3_2_0_1,618.24
220,fake_intersection_4_2_S_1_2199,True,road_3_2_0_1,619.24
220,33,False,road_3_2_2_0,653.3385871624497
220,fake_intersection_2_2_N_1_2154,True,road_3_2_2_1,618.24
220,fake_intersection_2_2_N_1_2155,True,road_3_2_2_1,619.24
220,4,False,road_3_2_2_1,758.7891676224315
220,fake_intersection_4_3_S_2_2202,True,road_3_3_0_2,618.24
220,fake_intersection_4_3_S_2_2203,True,road_3_3_0_2,619.24
220,55,False,road_3_3_1_1,5.971061306310862
220,35,False,road_3_3_2_0,310.72275877027175
220,fake_intersection_2_3_N_1_2156,True,road_3_3_2_1,618.24
220,fake_intersection_2_3_N_1_2157,True,road_3_3_2_1,619.24
220,fake_intersection_4_4_S_1_2212,True,road_3_4_0_1,618.24
220,fake_intersection_4_4_S_1_2213,True,road_3_4_0_1,619.24
220,fake_intersection_4_4_S_2_2214,True,road_3_4_0_2,618.24
220,fake_intersection_4_4_S_2_2215,True,road_3_4_0_2,619.24
220,20,False,road_3_4_1_0,483.9176171245754
220,26,False,road_3_4_2_0,213.01148316348616
220,52,False,road_3_4_2_1,51.006446810247525
220,43,False,road_3_4_2_1,220.63549167978454
220,fake_intersection_2_4_N_1_2160,True,road_3_4_2_1,618.24
220,fake_intersection_2_4_N_1_2161,True,road_3_4_2_1,619.24
220,2,False,road_3_4_2_1,709.8393556735559
220,fake_intersection_2_4_N_2_2162,True,road_3_4_2_2,618.24
220,fake_intersection_2_4_N_2_2163,True,road_3_4_2_2,619.24
220,30,False,road_3_4_2_2,667.1912974215375
220,167,False,road_4_0_1_0,95.44540424295258
220,157,False,road_4_0_1_0,261.899636231714
220,145,False,road_4_0_1_0,443.64675220268646
220,126,False,road_4_0_1_1,540.3928108174321
220,105,False,road_4_0_1_1,547.893889531255
220,74,False,road_4_0_1_1,555.3949021430782
220,54,False,road_4_0_1_1,562.8959063652395
220,34,False,road_4_0_1_1,570.3969147075832
220,24,False,road_4_0_1_1,577.8979283857836
220,0,False,road_4_0_1_1,585.3989359199275
220,137,False,road_4_0_1_2,533.1496366422049
220,116,False,road_4_0_1_2,562.895840395373
220,97,False,road_4_0_1_2,570.3968432332485
220,45,False,road_4_0_1_2,577.89793789554
220,14,False,road_4_0_1_2,585.3989444162426
220,66,False,road_4_1_0_0,732.8110084811775
220,84,False,road_4_1_0_0,783.4293973946433
220,fake_intersection_3_1_N_1_2168,True,road_4_1_2_1,618.24
220,fake_intersection_3_1_N_1_2169,True,road_4_1_2_1,619.24
220,91,False,road_4_2_2_0,192.8443478472278
220,121,False,road_4_2_2_1,10.764059919826753
220,fake_intersection_3_2_N_1_2176,True,road_4_2_2_1,618.24
220,fake_intersection_3_2_N_1_2177,True,road_4_2_2_1,619.24
220,63,False,road_4_2_2_1,695.2117649553797
220,fake_intersection_3_2_N_2_2178,True,road_4_2_2_2,618.24
220,fake_intersection_3_2_N_2_2179,True,road_4_2_2_2,619.24
220,fake_intersection_4_1_E_1_2188,True,road_4_2_3_1,458.24
220,fake_intersection_4_1_E_1_2189,True,road_4_2_3_1,459.24
220,fake_intersection_4_1_E_2_2190,True,road_4_2_3_2,458.24
220,fake_intersection_4_1_E_2_2191,True,road_4_2_3_2,459.24
220,98,False,road_4_3_1_0,397.8679155045281
220,fake_intersection_4_4_W_1_2208,True,road_4_3_1_1,458.24
220,fake_intersection_4_4_W_1_2209,True,road_4_3_1_1,459.24
220,25,False,road_4_3_1_1,564.297900083199
220,15,False,road_4_3_1_1,571.7989997397917
220,fake_intersection_4_4_W_2_2210,True,road_4_3_1_2,458.24
220,fake_intersection_4_4_W_2_2211,True,road_4_3_1_2,459.24
220,86,False,road_4_3_2_0,405.05431671501805
220,16,False,road_4_3_2_0,457.91907325724117
220,67,False,road_4_3_2_0,528.7993543152123
220,76,False,road_4_3_2_0,580.2131962201485
220,47,False,road_4_3_2_0,745.5267249994849
220,fake_intersection_3_3_N_1_2180,True,road_4_3_2_1,618.24
220,fake_intersection_3_3_N_1_2181,True,road_4_3_2_1,619.24
220,107,False,road_4_3_3_0,159.21976121065975
220,8,False,road_4_4_0_0,736.625310790866
220,75,False,road_4_4_1_0,514.9280931879205
220,114,False,road_4_4_2_0,42.487353134088124
220,92,False,road_4_4_2_0,116.02573775904497
220,99,False,road_4_4_2_0,344.78080460701204
220,87,False,road_4_4_2_0,440.02775838795696
220,65,False,road_4_4_2_0,496.9294701449617
220,70,False,road_4_4_2_0,641.0866828812069
220,109,False,road_4_4_2_1,54.999225802297914
220,103,False,road_4_4_2_1,113.18777094444826
220,81,False,road_4_4_2_1,451.1552217389306
220,fake_intersection_3_4_N_1_2184,True,road_4_4_2_1,618.24
220,fake_intersection_3_4_N_1_2185,True,road_4_4_2_1,619.24
220,fake_intersection_4_4_E_1_2204,True,road_4_5_3_1,469.12
220,fake_intersection_4_4_E_1_2205,True,road_4_5_3_1,470.12
220,fake_intersection_4_4_E_2_2206,True,road_4_5_3_2,469.12
220,fake_intersection_4_4_E_2_2207,True,road_4_5_3_2,470.12
220,fake_intersection_4_1_N_1_2192,True,road_5_1_2_1,629.12
220,fake_intersection_4_1_N_1_2193,True,road_5_1_2_1,630.12
220,152,False,road_5_2_2_0,390.0789283896756
220,fake_intersection_4_2_N_1_2196,True,road_5_2_2_1,629.12
220,fake_intersection_4_2_N_1_2197,True,road_5_2_2_1,630.12
220,169,False,road_5_3_2_0,110.60127375767547
220,158,False,road_5_3_2_0,233.2943210176213
220,147,False,road_5_3_2_0,391.76689107907623
220,138,False,road_5_3_2_1,530.9276685505918
220,128,False,road_5_3_2_1,749.0489958048586
220,fake_intersection_4_3_N_2_2200,True,road_5_3_2_2,629.12
220,fake_intersection_4_3_N_2_2201,True,road_5_3_2_2,630.12
220,171,False,road_5_4_2_0,88.65887752385017
220,163,False,road_5_4_2_0,194.27781447195454
220,159,False,road_5_4_2_0,283.2741031870132
220,146,False,road_5_4_2_0,344.6904166337818
220,141,False,road_5_4_2_0,538.5931350718812
220,174,False,road_5_4_2_1,24.281943514229496
220,154,False,road_5_4_2_1,342.29486808996495
220,135,False,road_5_4_2_1,548.1924924394867
220,fake_intersection_4_4_N_1_2216,True,road_5_4_2_1,629.12
220,fake_intersection_4_4_N_1_2217,True,road_5_4_2_1,630.12
220,131,False,road_5_4_2_1,650.6169966388957
220,fake_intersection_4_4_N_2_2218,True,road_5_4_2_2,629.12
220,fake_intersection_4_4_N_2_2219,True,road_5_4_2_2,630.12
230,50,False,:intersection_1_1_33_0,9.15300718375712
230,44,False,:intersection_1_1_33_0,27.304133894266307
230,120,False,:intersection_1_2_30_2,12.302608254941779
230,59,False,:intersection_2_1_30_2,20.460740927212054
230,33,False,:intersection_2_2_9_1,0.9822400823702537
230,12,False,:intersection_3_1_27_0,5.738041296281608
230,63,False,:intersection_3_2_12_1,25.599063032000043
230,175,False,road_0_1_0_0,91.76914570050496
230,170,False,road_0_1_0_0,222.61335182422502
230,161,False,road_0_1_0_0,330.2590655271367
230,155,False,road_0_1_0_0,463.13366600825975
230,139,False,road_0_1_0_0,590.4727622138291
230,129,False,road_0_1_0_0,729.9894355915013
230,143,False,road_0_1_0_1,587.8377860517933
230,fake_intersection_1_1_S_1_2224,True,road_0_1_0_1,629.12
230,fake_intersection_1_1_S_1_2225,True,road_0_1_0_1,630.12
230,fake_intersection_1_1_S_2_2226,True,road_0_1_0_2,629.12
230,fake_intersection_1_1_S_2_2227,True,road_0_1_0_2,630.12
230,123,False,road_0_1_0_2,777.3523059843734
230,179,False,road_0_2_0_0,84.33114532310512
230,151,False,road_0_2_0_0,472.0007539239322
230,fake_intersection_1_2_S_1_2234,True,road_0_2_0_1,629.12
230,fake_intersection_1_2_S_1_2235,True,road_0_2_0_1,630.12
230,90,False,road_0_2_0_2,785.3989562573796
230,fake_intersection_1_3_S_1_2242,True,road_0_3_0_1,629.12
230,fake_intersection_1_3_S_1_2243,True,road_0_3_0_1,630.12
230,fake_intersection_1_3_S_2_2244,True,road_0_3_0_2,629.12
230,fake_intersection_1_3_S_2_2245,True,road_0_3_0_2,630.12
230,183,False,road_0_4_0_0,16.628718572031353
230,172,False,road_0_4_0_0,163.1412746345112
230,168,False,road_0_4_0_0,219.7771330212732
230,160,False,road_0_4_0_0,306.63472160221005
230,153,False,road_0_4_0_0,400.0618580765068
230,142,False,road_0_4_0_0,523.4736997784362
230,140,False,road_0_4_0_0,608.0001305654905
230,127,False,road_0_4_0_0,624.6847476263379
230,182,False,road_0_4_0_1,50.24505323851429
230,176,False,road_0_4_0_1,96.55086716458038
230,173,False,road_0_4_0_1,159.17326890070828
230,164,False,road_0_4_0_1,268.4339282179059
230,162,False,road_0_4_0_1,305.2045121652139
230,144,False,road_0_4_0_1,377.00214445804687
230,156,False,road_0_4_0_1,392.0114935387933
230,150,False,road_0_4_0_1,456.7352832911063
230,136,False,road_0_4_0_1,709.1165900710145
230,134,False,road_0_4_0_1,717.8894210279016
230,124,False,road_0_4_0_1,725.3906795288144
230,122,False,road_0_4_0_1,732.8916847075485
230,110,False,road_0_4_0_1,740.3927232092798
230,104,False,road_0_4_0_1,747.8937613144855
230,108,False,road_0_4_0_1,755.3948052307136
230,101,False,road_0_4_0_1,762.8958260133331
230,96,False,road_0_4_0_1,770.3968573601849
230,88,False,road_0_4_0_1,777.8978713079902
230,85,False,road_0_4_0_1,785.3989423730433
230,fake_intersection_1_4_S_2_2252,True,road_0_4_0_2,629.12
230,fake_intersection_1_4_S_2_2253,True,road_0_4_0_2,630.12
230,130,False,road_0_4_0_2,726.9208238401451
230,115,False,road_0_4_0_2,755.3947232832312
230,118,False,road_0_4_0_2,762.8957352768861
230,93,False,road_0_4_0_2,770.3967848125803
230,69,False,road_0_4_0_2,777.8978382833536
230,11,False,road_0_4_0_2,785.3989329663273
230,165,False,road_1_0_1_0,203.10205695986363
230,148,False,road_1_0_1_0,463.45919227039235
230,132,False,road_1_0_1_1,547.8937909747438
230,111,False,road_1_0_1_1,555.3948667829765
230,77,False,road_1_0_1_1,562.8959161743535
230,57,False,road_1_0_1_1,570.396940022553
230,21,False,road_1_0_1_1,577.8979891971964
230,5,False,road_1_0_1_1,585.3989922544721
230,fake_intersection_1_1_W_2_2222,True,road_1_0_1_2,469.12
230,fake_intersection_1_1_W_2_2223,True,road_1_0_1_2,470.12
230,113,False,road_1_1_0_0,132.70282749580767
230,100,False,road_1_1_0_0,412.3109938882417
230,89,False,road_1_1_0_0,460.2127079437325
230,73,False,road_1_1_0_0,729.8238685209977
230,82,False,road_1_1_0_1,569.0166281219912
230,fake_intersection_2_1_S_1_2258,True,road_1_1_0_1,618.24
230,fake_intersection_2_1_S_1_2259,True,road_1_1_0_1,619.24
230,94,False,road_1_1_0_1,690.0502887931121
230,fake_intersection_2_1_S_2_2260,True,road_1_1_0_2,618.24
230,fake_intersection_2_1_S_2_2261,True,road_1_1_0_2,619.24
230,106,False,road_1_1_3_0,243.33785151114006
230,fake_intersection_2_2_S_1_2264,True,road_1_2_0_1,618.24
230,fake_intersection_2_2_S_1_2265,True,road_1_2_0_1,619.24
230,fake_intersection_1_3_W_1_2238,True,road_1_2_1_1,458.24
230,fake_intersection_1_3_W_1_2239,True,road_1_2_1_1,459.24
230,fake_intersection_1_3_W_2_2240,True,road_1_2_1_2,458.24
230,fake_intersection_1_3_W_2_2241,True,road_1_2_1_2,459.24
230,fake_intersection_1_1_E_1_2228,True,road_1_2_3_1,458.24
230,fake_intersection_1_1_E_1_2229,True,road_1_2_3_1,459.24
230,3,False,road_1_2_3_1,571.7989139280962
230,fake_intersection_1_1_E_2_2230,True,road_1_2_3_2,458.24
230,fake_intersection_1_1_E_2_2231,True,road_1_2_3_2,459.24
230,fake_intersection_2_3_S_1_2268,True,road_1_3_0_1,618.24
230,fake_intersection_2_3_S_1_2269,True,road_1_3_0_1,619.24
230,31,False,road_1_3_2_0,753.8337653540403
230,83,False,road_1_4_0_0,500.9293625428182
230,72,False,road_1_4_0_0,583.7698857665082
230,71,False,road_1_4_0_0,663.2554636437369
230,fake_intersection_2_4_S_1_2274,True,road_1_4_0_1,618.24
230,fake_intersection_2_4_S_1_2275,True,road_1_4_0_1,619.24
230,64,False,road_1_4_0_1,686.1761412314024
230,49,False,road_1_4_0_1,716.9715214423609
230,fake_intersection_2_4_S_2_2276,True,road_1_4_0_2,618.24
230,fake_intersection_2_4_S_2_2277,True,road_1_4_0_2,619.24
230,112,False,road_1_4_2_0,447.5183474675975
230,133,False,road_1_4_3_0,112.87601787273144
230,78,False,road_1_4_3_0,332.22207421305427
230,58,False,road_1_4_3_0,361.9008306289617
230,102,False,road_1_4_3_1,250.6982462065307
230,95,False,road_1_4_3_1,330.71551429760416
230,41,False,road_1_4_3_1,357.84208445905534
230,6,False,road_1_4_3_1,444.9299860994054
230,80,False,road_1_4_3_1,541.7947712089742
230,79,False,road_1_4_3_1,549.2958273446126
230,56,False,road_1_4_3_1,556.7968742998352
230,23,False,road_1_4_3_1,564.297910843412
230,27,False,road_1_4_3_1,571.7989478475426
230,22,False,road_1_4_3_2,388.6276340703591
230,19,False,road_1_4_3_2,571.7989847505228
230,166,False,road_1_5_3_0,236.70670942980064
230,fake_intersection_1_4_E_1_2246,True,road_1_5_3_1,469.12
230,149,False,road_1_5_3_1,469.80708268446875
230,fake_intersection_1_4_E_1_2247,True,road_1_5_3_1,470.12
230,18,False,road_2_1_0_0,426.7475282691719
230,40,False,road_2_1_0_0,529.4318059218482
230,1,False,road_2_1_0_0,628.2439825912725
230,fake_intersection_3_1_S_1_2280,True,road_2_1_0_1,618.24
230,fake_intersection_3_1_S_1_2281,True,road_2_1_0_1,619.24
230,fake_intersection_1_1_N_2_2220,True,road_2_1_2_2,618.24
230,fake_intersection_1_1_N_2_2221,True,road_2_1_2_2,619.24
230,68,False,road_2_1_3_0,2.5967352568163964
230,36,False,road_2_1_3_0,317.8957408452533
230,62,False,road_2_2_0_1,40.16225500616042
230,fake_intersection_3_2_S_1_2284,True,road_2_2_0_1,618.24
230,fake_intersection_3_2_S_1_2285,True,road_2_2_0_1,619.24
230,4,False,road_2_2_2_0,68.9040977657608
230,fake_intersection_1_2_N_1_2232,True,road_2_2_2_1,618.24
230,fake_intersection_1_2_N_1_2233,True,road_2_2_2_1,619.24
230,32,False,road_2_2_3_0,419.5564870447907
230,fake_intersection_3_3_S_1_2286,True,road_2_3_0_1,618.24
230,fake_intersection_3_3_S_1_2287,True,road_2_3_0_1,619.24
230,fake_intersection_3_3_S_2_2288,True,road_2_3_0_2,618.24
230,fake_intersection_3_3_S_2_2289,True,road_2_3_0_2,619.24
230,fake_intersection_1_3_N_1_2236,True,road_2_3_2_1,618.24
230,fake_intersection_1_3_N_1_2237,True,road_2_3_2_1,619.24
230,53,False,road_2_4_0_0,275.60728251758815
230,9,False,road_2_4_0_0,386.4053096324009
230,17,False,road_2_4_0_0,481.28085709676975
230,7,False,road_2_4_0_0,500.68595351749923
230,51,False,road_2_4_0_1,368.8687993142274
230,37,False,road_2_4_0_1,650.8938965701802
230,10,False,road_2_4_1_0,125.71234099720473
230,46,False,road_2_4_1_0,200.53084176071846
230,29,False,road_2_4_1_0,309.60258631306107
230,42,False,road_2_4_1_0,456.9155172935132
230,fake_intersection_1_4_N_1_2248,True,road_2_4_2_1,618.24
230,fake_intersection_1_4_N_1_2249,True,road_2_4_2_1,619.24
230,fake_intersection_1_4_N_2_2250,True,road_2_4_2_2,618.24
230,fake_intersection_1_4_N_2_2251,True,road_2_4_2_2,619.24
230,39,False,road_2_4_3_0,131.5545028174905
230,61,False,road_2_4_3_1,134.66590899625325
230,13,False,road_2_4_3_2,571.7989525068753
230,fake_intersection_4_1_S_1_2302,True,road_3_1_0_1,618.24
230,fake_intersection_4_1_S_1_2303,True,road_3_1_0_1,619.24
230,fake_intersection_2_1_N_1_2254,True,road_3_1_2_1,618.24
230,fake_intersection_2_1_N_1_2255,True,road_3_1_2_1,619.24
230,fake_intersection_2_1_N_2_2256,True,road_3_1_2_2,618.24
230,fake_intersection_2_1_N_2_2257,True,road_3_1_2_2,619.24
230,fake_intersection_4_2_S_1_2306,True,road_3_2_0_1,618.24
230,fake_intersection_4_2_S_1_2307,True,road_3_2_0_1,619.24
230,fake_intersection_2_2_N_1_2262,True,road_3_2_2_1,618.24
230,fake_intersection_2_2_N_1_2263,True,road_3_2_2_1,619.24
230,fake_intersection_4_3_S_2_2310,True,road_3_3_0_2,618.24
230,fake_intersection_4_3_S_2_2311,True,road_3_3_0_2,619.24
230,47,False,road_3_3_1_0,45.091567353501446
230,55,False,road_3_3_1_0,108.34551066728525
230,35,False,road_3_3_2_0,417.32268064602994
230,fake_intersection_2_3_N_1_2266,True,road_3_3_2_1,618.24
230,fake_intersection_2_3_N_1_2267,True,road_3_3_2_1,619.24
230,fake_intersection_4_4_S_2_2316,True,road_3_4_0_2,618.24
230,fake_intersection_4_4_S_2_2317,True,road_3_4_0_2,619.24
230,52,False,road_3_4_2_0,155.86226454708137
230,26,False,road_3_4_2_0,308.63608245199777
230,43,False,road_3_4_2_0,330.69978932637963
230,fake_intersection_2_4_N_1_2270,True,road_3_4_2_1,618.24
230,fake_intersection_2_4_N_1_2271,True,road_3_4_2_1,619.24
230,2,False,road_3_4_2_1,771.786220397873
230,fake_intersection_2_4_N_2_2272,True,road_3_4_2_2,618.24
230,fake_intersection_2_4_N_2_2273,True,road_3_4_2_2,619.24
230,30,False,road_3_4_2_2,771.7667253688686
230,177,False,road_4_0_1_0,76.1405585357722
230,167,False,road_4_0_1_0,203.48379618011293
230,145,False,road_4_0_1_0,562.7274783748685
230,157,False,road_4_0_1_1,374.0030114159113
230,126,False,road_4_0_1_1,540.3928108174321
230,105,False,road_4_0_1_1,547.893889531255
230,74,False,road_4_0_1_1,555.3949021430782
230,54,False,road_4_0_1_1,562.8959063652395
230,34,False,road_4_0_1_1,570.3969147075832
230,24,False,road_4_0_1_1,577.8979283857836
230,0,False,road_4_0_1_1,585.3989359199275
230,137,False,road_4_0_1_2,555.3948058329993
230,116,False,road_4_0_1_2,562.895840395373
230,97,False,road_4_0_1_2,570.3968432332485
230,45,False,road_4_0_1_2,577.89793789554
230,14,False,road_4_0_1_2,585.3989444162426
230,fake_intersection_3_1_N_1_2278,True,road_4_1_2_1,618.24
230,fake_intersection_3_1_N_1_2279,True,road_4_1_2_1,619.24
230,121,False,road_4_2_2_0,127.06288354151748
230,91,False,road_4_2_2_0,286.0180862644755
230,fake_intersection_3_2_N_1_2282,True,road_4_2_2_1,618.24
230,fake_intersection_3_2_N_1_2283,True,road_4_2_2_1,619.24
230,fake_intersection_4_1_E_1_2296,True,road_4_2_3_1,458.24
230,fake_intersection_4_1_E_1_2297,True,road_4_2_3_1,459.24
230,fake_intersection_4_1_E_2_2298,True,road_4_2_3_2,458.24
230,fake_intersection_4_1_E_2_2299,True,road_4_2_3_2,459.24
230,98,False,road_4_3_1_0,516.873903919372
230,fake_intersection_4_4_W_1_2312,True,road_4_3_1_1,458.24
230,fake_intersection_4_4_W_1_2313,True,road_4_3_1_1,459.24
230,25,False,road_4_3_1_1,564.297900083199
230,15,False,road_4_3_1_1,571.7989997397917
230,fake_intersection_4_4_W_2_2314,True,road_4_3_1_2,458.24
230,fake_intersection_4_4_W_2_2315,True,road_4_3_1_2,459.24
230,86,False,road_4_3_2_0,510.184739820362
230,16,False,road_4_3_2_0,547.1359192250692
230,76,False,road_4_3_2_0,686.5689059765313
230,fake_intersection_3_3_N_1_2290,True,road_4_3_2_1,618.24
230,fake_intersection_3_3_N_1_2291,True,road_4_3_2_1,619.24
230,67,False,road_4_3_2_1,622.7032334238389
230,fake_intersection_3_3_N_2_2292,True,road_4_3_2_2,618.24
230,fake_intersection_3_3_N_2_2293,True,road_4_3_2_2,619.24
230,117,False,road_4_3_3_0,96.80824271034135
230,107,False,road_4_3_3_0,267.1851873141053
230,125,False,road_4_4_2_0,98.10487567267626
230,114,False,road_4_4_2_0,156.901433114536
230,92,False,road_4_4_2_0,201.51528133548015
230,70,False,road_4_4_2_0,748.351603324426
230,119,False,road_4_4_2_1,107.9936650035521
230,109,False,road_4_4_2_1,154.9092471612456
230,103,False,road_4_4_2_1,210.9728050431535
230,99,False,road_4_4_2_1,459.50561270141117
230,87,False,road_4_4_2_1,536.8268255555574
230,65,False,road_4_4_2_1,589.1769846178576
230,fake_intersection_3_4_N_1_2294,True,road_4_4_2_1,618.24
230,fake_intersection_3_4_N_1_2295,True,road_4_4_2_1,619.24
230,81,False,road_4_4_2_2,555.0786517144581
230,fake_intersection_4_4_E_1_2322,True,road_4_5_3_1,469.12
230,fake_intersection_4_4_E_1_2323,True,road_4_5_3_1,470.12
230,fake_intersection_4_4_E_2_2324,True,road_4_5_3_2,469.12
230,fake_intersection_4_4_E_2_2325,True,road_4_5_3_2,470.12
230,fake_intersection_4_1_N_1_2300,True,road_5_1_2_1,629.12
230,fake_intersection_4_1_N_1_2301,True,road_5_1_2_1,630.12
230,152,False,road_5_2_2_0,503.8210349075716
230,180,False,road_5_2_2_1,85.89719134347746
230,fake_intersection_4_2_N_1_2304,True,road_5_2_2_1,629.12
230,fake_intersection_4_2_N_1_2305,True,road_5_2_2_1,630.12
230,178,False,road_5_3_2_0,95.96602714321835
230,169,False,road_5_3_2_0,210.40869375328538
230,158,False,road_5_3_2_0,328.61436847914695
230,147,False,road_5_3_2_0,496.1367780197912
230,138,False,road_5_3_2_1,634.3242934337361
230,128,False,road_5_3_2_1,785.3988732594725
230,fake_intersection_4_3_N_2_2308,True,road_5_3_2_2,629.12
230,fake_intersection_4_3_N_2_2309,True,road_5_3_2_2,630.12
230,174,False,road_5_4_2_0,124.10488670415012
230,171,False,road_5_4_2_0,182.38169290050377
230,163,False,road_5_4_2_0,312.0578671072407
230,159,False,road_5_4_2_0,401.37758085589496
230,154,False,road_5_4_2_0,455.29775759412746
230,141,False,road_5_4_2_0,664.6871328781488
230,fake_intersection_4_4_N_1_2318,True,road_5_4_2_1,629.12
230,fake_intersection_4_4_N_1_2319,True,road_5_4_2_1,630.12
230,135,False,road_5_4_2_1,652.9237275150776
230,131,False,road_5_4_2_1,762.7788934101342
230,181,False,road_5_4_2_2,59.764264572265404
230,146,False,road_5_4_2_2,435.13587714730306
230,fake_intersection_4_4_N_2_2320,True,road_5_4_2_2,629.12
230,fake_intersection_4_4_N_2_2321,True,road_5_4_2_2,630.12
240,64,False,:intersection_2_4_30_1,10.053765169416769
240,37,False,:intersection_3_4_30_1,0.4583612788616165
240,184,False,road_0_1_0_0,94.57480527800189
240,175,False,road_0_1_0_0,187.340166286861
240,170,False,road_0_1_0_0,337.1864384785474
240,161,False,road_0_1_0_0,442.713882643281
240,155,False,road_0_1_0_0,582.5790794703044
240,139,False,road_0_1_0_0,691.4323240089581
240,fake_intersection_1_1_S_1_2330,True,road_0_1_0_1,629.12
240,fake_intersection_1_1_S_1_2331,True,road_0_1_0_1,630.12
240,143,False,road_0_1_0_1,706.0260036521448
240,fake_intersection_1_1_S_2_2332,True,road_0_1_0_2,629.12
240,fake_intersection_1_1_S_2_2333,True,road_0_1_0_2,630.12
240,179,False,road_0_2_0_0,194.3282095401155
240,151,False,road_0_2_0_1,578.6038095313186
240,fake_intersection_1_2_S_1_2336,True,road_0_2_0_1,629.12
240,fake_intersection_1_2_S_1_2337,True,road_0_2_0_1,630.12
240,90,False,road_0_2_0_2,785.3989562573796
240,fake_intersection_1_3_S_1_2346,True,road_0_3_0_1,629.12
240,fake_intersection_1_3_S_1_2347,True,road_0_3_0_1,630.12
240,188,False,road_0_4_0_0,70.06322156281452
240,183,False,road_0_4_0_0,130.33828950798642
240,182,False,road_0_4_0_0,160.72657846007263
240,172,False,road_0_4_0_0,256.0455439262237
240,168,False,road_0_4_0_0,324.2023882584001
240,160,False,road_0_4_0_0,398.07006721647105
240,144,False,road_0_4_0_0,451.4384537107021
240,142,False,road_0_4_0_0,622.2910548587473
240,140,False,road_0_4_0_0,691.3693125930198
240,127,False,road_0_4_0_0,708.935087921018
240,191,False,road_0_4_0_1,29.830479763541106
240,176,False,road_0_4_0_1,212.70110110853363
240,173,False,road_0_4_0_1,278.87541961774957
240,164,False,road_0_4_0_1,379.0463227049703
240,162,False,road_0_4_0_1,408.3319605183813
240,153,False,road_0_4_0_1,493.28501658232085
240,156,False,road_0_4_0_1,516.3354449886142
240,150,False,road_0_4_0_1,558.3141600594457
240,136,False,road_0_4_0_1,710.3885682058954
240,134,False,road_0_4_0_1,717.8896286855951
240,124,False,road_0_4_0_1,725.3906795288144
240,122,False,road_0_4_0_1,732.8916847075485
240,110,False,road_0_4_0_1,740.3927232092798
240,104,False,road_0_4_0_1,747.8937613144855
240,108,False,road_0_4_0_1,755.3948052307136
240,101,False,road_0_4_0_1,762.8958260133331
240,96,False,road_0_4_0_1,770.3968573601849
240,88,False,road_0_4_0_1,777.8978713079902
240,85,False,road_0_4_0_1,785.3989423730433
240,fake_intersection_1_4_S_2_2354,True,road_0_4_0_2,629.12
240,fake_intersection_1_4_S_2_2355,True,road_0_4_0_2,630.12
240,130,False,road_0_4_0_2,747.8936636388514
240,115,False,road_0_4_0_2,755.3947232832312
240,118,False,road_0_4_0_2,762.8957352768861
240,93,False,road_0_4_0_2,770.3967848125803
240,69,False,road_0_4_0_2,777.8978382833536
240,11,False,road_0_4_0_2,785.3989329663273
240,185,False,road_1_0_1_0,71.60451602640207
240,165,False,road_1_0_1_0,298.92103815372474
240,148,False,road_1_0_1_0,564.2044984726862
240,132,False,road_1_0_1_1,547.8937909747438
240,111,False,road_1_0_1_1,555.3948667829765
240,77,False,road_1_0_1_1,562.8959161743535
240,57,False,road_1_0_1_1,570.396940022553
240,21,False,road_1_0_1_1,577.8979891971964
240,5,False,road_1_0_1_1,585.3989922544721
240,fake_intersection_1_1_W_2_2328,True,road_1_0_1_2,469.12
240,fake_intersection_1_1_W_2_2329,True,road_1_0_1_2,470.12
240,113,False,road_1_1_0_0,237.68484156194464
240,89,False,road_1_1_0_0,566.1274472070656
240,100,False,road_1_1_0_1,522.1280552409398
240,fake_intersection_2_1_S_1_2360,True,road_1_1_0_1,618.24
240,fake_intersection_2_1_S_1_2361,True,road_1_1_0_1,619.24
240,82,False,road_1_1_0_1,674.8596864582137
240,fake_intersection_2_1_S_2_2362,True,road_1_1_0_2,618.24
240,fake_intersection_2_1_S_2_2363,True,road_1_1_0_2,619.24
240,50,False,road_1_1_1_0,67.19679196973314
240,44,False,road_1_1_1_0,107.71579708126232
240,123,False,road_1_1_1_1,57.147944827195985
240,129,False,road_1_1_3_0,21.776572767973235
240,106,False,road_1_1_3_0,349.9349409502347
240,120,False,road_1_2_0_1,82.09075308232498
240,fake_intersection_2_2_S_1_2366,True,road_1_2_0_1,618.24
240,fake_intersection_2_2_S_1_2367,True,road_1_2_0_1,619.24
240,fake_intersection_1_3_W_1_2342,True,road_1_2_1_1,458.24
240,fake_intersection_1_3_W_1_2343,True,road_1_2_1_1,459.24
240,fake_intersection_1_3_W_2_2344,True,road_1_2_1_2,458.24
240,fake_intersection_1_3_W_2_2345,True,road_1_2_1_2,459.24
240,3,False,road_1_2_3_1,571.7989139280962
240,fake_intersection_1_1_E_2_2326,True,road_1_2_3_2,458.24
240,fake_intersection_1_1_E_2_2327,True,road_1_2_3_2,459.24
240,fake_intersection_2_3_S_1_2370,True,road_1_3_0_1,618.24
240,fake_intersection_2_3_S_1_2371,True,road_1_3_0_1,619.24
240,72,False,road_1_4_0_0,683.5271175832096
240,71,False,road_1_4_0_0,765.3588826575311
240,83,False,road_1_4_0_1,603.4407783088524
240,fake_intersection_2_4_S_1_2372,True,road_1_4_0_1,618.24
240,fake_intersection_2_4_S_1_2373,True,road_1_4_0_1,619.24
240,fake_intersection_2_4_S_2_2374,True,road_1_4_0_2,618.24
240,fake_intersection_2_4_S_2_2375,True,road_1_4_0_2,619.24
240,112,False,road_1_4_2_0,563.756132854423
240,133,False,road_1_4_3_0,222.17901171126744
240,78,False,road_1_4_3_0,437.24445363719195
240,58,False,road_1_4_3_0,470.75608998992146
240,102,False,road_1_4_3_1,353.05437270532906
240,95,False,road_1_4_3_1,438.00329791390385
240,41,False,road_1_4_3_1,456.9738680066053
240,fake_intersection_1_3_E_1_2338,True,road_1_4_3_1,458.24
240,fake_intersection_1_3_E_1_2339,True,road_1_4_3_1,459.24
240,6,False,road_1_4_3_1,534.1675125992391
240,80,False,road_1_4_3_1,541.7947712089742
240,79,False,road_1_4_3_1,549.2958273446126
240,56,False,road_1_4_3_1,556.7968742998352
240,23,False,road_1_4_3_1,564.297910843412
240,27,False,road_1_4_3_1,571.7989478475426
240,22,False,road_1_4_3_2,489.5925452156242
240,19,False,road_1_4_3_2,571.7989847505228
240,186,False,road_1_5_3_1,105.23246327193363
240,166,False,road_1_5_3_1,342.9457636558556
240,fake_intersection_1_4_E_1_2348,True,road_1_5_3_1,469.12
240,fake_intersection_1_4_E_1_2349,True,road_1_5_3_1,470.12
240,149,False,road_1_5_3_1,581.0645862545878
240,94,False,road_2_1_0_0,2.6441667375020153
240,18,False,road_2_1_0_0,526.8317177038098
240,1,False,road_2_1_0_0,727.3072729589364
240,59,False,road_2_1_0_1,93.93574788258964
240,fake_intersection_3_1_S_1_2384,True,road_2_1_0_1,618.24
240,fake_intersection_3_1_S_1_2385,True,road_2_1_0_1,619.24
240,40,False,road_2_1_0_1,637.1424716820147
240,fake_intersection_3_1_S_2_2386,True,road_2_1_0_2,618.24
240,fake_intersection_3_1_S_2_2387,True,road_2_1_0_2,619.24
240,73,False,road_2_1_3_0,40.111314103604656
240,68,False,road_2_1_3_0,109.09276363989166
240,36,False,road_2_1_3_0,420.00258563539484
240,62,False,road_2_2_0_0,145.5000964805772
240,fake_intersection_3_2_S_1_2390,True,road_2_2_0_1,618.24
240,fake_intersection_3_2_S_1_2391,True,road_2_2_0_1,619.24
240,33,False,road_2_2_1_1,97.30729467802222
240,4,False,road_2_2_2_0,176.9490370300768
240,fake_intersection_1_2_N_1_2334,True,road_2_2_2_1,618.24
240,fake_intersection_1_2_N_1_2335,True,road_2_2_2_1,619.24
240,32,False,road_2_2_3_0,526.7028364069921
240,fake_intersection_3_3_S_2_2392,True,road_2_3_0_2,618.24
240,fake_intersection_3_3_S_2_2393,True,road_2_3_0_2,619.24
240,fake_intersection_1_3_N_1_2340,True,road_2_3_2_1,618.24
240,fake_intersection_1_3_N_1_2341,True,road_2_3_2_1,619.24
240,49,False,road_2_4_0_0,5.297762255598382
240,53,False,road_2_4_0_0,391.7506619415186
240,9,False,road_2_4_0_0,475.7813258298478
240,17,False,road_2_4_0_0,574.3665538273236
240,7,False,road_2_4_0_0,594.241613879422
240,51,False,road_2_4_0_1,492.06400955535975
240,fake_intersection_3_4_S_1_2396,True,road_2_4_0_1,618.24
240,fake_intersection_3_4_S_1_2397,True,road_2_4_0_1,619.24
240,fake_intersection_3_4_S_2_2398,True,road_2_4_0_2,618.24
240,fake_intersection_3_4_S_2_2399,True,road_2_4_0_2,619.24
240,10,False,road_2_4_1_0,241.14537293128856
240,46,False,road_2_4_1_0,306.18722534810996
240,29,False,road_2_4_1_0,406.07067681327095
240,42,False,road_2_4_1_0,571.3911415769901
240,fake_intersection_1_4_N_1_2350,True,road_2_4_2_1,618.24
240,fake_intersection_1_4_N_1_2351,True,road_2_4_2_1,619.24
240,fake_intersection_1_4_N_2_2352,True,road_2_4_2_2,618.24
240,fake_intersection_1_4_N_2_2353,True,road_2_4_2_2,619.24
240,39,False,road_2_4_3_0,224.67102456957866
240,61,False,road_2_4_3_0,254.55448514023607
240,13,False,road_2_4_3_2,571.7989525068753
240,fake_intersection_4_1_S_1_2406,True,road_3_1_0_1,618.24
240,fake_intersection_4_1_S_1_2407,True,road_3_1_0_1,619.24
240,fake_intersection_2_1_N_1_2356,True,road_3_1_2_1,618.24
240,fake_intersection_2_1_N_1_2357,True,road_3_1_2_1,619.24
240,fake_intersection_2_1_N_2_2358,True,road_3_1_2_2,618.24
240,fake_intersection_2_1_N_2_2359,True,road_3_1_2_2,619.24
240,12,False,road_3_1_3_0,98.77708767379508
240,fake_intersection_4_2_S_1_2408,True,road_3_2_0_1,618.24
240,fake_intersection_4_2_S_1_2409,True,road_3_2_0_1,619.24
240,fake_intersection_4_2_S_2_2410,True,road_3_2_0_2,618.24
240,fake_intersection_4_2_S_2_2411,True,road_3_2_0_2,619.24
240,63,False,road_3_2_2_0,101.03638193324439
240,fake_intersection_2_2_N_1_2364,True,road_3_2_2_1,618.24
240,fake_intersection_2_2_N_1_2365,True,road_3_2_2_1,619.24
240,fake_intersection_4_3_S_2_2422,True,road_3_3_0_2,618.24
240,fake_intersection_4_3_S_2_2423,True,road_3_3_0_2,619.24
240,47,False,road_3_3_1_0,142.1754737716873
240,55,False,road_3_3_1_0,213.20131995772633
240,76,False,road_3_3_1_1,2.0946065302610233
240,35,False,road_3_3_2_1,523.2856422697164
240,fake_intersection_2_3_N_1_2368,True,road_3_3_2_1,618.24
240,fake_intersection_2_3_N_1_2369,True,road_3_3_2_1,619.24
240,fake_intersection_4_4_S_1_2432,True,road_3_4_0_1,618.24
240,fake_intersection_4_4_S_1_2433,True,road_3_4_0_1,619.24
240,fake_intersection_4_4_S_2_2434,True,road_3_4_0_2,618.24
240,fake_intersection_4_4_S_2_2435,True,road_3_4_0_2,619.24
240,70,False,road_3_4_1_0,62.95808076348545
240,52,False,road_3_4_2_0,259.59022804106417
240,26,False,road_3_4_2_0,405.61270808763857
240,43,False,road_3_4_2_0,438.81953098795515
240,fake_intersection_2_4_N_1_2376,True,road_3_4_2_1,618.24
240,fake_intersection_2_4_N_1_2377,True,road_3_4_2_1,619.24
240,2,False,road_3_4_2_1,771.7989856599391
240,fake_intersection_2_4_N_2_2378,True,road_3_4_2_2,618.24
240,fake_intersection_2_4_N_2_2379,True,road_3_4_2_2,619.24
240,30,False,road_3_4_2_2,771.7989155793821
240,177,False,road_4_0_1_0,185.4412648784253
240,189,False,road_4_0_1_1,38.82479244805191
240,167,False,road_4_0_1_1,311.9779685137906
240,157,False,road_4_0_1_1,486.5434345453044
240,126,False,road_4_0_1_1,540.3928108174321
240,105,False,road_4_0_1_1,547.893889531255
240,74,False,road_4_0_1_1,555.3949021430782
240,54,False,road_4_0_1_1,562.8959063652395
240,34,False,road_4_0_1_1,570.3969147075832
240,24,False,road_4_0_1_1,577.8979283857836
240,0,False,road_4_0_1_1,585.3989359199275
240,137,False,road_4_0_1_2,555.3948058329993
240,116,False,road_4_0_1_2,562.895840395373
240,97,False,road_4_0_1_2,570.3968432332485
240,45,False,road_4_0_1_2,577.89793789554
240,14,False,road_4_0_1_2,585.3989444162426
240,145,False,road_4_1_0_0,71.63214798651495
240,fake_intersection_4_2_W_1_2418,True,road_4_1_1_1,458.24
240,fake_intersection_4_2_W_1_2419,True,road_4_1_1_1,459.24
240,fake_intersection_3_1_N_1_2380,True,road_4_1_2_1,618.24
240,fake_intersection_3_1_N_1_2381,True,road_4_1_2_1,619.24
240,fake_intersection_3_1_N_2_2382,True,road_4_1_2_2,618.24
240,fake_intersection_3_1_N_2_2383,True,road_4_1_2_2,619.24
240,121,False,road_4_2_2_0,242.23789520079924
240,91,False,road_4_2_2_0,377.35210777615833
240,fake_intersection_3_2_N_1_2388,True,road_4_2_2_1,618.24
240,fake_intersection_3_2_N_1_2389,True,road_4_2_2_1,619.24
240,fake_intersection_4_1_E_1_2400,True,road_4_2_3_1,458.24
240,fake_intersection_4_1_E_1_2401,True,road_4_2_3_1,459.24
240,fake_intersection_4_1_E_2_2402,True,road_4_2_3_2,458.24
240,fake_intersection_4_1_E_2_2403,True,road_4_2_3_2,459.24
240,fake_intersection_4_4_W_1_2428,True,road_4_3_1_1,458.24
240,fake_intersection_4_4_W_1_2429,True,road_4_3_1_1,459.24
240,25,False,road_4_3_1_1,564.297900083199
240,15,False,road_4_3_1_1,571.7989997397917
240,fake_intersection_4_4_W_2_2430,True,road_4_3_1_2,458.24
240,fake_intersection_4_4_W_2_2431,True,road_4_3_1_2,459.24
240,86,False,road_4_3_2_0,614.0676080034392
240,16,False,road_4_3_2_1,639.0165271909583
240,67,False,road_4_3_2_1,715.4226882405185
240,117,False,road_4_3_3_0,203.91949563069838
240,107,False,road_4_3_3_1,376.003040046785
240,fake_intersection_4_2_E_1_2414,True,road_4_3_3_1,458.24
240,fake_intersection_4_2_E_1_2415,True,road_4_3_3_1,459.24
240,fake_intersection_4_2_E_2_2416,True,road_4_3_3_2,458.24
240,fake_intersection_4_2_E_2_2417,True,road_4_3_3_2,459.24
240,98,False,road_4_4_0_0,35.260720840297154
240,125,False,road_4_4_2_0,217.77432316659718
240,114,False,road_4_4_2_0,270.81451780936106
240,103,False,road_4_4_2_0,311.47965893093783
240,131,False,road_4_4_2_1,61.37955500236083
240,119,False,road_4_4_2_1,220.82730789216117
240,109,False,road_4_4_2_1,255.01832812821965
240,92,False,road_4_4_2_1,288.77852063527854
240,99,False,road_4_4_2_1,572.9958982996465
240,87,False,road_4_4_2_1,646.3132523517077
240,65,False,road_4_4_2_1,679.7065333192163
240,fake_intersection_3_4_N_2_2394,True,road_4_4_2_2,618.24
240,fake_intersection_3_4_N_2_2395,True,road_4_4_2_2,619.24
240,81,False,road_4_4_2_2,658.3793770699665
240,fake_intersection_4_4_E_1_2424,True,road_4_5_3_1,469.12
240,fake_intersection_4_4_E_1_2425,True,road_4_5_3_1,470.12
240,fake_intersection_4_4_E_2_2426,True,road_4_5_3_2,469.12
240,fake_intersection_4_4_E_2_2427,True,road_4_5_3_2,470.12
240,fake_intersection_4_1_N_1_2404,True,road_5_1_2_1,629.12
240,fake_intersection_4_1_N_1_2405,True,road_5_1_2_1,630.12
240,180,False,road_5_2_2_0,202.21622080310084
240,152,False,road_5_2_2_1,617.221494877107
240,fake_intersection_4_2_N_1_2412,True,road_5_2_2_1,629.12
240,fake_intersection_4_2_N_1_2413,True,road_5_2_2_1,630.12
240,190,False,road_5_3_2_0,53.51532222681194
240,178,False,road_5_3_2_0,210.77605343442642
240,169,False,road_5_3_2_0,307.5183334165768
240,158,False,road_5_3_2_0,421.47360317945714
240,147,False,road_5_3_2_0,600.0378180512931
240,138,False,road_5_3_2_1,738.4501372852336
240,128,False,road_5_3_2_1,785.3989748901633
240,fake_intersection_4_3_N_2_2420,True,road_5_3_2_2,629.12
240,fake_intersection_4_3_N_2_2421,True,road_5_3_2_2,630.12
240,192,False,road_5_4_2_0,16.227892322904474
240,187,False,road_5_4_2_0,79.66855522697398
240,174,False,road_5_4_2_0,223.93594198943703
240,171,False,road_5_4_2_0,276.8161365276557
240,159,False,road_5_4_2_0,522.7909243886307
240,154,False,road_5_4_2_0,566.394331589258
240,141,False,road_5_4_2_0,786.1533220435492
240,181,False,road_5_4_2_1,166.98544522894403
240,163,False,road_5_4_2_1,430.5322424679821
240,146,False,road_5_4_2_1,525.7925564579783
240,fake_intersection_4_4_N_1_2436,True,road_5_4_2_1,629.12
240,fake_intersection_4_4_N_1_2437,True,road_5_4_2_1,630.12
240,135,False,road_5_4_2_1,759.910885094927
240,fake_intersection_4_4_N_2_2438,True,road_5_4_2_2,629.12
240,fake_intersection_4_4_N_2_2439,True,road_5_4_2_2,630.12
250,127,False,:intersection_1_4_27_1,2.9288911796410275
250,82,False,:intersection_2_1_30_2,9.950822094720479
250,72,False,:intersection_2_4_27_2,6.35378851403857
250,193,False,road_0_1_0_0,107.02678529450048
250,184,False,road_0_1_0_0,193.67964637489163
250,175,False,road_0_1_0_0,283.09147451638984
250,170,False,road_0_1_0_0,451.0633033223836
250,155,False,road_0_1_0_0,699.5751496884092
250,139,False,road_0_1_0_0,786.1389606131053
250,161,False,road_0_1_0_1,555.6149463222306
250,fake_intersection_1_1_S_1_2444,True,road_0_1_0_1,629.12
250,fake_intersection_1_1_S_1_2445,True,road_0_1_0_1,630.12
250,fake_intersection_1_1_S_2_2446,True,road_0_1_0_2,629.12
250,fake_intersection_1_1_S_2_2447,True,road_0_1_0_2,630.12
250,179,False,road_0_2_0_0,308.0113498324767
250,fake_intersection_1_2_S_1_2452,True,road_0_2_0_1,629.12
250,fake_intersection_1_2_S_1_2453,True,road_0_2_0_1,630.12
250,151,False,road_0_2_0_1,682.2976231228837
250,fake_intersection_1_2_S_2_2454,True,road_0_2_0_2,629.12
250,fake_intersection_1_2_S_2_2455,True,road_0_2_0_2,630.12
250,90,False,road_0_2_0_2,785.3989562573796
250,fake_intersection_1_3_S_1_2464,True,road_0_3_0_1,629.12
250,fake_intersection_1_3_S_1_2465,True,road_0_3_0_1,630.12
250,191,False,road_0_4_0_0,125.59775525999187
250,188,False,road_0_4_0_0,170.08771559209578
250,183,False,road_0_4_0_0,243.26595227567032
250,182,False,road_0_4_0_0,268.61216366823817
250,172,False,road_0_4_0_0,349.824791773582
250,162,False,road_0_4_0_0,513.1671840679819
250,156,False,road_0_4_0_0,641.088263634273
250,142,False,road_0_4_0_0,720.034141429867
250,140,False,road_0_4_0_0,775.122347309114
250,199,False,road_0_4_0_1,11.905433857467223
250,194,False,road_0_4_0_1,90.82836985294153
250,176,False,road_0_4_0_1,326.64853968712714
250,173,False,road_0_4_0_1,397.1149578138642
250,168,False,road_0_4_0_1,427.59063291347957
250,160,False,road_0_4_0_1,488.6843382605521
250,144,False,road_0_4_0_1,526.0158766703148
250,153,False,road_0_4_0_1,589.6215635088128
250,150,False,road_0_4_0_1,658.1877781048559
250,136,False,road_0_4_0_1,710.3885682058954
250,134,False,road_0_4_0_1,717.8896286855951
250,124,False,road_0_4_0_1,725.3906795288144
250,122,False,road_0_4_0_1,732.8916847075485
250,110,False,road_0_4_0_1,740.3927232092798
250,104,False,road_0_4_0_1,747.8937613144855
250,108,False,road_0_4_0_1,755.3948052307136
250,101,False,road_0_4_0_1,762.8958260133331
250,96,False,road_0_4_0_1,770.3968573601849
250,88,False,road_0_4_0_1,777.8978713079902
250,85,False,road_0_4_0_1,785.3989423730433
250,195,False,road_0_4_0_2,30.875444815117092
250,164,False,road_0_4_0_2,488.88159101861584
250,130,False,road_0_4_0_2,747.8936636388514
250,115,False,road_0_4_0_2,755.3947232832312
250,118,False,road_0_4_0_2,762.8957352768861
250,93,False,road_0_4_0_2,770.3967848125803
250,69,False,road_0_4_0_2,777.8978382833536
250,11,False,road_0_4_0_2,785.3989329663273
250,185,False,road_1_0_1_0,166.90644142995922
250,165,False,road_1_0_1_1,393.1118464011672
250,fake_intersection_1_1_W_1_2440,True,road_1_0_1_1,469.12
250,fake_intersection_1_1_W_1_2441,True,road_1_0_1_1,470.12
250,132,False,road_1_0_1_1,547.8937909747438
250,111,False,road_1_0_1_1,555.3948667829765
250,77,False,road_1_0_1_1,562.8959161743535
250,57,False,road_1_0_1_1,570.396940022553
250,21,False,road_1_0_1_1,577.8979891971964
250,5,False,road_1_0_1_1,585.3989922544721
250,fake_intersection_1_1_W_2_2442,True,road_1_0_1_2,469.12
250,fake_intersection_1_1_W_2_2443,True,road_1_0_1_2,470.12
250,148,False,road_1_1_0_0,52.65954933237314
250,113,False,road_1_1_0_0,344.29958043551625
250,89,False,road_1_1_0_0,674.7675393425385
250,143,False,road_1_1_0_1,11.234690781394182
250,fake_intersection_2_1_S_1_2478,True,road_1_1_0_1,618.24
250,fake_intersection_2_1_S_1_2479,True,road_1_1_0_1,619.24
250,100,False,road_1_1_0_1,635.0815653914544
250,fake_intersection_2_1_S_2_2480,True,road_1_1_0_2,618.24
250,fake_intersection_2_1_S_2_2481,True,road_1_1_0_2,619.24
250,50,False,road_1_1_1_0,153.6470142650531
250,44,False,road_1_1_1_0,218.58440293853843
250,123,False,road_1_1_1_1,163.43173417223667
250,129,False,road_1_1_3_0,127.94234388593344
250,106,False,road_1_1_3_0,456.85962201248566
250,120,False,road_1_2_0_0,179.91707687674545
250,fake_intersection_2_2_S_1_2484,True,road_1_2_0_1,618.24
250,fake_intersection_2_2_S_1_2485,True,road_1_2_0_1,619.24
250,fake_intersection_1_3_W_1_2460,True,road_1_2_1_1,458.24
250,fake_intersection_1_3_W_1_2461,True,road_1_2_1_1,459.24
250,fake_intersection_1_3_W_2_2462,True,road_1_2_1_2,458.24
250,fake_intersection_1_3_W_2_2463,True,road_1_2_1_2,459.24
250,3,False,road_1_2_3_1,571.7989139280962
250,fake_intersection_2_3_S_1_2490,True,road_1_3_0_1,618.24
250,fake_intersection_2_3_S_1_2491,True,road_1_3_0_1,619.24
250,fake_intersection_2_3_S_2_2492,True,road_1_3_0_2,618.24
250,fake_intersection_2_3_S_2_2493,True,road_1_3_0_2,619.24
250,fake_intersection_1_4_W_1_2472,True,road_1_3_1_1,458.24
250,fake_intersection_1_4_W_1_2473,True,road_1_3_1_1,459.24
250,fake_intersection_2_4_S_1_2494,True,road_1_4_0_1,618.24
250,fake_intersection_2_4_S_1_2495,True,road_1_4_0_1,619.24
250,83,False,road_1_4_0_1,705.9774788818048
250,fake_intersection_2_4_S_2_2496,True,road_1_4_0_2,618.24
250,fake_intersection_2_4_S_2_2497,True,road_1_4_0_2,619.24
250,112,False,road_1_4_2_0,678.145505152377
250,149,False,road_1_4_3_0,76.80509958117524
250,78,False,road_1_4_3_0,525.516520536173
250,95,False,road_1_4_3_0,545.470639668228
250,58,False,road_1_4_3_0,572.650317585771
250,133,False,road_1_4_3_1,329.925415277876
250,102,False,road_1_4_3_1,456.16195163066993
250,fake_intersection_1_3_E_1_2456,True,road_1_4_3_1,458.24
250,fake_intersection_1_3_E_1_2457,True,road_1_4_3_1,459.24
250,41,False,road_1_4_3_1,526.7726312182655
250,6,False,road_1_4_3_1,534.29374921195
250,80,False,road_1_4_3_1,541.7947712089742
250,79,False,road_1_4_3_1,549.2958273446126
250,56,False,road_1_4_3_1,556.7968742998352
250,23,False,road_1_4_3_1,564.297910843412
250,27,False,road_1_4_3_1,571.7989478475426
250,22,False,road_1_4_3_2,564.253642428085
250,19,False,road_1_4_3_2,571.7989847505228
250,186,False,road_1_5_3_1,217.98020523312462
250,166,False,road_1_5_3_1,447.4880715466156
250,fake_intersection_1_4_E_1_2466,True,road_1_5_3_1,469.12
250,fake_intersection_1_4_E_1_2467,True,road_1_5_3_1,470.12
250,94,False,road_2_1_0_0,119.02921381246571
250,59,False,road_2_1_0_0,197.30723267522714
250,18,False,road_2_1_0_1,623.8515805476823
250,40,False,road_2_1_0_1,742.5783010012844
250,32,False,road_2_1_2_0,31.55982172363737
250,73,False,road_2_1_3_0,152.1803131221988
250,68,False,road_2_1_3_0,217.28474686881913
250,36,False,road_2_1_3_0,521.4443991935035
250,62,False,road_2_2_0_0,250.99655210282103
250,fake_intersection_3_2_S_1_2506,True,road_2_2_0_1,618.24
250,fake_intersection_3_2_S_1_2507,True,road_2_2_0_1,619.24
250,33,False,road_2_2_1_0,222.85534984242315
250,4,False,road_2_2_2_0,286.023716316376
250,fake_intersection_1_2_N_1_2448,True,road_2_2_2_1,618.24
250,fake_intersection_1_2_N_1_2449,True,road_2_2_2_1,619.24
250,fake_intersection_1_2_N_2_2450,True,road_2_2_2_2,618.24
250,fake_intersection_1_2_N_2_2451,True,road_2_2_2_2,619.24
250,fake_intersection_3_3_S_1_2512,True,road_2_3_0_1,618.24
250,fake_intersection_3_3_S_1_2513,True,road_2_3_0_1,619.24
250,fake_intersection_3_3_S_2_2514,True,road_2_3_0_2,618.24
250,fake_intersection_3_3_S_2_2515,True,road_2_3_0_2,619.24
250,fake_intersection_1_3_N_1_2458,True,road_2_3_2_1,618.24
250,fake_intersection_1_3_N_1_2459,True,road_2_3_2_1,619.24
250,49,False,road_2_4_0_0,93.0751503766916
250,17,False,road_2_4_0_0,666.9058550582151
250,7,False,road_2_4_0_0,685.0758218060057
250,64,False,road_2_4_0_1,78.81919983638159
250,53,False,road_2_4_0_1,505.4365071102453
250,9,False,road_2_4_0_1,566.5246296270789
250,51,False,road_2_4_0_1,615.2090384891046
250,fake_intersection_3_4_S_1_2520,True,road_2_4_0_1,618.24
250,fake_intersection_3_4_S_1_2521,True,road_2_4_0_1,619.24
250,fake_intersection_3_4_S_2_2522,True,road_2_4_0_2,618.24
250,fake_intersection_3_4_S_2_2523,True,road_2_4_0_2,619.24
250,10,False,road_2_4_1_0,356.70600346753423
250,46,False,road_2_4_1_0,410.3574372774204
250,29,False,road_2_4_1_0,503.2558721621413
250,fake_intersection_1_4_N_1_2468,True,road_2_4_2_1,618.24
250,fake_intersection_1_4_N_1_2469,True,road_2_4_2_1,619.24
250,fake_intersection_1_4_N_2_2470,True,road_2_4_2_2,618.24
250,fake_intersection_1_4_N_2_2471,True,road_2_4_2_2,619.24
250,71,False,road_2_4_3_0,70.34812330266335
250,39,False,road_2_4_3_0,317.5829558793791
250,61,False,road_2_4_3_1,373.6519860480199
250,fake_intersection_2_3_E_1_2486,True,road_2_4_3_1,458.24
250,fake_intersection_2_3_E_1_2487,True,road_2_4_3_1,459.24
250,fake_intersection_2_3_E_2_2488,True,road_2_4_3_2,458.24
250,fake_intersection_2_3_E_2_2489,True,road_2_4_3_2,459.24
250,13,False,road_2_4_3_2,571.7989525068753
250,fake_intersection_4_1_S_1_2530,True,road_3_1_0_1,618.24
250,fake_intersection_4_1_S_1_2531,True,road_3_1_0_1,619.24
250,fake_intersection_2_1_N_1_2474,True,road_3_1_2_1,618.24
250,fake_intersection_2_1_N_1_2475,True,road_3_1_2_1,619.24
250,fake_intersection_2_1_N_2_2476,True,road_3_1_2_2,618.24
250,fake_intersection_2_1_N_2_2477,True,road_3_1_2_2,619.24
250,1,False,road_3_1_3_0,30.187712744557853
250,12,False,road_3_1_3_0,209.75842390948822
250,fake_intersection_4_2_S_1_2532,True,road_3_2_0_1,618.24
250,fake_intersection_4_2_S_1_2533,True,road_3_2_0_1,619.24
250,fake_intersection_4_2_S_2_2534,True,road_3_2_0_2,618.24
250,fake_intersection_4_2_S_2_2535,True,road_3_2_0_2,619.24
250,63,False,road_3_2_2_0,204.7654379249171
250,fake_intersection_2_2_N_1_2482,True,road_3_2_2_1,618.24
250,fake_intersection_2_2_N_1_2483,True,road_3_2_2_1,619.24
250,fake_intersection_4_3_S_2_2546,True,road_3_3_0_2,618.24
250,fake_intersection_4_3_S_2_2547,True,road_3_3_0_2,619.24
250,76,False,road_3_3_1_0,110.07170135537103
250,47,False,road_3_3_1_0,236.3529995497166
250,55,False,road_3_3_1_0,317.2375467228062
250,67,False,road_3_3_2_1,11.39448680297943
250,35,False,road_3_3_2_1,629.8546850845039
250,37,False,road_3_4_0_1,96.83782291390831
250,fake_intersection_4_4_S_1_2556,True,road_3_4_0_1,618.24
250,fake_intersection_4_4_S_1_2557,True,road_3_4_0_1,619.24
250,fake_intersection_4_4_S_2_2558,True,road_3_4_0_2,618.24
250,fake_intersection_4_4_S_2_2559,True,road_3_4_0_2,619.24
250,70,False,road_3_4_1_0,169.32415633927224
250,52,False,road_3_4_2_0,366.71622758707747
250,26,False,road_3_4_2_0,500.7220926909277
250,43,False,road_3_4_2_0,549.2187344856936
250,fake_intersection_2_4_N_1_2498,True,road_3_4_2_1,618.24
250,fake_intersection_2_4_N_1_2499,True,road_3_4_2_1,619.24
250,2,False,road_3_4_2_1,771.7989856599391
250,fake_intersection_2_4_N_2_2500,True,road_3_4_2_2,618.24
250,fake_intersection_2_4_N_2_2501,True,road_3_4_2_2,619.24
250,30,False,road_3_4_2_2,771.7989155793821
250,189,False,road_4_0_1_0,138.8396468422388
250,197,False,road_4_0_1_1,13.1749747042685
250,177,False,road_4_0_1_1,292.68607248978344
250,167,False,road_4_0_1_1,423.0483724707695
250,157,False,road_4_0_1_1,532.8901243629305
250,126,False,road_4_0_1_1,540.3928108174321
250,105,False,road_4_0_1_1,547.893889531255
250,74,False,road_4_0_1_1,555.3949021430782
250,54,False,road_4_0_1_1,562.8959063652395
250,34,False,road_4_0_1_1,570.3969147075832
250,24,False,road_4_0_1_1,577.8979283857836
250,0,False,road_4_0_1_1,585.3989359199275
250,137,False,road_4_0_1_2,555.3948058329993
250,116,False,road_4_0_1_2,562.895840395373
250,97,False,road_4_0_1_2,570.3968432332485
250,45,False,road_4_0_1_2,577.89793789554
250,14,False,road_4_0_1_2,585.3989444162426
250,145,False,road_4_1_0_0,193.7694768019408
250,fake_intersection_4_2_W_1_2542,True,road_4_1_1_1,458.24
250,fake_intersection_4_2_W_1_2543,True,road_4_1_1_1,459.24
250,fake_intersection_3_1_N_2_2502,True,road_4_1_2_2,618.24
250,fake_intersection_3_1_N_2_2503,True,road_4_1_2_2,619.24
250,121,False,road_4_2_2_0,357.95584150686443
250,91,False,road_4_2_2_0,471.9904187385005
250,fake_intersection_3_2_N_1_2504,True,road_4_2_2_1,618.24
250,fake_intersection_3_2_N_1_2505,True,road_4_2_2_1,619.24
250,fake_intersection_4_1_E_1_2524,True,road_4_2_3_1,458.24
250,fake_intersection_4_1_E_1_2525,True,road_4_2_3_1,459.24
250,fake_intersection_4_1_E_2_2526,True,road_4_2_3_2,458.24
250,fake_intersection_4_1_E_2_2527,True,road_4_2_3_2,459.24
250,fake_intersection_4_4_W_1_2552,True,road_4_3_1_1,458.24
250,fake_intersection_4_4_W_1_2553,True,road_4_3_1_1,459.24
250,25,False,road_4_3_1_1,564.297900083199
250,15,False,road_4_3_1_1,571.7989997397917
250,fake_intersection_4_4_W_2_2554,True,road_4_3_1_2,458.24
250,fake_intersection_4_4_W_2_2555,True,road_4_3_1_2,459.24
250,86,False,road_4_3_2_0,718.7036667438492
250,fake_intersection_3_3_N_1_2508,True,road_4_3_2_1,618.24
250,fake_intersection_3_3_N_1_2509,True,road_4_3_2_1,619.24
250,16,False,road_4_3_2_1,728.1765689844152
250,fake_intersection_3_3_N_2_2510,True,road_4_3_2_2,618.24
250,fake_intersection_3_3_N_2_2511,True,road_4_3_2_2,619.24
250,117,False,road_4_3_3_0,309.2211628929438
250,fake_intersection_4_2_E_1_2538,True,road_4_3_3_1,458.24
250,fake_intersection_4_2_E_1_2539,True,road_4_3_3_1,459.24
250,107,False,road_4_3_3_1,485.7366252976057
250,fake_intersection_4_2_E_2_2540,True,road_4_3_3_2,458.24
250,fake_intersection_4_2_E_2_2541,True,road_4_3_3_2,459.24
250,98,False,road_4_4_0_0,155.30429862853393
250,141,False,road_4_4_1_0,99.54648151149749
250,135,False,road_4_4_2_0,50.73402740840265
250,131,False,road_4_4_2_0,173.9280348563961
250,125,False,road_4_4_2_0,335.31064902809254
250,109,False,road_4_4_2_0,355.96839267782457
250,114,False,road_4_4_2_0,385.6280562829382
250,103,False,road_4_4_2_0,410.6662730420932
250,119,False,road_4_4_2_1,334.12628184408504
250,92,False,road_4_4_2_1,375.4631571574809
250,fake_intersection_3_4_N_1_2516,True,road_4_4_2_1,618.24
250,fake_intersection_3_4_N_1_2517,True,road_4_4_2_1,619.24
250,99,False,road_4_4_2_1,687.217748684004
250,87,False,road_4_4_2_1,752.41235536884
250,65,False,road_4_4_2_1,771.8379218087865
250,fake_intersection_3_4_N_2_2518,True,road_4_4_2_2,618.24
250,fake_intersection_3_4_N_2_2519,True,road_4_4_2_2,619.24
250,81,False,road_4_4_2_2,762.5886473241833
250,fake_intersection_4_4_E_1_2548,True,road_4_5_3_1,469.12
250,fake_intersection_4_4_E_1_2549,True,road_4_5_3_1,470.12
250,fake_intersection_4_4_E_2_2550,True,road_4_5_3_2,469.12
250,fake_intersection_4_4_E_2_2551,True,road_4_5_3_2,470.12
250,fake_intersection_4_1_N_1_2528,True,road_5_1_2_1,629.12
250,fake_intersection_4_1_N_1_2529,True,road_5_1_2_1,630.12
250,180,False,road_5_2_2_0,317.07048477618395
250,fake_intersection_4_2_N_1_2536,True,road_5_2_2_1,629.12
250,fake_intersection_4_2_N_1_2537,True,road_5_2_2_1,630.12
250,152,False,road_5_2_2_1,730.2510783084942
250,190,False,road_5_3_2_0,148.565647935117
250,178,False,road_5_3_2_0,325.5291183060615
250,169,False,road_5_3_2_0,405.2106529371586
250,158,False,road_5_3_2_0,515.6064051335377
250,147,False,road_5_3_2_0,704.3727979779453
250,198,False,road_5_3_2_1,10.189773907104584
250,138,False,road_5_3_2_1,777.8977730183195
250,128,False,road_5_3_2_1,785.3989748901633
250,fake_intersection_4_3_N_2_2544,True,road_5_3_2_2,629.12
250,fake_intersection_4_3_N_2_2545,True,road_5_3_2_2,630.12
250,196,False,road_5_4_2_0,47.86445666061881
250,192,False,road_5_4_2_0,130.4280661112224
250,187,False,road_5_4_2_0,171.68387431076889
250,181,False,road_5_4_2_0,275.7104690689026
250,174,False,road_5_4_2_0,323.1106505074446
250,171,False,road_5_4_2_0,369.4275034782537
250,154,False,road_5_4_2_0,675.6139390302754
250,163,False,road_5_4_2_1,547.4605313816196
250,fake_intersection_4_4_N_1_2560,True,road_5_4_2_1,629.12
250,fake_intersection_4_4_N_1_2561,True,road_5_4_2_1,630.12
250,159,False,road_5_4_2_1,644.5130900497297
250,146,False,road_5_4_2_2,617.3064920472589
250,fake_intersection_4_4_N_2_2562,True,road_5_4_2_2,629.12
250,fake_intersection_4_4_N_2_2563,True,road_5_4_2_2,630.12
260,151,False,:intersection_1_2_30_0,1.8922923785662533
260,89,False,:intersection_2_1_27_0,4.486671098151419
260,200,False,road_0_1_0_0,94.71938367729952
260,193,False,road_0_1_0_0,217.1564665729406
260,184,False,road_0_1_0_0,292.1424381283165
260,175,False,road_0_1_0_0,377.3214575404426
260,170,False,road_0_1_0_0,567.251666202921
260,fake_intersection_1_1_S_1_2568,True,road_0_1_0_1,629.12
260,fake_intersection_1_1_S_1_2569,True,road_0_1_0_1,630.12
260,161,False,road_0_1_0_1,668.7378418681856
260,fake_intersection_1_1_S_2_2570,True,road_0_1_0_2,629.12
260,fake_intersection_1_1_S_2_2571,True,road_0_1_0_2,630.12
260,179,False,road_0_2_0_0,419.2456443712286
260,207,False,road_0_2_0_1,5.1
260,fake_intersection_1_2_S_1_2576,True,road_0_2_0_1,629.12
260,fake_intersection_1_2_S_1_2577,True,road_0_2_0_1,630.12
260,90,False,road_0_2_0_2,785.3989562573796
260,fake_intersection_1_3_S_1_2584,True,road_0_3_0_1,629.12
260,fake_intersection_1_3_S_1_2585,True,road_0_3_0_1,630.12
260,fake_intersection_1_3_S_2_2586,True,road_0_3_0_2,629.12
260,fake_intersection_1_3_S_2_2587,True,road_0_3_0_2,630.12
260,195,False,road_0_4_0_0,117.82359344958964
260,191,False,road_0_4_0_0,222.20684883877527
260,188,False,road_0_4_0_0,268.47960611863783
260,183,False,road_0_4_0_0,356.41187811743464
260,182,False,road_0_4_0_0,378.7969743350695
260,172,False,road_0_4_0_0,443.7605517402353
260,173,False,road_0_4_0_0,516.6031957509277
260,162,False,road_0_4_0_0,619.0010728537054
260,156,False,road_0_4_0_0,766.8384530621464
260,205,False,road_0_4_0_1,27.597882681425254
260,202,False,road_0_4_0_1,74.01403174279008
260,199,False,road_0_4_0_1,98.90902444685668
260,194,False,road_0_4_0_1,195.0127539181458
260,176,False,road_0_4_0_1,442.6652617073379
260,168,False,road_0_4_0_1,529.5461999330552
260,160,False,road_0_4_0_1,579.6258669529766
260,144,False,road_0_4_0_1,601.6577174080926
260,153,False,road_0_4_0_1,686.0732156859686
260,150,False,road_0_4_0_1,702.8863615381042
260,136,False,road_0_4_0_1,710.3885682058954
260,134,False,road_0_4_0_1,717.8896286855951
260,124,False,road_0_4_0_1,725.3906795288144
260,122,False,road_0_4_0_1,732.8916847075485
260,110,False,road_0_4_0_1,740.3927232092798
260,104,False,road_0_4_0_1,747.8937613144855
260,108,False,road_0_4_0_1,755.3948052307136
260,101,False,road_0_4_0_1,762.8958260133331
260,96,False,road_0_4_0_1,770.3968573601849
260,88,False,road_0_4_0_1,777.8978713079902
260,85,False,road_0_4_0_1,785.3989423730433
260,164,False,road_0_4_0_2,596.6413725197538
260,130,False,road_0_4_0_2,747.8936636388514
260,115,False,road_0_4_0_2,755.3947232832312
260,118,False,road_0_4_0_2,762.8957352768861
260,93,False,road_0_4_0_2,770.3967848125803
260,69,False,road_0_4_0_2,777.8978382833536
260,11,False,road_0_4_0_2,785.3989329663273
260,185,False,road_1_0_1_0,261.6547798248064
260,203,False,road_1_0_1_1,50.470340217533305
260,fake_intersection_1_1_W_1_2564,True,road_1_0_1_1,469.12
260,fake_intersection_1_1_W_1_2565,True,road_1_0_1_1,470.12
260,165,False,road_1_0_1_1,488.1205308421192
260,132,False,road_1_0_1_1,547.8937909747438
260,111,False,road_1_0_1_1,555.3948667829765
260,77,False,road_1_0_1_1,562.8959161743535
260,57,False,road_1_0_1_1,570.396940022553
260,21,False,road_1_0_1_1,577.8979891971964
260,5,False,road_1_0_1_1,585.3989922544721
260,fake_intersection_1_1_W_2_2566,True,road_1_0_1_2,469.12
260,fake_intersection_1_1_W_2_2567,True,road_1_0_1_2,470.12
260,148,False,road_1_1_0_0,155.1941376306115
260,113,False,road_1_1_0_0,449.75453580399824
260,143,False,road_1_1_0_1,131.55312604140562
260,fake_intersection_2_1_S_1_2600,True,road_1_1_0_1,618.24
260,fake_intersection_2_1_S_1_2601,True,road_1_1_0_1,619.24
260,100,False,road_1_1_0_1,747.1296458074931
260,fake_intersection_2_1_S_2_2602,True,road_1_1_0_2,618.24
260,fake_intersection_2_1_S_2_2603,True,road_1_1_0_2,619.24
260,50,False,road_1_1_1_0,241.71238473754767
260,123,False,road_1_1_1_0,270.1899866874854
260,44,False,road_1_1_1_0,326.8207365373904
260,155,False,road_1_1_3_0,4.870604911834519
260,139,False,road_1_1_3_0,79.92522565107015
260,129,False,road_1_1_3_0,232.74831577379493
260,106,False,road_1_1_3_0,562.72642689977
260,120,False,road_1_2_0_0,277.3802026670617
260,fake_intersection_2_2_S_1_2606,True,road_1_2_0_1,618.24
260,fake_intersection_2_2_S_1_2607,True,road_1_2_0_1,619.24
260,fake_intersection_1_3_W_1_2580,True,road_1_2_1_1,458.24
260,fake_intersection_1_3_W_1_2581,True,road_1_2_1_1,459.24
260,fake_intersection_1_3_W_2_2582,True,road_1_2_1_2,458.24
260,fake_intersection_1_3_W_2_2583,True,road_1_2_1_2,459.24
260,3,False,road_1_2_3_1,571.7989139280962
260,fake_intersection_1_1_E_2_2572,True,road_1_2_3_2,458.24
260,fake_intersection_1_1_E_2_2573,True,road_1_2_3_2,459.24
260,fake_intersection_2_3_S_1_2616,True,road_1_3_0_1,618.24
260,fake_intersection_2_3_S_1_2617,True,road_1_3_0_1,619.24
260,fake_intersection_2_3_S_2_2618,True,road_1_3_0_2,618.24
260,fake_intersection_2_3_S_2_2619,True,road_1_3_0_2,619.24
260,fake_intersection_1_4_W_1_2594,True,road_1_3_1_1,458.24
260,fake_intersection_1_4_W_1_2595,True,road_1_3_1_1,459.24
260,78,False,road_1_3_2_0,29.99324545447907
260,95,False,road_1_3_2_0,52.176887060770014
260,58,False,road_1_3_2_0,85.67089186325326
260,fake_intersection_2_4_S_1_2624,True,road_1_4_0_1,618.24
260,fake_intersection_2_4_S_1_2625,True,road_1_4_0_1,619.24
260,fake_intersection_2_4_S_2_2626,True,road_1_4_0_2,618.24
260,fake_intersection_2_4_S_2_2627,True,road_1_4_0_2,619.24
260,127,False,road_1_4_3_0,65.24581558830891
260,149,False,road_1_4_3_0,187.60097960104147
260,142,False,road_1_4_3_1,9.497755684679698
260,133,False,road_1_4_3_1,437.17995357348065
260,102,False,road_1_4_3_1,519.2878737986844
260,41,False,road_1_4_3_1,526.7927259146885
260,6,False,road_1_4_3_1,534.29374921195
260,80,False,road_1_4_3_1,541.7947712089742
260,79,False,road_1_4_3_1,549.2958273446126
260,56,False,road_1_4_3_1,556.7968742998352
260,23,False,road_1_4_3_1,564.297910843412
260,27,False,road_1_4_3_1,571.7989478475426
260,140,False,road_1_4_3_2,59.853998338897874
260,22,False,road_1_4_3_2,564.2979288645467
260,19,False,road_1_4_3_2,571.7989847505228
260,204,False,road_1_5_3_1,72.23547355664932
260,fake_intersection_1_4_E_1_2588,True,road_1_5_3_1,469.12
260,fake_intersection_1_4_E_1_2589,True,road_1_5_3_1,470.12
260,166,False,road_1_5_3_1,551.6276977290628
260,186,False,road_1_5_3_2,330.77355004875005
260,94,False,road_2_1_0_0,234.56577657771328
260,59,False,road_2_1_0_0,299.552655410185
260,82,False,road_2_1_0_1,90.42284777183441
260,fake_intersection_3_1_S_1_2636,True,road_2_1_0_1,618.24
260,fake_intersection_3_1_S_1_2637,True,road_2_1_0_1,619.24
260,18,False,road_2_1_0_1,724.005981623694
260,fake_intersection_3_1_S_2_2638,True,road_2_1_0_2,618.24
260,fake_intersection_3_1_S_2_2639,True,road_2_1_0_2,619.24
260,32,False,road_2_1_2_0,136.73862264539537
260,73,False,road_2_1_3_0,263.9671080586504
260,68,False,road_2_1_3_0,328.17794674063117
260,62,False,road_2_2_0_0,355.55866382905026
260,fake_intersection_3_2_S_1_2642,True,road_2_2_0_1,618.24
260,fake_intersection_3_2_S_1_2643,True,road_2_2_0_1,619.24
260,33,False,road_2_2_1_1,344.0996343487762
260,fake_intersection_2_3_W_1_2612,True,road_2_2_1_1,458.24
260,fake_intersection_2_3_W_1_2613,True,road_2_2_1_1,459.24
260,fake_intersection_2_3_W_2_2614,True,road_2_2_1_2,458.24
260,fake_intersection_2_3_W_2_2615,True,road_2_2_1_2,459.24
260,4,False,road_2_2_2_0,394.57785140230794
260,fake_intersection_1_2_N_1_2574,True,road_2_2_2_1,618.24
260,fake_intersection_1_2_N_1_2575,True,road_2_2_2_1,619.24
260,fake_intersection_1_3_N_1_2578,True,road_2_3_2_1,618.24
260,fake_intersection_1_3_N_1_2579,True,road_2_3_2_1,619.24
260,49,False,road_2_4_0_0,180.12580571800163
260,17,False,road_2_4_0_0,757.744641265477
260,7,False,road_2_4_0_0,772.2163388126064
260,64,False,road_2_4_0_1,177.4556971358848
260,53,False,road_2_4_0_1,622.00266660286
260,9,False,road_2_4_0_1,655.5947739567879
260,51,False,road_2_4_0_1,739.8725502049591
260,83,False,road_2_4_0_2,7.9460738545371505
260,10,False,road_2_4_1_0,472.5927974502873
260,46,False,road_2_4_1_0,513.9753432973915
260,fake_intersection_1_4_N_1_2590,True,road_2_4_2_1,618.24
260,fake_intersection_1_4_N_1_2591,True,road_2_4_2_1,619.24
260,fake_intersection_1_4_N_2_2592,True,road_2_4_2_2,618.24
260,fake_intersection_1_4_N_2_2593,True,road_2_4_2_2,619.24
260,71,False,road_2_4_3_0,169.35501889750475
260,72,False,road_2_4_3_1,81.17422196777146
260,39,False,road_2_4_3_1,409.79247224382937
260,fake_intersection_2_3_E_1_2608,True,road_2_4_3_1,458.24
260,fake_intersection_2_3_E_1_2609,True,road_2_4_3_1,459.24
260,61,False,road_2_4_3_1,490.85096465909294
260,fake_intersection_2_3_E_2_2610,True,road_2_4_3_2,458.24
260,fake_intersection_2_3_E_2_2611,True,road_2_4_3_2,459.24
260,13,False,road_2_4_3_2,571.7989525068753
260,40,False,road_3_1_0_1,51.789966055341715
260,fake_intersection_4_1_S_1_2662,True,road_3_1_0_1,618.24
260,fake_intersection_4_1_S_1_2663,True,road_3_1_0_1,619.24
260,fake_intersection_2_1_N_1_2596,True,road_3_1_2_1,618.24
260,fake_intersection_2_1_N_1_2597,True,road_3_1_2_1,619.24
260,fake_intersection_2_1_N_2_2598,True,road_3_1_2_2,618.24
260,fake_intersection_2_1_N_2_2599,True,road_3_1_2_2,619.24
260,1,False,road_3_1_3_0,128.0926290291331
260,12,False,road_3_1_3_0,316.40834122438395
260,fake_intersection_4_2_S_1_2672,True,road_3_2_0_1,618.24
260,fake_intersection_4_2_S_1_2673,True,road_3_2_0_1,619.24
260,fake_intersection_4_2_S_2_2674,True,road_3_2_0_2,618.24
260,fake_intersection_4_2_S_2_2675,True,road_3_2_0_2,619.24
260,63,False,road_3_2_2_0,309.8616467908547
260,fake_intersection_2_2_N_1_2604,True,road_3_2_2_1,618.24
260,fake_intersection_2_2_N_1_2605,True,road_3_2_2_1,619.24
260,fake_intersection_4_3_S_1_2684,True,road_3_3_0_1,618.24
260,fake_intersection_4_3_S_1_2685,True,road_3_3_0_1,619.24
260,fake_intersection_4_3_S_2_2686,True,road_3_3_0_2,618.24
260,fake_intersection_4_3_S_2_2687,True,road_3_3_0_2,619.24
260,86,False,road_3_3_1_0,25.29860505705179
260,76,False,road_3_3_1_0,218.64799104748047
260,47,False,road_3_3_1_0,330.9262312480175
260,55,False,road_3_3_1_1,421.82165805054416
260,fake_intersection_3_4_W_1_2652,True,road_3_3_1_1,458.24
260,fake_intersection_3_4_W_1_2653,True,road_3_3_1_1,459.24
260,fake_intersection_3_4_W_2_2654,True,road_3_3_1_2,458.24
260,fake_intersection_3_4_W_2_2655,True,road_3_3_1_2,459.24
260,67,False,road_3_3_2_0,105.7244714301289
260,16,False,road_3_3_2_1,18.51489164180189
260,fake_intersection_2_3_N_1_2620,True,road_3_3_2_1,618.24
260,fake_intersection_2_3_N_1_2621,True,road_3_3_2_1,619.24
260,35,False,road_3_3_2_1,739.1568706574524
260,fake_intersection_2_3_N_2_2622,True,road_3_3_2_2,618.24
260,fake_intersection_2_3_N_2_2623,True,road_3_3_2_2,619.24
260,37,False,road_3_4_0_0,219.75994440990218
260,fake_intersection_4_4_S_1_2692,True,road_3_4_0_1,618.24
260,fake_intersection_4_4_S_1_2693,True,road_3_4_0_1,619.24
260,fake_intersection_4_4_S_2_2694,True,road_3_4_0_2,618.24
260,fake_intersection_4_4_S_2_2695,True,road_3_4_0_2,619.24
260,70,False,road_3_4_1_0,276.0146044633897
260,99,False,road_3_4_2_0,0.6886237761809788
260,65,False,road_3_4_2_0,62.2367151466194
260,52,False,road_3_4_2_0,474.238055313618
260,26,False,road_3_4_2_0,597.2824273406824
260,43,False,road_3_4_2_0,657.1269234624687
260,87,False,road_3_4_2_1,49.802021720893734
260,fake_intersection_2_4_N_1_2628,True,road_3_4_2_1,618.24
260,fake_intersection_2_4_N_1_2629,True,road_3_4_2_1,619.24
260,2,False,road_3_4_2_1,771.7989856599391
260,fake_intersection_2_4_N_2_2630,True,road_3_4_2_2,618.24
260,fake_intersection_2_4_N_2_2631,True,road_3_4_2_2,619.24
260,30,False,road_3_4_2_2,771.7989155793821
260,fake_intersection_3_4_E_1_2648,True,road_3_5_3_1,469.12
260,fake_intersection_3_4_E_1_2649,True,road_3_5_3_1,470.12
260,197,False,road_4_0_1_0,101.08887986781781
260,189,False,road_4_0_1_0,241.4700489616347
260,177,False,road_4_0_1_1,400.4829232535093
260,167,False,road_4_0_1_1,524.0309209130479
260,157,False,road_4_0_1_1,532.8917777146379
260,126,False,road_4_0_1_1,540.3928108174321
260,105,False,road_4_0_1_1,547.893889531255
260,74,False,road_4_0_1_1,555.3949021430782
260,54,False,road_4_0_1_1,562.8959063652395
260,34,False,road_4_0_1_1,570.3969147075832
260,24,False,road_4_0_1_1,577.8979283857836
260,0,False,road_4_0_1_1,585.3989359199275
260,137,False,road_4_0_1_2,555.3948058329993
260,116,False,road_4_0_1_2,562.895840395373
260,97,False,road_4_0_1_2,570.3968432332485
260,45,False,road_4_0_1_2,577.89793789554
260,14,False,road_4_0_1_2,585.3989444162426
260,145,False,road_4_1_0_0,314.8561495729767
260,fake_intersection_4_2_W_1_2668,True,road_4_1_1_1,458.24
260,fake_intersection_4_2_W_1_2669,True,road_4_1_1_1,459.24
260,fake_intersection_4_2_W_2_2670,True,road_4_1_1_2,458.24
260,fake_intersection_4_2_W_2_2671,True,road_4_1_1_2,459.24
260,fake_intersection_3_1_N_1_2632,True,road_4_1_2_1,618.24
260,fake_intersection_3_1_N_1_2633,True,road_4_1_2_1,619.24
260,fake_intersection_3_1_N_2_2634,True,road_4_1_2_2,618.24
260,fake_intersection_3_1_N_2_2635,True,road_4_1_2_2,619.24
260,121,False,road_4_2_2_0,473.8286727223954
260,152,False,road_4_2_2_1,27.7073156053456
260,91,False,road_4_2_2_1,564.0666140802074
260,fake_intersection_3_2_N_1_2640,True,road_4_2_2_1,618.24
260,fake_intersection_3_2_N_1_2641,True,road_4_2_2_1,619.24
260,fake_intersection_4_1_E_1_2656,True,road_4_2_3_1,458.24
260,fake_intersection_4_1_E_1_2657,True,road_4_2_3_1,459.24
260,fake_intersection_4_1_E_2_2658,True,road_4_2_3_2,458.24
260,fake_intersection_4_1_E_2_2659,True,road_4_2_3_2,459.24
260,147,False,road_4_3_1_1,1.7771391156619885
260,fake_intersection_4_4_W_1_2688,True,road_4_3_1_1,458.24
260,fake_intersection_4_4_W_1_2689,True,road_4_3_1_1,459.24
260,25,False,road_4_3_1_1,564.297900083199
260,15,False,road_4_3_1_1,571.7989997397917
260,fake_intersection_4_4_W_2_2690,True,road_4_3_1_2,458.24
260,fake_intersection_4_4_W_2_2691,True,road_4_3_1_2,459.24
260,fake_intersection_3_3_N_1_2644,True,road_4_3_2_1,618.24
260,fake_intersection_3_3_N_1_2645,True,road_4_3_2_1,619.24
260,fake_intersection_3_3_N_2_2646,True,road_4_3_2_2,618.24
260,fake_intersection_3_3_N_2_2647,True,road_4_3_2_2,619.24
260,117,False,road_4_3_3_1,415.3564570991324
260,fake_intersection_4_2_E_1_2676,True,road_4_3_3_1,458.24
260,fake_intersection_4_2_E_1_2677,True,road_4_3_3_1,459.24
260,107,False,road_4_3_3_1,571.7159786900228
260,fake_intersection_4_2_E_2_2678,True,road_4_3_3_2,458.24
260,fake_intersection_4_2_E_2_2679,True,road_4_3_3_2,459.24
260,98,False,road_4_4_0_0,274.1444902682164
260,141,False,road_4_4_1_0,223.6434264625573
260,135,False,road_4_4_2_0,156.79751873004915
260,131,False,road_4_4_2_0,284.9014788099252
260,125,False,road_4_4_2_0,437.3834149911865
260,109,False,road_4_4_2_0,455.54094042817223
260,114,False,road_4_4_2_0,489.9387778854862
260,103,False,road_4_4_2_0,509.1610618463906
260,119,False,road_4_4_2_1,443.84093730555287
260,92,False,road_4_4_2_1,463.95063202172634
260,fake_intersection_3_4_N_2_2650,True,road_4_4_2_2,618.24
260,fake_intersection_3_4_N_2_2651,True,road_4_4_2_2,619.24
260,81,False,road_4_4_2_2,771.7989874836612
260,fake_intersection_4_4_E_1_2696,True,road_4_5_3_1,469.12
260,fake_intersection_4_4_E_1_2697,True,road_4_5_3_1,470.12
260,fake_intersection_4_1_N_1_2660,True,road_5_1_2_1,629.12
260,fake_intersection_4_1_N_1_2661,True,road_5_1_2_1,630.12
260,208,False,road_5_2_2_0,5.1
260,180,False,road_5_2_2_0,432.5272041588832
260,fake_intersection_4_2_N_1_2664,True,road_5_2_2_1,629.12
260,fake_intersection_4_2_N_1_2665,True,road_5_2_2_1,630.12
260,fake_intersection_4_2_N_2_2666,True,road_5_2_2_2,629.12
260,fake_intersection_4_2_N_2_2667,True,road_5_2_2_2,630.12
260,198,False,road_5_3_2_0,112.0772800339288
260,190,False,road_5_3_2_0,240.527725573535
260,178,False,road_5_3_2_0,439.0533937260946
260,169,False,road_5_3_2_0,502.50831471865155
260,158,False,road_5_3_2_1,609.861306294983
260,fake_intersection_4_3_N_1_2680,True,road_5_3_2_1,629.12
260,fake_intersection_4_3_N_1_2681,True,road_5_3_2_1,630.12
260,138,False,road_5_3_2_1,777.8978984179388
260,128,False,road_5_3_2_1,785.3989748901633
260,fake_intersection_4_3_N_2_2682,True,road_5_3_2_2,629.12
260,fake_intersection_4_3_N_2_2683,True,road_5_3_2_2,630.12
260,201,False,road_5_4_2_0,67.42872238273709
260,196,False,road_5_4_2_0,155.60628039847015
260,192,False,road_5_4_2_0,245.1332625722117
260,187,False,road_5_4_2_0,265.9588007231547
260,174,False,road_5_4_2_0,422.3770184668329
260,171,False,road_5_4_2_0,463.30318708550163
260,154,False,road_5_4_2_0,785.2328293819213
260,206,False,road_5_4_2_1,5.1
260,181,False,road_5_4_2_1,384.6917919489087
260,fake_intersection_4_4_N_1_2698,True,road_5_4_2_1,629.12
260,fake_intersection_4_4_N_1_2699,True,road_5_4_2_1,630.12
260,163,False,road_5_4_2_1,667.9120591250366
260,159,False,road_5_4_2_1,763.2356613985977
260,fake_intersection_4_4_N_2_2700,True,road_5_4_2_2,629.12
260,fake_intersection_4_4_N_2_2701,True,road_5_4_2_2,630.12
260,146,False,road_5_4_2_2,708.2741904909191
270,138,False,:intersection_4_3_12_0,6.890265835590106
270,128,False,:intersection_4_3_12_1,24.924011931446557
270,200,False,road_0_1_0_0,194.8608465268917
270,193,False,road_0_1_0_0,328.59059787606833
270,184,False,road_0_1_0_0,389.1505956813788
270,175,False,road_0_1_0_0,471.1455194300729
270,170,False,road_0_1_0_0,681.3415990503372
270,210,False,road_0_1_0_1,109.52379639029823
270,fake_intersection_1_1_S_1_2706,True,road_0_1_0_1,629.12
270,fake_intersection_1_1_S_1_2707,True,road_0_1_0_1,630.12
270,161,False,road_0_1_0_1,780.9527398646989
270,fake_intersection_1_1_S_2_2708,True,road_0_1_0_2,629.12
270,fake_intersection_1_1_S_2_2709,True,road_0_1_0_2,630.12
270,207,False,road_0_2_0_0,105.77118493942386
270,179,False,road_0_2_0_0,532.3126406443176
270,fake_intersection_1_2_S_1_2714,True,road_0_2_0_1,629.12
270,fake_intersection_1_2_S_1_2715,True,road_0_2_0_1,630.12
270,90,False,road_0_2_0_2,785.3989562573796
270,fake_intersection_1_3_S_1_2722,True,road_0_3_0_1,629.12
270,fake_intersection_1_3_S_1_2723,True,road_0_3_0_1,630.12
270,fake_intersection_1_3_S_2_2724,True,road_0_3_0_2,629.12
270,fake_intersection_1_3_S_2_2725,True,road_0_3_0_2,630.12
270,215,False,road_0_4_0_0,16.71278912225911
270,199,False,road_0_4_0_0,184.25356875434863
270,195,False,road_0_4_0_0,207.635971654857
270,191,False,road_0_4_0_0,318.95468636900966
270,188,False,road_0_4_0_0,369.01700843549827
270,183,False,road_0_4_0_0,469.53759855670836
270,172,False,road_0_4_0_0,536.7919085813007
270,173,False,road_0_4_0_0,637.6358841536045
270,162,False,road_0_4_0_0,722.1797190702432
270,211,False,road_0_4_0_1,96.96343198590392
270,205,False,road_0_4_0_1,136.22480669540607
270,194,False,road_0_4_0_1,299.0877192574757
270,182,False,road_0_4_0_1,484.31153777592516
270,176,False,road_0_4_0_1,557.5385322825344
270,168,False,road_0_4_0_1,630.8279125204223
270,160,False,road_0_4_0_1,660.3174023891766
270,144,False,road_0_4_0_1,676.3026244221402
270,153,False,road_0_4_0_1,695.3864589816382
270,150,False,road_0_4_0_1,702.8875679582106
270,136,False,road_0_4_0_1,710.3885682058954
270,134,False,road_0_4_0_1,717.8896286855951
270,124,False,road_0_4_0_1,725.3906795288144
270,122,False,road_0_4_0_1,732.8916847075485
270,110,False,road_0_4_0_1,740.3927232092798
270,104,False,road_0_4_0_1,747.8937613144855
270,108,False,road_0_4_0_1,755.3948052307136
270,101,False,road_0_4_0_1,762.8958260133331
270,96,False,road_0_4_0_1,770.3968573601849
270,88,False,road_0_4_0_1,777.8978713079902
270,85,False,road_0_4_0_1,785.3989423730433
270,213,False,road_0_4_0_2,46.71104213953386
270,202,False,road_0_4_0_2,180.61584150519639
270,164,False,road_0_4_0_2,707.1908268332453
270,130,False,road_0_4_0_2,747.8936636388514
270,115,False,road_0_4_0_2,755.3947232832312
270,118,False,road_0_4_0_2,762.8957352768861
270,93,False,road_0_4_0_2,770.3967848125803
270,69,False,road_0_4_0_2,777.8978382833536
270,11,False,road_0_4_0_2,785.3989329663273
270,203,False,road_1_0_1_0,165.32641135246845
270,185,False,road_1_0_1_1,357.2484525291095
270,fake_intersection_1_1_W_1_2702,True,road_1_0_1_1,469.12
270,fake_intersection_1_1_W_1_2703,True,road_1_0_1_1,470.12
270,165,False,road_1_0_1_1,540.3927884506427
270,132,False,road_1_0_1_1,547.8937909747438
270,111,False,road_1_0_1_1,555.3948667829765
270,77,False,road_1_0_1_1,562.8959161743535
270,57,False,road_1_0_1_1,570.396940022553
270,21,False,road_1_0_1_1,577.8979891971964
270,5,False,road_1_0_1_1,585.3989922544721
270,fake_intersection_1_1_W_2_2704,True,road_1_0_1_2,469.12
270,fake_intersection_1_1_W_2_2705,True,road_1_0_1_2,470.12
270,148,False,road_1_1_0_0,257.2926092965196
270,113,False,road_1_1_0_0,555.7795950823937
270,143,False,road_1_1_0_1,250.11854129264722
270,fake_intersection_2_1_S_1_2734,True,road_1_1_0_1,618.24
270,fake_intersection_2_1_S_1_2735,True,road_1_1_0_1,619.24
270,fake_intersection_2_1_S_2_2736,True,road_1_1_0_2,618.24
270,fake_intersection_2_1_S_2_2737,True,road_1_1_0_2,619.24
270,50,False,road_1_1_1_0,330.6952639745702
270,123,False,road_1_1_1_0,375.68100249805224
270,44,False,road_1_1_1_0,435.5855371647606
270,155,False,road_1_1_3_0,119.70234570338363
270,139,False,road_1_1_3_0,178.76526434839147
270,129,False,road_1_1_3_0,337.32827082609066
270,151,False,road_1_2_0_0,80.79686450122058
270,120,False,road_1_2_0_1,372.76828718202296
270,fake_intersection_2_2_S_1_2740,True,road_1_2_0_1,618.24
270,fake_intersection_2_2_S_1_2741,True,road_1_2_0_1,619.24
270,fake_intersection_1_3_W_1_2718,True,road_1_2_1_1,458.24
270,fake_intersection_1_3_W_1_2719,True,road_1_2_1_1,459.24
270,fake_intersection_1_3_W_2_2720,True,road_1_2_1_2,458.24
270,fake_intersection_1_3_W_2_2721,True,road_1_2_1_2,459.24
270,3,False,road_1_2_3_1,571.7989139280962
270,fake_intersection_1_1_E_2_2710,True,road_1_2_3_2,458.24
270,fake_intersection_1_1_E_2_2711,True,road_1_2_3_2,459.24
270,fake_intersection_2_3_S_1_2750,True,road_1_3_0_1,618.24
270,fake_intersection_2_3_S_1_2751,True,road_1_3_0_1,619.24
270,fake_intersection_2_3_S_2_2752,True,road_1_3_0_2,618.24
270,fake_intersection_2_3_S_2_2753,True,road_1_3_0_2,619.24
270,fake_intersection_1_4_W_2_2732,True,road_1_3_1_2,458.24
270,fake_intersection_1_4_W_2_2733,True,road_1_3_1_2,459.24
270,78,False,road_1_3_2_0,134.66116243707089
270,95,False,road_1_3_2_0,165.3691969486547
270,58,False,road_1_3_2_0,193.68341323035898
270,fake_intersection_2_4_S_1_2758,True,road_1_4_0_1,618.24
270,fake_intersection_2_4_S_1_2759,True,road_1_4_0_1,619.24
270,fake_intersection_2_4_S_2_2760,True,road_1_4_0_2,618.24
270,fake_intersection_2_4_S_2_2761,True,road_1_4_0_2,619.24
270,156,False,road_1_4_3_0,70.48816227168457
270,127,False,road_1_4_3_0,149.47290297731652
270,149,False,road_1_4_3_0,295.280431279424
270,166,False,road_1_4_3_1,44.30848983487928
270,142,False,road_1_4_3_1,105.79196614342584
270,140,False,road_1_4_3_1,176.59528827053634
270,133,False,road_1_4_3_1,511.78926210983633
270,102,False,road_1_4_3_1,519.2917106439144
270,41,False,road_1_4_3_1,526.7927259146885
270,6,False,road_1_4_3_1,534.29374921195
270,80,False,road_1_4_3_1,541.7947712089742
270,79,False,road_1_4_3_1,549.2958273446126
270,56,False,road_1_4_3_1,556.7968742998352
270,23,False,road_1_4_3_1,564.297910843412
270,27,False,road_1_4_3_1,571.7989478475426
270,22,False,road_1_4_3_2,564.2979288645467
270,19,False,road_1_4_3_2,571.7989847505228
270,204,False,road_1_5_3_0,185.75478170117157
270,186,False,road_1_5_3_2,445.20404156664455
270,fake_intersection_1_4_E_2_2726,True,road_1_5_3_2,469.12
270,fake_intersection_1_4_E_2_2727,True,road_1_5_3_2,470.12
270,82,False,road_2_1_0_0,196.26526225386465
270,94,False,road_2_1_0_0,350.3254551793475
270,100,False,road_2_1_0_1,57.48372551505227
270,59,False,road_2_1_0_1,401.4365230971811
270,fake_intersection_3_1_S_1_2762,True,road_2_1_0_1,618.24
270,fake_intersection_3_1_S_1_2763,True,road_2_1_0_1,619.24
270,fake_intersection_3_1_S_2_2764,True,road_2_1_0_2,618.24
270,fake_intersection_3_1_S_2_2765,True,road_2_1_0_2,619.24
270,32,False,road_2_1_2_0,242.60193118669636
270,89,False,road_2_1_3_0,97.02640520780383
270,73,False,road_2_1_3_0,373.91911293515454
270,68,False,road_2_1_3_0,436.365530928868
270,62,False,road_2_2_0_0,461.06410650538305
270,fake_intersection_3_2_S_2_2766,True,road_2_2_0_2,618.24
270,fake_intersection_3_2_S_2_2767,True,road_2_2_0_2,619.24
270,fake_intersection_2_3_W_1_2746,True,road_2_2_1_1,458.24
270,fake_intersection_2_3_W_1_2747,True,road_2_2_1_1,459.24
270,33,False,road_2_2_1_1,466.9306379109989
270,fake_intersection_2_3_W_2_2748,True,road_2_2_1_2,458.24
270,fake_intersection_2_3_W_2_2749,True,road_2_2_1_2,459.24
270,4,False,road_2_2_2_0,504.02018171937766
270,fake_intersection_1_2_N_1_2712,True,road_2_2_2_1,618.24
270,fake_intersection_1_2_N_1_2713,True,road_2_2_2_1,619.24
270,fake_intersection_1_3_N_1_2716,True,road_2_3_2_1,618.24
270,fake_intersection_1_3_N_1_2717,True,road_2_3_2_1,619.24
270,35,False,road_2_3_2_2,44.76838680828836
270,49,False,road_2_4_0_0,269.407474188614
270,83,False,road_2_4_0_1,109.54913369396536
270,64,False,road_2_4_0_1,277.3026687267387
270,fake_intersection_3_4_S_1_2772,True,road_2_4_0_1,618.24
270,fake_intersection_3_4_S_1_2773,True,road_2_4_0_1,619.24
270,53,False,road_2_4_0_1,726.8407472622692
270,9,False,road_2_4_0_1,745.2572871756779
270,fake_intersection_3_4_S_2_2774,True,road_2_4_0_2,618.24
270,fake_intersection_3_4_S_2_2775,True,road_2_4_0_2,619.24
270,fake_intersection_1_4_N_1_2728,True,road_2_4_2_1,618.24
270,fake_intersection_1_4_N_1_2729,True,road_2_4_2_1,619.24
270,fake_intersection_1_4_N_2_2730,True,road_2_4_2_2,618.24
270,fake_intersection_1_4_N_2_2731,True,road_2_4_2_2,619.24
270,71,False,road_2_4_3_0,271.86718888971376
270,72,False,road_2_4_3_1,178.92934795574885
270,fake_intersection_2_3_E_1_2754,True,road_2_4_3_1,458.24
270,fake_intersection_2_3_E_1_2755,True,road_2_4_3_1,459.24
270,39,False,road_2_4_3_1,505.7494199689771
270,61,False,road_2_4_3_1,571.7817193527358
270,fake_intersection_2_3_E_2_2756,True,road_2_4_3_2,458.24
270,fake_intersection_2_3_E_2_2757,True,road_2_4_3_2,459.24
270,13,False,road_2_4_3_2,571.7989525068753
270,18,False,road_3_1_0_0,23.77690023874428
270,40,False,road_3_1_0_0,159.34146662662855
270,fake_intersection_4_1_S_1_2790,True,road_3_1_0_1,618.24
270,fake_intersection_4_1_S_1_2791,True,road_3_1_0_1,619.24
270,1,False,road_3_1_3_0,229.38851835898947
270,12,False,road_3_1_3_0,426.5445899303349
270,fake_intersection_4_2_S_1_2800,True,road_3_2_0_1,618.24
270,fake_intersection_4_2_S_1_2801,True,road_3_2_0_1,619.24
270,fake_intersection_4_2_S_2_2802,True,road_3_2_0_2,618.24
270,fake_intersection_4_2_S_2_2803,True,road_3_2_0_2,619.24
270,63,False,road_3_2_2_0,414.54219382121494
270,fake_intersection_2_2_N_1_2738,True,road_3_2_2_1,618.24
270,fake_intersection_2_2_N_1_2739,True,road_3_2_2_1,619.24
270,fake_intersection_4_3_S_1_2812,True,road_3_3_0_1,618.24
270,fake_intersection_4_3_S_1_2813,True,road_3_3_0_1,619.24
270,fake_intersection_4_3_S_2_2814,True,road_3_3_0_2,618.24
270,fake_intersection_4_3_S_2_2815,True,road_3_3_0_2,619.24
270,86,False,road_3_3_1_0,127.65829289964242
270,47,False,road_3_3_1_0,425.88236715970584
270,76,False,road_3_3_1_1,328.0102311253458
270,fake_intersection_3_4_W_1_2778,True,road_3_3_1_1,458.24
270,fake_intersection_3_4_W_1_2779,True,road_3_3_1_1,459.24
270,55,False,road_3_3_1_1,525.8601901402791
270,fake_intersection_3_4_W_2_2780,True,road_3_3_1_2,458.24
270,fake_intersection_3_4_W_2_2781,True,road_3_3_1_2,459.24
270,16,False,road_3_3_2_0,108.15173616623827
270,67,False,road_3_3_2_0,201.06509378526354
270,fake_intersection_2_3_N_1_2742,True,road_3_3_2_1,618.24
270,fake_intersection_2_3_N_1_2743,True,road_3_3_2_1,619.24
270,fake_intersection_2_3_N_2_2744,True,road_3_3_2_2,618.24
270,fake_intersection_2_3_N_2_2745,True,road_3_3_2_2,619.24
270,51,False,road_3_4_0_0,64.2823336076702
270,37,False,road_3_4_0_0,344.95234675827436
270,fake_intersection_4_4_S_1_2824,True,road_3_4_0_1,618.24
270,fake_intersection_4_4_S_1_2825,True,road_3_4_0_1,619.24
270,fake_intersection_4_4_S_2_2826,True,road_3_4_0_2,618.24
270,fake_intersection_4_4_S_2_2827,True,road_3_4_0_2,619.24
270,70,False,road_3_4_1_0,382.4348880205311
270,99,False,road_3_4_2_0,116.25036690082997
270,65,False,road_3_4_2_0,153.77359336132022
270,26,False,road_3_4_2_0,693.775933765117
270,43,False,road_3_4_2_0,765.2820228269803
270,87,False,road_3_4_2_1,159.3283269405793
270,52,False,road_3_4_2_1,580.8881254374672
270,2,False,road_3_4_2_1,771.7989856599391
270,30,False,road_3_4_2_2,771.7989155793821
270,7,False,road_3_4_3_0,71.3309655882538
270,17,False,road_3_4_3_1,49.69988673731518
270,fake_intersection_3_4_E_1_2782,True,road_3_5_3_1,469.12
270,fake_intersection_3_4_E_1_2783,True,road_3_5_3_1,470.12
270,209,False,road_4_0_1_0,97.29033034049863
270,197,False,road_4_0_1_0,189.98847337813623
270,189,False,road_4_0_1_1,344.13313518985507
270,177,False,road_4_0_1_1,509.5596352942986
270,167,False,road_4_0_1_1,525.3906963933313
270,157,False,road_4_0_1_1,532.8917777146379
270,126,False,road_4_0_1_1,540.3928108174321
270,105,False,road_4_0_1_1,547.893889531255
270,74,False,road_4_0_1_1,555.3949021430782
270,54,False,road_4_0_1_1,562.8959063652395
270,34,False,road_4_0_1_1,570.3969147075832
270,24,False,road_4_0_1_1,577.8979283857836
270,0,False,road_4_0_1_1,585.3989359199275
270,137,False,road_4_0_1_2,555.3948058329993
270,116,False,road_4_0_1_2,562.895840395373
270,97,False,road_4_0_1_2,570.3968432332485
270,45,False,road_4_0_1_2,577.89793789554
270,14,False,road_4_0_1_2,585.3989444162426
270,145,False,road_4_1_0_0,433.6192989884345
270,fake_intersection_4_2_W_1_2796,True,road_4_1_1_1,458.24
270,fake_intersection_4_2_W_1_2797,True,road_4_1_1_1,459.24
270,fake_intersection_4_2_W_2_2798,True,road_4_1_1_2,458.24
270,fake_intersection_4_2_W_2_2799,True,road_4_1_1_2,459.24
270,152,False,road_4_2_2_0,140.145587131875
270,121,False,road_4_2_2_1,589.9229649388953
270,91,False,road_4_2_2_1,656.578140441161
270,fake_intersection_4_1_E_1_2784,True,road_4_2_3_1,458.24
270,fake_intersection_4_1_E_1_2785,True,road_4_2_3_1,459.24
270,fake_intersection_4_1_E_2_2786,True,road_4_2_3_2,458.24
270,fake_intersection_4_1_E_2_2787,True,road_4_2_3_2,459.24
270,147,False,road_4_3_1_0,105.58382943418934
270,fake_intersection_4_4_W_1_2820,True,road_4_3_1_1,458.24
270,fake_intersection_4_4_W_1_2821,True,road_4_3_1_1,459.24
270,25,False,road_4_3_1_1,564.297900083199
270,15,False,road_4_3_1_1,571.7989997397917
270,fake_intersection_4_4_W_2_2822,True,road_4_3_1_2,458.24
270,fake_intersection_4_4_W_2_2823,True,road_4_3_1_2,459.24
270,fake_intersection_3_3_N_1_2768,True,road_4_3_2_1,618.24
270,fake_intersection_3_3_N_1_2769,True,road_4_3_2_1,619.24
270,fake_intersection_3_3_N_2_2770,True,road_4_3_2_2,618.24
270,fake_intersection_3_3_N_2_2771,True,road_4_3_2_2,619.24
270,fake_intersection_4_2_E_1_2804,True,road_4_3_3_1,458.24
270,fake_intersection_4_2_E_1_2805,True,road_4_3_3_1,459.24
270,117,False,road_4_3_3_1,520.0889236051166
270,107,False,road_4_3_3_1,571.7989339901593
270,fake_intersection_4_2_E_2_2806,True,road_4_3_3_2,458.24
270,fake_intersection_4_2_E_2_2807,True,road_4_3_3_2,459.24
270,98,False,road_4_4_0_0,390.0096982068589
270,154,False,road_4_4_1_0,90.10603241918896
270,141,False,road_4_4_1_0,345.5818091977337
270,159,False,road_4_4_2_0,68.70139140333062
270,135,False,road_4_4_2_0,262.02925148530863
270,131,False,road_4_4_2_0,397.00689629757824
270,125,False,road_4_4_2_0,538.4761423183405
270,114,False,road_4_4_2_0,600.1327668110196
270,119,False,road_4_4_2_1,529.8185820342161
270,92,False,road_4_4_2_1,543.7258519599108
270,109,False,road_4_4_2_1,556.1476166015433
270,103,False,road_4_4_2_1,610.8626256784113
270,fake_intersection_3_4_N_2_2776,True,road_4_4_2_2,618.24
270,fake_intersection_3_4_N_2_2777,True,road_4_4_2_2,619.24
270,81,False,road_4_4_2_2,771.7989874836612
270,fake_intersection_4_4_E_1_2816,True,road_4_5_3_1,469.12
270,fake_intersection_4_4_E_1_2817,True,road_4_5_3_1,470.12
270,fake_intersection_4_4_E_2_2818,True,road_4_5_3_2,469.12
270,fake_intersection_4_4_E_2_2819,True,road_4_5_3_2,470.12
270,fake_intersection_4_1_N_1_2788,True,road_5_1_2_1,629.12
270,fake_intersection_4_1_N_1_2789,True,road_5_1_2_1,630.12
270,208,False,road_5_2_2_0,106.92226521038616
270,180,False,road_5_2_2_1,549.4691304412813
270,fake_intersection_4_2_N_1_2792,True,road_5_2_2_1,629.12
270,fake_intersection_4_2_N_1_2793,True,road_5_2_2_1,630.12
270,fake_intersection_4_2_N_2_2794,True,road_5_2_2_2,629.12
270,fake_intersection_4_2_N_2_2795,True,road_5_2_2_2,630.12
270,212,False,road_5_3_2_0,87.98043090862124
270,198,False,road_5_3_2_0,222.63926199505715
270,190,False,road_5_3_2_0,334.4735521405736
270,178,False,road_5_3_2_0,553.4155324457976
270,169,False,road_5_3_2_0,601.1807679713622
270,fake_intersection_4_3_N_1_2808,True,road_5_3_2_1,629.12
270,fake_intersection_4_3_N_1_2809,True,road_5_3_2_1,630.12
270,158,False,road_5_3_2_1,703.6772418428704
270,fake_intersection_4_3_N_2_2810,True,road_5_3_2_2,629.12
270,fake_intersection_4_3_N_2_2811,True,road_5_3_2_2,630.12
270,214,False,road_5_4_2_0,29.572276039551017
270,201,False,road_5_4_2_0,158.1526573369187
270,196,False,road_5_4_2_0,264.9842494072167
270,187,False,road_5_4_2_0,359.16122739439237
270,206,False,road_5_4_2_1,109.89619805733464
270,192,False,road_5_4_2_1,360.22036051404416
270,181,False,road_5_4_2_1,491.39970969044174
270,174,False,road_5_4_2_1,522.4969563540794
270,171,False,road_5_4_2_1,557.3169925278687
270,fake_intersection_4_4_N_1_2828,True,road_5_4_2_1,629.12
270,fake_intersection_4_4_N_1_2829,True,road_5_4_2_1,630.12
270,163,False,road_5_4_2_1,785.3627124360211
270,fake_intersection_4_4_N_2_2830,True,road_5_4_2_2,629.12
270,fake_intersection_4_4_N_2_2831,True,road_5_4_2_2,630.12
270,146,False,road_5_4_2_2,785.3894477765754
280,170,False,:intersection_1_1_27_0,2.692520469875376
280,26,False,:intersection_2_4_9_0,5.345821859327355
280,158,False,:intersection_4_3_12_1,10.528560522671555
280,216,False,road_0_1_0_0,95.46881348760839
280,210,False,road_0_1_0_0,226.87373698674247
280,200,False,road_0_1_0_0,293.54897609617854
280,193,False,road_0_1_0_0,439.85071119349533
280,184,False,road_0_1_0_0,487.41466522024905
280,175,False,road_0_1_0_1,567.3159965459578
280,fake_intersection_1_1_S_1_2836,True,road_0_1_0_1,629.12
280,fake_intersection_1_1_S_1_2837,True,road_0_1_0_1,630.12
280,fake_intersection_1_1_S_2_2838,True,road_0_1_0_2,629.12
280,fake_intersection_1_1_S_2_2839,True,road_0_1_0_2,630.12
280,207,False,road_0_2_0_0,207.62330859272893
280,179,False,road_0_2_0_0,645.374080326109
280,fake_intersection_1_2_S_1_2842,True,road_0_2_0_1,629.12
280,fake_intersection_1_2_S_1_2843,True,road_0_2_0_1,630.12
280,90,False,road_0_2_0_2,785.3989562573796
280,fake_intersection_1_3_S_1_2850,True,road_0_3_0_1,629.12
280,fake_intersection_1_3_S_1_2851,True,road_0_3_0_1,630.12
280,fake_intersection_1_3_S_2_2852,True,road_0_3_0_2,629.12
280,fake_intersection_1_3_S_2_2853,True,road_0_3_0_2,630.12
280,217,False,road_0_4_0_0,83.93956494068712
280,215,False,road_0_4_0_0,129.81353198623324
280,211,False,road_0_4_0_0,205.6829904396907
280,199,False,road_0_4_0_0,270.612899704677
280,195,False,road_0_4_0_0,295.0735947001726
280,183,False,road_0_4_0_0,584.212287838049
280,172,False,road_0_4_0_0,630.0889563471522
280,173,False,road_0_4_0_0,757.7410477570097
280,223,False,road_0_4_0_1,24.412484972792207
280,213,False,road_0_4_0_1,162.60194340976648
280,205,False,road_0_4_0_1,245.69012288304873
280,202,False,road_0_4_0_1,290.8190550378836
280,194,False,road_0_4_0_1,399.21829857581787
280,191,False,road_0_4_0_1,416.6344639230431
280,188,False,road_0_4_0_1,469.4361877840551
280,182,False,road_0_4_0_1,590.455686235139
280,176,False,road_0_4_0_1,664.1114983092704
280,168,False,road_0_4_0_1,672.882567435729
280,160,False,road_0_4_0_1,680.3845109654097
280,144,False,road_0_4_0_1,687.8855201007306
280,153,False,road_0_4_0_1,695.3865616417746
280,150,False,road_0_4_0_1,702.8875679582106
280,136,False,road_0_4_0_1,710.3885682058954
280,134,False,road_0_4_0_1,717.8896286855951
280,124,False,road_0_4_0_1,725.3906795288144
280,122,False,road_0_4_0_1,732.8916847075485
280,110,False,road_0_4_0_1,740.3927232092798
280,104,False,road_0_4_0_1,747.8937613144855
280,108,False,road_0_4_0_1,755.3948052307136
280,101,False,road_0_4_0_1,762.8958260133331
280,96,False,road_0_4_0_1,770.3968573601849
280,88,False,road_0_4_0_1,777.8978713079902
280,85,False,road_0_4_0_1,785.3989423730433
280,164,False,road_0_4_0_2,740.3926613285573
280,130,False,road_0_4_0_2,747.8936636388514
280,115,False,road_0_4_0_2,755.3947232832312
280,118,False,road_0_4_0_2,762.8957352768861
280,93,False,road_0_4_0_2,770.3967848125803
280,69,False,road_0_4_0_2,777.8978382833536
280,11,False,road_0_4_0_2,785.3989329663273
280,221,False,road_1_0_1_0,42.02301787479851
280,203,False,road_1_0_1_1,281.4032791173532
280,185,False,road_1_0_1_1,454.02542766887774
280,fake_intersection_1_1_W_1_2832,True,road_1_0_1_1,469.12
280,fake_intersection_1_1_W_1_2833,True,road_1_0_1_1,470.12
280,165,False,road_1_0_1_1,540.3927884506427
280,132,False,road_1_0_1_1,547.8937909747438
280,111,False,road_1_0_1_1,555.3948667829765
280,77,False,road_1_0_1_1,562.8959161743535
280,57,False,road_1_0_1_1,570.396940022553
280,21,False,road_1_0_1_1,577.8979891971964
280,5,False,road_1_0_1_1,585.3989922544721
280,fake_intersection_1_1_W_2_2834,True,road_1_0_1_2,469.12
280,fake_intersection_1_1_W_2_2835,True,road_1_0_1_2,470.12
280,161,False,road_1_1_0_0,79.675387601242
280,148,False,road_1_1_0_0,358.7480914390914
280,113,False,road_1_1_0_0,658.0200060246218
280,143,False,road_1_1_0_1,367.69062144520876
280,fake_intersection_2_1_S_1_2862,True,road_1_1_0_1,618.24
280,fake_intersection_2_1_S_1_2863,True,road_1_1_0_1,619.24
280,fake_intersection_2_1_S_2_2864,True,road_1_1_0_2,618.24
280,fake_intersection_2_1_S_2_2865,True,road_1_1_0_2,619.24
280,50,False,road_1_1_1_0,418.68103175305197
280,123,False,road_1_1_1_0,481.9235758316545
280,44,False,road_1_1_1_0,545.8036536559357
280,155,False,road_1_1_3_0,237.30679839041522
280,139,False,road_1_1_3_0,277.02530770674485
280,129,False,road_1_1_3_0,443.15488961950194
280,151,False,road_1_2_0_0,185.48041654049405
280,120,False,road_1_2_0_1,472.16656818109726
280,fake_intersection_2_2_S_1_2868,True,road_1_2_0_1,618.24
280,fake_intersection_2_2_S_1_2869,True,road_1_2_0_1,619.24
280,fake_intersection_1_3_W_1_2846,True,road_1_2_1_1,458.24
280,fake_intersection_1_3_W_1_2847,True,road_1_2_1_1,459.24
280,fake_intersection_1_3_W_2_2848,True,road_1_2_1_2,458.24
280,fake_intersection_1_3_W_2_2849,True,road_1_2_1_2,459.24
280,3,False,road_1_2_3_1,571.7989139280962
280,fake_intersection_2_3_S_1_2878,True,road_1_3_0_1,618.24
280,fake_intersection_2_3_S_1_2879,True,road_1_3_0_1,619.24
280,fake_intersection_2_3_S_2_2880,True,road_1_3_0_2,618.24
280,fake_intersection_2_3_S_2_2881,True,road_1_3_0_2,619.24
280,fake_intersection_1_4_W_2_2860,True,road_1_3_1_2,458.24
280,fake_intersection_1_4_W_2_2861,True,road_1_3_1_2,459.24
280,78,False,road_1_3_2_0,238.78009358063295
280,95,False,road_1_3_2_0,277.2439004919299
280,58,False,road_1_3_2_0,299.67467529097706
280,fake_intersection_2_4_S_1_2886,True,road_1_4_0_1,618.24
280,fake_intersection_2_4_S_1_2887,True,road_1_4_0_1,619.24
280,fake_intersection_2_4_S_2_2888,True,road_1_4_0_2,618.24
280,fake_intersection_2_4_S_2_2889,True,road_1_4_0_2,619.24
280,166,False,road_1_4_3_0,150.19586612769203
280,156,False,road_1_4_3_0,193.2110510497002
280,127,False,road_1_4_3_0,233.95526447675124
280,149,False,road_1_4_3_0,404.1968665770177
280,162,False,road_1_4_3_1,20.374797300065232
280,142,False,road_1_4_3_1,203.1622821412769
280,140,False,road_1_4_3_1,295.45112314801366
280,133,False,road_1_4_3_1,511.79065605503166
280,102,False,road_1_4_3_1,519.2917106439144
280,41,False,road_1_4_3_1,526.7927259146885
280,6,False,road_1_4_3_1,534.29374921195
280,80,False,road_1_4_3_1,541.7947712089742
280,79,False,road_1_4_3_1,549.2958273446126
280,56,False,road_1_4_3_1,556.7968742998352
280,23,False,road_1_4_3_1,564.297910843412
280,27,False,road_1_4_3_1,571.7989478475426
280,22,False,road_1_4_3_2,564.2979288645467
280,19,False,road_1_4_3_2,571.7989847505228
280,222,False,road_1_5_3_1,31.380189983494525
280,204,False,road_1_5_3_1,296.53742042582496
280,fake_intersection_1_4_E_2_2854,True,road_1_5_3_2,469.12
280,fake_intersection_1_4_E_2_2855,True,road_1_5_3_2,470.12
280,186,False,road_1_5_3_2,558.1739658433072
280,100,False,road_2_1_0_0,171.0943415369266
280,94,False,road_2_1_0_0,464.66415378709814
280,82,False,road_2_1_0_1,303.0217199273427
280,59,False,road_2_1_0_1,501.04625936543584
280,fake_intersection_3_1_S_1_2890,True,road_2_1_0_1,618.24
280,fake_intersection_3_1_S_1_2891,True,road_2_1_0_1,619.24
280,fake_intersection_3_1_S_2_2892,True,road_2_1_0_2,618.24
280,fake_intersection_3_1_S_2_2893,True,road_2_1_0_2,619.24
280,32,False,road_2_1_2_0,347.77330639137625
280,89,False,road_2_1_3_0,204.8661540830146
280,73,False,road_2_1_3_0,484.7174245802773
280,68,False,road_2_1_3_0,545.5153407086126
280,62,False,road_2_2_0_1,568.8314803544276
280,fake_intersection_3_2_S_2_2894,True,road_2_2_0_2,618.24
280,fake_intersection_3_2_S_2_2895,True,road_2_2_0_2,619.24
280,fake_intersection_2_3_W_1_2874,True,road_2_2_1_1,458.24
280,fake_intersection_2_3_W_1_2875,True,road_2_2_1_1,459.24
280,33,False,road_2_2_1_1,571.6031728291596
280,fake_intersection_2_3_W_2_2876,True,road_2_2_1_2,458.24
280,fake_intersection_2_3_W_2_2877,True,road_2_2_1_2,459.24
280,4,False,road_2_2_2_0,611.8080056315631
280,fake_intersection_1_2_N_1_2840,True,road_2_2_2_1,618.24
280,fake_intersection_1_2_N_1_2841,True,road_2_2_2_1,619.24
280,35,False,road_2_3_2_0,151.9336141578417
280,fake_intersection_1_3_N_1_2844,True,road_2_3_2_1,618.24
280,fake_intersection_1_3_N_1_2845,True,road_2_3_2_1,619.24
280,83,False,road_2_4_0_0,208.72092190836278
280,49,False,road_2_4_0_0,357.55611103953635
280,64,False,road_2_4_0_0,375.3062390784905
280,fake_intersection_3_4_S_1_2908,True,road_2_4_0_1,618.24
280,fake_intersection_3_4_S_1_2909,True,road_2_4_0_1,619.24
280,fake_intersection_3_4_S_2_2910,True,road_2_4_0_2,618.24
280,fake_intersection_3_4_S_2_2911,True,road_2_4_0_2,619.24
280,43,False,road_2_4_1_0,71.55531065035335
280,fake_intersection_1_4_N_1_2856,True,road_2_4_2_1,618.24
280,fake_intersection_1_4_N_1_2857,True,road_2_4_2_1,619.24
280,fake_intersection_1_4_N_2_2858,True,road_2_4_2_2,618.24
280,fake_intersection_1_4_N_2_2859,True,road_2_4_2_2,619.24
280,71,False,road_2_4_3_0,370.8059373642331
280,72,False,road_2_4_3_1,276.8148506954937
280,fake_intersection_2_3_E_1_2882,True,road_2_4_3_1,458.24
280,fake_intersection_2_3_E_1_2883,True,road_2_4_3_1,459.24
280,39,False,road_2_4_3_1,564.2969153205928
280,61,False,road_2_4_3_1,571.7989518358123
280,fake_intersection_2_3_E_2_2884,True,road_2_4_3_2,458.24
280,fake_intersection_2_3_E_2_2885,True,road_2_4_3_2,459.24
280,13,False,road_2_4_3_2,571.7989525068753
280,18,False,road_3_1_0_0,120.28362776064314
280,40,False,road_3_1_0_0,266.98654190710454
280,fake_intersection_4_1_S_1_2922,True,road_3_1_0_1,618.24
280,fake_intersection_4_1_S_1_2923,True,road_3_1_0_1,619.24
280,1,False,road_3_1_3_0,329.7408369276263
280,12,False,road_3_1_3_0,538.8416445142825
280,fake_intersection_4_2_S_1_2932,True,road_3_2_0_1,618.24
280,fake_intersection_4_2_S_1_2933,True,road_3_2_0_1,619.24
280,fake_intersection_4_2_S_2_2934,True,road_3_2_0_2,618.24
280,fake_intersection_4_2_S_2_2935,True,road_3_2_0_2,619.24
280,63,False,road_3_2_2_0,521.1751880794993
280,fake_intersection_2_2_N_1_2866,True,road_3_2_2_1,618.24
280,fake_intersection_2_2_N_1_2867,True,road_3_2_2_1,619.24
280,86,False,road_3_3_1_0,230.50011324199113
280,47,False,road_3_3_1_0,519.4859808169617
280,76,False,road_3_3_1_1,434.7890819890409
280,fake_intersection_3_4_W_1_2904,True,road_3_3_1_1,458.24
280,fake_intersection_3_4_W_1_2905,True,road_3_3_1_1,459.24
280,55,False,road_3_3_1_1,571.7989945757159
280,fake_intersection_3_4_W_2_2906,True,road_3_3_1_2,458.24
280,fake_intersection_3_4_W_2_2907,True,road_3_3_1_2,459.24
280,16,False,road_3_3_2_0,199.1814030237507
280,67,False,road_3_3_2_0,295.7631827922001
280,fake_intersection_2_3_N_1_2870,True,road_3_3_2_1,618.24
280,fake_intersection_2_3_N_1_2871,True,road_3_3_2_1,619.24
280,fake_intersection_2_3_N_2_2872,True,road_3_3_2_2,618.24
280,fake_intersection_2_3_N_2_2873,True,road_3_3_2_2,619.24
280,51,False,road_3_4_0_0,188.72028886853087
280,37,False,road_3_4_0_0,469.95773475854
280,9,False,road_3_4_0_1,36.79109362331168
280,53,False,road_3_4_0_2,20.16042118866526
280,70,False,road_3_4_1_0,490.901500910677
280,65,False,road_3_4_2_0,244.7548225653068
280,87,False,road_3_4_2_0,267.8271441778162
280,99,False,road_3_4_2_1,228.33275543962253
280,52,False,road_3_4_2_1,687.1649763399516
280,2,False,road_3_4_2_1,771.7989856599391
280,30,False,road_3_4_2_2,771.7989155793821
280,7,False,road_3_4_3_0,161.79267283936335
280,17,False,road_3_4_3_1,150.29011524637616
280,fake_intersection_3_4_E_1_2912,True,road_3_5_3_1,469.12
280,fake_intersection_3_4_E_1_2913,True,road_3_5_3_1,470.12
280,fake_intersection_3_4_E_2_2914,True,road_3_5_3_2,469.12
280,fake_intersection_3_4_E_2_2915,True,road_3_5_3_2,470.12
280,209,False,road_4_0_1_0,201.58395442486338
280,218,False,road_4_0_1_1,49.089071080829875
280,197,False,road_4_0_1_1,280.6826572868212
280,189,False,road_4_0_1_1,444.41663281526627
280,177,False,road_4_0_1_1,517.8896339076631
280,167,False,road_4_0_1_1,525.3906963933313
280,157,False,road_4_0_1_1,532.8917777146379
280,126,False,road_4_0_1_1,540.3928108174321
280,105,False,road_4_0_1_1,547.893889531255
280,74,False,road_4_0_1_1,555.3949021430782
280,54,False,road_4_0_1_1,562.8959063652395
280,34,False,road_4_0_1_1,570.3969147075832
280,24,False,road_4_0_1_1,577.8979283857836
280,0,False,road_4_0_1_1,585.3989359199275
280,137,False,road_4_0_1_2,555.3948058329993
280,116,False,road_4_0_1_2,562.895840395373
280,97,False,road_4_0_1_2,570.3968432332485
280,45,False,road_4_0_1_2,577.89793789554
280,14,False,road_4_0_1_2,585.3989444162426
280,145,False,road_4_1_0_0,551.7715979671162
280,fake_intersection_4_2_W_1_2928,True,road_4_1_1_1,458.24
280,fake_intersection_4_2_W_1_2929,True,road_4_1_1_1,459.24
280,fake_intersection_4_2_W_2_2930,True,road_4_1_1_2,458.24
280,fake_intersection_4_2_W_2_2931,True,road_4_1_1_2,459.24
280,152,False,road_4_2_2_0,254.06017710832725
280,121,False,road_4_2_2_1,705.5256912589641
280,91,False,road_4_2_2_1,749.1287429464095
280,fake_intersection_4_1_E_1_2916,True,road_4_2_3_1,458.24
280,fake_intersection_4_1_E_1_2917,True,road_4_2_3_1,459.24
280,fake_intersection_4_1_E_2_2918,True,road_4_2_3_2,458.24
280,fake_intersection_4_1_E_2_2919,True,road_4_2_3_2,459.24
280,147,False,road_4_3_1_0,211.8618667637636
280,fake_intersection_4_4_W_1_2944,True,road_4_3_1_1,458.24
280,fake_intersection_4_4_W_1_2945,True,road_4_3_1_1,459.24
280,25,False,road_4_3_1_1,564.297900083199
280,15,False,road_4_3_1_1,571.7989997397917
280,fake_intersection_4_4_W_2_2946,True,road_4_3_1_2,458.24
280,fake_intersection_4_4_W_2_2947,True,road_4_3_1_2,459.24
280,138,False,road_4_3_2_0,81.49201438570464
280,128,False,road_4_3_2_0,113.06537570971025
280,fake_intersection_3_3_N_1_2896,True,road_4_3_2_1,618.24
280,fake_intersection_3_3_N_1_2897,True,road_4_3_2_1,619.24
280,fake_intersection_3_3_N_2_2898,True,road_4_3_2_2,618.24
280,fake_intersection_3_3_N_2_2899,True,road_4_3_2_2,619.24
280,fake_intersection_4_2_E_1_2924,True,road_4_3_3_1,458.24
280,fake_intersection_4_2_E_1_2925,True,road_4_3_3_1,459.24
280,117,False,road_4_3_3_1,564.2978363232143
280,107,False,road_4_3_3_1,571.7989339901593
280,fake_intersection_4_2_E_2_2926,True,road_4_3_3_2,458.24
280,fake_intersection_4_2_E_2_2927,True,road_4_3_3_2,459.24
280,98,False,road_4_4_0_0,508.22811021262265
280,154,False,road_4_4_1_0,202.06912623868843
280,141,False,road_4_4_1_0,467.7630023762567
280,163,False,road_4_4_2_0,89.39193642473676
280,159,False,road_4_4_2_0,188.7008652853347
280,135,False,road_4_4_2_0,367.6176841005477
280,125,False,road_4_4_2_0,659.805460568609
280,114,False,road_4_4_2_0,716.3396363561917
280,131,False,road_4_4_2_1,509.9261234721072
280,119,False,road_4_4_2_1,612.9964591746757
280,fake_intersection_3_4_N_1_2900,True,road_4_4_2_1,618.24
280,fake_intersection_3_4_N_1_2901,True,road_4_4_2_1,619.24
280,92,False,road_4_4_2_1,629.405843886445
280,109,False,road_4_4_2_1,656.2886343706207
280,103,False,road_4_4_2_1,710.6865985744284
280,fake_intersection_3_4_N_2_2902,True,road_4_4_2_2,618.24
280,fake_intersection_3_4_N_2_2903,True,road_4_4_2_2,619.24
280,81,False,road_4_4_2_2,771.7989874836612
280,fake_intersection_4_4_E_1_2948,True,road_4_5_3_1,469.12
280,fake_intersection_4_4_E_1_2949,True,road_4_5_3_1,470.12
280,fake_intersection_4_4_E_2_2950,True,road_4_5_3_2,469.12
280,fake_intersection_4_4_E_2_2951,True,road_4_5_3_2,470.12
280,fake_intersection_4_1_N_1_2920,True,road_5_1_2_1,629.12
280,fake_intersection_4_1_N_1_2921,True,road_5_1_2_1,630.12
280,208,False,road_5_2_2_0,205.57563985141326
280,fake_intersection_4_2_N_1_2936,True,road_5_2_2_1,629.12
280,fake_intersection_4_2_N_1_2937,True,road_5_2_2_1,630.12
280,180,False,road_5_2_2_1,664.1687428967805
280,fake_intersection_4_2_N_2_2938,True,road_5_2_2_2,629.12
280,fake_intersection_4_2_N_2_2939,True,road_5_2_2_2,630.12
280,220,False,road_5_3_2_0,66.98355660246672
280,212,False,road_5_3_2_0,192.32450394948376
280,198,False,road_5_3_2_0,336.2894398997619
280,190,False,road_5_3_2_0,425.1533156929846
280,178,False,road_5_3_2_0,667.2848872393992
280,169,False,road_5_3_2_0,699.7669778963424
280,fake_intersection_4_3_N_1_2940,True,road_5_3_2_1,629.12
280,fake_intersection_4_3_N_1_2941,True,road_5_3_2_1,630.12
280,fake_intersection_4_3_N_2_2942,True,road_5_3_2_2,629.12
280,fake_intersection_4_3_N_2_2943,True,road_5_3_2_2,630.12
280,219,False,road_5_4_2_0,62.464853378181104
280,214,False,road_5_4_2_0,115.27350905840505
280,201,False,road_5_4_2_0,249.3505962633066
280,196,False,road_5_4_2_0,372.9909080479925
280,187,False,road_5_4_2_0,451.6249301685808
280,192,False,road_5_4_2_0,475.14721654096877
280,206,False,road_5_4_2_1,215.40473920565148
280,174,False,road_5_4_2_1,622.1728961862357
280,fake_intersection_4_4_N_1_2952,True,road_5_4_2_1,629.12
280,fake_intersection_4_4_N_1_2953,True,road_5_4_2_1,630.12
280,171,False,road_5_4_2_1,650.7838947352593
280,181,False,road_5_4_2_2,599.8003973923355
280,146,False,road_5_4_2_2,785.3989106336303
290,123,False,:intersection_1_2_18_1,7.552617603946283
290,125,False,:intersection_3_4_9_0,2.8668127084262096
290,169,False,:intersection_4_3_9_0,5.14866895947182
290,224,False,road_0_1_0_0,99.86859401684214
290,216,False,road_0_1_0_0,198.3328244198459
290,210,False,road_0_1_0_0,342.80305108757125
290,200,False,road_0_1_0_0,392.7188247644971
290,193,False,road_0_1_0_0,553.9513313436896
290,184,False,road_0_1_0_1,582.9578878895791
290,fake_intersection_1_1_S_1_2958,True,road_0_1_0_1,629.12
290,fake_intersection_1_1_S_1_2959,True,road_0_1_0_1,630.12
290,175,False,road_0_1_0_1,663.7958468185457
290,fake_intersection_1_1_S_2_2960,True,road_0_1_0_2,629.12
290,fake_intersection_1_1_S_2_2961,True,road_0_1_0_2,630.12
290,207,False,road_0_2_0_0,309.3269489588169
290,179,False,road_0_2_0_0,756.0218949693688
290,fake_intersection_1_2_S_1_2966,True,road_0_2_0_1,629.12
290,fake_intersection_1_2_S_1_2967,True,road_0_2_0_1,630.12
290,90,False,road_0_2_0_2,785.3989562573796
290,fake_intersection_1_3_S_1_2976,True,road_0_3_0_1,629.12
290,fake_intersection_1_3_S_1_2977,True,road_0_3_0_1,630.12
290,227,False,road_0_4_0_0,63.48678680276967
290,223,False,road_0_4_0_0,135.5513056121037
290,217,False,road_0_4_0_0,196.0862378596105
290,215,False,road_0_4_0_0,243.4576002430394
290,211,False,road_0_4_0_0,316.51603622541927
290,199,False,road_0_4_0_0,357.4670031667493
290,183,False,road_0_4_0_0,697.9309231712662
290,172,False,road_0_4_0_0,723.9630016978534
290,231,False,road_0_4_0_1,10.437019483498414
290,226,False,road_0_4_0_1,96.67176943662136
290,213,False,road_0_4_0_1,278.01810761934695
290,205,False,road_0_4_0_1,352.48552180876493
290,195,False,road_0_4_0_1,378.0462437040154
290,202,False,road_0_4_0_1,397.0335541390768
290,194,False,road_0_4_0_1,492.63895930521267
290,191,False,road_0_4_0_1,512.794845852987
290,188,False,road_0_4_0_1,570.0482186419986
290,182,False,road_0_4_0_1,657.8694571634398
290,176,False,road_0_4_0_1,665.3824771274606
290,168,False,road_0_4_0_1,672.8834933965627
290,160,False,road_0_4_0_1,680.3845109654097
290,144,False,road_0_4_0_1,687.8855201007306
290,153,False,road_0_4_0_1,695.3865616417746
290,150,False,road_0_4_0_1,702.8875679582106
290,136,False,road_0_4_0_1,710.3885682058954
290,134,False,road_0_4_0_1,717.8896286855951
290,124,False,road_0_4_0_1,725.3906795288144
290,122,False,road_0_4_0_1,732.8916847075485
290,110,False,road_0_4_0_1,740.3927232092798
290,104,False,road_0_4_0_1,747.8937613144855
290,108,False,road_0_4_0_1,755.3948052307136
290,101,False,road_0_4_0_1,762.8958260133331
290,96,False,road_0_4_0_1,770.3968573601849
290,88,False,road_0_4_0_1,777.8978713079902
290,85,False,road_0_4_0_1,785.3989423730433
290,164,False,road_0_4_0_2,740.3926613285573
290,130,False,road_0_4_0_2,747.8936636388514
290,115,False,road_0_4_0_2,755.3947232832312
290,118,False,road_0_4_0_2,762.8957352768861
290,93,False,road_0_4_0_2,770.3967848125803
290,69,False,road_0_4_0_2,777.8978382833536
290,11,False,road_0_4_0_2,785.3989329663273
290,221,False,road_1_0_1_0,164.14163210536194
290,203,False,road_1_0_1_1,399.33626185962646
290,fake_intersection_1_1_W_1_2954,True,road_1_0_1_1,469.12
290,fake_intersection_1_1_W_1_2955,True,road_1_0_1_1,470.12
290,185,False,road_1_0_1_1,532.7002709102113
290,165,False,road_1_0_1_1,540.3927884506427
290,132,False,road_1_0_1_1,547.8937909747438
290,111,False,road_1_0_1_1,555.3948667829765
290,77,False,road_1_0_1_1,562.8959161743535
290,57,False,road_1_0_1_1,570.396940022553
290,21,False,road_1_0_1_1,577.8979891971964
290,5,False,road_1_0_1_1,585.3989922544721
290,fake_intersection_1_1_W_2_2956,True,road_1_0_1_2,469.12
290,fake_intersection_1_1_W_2_2957,True,road_1_0_1_2,470.12
290,161,False,road_1_1_0_0,192.5300863209086
290,148,False,road_1_1_0_0,457.3894364799078
290,143,False,road_1_1_0_0,485.2033488080209
290,113,False,road_1_1_0_0,764.5571846114107
290,fake_intersection_2_1_S_1_2986,True,road_1_1_0_1,618.24
290,fake_intersection_2_1_S_1_2987,True,road_1_1_0_1,619.24
290,fake_intersection_2_1_S_2_2988,True,road_1_1_0_2,618.24
290,fake_intersection_2_1_S_2_2989,True,road_1_1_0_2,619.24
290,50,False,road_1_1_1_0,507.1255475077138
290,170,False,road_1_1_3_0,96.88161613394617
290,139,False,road_1_1_3_0,374.158900957642
290,129,False,road_1_1_3_0,547.2744104946989
290,155,False,road_1_1_3_1,353.68937565098787
290,44,False,road_1_2_0_0,57.110540182026064
290,151,False,road_1_2_0_0,290.3058064660926
290,fake_intersection_2_2_S_1_2990,True,road_1_2_0_1,618.24
290,fake_intersection_2_2_S_1_2991,True,road_1_2_0_1,619.24
290,120,False,road_1_2_0_2,568.5084384701468
290,fake_intersection_2_2_S_2_2992,True,road_1_2_0_2,618.24
290,fake_intersection_2_2_S_2_2993,True,road_1_2_0_2,619.24
290,fake_intersection_1_3_W_1_2972,True,road_1_2_1_1,458.24
290,fake_intersection_1_3_W_1_2973,True,road_1_2_1_1,459.24
290,fake_intersection_1_3_W_2_2974,True,road_1_2_1_2,458.24
290,fake_intersection_1_3_W_2_2975,True,road_1_2_1_2,459.24
290,3,False,road_1_2_3_1,571.7989139280962
290,fake_intersection_1_1_E_2_2962,True,road_1_2_3_2,458.24
290,fake_intersection_1_1_E_2_2963,True,road_1_2_3_2,459.24
290,fake_intersection_2_3_S_1_3002,True,road_1_3_0_1,618.24
290,fake_intersection_2_3_S_1_3003,True,road_1_3_0_1,619.24
290,fake_intersection_2_3_S_2_3004,True,road_1_3_0_2,618.24
290,fake_intersection_2_3_S_2_3005,True,road_1_3_0_2,619.24
290,fake_intersection_1_4_W_1_2984,True,road_1_3_1_1,458.24
290,fake_intersection_1_4_W_1_2985,True,road_1_3_1_1,459.24
290,78,False,road_1_3_2_0,343.0140351225651
290,95,False,road_1_3_2_0,385.9004026196546
290,58,False,road_1_3_2_0,407.0726282332525
290,186,False,road_1_4_0_1,57.004729243135785
290,fake_intersection_2_4_S_1_3012,True,road_1_4_0_1,618.24
290,fake_intersection_2_4_S_1_3013,True,road_1_4_0_1,619.24
290,fake_intersection_2_4_S_2_3014,True,road_1_4_0_2,618.24
290,fake_intersection_2_4_S_2_3015,True,road_1_4_0_2,619.24
290,162,False,road_1_4_3_0,123.60017268417705
290,156,False,road_1_4_3_0,301.7914708811284
290,149,False,road_1_4_3_0,514.6724045580792
290,173,False,road_1_4_3_1,65.77095974788135
290,166,False,road_1_4_3_1,254.95351595485303
290,142,False,road_1_4_3_1,299.68540781025297
290,127,False,road_1_4_3_1,319.60000098653813
290,140,False,road_1_4_3_1,412.8168337921911
290,133,False,road_1_4_3_1,511.79065605503166
290,102,False,road_1_4_3_1,519.2917106439144
290,41,False,road_1_4_3_1,526.7927259146885
290,6,False,road_1_4_3_1,534.29374921195
290,80,False,road_1_4_3_1,541.7947712089742
290,79,False,road_1_4_3_1,549.2958273446126
290,56,False,road_1_4_3_1,556.7968742998352
290,23,False,road_1_4_3_1,564.297910843412
290,27,False,road_1_4_3_1,571.7989478475426
290,22,False,road_1_4_3_2,564.2979288645467
290,19,False,road_1_4_3_2,571.7989847505228
290,222,False,road_1_5_3_0,115.77763115227262
290,204,False,road_1_5_3_1,410.55047012460176
290,fake_intersection_1_4_E_1_2978,True,road_1_5_3_1,469.12
290,fake_intersection_1_4_E_1_2979,True,road_1_5_3_1,470.12
290,100,False,road_2_1_0_0,281.48881877134977
290,94,False,road_2_1_0_0,581.4425389013232
290,82,False,road_2_1_0_1,408.17390464840105
290,fake_intersection_3_1_S_1_3020,True,road_2_1_0_1,618.24
290,fake_intersection_3_1_S_1_3021,True,road_2_1_0_1,619.24
290,59,False,road_2_1_0_2,603.3692516328347
290,fake_intersection_3_1_S_2_3022,True,road_2_1_0_2,618.24
290,fake_intersection_3_1_S_2_3023,True,road_2_1_0_2,619.24
290,32,False,road_2_1_2_0,453.99207847204394
290,89,False,road_2_1_3_0,309.7913442170079
290,fake_intersection_3_2_S_1_3028,True,road_2_2_0_1,618.24
290,fake_intersection_3_2_S_1_3029,True,road_2_2_0_1,619.24
290,62,False,road_2_2_0_1,675.8304422176641
290,fake_intersection_3_2_S_2_3030,True,road_2_2_0_2,618.24
290,fake_intersection_3_2_S_2_3031,True,road_2_2_0_2,619.24
290,fake_intersection_2_3_W_1_3010,True,road_2_2_1_1,458.24
290,fake_intersection_2_3_W_1_3011,True,road_2_2_1_1,459.24
290,33,False,road_2_2_1_1,571.7989512852479
290,4,False,road_2_2_2_0,719.1947801557114
290,fake_intersection_1_2_N_1_2964,True,road_2_2_2_1,618.24
290,fake_intersection_1_2_N_1_2965,True,road_2_2_2_1,619.24
290,35,False,road_2_3_2_0,258.3896877051212
290,fake_intersection_1_3_N_1_2968,True,road_2_3_2_1,618.24
290,fake_intersection_1_3_N_1_2969,True,road_2_3_2_1,619.24
290,fake_intersection_1_3_N_2_2970,True,road_2_3_2_2,618.24
290,fake_intersection_1_3_N_2_2971,True,road_2_3_2_2,619.24
290,83,False,road_2_4_0_0,308.38308863131397
290,49,False,road_2_4_0_0,445.1585659270983
290,64,False,road_2_4_0_0,473.02285696327044
290,fake_intersection_3_4_S_1_3048,True,road_2_4_0_1,618.24
290,fake_intersection_3_4_S_1_3049,True,road_2_4_0_1,619.24
290,fake_intersection_3_4_S_2_3050,True,road_2_4_0_2,618.24
290,fake_intersection_3_4_S_2_3051,True,road_2_4_0_2,619.24
290,26,False,road_2_4_1_0,83.49809593846712
290,43,False,road_2_4_1_0,180.5430610311273
290,fake_intersection_1_4_N_1_2980,True,road_2_4_2_1,618.24
290,fake_intersection_1_4_N_1_2981,True,road_2_4_2_1,619.24
290,fake_intersection_1_4_N_2_2982,True,road_2_4_2_2,618.24
290,fake_intersection_1_4_N_2_2983,True,road_2_4_2_2,619.24
290,71,False,road_2_4_3_0,471.4711399805816
290,fake_intersection_2_3_E_1_3006,True,road_2_4_3_1,458.24
290,fake_intersection_2_3_E_1_3007,True,road_2_4_3_1,459.24
290,39,False,road_2_4_3_1,564.2978546503266
290,61,False,road_2_4_3_1,571.7989518358123
290,72,False,road_2_4_3_2,376.72735201816323
290,fake_intersection_2_3_E_2_3008,True,road_2_4_3_2,458.24
290,fake_intersection_2_3_E_2_3009,True,road_2_4_3_2,459.24
290,13,False,road_2_4_3_2,571.7989525068753
290,18,False,road_3_1_0_0,216.2357104816564
290,40,False,road_3_1_0_0,374.6379986407585
290,fake_intersection_4_1_S_1_3058,True,road_3_1_0_1,618.24
290,fake_intersection_4_1_S_1_3059,True,road_3_1_0_1,619.24
290,1,False,road_3_1_3_0,428.15260344305835
290,fake_intersection_4_2_S_1_3068,True,road_3_2_0_1,618.24
290,fake_intersection_4_2_S_1_3069,True,road_3_2_0_1,619.24
290,fake_intersection_4_2_S_2_3070,True,road_3_2_0_2,618.24
290,fake_intersection_4_2_S_2_3071,True,road_3_2_0_2,619.24
290,121,False,road_3_2_2_0,19.736029071703314
290,91,False,road_3_2_2_0,42.562703918488204
290,fake_intersection_2_2_N_1_2994,True,road_3_2_2_1,618.24
290,fake_intersection_2_2_N_1_2995,True,road_3_2_2_1,619.24
290,63,False,road_3_2_2_1,622.6744536494571
290,fake_intersection_2_2_N_2_2996,True,road_3_2_2_2,618.24
290,fake_intersection_2_2_N_2_2997,True,road_3_2_2_2,619.24
290,86,False,road_3_3_1_0,335.0996765078846
290,fake_intersection_3_4_W_1_3040,True,road_3_3_1_1,458.24
290,fake_intersection_3_4_W_1_3041,True,road_3_3_1_1,459.24
290,76,False,road_3_3_1_1,543.8998469458951
290,55,False,road_3_3_1_1,571.7989945757159
290,fake_intersection_3_4_W_2_3042,True,road_3_3_1_2,458.24
290,fake_intersection_3_4_W_2_3043,True,road_3_3_1_2,459.24
290,16,False,road_3_3_2_0,290.27560176486054
290,67,False,road_3_3_2_0,389.811886215899
290,fake_intersection_2_3_N_1_2998,True,road_3_3_2_1,618.24
290,fake_intersection_2_3_N_1_2999,True,road_3_3_2_1,619.24
290,fake_intersection_2_3_N_2_3000,True,road_3_3_2_2,618.24
290,fake_intersection_2_3_N_2_3001,True,road_3_3_2_2,619.24
290,9,False,road_3_4_0_0,124.11946411740465
290,51,False,road_3_4_0_0,310.29158575358355
290,47,False,road_3_4_0_1,13.27397366762792
290,53,False,road_3_4_0_1,135.76834139048663
290,37,False,road_3_4_0_1,593.614401143697
290,fake_intersection_4_4_S_1_3084,True,road_3_4_0_1,618.24
290,fake_intersection_4_4_S_1_3085,True,road_3_4_0_1,619.24
290,fake_intersection_4_4_S_2_3086,True,road_3_4_0_2,618.24
290,fake_intersection_4_4_S_2_3087,True,road_3_4_0_2,619.24
290,114,False,road_3_4_1_0,30.46147190409083
290,65,False,road_3_4_2_0,338.5761277907412
290,87,False,road_3_4_2_0,377.6658493949475
290,99,False,road_3_4_2_1,343.15588305929333
290,52,False,road_3_4_2_1,764.2943058341097
290,2,False,road_3_4_2_1,771.7989856599391
290,30,False,road_3_4_2_2,771.7989155793821
290,7,False,road_3_4_3_0,251.68061292791617
290,17,False,road_3_4_3_1,247.71033298192552
290,fake_intersection_3_4_E_1_3036,True,road_3_5_3_1,469.12
290,fake_intersection_3_4_E_1_3037,True,road_3_5_3_1,470.12
290,fake_intersection_3_4_E_2_3038,True,road_3_5_3_2,469.12
290,fake_intersection_3_4_E_2_3039,True,road_3_5_3_2,470.12
290,218,False,road_4_0_1_0,160.9850732811674
290,209,False,road_4_0_1_0,304.04773313363717
290,228,False,road_4_0_1_1,19.64413707540811
290,197,False,road_4_0_1_1,372.58772892905046
290,189,False,road_4_0_1_1,510.383989684384
290,177,False,road_4_0_1_1,517.8896339076631
290,167,False,road_4_0_1_1,525.3906963933313
290,157,False,road_4_0_1_1,532.8917777146379
290,126,False,road_4_0_1_1,540.3928108174321
290,105,False,road_4_0_1_1,547.893889531255
290,74,False,road_4_0_1_1,555.3949021430782
290,54,False,road_4_0_1_1,562.8959063652395
290,34,False,road_4_0_1_1,570.3969147075832
290,24,False,road_4_0_1_1,577.8979283857836
290,0,False,road_4_0_1_1,585.3989359199275
290,137,False,road_4_0_1_2,555.3948058329993
290,116,False,road_4_0_1_2,562.895840395373
290,97,False,road_4_0_1_2,570.3968432332485
290,45,False,road_4_0_1_2,577.89793789554
290,14,False,road_4_0_1_2,585.3989444162426
290,145,False,road_4_1_0_0,671.6786952754893
290,fake_intersection_4_2_W_1_3064,True,road_4_1_1_1,458.24
290,fake_intersection_4_2_W_1_3065,True,road_4_1_1_1,459.24
290,fake_intersection_4_2_W_2_3066,True,road_4_1_1_2,458.24
290,fake_intersection_4_2_W_2_3067,True,road_4_1_1_2,459.24
290,fake_intersection_3_1_N_1_3016,True,road_4_1_2_1,618.24
290,fake_intersection_3_1_N_1_3017,True,road_4_1_2_1,619.24
290,fake_intersection_3_1_N_2_3018,True,road_4_1_2_2,618.24
290,fake_intersection_3_1_N_2_3019,True,road_4_1_2_2,619.24
290,152,False,road_4_2_2_0,365.26293147856956
290,fake_intersection_3_2_N_1_3024,True,road_4_2_2_1,618.24
290,fake_intersection_3_2_N_1_3025,True,road_4_2_2_1,619.24
290,fake_intersection_3_2_N_2_3026,True,road_4_2_2_2,618.24
290,fake_intersection_3_2_N_2_3027,True,road_4_2_2_2,619.24
290,fake_intersection_4_1_E_1_3052,True,road_4_2_3_1,458.24
290,fake_intersection_4_1_E_1_3053,True,road_4_2_3_1,459.24
290,fake_intersection_4_1_E_2_3054,True,road_4_2_3_2,458.24
290,fake_intersection_4_1_E_2_3055,True,road_4_2_3_2,459.24
290,147,False,road_4_3_1_1,318.5114897873398
290,fake_intersection_4_4_W_1_3080,True,road_4_3_1_1,458.24
290,fake_intersection_4_4_W_1_3081,True,road_4_3_1_1,459.24
290,25,False,road_4_3_1_1,564.297900083199
290,15,False,road_4_3_1_1,571.7989997397917
290,fake_intersection_4_4_W_2_3082,True,road_4_3_1_2,458.24
290,fake_intersection_4_4_W_2_3083,True,road_4_3_1_2,459.24
290,158,False,road_4_3_2_0,76.95205103946648
290,138,False,road_4_3_2_0,185.88809628576197
290,128,False,road_4_3_2_0,229.45068787911282
290,fake_intersection_3_3_N_1_3032,True,road_4_3_2_1,618.24
290,fake_intersection_3_3_N_1_3033,True,road_4_3_2_1,619.24
290,fake_intersection_3_3_N_2_3034,True,road_4_3_2_2,618.24
290,fake_intersection_3_3_N_2_3035,True,road_4_3_2_2,619.24
290,fake_intersection_4_2_E_1_3060,True,road_4_3_3_1,458.24
290,fake_intersection_4_2_E_1_3061,True,road_4_3_3_1,459.24
290,117,False,road_4_3_3_1,564.2978363232143
290,107,False,road_4_3_3_1,571.7989339901593
290,fake_intersection_4_2_E_2_3062,True,road_4_3_3_2,458.24
290,fake_intersection_4_2_E_2_3063,True,road_4_3_3_2,459.24
290,98,False,road_4_4_0_0,624.6325513977574
290,154,False,road_4_4_1_0,315.22231535743737
290,163,False,road_4_4_2_0,208.57136986252576
290,159,False,road_4_4_2_0,310.19205071060634
290,135,False,road_4_4_2_0,473.9852927541972
290,fake_intersection_3_4_N_1_3044,True,road_4_4_2_1,618.24
290,fake_intersection_3_4_N_1_3045,True,road_4_4_2_1,619.24
290,131,False,road_4_4_2_1,624.5056162346049
290,119,False,road_4_4_2_1,697.55609914732
290,92,False,road_4_4_2_1,715.462375560221
290,109,False,road_4_4_2_1,755.9954646816143
290,103,False,road_4_4_2_1,771.792592489493
290,fake_intersection_3_4_N_2_3046,True,road_4_4_2_2,618.24
290,fake_intersection_3_4_N_2_3047,True,road_4_4_2_2,619.24
290,81,False,road_4_4_2_2,771.7989874836612
290,fake_intersection_4_4_E_1_3088,True,road_4_5_3_1,469.12
290,fake_intersection_4_4_E_1_3089,True,road_4_5_3_1,470.12
290,fake_intersection_4_4_E_2_3090,True,road_4_5_3_2,469.12
290,fake_intersection_4_4_E_2_3091,True,road_4_5_3_2,470.12
290,fake_intersection_4_1_N_1_3056,True,road_5_1_2_1,629.12
290,fake_intersection_4_1_N_1_3057,True,road_5_1_2_1,630.12
290,208,False,road_5_2_2_0,306.466984794671
290,fake_intersection_4_2_N_1_3072,True,road_5_2_2_1,629.12
290,fake_intersection_4_2_N_1_3073,True,road_5_2_2_1,630.12
290,180,False,road_5_2_2_1,778.068458743032
290,fake_intersection_4_2_N_2_3074,True,road_5_2_2_2,629.12
290,fake_intersection_4_2_N_2_3075,True,road_5_2_2_2,630.12
290,220,False,road_5_3_2_0,171.05992986211982
290,212,False,road_5_3_2_0,297.6912724166865
290,198,False,road_5_3_2_0,450.74376568853006
290,190,False,road_5_3_2_0,521.1023488508656
290,178,False,road_5_3_2_0,775.6543177379617
290,229,False,road_5_3_2_1,35.40228664318715
290,fake_intersection_4_3_N_1_3076,True,road_5_3_2_1,629.12
290,fake_intersection_4_3_N_1_3077,True,road_5_3_2_1,630.12
290,fake_intersection_4_3_N_2_3078,True,road_5_3_2_2,629.12
290,fake_intersection_4_3_N_2_3079,True,road_5_3_2_2,630.12
290,225,False,road_5_4_2_0,97.04306361521634
290,219,False,road_5_4_2_0,157.12552928163078
290,214,False,road_5_4_2_0,201.54616680782354
290,201,False,road_5_4_2_0,339.988464631779
290,196,False,road_5_4_2_0,480.9172220156619
290,192,False,road_5_4_2_0,590.4437421269093
290,230,False,road_5_4_2_1,26.10129638707616
290,206,False,road_5_4_2_1,318.96369404678074
290,187,False,road_5_4_2_1,542.3385926683764
290,fake_intersection_4_4_N_1_3092,True,road_5_4_2_1,629.12
290,fake_intersection_4_4_N_1_3093,True,road_5_4_2_1,630.12
290,174,False,road_5_4_2_1,722.0319250739318
290,171,False,road_5_4_2_1,743.8053752383958
290,fake_intersection_4_4_N_2_3094,True,road_5_4_2_2,629.12
290,fake_intersection_4_4_N_2_3095,True,road_5_4_2_2,630.12
290,181,False,road_5_4_2_2,708.6354817066174
290,146,False,road_5_4_2_2,785.3989106336303
300,183,False,:intersection_1_4_27_2,1.9876630751100492
300,62,False,:intersection_3_2_30_1,10.935877618295649
300,232,False,road_0_1_0_0,96.03876748120788
300,224,False,road_0_1_0_0,206.35800931097026
300,216,False,road_0_1_0_0,299.2935592218523
300,210,False,road_0_1_0_0,461.31904263701443
300,200,False,road_0_1_0_0,492.151337576487
300,193,False,road_0_1_0_0,666.303026667938
300,fake_intersection_1_1_S_1_3100,True,road_0_1_0_1,629.12
300,fake_intersection_1_1_S_1_3101,True,road_0_1_0_1,630.12
300,184,False,road_0_1_0_1,681.051042229192
300,175,False,road_0_1_0_1,757.9527328427232
300,fake_intersection_1_1_S_2_3102,True,road_0_1_0_2,629.12
300,fake_intersection_1_1_S_2_3103,True,road_0_1_0_2,630.12
300,207,False,road_0_2_0_0,409.5758898631374
300,235,False,road_0_2_0_1,35.19238330842791
300,fake_intersection_1_2_S_1_3108,True,road_0_2_0_1,629.12
300,fake_intersection_1_2_S_1_3109,True,road_0_2_0_1,630.12
300,90,False,road_0_2_0_2,785.3989562573796
300,fake_intersection_1_3_S_1_3118,True,road_0_3_0_1,629.12
300,fake_intersection_1_3_S_1_3119,True,road_0_3_0_1,630.12
300,231,False,road_0_4_0_0,124.20274588319978
300,227,False,road_0_4_0_0,180.78915260971064
300,223,False,road_0_4_0_0,246.44994634506278
300,217,False,road_0_4_0_0,307.21426495657977
300,215,False,road_0_4_0_0,358.28762171814924
300,237,False,road_0_4_0_1,27.283901352036153
300,233,False,road_0_4_0_1,76.81357390466661
300,226,False,road_0_4_0_1,228.35291665491891
300,211,False,road_0_4_0_1,411.6154113785245
300,199,False,road_0_4_0_1,431.82220692488653
300,205,False,road_0_4_0_1,445.5626938289922
300,195,False,road_0_4_0_1,462.00735123360033
300,202,False,road_0_4_0_1,505.06742115551054
300,194,False,road_0_4_0_1,593.5400484897797
300,191,False,road_0_4_0_1,613.2133277538743
300,188,False,road_0_4_0_1,650.260617517182
300,182,False,road_0_4_0_1,657.8814452552595
300,176,False,road_0_4_0_1,665.3824771274606
300,168,False,road_0_4_0_1,672.8834933965627
300,160,False,road_0_4_0_1,680.3845109654097
300,144,False,road_0_4_0_1,687.8855201007306
300,153,False,road_0_4_0_1,695.3865616417746
300,150,False,road_0_4_0_1,702.8875679582106
300,136,False,road_0_4_0_1,710.3885682058954
300,134,False,road_0_4_0_1,717.8896286855951
300,124,False,road_0_4_0_1,725.3906795288144
300,122,False,road_0_4_0_1,732.8916847075485
300,110,False,road_0_4_0_1,740.3927232092798
300,104,False,road_0_4_0_1,747.8937613144855
300,108,False,road_0_4_0_1,755.3948052307136
300,101,False,road_0_4_0_1,762.8958260133331
300,96,False,road_0_4_0_1,770.3968573601849
300,88,False,road_0_4_0_1,777.8978713079902
300,85,False,road_0_4_0_1,785.3989423730433
300,213,False,road_0_4_0_2,392.25638494927375
300,164,False,road_0_4_0_2,740.3926613285573
300,130,False,road_0_4_0_2,747.8936636388514
300,115,False,road_0_4_0_2,755.3947232832312
300,118,False,road_0_4_0_2,762.8957352768861
300,93,False,road_0_4_0_2,770.3967848125803
300,69,False,road_0_4_0_2,777.8978382833536
300,11,False,road_0_4_0_2,785.3989329663273
300,239,False,road_1_0_1_0,5.1
300,221,False,road_1_0_1_0,284.4627930161086
300,203,False,road_1_0_1_1,514.9922850171316
300,185,False,road_1_0_1_1,532.8917713242491
300,165,False,road_1_0_1_1,540.3927884506427
300,132,False,road_1_0_1_1,547.8937909747438
300,111,False,road_1_0_1_1,555.3948667829765
300,77,False,road_1_0_1_1,562.8959161743535
300,57,False,road_1_0_1_1,570.396940022553
300,21,False,road_1_0_1_1,577.8979891971964
300,5,False,road_1_0_1_1,585.3989922544721
300,fake_intersection_1_1_W_2_3098,True,road_1_0_1_2,469.12
300,fake_intersection_1_1_W_2_3099,True,road_1_0_1_2,470.12
300,161,False,road_1_1_0_0,304.91120540794464
300,148,False,road_1_1_0_1,558.7711457391342
300,143,False,road_1_1_0_1,602.941976286092
300,fake_intersection_2_1_S_1_3132,True,road_1_1_0_1,618.24
300,fake_intersection_2_1_S_1_3133,True,road_1_1_0_1,619.24
300,fake_intersection_2_1_S_2_3134,True,road_1_1_0_2,618.24
300,fake_intersection_2_1_S_2_3135,True,road_1_1_0_2,619.24
300,170,False,road_1_1_3_0,211.05632439058118
300,139,False,road_1_1_3_0,472.2200029621472
300,155,False,road_1_1_3_1,472.6342365063568
300,123,False,road_1_2_0_0,96.33725193298298
300,44,False,road_1_2_0_0,165.38096297127447
300,151,False,road_1_2_0_0,395.76016541753586
300,50,False,road_1_2_0_1,2.3345785531124577
300,fake_intersection_2_2_S_1_3140,True,road_1_2_0_1,618.24
300,fake_intersection_2_2_S_1_3141,True,road_1_2_0_1,619.24
300,fake_intersection_2_2_S_2_3142,True,road_1_2_0_2,618.24
300,fake_intersection_2_2_S_2_3143,True,road_1_2_0_2,619.24
300,120,False,road_1_2_0_2,666.0692513389398
300,4,False,road_1_2_1_1,31.97500399964661
300,fake_intersection_1_3_W_1_3114,True,road_1_2_1_1,458.24
300,fake_intersection_1_3_W_1_3115,True,road_1_2_1_1,459.24
300,fake_intersection_1_3_W_2_3116,True,road_1_2_1_2,458.24
300,fake_intersection_1_3_W_2_3117,True,road_1_2_1_2,459.24
300,179,False,road_1_2_3_1,56.74903378274895
300,3,False,road_1_2_3_1,571.7989139280962
300,fake_intersection_1_1_E_2_3104,True,road_1_2_3_2,458.24
300,fake_intersection_1_1_E_2_3105,True,road_1_2_3_2,459.24
300,fake_intersection_2_3_S_1_3148,True,road_1_3_0_1,618.24
300,fake_intersection_2_3_S_1_3149,True,road_1_3_0_1,619.24
300,fake_intersection_2_3_S_2_3150,True,road_1_3_0_2,618.24
300,fake_intersection_2_3_S_2_3151,True,road_1_3_0_2,619.24
300,fake_intersection_1_4_W_1_3126,True,road_1_3_1_1,458.24
300,fake_intersection_1_4_W_1_3127,True,road_1_3_1_1,459.24
300,149,False,road_1_3_2_0,24.41311138038749
300,78,False,road_1_3_2_0,450.07567564446646
300,58,False,road_1_3_2_0,513.4670150797594
300,95,False,road_1_3_2_1,494.8077484732334
300,186,False,road_1_4_0_0,170.70944899487432
300,fake_intersection_2_4_S_1_3158,True,road_1_4_0_1,618.24
300,fake_intersection_2_4_S_1_3159,True,road_1_4_0_1,619.24
300,fake_intersection_2_4_S_2_3160,True,road_1_4_0_2,618.24
300,fake_intersection_2_4_S_2_3161,True,road_1_4_0_2,619.24
300,156,False,road_1_4_3_0,425.0907866785938
300,172,False,road_1_4_3_1,5.323225102433568
300,173,False,road_1_4_3_1,185.39418432720421
300,162,False,road_1_4_3_1,226.2591510344475
300,166,False,road_1_4_3_1,359.6358326519105
300,142,False,road_1_4_3_1,386.29287507604033
300,127,False,road_1_4_3_1,404.4276490220964
300,140,False,road_1_4_3_1,504.2555122611317
300,133,False,road_1_4_3_1,511.79065605503166
300,102,False,road_1_4_3_1,519.2917106439144
300,41,False,road_1_4_3_1,526.7927259146885
300,6,False,road_1_4_3_1,534.29374921195
300,80,False,road_1_4_3_1,541.7947712089742
300,79,False,road_1_4_3_1,549.2958273446126
300,56,False,road_1_4_3_1,556.7968742998352
300,23,False,road_1_4_3_1,564.297910843412
300,27,False,road_1_4_3_1,571.7989478475426
300,22,False,road_1_4_3_2,564.2979288645467
300,19,False,road_1_4_3_2,571.7989847505228
300,240,False,road_1_5_3_0,5.1
300,222,False,road_1_5_3_0,204.22735222830613
300,fake_intersection_1_4_E_1_3120,True,road_1_5_3_1,469.12
300,fake_intersection_1_4_E_1_3121,True,road_1_5_3_1,470.12
300,204,False,road_1_5_3_1,522.0278748284463
300,100,False,road_2_1_0_0,393.4600553147222
300,94,False,road_2_1_0_0,694.7836644677168
300,82,False,road_2_1_0_1,516.3128096558156
300,fake_intersection_3_1_S_1_3166,True,road_2_1_0_1,618.24
300,fake_intersection_3_1_S_1_3167,True,road_2_1_0_1,619.24
300,fake_intersection_3_1_S_2_3168,True,road_2_1_0_2,618.24
300,fake_intersection_3_1_S_2_3169,True,road_2_1_0_2,619.24
300,59,False,road_2_1_0_2,704.7867437285274
300,32,False,road_2_1_2_0,560.0055923999148
300,fake_intersection_1_1_N_1_3096,True,road_2_1_2_1,618.24
300,fake_intersection_1_1_N_1_3097,True,road_2_1_2_1,619.24
300,113,False,road_2_1_3_0,72.63615317854229
300,89,False,road_2_1_3_0,416.37088267195765
300,fake_intersection_3_2_S_1_3172,True,road_2_2_0_1,618.24
300,fake_intersection_3_2_S_1_3173,True,road_2_2_0_1,619.24
300,fake_intersection_2_3_W_1_3156,True,road_2_2_1_1,458.24
300,fake_intersection_2_3_W_1_3157,True,road_2_2_1_1,459.24
300,33,False,road_2_2_1_1,571.7989512852479
300,fake_intersection_1_2_N_1_3106,True,road_2_2_2_1,618.24
300,fake_intersection_1_2_N_1_3107,True,road_2_2_2_1,619.24
300,35,False,road_2_3_2_1,365.28637238731267
300,fake_intersection_1_3_N_1_3110,True,road_2_3_2_1,618.24
300,fake_intersection_1_3_N_1_3111,True,road_2_3_2_1,619.24
300,fake_intersection_1_3_N_2_3112,True,road_2_3_2_2,618.24
300,fake_intersection_1_3_N_2_3113,True,road_2_3_2_2,619.24
300,49,False,road_2_4_0_0,532.1356301603469
300,83,False,road_2_4_0_1,411.29052833394104
300,64,False,road_2_4_0_1,571.8624874445125
300,fake_intersection_3_4_S_1_3190,True,road_2_4_0_1,618.24
300,fake_intersection_3_4_S_1_3191,True,road_2_4_0_1,619.24
300,fake_intersection_3_4_S_2_3192,True,road_2_4_0_2,618.24
300,fake_intersection_3_4_S_2_3193,True,road_2_4_0_2,619.24
300,26,False,road_2_4_1_0,178.27244166675928
300,43,False,road_2_4_1_0,289.9296000576018
300,fake_intersection_1_4_N_1_3122,True,road_2_4_2_1,618.24
300,fake_intersection_1_4_N_1_3123,True,road_2_4_2_1,619.24
300,fake_intersection_1_4_N_2_3124,True,road_2_4_2_2,618.24
300,fake_intersection_1_4_N_2_3125,True,road_2_4_2_2,619.24
300,71,False,road_2_4_3_0,572.563118696888
300,fake_intersection_2_3_E_1_3152,True,road_2_4_3_1,458.24
300,fake_intersection_2_3_E_1_3153,True,road_2_4_3_1,459.24
300,39,False,road_2_4_3_1,564.2978546503266
300,61,False,road_2_4_3_1,571.7989518358123
300,fake_intersection_2_3_E_2_3154,True,road_2_4_3_2,458.24
300,fake_intersection_2_3_E_2_3155,True,road_2_4_3_2,459.24
300,72,False,road_2_4_3_2,474.0760958340283
300,13,False,road_2_4_3_2,571.7989525068753
300,18,False,road_3_1_0_0,315.4460992970451
300,40,False,road_3_1_0_0,482.60323111194947
300,fake_intersection_2_1_N_1_3128,True,road_3_1_2_1,618.24
300,fake_intersection_2_1_N_1_3129,True,road_3_1_2_1,619.24
300,fake_intersection_2_1_N_2_3130,True,road_3_1_2_2,618.24
300,fake_intersection_2_1_N_2_3131,True,road_3_1_2_2,619.24
300,1,False,road_3_1_3_0,524.5166246937497
300,fake_intersection_4_2_S_1_3210,True,road_3_2_0_1,618.24
300,fake_intersection_4_2_S_1_3211,True,road_3_2_0_1,619.24
300,fake_intersection_4_2_S_2_3212,True,road_3_2_0_2,618.24
300,fake_intersection_4_2_S_2_3213,True,road_3_2_0_2,619.24
300,91,False,road_3_2_2_0,134.29901626016382
300,121,False,road_3_2_2_1,135.19745360439978
300,fake_intersection_2_2_N_1_3136,True,road_3_2_2_1,618.24
300,fake_intersection_2_2_N_1_3137,True,road_3_2_2_1,619.24
300,63,False,road_3_2_2_1,725.5462169967528
300,fake_intersection_2_2_N_2_3138,True,road_3_2_2_2,618.24
300,fake_intersection_2_2_N_2_3139,True,road_3_2_2_2,619.24
300,86,False,road_3_3_1_0,441.5234439239464
300,fake_intersection_3_4_W_1_3182,True,road_3_3_1_1,458.24
300,fake_intersection_3_4_W_1_3183,True,road_3_3_1_1,459.24
300,76,False,road_3_3_1_1,564.2978120527448
300,55,False,road_3_3_1_1,571.7989945757159
300,fake_intersection_3_4_W_2_3184,True,road_3_3_1_2,458.24
300,fake_intersection_3_4_W_2_3185,True,road_3_3_1_2,459.24
300,16,False,road_3_3_2_0,382.82590335975095
300,67,False,road_3_3_2_0,484.79131577756465
300,fake_intersection_2_3_N_1_3144,True,road_3_3_2_1,618.24
300,fake_intersection_2_3_N_1_3145,True,road_3_3_2_1,619.24
300,fake_intersection_2_3_N_2_3146,True,road_3_3_2_2,618.24
300,fake_intersection_2_3_N_2_3147,True,road_3_3_2_2,619.24
300,47,False,road_3_4_0_0,105.81077394174875
300,9,False,road_3_4_0_0,213.9558524498481
300,53,False,road_3_4_0_0,251.45426081933635
300,51,False,road_3_4_0_0,435.34481266895983
300,fake_intersection_4_4_S_1_3228,True,road_3_4_0_1,618.24
300,fake_intersection_4_4_S_1_3229,True,road_3_4_0_1,619.24
300,37,False,road_3_4_0_1,717.6540078425629
300,125,False,road_3_4_1_0,102.77301464712014
300,114,False,road_3_4_1_0,144.30877068218422
300,65,False,road_3_4_2_0,430.278892160143
300,87,False,road_3_4_2_0,487.58486206101367
300,99,False,road_3_4_2_1,456.26474470321216
300,52,False,road_3_4_2_1,764.2979115221818
300,2,False,road_3_4_2_1,771.7989856599391
300,30,False,road_3_4_2_2,771.7989155793821
300,7,False,road_3_4_3_0,340.9986684840584
300,17,False,road_3_4_3_1,344.45421818399905
300,fake_intersection_3_4_E_1_3178,True,road_3_5_3_1,469.12
300,fake_intersection_3_4_E_1_3179,True,road_3_5_3_1,470.12
300,fake_intersection_3_4_E_2_3180,True,road_3_5_3_2,469.12
300,fake_intersection_3_4_E_2_3181,True,road_3_5_3_2,470.12
300,228,False,road_4_0_1_0,132.28903807538828
300,209,False,road_4_0_1_0,407.69014236344304
300,238,False,road_4_0_1_1,5.1
300,218,False,road_4_0_1_1,273.6411354225062
300,197,False,road_4_0_1_1,462.04980997054287
300,189,False,road_4_0_1_1,510.3885784764449
300,177,False,road_4_0_1_1,517.8896339076631
300,167,False,road_4_0_1_1,525.3906963933313
300,157,False,road_4_0_1_1,532.8917777146379
300,126,False,road_4_0_1_1,540.3928108174321
300,105,False,road_4_0_1_1,547.893889531255
300,74,False,road_4_0_1_1,555.3949021430782
300,54,False,road_4_0_1_1,562.8959063652395
300,34,False,road_4_0_1_1,570.3969147075832
300,24,False,road_4_0_1_1,577.8979283857836
300,0,False,road_4_0_1_1,585.3989359199275
300,fake_intersection_4_1_W_2_3200,True,road_4_0_1_2,469.12
300,fake_intersection_4_1_W_2_3201,True,road_4_0_1_2,470.12
300,137,False,road_4_0_1_2,555.3948058329993
300,116,False,road_4_0_1_2,562.895840395373
300,97,False,road_4_0_1_2,570.3968432332485
300,45,False,road_4_0_1_2,577.89793789554
300,14,False,road_4_0_1_2,585.3989444162426
300,fake_intersection_4_2_W_1_3206,True,road_4_1_1_1,458.24
300,fake_intersection_4_2_W_1_3207,True,road_4_1_1_1,459.24
300,fake_intersection_4_2_W_2_3208,True,road_4_1_1_2,458.24
300,fake_intersection_4_2_W_2_3209,True,road_4_1_1_2,459.24
300,fake_intersection_3_1_N_1_3162,True,road_4_1_2_1,618.24
300,fake_intersection_3_1_N_1_3163,True,road_4_1_2_1,619.24
300,fake_intersection_3_1_N_2_3164,True,road_4_1_2_2,618.24
300,fake_intersection_3_1_N_2_3165,True,road_4_1_2_2,619.24
300,180,False,road_4_2_2_0,80.76156487825115
300,152,False,road_4_2_2_0,476.60289977669186
300,fake_intersection_3_2_N_1_3170,True,road_4_2_2_1,618.24
300,fake_intersection_3_2_N_1_3171,True,road_4_2_2_1,619.24
300,fake_intersection_4_1_E_1_3194,True,road_4_2_3_1,458.24
300,fake_intersection_4_1_E_1_3195,True,road_4_2_3_1,459.24
300,fake_intersection_4_1_E_2_3196,True,road_4_2_3_2,458.24
300,fake_intersection_4_1_E_2_3197,True,road_4_2_3_2,459.24
300,169,False,road_4_3_1_0,86.48212187087954
300,147,False,road_4_3_1_1,424.02470326920763
300,25,False,road_4_3_1_1,564.297900083199
300,15,False,road_4_3_1_1,571.7989997397917
300,178,False,road_4_3_1_2,69.70575515979847
300,158,False,road_4_3_2_0,171.51574084562057
300,138,False,road_4_3_2_0,290.9027461747943
300,128,False,road_4_3_2_0,348.55415642513617
300,fake_intersection_3_3_N_1_3174,True,road_4_3_2_1,618.24
300,fake_intersection_3_3_N_1_3175,True,road_4_3_2_1,619.24
300,fake_intersection_3_3_N_2_3176,True,road_4_3_2_2,618.24
300,fake_intersection_3_3_N_2_3177,True,road_4_3_2_2,619.24
300,fake_intersection_4_2_E_1_3214,True,road_4_3_3_1,458.24
300,fake_intersection_4_2_E_1_3215,True,road_4_3_3_1,459.24
300,117,False,road_4_3_3_1,564.2978363232143
300,107,False,road_4_3_3_1,571.7989339901593
300,fake_intersection_4_2_E_2_3216,True,road_4_3_3_2,458.24
300,fake_intersection_4_2_E_2_3217,True,road_4_3_3_2,459.24
300,98,False,road_4_4_0_0,742.5681433887959
300,154,False,road_4_4_1_0,425.84291486773213
300,163,False,road_4_4_2_0,327.1316709390564
300,159,False,road_4_4_2_0,432.7119882992565
300,135,False,road_4_4_2_0,577.6688491180105
300,fake_intersection_3_4_N_1_3186,True,road_4_4_2_1,618.24
300,fake_intersection_3_4_N_1_3187,True,road_4_4_2_1,619.24
300,131,False,road_4_4_2_1,734.5307864712476
300,119,False,road_4_4_2_1,749.2901181864099
300,92,False,road_4_4_2_1,756.7968336199334
300,109,False,road_4_4_2_1,764.2979723922394
300,103,False,road_4_4_2_1,771.7989727513682
300,fake_intersection_3_4_N_2_3188,True,road_4_4_2_2,618.24
300,fake_intersection_3_4_N_2_3189,True,road_4_4_2_2,619.24
300,81,False,road_4_4_2_2,771.7989874836612
300,fake_intersection_4_4_E_2_3222,True,road_4_5_3_2,469.12
300,fake_intersection_4_4_E_2_3223,True,road_4_5_3_2,470.12
300,fake_intersection_4_1_N_1_3198,True,road_5_1_2_1,629.12
300,fake_intersection_4_1_N_1_3199,True,road_5_1_2_1,630.12
300,208,False,road_5_2_2_0,407.21693219355967
300,236,False,road_5_2_2_1,36.817112075718015
300,fake_intersection_4_2_N_1_3202,True,road_5_2_2_1,629.12
300,fake_intersection_4_2_N_1_3203,True,road_5_2_2_1,630.12
300,fake_intersection_4_2_N_2_3204,True,road_5_2_2_2,629.12
300,fake_intersection_4_2_N_2_3205,True,road_5_2_2_2,630.12
300,229,False,road_5_3_2_0,138.9079387103816
300,220,False,road_5_3_2_0,276.0859210066165
300,212,False,road_5_3_2_0,404.0305702482199
300,190,False,road_5_3_2_0,614.8265988540763
300,241,False,road_5_3_2_1,5.1
300,198,False,road_5_3_2_1,564.0407047639861
300,fake_intersection_4_3_N_1_3218,True,road_5_3_2_1,629.12
300,fake_intersection_4_3_N_1_3219,True,road_5_3_2_1,630.12
300,fake_intersection_4_3_N_2_3220,True,road_5_3_2_2,629.12
300,fake_intersection_4_3_N_2_3221,True,road_5_3_2_2,630.12
300,225,False,road_5_4_2_0,197.69389153517506
300,219,False,road_5_4_2_0,253.98855853012444
300,214,False,road_5_4_2_0,286.09777932861266
300,201,False,road_5_4_2_0,429.6132255458472
300,196,False,road_5_4_2_0,588.4766233560644
300,192,False,road_5_4_2_0,707.4596264984168
300,234,False,road_5_4_2_1,52.40756935444645
300,230,False,road_5_4_2_1,136.11539720235632
300,206,False,road_5_4_2_1,424.421472622865
300,fake_intersection_4_4_N_1_3224,True,road_5_4_2_1,629.12
300,fake_intersection_4_4_N_1_3225,True,road_5_4_2_1,630.12
300,187,False,road_5_4_2_1,633.1368198413973
300,174,False,road_5_4_2_1,777.8914910867375
300,171,False,road_5_4_2_1,785.3988007528416
300,fake_intersection_4_4_N_2_3226,True,road_5_4_2_2,629.12
300,fake_intersection_4_4_N_2_3227,True,road_5_4_2_2,630.12
300,181,False,road_5_4_2_2,777.8779294749327
300,146,False,road_5_4_2_2,785.3989106336303
310,243,False,road_0_1_0_0,99.92209090045453
310,232,False,road_0_1_0_0,197.39838019691163
310,224,False,road_0_1_0_0,311.65322435433586
310,216,False,road_0_1_0_0,401.5781008115368
310,193,False,road_0_1_0_0,779.2888354788852
310,252,False,road_0_1_0_1,35.47936844038405
310,210,False,road_0_1_0_1,570.951526445049
310,200,False,road_0_1_0_1,591.0171063423426
310,fake_intersection_1_1_S_1_3234,True,road_0_1_0_1,629.12
310,fake_intersection_1_1_S_1_3235,True,road_0_1_0_1,630.12
310,184,False,road_0_1_0_1,780.7990559813131
310,fake_intersection_1_1_S_2_3236,True,road_0_1_0_2,629.12
310,fake_intersection_1_1_S_2_3237,True,road_0_1_0_2,630.12
310,235,False,road_0_2_0_0,134.37100918110798
310,207,False,road_0_2_0_0,512.1369568215371
310,245,False,road_0_2_0_1,100.74623931123858
310,fake_intersection_1_2_S_1_3242,True,road_0_2_0_1,629.12
310,fake_intersection_1_2_S_1_3243,True,road_0_2_0_1,630.12
310,90,False,road_0_2_0_2,785.3989562573796
310,fake_intersection_1_3_S_1_3252,True,road_0_3_0_1,629.12
310,fake_intersection_1_3_S_1_3253,True,road_0_3_0_1,630.12
310,237,False,road_0_4_0_0,118.58935112582188
310,233,False,road_0_4_0_0,195.7428450576902
310,231,False,road_0_4_0_0,243.36549173141128
310,227,False,road_0_4_0_0,300.503648575768
310,217,False,road_0_4_0_0,418.8898863949751
310,215,False,road_0_4_0_0,472.64028355165954
310,251,False,road_0_4_0_1,32.23839632183538
310,249,False,road_0_4_0_1,107.80597529544713
310,226,False,road_0_4_0_1,341.7452934030737
310,223,False,road_0_4_0_1,358.65274212895
310,211,False,road_0_4_0_1,494.5221769446082
310,199,False,road_0_4_0_1,512.5968125089972
310,205,False,road_0_4_0_1,529.6989553316113
310,195,False,road_0_4_0_1,547.3528969468096
310,202,False,road_0_4_0_1,612.8880369686688
310,194,False,road_0_4_0_1,635.3760406280124
310,191,False,road_0_4_0_1,642.8793167211014
310,188,False,road_0_4_0_1,650.3804152469011
310,182,False,road_0_4_0_1,657.8814452552595
310,176,False,road_0_4_0_1,665.3824771274606
310,168,False,road_0_4_0_1,672.8834933965627
310,160,False,road_0_4_0_1,680.3845109654097
310,144,False,road_0_4_0_1,687.8855201007306
310,153,False,road_0_4_0_1,695.3865616417746
310,150,False,road_0_4_0_1,702.8875679582106
310,136,False,road_0_4_0_1,710.3885682058954
310,134,False,road_0_4_0_1,717.8896286855951
310,124,False,road_0_4_0_1,725.3906795288144
310,122,False,road_0_4_0_1,732.8916847075485
310,110,False,road_0_4_0_1,740.3927232092798
310,104,False,road_0_4_0_1,747.8937613144855
310,108,False,road_0_4_0_1,755.3948052307136
310,101,False,road_0_4_0_1,762.8958260133331
310,96,False,road_0_4_0_1,770.3968573601849
310,88,False,road_0_4_0_1,777.8978713079902
310,85,False,road_0_4_0_1,785.3989423730433
310,213,False,road_0_4_0_2,508.83052352022645
310,164,False,road_0_4_0_2,740.3926613285573
310,130,False,road_0_4_0_2,747.8936636388514
310,115,False,road_0_4_0_2,755.3947232832312
310,118,False,road_0_4_0_2,762.8957352768861
310,93,False,road_0_4_0_2,770.3967848125803
310,69,False,road_0_4_0_2,777.8978382833536
310,11,False,road_0_4_0_2,785.3989329663273
310,239,False,road_1_0_1_0,123.35946878961347
310,221,False,road_1_0_1_0,405.02895644537966
310,203,False,road_1_0_1_1,525.39062149599
310,185,False,road_1_0_1_1,532.8917713242491
310,165,False,road_1_0_1_1,540.3927884506427
310,132,False,road_1_0_1_1,547.8937909747438
310,111,False,road_1_0_1_1,555.3948667829765
310,77,False,road_1_0_1_1,562.8959161743535
310,57,False,road_1_0_1_1,570.396940022553
310,21,False,road_1_0_1_1,577.8979891971964
310,5,False,road_1_0_1_1,585.3989922544721
310,247,False,road_1_0_1_2,104.56107900107398
310,fake_intersection_1_1_W_2_3232,True,road_1_0_1_2,469.12
310,fake_intersection_1_1_W_2_3233,True,road_1_0_1_2,470.12
310,161,False,road_1_1_0_0,417.74937765264457
310,175,False,road_1_1_0_1,38.39917308069838
310,148,False,road_1_1_0_1,659.3106222034872
310,143,False,road_1_1_0_1,721.8596789454842
310,170,False,road_1_1_3_0,325.2033129035965
310,139,False,road_1_1_3_0,572.5147180004311
310,50,False,road_1_2_0_0,88.00247326166972
310,123,False,road_1_2_0_0,203.91594446072767
310,44,False,road_1_2_0_0,276.2486715647453
310,151,False,road_1_2_0_0,500.63584462792153
310,fake_intersection_2_2_S_1_3266,True,road_1_2_0_1,618.24
310,fake_intersection_2_2_S_1_3267,True,road_1_2_0_1,619.24
310,120,False,road_1_2_0_2,763.0613395163076
310,4,False,road_1_2_1_0,138.08302644644746
310,fake_intersection_1_3_W_1_3248,True,road_1_2_1_1,458.24
310,fake_intersection_1_3_W_1_3249,True,road_1_2_1_1,459.24
310,fake_intersection_1_3_W_2_3250,True,road_1_2_1_2,458.24
310,fake_intersection_1_3_W_2_3251,True,road_1_2_1_2,459.24
310,179,False,road_1_2_3_0,167.042486159079
310,3,False,road_1_2_3_1,571.7989139280962
310,fake_intersection_1_1_E_2_3238,True,road_1_2_3_2,458.24
310,fake_intersection_1_1_E_2_3239,True,road_1_2_3_2,459.24
310,fake_intersection_2_3_S_1_3272,True,road_1_3_0_1,618.24
310,fake_intersection_2_3_S_1_3273,True,road_1_3_0_1,619.24
310,fake_intersection_2_3_S_2_3274,True,road_1_3_0_2,618.24
310,fake_intersection_2_3_S_2_3275,True,road_1_3_0_2,619.24
310,149,False,road_1_3_2_0,135.9351264990482
310,78,False,road_1_3_2_0,554.6508786860534
310,58,False,road_1_3_2_0,618.8841558330287
310,95,False,road_1_3_2_1,606.8364907118477
310,186,False,road_1_4_0_0,282.9551883870567
310,fake_intersection_2_4_S_1_3284,True,road_1_4_0_1,618.24
310,fake_intersection_2_4_S_1_3285,True,road_1_4_0_1,619.24
310,fake_intersection_2_4_S_2_3286,True,road_1_4_0_2,618.24
310,fake_intersection_2_4_S_2_3287,True,road_1_4_0_2,619.24
310,204,False,road_1_4_3_0,21.70686325885083
310,172,False,road_1_4_3_0,95.01121202064184
310,156,False,road_1_4_3_0,551.9688036599184
310,173,False,road_1_4_3_1,304.85234994040644
310,162,False,road_1_4_3_1,329.2223248632066
310,166,False,road_1_4_3_1,453.2013717266274
310,142,False,road_1_4_3_1,470.9801286545382
310,127,False,road_1_4_3_1,487.9492544221673
310,140,False,road_1_4_3_1,504.2896372495155
310,133,False,road_1_4_3_1,511.79065605503166
310,102,False,road_1_4_3_1,519.2917106439144
310,41,False,road_1_4_3_1,526.7927259146885
310,6,False,road_1_4_3_1,534.29374921195
310,80,False,road_1_4_3_1,541.7947712089742
310,79,False,road_1_4_3_1,549.2958273446126
310,56,False,road_1_4_3_1,556.7968742998352
310,23,False,road_1_4_3_1,564.297910843412
310,27,False,road_1_4_3_1,571.7989478475426
310,183,False,road_1_4_3_2,95.3390334386557
310,22,False,road_1_4_3_2,564.2979288645467
310,19,False,road_1_4_3_2,571.7989847505228
310,240,False,road_1_5_3_0,103.18439532803932
310,248,False,road_1_5_3_1,97.24676682011915
310,222,False,road_1_5_3_1,290.19612788186254
310,fake_intersection_1_4_E_1_3254,True,road_1_5_3_1,469.12
310,fake_intersection_1_4_E_1_3255,True,road_1_5_3_1,470.12
310,fake_intersection_1_4_E_2_3256,True,road_1_5_3_2,469.12
310,fake_intersection_1_4_E_2_3257,True,road_1_5_3_2,470.12
310,100,False,road_2_1_0_0,504.6022350794279
310,fake_intersection_3_1_S_1_3296,True,road_2_1_0_1,618.24
310,fake_intersection_3_1_S_1_3297,True,road_2_1_0_1,619.24
310,fake_intersection_3_1_S_2_3298,True,road_2_1_0_2,618.24
310,fake_intersection_3_1_S_2_3299,True,road_2_1_0_2,619.24
310,82,False,road_2_1_0_2,622.5846578230611
310,32,False,road_2_1_2_0,664.517035366731
310,fake_intersection_1_1_N_1_3230,True,road_2_1_2_1,618.24
310,fake_intersection_1_1_N_1_3231,True,road_2_1_2_1,619.24
310,113,False,road_2_1_3_0,174.61360208868422
310,89,False,road_2_1_3_0,523.1024669237189
310,fake_intersection_3_2_S_1_3300,True,road_2_2_0_1,618.24
310,fake_intersection_3_2_S_1_3301,True,road_2_2_0_1,619.24
310,fake_intersection_3_2_S_2_3302,True,road_2_2_0_2,618.24
310,fake_intersection_3_2_S_2_3303,True,road_2_2_0_2,619.24
310,fake_intersection_2_3_W_1_3280,True,road_2_2_1_1,458.24
310,fake_intersection_2_3_W_1_3281,True,road_2_2_1_1,459.24
310,33,False,road_2_2_1_1,571.7989512852479
310,fake_intersection_2_3_W_2_3282,True,road_2_2_1_2,458.24
310,fake_intersection_2_3_W_2_3283,True,road_2_2_1_2,459.24
310,63,False,road_2_2_2_1,29.546047327397343
310,fake_intersection_1_2_N_1_3240,True,road_2_2_2_1,618.24
310,fake_intersection_1_2_N_1_3241,True,road_2_2_2_1,619.24
310,71,False,road_2_3_2_0,79.54782343471908
310,35,False,road_2_3_2_1,471.5150817161011
310,fake_intersection_1_3_N_1_3244,True,road_2_3_2_1,618.24
310,fake_intersection_1_3_N_1_3245,True,road_2_3_2_1,619.24
310,fake_intersection_1_3_N_2_3246,True,road_2_3_2_2,618.24
310,fake_intersection_1_3_N_2_3247,True,road_2_3_2_2,619.24
310,49,False,road_2_4_0_0,621.5931570801733
310,83,False,road_2_4_0_1,512.5791276378355
310,fake_intersection_3_4_S_1_3320,True,road_2_4_0_1,618.24
310,fake_intersection_3_4_S_1_3321,True,road_2_4_0_1,619.24
310,64,False,road_2_4_0_1,669.6803325656686
310,fake_intersection_3_4_S_2_3322,True,road_2_4_0_2,618.24
310,fake_intersection_3_4_S_2_3323,True,road_2_4_0_2,619.24
310,26,False,road_2_4_1_0,274.1245066844186
310,43,False,road_2_4_1_0,398.26076885571126
310,fake_intersection_1_4_N_1_3258,True,road_2_4_2_1,618.24
310,fake_intersection_1_4_N_1_3259,True,road_2_4_2_1,619.24
310,fake_intersection_1_4_N_2_3260,True,road_2_4_2_2,618.24
310,fake_intersection_1_4_N_2_3261,True,road_2_4_2_2,619.24
310,fake_intersection_2_3_E_1_3276,True,road_2_4_3_1,458.24
310,fake_intersection_2_3_E_1_3277,True,road_2_4_3_1,459.24
310,39,False,road_2_4_3_1,564.2978546503266
310,61,False,road_2_4_3_1,571.7989518358123
310,fake_intersection_2_3_E_2_3278,True,road_2_4_3_2,458.24
310,fake_intersection_2_3_E_2_3279,True,road_2_4_3_2,459.24
310,72,False,road_2_4_3_2,563.541927586879
310,13,False,road_2_4_3_2,571.7989525068753
310,18,False,road_3_1_0_0,412.9300660401388
310,40,False,road_3_1_0_1,589.9389720577409
310,fake_intersection_4_1_S_1_3330,True,road_3_1_0_1,618.24
310,fake_intersection_4_1_S_1_3331,True,road_3_1_0_1,619.24
310,59,False,road_3_1_1_1,4.636213631430557
310,fake_intersection_2_1_N_2_3262,True,road_3_1_2_2,618.24
310,fake_intersection_2_1_N_2_3263,True,road_3_1_2_2,619.24
310,94,False,road_3_1_3_0,12.089642379914972
310,62,False,road_3_2_0_0,90.67428323691026
310,fake_intersection_4_2_S_1_3340,True,road_3_2_0_1,618.24
310,fake_intersection_4_2_S_1_3341,True,road_3_2_0_1,619.24
310,fake_intersection_4_2_S_2_3342,True,road_3_2_0_2,618.24
310,fake_intersection_4_2_S_2_3343,True,road_3_2_0_2,619.24
310,91,False,road_3_2_2_0,229.39058152907853
310,121,False,road_3_2_2_0,250.1040950085056
310,fake_intersection_2_2_N_1_3264,True,road_3_2_2_1,618.24
310,fake_intersection_2_2_N_1_3265,True,road_3_2_2_1,619.24
310,fake_intersection_4_3_S_1_3352,True,road_3_3_0_1,618.24
310,fake_intersection_4_3_S_1_3353,True,road_3_3_0_1,619.24
310,fake_intersection_4_3_S_2_3354,True,road_3_3_0_2,618.24
310,fake_intersection_4_3_S_2_3355,True,road_3_3_0_2,619.24
310,86,False,road_3_3_1_0,547.1303759026423
310,fake_intersection_3_4_W_1_3318,True,road_3_3_1_1,458.24
310,fake_intersection_3_4_W_1_3319,True,road_3_3_1_1,459.24
310,76,False,road_3_3_1_1,564.2979509833558
310,55,False,road_3_3_1_1,571.7989945757159
310,16,False,road_3_3_2_0,474.09166267921165
310,67,False,road_3_3_2_1,579.346819229945
310,fake_intersection_2_3_N_1_3268,True,road_3_3_2_1,618.24
310,fake_intersection_2_3_N_1_3269,True,road_3_3_2_1,619.24
310,fake_intersection_2_3_N_2_3270,True,road_3_3_2_2,618.24
310,fake_intersection_2_3_N_2_3271,True,road_3_3_2_2,619.24
310,47,False,road_3_4_0_0,200.26380050987763
310,9,False,road_3_4_0_0,302.1059580489992
310,53,False,road_3_4_0_0,365.8713705599784
310,51,False,road_3_4_0_1,557.5946937019091
310,fake_intersection_4_4_S_1_3362,True,road_3_4_0_1,618.24
310,fake_intersection_4_4_S_1_3363,True,road_3_4_0_1,619.24
310,37,False,road_3_4_0_1,771.7772329308892
310,125,False,road_3_4_1_0,223.83318522448874
310,114,False,road_3_4_1_0,258.6293263623483
310,65,False,road_3_4_2_0,522.6626739736181
310,87,False,road_3_4_2_0,596.0010375359536
310,99,False,road_3_4_2_1,572.9676779875314
310,fake_intersection_2_4_N_1_3288,True,road_3_4_2_1,618.24
310,fake_intersection_2_4_N_1_3289,True,road_3_4_2_1,619.24
310,52,False,road_3_4_2_1,764.2979115221818
310,2,False,road_3_4_2_1,771.7989856599391
310,fake_intersection_2_4_N_2_3290,True,road_3_4_2_2,618.24
310,fake_intersection_2_4_N_2_3291,True,road_3_4_2_2,619.24
310,30,False,road_3_4_2_2,771.7989155793821
310,7,False,road_3_4_3_0,432.1169344043634
310,17,False,road_3_4_3_1,440.48042257400414
310,fake_intersection_3_4_E_1_3312,True,road_3_5_3_1,469.12
310,fake_intersection_3_4_E_1_3313,True,road_3_5_3_1,470.12
310,fake_intersection_3_4_E_2_3314,True,road_3_5_3_2,469.12
310,fake_intersection_3_4_E_2_3315,True,road_3_5_3_2,470.12
310,242,False,road_4_0_1_0,61.22382885933751
310,238,False,road_4_0_1_0,100.41677738409729
310,209,False,road_4_0_1_0,509.3177620628236
310,228,False,road_4_0_1_1,247.95104727178102
310,218,False,road_4_0_1_1,387.03180989279986
310,197,False,road_4_0_1_1,502.88746757448934
310,189,False,road_4_0_1_1,510.3885784764449
310,177,False,road_4_0_1_1,517.8896339076631
310,167,False,road_4_0_1_1,525.3906963933313
310,157,False,road_4_0_1_1,532.8917777146379
310,126,False,road_4_0_1_1,540.3928108174321
310,105,False,road_4_0_1_1,547.893889531255
310,74,False,road_4_0_1_1,555.3949021430782
310,54,False,road_4_0_1_1,562.8959063652395
310,34,False,road_4_0_1_1,570.3969147075832
310,24,False,road_4_0_1_1,577.8979283857836
310,0,False,road_4_0_1_1,585.3989359199275
310,fake_intersection_4_1_W_2_3328,True,road_4_0_1_2,469.12
310,fake_intersection_4_1_W_2_3329,True,road_4_0_1_2,470.12
310,137,False,road_4_0_1_2,555.3948058329993
310,116,False,road_4_0_1_2,562.895840395373
310,97,False,road_4_0_1_2,570.3968432332485
310,45,False,road_4_0_1_2,577.89793789554
310,14,False,road_4_0_1_2,585.3989444162426
310,fake_intersection_4_2_W_1_3336,True,road_4_1_1_1,458.24
310,fake_intersection_4_2_W_1_3337,True,road_4_1_1_1,459.24
310,fake_intersection_4_2_W_2_3338,True,road_4_1_1_2,458.24
310,fake_intersection_4_2_W_2_3339,True,road_4_1_1_2,459.24
310,fake_intersection_3_1_N_1_3292,True,road_4_1_2_1,618.24
310,fake_intersection_3_1_N_1_3293,True,road_4_1_2_1,619.24
310,fake_intersection_3_1_N_2_3294,True,road_4_1_2_2,618.24
310,fake_intersection_3_1_N_2_3295,True,road_4_1_2_2,619.24
310,180,False,road_4_2_2_0,195.83542474005688
310,152,False,road_4_2_2_1,589.2978424953922
310,fake_intersection_3_2_N_1_3304,True,road_4_2_2_1,618.24
310,fake_intersection_3_2_N_1_3305,True,road_4_2_2_1,619.24
310,fake_intersection_3_2_N_2_3306,True,road_4_2_2_2,618.24
310,fake_intersection_3_2_N_2_3307,True,road_4_2_2_2,619.24
310,fake_intersection_4_1_E_1_3324,True,road_4_2_3_1,458.24
310,fake_intersection_4_1_E_1_3325,True,road_4_2_3_1,459.24
310,fake_intersection_4_1_E_2_3326,True,road_4_2_3_2,458.24
310,fake_intersection_4_1_E_2_3327,True,road_4_2_3_2,459.24
310,169,False,road_4_3_1_0,184.79528783559684
310,178,False,road_4_3_1_1,185.0800558701522
310,147,False,road_4_3_1_1,528.379632767299
310,25,False,road_4_3_1_1,564.297900083199
310,15,False,road_4_3_1_1,571.7989997397917
310,158,False,road_4_3_2_0,265.19442870441634
310,138,False,road_4_3_2_0,395.1801994090235
310,128,False,road_4_3_2_0,467.95880222044957
310,fake_intersection_3_3_N_1_3308,True,road_4_3_2_1,618.24
310,fake_intersection_3_3_N_1_3309,True,road_4_3_2_1,619.24
310,fake_intersection_3_3_N_2_3310,True,road_4_3_2_2,618.24
310,fake_intersection_3_3_N_2_3311,True,road_4_3_2_2,619.24
310,fake_intersection_4_2_E_1_3344,True,road_4_3_3_1,458.24
310,fake_intersection_4_2_E_1_3345,True,road_4_3_3_1,459.24
310,117,False,road_4_3_3_1,564.2978363232143
310,107,False,road_4_3_3_1,571.7989339901593
310,fake_intersection_4_2_E_2_3346,True,road_4_3_3_2,458.24
310,fake_intersection_4_2_E_2_3347,True,road_4_3_3_2,459.24
310,192,False,road_4_4_1_0,11.333269465886314
310,154,False,road_4_4_1_0,537.2462688091565
310,163,False,road_4_4_2_0,446.0248069064675
310,159,False,road_4_4_2_0,551.61569115118
310,135,False,road_4_4_2_0,685.101466147803
310,131,False,road_4_4_2_1,741.7948879583921
310,119,False,road_4_4_2_1,749.2958964981461
310,92,False,road_4_4_2_1,756.7969342743186
310,109,False,road_4_4_2_1,764.2979723922394
310,103,False,road_4_4_2_1,771.7989727513682
310,fake_intersection_3_4_N_2_3316,True,road_4_4_2_2,618.24
310,fake_intersection_3_4_N_2_3317,True,road_4_4_2_2,619.24
310,81,False,road_4_4_2_2,771.7989874836612
310,fake_intersection_4_4_E_2_3356,True,road_4_5_3_2,469.12
310,fake_intersection_4_4_E_2_3357,True,road_4_5_3_2,470.12
310,246,False,road_5_2_2_0,98.82844753366408
310,236,False,road_5_2_2_0,146.742985719992
310,208,False,road_5_2_2_0,506.5268536553801
310,fake_intersection_4_2_N_1_3332,True,road_5_2_2_1,629.12
310,fake_intersection_4_2_N_1_3333,True,road_5_2_2_1,630.12
310,fake_intersection_4_2_N_2_3334,True,road_5_2_2_2,629.12
310,fake_intersection_4_2_N_2_3335,True,road_5_2_2_2,630.12
310,250,False,road_5_3_2_0,83.59890924720638
310,241,False,road_5_3_2_0,110.75343895411447
310,229,False,road_5_3_2_0,241.93877778302792
310,220,False,road_5_3_2_0,380.95657195517714
310,190,False,road_5_3_2_0,709.0212764147872
310,212,False,road_5_3_2_1,509.3984181970298
310,fake_intersection_4_3_N_1_3348,True,road_5_3_2_1,629.12
310,fake_intersection_4_3_N_1_3349,True,road_5_3_2_1,630.12
310,198,False,road_5_3_2_1,675.571141881426
310,fake_intersection_4_3_N_2_3350,True,road_5_3_2_2,629.12
310,fake_intersection_4_3_N_2_3351,True,road_5_3_2_2,630.12
310,234,False,road_5_4_2_0,147.07052574418438
310,230,False,road_5_4_2_0,246.879731771314
310,225,False,road_5_4_2_0,300.8434394150494
310,219,False,road_5_4_2_0,348.86552536055393
310,214,False,road_5_4_2_0,373.2174262368283
310,201,False,road_5_4_2_0,519.2571169806241
310,196,False,road_5_4_2_0,695.7993696168703
310,253,False,road_5_4_2_1,34.48183548394625
310,244,False,road_5_4_2_1,93.80097862642205
310,206,False,road_5_4_2_1,530.498403472606
310,fake_intersection_4_4_N_1_3358,True,road_5_4_2_1,629.12
310,fake_intersection_4_4_N_1_3359,True,road_5_4_2_1,630.12
310,187,False,road_5_4_2_1,725.2071332733028
310,174,False,road_5_4_2_1,777.8978116531808
310,171,False,road_5_4_2_1,785.3989081225037
310,fake_intersection_4_4_N_2_3360,True,road_5_4_2_2,629.12
310,fake_intersection_4_4_N_2_3361,True,road_5_4_2_2,630.12
310,181,False,road_5_4_2_2,777.8978722616686
310,146,False,road_5_4_2_2,785.3989106336303
320,52,False,:intersection_2_4_12_0,6.7166583544012655
320,76,False,:intersection_3_4_21_0,10.28408243985486
320,190,False,:intersection_4_3_9_2,9.862413311119797
320,196,False,:intersection_4_4_9_0,7.660819638566534
320,252,False,road_0_1_0_0,138.03629923301378
320,243,False,road_0_1_0_0,204.47122811958184
320,232,False,road_0_1_0_0,299.15808063959304
320,224,False,road_0_1_0_0,417.5312313930285
320,216,False,road_0_1_0_0,503.3166558445402
320,255,False,road_0_1_0_1,56.15393904605235
320,fake_intersection_1_1_S_1_3368,True,road_0_1_0_1,629.12
320,fake_intersection_1_1_S_1_3369,True,road_0_1_0_1,630.12
320,210,False,road_0_1_0_1,669.232125505774
320,200,False,road_0_1_0_1,689.491290913502
320,263,False,road_0_1_0_2,14.845754486114664
320,fake_intersection_1_1_S_2_3370,True,road_0_1_0_2,629.12
320,fake_intersection_1_1_S_2_3371,True,road_0_1_0_2,630.12
320,235,False,road_0_2_0_0,235.86088808084722
320,245,False,road_0_2_0_1,207.36404245484744
320,207,False,road_0_2_0_1,614.1750925023015
320,fake_intersection_1_2_S_1_3378,True,road_0_2_0_1,629.12
320,fake_intersection_1_2_S_1_3379,True,road_0_2_0_1,630.12
320,257,False,road_0_2_0_2,36.39368513466325
320,fake_intersection_1_2_S_2_3380,True,road_0_2_0_2,629.12
320,fake_intersection_1_2_S_2_3381,True,road_0_2_0_2,630.12
320,90,False,road_0_2_0_2,785.3989562573796
320,fake_intersection_1_3_S_1_3390,True,road_0_3_0_1,629.12
320,fake_intersection_1_3_S_1_3391,True,road_0_3_0_1,630.12
320,254,False,road_0_4_0_0,77.44306497870463
320,251,False,road_0_4_0_0,125.66859151124206
320,237,False,road_0_4_0_0,210.5607139115562
320,249,False,road_0_4_0_0,225.7974645115899
320,227,False,road_0_4_0_0,416.5419947258059
320,217,False,road_0_4_0_0,529.8643715647418
320,215,False,road_0_4_0_0,586.6847896161532
320,259,False,road_0_4_0_1,32.4826329013637
320,233,False,road_0_4_0_1,314.8445482136978
320,231,False,road_0_4_0_1,367.23315758602655
320,226,False,road_0_4_0_1,450.23372781837185
320,223,False,road_0_4_0_1,470.89711564983577
320,211,False,road_0_4_0_1,579.4072968776682
320,199,False,road_0_4_0_1,596.4965464722699
320,205,False,road_0_4_0_1,620.1462657798572
320,202,False,road_0_4_0_1,627.8772052140789
320,194,False,road_0_4_0_1,635.3782794073513
320,191,False,road_0_4_0_1,642.8793167211014
320,188,False,road_0_4_0_1,650.3804152469011
320,182,False,road_0_4_0_1,657.8814452552595
320,176,False,road_0_4_0_1,665.3824771274606
320,168,False,road_0_4_0_1,672.8834933965627
320,160,False,road_0_4_0_1,680.3845109654097
320,144,False,road_0_4_0_1,687.8855201007306
320,153,False,road_0_4_0_1,695.3865616417746
320,150,False,road_0_4_0_1,702.8875679582106
320,136,False,road_0_4_0_1,710.3885682058954
320,134,False,road_0_4_0_1,717.8896286855951
320,124,False,road_0_4_0_1,725.3906795288144
320,122,False,road_0_4_0_1,732.8916847075485
320,110,False,road_0_4_0_1,740.3927232092798
320,104,False,road_0_4_0_1,747.8937613144855
320,108,False,road_0_4_0_1,755.3948052307136
320,101,False,road_0_4_0_1,762.8958260133331
320,96,False,road_0_4_0_1,770.3968573601849
320,88,False,road_0_4_0_1,777.8978713079902
320,85,False,road_0_4_0_1,785.3989423730433
320,213,False,road_0_4_0_2,616.1187150687081
320,195,False,road_0_4_0_2,635.7640407603493
320,164,False,road_0_4_0_2,740.3926613285573
320,130,False,road_0_4_0_2,747.8936636388514
320,115,False,road_0_4_0_2,755.3947232832312
320,118,False,road_0_4_0_2,762.8957352768861
320,93,False,road_0_4_0_2,770.3967848125803
320,69,False,road_0_4_0_2,777.8978382833536
320,11,False,road_0_4_0_2,785.3989329663273
320,260,False,road_1_0_1_0,20.639091007854113
320,239,False,road_1_0_1_0,243.20759992288544
320,221,False,road_1_0_1_0,526.8139692053954
320,247,False,road_1_0_1_1,217.74911580274392
320,203,False,road_1_0_1_1,525.390754853872
320,185,False,road_1_0_1_1,532.8917713242491
320,165,False,road_1_0_1_1,540.3927884506427
320,132,False,road_1_0_1_1,547.8937909747438
320,111,False,road_1_0_1_1,555.3948667829765
320,77,False,road_1_0_1_1,562.8959161743535
320,57,False,road_1_0_1_1,570.396940022553
320,21,False,road_1_0_1_1,577.8979891971964
320,5,False,road_1_0_1_1,585.3989922544721
320,fake_intersection_1_1_W_2_3366,True,road_1_0_1_2,469.12
320,fake_intersection_1_1_W_2_3367,True,road_1_0_1_2,470.12
320,184,False,road_1_1_0_0,65.41117751191162
320,175,False,road_1_1_0_0,134.37747900280758
320,161,False,road_1_1_0_1,530.9774042651204
320,fake_intersection_2_1_S_1_3404,True,road_1_1_0_1,618.24
320,fake_intersection_2_1_S_1_3405,True,road_1_1_0_1,619.24
320,148,False,road_1_1_0_1,757.3870092372752
320,fake_intersection_2_1_S_2_3406,True,road_1_1_0_2,618.24
320,fake_intersection_2_1_S_2_3407,True,road_1_1_0_2,619.24
320,193,False,road_1_1_3_0,77.46382529970897
320,170,False,road_1_1_3_0,438.0932782552881
320,50,False,road_1_2_0_0,176.23458492977437
320,123,False,road_1_2_0_0,311.8537933426166
320,44,False,road_1_2_0_0,386.20573809594885
320,151,False,road_1_2_0_0,606.4697746763364
320,fake_intersection_2_2_S_1_3410,True,road_1_2_0_1,618.24
320,fake_intersection_2_2_S_1_3411,True,road_1_2_0_1,619.24
320,120,False,road_1_2_0_2,771.798956161922
320,4,False,road_1_2_1_0,243.98718947089242
320,fake_intersection_1_3_W_1_3386,True,road_1_2_1_1,458.24
320,fake_intersection_1_3_W_1_3387,True,road_1_2_1_1,459.24
320,fake_intersection_1_3_W_2_3388,True,road_1_2_1_2,458.24
320,fake_intersection_1_3_W_2_3389,True,road_1_2_1_2,459.24
320,179,False,road_1_2_3_0,277.5303095950391
320,3,False,road_1_2_3_1,571.7989139280962
320,fake_intersection_1_1_E_2_3372,True,road_1_2_3_2,458.24
320,fake_intersection_1_1_E_2_3373,True,road_1_2_3_2,459.24
320,fake_intersection_2_3_S_1_3416,True,road_1_3_0_1,618.24
320,fake_intersection_2_3_S_1_3417,True,road_1_3_0_1,619.24
320,fake_intersection_2_3_S_2_3418,True,road_1_3_0_2,618.24
320,fake_intersection_2_3_S_2_3419,True,road_1_3_0_2,619.24
320,156,False,road_1_3_2_0,75.18097532879382
320,149,False,road_1_3_2_0,245.09518425643918
320,78,False,road_1_3_2_0,662.3266051662706
320,58,False,road_1_3_2_0,726.7470421507596
320,95,False,road_1_3_2_1,718.3174998929854
320,186,False,road_1_4_0_0,396.87548237803617
320,fake_intersection_2_4_S_1_3430,True,road_1_4_0_1,618.24
320,fake_intersection_2_4_S_1_3431,True,road_1_4_0_1,619.24
320,204,False,road_1_4_3_0,134.2214003703505
320,172,False,road_1_4_3_0,188.7894423219517
320,183,False,road_1_4_3_1,208.36872790488317
320,173,False,road_1_4_3_1,415.04821417465376
320,162,False,road_1_4_3_1,434.43538176339206
320,166,False,road_1_4_3_1,481.77113879695423
320,142,False,road_1_4_3_1,489.2873393655898
320,127,False,road_1_4_3_1,496.78850143651255
320,140,False,road_1_4_3_1,504.2896372495155
320,133,False,road_1_4_3_1,511.79065605503166
320,102,False,road_1_4_3_1,519.2917106439144
320,41,False,road_1_4_3_1,526.7927259146885
320,6,False,road_1_4_3_1,534.29374921195
320,80,False,road_1_4_3_1,541.7947712089742
320,79,False,road_1_4_3_1,549.2958273446126
320,56,False,road_1_4_3_1,556.7968742998352
320,23,False,road_1_4_3_1,564.297910843412
320,27,False,road_1_4_3_1,571.7989478475426
320,22,False,road_1_4_3_2,564.2979288645467
320,19,False,road_1_4_3_2,571.7989847505228
320,261,False,road_1_5_3_0,28.241530690252457
320,240,False,road_1_5_3_0,201.59861497227806
320,248,False,road_1_5_3_0,218.05624275706163
320,222,False,road_1_5_3_1,375.8826973221078
320,fake_intersection_1_4_E_1_3392,True,road_1_5_3_1,469.12
320,fake_intersection_1_4_E_1_3393,True,road_1_5_3_1,470.12
320,fake_intersection_1_4_E_2_3394,True,road_1_5_3_2,469.12
320,fake_intersection_1_4_E_2_3395,True,road_1_5_3_2,470.12
320,143,False,road_2_1_0_1,40.22551053795898
320,fake_intersection_3_1_S_1_3432,True,road_2_1_0_1,618.24
320,100,False,road_2_1_0_1,618.3516761085973
320,fake_intersection_3_1_S_1_3433,True,road_2_1_0_1,619.24
320,82,False,road_2_1_0_2,731.3139951925247
320,32,False,road_2_1_2_0,770.1368518757005
320,fake_intersection_1_1_N_1_3364,True,road_2_1_2_1,618.24
320,fake_intersection_1_1_N_1_3365,True,road_2_1_2_1,619.24
320,113,False,road_2_1_3_0,282.20063557597484
320,fake_intersection_3_2_S_1_3434,True,road_2_2_0_1,618.24
320,fake_intersection_3_2_S_1_3435,True,road_2_2_0_1,619.24
320,fake_intersection_3_2_S_2_3436,True,road_2_2_0_2,618.24
320,fake_intersection_3_2_S_2_3437,True,road_2_2_0_2,619.24
320,fake_intersection_2_3_W_1_3424,True,road_2_2_1_1,458.24
320,fake_intersection_2_3_W_1_3425,True,road_2_2_1_1,459.24
320,33,False,road_2_2_1_1,571.7989512852479
320,fake_intersection_2_3_W_2_3426,True,road_2_2_1_2,458.24
320,fake_intersection_2_3_W_2_3427,True,road_2_2_1_2,459.24
320,63,False,road_2_2_2_0,133.34379084548607
320,fake_intersection_1_2_N_1_3374,True,road_2_2_2_1,618.24
320,fake_intersection_1_2_N_1_3375,True,road_2_2_2_1,619.24
320,fake_intersection_1_2_N_2_3376,True,road_2_2_2_2,618.24
320,fake_intersection_1_2_N_2_3377,True,road_2_2_2_2,619.24
320,fake_intersection_3_3_S_2_3446,True,road_2_3_0_2,618.24
320,fake_intersection_3_3_S_2_3447,True,road_2_3_0_2,619.24
320,71,False,road_2_3_2_0,182.68140807678714
320,fake_intersection_1_3_N_1_3382,True,road_2_3_2_1,618.24
320,fake_intersection_1_3_N_1_3383,True,road_2_3_2_1,619.24
320,35,False,road_2_3_2_2,578.6255471323751
320,fake_intersection_1_3_N_2_3384,True,road_2_3_2_2,618.24
320,fake_intersection_1_3_N_2_3385,True,road_2_3_2_2,619.24
320,49,False,road_2_4_0_0,709.2206796048978
320,fake_intersection_3_4_S_1_3466,True,road_2_4_0_1,618.24
320,fake_intersection_3_4_S_1_3467,True,road_2_4_0_1,619.24
320,64,False,road_2_4_0_1,766.5192811006517
320,83,False,road_2_4_0_2,612.2206903613381
320,fake_intersection_3_4_S_2_3468,True,road_2_4_0_2,618.24
320,fake_intersection_3_4_S_2_3469,True,road_2_4_0_2,619.24
320,26,False,road_2_4_1_0,371.07600586645395
320,43,False,road_2_4_1_0,509.1449193504245
320,2,False,road_2_4_2_0,3.0612904414980697
320,fake_intersection_1_4_N_1_3396,True,road_2_4_2_1,618.24
320,fake_intersection_1_4_N_1_3397,True,road_2_4_2_1,619.24
320,fake_intersection_1_4_N_2_3398,True,road_2_4_2_2,618.24
320,fake_intersection_1_4_N_2_3399,True,road_2_4_2_2,619.24
320,fake_intersection_2_3_E_1_3420,True,road_2_4_3_1,458.24
320,fake_intersection_2_3_E_1_3421,True,road_2_4_3_1,459.24
320,39,False,road_2_4_3_1,564.2978546503266
320,61,False,road_2_4_3_1,571.7989518358123
320,fake_intersection_2_3_E_2_3422,True,road_2_4_3_2,458.24
320,fake_intersection_2_3_E_2_3423,True,road_2_4_3_2,459.24
320,72,False,road_2_4_3_2,564.2979320177367
320,13,False,road_2_4_3_2,571.7989525068753
320,18,False,road_3_1_0_0,510.0269150715914
320,fake_intersection_4_1_S_1_3476,True,road_3_1_0_1,618.24
320,fake_intersection_4_1_S_1_3477,True,road_3_1_0_1,619.24
320,40,False,road_3_1_0_1,699.165647344351
320,59,False,road_3_1_1_0,105.37572846924952
320,fake_intersection_2_1_N_1_3400,True,road_3_1_2_1,618.24
320,fake_intersection_2_1_N_1_3401,True,road_3_1_2_1,619.24
320,fake_intersection_2_1_N_2_3402,True,road_3_1_2_2,618.24
320,fake_intersection_2_1_N_2_3403,True,road_3_1_2_2,619.24
320,94,False,road_3_1_3_0,124.29788365970698
320,62,False,road_3_2_0_0,198.34792353341427
320,fake_intersection_4_2_S_1_3486,True,road_3_2_0_1,618.24
320,fake_intersection_4_2_S_1_3487,True,road_3_2_0_1,619.24
320,fake_intersection_4_2_S_2_3488,True,road_3_2_0_2,618.24
320,fake_intersection_4_2_S_2_3489,True,road_3_2_0_2,619.24
320,fake_intersection_3_3_W_1_3452,True,road_3_2_1_1,458.24
320,fake_intersection_3_3_W_1_3453,True,road_3_2_1_1,459.24
320,91,False,road_3_2_2_0,322.88940893359296
320,121,False,road_3_2_2_0,366.57985562210484
320,fake_intersection_2_2_N_1_3408,True,road_3_2_2_1,618.24
320,fake_intersection_2_2_N_1_3409,True,road_3_2_2_1,619.24
320,fake_intersection_4_3_S_2_3494,True,road_3_3_0_2,618.24
320,fake_intersection_4_3_S_2_3495,True,road_3_3_0_2,619.24
320,fake_intersection_3_4_W_1_3462,True,road_3_3_1_1,458.24
320,fake_intersection_3_4_W_1_3463,True,road_3_3_1_1,459.24
320,fake_intersection_3_4_W_2_3464,True,road_3_3_1_2,458.24
320,fake_intersection_3_4_W_2_3465,True,road_3_3_1_2,459.24
320,16,False,road_3_3_2_1,565.6027005043042
320,fake_intersection_2_3_N_1_3412,True,road_3_3_2_1,618.24
320,fake_intersection_2_3_N_1_3413,True,road_3_3_2_1,619.24
320,67,False,road_3_3_2_1,674.5560896197629
320,fake_intersection_2_3_N_2_3414,True,road_3_3_2_2,618.24
320,fake_intersection_2_3_N_2_3415,True,road_3_3_2_2,619.24
320,86,False,road_3_4_0_0,51.91611722980674
320,47,False,road_3_4_0_0,293.2031348774734
320,9,False,road_3_4_0_0,389.9903710876825
320,53,False,road_3_4_0_0,479.8631802963804
320,fake_intersection_4_4_S_1_3504,True,road_3_4_0_1,618.24
320,fake_intersection_4_4_S_1_3505,True,road_3_4_0_1,619.24
320,51,False,road_3_4_0_1,681.420310859439
320,37,False,road_3_4_0_1,771.7989017319449
320,fake_intersection_4_4_S_2_3506,True,road_3_4_0_2,618.24
320,fake_intersection_4_4_S_2_3507,True,road_3_4_0_2,619.24
320,55,False,road_3_4_1_0,5.312470043168265
320,125,False,road_3_4_1_0,344.2570566936558
320,114,False,road_3_4_1_0,373.42689998611996
320,65,False,road_3_4_2_0,615.2224070140334
320,99,False,road_3_4_2_0,685.2291622419722
320,87,False,road_3_4_2_0,705.4274637300178
320,fake_intersection_2_4_N_1_3428,True,road_3_4_2_1,618.24
320,fake_intersection_2_4_N_1_3429,True,road_3_4_2_1,619.24
320,30,False,road_3_4_2_2,771.7989155793821
320,7,False,road_3_4_3_0,527.2185279033285
320,fake_intersection_3_3_E_1_3448,True,road_3_4_3_1,458.24
320,fake_intersection_3_3_E_1_3449,True,road_3_4_3_1,459.24
320,17,False,road_3_4_3_1,538.642818243008
320,fake_intersection_3_3_E_2_3450,True,road_3_4_3_2,458.24
320,fake_intersection_3_3_E_2_3451,True,road_3_4_3_2,459.24
320,fake_intersection_3_4_E_1_3454,True,road_3_5_3_1,469.12
320,fake_intersection_3_4_E_1_3455,True,road_3_5_3_1,470.12
320,fake_intersection_3_4_E_2_3456,True,road_3_5_3_2,469.12
320,fake_intersection_3_4_E_2_3457,True,road_3_5_3_2,470.12
320,242,False,road_4_0_1_0,162.80902582875666
320,238,False,road_4_0_1_0,212.40618906919295
320,228,False,road_4_0_1_1,364.1471501765324
320,218,False,road_4_0_1_1,492.61153926092067
320,197,False,road_4_0_1_1,502.8875730072387
320,189,False,road_4_0_1_1,510.3885784764449
320,177,False,road_4_0_1_1,517.8896339076631
320,167,False,road_4_0_1_1,525.3906963933313
320,157,False,road_4_0_1_1,532.8917777146379
320,126,False,road_4_0_1_1,540.3928108174321
320,105,False,road_4_0_1_1,547.893889531255
320,74,False,road_4_0_1_1,555.3949021430782
320,54,False,road_4_0_1_1,562.8959063652395
320,34,False,road_4_0_1_1,570.3969147075832
320,24,False,road_4_0_1_1,577.8979283857836
320,0,False,road_4_0_1_1,585.3989359199275
320,fake_intersection_4_1_W_2_3474,True,road_4_0_1_2,469.12
320,fake_intersection_4_1_W_2_3475,True,road_4_0_1_2,470.12
320,137,False,road_4_0_1_2,555.3948058329993
320,116,False,road_4_0_1_2,562.895840395373
320,97,False,road_4_0_1_2,570.3968432332485
320,45,False,road_4_0_1_2,577.89793789554
320,14,False,road_4_0_1_2,585.3989444162426
320,209,False,road_4_1_0_0,6.027970306055071
320,fake_intersection_4_2_W_1_3482,True,road_4_1_1_1,458.24
320,fake_intersection_4_2_W_1_3483,True,road_4_1_1_1,459.24
320,fake_intersection_4_2_W_2_3484,True,road_4_1_1_2,458.24
320,fake_intersection_4_2_W_2_3485,True,road_4_1_1_2,459.24
320,180,False,road_4_2_2_0,313.31322197601116
320,fake_intersection_3_2_N_1_3438,True,road_4_2_2_1,618.24
320,fake_intersection_3_2_N_1_3439,True,road_4_2_2_1,619.24
320,152,False,road_4_2_2_1,702.6453120985719
320,fake_intersection_3_2_N_2_3440,True,road_4_2_2_2,618.24
320,fake_intersection_3_2_N_2_3441,True,road_4_2_2_2,619.24
320,fake_intersection_4_1_E_1_3470,True,road_4_2_3_1,458.24
320,fake_intersection_4_1_E_1_3471,True,road_4_2_3_1,459.24
320,fake_intersection_4_1_E_2_3472,True,road_4_2_3_2,458.24
320,fake_intersection_4_1_E_2_3473,True,road_4_2_3_2,459.24
320,169,False,road_4_3_1_0,281.9049326311276
320,fake_intersection_4_4_W_1_3500,True,road_4_3_1_1,458.24
320,fake_intersection_4_4_W_1_3501,True,road_4_3_1_1,459.24
320,147,False,road_4_3_1_1,556.7968025645093
320,25,False,road_4_3_1_1,564.297900083199
320,15,False,road_4_3_1_1,571.7989997397917
320,178,False,road_4_3_1_2,298.3607935616736
320,fake_intersection_4_4_W_2_3502,True,road_4_3_1_2,458.24
320,fake_intersection_4_4_W_2_3503,True,road_4_3_1_2,459.24
320,158,False,road_4_3_2_0,362.66923665769684
320,138,False,road_4_3_2_0,502.1518441161835
320,128,False,road_4_3_2_1,587.3703434743913
320,fake_intersection_3_3_N_1_3442,True,road_4_3_2_1,618.24
320,fake_intersection_3_3_N_1_3443,True,road_4_3_2_1,619.24
320,fake_intersection_3_3_N_2_3444,True,road_4_3_2_2,618.24
320,fake_intersection_3_3_N_2_3445,True,road_4_3_2_2,619.24
320,fake_intersection_4_2_E_1_3490,True,road_4_3_3_1,458.24
320,fake_intersection_4_2_E_1_3491,True,road_4_3_3_1,459.24
320,117,False,road_4_3_3_1,564.2978363232143
320,107,False,road_4_3_3_1,571.7989339901593
320,fake_intersection_4_2_E_2_3492,True,road_4_3_3_2,458.24
320,fake_intersection_4_2_E_2_3493,True,road_4_3_3_2,459.24
320,192,False,road_4_4_1_0,125.54894500231225
320,159,False,road_4_4_2_0,671.4526597756354
320,135,False,road_4_4_2_0,772.6483667169168
320,163,False,road_4_4_2_1,566.6225717382285
320,fake_intersection_3_4_N_1_3458,True,road_4_4_2_1,618.24
320,fake_intersection_3_4_N_1_3459,True,road_4_4_2_1,619.24
320,131,False,road_4_4_2_1,741.7948879583921
320,119,False,road_4_4_2_1,749.2958964981461
320,92,False,road_4_4_2_1,756.7969342743186
320,109,False,road_4_4_2_1,764.2979723922394
320,103,False,road_4_4_2_1,771.7989727513682
320,fake_intersection_3_4_N_2_3460,True,road_4_4_2_2,618.24
320,fake_intersection_3_4_N_2_3461,True,road_4_4_2_2,619.24
320,81,False,road_4_4_2_2,771.7989874836612
320,fake_intersection_4_4_E_2_3496,True,road_4_5_3_2,469.12
320,fake_intersection_4_4_E_2_3497,True,road_4_5_3_2,470.12
320,246,False,road_5_2_2_0,200.99782480681168
320,236,False,road_5_2_2_0,255.21415868844974
320,208,False,road_5_2_2_0,608.8849548719085
320,fake_intersection_4_2_N_1_3478,True,road_5_2_2_1,629.12
320,fake_intersection_4_2_N_1_3479,True,road_5_2_2_1,630.12
320,258,False,road_5_2_2_2,56.86029925639439
320,fake_intersection_4_2_N_2_3480,True,road_5_2_2_2,629.12
320,fake_intersection_4_2_N_2_3481,True,road_5_2_2_2,630.12
320,262,False,road_5_3_2_0,26.479421663120213
320,250,False,road_5_3_2_0,181.08277752534548
320,241,False,road_5_3_2_0,216.18488181894833
320,229,False,road_5_3_2_0,346.2348354377019
320,220,False,road_5_3_2_0,482.9967639225432
320,212,False,road_5_3_2_1,614.6820313588283
320,198,False,road_5_3_2_1,785.7274955890116
320,264,False,road_5_4_2_0,16.16941115311713
320,256,False,road_5_4_2_0,75.08098535951504
320,253,False,road_5_4_2_0,133.93964067546105
320,234,False,road_5_4_2_0,240.52963930959743
320,230,False,road_5_4_2_0,353.94462383736885
320,225,False,road_5_4_2_0,400.76948960182267
320,219,False,road_5_4_2_0,442.8886696086914
320,214,False,road_5_4_2_0,461.27839843927035
320,201,False,road_5_4_2_0,611.3677050816519
320,244,False,road_5_4_2_1,200.42185256675168
320,206,False,road_5_4_2_1,636.3916872032794
320,187,False,road_5_4_2_1,770.3963896460019
320,174,False,road_5_4_2_1,777.8978116531808
320,171,False,road_5_4_2_1,785.3989081225037
320,fake_intersection_4_4_N_2_3498,True,road_5_4_2_2,629.12
320,fake_intersection_4_4_N_2_3499,True,road_5_4_2_2,630.12
320,181,False,road_5_4_2_2,777.8978722616686
320,146,False,road_5_4_2_2,785.3989106336303
330,200,False,:intersection_1_1_30_1,0.5122901652266592
330,99,False,:intersection_2_4_9_0,7.660898475141344
330,25,False,:intersection_4_4_21_0,5.527667223462458
330,15,False,:intersection_4_4_21_0,26.911815114871523
330,267,False,road_0_1_0_0,54.24545613347332
330,255,False,road_0_1_0_0,128.37191325877887
330,252,False,road_0_1_0_0,241.2919936457519
330,243,False,road_0_1_0_0,308.84832837407663
330,232,False,road_0_1_0_0,397.5373286690229
330,263,False,road_0_1_0_1,112.17177813821134
330,224,False,road_0_1_0_1,522.898973756495
330,216,False,road_0_1_0_1,605.2638400353104
330,fake_intersection_1_1_S_1_3512,True,road_0_1_0_1,629.12
330,fake_intersection_1_1_S_1_3513,True,road_0_1_0_1,630.12
330,210,False,road_0_1_0_1,767.3261015884524
330,fake_intersection_1_1_S_2_3514,True,road_0_1_0_2,629.12
330,fake_intersection_1_1_S_2_3515,True,road_0_1_0_2,630.12
330,235,False,road_0_2_0_0,337.4058929456946
330,270,False,road_0_2_0_1,15.185884827365943
330,257,False,road_0_2_0_1,171.69910068404167
330,245,False,road_0_2_0_1,312.8689440603813
330,fake_intersection_1_2_S_1_3522,True,road_0_2_0_1,629.12
330,fake_intersection_1_2_S_1_3523,True,road_0_2_0_1,630.12
330,207,False,road_0_2_0_1,715.7675883183845
330,fake_intersection_1_2_S_2_3524,True,road_0_2_0_2,629.12
330,fake_intersection_1_2_S_2_3525,True,road_0_2_0_2,630.12
330,90,False,road_0_2_0_2,785.3989562573796
330,fake_intersection_1_3_S_1_3534,True,road_0_3_0_1,629.12
330,fake_intersection_1_3_S_1_3535,True,road_0_3_0_1,630.12
330,259,False,road_0_4_0_0,118.09939834864564
330,254,False,road_0_4_0_0,167.72940968375158
330,251,False,road_0_4_0_0,214.88452309557846
330,237,False,road_0_4_0_0,302.15943146676904
330,249,False,road_0_4_0_0,342.68713205628313
330,227,False,road_0_4_0_0,533.3116145448016
330,217,False,road_0_4_0_0,643.5614248089825
330,215,False,road_0_4_0_0,702.4419009120654
330,269,False,road_0_4_0_1,32.165106917128135
330,265,False,road_0_4_0_1,83.1096286368011
330,233,False,road_0_4_0_1,436.8728972240072
330,231,False,road_0_4_0_1,487.3061968108468
330,226,False,road_0_4_0_1,559.6417496289513
330,223,False,road_0_4_0_1,580.5803180207467
330,211,False,road_0_4_0_1,605.3720669195687
330,199,False,road_0_4_0_1,612.8751999378156
330,205,False,road_0_4_0_1,620.3762031672828
330,202,False,road_0_4_0_1,627.8772052140789
330,194,False,road_0_4_0_1,635.3782794073513
330,191,False,road_0_4_0_1,642.8793167211014
330,188,False,road_0_4_0_1,650.3804152469011
330,182,False,road_0_4_0_1,657.8814452552595
330,176,False,road_0_4_0_1,665.3824771274606
330,168,False,road_0_4_0_1,672.8834933965627
330,160,False,road_0_4_0_1,680.3845109654097
330,144,False,road_0_4_0_1,687.8855201007306
330,153,False,road_0_4_0_1,695.3865616417746
330,150,False,road_0_4_0_1,702.8875679582106
330,136,False,road_0_4_0_1,710.3885682058954
330,134,False,road_0_4_0_1,717.8896286855951
330,124,False,road_0_4_0_1,725.3906795288144
330,122,False,road_0_4_0_1,732.8916847075485
330,110,False,road_0_4_0_1,740.3927232092798
330,104,False,road_0_4_0_1,747.8937613144855
330,108,False,road_0_4_0_1,755.3948052307136
330,101,False,road_0_4_0_1,762.8958260133331
330,96,False,road_0_4_0_1,770.3968573601849
330,88,False,road_0_4_0_1,777.8978713079902
330,85,False,road_0_4_0_1,785.3989423730433
330,213,False,road_0_4_0_2,705.4335159482051
330,195,False,road_0_4_0_2,722.0606568008938
330,164,False,road_0_4_0_2,740.3926613285573
330,130,False,road_0_4_0_2,747.8936636388514
330,115,False,road_0_4_0_2,755.3947232832312
330,118,False,road_0_4_0_2,762.8957352768861
330,93,False,road_0_4_0_2,770.3967848125803
330,69,False,road_0_4_0_2,777.8978382833536
330,11,False,road_0_4_0_2,785.3989329663273
330,260,False,road_1_0_1_0,97.2017947014902
330,239,False,road_1_0_1_0,361.8829964913585
330,247,False,road_1_0_1_1,326.4542918272128
330,203,False,road_1_0_1_1,525.390754853872
330,185,False,road_1_0_1_1,532.8917713242491
330,165,False,road_1_0_1_1,540.3927884506427
330,132,False,road_1_0_1_1,547.8937909747438
330,111,False,road_1_0_1_1,555.3948667829765
330,77,False,road_1_0_1_1,562.8959161743535
330,57,False,road_1_0_1_1,570.396940022553
330,21,False,road_1_0_1_1,577.8979891971964
330,5,False,road_1_0_1_1,585.3989922544721
330,fake_intersection_1_1_W_2_3510,True,road_1_0_1_2,469.12
330,fake_intersection_1_1_W_2_3511,True,road_1_0_1_2,470.12
330,221,False,road_1_1_0_0,34.74707660098834
330,184,False,road_1_1_0_0,163.70688034147702
330,175,False,road_1_1_0_0,229.00702976803933
330,fake_intersection_2_1_S_1_3548,True,road_1_1_0_1,618.24
330,fake_intersection_2_1_S_1_3549,True,road_1_1_0_1,619.24
330,161,False,road_1_1_0_1,645.6903376251374
330,fake_intersection_2_1_S_2_3550,True,road_1_1_0_2,618.24
330,fake_intersection_2_1_S_2_3551,True,road_1_1_0_2,619.24
330,32,False,road_1_1_1_0,76.76227781900539
330,193,False,road_1_1_3_0,189.29599872019867
330,170,False,road_1_1_3_0,552.3827111109111
330,50,False,road_1_2_0_0,264.22341646050216
330,123,False,road_1_2_0_0,420.8422057024399
330,44,False,road_1_2_0_0,497.1794115874349
330,151,False,road_1_2_0_0,710.6141244599007
330,fake_intersection_2_2_S_1_3554,True,road_1_2_0_1,618.24
330,fake_intersection_2_2_S_1_3555,True,road_1_2_0_1,619.24
330,120,False,road_1_2_0_2,771.798956161922
330,4,False,road_1_2_1_1,352.3721236614003
330,fake_intersection_1_3_W_1_3530,True,road_1_2_1_1,458.24
330,fake_intersection_1_3_W_1_3531,True,road_1_2_1_1,459.24
330,fake_intersection_1_3_W_2_3532,True,road_1_2_1_2,458.24
330,fake_intersection_1_3_W_2_3533,True,road_1_2_1_2,459.24
330,179,False,road_1_2_3_1,388.4809189350854
330,3,False,road_1_2_3_1,571.7989139280962
330,fake_intersection_1_1_E_2_3516,True,road_1_2_3_2,458.24
330,fake_intersection_1_1_E_2_3517,True,road_1_2_3_2,459.24
330,fake_intersection_2_3_S_1_3560,True,road_1_3_0_1,618.24
330,fake_intersection_2_3_S_1_3561,True,road_1_3_0_1,619.24
330,fake_intersection_2_3_S_2_3562,True,road_1_3_0_2,618.24
330,fake_intersection_2_3_S_2_3563,True,road_1_3_0_2,619.24
330,fake_intersection_1_4_W_1_3542,True,road_1_3_1_1,458.24
330,fake_intersection_1_4_W_1_3543,True,road_1_3_1_1,459.24
330,156,False,road_1_3_2_0,197.33253193573904
330,149,False,road_1_3_2_0,353.60370706929024
330,78,False,road_1_3_2_0,767.0612735044004
330,186,False,road_1_4_0_1,508.6035451501496
330,fake_intersection_2_4_S_1_3574,True,road_1_4_0_1,618.24
330,fake_intersection_2_4_S_1_3575,True,road_1_4_0_1,619.24
330,204,False,road_1_4_3_0,247.3497125737478
330,172,False,road_1_4_3_1,282.02951451552633
330,173,False,road_1_4_3_1,466.7831841994115
330,162,False,road_1_4_3_1,474.2855260517467
330,166,False,road_1_4_3_1,481.7865949162221
330,142,False,road_1_4_3_1,489.28761903868144
330,127,False,road_1_4_3_1,496.78862006102685
330,140,False,road_1_4_3_1,504.2896372495155
330,133,False,road_1_4_3_1,511.79065605503166
330,102,False,road_1_4_3_1,519.2917106439144
330,41,False,road_1_4_3_1,526.7927259146885
330,6,False,road_1_4_3_1,534.29374921195
330,80,False,road_1_4_3_1,541.7947712089742
330,79,False,road_1_4_3_1,549.2958273446126
330,56,False,road_1_4_3_1,556.7968742998352
330,23,False,road_1_4_3_1,564.297910843412
330,27,False,road_1_4_3_1,571.7989478475426
330,183,False,road_1_4_3_2,322.95167905988984
330,22,False,road_1_4_3_2,564.2979288645467
330,19,False,road_1_4_3_2,571.7989847505228
330,261,False,road_1_5_3_0,147.67452517971319
330,240,False,road_1_5_3_0,300.5425772873438
330,248,False,road_1_5_3_0,337.07572798127853
330,222,False,road_1_5_3_1,462.193934191951
330,fake_intersection_1_4_E_1_3536,True,road_1_5_3_1,469.12
330,fake_intersection_1_4_E_1_3537,True,road_1_5_3_1,470.12
330,148,False,road_2_1_0_0,57.73560464025585
330,143,False,road_2_1_0_0,160.1101441575865
330,fake_intersection_3_1_S_1_3580,True,road_2_1_0_1,618.24
330,fake_intersection_3_1_S_1_3581,True,road_2_1_0_1,619.24
330,100,False,road_2_1_0_1,731.2222419039983
330,fake_intersection_3_1_S_2_3582,True,road_2_1_0_2,618.24
330,fake_intersection_3_1_S_2_3583,True,road_2_1_0_2,619.24
330,fake_intersection_1_1_N_1_3508,True,road_2_1_2_1,618.24
330,fake_intersection_1_1_N_1_3509,True,road_2_1_2_1,619.24
330,113,False,road_2_1_3_0,386.95537506528103
330,fake_intersection_3_2_S_1_3586,True,road_2_2_0_1,618.24
330,fake_intersection_3_2_S_1_3587,True,road_2_2_0_1,619.24
330,fake_intersection_2_3_W_1_3568,True,road_2_2_1_1,458.24
330,fake_intersection_2_3_W_1_3569,True,road_2_2_1_1,459.24
330,33,False,road_2_2_1_1,571.7989512852479
330,fake_intersection_2_3_W_2_3570,True,road_2_2_1_2,458.24
330,fake_intersection_2_3_W_2_3571,True,road_2_2_1_2,459.24
330,63,False,road_2_2_2_0,236.6668511696426
330,fake_intersection_1_2_N_1_3518,True,road_2_2_2_1,618.24
330,fake_intersection_1_2_N_1_3519,True,road_2_2_2_1,619.24
330,fake_intersection_1_2_N_2_3520,True,road_2_2_2_2,618.24
330,fake_intersection_1_2_N_2_3521,True,road_2_2_2_2,619.24
330,fake_intersection_3_3_S_2_3592,True,road_2_3_0_2,618.24
330,fake_intersection_3_3_S_2_3593,True,road_2_3_0_2,619.24
330,71,False,road_2_3_2_0,284.7227921394774
330,fake_intersection_1_3_N_1_3526,True,road_2_3_2_1,618.24
330,fake_intersection_1_3_N_1_3527,True,road_2_3_2_1,619.24
330,fake_intersection_1_3_N_2_3528,True,road_2_3_2_2,618.24
330,fake_intersection_1_3_N_2_3529,True,road_2_3_2_2,619.24
330,35,False,road_2_3_2_2,685.4563854741616
330,fake_intersection_3_4_S_1_3612,True,road_2_4_0_1,618.24
330,fake_intersection_3_4_S_1_3613,True,road_2_4_0_1,619.24
330,64,False,road_2_4_0_1,771.7989491181652
330,fake_intersection_3_4_S_2_3614,True,road_2_4_0_2,618.24
330,fake_intersection_3_4_S_2_3615,True,road_2_4_0_2,619.24
330,83,False,road_2_4_0_2,713.7676971702986
330,87,False,road_2_4_1_0,20.630328161328713
330,26,False,road_2_4_1_0,466.70328884849704
330,52,False,road_2_4_2_0,83.58233006385198
330,2,False,road_2_4_2_0,109.38054393070793
330,fake_intersection_1_4_N_1_3538,True,road_2_4_2_1,618.24
330,fake_intersection_1_4_N_1_3539,True,road_2_4_2_1,619.24
330,fake_intersection_1_4_N_2_3540,True,road_2_4_2_2,618.24
330,fake_intersection_1_4_N_2_3541,True,road_2_4_2_2,619.24
330,fake_intersection_2_3_E_1_3556,True,road_2_4_3_1,458.24
330,fake_intersection_2_3_E_1_3557,True,road_2_4_3_1,459.24
330,39,False,road_2_4_3_1,564.2978546503266
330,61,False,road_2_4_3_1,571.7989518358123
330,fake_intersection_2_3_E_2_3558,True,road_2_4_3_2,458.24
330,fake_intersection_2_3_E_2_3559,True,road_2_4_3_2,459.24
330,72,False,road_2_4_3_2,564.2979320177367
330,13,False,road_2_4_3_2,571.7989525068753
330,18,False,road_3_1_0_0,608.6584599160806
330,fake_intersection_4_1_S_1_3622,True,road_3_1_0_1,618.24
330,fake_intersection_4_1_S_1_3623,True,road_3_1_0_1,619.24
330,82,False,road_3_1_1_0,34.70463495601224
330,59,False,road_3_1_1_0,205.35449215428486
330,fake_intersection_2_1_N_1_3544,True,road_3_1_2_1,618.24
330,fake_intersection_2_1_N_1_3545,True,road_3_1_2_1,619.24
330,fake_intersection_2_1_N_2_3546,True,road_3_1_2_2,618.24
330,fake_intersection_2_1_N_2_3547,True,road_3_1_2_2,619.24
330,94,False,road_3_1_3_0,239.14711100844286
330,62,False,road_3_2_0_0,305.05777540343706
330,fake_intersection_4_2_S_1_3632,True,road_3_2_0_1,618.24
330,fake_intersection_4_2_S_1_3633,True,road_3_2_0_1,619.24
330,fake_intersection_4_2_S_2_3634,True,road_3_2_0_2,618.24
330,fake_intersection_4_2_S_2_3635,True,road_3_2_0_2,619.24
330,fake_intersection_3_3_W_1_3598,True,road_3_2_1_1,458.24
330,fake_intersection_3_3_W_1_3599,True,road_3_2_1_1,459.24
330,152,False,road_3_2_2_0,15.39027881635611
330,91,False,road_3_2_2_0,414.9478685078188
330,121,False,road_3_2_2_0,481.30007786985396
330,fake_intersection_2_2_N_1_3552,True,road_3_2_2_1,618.24
330,fake_intersection_2_2_N_1_3553,True,road_3_2_2_1,619.24
330,fake_intersection_4_3_S_1_3640,True,road_3_3_0_1,618.24
330,fake_intersection_4_3_S_1_3641,True,road_3_3_0_1,619.24
330,fake_intersection_4_3_S_2_3642,True,road_3_3_0_2,618.24
330,fake_intersection_4_3_S_2_3643,True,road_3_3_0_2,619.24
330,fake_intersection_3_4_W_1_3608,True,road_3_3_1_1,458.24
330,fake_intersection_3_4_W_1_3609,True,road_3_3_1_1,459.24
330,fake_intersection_3_4_W_2_3610,True,road_3_3_1_2,458.24
330,fake_intersection_3_4_W_2_3611,True,road_3_3_1_2,459.24
330,7,False,road_3_3_2_0,21.89508176525829
330,fake_intersection_2_3_N_1_3564,True,road_3_3_2_1,618.24
330,fake_intersection_2_3_N_1_3565,True,road_3_3_2_1,619.24
330,16,False,road_3_3_2_1,656.7905469255661
330,67,False,road_3_3_2_1,769.6496043583649
330,fake_intersection_2_3_N_2_3566,True,road_3_3_2_2,618.24
330,fake_intersection_2_3_N_2_3567,True,road_3_3_2_2,619.24
330,86,False,road_3_4_0_0,157.27332344951986
330,47,False,road_3_4_0_0,384.2472453507265
330,9,False,road_3_4_0_0,478.0356545804536
330,53,False,road_3_4_0_1,595.7728233345564
330,51,False,road_3_4_0_1,764.2675770180339
330,37,False,road_3_4_0_1,771.7989017319449
330,fake_intersection_4_4_S_2_3656,True,road_3_4_0_2,618.24
330,fake_intersection_4_4_S_2_3657,True,road_3_4_0_2,619.24
330,159,False,road_3_4_1_0,0.32627415237777946
330,135,False,road_3_4_1_0,49.656760441983934
330,76,False,road_3_4_1_0,89.88154003663567
330,55,False,road_3_4_1_0,110.17195139423595
330,125,False,road_3_4_1_0,464.5749652633917
330,114,False,road_3_4_1_0,485.4127874042373
330,65,False,road_3_4_2_0,708.2404046300447
330,fake_intersection_2_4_N_1_3572,True,road_3_4_2_1,618.24
330,fake_intersection_2_4_N_1_3573,True,road_3_4_2_1,619.24
330,30,False,road_3_4_2_2,771.7989155793821
330,49,False,road_3_4_3_0,3.208898478138936
330,fake_intersection_3_3_E_1_3594,True,road_3_4_3_1,458.24
330,fake_intersection_3_3_E_1_3595,True,road_3_4_3_1,459.24
330,17,False,road_3_4_3_1,571.7989103776712
330,fake_intersection_3_3_E_2_3596,True,road_3_4_3_2,458.24
330,fake_intersection_3_3_E_2_3597,True,road_3_4_3_2,459.24
330,fake_intersection_3_4_E_1_3600,True,road_3_5_3_1,469.12
330,fake_intersection_3_4_E_1_3601,True,road_3_5_3_1,470.12
330,fake_intersection_3_4_E_2_3602,True,road_3_5_3_2,469.12
330,fake_intersection_3_4_E_2_3603,True,road_3_5_3_2,470.12
330,266,False,road_4_0_1_0,64.66480325868085
330,242,False,road_4_0_1_1,264.9070110284031
330,238,False,road_4_0_1_1,328.3453578110884
330,228,False,road_4_0_1_1,478.72532928044524
330,218,False,road_4_0_1_1,495.38652959163926
330,197,False,road_4_0_1_1,502.8875730072387
330,189,False,road_4_0_1_1,510.3885784764449
330,177,False,road_4_0_1_1,517.8896339076631
330,167,False,road_4_0_1_1,525.3906963933313
330,157,False,road_4_0_1_1,532.8917777146379
330,126,False,road_4_0_1_1,540.3928108174321
330,105,False,road_4_0_1_1,547.893889531255
330,74,False,road_4_0_1_1,555.3949021430782
330,54,False,road_4_0_1_1,562.8959063652395
330,34,False,road_4_0_1_1,570.3969147075832
330,24,False,road_4_0_1_1,577.8979283857836
330,0,False,road_4_0_1_1,585.3989359199275
330,fake_intersection_4_1_W_2_3620,True,road_4_0_1_2,469.12
330,fake_intersection_4_1_W_2_3621,True,road_4_0_1_2,470.12
330,137,False,road_4_0_1_2,555.3948058329993
330,116,False,road_4_0_1_2,562.895840395373
330,97,False,road_4_0_1_2,570.3968432332485
330,45,False,road_4_0_1_2,577.89793789554
330,14,False,road_4_0_1_2,585.3989444162426
330,40,False,road_4_1_0_0,6.138954249196434
330,209,False,road_4_1_0_0,104.91593943882084
330,fake_intersection_4_2_W_1_3628,True,road_4_1_1_1,458.24
330,fake_intersection_4_2_W_1_3629,True,road_4_1_1_1,459.24
330,fake_intersection_4_2_W_2_3630,True,road_4_1_1_2,458.24
330,fake_intersection_4_2_W_2_3631,True,road_4_1_1_2,459.24
330,fake_intersection_3_1_N_1_3576,True,road_4_1_2_1,618.24
330,fake_intersection_3_1_N_1_3577,True,road_4_1_2_1,619.24
330,fake_intersection_3_1_N_2_3578,True,road_4_1_2_2,618.24
330,fake_intersection_3_1_N_2_3579,True,road_4_1_2_2,619.24
330,180,False,road_4_2_2_0,430.0524495454271
330,fake_intersection_3_2_N_1_3584,True,road_4_2_2_1,618.24
330,fake_intersection_3_2_N_1_3585,True,road_4_2_2_1,619.24
330,fake_intersection_4_1_E_1_3616,True,road_4_2_3_1,458.24
330,fake_intersection_4_1_E_1_3617,True,road_4_2_3_1,459.24
330,fake_intersection_4_1_E_2_3618,True,road_4_2_3_2,458.24
330,fake_intersection_4_1_E_2_3619,True,road_4_2_3_2,459.24
330,169,False,road_4_3_1_0,378.63403382481954
330,190,False,road_4_3_1_1,84.51274231958251
330,fake_intersection_4_4_W_1_3652,True,road_4_3_1_1,458.24
330,fake_intersection_4_4_W_1_3653,True,road_4_3_1_1,459.24
330,147,False,road_4_3_1_1,563.8552521752569
330,178,False,road_4_3_1_2,413.3927357988978
330,fake_intersection_4_4_W_2_3654,True,road_4_3_1_2,458.24
330,fake_intersection_4_4_W_2_3655,True,road_4_3_1_2,459.24
330,198,False,road_4_3_2_0,84.82420202495003
330,158,False,road_4_3_2_0,458.4364597656561
330,138,False,road_4_3_2_0,609.4270666385262
330,fake_intersection_3_3_N_1_3588,True,road_4_3_2_1,618.24
330,fake_intersection_3_3_N_1_3589,True,road_4_3_2_1,619.24
330,128,False,road_4_3_2_1,706.3598218449933
330,fake_intersection_3_3_N_2_3590,True,road_4_3_2_2,618.24
330,fake_intersection_3_3_N_2_3591,True,road_4_3_2_2,619.24
330,fake_intersection_4_2_E_1_3636,True,road_4_3_3_1,458.24
330,fake_intersection_4_2_E_1_3637,True,road_4_3_3_1,459.24
330,117,False,road_4_3_3_1,564.2978363232143
330,107,False,road_4_3_3_1,571.7989339901593
330,fake_intersection_4_2_E_2_3638,True,road_4_3_3_2,458.24
330,fake_intersection_4_2_E_2_3639,True,road_4_3_3_2,459.24
330,196,False,road_4_4_1_0,99.33901703046678
330,192,False,road_4_4_1_0,239.83537748904791
330,fake_intersection_3_4_N_1_3604,True,road_4_4_2_1,618.24
330,fake_intersection_3_4_N_1_3605,True,road_4_4_2_1,619.24
330,163,False,road_4_4_2_1,686.0850885784995
330,131,False,road_4_4_2_1,741.7948879583921
330,119,False,road_4_4_2_1,749.2958964981461
330,92,False,road_4_4_2_1,756.7969342743186
330,109,False,road_4_4_2_1,764.2979723922394
330,103,False,road_4_4_2_1,771.7989727513682
330,fake_intersection_3_4_N_2_3606,True,road_4_4_2_2,618.24
330,fake_intersection_3_4_N_2_3607,True,road_4_4_2_2,619.24
330,81,False,road_4_4_2_2,771.7989874836612
330,fake_intersection_4_4_E_1_3648,True,road_4_5_3_1,469.12
330,fake_intersection_4_4_E_1_3649,True,road_4_5_3_1,470.12
330,258,False,road_5_2_2_0,164.952267332203
330,246,False,road_5_2_2_0,300.964416657935
330,236,False,road_5_2_2_0,363.51277281260843
330,208,False,road_5_2_2_0,708.2211763536393
330,271,False,road_5_2_2_1,13.442349939484604
330,fake_intersection_4_2_N_1_3624,True,road_5_2_2_1,629.12
330,fake_intersection_4_2_N_1_3625,True,road_5_2_2_1,630.12
330,fake_intersection_4_2_N_2_3626,True,road_5_2_2_2,629.12
330,fake_intersection_4_2_N_2_3627,True,road_5_2_2_2,630.12
330,262,False,road_5_3_2_0,137.4287519857454
330,250,False,road_5_3_2_0,278.7459768249146
330,241,False,road_5_3_2_0,323.1351542328629
330,229,False,road_5_3_2_0,448.0844120086466
330,220,False,road_5_3_2_0,586.1565671616595
330,fake_intersection_4_3_N_1_3644,True,road_5_3_2_1,629.12
330,fake_intersection_4_3_N_1_3645,True,road_5_3_2_1,630.12
330,212,False,road_5_3_2_1,718.8079823607937
330,fake_intersection_4_3_N_2_3646,True,road_5_3_2_2,629.12
330,fake_intersection_4_3_N_2_3647,True,road_5_3_2_2,630.12
330,264,False,road_5_4_2_0,136.6205055235515
330,256,False,road_5_4_2_0,175.8137300616437
330,253,False,road_5_4_2_0,234.69925486934181
330,244,False,road_5_4_2_0,307.879725207851
330,234,False,road_5_4_2_0,336.64467507908023
330,230,False,road_5_4_2_0,460.6443726192919
330,225,False,road_5_4_2_0,500.67497944708134
330,219,False,road_5_4_2_0,532.2364134331564
330,214,False,road_5_4_2_0,549.472051618499
330,201,False,road_5_4_2_0,701.6180040160682
330,268,False,road_5_4_2_1,49.79416057001251
330,206,False,road_5_4_2_1,740.9572898658546
330,187,False,road_5_4_2_1,770.3967137256591
330,174,False,road_5_4_2_1,777.8978116531808
330,171,False,road_5_4_2_1,785.3989081225037
330,fake_intersection_4_4_N_2_3650,True,road_5_4_2_2,629.12
330,fake_intersection_4_4_N_2_3651,True,road_5_4_2_2,630.12
330,181,False,road_5_4_2_2,777.8978722616686
330,146,False,road_5_4_2_2,785.3989106336303
340,201,False,:intersection_4_4_9_0,0.13996918532234304
340,272,False,road_0_1_0_0,106.0758317835855
340,267,False,road_0_1_0_0,149.6157396920285
340,255,False,road_0_1_0_0,203.86119784760191
340,252,False,road_0_1_0_0,343.70119925488814
340,243,False,road_0_1_0_0,413.35491784163673
340,232,False,road_0_1_0_0,499.36711865838856
340,279,False,road_0_1_0_1,35.31778934778038
340,263,False,road_0_1_0_1,213.13800798858585
340,224,False,road_0_1_0_1,628.5032354185942
340,fake_intersection_1_1_S_1_3662,True,road_0_1_0_1,629.12
340,fake_intersection_1_1_S_1_3663,True,road_0_1_0_1,630.12
340,216,False,road_0_1_0_1,707.8752655563598
340,fake_intersection_1_1_S_2_3664,True,road_0_1_0_2,629.12
340,fake_intersection_1_1_S_2_3665,True,road_0_1_0_2,630.12
340,270,False,road_0_2_0_0,113.76556678359691
340,235,False,road_0_2_0_0,437.70619375731695
340,257,False,road_0_2_0_1,311.03025446045984
340,245,False,road_0_2_0_1,419.71478879967646
340,fake_intersection_1_2_S_1_3670,True,road_0_2_0_1,629.12
340,fake_intersection_1_2_S_1_3671,True,road_0_2_0_1,630.12
340,90,False,road_0_2_0_2,785.3989562573796
340,fake_intersection_1_3_S_1_3676,True,road_0_3_0_1,629.12
340,fake_intersection_1_3_S_1_3677,True,road_0_3_0_1,630.12
340,fake_intersection_1_3_S_2_3678,True,road_0_3_0_2,629.12
340,fake_intersection_1_3_S_2_3679,True,road_0_3_0_2,630.12
340,274,False,road_0_4_0_0,84.5146275615898
340,259,False,road_0_4_0_0,203.0384315128876
340,254,False,road_0_4_0_0,259.72206964838745
340,251,False,road_0_4_0_0,308.7500123975715
340,249,False,road_0_4_0_0,460.05428025851467
340,227,False,road_0_4_0_0,650.7333876759793
340,217,False,road_0_4_0_0,754.1292913125893
340,278,False,road_0_4_0_1,31.933518431324295
340,269,False,road_0_4_0_1,159.75321875140367
340,265,False,road_0_4_0_1,182.99974545587747
340,237,False,road_0_4_0_1,394.1206504617135
340,233,False,road_0_4_0_1,558.3797406483286
340,231,False,road_0_4_0_1,582.3776810792815
340,226,False,road_0_4_0_1,590.372115558004
340,223,False,road_0_4_0_1,597.87311609928
340,211,False,road_0_4_0_1,605.3741677166983
340,199,False,road_0_4_0_1,612.8751999378156
340,205,False,road_0_4_0_1,620.3762031672828
340,202,False,road_0_4_0_1,627.8772052140789
340,194,False,road_0_4_0_1,635.3782794073513
340,191,False,road_0_4_0_1,642.8793167211014
340,188,False,road_0_4_0_1,650.3804152469011
340,182,False,road_0_4_0_1,657.8814452552595
340,176,False,road_0_4_0_1,665.3824771274606
340,168,False,road_0_4_0_1,672.8834933965627
340,160,False,road_0_4_0_1,680.3845109654097
340,144,False,road_0_4_0_1,687.8855201007306
340,153,False,road_0_4_0_1,695.3865616417746
340,150,False,road_0_4_0_1,702.8875679582106
340,136,False,road_0_4_0_1,710.3885682058954
340,134,False,road_0_4_0_1,717.8896286855951
340,124,False,road_0_4_0_1,725.3906795288144
340,122,False,road_0_4_0_1,732.8916847075485
340,110,False,road_0_4_0_1,740.3927232092798
340,104,False,road_0_4_0_1,747.8937613144855
340,108,False,road_0_4_0_1,755.3948052307136
340,101,False,road_0_4_0_1,762.8958260133331
340,96,False,road_0_4_0_1,770.3968573601849
340,88,False,road_0_4_0_1,777.8978713079902
340,85,False,road_0_4_0_1,785.3989423730433
340,213,False,road_0_4_0_2,725.3901066990192
340,195,False,road_0_4_0_2,732.8916043311406
340,164,False,road_0_4_0_2,740.3926613285573
340,130,False,road_0_4_0_2,747.8936636388514
340,115,False,road_0_4_0_2,755.3947232832312
340,118,False,road_0_4_0_2,762.8957352768861
340,93,False,road_0_4_0_2,770.3967848125803
340,69,False,road_0_4_0_2,777.8978382833536
340,11,False,road_0_4_0_2,785.3989329663273
340,260,False,road_1_0_1_0,175.72761447285578
340,239,False,road_1_0_1_0,481.6331176497252
340,275,False,road_1_0_1_1,35.00645477857907
340,203,False,road_1_0_1_1,525.390754853872
340,185,False,road_1_0_1_1,532.8917713242491
340,165,False,road_1_0_1_1,540.3927884506427
340,132,False,road_1_0_1_1,547.8937909747438
340,111,False,road_1_0_1_1,555.3948667829765
340,77,False,road_1_0_1_1,562.8959161743535
340,57,False,road_1_0_1_1,570.396940022553
340,21,False,road_1_0_1_1,577.8979891971964
340,5,False,road_1_0_1_1,585.3989922544721
340,247,False,road_1_0_1_2,435.4665618516123
340,fake_intersection_1_1_W_2_3660,True,road_1_0_1_2,469.12
340,fake_intersection_1_1_W_2_3661,True,road_1_0_1_2,470.12
340,200,False,road_1_1_0_0,73.09130539959025
340,221,False,road_1_1_0_0,154.6766790101682
340,184,False,road_1_1_0_0,262.7109644117875
340,175,False,road_1_1_0_0,322.80183195349986
340,fake_intersection_2_1_S_1_3692,True,road_1_1_0_1,618.24
340,fake_intersection_2_1_S_1_3693,True,road_1_1_0_1,619.24
340,161,False,road_1_1_0_1,757.880905202698
340,210,False,road_1_1_0_2,60.20727747255051
340,fake_intersection_2_1_S_2_3694,True,road_1_1_0_2,618.24
340,fake_intersection_2_1_S_2_3695,True,road_1_1_0_2,619.24
340,32,False,road_1_1_1_0,182.35258692909022
340,193,False,road_1_1_3_0,300.45666370604056
340,50,False,road_1_2_0_0,350.7665982410019
340,207,False,road_1_2_0_1,2.8687861336922005
340,123,False,road_1_2_0_1,528.3507560138795
340,44,False,road_1_2_0_1,605.831135739915
340,fake_intersection_2_2_S_1_3700,True,road_1_2_0_1,618.24
340,fake_intersection_2_2_S_1_3701,True,road_1_2_0_1,619.24
340,fake_intersection_2_2_S_2_3702,True,road_1_2_0_2,618.24
340,fake_intersection_2_2_S_2_3703,True,road_1_2_0_2,619.24
340,120,False,road_1_2_0_2,771.798956161922
340,fake_intersection_1_3_W_1_3674,True,road_1_2_1_1,458.24
340,fake_intersection_1_3_W_1_3675,True,road_1_2_1_1,459.24
340,4,False,road_1_2_1_1,460.3572251650796
340,179,False,road_1_2_3_1,500.68558860432586
340,3,False,road_1_2_3_1,571.7989139280962
340,fake_intersection_1_1_E_2_3666,True,road_1_2_3_2,458.24
340,fake_intersection_1_1_E_2_3667,True,road_1_2_3_2,459.24
340,fake_intersection_2_3_S_1_3708,True,road_1_3_0_1,618.24
340,fake_intersection_2_3_S_1_3709,True,road_1_3_0_1,619.24
340,fake_intersection_2_3_S_2_3710,True,road_1_3_0_2,618.24
340,fake_intersection_2_3_S_2_3711,True,road_1_3_0_2,619.24
340,fake_intersection_1_4_W_1_3686,True,road_1_3_1_1,458.24
340,fake_intersection_1_4_W_1_3687,True,road_1_3_1_1,459.24
340,156,False,road_1_3_2_0,320.10899934896673
340,149,False,road_1_3_2_0,461.6774341739786
340,fake_intersection_2_4_S_1_3724,True,road_1_4_0_1,618.24
340,fake_intersection_2_4_S_1_3725,True,road_1_4_0_1,619.24
340,186,False,road_1_4_0_1,622.9656504636429
340,fake_intersection_2_4_S_2_3726,True,road_1_4_0_2,618.24
340,fake_intersection_2_4_S_2_3727,True,road_1_4_0_2,619.24
340,204,False,road_1_4_3_0,362.3622394379265
340,215,False,road_1_4_3_1,9.059342822976804
340,172,False,road_1_4_3_1,374.1795111358923
340,173,False,road_1_4_3_1,466.7845128058187
340,162,False,road_1_4_3_1,474.2855260517467
340,166,False,road_1_4_3_1,481.7865949162221
340,142,False,road_1_4_3_1,489.28761903868144
340,127,False,road_1_4_3_1,496.78862006102685
340,140,False,road_1_4_3_1,504.2896372495155
340,133,False,road_1_4_3_1,511.79065605503166
340,102,False,road_1_4_3_1,519.2917106439144
340,41,False,road_1_4_3_1,526.7927259146885
340,6,False,road_1_4_3_1,534.29374921195
340,80,False,road_1_4_3_1,541.7947712089742
340,79,False,road_1_4_3_1,549.2958273446126
340,56,False,road_1_4_3_1,556.7968742998352
340,23,False,road_1_4_3_1,564.297910843412
340,27,False,road_1_4_3_1,571.7989478475426
340,183,False,road_1_4_3_2,435.71659767905584
340,22,False,road_1_4_3_2,564.2979288645467
340,19,False,road_1_4_3_2,571.7989847505228
340,261,False,road_1_5_3_0,269.28784297806646
340,240,False,road_1_5_3_0,398.58409307192966
340,248,False,road_1_5_3_0,457.6958019398503
340,276,False,road_1_5_3_1,50.477515581526646
340,fake_intersection_1_4_E_1_3680,True,road_1_5_3_1,469.12
340,fake_intersection_1_4_E_1_3681,True,road_1_5_3_1,470.12
340,222,False,road_1_5_3_1,547.7792285030921
340,148,False,road_2_1_0_0,161.12104101186682
340,143,False,road_2_1_0_0,278.03115676504603
340,fake_intersection_3_1_S_1_3728,True,road_2_1_0_1,618.24
340,fake_intersection_3_1_S_1_3729,True,road_2_1_0_1,619.24
340,fake_intersection_3_1_S_2_3730,True,road_2_1_0_2,618.24
340,fake_intersection_3_1_S_2_3731,True,road_2_1_0_2,619.24
340,fake_intersection_1_1_N_1_3658,True,road_2_1_2_1,618.24
340,fake_intersection_1_1_N_1_3659,True,road_2_1_2_1,619.24
340,113,False,road_2_1_3_0,493.9804017714146
340,fake_intersection_3_2_S_1_3734,True,road_2_2_0_1,618.24
340,fake_intersection_3_2_S_1_3735,True,road_2_2_0_1,619.24
340,fake_intersection_2_3_W_1_3716,True,road_2_2_1_1,458.24
340,fake_intersection_2_3_W_1_3717,True,road_2_2_1_1,459.24
340,33,False,road_2_2_1_1,571.7989512852479
340,fake_intersection_2_3_W_2_3718,True,road_2_2_1_2,458.24
340,fake_intersection_2_3_W_2_3719,True,road_2_2_1_2,459.24
340,63,False,road_2_2_2_0,339.8370936642405
340,fake_intersection_1_2_N_1_3668,True,road_2_2_2_1,618.24
340,fake_intersection_1_2_N_1_3669,True,road_2_2_2_1,619.24
340,151,False,road_2_2_3_1,18.545752530914285
340,67,False,road_2_3_2_0,64.04288267960911
340,71,False,road_2_3_2_0,385.7689362239539
340,fake_intersection_1_3_N_1_3672,True,road_2_3_2_1,618.24
340,fake_intersection_1_3_N_1_3673,True,road_2_3_2_1,619.24
340,35,False,road_2_3_2_2,771.6803916526408
340,fake_intersection_3_4_S_1_3752,True,road_2_4_0_1,618.24
340,fake_intersection_3_4_S_1_3753,True,road_2_4_0_1,619.24
340,64,False,road_2_4_0_1,771.7989491181652
340,fake_intersection_3_4_S_2_3754,True,road_2_4_0_2,618.24
340,fake_intersection_3_4_S_2_3755,True,road_2_4_0_2,619.24
340,83,False,road_2_4_0_2,771.7976139532686
340,65,False,road_2_4_1_0,8.514474743126243
340,99,False,road_2_4_1_0,102.83161101129046
340,87,False,road_2_4_1_0,130.96264663006139
340,26,False,road_2_4_1_0,560.6940544229581
340,52,False,road_2_4_2_0,189.81180701413192
340,2,False,road_2_4_2_0,216.5139807562744
340,fake_intersection_1_4_N_1_3682,True,road_2_4_2_1,618.24
340,fake_intersection_1_4_N_1_3683,True,road_2_4_2_1,619.24
340,fake_intersection_1_4_N_2_3684,True,road_2_4_2_2,618.24
340,fake_intersection_1_4_N_2_3685,True,road_2_4_2_2,619.24
340,fake_intersection_2_3_E_1_3712,True,road_2_4_3_1,458.24
340,fake_intersection_2_3_E_1_3713,True,road_2_4_3_1,459.24
340,39,False,road_2_4_3_1,564.2978546503266
340,61,False,road_2_4_3_1,571.7989518358123
340,fake_intersection_2_3_E_2_3714,True,road_2_4_3_2,458.24
340,fake_intersection_2_3_E_2_3715,True,road_2_4_3_2,459.24
340,72,False,road_2_4_3_2,564.2979320177367
340,13,False,road_2_4_3_2,571.7989525068753
340,100,False,road_3_1_0_0,40.232800550297235
340,18,False,road_3_1_0_0,704.8112743146324
340,82,False,road_3_1_1_0,140.09903857141907
340,59,False,road_3_1_1_0,307.60142878724287
340,fake_intersection_2_1_N_1_3688,True,road_3_1_2_1,618.24
340,fake_intersection_2_1_N_1_3689,True,road_3_1_2_1,619.24
340,fake_intersection_2_1_N_2_3690,True,road_3_1_2_2,618.24
340,fake_intersection_2_1_N_2_3691,True,road_3_1_2_2,619.24
340,94,False,road_3_1_3_0,352.24559909273705
340,62,False,road_3_2_0_0,410.8242292882473
340,fake_intersection_4_2_S_1_3772,True,road_3_2_0_1,618.24
340,fake_intersection_4_2_S_1_3773,True,road_3_2_0_1,619.24
340,fake_intersection_4_2_S_2_3774,True,road_3_2_0_2,618.24
340,fake_intersection_4_2_S_2_3775,True,road_3_2_0_2,619.24
340,152,False,road_3_2_2_0,127.24687630189183
340,91,False,road_3_2_2_0,504.7966620000144
340,121,False,road_3_2_2_0,598.394957170242
340,fake_intersection_2_2_N_1_3696,True,road_3_2_2_1,618.24
340,fake_intersection_2_2_N_1_3697,True,road_3_2_2_1,619.24
340,fake_intersection_2_2_N_2_3698,True,road_3_2_2_2,618.24
340,fake_intersection_2_2_N_2_3699,True,road_3_2_2_2,619.24
340,fake_intersection_4_3_S_1_3782,True,road_3_3_0_1,618.24
340,fake_intersection_4_3_S_1_3783,True,road_3_3_0_1,619.24
340,fake_intersection_3_4_W_1_3748,True,road_3_3_1_1,458.24
340,fake_intersection_3_4_W_1_3749,True,road_3_3_1_1,459.24
340,fake_intersection_3_4_W_2_3750,True,road_3_3_1_2,458.24
340,fake_intersection_3_4_W_2_3751,True,road_3_3_1_2,459.24
340,7,False,road_3_3_2_0,114.1603580295043
340,128,False,road_3_3_2_1,22.448374102950957
340,fake_intersection_2_3_N_1_3704,True,road_3_3_2_1,618.24
340,fake_intersection_2_3_N_1_3705,True,road_3_3_2_1,619.24
340,16,False,road_3_3_2_1,748.2457743301873
340,fake_intersection_2_3_N_2_3706,True,road_3_3_2_2,618.24
340,fake_intersection_2_3_N_2_3707,True,road_3_3_2_2,619.24
340,86,False,road_3_4_0_0,261.13943723638386
340,47,False,road_3_4_0_0,477.9674441790188
340,9,False,road_3_4_0_1,566.7223696280739
340,53,False,road_3_4_0_1,712.5061707037283
340,51,False,road_3_4_0_1,764.297883076179
340,37,False,road_3_4_0_1,771.7989017319449
340,fake_intersection_4_4_S_2_3790,True,road_3_4_0_2,618.24
340,fake_intersection_4_4_S_2_3791,True,road_3_4_0_2,619.24
340,159,False,road_3_4_1_0,118.4764605505624
340,135,False,road_3_4_1_0,157.17907629936911
340,55,False,road_3_4_1_0,211.8395915523876
340,76,False,road_3_4_1_1,197.10003383926414
340,125,False,road_3_4_1_1,584.5198596433096
340,fake_intersection_2_4_N_1_3720,True,road_3_4_2_1,618.24
340,fake_intersection_2_4_N_1_3721,True,road_3_4_2_1,619.24
340,fake_intersection_2_4_N_2_3722,True,road_3_4_2_2,618.24
340,fake_intersection_2_4_N_2_3723,True,road_3_4_2_2,619.24
340,30,False,road_3_4_2_2,771.7989155793821
340,49,False,road_3_4_3_0,89.0731275799954
340,17,False,road_3_4_3_1,571.7989103776712
340,fake_intersection_3_4_E_1_3740,True,road_3_5_3_1,469.12
340,fake_intersection_3_4_E_1_3741,True,road_3_5_3_1,470.12
340,fake_intersection_3_4_E_2_3742,True,road_3_5_3_2,469.12
340,fake_intersection_3_4_E_2_3743,True,road_3_5_3_2,470.12
340,266,False,road_4_0_1_0,169.18504015649418
340,242,False,road_4_0_1_1,366.02673300767225
340,238,False,road_4_0_1_1,443.0350323080338
340,228,False,road_4_0_1_1,487.8855050462241
340,218,False,road_4_0_1_1,495.38652959163926
340,197,False,road_4_0_1_1,502.8875730072387
340,189,False,road_4_0_1_1,510.3885784764449
340,177,False,road_4_0_1_1,517.8896339076631
340,167,False,road_4_0_1_1,525.3906963933313
340,157,False,road_4_0_1_1,532.8917777146379
340,126,False,road_4_0_1_1,540.3928108174321
340,105,False,road_4_0_1_1,547.893889531255
340,74,False,road_4_0_1_1,555.3949021430782
340,54,False,road_4_0_1_1,562.8959063652395
340,34,False,road_4_0_1_1,570.3969147075832
340,24,False,road_4_0_1_1,577.8979283857836
340,0,False,road_4_0_1_1,585.3989359199275
340,fake_intersection_4_1_W_2_3762,True,road_4_0_1_2,469.12
340,fake_intersection_4_1_W_2_3763,True,road_4_0_1_2,470.12
340,137,False,road_4_0_1_2,555.3948058329993
340,116,False,road_4_0_1_2,562.895840395373
340,97,False,road_4_0_1_2,570.3968432332485
340,45,False,road_4_0_1_2,577.89793789554
340,14,False,road_4_0_1_2,585.3989444162426
340,40,False,road_4_1_0_0,113.20381453292003
340,209,False,road_4_1_0_0,207.37613640875014
340,fake_intersection_4_2_W_1_3768,True,road_4_1_1_1,458.24
340,fake_intersection_4_2_W_1_3769,True,road_4_1_1_1,459.24
340,fake_intersection_4_2_W_2_3770,True,road_4_1_1_2,458.24
340,fake_intersection_4_2_W_2_3771,True,road_4_1_1_2,459.24
340,208,False,road_4_2_1_1,1.0494563716521235
340,180,False,road_4_2_2_0,547.452881890778
340,fake_intersection_3_2_N_1_3732,True,road_4_2_2_1,618.24
340,fake_intersection_3_2_N_1_3733,True,road_4_2_2_1,619.24
340,fake_intersection_4_1_E_1_3756,True,road_4_2_3_1,458.24
340,fake_intersection_4_1_E_1_3757,True,road_4_2_3_1,459.24
340,fake_intersection_4_1_E_2_3758,True,road_4_2_3_2,458.24
340,fake_intersection_4_1_E_2_3759,True,road_4_2_3_2,459.24
340,190,False,road_4_3_1_0,179.94059496538256
340,169,False,road_4_3_1_0,476.3592881167166
340,fake_intersection_4_4_W_1_3786,True,road_4_3_1_1,458.24
340,fake_intersection_4_4_W_1_3787,True,road_4_3_1_1,459.24
340,fake_intersection_4_4_W_2_3788,True,road_4_3_1_2,458.24
340,fake_intersection_4_4_W_2_3789,True,road_4_3_1_2,459.24
340,178,False,road_4_3_1_2,527.1076374745866
340,212,False,road_4_3_2_0,8.005889780324356
340,198,False,road_4_3_2_0,197.61455662244595
340,158,False,road_4_3_2_0,553.9642111741083
340,138,False,road_4_3_2_0,714.8495209474272
340,fake_intersection_3_3_N_1_3736,True,road_4_3_2_1,618.24
340,fake_intersection_3_3_N_1_3737,True,road_4_3_2_1,619.24
340,fake_intersection_3_3_N_2_3738,True,road_4_3_2_2,618.24
340,fake_intersection_3_3_N_2_3739,True,road_4_3_2_2,619.24
340,fake_intersection_4_2_E_1_3776,True,road_4_3_3_1,458.24
340,fake_intersection_4_2_E_1_3777,True,road_4_3_3_1,459.24
340,117,False,road_4_3_3_1,564.2978363232143
340,107,False,road_4_3_3_1,571.7989339901593
340,fake_intersection_4_2_E_2_3778,True,road_4_3_3_2,458.24
340,fake_intersection_4_2_E_2_3779,True,road_4_3_3_2,459.24
340,25,False,road_4_4_1_0,67.66601469647468
340,15,False,road_4_4_1_0,95.45236781986564
340,196,False,road_4_4_1_0,207.67118022369917
340,192,False,road_4_4_1_0,353.11813268361544
340,147,False,road_4_4_1_1,54.32805535807951
340,fake_intersection_3_4_N_1_3744,True,road_4_4_2_1,618.24
340,fake_intersection_3_4_N_1_3745,True,road_4_4_2_1,619.24
340,163,False,road_4_4_2_1,734.2936610980785
340,131,False,road_4_4_2_1,741.7948879583921
340,119,False,road_4_4_2_1,749.2958964981461
340,92,False,road_4_4_2_1,756.7969342743186
340,109,False,road_4_4_2_1,764.2979723922394
340,103,False,road_4_4_2_1,771.7989727513682
340,fake_intersection_3_4_N_2_3746,True,road_4_4_2_2,618.24
340,fake_intersection_3_4_N_2_3747,True,road_4_4_2_2,619.24
340,81,False,road_4_4_2_2,771.7989874836612
340,fake_intersection_4_1_N_1_3760,True,road_5_1_2_1,629.12
340,fake_intersection_4_1_N_1_3761,True,road_5_1_2_1,630.12
340,271,False,road_5_2_2_0,105.40023271565175
340,258,False,road_5_2_2_0,270.70076662619476
340,246,False,road_5_2_2_0,402.4541145734263
340,236,False,road_5_2_2_0,473.18779968135436
340,fake_intersection_4_2_N_1_3764,True,road_5_2_2_1,629.12
340,fake_intersection_4_2_N_1_3765,True,road_5_2_2_1,630.12
340,fake_intersection_4_2_N_2_3766,True,road_5_2_2_2,629.12
340,fake_intersection_4_2_N_2_3767,True,road_5_2_2_2,630.12
340,262,False,road_5_3_2_0,246.136788075149
340,250,False,road_5_3_2_0,375.33845567101633
340,241,False,road_5_3_2_0,427.23341911496044
340,220,False,road_5_3_2_0,690.6933834850911
340,277,False,road_5_3_2_1,68.63807120045146
340,229,False,road_5_3_2_1,549.3418438829439
340,fake_intersection_4_3_N_1_3780,True,road_5_3_2_1,629.12
340,fake_intersection_4_3_N_1_3781,True,road_5_3_2_1,630.12
340,273,False,road_5_4_2_0,94.4887651829428
340,268,False,road_5_4_2_0,148.53180338274967
340,264,False,road_5_4_2_0,253.9868966680278
340,256,False,road_5_4_2_0,276.417530008776
340,253,False,road_5_4_2_0,339.0295742064451
340,234,False,road_5_4_2_0,432.2121390894741
340,225,False,road_5_4_2_0,598.8645548820058
340,219,False,road_5_4_2_0,617.1373394328245
340,214,False,road_5_4_2_0,635.2573557475188
340,280,False,road_5_4_2_1,28.10622344043177
340,244,False,road_5_4_2_1,415.20219372493244
340,230,False,road_5_4_2_1,570.8080082276074
340,206,False,road_5_4_2_1,762.8956213105093
340,187,False,road_5_4_2_1,770.3967137256591
340,174,False,road_5_4_2_1,777.8978116531808
340,171,False,road_5_4_2_1,785.3989081225037
340,fake_intersection_4_4_N_2_3784,True,road_5_4_2_2,629.12
340,fake_intersection_4_4_N_2_3785,True,road_5_4_2_2,630.12
340,181,False,road_5_4_2_2,777.8978722616686
340,146,False,road_5_4_2_2,785.3989106336303
350,239,False,:intersection_1_1_18_1,0.5939643562680885
350,216,False,:intersection_1_1_30_0,22.382395100949
350,220,False,:intersection_4_3_9_0,2.6223355169539673
350,288,False,road_0_1_0_0,17.250170404926596
350,282,False,road_0_1_0_0,73.06659643287892
350,279,False,road_0_1_0_0,136.1784310623259
350,272,False,road_0_1_0_0,216.94013927444774
350,267,False,road_0_1_0_0,243.45729488130954
350,255,False,road_0_1_0_0,277.15097778839237
350,263,False,road_0_1_0_0,314.52504853521026
350,252,False,road_0_1_0_0,448.1342653644048
350,243,False,road_0_1_0_0,516.3730565352051
350,232,False,road_0_1_0_0,599.3095588504112
350,fake_intersection_1_1_S_1_3796,True,road_0_1_0_1,629.12
350,fake_intersection_1_1_S_1_3797,True,road_0_1_0_1,630.12
350,224,False,road_0_1_0_1,734.1617815786026
350,fake_intersection_1_1_S_2_3798,True,road_0_1_0_2,629.12
350,fake_intersection_1_1_S_2_3799,True,road_0_1_0_2,630.12
350,284,False,road_0_2_0_0,58.38167756743691
350,270,False,road_0_2_0_0,215.41576953482485
350,235,False,road_0_2_0_0,535.8226775132576
350,257,False,road_0_2_0_1,450.39047706145703
350,245,False,road_0_2_0_1,522.4432749560856
350,fake_intersection_1_2_S_1_3804,True,road_0_2_0_1,629.12
350,fake_intersection_1_2_S_1_3805,True,road_0_2_0_1,630.12
350,90,False,road_0_2_0_2,785.3989562573796
350,fake_intersection_1_3_S_1_3810,True,road_0_3_0_1,629.12
350,fake_intersection_1_3_S_1_3811,True,road_0_3_0_1,630.12
350,fake_intersection_1_3_S_2_3812,True,road_0_3_0_2,629.12
350,fake_intersection_1_3_S_2_3813,True,road_0_3_0_2,630.12
350,286,False,road_0_4_0_0,46.46807485692146
350,274,False,road_0_4_0_0,173.34816369367812
350,259,False,road_0_4_0_0,289.1317561146959
350,249,False,road_0_4_0_0,575.843373178134
350,227,False,road_0_4_0_0,768.8600926034527
350,281,False,road_0_4_0_1,88.98944360729017
350,278,False,road_0_4_0_1,135.61046920101012
350,269,False,road_0_4_0_1,263.3585069513878
350,265,False,road_0_4_0_1,284.0656265505056
350,254,False,road_0_4_0_1,350.0196321049514
350,251,False,road_0_4_0_1,397.215904579559
350,237,False,road_0_4_0_1,485.3152507381018
350,233,False,road_0_4_0_1,575.3700042220383
350,231,False,road_0_4_0_1,582.8710883418682
350,226,False,road_0_4_0_1,590.372115558004
350,223,False,road_0_4_0_1,597.87311609928
350,211,False,road_0_4_0_1,605.3741677166983
350,199,False,road_0_4_0_1,612.8751999378156
350,205,False,road_0_4_0_1,620.3762031672828
350,202,False,road_0_4_0_1,627.8772052140789
350,194,False,road_0_4_0_1,635.3782794073513
350,191,False,road_0_4_0_1,642.8793167211014
350,188,False,road_0_4_0_1,650.3804152469011
350,182,False,road_0_4_0_1,657.8814452552595
350,176,False,road_0_4_0_1,665.3824771274606
350,168,False,road_0_4_0_1,672.8834933965627
350,160,False,road_0_4_0_1,680.3845109654097
350,144,False,road_0_4_0_1,687.8855201007306
350,153,False,road_0_4_0_1,695.3865616417746
350,150,False,road_0_4_0_1,702.8875679582106
350,136,False,road_0_4_0_1,710.3885682058954
350,134,False,road_0_4_0_1,717.8896286855951
350,124,False,road_0_4_0_1,725.3906795288144
350,122,False,road_0_4_0_1,732.8916847075485
350,110,False,road_0_4_0_1,740.3927232092798
350,104,False,road_0_4_0_1,747.8937613144855
350,108,False,road_0_4_0_1,755.3948052307136
350,101,False,road_0_4_0_1,762.8958260133331
350,96,False,road_0_4_0_1,770.3968573601849
350,88,False,road_0_4_0_1,777.8978713079902
350,85,False,road_0_4_0_1,785.3989423730433
350,213,False,road_0_4_0_2,725.3905841716683
350,195,False,road_0_4_0_2,732.8916043311406
350,164,False,road_0_4_0_2,740.3926613285573
350,130,False,road_0_4_0_2,747.8936636388514
350,115,False,road_0_4_0_2,755.3947232832312
350,118,False,road_0_4_0_2,762.8957352768861
350,93,False,road_0_4_0_2,770.3967848125803
350,69,False,road_0_4_0_2,777.8978382833536
350,11,False,road_0_4_0_2,785.3989329663273
350,275,False,road_1_0_1_0,137.39384816276313
350,260,False,road_1_0_1_0,253.35030588715273
350,203,False,road_1_0_1_1,525.390754853872
350,185,False,road_1_0_1_1,532.8917713242491
350,165,False,road_1_0_1_1,540.3927884506427
350,132,False,road_1_0_1_1,547.8937909747438
350,111,False,road_1_0_1_1,555.3948667829765
350,77,False,road_1_0_1_1,562.8959161743535
350,57,False,road_1_0_1_1,570.396940022553
350,21,False,road_1_0_1_1,577.8979891971964
350,5,False,road_1_0_1_1,585.3989922544721
350,fake_intersection_1_1_W_2_3794,True,road_1_0_1_2,469.12
350,fake_intersection_1_1_W_2_3795,True,road_1_0_1_2,470.12
350,247,False,road_1_0_1_2,545.9108790309291
350,200,False,road_1_1_0_0,172.80018789469864
350,221,False,road_1_1_0_0,274.94437971826926
350,184,False,road_1_1_0_0,360.6215465056395
350,175,False,road_1_1_0_0,418.34480960681367
350,210,False,road_1_1_0_1,177.03375407575462
350,fake_intersection_2_1_S_1_3824,True,road_1_1_0_1,618.24
350,fake_intersection_2_1_S_1_3825,True,road_1_1_0_1,619.24
350,32,False,road_1_1_1_0,286.9704673479742
350,193,False,road_1_1_3_0,411.787217040108
350,207,False,road_1_2_0_0,101.8116149538475
350,50,False,road_1_2_0_0,441.1173995353057
350,123,False,road_1_2_0_1,634.7908411644378
350,44,False,road_1_2_0_1,714.0606958253046
350,120,False,road_1_2_0_2,771.798956161922
350,fake_intersection_1_3_W_1_3808,True,road_1_2_1_1,458.24
350,fake_intersection_1_3_W_1_3809,True,road_1_2_1_1,459.24
350,4,False,road_1_2_1_1,565.8254018097894
350,179,False,road_1_2_3_1,564.2974455944268
350,3,False,road_1_2_3_1,571.7989139280962
350,fake_intersection_1_1_E_2_3800,True,road_1_2_3_2,458.24
350,fake_intersection_1_1_E_2_3801,True,road_1_2_3_2,459.24
350,fake_intersection_2_3_S_1_3832,True,road_1_3_0_1,618.24
350,fake_intersection_2_3_S_1_3833,True,road_1_3_0_1,619.24
350,fake_intersection_2_3_S_2_3834,True,road_1_3_0_2,618.24
350,fake_intersection_2_3_S_2_3835,True,road_1_3_0_2,619.24
350,156,False,road_1_3_2_0,444.61775346517555
350,149,False,road_1_3_2_0,574.4803080410221
350,fake_intersection_2_4_S_1_3846,True,road_1_4_0_1,618.24
350,fake_intersection_2_4_S_1_3847,True,road_1_4_0_1,619.24
350,186,False,road_1_4_0_1,734.6504988639326
350,fake_intersection_2_4_S_2_3848,True,road_1_4_0_2,618.24
350,fake_intersection_2_4_S_2_3849,True,road_1_4_0_2,619.24
350,215,False,road_1_4_3_0,124.70448224880464
350,204,False,road_1_4_3_0,474.1757161011884
350,222,False,road_1_4_3_1,20.55922235030625
350,217,False,road_1_4_3_1,55.91999986226823
350,172,False,road_1_4_3_1,459.0838218302439
350,173,False,road_1_4_3_1,466.7845128058187
350,162,False,road_1_4_3_1,474.2855260517467
350,166,False,road_1_4_3_1,481.7865949162221
350,142,False,road_1_4_3_1,489.28761903868144
350,127,False,road_1_4_3_1,496.78862006102685
350,140,False,road_1_4_3_1,504.2896372495155
350,133,False,road_1_4_3_1,511.79065605503166
350,102,False,road_1_4_3_1,519.2917106439144
350,41,False,road_1_4_3_1,526.7927259146885
350,6,False,road_1_4_3_1,534.29374921195
350,80,False,road_1_4_3_1,541.7947712089742
350,79,False,road_1_4_3_1,549.2958273446126
350,56,False,road_1_4_3_1,556.7968742998352
350,23,False,road_1_4_3_1,564.297910843412
350,27,False,road_1_4_3_1,571.7989478475426
350,183,False,road_1_4_3_2,548.2891866184888
350,22,False,road_1_4_3_2,564.2979288645467
350,19,False,road_1_4_3_2,571.7989847505228
350,276,False,road_1_5_3_0,140.26507793286862
350,261,False,road_1_5_3_0,387.0890592361942
350,240,False,road_1_5_3_0,496.9593658245919
350,248,False,road_1_5_3_0,578.2637912373862
350,fake_intersection_1_4_E_1_3814,True,road_1_5_3_1,469.12
350,fake_intersection_1_4_E_1_3815,True,road_1_5_3_1,470.12
350,fake_intersection_1_4_E_2_3816,True,road_1_5_3_2,469.12
350,fake_intersection_1_4_E_2_3817,True,road_1_5_3_2,470.12
350,161,False,road_2_1_0_0,70.62553034155763
350,148,False,road_2_1_0_0,262.1946193853861
350,143,False,road_2_1_0_0,399.09394886651165
350,fake_intersection_3_1_S_1_3850,True,road_2_1_0_1,618.24
350,fake_intersection_3_1_S_1_3851,True,road_2_1_0_1,619.24
350,fake_intersection_3_1_S_2_3852,True,road_2_1_0_2,618.24
350,fake_intersection_3_1_S_2_3853,True,road_2_1_0_2,619.24
350,fake_intersection_1_1_N_1_3792,True,road_2_1_2_1,618.24
350,fake_intersection_1_1_N_1_3793,True,road_2_1_2_1,619.24
350,fake_intersection_3_2_S_1_3856,True,road_2_2_0_1,618.24
350,fake_intersection_3_2_S_1_3857,True,road_2_2_0_1,619.24
350,fake_intersection_2_3_W_1_3840,True,road_2_2_1_1,458.24
350,fake_intersection_2_3_W_1_3841,True,road_2_2_1_1,459.24
350,33,False,road_2_2_1_1,571.7989512852479
350,63,False,road_2_2_2_0,442.7579211061562
350,fake_intersection_1_2_N_1_3802,True,road_2_2_2_1,618.24
350,fake_intersection_1_2_N_1_3803,True,road_2_2_2_1,619.24
350,151,False,road_2_2_3_0,124.4407517580734
350,fake_intersection_3_3_S_2_3862,True,road_2_3_0_2,618.24
350,fake_intersection_3_3_S_2_3863,True,road_2_3_0_2,619.24
350,67,False,road_2_3_2_0,159.09877248752764
350,71,False,road_2_3_2_0,489.0006604665942
350,16,False,road_2_3_2_1,40.28201642002018
350,fake_intersection_1_3_N_1_3806,True,road_2_3_2_1,618.24
350,fake_intersection_1_3_N_1_3807,True,road_2_3_2_1,619.24
350,35,False,road_2_3_2_2,771.7989851420144
350,fake_intersection_3_4_S_1_3882,True,road_2_4_0_1,618.24
350,fake_intersection_3_4_S_1_3883,True,road_2_4_0_1,619.24
350,64,False,road_2_4_0_1,771.7989491181652
350,fake_intersection_3_4_S_2_3884,True,road_2_4_0_2,618.24
350,fake_intersection_3_4_S_2_3885,True,road_2_4_0_2,619.24
350,83,False,road_2_4_0_2,771.7989933468588
350,65,False,road_2_4_1_0,98.45509853798904
350,99,False,road_2_4_1_0,217.7860544505973
350,87,False,road_2_4_1_0,239.76064278056882
350,52,False,road_2_4_2_0,293.22345549014824
350,2,False,road_2_4_2_0,323.42903118933606
350,fake_intersection_1_4_N_1_3818,True,road_2_4_2_1,618.24
350,fake_intersection_1_4_N_1_3819,True,road_2_4_2_1,619.24
350,fake_intersection_1_4_N_2_3820,True,road_2_4_2_2,618.24
350,fake_intersection_1_4_N_2_3821,True,road_2_4_2_2,619.24
350,fake_intersection_2_3_E_1_3836,True,road_2_4_3_1,458.24
350,fake_intersection_2_3_E_1_3837,True,road_2_4_3_1,459.24
350,39,False,road_2_4_3_1,564.2978546503266
350,61,False,road_2_4_3_1,571.7989518358123
350,fake_intersection_2_3_E_2_3838,True,road_2_4_3_2,458.24
350,fake_intersection_2_3_E_2_3839,True,road_2_4_3_2,459.24
350,72,False,road_2_4_3_2,564.2979320177367
350,13,False,road_2_4_3_2,571.7989525068753
350,100,False,road_3_1_0_0,154.6294633669037
350,82,False,road_3_1_1_0,248.432123408067
350,59,False,road_3_1_1_1,407.9369674607228
350,fake_intersection_2_1_N_1_3822,True,road_3_1_2_1,618.24
350,fake_intersection_2_1_N_1_3823,True,road_3_1_2_1,619.24
350,94,False,road_3_1_3_0,467.27923967650224
350,62,False,road_3_2_0_0,516.594669406577
350,fake_intersection_4_2_S_1_3902,True,road_3_2_0_1,618.24
350,fake_intersection_4_2_S_1_3903,True,road_3_2_0_1,619.24
350,fake_intersection_4_2_S_2_3904,True,road_3_2_0_2,618.24
350,fake_intersection_4_2_S_2_3905,True,road_3_2_0_2,619.24
350,fake_intersection_3_3_W_1_3868,True,road_3_2_1_1,458.24
350,fake_intersection_3_3_W_1_3869,True,road_3_2_1_1,459.24
350,152,False,road_3_2_2_0,239.49248352227605
350,91,False,road_3_2_2_0,598.4843903687704
350,121,False,road_3_2_2_0,715.3950014283287
350,fake_intersection_2_2_N_2_3826,True,road_3_2_2_2,618.24
350,fake_intersection_2_2_N_2_3827,True,road_3_2_2_2,619.24
350,fake_intersection_4_3_S_1_3910,True,road_3_3_0_1,618.24
350,fake_intersection_4_3_S_1_3911,True,road_3_3_0_1,619.24
350,fake_intersection_4_3_S_2_3912,True,road_3_3_0_2,618.24
350,fake_intersection_4_3_S_2_3913,True,road_3_3_0_2,619.24
350,138,False,road_3_3_1_1,23.63291339030031
350,fake_intersection_3_4_W_1_3878,True,road_3_3_1_1,458.24
350,fake_intersection_3_4_W_1_3879,True,road_3_3_1_1,459.24
350,fake_intersection_3_4_W_2_3880,True,road_3_3_1_2,458.24
350,fake_intersection_3_4_W_2_3881,True,road_3_3_1_2,459.24
350,7,False,road_3_3_2_0,205.87014383445808
350,128,False,road_3_3_2_1,140.98930804291336
350,fake_intersection_2_3_N_1_3828,True,road_3_3_2_1,618.24
350,fake_intersection_2_3_N_1_3829,True,road_3_3_2_1,619.24
350,fake_intersection_2_3_N_2_3830,True,road_3_3_2_2,618.24
350,fake_intersection_2_3_N_2_3831,True,road_3_3_2_2,619.24
350,86,False,road_3_4_0_0,365.40405976183456
350,47,False,road_3_4_0_1,572.4145544024008
350,9,False,road_3_4_0_1,655.9704412745315
350,53,False,road_3_4_0_1,756.7958273030621
350,51,False,road_3_4_0_1,764.297883076179
350,37,False,road_3_4_0_1,771.7989017319449
350,fake_intersection_4_4_S_2_3924,True,road_3_4_0_2,618.24
350,fake_intersection_4_4_S_2_3925,True,road_3_4_0_2,619.24
350,159,False,road_3_4_1_0,239.8763810997161
350,135,False,road_3_4_1_0,263.7872807536811
350,55,False,road_3_4_1_0,315.8650193646689
350,76,False,road_3_4_1_1,302.48017326753234
350,fake_intersection_2_4_N_1_3842,True,road_3_4_2_1,618.24
350,fake_intersection_2_4_N_1_3843,True,road_3_4_2_1,619.24
350,fake_intersection_2_4_N_2_3844,True,road_3_4_2_2,618.24
350,fake_intersection_2_4_N_2_3845,True,road_3_4_2_2,619.24
350,30,False,road_3_4_2_2,771.7989155793821
350,49,False,road_3_4_3_0,176.00496400061763
350,fake_intersection_3_3_E_1_3864,True,road_3_4_3_1,458.24
350,fake_intersection_3_3_E_1_3865,True,road_3_4_3_1,459.24
350,17,False,road_3_4_3_1,571.7989103776712
350,fake_intersection_3_3_E_2_3866,True,road_3_4_3_2,458.24
350,fake_intersection_3_3_E_2_3867,True,road_3_4_3_2,459.24
350,fake_intersection_3_4_E_1_3870,True,road_3_5_3_1,469.12
350,fake_intersection_3_4_E_1_3871,True,road_3_5_3_1,470.12
350,fake_intersection_3_4_E_2_3872,True,road_3_5_3_2,469.12
350,fake_intersection_3_4_E_2_3873,True,road_3_5_3_2,470.12
350,287,False,road_4_0_1_0,32.23063454021531
350,266,False,road_4_0_1_0,270.4689443780039
350,242,False,road_4_0_1_1,466.1197596368362
350,238,False,road_4_0_1_1,480.38444604669274
350,228,False,road_4_0_1_1,487.8855050462241
350,218,False,road_4_0_1_1,495.38652959163926
350,197,False,road_4_0_1_1,502.8875730072387
350,189,False,road_4_0_1_1,510.3885784764449
350,177,False,road_4_0_1_1,517.8896339076631
350,167,False,road_4_0_1_1,525.3906963933313
350,157,False,road_4_0_1_1,532.8917777146379
350,126,False,road_4_0_1_1,540.3928108174321
350,105,False,road_4_0_1_1,547.893889531255
350,74,False,road_4_0_1_1,555.3949021430782
350,54,False,road_4_0_1_1,562.8959063652395
350,34,False,road_4_0_1_1,570.3969147075832
350,24,False,road_4_0_1_1,577.8979283857836
350,0,False,road_4_0_1_1,585.3989359199275
350,fake_intersection_4_1_W_2_3892,True,road_4_0_1_2,469.12
350,fake_intersection_4_1_W_2_3893,True,road_4_0_1_2,470.12
350,137,False,road_4_0_1_2,555.3948058329993
350,116,False,road_4_0_1_2,562.895840395373
350,97,False,road_4_0_1_2,570.3968432332485
350,45,False,road_4_0_1_2,577.89793789554
350,14,False,road_4_0_1_2,585.3989444162426
350,40,False,road_4_1_0_0,221.6685033092609
350,209,False,road_4_1_0_0,309.7310747183817
350,fake_intersection_4_2_W_1_3898,True,road_4_1_1_1,458.24
350,fake_intersection_4_2_W_1_3899,True,road_4_1_1_1,459.24
350,fake_intersection_4_2_W_2_3900,True,road_4_1_1_2,458.24
350,fake_intersection_4_2_W_2_3901,True,road_4_1_1_2,459.24
350,18,False,road_4_1_3_0,7.325888579790816
350,208,False,road_4_2_1_0,101.08080938374374
350,180,False,road_4_2_2_0,663.4874049915896
350,fake_intersection_3_2_N_1_3854,True,road_4_2_2_1,618.24
350,fake_intersection_3_2_N_1_3855,True,road_4_2_2_1,619.24
350,fake_intersection_4_1_E_1_3886,True,road_4_2_3_1,458.24
350,fake_intersection_4_1_E_1_3887,True,road_4_2_3_1,459.24
350,fake_intersection_4_1_E_2_3888,True,road_4_2_3_2,458.24
350,fake_intersection_4_1_E_2_3889,True,road_4_2_3_2,459.24
350,169,False,road_4_3_1_0,572.675347673078
350,190,False,road_4_3_1_1,273.410837794542
350,fake_intersection_4_4_W_1_3920,True,road_4_3_1_1,458.24
350,fake_intersection_4_4_W_1_3921,True,road_4_3_1_1,459.24
350,fake_intersection_4_4_W_2_3922,True,road_4_3_1_2,458.24
350,fake_intersection_4_4_W_2_3923,True,road_4_3_1_2,459.24
350,212,False,road_4_3_2_0,112.68213994761776
350,198,False,road_4_3_2_0,309.14818215052
350,fake_intersection_3_3_N_1_3858,True,road_4_3_2_1,618.24
350,fake_intersection_3_3_N_1_3859,True,road_4_3_2_1,619.24
350,158,False,road_4_3_2_1,647.4036647106643
350,fake_intersection_3_3_N_2_3860,True,road_4_3_2_2,618.24
350,fake_intersection_3_3_N_2_3861,True,road_4_3_2_2,619.24
350,fake_intersection_4_2_E_1_3906,True,road_4_3_3_1,458.24
350,fake_intersection_4_2_E_1_3907,True,road_4_3_3_1,459.24
350,117,False,road_4_3_3_1,564.2978363232143
350,107,False,road_4_3_3_1,571.7989339901593
350,fake_intersection_4_2_E_2_3908,True,road_4_3_3_2,458.24
350,fake_intersection_4_2_E_2_3909,True,road_4_3_3_2,459.24
350,201,False,road_4_4_1_0,69.91105809290737
350,25,False,road_4_4_1_0,157.8493191564476
350,15,False,road_4_4_1_0,192.0597713591344
350,196,False,road_4_4_1_0,316.22140737822696
350,192,False,road_4_4_1_0,470.74852852196403
350,147,False,road_4_4_1_1,156.68845789931189
350,178,False,road_4_4_2_0,37.393182119613485
350,fake_intersection_3_4_N_1_3874,True,road_4_4_2_1,618.24
350,fake_intersection_3_4_N_1_3875,True,road_4_4_2_1,619.24
350,163,False,road_4_4_2_1,734.2937900616366
350,131,False,road_4_4_2_1,741.7948879583921
350,119,False,road_4_4_2_1,749.2958964981461
350,92,False,road_4_4_2_1,756.7969342743186
350,109,False,road_4_4_2_1,764.2979723922394
350,103,False,road_4_4_2_1,771.7989727513682
350,fake_intersection_3_4_N_2_3876,True,road_4_4_2_2,618.24
350,fake_intersection_3_4_N_2_3877,True,road_4_4_2_2,619.24
350,81,False,road_4_4_2_2,771.7989874836612
350,fake_intersection_4_1_N_1_3890,True,road_5_1_2_1,629.12
350,fake_intersection_4_1_N_1_3891,True,road_5_1_2_1,630.12
350,271,False,road_5_2_2_0,192.68305887846577
350,258,False,road_5_2_2_0,377.59492253340045
350,246,False,road_5_2_2_0,504.2916980986616
350,285,False,road_5_2_2_1,79.05016853974482
350,236,False,road_5_2_2_1,582.9752649689332
350,fake_intersection_4_2_N_1_3894,True,road_5_2_2_1,629.12
350,fake_intersection_4_2_N_1_3895,True,road_5_2_2_1,630.12
350,fake_intersection_4_2_N_2_3896,True,road_5_2_2_2,629.12
350,fake_intersection_4_2_N_2_3897,True,road_5_2_2_2,630.12
350,277,False,road_5_3_2_0,197.78701632823672
350,262,False,road_5_3_2_0,356.2351720415344
350,250,False,road_5_3_2_0,471.22508238766807
350,241,False,road_5_3_2_1,533.2558111912734
350,fake_intersection_4_3_N_1_3914,True,road_5_3_2_1,629.12
350,fake_intersection_4_3_N_1_3915,True,road_5_3_2_1,630.12
350,229,False,road_5_3_2_1,651.4672162185042
350,fake_intersection_4_3_N_2_3916,True,road_5_3_2_2,629.12
350,fake_intersection_4_3_N_2_3917,True,road_5_3_2_2,630.12
350,289,False,road_5_4_2_0,16.38347952519495
350,283,False,road_5_4_2_0,71.00988116139354
350,280,False,road_5_4_2_0,132.508270104691
350,273,False,road_5_4_2_0,198.79813461921725
350,268,False,road_5_4_2_0,248.65604130740914
350,264,False,road_5_4_2_0,356.3942341352259
350,256,False,road_5_4_2_0,377.0662480187023
350,253,False,road_5_4_2_0,440.11597795127466
350,225,False,road_5_4_2_0,686.727068819994
350,219,False,road_5_4_2_0,702.9709661401777
350,214,False,road_5_4_2_0,721.1613967631208
350,244,False,road_5_4_2_1,513.4653032863114
350,234,False,road_5_4_2_1,528.0191268771057
350,230,False,road_5_4_2_1,681.0071779650748
350,206,False,road_5_4_2_1,762.8956213105093
350,187,False,road_5_4_2_1,770.3967137256591
350,174,False,road_5_4_2_1,777.8978116531808
350,171,False,road_5_4_2_1,785.3989081225037
350,fake_intersection_4_4_N_2_3918,True,road_5_4_2_2,629.12
350,fake_intersection_4_4_N_2_3919,True,road_5_4_2_2,630.12
350,181,False,road_5_4_2_2,777.8978722616686
350,146,False,road_5_4_2_2,785.3989106336303
360,204,False,:intersection_1_3_0_0,5.50374945918918
360,240,False,:intersection_1_4_0_0,4.9149953395636885
360,180,False,:intersection_3_2_9_0,2.3620394178974493
360,214,False,:intersection_4_4_9_0,7.96977168084564
360,288,False,road_0_1_0_0,134.03105995651683
360,282,False,road_0_1_0_0,173.31619220394202
360,279,False,road_0_1_0_0,238.30726995065962
360,267,False,road_0_1_0_0,333.3632319155199
360,255,False,road_0_1_0_0,349.8784012048039
360,232,False,road_0_1_0_0,700.1187293763917
360,294,False,road_0_1_0_1,62.31911727278176
360,272,False,road_0_1_0_1,325.3044228097814
360,263,False,road_0_1_0_1,413.9105343241288
360,252,False,road_0_1_0_1,551.5985779173635
360,243,False,road_0_1_0_1,619.1964835753278
360,fake_intersection_1_1_S_1_3930,True,road_0_1_0_1,629.12
360,fake_intersection_1_1_S_1_3931,True,road_0_1_0_1,630.12
360,fake_intersection_1_1_S_2_3932,True,road_0_1_0_2,629.12
360,fake_intersection_1_1_S_2_3933,True,road_0_1_0_2,630.12
360,297,False,road_0_2_0_0,37.24824268633529
360,284,False,road_0_2_0_0,135.53636877552714
360,270,False,road_0_2_0_0,315.73242562837885
360,245,False,road_0_2_0_1,618.2145810490763
360,fake_intersection_1_2_S_1_3936,True,road_0_2_0_1,629.12
360,fake_intersection_1_2_S_1_3937,True,road_0_2_0_1,630.12
360,235,False,road_0_2_0_1,637.1455993618995
360,257,False,road_0_2_0_2,588.58411708259
360,fake_intersection_1_2_S_2_3938,True,road_0_2_0_2,629.12
360,fake_intersection_1_2_S_2_3939,True,road_0_2_0_2,630.12
360,90,False,road_0_2_0_2,785.3989562573796
360,fake_intersection_1_3_S_1_3960,True,road_0_3_0_1,629.12
360,fake_intersection_1_3_S_1_3961,True,road_0_3_0_1,630.12
360,290,False,road_0_4_0_0,96.35591541790993
360,286,False,road_0_4_0_0,148.483725362155
360,274,False,road_0_4_0_0,261.19939473477564
360,249,False,road_0_4_0_0,692.9253791659789
360,296,False,road_0_4_0_1,30.99797087202085
360,281,False,road_0_4_0_1,201.85969855449426
360,278,False,road_0_4_0_1,239.43231540433047
360,269,False,road_0_4_0_1,349.4333504676781
360,259,False,road_0_4_0_1,367.0283069698143
360,265,False,road_0_4_0_1,386.7772181800156
360,254,False,road_0_4_0_1,441.2967219544989
360,251,False,road_0_4_0_1,487.4845236412856
360,237,False,road_0_4_0_1,567.678079938003
360,233,False,road_0_4_0_1,575.3700042220383
360,231,False,road_0_4_0_1,582.8710883418682
360,226,False,road_0_4_0_1,590.372115558004
360,223,False,road_0_4_0_1,597.87311609928
360,211,False,road_0_4_0_1,605.3741677166983
360,199,False,road_0_4_0_1,612.8751999378156
360,205,False,road_0_4_0_1,620.3762031672828
360,202,False,road_0_4_0_1,627.8772052140789
360,194,False,road_0_4_0_1,635.3782794073513
360,191,False,road_0_4_0_1,642.8793167211014
360,188,False,road_0_4_0_1,650.3804152469011
360,182,False,road_0_4_0_1,657.8814452552595
360,176,False,road_0_4_0_1,665.3824771274606
360,168,False,road_0_4_0_1,672.8834933965627
360,160,False,road_0_4_0_1,680.3845109654097
360,144,False,road_0_4_0_1,687.8855201007306
360,153,False,road_0_4_0_1,695.3865616417746
360,150,False,road_0_4_0_1,702.8875679582106
360,136,False,road_0_4_0_1,710.3885682058954
360,134,False,road_0_4_0_1,717.8896286855951
360,124,False,road_0_4_0_1,725.3906795288144
360,122,False,road_0_4_0_1,732.8916847075485
360,110,False,road_0_4_0_1,740.3927232092798
360,104,False,road_0_4_0_1,747.8937613144855
360,108,False,road_0_4_0_1,755.3948052307136
360,101,False,road_0_4_0_1,762.8958260133331
360,96,False,road_0_4_0_1,770.3968573601849
360,88,False,road_0_4_0_1,777.8978713079902
360,85,False,road_0_4_0_1,785.3989423730433
360,213,False,road_0_4_0_2,725.3905841716683
360,195,False,road_0_4_0_2,732.8916043311406
360,164,False,road_0_4_0_2,740.3926613285573
360,130,False,road_0_4_0_2,747.8936636388514
360,115,False,road_0_4_0_2,755.3947232832312
360,118,False,road_0_4_0_2,762.8957352768861
360,93,False,road_0_4_0_2,770.3967848125803
360,69,False,road_0_4_0_2,777.8978382833536
360,11,False,road_0_4_0_2,785.3989329663273
360,291,False,road_1_0_1_0,60.538443208357435
360,275,False,road_1_0_1_0,240.4245330376119
360,260,False,road_1_0_1_0,332.57371816493634
360,203,False,road_1_0_1_1,525.390754853872
360,185,False,road_1_0_1_1,532.8917713242491
360,165,False,road_1_0_1_1,540.3927884506427
360,132,False,road_1_0_1_1,547.8937909747438
360,111,False,road_1_0_1_1,555.3948667829765
360,77,False,road_1_0_1_1,562.8959161743535
360,57,False,road_1_0_1_1,570.396940022553
360,21,False,road_1_0_1_1,577.8979891971964
360,5,False,road_1_0_1_1,585.3989922544721
360,fake_intersection_1_1_W_2_3928,True,road_1_0_1_2,469.12
360,fake_intersection_1_1_W_2_3929,True,road_1_0_1_2,470.12
360,247,False,road_1_0_1_2,585.3989791711863
360,216,False,road_1_1_0_0,95.6479970165186
360,210,False,road_1_1_0_0,292.9813009156016
360,221,False,road_1_1_0_0,395.55508329488407
360,184,False,road_1_1_0_0,458.1816887932556
360,175,False,road_1_1_0_0,515.0534875821446
360,224,False,road_1_1_0_1,24.737748994169635
360,239,False,road_1_1_0_1,72.89663478307374
360,200,False,road_1_1_0_1,271.5677232224222
360,fake_intersection_2_1_S_1_3972,True,road_1_1_0_1,618.24
360,fake_intersection_2_1_S_1_3973,True,road_1_1_0_1,619.24
360,32,False,road_1_1_1_1,392.2315212798841
360,fake_intersection_1_2_W_1_3948,True,road_1_1_1_1,458.24
360,fake_intersection_1_2_W_1_3949,True,road_1_1_1_1,459.24
360,fake_intersection_1_2_W_2_3950,True,road_1_1_1_2,458.24
360,fake_intersection_1_2_W_2_3951,True,road_1_1_1_2,459.24
360,193,False,road_1_1_3_0,525.5323302003371
360,207,False,road_1_2_0_0,203.61634066575508
360,50,False,road_1_2_0_0,528.7181862705696
360,fake_intersection_2_2_S_1_3978,True,road_1_2_0_1,618.24
360,fake_intersection_2_2_S_1_3979,True,road_1_2_0_1,619.24
360,123,False,road_1_2_0_1,741.2262320422086
360,fake_intersection_2_2_S_2_3980,True,road_1_2_0_2,618.24
360,fake_intersection_2_2_S_2_3981,True,road_1_2_0_2,619.24
360,fake_intersection_1_3_W_1_3956,True,road_1_2_1_1,458.24
360,fake_intersection_1_3_W_1_3957,True,road_1_2_1_1,459.24
360,4,False,road_1_2_1_1,571.7989320868487
360,fake_intersection_1_3_W_2_3958,True,road_1_2_1_2,458.24
360,fake_intersection_1_3_W_2_3959,True,road_1_2_1_2,459.24
360,179,False,road_1_2_3_1,564.2978814390933
360,3,False,road_1_2_3_1,571.7989139280962
360,fake_intersection_1_1_E_2_3934,True,road_1_2_3_2,458.24
360,fake_intersection_1_1_E_2_3935,True,road_1_2_3_2,459.24
360,fake_intersection_2_3_S_1_3986,True,road_1_3_0_1,618.24
360,fake_intersection_2_3_S_1_3987,True,road_1_3_0_1,619.24
360,fake_intersection_2_3_S_2_3988,True,road_1_3_0_2,618.24
360,fake_intersection_2_3_S_2_3989,True,road_1_3_0_2,619.24
360,156,False,road_1_3_2_0,567.0865776559205
360,149,False,road_1_3_2_0,682.8248195456018
360,fake_intersection_1_2_E_1_3940,True,road_1_3_3_1,458.24
360,fake_intersection_1_2_E_1_3941,True,road_1_3_3_1,459.24
360,fake_intersection_1_2_E_2_3942,True,road_1_3_3_2,458.24
360,fake_intersection_1_2_E_2_3943,True,road_1_3_3_2,459.24
360,fake_intersection_2_4_S_1_3998,True,road_1_4_0_1,618.24
360,fake_intersection_2_4_S_1_3999,True,road_1_4_0_1,619.24
360,248,False,road_1_4_2_0,82.11381486293425
360,222,False,road_1_4_3_0,108.14583133713889
360,217,False,road_1_4_3_0,167.59012817133947
360,227,False,road_1_4_3_1,71.28453089648514
360,215,False,road_1_4_3_1,238.5485820523004
360,172,False,road_1_4_3_1,459.2834358577733
360,173,False,road_1_4_3_1,466.7845128058187
360,162,False,road_1_4_3_1,474.2855260517467
360,166,False,road_1_4_3_1,481.7865949162221
360,142,False,road_1_4_3_1,489.28761903868144
360,127,False,road_1_4_3_1,496.78862006102685
360,140,False,road_1_4_3_1,504.2896372495155
360,133,False,road_1_4_3_1,511.79065605503166
360,102,False,road_1_4_3_1,519.2917106439144
360,41,False,road_1_4_3_1,526.7927259146885
360,6,False,road_1_4_3_1,534.29374921195
360,80,False,road_1_4_3_1,541.7947712089742
360,79,False,road_1_4_3_1,549.2958273446126
360,56,False,road_1_4_3_1,556.7968742998352
360,23,False,road_1_4_3_1,564.297910843412
360,27,False,road_1_4_3_1,571.7989478475426
360,183,False,road_1_4_3_2,556.7968327153807
360,22,False,road_1_4_3_2,564.2979288645467
360,19,False,road_1_4_3_2,571.7989847505228
360,276,False,road_1_5_3_0,232.62022806995938
360,261,False,road_1_5_3_0,507.31891825386384
360,292,False,road_1_5_3_1,97.77978209389958
360,fake_intersection_1_4_E_1_3962,True,road_1_5_3_1,469.12
360,fake_intersection_1_4_E_1_3963,True,road_1_5_3_1,470.12
360,fake_intersection_1_4_E_2_3964,True,road_1_5_3_2,469.12
360,fake_intersection_1_4_E_2_3965,True,road_1_5_3_2,470.12
360,161,False,road_2_1_0_0,184.9786799133166
360,148,False,road_2_1_0_0,361.16386751296443
360,143,False,road_2_1_0_1,517.844358192665
360,fake_intersection_3_1_S_1_4000,True,road_2_1_0_1,618.24
360,fake_intersection_3_1_S_1_4001,True,road_2_1_0_1,619.24
360,fake_intersection_3_1_S_2_4002,True,road_2_1_0_2,618.24
360,fake_intersection_3_1_S_2_4003,True,road_2_1_0_2,619.24
360,fake_intersection_1_1_N_1_3926,True,road_2_1_2_1,618.24
360,fake_intersection_1_1_N_1_3927,True,road_2_1_2_1,619.24
360,44,False,road_2_2_0_1,24.694427655749614
360,fake_intersection_3_2_S_1_4006,True,road_2_2_0_1,618.24
360,fake_intersection_3_2_S_1_4007,True,road_2_2_0_1,619.24
360,121,False,road_2_2_1_0,31.288509519712825
360,120,False,road_2_2_1_1,2.4099546528828597
360,fake_intersection_2_3_W_1_3994,True,road_2_2_1_1,458.24
360,fake_intersection_2_3_W_1_3995,True,road_2_2_1_1,459.24
360,33,False,road_2_2_1_1,571.7989512852479
360,63,False,road_2_2_2_1,545.9301212918657
360,fake_intersection_1_2_N_1_3944,True,road_2_2_2_1,618.24
360,fake_intersection_1_2_N_1_3945,True,road_2_2_2_1,619.24
360,fake_intersection_1_2_N_2_3946,True,road_2_2_2_2,618.24
360,fake_intersection_1_2_N_2_3947,True,road_2_2_2_2,619.24
360,151,False,road_2_2_3_0,232.05645372799447
360,fake_intersection_3_3_S_2_4012,True,road_2_3_0_2,618.24
360,fake_intersection_3_3_S_2_4013,True,road_2_3_0_2,619.24
360,16,False,road_2_3_2_0,132.16928714397656
360,67,False,road_2_3_2_0,255.68594529676847
360,71,False,road_2_3_2_1,589.3270783400516
360,fake_intersection_1_3_N_1_3952,True,road_2_3_2_1,618.24
360,fake_intersection_1_3_N_1_3953,True,road_2_3_2_1,619.24
360,fake_intersection_1_3_N_2_3954,True,road_2_3_2_2,618.24
360,fake_intersection_1_3_N_2_3955,True,road_2_3_2_2,619.24
360,35,False,road_2_3_2_2,771.7989851420144
360,186,False,road_2_4_0_0,47.5433683326277
360,fake_intersection_3_4_S_1_4032,True,road_2_4_0_1,618.24
360,fake_intersection_3_4_S_1_4033,True,road_2_4_0_1,619.24
360,64,False,road_2_4_0_1,771.7989491181652
360,fake_intersection_3_4_S_2_4034,True,road_2_4_0_2,618.24
360,fake_intersection_3_4_S_2_4035,True,road_2_4_0_2,619.24
360,83,False,road_2_4_0_2,771.7989933468588
360,65,False,road_2_4_1_0,188.33052451235596
360,87,False,road_2_4_1_0,350.47687192490446
360,99,False,road_2_4_1_1,334.2975367384313
360,52,False,road_2_4_2_0,397.7785911304262
360,2,False,road_2_4_2_0,428.6278614820569
360,fake_intersection_1_4_N_1_3966,True,road_2_4_2_1,618.24
360,fake_intersection_1_4_N_1_3967,True,road_2_4_2_1,619.24
360,fake_intersection_1_4_N_2_3968,True,road_2_4_2_2,618.24
360,fake_intersection_1_4_N_2_3969,True,road_2_4_2_2,619.24
360,fake_intersection_2_3_E_1_3990,True,road_2_4_3_1,458.24
360,fake_intersection_2_3_E_1_3991,True,road_2_4_3_1,459.24
360,39,False,road_2_4_3_1,564.2978546503266
360,61,False,road_2_4_3_1,571.7989518358123
360,fake_intersection_2_3_E_2_3992,True,road_2_4_3_2,458.24
360,fake_intersection_2_3_E_2_3993,True,road_2_4_3_2,459.24
360,72,False,road_2_4_3_2,564.2979320177367
360,13,False,road_2_4_3_2,571.7989525068753
360,100,False,road_3_1_0_0,267.7257926442533
360,82,False,road_3_1_1_0,354.2461218862981
360,59,False,road_3_1_1_1,510.6321112309256
360,fake_intersection_2_1_N_1_3970,True,road_3_1_2_1,618.24
360,fake_intersection_2_1_N_1_3971,True,road_3_1_2_1,619.24
360,94,False,road_3_1_3_0,578.6388290077011
360,fake_intersection_4_2_S_1_4056,True,road_3_2_0_1,618.24
360,fake_intersection_4_2_S_1_4057,True,road_3_2_0_1,619.24
360,62,False,road_3_2_0_1,622.6591767606635
360,fake_intersection_4_2_S_2_4058,True,road_3_2_0_2,618.24
360,fake_intersection_4_2_S_2_4059,True,road_3_2_0_2,619.24
360,fake_intersection_3_3_W_1_4018,True,road_3_2_1_1,458.24
360,fake_intersection_3_3_W_1_4019,True,road_3_2_1_1,459.24
360,152,False,road_3_2_2_0,350.48512531630837
360,91,False,road_3_2_2_0,692.4141901317528
360,fake_intersection_2_2_N_1_3974,True,road_3_2_2_1,618.24
360,fake_intersection_2_2_N_1_3975,True,road_3_2_2_1,619.24
360,fake_intersection_2_2_N_2_3976,True,road_3_2_2_2,618.24
360,fake_intersection_2_2_N_2_3977,True,road_3_2_2_2,619.24
360,fake_intersection_4_3_S_2_4060,True,road_3_3_0_2,618.24
360,fake_intersection_4_3_S_2_4061,True,road_3_3_0_2,619.24
360,138,False,road_3_3_1_0,127.758561799611
360,fake_intersection_3_4_W_1_4028,True,road_3_3_1_1,458.24
360,fake_intersection_3_4_W_1_4029,True,road_3_3_1_1,459.24
360,fake_intersection_3_4_W_2_4030,True,road_3_3_1_2,458.24
360,fake_intersection_3_4_W_2_4031,True,road_3_3_1_2,459.24
360,7,False,road_3_3_2_0,296.2592929947319
360,128,False,road_3_3_2_1,256.9839545012493
360,fake_intersection_2_3_N_1_3982,True,road_3_3_2_1,618.24
360,fake_intersection_2_3_N_1_3983,True,road_3_3_2_1,619.24
360,fake_intersection_2_3_N_2_3984,True,road_3_3_2_2,618.24
360,fake_intersection_2_3_N_2_3985,True,road_3_3_2_2,619.24
360,86,False,road_3_4_0_0,471.9948937337157
360,47,False,road_3_4_0_1,665.6700177536712
360,9,False,road_3_4_0_1,741.4085910993399
360,53,False,road_3_4_0_1,756.7968465444304
360,51,False,road_3_4_0_1,764.297883076179
360,37,False,road_3_4_0_1,771.7989017319449
360,fake_intersection_4_4_S_2_4068,True,road_3_4_0_2,618.24
360,fake_intersection_4_4_S_2_4069,True,road_3_4_0_2,619.24
360,135,False,road_3_4_1_0,368.7697195384842
360,55,False,road_3_4_1_0,419.26046330859356
360,159,False,road_3_4_1_1,358.8092851818557
360,76,False,road_3_4_1_1,412.07972938604576
360,fake_intersection_2_4_N_1_3996,True,road_3_4_2_1,618.24
360,fake_intersection_2_4_N_1_3997,True,road_3_4_2_1,619.24
360,30,False,road_3_4_2_2,771.7989155793821
360,49,False,road_3_4_3_0,263.3722168222312
360,fake_intersection_3_3_E_1_4014,True,road_3_4_3_1,458.24
360,fake_intersection_3_3_E_1_4015,True,road_3_4_3_1,459.24
360,17,False,road_3_4_3_1,571.7989103776712
360,fake_intersection_3_3_E_2_4016,True,road_3_4_3_2,458.24
360,fake_intersection_3_3_E_2_4017,True,road_3_4_3_2,459.24
360,fake_intersection_3_4_E_1_4020,True,road_3_5_3_1,469.12
360,fake_intersection_3_4_E_1_4021,True,road_3_5_3_1,470.12
360,fake_intersection_3_4_E_2_4022,True,road_3_5_3_2,469.12
360,fake_intersection_3_4_E_2_4023,True,road_3_5_3_2,470.12
360,287,False,road_4_0_1_0,124.19487240812634
360,266,False,road_4_0_1_0,372.3338984544507
360,242,False,road_4_0_1_1,472.88337369762485
360,238,False,road_4_0_1_1,480.38444604669274
360,228,False,road_4_0_1_1,487.8855050462241
360,218,False,road_4_0_1_1,495.38652959163926
360,197,False,road_4_0_1_1,502.8875730072387
360,189,False,road_4_0_1_1,510.3885784764449
360,177,False,road_4_0_1_1,517.8896339076631
360,167,False,road_4_0_1_1,525.3906963933313
360,157,False,road_4_0_1_1,532.8917777146379
360,126,False,road_4_0_1_1,540.3928108174321
360,105,False,road_4_0_1_1,547.893889531255
360,74,False,road_4_0_1_1,556.5366575338011
360,54,False,road_4_0_1_1,567.0927613172151
360,34,False,road_4_0_1_1,577.4393778467565
360,24,False,road_4_0_1_1,585.2893802566114
360,fake_intersection_4_1_W_2_4042,True,road_4_0_1_2,469.12
360,fake_intersection_4_1_W_2_4043,True,road_4_0_1_2,470.12
360,137,False,road_4_0_1_2,555.3948058329993
360,116,False,road_4_0_1_2,562.895840395373
360,97,False,road_4_0_1_2,570.3968432332485
360,45,False,road_4_0_1_2,577.89793789554
360,14,False,road_4_0_1_2,585.3989444162426
360,40,False,road_4_1_0_0,330.9678089360813
360,209,False,road_4_1_0_0,412.1108833282131
360,0,False,road_4_1_1_0,47.46641611065586
360,fake_intersection_4_2_W_1_4048,True,road_4_1_1_1,458.24
360,fake_intersection_4_2_W_1_4049,True,road_4_1_1_1,459.24
360,fake_intersection_4_2_W_2_4050,True,road_4_1_1_2,458.24
360,fake_intersection_4_2_W_2_4051,True,road_4_1_1_2,459.24
360,18,False,road_4_1_3_0,103.98999650571736
360,208,False,road_4_2_1_0,200.96570766960187
360,fake_intersection_3_2_N_1_4004,True,road_4_2_2_1,618.24
360,fake_intersection_3_2_N_1_4005,True,road_4_2_2_1,619.24
360,fake_intersection_4_1_E_1_4036,True,road_4_2_3_1,458.24
360,fake_intersection_4_1_E_1_4037,True,road_4_2_3_1,459.24
360,fake_intersection_4_1_E_2_4038,True,road_4_2_3_2,458.24
360,fake_intersection_4_1_E_2_4039,True,road_4_2_3_2,459.24
360,220,False,road_4_3_1_0,82.10255951147661
360,fake_intersection_4_4_W_1_4064,True,road_4_3_1_1,458.24
360,fake_intersection_4_4_W_1_4065,True,road_4_3_1_1,459.24
360,190,False,road_4_3_1_2,369.6618689020483
360,fake_intersection_4_4_W_2_4066,True,road_4_3_1_2,458.24
360,fake_intersection_4_4_W_2_4067,True,road_4_3_1_2,459.24
360,212,False,road_4_3_2_0,217.057808251994
360,198,False,road_4_3_2_0,420.06545829256595
360,fake_intersection_3_3_N_1_4008,True,road_4_3_2_1,618.24
360,fake_intersection_3_3_N_1_4009,True,road_4_3_2_1,619.24
360,158,False,road_4_3_2_1,741.8032796049193
360,fake_intersection_3_3_N_2_4010,True,road_4_3_2_2,618.24
360,fake_intersection_3_3_N_2_4011,True,road_4_3_2_2,619.24
360,fake_intersection_4_2_E_1_4044,True,road_4_3_3_1,458.24
360,fake_intersection_4_2_E_1_4045,True,road_4_3_3_1,459.24
360,117,False,road_4_3_3_1,564.2978363232143
360,107,False,road_4_3_3_1,571.7989339901593
360,fake_intersection_4_2_E_2_4046,True,road_4_3_3_2,458.24
360,fake_intersection_4_2_E_2_4047,True,road_4_3_3_2,459.24
360,169,False,road_4_4_0_0,73.18258330343195
360,201,False,road_4_4_1_0,161.28797348156442
360,25,False,road_4_4_1_0,247.66110677390898
360,15,False,road_4_4_1_0,287.7382096049268
360,196,False,road_4_4_1_0,423.1887992762836
360,192,False,road_4_4_1_0,586.0112018543764
360,147,False,road_4_4_1_1,263.145171220276
360,178,False,road_4_4_2_0,151.8510870510132
360,fake_intersection_3_4_N_1_4024,True,road_4_4_2_1,618.24
360,fake_intersection_3_4_N_1_4025,True,road_4_4_2_1,619.24
360,163,False,road_4_4_2_1,734.2937900616366
360,131,False,road_4_4_2_1,741.7948879583921
360,119,False,road_4_4_2_1,749.2958964981461
360,92,False,road_4_4_2_1,756.7969342743186
360,109,False,road_4_4_2_1,764.2979723922394
360,103,False,road_4_4_2_1,771.7989727513682
360,fake_intersection_3_4_N_2_4026,True,road_4_4_2_2,618.24
360,fake_intersection_3_4_N_2_4027,True,road_4_4_2_2,619.24
360,81,False,road_4_4_2_2,771.7989874836612
360,fake_intersection_4_1_N_1_4040,True,road_5_1_2_1,629.12
360,fake_intersection_4_1_N_1_4041,True,road_5_1_2_1,630.12
360,285,False,road_5_2_2_0,189.65286115926037
360,271,False,road_5_2_2_0,282.2865456346172
360,298,False,road_5_2_2_1,36.7560221784517
360,258,False,road_5_2_2_1,483.78854986591784
360,246,False,road_5_2_2_1,604.0153185503817
360,fake_intersection_4_2_N_1_4052,True,road_5_2_2_1,629.12
360,fake_intersection_4_2_N_1_4053,True,road_5_2_2_1,630.12
360,236,False,road_5_2_2_1,693.0579013750161
360,fake_intersection_4_2_N_2_4054,True,road_5_2_2_2,629.12
360,fake_intersection_4_2_N_2_4055,True,road_5_2_2_2,630.12
360,293,False,road_5_3_2_0,101.38377421951817
360,277,False,road_5_3_2_0,325.920279605787
360,262,False,road_5_3_2_0,465.76217908654354
360,250,False,road_5_3_2_1,567.668720869701
360,241,False,road_5_3_2_1,637.7123137454792
360,229,False,road_5_3_2_1,756.864522690347
360,295,False,road_5_4_2_0,53.8159040309058
360,289,False,road_5_4_2_0,142.50938715898963
360,283,False,road_5_4_2_0,178.22315087504273
360,280,False,road_5_4_2_0,236.49723011677668
360,273,False,road_5_4_2_0,302.6356077204748
360,268,False,road_5_4_2_0,350.014889264452
360,264,False,road_5_4_2_0,462.0055293671444
360,225,False,road_5_4_2_0,767.4177209862023
360,219,False,road_5_4_2_0,780.0452068347155
360,256,False,road_5_4_2_1,478.85885992739605
360,253,False,road_5_4_2_1,541.3280386597796
360,244,False,road_5_4_2_1,604.7161501719389
360,234,False,road_5_4_2_1,624.0409133500051
360,230,False,road_5_4_2_1,755.3540445665603
360,206,False,road_5_4_2_1,762.8956213105093
360,187,False,road_5_4_2_1,770.3967137256591
360,174,False,road_5_4_2_1,777.8978116531808
360,171,False,road_5_4_2_1,785.3989081225037
360,fake_intersection_4_4_N_2_4062,True,road_5_4_2_2,629.12
360,fake_intersection_4_4_N_2_4063,True,road_5_4_2_2,630.12
360,181,False,road_5_4_2_2,777.8978722616686
360,146,False,road_5_4_2_2,785.3989106336303
370,232,False,:intersection_1_1_27_0,5.055418655961262
370,91,False,:intersection_2_2_9_1,5.36146614430902
370,236,False,:intersection_4_2_12_0,14.008470552454769
370,294,False,road_0_1_0_0,172.55565191392301
370,288,False,road_0_1_0_0,249.5445834823314
370,282,False,road_0_1_0_0,271.0981774874538
370,279,False,road_0_1_0_0,339.6653009933589
370,255,False,road_0_1_0_0,422.459964505474
370,303,False,road_0_1_0_1,38.90687617255353
370,299,False,road_0_1_0_1,116.88461271609894
370,267,False,road_0_1_0_1,414.6676547585068
370,272,False,road_0_1_0_1,434.1052439424695
370,263,False,road_0_1_0_1,513.2343079000703
370,fake_intersection_1_1_S_1_4074,True,road_0_1_0_1,629.12
370,fake_intersection_1_1_S_1_4075,True,road_0_1_0_1,630.12
370,252,False,road_0_1_0_1,654.6975995813413
370,243,False,road_0_1_0_1,723.4410313248873
370,fake_intersection_1_1_S_2_4076,True,road_0_1_0_2,629.12
370,fake_intersection_1_1_S_2_4077,True,road_0_1_0_2,630.12
370,297,False,road_0_2_0_0,142.0476660004628
370,284,False,road_0_2_0_0,214.65460379547696
370,270,False,road_0_2_0_0,416.29698948502374
370,fake_intersection_1_2_S_1_4092,True,road_0_2_0_1,629.12
370,fake_intersection_1_2_S_1_4093,True,road_0_2_0_1,630.12
370,245,False,road_0_2_0_1,717.0064425101472
370,235,False,road_0_2_0_1,737.2092968028403
370,fake_intersection_1_2_S_2_4094,True,road_0_2_0_2,629.12
370,fake_intersection_1_2_S_2_4095,True,road_0_2_0_2,630.12
370,257,False,road_0_2_0_2,724.1513566080298
370,90,False,road_0_2_0_2,785.3989562573796
370,fake_intersection_1_3_S_1_4104,True,road_0_3_0_1,629.12
370,fake_intersection_1_3_S_1_4105,True,road_0_3_0_1,630.12
370,302,False,road_0_4_0_0,45.53815129608827
370,301,False,road_0_4_0_0,80.16278126198345
370,290,False,road_0_4_0_0,197.74566990460838
370,286,False,road_0_4_0_0,247.9083283969074
370,274,False,road_0_4_0_0,347.9638923970539
370,296,False,road_0_4_0_1,146.17023135542144
370,281,False,road_0_4_0_1,314.14338519645275
370,278,False,road_0_4_0_1,344.2617945381577
370,269,False,road_0_4_0_1,432.1436549656094
370,259,False,road_0_4_0_1,450.01072203367494
370,265,False,road_0_4_0_1,487.0684686483528
370,254,False,road_0_4_0_1,533.6121666665509
370,251,False,road_0_4_0_1,560.2558686044962
370,237,False,road_0_4_0_1,567.8689552941847
370,233,False,road_0_4_0_1,575.3700042220383
370,231,False,road_0_4_0_1,582.8710883418682
370,226,False,road_0_4_0_1,590.372115558004
370,223,False,road_0_4_0_1,597.87311609928
370,211,False,road_0_4_0_1,605.3741677166983
370,199,False,road_0_4_0_1,612.8751999378156
370,205,False,road_0_4_0_1,620.3762031672828
370,202,False,road_0_4_0_1,627.8772052140789
370,194,False,road_0_4_0_1,635.3782794073513
370,191,False,road_0_4_0_1,642.8793167211014
370,188,False,road_0_4_0_1,650.3804152469011
370,182,False,road_0_4_0_1,657.8814452552595
370,176,False,road_0_4_0_1,665.3824771274606
370,168,False,road_0_4_0_1,672.8834933965627
370,160,False,road_0_4_0_1,680.3845109654097
370,144,False,road_0_4_0_1,687.8855201007306
370,153,False,road_0_4_0_1,695.3865616417746
370,150,False,road_0_4_0_1,702.8875679582106
370,136,False,road_0_4_0_1,710.3885682058954
370,134,False,road_0_4_0_1,717.8896286855951
370,124,False,road_0_4_0_1,725.3906795288144
370,122,False,road_0_4_0_1,732.8916847075485
370,110,False,road_0_4_0_1,740.3927232092798
370,104,False,road_0_4_0_1,747.8937613144855
370,108,False,road_0_4_0_1,755.3948052307136
370,101,False,road_0_4_0_1,762.8958260133331
370,96,False,road_0_4_0_1,770.3968573601849
370,88,False,road_0_4_0_1,777.8978713079902
370,85,False,road_0_4_0_1,785.3989423730433
370,213,False,road_0_4_0_2,725.3905841716683
370,195,False,road_0_4_0_2,732.8916043311406
370,164,False,road_0_4_0_2,740.3926613285573
370,130,False,road_0_4_0_2,747.8936636388514
370,115,False,road_0_4_0_2,755.3947232832312
370,118,False,road_0_4_0_2,762.8957352768861
370,93,False,road_0_4_0_2,770.3967848125803
370,69,False,road_0_4_0_2,777.8978382833536
370,11,False,road_0_4_0_2,785.3989329663273
370,291,False,road_1_0_1_0,162.81134155081668
370,260,False,road_1_0_1_0,408.9161769770616
370,305,False,road_1_0_1_1,8.148094400065153
370,275,False,road_1_0_1_1,342.4293109810146
370,203,False,road_1_0_1_1,525.390754853872
370,185,False,road_1_0_1_1,532.8917713242491
370,165,False,road_1_0_1_1,540.3927884506427
370,132,False,road_1_0_1_1,547.8937909747438
370,111,False,road_1_0_1_1,555.3948667829765
370,77,False,road_1_0_1_1,562.8959161743535
370,57,False,road_1_0_1_1,570.396940022553
370,21,False,road_1_0_1_1,577.8979891971964
370,5,False,road_1_0_1_1,585.3989922544721
370,fake_intersection_1_1_W_2_4072,True,road_1_0_1_2,469.12
370,fake_intersection_1_1_W_2_4073,True,road_1_0_1_2,470.12
370,247,False,road_1_0_1_2,585.3989791711863
370,224,False,road_1_1_0_0,127.24867988577066
370,216,False,road_1_1_0_0,199.02229781693296
370,200,False,road_1_1_0_0,371.2992550811219
370,210,False,road_1_1_0_0,405.75308773219933
370,221,False,road_1_1_0_0,517.577228160946
370,239,False,road_1_1_0_1,194.13333608896477
370,184,False,road_1_1_0_1,556.5739205698484
370,175,False,road_1_1_0_1,613.1631520262674
370,fake_intersection_2_1_S_1_4118,True,road_1_1_0_1,618.24
370,fake_intersection_2_1_S_1_4119,True,road_1_1_0_1,619.24
370,fake_intersection_2_1_S_2_4120,True,road_1_1_0_2,618.24
370,fake_intersection_2_1_S_2_4121,True,road_1_1_0_2,619.24
370,fake_intersection_1_2_W_1_4088,True,road_1_1_1_1,458.24
370,fake_intersection_1_2_W_1_4089,True,road_1_1_1_1,459.24
370,32,False,road_1_1_1_1,499.3667023469404
370,fake_intersection_1_2_W_2_4090,True,road_1_1_1_2,458.24
370,fake_intersection_1_2_W_2_4091,True,road_1_1_1_2,459.24
370,207,False,road_1_2_0_0,306.0873913380797
370,50,False,road_1_2_0_1,615.6712490353179
370,fake_intersection_2_2_S_1_4126,True,road_1_2_0_1,618.24
370,fake_intersection_2_2_S_1_4127,True,road_1_2_0_1,619.24
370,fake_intersection_2_2_S_2_4128,True,road_1_2_0_2,618.24
370,fake_intersection_2_2_S_2_4129,True,road_1_2_0_2,619.24
370,fake_intersection_1_3_W_1_4100,True,road_1_2_1_1,458.24
370,fake_intersection_1_3_W_1_4101,True,road_1_2_1_1,459.24
370,4,False,road_1_2_1_1,571.7989320868487
370,fake_intersection_1_3_W_2_4102,True,road_1_2_1_2,458.24
370,fake_intersection_1_3_W_2_4103,True,road_1_2_1_2,459.24
370,179,False,road_1_2_3_1,564.2978814390933
370,3,False,road_1_2_3_1,571.7989139280962
370,fake_intersection_1_1_E_2_4078,True,road_1_2_3_2,458.24
370,fake_intersection_1_1_E_2_4079,True,road_1_2_3_2,459.24
370,fake_intersection_2_3_S_1_4134,True,road_1_3_0_1,618.24
370,fake_intersection_2_3_S_1_4135,True,road_1_3_0_1,619.24
370,fake_intersection_2_3_S_2_4136,True,road_1_3_0_2,618.24
370,fake_intersection_2_3_S_2_4137,True,road_1_3_0_2,619.24
370,204,False,road_1_3_2_0,97.81186596449211
370,156,False,road_1_3_2_0,689.343643785423
370,fake_intersection_1_2_E_1_4084,True,road_1_3_3_1,458.24
370,fake_intersection_1_2_E_1_4085,True,road_1_3_3_1,459.24
370,fake_intersection_1_2_E_2_4086,True,road_1_3_3_2,458.24
370,fake_intersection_1_2_E_2_4087,True,road_1_3_3_2,459.24
370,fake_intersection_2_4_S_1_4146,True,road_1_4_0_1,618.24
370,fake_intersection_2_4_S_1_4147,True,road_1_4_0_1,619.24
370,261,False,road_1_4_2_0,12.565637841689913
370,240,False,road_1_4_2_0,88.6506219008447
370,248,False,road_1_4_2_0,201.18074257394022
370,222,False,road_1_4_3_0,193.53674764305575
370,249,False,road_1_4_3_1,2.0995638953501725
370,227,False,road_1_4_3_1,189.05283503072465
370,217,False,road_1_4_3_1,280.36022702251466
370,215,False,road_1_4_3_1,349.665842445492
370,172,False,road_1_4_3_1,459.2834358577733
370,173,False,road_1_4_3_1,466.7845128058187
370,162,False,road_1_4_3_1,474.2855260517467
370,166,False,road_1_4_3_1,481.7865949162221
370,142,False,road_1_4_3_1,489.28761903868144
370,127,False,road_1_4_3_1,496.78862006102685
370,140,False,road_1_4_3_1,504.2896372495155
370,133,False,road_1_4_3_1,511.79065605503166
370,102,False,road_1_4_3_1,519.2917106439144
370,41,False,road_1_4_3_1,526.7927259146885
370,6,False,road_1_4_3_1,534.29374921195
370,80,False,road_1_4_3_1,541.7947712089742
370,79,False,road_1_4_3_1,549.2958273446126
370,56,False,road_1_4_3_1,556.7968742998352
370,23,False,road_1_4_3_1,564.297910843412
370,27,False,road_1_4_3_1,571.7989478475426
370,183,False,road_1_4_3_2,556.7968327153807
370,22,False,road_1_4_3_2,564.2979288645467
370,19,False,road_1_4_3_2,571.7989847505228
370,276,False,road_1_5_3_0,322.66272203859677
370,306,False,road_1_5_3_1,16.344741348355022
370,292,False,road_1_5_3_1,212.62469328058916
370,fake_intersection_1_4_E_1_4106,True,road_1_5_3_1,469.12
370,fake_intersection_1_4_E_1_4107,True,road_1_5_3_1,470.12
370,fake_intersection_1_4_E_2_4108,True,road_1_5_3_2,469.12
370,fake_intersection_1_4_E_2_4109,True,road_1_5_3_2,470.12
370,161,False,road_2_1_0_0,296.76495824329277
370,148,False,road_2_1_0_0,463.73376884514386
370,fake_intersection_3_1_S_1_4152,True,road_2_1_0_1,618.24
370,fake_intersection_3_1_S_1_4153,True,road_2_1_0_1,619.24
370,143,False,road_2_1_0_1,635.4492911829262
370,fake_intersection_3_1_S_2_4154,True,road_2_1_0_2,618.24
370,fake_intersection_3_1_S_2_4155,True,road_2_1_0_2,619.24
370,fake_intersection_1_1_N_1_4070,True,road_2_1_2_1,618.24
370,fake_intersection_1_1_N_1_4071,True,road_2_1_2_1,619.24
370,44,False,road_2_2_0_0,135.03639230588394
370,123,False,road_2_2_0_1,46.36653506701741
370,fake_intersection_3_2_S_1_4158,True,road_2_2_0_1,618.24
370,fake_intersection_3_2_S_1_4159,True,road_2_2_0_1,619.24
370,120,False,road_2_2_1_0,102.07990205150966
370,121,False,road_2_2_1_0,148.07001564553593
370,fake_intersection_2_3_W_1_4142,True,road_2_2_1_1,458.24
370,fake_intersection_2_3_W_1_4143,True,road_2_2_1_1,459.24
370,33,False,road_2_2_1_1,571.7989512852479
370,fake_intersection_1_2_N_1_4080,True,road_2_2_2_1,618.24
370,fake_intersection_1_2_N_1_4081,True,road_2_2_2_1,619.24
370,63,False,road_2_2_2_1,649.6567160064269
370,fake_intersection_1_2_N_2_4082,True,road_2_2_2_2,618.24
370,fake_intersection_1_2_N_2_4083,True,road_2_2_2_2,619.24
370,151,False,road_2_2_3_0,337.27030179984104
370,16,False,road_2_3_2_0,222.26017945441498
370,67,False,road_2_3_2_0,348.7476736464434
370,fake_intersection_1_3_N_1_4096,True,road_2_3_2_1,618.24
370,fake_intersection_1_3_N_1_4097,True,road_2_3_2_1,619.24
370,71,False,road_2_3_2_1,690.9388120568779
370,fake_intersection_1_3_N_2_4098,True,road_2_3_2_2,618.24
370,fake_intersection_1_3_N_2_4099,True,road_2_3_2_2,619.24
370,35,False,road_2_3_2_2,771.7989851420144
370,186,False,road_2_4_0_0,161.39092535746292
370,fake_intersection_3_4_S_1_4176,True,road_2_4_0_1,618.24
370,fake_intersection_3_4_S_1_4177,True,road_2_4_0_1,619.24
370,64,False,road_2_4_0_1,771.7989491181652
370,fake_intersection_3_4_S_2_4178,True,road_2_4_0_2,618.24
370,fake_intersection_3_4_S_2_4179,True,road_2_4_0_2,619.24
370,83,False,road_2_4_0_2,771.7989933468588
370,65,False,road_2_4_1_0,277.96308354879034
370,87,False,road_2_4_1_0,459.1351293191567
370,99,False,road_2_4_1_1,449.63273395829395
370,52,False,road_2_4_2_0,504.31950050121503
370,2,False,road_2_4_2_0,532.4688857985527
370,fake_intersection_1_4_N_1_4110,True,road_2_4_2_1,618.24
370,fake_intersection_1_4_N_1_4111,True,road_2_4_2_1,619.24
370,fake_intersection_1_4_N_2_4112,True,road_2_4_2_2,618.24
370,fake_intersection_1_4_N_2_4113,True,road_2_4_2_2,619.24
370,fake_intersection_2_3_E_1_4138,True,road_2_4_3_1,458.24
370,fake_intersection_2_3_E_1_4139,True,road_2_4_3_1,459.24
370,39,False,road_2_4_3_1,564.2978546503266
370,61,False,road_2_4_3_1,571.7989518358123
370,fake_intersection_2_3_E_2_4140,True,road_2_4_3_2,458.24
370,fake_intersection_2_3_E_2_4141,True,road_2_4_3_2,459.24
370,72,False,road_2_4_3_2,564.2979320177367
370,13,False,road_2_4_3_2,571.7989525068753
370,100,False,road_3_1_0_0,379.4474249025363
370,82,False,road_3_1_1_0,463.5808957603008
370,59,False,road_3_1_1_1,571.7972318667463
370,fake_intersection_2_1_N_1_4114,True,road_3_1_2_1,618.24
370,fake_intersection_2_1_N_1_4115,True,road_3_1_2_1,619.24
370,fake_intersection_2_1_N_2_4116,True,road_3_1_2_2,618.24
370,fake_intersection_2_1_N_2_4117,True,road_3_1_2_2,619.24
370,fake_intersection_4_2_S_1_4196,True,road_3_2_0_1,618.24
370,fake_intersection_4_2_S_1_4197,True,road_3_2_0_1,619.24
370,62,False,road_3_2_0_1,729.5495094356559
370,fake_intersection_4_2_S_2_4198,True,road_3_2_0_2,618.24
370,fake_intersection_4_2_S_2_4199,True,road_3_2_0_2,619.24
370,180,False,road_3_2_1_0,97.2274560656642
370,152,False,road_3_2_2_0,462.9459899276536
370,fake_intersection_2_2_N_1_4122,True,road_3_2_2_1,618.24
370,fake_intersection_2_2_N_1_4123,True,road_3_2_2_1,619.24
370,fake_intersection_2_2_N_2_4124,True,road_3_2_2_2,618.24
370,fake_intersection_2_2_N_2_4125,True,road_3_2_2_2,619.24
370,fake_intersection_4_3_S_2_4204,True,road_3_3_0_2,618.24
370,fake_intersection_4_3_S_2_4205,True,road_3_3_0_2,619.24
370,138,False,road_3_3_1_0,233.81131968305164
370,fake_intersection_3_4_W_1_4172,True,road_3_3_1_1,458.24
370,fake_intersection_3_4_W_1_4173,True,road_3_3_1_1,459.24
370,fake_intersection_3_4_W_2_4174,True,road_3_3_1_2,458.24
370,fake_intersection_3_4_W_2_4175,True,road_3_3_1_2,459.24
370,7,False,road_3_3_2_0,389.85062712593873
370,128,False,road_3_3_2_1,374.77184771826785
370,fake_intersection_2_3_N_1_4130,True,road_3_3_2_1,618.24
370,fake_intersection_2_3_N_1_4131,True,road_3_3_2_1,619.24
370,158,False,road_3_3_2_2,37.23201447682762
370,fake_intersection_2_3_N_2_4132,True,road_3_3_2_2,618.24
370,fake_intersection_2_3_N_2_4133,True,road_3_3_2_2,619.24
370,86,False,road_3_4_0_0,578.5348655283917
370,47,False,road_3_4_0_1,741.4784561269744
370,9,False,road_3_4_0_1,749.2958272573236
370,53,False,road_3_4_0_1,756.7968465444304
370,51,False,road_3_4_0_1,764.297883076179
370,37,False,road_3_4_0_1,771.7989017319449
370,fake_intersection_4_4_S_2_4212,True,road_3_4_0_2,618.24
370,fake_intersection_4_4_S_2_4213,True,road_3_4_0_2,619.24
370,135,False,road_3_4_1_0,473.2310121786858
370,55,False,road_3_4_1_0,523.8291959835391
370,159,False,road_3_4_1_1,478.37396476890916
370,76,False,road_3_4_1_1,519.5046849364016
370,fake_intersection_2_4_N_1_4144,True,road_3_4_2_1,618.24
370,fake_intersection_2_4_N_1_4145,True,road_3_4_2_1,619.24
370,30,False,road_3_4_2_2,771.7989155793821
370,49,False,road_3_4_3_0,351.6980566002658
370,17,False,road_3_4_3_1,571.7989103776712
370,fake_intersection_3_4_E_1_4164,True,road_3_5_3_1,469.12
370,fake_intersection_3_4_E_1_4165,True,road_3_5_3_1,470.12
370,fake_intersection_3_4_E_2_4166,True,road_3_5_3_2,469.12
370,fake_intersection_3_4_E_2_4167,True,road_3_5_3_2,470.12
370,287,False,road_4_0_1_0,216.81107866990803
370,266,False,road_4_0_1_0,474.2075256503027
370,308,False,road_4_0_1_1,5.1
370,242,False,road_4_0_1_1,472.88337369762485
370,238,False,road_4_0_1_1,480.44738196876085
370,228,False,road_4_0_1_1,488.1883095128841
370,218,False,road_4_0_1_1,496.73170083059995
370,197,False,road_4_0_1_1,505.62560422981534
370,189,False,road_4_0_1_1,514.6347056001885
370,177,False,road_4_0_1_1,523.6173720428367
370,167,False,road_4_0_1_1,532.3061612786491
370,157,False,road_4_0_1_1,540.0887782685281
370,126,False,road_4_0_1_1,547.8137466198698
370,105,False,road_4_0_1_1,555.3893227247776
370,74,False,road_4_0_1_1,562.8956694787822
370,54,False,road_4_0_1_1,570.3968991281677
370,34,False,road_4_0_1_1,577.8979626755071
370,24,False,road_4_0_1_1,585.3989709774777
370,fake_intersection_4_1_W_2_4186,True,road_4_0_1_2,469.12
370,fake_intersection_4_1_W_2_4187,True,road_4_0_1_2,470.12
370,137,False,road_4_0_1_2,555.3948058329993
370,116,False,road_4_0_1_2,562.895840395373
370,97,False,road_4_0_1_2,570.3968432332485
370,45,False,road_4_0_1_2,577.89793789554
370,14,False,road_4_0_1_2,585.3989444162426
370,40,False,road_4_1_0_0,438.02296209492454
370,209,False,road_4_1_0_0,514.9786205075708
370,0,False,road_4_1_1_0,159.4105206690101
370,fake_intersection_4_2_W_1_4192,True,road_4_1_1_1,458.24
370,fake_intersection_4_2_W_1_4193,True,road_4_1_1_1,459.24
370,fake_intersection_4_2_W_2_4194,True,road_4_1_1_2,458.24
370,fake_intersection_4_2_W_2_4195,True,road_4_1_1_2,459.24
370,fake_intersection_3_1_N_1_4148,True,road_4_1_2_1,618.24
370,fake_intersection_3_1_N_1_4149,True,road_4_1_2_1,619.24
370,fake_intersection_3_1_N_2_4150,True,road_4_1_2_2,618.24
370,fake_intersection_3_1_N_2_4151,True,road_4_1_2_2,619.24
370,18,False,road_4_1_3_0,202.40730394670953
370,208,False,road_4_2_1_1,302.5695971766215
370,fake_intersection_3_2_N_1_4156,True,road_4_2_2_1,618.24
370,fake_intersection_3_2_N_1_4157,True,road_4_2_2_1,619.24
370,fake_intersection_4_1_E_1_4180,True,road_4_2_3_1,458.24
370,fake_intersection_4_1_E_1_4181,True,road_4_2_3_1,459.24
370,fake_intersection_4_1_E_2_4182,True,road_4_2_3_2,458.24
370,fake_intersection_4_1_E_2_4183,True,road_4_2_3_2,459.24
370,220,False,road_4_3_1_0,186.8163818786817
370,fake_intersection_4_4_W_1_4208,True,road_4_3_1_1,458.24
370,fake_intersection_4_4_W_1_4209,True,road_4_3_1_1,459.24
370,fake_intersection_4_4_W_2_4210,True,road_4_3_1_2,458.24
370,fake_intersection_4_4_W_2_4211,True,road_4_3_1_2,459.24
370,190,False,road_4_3_1_2,462.9006547906797
370,212,False,road_4_3_2_0,322.32005835294086
370,229,False,road_4_3_2_1,47.225384138414
370,198,False,road_4_3_2_1,531.6972562858862
370,fake_intersection_3_3_N_1_4160,True,road_4_3_2_1,618.24
370,fake_intersection_3_3_N_1_4161,True,road_4_3_2_1,619.24
370,fake_intersection_3_3_N_2_4162,True,road_4_3_2_2,618.24
370,fake_intersection_3_3_N_2_4163,True,road_4_3_2_2,619.24
370,fake_intersection_4_2_E_1_4188,True,road_4_3_3_1,458.24
370,fake_intersection_4_2_E_1_4189,True,road_4_3_3_1,459.24
370,117,False,road_4_3_3_1,564.2978363232143
370,107,False,road_4_3_3_1,571.7989339901593
370,fake_intersection_4_2_E_2_4190,True,road_4_3_3_2,458.24
370,fake_intersection_4_2_E_2_4191,True,road_4_3_3_2,459.24
370,169,False,road_4_4_0_0,168.96177484041942
370,225,False,road_4_4_1_0,39.048702990099144
370,214,False,road_4_4_1_0,76.56165128163175
370,201,False,road_4_4_1_0,252.79036283336484
370,25,False,road_4_4_1_0,339.8269568908954
370,15,False,road_4_4_1_0,382.49094171111653
370,196,False,road_4_4_1_0,530.5158463448553
370,219,False,road_4_4_1_1,58.65895166614649
370,147,False,road_4_4_1_1,367.2920574180069
370,178,False,road_4_4_2_0,264.10495167521054
370,fake_intersection_3_4_N_1_4168,True,road_4_4_2_1,618.24
370,fake_intersection_3_4_N_1_4169,True,road_4_4_2_1,619.24
370,163,False,road_4_4_2_1,734.2937900616366
370,131,False,road_4_4_2_1,741.7948879583921
370,119,False,road_4_4_2_1,749.2958964981461
370,92,False,road_4_4_2_1,756.7969342743186
370,109,False,road_4_4_2_1,764.2979723922394
370,103,False,road_4_4_2_1,771.7989727513682
370,fake_intersection_3_4_N_2_4170,True,road_4_4_2_2,618.24
370,fake_intersection_3_4_N_2_4171,True,road_4_4_2_2,619.24
370,81,False,road_4_4_2_2,771.7989874836612
370,fake_intersection_4_1_N_1_4184,True,road_5_1_2_1,629.12
370,fake_intersection_4_1_N_1_4185,True,road_5_1_2_1,630.12
370,298,False,road_5_2_2_0,142.37163636287906
370,285,False,road_5_2_2_0,298.0470239735003
370,271,False,road_5_2_2_0,371.87650434247485
370,fake_intersection_4_2_N_1_4200,True,road_5_2_2_1,629.12
370,fake_intersection_4_2_N_1_4201,True,road_5_2_2_1,630.12
370,246,False,road_5_2_2_1,703.7677327309655
370,258,False,road_5_2_2_2,589.8457570520594
370,fake_intersection_4_2_N_2_4202,True,road_5_2_2_2,629.12
370,fake_intersection_4_2_N_2_4203,True,road_5_2_2_2,630.12
370,307,False,road_5_3_2_0,14.862785213665239
370,293,False,road_5_3_2_0,222.008677631419
370,262,False,road_5_3_2_0,575.0836681523305
370,277,False,road_5_3_2_1,452.7701183449168
370,250,False,road_5_3_2_1,666.0979952796824
370,241,False,road_5_3_2_1,744.618384541892
370,300,False,road_5_4_2_0,104.60855613714509
370,295,False,road_5_4_2_0,154.61729355290183
370,289,False,road_5_4_2_0,263.7100638243293
370,283,False,road_5_4_2_0,284.80474771962804
370,280,False,road_5_4_2_0,340.37757532759593
370,273,False,road_5_4_2_0,405.3277000582091
370,268,False,road_5_4_2_0,451.8509308068824
370,264,False,road_5_4_2_0,578.7901794870331
370,304,False,road_5_4_2_1,30.06142309746302
370,256,False,road_5_4_2_1,578.572363529557
370,253,False,road_5_4_2_1,645.9051859039515
370,244,False,road_5_4_2_1,698.4613753578918
370,234,False,road_5_4_2_1,716.357854242772
370,230,False,road_5_4_2_1,755.394587830096
370,206,False,road_5_4_2_1,762.8956213105093
370,187,False,road_5_4_2_1,770.3967137256591
370,174,False,road_5_4_2_1,777.8978116531808
370,171,False,road_5_4_2_1,785.3989081225037
370,fake_intersection_4_4_N_2_4206,True,road_5_4_2_2,629.12
370,fake_intersection_4_4_N_2_4207,True,road_5_4_2_2,630.12
370,181,False,road_5_4_2_2,777.8978722616686
370,146,False,road_5_4_2_2,785.3989106336303
380,71,False,:intersection_1_3_12_0,19.80972227484709
380,246,False,:intersection_4_2_12_1,18.36990068508765
380,303,False,road_0_1_0_0,149.16814356551103
380,294,False,road_0_1_0_0,282.7943933241377
380,288,False,road_0_1_0_0,351.59156146298426
380,282,False,road_0_1_0_0,370.5194922276898
380,279,False,road_0_1_0_0,440.5863546464403
380,267,False,road_0_1_0_0,510.9003754847093
380,272,False,road_0_1_0_0,546.5039165837806
380,315,False,road_0_1_0_1,17.47419782822
380,312,False,road_0_1_0_1,86.82810879224307
380,299,False,road_0_1_0_1,239.25439444103438
380,255,False,road_0_1_0_1,488.363065051373
380,fake_intersection_1_1_S_1_4218,True,road_0_1_0_1,629.12
380,fake_intersection_1_1_S_1_4219,True,road_0_1_0_1,630.12
380,252,False,road_0_1_0_1,758.4203360379545
380,263,False,road_0_1_0_2,614.5377853461948
380,fake_intersection_1_1_S_2_4220,True,road_0_1_0_2,629.12
380,fake_intersection_1_1_S_2_4221,True,road_0_1_0_2,630.12
380,309,False,road_0_2_0_0,105.14929057831576
380,297,False,road_0_2_0_0,244.24980673330285
380,284,False,road_0_2_0_0,291.4984337520174
380,270,False,road_0_2_0_0,518.8349732103818
380,fake_intersection_1_2_S_1_4232,True,road_0_2_0_1,629.12
380,fake_intersection_1_2_S_1_4233,True,road_0_2_0_1,630.12
380,245,False,road_0_2_0_1,777.8558647713494
380,235,False,road_0_2_0_1,785.3984079624961
380,fake_intersection_1_2_S_2_4234,True,road_0_2_0_2,629.12
380,fake_intersection_1_2_S_2_4235,True,road_0_2_0_2,630.12
380,257,False,road_0_2_0_2,777.8975884277744
380,90,False,road_0_2_0_2,785.3989562573796
380,fake_intersection_1_3_S_1_4244,True,road_0_3_0_1,629.12
380,fake_intersection_1_3_S_1_4245,True,road_0_3_0_1,630.12
380,314,False,road_0_4_0_0,55.03246755728028
380,302,False,road_0_4_0_0,147.32289913082425
380,301,False,road_0_4_0_0,176.33798283339587
380,290,False,road_0_4_0_0,299.02515748872975
380,286,False,road_0_4_0_0,349.0309679981762
380,274,False,road_0_4_0_0,435.4819619245508
380,311,False,road_0_4_0_1,91.45813728742134
380,296,False,road_0_4_0_1,262.2123010457483
380,281,False,road_0_4_0_1,425.9648314440396
380,278,False,road_0_4_0_1,447.9921234140314
380,269,False,road_0_4_0_1,517.6600125224356
380,259,False,road_0_4_0_1,534.3370066551113
380,265,False,road_0_4_0_1,545.3533638145731
380,254,False,road_0_4_0_1,552.8662166003736
380,251,False,road_0_4_0_1,560.3678979981578
380,237,False,road_0_4_0_1,567.8689552941847
380,233,False,road_0_4_0_1,575.3700042220383
380,231,False,road_0_4_0_1,582.8710883418682
380,226,False,road_0_4_0_1,590.372115558004
380,223,False,road_0_4_0_1,597.87311609928
380,211,False,road_0_4_0_1,605.3741677166983
380,199,False,road_0_4_0_1,612.8751999378156
380,205,False,road_0_4_0_1,620.3762031672828
380,202,False,road_0_4_0_1,627.8772052140789
380,194,False,road_0_4_0_1,635.3782794073513
380,191,False,road_0_4_0_1,642.8793167211014
380,188,False,road_0_4_0_1,650.3804152469011
380,182,False,road_0_4_0_1,657.8814452552595
380,176,False,road_0_4_0_1,665.3824771274606
380,168,False,road_0_4_0_1,672.8834933965627
380,160,False,road_0_4_0_1,680.3845109654097
380,144,False,road_0_4_0_1,687.8855201007306
380,153,False,road_0_4_0_1,695.3865616417746
380,150,False,road_0_4_0_1,702.8875679582106
380,136,False,road_0_4_0_1,710.3885682058954
380,134,False,road_0_4_0_1,717.8896286855951
380,124,False,road_0_4_0_1,725.3906795288144
380,122,False,road_0_4_0_1,732.8916847075485
380,110,False,road_0_4_0_1,740.3927232092798
380,104,False,road_0_4_0_1,747.8937613144855
380,108,False,road_0_4_0_1,755.3948052307136
380,101,False,road_0_4_0_1,762.8958260133331
380,96,False,road_0_4_0_1,770.3968573601849
380,88,False,road_0_4_0_1,777.8978713079902
380,85,False,road_0_4_0_1,785.3989423730433
380,213,False,road_0_4_0_2,725.3905841716683
380,195,False,road_0_4_0_2,732.8916043311406
380,164,False,road_0_4_0_2,740.3926613285573
380,130,False,road_0_4_0_2,747.8936636388514
380,115,False,road_0_4_0_2,755.3947232832312
380,118,False,road_0_4_0_2,762.8957352768861
380,93,False,road_0_4_0_2,770.3967848125803
380,69,False,road_0_4_0_2,777.8978382833536
380,11,False,road_0_4_0_2,785.3989329663273
380,305,False,road_1_0_1_0,101.17516215954203
380,291,False,road_1_0_1_0,262.9662666149062
380,260,False,road_1_0_1_0,485.4607529945748
380,275,False,road_1_0_1_1,443.1663842303978
380,203,False,road_1_0_1_1,526.7961190743347
380,185,False,road_1_0_1_1,537.056620409778
380,165,False,road_1_0_1_1,546.7358571307827
380,132,False,road_1_0_1_1,555.0497035740922
380,111,False,road_1_0_1_1,562.8155716603624
380,77,False,road_1_0_1_1,570.3835730731478
380,57,False,road_1_0_1_1,577.8978398608444
380,21,False,road_1_0_1_1,585.3989910327766
380,fake_intersection_1_1_W_2_4216,True,road_1_0_1_2,469.12
380,fake_intersection_1_1_W_2_4217,True,road_1_0_1_2,470.12
380,247,False,road_1_0_1_2,585.3989791711863
380,243,False,road_1_1_0_0,14.255481348524528
380,224,False,road_1_1_0_0,234.6999587672298
380,216,False,road_1_1_0_0,301.82804511982147
380,200,False,road_1_1_0_0,469.97102959907556
380,221,False,road_1_1_0_0,639.1599013133914
380,239,False,road_1_1_0_1,313.13638523910254
380,210,False,road_1_1_0_1,521.1130411604154
380,184,False,road_1_1_0_1,655.4113098057496
380,175,False,road_1_1_0_1,708.6969021170021
380,5,False,road_1_1_1_0,81.8559834979871
380,fake_intersection_1_2_W_1_4228,True,road_1_1_1_1,458.24
380,fake_intersection_1_2_W_1_4229,True,road_1_1_1_1,459.24
380,32,False,road_1_1_1_1,571.69234106466
380,fake_intersection_1_2_W_2_4230,True,road_1_1_1_2,458.24
380,fake_intersection_1_2_W_2_4231,True,road_1_1_1_2,459.24
380,232,False,road_1_1_3_0,86.42530912231837
380,207,False,road_1_2_0_0,406.5568300577112
380,fake_intersection_2_2_S_1_4260,True,road_1_2_0_1,618.24
380,fake_intersection_2_2_S_1_4261,True,road_1_2_0_1,619.24
380,50,False,road_1_2_0_1,704.4996196181261
380,fake_intersection_2_2_S_2_4262,True,road_1_2_0_2,618.24
380,fake_intersection_2_2_S_2_4263,True,road_1_2_0_2,619.24
380,fake_intersection_1_3_W_1_4242,True,road_1_2_1_1,458.24
380,fake_intersection_1_3_W_1_4243,True,road_1_2_1_1,459.24
380,4,False,road_1_2_1_1,571.7989320868487
380,179,False,road_1_2_3_1,564.2978814390933
380,3,False,road_1_2_3_1,571.7989139280962
380,fake_intersection_1_1_E_2_4222,True,road_1_2_3_2,458.24
380,fake_intersection_1_1_E_2_4223,True,road_1_2_3_2,459.24
380,fake_intersection_2_3_S_1_4268,True,road_1_3_0_1,618.24
380,fake_intersection_2_3_S_1_4269,True,road_1_3_0_1,619.24
380,fake_intersection_2_3_S_2_4270,True,road_1_3_0_2,618.24
380,fake_intersection_2_3_S_2_4271,True,road_1_3_0_2,619.24
380,fake_intersection_1_4_W_1_4252,True,road_1_3_1_1,458.24
380,fake_intersection_1_4_W_1_4253,True,road_1_3_1_1,459.24
380,204,False,road_1_3_2_0,208.3235702408707
380,fake_intersection_1_2_E_1_4224,True,road_1_3_3_1,458.24
380,fake_intersection_1_2_E_1_4225,True,road_1_3_3_1,459.24
380,fake_intersection_1_2_E_2_4226,True,road_1_3_3_2,458.24
380,fake_intersection_1_2_E_2_4227,True,road_1_3_3_2,459.24
380,fake_intersection_2_4_S_1_4280,True,road_1_4_0_1,618.24
380,fake_intersection_2_4_S_1_4281,True,road_1_4_0_1,619.24
380,261,False,road_1_4_2_0,130.34124680331476
380,240,False,road_1_4_2_0,188.06179612673662
380,248,False,road_1_4_2_0,321.06890461136004
380,249,False,road_1_4_3_0,118.13820528199052
380,222,False,road_1_4_3_1,279.18003089556885
380,227,False,road_1_4_3_1,306.5981763677405
380,217,False,road_1_4_3_1,394.134580110554
380,215,False,road_1_4_3_1,451.04423436251335
380,172,False,road_1_4_3_1,459.2834358577733
380,173,False,road_1_4_3_1,466.7845128058187
380,162,False,road_1_4_3_1,474.2855260517467
380,166,False,road_1_4_3_1,481.7865949162221
380,142,False,road_1_4_3_1,489.28761903868144
380,127,False,road_1_4_3_1,496.78862006102685
380,140,False,road_1_4_3_1,504.2896372495155
380,133,False,road_1_4_3_1,511.79065605503166
380,102,False,road_1_4_3_1,519.2917106439144
380,41,False,road_1_4_3_1,526.7927259146885
380,6,False,road_1_4_3_1,534.29374921195
380,80,False,road_1_4_3_1,541.7947712089742
380,79,False,road_1_4_3_1,549.2958273446126
380,56,False,road_1_4_3_1,556.7968742998352
380,23,False,road_1_4_3_1,564.297910843412
380,27,False,road_1_4_3_1,571.7989478475426
380,183,False,road_1_4_3_2,556.7968327153807
380,22,False,road_1_4_3_2,564.2979288645467
380,19,False,road_1_4_3_2,571.7989847505228
380,306,False,road_1_5_3_0,126.0122205462543
380,292,False,road_1_5_3_1,329.8414770019282
380,276,False,road_1_5_3_1,410.5144027156723
380,fake_intersection_1_4_E_1_4246,True,road_1_5_3_1,469.12
380,fake_intersection_1_4_E_1_4247,True,road_1_5_3_1,470.12
380,161,False,road_2_1_0_0,409.8943821499006
380,148,False,road_2_1_0_1,564.360310725955
380,fake_intersection_3_1_S_1_4286,True,road_2_1_0_1,618.24
380,fake_intersection_3_1_S_1_4287,True,road_2_1_0_1,619.24
380,143,False,road_2_1_0_1,753.9472212180477
380,fake_intersection_3_1_S_2_4288,True,road_2_1_0_2,618.24
380,fake_intersection_3_1_S_2_4289,True,road_2_1_0_2,619.24
380,fake_intersection_1_1_N_2_4214,True,road_2_1_2_2,618.24
380,fake_intersection_1_1_N_2_4215,True,road_2_1_2_2,619.24
380,123,False,road_2_2_0_0,153.0457334055286
380,44,False,road_2_2_0_0,244.67667746031952
380,fake_intersection_3_2_S_1_4292,True,road_2_2_0_1,618.24
380,fake_intersection_3_2_S_1_4293,True,road_2_2_0_1,619.24
380,91,False,road_2_2_1_0,76.30447345716435
380,120,False,road_2_2_1_0,200.16440137141842
380,121,False,road_2_2_1_0,264.7361034304879
380,fake_intersection_2_3_W_1_4276,True,road_2_2_1_1,458.24
380,fake_intersection_2_3_W_1_4277,True,road_2_2_1_1,459.24
380,33,False,road_2_2_1_1,571.7989512852479
380,fake_intersection_1_2_N_1_4236,True,road_2_2_2_1,618.24
380,fake_intersection_1_2_N_1_4237,True,road_2_2_2_1,619.24
380,63,False,road_2_2_2_1,753.4137546457935
380,151,False,road_2_2_3_1,442.52893435490813
380,fake_intersection_3_3_S_2_4298,True,road_2_3_0_2,618.24
380,fake_intersection_3_3_S_2_4299,True,road_2_3_0_2,619.24
380,16,False,road_2_3_2_0,313.3744629658746
380,67,False,road_2_3_2_0,444.51903376713057
380,fake_intersection_1_3_N_1_4238,True,road_2_3_2_1,618.24
380,fake_intersection_1_3_N_1_4239,True,road_2_3_2_1,619.24
380,fake_intersection_1_3_N_2_4240,True,road_2_3_2_2,618.24
380,fake_intersection_1_3_N_2_4241,True,road_2_3_2_2,619.24
380,35,False,road_2_3_2_2,771.7989851420144
380,186,False,road_2_4_0_0,275.3791427175381
380,fake_intersection_3_4_S_1_4318,True,road_2_4_0_1,618.24
380,fake_intersection_3_4_S_1_4319,True,road_2_4_0_1,619.24
380,64,False,road_2_4_0_1,771.7989491181652
380,fake_intersection_3_4_S_2_4320,True,road_2_4_0_2,618.24
380,fake_intersection_3_4_S_2_4321,True,road_2_4_0_2,619.24
380,83,False,road_2_4_0_2,771.7989933468588
380,65,False,road_2_4_1_0,369.12123640089874
380,87,False,road_2_4_1_0,567.642374010401
380,99,False,road_2_4_1_1,565.759049445894
380,52,False,road_2_4_2_0,609.9426412556583
380,2,False,road_2_4_2_0,638.9828756371588
380,fake_intersection_1_4_N_1_4248,True,road_2_4_2_1,618.24
380,fake_intersection_1_4_N_1_4249,True,road_2_4_2_1,619.24
380,fake_intersection_1_4_N_2_4250,True,road_2_4_2_2,618.24
380,fake_intersection_1_4_N_2_4251,True,road_2_4_2_2,619.24
380,fake_intersection_2_3_E_1_4272,True,road_2_4_3_1,458.24
380,fake_intersection_2_3_E_1_4273,True,road_2_4_3_1,459.24
380,39,False,road_2_4_3_1,564.2978546503266
380,61,False,road_2_4_3_1,571.7989518358123
380,fake_intersection_2_3_E_2_4274,True,road_2_4_3_2,458.24
380,fake_intersection_2_3_E_2_4275,True,road_2_4_3_2,459.24
380,72,False,road_2_4_3_2,564.2979320177367
380,13,False,road_2_4_3_2,571.7989525068753
380,100,False,road_3_1_0_0,492.6831173298353
380,fake_intersection_4_1_S_1_4330,True,road_3_1_0_1,618.24
380,fake_intersection_4_1_S_1_4331,True,road_3_1_0_1,619.24
380,82,False,road_3_1_1_0,570.1303662977818
380,59,False,road_3_1_1_1,571.7989866918637
380,fake_intersection_2_1_N_2_4254,True,road_3_1_2_2,618.24
380,fake_intersection_2_1_N_2_4255,True,road_3_1_2_2,619.24
380,fake_intersection_4_2_S_1_4342,True,road_3_2_0_1,618.24
380,fake_intersection_4_2_S_1_4343,True,road_3_2_0_1,619.24
380,180,False,road_3_2_1_0,211.5879945129034
380,fake_intersection_3_3_W_1_4304,True,road_3_2_1_1,458.24
380,fake_intersection_3_3_W_1_4305,True,road_3_2_1_1,459.24
380,152,False,road_3_2_2_0,575.3622973689412
380,fake_intersection_2_2_N_1_4256,True,road_3_2_2_1,618.24
380,fake_intersection_2_2_N_1_4257,True,road_3_2_2_1,619.24
380,fake_intersection_2_2_N_2_4258,True,road_3_2_2_2,618.24
380,fake_intersection_2_2_N_2_4259,True,road_3_2_2_2,619.24
380,fake_intersection_4_3_S_1_4344,True,road_3_3_0_1,618.24
380,fake_intersection_4_3_S_1_4345,True,road_3_3_0_1,619.24
380,fake_intersection_4_3_S_2_4346,True,road_3_3_0_2,618.24
380,fake_intersection_4_3_S_2_4347,True,road_3_3_0_2,619.24
380,138,False,road_3_3_1_1,339.8569907131118
380,fake_intersection_3_4_W_1_4314,True,road_3_3_1_1,458.24
380,fake_intersection_3_4_W_1_4315,True,road_3_3_1_1,459.24
380,fake_intersection_3_4_W_2_4316,True,road_3_3_1_2,458.24
380,fake_intersection_3_4_W_2_4317,True,road_3_3_1_2,459.24
380,158,False,road_3_3_2_0,133.39374462654663
380,7,False,road_3_3_2_0,481.4183462455495
380,128,False,road_3_3_2_1,492.74474199029794
380,fake_intersection_2_3_N_1_4264,True,road_3_3_2_1,618.24
380,fake_intersection_2_3_N_1_4265,True,road_3_3_2_1,619.24
380,fake_intersection_2_3_N_2_4266,True,road_3_3_2_2,618.24
380,fake_intersection_2_3_N_2_4267,True,road_3_3_2_2,619.24
380,86,False,road_3_4_0_0,684.3390420238478
380,47,False,road_3_4_0_1,741.7948269375124
380,9,False,road_3_4_0_1,749.2958272573236
380,53,False,road_3_4_0_1,756.7968465444304
380,51,False,road_3_4_0_1,764.297883076179
380,37,False,road_3_4_0_1,771.7989017319449
380,fake_intersection_4_4_S_2_4362,True,road_3_4_0_2,618.24
380,fake_intersection_4_4_S_2_4363,True,road_3_4_0_2,619.24
380,135,False,road_3_4_1_0,576.7571386007788
380,fake_intersection_2_4_N_1_4278,True,road_3_4_2_1,618.24
380,fake_intersection_2_4_N_1_4279,True,road_3_4_2_1,619.24
380,30,False,road_3_4_2_2,771.7989155793821
380,49,False,road_3_4_3_0,438.16830816522526
380,fake_intersection_3_3_E_1_4300,True,road_3_4_3_1,458.24
380,fake_intersection_3_3_E_1_4301,True,road_3_4_3_1,459.24
380,17,False,road_3_4_3_1,571.7989103776712
380,fake_intersection_3_3_E_2_4302,True,road_3_4_3_2,458.24
380,fake_intersection_3_3_E_2_4303,True,road_3_4_3_2,459.24
380,fake_intersection_3_4_E_1_4306,True,road_3_5_3_1,469.12
380,fake_intersection_3_4_E_1_4307,True,road_3_5_3_1,470.12
380,fake_intersection_3_4_E_2_4308,True,road_3_5_3_2,469.12
380,fake_intersection_3_4_E_2_4309,True,road_3_5_3_2,470.12
380,308,False,road_4_0_1_0,90.292287500354
380,287,False,road_4_0_1_0,308.5079260696845
380,266,False,road_4_0_1_0,577.6966931832285
380,242,False,road_4_0_1_1,479.27934988312126
380,238,False,road_4_0_1_1,487.6262070428346
380,228,False,road_4_0_1_1,495.24120810244494
380,218,False,road_4_0_1_1,502.8428721747946
380,197,False,road_4_0_1_1,510.3793435112348
380,189,False,road_4_0_1_1,517.8888027024408
380,177,False,road_4_0_1_1,525.3904665452073
380,167,False,road_4_0_1_1,532.8917442186294
380,157,False,road_4_0_1_1,540.3927921719892
380,126,False,road_4_0_1_1,547.8938143191779
380,105,False,road_4_0_1_1,555.3948370422622
380,74,False,road_4_0_1_1,562.8958804751306
380,54,False,road_4_0_1_1,570.3968991281677
380,34,False,road_4_0_1_1,577.8979626755071
380,24,False,road_4_0_1_1,585.3989709774777
380,137,False,road_4_0_1_2,560.6300400151908
380,116,False,road_4_0_1_2,569.8196452774748
380,97,False,road_4_0_1_2,577.7682189975249
380,45,False,road_4_0_1_2,585.3987847151833
380,40,False,road_4_1_0_0,545.3062975574402
380,209,False,road_4_1_0_0,617.7870544071253
380,0,False,road_4_1_1_0,270.7469894435644
380,fake_intersection_4_2_W_1_4338,True,road_4_1_1_1,458.24
380,fake_intersection_4_2_W_1_4339,True,road_4_1_1_1,459.24
380,fake_intersection_4_2_W_2_4340,True,road_4_1_1_2,458.24
380,fake_intersection_4_2_W_2_4341,True,road_4_1_1_2,459.24
380,14,False,road_4_1_2_0,67.4827886252869
380,fake_intersection_3_1_N_1_4282,True,road_4_1_2_1,618.24
380,fake_intersection_3_1_N_1_4283,True,road_4_1_2_1,619.24
380,fake_intersection_3_1_N_2_4284,True,road_4_1_2_2,618.24
380,fake_intersection_3_1_N_2_4285,True,road_4_1_2_2,619.24
380,18,False,road_4_1_3_0,300.77413713496355
380,62,False,road_4_2_0_0,37.939158198940106
380,208,False,road_4_2_1_1,400.7524920645241
380,fake_intersection_4_3_W_1_4352,True,road_4_2_1_1,458.24
380,fake_intersection_4_3_W_1_4353,True,road_4_2_1_1,459.24
380,fake_intersection_4_3_W_2_4354,True,road_4_2_1_2,458.24
380,fake_intersection_4_3_W_2_4355,True,road_4_2_1_2,459.24
380,236,False,road_4_2_2_0,93.9193444212753
380,fake_intersection_3_2_N_1_4290,True,road_4_2_2_1,618.24
380,fake_intersection_3_2_N_1_4291,True,road_4_2_2_1,619.24
380,fake_intersection_4_1_E_1_4322,True,road_4_2_3_1,458.24
380,fake_intersection_4_1_E_1_4323,True,road_4_2_3_1,459.24
380,fake_intersection_4_1_E_2_4324,True,road_4_2_3_2,458.24
380,fake_intersection_4_1_E_2_4325,True,road_4_2_3_2,459.24
380,220,False,road_4_3_1_0,291.1926489642784
380,fake_intersection_4_4_W_1_4358,True,road_4_3_1_1,458.24
380,fake_intersection_4_4_W_1_4359,True,road_4_3_1_1,459.24
380,fake_intersection_4_4_W_2_4360,True,road_4_3_1_2,458.24
380,fake_intersection_4_4_W_2_4361,True,road_4_3_1_2,459.24
380,190,False,road_4_3_1_2,555.6389098592273
380,229,False,road_4_3_2_0,150.92426997208506
380,212,False,road_4_3_2_0,428.1304425119032
380,241,False,road_4_3_2_1,36.69361849415879
380,fake_intersection_3_3_N_1_4294,True,road_4_3_2_1,618.24
380,fake_intersection_3_3_N_1_4295,True,road_4_3_2_1,619.24
380,198,False,road_4_3_2_1,644.0192834042479
380,fake_intersection_3_3_N_2_4296,True,road_4_3_2_2,618.24
380,fake_intersection_3_3_N_2_4297,True,road_4_3_2_2,619.24
380,fake_intersection_4_2_E_1_4332,True,road_4_3_3_1,458.24
380,fake_intersection_4_2_E_1_4333,True,road_4_3_3_1,459.24
380,117,False,road_4_3_3_1,564.2978363232143
380,107,False,road_4_3_3_1,571.7989339901593
380,fake_intersection_4_2_E_2_4334,True,road_4_3_3_2,458.24
380,fake_intersection_4_2_E_2_4335,True,road_4_3_3_2,459.24
380,169,False,road_4_4_0_0,267.9829920640211
380,225,False,road_4_4_1_0,140.43852448818265
380,214,False,road_4_4_1_0,162.3154415922282
380,201,False,road_4_4_1_0,344.51667873950606
380,25,False,road_4_4_1_0,430.97580507129715
380,15,False,road_4_4_1_0,479.57598635759723
380,219,False,road_4_4_1_1,152.7440933981714
380,147,False,road_4_4_1_1,472.64176766089673
380,178,False,road_4_4_2_0,379.47456191140895
380,fake_intersection_3_4_N_1_4310,True,road_4_4_2_1,618.24
380,fake_intersection_3_4_N_1_4311,True,road_4_4_2_1,619.24
380,163,False,road_4_4_2_1,734.2937900616366
380,131,False,road_4_4_2_1,741.7948879583921
380,119,False,road_4_4_2_1,749.2958964981461
380,92,False,road_4_4_2_1,756.7969342743186
380,109,False,road_4_4_2_1,764.2979723922394
380,103,False,road_4_4_2_1,771.7989727513682
380,fake_intersection_3_4_N_2_4312,True,road_4_4_2_2,618.24
380,fake_intersection_3_4_N_2_4313,True,road_4_4_2_2,619.24
380,81,False,road_4_4_2_2,771.7989874836612
380,fake_intersection_4_3_E_1_4350,True,road_4_4_3_1,458.24
380,fake_intersection_4_3_E_1_4351,True,road_4_4_3_1,459.24
380,fake_intersection_4_1_N_1_4326,True,road_5_1_2_1,629.12
380,fake_intersection_4_1_N_1_4327,True,road_5_1_2_1,630.12
380,fake_intersection_4_1_N_2_4328,True,road_5_1_2_2,629.12
380,fake_intersection_4_1_N_2_4329,True,road_5_1_2_2,630.12
380,310,False,road_5_2_2_0,87.67541799768183
380,298,False,road_5_2_2_0,247.04776465206845
380,285,False,road_5_2_2_0,406.10926954070385
380,271,False,road_5_2_2_0,460.22184242142146
380,fake_intersection_4_2_N_1_4336,True,road_5_2_2_1,629.12
380,fake_intersection_4_2_N_1_4337,True,road_5_2_2_1,630.12
380,258,False,road_5_2_2_2,697.1760916291574
380,307,False,road_5_3_2_0,116.24101704780718
380,293,False,road_5_3_2_0,340.221813548525
380,262,False,road_5_3_2_0,686.6293923600467
380,277,False,road_5_3_2_1,580.33090814259
380,fake_intersection_4_3_N_1_4348,True,road_5_3_2_1,629.12
380,fake_intersection_4_3_N_1_4349,True,road_5_3_2_1,630.12
380,250,False,road_5_3_2_1,763.049402706995
380,304,False,road_5_4_2_0,131.96786553439
380,300,False,road_5_4_2_0,218.33565259325027
380,295,False,road_5_4_2_0,255.81507989761297
380,289,False,road_5_4_2_0,370.7286602414798
380,283,False,road_5_4_2_0,391.83146868727255
380,273,False,road_5_4_2_0,505.51907366430066
380,264,False,road_5_4_2_0,698.5704375672858
380,313,False,road_5_4_2_1,74.05040874086063
380,280,False,road_5_4_2_1,445.2167690020429
380,268,False,road_5_4_2_1,550.7957687260242
380,256,False,road_5_4_2_1,681.9873045523256
380,253,False,road_5_4_2_1,732.325775051945
380,244,False,road_5_4_2_1,740.3894107353543
380,234,False,road_5_4_2_1,747.8930605297775
380,230,False,road_5_4_2_1,755.394587830096
380,206,False,road_5_4_2_1,762.8956213105093
380,187,False,road_5_4_2_1,770.3967137256591
380,174,False,road_5_4_2_1,777.8978116531808
380,171,False,road_5_4_2_1,785.3989081225037
380,316,False,road_5_4_2_2,6.988812348432838
380,fake_intersection_4_4_N_2_4356,True,road_5_4_2_2,629.12
380,fake_intersection_4_4_N_2_4357,True,road_5_4_2_2,630.12
380,181,False,road_5_4_2_2,777.8978722616686
380,146,False,road_5_4_2_2,785.3989106336303
390,50,False,:intersection_2_2_30_1,19.507495507323327
390,262,False,:intersection_4_3_9_1,5.6484932186810966
390,86,False,:intersection_4_4_27_0,8.62039869165231
390,315,False,road_0_1_0_0,137.1676922826167
390,312,False,road_0_1_0_0,204.64099737833646
390,303,False,road_0_1_0_0,257.2911001088253
390,294,False,road_0_1_0_0,391.69267192171077
390,288,False,road_0_1_0_0,449.20727706656777
390,282,False,road_0_1_0_0,469.3406069096154
390,267,False,road_0_1_0_0,606.046213890004
390,272,False,road_0_1_0_0,656.9974112506002
390,318,False,road_0_1_0_1,66.16198732971372
390,299,False,road_0_1_0_1,363.4155487762027
390,279,False,road_0_1_0_1,539.9405574440758
390,255,False,road_0_1_0_1,560.0215882818214
390,fake_intersection_1_1_S_1_4368,True,road_0_1_0_1,629.12
390,fake_intersection_1_1_S_1_4369,True,road_0_1_0_1,630.12
390,fake_intersection_1_1_S_2_4370,True,road_0_1_0_2,629.12
390,fake_intersection_1_1_S_2_4371,True,road_0_1_0_2,630.12
390,263,False,road_0_1_0_2,714.6225053733339
390,320,False,road_0_2_0_0,66.17835099594743
390,309,False,road_0_2_0_0,215.7731138783138
390,297,False,road_0_2_0_0,346.8155348566579
390,284,False,road_0_2_0_0,370.7389692217725
390,270,False,road_0_2_0_1,620.2333702990832
390,fake_intersection_1_2_S_1_4382,True,road_0_2_0_1,629.12
390,fake_intersection_1_2_S_1_4383,True,road_0_2_0_1,630.12
390,245,False,road_0_2_0_1,777.8978611463334
390,235,False,road_0_2_0_1,785.3989547030759
390,fake_intersection_1_2_S_2_4384,True,road_0_2_0_2,629.12
390,fake_intersection_1_2_S_2_4385,True,road_0_2_0_2,630.12
390,257,False,road_0_2_0_2,777.8979383275852
390,90,False,road_0_2_0_2,785.3989562573796
390,fake_intersection_1_3_S_1_4392,True,road_0_3_0_1,629.12
390,fake_intersection_1_3_S_1_4393,True,road_0_3_0_1,630.12
390,317,False,road_0_4_0_0,95.18592563633558
390,314,False,road_0_4_0_0,183.86300653930954
390,302,False,road_0_4_0_0,249.92944019331944
390,290,False,road_0_4_0_0,398.0984252671206
390,286,False,road_0_4_0_0,451.59646593936105
390,274,False,road_0_4_0_0,525.2818490726212
390,324,False,road_0_4_0_1,26.449038118682257
390,311,False,road_0_4_0_1,206.3803482757221
390,301,False,road_0_4_0_1,272.82606250836267
390,296,False,road_0_4_0_1,378.5431677937513
390,281,False,road_0_4_0_1,514.4859523622023
390,278,False,road_0_4_0_1,522.8603178685258
390,269,False,road_0_4_0_1,530.362851761335
390,259,False,road_0_4_0_1,537.8647483869244
390,265,False,road_0_4_0_1,545.365849180377
390,254,False,road_0_4_0_1,552.8668948656335
390,251,False,road_0_4_0_1,560.3678979981578
390,237,False,road_0_4_0_1,567.8689552941847
390,233,False,road_0_4_0_1,575.3700042220383
390,231,False,road_0_4_0_1,582.8710883418682
390,226,False,road_0_4_0_1,590.372115558004
390,223,False,road_0_4_0_1,597.87311609928
390,211,False,road_0_4_0_1,605.3741677166983
390,199,False,road_0_4_0_1,612.8751999378156
390,205,False,road_0_4_0_1,620.3762031672828
390,202,False,road_0_4_0_1,627.8772052140789
390,194,False,road_0_4_0_1,635.3782794073513
390,191,False,road_0_4_0_1,642.8793167211014
390,188,False,road_0_4_0_1,650.3804152469011
390,182,False,road_0_4_0_1,657.8814452552595
390,176,False,road_0_4_0_1,665.3824771274606
390,168,False,road_0_4_0_1,672.8834933965627
390,160,False,road_0_4_0_1,680.3845109654097
390,144,False,road_0_4_0_1,687.8855201007306
390,153,False,road_0_4_0_1,695.3865616417746
390,150,False,road_0_4_0_1,702.8875679582106
390,136,False,road_0_4_0_1,710.3885682058954
390,134,False,road_0_4_0_1,717.8896286855951
390,124,False,road_0_4_0_1,725.3906795288144
390,122,False,road_0_4_0_1,732.8916847075485
390,110,False,road_0_4_0_1,740.3927232092798
390,104,False,road_0_4_0_1,747.8937613144855
390,108,False,road_0_4_0_1,755.3948052307136
390,101,False,road_0_4_0_1,762.8958260133331
390,96,False,road_0_4_0_1,770.3968573601849
390,88,False,road_0_4_0_1,777.8978713079902
390,85,False,road_0_4_0_1,785.3989423730433
390,213,False,road_0_4_0_2,725.3905841716683
390,195,False,road_0_4_0_2,732.8916043311406
390,164,False,road_0_4_0_2,740.3926613285573
390,130,False,road_0_4_0_2,748.8363544083127
390,115,False,road_0_4_0_2,758.0529063008514
390,118,False,road_0_4_0_2,768.2248019606122
390,93,False,road_0_4_0_2,777.0224893775301
390,69,False,road_0_4_0_2,785.2635716488197
390,305,False,road_1_0_1_0,201.75184053569043
390,260,False,road_1_0_1_0,561.1476974162364
390,322,False,road_1_0_1_1,31.558027867281965
390,291,False,road_1_0_1_1,365.5542688016626
390,275,False,road_1_0_1_1,525.3019446667485
390,203,False,road_1_0_1_1,532.887060578557
390,185,False,road_1_0_1_1,540.3917943668561
390,165,False,road_1_0_1_1,547.8937220177515
390,132,False,road_1_0_1_1,555.3949439234823
390,111,False,road_1_0_1_1,562.8959783957997
390,77,False,road_1_0_1_1,570.3969840486556
390,57,False,road_1_0_1_1,577.897986719655
390,21,False,road_1_0_1_1,585.3989910327766
390,fake_intersection_1_1_W_2_4366,True,road_1_0_1_2,469.12
390,fake_intersection_1_1_W_2_4367,True,road_1_0_1_2,470.12
390,247,False,road_1_0_1_2,585.3989791711863
390,243,False,road_1_1_0_0,117.34177561565748
390,224,False,road_1_1_0_0,340.55089351626646
390,216,False,road_1_1_0_0,403.7181842123492
390,239,False,road_1_1_0_0,431.26845371574746
390,221,False,road_1_1_0_0,759.149246126044
390,252,False,road_1_1_0_1,46.46894004494073
390,200,False,road_1_1_0_1,568.9744765765906
390,210,False,road_1_1_0_1,640.3074927124092
390,184,False,road_1_1_0_1,753.1828854817518
390,5,False,road_1_1_1_0,167.49953259357804
390,fake_intersection_1_2_W_1_4378,True,road_1_1_1_1,458.24
390,fake_intersection_1_2_W_1_4379,True,road_1_1_1_1,459.24
390,32,False,road_1_1_1_1,571.7989524919927
390,fake_intersection_1_2_W_2_4380,True,road_1_1_1_2,458.24
390,fake_intersection_1_2_W_2_4381,True,road_1_1_1_2,459.24
390,232,False,road_1_1_3_0,187.48219552478318
390,207,False,road_1_2_0_0,506.33183987573545
390,fake_intersection_2_2_S_1_4406,True,road_1_2_0_1,618.24
390,fake_intersection_2_2_S_1_4407,True,road_1_2_0_1,619.24
390,fake_intersection_2_2_S_2_4408,True,road_1_2_0_2,618.24
390,fake_intersection_2_2_S_2_4409,True,road_1_2_0_2,619.24
390,fake_intersection_1_3_W_1_4390,True,road_1_2_1_1,458.24
390,fake_intersection_1_3_W_1_4391,True,road_1_2_1_1,459.24
390,4,False,road_1_2_1_1,571.7989320868487
390,179,False,road_1_2_3_1,564.2978814390933
390,3,False,road_1_2_3_1,571.7989139280962
390,fake_intersection_1_1_E_2_4372,True,road_1_2_3_2,458.24
390,fake_intersection_1_1_E_2_4373,True,road_1_2_3_2,459.24
390,fake_intersection_2_3_S_1_4414,True,road_1_3_0_1,618.24
390,fake_intersection_2_3_S_1_4415,True,road_1_3_0_1,619.24
390,fake_intersection_2_3_S_2_4416,True,road_1_3_0_2,618.24
390,fake_intersection_2_3_S_2_4417,True,road_1_3_0_2,619.24
390,fake_intersection_1_4_W_1_4402,True,road_1_3_1_1,458.24
390,fake_intersection_1_4_W_1_4403,True,road_1_3_1_1,459.24
390,71,False,road_1_3_2_0,95.09136283081517
390,204,False,road_1_3_2_0,318.09602040291475
390,fake_intersection_1_2_E_1_4374,True,road_1_3_3_1,458.24
390,fake_intersection_1_2_E_1_4375,True,road_1_3_3_1,459.24
390,fake_intersection_1_2_E_2_4376,True,road_1_3_3_2,458.24
390,fake_intersection_1_2_E_2_4377,True,road_1_3_3_2,459.24
390,fake_intersection_2_4_S_1_4428,True,road_1_4_0_1,618.24
390,fake_intersection_2_4_S_1_4429,True,road_1_4_0_1,619.24
390,11,False,road_1_4_1_0,59.406977247027825
390,261,False,road_1_4_2_0,251.25299550632096
390,240,False,road_1_4_2_0,288.16144578247736
390,248,False,road_1_4_2_0,439.8937407772294
390,249,False,road_1_4_3_1,234.5162891350812
390,222,False,road_1_4_3_1,363.9813554367338
390,227,False,road_1_4_3_1,422.7858238698975
390,217,False,road_1_4_3_1,444.28106534430174
390,215,False,road_1_4_3_1,451.7823378141692
390,172,False,road_1_4_3_1,459.2834358577733
390,173,False,road_1_4_3_1,466.7845128058187
390,162,False,road_1_4_3_1,474.2855260517467
390,166,False,road_1_4_3_1,481.7865949162221
390,142,False,road_1_4_3_1,489.28761903868144
390,127,False,road_1_4_3_1,496.78862006102685
390,140,False,road_1_4_3_1,504.2896372495155
390,133,False,road_1_4_3_1,511.79065605503166
390,102,False,road_1_4_3_1,519.2917106439144
390,41,False,road_1_4_3_1,526.7927259146885
390,6,False,road_1_4_3_1,534.29374921195
390,80,False,road_1_4_3_1,541.7947712089742
390,79,False,road_1_4_3_1,549.2958273446126
390,56,False,road_1_4_3_1,556.7968742998352
390,23,False,road_1_4_3_1,564.297910843412
390,27,False,road_1_4_3_1,571.7989478475426
390,183,False,road_1_4_3_2,556.7968327153807
390,22,False,road_1_4_3_2,564.2979288645467
390,19,False,road_1_4_3_2,571.7989847505228
390,323,False,road_1_5_3_1,40.804018277627016
390,306,False,road_1_5_3_1,235.50662931523735
390,292,False,road_1_5_3_1,444.8003063213951
390,fake_intersection_1_4_E_1_4394,True,road_1_5_3_1,469.12
390,fake_intersection_1_4_E_1_4395,True,road_1_5_3_1,470.12
390,276,False,road_1_5_3_1,500.30865713357014
390,fake_intersection_1_4_E_2_4396,True,road_1_5_3_2,469.12
390,fake_intersection_1_4_E_2_4397,True,road_1_5_3_2,470.12
390,175,False,road_2_1_0_1,3.699932871213935
390,161,False,road_2_1_0_1,522.8092618243421
390,fake_intersection_3_1_S_1_4434,True,road_2_1_0_1,618.24
390,fake_intersection_3_1_S_1_4435,True,road_2_1_0_1,619.24
390,148,False,road_2_1_0_1,665.6143383176841
390,fake_intersection_3_1_S_2_4436,True,road_2_1_0_2,618.24
390,fake_intersection_3_1_S_2_4437,True,road_2_1_0_2,619.24
390,fake_intersection_1_1_N_2_4364,True,road_2_1_2_2,618.24
390,fake_intersection_1_1_N_2_4365,True,road_2_1_2_2,619.24
390,123,False,road_2_2_0_0,259.4641110607151
390,44,False,road_2_2_0_0,351.6118281091861
390,fake_intersection_3_2_S_1_4440,True,road_2_2_0_1,618.24
390,fake_intersection_3_2_S_1_4441,True,road_2_2_0_1,619.24
390,91,False,road_2_2_1_0,167.77765648680713
390,120,False,road_2_2_1_0,297.2054333178797
390,121,False,road_2_2_1_0,382.64245058203875
390,fake_intersection_2_3_W_1_4422,True,road_2_2_1_1,458.24
390,fake_intersection_2_3_W_1_4423,True,road_2_2_1_1,459.24
390,33,False,road_2_2_1_1,571.7989512852479
390,fake_intersection_2_3_W_2_4424,True,road_2_2_1_2,458.24
390,fake_intersection_2_3_W_2_4425,True,road_2_2_1_2,459.24
390,63,False,road_2_2_2_1,771.7989637820486
390,151,False,road_2_2_3_1,549.0027603186794
390,fake_intersection_3_3_S_2_4446,True,road_2_3_0_2,618.24
390,fake_intersection_3_3_S_2_4447,True,road_2_3_0_2,619.24
390,16,False,road_2_3_2_0,403.3919802244486
390,67,False,road_2_3_2_0,542.1956273344429
390,fake_intersection_1_3_N_1_4386,True,road_2_3_2_1,618.24
390,fake_intersection_1_3_N_1_4387,True,road_2_3_2_1,619.24
390,fake_intersection_1_3_N_2_4388,True,road_2_3_2_2,618.24
390,fake_intersection_1_3_N_2_4389,True,road_2_3_2_2,619.24
390,35,False,road_2_3_2_2,771.7989851420144
390,186,False,road_2_4_0_0,388.48756057887914
390,fake_intersection_3_4_S_1_4460,True,road_2_4_0_1,618.24
390,fake_intersection_3_4_S_1_4461,True,road_2_4_0_1,619.24
390,64,False,road_2_4_0_1,771.7989491181652
390,fake_intersection_3_4_S_2_4462,True,road_2_4_0_2,618.24
390,fake_intersection_3_4_S_2_4463,True,road_2_4_0_2,619.24
390,83,False,road_2_4_0_2,771.7989933468588
390,65,False,road_2_4_1_0,461.36464533841223
390,52,False,road_2_4_2_0,716.3163709052958
390,2,False,road_2_4_2_0,744.720415706123
390,fake_intersection_1_4_N_1_4398,True,road_2_4_2_1,618.24
390,fake_intersection_1_4_N_1_4399,True,road_2_4_2_1,619.24
390,fake_intersection_1_4_N_2_4400,True,road_2_4_2_2,618.24
390,fake_intersection_1_4_N_2_4401,True,road_2_4_2_2,619.24
390,fake_intersection_2_3_E_1_4418,True,road_2_4_3_1,458.24
390,fake_intersection_2_3_E_1_4419,True,road_2_4_3_1,459.24
390,39,False,road_2_4_3_1,564.2978546503266
390,61,False,road_2_4_3_1,571.7989518358123
390,fake_intersection_2_3_E_2_4420,True,road_2_4_3_2,458.24
390,fake_intersection_2_3_E_2_4421,True,road_2_4_3_2,459.24
390,72,False,road_2_4_3_2,564.2979320177367
390,13,False,road_2_4_3_2,571.7989525068753
390,100,False,road_3_1_0_0,603.8666811035799
390,fake_intersection_4_1_S_1_4472,True,road_3_1_0_1,618.24
390,fake_intersection_4_1_S_1_4473,True,road_3_1_0_1,619.24
390,143,False,road_3_1_0_2,74.62696326121574
390,59,False,road_3_1_1_1,571.7989866918637
390,fake_intersection_2_1_N_2_4404,True,road_3_1_2_2,618.24
390,fake_intersection_2_1_N_2_4405,True,road_3_1_2_2,619.24
390,82,False,road_3_2_0_0,77.96716240194114
390,fake_intersection_4_2_S_1_4484,True,road_3_2_0_1,618.24
390,fake_intersection_4_2_S_1_4485,True,road_3_2_0_1,619.24
390,180,False,road_3_2_1_0,327.8612688077824
390,fake_intersection_3_3_W_1_4452,True,road_3_2_1_1,458.24
390,fake_intersection_3_3_W_1_4453,True,road_3_2_1_1,459.24
390,152,False,road_3_2_2_0,686.4875906766023
390,fake_intersection_4_3_S_1_4486,True,road_3_3_0_1,618.24
390,fake_intersection_4_3_S_1_4487,True,road_3_3_0_1,619.24
390,fake_intersection_4_3_S_2_4488,True,road_3_3_0_2,618.24
390,fake_intersection_4_3_S_2_4489,True,road_3_3_0_2,619.24
390,138,False,road_3_3_1_1,445.1962895952339
390,fake_intersection_3_4_W_1_4458,True,road_3_3_1_1,458.24
390,fake_intersection_3_4_W_1_4459,True,road_3_3_1_1,459.24
390,158,False,road_3_3_2_0,227.57396475586896
390,7,False,road_3_3_2_0,573.5191183888076
390,128,False,road_3_3_2_1,609.4156087517558
390,fake_intersection_2_3_N_1_4410,True,road_3_3_2_1,618.24
390,fake_intersection_2_3_N_1_4411,True,road_3_3_2_1,619.24
390,fake_intersection_2_3_N_2_4412,True,road_3_3_2_2,618.24
390,fake_intersection_2_3_N_2_4413,True,road_3_3_2_2,619.24
390,47,False,road_3_4_0_1,741.7948269375124
390,9,False,road_3_4_0_1,749.2958272573236
390,53,False,road_3_4_0_1,756.7968465444304
390,51,False,road_3_4_0_1,764.297883076179
390,37,False,road_3_4_0_1,771.7989017319449
390,fake_intersection_4_4_S_2_4504,True,road_3_4_0_2,618.24
390,fake_intersection_4_4_S_2_4505,True,road_3_4_0_2,619.24
390,fake_intersection_2_4_N_1_4426,True,road_3_4_2_1,618.24
390,fake_intersection_2_4_N_1_4427,True,road_3_4_2_1,619.24
390,30,False,road_3_4_2_2,771.7989155793821
390,49,False,road_3_4_3_0,525.0792879162325
390,fake_intersection_3_3_E_1_4448,True,road_3_4_3_1,458.24
390,fake_intersection_3_3_E_1_4449,True,road_3_4_3_1,459.24
390,17,False,road_3_4_3_1,571.7989103776712
390,fake_intersection_3_3_E_2_4450,True,road_3_4_3_2,458.24
390,fake_intersection_3_3_E_2_4451,True,road_3_4_3_2,459.24
390,fake_intersection_3_4_E_1_4454,True,road_3_5_3_1,469.12
390,fake_intersection_3_4_E_1_4455,True,road_3_5_3_1,470.12
390,308,False,road_4_0_1_0,194.441983210448
390,287,False,road_4_0_1_0,401.4786831185975
390,242,False,road_4_0_1_1,480.3842924538636
390,238,False,road_4_0_1_1,487.88531987232113
390,228,False,road_4_0_1_1,495.386387085782
390,218,False,road_4_0_1_1,502.8875153462332
390,197,False,road_4_0_1_1,510.3885251191598
390,189,False,road_4_0_1_1,517.8895946262508
390,177,False,road_4_0_1_1,525.3906964045054
390,167,False,road_4_0_1_1,532.8917442186294
390,157,False,road_4_0_1_1,540.3927921719892
390,126,False,road_4_0_1_1,547.8938143191779
390,105,False,road_4_0_1_1,555.3948370422622
390,74,False,road_4_0_1_1,562.8958804751306
390,54,False,road_4_0_1_1,570.3968991281677
390,34,False,road_4_0_1_1,577.8979626755071
390,24,False,road_4_0_1_1,585.3989709774777
390,137,False,road_4_0_1_2,562.8957913878188
390,116,False,road_4_0_1_2,570.3969448594623
390,97,False,road_4_0_1_2,577.8979548004972
390,45,False,road_4_0_1_2,585.3989571672523
390,266,False,road_4_1_0_0,70.39998458819177
390,40,False,road_4_1_0_0,652.1426483533002
390,209,False,road_4_1_0_0,720.1751351673015
390,0,False,road_4_1_1_0,381.8856048835679
390,fake_intersection_4_2_W_1_4480,True,road_4_1_1_1,458.24
390,fake_intersection_4_2_W_1_4481,True,road_4_1_1_1,459.24
390,fake_intersection_4_2_W_2_4482,True,road_4_1_1_2,458.24
390,fake_intersection_4_2_W_2_4483,True,road_4_1_1_2,459.24
390,14,False,road_4_1_2_0,172.95811625696598
390,fake_intersection_3_1_N_1_4430,True,road_4_1_2_1,618.24
390,fake_intersection_3_1_N_1_4431,True,road_4_1_2_1,619.24
390,fake_intersection_3_1_N_2_4432,True,road_4_1_2_2,618.24
390,fake_intersection_3_1_N_2_4433,True,road_4_1_2_2,619.24
390,18,False,road_4_1_3_0,399.828166275757
390,62,False,road_4_2_0_0,144.65603455758432
390,fake_intersection_4_3_W_1_4494,True,road_4_2_1_1,458.24
390,fake_intersection_4_3_W_1_4495,True,road_4_2_1_1,459.24
390,208,False,road_4_2_1_1,502.1207737320982
390,fake_intersection_4_3_W_2_4496,True,road_4_2_1_2,458.24
390,fake_intersection_4_3_W_2_4497,True,road_4_2_1_2,459.24
390,246,False,road_4_2_2_0,91.31597381775593
390,236,False,road_4_2_2_0,203.3591396086669
390,fake_intersection_3_2_N_1_4438,True,road_4_2_2_1,618.24
390,fake_intersection_3_2_N_1_4439,True,road_4_2_2_1,619.24
390,fake_intersection_4_1_E_1_4464,True,road_4_2_3_1,458.24
390,fake_intersection_4_1_E_1_4465,True,road_4_2_3_1,459.24
390,fake_intersection_4_1_E_2_4466,True,road_4_2_3_2,458.24
390,fake_intersection_4_1_E_2_4467,True,road_4_2_3_2,459.24
390,220,False,road_4_3_1_0,395.8291452456459
390,fake_intersection_4_4_W_1_4500,True,road_4_3_1_1,458.24
390,fake_intersection_4_4_W_1_4501,True,road_4_3_1_1,459.24
390,fake_intersection_4_4_W_2_4502,True,road_4_3_1_2,458.24
390,fake_intersection_4_4_W_2_4503,True,road_4_3_1_2,459.24
390,241,False,road_4_3_2_0,143.5358462294021
390,229,False,road_4_3_2_0,253.24834611048806
390,212,False,road_4_3_2_0,531.4317277016054
390,250,False,road_4_3_2_1,47.26179779682703
390,fake_intersection_3_3_N_1_4442,True,road_4_3_2_1,618.24
390,fake_intersection_3_3_N_1_4443,True,road_4_3_2_1,619.24
390,198,False,road_4_3_2_1,755.8321909045774
390,fake_intersection_3_3_N_2_4444,True,road_4_3_2_2,618.24
390,fake_intersection_3_3_N_2_4445,True,road_4_3_2_2,619.24
390,fake_intersection_4_2_E_1_4474,True,road_4_3_3_1,458.24
390,fake_intersection_4_2_E_1_4475,True,road_4_3_3_1,459.24
390,117,False,road_4_3_3_1,564.2978363232143
390,107,False,road_4_3_3_1,571.7989339901593
390,fake_intersection_4_2_E_2_4476,True,road_4_3_3_2,458.24
390,fake_intersection_4_2_E_2_4477,True,road_4_3_3_2,459.24
390,169,False,road_4_4_0_0,366.7258422393304
390,264,False,road_4_4_1_0,3.396340151693879
390,225,False,road_4_4_1_0,232.34078542669812
390,214,False,road_4_4_1_0,249.89221587520365
390,201,False,road_4_4_1_0,435.761840990083
390,25,False,road_4_4_1_0,521.4450683334812
390,15,False,road_4_4_1_0,578.2912235320678
390,219,False,road_4_4_1_1,246.9814627274143
390,147,False,road_4_4_1_1,578.2189135765121
390,190,False,road_4_4_2_0,46.85829684971638
390,178,False,road_4_4_2_0,493.31122037790885
390,fake_intersection_3_4_N_1_4456,True,road_4_4_2_1,618.24
390,fake_intersection_3_4_N_1_4457,True,road_4_4_2_1,619.24
390,163,False,road_4_4_2_1,734.2937900616366
390,131,False,road_4_4_2_1,741.7948879583921
390,119,False,road_4_4_2_1,749.2958964981461
390,92,False,road_4_4_2_1,756.7969342743186
390,109,False,road_4_4_2_1,764.2979723922394
390,103,False,road_4_4_2_1,771.7989727513682
390,81,False,road_4_4_2_2,771.7989874836612
390,fake_intersection_4_3_E_1_4492,True,road_4_4_3_1,458.24
390,fake_intersection_4_3_E_1_4493,True,road_4_4_3_1,459.24
390,fake_intersection_4_1_N_1_4468,True,road_5_1_2_1,629.12
390,fake_intersection_4_1_N_1_4469,True,road_5_1_2_1,630.12
390,fake_intersection_4_1_N_2_4470,True,road_5_1_2_2,629.12
390,fake_intersection_4_1_N_2_4471,True,road_5_1_2_2,630.12
390,321,False,road_5_2_2_0,49.47731905953228
390,310,False,road_5_2_2_0,181.0717285591926
390,298,False,road_5_2_2_0,348.51336703810557
390,285,False,road_5_2_2_0,518.3288687677431
390,271,False,road_5_2_2_0,550.3665428869915
390,fake_intersection_4_2_N_1_4478,True,road_5_2_2_1,629.12
390,fake_intersection_4_2_N_1_4479,True,road_5_2_2_1,630.12
390,258,False,road_5_2_2_2,785.111103734301
390,307,False,road_5_3_2_0,219.5325060341638
390,293,False,road_5_3_2_0,458.8685356100783
390,fake_intersection_4_3_N_1_4490,True,road_5_3_2_1,629.12
390,fake_intersection_4_3_N_1_4491,True,road_5_3_2_1,630.12
390,277,False,road_5_3_2_1,709.0845444267013
390,325,False,road_5_3_2_2,48.014874786821515
390,304,False,road_5_4_2_0,231.63391556086444
390,300,False,road_5_4_2_0,332.03297559459145
390,295,False,road_5_4_2_0,356.972538314109
390,289,False,road_5_4_2_0,496.8228986447115
390,273,False,road_5_4_2_0,608.7548259877524
390,319,False,road_5_4_2_1,49.586115258162735
390,316,False,road_5_4_2_1,106.51023964804173
390,313,False,road_5_4_2_1,186.24106083066113
390,283,False,road_5_4_2_1,498.6735450580795
390,280,False,road_5_4_2_1,549.8102288704645
390,268,False,road_5_4_2_1,650.6013752778033
390,256,False,road_5_4_2_1,725.3902882796488
390,253,False,road_5_4_2_1,732.891462598536
390,244,False,road_5_4_2_1,740.3924982110943
390,234,False,road_5_4_2_1,747.8935625359286
390,230,False,road_5_4_2_1,755.394587830096
390,206,False,road_5_4_2_1,762.8956213105093
390,187,False,road_5_4_2_1,770.3967137256591
390,174,False,road_5_4_2_1,777.8978116531808
390,171,False,road_5_4_2_1,785.3989081225037
390,fake_intersection_4_4_N_2_4498,True,road_5_4_2_2,629.12
390,fake_intersection_4_4_N_2_4499,True,road_5_4_2_2,630.12
390,181,False,road_5_4_2_2,777.8978722616686
390,146,False,road_5_4_2_2,785.3989106336303
400,276,False,:intersection_1_4_3_0,4.36967487431491
400,326,False,road_0_1_0_0,92.65926556563365
400,318,False,road_0_1_0_0,191.95178574208649
400,315,False,road_0_1_0_0,261.894053871306
400,312,False,road_0_1_0_0,321.39005946103475
400,303,False,road_0_1_0_0,367.36927141801687
400,288,False,road_0_1_0_0,556.2205205976683
400,267,False,road_0_1_0_0,700.4911613280951
400,272,False,road_0_1_0_0,767.256449955756
400,331,False,road_0_1_0_1,36.076544324126985
400,299,False,road_0_1_0_1,482.8119322895758
400,294,False,road_0_1_0_1,502.722014303023
400,282,False,road_0_1_0_1,569.3219714838838
400,279,False,road_0_1_0_1,617.49895887598
400,fake_intersection_1_1_S_1_4510,True,road_0_1_0_1,629.12
400,fake_intersection_1_1_S_1_4511,True,road_0_1_0_1,630.12
400,fake_intersection_1_1_S_2_4512,True,road_0_1_0_2,629.12
400,fake_intersection_1_1_S_2_4513,True,road_0_1_0_2,630.12
400,255,False,road_0_1_0_2,631.1016862680511
400,320,False,road_0_2_0_0,187.4167008148758
400,309,False,road_0_2_0_0,324.48345855283924
400,297,False,road_0_2_0_0,431.6184755515671
400,284,False,road_0_2_0_0,447.9742539729898
400,333,False,road_0_2_0_1,10.00125122975708
400,fake_intersection_1_2_S_1_4524,True,road_0_2_0_1,629.12
400,fake_intersection_1_2_S_1_4525,True,road_0_2_0_1,630.12
400,270,False,road_0_2_0_1,720.8201275817847
400,245,False,road_0_2_0_1,777.8978611463334
400,235,False,road_0_2_0_1,785.3989547030759
400,fake_intersection_1_2_S_2_4526,True,road_0_2_0_2,629.12
400,fake_intersection_1_2_S_2_4527,True,road_0_2_0_2,630.12
400,257,False,road_0_2_0_2,777.8979383275852
400,90,False,road_0_2_0_2,785.3989562573796
400,fake_intersection_1_3_S_1_4534,True,road_0_3_0_1,629.12
400,fake_intersection_1_3_S_1_4535,True,road_0_3_0_1,630.12
400,330,False,road_0_4_0_0,45.43144848658802
400,324,False,road_0_4_0_0,123.88006360168829
400,317,False,road_0_4_0_0,196.3618766812203
400,314,False,road_0_4_0_0,310.6857806096872
400,302,False,road_0_4_0_0,350.9386098607194
400,290,False,road_0_4_0_0,499.4911210378684
400,286,False,road_0_4_0_0,552.3038483495537
400,274,False,road_0_4_0_0,614.7624147532204
400,328,False,road_0_4_0_1,74.6664269790589
400,311,False,road_0_4_0_1,319.96887773917524
400,301,False,road_0_4_0_1,371.0226461880128
400,296,False,road_0_4_0_1,493.81420276083736
400,281,False,road_0_4_0_1,515.3616918855839
400,278,False,road_0_4_0_1,522.862725582593
400,269,False,road_0_4_0_1,530.3637469177118
400,259,False,road_0_4_0_1,537.8647483869244
400,265,False,road_0_4_0_1,545.365849180377
400,254,False,road_0_4_0_1,552.8668948656335
400,251,False,road_0_4_0_1,560.3678979981578
400,237,False,road_0_4_0_1,567.8689552941847
400,233,False,road_0_4_0_1,575.3700042220383
400,231,False,road_0_4_0_1,582.8710883418682
400,226,False,road_0_4_0_1,590.372115558004
400,223,False,road_0_4_0_1,597.87311609928
400,211,False,road_0_4_0_1,605.3741677166983
400,199,False,road_0_4_0_1,612.8751999378156
400,205,False,road_0_4_0_1,620.3762031672828
400,202,False,road_0_4_0_1,627.8772052140789
400,194,False,road_0_4_0_1,635.3782794073513
400,191,False,road_0_4_0_1,642.8793167211014
400,188,False,road_0_4_0_1,650.3804152469011
400,182,False,road_0_4_0_1,657.8814452552595
400,176,False,road_0_4_0_1,665.3824771274606
400,168,False,road_0_4_0_1,672.8834933965627
400,160,False,road_0_4_0_1,680.3845109654097
400,144,False,road_0_4_0_1,687.8855201007306
400,153,False,road_0_4_0_1,695.3865616417746
400,150,False,road_0_4_0_1,702.8875679582106
400,136,False,road_0_4_0_1,710.3885682058954
400,134,False,road_0_4_0_1,717.8896286855951
400,124,False,road_0_4_0_1,725.3906795288144
400,122,False,road_0_4_0_1,732.8916847075485
400,110,False,road_0_4_0_1,740.3927232092798
400,104,False,road_0_4_0_1,747.8937613144855
400,108,False,road_0_4_0_1,755.3948052307136
400,101,False,road_0_4_0_1,762.8958260133331
400,96,False,road_0_4_0_1,770.3968573601849
400,88,False,road_0_4_0_1,777.8978713079902
400,85,False,road_0_4_0_1,785.3989423730433
400,213,False,road_0_4_0_2,732.3376740283052
400,195,False,road_0_4_0_2,740.2620985043801
400,164,False,road_0_4_0_2,747.8864385733513
400,130,False,road_0_4_0_2,755.3928437396721
400,115,False,road_0_4_0_2,762.8950739001731
400,118,False,road_0_4_0_2,770.3968643742542
400,93,False,road_0_4_0_2,777.8978932754937
400,69,False,road_0_4_0_2,785.3989879656378
400,322,False,road_1_0_1_0,121.86141098499583
400,305,False,road_1_0_1_1,299.8471817774617
400,291,False,road_1_0_1_1,468.23412845172675
400,275,False,road_1_0_1_1,525.3906647543819
400,203,False,road_1_0_1_1,532.8917586810945
400,185,False,road_1_0_1_1,540.3928497049037
400,165,False,road_1_0_1_1,547.8938894346898
400,132,False,road_1_0_1_1,555.3949439234823
400,111,False,road_1_0_1_1,562.8959783957997
400,77,False,road_1_0_1_1,570.3969840486556
400,57,False,road_1_0_1_1,577.897986719655
400,21,False,road_1_0_1_1,585.3989910327766
400,fake_intersection_1_1_W_2_4508,True,road_1_0_1_2,469.12
400,fake_intersection_1_1_W_2_4509,True,road_1_0_1_2,470.12
400,247,False,road_1_0_1_2,585.3989791711863
400,252,False,road_1_1_0_0,150.08858236863398
400,243,False,road_1_1_0_0,219.90397487745796
400,224,False,road_1_1_0_0,447.5375044936746
400,216,False,road_1_1_0_0,505.1570519871985
400,260,False,road_1_1_0_1,31.70784173947461
400,239,False,road_1_1_0_1,548.7330999876018
400,200,False,road_1_1_0_1,667.4136502309638
400,210,False,road_1_1_0_1,756.9787304039176
400,263,False,road_1_1_1_0,0.10679137062545863
400,5,False,road_1_1_1_0,252.78085244154497
400,fake_intersection_1_2_W_1_4520,True,road_1_1_1_1,458.24
400,fake_intersection_1_2_W_1_4521,True,road_1_1_1_1,459.24
400,32,False,road_1_1_1_1,571.7989524919927
400,fake_intersection_1_2_W_2_4522,True,road_1_1_1_2,458.24
400,fake_intersection_1_2_W_2_4523,True,road_1_1_1_2,459.24
400,232,False,road_1_1_3_0,289.73077155833477
400,207,False,road_1_2_0_1,606.237709064895
400,fake_intersection_2_2_S_1_4550,True,road_1_2_0_1,618.24
400,fake_intersection_2_2_S_1_4551,True,road_1_2_0_1,619.24
400,fake_intersection_2_2_S_2_4552,True,road_1_2_0_2,618.24
400,fake_intersection_2_2_S_2_4553,True,road_1_2_0_2,619.24
400,fake_intersection_1_3_W_1_4532,True,road_1_2_1_1,458.24
400,fake_intersection_1_3_W_1_4533,True,road_1_2_1_1,459.24
400,4,False,road_1_2_1_1,571.7989320868487
400,179,False,road_1_2_3_1,564.2978814390933
400,3,False,road_1_2_3_1,571.7989139280962
400,fake_intersection_1_1_E_2_4514,True,road_1_2_3_2,458.24
400,fake_intersection_1_1_E_2_4515,True,road_1_2_3_2,459.24
400,fake_intersection_2_3_S_1_4560,True,road_1_3_0_1,618.24
400,fake_intersection_2_3_S_1_4561,True,road_1_3_0_1,619.24
400,fake_intersection_1_4_W_1_4542,True,road_1_3_1_1,458.24
400,fake_intersection_1_4_W_1_4543,True,road_1_3_1_1,459.24
400,71,False,road_1_3_2_0,194.83898501020187
400,204,False,road_1_3_2_0,430.76239871963315
400,fake_intersection_1_2_E_1_4516,True,road_1_3_3_1,458.24
400,fake_intersection_1_2_E_1_4517,True,road_1_3_3_1,459.24
400,fake_intersection_1_2_E_2_4518,True,road_1_3_3_2,458.24
400,fake_intersection_1_2_E_2_4519,True,road_1_3_3_2,459.24
400,fake_intersection_2_4_S_1_4568,True,road_1_4_0_1,618.24
400,fake_intersection_2_4_S_1_4569,True,road_1_4_0_1,619.24
400,52,False,road_1_4_1_0,19.607185693219314
400,2,False,road_1_4_1_0,47.988374139542955
400,11,False,road_1_4_1_0,166.4529425911144
400,240,False,road_1_4_2_0,388.19801772601943
400,248,False,road_1_4_2_0,561.7854094959024
400,261,False,road_1_4_2_1,370.24881626530845
400,249,False,road_1_4_3_1,351.59200306502726
400,222,False,road_1_4_3_1,429.16257336460933
400,227,False,road_1_4_3_1,436.7802259511513
400,217,False,road_1_4_3_1,444.2812943823954
400,215,False,road_1_4_3_1,451.7823378141692
400,172,False,road_1_4_3_1,459.2834358577733
400,173,False,road_1_4_3_1,466.7845128058187
400,162,False,road_1_4_3_1,474.2855260517467
400,166,False,road_1_4_3_1,481.7865949162221
400,142,False,road_1_4_3_1,489.28761903868144
400,127,False,road_1_4_3_1,496.78862006102685
400,140,False,road_1_4_3_1,504.2896372495155
400,133,False,road_1_4_3_1,511.79065605503166
400,102,False,road_1_4_3_1,519.2917106439144
400,41,False,road_1_4_3_1,526.7927259146885
400,6,False,road_1_4_3_1,534.29374921195
400,80,False,road_1_4_3_1,541.7947712089742
400,79,False,road_1_4_3_1,549.2958273446126
400,56,False,road_1_4_3_1,556.7968742998352
400,23,False,road_1_4_3_1,564.297910843412
400,27,False,road_1_4_3_1,571.7989478475426
400,183,False,road_1_4_3_2,556.7968327153807
400,22,False,road_1_4_3_2,564.2979288645467
400,19,False,road_1_4_3_2,571.7989847505228
400,323,False,road_1_5_3_0,126.05259697413538
400,306,False,road_1_5_3_1,347.6466671464911
400,fake_intersection_1_4_E_1_4536,True,road_1_5_3_1,469.12
400,fake_intersection_1_4_E_1_4537,True,road_1_5_3_1,470.12
400,292,False,road_1_5_3_1,558.3724293631107
400,175,False,road_2_1_0_0,100.58611881006537
400,184,False,road_2_1_0_1,52.00471721029272
400,161,False,road_2_1_0_1,636.493537501281
400,148,False,road_2_1_0_1,767.8031292394713
400,fake_intersection_1_1_N_2_4506,True,road_2_1_2_2,618.24
400,fake_intersection_1_1_N_2_4507,True,road_2_1_2_2,619.24
400,221,False,road_2_1_3_0,82.28566218815766
400,50,False,road_2_2_0_0,81.86469842268386
400,123,False,road_2_2_0_0,366.2160885958668
400,44,False,road_2_2_0_0,461.7510731644563
400,fake_intersection_3_2_S_1_4574,True,road_2_2_0_1,618.24
400,fake_intersection_3_2_S_1_4575,True,road_2_2_0_1,619.24
400,91,False,road_2_2_1_0,260.9423072661266
400,121,False,road_2_2_1_0,499.5845691888329
400,152,False,road_2_2_1_1,3.2001443857740313
400,120,False,road_2_2_1_1,393.8090799842832
400,fake_intersection_2_3_W_1_4562,True,road_2_2_1_1,458.24
400,fake_intersection_2_3_W_1_4563,True,road_2_2_1_1,459.24
400,33,False,road_2_2_1_1,571.7989512852479
400,fake_intersection_2_3_W_2_4564,True,road_2_2_1_2,458.24
400,fake_intersection_2_3_W_2_4565,True,road_2_2_1_2,459.24
400,63,False,road_2_2_2_1,771.7989637820486
400,151,False,road_2_2_3_1,571.7989417208323
400,16,False,road_2_3_2_0,493.2382090023431
400,67,False,road_2_3_2_0,638.1127862116147
400,fake_intersection_1_3_N_1_4528,True,road_2_3_2_1,618.24
400,fake_intersection_1_3_N_1_4529,True,road_2_3_2_1,619.24
400,fake_intersection_1_3_N_2_4530,True,road_2_3_2_2,618.24
400,fake_intersection_1_3_N_2_4531,True,road_2_3_2_2,619.24
400,35,False,road_2_3_2_2,771.7989851420144
400,186,False,road_2_4_0_0,501.1745829919509
400,fake_intersection_3_4_S_1_4586,True,road_2_4_0_1,618.24
400,fake_intersection_3_4_S_1_4587,True,road_2_4_0_1,619.24
400,64,False,road_2_4_0_1,771.7989491181652
400,fake_intersection_3_4_S_2_4588,True,road_2_4_0_2,618.24
400,fake_intersection_3_4_S_2_4589,True,road_2_4_0_2,619.24
400,83,False,road_2_4_0_2,771.7989933468588
400,65,False,road_2_4_1_0,553.400859539093
400,fake_intersection_1_4_N_1_4538,True,road_2_4_2_1,618.24
400,fake_intersection_1_4_N_1_4539,True,road_2_4_2_1,619.24
400,fake_intersection_1_4_N_2_4540,True,road_2_4_2_2,618.24
400,fake_intersection_1_4_N_2_4541,True,road_2_4_2_2,619.24
400,39,False,road_2_4_3_1,564.2978546503266
400,61,False,road_2_4_3_1,571.7989518358123
400,fake_intersection_2_3_E_2_4554,True,road_2_4_3_2,458.24
400,fake_intersection_2_3_E_2_4555,True,road_2_4_3_2,459.24
400,72,False,road_2_4_3_2,564.2979320177367
400,13,False,road_2_4_3_2,571.7989525068753
400,143,False,road_3_1_0_0,192.62945477847416
400,100,False,road_3_1_0_0,715.6217106088997
400,fake_intersection_4_1_S_1_4598,True,road_3_1_0_1,618.24
400,fake_intersection_4_1_S_1_4599,True,road_3_1_0_1,619.24
400,59,False,road_3_1_1_1,571.7989866918637
400,fake_intersection_2_1_N_2_4544,True,road_3_1_2_2,618.24
400,fake_intersection_2_1_N_2_4545,True,road_3_1_2_2,619.24
400,82,False,road_3_2_0_0,184.7805304537887
400,fake_intersection_4_2_S_1_4604,True,road_3_2_0_1,618.24
400,fake_intersection_4_2_S_1_4605,True,road_3_2_0_1,619.24
400,fake_intersection_4_2_S_2_4606,True,road_3_2_0_2,618.24
400,fake_intersection_4_2_S_2_4607,True,road_3_2_0_2,619.24
400,180,False,road_3_2_1_0,441.75213462098804
400,fake_intersection_2_2_N_1_4546,True,road_3_2_2_1,618.24
400,fake_intersection_2_2_N_1_4547,True,road_3_2_2_1,619.24
400,fake_intersection_2_2_N_2_4548,True,road_3_2_2_2,618.24
400,fake_intersection_2_2_N_2_4549,True,road_3_2_2_2,619.24
400,fake_intersection_4_3_S_1_4616,True,road_3_3_0_1,618.24
400,fake_intersection_4_3_S_1_4617,True,road_3_3_0_1,619.24
400,fake_intersection_3_4_W_1_4584,True,road_3_3_1_1,458.24
400,fake_intersection_3_4_W_1_4585,True,road_3_3_1_1,459.24
400,138,False,road_3_3_1_1,550.9057044870124
400,198,False,road_3_3_2_0,67.46679823881878
400,158,False,road_3_3_2_0,321.92415999568397
400,7,False,road_3_3_2_0,664.6312730763859
400,fake_intersection_2_3_N_1_4556,True,road_3_3_2_1,618.24
400,fake_intersection_2_3_N_1_4557,True,road_3_3_2_1,619.24
400,128,False,road_3_3_2_1,729.0590789021825
400,49,False,road_3_3_2_2,18.9343568424926
400,fake_intersection_2_3_N_2_4558,True,road_3_3_2_2,618.24
400,fake_intersection_2_3_N_2_4559,True,road_3_3_2_2,619.24
400,fake_intersection_4_4_S_1_4622,True,road_3_4_0_1,618.24
400,fake_intersection_4_4_S_1_4623,True,road_3_4_0_1,619.24
400,47,False,road_3_4_0_1,741.7948269375124
400,9,False,road_3_4_0_1,749.2958272573236
400,53,False,road_3_4_0_1,756.7968465444304
400,51,False,road_3_4_0_1,764.297883076179
400,37,False,road_3_4_0_1,771.7989017319449
400,fake_intersection_4_4_S_2_4624,True,road_3_4_0_2,618.24
400,fake_intersection_4_4_S_2_4625,True,road_3_4_0_2,619.24
400,fake_intersection_2_4_N_1_4566,True,road_3_4_2_1,618.24
400,fake_intersection_2_4_N_1_4567,True,road_3_4_2_1,619.24
400,30,False,road_3_4_2_2,771.7989155793821
400,17,False,road_3_4_3_1,571.7989103776712
400,fake_intersection_3_4_E_1_4580,True,road_3_5_3_1,469.12
400,fake_intersection_3_4_E_1_4581,True,road_3_5_3_1,470.12
400,329,False,road_4_0_1_0,52.098070011672
400,287,False,road_4_0_1_0,493.91764904001406
400,308,False,road_4_0_1_1,299.08463968037637
400,242,False,road_4_0_1_1,480.38445005819483
400,238,False,road_4_0_1_1,487.8855651452912
400,228,False,road_4_0_1_1,495.38661338524423
400,218,False,road_4_0_1_1,502.8876319246422
400,197,False,road_4_0_1_1,510.38863320897235
400,189,False,road_4_0_1_1,517.8896963306137
400,177,False,road_4_0_1_1,525.3906964045054
400,167,False,road_4_0_1_1,532.8917442186294
400,157,False,road_4_0_1_1,540.3927921719892
400,126,False,road_4_0_1_1,547.8938143191779
400,105,False,road_4_0_1_1,555.3948370422622
400,74,False,road_4_0_1_1,562.8958804751306
400,54,False,road_4_0_1_1,570.3968991281677
400,34,False,road_4_0_1_1,577.8979626755071
400,24,False,road_4_0_1_1,585.3989709774777
400,137,False,road_4_0_1_2,562.8959172536753
400,116,False,road_4_0_1_2,570.3969448594623
400,97,False,road_4_0_1_2,577.8979548004972
400,45,False,road_4_0_1_2,585.3989571672523
400,266,False,road_4_1_0_0,171.9646708662548
400,40,False,road_4_1_0_0,762.3204866862516
400,0,False,road_4_1_1_0,494.77563554442906
400,fake_intersection_4_2_W_1_4608,True,road_4_1_1_1,458.24
400,fake_intersection_4_2_W_1_4609,True,road_4_1_1_1,459.24
400,14,False,road_4_1_2_0,276.4016618937211
400,fake_intersection_3_1_N_2_4570,True,road_4_1_2_2,618.24
400,fake_intersection_3_1_N_2_4571,True,road_4_1_2_2,619.24
400,18,False,road_4_1_3_0,497.4029588784476
400,62,False,road_4_2_0_0,251.38852713727928
400,208,False,road_4_2_1_1,571.7621014836413
400,246,False,road_4_2_2_0,189.95973516502622
400,236,False,road_4_2_2_0,313.379858504028
400,fake_intersection_3_2_N_1_4572,True,road_4_2_2_1,618.24
400,fake_intersection_3_2_N_1_4573,True,road_4_2_2_1,619.24
400,fake_intersection_4_1_E_1_4590,True,road_4_2_3_1,458.24
400,fake_intersection_4_1_E_1_4591,True,road_4_2_3_1,459.24
400,fake_intersection_4_1_E_2_4592,True,road_4_2_3_2,458.24
400,fake_intersection_4_1_E_2_4593,True,road_4_2_3_2,459.24
400,262,False,road_4_3_1_0,95.35624407254195
400,220,False,road_4_3_1_0,499.8731358849635
400,fake_intersection_4_4_W_1_4620,True,road_4_3_1_1,458.24
400,fake_intersection_4_4_W_1_4621,True,road_4_3_1_1,459.24
400,277,False,road_4_3_2_0,24.368094449457146
400,250,False,road_4_3_2_0,145.82896201361817
400,241,False,road_4_3_2_0,248.3960493876182
400,229,False,road_4_3_2_0,356.21019885844777
400,212,False,road_4_3_2_0,635.4227766793947
400,fake_intersection_3_3_N_1_4576,True,road_4_3_2_1,618.24
400,fake_intersection_3_3_N_1_4577,True,road_4_3_2_1,619.24
400,fake_intersection_3_3_N_2_4578,True,road_4_3_2_2,618.24
400,fake_intersection_3_3_N_2_4579,True,road_4_3_2_2,619.24
400,fake_intersection_4_2_E_1_4600,True,road_4_3_3_1,458.24
400,fake_intersection_4_2_E_1_4601,True,road_4_3_3_1,459.24
400,117,False,road_4_3_3_1,564.2978363232143
400,107,False,road_4_3_3_1,571.7989339901593
400,fake_intersection_4_2_E_2_4602,True,road_4_3_3_2,458.24
400,fake_intersection_4_2_E_2_4603,True,road_4_3_3_2,459.24
400,169,False,road_4_4_0_0,462.6491532459996
400,264,False,road_4_4_1_0,118.30313874906254
400,214,False,road_4_4_1_0,335.2216211109713
400,201,False,road_4_4_1_0,527.3554609894519
400,219,False,road_4_4_1_1,342.93895299005305
400,225,False,road_4_4_1_2,326.8045152267429
400,190,False,road_4_4_2_0,142.137986191737
400,178,False,road_4_4_2_0,608.4979817982776
400,fake_intersection_3_4_N_1_4582,True,road_4_4_2_1,618.24
400,fake_intersection_3_4_N_1_4583,True,road_4_4_2_1,619.24
400,163,False,road_4_4_2_1,734.2937900616366
400,131,False,road_4_4_2_1,741.7948879583921
400,119,False,road_4_4_2_1,749.2958964981461
400,92,False,road_4_4_2_1,756.7969342743186
400,109,False,road_4_4_2_1,764.2979723922394
400,103,False,road_4_4_2_1,771.7989727513682
400,81,False,road_4_4_2_2,771.7989874836612
400,86,False,road_4_4_3_0,98.91699769121576
400,fake_intersection_4_1_N_1_4594,True,road_5_1_2_1,629.12
400,fake_intersection_4_1_N_1_4595,True,road_5_1_2_1,630.12
400,fake_intersection_4_1_N_2_4596,True,road_5_1_2_2,629.12
400,fake_intersection_4_1_N_2_4597,True,road_5_1_2_2,630.12
400,321,False,road_5_2_2_0,139.3895500044678
400,310,False,road_5_2_2_0,274.13591826911306
400,298,False,road_5_2_2_0,453.2706441719962
400,334,False,road_5_2_2_1,16.184789346610724
400,285,False,road_5_2_2_1,622.9083623124613
400,fake_intersection_4_2_N_1_4610,True,road_5_2_2_1,629.12
400,fake_intersection_4_2_N_1_4611,True,road_5_2_2_1,630.12
400,271,False,road_5_2_2_1,640.773783810658
400,fake_intersection_4_2_N_2_4612,True,road_5_2_2_2,629.12
400,fake_intersection_4_2_N_2_4613,True,road_5_2_2_2,630.12
400,258,False,road_5_2_2_2,785.3989721904102
400,325,False,road_5_3_2_0,153.41739657927928
400,307,False,road_5_3_2_0,323.9343430237616
400,293,False,road_5_3_2_1,576.7942110146794
400,fake_intersection_4_3_N_1_4614,True,road_5_3_2_1,629.12
400,fake_intersection_4_3_N_1_4615,True,road_5_3_2_1,630.12
400,332,False,road_5_4_2_0,37.095662504769116
400,327,False,road_5_4_2_0,90.52091004025075
400,319,False,road_5_4_2_0,168.1263162784472
400,316,False,road_5_4_2_0,228.13684427754146
400,313,False,road_5_4_2_0,297.97614211974275
400,304,False,road_5_4_2_0,333.28131057337066
400,300,False,road_5_4_2_0,434.5615085411425
400,295,False,road_5_4_2_0,455.17049518645166
400,289,False,road_5_4_2_0,621.4240439434125
400,273,False,road_5_4_2_0,710.3689026677628
400,283,False,road_5_4_2_1,604.866143296143
400,280,False,road_5_4_2_1,653.4986443088807
400,268,False,road_5_4_2_1,717.8863363966707
400,256,False,road_5_4_2_1,725.390421227733
400,253,False,road_5_4_2_1,732.891462598536
400,244,False,road_5_4_2_1,740.3924982110943
400,234,False,road_5_4_2_1,747.8935625359286
400,230,False,road_5_4_2_1,755.394587830096
400,206,False,road_5_4_2_1,762.8956213105093
400,187,False,road_5_4_2_1,770.3967137256591
400,174,False,road_5_4_2_1,777.8978116531808
400,171,False,road_5_4_2_1,785.3989081225037
400,fake_intersection_4_4_N_2_4618,True,road_5_4_2_2,629.12
400,fake_intersection_4_4_N_2_4619,True,road_5_4_2_2,630.12
400,181,False,road_5_4_2_2,777.8978722616686
400,146,False,road_5_4_2_2,785.3989106336303
410,267,False,:intersection_1_1_27_0,4.404172240206435
410,342,False,road_0_1_0_0,15.069332445590955
410,326,False,road_0_1_0_0,189.80189394518928
410,318,False,road_0_1_0_0,316.7164572386383
410,315,False,road_0_1_0_0,382.615240526086
410,312,False,road_0_1_0_0,437.5367973479449
410,303,False,road_0_1_0_0,473.3657994558088
410,288,False,road_0_1_0_0,674.6238237464214
410,336,False,road_0_1_0_1,90.44719559548753
410,331,False,road_0_1_0_1,142.85564691138458
410,299,False,road_0_1_0_1,594.8042075795261
410,294,False,road_0_1_0_1,614.6120997815397
410,fake_intersection_1_1_S_1_4630,True,road_0_1_0_1,629.12
410,fake_intersection_1_1_S_1_4631,True,road_0_1_0_1,630.12
410,282,False,road_0_1_0_1,667.6431275465202
410,279,False,road_0_1_0_1,718.2867683005123
410,255,False,road_0_1_0_2,704.0610828835897
410,333,False,road_0_2_0_0,100.26925094612743
410,320,False,road_0_2_0_0,310.35896797655454
410,309,False,road_0_2_0_0,432.6256517582784
410,297,False,road_0_2_0_0,508.8950297786964
410,284,False,road_0_2_0_0,526.5592930102756
410,fake_intersection_1_2_S_1_4640,True,road_0_2_0_1,629.12
410,fake_intersection_1_2_S_1_4641,True,road_0_2_0_1,630.12
410,270,False,road_0_2_0_1,770.3953553368315
410,245,False,road_0_2_0_1,777.8978611463334
410,235,False,road_0_2_0_1,785.3989547030759
410,fake_intersection_1_2_S_2_4642,True,road_0_2_0_2,629.12
410,fake_intersection_1_2_S_2_4643,True,road_0_2_0_2,630.12
410,257,False,road_0_2_0_2,777.8979383275852
410,90,False,road_0_2_0_2,785.3989562573796
410,fake_intersection_1_3_S_1_4652,True,road_0_3_0_1,629.12
410,fake_intersection_1_3_S_1_4653,True,road_0_3_0_1,630.12
410,341,False,road_0_4_0_0,40.040140662643374
410,335,False,road_0_4_0_0,77.43020884391962
410,330,False,road_0_4_0_0,142.63912204559074
410,328,False,road_0_4_0_0,180.2882795352368
410,324,False,road_0_4_0_0,220.96331022200567
410,317,False,road_0_4_0_0,299.2476359091939
410,314,False,road_0_4_0_0,431.9294457127031
410,302,False,road_0_4_0_0,451.8486995672786
410,290,False,road_0_4_0_0,601.12589264134
410,286,False,road_0_4_0_0,656.1432184829424
410,274,False,road_0_4_0_0,702.4327523510725
410,311,False,road_0_4_0_1,435.52724796550905
410,301,False,road_0_4_0_1,468.7196197754281
410,296,False,road_0_4_0_1,507.86064421250177
410,281,False,road_0_4_0_1,515.3616918855839
410,278,False,road_0_4_0_1,522.862725582593
410,269,False,road_0_4_0_1,530.3637469177118
410,259,False,road_0_4_0_1,537.8647483869244
410,265,False,road_0_4_0_1,545.365849180377
410,254,False,road_0_4_0_1,552.8668948656335
410,251,False,road_0_4_0_1,560.3678979981578
410,237,False,road_0_4_0_1,567.8689552941847
410,233,False,road_0_4_0_1,575.3700042220383
410,231,False,road_0_4_0_1,582.8710883418682
410,226,False,road_0_4_0_1,590.372115558004
410,223,False,road_0_4_0_1,597.87311609928
410,211,False,road_0_4_0_1,605.3741677166983
410,199,False,road_0_4_0_1,612.8751999378156
410,205,False,road_0_4_0_1,620.3762031672828
410,202,False,road_0_4_0_1,627.8772052140789
410,194,False,road_0_4_0_1,635.3782794073513
410,191,False,road_0_4_0_1,642.8793167211014
410,188,False,road_0_4_0_1,650.3804152469011
410,182,False,road_0_4_0_1,657.8814452552595
410,176,False,road_0_4_0_1,665.3824771274606
410,168,False,road_0_4_0_1,672.8834933965627
410,160,False,road_0_4_0_1,680.3845109654097
410,144,False,road_0_4_0_1,687.8855201007306
410,153,False,road_0_4_0_1,695.3865616417746
410,150,False,road_0_4_0_1,702.8875679582106
410,136,False,road_0_4_0_1,710.3885682058954
410,134,False,road_0_4_0_1,717.8896286855951
410,124,False,road_0_4_0_1,725.3906795288144
410,122,False,road_0_4_0_1,732.8916847075485
410,110,False,road_0_4_0_1,740.3927232092798
410,104,False,road_0_4_0_1,747.8937613144855
410,108,False,road_0_4_0_1,755.3948052307136
410,101,False,road_0_4_0_1,762.8958260133331
410,96,False,road_0_4_0_1,770.3968573601849
410,88,False,road_0_4_0_1,777.8978713079902
410,85,False,road_0_4_0_1,785.3989423730433
410,213,False,road_0_4_0_2,732.8916288918033
410,195,False,road_0_4_0_2,740.3926365075287
410,164,False,road_0_4_0_2,747.8937941740246
410,130,False,road_0_4_0_2,755.3948005896773
410,115,False,road_0_4_0_2,762.895824550185
410,118,False,road_0_4_0_2,770.3968643742542
410,93,False,road_0_4_0_2,777.8978932754937
410,69,False,road_0_4_0_2,785.3989879656378
410,338,False,road_1_0_1_0,63.71277378253474
410,322,False,road_1_0_1_0,212.37077188983366
410,305,False,road_1_0_1_1,401.86470968463294
410,291,False,road_1_0_1_1,517.8891861966548
410,275,False,road_1_0_1_1,525.3906647543819
410,203,False,road_1_0_1_1,532.8917586810945
410,185,False,road_1_0_1_1,540.3928497049037
410,165,False,road_1_0_1_1,547.8938894346898
410,132,False,road_1_0_1_1,555.3949439234823
410,111,False,road_1_0_1_1,562.8959783957997
410,77,False,road_1_0_1_1,570.3969840486556
410,57,False,road_1_0_1_1,577.897986719655
410,21,False,road_1_0_1_1,585.3989910327766
410,247,False,road_1_0_1_2,585.3989791711863
410,260,False,road_1_1_0_0,110.3133015722252
410,252,False,road_1_1_0_0,253.21848184412
410,243,False,road_1_1_0_0,323.7249355963328
410,216,False,road_1_1_0_0,604.5597163901747
410,224,False,road_1_1_0_1,554.3120164621919
410,239,False,road_1_1_0_1,669.0158894384211
410,200,False,road_1_1_0_1,767.3897359283103
410,263,False,road_1_1_1_0,99.29670006151055
410,5,False,road_1_1_1_0,338.6957933624907
410,fake_intersection_1_2_W_1_4636,True,road_1_1_1_1,458.24
410,fake_intersection_1_2_W_1_4637,True,road_1_1_1_1,459.24
410,32,False,road_1_1_1_1,571.7989524919927
410,fake_intersection_1_2_W_2_4638,True,road_1_1_1_2,458.24
410,fake_intersection_1_2_W_2_4639,True,road_1_1_1_2,459.24
410,272,False,road_1_1_3_0,66.31417403368579
410,232,False,road_1_1_3_0,388.5464079633281
410,fake_intersection_2_2_S_1_4668,True,road_1_2_0_1,618.24
410,fake_intersection_2_2_S_1_4669,True,road_1_2_0_1,619.24
410,207,False,road_1_2_0_1,707.7652202649228
410,fake_intersection_2_2_S_2_4670,True,road_1_2_0_2,618.24
410,fake_intersection_2_2_S_2_4671,True,road_1_2_0_2,619.24
410,fake_intersection_1_3_W_1_4648,True,road_1_2_1_1,458.24
410,fake_intersection_1_3_W_1_4649,True,road_1_2_1_1,459.24
410,4,False,road_1_2_1_1,571.7989320868487
410,fake_intersection_1_3_W_2_4650,True,road_1_2_1_2,458.24
410,fake_intersection_1_3_W_2_4651,True,road_1_2_1_2,459.24
410,179,False,road_1_2_3_1,564.2978814390933
410,3,False,road_1_2_3_1,571.7989139280962
410,fake_intersection_1_1_E_2_4626,True,road_1_2_3_2,458.24
410,fake_intersection_1_1_E_2_4627,True,road_1_2_3_2,459.24
410,fake_intersection_2_3_S_1_4676,True,road_1_3_0_1,618.24
410,fake_intersection_2_3_S_1_4677,True,road_1_3_0_1,619.24
410,fake_intersection_2_3_S_2_4678,True,road_1_3_0_2,618.24
410,fake_intersection_2_3_S_2_4679,True,road_1_3_0_2,619.24
410,fake_intersection_1_4_W_1_4660,True,road_1_3_1_1,458.24
410,fake_intersection_1_4_W_1_4661,True,road_1_3_1_1,459.24
410,71,False,road_1_3_2_0,296.4427254510535
410,204,False,road_1_3_2_0,545.0993053059341
410,fake_intersection_1_2_E_1_4632,True,road_1_3_3_1,458.24
410,fake_intersection_1_2_E_1_4633,True,road_1_3_3_1,459.24
410,fake_intersection_1_2_E_2_4634,True,road_1_3_3_2,458.24
410,fake_intersection_1_2_E_2_4635,True,road_1_3_3_2,459.24
410,fake_intersection_2_4_S_1_4686,True,road_1_4_0_1,618.24
410,fake_intersection_2_4_S_1_4687,True,road_1_4_0_1,619.24
410,52,False,road_1_4_1_0,127.22047804671202
410,2,False,road_1_4_1_0,152.37979377185445
410,11,False,road_1_4_1_0,273.6325679980226
410,240,False,road_1_4_2_0,486.38276930408216
410,248,False,road_1_4_2_0,681.4076385500224
410,261,False,road_1_4_2_1,489.000273688113
410,276,False,road_1_4_3_0,69.49869919086112
410,292,False,road_1_4_3_1,61.9929611212031
410,249,False,road_1_4_3_1,421.7749258411462
410,222,False,road_1_4_3_1,429.2792125300779
410,227,False,road_1_4_3_1,436.7802259511513
410,217,False,road_1_4_3_1,444.2812943823954
410,215,False,road_1_4_3_1,451.7823378141692
410,172,False,road_1_4_3_1,459.2834358577733
410,173,False,road_1_4_3_1,466.7845128058187
410,162,False,road_1_4_3_1,474.2855260517467
410,166,False,road_1_4_3_1,481.7865949162221
410,142,False,road_1_4_3_1,489.28761903868144
410,127,False,road_1_4_3_1,496.78862006102685
410,140,False,road_1_4_3_1,504.2896372495155
410,133,False,road_1_4_3_1,511.79065605503166
410,102,False,road_1_4_3_1,519.2917106439144
410,41,False,road_1_4_3_1,526.7927259146885
410,6,False,road_1_4_3_1,534.29374921195
410,80,False,road_1_4_3_1,541.7947712089742
410,79,False,road_1_4_3_1,549.2958273446126
410,56,False,road_1_4_3_1,556.7968742998352
410,23,False,road_1_4_3_1,564.297910843412
410,27,False,road_1_4_3_1,571.7989478475426
410,183,False,road_1_4_3_2,556.7968327153807
410,22,False,road_1_4_3_2,564.2979288645467
410,19,False,road_1_4_3_2,571.7989847505228
410,339,False,road_1_5_3_1,92.09983149742416
410,323,False,road_1_5_3_1,211.3154674068014
410,306,False,road_1_5_3_1,458.62052436517894
410,fake_intersection_1_4_E_1_4654,True,road_1_5_3_1,469.12
410,fake_intersection_1_4_E_1_4655,True,road_1_5_3_1,470.12
410,184,False,road_2_1_0_0,151.3174645071974
410,175,False,road_2_1_0_0,194.9866423877756
410,210,False,road_2_1_0_1,71.76340945036554
410,fake_intersection_3_1_S_1_4692,True,road_2_1_0_1,618.24
410,fake_intersection_3_1_S_1_4693,True,road_2_1_0_1,619.24
410,161,False,road_2_1_0_1,749.1097979309392
410,fake_intersection_3_1_S_2_4694,True,road_2_1_0_2,618.24
410,fake_intersection_3_1_S_2_4695,True,road_2_1_0_2,619.24
410,fake_intersection_1_1_N_1_4628,True,road_2_1_2_1,618.24
410,fake_intersection_1_1_N_1_4629,True,road_2_1_2_1,619.24
410,221,False,road_2_1_3_0,202.56418155048763
410,50,False,road_2_2_0_0,170.67024969292316
410,123,False,road_2_2_0_0,473.7157343604112
410,44,False,road_2_2_0_1,571.2125963491756
410,fake_intersection_3_2_S_1_4698,True,road_2_2_0_1,618.24
410,fake_intersection_3_2_S_1_4699,True,road_2_2_0_1,619.24
410,152,False,road_2_2_1_0,113.00312323517286
410,91,False,road_2_2_1_1,353.0560492001323
410,fake_intersection_2_3_W_1_4680,True,road_2_2_1_1,458.24
410,fake_intersection_2_3_W_1_4681,True,road_2_2_1_1,459.24
410,120,False,road_2_2_1_1,491.04805601809323
410,33,False,road_2_2_1_1,571.7989512852479
410,fake_intersection_2_3_W_2_4682,True,road_2_2_1_2,458.24
410,fake_intersection_2_3_W_2_4683,True,road_2_2_1_2,459.24
410,63,False,road_2_2_2_1,771.7989637820486
410,151,False,road_2_2_3_1,571.7989417208323
410,121,False,road_2_3_0_2,18.11045999950654
410,128,False,road_2_3_2_0,44.633236617402176
410,67,False,road_2_3_2_0,734.2655969663323
410,16,False,road_2_3_2_1,584.1322764107882
410,fake_intersection_1_3_N_1_4644,True,road_2_3_2_1,618.24
410,fake_intersection_1_3_N_1_4645,True,road_2_3_2_1,619.24
410,fake_intersection_1_3_N_2_4646,True,road_2_3_2_2,618.24
410,fake_intersection_1_3_N_2_4647,True,road_2_3_2_2,619.24
410,35,False,road_2_3_2_2,771.7989851420144
410,186,False,road_2_4_0_0,615.2414262628251
410,fake_intersection_3_4_S_1_4716,True,road_2_4_0_1,618.24
410,fake_intersection_3_4_S_1_4717,True,road_2_4_0_1,619.24
410,64,False,road_2_4_0_1,771.7989491181652
410,fake_intersection_3_4_S_2_4718,True,road_2_4_0_2,618.24
410,fake_intersection_3_4_S_2_4719,True,road_2_4_0_2,619.24
410,83,False,road_2_4_0_2,771.7989933468588
410,fake_intersection_1_4_N_1_4656,True,road_2_4_2_1,618.24
410,fake_intersection_1_4_N_1_4657,True,road_2_4_2_1,619.24
410,fake_intersection_1_4_N_2_4658,True,road_2_4_2_2,618.24
410,fake_intersection_1_4_N_2_4659,True,road_2_4_2_2,619.24
410,39,False,road_2_4_3_1,564.2978546503266
410,61,False,road_2_4_3_1,571.7989518358123
410,fake_intersection_2_3_E_2_4672,True,road_2_4_3_2,458.24
410,fake_intersection_2_3_E_2_4673,True,road_2_4_3_2,459.24
410,72,False,road_2_4_3_2,564.2979320177367
410,13,False,road_2_4_3_2,571.7989525068753
410,148,False,road_3_1_0_0,70.44864091911091
410,143,False,road_3_1_0_1,311.18752120179124
410,fake_intersection_4_1_S_1_4728,True,road_3_1_0_1,618.24
410,fake_intersection_4_1_S_1_4729,True,road_3_1_0_1,619.24
410,59,False,road_3_1_1_1,571.7989866918637
410,fake_intersection_2_1_N_2_4662,True,road_3_1_2_2,618.24
410,fake_intersection_2_1_N_2_4663,True,road_3_1_2_2,619.24
410,82,False,road_3_2_0_0,290.62104417939
410,fake_intersection_4_2_S_1_4734,True,road_3_2_0_1,618.24
410,fake_intersection_4_2_S_1_4735,True,road_3_2_0_1,619.24
410,fake_intersection_4_2_S_2_4736,True,road_3_2_0_2,618.24
410,fake_intersection_4_2_S_2_4737,True,road_3_2_0_2,619.24
410,180,False,road_3_2_1_0,557.3257955741781
410,fake_intersection_2_2_N_1_4664,True,road_3_2_2_1,618.24
410,fake_intersection_2_2_N_1_4665,True,road_3_2_2_1,619.24
410,fake_intersection_2_2_N_2_4666,True,road_3_2_2_2,618.24
410,fake_intersection_2_2_N_2_4667,True,road_3_2_2_2,619.24
410,fake_intersection_4_3_S_1_4744,True,road_3_3_0_1,618.24
410,fake_intersection_4_3_S_1_4745,True,road_3_3_0_1,619.24
410,fake_intersection_4_3_S_2_4746,True,road_3_3_0_2,618.24
410,fake_intersection_4_3_S_2_4747,True,road_3_3_0_2,619.24
410,fake_intersection_3_4_W_1_4712,True,road_3_3_1_1,458.24
410,fake_intersection_3_4_W_1_4713,True,road_3_3_1_1,459.24
410,fake_intersection_3_4_W_2_4714,True,road_3_3_1_2,458.24
410,fake_intersection_3_4_W_2_4715,True,road_3_3_1_2,459.24
410,49,False,road_3_3_2_0,105.40999801573199
410,198,False,road_3_3_2_0,180.68618944069496
410,7,False,road_3_3_2_0,757.1795589848804
410,158,False,road_3_3_2_1,415.56691872602204
410,fake_intersection_2_3_N_1_4674,True,road_3_3_2_1,618.24
410,fake_intersection_2_3_N_1_4675,True,road_3_3_2_1,619.24
410,fake_intersection_4_4_S_1_4760,True,road_3_4_0_1,618.24
410,fake_intersection_4_4_S_1_4761,True,road_3_4_0_1,619.24
410,47,False,road_3_4_0_1,741.7948269375124
410,9,False,road_3_4_0_1,749.2958272573236
410,53,False,road_3_4_0_1,756.7968465444304
410,51,False,road_3_4_0_1,764.297883076179
410,37,False,road_3_4_0_1,771.7989017319449
410,fake_intersection_4_4_S_2_4762,True,road_3_4_0_2,618.24
410,fake_intersection_4_4_S_2_4763,True,road_3_4_0_2,619.24
410,138,False,road_3_4_1_0,56.42822772695742
410,fake_intersection_2_4_N_1_4684,True,road_3_4_2_1,618.24
410,fake_intersection_2_4_N_1_4685,True,road_3_4_2_1,619.24
410,30,False,road_3_4_2_2,771.7989155793821
410,17,False,road_3_4_3_1,571.7989103776712
410,fake_intersection_3_4_E_1_4704,True,road_3_5_3_1,469.12
410,fake_intersection_3_4_E_1_4705,True,road_3_5_3_1,470.12
410,fake_intersection_3_4_E_2_4706,True,road_3_5_3_2,469.12
410,fake_intersection_3_4_E_2_4707,True,road_3_5_3_2,470.12
410,329,False,road_4_0_1_0,147.52765576977876
410,287,False,road_4_0_1_0,585.582769361932
410,308,False,road_4_0_1_1,401.0615832971562
410,242,False,road_4_0_1_1,480.38455753970584
410,238,False,road_4_0_1_1,487.8855651452912
410,228,False,road_4_0_1_1,495.38661338524423
410,218,False,road_4_0_1_1,502.8876319246422
410,197,False,road_4_0_1_1,510.38863320897235
410,189,False,road_4_0_1_1,517.8896963306137
410,177,False,road_4_0_1_1,525.3906964045054
410,167,False,road_4_0_1_1,532.8917442186294
410,157,False,road_4_0_1_1,540.3927921719892
410,126,False,road_4_0_1_1,547.8938143191779
410,105,False,road_4_0_1_1,555.3948370422622
410,74,False,road_4_0_1_1,562.8958804751306
410,54,False,road_4_0_1_1,570.3968991281677
410,34,False,road_4_0_1_1,577.8979626755071
410,24,False,road_4_0_1_1,585.3989709774777
410,137,False,road_4_0_1_2,562.8959172536753
410,116,False,road_4_0_1_2,570.3969448594623
410,97,False,road_4_0_1_2,577.8979548004972
410,45,False,road_4_0_1_2,585.3989571672523
410,266,False,road_4_1_0_0,273.49853081471497
410,fake_intersection_4_2_W_1_4738,True,road_4_1_1_1,458.24
410,fake_intersection_4_2_W_1_4739,True,road_4_1_1_1,459.24
410,14,False,road_4_1_2_0,379.8702591943154
410,fake_intersection_3_1_N_1_4688,True,road_4_1_2_1,618.24
410,fake_intersection_3_1_N_1_4689,True,road_4_1_2_1,619.24
410,fake_intersection_3_1_N_2_4690,True,road_4_1_2_2,618.24
410,fake_intersection_3_1_N_2_4691,True,road_4_1_2_2,619.24
410,100,False,road_4_1_3_0,32.22557426247853
410,0,False,road_4_2_0_0,11.647950412485082
410,62,False,road_4_2_0_0,356.0479152823275
410,fake_intersection_4_3_W_1_4752,True,road_4_2_1_1,458.24
410,fake_intersection_4_3_W_1_4753,True,road_4_2_1_1,459.24
410,208,False,road_4_2_1_1,571.7989408224968
410,fake_intersection_4_3_W_2_4754,True,road_4_2_1_2,458.24
410,fake_intersection_4_3_W_2_4755,True,road_4_2_1_2,459.24
410,246,False,road_4_2_2_0,292.882045260296
410,236,False,road_4_2_2_0,424.28986778640956
410,fake_intersection_3_2_N_1_4696,True,road_4_2_2_1,618.24
410,fake_intersection_3_2_N_1_4697,True,road_4_2_2_1,619.24
410,fake_intersection_4_1_E_1_4720,True,road_4_2_3_1,458.24
410,fake_intersection_4_1_E_1_4721,True,road_4_2_3_1,459.24
410,fake_intersection_4_1_E_2_4722,True,road_4_2_3_2,458.24
410,fake_intersection_4_1_E_2_4723,True,road_4_2_3_2,459.24
410,262,False,road_4_3_1_0,205.8795286471345
410,fake_intersection_4_4_W_1_4758,True,road_4_3_1_1,458.24
410,fake_intersection_4_4_W_1_4759,True,road_4_3_1_1,459.24
410,277,False,road_4_3_2_0,151.71619085888236
410,250,False,road_4_3_2_0,245.0742190811075
410,241,False,road_4_3_2_0,352.69162528947356
410,229,False,road_4_3_2_0,460.5048643072472
410,212,False,road_4_3_2_0,740.2059683977981
410,fake_intersection_3_3_N_1_4700,True,road_4_3_2_1,618.24
410,fake_intersection_3_3_N_1_4701,True,road_4_3_2_1,619.24
410,fake_intersection_3_3_N_2_4702,True,road_4_3_2_2,618.24
410,fake_intersection_3_3_N_2_4703,True,road_4_3_2_2,619.24
410,fake_intersection_4_2_E_1_4730,True,road_4_3_3_1,458.24
410,fake_intersection_4_2_E_1_4731,True,road_4_3_3_1,459.24
410,117,False,road_4_3_3_1,564.2978363232143
410,107,False,road_4_3_3_1,571.7989339901593
410,fake_intersection_4_2_E_2_4732,True,road_4_3_3_2,458.24
410,fake_intersection_4_2_E_2_4733,True,road_4_3_3_2,459.24
410,220,False,road_4_4_0_0,10.810885348591798
410,169,False,road_4_4_0_0,562.413354076548
410,273,False,road_4_4_1_0,3.9173250900472265
410,264,False,road_4_4_1_0,235.37052717192543
410,214,False,road_4_4_1_0,421.311953120687
410,219,False,road_4_4_1_0,437.9718089341723
410,225,False,road_4_4_1_2,427.64055643203693
410,190,False,road_4_4_2_0,235.6018764978574
410,178,False,road_4_4_2_0,723.2178213589463
410,fake_intersection_3_4_N_1_4708,True,road_4_4_2_1,618.24
410,fake_intersection_3_4_N_1_4709,True,road_4_4_2_1,619.24
410,163,False,road_4_4_2_1,734.2937900616366
410,131,False,road_4_4_2_1,741.7948879583921
410,119,False,road_4_4_2_1,749.2958964981461
410,92,False,road_4_4_2_1,756.7969342743186
410,109,False,road_4_4_2_1,764.2979723922394
410,103,False,road_4_4_2_1,771.7989727513682
410,fake_intersection_3_4_N_2_4710,True,road_4_4_2_2,618.24
410,fake_intersection_3_4_N_2_4711,True,road_4_4_2_2,619.24
410,81,False,road_4_4_2_2,771.7989874836612
410,86,False,road_4_4_3_0,204.5652973281859
410,fake_intersection_4_3_E_1_4750,True,road_4_4_3_1,458.24
410,fake_intersection_4_3_E_1_4751,True,road_4_4_3_1,459.24
410,fake_intersection_4_1_N_1_4724,True,road_5_1_2_1,629.12
410,fake_intersection_4_1_N_1_4725,True,road_5_1_2_1,630.12
410,fake_intersection_4_1_N_2_4726,True,road_5_1_2_2,629.12
410,fake_intersection_4_1_N_2_4727,True,road_5_1_2_2,630.12
410,321,False,road_5_2_2_0,229.70270349521726
410,310,False,road_5_2_2_0,367.7492967860814
410,334,False,road_5_2_2_1,142.49745264923394
410,298,False,road_5_2_2_1,554.918501861986
410,fake_intersection_4_2_N_1_4740,True,road_5_2_2_1,629.12
410,fake_intersection_4_2_N_1_4741,True,road_5_2_2_1,630.12
410,285,False,road_5_2_2_1,712.2831293646799
410,271,False,road_5_2_2_1,731.2103490775892
410,fake_intersection_4_2_N_2_4742,True,road_5_2_2_2,629.12
410,fake_intersection_4_2_N_2_4743,True,road_5_2_2_2,630.12
410,258,False,road_5_2_2_2,785.3989721904102
410,340,False,road_5_3_2_0,87.43078174262111
410,325,False,road_5_3_2_0,257.72258131492424
410,307,False,road_5_3_2_0,426.24119929060055
410,fake_intersection_4_3_N_1_4748,True,road_5_3_2_1,629.12
410,fake_intersection_4_3_N_1_4749,True,road_5_3_2_1,630.12
410,293,False,road_5_3_2_1,697.7647762027669
410,337,False,road_5_4_2_0,70.65377327636617
410,332,False,road_5_4_2_0,141.8933881954739
410,327,False,road_5_4_2_0,188.12244583024886
410,319,False,road_5_4_2_0,287.8114755874897
410,304,False,road_5_4_2_0,437.21898228490113
410,300,False,road_5_4_2_0,537.3015490968294
410,295,False,road_5_4_2_0,557.5449059867917
410,289,False,road_5_4_2_0,747.7655919044716
410,343,False,road_5_4_2_1,10.430334332230832
410,316,False,road_5_4_2_1,347.84364657183386
410,313,False,road_5_4_2_1,411.90309043725733
410,283,False,road_5_4_2_1,702.1866137022977
410,280,False,road_5_4_2_1,710.3879793734073
410,268,False,road_5_4_2_1,717.8894167205933
410,256,False,road_5_4_2_1,725.390421227733
410,253,False,road_5_4_2_1,732.891462598536
410,244,False,road_5_4_2_1,740.3924982110943
410,234,False,road_5_4_2_1,747.8935625359286
410,230,False,road_5_4_2_1,755.394587830096
410,206,False,road_5_4_2_1,762.8956213105093
410,187,False,road_5_4_2_1,770.3967137256591
410,174,False,road_5_4_2_1,777.8978116531808
410,171,False,road_5_4_2_1,785.3989081225037
410,fake_intersection_4_4_N_2_4756,True,road_5_4_2_2,629.12
410,fake_intersection_4_4_N_2_4757,True,road_5_4_2_2,630.12
410,181,False,road_5_4_2_2,777.8978722616686
410,146,False,road_5_4_2_2,785.3989106336303
420,288,False,:intersection_1_1_27_0,0.18916697545273564
420,274,False,:intersection_1_4_27_1,1.4052604921596412
420,239,False,:intersection_2_1_30_1,15.41884384117863
420,285,False,:intersection_4_2_12_0,15.954044753336612
420,342,False,road_0_1_0_0,120.1337544475015
420,331,False,road_0_1_0_0,248.71984347866862
420,326,False,road_0_1_0_0,287.69197029553374
420,347,False,road_0_1_0_1,48.05565647435878
420,336,False,road_0_1_0_1,212.07258111474573
420,318,False,road_0_1_0_1,440.6970323878358
420,315,False,road_0_1_0_1,506.1360038533351
420,312,False,road_0_1_0_1,553.8672450531427
420,303,False,road_0_1_0_1,582.7693359000741
420,299,False,road_0_1_0_1,703.1967734035553
420,294,False,road_0_1_0_1,724.5679660087858
420,282,False,road_0_1_0_1,767.5147920137495
420,255,False,road_0_1_0_2,776.097784797497
420,345,False,road_0_2_0_0,52.69608237416396
420,333,False,road_0_2_0_0,197.18337222373881
420,320,False,road_0_2_0_0,431.5111154596828
420,309,False,road_0_2_0_0,543.1675603470219
420,297,False,road_0_2_0_0,599.4881365185715
420,284,False,road_0_2_0_1,603.7791313837844
420,fake_intersection_1_2_S_1_4778,True,road_0_2_0_1,629.12
420,fake_intersection_1_2_S_1_4779,True,road_0_2_0_1,630.12
420,270,False,road_0_2_0_1,770.3968579291762
420,245,False,road_0_2_0_1,777.8978611463334
420,235,False,road_0_2_0_1,785.3989547030759
420,fake_intersection_1_2_S_2_4780,True,road_0_2_0_2,629.12
420,fake_intersection_1_2_S_2_4781,True,road_0_2_0_2,630.12
420,257,False,road_0_2_0_2,777.8979383275852
420,90,False,road_0_2_0_2,785.3989562573796
420,fake_intersection_1_3_S_1_4790,True,road_0_3_0_1,629.12
420,fake_intersection_1_3_S_1_4791,True,road_0_3_0_1,630.12
420,341,False,road_0_4_0_0,130.50295527565194
420,335,False,road_0_4_0_0,171.45104161574713
420,330,False,road_0_4_0_0,240.70376994752448
420,317,False,road_0_4_0_0,399.8540697941742
420,314,False,road_0_4_0_0,534.0757174214162
420,302,False,road_0_4_0_0,554.4664080592546
420,290,False,road_0_4_0_0,702.6782798788746
420,286,False,road_0_4_0_0,760.974601486596
420,350,False,road_0_4_0_1,27.75070178340055
420,344,False,road_0_4_0_1,72.13477839889194
420,328,False,road_0_4_0_1,285.3348054048991
420,324,False,road_0_4_0_1,316.6446722664597
420,311,False,road_0_4_0_1,492.84040661995635
420,301,False,road_0_4_0_1,500.3593379128677
420,296,False,road_0_4_0_1,507.86064421250177
420,281,False,road_0_4_0_1,515.3616918855839
420,278,False,road_0_4_0_1,522.862725582593
420,269,False,road_0_4_0_1,530.3637469177118
420,259,False,road_0_4_0_1,537.8647483869244
420,265,False,road_0_4_0_1,545.365849180377
420,254,False,road_0_4_0_1,552.8668948656335
420,251,False,road_0_4_0_1,560.3678979981578
420,237,False,road_0_4_0_1,567.8689552941847
420,233,False,road_0_4_0_1,575.3700042220383
420,231,False,road_0_4_0_1,582.8710883418682
420,226,False,road_0_4_0_1,590.372115558004
420,223,False,road_0_4_0_1,597.87311609928
420,211,False,road_0_4_0_1,605.3741677166983
420,199,False,road_0_4_0_1,612.8751999378156
420,205,False,road_0_4_0_1,620.3762031672828
420,202,False,road_0_4_0_1,627.8772052140789
420,194,False,road_0_4_0_1,635.3782794073513
420,191,False,road_0_4_0_1,642.8793167211014
420,188,False,road_0_4_0_1,650.3804152469011
420,182,False,road_0_4_0_1,657.8814452552595
420,176,False,road_0_4_0_1,665.3824771274606
420,168,False,road_0_4_0_1,672.8834933965627
420,160,False,road_0_4_0_1,680.3845109654097
420,144,False,road_0_4_0_1,687.8855201007306
420,153,False,road_0_4_0_1,695.3865616417746
420,150,False,road_0_4_0_1,702.8875679582106
420,136,False,road_0_4_0_1,710.3885682058954
420,134,False,road_0_4_0_1,717.8896286855951
420,124,False,road_0_4_0_1,725.3906795288144
420,122,False,road_0_4_0_1,732.8916847075485
420,110,False,road_0_4_0_1,740.3927232092798
420,104,False,road_0_4_0_1,747.8937613144855
420,108,False,road_0_4_0_1,755.3948052307136
420,101,False,road_0_4_0_1,762.8958260133331
420,96,False,road_0_4_0_1,770.3968573601849
420,88,False,road_0_4_0_1,777.8978713079902
420,85,False,road_0_4_0_1,785.3989423730433
420,213,False,road_0_4_0_2,732.8917321253386
420,195,False,road_0_4_0_2,740.3927709707751
420,164,False,road_0_4_0_2,747.8937941740246
420,130,False,road_0_4_0_2,755.3948005896773
420,115,False,road_0_4_0_2,762.895824550185
420,118,False,road_0_4_0_2,770.3968643742542
420,93,False,road_0_4_0_2,777.8978932754937
420,69,False,road_0_4_0_2,785.3989879656378
420,351,False,road_1_0_1_0,5.1
420,338,False,road_1_0_1_0,164.25539686520216
420,322,False,road_1_0_1_0,300.23826935923455
420,305,False,road_1_0_1_1,499.53574906764567
420,291,False,road_1_0_1_1,517.8896536068149
420,275,False,road_1_0_1_1,525.3906647543819
420,203,False,road_1_0_1_1,532.8917586810945
420,185,False,road_1_0_1_1,540.3928497049037
420,165,False,road_1_0_1_1,547.8938894346898
420,132,False,road_1_0_1_1,555.3949439234823
420,111,False,road_1_0_1_1,562.8959783957997
420,77,False,road_1_0_1_1,570.3969840486556
420,57,False,road_1_0_1_1,577.897986719655
420,21,False,road_1_0_1_1,585.3989910327766
420,247,False,road_1_0_1_2,585.3989791711863
420,260,False,road_1_1_0_0,189.6291179358489
420,252,False,road_1_1_0_0,356.9471654446668
420,243,False,road_1_1_0_0,428.308503824315
420,216,False,road_1_1_0_0,705.3828037738059
420,279,False,road_1_1_0_1,3.962993759954351
420,fake_intersection_2_1_S_1_4804,True,road_1_1_0_1,618.24
420,fake_intersection_2_1_S_1_4805,True,road_1_1_0_1,619.24
420,224,False,road_1_1_0_1,658.7646310684902
420,263,False,road_1_1_1_0,198.8676030669097
420,5,False,road_1_1_1_1,426.1246996273997
420,fake_intersection_1_2_W_1_4770,True,road_1_1_1_1,458.24
420,fake_intersection_1_2_W_1_4771,True,road_1_1_1_1,459.24
420,32,False,road_1_1_1_1,571.7989524919927
420,fake_intersection_1_2_W_2_4772,True,road_1_1_1_2,458.24
420,fake_intersection_1_2_W_2_4773,True,road_1_1_1_2,459.24
420,267,False,road_1_1_3_0,82.60499841316366
420,272,False,road_1_1_3_0,175.9193419816145
420,232,False,road_1_1_3_0,490.7777349873077
420,fake_intersection_2_2_S_1_4812,True,road_1_2_0_1,618.24
420,fake_intersection_2_2_S_1_4813,True,road_1_2_0_1,619.24
420,fake_intersection_2_2_S_2_4814,True,road_1_2_0_2,618.24
420,fake_intersection_2_2_S_2_4815,True,road_1_2_0_2,619.24
420,fake_intersection_1_3_W_1_4786,True,road_1_2_1_1,458.24
420,fake_intersection_1_3_W_1_4787,True,road_1_2_1_1,459.24
420,4,False,road_1_2_1_1,571.7989320868487
420,fake_intersection_1_3_W_2_4788,True,road_1_2_1_2,458.24
420,fake_intersection_1_3_W_2_4789,True,road_1_2_1_2,459.24
420,179,False,road_1_2_3_1,564.2978814390933
420,3,False,road_1_2_3_1,571.7989139280962
420,fake_intersection_1_1_E_2_4764,True,road_1_2_3_2,458.24
420,fake_intersection_1_1_E_2_4765,True,road_1_2_3_2,459.24
420,fake_intersection_2_3_S_1_4822,True,road_1_3_0_1,618.24
420,fake_intersection_2_3_S_1_4823,True,road_1_3_0_1,619.24
420,67,False,road_1_3_1_0,37.54064436212787
420,fake_intersection_1_4_W_1_4798,True,road_1_3_1_1,458.24
420,fake_intersection_1_4_W_1_4799,True,road_1_3_1_1,459.24
420,71,False,road_1_3_2_0,396.67999374156625
420,204,False,road_1_3_2_0,656.7826321664676
420,fake_intersection_1_2_E_1_4766,True,road_1_3_3_1,458.24
420,fake_intersection_1_2_E_1_4767,True,road_1_3_3_1,459.24
420,fake_intersection_1_2_E_2_4768,True,road_1_3_3_2,458.24
420,fake_intersection_1_2_E_2_4769,True,road_1_3_3_2,459.24
420,fake_intersection_2_4_S_1_4830,True,road_1_4_0_1,618.24
420,fake_intersection_2_4_S_1_4831,True,road_1_4_0_1,619.24
420,52,False,road_1_4_1_0,233.5196058128849
420,2,False,road_1_4_1_0,256.87671102383865
420,11,False,road_1_4_1_0,381.0061717822693
420,240,False,road_1_4_2_0,584.8497573897732
420,261,False,road_1_4_2_0,609.7115118672084
420,276,False,road_1_4_3_0,161.0804186428815
420,292,False,road_1_4_3_1,177.56190770364444
420,249,False,road_1_4_3_1,421.77811361847796
420,222,False,road_1_4_3_1,429.2792125300779
420,227,False,road_1_4_3_1,436.7802259511513
420,217,False,road_1_4_3_1,444.2812943823954
420,215,False,road_1_4_3_1,451.7823378141692
420,172,False,road_1_4_3_1,459.2834358577733
420,173,False,road_1_4_3_1,466.7845128058187
420,162,False,road_1_4_3_1,474.2855260517467
420,166,False,road_1_4_3_1,481.7865949162221
420,142,False,road_1_4_3_1,489.28761903868144
420,127,False,road_1_4_3_1,496.78862006102685
420,140,False,road_1_4_3_1,504.2896372495155
420,133,False,road_1_4_3_1,511.79065605503166
420,102,False,road_1_4_3_1,519.2917106439144
420,41,False,road_1_4_3_1,526.7927259146885
420,6,False,road_1_4_3_1,534.29374921195
420,80,False,road_1_4_3_1,541.7947712089742
420,79,False,road_1_4_3_1,549.2958273446126
420,56,False,road_1_4_3_1,556.7968742998352
420,23,False,road_1_4_3_1,564.297910843412
420,27,False,road_1_4_3_1,571.7989478475426
420,183,False,road_1_4_3_2,556.7968327153807
420,22,False,road_1_4_3_2,564.2979288645467
420,19,False,road_1_4_3_2,571.7989847505228
420,339,False,road_1_5_3_0,215.32091070478472
420,352,False,road_1_5_3_1,5.1
420,323,False,road_1_5_3_1,296.49225791344696
420,fake_intersection_1_4_E_1_4792,True,road_1_5_3_1,469.12
420,fake_intersection_1_4_E_1_4793,True,road_1_5_3_1,470.12
420,306,False,road_1_5_3_1,568.3141438273601
420,fake_intersection_2_1_W_1_4810,True,road_2_0_1_1,469.12
420,fake_intersection_2_1_W_1_4811,True,road_2_0_1_1,470.12
420,200,False,road_2_1_0_0,65.69112174160465
420,184,False,road_2_1_0_0,249.5713448911374
420,175,False,road_2_1_0_0,290.6749713486958
420,210,False,road_2_1_0_1,188.47271177676697
420,fake_intersection_3_1_S_1_4834,True,road_2_1_0_1,618.24
420,fake_intersection_3_1_S_1_4835,True,road_2_1_0_1,619.24
420,221,False,road_2_1_3_0,323.3236557228633
420,50,False,road_2_2_0_0,258.3950458013892
420,207,False,road_2_2_0_1,6.511402092677049
420,123,False,road_2_2_0_1,580.1826329137182
420,44,False,road_2_2_0_1,681.9112257233058
420,152,False,road_2_2_1_0,226.1485019700455
420,91,False,road_2_2_1_1,447.130885234888
420,fake_intersection_2_3_W_1_4824,True,road_2_2_1_1,458.24
420,fake_intersection_2_3_W_1_4825,True,road_2_2_1_1,459.24
420,120,False,road_2_2_1_1,564.2951655021764
420,33,False,road_2_2_1_1,571.7989512852479
420,fake_intersection_2_3_W_2_4826,True,road_2_2_1_2,458.24
420,fake_intersection_2_3_W_2_4827,True,road_2_2_1_2,459.24
420,fake_intersection_1_2_N_1_4774,True,road_2_2_2_1,618.24
420,fake_intersection_1_2_N_1_4775,True,road_2_2_2_1,619.24
420,63,False,road_2_2_2_1,771.7989637820486
420,fake_intersection_1_2_N_2_4776,True,road_2_2_2_2,618.24
420,fake_intersection_1_2_N_2_4777,True,road_2_2_2_2,619.24
420,fake_intersection_2_1_E_1_4806,True,road_2_2_3_1,458.24
420,fake_intersection_2_1_E_1_4807,True,road_2_2_3_1,459.24
420,151,False,road_2_2_3_1,571.7989417208323
420,fake_intersection_2_1_E_2_4808,True,road_2_2_3_2,458.24
420,fake_intersection_2_1_E_2_4809,True,road_2_2_3_2,459.24
420,121,False,road_2_3_0_1,133.54723326294464
420,7,False,road_2_3_1_0,55.36311242556211
420,128,False,road_2_3_2_0,161.2642068320669
420,fake_intersection_1_3_N_1_4782,True,road_2_3_2_1,618.24
420,fake_intersection_1_3_N_1_4783,True,road_2_3_2_1,619.24
420,16,False,road_2_3_2_1,677.0168598617563
420,fake_intersection_1_3_N_2_4784,True,road_2_3_2_2,618.24
420,fake_intersection_1_3_N_2_4785,True,road_2_3_2_2,619.24
420,35,False,road_2_3_2_2,771.7989851420144
420,186,False,road_2_4_0_0,728.4172235579211
420,fake_intersection_3_4_S_1_4854,True,road_2_4_0_1,618.24
420,fake_intersection_3_4_S_1_4855,True,road_2_4_0_1,619.24
420,64,False,road_2_4_0_1,771.7989491181652
420,fake_intersection_3_4_S_2_4856,True,road_2_4_0_2,618.24
420,fake_intersection_3_4_S_2_4857,True,road_2_4_0_2,619.24
420,83,False,road_2_4_0_2,771.7989933468588
420,fake_intersection_1_4_N_1_4794,True,road_2_4_2_1,618.24
420,fake_intersection_1_4_N_1_4795,True,road_2_4_2_1,619.24
420,fake_intersection_1_4_N_2_4796,True,road_2_4_2_2,618.24
420,fake_intersection_1_4_N_2_4797,True,road_2_4_2_2,619.24
420,39,False,road_2_4_3_1,564.2978546503266
420,61,False,road_2_4_3_1,571.7989518358123
420,fake_intersection_2_3_E_2_4816,True,road_2_4_3_2,458.24
420,fake_intersection_2_3_E_2_4817,True,road_2_4_3_2,459.24
420,72,False,road_2_4_3_2,564.2979320177367
420,13,False,road_2_4_3_2,571.7989525068753
420,148,False,road_3_1_0_0,172.95526294675344
420,161,False,road_3_1_0_1,63.81322991587996
420,143,False,road_3_1_0_1,428.80408921708414
420,fake_intersection_4_1_S_1_4866,True,road_3_1_0_1,618.24
420,fake_intersection_4_1_S_1_4867,True,road_3_1_0_1,619.24
420,59,False,road_3_1_1_1,571.7989866918637
420,fake_intersection_2_1_N_1_4800,True,road_3_1_2_1,618.24
420,fake_intersection_2_1_N_1_4801,True,road_3_1_2_1,619.24
420,fake_intersection_2_1_N_2_4802,True,road_3_1_2_2,618.24
420,fake_intersection_2_1_N_2_4803,True,road_3_1_2_2,619.24
420,82,False,road_3_2_0_0,398.5737447542482
420,fake_intersection_4_2_S_1_4876,True,road_3_2_0_1,618.24
420,fake_intersection_4_2_S_1_4877,True,road_3_2_0_1,619.24
420,fake_intersection_4_2_S_2_4878,True,road_3_2_0_2,618.24
420,fake_intersection_4_2_S_2_4879,True,road_3_2_0_2,619.24
420,180,False,road_3_3_0_0,72.15760635003755
420,fake_intersection_4_3_S_1_4886,True,road_3_3_0_1,618.24
420,fake_intersection_4_3_S_1_4887,True,road_3_3_0_1,619.24
420,212,False,road_3_3_1_1,50.81590581699028
420,fake_intersection_3_4_W_1_4850,True,road_3_3_1_1,458.24
420,fake_intersection_3_4_W_1_4851,True,road_3_3_1_1,459.24
420,fake_intersection_3_4_W_2_4852,True,road_3_3_1_2,458.24
420,fake_intersection_3_4_W_2_4853,True,road_3_3_1_2,459.24
420,49,False,road_3_3_2_0,192.29849689956478
420,198,False,road_3_3_2_0,292.4797066011545
420,158,False,road_3_3_2_1,510.028638062434
420,fake_intersection_2_3_N_1_4818,True,road_3_3_2_1,618.24
420,fake_intersection_2_3_N_1_4819,True,road_3_3_2_1,619.24
420,fake_intersection_2_3_N_2_4820,True,road_3_3_2_2,618.24
420,fake_intersection_2_3_N_2_4821,True,road_3_3_2_2,619.24
420,fake_intersection_4_4_S_1_4892,True,road_3_4_0_1,618.24
420,fake_intersection_4_4_S_1_4893,True,road_3_4_0_1,619.24
420,47,False,road_3_4_0_1,741.7948269375124
420,9,False,road_3_4_0_1,749.2958272573236
420,53,False,road_3_4_0_1,756.7968465444304
420,51,False,road_3_4_0_1,764.297883076179
420,37,False,road_3_4_0_1,771.7989017319449
420,fake_intersection_4_4_S_2_4894,True,road_3_4_0_2,618.24
420,fake_intersection_4_4_S_2_4895,True,road_3_4_0_2,619.24
420,178,False,road_3_4_1_0,35.9598976735208
420,138,False,road_3_4_1_0,161.53520928810033
420,fake_intersection_2_4_N_1_4828,True,road_3_4_2_1,618.24
420,fake_intersection_2_4_N_1_4829,True,road_3_4_2_1,619.24
420,30,False,road_3_4_2_2,771.7989155793821
420,17,False,road_3_4_3_1,571.7989103776712
420,fake_intersection_3_4_E_1_4842,True,road_3_5_3_1,469.12
420,fake_intersection_3_4_E_1_4843,True,road_3_5_3_1,470.12
420,fake_intersection_3_4_E_2_4844,True,road_3_5_3_2,469.12
420,fake_intersection_3_4_E_2_4845,True,road_3_5_3_2,470.12
420,329,False,road_4_0_1_0,240.68863509794264
420,349,False,road_4_0_1_1,27.32531549524461
420,308,False,road_4_0_1_1,472.8687203538097
420,242,False,road_4_0_1_1,480.38455753970584
420,238,False,road_4_0_1_1,487.8855651452912
420,228,False,road_4_0_1_1,495.38661338524423
420,218,False,road_4_0_1_1,502.8876319246422
420,197,False,road_4_0_1_1,510.38863320897235
420,189,False,road_4_0_1_1,517.8896963306137
420,177,False,road_4_0_1_1,525.3906964045054
420,167,False,road_4_0_1_1,532.8917442186294
420,157,False,road_4_0_1_1,540.3927921719892
420,126,False,road_4_0_1_1,547.8938143191779
420,105,False,road_4_0_1_1,555.3948370422622
420,74,False,road_4_0_1_1,562.8958804751306
420,54,False,road_4_0_1_1,570.3968991281677
420,34,False,road_4_0_1_1,577.8979626755071
420,24,False,road_4_0_1_1,585.3989709774777
420,137,False,road_4_0_1_2,562.8959172536753
420,116,False,road_4_0_1_2,570.3969448594623
420,97,False,road_4_0_1_2,577.8979548004972
420,45,False,road_4_0_1_2,585.3989571672523
420,287,False,road_4_1_0_0,72.20540620371489
420,266,False,road_4_1_0_0,375.44390963821894
420,fake_intersection_4_2_W_1_4872,True,road_4_1_1_1,458.24
420,fake_intersection_4_2_W_1_4873,True,road_4_1_1_1,459.24
420,fake_intersection_4_2_W_2_4874,True,road_4_1_1_2,458.24
420,fake_intersection_4_2_W_2_4875,True,road_4_1_1_2,459.24
420,14,False,road_4_1_2_0,482.97096819129644
420,fake_intersection_3_1_N_1_4832,True,road_4_1_2_1,618.24
420,fake_intersection_3_1_N_1_4833,True,road_4_1_2_1,619.24
420,100,False,road_4_1_3_0,143.8388935917822
420,0,False,road_4_2_0_0,121.2007139752603
420,62,False,road_4_2_0_0,464.4862382823899
420,208,False,road_4_2_1_1,571.7989408224968
420,271,False,road_4_2_2_0,6.400755241003051
420,246,False,road_4_2_2_0,394.30227232061276
420,236,False,road_4_2_2_0,534.0915746119055
420,fake_intersection_3_2_N_2_4836,True,road_4_2_2_2,618.24
420,fake_intersection_3_2_N_2_4837,True,road_4_2_2_2,619.24
420,fake_intersection_4_1_E_1_4858,True,road_4_2_3_1,458.24
420,fake_intersection_4_1_E_1_4859,True,road_4_2_3_1,459.24
420,fake_intersection_4_1_E_2_4860,True,road_4_2_3_2,458.24
420,fake_intersection_4_1_E_2_4861,True,road_4_2_3_2,459.24
420,262,False,road_4_3_1_1,315.29849389952466
420,fake_intersection_4_4_W_1_4890,True,road_4_3_1_1,458.24
420,fake_intersection_4_4_W_1_4891,True,road_4_3_1_1,459.24
420,277,False,road_4_3_2_0,278.53094367262213
420,250,False,road_4_3_2_0,342.411648066243
420,241,False,road_4_3_2_0,458.7757683820161
420,293,False,road_4_3_2_1,3.7181787879661705
420,229,False,road_4_3_2_1,564.7404631298033
420,fake_intersection_3_3_N_1_4838,True,road_4_3_2_1,618.24
420,fake_intersection_3_3_N_1_4839,True,road_4_3_2_1,619.24
420,fake_intersection_3_3_N_2_4840,True,road_4_3_2_2,618.24
420,fake_intersection_3_3_N_2_4841,True,road_4_3_2_2,619.24
420,fake_intersection_4_2_E_1_4868,True,road_4_3_3_1,458.24
420,fake_intersection_4_2_E_1_4869,True,road_4_3_3_1,459.24
420,117,False,road_4_3_3_1,564.2978363232143
420,107,False,road_4_3_3_1,571.7989339901593
420,fake_intersection_4_2_E_2_4870,True,road_4_3_3_2,458.24
420,fake_intersection_4_2_E_2_4871,True,road_4_3_3_2,459.24
420,220,False,road_4_4_0_0,113.24829755409363
420,169,False,road_4_4_0_0,660.9280622602959
420,289,False,road_4_4_1_0,60.696978091341435
420,273,False,road_4_4_1_0,103.38170013172466
420,264,False,road_4_4_1_0,355.45573772597686
420,214,False,road_4_4_1_0,506.2155770004702
420,219,False,road_4_4_1_0,531.3805926906649
420,225,False,road_4_4_1_1,529.9186553781824
420,190,False,road_4_4_2_0,331.01898930120444
420,fake_intersection_3_4_N_1_4846,True,road_4_4_2_1,618.24
420,fake_intersection_3_4_N_1_4847,True,road_4_4_2_1,619.24
420,163,False,road_4_4_2_1,734.2937900616366
420,131,False,road_4_4_2_1,741.7948879583921
420,119,False,road_4_4_2_1,749.2958964981461
420,92,False,road_4_4_2_1,756.7969342743186
420,109,False,road_4_4_2_1,764.2979723922394
420,103,False,road_4_4_2_1,771.7989727513682
420,fake_intersection_3_4_N_2_4848,True,road_4_4_2_2,618.24
420,fake_intersection_3_4_N_2_4849,True,road_4_4_2_2,619.24
420,81,False,road_4_4_2_2,771.7989874836612
420,86,False,road_4_4_3_0,309.16429440420364
420,fake_intersection_4_1_N_1_4862,True,road_5_1_2_1,629.12
420,fake_intersection_4_1_N_1_4863,True,road_5_1_2_1,630.12
420,fake_intersection_4_1_N_2_4864,True,road_5_1_2_2,629.12
420,fake_intersection_4_1_N_2_4865,True,road_5_1_2_2,630.12
420,321,False,road_5_2_2_0,318.7155193780875
420,310,False,road_5_2_2_0,462.1724490684843
420,346,False,road_5_2_2_1,86.27378248247145
420,334,False,road_5_2_2_1,265.9929027303574
420,fake_intersection_4_2_N_1_4880,True,road_5_2_2_1,629.12
420,fake_intersection_4_2_N_1_4881,True,road_5_2_2_1,630.12
420,298,False,road_5_2_2_1,656.4597465044385
420,fake_intersection_4_2_N_2_4882,True,road_5_2_2_2,629.12
420,fake_intersection_4_2_N_2_4883,True,road_5_2_2_2,630.12
420,258,False,road_5_2_2_2,785.3989721904102
420,353,False,road_5_3_2_0,5.1
420,340,False,road_5_3_2_0,201.66772129140912
420,307,False,road_5_3_2_0,529.869214267026
420,325,False,road_5_3_2_1,363.2911948207378
420,fake_intersection_4_3_N_1_4884,True,road_5_3_2_1,629.12
420,fake_intersection_4_3_N_1_4885,True,road_5_3_2_1,630.12
420,343,False,road_5_4_2_0,105.44594258232073
420,337,False,road_5_4_2_0,179.24521129009653
420,332,False,road_5_4_2_0,247.68017709784883
420,327,False,road_5_4_2_0,284.4880181437744
420,300,False,road_5_4_2_0,636.7589631888318
420,295,False,road_5_4_2_0,656.7964531293826
420,348,False,road_5_4_2_1,51.35951455329702
420,319,False,road_5_4_2_1,407.69390891337724
420,316,False,road_5_4_2_1,465.1538170224595
420,313,False,road_5_4_2_1,520.9233773269788
420,304,False,road_5_4_2_1,539.814510368151
420,283,False,road_5_4_2_1,702.8873039076007
420,280,False,road_5_4_2_1,710.3883196340677
420,268,False,road_5_4_2_1,717.8894167205933
420,256,False,road_5_4_2_1,725.390421227733
420,253,False,road_5_4_2_1,732.891462598536
420,244,False,road_5_4_2_1,740.3924982110943
420,234,False,road_5_4_2_1,747.8935625359286
420,230,False,road_5_4_2_1,755.394587830096
420,206,False,road_5_4_2_1,762.8956213105093
420,187,False,road_5_4_2_1,770.3967137256591
420,174,False,road_5_4_2_1,777.8978116531808
420,171,False,road_5_4_2_1,785.3989081225037
420,fake_intersection_4_4_N_2_4888,True,road_5_4_2_2,629.12
420,fake_intersection_4_4_N_2_4889,True,road_5_4_2_2,630.12
420,181,False,road_5_4_2_2,777.8978722616686
420,146,False,road_5_4_2_2,785.3989106336303
430,290,False,:intersection_1_4_27_1,9.122840596160326
430,44,False,:intersection_3_2_30_1,19.886922669570914
430,347,False,road_0_1_0_0,132.10209336237628
430,342,False,road_0_1_0_0,223.0630875155474
430,331,False,road_0_1_0_0,356.31789123593387
430,326,False,road_0_1_0_0,386.20874481170756
430,358,False,road_0_1_0_1,40.23461081099925
430,354,False,road_0_1_0_1,97.06670371475589
430,336,False,road_0_1_0_1,335.0707184686899
430,318,False,road_0_1_0_1,562.7305567591642
430,315,False,road_0_1_0_1,628.226925523485
430,fake_intersection_1_1_S_1_4898,True,road_0_1_0_1,629.12
430,fake_intersection_1_1_S_1_4899,True,road_0_1_0_1,630.12
430,312,False,road_0_1_0_1,669.9814062701976
430,303,False,road_0_1_0_1,692.4813388777713
430,360,False,road_0_2_0_0,41.97147224422714
430,345,False,road_0_2_0_0,151.60704580092278
430,333,False,road_0_2_0_0,292.7079257232304
430,320,False,road_0_2_0_0,554.1815004949278
430,309,False,road_0_2_0_0,652.8230505342453
430,297,False,road_0_2_0_0,700.6984626146466
430,fake_intersection_1_2_S_1_4914,True,road_0_2_0_1,629.12
430,fake_intersection_1_2_S_1_4915,True,road_0_2_0_1,630.12
430,284,False,road_0_2_0_1,681.2470500445618
430,270,False,road_0_2_0_1,770.3968579291762
430,245,False,road_0_2_0_1,777.8978611463334
430,235,False,road_0_2_0_1,785.3989547030759
430,fake_intersection_1_2_S_2_4916,True,road_0_2_0_2,629.12
430,fake_intersection_1_2_S_2_4917,True,road_0_2_0_2,630.12
430,257,False,road_0_2_0_2,777.8979383275852
430,90,False,road_0_2_0_2,785.3989562573796
430,fake_intersection_1_3_S_1_4926,True,road_0_3_0_1,629.12
430,fake_intersection_1_3_S_1_4927,True,road_0_3_0_1,630.12
430,356,False,road_0_4_0_0,94.6473899820456
430,350,False,road_0_4_0_0,133.5480748242402
430,344,False,road_0_4_0_0,173.77211521265272
430,341,False,road_0_4_0_0,219.94471249870455
430,330,False,road_0_4_0_0,338.8163969049663
430,317,False,road_0_4_0_0,502.75480651125696
430,314,False,road_0_4_0_0,638.8474536216988
430,302,False,road_0_4_0_0,658.2993152226293
430,357,False,road_0_4_0_1,27.84128091073037
430,335,False,road_0_4_0_1,262.57978014430336
430,328,False,road_0_4_0_1,392.51659151673874
430,324,False,road_0_4_0_1,414.85910999685257
430,311,False,road_0_4_0_1,492.85852243843215
430,301,False,road_0_4_0_1,500.35955205872625
430,296,False,road_0_4_0_1,507.86064421250177
430,281,False,road_0_4_0_1,515.3616918855839
430,278,False,road_0_4_0_1,522.862725582593
430,269,False,road_0_4_0_1,530.3637469177118
430,259,False,road_0_4_0_1,537.8647483869244
430,265,False,road_0_4_0_1,545.365849180377
430,254,False,road_0_4_0_1,552.8668948656335
430,251,False,road_0_4_0_1,560.3678979981578
430,237,False,road_0_4_0_1,567.8689552941847
430,233,False,road_0_4_0_1,575.3700042220383
430,231,False,road_0_4_0_1,582.8710883418682
430,226,False,road_0_4_0_1,590.372115558004
430,223,False,road_0_4_0_1,597.87311609928
430,211,False,road_0_4_0_1,605.3741677166983
430,199,False,road_0_4_0_1,612.8751999378156
430,205,False,road_0_4_0_1,620.3762031672828
430,202,False,road_0_4_0_1,627.8772052140789
430,194,False,road_0_4_0_1,635.3782794073513
430,191,False,road_0_4_0_1,642.8793167211014
430,188,False,road_0_4_0_1,650.3804152469011
430,182,False,road_0_4_0_1,657.8814452552595
430,176,False,road_0_4_0_1,665.3824771274606
430,168,False,road_0_4_0_1,672.8834933965627
430,160,False,road_0_4_0_1,680.3845109654097
430,144,False,road_0_4_0_1,687.8855201007306
430,153,False,road_0_4_0_1,695.3865616417746
430,150,False,road_0_4_0_1,702.8875679582106
430,136,False,road_0_4_0_1,710.3885682058954
430,134,False,road_0_4_0_1,717.8896286855951
430,124,False,road_0_4_0_1,725.3906795288144
430,122,False,road_0_4_0_1,732.8916847075485
430,110,False,road_0_4_0_1,740.3927232092798
430,104,False,road_0_4_0_1,747.8937613144855
430,108,False,road_0_4_0_1,755.3948052307136
430,101,False,road_0_4_0_1,762.8958260133331
430,96,False,road_0_4_0_1,770.3968573601849
430,88,False,road_0_4_0_1,777.8978713079902
430,85,False,road_0_4_0_1,785.3989423730433
430,213,False,road_0_4_0_2,732.8917321253386
430,195,False,road_0_4_0_2,740.3927709707751
430,164,False,road_0_4_0_2,747.8937941740246
430,130,False,road_0_4_0_2,755.3948005896773
430,115,False,road_0_4_0_2,762.895824550185
430,118,False,road_0_4_0_2,770.3968643742542
430,93,False,road_0_4_0_2,777.8978932754937
430,69,False,road_0_4_0_2,785.3989879656378
430,351,False,road_1_0_1_0,90.93361926032757
430,338,False,road_1_0_1_1,265.56409021540435
430,322,False,road_1_0_1_1,391.01187799141996
430,305,False,road_1_0_1_1,510.3885512962523
430,291,False,road_1_0_1_1,517.8896536068149
430,275,False,road_1_0_1_1,525.3906647543819
430,203,False,road_1_0_1_1,532.8917586810945
430,185,False,road_1_0_1_1,540.3928497049037
430,165,False,road_1_0_1_1,547.8938894346898
430,132,False,road_1_0_1_1,555.3949439234823
430,111,False,road_1_0_1_1,562.8959783957997
430,77,False,road_1_0_1_1,570.3969840486556
430,57,False,road_1_0_1_1,577.897986719655
430,21,False,road_1_0_1_1,585.3989910327766
430,247,False,road_1_0_1_2,585.3989791711863
430,294,False,road_1_1_0_0,22.01257981099836
430,282,False,road_1_1_0_0,55.34982593299635
430,279,False,road_1_1_0_0,107.61613605748917
430,260,False,road_1_1_0_0,266.2667616138941
430,252,False,road_1_1_0_0,459.71794481585385
430,243,False,road_1_1_0_0,531.4500303973658
430,299,False,road_1_1_0_1,4.465027080968774
430,fake_intersection_2_1_S_1_4940,True,road_1_1_0_1,618.24
430,fake_intersection_2_1_S_1_4941,True,road_1_1_0_1,619.24
430,224,False,road_1_1_0_1,764.6642218104363
430,263,False,road_1_1_1_0,297.7580698570619
430,255,False,road_1_1_1_1,34.15068798447797
430,fake_intersection_1_2_W_1_4906,True,road_1_1_1_1,458.24
430,fake_intersection_1_2_W_1_4907,True,road_1_1_1_1,459.24
430,5,False,road_1_1_1_1,511.10661075046266
430,32,False,road_1_1_1_1,571.7989524919927
430,fake_intersection_1_2_W_2_4908,True,road_1_1_1_2,458.24
430,fake_intersection_1_2_W_2_4909,True,road_1_1_1_2,459.24
430,288,False,road_1_1_3_0,93.34396103474168
430,267,False,road_1_1_3_0,177.4440619211669
430,272,False,road_1_1_3_0,285.2024472799653
430,3,False,road_1_1_3_1,63.883187975621446
430,fake_intersection_2_2_S_1_4948,True,road_1_2_0_1,618.24
430,fake_intersection_2_2_S_1_4949,True,road_1_2_0_1,619.24
430,fake_intersection_2_2_S_2_4950,True,road_1_2_0_2,618.24
430,fake_intersection_2_2_S_2_4951,True,road_1_2_0_2,619.24
430,fake_intersection_1_3_W_1_4922,True,road_1_2_1_1,458.24
430,fake_intersection_1_3_W_1_4923,True,road_1_2_1_1,459.24
430,4,False,road_1_2_1_1,571.7989320868487
430,fake_intersection_1_3_W_2_4924,True,road_1_2_1_2,458.24
430,fake_intersection_1_3_W_2_4925,True,road_1_2_1_2,459.24
430,179,False,road_1_2_3_1,571.791900247913
430,fake_intersection_1_1_E_2_4896,True,road_1_2_3_2,458.24
430,fake_intersection_1_1_E_2_4897,True,road_1_2_3_2,459.24
430,fake_intersection_2_3_S_1_4956,True,road_1_3_0_1,618.24
430,fake_intersection_2_3_S_1_4957,True,road_1_3_0_1,619.24
430,fake_intersection_2_3_S_2_4958,True,road_1_3_0_2,618.24
430,fake_intersection_2_3_S_2_4959,True,road_1_3_0_2,619.24
430,67,False,road_1_3_1_0,132.47326260467426
430,71,False,road_1_3_2_0,499.69224330967813
430,204,False,road_1_3_2_0,769.3478882406943
430,fake_intersection_1_2_E_1_4902,True,road_1_3_3_1,458.24
430,fake_intersection_1_2_E_1_4903,True,road_1_3_3_1,459.24
430,fake_intersection_1_2_E_2_4904,True,road_1_3_3_2,458.24
430,fake_intersection_1_2_E_2_4905,True,road_1_3_3_2,459.24
430,fake_intersection_2_4_S_1_4966,True,road_1_4_0_1,618.24
430,fake_intersection_2_4_S_1_4967,True,road_1_4_0_1,619.24
430,52,False,road_1_4_1_0,338.6385267044627
430,2,False,road_1_4_1_0,362.9385264255152
430,11,False,road_1_4_1_0,486.9332191282431
430,240,False,road_1_4_2_0,684.2095805372751
430,261,False,road_1_4_2_0,727.4989164887364
430,274,False,road_1_4_3_0,69.81696823779208
430,276,False,road_1_4_3_0,250.13020805244787
430,286,False,road_1_4_3_1,23.27006391394298
430,306,False,road_1_4_3_1,60.38737077400514
430,292,False,road_1_4_3_1,295.2754861652338
430,249,False,road_1_4_3_1,421.77811361847796
430,222,False,road_1_4_3_1,429.2792125300779
430,227,False,road_1_4_3_1,436.7802259511513
430,217,False,road_1_4_3_1,444.2812943823954
430,215,False,road_1_4_3_1,451.7823378141692
430,172,False,road_1_4_3_1,459.2834358577733
430,173,False,road_1_4_3_1,466.7845128058187
430,162,False,road_1_4_3_1,474.2855260517467
430,166,False,road_1_4_3_1,481.7865949162221
430,142,False,road_1_4_3_1,489.28761903868144
430,127,False,road_1_4_3_1,496.78862006102685
430,140,False,road_1_4_3_1,504.2896372495155
430,133,False,road_1_4_3_1,511.79065605503166
430,102,False,road_1_4_3_1,519.2917106439144
430,41,False,road_1_4_3_1,526.7927259146885
430,6,False,road_1_4_3_1,534.29374921195
430,80,False,road_1_4_3_1,541.7947712089742
430,79,False,road_1_4_3_1,549.2958273446126
430,56,False,road_1_4_3_1,556.7968742998352
430,23,False,road_1_4_3_1,564.297910843412
430,27,False,road_1_4_3_1,571.7989478475426
430,183,False,road_1_4_3_2,556.7968327153807
430,22,False,road_1_4_3_2,564.2979288645467
430,19,False,road_1_4_3_2,571.7989847505228
430,352,False,road_1_5_3_0,104.35473049434775
430,339,False,road_1_5_3_1,337.8491155917351
430,323,False,road_1_5_3_1,381.5864553255349
430,fake_intersection_1_4_E_1_4928,True,road_1_5_3_1,469.12
430,fake_intersection_1_4_E_1_4929,True,road_1_5_3_1,470.12
430,fake_intersection_1_4_E_2_4930,True,road_1_5_3_2,469.12
430,fake_intersection_1_4_E_2_4931,True,road_1_5_3_2,470.12
430,fake_intersection_2_1_W_1_4946,True,road_2_0_1_1,469.12
430,fake_intersection_2_1_W_1_4947,True,road_2_0_1_1,470.12
430,200,False,road_2_1_0_0,163.50498801675715
430,210,False,road_2_1_0_0,305.65739008281827
430,184,False,road_2_1_0_0,348.9622536435933
430,175,False,road_2_1_0_0,386.49429024654154
430,239,False,road_2_1_0_1,106.6018757974719
430,fake_intersection_3_1_S_1_4968,True,road_2_1_0_1,618.24
430,fake_intersection_3_1_S_1_4969,True,road_2_1_0_1,619.24
430,fake_intersection_3_1_S_2_4970,True,road_2_1_0_2,618.24
430,fake_intersection_3_1_S_2_4971,True,road_2_1_0_2,619.24
430,fake_intersection_1_1_N_1_4900,True,road_2_1_2_1,618.24
430,fake_intersection_1_1_N_1_4901,True,road_2_1_2_1,619.24
430,216,False,road_2_1_3_0,8.43375579653838
430,221,False,road_2_1_3_0,446.2781206504142
430,207,False,road_2_2_0_0,106.23032454181163
430,50,False,road_2_2_0_0,345.30376019189555
430,fake_intersection_3_2_S_1_4978,True,road_2_2_0_1,618.24
430,fake_intersection_3_2_S_1_4979,True,road_2_2_0_1,619.24
430,123,False,road_2_2_0_1,688.4664612939104
430,fake_intersection_3_2_S_2_4980,True,road_2_2_0_2,618.24
430,fake_intersection_3_2_S_2_4981,True,road_2_2_0_2,619.24
430,152,False,road_2_2_1_1,338.64180078200263
430,fake_intersection_2_3_W_1_4960,True,road_2_2_1_1,458.24
430,fake_intersection_2_3_W_1_4961,True,road_2_2_1_1,459.24
430,91,False,road_2_2_1_1,540.6348267621155
430,120,False,road_2_2_1_1,564.2979433006939
430,33,False,road_2_2_1_1,571.7989512852479
430,fake_intersection_2_3_W_2_4962,True,road_2_2_1_2,458.24
430,fake_intersection_2_3_W_2_4963,True,road_2_2_1_2,459.24
430,fake_intersection_1_2_N_1_4910,True,road_2_2_2_1,618.24
430,fake_intersection_1_2_N_1_4911,True,road_2_2_2_1,619.24
430,63,False,road_2_2_2_1,771.7989637820486
430,fake_intersection_1_2_N_2_4912,True,road_2_2_2_2,618.24
430,fake_intersection_1_2_N_2_4913,True,road_2_2_2_2,619.24
430,fake_intersection_2_1_E_1_4942,True,road_2_2_3_1,458.24
430,fake_intersection_2_1_E_1_4943,True,road_2_2_3_1,459.24
430,151,False,road_2_2_3_1,571.7989417208323
430,fake_intersection_2_1_E_2_4944,True,road_2_2_3_2,458.24
430,fake_intersection_2_1_E_2_4945,True,road_2_2_3_2,459.24
430,121,False,road_2_3_0_1,250.92620624119056
430,fake_intersection_3_3_S_2_4992,True,road_2_3_0_2,618.24
430,fake_intersection_3_3_S_2_4993,True,road_2_3_0_2,619.24
430,7,False,road_2_3_1_0,147.98623927647762
430,128,False,road_2_3_2_0,278.2595815553661
430,fake_intersection_1_3_N_1_4918,True,road_2_3_2_1,618.24
430,fake_intersection_1_3_N_1_4919,True,road_2_3_2_1,619.24
430,16,False,road_2_3_2_1,767.9650497687165
430,fake_intersection_1_3_N_2_4920,True,road_2_3_2_2,618.24
430,fake_intersection_1_3_N_2_4921,True,road_2_3_2_2,619.24
430,35,False,road_2_3_2_2,771.7989851420144
430,fake_intersection_3_4_S_1_5012,True,road_2_4_0_1,618.24
430,fake_intersection_3_4_S_1_5013,True,road_2_4_0_1,619.24
430,64,False,road_2_4_0_1,771.7989491181652
430,fake_intersection_3_4_S_2_5014,True,road_2_4_0_2,618.24
430,fake_intersection_3_4_S_2_5015,True,road_2_4_0_2,619.24
430,83,False,road_2_4_0_2,771.7989933468588
430,fake_intersection_1_4_N_1_4932,True,road_2_4_2_1,618.24
430,fake_intersection_1_4_N_1_4933,True,road_2_4_2_1,619.24
430,fake_intersection_1_4_N_2_4934,True,road_2_4_2_2,618.24
430,fake_intersection_1_4_N_2_4935,True,road_2_4_2_2,619.24
430,39,False,road_2_4_3_1,564.2978546503266
430,61,False,road_2_4_3_1,571.7989518358123
430,fake_intersection_2_3_E_2_4952,True,road_2_4_3_2,458.24
430,fake_intersection_2_3_E_2_4953,True,road_2_4_3_2,459.24
430,72,False,road_2_4_3_2,564.2979320177367
430,13,False,road_2_4_3_2,571.7989525068753
430,161,False,road_3_1_0_0,176.07760159881656
430,148,False,road_3_1_0_0,273.67401267849954
430,fake_intersection_4_1_S_1_5024,True,road_3_1_0_1,618.24
430,fake_intersection_4_1_S_1_5025,True,road_3_1_0_1,619.24
430,143,False,road_3_1_0_2,548.8245127204304
430,fake_intersection_3_2_W_1_4984,True,road_3_1_1_1,458.24
430,fake_intersection_3_2_W_1_4985,True,road_3_1_1_1,459.24
430,59,False,road_3_1_1_1,571.7989866918637
430,fake_intersection_3_2_W_2_4986,True,road_3_1_1_2,458.24
430,fake_intersection_3_2_W_2_4987,True,road_3_1_1_2,459.24
430,fake_intersection_2_1_N_1_4936,True,road_3_1_2_1,618.24
430,fake_intersection_2_1_N_1_4937,True,road_3_1_2_1,619.24
430,fake_intersection_2_1_N_2_4938,True,road_3_1_2_2,618.24
430,fake_intersection_2_1_N_2_4939,True,road_3_1_2_2,619.24
430,82,False,road_3_2_0_0,505.10708894285926
430,fake_intersection_4_2_S_1_5034,True,road_3_2_0_1,618.24
430,fake_intersection_4_2_S_1_5035,True,road_3_2_0_1,619.24
430,fake_intersection_4_2_S_2_5036,True,road_3_2_0_2,618.24
430,fake_intersection_4_2_S_2_5037,True,road_3_2_0_2,619.24
430,fake_intersection_3_3_W_1_4998,True,road_3_2_1_1,458.24
430,fake_intersection_3_3_W_1_4999,True,road_3_2_1_1,459.24
430,180,False,road_3_3_0_0,187.24219564725558
430,fake_intersection_4_3_S_1_5044,True,road_3_3_0_1,618.24
430,fake_intersection_4_3_S_1_5045,True,road_3_3_0_1,619.24
430,212,False,road_3_3_1_0,156.7832557908327
430,fake_intersection_3_4_W_1_5008,True,road_3_3_1_1,458.24
430,fake_intersection_3_4_W_1_5009,True,road_3_3_1_1,459.24
430,fake_intersection_3_4_W_2_5010,True,road_3_3_1_2,458.24
430,fake_intersection_3_4_W_2_5011,True,road_3_3_1_2,459.24
430,49,False,road_3_3_2_0,280.00774233883305
430,198,False,road_3_3_2_0,406.32278118294715
430,fake_intersection_2_3_N_1_4954,True,road_3_3_2_1,618.24
430,fake_intersection_2_3_N_1_4955,True,road_3_3_2_1,619.24
430,158,False,road_3_3_2_2,607.180439160926
430,fake_intersection_3_2_E_1_4982,True,road_3_3_3_1,458.24
430,fake_intersection_3_2_E_1_4983,True,road_3_3_3_1,459.24
430,fake_intersection_4_4_S_1_5050,True,road_3_4_0_1,618.24
430,fake_intersection_4_4_S_1_5051,True,road_3_4_0_1,619.24
430,47,False,road_3_4_0_1,741.7948269375124
430,9,False,road_3_4_0_1,749.2958272573236
430,53,False,road_3_4_0_1,756.7968465444304
430,51,False,road_3_4_0_1,764.297883076179
430,37,False,road_3_4_0_1,771.7989017319449
430,fake_intersection_4_4_S_2_5052,True,road_3_4_0_2,618.24
430,fake_intersection_4_4_S_2_5053,True,road_3_4_0_2,619.24
430,178,False,road_3_4_1_0,149.7455506784183
430,138,False,road_3_4_1_0,265.02832363852997
430,fake_intersection_2_4_N_1_4964,True,road_3_4_2_1,618.24
430,fake_intersection_2_4_N_1_4965,True,road_3_4_2_1,619.24
430,30,False,road_3_4_2_2,771.7989155793821
430,186,False,road_3_4_3_0,43.192792032752536
430,fake_intersection_3_3_E_1_4994,True,road_3_4_3_1,458.24
430,fake_intersection_3_3_E_1_4995,True,road_3_4_3_1,459.24
430,17,False,road_3_4_3_1,571.7989103776712
430,fake_intersection_3_3_E_2_4996,True,road_3_4_3_2,458.24
430,fake_intersection_3_3_E_2_4997,True,road_3_4_3_2,459.24
430,fake_intersection_3_4_E_1_5000,True,road_3_5_3_1,469.12
430,fake_intersection_3_4_E_1_5001,True,road_3_5_3_1,470.12
430,fake_intersection_3_4_E_2_5002,True,road_3_5_3_2,469.12
430,fake_intersection_3_4_E_2_5003,True,road_3_5_3_2,470.12
430,349,False,road_4_0_1_0,121.32845640513729
430,329,False,road_4_0_1_1,334.72598108813105
430,308,False,road_4_0_1_1,472.88351036982834
430,242,False,road_4_0_1_1,480.38455753970584
430,238,False,road_4_0_1_1,487.8855651452912
430,228,False,road_4_0_1_1,495.38661338524423
430,218,False,road_4_0_1_1,502.8876319246422
430,197,False,road_4_0_1_1,510.38863320897235
430,189,False,road_4_0_1_1,517.8896963306137
430,177,False,road_4_0_1_1,525.3906964045054
430,167,False,road_4_0_1_1,532.8917442186294
430,157,False,road_4_0_1_1,540.3927921719892
430,126,False,road_4_0_1_1,547.8938143191779
430,105,False,road_4_0_1_1,555.3948370422622
430,74,False,road_4_0_1_1,562.8958804751306
430,54,False,road_4_0_1_1,570.3968991281677
430,34,False,road_4_0_1_1,577.8979626755071
430,24,False,road_4_0_1_1,585.3989709774777
430,137,False,road_4_0_1_2,562.8959172536753
430,116,False,road_4_0_1_2,570.3969448594623
430,97,False,road_4_0_1_2,577.8979548004972
430,45,False,road_4_0_1_2,585.3989571672523
430,287,False,road_4_1_0_0,164.7782171770915
430,266,False,road_4_1_0_0,475.9346972540045
430,fake_intersection_4_2_W_1_5030,True,road_4_1_1_1,458.24
430,fake_intersection_4_2_W_1_5031,True,road_4_1_1_1,459.24
430,fake_intersection_4_2_W_2_5032,True,road_4_1_1_2,458.24
430,fake_intersection_4_2_W_2_5033,True,road_4_1_1_2,459.24
430,14,False,road_4_1_2_1,587.1522799389486
430,fake_intersection_3_1_N_1_4972,True,road_4_1_2_1,618.24
430,fake_intersection_3_1_N_1_4973,True,road_4_1_2_1,619.24
430,fake_intersection_3_1_N_2_4974,True,road_4_1_2_2,618.24
430,fake_intersection_3_1_N_2_4975,True,road_4_1_2_2,619.24
430,100,False,road_4_1_3_0,257.4412375305063
430,0,False,road_4_2_0_0,231.58430256867527
430,62,False,road_4_2_0_0,569.3281031238333
430,208,False,road_4_2_1_1,571.7989408224968
430,271,False,road_4_2_2_0,94.60091255941622
430,246,False,road_4_2_2_0,495.59203228134953
430,236,False,road_4_2_2_0,646.415702849385
430,285,False,road_4_2_2_1,92.00604850495864
430,fake_intersection_3_2_N_2_4976,True,road_4_2_2_2,618.24
430,fake_intersection_3_2_N_2_4977,True,road_4_2_2_2,619.24
430,fake_intersection_4_1_E_1_5016,True,road_4_2_3_1,458.24
430,fake_intersection_4_1_E_1_5017,True,road_4_2_3_1,459.24
430,fake_intersection_4_1_E_2_5018,True,road_4_2_3_2,458.24
430,fake_intersection_4_1_E_2_5019,True,road_4_2_3_2,459.24
430,262,False,road_4_3_1_1,423.70037537978266
430,fake_intersection_4_4_W_1_5048,True,road_4_3_1_1,458.24
430,fake_intersection_4_4_W_1_5049,True,road_4_3_1_1,459.24
430,293,False,road_4_3_2_0,124.2758290955957
430,277,False,road_4_3_2_0,405.7350697042808
430,250,False,road_4_3_2_0,440.7846927218965
430,241,False,road_4_3_2_1,566.4442472094167
430,fake_intersection_3_3_N_1_4988,True,road_4_3_2_1,618.24
430,fake_intersection_3_3_N_1_4989,True,road_4_3_2_1,619.24
430,229,False,road_4_3_2_1,669.7655347644245
430,fake_intersection_3_3_N_2_4990,True,road_4_3_2_2,618.24
430,fake_intersection_3_3_N_2_4991,True,road_4_3_2_2,619.24
430,fake_intersection_4_2_E_1_5026,True,road_4_3_3_1,458.24
430,fake_intersection_4_2_E_1_5027,True,road_4_3_3_1,459.24
430,117,False,road_4_3_3_1,564.2978363232143
430,107,False,road_4_3_3_1,571.7989339901593
430,fake_intersection_4_2_E_2_5028,True,road_4_3_3_2,458.24
430,fake_intersection_4_2_E_2_5029,True,road_4_3_3_2,459.24
430,220,False,road_4_4_0_0,216.2785595249636
430,169,False,road_4_4_0_0,760.4285404203935
430,289,False,road_4_4_1_0,185.96808010785702
430,273,False,road_4_4_1_0,208.39260975046017
430,264,False,road_4_4_1_0,473.61931815572297
430,190,False,road_4_4_2_0,422.8871085613421
430,fake_intersection_3_4_N_1_5004,True,road_4_4_2_1,618.24
430,fake_intersection_3_4_N_1_5005,True,road_4_4_2_1,619.24
430,163,False,road_4_4_2_1,734.2937900616366
430,131,False,road_4_4_2_1,741.7948879583921
430,119,False,road_4_4_2_1,749.2958964981461
430,92,False,road_4_4_2_1,756.7969342743186
430,109,False,road_4_4_2_1,764.2979723922394
430,103,False,road_4_4_2_1,771.7989727513682
430,fake_intersection_3_4_N_2_5006,True,road_4_4_2_2,618.24
430,fake_intersection_3_4_N_2_5007,True,road_4_4_2_2,619.24
430,81,False,road_4_4_2_2,771.7989874836612
430,86,False,road_4_4_3_0,411.6663060780303
430,fake_intersection_4_1_N_1_5020,True,road_5_1_2_1,629.12
430,fake_intersection_4_1_N_1_5021,True,road_5_1_2_1,630.12
430,fake_intersection_4_1_N_2_5022,True,road_5_1_2_2,629.12
430,fake_intersection_4_1_N_2_5023,True,road_5_1_2_2,630.12
430,361,False,road_5_2_2_0,35.190851005123804
430,346,False,road_5_2_2_0,203.72962111361903
430,321,False,road_5_2_2_0,408.9868018064734
430,334,False,road_5_2_2_1,389.2300714358269
430,310,False,road_5_2_2_1,558.1915453296651
430,fake_intersection_4_2_N_1_5038,True,road_5_2_2_1,629.12
430,fake_intersection_4_2_N_1_5039,True,road_5_2_2_1,630.12
430,298,False,road_5_2_2_1,758.6380404276965
430,fake_intersection_4_2_N_2_5040,True,road_5_2_2_2,629.12
430,fake_intersection_4_2_N_2_5041,True,road_5_2_2_2,630.12
430,258,False,road_5_2_2_2,785.3989721904102
430,353,False,road_5_3_2_0,110.99034589938265
430,340,False,road_5_3_2_0,318.68206284277113
430,307,False,road_5_3_2_0,633.4308394081049
430,325,False,road_5_3_2_1,469.3078407908946
430,fake_intersection_4_3_N_1_5042,True,road_5_3_2_1,629.12
430,fake_intersection_4_3_N_1_5043,True,road_5_3_2_1,630.12
430,355,False,road_5_4_2_0,101.30687682684531
430,343,False,road_5_4_2_0,203.5812901973777
430,337,False,road_5_4_2_0,287.97042930050696
430,332,False,road_5_4_2_0,352.18111736709363
430,327,False,road_5_4_2_0,383.95840118873895
430,300,False,road_5_4_2_0,736.3363632074004
430,295,False,road_5_4_2_0,756.0877470518753
430,359,False,road_5_4_2_1,25.20330775224695
430,348,False,road_5_4_2_1,170.82435564342487
430,319,False,road_5_4_2_1,530.2984737997748
430,313,False,road_5_4_2_1,621.8761522093176
430,304,False,road_5_4_2_1,642.3086939768328
430,283,False,road_5_4_2_1,702.8873039076007
430,280,False,road_5_4_2_1,710.3883196340677
430,268,False,road_5_4_2_1,717.8894167205933
430,256,False,road_5_4_2_1,725.390421227733
430,253,False,road_5_4_2_1,732.891462598536
430,244,False,road_5_4_2_1,740.3924982110943
430,234,False,road_5_4_2_1,747.8935625359286
430,230,False,road_5_4_2_1,755.394587830096
430,206,False,road_5_4_2_1,762.8956213105093
430,187,False,road_5_4_2_1,770.3967137256591
430,174,False,road_5_4_2_1,777.8978116531808
430,171,False,road_5_4_2_1,785.3989081225037
430,316,False,road_5_4_2_2,584.6889059050604
430,fake_intersection_4_4_N_2_5046,True,road_5_4_2_2,629.12
430,fake_intersection_4_4_N_2_5047,True,road_5_4_2_2,630.12
430,181,False,road_5_4_2_2,777.8978722616686
430,146,False,road_5_4_2_2,785.3989106336303
440,303,False,:intersection_1_1_30_0,16.93571201793049
440,297,False,:intersection_1_2_27_0,8.028806299931103
440,123,False,:intersection_3_2_30_0,22.861930681787726
440,229,False,:intersection_3_3_12_1,0.7717158720614634
440,363,False,road_0_1_0_0,71.8756781113452
440,347,False,road_0_1_0_0,215.37302790526488
440,342,False,road_0_1_0_0,325.84212321262123
440,331,False,road_0_1_0_0,463.8084669313055
440,326,False,road_0_1_0_0,483.7468740937688
440,370,False,road_0_1_0_1,16.48948893131864
440,358,False,road_0_1_0_1,155.98971725497302
440,354,False,road_0_1_0_1,199.87593656393818
440,336,False,road_0_1_0_1,456.46625264469816
440,fake_intersection_1_1_S_1_5056,True,road_0_1_0_1,629.12
440,fake_intersection_1_1_S_1_5057,True,road_0_1_0_1,630.12
440,318,False,road_0_1_0_1,688.830462460326
440,315,False,road_0_1_0_1,750.4128118050022
440,312,False,road_0_1_0_1,782.5687304597799
440,360,False,road_0_2_0_0,167.70499850014494
440,345,False,road_0_2_0_0,249.54425490654975
440,333,False,road_0_2_0_0,389.5446888357845
440,320,False,road_0_2_0_0,676.8231554727369
440,309,False,road_0_2_0_0,763.2138296621418
440,fake_intersection_1_2_S_1_5072,True,road_0_2_0_1,629.12
440,fake_intersection_1_2_S_1_5073,True,road_0_2_0_1,630.12
440,284,False,road_0_2_0_1,758.6686813777948
440,270,False,road_0_2_0_1,770.3968579291762
440,245,False,road_0_2_0_1,777.8978611463334
440,235,False,road_0_2_0_1,785.3989547030759
440,fake_intersection_1_2_S_2_5074,True,road_0_2_0_2,629.12
440,fake_intersection_1_2_S_2_5075,True,road_0_2_0_2,630.12
440,257,False,road_0_2_0_2,777.8979383275852
440,90,False,road_0_2_0_2,785.3989562573796
440,fake_intersection_1_3_S_1_5082,True,road_0_3_0_1,629.12
440,fake_intersection_1_3_S_1_5083,True,road_0_3_0_1,630.12
440,357,False,road_0_4_0_0,129.2486975997783
440,356,False,road_0_4_0_0,194.76895139940012
440,341,False,road_0_4_0_0,308.9497013507275
440,330,False,road_0_4_0_0,439.14894335617925
440,317,False,road_0_4_0_0,604.4282745564667
440,314,False,road_0_4_0_0,741.4531172090295
440,302,False,road_0_4_0_0,761.0877692515231
440,365,False,road_0_4_0_1,30.774783664034494
440,362,False,road_0_4_0_1,89.48984606679026
440,350,False,road_0_4_0_1,240.0281718086895
440,344,False,road_0_4_0_1,275.6602214735995
440,335,False,road_0_4_0_1,354.9185309697495
440,328,False,road_0_4_0_1,477.496408441017
440,324,False,road_0_4_0_1,485.33420069224786
440,311,False,road_0_4_0_1,492.85852243843215
440,301,False,road_0_4_0_1,500.35955205872625
440,296,False,road_0_4_0_1,507.86064421250177
440,281,False,road_0_4_0_1,515.3616918855839
440,278,False,road_0_4_0_1,522.862725582593
440,269,False,road_0_4_0_1,530.3637469177118
440,259,False,road_0_4_0_1,537.8647483869244
440,265,False,road_0_4_0_1,545.365849180377
440,254,False,road_0_4_0_1,552.8668948656335
440,251,False,road_0_4_0_1,560.3678979981578
440,237,False,road_0_4_0_1,567.8689552941847
440,233,False,road_0_4_0_1,575.3700042220383
440,231,False,road_0_4_0_1,582.8710883418682
440,226,False,road_0_4_0_1,590.372115558004
440,223,False,road_0_4_0_1,597.87311609928
440,211,False,road_0_4_0_1,605.3741677166983
440,199,False,road_0_4_0_1,612.8751999378156
440,205,False,road_0_4_0_1,620.3762031672828
440,202,False,road_0_4_0_1,627.8772052140789
440,194,False,road_0_4_0_1,635.3782794073513
440,191,False,road_0_4_0_1,642.8793167211014
440,188,False,road_0_4_0_1,650.3804152469011
440,182,False,road_0_4_0_1,657.8814452552595
440,176,False,road_0_4_0_1,665.3824771274606
440,168,False,road_0_4_0_1,672.8834933965627
440,160,False,road_0_4_0_1,680.3845109654097
440,144,False,road_0_4_0_1,687.8855201007306
440,153,False,road_0_4_0_1,695.3865616417746
440,150,False,road_0_4_0_1,702.8875679582106
440,136,False,road_0_4_0_1,710.3885682058954
440,134,False,road_0_4_0_1,717.8896286855951
440,124,False,road_0_4_0_1,725.3906795288144
440,122,False,road_0_4_0_1,732.8916847075485
440,110,False,road_0_4_0_1,740.3927232092798
440,104,False,road_0_4_0_1,747.8937613144855
440,108,False,road_0_4_0_1,755.3948052307136
440,101,False,road_0_4_0_1,762.8958260133331
440,96,False,road_0_4_0_1,770.3968573601849
440,88,False,road_0_4_0_1,777.8978713079902
440,85,False,road_0_4_0_1,785.3989423730433
440,213,False,road_0_4_0_2,732.8917321253386
440,195,False,road_0_4_0_2,740.3927709707751
440,164,False,road_0_4_0_2,747.8937941740246
440,130,False,road_0_4_0_2,755.3948005896773
440,115,False,road_0_4_0_2,762.895824550185
440,118,False,road_0_4_0_2,770.3968643742542
440,93,False,road_0_4_0_2,777.8978932754937
440,69,False,road_0_4_0_2,785.3989879656378
440,351,False,road_1_0_1_0,174.08249401020475
440,366,False,road_1_0_1_1,22.10029510664333
440,338,False,road_1_0_1_1,366.2853505485612
440,322,False,road_1_0_1_1,480.9686446298915
440,305,False,road_1_0_1_1,510.38865326187357
440,291,False,road_1_0_1_1,517.8896536068149
440,275,False,road_1_0_1_1,525.3906647543819
440,203,False,road_1_0_1_1,532.8917586810945
440,185,False,road_1_0_1_1,540.3928497049037
440,165,False,road_1_0_1_1,547.8938894346898
440,132,False,road_1_0_1_1,555.3949439234823
440,111,False,road_1_0_1_1,562.8959783957997
440,77,False,road_1_0_1_1,570.3969840486556
440,57,False,road_1_0_1_1,577.897986719655
440,21,False,road_1_0_1_1,585.3989910327766
440,247,False,road_1_0_1_2,585.3989791711863
440,294,False,road_1_1_0_0,132.52519431549453
440,282,False,road_1_1_0_0,154.33491174577458
440,279,False,road_1_1_0_0,211.3694300146654
440,260,False,road_1_1_0_0,342.8062688525553
440,243,False,road_1_1_0_0,636.2232250238678
440,299,False,road_1_1_0_1,128.1245996498902
440,252,False,road_1_1_0_1,562.9897941259213
440,fake_intersection_2_1_S_1_5096,True,road_1_1_0_1,618.24
440,fake_intersection_2_1_S_1_5097,True,road_1_1_0_1,619.24
440,255,False,road_1_1_1_0,106.26599560591039
440,263,False,road_1_1_1_0,396.7904084454854
440,fake_intersection_1_2_W_1_5064,True,road_1_1_1_1,458.24
440,fake_intersection_1_2_W_1_5065,True,road_1_1_1_1,459.24
440,5,False,road_1_1_1_1,564.2918807078609
440,32,False,road_1_1_1_1,571.7989524919927
440,fake_intersection_1_2_W_2_5066,True,road_1_1_1_2,458.24
440,fake_intersection_1_2_W_2_5067,True,road_1_1_1_2,459.24
440,288,False,road_1_1_3_0,208.83844833937053
440,267,False,road_1_1_3_0,271.7885501084971
440,272,False,road_1_1_3_0,397.0408448250397
440,3,False,road_1_1_3_1,177.9525071915341
440,fake_intersection_2_2_S_1_5098,True,road_1_2_0_1,618.24
440,fake_intersection_2_2_S_1_5099,True,road_1_2_0_1,619.24
440,fake_intersection_2_2_S_2_5100,True,road_1_2_0_2,618.24
440,fake_intersection_2_2_S_2_5101,True,road_1_2_0_2,619.24
440,fake_intersection_1_3_W_1_5080,True,road_1_2_1_1,458.24
440,fake_intersection_1_3_W_1_5081,True,road_1_2_1_1,459.24
440,4,False,road_1_2_1_1,571.7989320868487
440,179,False,road_1_2_3_1,571.7989029790325
440,fake_intersection_1_1_E_2_5054,True,road_1_2_3_2,458.24
440,fake_intersection_1_1_E_2_5055,True,road_1_2_3_2,459.24
440,19,False,road_1_3_0_1,30.5924151708112
440,fake_intersection_2_3_S_1_5106,True,road_1_3_0_1,618.24
440,fake_intersection_2_3_S_1_5107,True,road_1_3_0_1,619.24
440,67,False,road_1_3_1_0,226.83087012515992
440,fake_intersection_1_4_W_1_5092,True,road_1_3_1_1,458.24
440,fake_intersection_1_4_W_1_5093,True,road_1_3_1_1,459.24
440,16,False,road_1_3_2_0,59.47202691603938
440,71,False,road_1_3_2_0,601.9689310673094
440,fake_intersection_1_2_E_1_5060,True,road_1_3_3_1,458.24
440,fake_intersection_1_2_E_1_5061,True,road_1_3_3_1,459.24
440,fake_intersection_1_2_E_2_5062,True,road_1_3_3_2,458.24
440,fake_intersection_1_2_E_2_5063,True,road_1_3_3_2,459.24
440,fake_intersection_2_4_S_1_5114,True,road_1_4_0_1,618.24
440,fake_intersection_2_4_S_1_5115,True,road_1_4_0_1,619.24
440,52,False,road_1_4_1_0,445.4747434045254
440,2,False,road_1_4_1_0,467.61431118168633
440,240,False,road_1_4_2_0,782.5456442946193
440,290,False,road_1_4_3_0,93.90036595322674
440,274,False,road_1_4_3_0,161.21335919642388
440,276,False,road_1_4_3_0,339.4996757657067
440,286,False,road_1_4_3_1,126.99801136906227
440,306,False,road_1_4_3_1,171.7472517791474
440,292,False,road_1_4_3_1,407.2516701284454
440,249,False,road_1_4_3_1,421.77811361847796
440,222,False,road_1_4_3_1,429.2792125300779
440,227,False,road_1_4_3_1,436.7802259511513
440,217,False,road_1_4_3_1,444.2812943823954
440,215,False,road_1_4_3_1,451.7823378141692
440,172,False,road_1_4_3_1,459.2834358577733
440,173,False,road_1_4_3_1,466.7845128058187
440,162,False,road_1_4_3_1,474.2855260517467
440,166,False,road_1_4_3_1,481.7865949162221
440,142,False,road_1_4_3_1,489.28761903868144
440,127,False,road_1_4_3_1,496.78862006102685
440,140,False,road_1_4_3_1,504.2896372495155
440,133,False,road_1_4_3_1,511.79065605503166
440,102,False,road_1_4_3_1,519.2917106439144
440,41,False,road_1_4_3_1,526.7927259146885
440,6,False,road_1_4_3_1,534.29374921195
440,80,False,road_1_4_3_1,541.7947712089742
440,79,False,road_1_4_3_1,549.2958273446126
440,56,False,road_1_4_3_1,556.7968742998352
440,23,False,road_1_4_3_1,564.297910843412
440,27,False,road_1_4_3_1,571.7989478475426
440,183,False,road_1_4_3_2,558.2904536184445
440,22,False,road_1_4_3_2,568.7936874703651
440,352,False,road_1_5_3_0,207.09989378688275
440,367,False,road_1_5_3_1,37.06806239494638
440,339,False,road_1_5_3_1,448.12336818104677
440,323,False,road_1_5_3_1,466.9393250642398
440,fake_intersection_1_4_E_1_5084,True,road_1_5_3_1,469.12
440,fake_intersection_1_4_E_1_5085,True,road_1_5_3_1,470.12
440,fake_intersection_1_4_E_2_5086,True,road_1_5_3_2,469.12
440,fake_intersection_1_4_E_2_5087,True,road_1_5_3_2,470.12
440,224,False,road_2_1_0_0,70.91454064194959
440,200,False,road_2_1_0_0,261.46264921222837
440,210,False,road_2_1_0_0,420.65129227032656
440,184,False,road_2_1_0_0,447.0337766302767
440,175,False,road_2_1_0_0,480.7149835935724
440,239,False,road_2_1_0_1,226.52395103190057
440,fake_intersection_3_1_S_1_5116,True,road_2_1_0_1,618.24
440,fake_intersection_3_1_S_1_5117,True,road_2_1_0_1,619.24
440,fake_intersection_3_1_S_2_5118,True,road_2_1_0_2,618.24
440,fake_intersection_3_1_S_2_5119,True,road_2_1_0_2,619.24
440,fake_intersection_1_1_N_1_5058,True,road_2_1_2_1,618.24
440,fake_intersection_1_1_N_1_5059,True,road_2_1_2_1,619.24
440,216,False,road_2_1_3_0,109.41365933267836
440,221,False,road_2_1_3_0,566.8884620597079
440,207,False,road_2_2_0_0,206.96242277320482
440,50,False,road_2_2_0_0,432.4882661306874
440,fake_intersection_3_2_S_1_5124,True,road_2_2_0_1,618.24
440,fake_intersection_3_2_S_1_5125,True,road_2_2_0_1,619.24
440,fake_intersection_3_2_S_2_5126,True,road_2_2_0_2,618.24
440,fake_intersection_3_2_S_2_5127,True,road_2_2_0_2,619.24
440,152,False,road_2_2_1_1,450.94989516291776
440,91,False,road_2_2_1_1,556.7968407628134
440,120,False,road_2_2_1_1,564.2979433006939
440,33,False,road_2_2_1_1,571.7989512852479
440,fake_intersection_2_3_W_2_5110,True,road_2_2_1_2,458.24
440,fake_intersection_2_3_W_2_5111,True,road_2_2_1_2,459.24
440,fake_intersection_1_2_N_1_5068,True,road_2_2_2_1,618.24
440,fake_intersection_1_2_N_1_5069,True,road_2_2_2_1,619.24
440,63,False,road_2_2_2_1,771.7989637820486
440,fake_intersection_1_2_N_2_5070,True,road_2_2_2_2,618.24
440,fake_intersection_1_2_N_2_5071,True,road_2_2_2_2,619.24
440,151,False,road_2_2_3_1,571.7989417208323
440,121,False,road_2_3_0_1,367.2012835185505
440,fake_intersection_3_3_S_2_5132,True,road_2_3_0_2,618.24
440,fake_intersection_3_3_S_2_5133,True,road_2_3_0_2,619.24
440,7,False,road_2_3_1_0,239.48432373663957
440,128,False,road_2_3_2_0,395.27978855168374
440,fake_intersection_1_3_N_1_5076,True,road_2_3_2_1,618.24
440,fake_intersection_1_3_N_1_5077,True,road_2_3_2_1,619.24
440,fake_intersection_1_3_N_2_5078,True,road_2_3_2_2,618.24
440,fake_intersection_1_3_N_2_5079,True,road_2_3_2_2,619.24
440,35,False,road_2_3_2_2,771.7989851420144
440,fake_intersection_3_4_S_1_5152,True,road_2_4_0_1,618.24
440,fake_intersection_3_4_S_1_5153,True,road_2_4_0_1,619.24
440,64,False,road_2_4_0_1,771.7989491181652
440,fake_intersection_3_4_S_2_5154,True,road_2_4_0_2,618.24
440,fake_intersection_3_4_S_2_5155,True,road_2_4_0_2,619.24
440,83,False,road_2_4_0_2,771.7989933468588
440,fake_intersection_1_4_N_1_5088,True,road_2_4_2_1,618.24
440,fake_intersection_1_4_N_1_5089,True,road_2_4_2_1,619.24
440,fake_intersection_1_4_N_2_5090,True,road_2_4_2_2,618.24
440,fake_intersection_1_4_N_2_5091,True,road_2_4_2_2,619.24
440,39,False,road_2_4_3_1,564.2978546503266
440,61,False,road_2_4_3_1,571.7989518358123
440,fake_intersection_2_3_E_2_5108,True,road_2_4_3_2,458.24
440,fake_intersection_2_3_E_2_5109,True,road_2_4_3_2,459.24
440,72,False,road_2_4_3_2,564.2979320177367
440,13,False,road_2_4_3_2,571.7989525068753
440,161,False,road_3_1_0_0,288.96686775724766
440,148,False,road_3_1_0_0,377.1906057518215
440,fake_intersection_4_1_S_1_5162,True,road_3_1_0_1,618.24
440,fake_intersection_4_1_S_1_5163,True,road_3_1_0_1,619.24
440,fake_intersection_4_1_S_2_5164,True,road_3_1_0_2,618.24
440,fake_intersection_4_1_S_2_5165,True,road_3_1_0_2,619.24
440,143,False,road_3_1_0_2,668.8857742846541
440,59,False,road_3_1_1_1,571.7989866918637
440,fake_intersection_2_1_N_1_5094,True,road_3_1_2_1,618.24
440,fake_intersection_2_1_N_1_5095,True,road_3_1_2_1,619.24
440,44,False,road_3_2_0_0,103.0541207129795
440,82,False,road_3_2_0_1,613.0897158763464
440,fake_intersection_4_2_S_1_5174,True,road_3_2_0_1,618.24
440,fake_intersection_4_2_S_1_5175,True,road_3_2_0_1,619.24
440,fake_intersection_4_2_S_2_5176,True,road_3_2_0_2,618.24
440,fake_intersection_4_2_S_2_5177,True,road_3_2_0_2,619.24
440,fake_intersection_3_3_W_1_5138,True,road_3_2_1_1,458.24
440,fake_intersection_3_3_W_1_5139,True,road_3_2_1_1,459.24
440,180,False,road_3_3_0_0,303.33183121486553
440,fake_intersection_4_3_S_1_5184,True,road_3_3_0_1,618.24
440,fake_intersection_4_3_S_1_5185,True,road_3_3_0_1,619.24
440,212,False,road_3_3_1_0,259.3505682122588
440,fake_intersection_3_4_W_1_5148,True,road_3_3_1_1,458.24
440,fake_intersection_3_4_W_1_5149,True,road_3_3_1_1,459.24
440,fake_intersection_3_4_W_2_5150,True,road_3_3_1_2,458.24
440,fake_intersection_3_4_W_2_5151,True,road_3_3_1_2,459.24
440,49,False,road_3_3_2_1,368.28415850246705
440,198,False,road_3_3_2_1,518.5122354626448
440,fake_intersection_2_3_N_1_5102,True,road_3_3_2_1,618.24
440,fake_intersection_2_3_N_1_5103,True,road_3_3_2_1,619.24
440,fake_intersection_2_3_N_2_5104,True,road_3_3_2_2,618.24
440,fake_intersection_2_3_N_2_5105,True,road_3_3_2_2,619.24
440,158,False,road_3_3_2_2,704.1687397560604
440,47,False,road_3_4_0_1,741.7948269375124
440,9,False,road_3_4_0_1,749.2958272573236
440,53,False,road_3_4_0_1,756.7968465444304
440,51,False,road_3_4_0_1,764.297883076179
440,37,False,road_3_4_0_1,771.7989017319449
440,178,False,road_3_4_1_0,263.4611584235347
440,138,False,road_3_4_1_0,369.3946588915711
440,fake_intersection_2_4_N_1_5112,True,road_3_4_2_1,618.24
440,fake_intersection_2_4_N_1_5113,True,road_3_4_2_1,619.24
440,30,False,road_3_4_2_2,771.7989155793821
440,186,False,road_3_4_3_0,157.12641046898528
440,fake_intersection_3_3_E_1_5134,True,road_3_4_3_1,458.24
440,fake_intersection_3_3_E_1_5135,True,road_3_4_3_1,459.24
440,17,False,road_3_4_3_1,571.7989103776712
440,fake_intersection_3_3_E_2_5136,True,road_3_4_3_2,458.24
440,fake_intersection_3_3_E_2_5137,True,road_3_4_3_2,459.24
440,fake_intersection_3_4_E_1_5140,True,road_3_5_3_1,469.12
440,fake_intersection_3_4_E_1_5141,True,road_3_5_3_1,470.12
440,fake_intersection_3_4_E_2_5142,True,road_3_5_3_2,469.12
440,fake_intersection_3_4_E_2_5143,True,road_3_5_3_2,470.12
440,349,False,road_4_0_1_0,214.50591994826567
440,369,False,road_4_0_1_1,7.081230852975887
440,329,False,road_4_0_1_1,429.17681064394617
440,308,False,road_4_0_1_1,472.88351036982834
440,242,False,road_4_0_1_1,480.38455753970584
440,238,False,road_4_0_1_1,487.8855651452912
440,228,False,road_4_0_1_1,495.38661338524423
440,218,False,road_4_0_1_1,502.8876319246422
440,197,False,road_4_0_1_1,510.38863320897235
440,189,False,road_4_0_1_1,517.8896963306137
440,177,False,road_4_0_1_1,525.3906964045054
440,167,False,road_4_0_1_1,532.8917442186294
440,157,False,road_4_0_1_1,540.3927921719892
440,126,False,road_4_0_1_1,547.8938143191779
440,105,False,road_4_0_1_1,555.3948370422622
440,74,False,road_4_0_1_1,562.8958804751306
440,54,False,road_4_0_1_1,570.3968991281677
440,34,False,road_4_0_1_1,577.8979626755071
440,24,False,road_4_0_1_1,585.3989709774777
440,137,False,road_4_0_1_2,562.8959172536753
440,116,False,road_4_0_1_2,570.3969448594623
440,97,False,road_4_0_1_2,577.8979548004972
440,45,False,road_4_0_1_2,585.3989571672523
440,287,False,road_4_1_0_0,258.5309164333474
440,266,False,road_4_1_0_0,576.5572294187245
440,fake_intersection_4_2_W_1_5170,True,road_4_1_1_1,458.24
440,fake_intersection_4_2_W_1_5171,True,road_4_1_1_1,459.24
440,fake_intersection_4_2_W_2_5172,True,road_4_1_1_2,458.24
440,fake_intersection_4_2_W_2_5173,True,road_4_1_1_2,459.24
440,fake_intersection_3_1_N_1_5120,True,road_4_1_2_1,618.24
440,fake_intersection_3_1_N_1_5121,True,road_4_1_2_1,619.24
440,14,False,road_4_1_2_1,690.1852999490842
440,fake_intersection_3_1_N_2_5122,True,road_4_1_2_2,618.24
440,fake_intersection_3_1_N_2_5123,True,road_4_1_2_2,619.24
440,100,False,road_4_1_3_0,367.4703202277787
440,0,False,road_4_2_0_0,341.5743863801391
440,62,False,road_4_2_0_0,676.675074744581
440,208,False,road_4_2_1_1,571.7989408224968
440,271,False,road_4_2_2_0,185.63965170628973
440,285,False,road_4_2_2_0,200.88921270350625
440,236,False,road_4_2_2_0,756.0568471602971
440,298,False,road_4_2_2_1,45.01015721385642
440,246,False,road_4_2_2_1,595.0554953390098
440,fake_intersection_4_1_E_1_5156,True,road_4_2_3_1,458.24
440,fake_intersection_4_1_E_1_5157,True,road_4_2_3_1,459.24
440,fake_intersection_4_1_E_2_5158,True,road_4_2_3_2,458.24
440,fake_intersection_4_1_E_2_5159,True,road_4_2_3_2,459.24
440,262,False,road_4_3_1_1,533.585189656207
440,fake_intersection_4_4_W_2_5188,True,road_4_3_1_2,458.24
440,fake_intersection_4_4_W_2_5189,True,road_4_3_1_2,459.24
440,293,False,road_4_3_2_0,246.68972517371682
440,277,False,road_4_3_2_0,518.7474519521476
440,250,False,road_4_3_2_1,537.1623944294486
440,fake_intersection_3_3_N_1_5128,True,road_4_3_2_1,618.24
440,fake_intersection_3_3_N_1_5129,True,road_4_3_2_1,619.24
440,241,False,road_4_3_2_1,672.2282541835302
440,fake_intersection_3_3_N_2_5130,True,road_4_3_2_2,618.24
440,fake_intersection_3_3_N_2_5131,True,road_4_3_2_2,619.24
440,fake_intersection_4_2_E_1_5166,True,road_4_3_3_1,458.24
440,fake_intersection_4_2_E_1_5167,True,road_4_3_3_1,459.24
440,117,False,road_4_3_3_1,564.2978363232143
440,107,False,road_4_3_3_1,571.7989339901593
440,fake_intersection_4_2_E_2_5168,True,road_4_3_3_2,458.24
440,fake_intersection_4_2_E_2_5169,True,road_4_3_3_2,459.24
440,220,False,road_4_4_0_0,321.5092963768185
440,300,False,road_4_4_1_0,22.775886617432285
440,295,False,road_4_4_1_0,51.159647029591824
440,273,False,road_4_4_1_0,310.7807160208695
440,289,False,road_4_4_1_1,310.63257832746797
440,190,False,road_4_4_2_0,517.5683732538913
440,fake_intersection_3_4_N_1_5144,True,road_4_4_2_1,618.24
440,fake_intersection_3_4_N_1_5145,True,road_4_4_2_1,619.24
440,163,False,road_4_4_2_1,734.2937900616366
440,131,False,road_4_4_2_1,741.7948879583921
440,119,False,road_4_4_2_1,749.2958964981461
440,92,False,road_4_4_2_1,756.7969342743186
440,109,False,road_4_4_2_1,764.2979723922394
440,103,False,road_4_4_2_1,771.7989727513682
440,fake_intersection_3_4_N_2_5146,True,road_4_4_2_2,618.24
440,fake_intersection_3_4_N_2_5147,True,road_4_4_2_2,619.24
440,81,False,road_4_4_2_2,771.7989874836612
440,86,False,road_4_4_3_0,517.1924140522633
440,fake_intersection_4_4_E_2_5186,True,road_4_5_3_2,469.12
440,fake_intersection_4_4_E_2_5187,True,road_4_5_3_2,470.12
440,fake_intersection_4_1_N_1_5160,True,road_5_1_2_1,629.12
440,fake_intersection_4_1_N_1_5161,True,road_5_1_2_1,630.12
440,361,False,road_5_2_2_0,135.1579551883198
440,346,False,road_5_2_2_0,320.9717505060828
440,321,False,road_5_2_2_0,498.5822561255037
440,334,False,road_5_2_2_1,513.0765974871923
440,fake_intersection_4_2_N_1_5178,True,road_5_2_2_1,629.12
440,fake_intersection_4_2_N_1_5179,True,road_5_2_2_1,630.12
440,310,False,road_5_2_2_1,650.9338005022755
440,fake_intersection_4_2_N_2_5180,True,road_5_2_2_2,629.12
440,fake_intersection_4_2_N_2_5181,True,road_5_2_2_2,630.12
440,258,False,road_5_2_2_2,785.3989721904102
440,353,False,road_5_3_2_0,219.03796188168982
440,340,False,road_5_3_2_0,435.42755020172166
440,307,False,road_5_3_2_0,738.653627163657
440,368,False,road_5_3_2_1,40.65999661092012
440,fake_intersection_4_3_N_1_5182,True,road_5_3_2_1,629.12
440,fake_intersection_4_3_N_1_5183,True,road_5_3_2_1,630.12
440,325,False,road_5_3_2_2,575.6792384195376
440,359,False,road_5_4_2_0,114.98166630383113
440,355,False,road_5_4_2_0,210.99399739137843
440,343,False,road_5_4_2_0,301.74960924100225
440,332,False,road_5_4_2_0,459.17609736387635
440,371,False,road_5_4_2_1,8.967384026664256
440,364,False,road_5_4_2_1,69.36436844404004
440,348,False,road_5_4_2_1,290.32899561645905
440,337,False,road_5_4_2_1,393.3601156582452
440,327,False,road_5_4_2_1,483.81544233448733
440,319,False,road_5_4_2_1,650.5392073704705
440,313,False,road_5_4_2_1,687.8605205170925
440,304,False,road_5_4_2_1,695.3828598589619
440,283,False,road_5_4_2_1,702.8873039076007
440,280,False,road_5_4_2_1,710.3883196340677
440,268,False,road_5_4_2_1,717.8894167205933
440,256,False,road_5_4_2_1,725.390421227733
440,253,False,road_5_4_2_1,732.891462598536
440,244,False,road_5_4_2_1,740.3924982110943
440,234,False,road_5_4_2_1,747.8935625359286
440,230,False,road_5_4_2_1,755.394587830096
440,206,False,road_5_4_2_1,762.8956213105093
440,187,False,road_5_4_2_1,770.3967137256591
440,174,False,road_5_4_2_1,777.8978116531808
440,171,False,road_5_4_2_1,785.3989081225037
440,316,False,road_5_4_2_2,702.2026559241999
440,181,False,road_5_4_2_2,777.8978722616686
440,146,False,road_5_4_2_2,785.3989106336303
450,320,False,:intersection_1_2_27_0,6.182191330320393
450,14,False,:intersection_3_1_12_1,21.057458180984042
450,241,False,:intersection_3_3_12_0,3.758378774344692
450,363,False,road_0_1_0_0,166.71444425182622
450,347,False,road_0_1_0_0,300.1715100509746
450,342,False,road_0_1_0_0,428.67579984852557
450,375,False,road_0_1_0_1,46.28324123675671
450,370,False,road_0_1_0_1,135.5354463743612
450,358,False,road_0_1_0_1,270.9622927227202
450,354,False,road_0_1_0_1,301.2899059002688
450,336,False,road_0_1_0_1,542.7764301132754
450,331,False,road_0_1_0_1,563.0845188768627
450,326,False,road_0_1_0_1,581.5136678846528
450,fake_intersection_1_1_S_1_5194,True,road_0_1_0_1,629.12
450,fake_intersection_1_1_S_1_5195,True,road_0_1_0_1,630.12
450,fake_intersection_1_1_S_2_5196,True,road_0_1_0_2,629.12
450,fake_intersection_1_1_S_2_5197,True,road_0_1_0_2,630.12
450,372,False,road_0_2_0_0,99.43620718863721
450,360,False,road_0_2_0_0,291.70500013734585
450,345,False,road_0_2_0_0,347.82754293717437
450,333,False,road_0_2_0_0,488.94048844331627
450,fake_intersection_1_2_S_1_5210,True,road_0_2_0_1,629.12
450,fake_intersection_1_2_S_1_5211,True,road_0_2_0_1,630.12
450,284,False,road_0_2_0_1,762.8957799688859
450,270,False,road_0_2_0_1,770.3968579291762
450,245,False,road_0_2_0_1,777.8978611463334
450,235,False,road_0_2_0_1,785.3989547030759
450,fake_intersection_1_2_S_2_5212,True,road_0_2_0_2,629.12
450,fake_intersection_1_2_S_2_5213,True,road_0_2_0_2,630.12
450,257,False,road_0_2_0_2,777.8979383275852
450,90,False,road_0_2_0_2,785.3989562573796
450,fake_intersection_1_3_S_1_5220,True,road_0_3_0_1,629.12
450,fake_intersection_1_3_S_1_5221,True,road_0_3_0_1,630.12
450,374,False,road_0_4_0_0,91.3902401617787
450,365,False,road_0_4_0_0,147.86419683658465
450,356,False,road_0_4_0_0,296.70496508598563
450,341,False,road_0_4_0_0,398.42322819722443
450,330,False,road_0_4_0_0,538.279807011715
450,317,False,road_0_4_0_0,706.3592487985293
450,377,False,road_0_4_0_1,28.311559523243982
450,362,False,road_0_4_0_1,209.7133445805261
450,357,False,road_0_4_0_1,230.01323014619928
450,350,False,road_0_4_0_1,347.5822385706493
450,344,False,road_0_4_0_1,377.0632280346859
450,335,False,road_0_4_0_1,448.3495159387405
450,328,False,road_0_4_0_1,477.85642232497503
450,324,False,road_0_4_0_1,485.3574780599923
450,311,False,road_0_4_0_1,492.85852243843215
450,301,False,road_0_4_0_1,500.35955205872625
450,296,False,road_0_4_0_1,507.86064421250177
450,281,False,road_0_4_0_1,515.3616918855839
450,278,False,road_0_4_0_1,522.862725582593
450,269,False,road_0_4_0_1,530.3637469177118
450,259,False,road_0_4_0_1,537.8647483869244
450,265,False,road_0_4_0_1,545.365849180377
450,254,False,road_0_4_0_1,552.8668948656335
450,251,False,road_0_4_0_1,560.3678979981578
450,237,False,road_0_4_0_1,567.8689552941847
450,233,False,road_0_4_0_1,575.3700042220383
450,231,False,road_0_4_0_1,582.8710883418682
450,226,False,road_0_4_0_1,590.372115558004
450,223,False,road_0_4_0_1,597.87311609928
450,211,False,road_0_4_0_1,605.3741677166983
450,199,False,road_0_4_0_1,612.8751999378156
450,205,False,road_0_4_0_1,620.3762031672828
450,202,False,road_0_4_0_1,627.8772052140789
450,194,False,road_0_4_0_1,635.3782794073513
450,191,False,road_0_4_0_1,642.8793167211014
450,188,False,road_0_4_0_1,650.3804152469011
450,182,False,road_0_4_0_1,657.8814452552595
450,176,False,road_0_4_0_1,665.3824771274606
450,168,False,road_0_4_0_1,672.8834933965627
450,160,False,road_0_4_0_1,680.3845109654097
450,144,False,road_0_4_0_1,687.8855201007306
450,153,False,road_0_4_0_1,695.3865616417746
450,150,False,road_0_4_0_1,702.8875679582106
450,136,False,road_0_4_0_1,710.3885682058954
450,134,False,road_0_4_0_1,717.8896286855951
450,124,False,road_0_4_0_1,725.3906795288144
450,122,False,road_0_4_0_1,732.8916847075485
450,110,False,road_0_4_0_1,740.3927232092798
450,104,False,road_0_4_0_1,747.8937613144855
450,108,False,road_0_4_0_1,755.3948052307136
450,101,False,road_0_4_0_1,762.8958260133331
450,96,False,road_0_4_0_1,770.3968573601849
450,88,False,road_0_4_0_1,777.8978713079902
450,85,False,road_0_4_0_1,785.3989423730433
450,213,False,road_0_4_0_2,732.8917321253386
450,195,False,road_0_4_0_2,740.3927709707751
450,164,False,road_0_4_0_2,747.8937941740246
450,130,False,road_0_4_0_2,755.3948005896773
450,115,False,road_0_4_0_2,762.895824550185
450,118,False,road_0_4_0_2,770.3968643742542
450,93,False,road_0_4_0_2,777.8978932754937
450,69,False,road_0_4_0_2,785.3989879656378
450,366,False,road_1_0_1_0,137.10116775619446
450,351,False,road_1_0_1_0,260.4809098941199
450,338,False,road_1_0_1_1,468.8837623977282
450,322,False,road_1_0_1_1,502.8875966179961
450,305,False,road_1_0_1_1,510.38865326187357
450,291,False,road_1_0_1_1,517.8896536068149
450,275,False,road_1_0_1_1,525.3906647543819
450,203,False,road_1_0_1_1,532.8917586810945
450,185,False,road_1_0_1_1,540.3928497049037
450,165,False,road_1_0_1_1,547.8938894346898
450,132,False,road_1_0_1_1,555.3949439234823
450,111,False,road_1_0_1_1,562.8959783957997
450,77,False,road_1_0_1_1,570.3969840486556
450,57,False,road_1_0_1_1,577.897986719655
450,21,False,road_1_0_1_1,585.3989910327766
450,fake_intersection_1_1_W_2_5192,True,road_1_0_1_2,469.12
450,fake_intersection_1_1_W_2_5193,True,road_1_0_1_2,470.12
450,247,False,road_1_0_1_2,585.3989791711863
450,318,False,road_1_1_0_0,0.8658630106621636
450,315,False,road_1_1_0_0,56.65545912209404
450,303,False,road_1_1_0_0,99.1769745437962
450,294,False,road_1_1_0_0,231.44416242185218
450,282,False,road_1_1_0_0,250.80572531204297
450,279,False,road_1_1_0_0,313.43921738925735
450,260,False,road_1_1_0_0,419.91691241299594
450,243,False,road_1_1_0_0,740.3137053988712
450,312,False,road_1_1_0_1,82.19547641793035
450,299,False,road_1_1_0_1,249.8770664274059
450,fake_intersection_2_1_S_1_5236,True,road_1_1_0_1,618.24
450,fake_intersection_2_1_S_1_5237,True,road_1_1_0_1,619.24
450,252,False,road_1_1_0_1,668.0685577653547
450,255,False,road_1_1_1_0,177.97038751451683
450,263,False,road_1_1_1_0,496.4272067088913
450,fake_intersection_1_2_W_1_5202,True,road_1_1_1_1,458.24
450,fake_intersection_1_2_W_1_5203,True,road_1_1_1_1,459.24
450,5,False,road_1_1_1_1,564.2979352165414
450,32,False,road_1_1_1_1,571.7989524919927
450,fake_intersection_1_2_W_2_5204,True,road_1_1_1_2,458.24
450,fake_intersection_1_2_W_2_5205,True,road_1_1_1_2,459.24
450,3,False,road_1_1_3_0,291.055220757209
450,288,False,road_1_1_3_0,322.90260921063606
450,267,False,road_1_1_3_0,368.24031887776067
450,272,False,road_1_1_3_0,507.57327677905505
450,fake_intersection_2_2_S_1_5244,True,road_1_2_0_1,618.24
450,fake_intersection_2_2_S_1_5245,True,road_1_2_0_1,619.24
450,fake_intersection_2_2_S_2_5246,True,road_1_2_0_2,618.24
450,fake_intersection_2_2_S_2_5247,True,road_1_2_0_2,619.24
450,fake_intersection_1_3_W_1_5218,True,road_1_2_1_1,458.24
450,fake_intersection_1_3_W_1_5219,True,road_1_2_1_1,459.24
450,4,False,road_1_2_1_1,571.7989320868487
450,297,False,road_1_2_3_0,93.44561346221707
450,309,False,road_1_2_3_1,65.65655924760846
450,179,False,road_1_2_3_1,571.7989029790325
450,fake_intersection_1_1_E_2_5190,True,road_1_2_3_2,458.24
450,fake_intersection_1_1_E_2_5191,True,road_1_2_3_2,459.24
450,19,False,road_1_3_0_0,152.77448506970663
450,fake_intersection_2_3_S_1_5252,True,road_1_3_0_1,618.24
450,fake_intersection_2_3_S_1_5253,True,road_1_3_0_1,619.24
450,fake_intersection_2_3_S_2_5254,True,road_1_3_0_2,618.24
450,fake_intersection_2_3_S_2_5255,True,road_1_3_0_2,619.24
450,67,False,road_1_3_1_0,320.30368537641476
450,fake_intersection_1_4_W_1_5230,True,road_1_3_1_1,458.24
450,fake_intersection_1_4_W_1_5231,True,road_1_3_1_1,459.24
450,16,False,road_1_3_2_0,151.0430422587348
450,71,False,road_1_3_2_0,704.3631316636693
450,fake_intersection_1_2_E_1_5198,True,road_1_3_3_1,458.24
450,fake_intersection_1_2_E_1_5199,True,road_1_3_3_1,459.24
450,fake_intersection_1_2_E_2_5200,True,road_1_3_3_2,458.24
450,fake_intersection_1_2_E_2_5201,True,road_1_3_3_2,459.24
450,fake_intersection_2_4_S_1_5260,True,road_1_4_0_1,618.24
450,fake_intersection_2_4_S_1_5261,True,road_1_4_0_1,619.24
450,52,False,road_1_4_1_0,550.5299586376564
450,2,False,road_1_4_1_0,575.5941376084461
450,276,False,road_1_4_3_0,431.3771430103314
450,314,False,road_1_4_3_1,32.386385384536325
450,302,False,road_1_4_3_1,51.50214033899047
450,290,False,road_1_4_3_1,195.98403607795015
450,286,False,road_1_4_3_1,228.40740157270398
450,274,False,road_1_4_3_1,249.96301153236885
450,306,False,road_1_4_3_1,283.4108384266155
450,292,False,road_1_4_3_1,414.2770125078467
450,249,False,road_1_4_3_1,421.77811361847796
450,222,False,road_1_4_3_1,429.2792125300779
450,227,False,road_1_4_3_1,436.7802259511513
450,217,False,road_1_4_3_1,444.2812943823954
450,215,False,road_1_4_3_1,451.7823378141692
450,172,False,road_1_4_3_1,459.2834358577733
450,173,False,road_1_4_3_1,466.7845128058187
450,162,False,road_1_4_3_1,474.2855260517467
450,166,False,road_1_4_3_1,481.7865949162221
450,142,False,road_1_4_3_1,489.28761903868144
450,127,False,road_1_4_3_1,496.78862006102685
450,140,False,road_1_4_3_1,504.2896372495155
450,133,False,road_1_4_3_1,511.79065605503166
450,102,False,road_1_4_3_1,519.2917106439144
450,41,False,road_1_4_3_1,526.7927259146885
450,6,False,road_1_4_3_1,534.29374921195
450,80,False,road_1_4_3_1,541.7947712089742
450,79,False,road_1_4_3_1,549.2958273446126
450,56,False,road_1_4_3_1,556.7968742998352
450,23,False,road_1_4_3_1,564.297910843412
450,27,False,road_1_4_3_1,571.7989478475426
450,183,False,road_1_4_3_2,564.2973108455543
450,22,False,road_1_4_3_2,571.7989561486653
450,352,False,road_1_5_3_0,310.54822046816173
450,367,False,road_1_5_3_1,140.81237074088367
450,fake_intersection_1_4_E_1_5222,True,road_1_5_3_1,469.12
450,fake_intersection_1_4_E_1_5223,True,road_1_5_3_1,470.12
450,339,False,road_1_5_3_1,535.9860545691569
450,323,False,road_1_5_3_1,553.152734422872
450,fake_intersection_1_4_E_2_5224,True,road_1_5_3_2,469.12
450,fake_intersection_1_4_E_2_5225,True,road_1_5_3_2,470.12
450,fake_intersection_2_1_W_1_5242,True,road_2_0_1_1,469.12
450,fake_intersection_2_1_W_1_5243,True,road_2_0_1_1,470.12
450,224,False,road_2_1_0_0,176.10465803797797
450,200,False,road_2_1_0_0,359.2945018755827
450,239,False,road_2_1_0_1,345.25568298179206
450,210,False,road_2_1_0_1,531.6749214565524
450,184,False,road_2_1_0_1,545.5313383512956
450,175,False,road_2_1_0_1,574.7688132792506
450,fake_intersection_3_1_S_1_5266,True,road_2_1_0_1,618.24
450,fake_intersection_3_1_S_1_5267,True,road_2_1_0_1,619.24
450,fake_intersection_3_1_S_2_5268,True,road_2_1_0_2,618.24
450,fake_intersection_3_1_S_2_5269,True,road_2_1_0_2,619.24
450,216,False,road_2_1_3_0,209.468544323576
450,207,False,road_2_2_0_0,308.94020283204355
450,50,False,road_2_2_0_0,520.8297175031333
450,fake_intersection_3_2_S_1_5270,True,road_2_2_0_1,618.24
450,fake_intersection_3_2_S_1_5271,True,road_2_2_0_1,619.24
450,fake_intersection_3_2_S_2_5272,True,road_2_2_0_2,618.24
450,fake_intersection_3_2_S_2_5273,True,road_2_2_0_2,619.24
450,152,False,road_2_2_1_1,548.9047953054305
450,91,False,road_2_2_1_1,556.7969426073587
450,120,False,road_2_2_1_1,564.2979433006939
450,33,False,road_2_2_1_1,571.7989512852479
450,fake_intersection_1_2_N_1_5206,True,road_2_2_2_1,618.24
450,fake_intersection_1_2_N_1_5207,True,road_2_2_2_1,619.24
450,63,False,road_2_2_2_1,771.7989637820486
450,fake_intersection_1_2_N_2_5208,True,road_2_2_2_2,618.24
450,fake_intersection_1_2_N_2_5209,True,road_2_2_2_2,619.24
450,fake_intersection_2_1_E_1_5238,True,road_2_2_3_1,458.24
450,fake_intersection_2_1_E_1_5239,True,road_2_2_3_1,459.24
450,151,False,road_2_2_3_1,571.7989417208323
450,fake_intersection_2_1_E_2_5240,True,road_2_2_3_2,458.24
450,fake_intersection_2_1_E_2_5241,True,road_2_2_3_2,459.24
450,121,False,road_2_3_0_1,483.99250758128056
450,fake_intersection_3_3_S_2_5278,True,road_2_3_0_2,618.24
450,fake_intersection_3_3_S_2_5279,True,road_2_3_0_2,619.24
450,7,False,road_2_3_1_0,333.12517507478714
450,128,False,road_2_3_2_1,512.598531142369
450,fake_intersection_1_3_N_1_5214,True,road_2_3_2_1,618.24
450,fake_intersection_1_3_N_1_5215,True,road_2_3_2_1,619.24
450,fake_intersection_1_3_N_2_5216,True,road_2_3_2_2,618.24
450,fake_intersection_1_3_N_2_5217,True,road_2_3_2_2,619.24
450,35,False,road_2_3_2_2,771.7989851420144
450,fake_intersection_3_4_S_1_5298,True,road_2_4_0_1,618.24
450,fake_intersection_3_4_S_1_5299,True,road_2_4_0_1,619.24
450,64,False,road_2_4_0_1,771.7989491181652
450,fake_intersection_3_4_S_2_5300,True,road_2_4_0_2,618.24
450,fake_intersection_3_4_S_2_5301,True,road_2_4_0_2,619.24
450,83,False,road_2_4_0_2,771.7989933468588
450,fake_intersection_1_4_N_1_5226,True,road_2_4_2_1,618.24
450,fake_intersection_1_4_N_1_5227,True,road_2_4_2_1,619.24
450,fake_intersection_1_4_N_2_5228,True,road_2_4_2_2,618.24
450,fake_intersection_1_4_N_2_5229,True,road_2_4_2_2,619.24
450,39,False,road_2_4_3_1,564.2978546503266
450,61,False,road_2_4_3_1,571.7989518358123
450,fake_intersection_2_3_E_2_5256,True,road_2_4_3_2,458.24
450,fake_intersection_2_3_E_2_5257,True,road_2_4_3_2,459.24
450,72,False,road_2_4_3_2,564.2979320177367
450,13,False,road_2_4_3_2,571.7989525068753
450,161,False,road_3_1_0_0,401.2212353609589
450,148,False,road_3_1_0_0,477.7449902741614
450,fake_intersection_4_1_S_1_5308,True,road_3_1_0_1,618.24
450,fake_intersection_4_1_S_1_5309,True,road_3_1_0_1,619.24
450,fake_intersection_4_1_S_2_5310,True,road_3_1_0_2,618.24
450,fake_intersection_4_1_S_2_5311,True,road_3_1_0_2,619.24
450,143,False,road_3_1_0_2,771.7174672004776
450,59,False,road_3_1_1_1,571.7989866918637
450,fake_intersection_2_1_N_1_5232,True,road_3_1_2_1,618.24
450,fake_intersection_2_1_N_1_5233,True,road_3_1_2_1,619.24
450,fake_intersection_2_1_N_2_5234,True,road_3_1_2_2,618.24
450,fake_intersection_2_1_N_2_5235,True,road_3_1_2_2,619.24
450,123,False,road_3_2_0_0,102.77947511225479
450,44,False,road_3_2_0_0,211.641012690472
450,fake_intersection_4_2_S_1_5322,True,road_3_2_0_1,618.24
450,fake_intersection_4_2_S_1_5323,True,road_3_2_0_1,619.24
450,82,False,road_3_2_0_1,718.5437545579944
450,236,False,road_3_2_1_1,69.21624882513221
450,fake_intersection_3_3_W_1_5284,True,road_3_2_1_1,458.24
450,fake_intersection_3_3_W_1_5285,True,road_3_2_1_1,459.24
450,180,False,road_3_3_0_0,417.4222406049218
450,fake_intersection_4_3_S_1_5326,True,road_3_3_0_1,618.24
450,fake_intersection_4_3_S_1_5327,True,road_3_3_0_1,619.24
450,212,False,road_3_3_1_1,362.0025879363083
450,fake_intersection_3_4_W_1_5294,True,road_3_3_1_1,458.24
450,fake_intersection_3_4_W_1_5295,True,road_3_3_1_1,459.24
450,fake_intersection_3_4_W_2_5296,True,road_3_3_1_2,458.24
450,fake_intersection_3_4_W_2_5297,True,road_3_3_1_2,459.24
450,229,False,road_3_3_2_0,76.69665444096152
450,49,False,road_3_3_2_1,457.23762864362686
450,fake_intersection_2_3_N_1_5248,True,road_3_3_2_1,618.24
450,fake_intersection_2_3_N_1_5249,True,road_3_3_2_1,619.24
450,198,False,road_3_3_2_1,631.4952591362173
450,fake_intersection_2_3_N_2_5250,True,road_3_3_2_2,618.24
450,fake_intersection_2_3_N_2_5251,True,road_3_3_2_2,619.24
450,158,False,road_3_3_2_2,771.6628213653802
450,fake_intersection_4_4_S_1_5332,True,road_3_4_0_1,618.24
450,fake_intersection_4_4_S_1_5333,True,road_3_4_0_1,619.24
450,47,False,road_3_4_0_1,741.7948269375124
450,9,False,road_3_4_0_1,749.2958272573236
450,53,False,road_3_4_0_1,756.7968465444304
450,51,False,road_3_4_0_1,764.297883076179
450,37,False,road_3_4_0_1,771.7989017319449
450,fake_intersection_4_4_S_2_5334,True,road_3_4_0_2,618.24
450,fake_intersection_4_4_S_2_5335,True,road_3_4_0_2,619.24
450,178,False,road_3_4_1_0,377.59953740725655
450,138,False,road_3_4_1_0,474.4133349509111
450,fake_intersection_2_4_N_1_5258,True,road_3_4_2_1,618.24
450,fake_intersection_2_4_N_1_5259,True,road_3_4_2_1,619.24
450,30,False,road_3_4_2_2,771.7989155793821
450,186,False,road_3_4_3_0,270.2555448567556
450,fake_intersection_3_3_E_1_5280,True,road_3_4_3_1,458.24
450,fake_intersection_3_3_E_1_5281,True,road_3_4_3_1,459.24
450,17,False,road_3_4_3_1,571.7989103776712
450,fake_intersection_3_3_E_2_5282,True,road_3_4_3_2,458.24
450,fake_intersection_3_3_E_2_5283,True,road_3_4_3_2,459.24
450,fake_intersection_3_4_E_1_5286,True,road_3_5_3_1,469.12
450,fake_intersection_3_4_E_1_5287,True,road_3_5_3_1,470.12
450,fake_intersection_3_4_E_2_5288,True,road_3_5_3_2,469.12
450,fake_intersection_3_4_E_2_5289,True,road_3_5_3_2,470.12
450,369,False,road_4_0_1_0,97.88737315684082
450,349,False,road_4_0_1_1,311.39441271556166
450,329,False,road_4_0_1_1,465.382435939017
450,308,False,road_4_0_1_1,472.88351036982834
450,242,False,road_4_0_1_1,480.38455753970584
450,238,False,road_4_0_1_1,487.8855651452912
450,228,False,road_4_0_1_1,495.38661338524423
450,218,False,road_4_0_1_1,502.8876319246422
450,197,False,road_4_0_1_1,510.38863320897235
450,189,False,road_4_0_1_1,517.8896963306137
450,177,False,road_4_0_1_1,525.3906964045054
450,167,False,road_4_0_1_1,532.8917442186294
450,157,False,road_4_0_1_1,540.3927921719892
450,126,False,road_4_0_1_1,547.8938143191779
450,105,False,road_4_0_1_1,555.3948370422622
450,74,False,road_4_0_1_1,562.8958804751306
450,54,False,road_4_0_1_1,570.3968991281677
450,34,False,road_4_0_1_1,577.8979626755071
450,24,False,road_4_0_1_1,585.3989709774777
450,137,False,road_4_0_1_2,562.8959172536753
450,116,False,road_4_0_1_2,570.3969448594623
450,97,False,road_4_0_1_2,577.8979548004972
450,45,False,road_4_0_1_2,585.3989571672523
450,287,False,road_4_1_0_0,349.7195490413528
450,266,False,road_4_1_0_0,678.2537257480601
450,fake_intersection_4_2_W_1_5318,True,road_4_1_1_1,458.24
450,fake_intersection_4_2_W_1_5319,True,road_4_1_1_1,459.24
450,fake_intersection_4_2_W_2_5320,True,road_4_1_1_2,458.24
450,fake_intersection_4_2_W_2_5321,True,road_4_1_1_2,459.24
450,fake_intersection_3_1_N_1_5262,True,road_4_1_2_1,618.24
450,fake_intersection_3_1_N_1_5263,True,road_4_1_2_1,619.24
450,fake_intersection_3_1_N_2_5264,True,road_4_1_2_2,618.24
450,fake_intersection_3_1_N_2_5265,True,road_4_1_2_2,619.24
450,100,False,road_4_1_3_0,479.5611008800382
450,0,False,road_4_2_0_0,452.34348058817
450,62,False,road_4_2_0_0,783.7105610621124
450,208,False,road_4_2_1_1,571.7989408224968
450,298,False,road_4_2_2_0,147.53601627610647
450,271,False,road_4_2_2_0,273.4972448310465
450,285,False,road_4_2_2_0,307.6085387387097
450,246,False,road_4_2_2_1,696.0067317964935
450,fake_intersection_4_1_E_1_5302,True,road_4_2_3_1,458.24
450,fake_intersection_4_1_E_1_5303,True,road_4_2_3_1,459.24
450,fake_intersection_4_1_E_2_5304,True,road_4_2_3_2,458.24
450,fake_intersection_4_1_E_2_5305,True,road_4_2_3_2,459.24
450,307,False,road_4_3_1_1,29.052829011270596
450,fake_intersection_4_4_W_2_5330,True,road_4_3_1_2,458.24
450,fake_intersection_4_4_W_2_5331,True,road_4_3_1_2,459.24
450,293,False,road_4_3_2_0,367.6748155531042
450,277,False,road_4_3_2_0,647.5854467406268
450,fake_intersection_3_3_N_1_5274,True,road_4_3_2_1,618.24
450,fake_intersection_3_3_N_1_5275,True,road_4_3_2_1,619.24
450,250,False,road_4_3_2_1,632.9621534688663
450,fake_intersection_3_3_N_2_5276,True,road_4_3_2_2,618.24
450,fake_intersection_3_3_N_2_5277,True,road_4_3_2_2,619.24
450,fake_intersection_4_2_E_1_5312,True,road_4_3_3_1,458.24
450,fake_intersection_4_2_E_1_5313,True,road_4_3_3_1,459.24
450,117,False,road_4_3_3_1,564.2978363232143
450,107,False,road_4_3_3_1,571.7989339901593
450,fake_intersection_4_2_E_2_5314,True,road_4_3_3_2,458.24
450,fake_intersection_4_2_E_2_5315,True,road_4_3_3_2,459.24
450,220,False,road_4_4_0_0,425.03784357516685
450,262,False,road_4_4_1_0,42.484546058094935
450,295,False,road_4_4_1_0,151.67226250484362
450,273,False,road_4_4_1_0,410.33262579191444
450,300,False,road_4_4_1_1,134.10003656742717
450,289,False,road_4_4_1_1,438.7056645390339
450,190,False,road_4_4_2_0,610.9601043034352
450,fake_intersection_3_4_N_1_5290,True,road_4_4_2_1,618.24
450,fake_intersection_3_4_N_1_5291,True,road_4_4_2_1,619.24
450,163,False,road_4_4_2_1,734.2937900616366
450,131,False,road_4_4_2_1,741.7948879583921
450,119,False,road_4_4_2_1,749.2958964981461
450,92,False,road_4_4_2_1,756.7969342743186
450,109,False,road_4_4_2_1,764.2979723922394
450,103,False,road_4_4_2_1,771.7989727513682
450,fake_intersection_3_4_N_2_5292,True,road_4_4_2_2,618.24
450,fake_intersection_3_4_N_2_5293,True,road_4_4_2_2,619.24
450,81,False,road_4_4_2_2,771.7989874836612
450,fake_intersection_4_1_N_1_5306,True,road_5_1_2_1,629.12
450,fake_intersection_4_1_N_1_5307,True,road_5_1_2_1,630.12
450,361,False,road_5_2_2_0,233.85032837007165
450,346,False,road_5_2_2_0,436.6466158609905
450,321,False,road_5_2_2_0,590.4075323882353
450,373,False,road_5_2_2_1,70.56805234724676
450,334,False,road_5_2_2_1,638.0508448168805
450,310,False,road_5_2_2_1,743.6158817286625
450,fake_intersection_4_2_N_2_5316,True,road_5_2_2_2,629.12
450,fake_intersection_4_2_N_2_5317,True,road_5_2_2_2,630.12
450,258,False,road_5_2_2_2,785.3989721904102
450,368,False,road_5_3_2_0,161.19018115646094
450,353,False,road_5_3_2_0,325.7056546111192
450,340,False,road_5_3_2_0,552.0521321392307
450,fake_intersection_4_3_N_1_5324,True,road_5_3_2_1,629.12
450,fake_intersection_4_3_N_1_5325,True,road_5_3_2_1,630.12
450,325,False,road_5_3_2_2,680.2916797722768
450,371,False,road_5_4_2_0,97.66890933823755
450,359,False,road_5_4_2_0,203.8887688531437
450,355,False,road_5_4_2_0,317.826708135651
450,332,False,road_5_4_2_0,564.1754296269772
450,376,False,road_5_4_2_1,41.97608503124886
450,364,False,road_5_4_2_1,174.05381497914934
450,343,False,road_5_4_2_1,396.4210918296366
450,348,False,road_5_4_2_1,408.84971702640297
450,337,False,road_5_4_2_1,502.56933710603596
450,327,False,road_5_4_2_1,581.6839821140546
450,319,False,road_5_4_2_1,680.3841184042726
450,313,False,road_5_4_2_1,687.8851643788727
450,304,False,road_5_4_2_1,695.3862195297096
450,283,False,road_5_4_2_1,702.8873039076007
450,280,False,road_5_4_2_1,710.3883196340677
450,268,False,road_5_4_2_1,717.8894167205933
450,256,False,road_5_4_2_1,725.390421227733
450,253,False,road_5_4_2_1,732.891462598536
450,244,False,road_5_4_2_1,740.3924982110943
450,234,False,road_5_4_2_1,747.8935625359286
450,230,False,road_5_4_2_1,755.394587830096
450,206,False,road_5_4_2_1,762.8956213105093
450,187,False,road_5_4_2_1,770.3967137256591
450,174,False,road_5_4_2_1,777.8978116531808
450,171,False,road_5_4_2_1,785.3989081225037
450,fake_intersection_4_4_N_2_5328,True,road_5_4_2_2,629.12
450,fake_intersection_4_4_N_2_5329,True,road_5_4_2_2,630.12
450,316,False,road_5_4_2_2,770.3872440577921
450,181,False,road_5_4_2_2,777.8978722616686
450,146,False,road_5_4_2_2,785.3989106336303
460,378,False,road_0_1_0_0,95.68299776896617
460,375,False,road_0_1_0_0,128.15943213802433
460,363,False,road_0_1_0_0,261.21985252454573
460,347,False,road_0_1_0_0,385.61030694652493
460,354,False,road_0_1_0_0,406.22671219048993
460,342,False,road_0_1_0_0,534.3697361945658
460,387,False,road_0_1_0_1,34.18041923995993
460,370,False,road_0_1_0_1,253.8953283429422
460,358,False,road_0_1_0_1,384.00917737249466
460,fake_intersection_1_1_S_1_5338,True,road_0_1_0_1,629.12
460,fake_intersection_1_1_S_1_5339,True,road_0_1_0_1,630.12
460,336,False,road_0_1_0_1,639.2482422898024
460,331,False,road_0_1_0_1,658.1565915118398
460,326,False,road_0_1_0_1,678.2156490898138
460,372,False,road_0_2_0_0,203.2338183206988
460,360,False,road_0_2_0_0,415.8583698373056
460,345,False,road_0_2_0_0,447.4561081650622
460,384,False,road_0_2_0_1,37.436165207950395
460,333,False,road_0_2_0_1,585.0260824255479
460,fake_intersection_1_2_S_1_5354,True,road_0_2_0_1,629.12
460,fake_intersection_1_2_S_1_5355,True,road_0_2_0_1,630.12
460,284,False,road_0_2_0_1,762.8957799688859
460,270,False,road_0_2_0_1,770.3968579291762
460,245,False,road_0_2_0_1,777.8978611463334
460,235,False,road_0_2_0_1,785.3989547030759
460,fake_intersection_1_2_S_2_5356,True,road_0_2_0_2,629.12
460,fake_intersection_1_2_S_2_5357,True,road_0_2_0_2,630.12
460,257,False,road_0_2_0_2,777.8979383275852
460,90,False,road_0_2_0_2,785.3989562573796
460,fake_intersection_1_3_S_1_5366,True,road_0_3_0_1,629.12
460,fake_intersection_1_3_S_1_5367,True,road_0_3_0_1,630.12
460,380,False,road_0_4_0_0,73.52068066645072
460,374,False,road_0_4_0_0,187.6062886362451
460,356,False,road_0_4_0_0,396.4555330926373
460,341,False,road_0_4_0_0,487.9316007445349
460,330,False,road_0_4_0_0,637.7967895160588
460,386,False,road_0_4_0_1,28.33685287416644
460,377,False,road_0_4_0_1,141.31391192666956
460,365,False,road_0_4_0_1,263.48926433879285
460,362,False,road_0_4_0_1,309.45865943397894
460,357,False,road_0_4_0_1,328.2177439210594
460,350,False,road_0_4_0_1,450.6507316829
460,344,False,road_0_4_0_1,462.8450896475141
460,335,False,road_0_4_0_1,470.3553251700019
460,328,False,road_0_4_0_1,477.85642232497503
460,324,False,road_0_4_0_1,485.3574780599923
460,311,False,road_0_4_0_1,492.85852243843215
460,301,False,road_0_4_0_1,500.35955205872625
460,296,False,road_0_4_0_1,507.86064421250177
460,281,False,road_0_4_0_1,515.3616918855839
460,278,False,road_0_4_0_1,522.862725582593
460,269,False,road_0_4_0_1,530.3637469177118
460,259,False,road_0_4_0_1,537.8647483869244
460,265,False,road_0_4_0_1,545.365849180377
460,254,False,road_0_4_0_1,552.8668948656335
460,251,False,road_0_4_0_1,560.3678979981578
460,237,False,road_0_4_0_1,567.8689552941847
460,233,False,road_0_4_0_1,575.3700042220383
460,231,False,road_0_4_0_1,582.8710883418682
460,226,False,road_0_4_0_1,590.372115558004
460,223,False,road_0_4_0_1,597.87311609928
460,211,False,road_0_4_0_1,605.3741677166983
460,199,False,road_0_4_0_1,612.8751999378156
460,205,False,road_0_4_0_1,620.3762031672828
460,202,False,road_0_4_0_1,627.8772052140789
460,194,False,road_0_4_0_1,635.3782794073513
460,191,False,road_0_4_0_1,642.8793167211014
460,188,False,road_0_4_0_1,650.3804152469011
460,182,False,road_0_4_0_1,657.8814452552595
460,176,False,road_0_4_0_1,665.3824771274606
460,168,False,road_0_4_0_1,672.8834933965627
460,160,False,road_0_4_0_1,680.3845109654097
460,144,False,road_0_4_0_1,687.8855201007306
460,153,False,road_0_4_0_1,695.3865616417746
460,150,False,road_0_4_0_1,702.8875679582106
460,136,False,road_0_4_0_1,710.3885682058954
460,134,False,road_0_4_0_1,717.8896286855951
460,124,False,road_0_4_0_1,725.3906795288144
460,122,False,road_0_4_0_1,732.8916847075485
460,110,False,road_0_4_0_1,740.3927232092798
460,104,False,road_0_4_0_1,747.8937613144855
460,108,False,road_0_4_0_1,755.3948052307136
460,101,False,road_0_4_0_1,762.8958260133331
460,96,False,road_0_4_0_1,770.3968573601849
460,88,False,road_0_4_0_1,777.8978713079902
460,85,False,road_0_4_0_1,785.3989423730433
460,213,False,road_0_4_0_2,732.8917321253386
460,195,False,road_0_4_0_2,740.3927709707751
460,164,False,road_0_4_0_2,747.8937941740246
460,130,False,road_0_4_0_2,755.3948005896773
460,115,False,road_0_4_0_2,762.895824550185
460,118,False,road_0_4_0_2,770.3968643742542
460,93,False,road_0_4_0_2,777.8978932754937
460,69,False,road_0_4_0_2,785.3989879656378
460,351,False,road_1_0_1_0,343.8074406666893
460,381,False,road_1_0_1_1,43.15564885953874
460,366,False,road_1_0_1_1,252.74822899313887
460,338,False,road_1_0_1_1,495.3865315562956
460,322,False,road_1_0_1_1,502.8875966179961
460,305,False,road_1_0_1_1,510.38865326187357
460,291,False,road_1_0_1_1,517.8896536068149
460,275,False,road_1_0_1_1,525.3906647543819
460,203,False,road_1_0_1_1,532.8917586810945
460,185,False,road_1_0_1_1,540.3928497049037
460,165,False,road_1_0_1_1,547.8938894346898
460,132,False,road_1_0_1_1,555.3949439234823
460,111,False,road_1_0_1_1,562.8959783957997
460,77,False,road_1_0_1_1,570.3969840486556
460,57,False,road_1_0_1_1,577.897986719655
460,21,False,road_1_0_1_1,585.3989910327766
460,247,False,road_1_0_1_2,585.3989791711863
460,318,False,road_1_1_0_0,125.61994981420781
460,315,False,road_1_1_0_0,180.1405624105246
460,303,False,road_1_1_0_0,208.19301830150485
460,282,False,road_1_1_0_0,349.8425124101388
460,299,False,road_1_1_0_0,372.5272274343493
460,279,False,road_1_1_0_0,416.35082018471815
460,260,False,road_1_1_0_0,497.66051243928246
460,312,False,road_1_1_0_1,197.98968445558864
460,294,False,road_1_1_0_1,342.2653001601044
460,fake_intersection_2_1_S_1_5380,True,road_1_1_0_1,618.24
460,fake_intersection_2_1_S_1_5381,True,road_1_1_0_1,619.24
460,252,False,road_1_1_0_1,772.3811631418683
460,255,False,road_1_1_1_0,249.96245080480077
460,fake_intersection_1_2_W_1_5346,True,road_1_1_1_1,458.24
460,fake_intersection_1_2_W_1_5347,True,road_1_1_1_1,459.24
460,5,False,road_1_1_1_1,564.2979352165414
460,32,False,road_1_1_1_1,571.7989524919927
460,fake_intersection_1_2_W_2_5348,True,road_1_1_1_2,458.24
460,fake_intersection_1_2_W_2_5349,True,road_1_1_1_2,459.24
460,3,False,road_1_1_3_0,402.6453734278916
460,288,False,road_1_1_3_0,437.7764011916048
460,267,False,road_1_1_3_0,462.2595901317277
460,fake_intersection_2_2_S_1_5388,True,road_1_2_0_1,618.24
460,fake_intersection_2_2_S_1_5389,True,road_1_2_0_1,619.24
460,263,False,road_1_2_0_2,0.502673845131234
460,fake_intersection_2_2_S_2_5390,True,road_1_2_0_2,618.24
460,fake_intersection_2_2_S_2_5391,True,road_1_2_0_2,619.24
460,fake_intersection_1_3_W_1_5362,True,road_1_2_1_1,458.24
460,fake_intersection_1_3_W_1_5363,True,road_1_2_1_1,459.24
460,4,False,road_1_2_1_1,571.7989320868487
460,fake_intersection_1_3_W_2_5364,True,road_1_2_1_2,458.24
460,fake_intersection_1_3_W_2_5365,True,road_1_2_1_2,459.24
460,320,False,road_1_2_3_0,111.27641675102667
460,297,False,road_1_2_3_0,193.8707925426348
460,309,False,road_1_2_3_1,177.07385052829963
460,179,False,road_1_2_3_1,571.7989029790325
460,fake_intersection_1_1_E_2_5336,True,road_1_2_3_2,458.24
460,fake_intersection_1_1_E_2_5337,True,road_1_2_3_2,459.24
460,19,False,road_1_3_0_0,273.6495927378936
460,fake_intersection_2_3_S_1_5396,True,road_1_3_0_1,618.24
460,fake_intersection_2_3_S_1_5397,True,road_1_3_0_1,619.24
460,fake_intersection_2_3_S_2_5398,True,road_1_3_0_2,618.24
460,fake_intersection_2_3_S_2_5399,True,road_1_3_0_2,619.24
460,67,False,road_1_3_1_0,415.6058729948859
460,fake_intersection_1_4_W_1_5374,True,road_1_3_1_1,458.24
460,fake_intersection_1_4_W_1_5375,True,road_1_3_1_1,459.24
460,16,False,road_1_3_2_0,241.76645998442612
460,fake_intersection_1_2_E_1_5342,True,road_1_3_3_1,458.24
460,fake_intersection_1_2_E_1_5343,True,road_1_3_3_1,459.24
460,fake_intersection_1_2_E_2_5344,True,road_1_3_3_2,458.24
460,fake_intersection_1_2_E_2_5345,True,road_1_3_3_2,459.24
460,fake_intersection_2_4_S_1_5404,True,road_1_4_0_1,618.24
460,fake_intersection_2_4_S_1_5405,True,road_1_4_0_1,619.24
460,317,False,road_1_4_3_0,1.9359934654170043
460,276,False,road_1_4_3_0,521.4153809263518
460,323,False,road_1_4_3_1,23.661558566702052
460,314,False,road_1_4_3_1,144.09586229515534
460,302,False,road_1_4_3_1,154.94804155479983
460,290,False,road_1_4_3_1,296.05229619099276
460,286,False,road_1_4_3_1,322.5030955074227
460,274,False,road_1_4_3_1,340.4118258117812
460,306,False,road_1_4_3_1,392.78889140472546
460,292,False,road_1_4_3_1,414.2770125078467
460,249,False,road_1_4_3_1,421.77811361847796
460,222,False,road_1_4_3_1,429.2792125300779
460,227,False,road_1_4_3_1,436.7802259511513
460,217,False,road_1_4_3_1,444.2812943823954
460,215,False,road_1_4_3_1,451.7823378141692
460,172,False,road_1_4_3_1,459.2834358577733
460,173,False,road_1_4_3_1,466.7845128058187
460,162,False,road_1_4_3_1,474.2855260517467
460,166,False,road_1_4_3_1,481.7865949162221
460,142,False,road_1_4_3_1,489.28761903868144
460,127,False,road_1_4_3_1,496.78862006102685
460,140,False,road_1_4_3_1,504.2896372495155
460,133,False,road_1_4_3_1,511.79065605503166
460,102,False,road_1_4_3_1,519.2917106439144
460,41,False,road_1_4_3_1,526.7927259146885
460,6,False,road_1_4_3_1,534.29374921195
460,80,False,road_1_4_3_1,541.7947712089742
460,79,False,road_1_4_3_1,549.2958273446126
460,56,False,road_1_4_3_1,556.7968742998352
460,23,False,road_1_4_3_1,564.297910843412
460,27,False,road_1_4_3_1,571.7989478475426
460,339,False,road_1_4_3_2,12.850655671734156
460,183,False,road_1_4_3_2,564.2979237736337
460,22,False,road_1_4_3_2,571.7989561486653
460,382,False,road_1_5_3_0,56.9607435748577
460,367,False,road_1_5_3_1,245.74772234905117
460,352,False,road_1_5_3_1,410.1598454507697
460,fake_intersection_1_4_E_1_5368,True,road_1_5_3_1,469.12
460,fake_intersection_1_4_E_1_5369,True,road_1_5_3_1,470.12
460,fake_intersection_2_1_W_1_5386,True,road_2_0_1_1,469.12
460,fake_intersection_2_1_W_1_5387,True,road_2_0_1_1,470.12
460,224,False,road_2_1_0_0,281.86260588993815
460,200,False,road_2_1_0_0,459.43803337841194
460,239,False,road_2_1_0_1,463.91137701339625
460,fake_intersection_3_1_S_1_5406,True,road_2_1_0_1,618.24
460,fake_intersection_3_1_S_1_5407,True,road_2_1_0_1,619.24
460,210,False,road_2_1_0_1,624.837725574938
460,184,False,road_2_1_0_1,643.8506911731195
460,175,False,road_2_1_0_1,672.1894366817673
460,fake_intersection_3_1_S_2_5408,True,road_2_1_0_2,618.24
460,fake_intersection_3_1_S_2_5409,True,road_2_1_0_2,619.24
460,fake_intersection_1_1_N_1_5340,True,road_2_1_2_1,618.24
460,fake_intersection_1_1_N_1_5341,True,road_2_1_2_1,619.24
460,243,False,road_2_1_3_0,52.12244967193272
460,216,False,road_2_1_3_0,310.1613507209186
460,207,False,road_2_2_0_0,409.28396731073195
460,50,False,road_2_2_0_1,607.9471466304981
460,fake_intersection_3_2_S_1_5418,True,road_2_2_0_1,618.24
460,fake_intersection_3_2_S_1_5419,True,road_2_2_0_1,619.24
460,fake_intersection_3_2_S_2_5420,True,road_2_2_0_2,618.24
460,fake_intersection_3_2_S_2_5421,True,road_2_2_0_2,619.24
460,152,False,road_2_2_1_1,549.2959184635042
460,91,False,road_2_2_1_1,556.7969426073587
460,120,False,road_2_2_1_1,564.2979433006939
460,33,False,road_2_2_1_1,571.7989512852479
460,fake_intersection_1_2_N_1_5350,True,road_2_2_2_1,618.24
460,fake_intersection_1_2_N_1_5351,True,road_2_2_2_1,619.24
460,63,False,road_2_2_2_1,771.7989637820486
460,fake_intersection_1_2_N_2_5352,True,road_2_2_2_2,618.24
460,fake_intersection_1_2_N_2_5353,True,road_2_2_2_2,619.24
460,fake_intersection_2_1_E_1_5382,True,road_2_2_3_1,458.24
460,fake_intersection_2_1_E_1_5383,True,road_2_2_3_1,459.24
460,151,False,road_2_2_3_1,571.7989417208323
460,fake_intersection_2_1_E_2_5384,True,road_2_2_3_2,458.24
460,fake_intersection_2_1_E_2_5385,True,road_2_2_3_2,459.24
460,121,False,road_2_3_0_2,599.9205040997049
460,fake_intersection_3_3_S_2_5440,True,road_2_3_0_2,618.24
460,fake_intersection_3_3_S_2_5441,True,road_2_3_0_2,619.24
460,7,False,road_2_3_1_0,423.7651714594632
460,fake_intersection_1_3_N_1_5358,True,road_2_3_2_1,618.24
460,fake_intersection_1_3_N_1_5359,True,road_2_3_2_1,619.24
460,128,False,road_2_3_2_1,628.9404250766028
460,fake_intersection_1_3_N_2_5360,True,road_2_3_2_2,618.24
460,fake_intersection_1_3_N_2_5361,True,road_2_3_2_2,619.24
460,35,False,road_2_3_2_2,771.7989851420144
460,fake_intersection_3_4_S_1_5448,True,road_2_4_0_1,618.24
460,fake_intersection_3_4_S_1_5449,True,road_2_4_0_1,619.24
460,64,False,road_2_4_0_1,771.7989491181652
460,fake_intersection_3_4_S_2_5450,True,road_2_4_0_2,618.24
460,fake_intersection_3_4_S_2_5451,True,road_2_4_0_2,619.24
460,83,False,road_2_4_0_2,771.7989933468588
460,fake_intersection_1_4_N_1_5370,True,road_2_4_2_1,618.24
460,fake_intersection_1_4_N_1_5371,True,road_2_4_2_1,619.24
460,fake_intersection_1_4_N_2_5372,True,road_2_4_2_2,618.24
460,fake_intersection_1_4_N_2_5373,True,road_2_4_2_2,619.24
460,39,False,road_2_4_3_1,564.2978546503266
460,61,False,road_2_4_3_1,571.7989518358123
460,fake_intersection_2_3_E_2_5400,True,road_2_4_3_2,458.24
460,fake_intersection_2_3_E_2_5401,True,road_2_4_3_2,459.24
460,72,False,road_2_4_3_2,564.2979320177367
460,13,False,road_2_4_3_2,571.7989525068753
460,148,False,road_3_1_0_0,579.4592476275562
460,161,False,road_3_1_0_1,514.6309734389042
460,fake_intersection_4_1_S_1_5458,True,road_3_1_0_1,618.24
460,fake_intersection_4_1_S_1_5459,True,road_3_1_0_1,619.24
460,fake_intersection_4_1_S_2_5460,True,road_3_1_0_2,618.24
460,fake_intersection_4_1_S_2_5461,True,road_3_1_0_2,619.24
460,143,False,road_3_1_0_2,771.7989882056197
460,fake_intersection_3_2_W_1_5424,True,road_3_1_1_1,458.24
460,fake_intersection_3_2_W_1_5425,True,road_3_1_1_1,459.24
460,59,False,road_3_1_1_1,571.7989866918637
460,fake_intersection_3_2_W_2_5426,True,road_3_1_1_2,458.24
460,fake_intersection_3_2_W_2_5427,True,road_3_1_1_2,459.24
460,14,False,road_3_1_2_0,98.16226839296073
460,fake_intersection_2_1_N_1_5376,True,road_3_1_2_1,618.24
460,fake_intersection_2_1_N_1_5377,True,road_3_1_2_1,619.24
460,fake_intersection_2_1_N_2_5378,True,road_3_1_2_2,618.24
460,fake_intersection_2_1_N_2_5379,True,road_3_1_2_2,619.24
460,123,False,road_3_2_0_0,211.5502121822637
460,44,False,road_3_2_0_0,320.0829735371781
460,fake_intersection_4_2_S_1_5470,True,road_3_2_0_1,618.24
460,fake_intersection_4_2_S_1_5471,True,road_3_2_0_1,619.24
460,fake_intersection_4_2_S_2_5472,True,road_3_2_0_2,618.24
460,fake_intersection_4_2_S_2_5473,True,road_3_2_0_2,619.24
460,236,False,road_3_2_1_0,178.72285433221293
460,fake_intersection_3_3_W_1_5436,True,road_3_2_1_1,458.24
460,fake_intersection_3_3_W_1_5437,True,road_3_2_1_1,459.24
460,fake_intersection_3_3_W_2_5438,True,road_3_2_1_2,458.24
460,fake_intersection_3_3_W_2_5439,True,road_3_2_1_2,459.24
460,180,False,road_3_3_0_0,534.1607035281894
460,fake_intersection_4_3_S_1_5480,True,road_3_3_0_1,618.24
460,fake_intersection_4_3_S_1_5481,True,road_3_3_0_1,619.24
460,fake_intersection_3_4_W_1_5446,True,road_3_3_1_1,458.24
460,fake_intersection_3_4_W_1_5447,True,road_3_3_1_1,459.24
460,212,False,road_3_3_1_1,466.74702466764666
460,241,False,road_3_3_2_0,79.80081090366586
460,229,False,road_3_3_2_0,179.9346110813082
460,49,False,road_3_3_2_1,543.9113483848665
460,fake_intersection_2_3_N_1_5392,True,road_3_3_2_1,618.24
460,fake_intersection_2_3_N_1_5393,True,road_3_3_2_1,619.24
460,198,False,road_3_3_2_1,744.3919764946883
460,fake_intersection_2_3_N_2_5394,True,road_3_3_2_2,618.24
460,fake_intersection_2_3_N_2_5395,True,road_3_3_2_2,619.24
460,158,False,road_3_3_2_2,771.7989787135056
460,fake_intersection_3_2_E_1_5422,True,road_3_3_3_1,458.24
460,fake_intersection_3_2_E_1_5423,True,road_3_3_3_1,459.24
460,fake_intersection_4_4_S_1_5486,True,road_3_4_0_1,618.24
460,fake_intersection_4_4_S_1_5487,True,road_3_4_0_1,619.24
460,47,False,road_3_4_0_1,741.7948269375124
460,9,False,road_3_4_0_1,749.2958272573236
460,53,False,road_3_4_0_1,756.7968465444304
460,51,False,road_3_4_0_1,764.297883076179
460,37,False,road_3_4_0_1,771.7989017319449
460,fake_intersection_4_4_S_2_5488,True,road_3_4_0_2,618.24
460,fake_intersection_4_4_S_2_5489,True,road_3_4_0_2,619.24
460,178,False,road_3_4_1_0,491.5173011189406
460,138,False,road_3_4_1_0,581.4922786241261
460,fake_intersection_2_4_N_1_5402,True,road_3_4_2_1,618.24
460,fake_intersection_2_4_N_1_5403,True,road_3_4_2_1,619.24
460,30,False,road_3_4_2_2,771.7989155793821
460,186,False,road_3_4_3_0,382.9965430097861
460,fake_intersection_3_3_E_1_5432,True,road_3_4_3_1,458.24
460,fake_intersection_3_3_E_1_5433,True,road_3_4_3_1,459.24
460,17,False,road_3_4_3_1,571.7989103776712
460,fake_intersection_3_3_E_2_5434,True,road_3_4_3_2,458.24
460,fake_intersection_3_3_E_2_5435,True,road_3_4_3_2,459.24
460,fake_intersection_3_4_E_1_5442,True,road_3_5_3_1,469.12
460,fake_intersection_3_4_E_1_5443,True,road_3_5_3_1,470.12
460,369,False,road_4_0_1_1,204.53374393203578
460,349,False,road_4_0_1_1,405.7625673447579
460,329,False,road_4_0_1_1,465.382435939017
460,308,False,road_4_0_1_1,472.88351036982834
460,242,False,road_4_0_1_1,480.38455753970584
460,238,False,road_4_0_1_1,487.8855651452912
460,228,False,road_4_0_1_1,495.38661338524423
460,218,False,road_4_0_1_1,502.8876319246422
460,197,False,road_4_0_1_1,510.38863320897235
460,189,False,road_4_0_1_1,517.8896963306137
460,177,False,road_4_0_1_1,525.3906964045054
460,167,False,road_4_0_1_1,532.8917442186294
460,157,False,road_4_0_1_1,540.3927921719892
460,126,False,road_4_0_1_1,547.8938143191779
460,105,False,road_4_0_1_1,555.3948370422622
460,74,False,road_4_0_1_1,562.8958804751306
460,54,False,road_4_0_1_1,570.3968991281677
460,34,False,road_4_0_1_1,577.8979626755071
460,24,False,road_4_0_1_1,585.3989709774777
460,137,False,road_4_0_1_2,562.8959172536753
460,116,False,road_4_0_1_2,570.3969448594623
460,97,False,road_4_0_1_2,577.8979548004972
460,45,False,road_4_0_1_2,585.3989571672523
460,287,False,road_4_1_0_0,441.99871145450066
460,266,False,road_4_1_0_0,780.4653683282323
460,fake_intersection_4_2_W_1_5466,True,road_4_1_1_1,458.24
460,fake_intersection_4_2_W_1_5467,True,road_4_1_1_1,459.24
460,fake_intersection_4_2_W_2_5468,True,road_4_1_1_2,458.24
460,fake_intersection_4_2_W_2_5469,True,road_4_1_1_2,459.24
460,fake_intersection_3_1_N_1_5410,True,road_4_1_2_1,618.24
460,fake_intersection_3_1_N_1_5411,True,road_4_1_2_1,619.24
460,fake_intersection_3_1_N_2_5412,True,road_4_1_2_2,618.24
460,fake_intersection_3_1_N_2_5413,True,road_4_1_2_2,619.24
460,82,False,road_4_2_0_0,27.993661522402743
460,0,False,road_4_2_0_0,565.9532319627789
460,208,False,road_4_2_1_1,571.7989408224968
460,298,False,road_4_2_2_0,251.89199851955522
460,271,False,road_4_2_2_0,362.7646778678729
460,285,False,road_4_2_2_0,417.6900836415046
460,310,False,road_4_2_2_1,21.42198330106629
460,fake_intersection_3_2_N_1_5414,True,road_4_2_2_1,618.24
460,fake_intersection_3_2_N_1_5415,True,road_4_2_2_1,619.24
460,246,False,road_4_2_2_1,771.7647968784777
460,fake_intersection_3_2_N_2_5416,True,road_4_2_2_2,618.24
460,fake_intersection_3_2_N_2_5417,True,road_4_2_2_2,619.24
460,fake_intersection_4_1_E_1_5452,True,road_4_2_3_1,458.24
460,fake_intersection_4_1_E_1_5453,True,road_4_2_3_1,459.24
460,fake_intersection_4_1_E_2_5454,True,road_4_2_3_2,458.24
460,fake_intersection_4_1_E_2_5455,True,road_4_2_3_2,459.24
460,307,False,road_4_3_1_0,133.99013783413287
460,fake_intersection_4_4_W_1_5484,True,road_4_3_1_1,458.24
460,fake_intersection_4_4_W_1_5485,True,road_4_3_1_1,459.24
460,293,False,road_4_3_2_0,487.54817366085194
460,277,False,road_4_3_2_0,772.3751809149747
460,fake_intersection_3_3_N_1_5428,True,road_4_3_2_1,618.24
460,fake_intersection_3_3_N_1_5429,True,road_4_3_2_1,619.24
460,250,False,road_4_3_2_1,730.2545772651192
460,fake_intersection_3_3_N_2_5430,True,road_4_3_2_2,618.24
460,fake_intersection_3_3_N_2_5431,True,road_4_3_2_2,619.24
460,fake_intersection_4_2_E_1_5462,True,road_4_3_3_1,458.24
460,fake_intersection_4_2_E_1_5463,True,road_4_3_3_1,459.24
460,117,False,road_4_3_3_1,564.2978363232143
460,107,False,road_4_3_3_1,571.7989339901593
460,fake_intersection_4_2_E_2_5464,True,road_4_3_3_2,458.24
460,fake_intersection_4_2_E_2_5465,True,road_4_3_3_2,459.24
460,220,False,road_4_4_0_0,529.0976846222544
460,262,False,road_4_4_1_0,152.34603653729422
460,295,False,road_4_4_1_0,250.97591442071376
460,273,False,road_4_4_1_0,512.7665351782132
460,289,False,road_4_4_1_0,564.9631320410554
460,300,False,road_4_4_1_1,244.39735827315903
460,190,False,road_4_4_2_0,705.2429468910259
460,fake_intersection_3_4_N_1_5444,True,road_4_4_2_1,618.24
460,fake_intersection_3_4_N_1_5445,True,road_4_4_2_1,619.24
460,163,False,road_4_4_2_1,734.2937900616366
460,131,False,road_4_4_2_1,741.7948879583921
460,119,False,road_4_4_2_1,749.2958964981461
460,92,False,road_4_4_2_1,756.7969342743186
460,109,False,road_4_4_2_1,764.2979723922394
460,103,False,road_4_4_2_1,771.7989727513682
460,81,False,road_4_4_2_2,771.7989874836612
460,fake_intersection_4_1_N_1_5456,True,road_5_1_2_1,629.12
460,fake_intersection_4_1_N_1_5457,True,road_5_1_2_1,630.12
460,385,False,road_5_2_2_0,61.79348242524654
460,373,False,road_5_2_2_0,166.83030135148275
460,361,False,road_5_2_2_0,334.7154584919499
460,321,False,road_5_2_2_0,682.5561593252299
460,346,False,road_5_2_2_1,553.6449961675472
460,fake_intersection_4_2_N_1_5474,True,road_5_2_2_1,629.12
460,fake_intersection_4_2_N_1_5475,True,road_5_2_2_1,630.12
460,334,False,road_5_2_2_1,764.1604869865112
460,fake_intersection_4_2_N_2_5476,True,road_5_2_2_2,629.12
460,fake_intersection_4_2_N_2_5477,True,road_5_2_2_2,630.12
460,258,False,road_5_2_2_2,785.3989721904102
460,383,False,road_5_3_2_0,78.16890638046422
460,368,False,road_5_3_2_0,282.93116696475954
460,353,False,road_5_3_2_0,433.1279278757295
460,340,False,road_5_3_2_0,668.5585138390867
460,fake_intersection_4_3_N_1_5478,True,road_5_3_2_1,629.12
460,fake_intersection_4_3_N_1_5479,True,road_5_3_2_1,630.12
460,325,False,road_5_3_2_2,782.519483481678
460,379,False,road_5_4_2_0,84.27571653820533
460,371,False,road_5_4_2_0,194.68392901625808
460,359,False,road_5_4_2_0,294.7135423295133
460,355,False,road_5_4_2_0,425.8696712034375
460,332,False,road_5_4_2_0,669.2784378244943
460,388,False,road_5_4_2_1,24.578744653223538
460,376,False,road_5_4_2_1,157.3463928546047
460,364,False,road_5_4_2_1,277.06975119510116
460,343,False,road_5_4_2_1,495.2818193244549
460,348,False,road_5_4_2_1,527.1398712086703
460,337,False,road_5_4_2_1,608.9735572027757
460,327,False,road_5_4_2_1,672.4677588828947
460,319,False,road_5_4_2_1,680.3841184042726
460,313,False,road_5_4_2_1,687.8851643788727
460,304,False,road_5_4_2_1,695.3862195297096
460,283,False,road_5_4_2_1,702.8873039076007
460,280,False,road_5_4_2_1,710.3883196340677
460,268,False,road_5_4_2_1,717.8894167205933
460,256,False,road_5_4_2_1,725.390421227733
460,253,False,road_5_4_2_1,732.891462598536
460,244,False,road_5_4_2_1,740.3924982110943
460,234,False,road_5_4_2_1,747.8935625359286
460,230,False,road_5_4_2_1,755.394587830096
460,206,False,road_5_4_2_1,762.8956213105093
460,187,False,road_5_4_2_1,770.3967137256591
460,174,False,road_5_4_2_1,777.8978116531808
460,171,False,road_5_4_2_1,785.3989081225037
460,fake_intersection_4_4_N_2_5482,True,road_5_4_2_2,629.12
460,fake_intersection_4_4_N_2_5483,True,road_5_4_2_2,630.12
460,316,False,road_5_4_2_2,770.3968690758595
460,181,False,road_5_4_2_2,777.8978722616686
460,146,False,road_5_4_2_2,785.3989106336303
470,387,False,road_0_1_0_0,126.97000566040802
470,378,False,road_0_1_0_0,192.69795718521766
470,375,False,road_0_1_0_0,212.88678323101328
470,363,False,road_0_1_0_0,353.91048210841245
470,342,False,road_0_1_0_0,638.873368986127
470,394,False,road_0_1_0_1,17.256823421894318
470,391,False,road_0_1_0_1,88.18819479819975
470,370,False,road_0_1_0_1,372.8112636971972
470,347,False,road_0_1_0_1,471.3551185906887
470,358,False,road_0_1_0_1,493.6877353401748
470,354,False,road_0_1_0_1,508.38990753794695
470,fake_intersection_1_1_S_1_5492,True,road_0_1_0_1,629.12
470,fake_intersection_1_1_S_1_5493,True,road_0_1_0_1,630.12
470,336,False,road_0_1_0_1,735.998228008995
470,331,False,road_0_1_0_1,753.9647804734072
470,326,False,road_0_1_0_1,773.0055582693162
470,396,False,road_0_2_0_0,15.688284319034093
470,384,False,road_0_2_0_0,154.32804075386537
470,372,False,road_0_2_0_0,308.6888619553383
470,360,False,road_0_2_0_0,534.9542548486205
470,345,False,road_0_2_0_1,545.5780964955832
470,333,False,road_0_2_0_1,682.2011206940626
470,284,False,road_0_2_0_1,762.8957799688859
470,270,False,road_0_2_0_1,770.3968579291762
470,245,False,road_0_2_0_1,777.8978611463334
470,235,False,road_0_2_0_1,785.3989547030759
470,257,False,road_0_2_0_2,777.8979383275852
470,90,False,road_0_2_0_2,785.3989562573796
470,fake_intersection_1_3_S_1_5514,True,road_0_3_0_1,629.12
470,fake_intersection_1_3_S_1_5515,True,road_0_3_0_1,630.12
470,389,False,road_0_4_0_0,74.57259614267907
470,380,False,road_0_4_0_0,163.2190502767034
470,374,False,road_0_4_0_0,284.35882653663697
470,356,False,road_0_4_0_0,495.9520396172107
470,341,False,road_0_4_0_0,579.2793226986867
470,330,False,road_0_4_0_0,738.9605604632592
470,393,False,road_0_4_0_1,28.9448941159768
470,386,False,road_0_4_0_1,133.37424579746502
470,377,False,road_0_4_0_1,255.0262154393559
470,365,False,road_0_4_0_1,382.5986789662602
470,362,False,road_0_4_0_1,406.80615709331687
470,357,False,road_0_4_0_1,426.8051545454094
470,350,False,road_0_4_0_1,455.35329522990963
470,344,False,road_0_4_0_1,462.85430384117285
470,335,False,road_0_4_0_1,470.3553251700019
470,328,False,road_0_4_0_1,477.85642232497503
470,324,False,road_0_4_0_1,485.3574780599923
470,311,False,road_0_4_0_1,492.85852243843215
470,301,False,road_0_4_0_1,500.35955205872625
470,296,False,road_0_4_0_1,507.86064421250177
470,281,False,road_0_4_0_1,515.3616918855839
470,278,False,road_0_4_0_1,522.862725582593
470,269,False,road_0_4_0_1,530.3637469177118
470,259,False,road_0_4_0_1,537.8648484931657
470,265,False,road_0_4_0_1,545.365849180377
470,254,False,road_0_4_0_1,552.8668948656335
470,251,False,road_0_4_0_1,560.3678979981578
470,237,False,road_0_4_0_1,567.8689552941847
470,233,False,road_0_4_0_1,575.3700042220383
470,231,False,road_0_4_0_1,582.8710883418682
470,226,False,road_0_4_0_1,590.372115558004
470,223,False,road_0_4_0_1,597.87311609928
470,211,False,road_0_4_0_1,605.3741677166983
470,199,False,road_0_4_0_1,612.8751999378156
470,205,False,road_0_4_0_1,620.3762031672828
470,202,False,road_0_4_0_1,627.8772052140789
470,194,False,road_0_4_0_1,635.3782794073513
470,191,False,road_0_4_0_1,642.8793167211014
470,188,False,road_0_4_0_1,650.3804152469011
470,182,False,road_0_4_0_1,657.8814452552595
470,176,False,road_0_4_0_1,665.3824771274606
470,168,False,road_0_4_0_1,672.8834933965627
470,160,False,road_0_4_0_1,680.3845109654097
470,144,False,road_0_4_0_1,687.8855201007306
470,153,False,road_0_4_0_1,695.3865616417746
470,150,False,road_0_4_0_1,702.8875679582106
470,136,False,road_0_4_0_1,710.3885682058954
470,134,False,road_0_4_0_1,717.8896286855951
470,124,False,road_0_4_0_1,725.3906795288144
470,122,False,road_0_4_0_1,732.8916847075485
470,110,False,road_0_4_0_1,740.3927232092798
470,104,False,road_0_4_0_1,747.8937613144855
470,108,False,road_0_4_0_1,755.3948052307136
470,101,False,road_0_4_0_1,762.8958260133331
470,96,False,road_0_4_0_1,770.3968573601849
470,88,False,road_0_4_0_1,777.8978713079902
470,85,False,road_0_4_0_1,785.3989423730433
470,213,False,road_0_4_0_2,732.8917321253386
470,195,False,road_0_4_0_2,740.3927709707751
470,164,False,road_0_4_0_2,747.8937941740246
470,130,False,road_0_4_0_2,755.3948005896773
470,115,False,road_0_4_0_2,762.895824550185
470,118,False,road_0_4_0_2,770.3968643742542
470,93,False,road_0_4_0_2,777.8978932754937
470,69,False,road_0_4_0_2,785.3989879656378
470,381,False,road_1_0_1_0,141.16603612698717
470,351,False,road_1_0_1_0,427.31683372464346
470,366,False,road_1_0_1_1,370.6868557210862
470,338,False,road_1_0_1_1,495.3865315562956
470,322,False,road_1_0_1_1,502.8875966179961
470,305,False,road_1_0_1_1,510.38865326187357
470,291,False,road_1_0_1_1,517.8896536068149
470,275,False,road_1_0_1_1,525.3906647543819
470,203,False,road_1_0_1_1,532.8917586810945
470,185,False,road_1_0_1_1,540.3928497049037
470,165,False,road_1_0_1_1,547.8938894346898
470,132,False,road_1_0_1_1,555.3949439234823
470,111,False,road_1_0_1_1,562.8959783957997
470,77,False,road_1_0_1_1,570.3969840486556
470,57,False,road_1_0_1_1,577.897986719655
470,21,False,road_1_0_1_1,585.3989910327766
470,247,False,road_1_0_1_2,585.3989791711863
470,318,False,road_1_1_0_0,251.04418778758443
470,315,False,road_1_1_0_0,296.3406591899017
470,303,False,road_1_1_0_0,316.90241807307035
470,282,False,road_1_1_0_0,446.85472142690713
470,279,False,road_1_1_0_0,518.342516560966
470,312,False,road_1_1_0_1,316.8634359380872
470,294,False,road_1_1_0_1,453.41868635458985
470,299,False,road_1_1_0_1,494.83179702939015
470,260,False,road_1_1_0_1,575.7236119263397
470,fake_intersection_2_1_S_1_5528,True,road_1_1_0_1,618.24
470,fake_intersection_2_1_S_1_5529,True,road_1_1_0_1,619.24
470,255,False,road_1_1_1_0,322.5249491349236
470,fake_intersection_1_2_W_1_5504,True,road_1_1_1_1,458.24
470,fake_intersection_1_2_W_1_5505,True,road_1_1_1_1,459.24
470,5,False,road_1_1_1_1,564.2979352165414
470,32,False,road_1_1_1_1,571.7989524919927
470,3,False,road_1_1_3_0,515.8100956856812
470,267,False,road_1_1_3_0,558.3272026167427
470,288,False,road_1_1_3_1,552.638082395199
470,263,False,road_1_2_0_1,96.74095149386582
470,fake_intersection_2_2_S_1_5536,True,road_1_2_0_1,618.24
470,fake_intersection_2_2_S_1_5537,True,road_1_2_0_1,619.24
470,fake_intersection_2_2_S_2_5538,True,road_1_2_0_2,618.24
470,fake_intersection_2_2_S_2_5539,True,road_1_2_0_2,619.24
470,fake_intersection_1_3_W_1_5510,True,road_1_2_1_1,458.24
470,fake_intersection_1_3_W_1_5511,True,road_1_2_1_1,459.24
470,4,False,road_1_2_1_1,571.7989320868487
470,fake_intersection_1_3_W_2_5512,True,road_1_2_1_2,458.24
470,fake_intersection_1_3_W_2_5513,True,road_1_2_1_2,459.24
470,320,False,road_1_2_3_0,233.60270098569595
470,297,False,road_1_2_3_0,295.61222166415644
470,309,False,road_1_2_3_1,286.7253642933708
470,179,False,road_1_2_3_1,571.7989029790325
470,fake_intersection_1_1_E_2_5490,True,road_1_2_3_2,458.24
470,fake_intersection_1_1_E_2_5491,True,road_1_2_3_2,459.24
470,19,False,road_1_3_0_0,397.48789422896556
470,fake_intersection_2_3_S_1_5544,True,road_1_3_0_1,618.24
470,fake_intersection_2_3_S_1_5545,True,road_1_3_0_1,619.24
470,fake_intersection_2_3_S_2_5546,True,road_1_3_0_2,618.24
470,fake_intersection_2_3_S_2_5547,True,road_1_3_0_2,619.24
470,67,False,road_1_3_1_0,509.53403221253643
470,fake_intersection_1_4_W_1_5522,True,road_1_3_1_1,458.24
470,fake_intersection_1_4_W_1_5523,True,road_1_3_1_1,459.24
470,276,False,road_1_3_2_0,18.20402802996618
470,16,False,road_1_3_2_0,332.9760186325512
470,fake_intersection_1_2_E_1_5496,True,road_1_3_3_1,458.24
470,fake_intersection_1_2_E_1_5497,True,road_1_3_3_1,459.24
470,fake_intersection_1_2_E_2_5498,True,road_1_3_3_2,458.24
470,fake_intersection_1_2_E_2_5499,True,road_1_3_3_2,459.24
470,fake_intersection_2_4_S_1_5558,True,road_1_4_0_1,618.24
470,fake_intersection_2_4_S_1_5559,True,road_1_4_0_1,619.24
470,317,False,road_1_4_3_0,91.60318193218713
470,323,False,road_1_4_3_0,108.5541266475943
470,314,False,road_1_4_3_1,237.1424293302997
470,302,False,road_1_4_3_1,257.2023426021477
470,290,False,road_1_4_3_1,382.5893430120643
470,286,False,road_1_4_3_1,391.34893040584615
470,274,False,road_1_4_3_1,399.2620068286004
470,306,False,road_1_4_3_1,406.77598232856275
470,292,False,road_1_4_3_1,414.2770125078467
470,249,False,road_1_4_3_1,421.77811361847796
470,222,False,road_1_4_3_1,429.2792125300779
470,227,False,road_1_4_3_1,436.7802259511513
470,217,False,road_1_4_3_1,444.2812943823954
470,215,False,road_1_4_3_1,451.7823378141692
470,172,False,road_1_4_3_1,459.2834358577733
470,173,False,road_1_4_3_1,466.7845128058187
470,162,False,road_1_4_3_1,474.2855260517467
470,166,False,road_1_4_3_1,481.7865949162221
470,142,False,road_1_4_3_1,489.28761903868144
470,127,False,road_1_4_3_1,496.78862006102685
470,140,False,road_1_4_3_1,504.2896372495155
470,133,False,road_1_4_3_1,511.79065605503166
470,102,False,road_1_4_3_1,519.2917106439144
470,41,False,road_1_4_3_1,526.7927259146885
470,6,False,road_1_4_3_1,534.29374921195
470,80,False,road_1_4_3_1,541.7947712089742
470,79,False,road_1_4_3_1,549.2958273446126
470,56,False,road_1_4_3_1,556.7968742998352
470,23,False,road_1_4_3_1,564.297910843412
470,27,False,road_1_4_3_1,571.7989478475426
470,339,False,road_1_4_3_2,135.74980377296322
470,183,False,road_1_4_3_2,564.2979237736337
470,22,False,road_1_4_3_2,571.7989561486653
470,382,False,road_1_5_3_0,144.88905335949173
470,367,False,road_1_5_3_1,350.0017593741658
470,fake_intersection_1_4_E_1_5516,True,road_1_5_3_1,469.12
470,fake_intersection_1_4_E_1_5517,True,road_1_5_3_1,470.12
470,352,False,road_1_5_3_1,509.4595491822081
470,fake_intersection_2_1_W_1_5534,True,road_2_0_1_1,469.12
470,fake_intersection_2_1_W_1_5535,True,road_2_0_1_1,470.12
470,252,False,road_2_1_0_0,74.00313410121602
470,224,False,road_2_1_0_0,390.6306484238627
470,200,False,road_2_1_0_1,558.3666056967884
470,239,False,road_2_1_0_1,583.5092506763725
470,210,False,road_2_1_0_1,724.6595127300496
470,184,False,road_2_1_0_1,743.7457907789998
470,175,False,road_2_1_0_1,765.6773256243661
470,fake_intersection_3_1_S_2_5560,True,road_2_1_0_2,618.24
470,fake_intersection_3_1_S_2_5561,True,road_2_1_0_2,619.24
470,fake_intersection_1_1_N_1_5494,True,road_2_1_2_1,618.24
470,fake_intersection_1_1_N_1_5495,True,road_2_1_2_1,619.24
470,243,False,road_2_1_3_0,154.52483122100244
470,216,False,road_2_1_3_0,409.96869250933594
470,207,False,road_2_2_0_0,510.54038346177435
470,fake_intersection_3_2_S_1_5570,True,road_2_2_0_1,618.24
470,fake_intersection_3_2_S_1_5571,True,road_2_2_0_1,619.24
470,50,False,road_2_2_0_1,695.3303061300039
470,fake_intersection_3_2_S_2_5572,True,road_2_2_0_2,618.24
470,fake_intersection_3_2_S_2_5573,True,road_2_2_0_2,619.24
470,fake_intersection_2_3_W_1_5552,True,road_2_2_1_1,458.24
470,fake_intersection_2_3_W_1_5553,True,road_2_2_1_1,459.24
470,152,False,road_2_2_1_1,549.2959184635042
470,91,False,road_2_2_1_1,556.7969426073587
470,120,False,road_2_2_1_1,564.2979433006939
470,33,False,road_2_2_1_1,571.7989512852479
470,fake_intersection_2_3_W_2_5554,True,road_2_2_1_2,458.24
470,fake_intersection_2_3_W_2_5555,True,road_2_2_1_2,459.24
470,fake_intersection_1_2_N_1_5500,True,road_2_2_2_1,618.24
470,fake_intersection_1_2_N_1_5501,True,road_2_2_2_1,619.24
470,63,False,road_2_2_2_1,771.7989637820486
470,fake_intersection_1_2_N_2_5502,True,road_2_2_2_2,618.24
470,fake_intersection_1_2_N_2_5503,True,road_2_2_2_2,619.24
470,fake_intersection_2_1_E_1_5530,True,road_2_2_3_1,458.24
470,fake_intersection_2_1_E_1_5531,True,road_2_2_3_1,459.24
470,151,False,road_2_2_3_1,571.7989417208323
470,fake_intersection_2_1_E_2_5532,True,road_2_2_3_2,458.24
470,fake_intersection_2_1_E_2_5533,True,road_2_2_3_2,459.24
470,fake_intersection_3_3_S_2_5592,True,road_2_3_0_2,618.24
470,fake_intersection_3_3_S_2_5593,True,road_2_3_0_2,619.24
470,121,False,road_2_3_0_2,716.7656955435873
470,7,False,road_2_3_1_0,516.5668169415484
470,198,False,road_2_3_2_0,56.32123417285162
470,fake_intersection_1_3_N_1_5506,True,road_2_3_2_1,618.24
470,fake_intersection_1_3_N_1_5507,True,road_2_3_2_1,619.24
470,128,False,road_2_3_2_1,748.0467305290471
470,fake_intersection_1_3_N_2_5508,True,road_2_3_2_2,618.24
470,fake_intersection_1_3_N_2_5509,True,road_2_3_2_2,619.24
470,35,False,road_2_3_2_2,771.7989851420144
470,fake_intersection_3_4_S_1_5600,True,road_2_4_0_1,618.24
470,fake_intersection_3_4_S_1_5601,True,road_2_4_0_1,619.24
470,64,False,road_2_4_0_1,771.7989491181652
470,fake_intersection_3_4_S_2_5602,True,road_2_4_0_2,618.24
470,fake_intersection_3_4_S_2_5603,True,road_2_4_0_2,619.24
470,83,False,road_2_4_0_2,771.7989933468588
470,fake_intersection_1_4_N_1_5518,True,road_2_4_2_1,618.24
470,fake_intersection_1_4_N_1_5519,True,road_2_4_2_1,619.24
470,fake_intersection_1_4_N_2_5520,True,road_2_4_2_2,618.24
470,fake_intersection_1_4_N_2_5521,True,road_2_4_2_2,619.24
470,fake_intersection_2_3_E_1_5548,True,road_2_4_3_1,458.24
470,fake_intersection_2_3_E_1_5549,True,road_2_4_3_1,459.24
470,39,False,road_2_4_3_1,564.2978546503266
470,61,False,road_2_4_3_1,571.7989518358123
470,fake_intersection_2_3_E_2_5550,True,road_2_4_3_2,458.24
470,fake_intersection_2_3_E_2_5551,True,road_2_4_3_2,459.24
470,72,False,road_2_4_3_2,564.2979320177367
470,13,False,road_2_4_3_2,571.7989525068753
470,148,False,road_3_1_0_0,678.405069162086
470,fake_intersection_4_1_S_1_5608,True,road_3_1_0_1,618.24
470,fake_intersection_4_1_S_1_5609,True,road_3_1_0_1,619.24
470,161,False,road_3_1_0_1,628.0810586891461
470,fake_intersection_4_1_S_2_5610,True,road_3_1_0_2,618.24
470,fake_intersection_4_1_S_2_5611,True,road_3_1_0_2,619.24
470,143,False,road_3_1_0_2,771.7989882056197
470,fake_intersection_3_2_W_1_5576,True,road_3_1_1_1,458.24
470,fake_intersection_3_2_W_1_5577,True,road_3_1_1_1,459.24
470,59,False,road_3_1_1_1,571.7989866918637
470,fake_intersection_3_2_W_2_5578,True,road_3_1_1_2,458.24
470,fake_intersection_3_2_W_2_5579,True,road_3_1_1_2,459.24
470,14,False,road_3_1_2_0,205.24607910376216
470,fake_intersection_2_1_N_1_5524,True,road_3_1_2_1,618.24
470,fake_intersection_2_1_N_1_5525,True,road_3_1_2_1,619.24
470,fake_intersection_2_1_N_2_5526,True,road_3_1_2_2,618.24
470,fake_intersection_2_1_N_2_5527,True,road_3_1_2_2,619.24
470,123,False,road_3_2_0_0,319.43819949987494
470,44,False,road_3_2_0_0,430.1333045071291
470,fake_intersection_4_2_S_1_5620,True,road_3_2_0_1,618.24
470,fake_intersection_4_2_S_1_5621,True,road_3_2_0_1,619.24
470,fake_intersection_4_2_S_2_5622,True,road_3_2_0_2,618.24
470,fake_intersection_4_2_S_2_5623,True,road_3_2_0_2,619.24
470,236,False,road_3_2_1_1,287.0491036702906
470,fake_intersection_3_3_W_1_5588,True,road_3_2_1_1,458.24
470,fake_intersection_3_3_W_1_5589,True,road_3_2_1_1,459.24
470,fake_intersection_3_3_W_2_5590,True,road_3_2_1_2,458.24
470,fake_intersection_3_3_W_2_5591,True,road_3_2_1_2,459.24
470,180,False,road_3_3_0_0,647.3778096649256
470,fake_intersection_4_3_S_1_5630,True,road_3_3_0_1,618.24
470,fake_intersection_4_3_S_1_5631,True,road_3_3_0_1,619.24
470,277,False,road_3_3_1_0,99.85798298682528
470,fake_intersection_3_4_W_1_5598,True,road_3_3_1_1,458.24
470,fake_intersection_3_4_W_1_5599,True,road_3_3_1_1,459.24
470,212,False,road_3_3_1_1,572.6030491727842
470,241,False,road_3_3_2_0,184.44315333435762
470,229,False,road_3_3_2_0,284.3173461961915
470,250,False,road_3_3_2_1,27.221853984555104
470,fake_intersection_2_3_N_1_5540,True,road_3_3_2_1,618.24
470,fake_intersection_2_3_N_1_5541,True,road_3_3_2_1,619.24
470,fake_intersection_2_3_N_2_5542,True,road_3_3_2_2,618.24
470,fake_intersection_2_3_N_2_5543,True,road_3_3_2_2,619.24
470,49,False,road_3_3_2_2,632.8484375295832
470,158,False,road_3_3_2_2,771.7989787135056
470,fake_intersection_3_2_E_1_5574,True,road_3_3_3_1,458.24
470,fake_intersection_3_2_E_1_5575,True,road_3_3_3_1,459.24
470,fake_intersection_4_4_S_1_5636,True,road_3_4_0_1,618.24
470,fake_intersection_4_4_S_1_5637,True,road_3_4_0_1,619.24
470,47,False,road_3_4_0_1,741.7948269375124
470,9,False,road_3_4_0_1,749.2958272573236
470,53,False,road_3_4_0_1,756.7968465444304
470,51,False,road_3_4_0_1,764.297883076179
470,37,False,road_3_4_0_1,771.7989017319449
470,fake_intersection_4_4_S_2_5638,True,road_3_4_0_2,618.24
470,fake_intersection_4_4_S_2_5639,True,road_3_4_0_2,619.24
470,190,False,road_3_4_1_0,4.737211091256043
470,fake_intersection_2_4_N_1_5556,True,road_3_4_2_1,618.24
470,fake_intersection_2_4_N_1_5557,True,road_3_4_2_1,619.24
470,30,False,road_3_4_2_2,771.7989155793821
470,186,False,road_3_4_3_0,496.38501833364154
470,fake_intersection_3_3_E_1_5584,True,road_3_4_3_1,458.24
470,fake_intersection_3_3_E_1_5585,True,road_3_4_3_1,459.24
470,17,False,road_3_4_3_1,571.7989103776712
470,fake_intersection_3_3_E_2_5586,True,road_3_4_3_2,458.24
470,fake_intersection_3_3_E_2_5587,True,road_3_4_3_2,459.24
470,fake_intersection_3_4_E_1_5594,True,road_3_5_3_1,469.12
470,fake_intersection_3_4_E_1_5595,True,road_3_5_3_1,470.12
470,390,False,road_4_0_1_0,73.06268835328203
470,369,False,road_4_0_1_1,310.57202139016806
470,349,False,road_4_0_1_1,457.8746902197042
470,329,False,road_4_0_1_1,465.382435939017
470,308,False,road_4_0_1_1,472.88351036982834
470,242,False,road_4_0_1_1,480.38455753970584
470,238,False,road_4_0_1_1,487.8855651452912
470,228,False,road_4_0_1_1,495.38661338524423
470,218,False,road_4_0_1_1,502.8876319246422
470,197,False,road_4_0_1_1,510.38863320897235
470,189,False,road_4_0_1_1,517.8896963306137
470,177,False,road_4_0_1_1,525.3906964045054
470,167,False,road_4_0_1_1,532.8917442186294
470,157,False,road_4_0_1_1,540.3927921719892
470,126,False,road_4_0_1_1,547.8938143191779
470,105,False,road_4_0_1_1,555.3948370422622
470,74,False,road_4_0_1_1,562.8958804751306
470,54,False,road_4_0_1_1,570.3968991281677
470,34,False,road_4_0_1_1,577.8979626755071
470,24,False,road_4_0_1_1,585.3989709774777
470,137,False,road_4_0_1_2,562.8959172536753
470,116,False,road_4_0_1_2,570.3969448594623
470,97,False,road_4_0_1_2,577.8979548004972
470,45,False,road_4_0_1_2,585.3989571672523
470,287,False,road_4_1_0_0,534.5090311669427
470,fake_intersection_4_2_W_1_5616,True,road_4_1_1_1,458.24
470,fake_intersection_4_2_W_1_5617,True,road_4_1_1_1,459.24
470,fake_intersection_4_2_W_2_5618,True,road_4_1_1_2,458.24
470,fake_intersection_4_2_W_2_5619,True,road_4_1_1_2,459.24
470,fake_intersection_3_1_N_1_5562,True,road_4_1_2_1,618.24
470,fake_intersection_3_1_N_1_5563,True,road_4_1_2_1,619.24
470,fake_intersection_3_1_N_2_5564,True,road_4_1_2_2,618.24
470,fake_intersection_3_1_N_2_5565,True,road_4_1_2_2,619.24
470,82,False,road_4_2_0_0,133.69068285497139
470,0,False,road_4_2_0_0,676.2249886311762
470,208,False,road_4_2_1_1,571.7989408224968
470,334,False,road_4_2_2_0,71.68551647439719
470,310,False,road_4_2_2_0,116.23548720699874
470,298,False,road_4_2_2_0,355.1853991969114
470,271,False,road_4_2_2_0,453.19802733043394
470,285,False,road_4_2_2_0,528.0095844383181
470,fake_intersection_3_2_N_1_5566,True,road_4_2_2_1,618.24
470,fake_intersection_3_2_N_1_5567,True,road_4_2_2_1,619.24
470,246,False,road_4_2_2_1,771.7989955733436
470,fake_intersection_3_2_N_2_5568,True,road_4_2_2_2,618.24
470,fake_intersection_3_2_N_2_5569,True,road_4_2_2_2,619.24
470,fake_intersection_4_1_E_1_5604,True,road_4_2_3_1,458.24
470,fake_intersection_4_1_E_1_5605,True,road_4_2_3_1,459.24
470,307,False,road_4_3_1_0,237.1606175238683
470,fake_intersection_4_4_W_2_5634,True,road_4_3_1_2,458.24
470,fake_intersection_4_4_W_2_5635,True,road_4_3_1_2,459.24
470,293,False,road_4_3_2_1,604.5405270659039
470,fake_intersection_3_3_N_1_5580,True,road_4_3_2_1,618.24
470,fake_intersection_3_3_N_1_5581,True,road_4_3_2_1,619.24
470,fake_intersection_3_3_N_2_5582,True,road_4_3_2_2,618.24
470,fake_intersection_3_3_N_2_5583,True,road_4_3_2_2,619.24
470,fake_intersection_4_2_E_1_5612,True,road_4_3_3_1,458.24
470,fake_intersection_4_2_E_1_5613,True,road_4_3_3_1,459.24
470,117,False,road_4_3_3_1,564.2978363232143
470,107,False,road_4_3_3_1,571.7989339901593
470,fake_intersection_4_2_E_2_5614,True,road_4_3_3_2,458.24
470,fake_intersection_4_2_E_2_5615,True,road_4_3_3_2,459.24
470,220,False,road_4_4_0_0,633.5319590845153
470,262,False,road_4_4_1_0,261.44476591946466
470,295,False,road_4_4_1_0,351.2486401514127
470,300,False,road_4_4_1_1,355.6750656175246
470,fake_intersection_3_4_N_1_5596,True,road_4_4_2_1,618.24
470,fake_intersection_3_4_N_1_5597,True,road_4_4_2_1,619.24
470,163,False,road_4_4_2_1,734.2937900616366
470,131,False,road_4_4_2_1,741.7948879583921
470,119,False,road_4_4_2_1,749.2958964981461
470,92,False,road_4_4_2_1,756.7969342743186
470,109,False,road_4_4_2_1,764.2979723922394
470,103,False,road_4_4_2_1,771.7989727513682
470,81,False,road_4_4_2_2,771.7989874836612
470,fake_intersection_4_1_N_1_5606,True,road_5_1_2_1,629.12
470,fake_intersection_4_1_N_1_5607,True,road_5_1_2_1,630.12
470,385,False,road_5_2_2_0,170.48661930883628
470,373,False,road_5_2_2_0,258.8180178401398
470,361,False,road_5_2_2_0,435.24630725202667
470,321,False,road_5_2_2_0,773.0678159463278
470,397,False,road_5_2_2_1,16.549842087271838
470,fake_intersection_4_2_N_1_5624,True,road_5_2_2_1,629.12
470,fake_intersection_4_2_N_1_5625,True,road_5_2_2_1,630.12
470,346,False,road_5_2_2_1,671.2933009681974
470,fake_intersection_4_2_N_2_5626,True,road_5_2_2_2,629.12
470,fake_intersection_4_2_N_2_5627,True,road_5_2_2_2,630.12
470,258,False,road_5_2_2_2,785.3989721904102
470,383,False,road_5_3_2_0,196.851447106435
470,368,False,road_5_3_2_0,404.5453601331451
470,353,False,road_5_3_2_0,543.9115286887579
470,340,False,road_5_3_2_0,783.7664974469192
470,fake_intersection_4_3_N_1_5628,True,road_5_3_2_1,629.12
470,fake_intersection_4_3_N_1_5629,True,road_5_3_2_1,630.12
470,325,False,road_5_3_2_2,785.3989500010405
470,392,False,road_5_4_2_0,79.05252081109661
470,379,False,road_5_4_2_0,173.21055307872865
470,371,False,road_5_4_2_0,292.8382930905111
470,359,False,road_5_4_2_0,384.45669771600217
470,355,False,road_5_4_2_0,532.8555129809807
470,332,False,road_5_4_2_0,776.7401548495351
470,395,False,road_5_4_2_1,10.30640029725158
470,388,False,road_5_4_2_1,145.35129375357005
470,376,False,road_5_4_2_1,273.2846591178238
470,364,False,road_5_4_2_1,381.9160250406134
470,343,False,road_5_4_2_1,594.0127183331352
470,348,False,road_5_4_2_1,646.4137624018247
470,337,False,road_5_4_2_1,665.3803506064191
470,327,False,road_5_4_2_1,672.8830631511408
470,319,False,road_5_4_2_1,680.3841184042726
470,313,False,road_5_4_2_1,687.8851643788727
470,304,False,road_5_4_2_1,695.3862195297096
470,283,False,road_5_4_2_1,702.8873039076007
470,280,False,road_5_4_2_1,710.3883196340677
470,268,False,road_5_4_2_1,717.8894167205933
470,256,False,road_5_4_2_1,725.390421227733
470,253,False,road_5_4_2_1,732.891462598536
470,244,False,road_5_4_2_1,740.3924982110943
470,234,False,road_5_4_2_1,747.8935625359286
470,230,False,road_5_4_2_1,755.394587830096
470,206,False,road_5_4_2_1,762.8956213105093
470,187,False,road_5_4_2_1,770.3967137256591
470,174,False,road_5_4_2_1,777.8978116531808
470,171,False,road_5_4_2_1,785.3989081225037
470,fake_intersection_4_4_N_2_5632,True,road_5_4_2_2,629.12
470,fake_intersection_4_4_N_2_5633,True,road_5_4_2_2,630.12
470,316,False,road_5_4_2_2,770.3968690758595
470,181,False,road_5_4_2_2,777.8978722616686
470,146,False,road_5_4_2_2,785.3989106336303
480,5,False,:intersection_1_2_21_1,6.388531166750681
480,32,False,:intersection_1_2_21_1,22.525561452462966
480,352,False,:intersection_1_4_3_0,24.9429412275562
480,50,False,:intersection_3_2_30_1,10.743763987246032
480,148,False,:intersection_4_1_27_0,0.941252231849603
480,346,False,:intersection_4_2_12_1,0.5854569469170201
480,387,False,road_0_1_0_0,217.581924792374
480,375,False,road_0_1_0_0,297.53155073056485
480,363,False,road_0_1_0_0,446.65377168722506
480,342,False,road_0_1_0_0,743.0184992752515
480,394,False,road_0_1_0_1,142.88533391840693
480,391,False,road_0_1_0_1,203.26121427230765
480,378,False,road_0_1_0_1,287.63831778685625
480,370,False,road_0_1_0_1,491.76122000631176
480,347,False,road_0_1_0_1,556.6638913125435
480,358,False,road_0_1_0_1,590.5520482576655
480,354,False,road_0_1_0_1,610.1830208294638
480,fake_intersection_1_1_S_1_5644,True,road_0_1_0_1,629.12
480,fake_intersection_1_1_S_1_5645,True,road_0_1_0_1,630.12
480,402,False,road_0_1_0_2,58.76260373467323
480,fake_intersection_1_1_S_2_5646,True,road_0_1_0_2,629.12
480,fake_intersection_1_1_S_2_5647,True,road_0_1_0_2,630.12
480,396,False,road_0_2_0_0,119.15940895094806
480,384,False,road_0_2_0_0,270.0156208053496
480,372,False,road_0_2_0_0,415.5301095308891
480,360,False,road_0_2_0_0,658.7371662616027
480,345,False,road_0_2_0_1,644.3279369978566
480,333,False,road_0_2_0_1,755.3491980632316
480,284,False,road_0_2_0_1,762.8957799688859
480,270,False,road_0_2_0_1,770.3968579291762
480,245,False,road_0_2_0_1,777.8978611463334
480,235,False,road_0_2_0_1,785.3989547030759
480,257,False,road_0_2_0_2,777.8979383275852
480,90,False,road_0_2_0_2,785.3989562573796
480,fake_intersection_1_3_S_1_5664,True,road_0_3_0_1,629.12
480,fake_intersection_1_3_S_1_5665,True,road_0_3_0_1,630.12
480,404,False,road_0_4_0_0,51.36658361588821
480,400,False,road_0_4_0_0,95.67062863188413
480,374,False,road_0_4_0_0,381.3916307029259
480,356,False,road_0_4_0_0,596.1959732161623
480,341,False,road_0_4_0_0,669.3423084253146
480,393,False,road_0_4_0_1,146.98276004322915
480,389,False,road_0_4_0_1,170.6363582323856
480,386,False,road_0_4_0_1,234.33861060709518
480,380,False,road_0_4_0_1,252.4595574269715
480,377,False,road_0_4_0_1,367.58391082873493
480,365,False,road_0_4_0_1,432.8316882584903
480,362,False,road_0_4_0_1,440.35118635768805
480,357,False,road_0_4_0_1,447.85225379048364
480,350,False,road_0_4_0_1,455.35329522990963
480,344,False,road_0_4_0_1,462.85430384117285
480,335,False,road_0_4_0_1,470.3553251700019
480,328,False,road_0_4_0_1,477.85642232497503
480,324,False,road_0_4_0_1,485.3574780599923
480,311,False,road_0_4_0_1,492.85852243843215
480,301,False,road_0_4_0_1,500.35955205872625
480,296,False,road_0_4_0_1,507.86064421250177
480,281,False,road_0_4_0_1,515.3616918855839
480,278,False,road_0_4_0_1,522.862725582593
480,269,False,road_0_4_0_1,530.3637469177118
480,259,False,road_0_4_0_1,537.8648484931657
480,265,False,road_0_4_0_1,545.365849180377
480,254,False,road_0_4_0_1,552.8668948656335
480,251,False,road_0_4_0_1,560.3678979981578
480,237,False,road_0_4_0_1,567.8689552941847
480,233,False,road_0_4_0_1,575.3700042220383
480,231,False,road_0_4_0_1,582.8710883418682
480,226,False,road_0_4_0_1,590.372115558004
480,223,False,road_0_4_0_1,597.87311609928
480,211,False,road_0_4_0_1,605.3741677166983
480,199,False,road_0_4_0_1,612.8751999378156
480,205,False,road_0_4_0_1,620.3762031672828
480,202,False,road_0_4_0_1,627.8772052140789
480,194,False,road_0_4_0_1,635.3782794073513
480,191,False,road_0_4_0_1,642.8793167211014
480,188,False,road_0_4_0_1,650.3804152469011
480,182,False,road_0_4_0_1,657.8814452552595
480,176,False,road_0_4_0_1,665.3824771274606
480,168,False,road_0_4_0_1,672.8834933965627
480,160,False,road_0_4_0_1,680.3845109654097
480,144,False,road_0_4_0_1,687.8855201007306
480,153,False,road_0_4_0_1,695.3865616417746
480,150,False,road_0_4_0_1,702.8875679582106
480,136,False,road_0_4_0_1,710.3885682058954
480,134,False,road_0_4_0_1,717.8896286855951
480,124,False,road_0_4_0_1,725.3906795288144
480,122,False,road_0_4_0_1,732.8916847075485
480,110,False,road_0_4_0_1,740.3927232092798
480,104,False,road_0_4_0_1,747.8937613144855
480,108,False,road_0_4_0_1,755.3948052307136
480,101,False,road_0_4_0_1,762.8958260133331
480,96,False,road_0_4_0_1,770.3968573601849
480,88,False,road_0_4_0_1,777.8978713079902
480,85,False,road_0_4_0_1,785.3989423730433
480,213,False,road_0_4_0_2,732.8917321253386
480,195,False,road_0_4_0_2,740.3927709707751
480,164,False,road_0_4_0_2,747.8937941740246
480,130,False,road_0_4_0_2,755.3948005896773
480,115,False,road_0_4_0_2,762.895824550185
480,118,False,road_0_4_0_2,770.3968643742542
480,93,False,road_0_4_0_2,777.8978932754937
480,69,False,road_0_4_0_2,785.3989879656378
480,351,False,road_1_0_1_0,510.7698581578527
480,398,False,road_1_0_1_1,99.98163977679116
480,381,False,road_1_0_1_1,241.8152120979154
480,366,False,road_1_0_1_1,483.6621688786478
480,338,False,road_1_0_1_1,495.3865315562956
480,322,False,road_1_0_1_1,502.8875966179961
480,305,False,road_1_0_1_1,510.38865326187357
480,291,False,road_1_0_1_1,517.8896536068149
480,275,False,road_1_0_1_1,525.3906647543819
480,203,False,road_1_0_1_1,532.8917586810945
480,185,False,road_1_0_1_1,540.3928497049037
480,165,False,road_1_0_1_1,547.8938894346898
480,132,False,road_1_0_1_1,555.3949439234823
480,111,False,road_1_0_1_1,562.8959783957997
480,77,False,road_1_0_1_1,570.3969840486556
480,57,False,road_1_0_1_1,577.897986719655
480,21,False,road_1_0_1_1,585.3989910327766
480,fake_intersection_1_1_W_2_5642,True,road_1_0_1_2,469.12
480,fake_intersection_1_1_W_2_5643,True,road_1_0_1_2,470.12
480,247,False,road_1_0_1_2,585.3989791711863
480,326,False,road_1_1_0_0,54.73764729669508
480,318,False,road_1_1_0_0,375.0634418501126
480,315,False,road_1_1_0_0,402.9390682803038
480,303,False,road_1_1_0_0,424.03936925470373
480,294,False,road_1_1_0_0,564.4590055718244
480,331,False,road_1_1_0_1,41.738776700830314
480,312,False,road_1_1_0_1,433.59579465124733
480,282,False,road_1_1_0_1,545.4039887348872
480,299,False,road_1_1_0_1,600.9016948442743
480,279,False,road_1_1_0_1,620.5804542613527
480,260,False,road_1_1_0_1,652.0615205679159
480,336,False,road_1_1_0_2,23.718070582313125
480,255,False,road_1_1_1_1,396.39185078472184
480,fake_intersection_1_2_W_1_5656,True,road_1_1_1_1,458.24
480,fake_intersection_1_2_W_1_5657,True,road_1_1_1_1,459.24
480,263,False,road_1_2_0_0,197.07732593139022
480,fake_intersection_2_2_S_1_5682,True,road_1_2_0_1,618.24
480,fake_intersection_2_2_S_1_5683,True,road_1_2_0_1,619.24
480,fake_intersection_2_2_S_2_5684,True,road_1_2_0_2,618.24
480,fake_intersection_2_2_S_2_5685,True,road_1_2_0_2,619.24
480,fake_intersection_1_3_W_1_5662,True,road_1_2_1_1,458.24
480,fake_intersection_1_3_W_1_5663,True,road_1_2_1_1,459.24
480,4,False,road_1_2_1_1,571.7989320868487
480,320,False,road_1_2_3_0,355.9789751747707
480,297,False,road_1_2_3_0,397.6905963883717
480,309,False,road_1_2_3_1,396.1026590345168
480,179,False,road_1_2_3_1,571.7989029790325
480,fake_intersection_1_1_E_2_5648,True,road_1_2_3_2,458.24
480,fake_intersection_1_1_E_2_5649,True,road_1_2_3_2,459.24
480,19,False,road_1_3_0_1,516.8577489595292
480,fake_intersection_2_3_S_1_5690,True,road_1_3_0_1,618.24
480,fake_intersection_2_3_S_1_5691,True,road_1_3_0_1,619.24
480,fake_intersection_2_3_S_2_5692,True,road_1_3_0_2,618.24
480,fake_intersection_2_3_S_2_5693,True,road_1_3_0_2,619.24
480,fake_intersection_1_4_W_1_5672,True,road_1_3_1_1,458.24
480,fake_intersection_1_4_W_1_5673,True,road_1_3_1_1,459.24
480,128,False,road_1_3_2_0,65.1791859074257
480,276,False,road_1_3_2_0,108.50382455215944
480,16,False,road_1_3_2_0,423.2019869308883
480,27,False,road_1_3_3_0,82.14574226307073
480,fake_intersection_1_2_E_1_5650,True,road_1_3_3_1,458.24
480,fake_intersection_1_2_E_1_5651,True,road_1_3_3_1,459.24
480,67,False,road_1_4_0_1,9.025326728883654
480,fake_intersection_2_4_S_1_5704,True,road_1_4_0_1,618.24
480,fake_intersection_2_4_S_1_5705,True,road_1_4_0_1,619.24
480,330,False,road_1_4_3_0,28.02368144616959
480,317,False,road_1_4_3_0,182.3243903703343
480,323,False,road_1_4_3_1,194.27238785276316
480,314,False,road_1_4_3_1,340.72276270186353
480,302,False,road_1_4_3_1,360.5652280393312
480,290,False,road_1_4_3_1,384.2729332999643
480,286,False,road_1_4_3_1,391.7739577505102
480,274,False,road_1_4_3_1,399.2749621376399
480,306,False,road_1_4_3_1,406.77598232856275
480,292,False,road_1_4_3_1,414.2770125078467
480,249,False,road_1_4_3_1,421.77811361847796
480,222,False,road_1_4_3_1,429.2792125300779
480,227,False,road_1_4_3_1,436.7802259511513
480,217,False,road_1_4_3_1,444.2812943823954
480,215,False,road_1_4_3_1,451.7823378141692
480,172,False,road_1_4_3_1,459.2834358577733
480,173,False,road_1_4_3_1,466.7845128058187
480,162,False,road_1_4_3_1,474.2855260517467
480,166,False,road_1_4_3_1,481.7865949162221
480,142,False,road_1_4_3_1,489.28761903868144
480,127,False,road_1_4_3_1,496.78862006102685
480,140,False,road_1_4_3_1,504.2896372495155
480,133,False,road_1_4_3_1,512.1722977504005
480,102,False,road_1_4_3_1,520.2005103781036
480,41,False,road_1_4_3_1,530.4805723716124
480,6,False,road_1_4_3_1,539.5084477122973
480,80,False,road_1_4_3_1,548.7748164793679
480,79,False,road_1_4_3_1,556.6423770223055
480,56,False,road_1_4_3_1,564.2781664016971
480,23,False,road_1_4_3_1,571.7984268251346
480,339,False,road_1_4_3_2,261.38364595550433
480,183,False,road_1_4_3_2,564.2979237736337
480,22,False,road_1_4_3_2,571.7989561486653
480,382,False,road_1_5_3_0,232.20535352106106
480,399,False,road_1_5_3_1,105.52152449930793
480,367,False,road_1_5_3_1,452.5907385849728
480,fake_intersection_1_4_E_1_5666,True,road_1_5_3_1,469.12
480,fake_intersection_1_4_E_1_5667,True,road_1_5_3_1,470.12
480,fake_intersection_2_1_W_1_5678,True,road_2_0_1_1,469.12
480,fake_intersection_2_1_W_1_5679,True,road_2_0_1_1,470.12
480,fake_intersection_2_1_W_2_5680,True,road_2_0_1_2,469.12
480,fake_intersection_2_1_W_2_5681,True,road_2_0_1_2,470.12
480,252,False,road_2_1_0_0,177.2731710252597
480,224,False,road_2_1_0_0,497.5151099490716
480,200,False,road_2_1_0_1,656.5721855596944
480,239,False,road_2_1_0_1,701.3164520188723
480,fake_intersection_1_1_N_1_5640,True,road_2_1_2_1,618.24
480,fake_intersection_1_1_N_1_5641,True,road_2_1_2_1,619.24
480,243,False,road_2_1_3_0,260.6242470946846
480,216,False,road_2_1_3_0,510.924930459965
480,207,False,road_2_2_0_1,611.5523841518241
480,fake_intersection_3_2_S_1_5712,True,road_2_2_0_1,618.24
480,fake_intersection_3_2_S_1_5713,True,road_2_2_0_1,619.24
480,fake_intersection_3_2_S_2_5714,True,road_2_2_0_2,618.24
480,fake_intersection_3_2_S_2_5715,True,road_2_2_0_2,619.24
480,fake_intersection_2_3_W_1_5698,True,road_2_2_1_1,458.24
480,fake_intersection_2_3_W_1_5699,True,road_2_2_1_1,459.24
480,152,False,road_2_2_1_1,549.2959184635042
480,91,False,road_2_2_1_1,556.7969426073587
480,120,False,road_2_2_1_1,564.2979433006939
480,33,False,road_2_2_1_1,571.7989512852479
480,fake_intersection_2_3_W_2_5700,True,road_2_2_1_2,458.24
480,fake_intersection_2_3_W_2_5701,True,road_2_2_1_2,459.24
480,fake_intersection_1_2_N_1_5652,True,road_2_2_2_1,618.24
480,fake_intersection_1_2_N_1_5653,True,road_2_2_2_1,619.24
480,63,False,road_2_2_2_1,771.7989637820486
480,fake_intersection_1_2_N_2_5654,True,road_2_2_2_2,618.24
480,fake_intersection_1_2_N_2_5655,True,road_2_2_2_2,619.24
480,fake_intersection_2_1_E_1_5674,True,road_2_2_3_1,458.24
480,fake_intersection_2_1_E_1_5675,True,road_2_2_3_1,459.24
480,151,False,road_2_2_3_1,571.7989417208323
480,fake_intersection_2_1_E_2_5676,True,road_2_2_3_2,458.24
480,fake_intersection_2_1_E_2_5677,True,road_2_2_3_2,459.24
480,121,False,road_2_3_0_2,771.7889469331849
480,198,False,road_2_3_2_0,166.47114805999297
480,fake_intersection_1_3_N_1_5658,True,road_2_3_2_1,618.24
480,fake_intersection_1_3_N_1_5659,True,road_2_3_2_1,619.24
480,fake_intersection_1_3_N_2_5660,True,road_2_3_2_2,618.24
480,fake_intersection_1_3_N_2_5661,True,road_2_3_2_2,619.24
480,35,False,road_2_3_2_2,771.7989851420144
480,fake_intersection_3_4_S_1_5746,True,road_2_4_0_1,618.24
480,fake_intersection_3_4_S_1_5747,True,road_2_4_0_1,619.24
480,64,False,road_2_4_0_1,771.7989491181652
480,fake_intersection_3_4_S_2_5748,True,road_2_4_0_2,618.24
480,fake_intersection_3_4_S_2_5749,True,road_2_4_0_2,619.24
480,83,False,road_2_4_0_2,771.7989933468588
480,fake_intersection_1_4_N_1_5668,True,road_2_4_2_1,618.24
480,fake_intersection_1_4_N_1_5669,True,road_2_4_2_1,619.24
480,fake_intersection_1_4_N_2_5670,True,road_2_4_2_2,618.24
480,fake_intersection_1_4_N_2_5671,True,road_2_4_2_2,619.24
480,fake_intersection_2_3_E_1_5694,True,road_2_4_3_1,458.24
480,fake_intersection_2_3_E_1_5695,True,road_2_4_3_1,459.24
480,39,False,road_2_4_3_1,564.2978546503266
480,61,False,road_2_4_3_1,571.7989518358123
480,fake_intersection_2_3_E_2_5696,True,road_2_4_3_2,458.24
480,fake_intersection_2_3_E_2_5697,True,road_2_4_3_2,459.24
480,72,False,road_2_4_3_2,564.2979320177367
480,13,False,road_2_4_3_2,571.7989525068753
480,210,False,road_3_1_0_0,26.88713810017274
480,175,False,road_3_1_0_0,59.85389109261267
480,184,False,road_3_1_0_1,40.81413351334057
480,fake_intersection_4_1_S_1_5754,True,road_3_1_0_1,618.24
480,fake_intersection_4_1_S_1_5755,True,road_3_1_0_1,619.24
480,161,False,road_3_1_0_1,742.2618163748039
480,fake_intersection_4_1_S_2_5756,True,road_3_1_0_2,618.24
480,fake_intersection_4_1_S_2_5757,True,road_3_1_0_2,619.24
480,143,False,road_3_1_0_2,771.7989882056197
480,fake_intersection_3_2_W_1_5718,True,road_3_1_1_1,458.24
480,fake_intersection_3_2_W_1_5719,True,road_3_1_1_1,459.24
480,59,False,road_3_1_1_1,571.7989866918637
480,fake_intersection_3_2_W_2_5720,True,road_3_1_1_2,458.24
480,fake_intersection_3_2_W_2_5721,True,road_3_1_1_2,459.24
480,14,False,road_3_1_2_0,308.1560016856841
480,123,False,road_3_2_0_0,426.25534205341006
480,44,False,road_3_2_0_1,537.6119657568037
480,fake_intersection_4_2_S_1_5768,True,road_3_2_0_1,618.24
480,fake_intersection_4_2_S_1_5769,True,road_3_2_0_1,619.24
480,236,False,road_3_2_1_1,393.41081579734964
480,fake_intersection_3_3_W_1_5730,True,road_3_2_1_1,458.24
480,fake_intersection_3_3_W_1_5731,True,road_3_2_1_1,459.24
480,fake_intersection_3_3_W_2_5732,True,road_3_2_1_2,458.24
480,fake_intersection_3_3_W_2_5733,True,road_3_2_1_2,459.24
480,180,False,road_3_3_0_0,764.4468833367831
480,fake_intersection_4_3_S_1_5772,True,road_3_3_0_1,618.24
480,fake_intersection_4_3_S_1_5773,True,road_3_3_0_1,619.24
480,277,False,road_3_3_1_0,225.79021797144674
480,fake_intersection_3_4_W_1_5742,True,road_3_3_1_1,458.24
480,fake_intersection_3_4_W_1_5743,True,road_3_3_1_1,459.24
480,fake_intersection_3_4_W_2_5744,True,road_3_3_1_2,458.24
480,fake_intersection_3_4_W_2_5745,True,road_3_3_1_2,459.24
480,250,False,road_3_3_2_0,124.79205078148065
480,241,False,road_3_3_2_0,292.89202216454635
480,229,False,road_3_3_2_0,391.939196871805
480,186,False,road_3_3_2_1,10.738449291452755
480,fake_intersection_2_3_N_1_5686,True,road_3_3_2_1,618.24
480,fake_intersection_2_3_N_1_5687,True,road_3_3_2_1,619.24
480,fake_intersection_2_3_N_2_5688,True,road_3_3_2_2,618.24
480,fake_intersection_2_3_N_2_5689,True,road_3_3_2_2,619.24
480,49,False,road_3_3_2_2,720.7564260416789
480,158,False,road_3_3_2_2,771.7989787135056
480,fake_intersection_3_2_E_1_5716,True,road_3_3_3_1,458.24
480,fake_intersection_3_2_E_1_5717,True,road_3_3_3_1,459.24
480,fake_intersection_4_4_S_1_5778,True,road_3_4_0_1,618.24
480,fake_intersection_4_4_S_1_5779,True,road_3_4_0_1,619.24
480,47,False,road_3_4_0_1,741.7948269375124
480,9,False,road_3_4_0_1,749.2958272573236
480,53,False,road_3_4_0_1,756.7968465444304
480,51,False,road_3_4_0_1,764.297883076179
480,37,False,road_3_4_0_1,771.7989017319449
480,fake_intersection_4_4_S_2_5780,True,road_3_4_0_2,618.24
480,fake_intersection_4_4_S_2_5781,True,road_3_4_0_2,619.24
480,212,False,road_3_4_1_0,75.17015735872735
480,190,False,road_3_4_1_0,97.1740163784542
480,fake_intersection_2_4_N_1_5702,True,road_3_4_2_1,618.24
480,fake_intersection_2_4_N_1_5703,True,road_3_4_2_1,619.24
480,30,False,road_3_4_2_2,771.7989155793821
480,fake_intersection_3_3_E_1_5722,True,road_3_4_3_1,458.24
480,fake_intersection_3_3_E_1_5723,True,road_3_4_3_1,459.24
480,17,False,road_3_4_3_1,571.7989103776712
480,fake_intersection_3_3_E_2_5724,True,road_3_4_3_2,458.24
480,fake_intersection_3_3_E_2_5725,True,road_3_4_3_2,459.24
480,fake_intersection_3_4_E_1_5734,True,road_3_5_3_1,469.12
480,fake_intersection_3_4_E_1_5735,True,road_3_5_3_1,470.12
480,fake_intersection_3_4_E_2_5736,True,road_3_5_3_2,469.12
480,fake_intersection_3_4_E_2_5737,True,road_3_5_3_2,470.12
480,390,False,road_4_0_1_1,185.8161086179681
480,369,False,road_4_0_1_1,419.50226706718945
480,349,False,road_4_0_1_1,457.8814245819826
480,329,False,road_4_0_1_1,465.382435939017
480,308,False,road_4_0_1_1,472.88351036982834
480,242,False,road_4_0_1_1,480.38455753970584
480,238,False,road_4_0_1_1,487.8855651452912
480,228,False,road_4_0_1_1,495.38661338524423
480,218,False,road_4_0_1_1,502.8876319246422
480,197,False,road_4_0_1_1,510.38863320897235
480,189,False,road_4_0_1_1,517.8896963306137
480,177,False,road_4_0_1_1,525.3906964045054
480,167,False,road_4_0_1_1,532.8917442186294
480,157,False,road_4_0_1_1,540.3927921719892
480,126,False,road_4_0_1_1,547.8938143191779
480,105,False,road_4_0_1_1,555.3948370422622
480,74,False,road_4_0_1_1,562.8958804751306
480,54,False,road_4_0_1_1,570.3968991281677
480,34,False,road_4_0_1_1,577.8979626755071
480,24,False,road_4_0_1_1,585.3989709774777
480,137,False,road_4_0_1_2,562.8959172536753
480,116,False,road_4_0_1_2,570.3969448594623
480,97,False,road_4_0_1_2,577.8979548004972
480,45,False,road_4_0_1_2,585.3989571672523
480,287,False,road_4_1_0_0,627.6685031954446
480,fake_intersection_4_2_W_1_5764,True,road_4_1_1_1,458.24
480,fake_intersection_4_2_W_1_5765,True,road_4_1_1_1,459.24
480,fake_intersection_4_2_W_2_5766,True,road_4_1_1_2,458.24
480,fake_intersection_4_2_W_2_5767,True,road_4_1_1_2,459.24
480,fake_intersection_3_1_N_2_5706,True,road_4_1_2_2,618.24
480,fake_intersection_3_1_N_2_5707,True,road_4_1_2_2,619.24
480,82,False,road_4_2_0_0,240.51191690017157
480,321,False,road_4_2_1_0,55.580616883500106
480,208,False,road_4_2_1_1,571.7989408224968
480,310,False,road_4_2_2_0,210.67267490870645
480,298,False,road_4_2_2_0,458.56111178288893
480,271,False,road_4_2_2_0,541.7225252853398
480,285,False,road_4_2_2_0,636.3152202438998
480,334,False,road_4_2_2_1,193.16510456780688
480,fake_intersection_3_2_N_1_5708,True,road_4_2_2_1,618.24
480,fake_intersection_3_2_N_1_5709,True,road_4_2_2_1,619.24
480,246,False,road_4_2_2_1,771.7989955733436
480,fake_intersection_3_2_N_2_5710,True,road_4_2_2_2,618.24
480,fake_intersection_3_2_N_2_5711,True,road_4_2_2_2,619.24
480,fake_intersection_4_1_E_1_5750,True,road_4_2_3_1,458.24
480,fake_intersection_4_1_E_1_5751,True,road_4_2_3_1,459.24
480,340,False,road_4_3_1_0,88.50292134972544
480,307,False,road_4_3_1_1,341.4388480461725
480,fake_intersection_4_4_W_2_5776,True,road_4_3_1_2,458.24
480,fake_intersection_4_4_W_2_5777,True,road_4_3_1_2,459.24
480,fake_intersection_3_3_N_1_5726,True,road_4_3_2_1,618.24
480,fake_intersection_3_3_N_1_5727,True,road_4_3_2_1,619.24
480,293,False,road_4_3_2_1,721.7441513811082
480,fake_intersection_3_3_N_2_5728,True,road_4_3_2_2,618.24
480,fake_intersection_3_3_N_2_5729,True,road_4_3_2_2,619.24
480,fake_intersection_4_2_E_1_5758,True,road_4_3_3_1,458.24
480,fake_intersection_4_2_E_1_5759,True,road_4_3_3_1,459.24
480,117,False,road_4_3_3_1,564.2978363232143
480,107,False,road_4_3_3_1,571.7989339901593
480,fake_intersection_4_2_E_2_5760,True,road_4_3_3_2,458.24
480,fake_intersection_4_2_E_2_5761,True,road_4_3_3_2,459.24
480,220,False,road_4_4_0_0,739.0668036516292
480,332,False,road_4_4_1_0,72.49385902873864
480,262,False,road_4_4_1_0,369.2887823036062
480,295,False,road_4_4_1_0,452.17994147413884
480,300,False,road_4_4_1_1,466.7110622037276
480,fake_intersection_3_4_N_1_5738,True,road_4_4_2_1,618.24
480,fake_intersection_3_4_N_1_5739,True,road_4_4_2_1,619.24
480,163,False,road_4_4_2_1,734.2937900616366
480,131,False,road_4_4_2_1,741.7948879583921
480,119,False,road_4_4_2_1,749.2958964981461
480,92,False,road_4_4_2_1,756.7969342743186
480,109,False,road_4_4_2_1,764.2979723922394
480,103,False,road_4_4_2_1,771.7989727513682
480,fake_intersection_3_4_N_2_5740,True,road_4_4_2_2,618.24
480,fake_intersection_3_4_N_2_5741,True,road_4_4_2_2,619.24
480,81,False,road_4_4_2_2,771.7989874836612
480,fake_intersection_4_1_N_1_5752,True,road_5_1_2_1,629.12
480,fake_intersection_4_1_N_1_5753,True,road_5_1_2_1,630.12
480,397,False,road_5_2_2_0,135.5961472070464
480,385,False,road_5_2_2_0,281.32987366053817
480,373,False,road_5_2_2_0,352.98262450405105
480,361,False,road_5_2_2_0,532.6725266400663
480,fake_intersection_4_2_N_1_5762,True,road_5_2_2_1,629.12
480,fake_intersection_4_2_N_1_5763,True,road_5_2_2_1,630.12
480,258,False,road_5_2_2_2,785.3989721904102
480,401,False,road_5_3_2_0,102.95168686327138
480,383,False,road_5_3_2_0,317.924947826109
480,353,False,road_5_3_2_0,652.5165739363657
480,368,False,road_5_3_2_1,524.6720779293549
480,fake_intersection_4_3_N_1_5770,True,road_5_3_2_1,629.12
480,fake_intersection_4_3_N_1_5771,True,road_5_3_2_1,630.12
480,325,False,road_5_3_2_2,785.3989500010405
480,392,False,road_5_4_2_0,181.9049408557402
480,379,False,road_5_4_2_0,259.1752641626553
480,355,False,road_5_4_2_0,641.9527500836633
480,403,False,road_5_4_2_1,46.981002202398685
480,395,False,road_5_4_2_1,119.61730793136653
480,388,False,road_5_4_2_1,271.83658601321724
480,376,False,road_5_4_2_1,382.6851245397534
480,371,False,road_5_4_2_1,391.8851497646194
480,359,False,road_5_4_2_1,475.5222205497799
480,343,False,road_5_4_2_1,650.3785061275847
480,348,False,road_5_4_2_1,657.8809643960758
480,337,False,road_5_4_2_1,665.3819984070273
480,327,False,road_5_4_2_1,672.8830631511408
480,319,False,road_5_4_2_1,680.3841184042726
480,313,False,road_5_4_2_1,687.8851643788727
480,304,False,road_5_4_2_1,695.3862195297096
480,283,False,road_5_4_2_1,702.8873039076007
480,280,False,road_5_4_2_1,710.3883196340677
480,268,False,road_5_4_2_1,717.8894167205933
480,256,False,road_5_4_2_1,725.390421227733
480,253,False,road_5_4_2_1,732.891462598536
480,244,False,road_5_4_2_1,740.3924982110943
480,234,False,road_5_4_2_1,747.8935625359286
480,230,False,road_5_4_2_1,755.394587830096
480,206,False,road_5_4_2_1,762.8956213105093
480,187,False,road_5_4_2_1,770.3967137256591
480,174,False,road_5_4_2_1,777.8978116531808
480,171,False,road_5_4_2_1,785.3989081225037
480,364,False,road_5_4_2_2,486.40484800755206
480,fake_intersection_4_4_N_2_5774,True,road_5_4_2_2,629.12
480,fake_intersection_4_4_N_2_5775,True,road_5_4_2_2,630.12
480,316,False,road_5_4_2_2,770.3968690758595
480,181,False,road_5_4_2_2,777.8978722616686
480,146,False,road_5_4_2_2,785.3989106336303
490,351,False,:intersection_1_1_18_1,3.1815295184110255
490,405,False,road_0_1_0_0,93.36605044413864
490,402,False,road_0_1_0_0,163.75771370171265
490,387,False,road_0_1_0_0,310.461495502309
490,375,False,road_0_1_0_0,381.41757019342356
490,412,False,road_0_1_0_1,35.4198371363468
490,394,False,road_0_1_0_1,267.65083039398576
490,391,False,road_0_1_0_1,319.54195400417655
490,378,False,road_0_1_0_1,382.05372681342305
490,363,False,road_0_1_0_1,539.9754457099225
490,370,False,road_0_1_0_1,608.3903910646088
490,347,False,road_0_1_0_1,641.1142664400246
490,358,False,road_0_1_0_1,694.7549954497616
490,354,False,road_0_1_0_1,714.4187397205318
490,408,False,road_0_2_0_0,63.52839241657492
490,396,False,road_0_2_0_0,223.5106377343
490,384,False,road_0_2_0_0,386.3044745974057
490,372,False,road_0_2_0_0,521.802534071006
490,360,False,road_0_2_0_0,784.7868531489257
490,345,False,road_0_2_0_1,740.2650606883631
490,333,False,road_0_2_0_1,755.3946891133974
490,284,False,road_0_2_0_1,762.8957799688859
490,270,False,road_0_2_0_1,770.3968579291762
490,245,False,road_0_2_0_1,777.8978611463334
490,235,False,road_0_2_0_1,785.3989547030759
490,fake_intersection_1_2_S_2_5792,True,road_0_2_0_2,629.12
490,fake_intersection_1_2_S_2_5793,True,road_0_2_0_2,630.12
490,257,False,road_0_2_0_2,777.8979383275852
490,fake_intersection_1_3_S_1_5800,True,road_0_3_0_1,629.12
490,fake_intersection_1_3_S_1_5801,True,road_0_3_0_1,630.12
490,407,False,road_0_4_0_0,71.70599829964101
490,404,False,road_0_4_0_0,166.24624470161092
490,400,False,road_0_4_0_0,197.78496162676058
490,374,False,road_0_4_0_0,475.82105021338435
490,356,False,road_0_4_0_0,696.539137489931
490,341,False,road_0_4_0_0,761.6938343007706
490,411,False,road_0_4_0_1,31.345262894153628
490,393,False,road_0_4_0_1,248.7625101787043
490,389,False,road_0_4_0_1,267.6361224589755
490,386,False,road_0_4_0_1,322.21503686378674
490,380,False,road_0_4_0_1,339.6156164886737
490,377,False,road_0_4_0_1,425.34849523754895
490,365,False,road_0_4_0_1,432.850066110681
490,362,False,road_0_4_0_1,440.35118635768805
490,357,False,road_0_4_0_1,447.85225379048364
490,350,False,road_0_4_0_1,455.35329522990963
490,344,False,road_0_4_0_1,462.85430384117285
490,335,False,road_0_4_0_1,470.3553251700019
490,328,False,road_0_4_0_1,477.85642232497503
490,324,False,road_0_4_0_1,485.3574780599923
490,311,False,road_0_4_0_1,492.85852243843215
490,301,False,road_0_4_0_1,500.35955205872625
490,296,False,road_0_4_0_1,507.86064421250177
490,281,False,road_0_4_0_1,515.3616918855839
490,278,False,road_0_4_0_1,522.862725582593
490,269,False,road_0_4_0_1,530.3637469177118
490,259,False,road_0_4_0_1,537.8648484931657
490,265,False,road_0_4_0_1,545.365849180377
490,254,False,road_0_4_0_1,552.8668948656335
490,251,False,road_0_4_0_1,560.3678979981578
490,237,False,road_0_4_0_1,567.8689552941847
490,233,False,road_0_4_0_1,575.3700042220383
490,231,False,road_0_4_0_1,582.8710883418682
490,226,False,road_0_4_0_1,590.372115558004
490,223,False,road_0_4_0_1,597.87311609928
490,211,False,road_0_4_0_1,605.3741677166983
490,199,False,road_0_4_0_1,612.8751999378156
490,205,False,road_0_4_0_1,620.3762031672828
490,202,False,road_0_4_0_1,627.8772052140789
490,194,False,road_0_4_0_1,635.3782794073513
490,191,False,road_0_4_0_1,642.8793167211014
490,188,False,road_0_4_0_1,650.3804152469011
490,182,False,road_0_4_0_1,657.8814452552595
490,176,False,road_0_4_0_1,665.3824771274606
490,168,False,road_0_4_0_1,672.8834933965627
490,160,False,road_0_4_0_1,680.3845109654097
490,144,False,road_0_4_0_1,687.8855201007306
490,153,False,road_0_4_0_1,695.3865616417746
490,150,False,road_0_4_0_1,702.8875679582106
490,136,False,road_0_4_0_1,710.3885682058954
490,134,False,road_0_4_0_1,717.8896286855951
490,124,False,road_0_4_0_1,725.3906795288144
490,122,False,road_0_4_0_1,732.8916847075485
490,110,False,road_0_4_0_1,740.8665984503479
490,104,False,road_0_4_0_1,751.4374583306299
490,108,False,road_0_4_0_1,761.1483655860322
490,101,False,road_0_4_0_1,770.2393332297581
490,96,False,road_0_4_0_1,777.8846057507361
490,88,False,road_0_4_0_1,785.3989828356193
490,213,False,road_0_4_0_2,732.8917321253386
490,195,False,road_0_4_0_2,740.3927709707751
490,164,False,road_0_4_0_2,747.8937941740246
490,130,False,road_0_4_0_2,755.3948005896773
490,115,False,road_0_4_0_2,762.895824550185
490,118,False,road_0_4_0_2,770.3968643742542
490,93,False,road_0_4_0_2,777.8978932754937
490,69,False,road_0_4_0_2,785.3989879656378
490,414,False,road_1_0_1_0,25.45851430862928
490,398,False,road_1_0_1_1,234.05350728008386
490,381,False,road_1_0_1_1,341.6408796939851
490,366,False,road_1_0_1_1,487.8855212216343
490,338,False,road_1_0_1_1,495.3865315562956
490,322,False,road_1_0_1_1,502.8875966179961
490,305,False,road_1_0_1_1,510.38865326187357
490,291,False,road_1_0_1_1,517.8896536068149
490,275,False,road_1_0_1_1,525.3906647543819
490,203,False,road_1_0_1_1,532.8917586810945
490,185,False,road_1_0_1_1,540.3928497049037
490,165,False,road_1_0_1_1,547.8938894346898
490,132,False,road_1_0_1_1,555.3949439234823
490,111,False,road_1_0_1_1,562.8959783957997
490,77,False,road_1_0_1_1,570.3969840486556
490,57,False,road_1_0_1_1,577.897986719655
490,21,False,road_1_0_1_1,585.3989910327766
490,247,False,road_1_0_1_2,585.3989791711863
490,326,False,road_1_1_0_0,150.90529252976665
490,318,False,road_1_1_0_0,492.1371076389236
490,315,False,road_1_1_0_0,512.3887969113209
490,303,False,road_1_1_0_0,532.9055077437972
490,294,False,road_1_1_0_0,674.1310336374771
490,331,False,road_1_1_0_1,148.62748597965418
490,312,False,road_1_1_0_1,550.6921278533763
490,fake_intersection_2_1_S_1_5818,True,road_1_1_0_1,618.24
490,fake_intersection_2_1_S_1_5819,True,road_1_1_0_1,619.24
490,282,False,road_1_1_0_1,643.2464925117391
490,299,False,road_1_1_0_1,696.4335457535597
490,279,False,road_1_1_0_1,713.4869503229204
490,260,False,road_1_1_0_1,730.1580206284617
490,336,False,road_1_1_0_2,146.53679953714845
490,fake_intersection_2_1_S_2_5820,True,road_1_1_0_2,618.24
490,fake_intersection_2_1_S_2_5821,True,road_1_1_0_2,619.24
490,fake_intersection_1_2_W_1_5790,True,road_1_1_1_1,458.24
490,fake_intersection_1_2_W_1_5791,True,road_1_1_1_1,459.24
490,255,False,road_1_1_1_1,469.42813210867433
490,342,False,road_1_1_3_0,40.93421110600657
490,263,False,road_1_2_0_1,296.3424142915829
490,fake_intersection_2_2_S_1_5826,True,road_1_2_0_1,618.24
490,fake_intersection_2_2_S_1_5827,True,road_1_2_0_1,619.24
490,fake_intersection_2_2_S_2_5828,True,road_1_2_0_2,618.24
490,fake_intersection_2_2_S_2_5829,True,road_1_2_0_2,619.24
490,5,False,road_1_2_1_0,64.23887936298759
490,32,False,road_1_2_1_0,97.25937240566297
490,90,False,road_1_2_1_1,5.0
490,fake_intersection_1_3_W_1_5798,True,road_1_2_1_1,458.24
490,fake_intersection_1_3_W_1_5799,True,road_1_2_1_1,459.24
490,4,False,road_1_2_1_1,571.7989320868487
490,320,False,road_1_2_3_0,477.25790111402074
490,297,False,road_1_2_3_0,499.08471595980916
490,309,False,road_1_2_3_1,505.9768960829273
490,179,False,road_1_2_3_1,571.7989029790325
490,fake_intersection_1_1_E_2_5782,True,road_1_2_3_2,458.24
490,fake_intersection_1_1_E_2_5783,True,road_1_2_3_2,459.24
490,fake_intersection_2_3_S_1_5834,True,road_1_3_0_1,618.24
490,fake_intersection_2_3_S_1_5835,True,road_1_3_0_1,619.24
490,19,False,road_1_3_0_1,637.3005759889254
490,fake_intersection_2_3_S_2_5836,True,road_1_3_0_2,618.24
490,fake_intersection_2_3_S_2_5837,True,road_1_3_0_2,619.24
490,fake_intersection_1_4_W_1_5808,True,road_1_3_1_1,458.24
490,fake_intersection_1_4_W_1_5809,True,road_1_3_1_1,459.24
490,276,False,road_1_3_2_0,198.63704733548715
490,16,False,road_1_3_2_0,514.2736565388916
490,128,False,road_1_3_2_1,181.49696069622794
490,27,False,road_1_3_3_0,182.47731057795485
490,fake_intersection_1_2_E_1_5786,True,road_1_3_3_1,458.24
490,fake_intersection_1_2_E_1_5787,True,road_1_3_3_1,459.24
490,67,False,road_1_4_0_0,105.81972874807187
490,85,False,road_1_4_0_1,65.20930089907074
490,fake_intersection_2_4_S_1_5842,True,road_1_4_0_1,618.24
490,fake_intersection_2_4_S_1_5843,True,road_1_4_0_1,619.24
490,352,False,road_1_4_3_0,98.68315749752837
490,330,False,road_1_4_3_0,129.00265710525701
490,317,False,road_1_4_3_0,284.42796283564536
490,323,False,road_1_4_3_1,278.2911942989639
490,314,False,road_1_4_3_1,369.27087815686383
490,302,False,road_1_4_3_1,376.7719076211871
490,290,False,road_1_4_3_1,384.2729332999643
490,286,False,road_1_4_3_1,391.7739577505102
490,274,False,road_1_4_3_1,399.2749621376399
490,306,False,road_1_4_3_1,406.77598232856275
490,292,False,road_1_4_3_1,414.2770125078467
490,249,False,road_1_4_3_1,421.77811361847796
490,222,False,road_1_4_3_1,429.2792125300779
490,227,False,road_1_4_3_1,436.7919060413131
490,217,False,road_1_4_3_1,444.3723240558985
490,215,False,road_1_4_3_1,452.22076141629464
490,172,False,road_1_4_3_1,460.37695362203544
490,173,False,road_1_4_3_1,469.45280199766654
490,162,False,road_1_4_3_1,478.0475367157508
490,166,False,road_1_4_3_1,486.7273647206124
490,142,False,road_1_4_3_1,495.49589197346626
490,127,False,road_1_4_3_1,503.66578689963256
490,140,False,road_1_4_3_1,511.6567661633112
490,133,False,road_1_4_3_1,519.2596535849256
490,102,False,road_1_4_3_1,526.7907467483029
490,41,False,road_1_4_3_1,534.2937195887558
490,6,False,road_1_4_3_1,541.7947318848941
490,80,False,road_1_4_3_1,549.2957786386604
490,79,False,road_1_4_3_1,556.796885638358
490,56,False,road_1_4_3_1,564.2979905379563
490,23,False,road_1_4_3_1,571.798997407685
490,339,False,road_1_4_3_2,382.23813402542675
490,183,False,road_1_4_3_2,564.2979237736337
490,22,False,road_1_4_3_2,571.7989561486653
490,382,False,road_1_5_3_0,318.8946964540368
490,415,False,road_1_5_3_1,27.58254861414475
490,399,False,road_1_5_3_1,218.06839755720296
490,fake_intersection_1_4_E_1_5802,True,road_1_5_3_1,469.12
490,fake_intersection_1_4_E_1_5803,True,road_1_5_3_1,470.12
490,367,False,road_1_5_3_1,556.3058754100894
490,fake_intersection_2_1_W_1_5814,True,road_2_0_1_1,469.12
490,fake_intersection_2_1_W_1_5815,True,road_2_0_1_1,470.12
490,fake_intersection_2_1_W_2_5816,True,road_2_0_1_2,469.12
490,fake_intersection_2_1_W_2_5817,True,road_2_0_1_2,470.12
490,252,False,road_2_1_0_0,279.90911472302054
490,224,False,road_2_1_0_1,601.3749423844155
490,200,False,road_2_1_0_1,752.4901921935912
490,fake_intersection_1_1_N_1_5784,True,road_2_1_2_1,618.24
490,fake_intersection_1_1_N_1_5785,True,road_2_1_2_1,619.24
490,243,False,road_2_1_3_0,363.8466407523169
490,fake_intersection_3_2_S_1_5850,True,road_2_2_0_1,618.24
490,fake_intersection_3_2_S_1_5851,True,road_2_2_0_1,619.24
490,207,False,road_2_2_0_1,712.5789161427663
490,fake_intersection_3_2_S_2_5852,True,road_2_2_0_2,618.24
490,fake_intersection_3_2_S_2_5853,True,road_2_2_0_2,619.24
490,152,False,road_2_2_1_1,549.2959184635042
490,91,False,road_2_2_1_1,556.7969426073587
490,120,False,road_2_2_1_1,564.2979433006939
490,33,False,road_2_2_1_1,571.7989512852479
490,fake_intersection_2_3_W_2_5838,True,road_2_2_1_2,458.24
490,fake_intersection_2_3_W_2_5839,True,road_2_2_1_2,459.24
490,63,False,road_2_2_2_1,771.7989637820486
490,fake_intersection_1_2_N_2_5788,True,road_2_2_2_2,618.24
490,fake_intersection_1_2_N_2_5789,True,road_2_2_2_2,619.24
490,fake_intersection_2_1_E_1_5810,True,road_2_2_3_1,458.24
490,fake_intersection_2_1_E_1_5811,True,road_2_2_3_1,459.24
490,151,False,road_2_2_3_1,571.7989417208323
490,fake_intersection_2_1_E_2_5812,True,road_2_2_3_2,458.24
490,fake_intersection_2_1_E_2_5813,True,road_2_2_3_2,459.24
490,121,False,road_2_3_0_2,771.7989979218108
490,198,False,road_2_3_2_0,280.4556053660418
490,fake_intersection_1_3_N_1_5794,True,road_2_3_2_1,618.24
490,fake_intersection_1_3_N_1_5795,True,road_2_3_2_1,619.24
490,fake_intersection_1_3_N_2_5796,True,road_2_3_2_2,618.24
490,fake_intersection_1_3_N_2_5797,True,road_2_3_2_2,619.24
490,35,False,road_2_3_2_2,771.7989851420144
490,fake_intersection_3_4_S_1_5880,True,road_2_4_0_1,618.24
490,fake_intersection_3_4_S_1_5881,True,road_2_4_0_1,619.24
490,64,False,road_2_4_0_1,771.7989491181652
490,fake_intersection_3_4_S_2_5882,True,road_2_4_0_2,618.24
490,fake_intersection_3_4_S_2_5883,True,road_2_4_0_2,619.24
490,83,False,road_2_4_0_2,771.7989933468588
490,fake_intersection_1_4_N_1_5804,True,road_2_4_2_1,618.24
490,fake_intersection_1_4_N_1_5805,True,road_2_4_2_1,619.24
490,fake_intersection_1_4_N_2_5806,True,road_2_4_2_2,618.24
490,fake_intersection_1_4_N_2_5807,True,road_2_4_2_2,619.24
490,39,False,road_2_4_3_1,564.2978546503266
490,61,False,road_2_4_3_1,571.7989518358123
490,72,False,road_2_4_3_2,564.2979320177367
490,13,False,road_2_4_3_2,571.7989525068753
490,239,False,road_3_1_0_0,19.897049814418985
490,210,False,road_3_1_0_0,135.1001624897839
490,175,False,road_3_1_0_0,154.95848094545286
490,184,False,road_3_1_0_1,137.2877968505708
490,fake_intersection_4_1_S_1_5888,True,road_3_1_0_1,618.24
490,fake_intersection_4_1_S_1_5889,True,road_3_1_0_1,619.24
490,fake_intersection_4_1_S_2_5890,True,road_3_1_0_2,618.24
490,fake_intersection_4_1_S_2_5891,True,road_3_1_0_2,619.24
490,143,False,road_3_1_0_2,771.7989882056197
490,fake_intersection_3_2_W_1_5856,True,road_3_1_1_1,458.24
490,fake_intersection_3_2_W_1_5857,True,road_3_1_1_1,459.24
490,59,False,road_3_1_1_1,571.7989866918637
490,fake_intersection_3_2_W_2_5858,True,road_3_1_1_2,458.24
490,fake_intersection_3_2_W_2_5859,True,road_3_1_1_2,459.24
490,14,False,road_3_1_2_0,410.10408563350336
490,fake_intersection_2_1_N_1_5822,True,road_3_1_2_1,618.24
490,fake_intersection_2_1_N_1_5823,True,road_3_1_2_1,619.24
490,fake_intersection_2_1_N_2_5824,True,road_3_1_2_2,618.24
490,fake_intersection_2_1_N_2_5825,True,road_3_1_2_2,619.24
490,50,False,road_3_2_0_0,72.67702439776008
490,123,False,road_3_2_0_0,535.0501735595504
490,fake_intersection_4_2_S_1_5898,True,road_3_2_0_1,618.24
490,fake_intersection_4_2_S_1_5899,True,road_3_2_0_1,619.24
490,44,False,road_3_2_0_1,646.6674869855304
490,fake_intersection_3_3_W_1_5866,True,road_3_2_1_1,458.24
490,fake_intersection_3_3_W_1_5867,True,road_3_2_1_1,459.24
490,236,False,road_3_2_1_1,500.40721090388996
490,fake_intersection_4_3_S_1_5904,True,road_3_3_0_1,618.24
490,fake_intersection_4_3_S_1_5905,True,road_3_3_0_1,619.24
490,fake_intersection_4_3_S_2_5906,True,road_3_3_0_2,618.24
490,fake_intersection_4_3_S_2_5907,True,road_3_3_0_2,619.24
490,277,False,road_3_3_1_0,353.1784931978005
490,fake_intersection_3_4_W_1_5876,True,road_3_3_1_1,458.24
490,fake_intersection_3_4_W_1_5877,True,road_3_3_1_1,459.24
490,fake_intersection_3_4_W_2_5878,True,road_3_3_1_2,458.24
490,fake_intersection_3_4_W_2_5879,True,road_3_3_1_2,459.24
490,186,False,road_3_3_2_0,122.97695751630114
490,250,False,road_3_3_2_0,222.4260845587379
490,241,False,road_3_3_2_0,397.3287714987499
490,229,False,road_3_3_2_0,496.77691996557706
490,293,False,road_3_3_2_1,40.74698626342825
490,fake_intersection_2_3_N_1_5830,True,road_3_3_2_1,618.24
490,fake_intersection_2_3_N_1_5831,True,road_3_3_2_1,619.24
490,fake_intersection_2_3_N_2_5832,True,road_3_3_2_2,618.24
490,fake_intersection_2_3_N_2_5833,True,road_3_3_2_2,619.24
490,49,False,road_3_3_2_2,764.2969629330014
490,158,False,road_3_3_2_2,771.7989787135056
490,fake_intersection_3_2_E_1_5854,True,road_3_3_3_1,458.24
490,fake_intersection_3_2_E_1_5855,True,road_3_3_3_1,459.24
490,47,False,road_3_4_0_1,741.7948269375124
490,9,False,road_3_4_0_1,749.2958272573236
490,53,False,road_3_4_0_1,756.7968465444304
490,51,False,road_3_4_0_1,764.297883076179
490,37,False,road_3_4_0_1,771.7989017319449
490,190,False,road_3_4_1_0,192.5300772685203
490,212,False,road_3_4_1_1,177.330979180597
490,fake_intersection_2_4_N_1_5840,True,road_3_4_2_1,618.24
490,fake_intersection_2_4_N_1_5841,True,road_3_4_2_1,619.24
490,30,False,road_3_4_2_2,771.7989155793821
490,fake_intersection_3_3_E_1_5860,True,road_3_4_3_1,458.24
490,fake_intersection_3_3_E_1_5861,True,road_3_4_3_1,459.24
490,17,False,road_3_4_3_1,571.7989103776712
490,fake_intersection_3_4_E_1_5868,True,road_3_5_3_1,469.12
490,fake_intersection_3_4_E_1_5869,True,road_3_5_3_1,470.12
490,fake_intersection_3_4_E_2_5870,True,road_3_5_3_2,469.12
490,fake_intersection_3_4_E_2_5871,True,road_3_5_3_2,470.12
490,410,False,road_4_0_1_0,63.67887449513201
490,390,False,road_4_0_1_1,295.3253363912988
490,369,False,road_4_0_1_1,450.3803523136364
490,349,False,road_4_0_1_1,457.8814245819826
490,329,False,road_4_0_1_1,465.382435939017
490,308,False,road_4_0_1_1,472.88351036982834
490,242,False,road_4_0_1_1,480.38455753970584
490,238,False,road_4_0_1_1,487.8855651452912
490,228,False,road_4_0_1_1,495.38661338524423
490,218,False,road_4_0_1_1,502.8876319246422
490,197,False,road_4_0_1_1,510.38863320897235
490,189,False,road_4_0_1_1,517.8896963306137
490,177,False,road_4_0_1_1,525.3906964045054
490,167,False,road_4_0_1_1,532.8917442186294
490,157,False,road_4_0_1_1,540.3927921719892
490,126,False,road_4_0_1_1,547.8938143191779
490,105,False,road_4_0_1_1,555.3948370422622
490,74,False,road_4_0_1_1,562.8958804751306
490,54,False,road_4_0_1_1,570.3968991281677
490,34,False,road_4_0_1_1,577.8979626755071
490,24,False,road_4_0_1_1,585.3989709774777
490,137,False,road_4_0_1_2,562.8959172536753
490,116,False,road_4_0_1_2,570.3969448594623
490,97,False,road_4_0_1_2,577.8979548004972
490,45,False,road_4_0_1_2,585.3989571672523
490,161,False,road_4_1_0_0,55.14240920756039
490,287,False,road_4_1_0_0,718.5168131633775
490,fake_intersection_4_2_W_1_5900,True,road_4_1_1_1,458.24
490,fake_intersection_4_2_W_1_5901,True,road_4_1_1_1,459.24
490,fake_intersection_4_2_W_2_5902,True,road_4_1_1_2,458.24
490,fake_intersection_4_2_W_2_5903,True,road_4_1_1_2,459.24
490,fake_intersection_3_1_N_2_5844,True,road_4_1_2_2,618.24
490,fake_intersection_3_1_N_2_5845,True,road_4_1_2_2,619.24
490,148,False,road_4_1_3_0,80.1232233695778
490,82,False,road_4_2_0_0,346.1059870594421
490,321,False,road_4_2_1_0,145.98122901933633
490,fake_intersection_4_3_W_1_5914,True,road_4_2_1_1,458.24
490,fake_intersection_4_3_W_1_5915,True,road_4_2_1_1,459.24
490,208,False,road_4_2_1_1,571.7989408224968
490,fake_intersection_4_3_W_2_5916,True,road_4_2_1_2,458.24
490,fake_intersection_4_3_W_2_5917,True,road_4_2_1_2,459.24
490,346,False,road_4_2_2_0,90.46550751066226
490,310,False,road_4_2_2_0,303.6535051680827
490,271,False,road_4_2_2_0,631.5607633853813
490,285,False,road_4_2_2_0,745.1618833544308
490,334,False,road_4_2_2_1,318.3041278322406
490,298,False,road_4_2_2_1,560.8979087438382
490,fake_intersection_3_2_N_1_5846,True,road_4_2_2_1,618.24
490,fake_intersection_3_2_N_1_5847,True,road_4_2_2_1,619.24
490,246,False,road_4_2_2_1,771.7989955733436
490,fake_intersection_3_2_N_2_5848,True,road_4_2_2_2,618.24
490,fake_intersection_3_2_N_2_5849,True,road_4_2_2_2,619.24
490,fake_intersection_4_1_E_1_5884,True,road_4_2_3_1,458.24
490,fake_intersection_4_1_E_1_5885,True,road_4_2_3_1,459.24
490,340,False,road_4_3_1_0,203.02403911636318
490,307,False,road_4_3_1_1,444.93849173117667
490,fake_intersection_4_4_W_2_5920,True,road_4_3_1_2,458.24
490,fake_intersection_4_4_W_2_5921,True,road_4_3_1_2,459.24
490,fake_intersection_3_3_N_1_5862,True,road_4_3_2_1,618.24
490,fake_intersection_3_3_N_1_5863,True,road_4_3_2_1,619.24
490,fake_intersection_3_3_N_2_5864,True,road_4_3_2_2,618.24
490,fake_intersection_3_3_N_2_5865,True,road_4_3_2_2,619.24
490,180,False,road_4_3_3_1,79.20881373111855
490,fake_intersection_4_2_E_1_5892,True,road_4_3_3_1,458.24
490,fake_intersection_4_2_E_1_5893,True,road_4_3_3_1,459.24
490,117,False,road_4_3_3_1,564.2978363232143
490,107,False,road_4_3_3_1,571.7989339901593
490,fake_intersection_4_2_E_2_5894,True,road_4_3_3_2,458.24
490,fake_intersection_4_2_E_2_5895,True,road_4_3_3_2,459.24
490,332,False,road_4_4_1_0,178.00351831033427
490,262,False,road_4_4_1_0,478.96044255817037
490,295,False,road_4_4_1_0,552.6592609602609
490,300,False,road_4_4_1_0,578.0786242206908
490,fake_intersection_3_4_N_1_5872,True,road_4_4_2_1,618.24
490,fake_intersection_3_4_N_1_5873,True,road_4_4_2_1,619.24
490,163,False,road_4_4_2_1,734.2937900616366
490,131,False,road_4_4_2_1,741.7948879583921
490,119,False,road_4_4_2_1,749.2958964981461
490,92,False,road_4_4_2_1,756.7969342743186
490,109,False,road_4_4_2_1,764.2979723922394
490,103,False,road_4_4_2_1,771.7989727513682
490,fake_intersection_3_4_N_2_5874,True,road_4_4_2_2,618.24
490,fake_intersection_3_4_N_2_5875,True,road_4_4_2_2,619.24
490,81,False,road_4_4_2_2,771.7989874836612
490,fake_intersection_4_3_E_1_5912,True,road_4_4_3_1,458.24
490,fake_intersection_4_3_E_1_5913,True,road_4_4_3_1,459.24
490,fake_intersection_4_4_E_2_5918,True,road_4_5_3_2,469.12
490,fake_intersection_4_4_E_2_5919,True,road_4_5_3_2,470.12
490,fake_intersection_4_1_N_1_5886,True,road_5_1_2_1,629.12
490,fake_intersection_4_1_N_1_5887,True,road_5_1_2_1,630.12
490,409,False,road_5_2_2_0,77.89517532395492
490,397,False,road_5_2_2_0,251.98652161805316
490,385,False,road_5_2_2_0,392.81753756711083
490,361,False,road_5_2_2_0,632.5637381601206
490,373,False,road_5_2_2_1,446.3502794352709
490,fake_intersection_4_2_N_1_5896,True,road_5_2_2_1,629.12
490,fake_intersection_4_2_N_1_5897,True,road_5_2_2_1,630.12
490,258,False,road_5_2_2_2,785.3989721904102
490,416,False,road_5_3_2_0,28.721791551380612
490,401,False,road_5_3_2_0,209.16371583822144
490,383,False,road_5_3_2_0,436.3687333154205
490,353,False,road_5_3_2_0,760.8125812536647
490,fake_intersection_4_3_N_1_5908,True,road_5_3_2_1,629.12
490,fake_intersection_4_3_N_1_5909,True,road_5_3_2_1,630.12
490,368,False,road_5_3_2_1,644.7565125703544
490,fake_intersection_4_3_N_2_5910,True,road_5_3_2_2,629.12
490,fake_intersection_4_3_N_2_5911,True,road_5_3_2_2,630.12
490,325,False,road_5_3_2_2,785.3989500010405
490,406,False,road_5_4_2_0,94.12075562202591
490,403,False,road_5_4_2_0,162.85255230638072
490,392,False,road_5_4_2_0,286.8475320895709
490,379,False,road_5_4_2_0,346.5482026288563
490,355,False,road_5_4_2_0,750.7818386480851
490,413,False,road_5_4_2_1,25.434475282909084
490,395,False,road_5_4_2_1,240.43076596270262
490,388,False,road_5_4_2_1,397.9817498258189
490,376,False,road_5_4_2_1,469.49916897058176
490,371,False,road_5_4_2_1,489.1406509150744
490,359,False,road_5_4_2_1,565.5975452653645
490,343,False,road_5_4_2_1,650.379889234652
490,348,False,road_5_4_2_1,657.8809643960758
490,337,False,road_5_4_2_1,665.3819984070273
490,327,False,road_5_4_2_1,672.8830631511408
490,319,False,road_5_4_2_1,680.3841184042726
490,313,False,road_5_4_2_1,687.8851643788727
490,304,False,road_5_4_2_1,695.3862195297096
490,283,False,road_5_4_2_1,702.8873039076007
490,280,False,road_5_4_2_1,710.3883196340677
490,268,False,road_5_4_2_1,717.8894167205933
490,256,False,road_5_4_2_1,725.390421227733
490,253,False,road_5_4_2_1,732.891462598536
490,244,False,road_5_4_2_1,740.3924982110943
490,234,False,road_5_4_2_1,747.8935625359286
490,230,False,road_5_4_2_1,755.394587830096
490,206,False,road_5_4_2_1,762.8956213105093
490,187,False,road_5_4_2_1,770.3967137256591
490,174,False,road_5_4_2_1,777.8978116531808
490,171,False,road_5_4_2_1,785.3989081225037
490,364,False,road_5_4_2_2,592.6847922000387
490,316,False,road_5_4_2_2,770.3968690758595
490,181,False,road_5_4_2_2,777.8978722616686
490,146,False,road_5_4_2_2,785.3989106336303
500,320,False,:intersection_1_1_0_0,0.7231985699814913
500,358,False,:intersection_1_1_30_1,11.737016194327131
500,356,False,:intersection_1_4_27_1,1.105412330485592
500,294,False,:intersection_2_1_27_0,5.786202130992024
500,279,False,:intersection_2_1_30_0,16.798280055797335
500,299,False,:intersection_2_1_30_1,0.12373822898393882
500,418,False,road_0_1_0_0,72.9849142924298
500,412,False,road_0_1_0_0,136.5834313278727
500,405,False,road_0_1_0_0,192.98568834077963
500,402,False,road_0_1_0_0,269.23059754284213
500,387,False,road_0_1_0_0,405.1400125145815
500,378,False,road_0_1_0_0,479.0217803713837
500,394,False,road_0_1_0_1,393.04078789118813
500,391,False,road_0_1_0_1,436.8258969159654
500,375,False,road_0_1_0_1,465.3839722648579
500,fake_intersection_1_1_S_1_5924,True,road_0_1_0_1,629.12
500,fake_intersection_1_1_S_1_5925,True,road_0_1_0_1,630.12
500,363,False,road_0_1_0_1,633.794372852123
500,370,False,road_0_1_0_1,709.2688497538719
500,347,False,road_0_1_0_1,727.7223741149528
500,423,False,road_0_1_0_2,15.532381001649036
500,408,False,road_0_2_0_0,170.0961407302165
500,396,False,road_0_2_0_0,326.80236177079684
500,372,False,road_0_2_0_0,626.0349940987365
500,421,False,road_0_2_0_1,15.009952919399165
500,384,False,road_0_2_0_1,501.64986585353665
500,345,False,road_0_2_0_1,747.8935741472267
500,333,False,road_0_2_0_1,755.3946891133974
500,284,False,road_0_2_0_1,762.8957799688859
500,270,False,road_0_2_0_1,770.3968579291762
500,245,False,road_0_2_0_1,777.8978611463334
500,235,False,road_0_2_0_1,785.3989547030759
500,fake_intersection_1_2_S_2_5934,True,road_0_2_0_2,629.12
500,fake_intersection_1_2_S_2_5935,True,road_0_2_0_2,630.12
500,257,False,road_0_2_0_2,785.3989629789191
500,fake_intersection_1_3_S_1_5942,True,road_0_3_0_1,629.12
500,fake_intersection_1_3_S_1_5943,True,road_0_3_0_1,630.12
500,407,False,road_0_4_0_0,161.6186544209908
500,404,False,road_0_4_0_0,278.21834468319327
500,400,False,road_0_4_0_0,299.63693283877797
500,374,False,road_0_4_0_0,573.8432197060771
500,420,False,road_0_4_0_1,26.374296481142903
500,417,False,road_0_4_0_1,85.99156078305833
500,411,False,road_0_4_0_1,132.89427047545968
500,393,False,road_0_4_0_1,345.1706284139488
500,389,False,road_0_4_0_1,363.73602233190667
500,386,False,road_0_4_0_1,405.607400080224
500,380,False,road_0_4_0_1,417.3337196822264
500,377,False,road_0_4_0_1,425.34906025442524
500,365,False,road_0_4_0_1,432.8501715098141
500,362,False,road_0_4_0_1,440.35118635768805
500,357,False,road_0_4_0_1,447.85225379048364
500,350,False,road_0_4_0_1,455.35329522990963
500,344,False,road_0_4_0_1,462.85430384117285
500,335,False,road_0_4_0_1,470.3553251700019
500,328,False,road_0_4_0_1,477.85642232497503
500,324,False,road_0_4_0_1,485.3574780599923
500,311,False,road_0_4_0_1,492.85852243843215
500,301,False,road_0_4_0_1,500.35955205872625
500,296,False,road_0_4_0_1,507.86064421250177
500,281,False,road_0_4_0_1,515.3616918855839
500,278,False,road_0_4_0_1,522.862725582593
500,269,False,road_0_4_0_1,530.363847505241
500,259,False,road_0_4_0_1,537.8648484931657
500,265,False,road_0_4_0_1,545.365849180377
500,254,False,road_0_4_0_1,552.8668948656335
500,251,False,road_0_4_0_1,560.3678979981578
500,237,False,road_0_4_0_1,567.8689552941847
500,233,False,road_0_4_0_1,575.3700042220383
500,231,False,road_0_4_0_1,582.8710883418682
500,226,False,road_0_4_0_1,590.372115558004
500,223,False,road_0_4_0_1,597.87311609928
500,211,False,road_0_4_0_1,605.3741677166983
500,199,False,road_0_4_0_1,612.8751999378156
500,205,False,road_0_4_0_1,620.3762031672828
500,202,False,road_0_4_0_1,627.8772052140789
500,194,False,road_0_4_0_1,635.3782794073513
500,191,False,road_0_4_0_1,642.8793167211014
500,188,False,road_0_4_0_1,650.3804152469011
500,182,False,road_0_4_0_1,657.8814452552595
500,176,False,road_0_4_0_1,665.4088577212033
500,168,False,road_0_4_0_1,673.039919188181
500,160,False,road_0_4_0_1,681.1598037208282
500,144,False,road_0_4_0_1,690.2550875445609
500,153,False,road_0_4_0_1,700.1092379975863
500,150,False,road_0_4_0_1,708.6670866657059
500,136,False,road_0_4_0_1,717.0827254309431
500,134,False,road_0_4_0_1,725.0009340126095
500,124,False,road_0_4_0_1,732.7429455691819
500,122,False,road_0_4_0_1,740.3793730583923
500,110,False,road_0_4_0_1,747.8919011037452
500,104,False,road_0_4_0_1,755.3947015073637
500,108,False,road_0_4_0_1,762.8958479974048
500,101,False,road_0_4_0_1,770.3968757792886
500,96,False,road_0_4_0_1,777.897975934924
500,88,False,road_0_4_0_1,785.3989828356193
500,213,False,road_0_4_0_2,732.8917321253386
500,195,False,road_0_4_0_2,740.3927709707751
500,164,False,road_0_4_0_2,747.8937941740246
500,130,False,road_0_4_0_2,755.3948005896773
500,115,False,road_0_4_0_2,762.895824550185
500,118,False,road_0_4_0_2,770.3968643742542
500,93,False,road_0_4_0_2,777.8978932754937
500,69,False,road_0_4_0_2,785.3989879656378
500,414,False,road_1_0_1_0,130.01622268860143
500,398,False,road_1_0_1_1,366.9393073034346
500,366,False,road_1_0_1_1,487.8855212216343
500,338,False,road_1_0_1_1,495.3865315562956
500,322,False,road_1_0_1_1,502.8875966179961
500,305,False,road_1_0_1_1,510.38865326187357
500,291,False,road_1_0_1_1,517.8896536068149
500,275,False,road_1_0_1_1,525.3906647543819
500,203,False,road_1_0_1_1,532.8917586810945
500,185,False,road_1_0_1_1,540.3928497049037
500,165,False,road_1_0_1_1,547.8938894346898
500,132,False,road_1_0_1_1,555.3949439234823
500,111,False,road_1_0_1_1,562.8959783957997
500,77,False,road_1_0_1_1,570.3969840486556
500,57,False,road_1_0_1_1,577.897986719655
500,21,False,road_1_0_1_1,585.3989910327766
500,381,False,road_1_0_1_2,442.984315419342
500,247,False,road_1_0_1_2,585.3989791711863
500,351,False,road_1_1_0_0,68.44316784064316
500,326,False,road_1_1_0_0,247.5562541754063
500,318,False,road_1_1_0_0,601.9319677625031
500,315,False,road_1_1_0_0,620.9257598682294
500,303,False,road_1_1_0_0,641.1441953446828
500,354,False,road_1_1_0_1,3.1699086292384813
500,331,False,road_1_1_0_1,253.79834773158234
500,336,False,road_1_1_0_1,270.8233441247061
500,312,False,road_1_1_0_1,667.8063993618042
500,282,False,road_1_1_0_1,742.2652535926701
500,fake_intersection_1_2_W_1_5932,True,road_1_1_1_1,458.24
500,fake_intersection_1_2_W_1_5933,True,road_1_1_1_1,459.24
500,255,False,road_1_1_1_1,541.6255609443776
500,297,False,road_1_1_2_0,9.08293506448458
500,342,False,road_1_1_3_0,145.31757252772962
500,263,False,road_1_2_0_1,395.3292065086563
500,fake_intersection_2_2_S_1_5954,True,road_1_2_0_1,618.24
500,fake_intersection_2_2_S_1_5955,True,road_1_2_0_1,619.24
500,fake_intersection_2_2_S_2_5956,True,road_1_2_0_2,618.24
500,fake_intersection_2_2_S_2_5957,True,road_1_2_0_2,619.24
500,5,False,road_1_2_1_0,152.85655402384106
500,32,False,road_1_2_1_0,203.95003327039362
500,90,False,road_1_2_1_1,100.70196313306634
500,fake_intersection_1_3_W_1_5940,True,road_1_2_1_1,458.24
500,fake_intersection_1_3_W_1_5941,True,road_1_2_1_1,459.24
500,4,False,road_1_2_1_1,571.7989320868487
500,360,False,road_1_2_3_0,101.08068134160922
500,309,False,road_1_2_3_1,564.2950654278013
500,179,False,road_1_2_3_1,571.7989029790325
500,fake_intersection_1_1_E_2_5922,True,road_1_2_3_2,458.24
500,fake_intersection_1_1_E_2_5923,True,road_1_2_3_2,459.24
500,fake_intersection_2_3_S_1_5962,True,road_1_3_0_1,618.24
500,fake_intersection_2_3_S_1_5963,True,road_1_3_0_1,619.24
500,19,False,road_1_3_0_1,760.2250023403295
500,fake_intersection_2_3_S_2_5964,True,road_1_3_0_2,618.24
500,fake_intersection_2_3_S_2_5965,True,road_1_3_0_2,619.24
500,276,False,road_1_3_2_0,289.39413012543133
500,16,False,road_1_3_2_0,606.2255208168567
500,128,False,road_1_3_2_1,300.7440359610905
500,27,False,road_1_3_3_0,281.9993834281965
500,fake_intersection_1_2_E_1_5928,True,road_1_3_3_1,458.24
500,fake_intersection_1_2_E_1_5929,True,road_1_3_3_1,459.24
500,67,False,road_1_4_0_0,199.60626977350316
500,85,False,road_1_4_0_1,167.14475554547252
500,fake_intersection_2_4_S_1_5972,True,road_1_4_0_1,618.24
500,fake_intersection_2_4_S_1_5973,True,road_1_4_0_1,619.24
500,352,False,road_1_4_3_0,200.06189486559458
500,330,False,road_1_4_3_0,229.02842128408176
500,317,False,road_1_4_3_0,385.6322761698573
500,341,False,road_1_4_3_1,4.085981893884817
500,367,False,road_1_4_3_1,45.98475659641083
500,323,False,road_1_4_3_1,360.20670373069726
500,314,False,road_1_4_3_1,369.2741735629891
500,302,False,road_1_4_3_1,376.8126312173089
500,290,False,road_1_4_3_1,384.5206951021185
500,286,False,road_1_4_3_1,392.3278607055089
500,274,False,road_1_4_3_1,400.66189727798013
500,306,False,road_1_4_3_1,408.5966752228304
500,292,False,road_1_4_3_1,416.93562568015705
500,249,False,road_1_4_3_1,426.2404741295247
500,222,False,road_1_4_3_1,434.7046519704213
500,227,False,road_1_4_3_1,443.20950906016446
500,217,False,road_1_4_3_1,451.3069176611119
500,215,False,road_1_4_3_1,459.03248708245343
500,172,False,road_1_4_3_1,466.7278068713688
500,173,False,road_1_4_3_1,474.25401284857895
500,162,False,road_1_4_3_1,481.7799434220413
500,166,False,road_1_4_3_1,489.2868287723369
500,142,False,road_1_4_3_1,496.78846921706264
500,127,False,road_1_4_3_1,504.2897022863286
500,140,False,road_1_4_3_1,511.7907026658617
500,133,False,road_1_4_3_1,519.2917471195285
500,102,False,road_1_4_3_1,526.792833380535
500,41,False,road_1_4_3_1,534.2938427590966
500,6,False,road_1_4_3_1,541.7948450284722
500,80,False,road_1_4_3_1,549.2958833144219
500,79,False,road_1_4_3_1,556.796885638358
500,56,False,road_1_4_3_1,564.2979905379563
500,23,False,road_1_4_3_1,571.798997407685
500,339,False,road_1_4_3_2,507.19568432076187
500,183,False,road_1_4_3_2,564.2979237736337
500,22,False,road_1_4_3_2,571.7989561486653
500,382,False,road_1_5_3_0,408.687652808124
500,415,False,road_1_5_3_1,138.39890107838227
500,399,False,road_1_5_3_1,331.27641883530555
500,fake_intersection_1_4_E_1_5944,True,road_1_5_3_1,469.12
500,fake_intersection_1_4_E_1_5945,True,road_1_5_3_1,470.12
500,fake_intersection_1_4_E_2_5946,True,road_1_5_3_2,469.12
500,fake_intersection_1_4_E_2_5947,True,road_1_5_3_2,470.12
500,252,False,road_2_1_0_0,383.797262054045
500,260,False,road_2_1_0_1,5.903784834156351
500,fake_intersection_3_1_S_1_5978,True,road_2_1_0_1,618.24
500,fake_intersection_3_1_S_1_5979,True,road_2_1_0_1,619.24
500,224,False,road_2_1_0_1,707.2500478984766
500,fake_intersection_3_1_S_2_5980,True,road_2_1_0_2,618.24
500,fake_intersection_3_1_S_2_5981,True,road_2_1_0_2,619.24
500,fake_intersection_1_1_N_1_5926,True,road_2_1_2_1,618.24
500,fake_intersection_1_1_N_1_5927,True,road_2_1_2_1,619.24
500,243,False,road_2_1_3_0,467.92556619561054
500,fake_intersection_3_2_S_1_5982,True,road_2_2_0_1,618.24
500,fake_intersection_3_2_S_1_5983,True,road_2_2_0_1,619.24
500,fake_intersection_3_2_S_2_5984,True,road_2_2_0_2,618.24
500,fake_intersection_3_2_S_2_5985,True,road_2_2_0_2,619.24
500,152,False,road_2_2_1_1,549.2959184635042
500,91,False,road_2_2_1_1,556.7969426073587
500,120,False,road_2_2_1_1,564.2979433006939
500,33,False,road_2_2_1_1,571.7989512852479
500,fake_intersection_2_3_W_2_5968,True,road_2_2_1_2,458.24
500,fake_intersection_2_3_W_2_5969,True,road_2_2_1_2,459.24
500,63,False,road_2_2_2_1,771.7989637820486
500,fake_intersection_1_2_N_2_5930,True,road_2_2_2_2,618.24
500,fake_intersection_1_2_N_2_5931,True,road_2_2_2_2,619.24
500,151,False,road_2_2_3_1,571.7989417208323
500,13,False,road_2_3_0_1,5.0
500,121,False,road_2_3_0_2,771.7989979218108
500,198,False,road_2_3_2_0,393.16009073718914
500,fake_intersection_1_3_N_1_5936,True,road_2_3_2_1,618.24
500,fake_intersection_1_3_N_1_5937,True,road_2_3_2_1,619.24
500,fake_intersection_1_3_N_2_5938,True,road_2_3_2_2,618.24
500,fake_intersection_1_3_N_2_5939,True,road_2_3_2_2,619.24
500,35,False,road_2_3_2_2,771.7989851420144
500,fake_intersection_3_4_S_1_6008,True,road_2_4_0_1,618.24
500,fake_intersection_3_4_S_1_6009,True,road_2_4_0_1,619.24
500,64,False,road_2_4_0_1,771.7989491181652
500,fake_intersection_3_4_S_2_6010,True,road_2_4_0_2,618.24
500,fake_intersection_3_4_S_2_6011,True,road_2_4_0_2,619.24
500,83,False,road_2_4_0_2,771.7989933468588
500,fake_intersection_1_4_N_1_5948,True,road_2_4_2_1,618.24
500,fake_intersection_1_4_N_1_5949,True,road_2_4_2_1,619.24
500,fake_intersection_1_4_N_2_5950,True,road_2_4_2_2,618.24
500,fake_intersection_1_4_N_2_5951,True,road_2_4_2_2,619.24
500,39,False,road_2_4_3_1,564.2978546503266
500,61,False,road_2_4_3_1,571.7989518358123
500,fake_intersection_2_3_E_2_5966,True,road_2_4_3_2,458.24
500,fake_intersection_2_3_E_2_5967,True,road_2_4_3_2,459.24
500,72,False,road_2_4_3_2,564.2979320177367
500,200,False,road_3_1_0_0,51.39044308730089
500,239,False,road_3_1_0_0,136.8488101473625
500,210,False,road_3_1_0_0,231.53752408003493
500,175,False,road_3_1_0_0,249.79157103640054
500,184,False,road_3_1_0_1,235.4652960149365
500,fake_intersection_4_1_S_1_6016,True,road_3_1_0_1,618.24
500,fake_intersection_4_1_S_1_6017,True,road_3_1_0_1,619.24
500,fake_intersection_4_1_S_2_6018,True,road_3_1_0_2,618.24
500,fake_intersection_4_1_S_2_6019,True,road_3_1_0_2,619.24
500,143,False,road_3_1_0_2,771.7989882056197
500,59,False,road_3_1_1_1,571.7989866918637
500,14,False,road_3_1_2_0,513.0362888635198
500,fake_intersection_2_1_N_2_5952,True,road_3_1_2_2,618.24
500,fake_intersection_2_1_N_2_5953,True,road_3_1_2_2,619.24
500,50,False,road_3_2_0_0,159.8896169895779
500,123,False,road_3_2_0_0,641.5924211242693
500,207,False,road_3_2_0_1,14.655095798867167
500,fake_intersection_4_2_S_1_6026,True,road_3_2_0_1,618.24
500,fake_intersection_4_2_S_1_6027,True,road_3_2_0_1,619.24
500,44,False,road_3_2_0_1,756.8589607421015
500,285,False,road_3_2_1_0,53.48583236687512
500,fake_intersection_3_3_W_1_5994,True,road_3_2_1_1,458.24
500,fake_intersection_3_3_W_1_5995,True,road_3_2_1_1,459.24
500,236,False,road_3_2_1_1,571.7455675244062
500,fake_intersection_4_3_S_1_6032,True,road_3_3_0_1,618.24
500,fake_intersection_4_3_S_1_6033,True,road_3_3_0_1,619.24
500,fake_intersection_4_3_S_2_6034,True,road_3_3_0_2,618.24
500,fake_intersection_4_3_S_2_6035,True,road_3_3_0_2,619.24
500,277,False,road_3_3_1_0,480.04557236825303
500,fake_intersection_3_4_W_1_6004,True,road_3_3_1_1,458.24
500,fake_intersection_3_4_W_1_6005,True,road_3_3_1_1,459.24
500,fake_intersection_3_4_W_2_6006,True,road_3_3_1_2,458.24
500,fake_intersection_3_4_W_2_6007,True,road_3_3_1_2,459.24
500,293,False,road_3_3_2_0,160.8053007797009
500,186,False,road_3_3_2_0,236.2019199184508
500,250,False,road_3_3_2_0,319.2567673522488
500,241,False,road_3_3_2_0,501.7518176438152
500,229,False,road_3_3_2_1,600.3927593841257
500,fake_intersection_2_3_N_1_5958,True,road_3_3_2_1,618.24
500,fake_intersection_2_3_N_1_5959,True,road_3_3_2_1,619.24
500,fake_intersection_2_3_N_2_5960,True,road_3_3_2_2,618.24
500,fake_intersection_2_3_N_2_5961,True,road_3_3_2_2,619.24
500,49,False,road_3_3_2_2,764.2979629815909
500,158,False,road_3_3_2_2,771.7989787135056
500,47,False,road_3_4_0_1,741.7948269375124
500,9,False,road_3_4_0_1,749.2958272573236
500,53,False,road_3_4_0_1,756.7968465444304
500,51,False,road_3_4_0_1,764.297883076179
500,37,False,road_3_4_0_1,771.7989017319449
500,190,False,road_3_4_1_0,287.7636062773564
500,212,False,road_3_4_1_1,281.71297737603555
500,fake_intersection_2_4_N_1_5970,True,road_3_4_2_1,618.24
500,fake_intersection_2_4_N_1_5971,True,road_3_4_2_1,619.24
500,30,False,road_3_4_2_2,771.7989155793821
500,fake_intersection_3_3_E_1_5988,True,road_3_4_3_1,458.24
500,fake_intersection_3_3_E_1_5989,True,road_3_4_3_1,459.24
500,17,False,road_3_4_3_1,571.7989103776712
500,fake_intersection_3_4_E_1_5996,True,road_3_5_3_1,469.12
500,fake_intersection_3_4_E_1_5997,True,road_3_5_3_1,470.12
500,fake_intersection_3_4_E_2_5998,True,road_3_5_3_2,469.12
500,fake_intersection_3_4_E_2_5999,True,road_3_5_3_2,470.12
500,410,False,road_4_0_1_0,183.01956707093433
500,390,False,road_4_0_1_1,407.46606940238206
500,369,False,road_4_0_1_1,450.3803523136364
500,349,False,road_4_0_1_1,457.8814245819826
500,329,False,road_4_0_1_1,465.382435939017
500,308,False,road_4_0_1_1,472.88351036982834
500,242,False,road_4_0_1_1,480.38455753970584
500,238,False,road_4_0_1_1,487.8855651452912
500,228,False,road_4_0_1_1,495.38661338524423
500,218,False,road_4_0_1_1,502.8876319246422
500,197,False,road_4_0_1_1,510.38863320897235
500,189,False,road_4_0_1_1,517.8896963306137
500,177,False,road_4_0_1_1,525.3906964045054
500,167,False,road_4_0_1_1,532.8917442186294
500,157,False,road_4_0_1_1,540.3927921719892
500,126,False,road_4_0_1_1,547.8938143191779
500,105,False,road_4_0_1_1,555.3948370422622
500,74,False,road_4_0_1_1,562.8958804751306
500,54,False,road_4_0_1_1,570.3968991281677
500,34,False,road_4_0_1_1,577.8979626755071
500,24,False,road_4_0_1_1,585.3989709774777
500,137,False,road_4_0_1_2,562.8959172536753
500,116,False,road_4_0_1_2,570.3969448594623
500,97,False,road_4_0_1_2,577.8979548004972
500,45,False,road_4_0_1_2,585.3989571672523
500,161,False,road_4_1_0_0,167.19505120488404
500,fake_intersection_4_2_W_1_6028,True,road_4_1_1_1,458.24
500,fake_intersection_4_2_W_1_6029,True,road_4_1_1_1,459.24
500,fake_intersection_4_2_W_2_6030,True,road_4_1_1_2,458.24
500,fake_intersection_4_2_W_2_6031,True,road_4_1_1_2,459.24
500,fake_intersection_3_1_N_1_5974,True,road_4_1_2_1,618.24
500,fake_intersection_3_1_N_1_5975,True,road_4_1_2_1,619.24
500,fake_intersection_3_1_N_2_5976,True,road_4_1_2_2,618.24
500,fake_intersection_3_1_N_2_5977,True,road_4_1_2_2,619.24
500,148,False,road_4_1_3_0,180.63232843363602
500,82,False,road_4_2_0_0,451.5001877352827
500,321,False,road_4_2_1_0,237.70451087337756
500,fake_intersection_4_3_W_1_6042,True,road_4_2_1_1,458.24
500,fake_intersection_4_3_W_1_6043,True,road_4_2_1_1,459.24
500,208,False,road_4_2_1_1,571.7989408224968
500,fake_intersection_4_3_W_2_6044,True,road_4_2_1_2,458.24
500,fake_intersection_4_3_W_2_6045,True,road_4_2_1_2,459.24
500,346,False,road_4_2_2_0,205.98872398009263
500,310,False,road_4_2_2_0,395.9754020309379
500,334,False,road_4_2_2_0,445.421820065147
500,271,False,road_4_2_2_0,719.6137606165944
500,298,False,road_4_2_2_1,663.7057228423532
500,246,False,road_4_2_2_1,771.7989955733436
500,fake_intersection_3_2_N_2_5986,True,road_4_2_2_2,618.24
500,fake_intersection_3_2_N_2_5987,True,road_4_2_2_2,619.24
500,fake_intersection_4_1_E_1_6012,True,road_4_2_3_1,458.24
500,fake_intersection_4_1_E_1_6013,True,road_4_2_3_1,459.24
500,340,False,road_4_3_1_0,318.69085029512144
500,353,False,road_4_3_1_1,57.11016856277999
500,307,False,road_4_3_1_1,546.0558711684113
500,fake_intersection_4_4_W_2_6048,True,road_4_3_1_2,458.24
500,fake_intersection_4_4_W_2_6049,True,road_4_3_1_2,459.24
500,fake_intersection_3_3_N_1_5990,True,road_4_3_2_1,618.24
500,fake_intersection_3_3_N_1_5991,True,road_4_3_2_1,619.24
500,fake_intersection_3_3_N_2_5992,True,road_4_3_2_2,618.24
500,fake_intersection_3_3_N_2_5993,True,road_4_3_2_2,619.24
500,180,False,road_4_3_3_0,195.82733826082034
500,fake_intersection_4_2_E_1_6020,True,road_4_3_3_1,458.24
500,fake_intersection_4_2_E_1_6021,True,road_4_3_3_1,459.24
500,117,False,road_4_3_3_1,564.2978363232143
500,107,False,road_4_3_3_1,571.7989339901593
500,fake_intersection_4_2_E_2_6022,True,road_4_3_3_2,458.24
500,fake_intersection_4_2_E_2_6023,True,road_4_3_3_2,459.24
500,355,False,road_4_4_1_0,47.35267898391732
500,332,False,road_4_4_1_0,282.6379185459062
500,fake_intersection_3_4_N_1_6000,True,road_4_4_2_1,618.24
500,fake_intersection_3_4_N_1_6001,True,road_4_4_2_1,619.24
500,163,False,road_4_4_2_1,734.2937900616366
500,131,False,road_4_4_2_1,741.7948879583921
500,119,False,road_4_4_2_1,749.2958964981461
500,92,False,road_4_4_2_1,756.7969342743186
500,109,False,road_4_4_2_1,764.2979723922394
500,103,False,road_4_4_2_1,771.7989727513682
500,fake_intersection_3_4_N_2_6002,True,road_4_4_2_2,618.24
500,fake_intersection_3_4_N_2_6003,True,road_4_4_2_2,619.24
500,81,False,road_4_4_2_2,771.7989874836612
500,fake_intersection_4_3_E_1_6040,True,road_4_4_3_1,458.24
500,fake_intersection_4_3_E_1_6041,True,road_4_4_3_1,459.24
500,fake_intersection_4_4_E_2_6046,True,road_4_5_3_2,469.12
500,fake_intersection_4_4_E_2_6047,True,road_4_5_3_2,470.12
500,fake_intersection_4_1_N_1_6014,True,road_5_1_2_1,629.12
500,fake_intersection_4_1_N_1_6015,True,road_5_1_2_1,630.12
500,409,False,road_5_2_2_0,182.32947737534775
500,397,False,road_5_2_2_0,367.0968018566036
500,385,False,road_5_2_2_0,504.2521277223624
500,361,False,road_5_2_2_0,730.8468974264518
500,422,False,road_5_2_2_1,35.88626922195963
500,373,False,road_5_2_2_1,540.6738625801988
500,fake_intersection_4_2_N_1_6024,True,road_5_2_2_1,629.12
500,fake_intersection_4_2_N_1_6025,True,road_5_2_2_1,630.12
500,258,False,road_5_2_2_2,785.3989721904102
500,416,False,road_5_3_2_0,144.98815620663876
500,401,False,road_5_3_2_0,315.637808591992
500,383,False,road_5_3_2_0,556.8459562504221
500,fake_intersection_4_3_N_1_6036,True,road_5_3_2_1,629.12
500,fake_intersection_4_3_N_1_6037,True,road_5_3_2_1,630.12
500,368,False,road_5_3_2_1,766.9281434833135
500,fake_intersection_4_3_N_2_6038,True,road_5_3_2_2,629.12
500,fake_intersection_4_3_N_2_6039,True,road_5_3_2_2,630.12
500,325,False,road_5_3_2_2,785.3989500010405
500,413,False,road_5_4_2_0,110.48274304288643
500,406,False,road_5_4_2_0,196.16824133141793
500,403,False,road_5_4_2_0,277.96094152351435
500,392,False,road_5_4_2_0,391.4224622503194
500,379,False,road_5_4_2_0,433.11683818564575
500,424,False,road_5_4_2_1,9.481844172193906
500,419,False,road_5_4_2_1,67.94007923494169
500,395,False,road_5_4_2_1,360.3590489516488
500,388,False,road_5_4_2_1,522.8863982976023
500,376,False,road_5_4_2_1,568.0420856359744
500,371,False,road_5_4_2_1,585.8599362558199
500,359,False,road_5_4_2_1,642.4059559476087
500,343,False,road_5_4_2_1,650.379889234652
500,348,False,road_5_4_2_1,657.8809643960758
500,337,False,road_5_4_2_1,665.3819984070273
500,327,False,road_5_4_2_1,672.8830631511408
500,319,False,road_5_4_2_1,680.3841184042726
500,313,False,road_5_4_2_1,687.8851643788727
500,304,False,road_5_4_2_1,695.3862195297096
500,283,False,road_5_4_2_1,702.8873039076007
500,280,False,road_5_4_2_1,710.3883196340677
500,268,False,road_5_4_2_1,717.8894167205933
500,256,False,road_5_4_2_1,725.390421227733
500,253,False,road_5_4_2_1,732.891462598536
500,244,False,road_5_4_2_1,740.3924982110943
500,234,False,road_5_4_2_1,747.8935625359286
500,230,False,road_5_4_2_1,755.394587830096
500,206,False,road_5_4_2_1,762.8956213105093
500,187,False,road_5_4_2_1,770.3967137256591
500,174,False,road_5_4_2_1,777.8978116531808
500,171,False,road_5_4_2_1,785.3989081225037
500,364,False,road_5_4_2_2,696.7083259753317
500,316,False,road_5_4_2_2,770.3968690758595
500,181,False,road_5_4_2_2,777.8978722616686
500,146,False,road_5_4_2_2,785.3989106336303
510,370,False,:intersection_1_1_30_0,10.446168146260437
510,312,False,:intersection_2_1_30_1,11.908955576742843
510,418,False,road_0_1_0_0,169.6049005966678
510,412,False,road_0_1_0_0,239.0938669657554
510,405,False,road_0_1_0_0,292.00244917784175
510,402,False,road_0_1_0_0,375.00119136914213
510,387,False,road_0_1_0_0,498.26646993955336
510,378,False,road_0_1_0_0,572.830108573999
510,426,False,road_0_1_0_1,59.551075635945004
510,423,False,road_0_1_0_1,120.61786794868243
510,394,False,road_0_1_0_1,511.98469095436667
510,391,False,road_0_1_0_1,531.1063930265557
510,375,False,road_0_1_0_1,549.1965418479483
510,fake_intersection_1_1_S_1_6054,True,road_0_1_0_1,629.12
510,fake_intersection_1_1_S_1_6055,True,road_0_1_0_1,630.12
510,363,False,road_0_1_0_1,728.2919754643591
510,fake_intersection_1_1_S_2_6056,True,road_0_1_0_2,629.12
510,fake_intersection_1_1_S_2_6057,True,road_0_1_0_2,630.12
510,421,False,road_0_2_0_0,120.12020457189595
510,408,False,road_0_2_0_0,276.24502614684013
510,396,False,road_0_2_0_0,432.19728718699054
510,372,False,road_0_2_0_0,731.7371702335207
510,384,False,road_0_2_0_1,615.2964510465586
510,fake_intersection_1_2_S_1_6072,True,road_0_2_0_1,629.12
510,fake_intersection_1_2_S_1_6073,True,road_0_2_0_1,630.12
510,345,False,road_0_2_0_1,747.8936793671674
510,333,False,road_0_2_0_1,755.3946891133974
510,284,False,road_0_2_0_1,762.8957799688859
510,270,False,road_0_2_0_1,770.3968579291762
510,245,False,road_0_2_0_1,777.8978611463334
510,235,False,road_0_2_0_1,785.3989547030759
510,fake_intersection_1_2_S_2_6074,True,road_0_2_0_2,629.12
510,fake_intersection_1_2_S_2_6075,True,road_0_2_0_2,630.12
510,257,False,road_0_2_0_2,785.3989629789191
510,fake_intersection_1_3_S_1_6082,True,road_0_3_0_1,629.12
510,fake_intersection_1_3_S_1_6083,True,road_0_3_0_1,630.12
510,425,False,road_0_4_0_0,71.64545213302969
510,404,False,road_0_4_0_0,382.95146759246944
510,400,False,road_0_4_0_0,402.2221991933762
510,374,False,road_0_4_0_0,670.4407416484382
510,420,False,road_0_4_0_1,124.45407017974492
510,417,False,road_0_4_0_1,201.37717821849756
510,411,False,road_0_4_0_1,231.2529882839091
510,407,False,road_0_4_0_1,249.89472779798623
510,393,False,road_0_4_0_1,395.3395533840707
510,389,False,road_0_4_0_1,402.843517682228
510,386,False,road_0_4_0_1,410.34690231534586
510,380,False,road_0_4_0_1,417.8481262986409
510,377,False,road_0_4_0_1,425.3491650577121
510,365,False,road_0_4_0_1,432.8501715098141
510,362,False,road_0_4_0_1,440.35118635768805
510,357,False,road_0_4_0_1,447.85225379048364
510,350,False,road_0_4_0_1,455.35329522990963
510,344,False,road_0_4_0_1,462.85430384117285
510,335,False,road_0_4_0_1,470.3553251700019
510,328,False,road_0_4_0_1,477.8565904880875
510,324,False,road_0_4_0_1,485.3576006682722
510,311,False,road_0_4_0_1,492.85864943393017
510,301,False,road_0_4_0_1,500.3596719224619
510,296,False,road_0_4_0_1,507.8607490382832
510,281,False,road_0_4_0_1,515.3617981495859
510,278,False,road_0_4_0_1,522.8628440841566
510,269,False,road_0_4_0_1,530.363847505241
510,259,False,road_0_4_0_1,537.8648484931657
510,265,False,road_0_4_0_1,545.365849180377
510,254,False,road_0_4_0_1,552.8668948656335
510,251,False,road_0_4_0_1,560.3678979981578
510,237,False,road_0_4_0_1,567.8689552941847
510,233,False,road_0_4_0_1,575.3700042220383
510,231,False,road_0_4_0_1,582.8710883418682
510,226,False,road_0_4_0_1,590.3732823362975
510,223,False,road_0_4_0_1,597.8896225143158
510,211,False,road_0_4_0_1,605.4274509250146
510,199,False,road_0_4_0_1,613.2376647988551
510,205,False,road_0_4_0_1,621.7545524185166
510,202,False,road_0_4_0_1,630.122833993804
510,194,False,road_0_4_0_1,638.6024925917184
510,191,False,road_0_4_0_1,647.25733447124
510,188,False,road_0_4_0_1,656.2838804026339
510,182,False,road_0_4_0_1,664.5553818043193
510,176,False,road_0_4_0_1,672.393578116125
510,168,False,road_0_4_0_1,680.2202925571607
510,160,False,road_0_4_0_1,687.8403550216404
510,144,False,road_0_4_0_1,695.3813022954015
510,153,False,road_0_4_0_1,702.8862217611965
510,150,False,road_0_4_0_1,710.3882902357718
510,136,False,road_0_4_0_1,717.8895413058523
510,134,False,road_0_4_0_1,725.3906108836395
510,124,False,road_0_4_0_1,732.8917025785581
510,122,False,road_0_4_0_1,740.3927333846185
510,110,False,road_0_4_0_1,747.8937453279347
510,104,False,road_0_4_0_1,755.3948245181624
510,108,False,road_0_4_0_1,762.8958479974048
510,101,False,road_0_4_0_1,770.3968757792886
510,96,False,road_0_4_0_1,777.897975934924
510,88,False,road_0_4_0_1,785.3989828356193
510,431,False,road_0_4_0_2,24.117622501798905
510,213,False,road_0_4_0_2,732.8917321253386
510,195,False,road_0_4_0_2,740.3927709707751
510,164,False,road_0_4_0_2,747.8937941740246
510,130,False,road_0_4_0_2,755.3948005896773
510,115,False,road_0_4_0_2,762.895824550185
510,118,False,road_0_4_0_2,770.3968643742542
510,93,False,road_0_4_0_2,777.8978932754937
510,69,False,road_0_4_0_2,785.3989879656378
510,414,False,road_1_0_1_0,235.52600863389253
510,428,False,road_1_0_1_1,39.664732110107906
510,398,False,road_1_0_1_1,479.81926525839077
510,366,False,road_1_0_1_1,487.8855212216343
510,338,False,road_1_0_1_1,495.3865315562956
510,322,False,road_1_0_1_1,502.8875966179961
510,305,False,road_1_0_1_1,510.38865326187357
510,291,False,road_1_0_1_1,517.8896536068149
510,275,False,road_1_0_1_1,525.3906647543819
510,203,False,road_1_0_1_1,532.8917586810945
510,185,False,road_1_0_1_1,540.3928497049037
510,165,False,road_1_0_1_1,547.8938894346898
510,132,False,road_1_0_1_1,555.3949439234823
510,111,False,road_1_0_1_1,562.8959783957997
510,77,False,road_1_0_1_1,570.3969840486556
510,57,False,road_1_0_1_1,577.897986719655
510,21,False,road_1_0_1_1,585.3989910327766
510,fake_intersection_1_1_W_2_6052,True,road_1_0_1_2,469.12
510,fake_intersection_1_1_W_2_6053,True,road_1_0_1_2,470.12
510,381,False,road_1_0_1_2,542.8753397475715
510,247,False,road_1_0_1_2,585.3989791711863
510,347,False,road_1_1_0_0,1.1911185335000454
510,351,False,road_1_1_0_0,151.5385830459008
510,326,False,road_1_1_0_0,343.6114898290404
510,331,False,road_1_1_0_0,363.0926156723504
510,336,False,road_1_1_0_0,393.1426660833584
510,318,False,road_1_1_0_0,708.573757582044
510,315,False,road_1_1_0_0,729.144243453292
510,303,False,road_1_1_0_0,748.8857528605758
510,354,False,road_1_1_0_1,104.29696160118898
510,fake_intersection_2_1_S_1_6092,True,road_1_1_0_1,618.24
510,fake_intersection_2_1_S_1_6093,True,road_1_1_0_1,619.24
510,358,False,road_1_1_0_2,93.35156434291159
510,fake_intersection_2_1_S_2_6094,True,road_1_1_0_2,618.24
510,fake_intersection_2_1_S_2_6095,True,road_1_1_0_2,619.24
510,fake_intersection_1_2_W_1_6068,True,road_1_1_1_1,458.24
510,fake_intersection_1_2_W_1_6069,True,road_1_1_1_1,459.24
510,fake_intersection_1_2_W_2_6070,True,road_1_1_1_2,458.24
510,fake_intersection_1_2_W_2_6071,True,road_1_1_1_2,459.24
510,297,False,road_1_1_2_0,111.7614014540311
510,320,False,road_1_1_2_1,98.1511125472208
510,342,False,road_1_1_3_0,249.04350456873775
510,263,False,road_1_2_0_1,494.9088320407986
510,fake_intersection_2_2_S_1_6096,True,road_1_2_0_1,618.24
510,fake_intersection_2_2_S_1_6097,True,road_1_2_0_1,619.24
510,fake_intersection_2_2_S_2_6098,True,road_1_2_0_2,618.24
510,fake_intersection_2_2_S_2_6099,True,road_1_2_0_2,619.24
510,255,False,road_1_2_1_0,15.746455419545281
510,5,False,road_1_2_1_0,238.57818942139582
510,32,False,road_1_2_1_0,309.5464715478936
510,90,False,road_1_2_1_1,207.50577520274024
510,fake_intersection_1_3_W_1_6080,True,road_1_2_1_1,458.24
510,fake_intersection_1_3_W_1_6081,True,road_1_2_1_1,459.24
510,4,False,road_1_2_1_1,571.7989320868487
510,360,False,road_1_2_3_0,226.01583380534626
510,309,False,road_1_2_3_1,564.2978863470603
510,179,False,road_1_2_3_1,571.7989029790325
510,fake_intersection_1_1_E_2_6058,True,road_1_2_3_2,458.24
510,fake_intersection_1_1_E_2_6059,True,road_1_2_3_2,459.24
510,fake_intersection_2_3_S_1_6104,True,road_1_3_0_1,618.24
510,fake_intersection_2_3_S_1_6105,True,road_1_3_0_1,619.24
510,fake_intersection_2_3_S_2_6106,True,road_1_3_0_2,618.24
510,fake_intersection_2_3_S_2_6107,True,road_1_3_0_2,619.24
510,fake_intersection_1_4_W_1_6090,True,road_1_3_1_1,458.24
510,fake_intersection_1_4_W_1_6091,True,road_1_3_1_1,459.24
510,276,False,road_1_3_2_0,378.47280516109214
510,128,False,road_1_3_2_0,420.09530771974624
510,16,False,road_1_3_2_0,699.2707932571782
510,27,False,road_1_3_3_0,381.1231272908127
510,fake_intersection_1_2_E_1_6060,True,road_1_3_3_1,458.24
510,fake_intersection_1_2_E_1_6061,True,road_1_3_3_1,459.24
510,fake_intersection_1_2_E_2_6062,True,road_1_3_3_2,458.24
510,fake_intersection_1_2_E_2_6063,True,road_1_3_3_2,459.24
510,67,False,road_1_4_0_0,295.4000259410914
510,85,False,road_1_4_0_1,268.3207385999398
510,fake_intersection_2_4_S_1_6118,True,road_1_4_0_1,618.24
510,fake_intersection_2_4_S_1_6119,True,road_1_4_0_1,619.24
510,341,False,road_1_4_3_0,90.68653230238445
510,352,False,road_1_4_3_0,302.22910948755145
510,330,False,road_1_4_3_0,329.0465611642465
510,317,False,road_1_4_3_0,487.28821830671603
510,356,False,road_1_4_3_1,76.96226631473611
510,367,False,road_1_4_3_1,148.53546053137288
510,323,False,road_1_4_3_1,366.0178695877614
510,314,False,road_1_4_3_1,374.2213648388735
510,302,False,road_1_4_3_1,382.56145054307916
510,290,False,road_1_4_3_1,390.8466266932504
510,286,False,road_1_4_3_1,398.5827181325659
510,274,False,road_1_4_3_1,406.4884550862726
510,306,False,road_1_4_3_1,414.13480898104
510,292,False,road_1_4_3_1,421.7447058339373
510,249,False,road_1_4_3_1,429.26832658686
510,222,False,road_1_4_3_1,436.7765968038752
510,227,False,road_1_4_3_1,444.27964293927414
510,217,False,road_1_4_3_1,451.7823333503666
510,215,False,road_1_4_3_1,459.28339961445784
510,172,False,road_1_4_3_1,466.78447496306023
510,173,False,road_1_4_3_1,474.2854934147547
510,162,False,road_1_4_3_1,481.78650062654
510,166,False,road_1_4_3_1,489.28757986170626
510,142,False,road_1_4_3_1,496.78867557954015
510,127,False,road_1_4_3_1,504.2897022863286
510,140,False,road_1_4_3_1,511.7907026658617
510,133,False,road_1_4_3_1,519.2917471195285
510,102,False,road_1_4_3_1,526.792833380535
510,41,False,road_1_4_3_1,534.2938427590966
510,6,False,road_1_4_3_1,541.7948450284722
510,80,False,road_1_4_3_1,549.2959866355058
510,79,False,road_1_4_3_1,556.7969877053157
510,56,False,road_1_4_3_1,564.2979905379563
510,23,False,road_1_4_3_1,571.798997407685
510,339,False,road_1_4_3_2,556.7967601902685
510,183,False,road_1_4_3_2,564.2979237736337
510,22,False,road_1_4_3_2,571.7989561486653
510,382,False,road_1_5_3_0,495.51633987791257
510,429,False,road_1_5_3_1,70.19226437256067
510,415,False,road_1_5_3_1,247.60676259321633
510,399,False,road_1_5_3_1,442.89478403734
510,fake_intersection_1_4_E_1_6084,True,road_1_5_3_1,469.12
510,fake_intersection_1_4_E_1_6085,True,road_1_5_3_1,470.12
510,282,False,road_2_1_0_0,41.45819319721335
510,279,False,road_2_1_0_0,89.87464950534702
510,252,False,road_2_1_0_0,485.55623008493455
510,260,False,road_2_1_0_1,84.65950014244945
510,fake_intersection_3_1_S_1_6122,True,road_2_1_0_1,618.24
510,fake_intersection_3_1_S_1_6123,True,road_2_1_0_1,619.24
510,299,False,road_2_1_0_2,86.36794848811547
510,fake_intersection_1_1_N_1_6050,True,road_2_1_2_1,618.24
510,fake_intersection_1_1_N_1_6051,True,road_2_1_2_1,619.24
510,294,False,road_2_1_3_0,95.55556197740758
510,243,False,road_2_1_3_0,570.6740622775394
510,fake_intersection_3_2_S_1_6124,True,road_2_2_0_1,618.24
510,fake_intersection_3_2_S_1_6125,True,road_2_2_0_1,619.24
510,fake_intersection_3_2_S_2_6126,True,road_2_2_0_2,618.24
510,fake_intersection_3_2_S_2_6127,True,road_2_2_0_2,619.24
510,fake_intersection_2_3_W_1_6112,True,road_2_2_1_1,458.24
510,fake_intersection_2_3_W_1_6113,True,road_2_2_1_1,459.24
510,152,False,road_2_2_1_1,549.2959184635042
510,91,False,road_2_2_1_1,556.7969426073587
510,120,False,road_2_2_1_1,564.2979433006939
510,33,False,road_2_2_1_1,571.7989512852479
510,fake_intersection_2_3_W_2_6114,True,road_2_2_1_2,458.24
510,fake_intersection_2_3_W_2_6115,True,road_2_2_1_2,459.24
510,fake_intersection_1_2_N_1_6064,True,road_2_2_2_1,618.24
510,fake_intersection_1_2_N_1_6065,True,road_2_2_2_1,619.24
510,63,False,road_2_2_2_1,771.7989637820486
510,fake_intersection_1_2_N_2_6066,True,road_2_2_2_2,618.24
510,fake_intersection_1_2_N_2_6067,True,road_2_2_2_2,619.24
510,151,False,road_2_2_3_1,571.7989417208323
510,13,False,road_2_3_0_0,123.6529639033764
510,19,False,road_2_3_0_1,81.76316032588035
510,121,False,road_2_3_0_2,771.7989979218108
510,198,False,road_2_3_2_0,504.74643446675225
510,fake_intersection_1_3_N_1_6076,True,road_2_3_2_1,618.24
510,fake_intersection_1_3_N_1_6077,True,road_2_3_2_1,619.24
510,fake_intersection_1_3_N_2_6078,True,road_2_3_2_2,618.24
510,fake_intersection_1_3_N_2_6079,True,road_2_3_2_2,619.24
510,35,False,road_2_3_2_2,771.7989851420144
510,fake_intersection_3_4_S_1_6150,True,road_2_4_0_1,618.24
510,fake_intersection_3_4_S_1_6151,True,road_2_4_0_1,619.24
510,64,False,road_2_4_0_1,771.7989491181652
510,fake_intersection_3_4_S_2_6152,True,road_2_4_0_2,618.24
510,fake_intersection_3_4_S_2_6153,True,road_2_4_0_2,619.24
510,83,False,road_2_4_0_2,771.7989933468588
510,fake_intersection_1_4_N_1_6086,True,road_2_4_2_1,618.24
510,fake_intersection_1_4_N_1_6087,True,road_2_4_2_1,619.24
510,fake_intersection_1_4_N_2_6088,True,road_2_4_2_2,618.24
510,fake_intersection_1_4_N_2_6089,True,road_2_4_2_2,619.24
510,fake_intersection_2_3_E_1_6108,True,road_2_4_3_1,458.24
510,fake_intersection_2_3_E_1_6109,True,road_2_4_3_1,459.24
510,39,False,road_2_4_3_1,564.2978546503266
510,61,False,road_2_4_3_1,571.7989518358123
510,fake_intersection_2_3_E_2_6110,True,road_2_4_3_2,458.24
510,fake_intersection_2_3_E_2_6111,True,road_2_4_3_2,459.24
510,72,False,road_2_4_3_2,571.7989001196707
510,200,False,road_3_1_0_0,151.05208777196333
510,239,False,road_3_1_0_0,257.005057832938
510,210,False,road_3_1_0_0,326.9493589617135
510,175,False,road_3_1_0_0,345.0091705433193
510,224,False,road_3_1_0_1,12.230524941979267
510,184,False,road_3_1_0_1,332.93831369009087
510,fake_intersection_4_1_S_1_6158,True,road_3_1_0_1,618.24
510,fake_intersection_4_1_S_1_6159,True,road_3_1_0_1,619.24
510,fake_intersection_4_1_S_2_6160,True,road_3_1_0_2,618.24
510,fake_intersection_4_1_S_2_6161,True,road_3_1_0_2,619.24
510,143,False,road_3_1_0_2,771.7989882056197
510,59,False,road_3_1_1_1,571.7989866918637
510,14,False,road_3_1_2_1,617.0233803305946
510,207,False,road_3_2_0_0,115.35902571603069
510,50,False,road_3_2_0_0,249.50552837935564
510,123,False,road_3_2_0_0,748.6929429119915
510,fake_intersection_4_2_S_1_6172,True,road_3_2_0_1,618.24
510,fake_intersection_4_2_S_1_6173,True,road_3_2_0_1,619.24
510,271,False,road_3_2_1_0,17.600667409365876
510,285,False,road_3_2_1_0,163.6824365090642
510,fake_intersection_3_3_W_1_6136,True,road_3_2_1_1,458.24
510,fake_intersection_3_3_W_1_6137,True,road_3_2_1_1,459.24
510,236,False,road_3_2_1_1,571.7989155687762
510,fake_intersection_4_3_S_1_6176,True,road_3_3_0_1,618.24
510,fake_intersection_4_3_S_1_6177,True,road_3_3_0_1,619.24
510,fake_intersection_3_4_W_1_6146,True,road_3_3_1_1,458.24
510,fake_intersection_3_4_W_1_6147,True,road_3_3_1_1,459.24
510,fake_intersection_3_4_W_2_6148,True,road_3_3_1_2,458.24
510,fake_intersection_3_4_W_2_6149,True,road_3_3_1_2,459.24
510,293,False,road_3_3_2_0,280.5960657826
510,186,False,road_3_3_2_0,350.68779968533653
510,250,False,road_3_3_2_0,414.6415761669791
510,241,False,road_3_3_2_0,607.9582761430871
510,fake_intersection_2_3_N_1_6100,True,road_3_3_2_1,618.24
510,fake_intersection_2_3_N_1_6101,True,road_3_3_2_1,619.24
510,229,False,road_3_3_2_1,704.6080309894802
510,fake_intersection_2_3_N_2_6102,True,road_3_3_2_2,618.24
510,fake_intersection_2_3_N_2_6103,True,road_3_3_2_2,619.24
510,49,False,road_3_3_2_2,764.2979629815909
510,158,False,road_3_3_2_2,771.7989787135056
510,277,False,road_3_4_0_1,11.615940690825004
510,fake_intersection_4_4_S_1_6180,True,road_3_4_0_1,618.24
510,fake_intersection_4_4_S_1_6181,True,road_3_4_0_1,619.24
510,47,False,road_3_4_0_1,741.7948269375124
510,9,False,road_3_4_0_1,749.2958272573236
510,53,False,road_3_4_0_1,756.7968465444304
510,51,False,road_3_4_0_1,764.297883076179
510,37,False,road_3_4_0_1,771.7989017319449
510,190,False,road_3_4_1_0,378.54847645125915
510,212,False,road_3_4_1_1,387.2635686255759
510,fake_intersection_2_4_N_1_6116,True,road_3_4_2_1,618.24
510,fake_intersection_2_4_N_1_6117,True,road_3_4_2_1,619.24
510,30,False,road_3_4_2_2,771.7989155793821
510,fake_intersection_3_3_E_1_6130,True,road_3_4_3_1,458.24
510,fake_intersection_3_3_E_1_6131,True,road_3_4_3_1,459.24
510,17,False,road_3_4_3_1,571.7989103776712
510,fake_intersection_3_4_E_1_6138,True,road_3_5_3_1,469.12
510,fake_intersection_3_4_E_1_6139,True,road_3_5_3_1,470.12
510,fake_intersection_3_4_E_2_6140,True,road_3_5_3_2,469.12
510,fake_intersection_3_4_E_2_6141,True,road_3_5_3_2,470.12
510,410,False,road_4_0_1_0,298.82069123704036
510,432,False,road_4_0_1_1,11.166203824598263
510,390,False,road_4_0_1_1,442.8793291400165
510,369,False,road_4_0_1_1,450.3803523136364
510,349,False,road_4_0_1_1,457.8814245819826
510,329,False,road_4_0_1_1,465.382435939017
510,308,False,road_4_0_1_1,472.88351036982834
510,242,False,road_4_0_1_1,480.38455753970584
510,238,False,road_4_0_1_1,487.8855651452912
510,228,False,road_4_0_1_1,495.38661338524423
510,218,False,road_4_0_1_1,502.8876319246422
510,197,False,road_4_0_1_1,510.38863320897235
510,189,False,road_4_0_1_1,517.8896963306137
510,177,False,road_4_0_1_1,525.3906964045054
510,167,False,road_4_0_1_1,532.8917442186294
510,157,False,road_4_0_1_1,540.3927921719892
510,126,False,road_4_0_1_1,547.8938143191779
510,105,False,road_4_0_1_1,555.3948370422622
510,74,False,road_4_0_1_1,562.8958804751306
510,54,False,road_4_0_1_1,570.3968991281677
510,34,False,road_4_0_1_1,577.8979626755071
510,24,False,road_4_0_1_1,585.3989709774777
510,137,False,road_4_0_1_2,562.8959172536753
510,116,False,road_4_0_1_2,570.3969448594623
510,97,False,road_4_0_1_2,577.8979548004972
510,45,False,road_4_0_1_2,585.3989571672523
510,161,False,road_4_1_0_0,278.66215182093987
510,fake_intersection_4_2_W_1_6168,True,road_4_1_1_1,458.24
510,fake_intersection_4_2_W_1_6169,True,road_4_1_1_1,459.24
510,fake_intersection_4_2_W_2_6170,True,road_4_1_1_2,458.24
510,fake_intersection_4_2_W_2_6171,True,road_4_1_1_2,459.24
510,fake_intersection_3_1_N_1_6120,True,road_4_1_2_1,618.24
510,fake_intersection_3_1_N_1_6121,True,road_4_1_2_1,619.24
510,148,False,road_4_1_3_0,282.1797941186827
510,44,False,road_4_2_0_0,66.39812564795578
510,82,False,road_4_2_0_0,557.6477055954736
510,321,False,road_4_2_1_0,327.0311506580166
510,361,False,road_4_2_1_1,19.26660129095361
510,208,False,road_4_2_1_1,571.7989408224968
510,346,False,road_4_2_2_0,320.87251084998735
510,310,False,road_4_2_2_0,487.9728572415371
510,334,False,road_4_2_2_0,571.3436033139773
510,298,False,road_4_2_2_1,760.5859647134915
510,246,False,road_4_2_2_1,771.7989955733436
510,fake_intersection_3_2_N_2_6128,True,road_4_2_2_2,618.24
510,fake_intersection_3_2_N_2_6129,True,road_4_2_2_2,619.24
510,fake_intersection_4_1_E_1_6154,True,road_4_2_3_1,458.24
510,fake_intersection_4_1_E_1_6155,True,road_4_2_3_1,459.24
510,353,False,road_4_3_1_0,166.81863284107848
510,340,False,road_4_3_1_0,435.0404412065289
510,fake_intersection_4_4_W_2_6182,True,road_4_3_1_2,458.24
510,fake_intersection_4_4_W_2_6183,True,road_4_3_1_2,459.24
510,368,False,road_4_3_2_1,75.20889305331512
510,fake_intersection_3_3_N_1_6132,True,road_4_3_2_1,618.24
510,fake_intersection_3_3_N_1_6133,True,road_4_3_2_1,619.24
510,fake_intersection_3_3_N_2_6134,True,road_4_3_2_2,618.24
510,fake_intersection_3_3_N_2_6135,True,road_4_3_2_2,619.24
510,180,False,road_4_3_3_1,311.3009032986117
510,fake_intersection_4_2_E_1_6162,True,road_4_3_3_1,458.24
510,fake_intersection_4_2_E_1_6163,True,road_4_3_3_1,459.24
510,117,False,road_4_3_3_1,564.2978363232143
510,107,False,road_4_3_3_1,571.7989339901593
510,fake_intersection_4_2_E_2_6164,True,road_4_3_3_2,458.24
510,fake_intersection_4_2_E_2_6165,True,road_4_3_3_2,459.24
510,307,False,road_4_4_1_0,50.5945206762853
510,355,False,road_4_4_1_0,153.86096497091702
510,332,False,road_4_4_1_0,386.88977011550105
510,fake_intersection_3_4_N_1_6142,True,road_4_4_2_1,618.24
510,fake_intersection_3_4_N_1_6143,True,road_4_4_2_1,619.24
510,163,False,road_4_4_2_1,734.2937900616366
510,131,False,road_4_4_2_1,741.7948879583921
510,119,False,road_4_4_2_1,749.2958964981461
510,92,False,road_4_4_2_1,756.7969342743186
510,109,False,road_4_4_2_1,764.2979723922394
510,103,False,road_4_4_2_1,771.7989727513682
510,fake_intersection_3_4_N_2_6144,True,road_4_4_2_2,618.24
510,fake_intersection_3_4_N_2_6145,True,road_4_4_2_2,619.24
510,81,False,road_4_4_2_2,771.7989874836612
510,fake_intersection_4_1_N_1_6156,True,road_5_1_2_1,629.12
510,fake_intersection_4_1_N_1_6157,True,road_5_1_2_1,630.12
510,422,False,road_5_2_2_0,136.2972898268128
510,409,False,road_5_2_2_0,287.5178254798773
510,397,False,road_5_2_2_0,486.3565008813919
510,385,False,road_5_2_2_0,616.3098598217197
510,fake_intersection_4_2_N_1_6166,True,road_5_2_2_1,629.12
510,fake_intersection_4_2_N_1_6167,True,road_5_2_2_1,630.12
510,373,False,road_5_2_2_2,635.8807304496073
510,258,False,road_5_2_2_2,785.3989721904102
510,416,False,road_5_3_2_0,263.27055641987755
510,401,False,road_5_3_2_0,424.85535647134026
510,383,False,road_5_3_2_0,678.0140331242798
510,430,False,road_5_3_2_1,74.28050936961324
510,fake_intersection_4_3_N_1_6174,True,road_5_3_2_1,629.12
510,fake_intersection_4_3_N_1_6175,True,road_5_3_2_1,630.12
510,325,False,road_5_3_2_2,785.3989500010405
510,413,False,road_5_4_2_0,193.62795889936916
510,406,False,road_5_4_2_0,296.21409014517945
510,392,False,road_5_4_2_0,495.64000809693596
510,379,False,road_5_4_2_0,519.205866176385
510,427,False,road_5_4_2_1,39.11502403791917
510,424,False,road_5_4_2_1,110.24642788283853
510,419,False,road_5_4_2_1,176.84718377654795
510,403,False,road_5_4_2_1,393.64994327861143
510,395,False,road_5_4_2_1,480.35078627216893
510,388,False,road_5_4_2_1,620.2160372636403
510,376,False,road_5_4_2_1,627.8603518015665
510,371,False,road_5_4_2_1,635.3724512451371
510,359,False,road_5_4_2_1,642.8788824559869
510,343,False,road_5_4_2_1,650.379889234652
510,348,False,road_5_4_2_1,657.8809643960758
510,337,False,road_5_4_2_1,665.3819984070273
510,327,False,road_5_4_2_1,672.8830631511408
510,319,False,road_5_4_2_1,680.3841184042726
510,313,False,road_5_4_2_1,687.8851643788727
510,304,False,road_5_4_2_1,695.3862195297096
510,283,False,road_5_4_2_1,702.8873039076007
510,280,False,road_5_4_2_1,710.3883196340677
510,268,False,road_5_4_2_1,717.8894167205933
510,256,False,road_5_4_2_1,725.390421227733
510,253,False,road_5_4_2_1,732.891462598536
510,244,False,road_5_4_2_1,740.3924982110943
510,234,False,road_5_4_2_1,747.8935625359286
510,230,False,road_5_4_2_1,755.394587830096
510,206,False,road_5_4_2_1,762.8956213105093
510,187,False,road_5_4_2_1,770.3967137256591
510,174,False,road_5_4_2_1,777.8978116531808
510,171,False,road_5_4_2_1,785.3989081225037
510,fake_intersection_4_4_N_2_6178,True,road_5_4_2_2,629.12
510,fake_intersection_4_4_N_2_6179,True,road_5_4_2_2,630.12
510,364,False,road_5_4_2_2,762.8952297956127
510,316,False,road_5_4_2_2,770.3968690758595
510,181,False,road_5_4_2_2,777.8978722616686
510,146,False,road_5_4_2_2,785.3989106336303
520,317,False,:intersection_1_3_0_0,7.580570970652257
520,383,False,:intersection_4_3_9_1,6.439361709584432
520,433,False,road_0_1_0_0,104.15032871324013
520,426,False,road_0_1_0_0,170.08414113140165
520,418,False,road_0_1_0_0,263.71655242948077
520,412,False,road_0_1_0_0,339.4648092401712
520,405,False,road_0_1_0_0,392.53925387916803
520,378,False,road_0_1_0_0,669.217212265642
520,439,False,road_0_1_0_1,33.840436093330155
520,423,False,road_0_1_0_1,223.02854980723492
520,402,False,road_0_1_0_1,482.0234407060922
520,387,False,road_0_1_0_1,580.2946966437646
520,394,False,road_0_1_0_1,597.1621843781483
520,391,False,road_0_1_0_1,614.2207975559796
520,fake_intersection_1_1_S_1_6186,True,road_0_1_0_1,629.12
520,fake_intersection_1_1_S_1_6187,True,road_0_1_0_1,630.12
520,375,False,road_0_1_0_1,630.9094125310497
520,435,False,road_0_2_0_0,105.78703000738066
520,421,False,road_0_2_0_0,228.9793723380957
520,408,False,road_0_2_0_0,381.06253910439386
520,396,False,road_0_2_0_0,533.8307086383586
520,fake_intersection_1_2_S_1_6202,True,road_0_2_0_1,629.12
520,fake_intersection_1_2_S_1_6203,True,road_0_2_0_1,630.12
520,384,False,road_0_2_0_1,730.783162786487
520,345,False,road_0_2_0_1,747.8936793671674
520,333,False,road_0_2_0_1,755.3946891133974
520,284,False,road_0_2_0_1,762.8957799688859
520,270,False,road_0_2_0_1,770.3968579291762
520,245,False,road_0_2_0_1,777.8978611463334
520,235,False,road_0_2_0_1,785.3989547030759
520,fake_intersection_1_2_S_2_6204,True,road_0_2_0_2,629.12
520,fake_intersection_1_2_S_2_6205,True,road_0_2_0_2,630.12
520,257,False,road_0_2_0_2,785.3989629789191
520,fake_intersection_1_3_S_1_6212,True,road_0_3_0_1,629.12
520,fake_intersection_1_3_S_1_6213,True,road_0_3_0_1,630.12
520,438,False,road_0_4_0_0,53.2259310591606
520,404,False,road_0_4_0_0,485.32256162536413
520,400,False,road_0_4_0_0,505.9343669562127
520,374,False,road_0_4_0_0,767.5785874750724
520,437,False,road_0_4_0_1,82.94958747961353
520,431,False,road_0_4_0_1,108.92383393731713
520,425,False,road_0_4_0_1,163.99908849610307
520,420,False,road_0_4_0_1,221.22152311912964
520,417,False,road_0_4_0_1,302.59046032748523
520,411,False,road_0_4_0_1,321.09880663379477
520,407,False,road_0_4_0_1,338.7474502521484
520,393,False,road_0_4_0_1,395.34496519280765
520,389,False,road_0_4_0_1,402.8461383306673
520,386,False,road_0_4_0_1,410.3471580833215
520,380,False,road_0_4_0_1,417.8482519791464
520,377,False,road_0_4_0_1,425.34927774819135
520,365,False,road_0_4_0_1,432.85031069062677
520,362,False,road_0_4_0_1,440.3513431378377
520,357,False,road_0_4_0_1,447.8524398532754
520,350,False,road_0_4_0_1,455.35347523314516
520,344,False,road_0_4_0_1,462.85455903699386
520,335,False,road_0_4_0_1,470.35558509249853
520,328,False,road_0_4_0_1,477.8565904880875
520,324,False,road_0_4_0_1,485.3576006682722
520,311,False,road_0_4_0_1,492.85864943393017
520,301,False,road_0_4_0_1,500.3596719224619
520,296,False,road_0_4_0_1,507.8607490382832
520,281,False,road_0_4_0_1,515.3619953002014
520,278,False,road_0_4_0_1,522.8639563322325
520,269,False,road_0_4_0_1,530.3700214104852
520,259,False,road_0_4_0_1,537.8925810915233
520,265,False,road_0_4_0_1,545.5496875076594
520,254,False,road_0_4_0_1,553.2214536642056
520,251,False,road_0_4_0_1,561.1798893364153
520,237,False,road_0_4_0_1,569.4898305935518
520,233,False,road_0_4_0_1,577.8764795755781
520,231,False,road_0_4_0_1,586.5238543909167
520,226,False,road_0_4_0_1,595.2045163227394
520,223,False,road_0_4_0_1,603.8478876077958
520,211,False,road_0_4_0_1,612.3179038950603
520,199,False,road_0_4_0_1,620.016177266943
520,205,False,road_0_4_0_1,627.7493127896283
520,202,False,road_0_4_0_1,635.3147089477709
520,194,False,road_0_4_0_1,642.8532631270061
520,191,False,road_0_4_0_1,650.372942488376
520,188,False,road_0_4_0_1,657.8791240218287
520,182,False,road_0_4_0_1,665.3819045433532
520,176,False,road_0_4_0_1,672.8832468556764
520,168,False,road_0_4_0_1,680.3843651762504
520,160,False,road_0_4_0_1,687.8853953885979
520,144,False,road_0_4_0_1,695.3863993770053
520,153,False,road_0_4_0_1,702.8874951501418
520,150,False,road_0_4_0_1,710.3884963287783
520,136,False,road_0_4_0_1,717.8895413058523
520,134,False,road_0_4_0_1,725.3906108836395
520,124,False,road_0_4_0_1,732.8917025785581
520,122,False,road_0_4_0_1,740.3927333846185
520,110,False,road_0_4_0_1,747.8937453279347
520,104,False,road_0_4_0_1,755.3948245181624
520,108,False,road_0_4_0_1,762.8958479974048
520,101,False,road_0_4_0_1,770.3968757792886
520,96,False,road_0_4_0_1,777.897975934924
520,88,False,road_0_4_0_1,785.3989828356193
520,213,False,road_0_4_0_2,732.8917321253386
520,195,False,road_0_4_0_2,740.3927709707751
520,164,False,road_0_4_0_2,747.8937941740246
520,130,False,road_0_4_0_2,755.3948005896773
520,115,False,road_0_4_0_2,762.895824550185
520,118,False,road_0_4_0_2,770.3968643742542
520,93,False,road_0_4_0_2,777.8978932754937
520,69,False,road_0_4_0_2,785.3989879656378
520,428,False,road_1_0_1_0,137.32756467845053
520,414,False,road_1_0_1_0,341.4492122874287
520,398,False,road_1_0_1_1,480.38451237366803
520,366,False,road_1_0_1_1,487.8855212216343
520,338,False,road_1_0_1_1,495.3865315562956
520,322,False,road_1_0_1_1,502.8875966179961
520,305,False,road_1_0_1_1,510.38865326187357
520,291,False,road_1_0_1_1,517.8896536068149
520,275,False,road_1_0_1_1,525.3906647543819
520,203,False,road_1_0_1_1,532.8917586810945
520,185,False,road_1_0_1_1,540.3928497049037
520,165,False,road_1_0_1_1,547.8938894346898
520,132,False,road_1_0_1_1,555.3949439234823
520,111,False,road_1_0_1_1,562.8959783957997
520,77,False,road_1_0_1_1,570.3969840486556
520,57,False,road_1_0_1_1,577.897986719655
520,21,False,road_1_0_1_1,585.3989910327766
520,381,False,road_1_0_1_2,577.8979180440788
520,247,False,road_1_0_1_2,585.3989791711863
520,347,False,road_1_1_0_0,84.96899750211867
520,351,False,road_1_1_0_0,236.48384629246937
520,326,False,road_1_1_0_0,440.32181104748463
520,331,False,road_1_1_0_0,469.86585211067984
520,363,False,road_1_1_0_1,9.320498699088263
520,370,False,road_1_1_0_1,94.24021523735391
520,354,False,road_1_1_0_1,204.20527534521216
520,336,False,road_1_1_0_1,516.625456468593
520,fake_intersection_2_1_S_1_6222,True,road_1_1_0_1,618.24
520,fake_intersection_2_1_S_1_6223,True,road_1_1_0_1,619.24
520,358,False,road_1_1_0_2,206.39635551153012
520,fake_intersection_2_1_S_2_6224,True,road_1_1_0_2,618.24
520,fake_intersection_2_1_S_2_6225,True,road_1_1_0_2,619.24
520,fake_intersection_1_2_W_1_6198,True,road_1_1_1_1,458.24
520,fake_intersection_1_2_W_1_6199,True,road_1_1_1_1,459.24
520,fake_intersection_1_2_W_2_6200,True,road_1_1_1_2,458.24
520,fake_intersection_1_2_W_2_6201,True,road_1_1_1_2,459.24
520,297,False,road_1_1_2_0,214.80453859030453
520,320,False,road_1_1_2_1,217.85575937718005
520,342,False,road_1_1_3_0,353.1687615311713
520,fake_intersection_2_2_S_1_6230,True,road_1_2_0_1,618.24
520,fake_intersection_2_2_S_1_6231,True,road_1_2_0_1,619.24
520,263,False,road_1_2_0_2,592.6426862116357
520,fake_intersection_2_2_S_2_6232,True,road_1_2_0_2,618.24
520,fake_intersection_2_2_S_2_6233,True,road_1_2_0_2,619.24
520,255,False,road_1_2_1_0,90.3580987536816
520,5,False,road_1_2_1_0,325.4594746261188
520,90,False,road_1_2_1_1,315.2164738448981
520,32,False,road_1_2_1_1,414.0365817045892
520,fake_intersection_1_3_W_1_6210,True,road_1_2_1_1,458.24
520,fake_intersection_1_3_W_1_6211,True,road_1_2_1_1,459.24
520,4,False,road_1_2_1_1,571.7989320868487
520,360,False,road_1_2_3_0,352.5740920251137
520,372,False,road_1_2_3_1,30.803687880249463
520,309,False,road_1_2_3_1,564.2978863470603
520,179,False,road_1_2_3_1,571.7989029790325
520,fake_intersection_1_1_E_2_6184,True,road_1_2_3_2,458.24
520,fake_intersection_1_1_E_2_6185,True,road_1_2_3_2,459.24
520,fake_intersection_2_3_S_1_6238,True,road_1_3_0_1,618.24
520,fake_intersection_2_3_S_1_6239,True,road_1_3_0_1,619.24
520,fake_intersection_2_3_S_2_6240,True,road_1_3_0_2,618.24
520,fake_intersection_2_3_S_2_6241,True,road_1_3_0_2,619.24
520,fake_intersection_1_4_W_1_6220,True,road_1_3_1_1,458.24
520,fake_intersection_1_4_W_1_6221,True,road_1_3_1_1,459.24
520,276,False,road_1_3_2_0,469.86809981117136
520,128,False,road_1_3_2_0,538.9264991218693
520,27,False,road_1_3_3_0,479.88312735522686
520,fake_intersection_1_2_E_1_6190,True,road_1_3_3_1,458.24
520,fake_intersection_1_2_E_1_6191,True,road_1_3_3_1,459.24
520,fake_intersection_1_2_E_2_6192,True,road_1_3_3_2,458.24
520,fake_intersection_1_2_E_2_6193,True,road_1_3_3_2,459.24
520,67,False,road_1_4_0_0,390.1585891508332
520,85,False,road_1_4_0_1,369.98765470813794
520,fake_intersection_2_4_S_1_6252,True,road_1_4_0_1,618.24
520,fake_intersection_2_4_S_1_6253,True,road_1_4_0_1,619.24
520,352,False,road_1_4_3_0,404.902244745813
520,330,False,road_1_4_3_0,429.1012751775475
520,356,False,road_1_4_3_1,162.2976155919203
520,341,False,road_1_4_3_1,180.1153252628333
520,367,False,road_1_4_3_1,250.07077158726415
520,323,False,road_1_4_3_1,369.22034063036443
520,314,False,road_1_4_3_1,376.7574204529923
520,302,False,road_1_4_3_1,384.26633800631754
520,290,False,road_1_4_3_1,391.77084254176697
520,286,False,road_1_4_3_1,399.2745367001189
520,274,False,road_1_4_3_1,406.77613877945026
520,306,False,road_1_4_3_1,414.2771939755701
520,292,False,road_1_4_3_1,421.7782492654805
520,249,False,road_1_4_3_1,429.2792563508363
520,222,False,road_1_4_3_1,436.7802897864912
520,227,False,road_1_4_3_1,444.2813089445872
520,217,False,road_1_4_3_1,451.7823333503666
520,215,False,road_1_4_3_1,459.28339961445784
520,172,False,road_1_4_3_1,466.78447496306023
520,173,False,road_1_4_3_1,474.2854934147547
520,162,False,road_1_4_3_1,481.78674471447755
520,166,False,road_1_4_3_1,489.28781430553244
520,142,False,road_1_4_3_1,496.7888159579553
520,127,False,road_1_4_3_1,504.2898189538043
520,140,False,road_1_4_3_1,511.79085028794833
520,133,False,road_1_4_3_1,519.2918638830749
520,102,False,road_1_4_3_1,526.7929390470626
520,41,False,road_1_4_3_1,534.2939453519598
520,6,False,road_1_4_3_1,541.7949689842271
520,80,False,road_1_4_3_1,549.2959866355058
520,79,False,road_1_4_3_1,556.7969877053157
520,56,False,road_1_4_3_1,564.2979905379563
520,23,False,road_1_4_3_1,571.798997407685
520,339,False,road_1_4_3_2,556.7968674900659
520,183,False,road_1_4_3_2,564.2979237736337
520,22,False,road_1_4_3_2,571.7989561486653
520,382,False,road_1_5_3_0,581.4150727371486
520,429,False,road_1_5_3_1,201.51565725877933
520,415,False,road_1_5_3_1,361.18415239891254
520,fake_intersection_1_4_E_1_6214,True,road_1_5_3_1,469.12
520,fake_intersection_1_4_E_1_6215,True,road_1_5_3_1,470.12
520,399,False,road_1_5_3_1,555.4579939452187
520,312,False,road_2_1_0_0,101.4415123579954
520,282,False,road_2_1_0_0,138.69571279457705
520,260,False,road_2_1_0_0,161.89305895083425
520,279,False,road_2_1_0_0,190.46624350156043
520,252,False,road_2_1_0_0,588.0578886990262
520,299,False,road_2_1_0_1,209.08295663060272
520,fake_intersection_3_1_S_1_6256,True,road_2_1_0_1,618.24
520,fake_intersection_3_1_S_1_6257,True,road_2_1_0_1,619.24
520,fake_intersection_1_1_N_1_6188,True,road_2_1_2_1,618.24
520,fake_intersection_1_1_N_1_6189,True,road_2_1_2_1,619.24
520,318,False,road_2_1_3_0,12.810422962618771
520,315,False,road_2_1_3_0,35.54881383170276
520,303,False,road_2_1_3_0,65.9262958539681
520,294,False,road_2_1_3_0,205.87314370834252
520,fake_intersection_3_2_S_1_6258,True,road_2_2_0_1,618.24
520,fake_intersection_3_2_S_1_6259,True,road_2_2_0_1,619.24
520,fake_intersection_3_2_S_2_6260,True,road_2_2_0_2,618.24
520,fake_intersection_3_2_S_2_6261,True,road_2_2_0_2,619.24
520,fake_intersection_2_3_W_1_6246,True,road_2_2_1_1,458.24
520,fake_intersection_2_3_W_1_6247,True,road_2_2_1_1,459.24
520,152,False,road_2_2_1_1,549.2959184635042
520,91,False,road_2_2_1_1,556.7969426073587
520,120,False,road_2_2_1_1,564.2979433006939
520,33,False,road_2_2_1_1,571.7989512852479
520,fake_intersection_2_3_W_2_6248,True,road_2_2_1_2,458.24
520,fake_intersection_2_3_W_2_6249,True,road_2_2_1_2,459.24
520,fake_intersection_1_2_N_1_6194,True,road_2_2_2_1,618.24
520,fake_intersection_1_2_N_1_6195,True,road_2_2_2_1,619.24
520,63,False,road_2_2_2_1,771.7989637820486
520,fake_intersection_1_2_N_2_6196,True,road_2_2_2_2,618.24
520,fake_intersection_1_2_N_2_6197,True,road_2_2_2_2,619.24
520,151,False,road_2_2_3_1,571.7989417208323
520,13,False,road_2_3_0_0,241.8754405166349
520,19,False,road_2_3_0_1,205.000989325904
520,121,False,road_2_3_0_2,771.7989979218108
520,198,False,road_2_3_2_0,614.8442080360131
520,229,False,road_2_3_2_1,6.743956125436153
520,fake_intersection_1_3_N_1_6206,True,road_2_3_2_1,618.24
520,fake_intersection_1_3_N_1_6207,True,road_2_3_2_1,619.24
520,fake_intersection_1_3_N_2_6208,True,road_2_3_2_2,618.24
520,fake_intersection_1_3_N_2_6209,True,road_2_3_2_2,619.24
520,35,False,road_2_3_2_2,771.7989851420144
520,fake_intersection_3_4_S_1_6292,True,road_2_4_0_1,618.24
520,fake_intersection_3_4_S_1_6293,True,road_2_4_0_1,619.24
520,64,False,road_2_4_0_1,771.7989491181652
520,fake_intersection_3_4_S_2_6294,True,road_2_4_0_2,618.24
520,fake_intersection_3_4_S_2_6295,True,road_2_4_0_2,619.24
520,83,False,road_2_4_0_2,771.7989933468588
520,fake_intersection_1_4_N_1_6216,True,road_2_4_2_1,618.24
520,fake_intersection_1_4_N_1_6217,True,road_2_4_2_1,619.24
520,fake_intersection_1_4_N_2_6218,True,road_2_4_2_2,618.24
520,fake_intersection_1_4_N_2_6219,True,road_2_4_2_2,619.24
520,fake_intersection_2_3_E_1_6242,True,road_2_4_3_1,458.24
520,fake_intersection_2_3_E_1_6243,True,road_2_4_3_1,459.24
520,39,False,road_2_4_3_1,564.2978546503266
520,61,False,road_2_4_3_1,571.7989518358123
520,fake_intersection_2_3_E_2_6244,True,road_2_4_3_2,458.24
520,fake_intersection_2_3_E_2_6245,True,road_2_4_3_2,459.24
520,72,False,road_2_4_3_2,571.7989001196707
520,224,False,road_3_1_0_0,119.2285311399623
520,200,False,road_3_1_0_0,249.71227624968193
520,239,False,road_3_1_0_0,374.859194360529
520,210,False,road_3_1_0_0,421.19192496700657
520,175,False,road_3_1_0_0,441.10615352855183
520,184,False,road_3_1_0_1,432.4600165565143
520,fake_intersection_4_1_S_1_6300,True,road_3_1_0_1,618.24
520,fake_intersection_4_1_S_1_6301,True,road_3_1_0_1,619.24
520,fake_intersection_4_1_S_2_6302,True,road_3_1_0_2,618.24
520,fake_intersection_4_1_S_2_6303,True,road_3_1_0_2,619.24
520,143,False,road_3_1_0_2,771.7989882056197
520,fake_intersection_3_2_W_1_6268,True,road_3_1_1_1,458.24
520,fake_intersection_3_2_W_1_6269,True,road_3_1_1_1,459.24
520,59,False,road_3_1_1_1,571.7989866918637
520,fake_intersection_3_2_W_2_6270,True,road_3_1_1_2,458.24
520,fake_intersection_3_2_W_2_6271,True,road_3_1_1_2,459.24
520,14,False,road_3_1_2_1,722.6806987119419
520,207,False,road_3_2_0_0,216.4100447227871
520,50,False,road_3_2_0_0,338.46124920583367
520,fake_intersection_4_2_S_1_6308,True,road_3_2_0_1,618.24
520,fake_intersection_4_2_S_1_6309,True,road_3_2_0_1,619.24
520,fake_intersection_4_2_S_2_6310,True,road_3_2_0_2,618.24
520,fake_intersection_4_2_S_2_6311,True,road_3_2_0_2,619.24
520,271,False,road_3_2_1_0,106.66953299547058
520,285,False,road_3_2_1_0,271.60910872425586
520,fake_intersection_3_3_W_1_6278,True,road_3_2_1_1,458.24
520,fake_intersection_3_3_W_1_6279,True,road_3_2_1_1,459.24
520,236,False,road_3_2_1_1,571.7989155687762
520,fake_intersection_2_2_N_1_6226,True,road_3_2_2_1,618.24
520,fake_intersection_2_2_N_1_6227,True,road_3_2_2_1,619.24
520,fake_intersection_2_2_N_2_6228,True,road_3_2_2_2,618.24
520,fake_intersection_2_2_N_2_6229,True,road_3_2_2_2,619.24
520,fake_intersection_4_3_S_1_6322,True,road_3_3_0_1,618.24
520,fake_intersection_4_3_S_1_6323,True,road_3_3_0_1,619.24
520,fake_intersection_3_4_W_1_6288,True,road_3_3_1_1,458.24
520,fake_intersection_3_4_W_1_6289,True,road_3_3_1_1,459.24
520,fake_intersection_3_4_W_2_6290,True,road_3_3_1_2,458.24
520,fake_intersection_3_4_W_2_6291,True,road_3_3_1_2,459.24
520,293,False,road_3_3_2_0,401.477023019084
520,186,False,road_3_3_2_0,465.1881344796116
520,250,False,road_3_3_2_0,512.2217510199284
520,241,False,road_3_3_2_0,713.6433148594457
520,fake_intersection_2_3_N_1_6234,True,road_3_3_2_1,618.24
520,fake_intersection_2_3_N_1_6235,True,road_3_3_2_1,619.24
520,fake_intersection_2_3_N_2_6236,True,road_3_3_2_2,618.24
520,fake_intersection_2_3_N_2_6237,True,road_3_3_2_2,619.24
520,49,False,road_3_3_2_2,764.2979629815909
520,158,False,road_3_3_2_2,771.7989787135056
520,fake_intersection_3_2_E_1_6266,True,road_3_3_3_1,458.24
520,fake_intersection_3_2_E_1_6267,True,road_3_3_3_1,459.24
520,277,False,road_3_4_0_0,137.75947460246306
520,fake_intersection_4_4_S_1_6326,True,road_3_4_0_1,618.24
520,fake_intersection_4_4_S_1_6327,True,road_3_4_0_1,619.24
520,47,False,road_3_4_0_1,741.7948269375124
520,9,False,road_3_4_0_1,749.2958272573236
520,53,False,road_3_4_0_1,756.7968465444304
520,51,False,road_3_4_0_1,764.297883076179
520,37,False,road_3_4_0_1,771.7989017319449
520,190,False,road_3_4_1_0,471.4941379815998
520,212,False,road_3_4_1_0,491.4295186913897
520,fake_intersection_2_4_N_1_6250,True,road_3_4_2_1,618.24
520,fake_intersection_2_4_N_1_6251,True,road_3_4_2_1,619.24
520,30,False,road_3_4_2_2,771.7989155793821
520,fake_intersection_3_3_E_1_6272,True,road_3_4_3_1,458.24
520,fake_intersection_3_3_E_1_6273,True,road_3_4_3_1,459.24
520,17,False,road_3_4_3_1,571.7989103776712
520,fake_intersection_3_4_E_1_6280,True,road_3_5_3_1,469.12
520,fake_intersection_3_4_E_1_6281,True,road_3_5_3_1,470.12
520,fake_intersection_3_4_E_2_6282,True,road_3_5_3_2,469.12
520,fake_intersection_3_4_E_2_6283,True,road_3_5_3_2,470.12
520,432,False,road_4_0_1_0,110.55803045658898
520,410,False,road_4_0_1_0,416.55396647608455
520,390,False,road_4_0_1_1,442.8793291400165
520,369,False,road_4_0_1_1,450.3803523136364
520,349,False,road_4_0_1_1,457.8814245819826
520,329,False,road_4_0_1_1,465.382435939017
520,308,False,road_4_0_1_1,472.88351036982834
520,242,False,road_4_0_1_1,480.38455753970584
520,238,False,road_4_0_1_1,487.8855651452912
520,228,False,road_4_0_1_1,495.38661338524423
520,218,False,road_4_0_1_1,502.8876319246422
520,197,False,road_4_0_1_1,510.38863320897235
520,189,False,road_4_0_1_1,517.8896963306137
520,177,False,road_4_0_1_1,525.3906964045054
520,167,False,road_4_0_1_1,532.8917442186294
520,157,False,road_4_0_1_1,540.3927921719892
520,126,False,road_4_0_1_1,547.8938143191779
520,105,False,road_4_0_1_1,555.3948370422622
520,74,False,road_4_0_1_1,562.8958804751306
520,54,False,road_4_0_1_1,570.3968991281677
520,34,False,road_4_0_1_1,577.8979626755071
520,24,False,road_4_0_1_1,585.3989709774777
520,137,False,road_4_0_1_2,562.8959172536753
520,116,False,road_4_0_1_2,570.3969448594623
520,97,False,road_4_0_1_2,577.8979548004972
520,45,False,road_4_0_1_2,585.3989571672523
520,161,False,road_4_1_0_0,392.9302763437445
520,fake_intersection_4_2_W_1_6316,True,road_4_1_1_1,458.24
520,fake_intersection_4_2_W_1_6317,True,road_4_1_1_1,459.24
520,fake_intersection_4_2_W_2_6318,True,road_4_1_1_2,458.24
520,fake_intersection_4_2_W_2_6319,True,road_4_1_1_2,459.24
520,fake_intersection_3_1_N_1_6254,True,road_4_1_2_1,618.24
520,fake_intersection_3_1_N_1_6255,True,road_4_1_2_1,619.24
520,148,False,road_4_1_3_0,383.3223533774292
520,44,False,road_4_2_0_0,174.6817799022384
520,82,False,road_4_2_0_0,663.0594567645321
520,361,False,road_4_2_1_0,117.12319962123145
520,321,False,road_4_2_1_0,417.2115621411305
520,208,False,road_4_2_1_1,571.7989408224968
520,346,False,road_4_2_2_0,437.13579791806006
520,334,False,road_4_2_2_0,697.543190230093
520,310,False,road_4_2_2_1,580.4101576593536
520,fake_intersection_3_2_N_1_6262,True,road_4_2_2_1,618.24
520,fake_intersection_3_2_N_1_6263,True,road_4_2_2_1,619.24
520,298,False,road_4_2_2_1,764.2979317567153
520,246,False,road_4_2_2_1,771.7989955733436
520,fake_intersection_3_2_N_2_6264,True,road_4_2_2_2,618.24
520,fake_intersection_3_2_N_2_6265,True,road_4_2_2_2,619.24
520,123,False,road_4_2_3_0,61.51428888088905
520,fake_intersection_4_1_E_1_6296,True,road_4_2_3_1,458.24
520,fake_intersection_4_1_E_1_6297,True,road_4_2_3_1,459.24
520,353,False,road_4_3_1_0,276.2793219905905
520,340,False,road_4_3_1_0,553.1330258798148
520,fake_intersection_4_4_W_1_6328,True,road_4_3_1_1,458.24
520,fake_intersection_4_4_W_1_6329,True,road_4_3_1_1,459.24
520,368,False,road_4_3_2_0,193.41102171926585
520,fake_intersection_3_3_N_1_6274,True,road_4_3_2_1,618.24
520,fake_intersection_3_3_N_1_6275,True,road_4_3_2_1,619.24
520,fake_intersection_3_3_N_2_6276,True,road_4_3_2_2,618.24
520,fake_intersection_3_3_N_2_6277,True,road_4_3_2_2,619.24
520,180,False,road_4_3_3_1,425.12351800462665
520,fake_intersection_4_2_E_1_6304,True,road_4_3_3_1,458.24
520,fake_intersection_4_2_E_1_6305,True,road_4_3_3_1,459.24
520,117,False,road_4_3_3_1,564.2978363232143
520,107,False,road_4_3_3_1,571.7989339901593
520,fake_intersection_4_2_E_2_6306,True,road_4_3_3_2,458.24
520,fake_intersection_4_2_E_2_6307,True,road_4_3_3_2,459.24
520,307,False,road_4_4_1_0,152.55119613457632
520,355,False,road_4_4_1_0,261.9200413214902
520,332,False,road_4_4_1_0,493.8329002281165
520,fake_intersection_3_4_N_1_6284,True,road_4_4_2_1,618.24
520,fake_intersection_3_4_N_1_6285,True,road_4_4_2_1,619.24
520,163,False,road_4_4_2_1,734.2937900616366
520,131,False,road_4_4_2_1,741.7948879583921
520,119,False,road_4_4_2_1,749.2958964981461
520,92,False,road_4_4_2_1,756.7969342743186
520,109,False,road_4_4_2_1,764.2979723922394
520,103,False,road_4_4_2_1,771.7989727513682
520,fake_intersection_3_4_N_2_6286,True,road_4_4_2_2,618.24
520,fake_intersection_3_4_N_2_6287,True,road_4_4_2_2,619.24
520,81,False,road_4_4_2_2,771.7989874836612
520,fake_intersection_4_1_N_1_6298,True,road_5_1_2_1,629.12
520,fake_intersection_4_1_N_1_6299,True,road_5_1_2_1,630.12
520,436,False,road_5_2_2_0,88.58628412267237
520,422,False,road_5_2_2_0,237.21113996133695
520,409,False,road_5_2_2_0,392.2671262594
520,385,False,road_5_2_2_0,727.4376904228234
520,397,False,road_5_2_2_1,605.7752235870907
520,fake_intersection_4_2_N_1_6312,True,road_5_2_2_1,629.12
520,fake_intersection_4_2_N_1_6313,True,road_5_2_2_1,630.12
520,fake_intersection_4_2_N_2_6314,True,road_5_2_2_2,629.12
520,fake_intersection_4_2_N_2_6315,True,road_5_2_2_2,630.12
520,373,False,road_5_2_2_2,729.6102271531611
520,258,False,road_5_2_2_2,785.3989721904102
520,430,False,road_5_3_2_0,213.69257790777755
520,416,False,road_5_3_2_0,382.52797340914634
520,401,False,road_5_3_2_1,534.4721813279303
520,fake_intersection_4_3_N_1_6320,True,road_5_3_2_1,629.12
520,fake_intersection_4_3_N_1_6321,True,road_5_3_2_1,630.12
520,325,False,road_5_3_2_2,785.3989500010405
520,427,False,road_5_4_2_0,147.20546516893825
520,424,False,road_5_4_2_0,215.50557977774355
520,413,False,road_5_4_2_0,276.0595995327404
520,406,False,road_5_4_2_0,394.742507867284
520,392,False,road_5_4_2_0,588.9270246345114
520,379,False,road_5_4_2_0,606.6911860226141
520,440,False,road_5_4_2_1,20.88270544125753
520,434,False,road_5_4_2_1,62.73846974284783
520,419,False,road_5_4_2_1,287.3305038098076
520,403,False,road_5_4_2_1,509.3783482099461
520,395,False,road_5_4_2_1,601.2167436028025
520,388,False,road_5_4_2_1,620.3757463413459
520,376,False,road_5_4_2_1,627.8767956119979
520,371,False,road_5_4_2_1,635.3778255001266
520,359,False,road_5_4_2_1,642.8788824559869
520,343,False,road_5_4_2_1,650.379889234652
520,348,False,road_5_4_2_1,657.8809643960758
520,337,False,road_5_4_2_1,665.3819984070273
520,327,False,road_5_4_2_1,672.8830631511408
520,319,False,road_5_4_2_1,680.3841184042726
520,313,False,road_5_4_2_1,687.8851643788727
520,304,False,road_5_4_2_1,695.3862195297096
520,283,False,road_5_4_2_1,702.8873039076007
520,280,False,road_5_4_2_1,710.3883196340677
520,268,False,road_5_4_2_1,717.8894167205933
520,256,False,road_5_4_2_1,725.390421227733
520,253,False,road_5_4_2_1,732.891462598536
520,244,False,road_5_4_2_1,740.3924982110943
520,234,False,road_5_4_2_1,747.8935625359286
520,230,False,road_5_4_2_1,755.394587830096
520,206,False,road_5_4_2_1,762.8956213105093
520,187,False,road_5_4_2_1,770.3967137256591
520,174,False,road_5_4_2_1,777.8978116531808
520,171,False,road_5_4_2_1,785.3989081225037
520,fake_intersection_4_4_N_2_6324,True,road_5_4_2_2,629.12
520,fake_intersection_4_4_N_2_6325,True,road_5_4_2_2,630.12
520,364,False,road_5_4_2_2,762.8958658680856
520,316,False,road_5_4_2_2,770.3968690758595
520,181,False,road_5_4_2_2,777.8978722616686
520,146,False,road_5_4_2_2,785.3989106336303
530,298,False,:intersection_3_2_12_1,7.6047351129562815
530,445,False,road_0_1_0_0,77.1120109693239
530,439,False,road_0_1_0_0,130.63325624986734
530,433,False,road_0_1_0_0,214.3049047857059
530,426,False,road_0_1_0_0,283.1165327633803
530,418,False,road_0_1_0_0,360.4755104511416
530,412,False,road_0_1_0_0,442.7039359621781
530,378,False,road_0_1_0_0,766.1481176837324
530,450,False,road_0_1_0_1,15.799133176663002
530,423,False,road_0_1_0_1,325.9120969948882
530,405,False,road_0_1_0_1,490.270523005585
530,fake_intersection_1_1_S_1_6334,True,road_0_1_0_1,629.12
530,fake_intersection_1_1_S_1_6335,True,road_0_1_0_1,630.12
530,387,False,road_0_1_0_1,661.9843135882917
530,394,False,road_0_1_0_1,679.4775906737013
530,391,False,road_0_1_0_1,696.1449818708511
530,375,False,road_0_1_0_1,713.9697730703346
530,402,False,road_0_1_0_2,588.7758571175203
530,447,False,road_0_2_0_0,68.25381512861084
530,435,False,road_0_2_0_0,217.10984443685717
530,421,False,road_0_2_0_0,341.1870846245049
530,396,False,road_0_2_0_0,636.0197168096821
530,408,False,road_0_2_0_1,488.3968846027372
530,fake_intersection_1_2_S_1_6348,True,road_0_2_0_1,629.12
530,fake_intersection_1_2_S_1_6349,True,road_0_2_0_1,630.12
530,384,False,road_0_2_0_1,740.3925757649105
530,345,False,road_0_2_0_1,747.8936793671674
530,333,False,road_0_2_0_1,755.3946891133974
530,284,False,road_0_2_0_1,762.8957799688859
530,270,False,road_0_2_0_1,770.3968579291762
530,245,False,road_0_2_0_1,777.8978611463334
530,235,False,road_0_2_0_1,785.3989547030759
530,fake_intersection_1_2_S_2_6350,True,road_0_2_0_2,629.12
530,fake_intersection_1_2_S_2_6351,True,road_0_2_0_2,630.12
530,257,False,road_0_2_0_2,785.3989629789191
530,441,False,road_0_4_0_0,75.54747985493972
530,438,False,road_0_4_0_0,176.16648303138408
530,404,False,road_0_4_0_0,586.4872583816073
530,400,False,road_0_4_0_0,606.3211184757864
530,449,False,road_0_4_0_1,30.697752982245838
530,437,False,road_0_4_0_1,178.57464546384406
530,431,False,road_0_4_0_1,194.85142062847132
530,425,False,road_0_4_0_1,254.23684207148597
530,420,False,road_0_4_0_1,319.25937338509743
530,417,False,road_0_4_0_1,372.1430674949303
530,411,False,road_0_4_0_1,380.22416193040976
530,407,False,road_0_4_0_1,387.8431233055457
530,393,False,road_0_4_0_1,395.3450933069462
530,389,False,road_0_4_0_1,402.8461383306673
530,386,False,road_0_4_0_1,410.3471580833215
530,380,False,road_0_4_0_1,417.8482519791464
530,377,False,road_0_4_0_1,425.34927774819135
530,365,False,road_0_4_0_1,432.85031069062677
530,362,False,road_0_4_0_1,440.3513431378377
530,357,False,road_0_4_0_1,447.85265558000293
530,350,False,road_0_4_0_1,455.3540057463583
530,344,False,road_0_4_0_1,462.8567711344453
530,335,False,road_0_4_0_1,470.370740597625
530,328,False,road_0_4_0_1,477.9601351427459
530,324,False,road_0_4_0_1,485.55390715111514
530,311,False,road_0_4_0_1,493.28297629190837
530,301,False,road_0_4_0_1,501.03108367001107
530,296,False,road_0_4_0_1,509.1189352712973
530,281,False,road_0_4_0_1,517.464790970041
530,278,False,road_0_4_0_1,526.8861658956743
530,269,False,road_0_4_0_1,535.0720488898493
530,259,False,road_0_4_0_1,543.199348118827
530,265,False,road_0_4_0_1,551.6039539430426
530,254,False,road_0_4_0_1,559.6119229990155
530,251,False,road_0_4_0_1,567.5304101940397
530,237,False,road_0_4_0_1,575.2776956610445
530,233,False,road_0_4_0_1,582.796258149856
530,231,False,road_0_4_0_1,590.3362015850587
530,226,False,road_0_4_0_1,597.8593111569407
530,223,False,road_0_4_0_1,605.3715657491424
530,211,False,road_0_4_0_1,612.8741997587534
530,199,False,road_0_4_0_1,620.3758727889305
530,205,False,road_0_4_0_1,627.8769515744464
530,202,False,road_0_4_0_1,635.3779725018989
530,194,False,road_0_4_0_1,642.8790347477099
530,191,False,road_0_4_0_1,650.3800561784313
530,188,False,road_0_4_0_1,657.8813005475105
530,182,False,road_0_4_0_1,665.3823580846331
530,176,False,road_0_4_0_1,672.8833628860575
530,168,False,road_0_4_0_1,680.3843651762504
530,160,False,road_0_4_0_1,687.8853953885979
530,144,False,road_0_4_0_1,695.3863993770053
530,153,False,road_0_4_0_1,702.8874951501418
530,150,False,road_0_4_0_1,710.3884963287783
530,136,False,road_0_4_0_1,717.8895413058523
530,134,False,road_0_4_0_1,725.3906108836395
530,124,False,road_0_4_0_1,732.8917025785581
530,122,False,road_0_4_0_1,740.3927333846185
530,110,False,road_0_4_0_1,747.8937453279347
530,104,False,road_0_4_0_1,755.3948245181624
530,108,False,road_0_4_0_1,762.8958479974048
530,101,False,road_0_4_0_1,770.3968757792886
530,96,False,road_0_4_0_1,777.897975934924
530,88,False,road_0_4_0_1,785.3989828356193
530,213,False,road_0_4_0_2,732.8917321253386
530,195,False,road_0_4_0_2,740.3927709707751
530,164,False,road_0_4_0_2,747.8937941740246
530,130,False,road_0_4_0_2,755.3948005896773
530,115,False,road_0_4_0_2,762.895824550185
530,118,False,road_0_4_0_2,770.3968643742542
530,93,False,road_0_4_0_2,777.8978932754937
530,69,False,road_0_4_0_2,785.3989879656378
530,414,False,road_1_0_1_0,445.2972925482674
530,442,False,road_1_0_1_1,68.69813413293288
530,428,False,road_1_0_1_1,236.9060404017626
530,398,False,road_1_0_1_1,480.38451237366803
530,366,False,road_1_0_1_1,487.8855212216343
530,338,False,road_1_0_1_1,495.3865315562956
530,322,False,road_1_0_1_1,502.8875966179961
530,305,False,road_1_0_1_1,510.38865326187357
530,291,False,road_1_0_1_1,517.8896536068149
530,275,False,road_1_0_1_1,525.3906647543819
530,203,False,road_1_0_1_1,532.8917586810945
530,185,False,road_1_0_1_1,540.3928497049037
530,165,False,road_1_0_1_1,547.8938894346898
530,132,False,road_1_0_1_1,555.3949439234823
530,111,False,road_1_0_1_1,562.8959783957997
530,77,False,road_1_0_1_1,570.3969840486556
530,57,False,road_1_0_1_1,577.897986719655
530,21,False,road_1_0_1_1,585.3989910327766
530,381,False,road_1_0_1_2,577.8979180440788
530,247,False,road_1_0_1_2,585.3989791711863
530,363,False,road_1_1_0_0,102.20867947946599
530,347,False,road_1_1_0_0,167.73132360630407
530,351,False,road_1_1_0_0,321.20842220347134
530,326,False,road_1_1_0_0,534.0000967657218
530,370,False,road_1_1_0_1,210.3693126507596
530,354,False,road_1_1_0_1,306.4147889641925
530,331,False,road_1_1_0_1,577.1522183183214
530,336,False,road_1_1_0_1,639.6527028130333
530,358,False,road_1_1_0_2,320.6105820313974
530,fake_intersection_1_2_W_1_6344,True,road_1_1_1_1,458.24
530,fake_intersection_1_2_W_1_6345,True,road_1_1_1_1,459.24
530,fake_intersection_1_2_W_2_6346,True,road_1_1_1_2,458.24
530,fake_intersection_1_2_W_2_6347,True,road_1_1_1_2,459.24
530,297,False,road_1_1_2_0,319.20806814769617
530,320,False,road_1_1_2_0,340.6717317161706
530,342,False,road_1_1_3_0,458.8647454848168
530,fake_intersection_2_2_S_1_6370,True,road_1_2_0_1,618.24
530,fake_intersection_2_2_S_1_6371,True,road_1_2_0_1,619.24
530,fake_intersection_2_2_S_2_6372,True,road_1_2_0_2,618.24
530,fake_intersection_2_2_S_2_6373,True,road_1_2_0_2,619.24
530,263,False,road_1_2_0_2,691.3709749453803
530,255,False,road_1_2_1_0,163.12440889583263
530,90,False,road_1_2_1_1,394.53581636961337
530,5,False,road_1_2_1_1,411.7339717874317
530,fake_intersection_1_3_W_1_6352,True,road_1_2_1_1,458.24
530,fake_intersection_1_3_W_1_6353,True,road_1_2_1_1,459.24
530,32,False,road_1_2_1_1,518.3293377992437
530,4,False,road_1_2_1_1,571.7989320868487
530,372,False,road_1_2_3_0,137.16480348664172
530,360,False,road_1_2_3_0,478.4014148079283
530,309,False,road_1_2_3_1,564.2978863470603
530,179,False,road_1_2_3_1,571.7989029790325
530,fake_intersection_1_1_E_2_6330,True,road_1_2_3_2,458.24
530,fake_intersection_1_1_E_2_6331,True,road_1_2_3_2,459.24
530,fake_intersection_1_4_W_1_6362,True,road_1_3_1_1,458.24
530,fake_intersection_1_4_W_1_6363,True,road_1_3_1_1,459.24
530,317,False,road_1_3_2_0,90.28006867783577
530,276,False,road_1_3_2_0,559.7402621170087
530,128,False,road_1_3_2_0,657.5299995892534
530,27,False,road_1_3_3_0,572.5889391100206
530,fake_intersection_1_2_E_1_6336,True,road_1_3_3_1,458.24
530,fake_intersection_1_2_E_1_6337,True,road_1_3_3_1,459.24
530,fake_intersection_1_2_E_2_6338,True,road_1_3_3_2,458.24
530,fake_intersection_1_2_E_2_6339,True,road_1_3_3_2,459.24
530,67,False,road_1_4_0_0,486.1052094507308
530,85,False,road_1_4_0_1,470.297779892683
530,fake_intersection_2_4_S_1_6382,True,road_1_4_0_1,618.24
530,fake_intersection_2_4_S_1_6383,True,road_1_4_0_1,619.24
530,382,False,road_1_4_2_0,59.44896406347273
530,399,False,road_1_4_3_0,53.61268878101453
530,352,False,road_1_4_3_0,507.27060371233904
530,330,False,road_1_4_3_0,529.1286153358229
530,356,False,road_1_4_3_1,251.57204552302034
530,341,False,road_1_4_3_1,269.587078376127
530,367,False,road_1_4_3_1,354.7336598803492
530,323,False,road_1_4_3_1,369.27096087685635
530,314,False,road_1_4_3_1,376.771978312537
530,302,False,road_1_4_3_1,384.2730517417037
530,290,False,road_1_4_3_1,391.77409969216615
530,286,False,road_1_4_3_1,399.27510150588915
530,274,False,road_1_4_3_1,406.776330644413
530,306,False,road_1_4_3_1,414.2773511878951
530,292,False,road_1_4_3_1,421.77835247663864
530,249,False,road_1_4_3_1,429.27941192061724
530,222,False,road_1_4_3_1,436.7804732321487
530,227,False,road_1_4_3_1,444.2814922386365
530,217,False,road_1_4_3_1,451.7825189090721
530,215,False,road_1_4_3_1,459.283532775298
530,172,False,road_1_4_3_1,466.78463062401477
530,173,False,road_1_4_3_1,474.2857317627724
530,162,False,road_1_4_3_1,481.78674471447755
530,166,False,road_1_4_3_1,489.28781430553244
530,142,False,road_1_4_3_1,496.7888159579553
530,127,False,road_1_4_3_1,504.2898189538043
530,140,False,road_1_4_3_1,511.79085028794833
530,133,False,road_1_4_3_1,519.2918638830749
530,102,False,road_1_4_3_1,526.7929390470626
530,41,False,road_1_4_3_1,534.2939453519598
530,6,False,road_1_4_3_1,541.7949689842271
530,80,False,road_1_4_3_1,549.2959866355058
530,79,False,road_1_4_3_1,556.7969877053157
530,56,False,road_1_4_3_1,564.2979905379563
530,23,False,road_1_4_3_1,571.798997407685
530,374,False,road_1_4_3_2,9.399471068982354
530,339,False,road_1_4_3_2,556.7968674900659
530,183,False,road_1_4_3_2,564.2979237736337
530,22,False,road_1_4_3_2,571.7989561486653
530,443,False,road_1_5_3_1,109.71479601331468
530,429,False,road_1_5_3_1,332.45847879710385
530,fake_intersection_1_4_E_1_6356,True,road_1_5_3_1,469.12
530,fake_intersection_1_4_E_1_6357,True,road_1_5_3_1,470.12
530,415,False,road_1_5_3_1,473.76885449148676
530,260,False,road_2_1_0_0,238.10500593123456
530,279,False,road_2_1_0_0,290.25362080913527
530,299,False,road_2_1_0_0,331.37667094564097
530,252,False,road_2_1_0_0,690.524802924694
530,312,False,road_2_1_0_1,217.5705286252031
530,282,False,road_2_1_0_1,235.60328845343764
530,fake_intersection_3_1_S_1_6386,True,road_2_1_0_1,618.24
530,fake_intersection_3_1_S_1_6387,True,road_2_1_0_1,619.24
530,fake_intersection_1_1_N_1_6332,True,road_2_1_2_1,618.24
530,fake_intersection_1_1_N_1_6333,True,road_2_1_2_1,619.24
530,318,False,road_2_1_3_0,134.63822709906066
530,315,False,road_2_1_3_0,156.06986296260223
530,303,False,road_2_1_3_0,177.25911498967957
530,294,False,road_2_1_3_0,315.928688396167
530,fake_intersection_3_2_S_1_6388,True,road_2_2_0_1,618.24
530,fake_intersection_3_2_S_1_6389,True,road_2_2_0_1,619.24
530,fake_intersection_3_2_S_2_6390,True,road_2_2_0_2,618.24
530,fake_intersection_3_2_S_2_6391,True,road_2_2_0_2,619.24
530,fake_intersection_2_3_W_1_6374,True,road_2_2_1_1,458.24
530,fake_intersection_2_3_W_1_6375,True,road_2_2_1_1,459.24
530,152,False,road_2_2_1_1,549.2959184635042
530,91,False,road_2_2_1_1,556.7969426073587
530,120,False,road_2_2_1_1,564.2979433006939
530,33,False,road_2_2_1_1,571.7989512852479
530,fake_intersection_2_3_W_2_6376,True,road_2_2_1_2,458.24
530,fake_intersection_2_3_W_2_6377,True,road_2_2_1_2,459.24
530,fake_intersection_1_2_N_1_6340,True,road_2_2_2_1,618.24
530,fake_intersection_1_2_N_1_6341,True,road_2_2_2_1,619.24
530,63,False,road_2_2_2_1,771.7989637820486
530,fake_intersection_1_2_N_2_6342,True,road_2_2_2_2,618.24
530,fake_intersection_1_2_N_2_6343,True,road_2_2_2_2,619.24
530,151,False,road_2_2_3_1,571.7989417208323
530,19,False,road_2_3_0_0,327.1412713667016
530,13,False,road_2_3_0_0,359.31459155795415
530,121,False,road_2_3_0_2,771.7989979218108
530,241,False,road_2_3_1_1,23.554759372946194
530,229,False,road_2_3_2_0,110.57749399576849
530,198,False,road_2_3_2_0,726.7888017295127
530,fake_intersection_1_3_N_1_6354,True,road_2_3_2_1,618.24
530,fake_intersection_1_3_N_1_6355,True,road_2_3_2_1,619.24
530,35,False,road_2_3_2_2,771.7989851420144
530,fake_intersection_3_4_S_1_6420,True,road_2_4_0_1,618.24
530,fake_intersection_3_4_S_1_6421,True,road_2_4_0_1,619.24
530,64,False,road_2_4_0_1,771.7989491181652
530,fake_intersection_3_4_S_2_6422,True,road_2_4_0_2,618.24
530,fake_intersection_3_4_S_2_6423,True,road_2_4_0_2,619.24
530,83,False,road_2_4_0_2,771.7989933468588
530,fake_intersection_1_4_N_1_6358,True,road_2_4_2_1,618.24
530,fake_intersection_1_4_N_1_6359,True,road_2_4_2_1,619.24
530,fake_intersection_1_4_N_2_6360,True,road_2_4_2_2,618.24
530,fake_intersection_1_4_N_2_6361,True,road_2_4_2_2,619.24
530,39,False,road_2_4_3_1,564.2978546503266
530,61,False,road_2_4_3_1,571.7989518358123
530,fake_intersection_2_3_E_2_6378,True,road_2_4_3_2,458.24
530,fake_intersection_2_3_E_2_6379,True,road_2_4_3_2,459.24
530,72,False,road_2_4_3_2,571.7989001196707
530,224,False,road_3_1_0_0,224.1880639620354
530,200,False,road_3_1_0_0,347.6068858254699
530,239,False,road_3_1_0_0,494.57184108209304
530,210,False,road_3_1_0_0,517.5782008370289
530,175,False,road_3_1_0_0,536.7370803235629
530,184,False,road_3_1_0_1,533.6953769677237
530,fake_intersection_4_1_S_1_6428,True,road_3_1_0_1,618.24
530,fake_intersection_4_1_S_1_6429,True,road_3_1_0_1,619.24
530,fake_intersection_4_1_S_2_6430,True,road_3_1_0_2,618.24
530,fake_intersection_4_1_S_2_6431,True,road_3_1_0_2,619.24
530,143,False,road_3_1_0_2,771.7989882056197
530,fake_intersection_3_2_W_1_6396,True,road_3_1_1_1,458.24
530,fake_intersection_3_2_W_1_6397,True,road_3_1_1_1,459.24
530,59,False,road_3_1_1_1,571.7989866918637
530,fake_intersection_3_2_W_2_6398,True,road_3_1_1_2,458.24
530,fake_intersection_3_2_W_2_6399,True,road_3_1_1_2,459.24
530,14,False,road_3_1_2_1,771.7988088963732
530,fake_intersection_2_1_N_2_6364,True,road_3_1_2_2,618.24
530,fake_intersection_2_1_N_2_6365,True,road_3_1_2_2,619.24
530,207,False,road_3_2_0_0,317.8431940093546
530,50,False,road_3_2_0_0,425.4669887969482
530,fake_intersection_4_2_S_1_6436,True,road_3_2_0_1,618.24
530,fake_intersection_4_2_S_1_6437,True,road_3_2_0_1,619.24
530,fake_intersection_4_2_S_2_6438,True,road_3_2_0_2,618.24
530,fake_intersection_4_2_S_2_6439,True,road_3_2_0_2,619.24
530,334,False,road_3_2_1_0,24.643534615190788
530,271,False,road_3_2_1_0,195.42722199635546
530,285,False,road_3_2_1_0,382.6442950909601
530,fake_intersection_3_3_W_1_6406,True,road_3_2_1_1,458.24
530,fake_intersection_3_3_W_1_6407,True,road_3_2_1_1,459.24
530,236,False,road_3_2_1_1,571.7989155687762
530,246,False,road_3_2_2_0,0.3780840365075626
530,fake_intersection_2_2_N_1_6366,True,road_3_2_2_1,618.24
530,fake_intersection_2_2_N_1_6367,True,road_3_2_2_1,619.24
530,fake_intersection_2_2_N_2_6368,True,road_3_2_2_2,618.24
530,fake_intersection_2_2_N_2_6369,True,road_3_2_2_2,619.24
530,fake_intersection_4_3_S_1_6448,True,road_3_3_0_1,618.24
530,fake_intersection_4_3_S_1_6449,True,road_3_3_0_1,619.24
530,fake_intersection_4_3_S_2_6450,True,road_3_3_0_2,618.24
530,fake_intersection_4_3_S_2_6451,True,road_3_3_0_2,619.24
530,fake_intersection_3_4_W_1_6416,True,road_3_3_1_1,458.24
530,fake_intersection_3_4_W_1_6417,True,road_3_3_1_1,459.24
530,fake_intersection_3_4_W_2_6418,True,road_3_3_1_2,458.24
530,fake_intersection_3_4_W_2_6419,True,road_3_3_1_2,459.24
530,293,False,road_3_3_2_1,522.3035546162349
530,186,False,road_3_3_2_1,579.0777475689641
530,250,False,road_3_3_2_1,609.5229844230057
530,49,False,road_3_3_2_2,764.2979629815909
530,158,False,road_3_3_2_2,771.7989787135056
530,fake_intersection_3_2_E_1_6394,True,road_3_3_3_1,458.24
530,fake_intersection_3_2_E_1_6395,True,road_3_3_3_1,459.24
530,277,False,road_3_4_0_0,266.85232358939425
530,47,False,road_3_4_0_1,741.7948269375124
530,9,False,road_3_4_0_1,749.2958272573236
530,53,False,road_3_4_0_1,756.7968465444304
530,51,False,road_3_4_0_1,764.297883076179
530,37,False,road_3_4_0_1,771.7989017319449
530,190,False,road_3_4_1_0,562.7227643067486
530,fake_intersection_2_4_N_1_6380,True,road_3_4_2_1,618.24
530,fake_intersection_2_4_N_1_6381,True,road_3_4_2_1,619.24
530,30,False,road_3_4_2_2,771.7989155793821
530,fake_intersection_3_3_E_1_6400,True,road_3_4_3_1,458.24
530,fake_intersection_3_3_E_1_6401,True,road_3_4_3_1,459.24
530,17,False,road_3_4_3_1,571.7989103776712
530,fake_intersection_3_4_E_1_6408,True,road_3_5_3_1,469.12
530,fake_intersection_3_4_E_1_6409,True,road_3_5_3_1,470.12
530,fake_intersection_3_4_E_2_6410,True,road_3_5_3_2,469.12
530,fake_intersection_3_4_E_2_6411,True,road_3_5_3_2,470.12
530,410,False,road_4_0_1_0,533.1444859285662
530,432,False,road_4_0_1_1,220.17671368813438
530,390,False,road_4_0_1_1,442.8793291400165
530,369,False,road_4_0_1_1,450.3803523136364
530,349,False,road_4_0_1_1,457.8814245819826
530,329,False,road_4_0_1_1,465.382435939017
530,308,False,road_4_0_1_1,472.88351036982834
530,242,False,road_4_0_1_1,480.38455753970584
530,238,False,road_4_0_1_1,487.8855651452912
530,228,False,road_4_0_1_1,495.38661338524423
530,218,False,road_4_0_1_1,502.8876319246422
530,197,False,road_4_0_1_1,510.38863320897235
530,189,False,road_4_0_1_1,517.8896963306137
530,177,False,road_4_0_1_1,525.3906964045054
530,167,False,road_4_0_1_1,532.8917442186294
530,157,False,road_4_0_1_1,540.3927921719892
530,126,False,road_4_0_1_1,547.8938143191779
530,105,False,road_4_0_1_1,555.3948370422622
530,74,False,road_4_0_1_1,562.8958804751306
530,54,False,road_4_0_1_1,570.3968991281677
530,34,False,road_4_0_1_1,577.8979626755071
530,24,False,road_4_0_1_1,585.3989709774777
530,137,False,road_4_0_1_2,562.8959172536753
530,116,False,road_4_0_1_2,570.3969448594623
530,97,False,road_4_0_1_2,577.8979548004972
530,45,False,road_4_0_1_2,585.3989571672523
530,161,False,road_4_1_0_0,507.4987076507012
530,fake_intersection_4_2_W_1_6444,True,road_4_1_1_1,458.24
530,fake_intersection_4_2_W_1_6445,True,road_4_1_1_1,459.24
530,fake_intersection_4_2_W_2_6446,True,road_4_1_1_2,458.24
530,fake_intersection_4_2_W_2_6447,True,road_4_1_1_2,459.24
530,fake_intersection_3_1_N_1_6384,True,road_4_1_2_1,618.24
530,fake_intersection_3_1_N_1_6385,True,road_4_1_2_1,619.24
530,148,False,road_4_1_3_0,482.2797769230956
530,44,False,road_4_2_0_0,282.4405449307987
530,82,False,road_4_2_0_0,770.1197882144452
530,361,False,road_4_2_1_0,215.2379253442446
530,321,False,road_4_2_1_0,509.07105982660414
530,385,False,road_4_2_1_1,26.105338700751968
530,fake_intersection_4_3_W_1_6458,True,road_4_2_1_1,458.24
530,fake_intersection_4_3_W_1_6459,True,road_4_2_1_1,459.24
530,208,False,road_4_2_1_1,571.7989408224968
530,fake_intersection_4_3_W_2_6460,True,road_4_2_1_2,458.24
530,fake_intersection_4_3_W_2_6461,True,road_4_2_1_2,459.24
530,346,False,road_4_2_2_1,553.7735924340702
530,fake_intersection_3_2_N_1_6392,True,road_4_2_2_1,618.24
530,fake_intersection_3_2_N_1_6393,True,road_4_2_2_1,619.24
530,310,False,road_4_2_2_1,672.9688800738137
530,123,False,road_4_2_3_0,169.84469136638052
530,fake_intersection_4_1_E_1_6424,True,road_4_2_3_1,458.24
530,fake_intersection_4_1_E_1_6425,True,road_4_2_3_1,459.24
530,383,False,road_4_3_1_1,109.00663520126716
530,353,False,road_4_3_1_1,383.29322792922983
530,fake_intersection_4_4_W_2_6464,True,road_4_3_1_2,458.24
530,fake_intersection_4_4_W_2_6465,True,road_4_3_1_2,459.24
530,368,False,road_4_3_2_0,313.26938665833677
530,fake_intersection_3_3_N_1_6402,True,road_4_3_2_1,618.24
530,fake_intersection_3_3_N_1_6403,True,road_4_3_2_1,619.24
530,fake_intersection_3_3_N_2_6404,True,road_4_3_2_2,618.24
530,fake_intersection_3_3_N_2_6405,True,road_4_3_2_2,619.24
530,fake_intersection_4_2_E_1_6432,True,road_4_3_3_1,458.24
530,fake_intersection_4_2_E_1_6433,True,road_4_3_3_1,459.24
530,180,False,road_4_3_3_1,540.9687788480152
530,117,False,road_4_3_3_1,564.2978363232143
530,107,False,road_4_3_3_1,571.7989339901593
530,fake_intersection_4_2_E_2_6434,True,road_4_3_3_2,458.24
530,fake_intersection_4_2_E_2_6435,True,road_4_3_3_2,459.24
530,340,False,road_4_4_0_0,69.45227113155201
530,307,False,road_4_4_1_0,255.63166506607843
530,355,False,road_4_4_1_0,371.08998447429565
530,fake_intersection_3_4_N_1_6412,True,road_4_4_2_1,618.24
530,fake_intersection_3_4_N_1_6413,True,road_4_4_2_1,619.24
530,163,False,road_4_4_2_1,734.2937900616366
530,131,False,road_4_4_2_1,741.7948879583921
530,119,False,road_4_4_2_1,749.2958964981461
530,92,False,road_4_4_2_1,756.7969342743186
530,109,False,road_4_4_2_1,764.2979723922394
530,103,False,road_4_4_2_1,771.7989727513682
530,fake_intersection_3_4_N_2_6414,True,road_4_4_2_2,618.24
530,fake_intersection_3_4_N_2_6415,True,road_4_4_2_2,619.24
530,81,False,road_4_4_2_2,771.7989874836612
530,fake_intersection_4_3_E_1_6456,True,road_4_4_3_1,458.24
530,fake_intersection_4_3_E_1_6457,True,road_4_4_3_1,459.24
530,fake_intersection_4_4_E_2_6462,True,road_4_5_3_2,469.12
530,fake_intersection_4_4_E_2_6463,True,road_4_5_3_2,470.12
530,fake_intersection_4_1_N_1_6426,True,road_5_1_2_1,629.12
530,fake_intersection_4_1_N_1_6427,True,road_5_1_2_1,630.12
530,436,False,road_5_2_2_0,180.6895714128622
530,422,False,road_5_2_2_0,337.13277085969395
530,409,False,road_5_2_2_0,495.7429242656436
530,448,False,road_5_2_2_1,49.70783460920326
530,fake_intersection_4_2_N_1_6440,True,road_5_2_2_1,629.12
530,fake_intersection_4_2_N_1_6441,True,road_5_2_2_1,630.12
530,397,False,road_5_2_2_1,724.0327800320954
530,fake_intersection_4_2_N_2_6442,True,road_5_2_2_2,629.12
530,fake_intersection_4_2_N_2_6443,True,road_5_2_2_2,630.12
530,373,False,road_5_2_2_2,777.8978356108303
530,258,False,road_5_2_2_2,785.3989721904102
530,430,False,road_5_3_2_0,355.00840448515095
530,416,False,road_5_3_2_0,501.756926807292
530,444,False,road_5_3_2_1,67.04280172200212
530,fake_intersection_4_3_N_1_6452,True,road_5_3_2_1,629.12
530,fake_intersection_4_3_N_1_6453,True,road_5_3_2_1,630.12
530,401,False,road_5_3_2_1,643.0874904307668
530,fake_intersection_4_3_N_2_6454,True,road_5_3_2_2,629.12
530,fake_intersection_4_3_N_2_6455,True,road_5_3_2_2,630.12
530,325,False,road_5_3_2_2,785.3989500010405
530,451,False,road_5_4_2_0,14.97590732063572
530,446,False,road_5_4_2_0,77.79887046673771
530,440,False,road_5_4_2_0,113.88500846679642
530,434,False,road_5_4_2_0,142.13216382746842
530,427,False,road_5_4_2_0,256.6905747893493
530,424,False,road_5_4_2_0,320.99285469102705
530,406,False,road_5_4_2_0,493.05212345432335
530,392,False,road_5_4_2_0,677.4282001165352
530,379,False,road_5_4_2_0,695.1604740708215
530,413,False,road_5_4_2_1,361.0506647293294
530,419,False,road_5_4_2_1,395.5853165677467
530,403,False,road_5_4_2_1,605.3151218522817
530,395,False,road_5_4_2_1,612.8747254437371
530,388,False,road_5_4_2_1,620.3757463413459
530,376,False,road_5_4_2_1,627.8767956119979
530,371,False,road_5_4_2_1,635.3778255001266
530,359,False,road_5_4_2_1,642.8788824559869
530,343,False,road_5_4_2_1,650.379889234652
530,348,False,road_5_4_2_1,657.8809643960758
530,337,False,road_5_4_2_1,665.3819984070273
530,327,False,road_5_4_2_1,672.8830631511408
530,319,False,road_5_4_2_1,680.3841184042726
530,313,False,road_5_4_2_1,687.8851643788727
530,304,False,road_5_4_2_1,695.3862195297096
530,283,False,road_5_4_2_1,702.8873039076007
530,280,False,road_5_4_2_1,710.3883196340677
530,268,False,road_5_4_2_1,717.8894167205933
530,256,False,road_5_4_2_1,725.390421227733
530,253,False,road_5_4_2_1,732.891462598536
530,244,False,road_5_4_2_1,740.3924982110943
530,234,False,road_5_4_2_1,747.8935625359286
530,230,False,road_5_4_2_1,755.394587830096
530,206,False,road_5_4_2_1,762.8956213105093
530,187,False,road_5_4_2_1,770.3967137256591
530,174,False,road_5_4_2_1,777.8978116531808
530,171,False,road_5_4_2_1,785.3989081225037
530,364,False,road_5_4_2_2,762.8958658680856
530,316,False,road_5_4_2_2,770.3968690758595
530,181,False,road_5_4_2_2,777.8978722616686
530,146,False,road_5_4_2_2,785.3989106336303
540,375,False,:intersection_1_1_30_1,11.120269766060273
540,263,False,:intersection_2_2_33_1,15.467125185947317
540,445,False,road_0_1_0_0,181.0623934635417
540,439,False,road_0_1_0_0,224.9420482127938
540,433,False,road_0_1_0_0,324.70153679030136
540,426,False,road_0_1_0_0,393.3525824544353
540,418,False,road_0_1_0_0,456.72525436387605
540,454,False,road_0_1_0_1,49.31502240827024
540,450,False,road_0_1_0_1,127.50938856994065
540,423,False,road_0_1_0_1,431.68236409106015
540,412,False,road_0_1_0_1,542.6280373304506
540,405,False,road_0_1_0_1,589.387189906961
540,fake_intersection_1_1_S_1_6470,True,road_0_1_0_1,629.12
540,fake_intersection_1_1_S_1_6471,True,road_0_1_0_1,630.12
540,387,False,road_0_1_0_1,747.368966505076
540,394,False,road_0_1_0_1,763.7335513791496
540,391,False,road_0_1_0_1,781.2323241776837
540,402,False,road_0_1_0_2,695.6411531009192
540,447,False,road_0_2_0_0,195.2175121439949
540,435,False,road_0_2_0_0,329.4452505930391
540,421,False,road_0_2_0_0,449.36698203190184
540,396,False,road_0_2_0_0,737.5207295992591
540,457,False,road_0_2_0_1,8.181999504486884
540,408,False,road_0_2_0_1,594.490124376582
540,fake_intersection_1_2_S_1_6484,True,road_0_2_0_1,629.12
540,fake_intersection_1_2_S_1_6485,True,road_0_2_0_1,630.12
540,384,False,road_0_2_0_1,740.3925757649105
540,345,False,road_0_2_0_1,747.8936793671674
540,333,False,road_0_2_0_1,755.3946891133974
540,284,False,road_0_2_0_1,762.8957799688859
540,270,False,road_0_2_0_1,770.3968579291762
540,245,False,road_0_2_0_1,777.8978611463334
540,235,False,road_0_2_0_1,785.3989547030759
540,fake_intersection_1_2_S_2_6486,True,road_0_2_0_2,629.12
540,fake_intersection_1_2_S_2_6487,True,road_0_2_0_2,630.12
540,257,False,road_0_2_0_2,785.3989629789191
540,453,False,road_0_4_0_0,77.94586435136435
540,438,False,road_0_4_0_0,299.4475712648177
540,404,False,road_0_4_0_0,689.6421827602861
540,400,False,road_0_4_0_0,710.7627172024205
540,456,False,road_0_4_0_1,31.3828404078984
540,449,False,road_0_4_0_1,148.92592929515163
540,441,False,road_0_4_0_1,173.347153468041
540,437,False,road_0_4_0_1,263.76201379820725
540,431,False,road_0_4_0_1,280.9832602557344
540,425,False,road_0_4_0_1,344.3850041861706
540,420,False,road_0_4_0_1,365.34080181769576
540,417,False,road_0_4_0_1,372.8419822471689
540,411,False,road_0_4_0_1,380.34324565676616
540,407,False,road_0_4_0_1,387.8444788165038
540,393,False,road_0_4_0_1,395.3476718331604
540,389,False,road_0_4_0_1,402.86071138407357
540,386,False,road_0_4_0_1,410.3919181114841
540,380,False,road_0_4_0_1,417.9242093285163
540,377,False,road_0_4_0_1,425.5248161850863
540,365,False,road_0_4_0_1,433.13123628005746
540,362,False,road_0_4_0_1,441.02731499873425
540,357,False,road_0_4_0_1,448.88234709722195
540,350,False,road_0_4_0_1,456.93093627526247
540,344,False,road_0_4_0_1,465.35330294920954
540,335,False,road_0_4_0_1,473.9292456984277
540,328,False,road_0_4_0_1,482.50385061658534
540,324,False,road_0_4_0_1,491.13521726443236
540,311,False,road_0_4_0_1,499.20183890268356
540,301,False,road_0_4_0_1,507.1803477971493
540,296,False,road_0_4_0_1,514.9432641324123
540,281,False,road_0_4_0_1,522.6389011361123
540,278,False,road_0_4_0_1,530.2777330888825
540,269,False,road_0_4_0_1,537.8307530411844
540,259,False,road_0_4_0_1,545.3458900949005
540,265,False,road_0_4_0_1,552.8586103784976
540,254,False,road_0_4_0_1,560.3671917552341
540,251,False,road_0_4_0_1,567.8684212743547
540,237,False,road_0_4_0_1,575.3694946475429
540,233,False,road_0_4_0_1,582.8707463158651
540,231,False,road_0_4_0_1,590.3720059803771
540,226,False,road_0_4_0_1,597.8730089408258
540,223,False,road_0_4_0_1,605.374040696233
540,211,False,road_0_4_0_1,612.8750543115667
540,199,False,road_0_4_0_1,620.3760690268945
540,205,False,road_0_4_0_1,627.8771435924548
540,202,False,road_0_4_0_1,635.378156681881
540,194,False,road_0_4_0_1,642.8791822605198
540,191,False,road_0_4_0_1,650.3802948359938
540,188,False,road_0_4_0_1,657.8813005475105
540,182,False,road_0_4_0_1,665.3823580846331
540,176,False,road_0_4_0_1,672.8833628860575
540,168,False,road_0_4_0_1,680.3843651762504
540,160,False,road_0_4_0_1,687.8853953885979
540,144,False,road_0_4_0_1,695.3863993770053
540,153,False,road_0_4_0_1,702.8874951501418
540,150,False,road_0_4_0_1,710.3884963287783
540,136,False,road_0_4_0_1,717.8895413058523
540,134,False,road_0_4_0_1,725.3906108836395
540,124,False,road_0_4_0_1,732.8917025785581
540,122,False,road_0_4_0_1,740.3927333846185
540,110,False,road_0_4_0_1,747.8937453279347
540,104,False,road_0_4_0_1,755.3948245181624
540,108,False,road_0_4_0_1,762.8958479974048
540,101,False,road_0_4_0_1,770.3968757792886
540,96,False,road_0_4_0_1,777.897975934924
540,88,False,road_0_4_0_1,785.3989828356193
540,213,False,road_0_4_0_2,732.8917321253386
540,195,False,road_0_4_0_2,740.3927709707751
540,164,False,road_0_4_0_2,747.8937941740246
540,130,False,road_0_4_0_2,755.3948005896773
540,115,False,road_0_4_0_2,762.895824550185
540,118,False,road_0_4_0_2,770.3968643742542
540,93,False,road_0_4_0_2,777.8978932754937
540,69,False,road_0_4_0_2,785.3989879656378
540,459,False,road_1_0_1_0,12.994925066586465
540,414,False,road_1_0_1_0,549.383470753799
540,442,False,road_1_0_1_1,183.70262529066795
540,428,False,road_1_0_1_1,336.84854488574905
540,398,False,road_1_0_1_1,480.38451237366803
540,366,False,road_1_0_1_1,487.8855212216343
540,338,False,road_1_0_1_1,495.3865315562956
540,322,False,road_1_0_1_1,502.8875966179961
540,305,False,road_1_0_1_1,510.38865326187357
540,291,False,road_1_0_1_1,517.8896536068149
540,275,False,road_1_0_1_1,525.3906647543819
540,203,False,road_1_0_1_1,532.8917586810945
540,185,False,road_1_0_1_1,540.3928497049037
540,165,False,road_1_0_1_1,547.8938894346898
540,132,False,road_1_0_1_1,555.3949439234823
540,111,False,road_1_0_1_1,562.8959783957997
540,77,False,road_1_0_1_1,570.3969840486556
540,57,False,road_1_0_1_1,577.897986719655
540,21,False,road_1_0_1_1,585.3989910327766
540,381,False,road_1_0_1_2,577.8979180440788
540,247,False,road_1_0_1_2,585.3989791711863
540,363,False,road_1_1_0_0,194.45945774652316
540,347,False,road_1_1_0_0,252.61608109388783
540,370,False,road_1_1_0_0,329.072587173918
540,351,False,road_1_1_0_0,407.6369603334442
540,358,False,road_1_1_0_0,432.6902098052771
540,326,False,road_1_1_0_0,631.979996129261
540,354,False,road_1_1_0_1,406.727304445795
540,331,False,road_1_1_0_1,684.2252356239926
540,336,False,road_1_1_0_1,762.00399088247
540,fake_intersection_1_2_W_1_6480,True,road_1_1_1_1,458.24
540,fake_intersection_1_2_W_1_6481,True,road_1_1_1_1,459.24
540,fake_intersection_1_2_W_2_6482,True,road_1_1_1_2,458.24
540,fake_intersection_1_2_W_2_6483,True,road_1_1_1_2,459.24
540,360,False,road_1_1_2_0,4.785457527018492
540,297,False,road_1_1_2_0,420.38154060638794
540,320,False,road_1_1_2_0,462.4789269988061
540,378,False,road_1_1_3_0,54.71386162867433
540,342,False,road_1_1_3_0,562.0643191645157
540,fake_intersection_2_2_S_1_6504,True,road_1_2_0_1,618.24
540,fake_intersection_2_2_S_1_6505,True,road_1_2_0_1,619.24
540,fake_intersection_2_2_S_2_6506,True,road_1_2_0_2,618.24
540,fake_intersection_2_2_S_2_6507,True,road_1_2_0_2,619.24
540,255,False,road_1_2_1_0,235.07360621119489
540,fake_intersection_1_3_W_1_6488,True,road_1_2_1_1,458.24
540,fake_intersection_1_3_W_1_6489,True,road_1_2_1_1,459.24
540,90,False,road_1_2_1_1,480.30780073916105
540,5,False,road_1_2_1_1,497.7901095215322
540,32,False,road_1_2_1_1,564.2977941663905
540,4,False,road_1_2_1_1,571.7989320868487
540,27,False,road_1_2_2_0,74.43199116332156
540,372,False,road_1_2_3_0,243.8427825986461
540,309,False,road_1_2_3_1,564.2978863470603
540,179,False,road_1_2_3_1,571.7989029790325
540,fake_intersection_1_1_E_2_6466,True,road_1_2_3_2,458.24
540,fake_intersection_1_1_E_2_6467,True,road_1_2_3_2,459.24
540,fake_intersection_2_3_S_1_6516,True,road_1_3_0_1,618.24
540,fake_intersection_2_3_S_1_6517,True,road_1_3_0_1,619.24
540,fake_intersection_2_3_S_2_6518,True,road_1_3_0_2,618.24
540,fake_intersection_2_3_S_2_6519,True,road_1_3_0_2,619.24
540,198,False,road_1_3_1_1,44.0308572327748
540,fake_intersection_1_4_W_1_6500,True,road_1_3_1_1,458.24
540,fake_intersection_1_4_W_1_6501,True,road_1_3_1_1,459.24
540,352,False,road_1_3_2_0,8.975673009791834
540,330,False,road_1_3_2_0,34.07375586047514
540,317,False,road_1_3_2_0,192.27282863958172
540,276,False,road_1_3_2_0,648.4492090335802
540,128,False,road_1_3_2_0,775.8978165750791
540,fake_intersection_1_2_E_1_6472,True,road_1_3_3_1,458.24
540,fake_intersection_1_2_E_1_6473,True,road_1_3_3_1,459.24
540,fake_intersection_1_2_E_2_6474,True,road_1_3_3_2,458.24
540,fake_intersection_1_2_E_2_6475,True,road_1_3_3_2,459.24
540,85,False,road_1_4_0_1,568.2454645556554
540,67,False,road_1_4_0_1,580.7647988650386
540,fake_intersection_2_4_S_1_6528,True,road_1_4_0_1,618.24
540,fake_intersection_2_4_S_1_6529,True,road_1_4_0_1,619.24
540,fake_intersection_2_4_S_2_6530,True,road_1_4_0_2,618.24
540,fake_intersection_2_4_S_2_6531,True,road_1_4_0_2,619.24
540,382,False,road_1_4_2_0,147.03764601807453
540,374,False,road_1_4_3_1,106.24631745503346
540,399,False,road_1_4_3_1,167.33959695540975
540,356,False,road_1_4_3_1,341.5240829456972
540,341,False,road_1_4_3_1,353.7377748055757
540,367,False,road_1_4_3_1,361.77013510350565
540,323,False,road_1_4_3_1,369.27115593726944
540,314,False,road_1_4_3_1,376.77215692551175
540,302,False,road_1_4_3_1,384.2731713348179
540,290,False,road_1_4_3_1,391.7742064526876
540,286,False,road_1_4_3_1,399.2752289242401
540,274,False,road_1_4_3_1,406.776330644413
540,306,False,road_1_4_3_1,414.2773511878951
540,292,False,road_1_4_3_1,421.77835247663864
540,249,False,road_1_4_3_1,429.27941192061724
540,222,False,road_1_4_3_1,436.7804732321487
540,227,False,road_1_4_3_1,444.2814922386365
540,217,False,road_1_4_3_1,451.7825189090721
540,215,False,road_1_4_3_1,459.283532775298
540,172,False,road_1_4_3_1,466.78463062401477
540,173,False,road_1_4_3_1,474.2857317627724
540,162,False,road_1_4_3_1,481.78674471447755
540,166,False,road_1_4_3_1,489.28781430553244
540,142,False,road_1_4_3_1,496.7888159579553
540,127,False,road_1_4_3_1,504.2898189538043
540,140,False,road_1_4_3_1,511.79085028794833
540,133,False,road_1_4_3_1,519.2918638830749
540,102,False,road_1_4_3_1,526.7929390470626
540,41,False,road_1_4_3_1,534.2939453519598
540,6,False,road_1_4_3_1,541.7949689842271
540,80,False,road_1_4_3_1,549.2959866355058
540,79,False,road_1_4_3_1,556.7969877053157
540,56,False,road_1_4_3_1,564.2979905379563
540,23,False,road_1_4_3_1,571.798997407685
540,339,False,road_1_4_3_2,556.7968674900659
540,183,False,road_1_4_3_2,564.2979237736337
540,22,False,road_1_4_3_2,571.7989561486653
540,460,False,road_1_5_3_1,17.293389602994612
540,443,False,road_1_5_3_1,241.73295065213338
540,429,False,road_1_5_3_1,463.76894042008524
540,fake_intersection_1_4_E_1_6492,True,road_1_5_3_1,469.12
540,fake_intersection_1_4_E_1_6493,True,road_1_5_3_1,470.12
540,415,False,road_1_5_3_1,585.6062454082136
540,fake_intersection_1_4_E_2_6494,True,road_1_5_3_2,469.12
540,fake_intersection_1_4_E_2_6495,True,road_1_5_3_2,470.12
540,260,False,road_2_1_0_0,314.65655417122036
540,282,False,road_2_1_0_0,335.42831070453514
540,279,False,road_2_1_0_0,390.52627023541544
540,299,False,road_2_1_0_0,454.11952828579535
540,fake_intersection_3_1_S_1_6534,True,road_2_1_0_1,618.24
540,fake_intersection_3_1_S_1_6535,True,road_2_1_0_1,619.24
540,312,False,road_2_1_0_2,333.5434950620457
540,fake_intersection_1_1_N_1_6468,True,road_2_1_2_1,618.24
540,fake_intersection_1_1_N_1_6469,True,road_2_1_2_1,619.24
540,14,False,road_2_1_2_2,1.7209534435715845
540,318,False,road_2_1_3_0,257.854210480746
540,303,False,road_2_1_3_0,289.0647736446794
540,294,False,road_2_1_3_0,427.2142186712205
540,315,False,road_2_1_3_1,277.682770130534
540,fake_intersection_3_2_S_2_6536,True,road_2_2_0_2,618.24
540,fake_intersection_3_2_S_2_6537,True,road_2_2_0_2,619.24
540,fake_intersection_2_3_W_1_6512,True,road_2_2_1_1,458.24
540,fake_intersection_2_3_W_1_6513,True,road_2_2_1_1,459.24
540,152,False,road_2_2_1_1,549.2959184635042
540,91,False,road_2_2_1_1,556.7969426073587
540,120,False,road_2_2_1_1,564.2979433006939
540,33,False,road_2_2_1_1,571.7989512852479
540,fake_intersection_2_3_W_2_6514,True,road_2_2_1_2,458.24
540,fake_intersection_2_3_W_2_6515,True,road_2_2_1_2,459.24
540,fake_intersection_1_2_N_1_6476,True,road_2_2_2_1,618.24
540,fake_intersection_1_2_N_1_6477,True,road_2_2_2_1,619.24
540,63,False,road_2_2_2_1,771.7989637820486
540,fake_intersection_1_2_N_2_6478,True,road_2_2_2_2,618.24
540,fake_intersection_1_2_N_2_6479,True,road_2_2_2_2,619.24
540,151,False,road_2_2_3_1,571.7989417208323
540,19,False,road_2_3_0_0,448.601608175269
540,13,False,road_2_3_0_0,476.3834533713945
540,121,False,road_2_3_0_2,771.7989979218108
540,241,False,road_2_3_1_0,128.611272353215
540,229,False,road_2_3_2_0,213.75764398975693
540,fake_intersection_1_3_N_1_6490,True,road_2_3_2_1,618.24
540,fake_intersection_1_3_N_1_6491,True,road_2_3_2_1,619.24
540,35,False,road_2_3_2_2,771.7989851420144
540,fake_intersection_3_4_S_1_6558,True,road_2_4_0_1,618.24
540,fake_intersection_3_4_S_1_6559,True,road_2_4_0_1,619.24
540,64,False,road_2_4_0_1,771.7989491181652
540,fake_intersection_3_4_S_2_6560,True,road_2_4_0_2,618.24
540,fake_intersection_3_4_S_2_6561,True,road_2_4_0_2,619.24
540,83,False,road_2_4_0_2,771.7989933468588
540,fake_intersection_1_4_N_1_6496,True,road_2_4_2_1,618.24
540,fake_intersection_1_4_N_1_6497,True,road_2_4_2_1,619.24
540,fake_intersection_1_4_N_2_6498,True,road_2_4_2_2,618.24
540,fake_intersection_1_4_N_2_6499,True,road_2_4_2_2,619.24
540,30,False,road_2_4_3_1,97.98976141939296
540,fake_intersection_2_3_E_1_6508,True,road_2_4_3_1,458.24
540,fake_intersection_2_3_E_1_6509,True,road_2_4_3_1,459.24
540,39,False,road_2_4_3_1,564.2978546503266
540,61,False,road_2_4_3_1,571.7989518358123
540,fake_intersection_2_3_E_2_6510,True,road_2_4_3_2,458.24
540,fake_intersection_2_3_E_2_6511,True,road_2_4_3_2,459.24
540,72,False,road_2_4_3_2,571.7989001196707
540,224,False,road_3_1_0_0,332.2967392802332
540,200,False,road_3_1_0_0,445.4370032628524
540,239,False,road_3_1_0_0,601.5796144989749
540,210,False,road_3_1_0_0,623.1939406008647
540,184,False,road_3_1_0_1,613.2753706998061
540,fake_intersection_4_1_S_1_6568,True,road_3_1_0_1,618.24
540,fake_intersection_4_1_S_1_6569,True,road_3_1_0_1,619.24
540,175,False,road_3_1_0_1,632.4763906527703
540,fake_intersection_4_1_S_2_6570,True,road_3_1_0_2,618.24
540,fake_intersection_4_1_S_2_6571,True,road_3_1_0_2,619.24
540,143,False,road_3_1_0_2,771.7989882056197
540,59,False,road_3_1_1_1,571.7989866918637
540,fake_intersection_2_1_N_2_6502,True,road_3_1_2_2,618.24
540,fake_intersection_2_1_N_2_6503,True,road_3_1_2_2,619.24
540,252,False,road_3_1_3_0,2.8745916233086835
540,207,False,road_3_2_0_0,419.81626836561
540,50,False,road_3_2_0_0,512.7290415826301
540,fake_intersection_4_2_S_1_6578,True,road_3_2_0_1,618.24
540,fake_intersection_4_2_S_1_6579,True,road_3_2_0_1,619.24
540,fake_intersection_4_2_S_2_6580,True,road_3_2_0_2,618.24
540,fake_intersection_4_2_S_2_6581,True,road_3_2_0_2,619.24
540,334,False,road_3_2_1_0,148.75958737905935
540,271,False,road_3_2_1_0,286.0609830358806
540,285,False,road_3_2_1_0,490.91116388642854
540,fake_intersection_3_3_W_1_6544,True,road_3_2_1_1,458.24
540,fake_intersection_3_3_W_1_6545,True,road_3_2_1_1,459.24
540,236,False,road_3_2_1_1,571.7989155687762
540,246,False,road_3_2_2_0,103.30083308140613
540,298,False,road_3_2_2_1,83.24312854091677
540,fake_intersection_4_3_S_1_6590,True,road_3_3_0_1,618.24
540,fake_intersection_4_3_S_1_6591,True,road_3_3_0_1,619.24
540,fake_intersection_4_3_S_2_6592,True,road_3_3_0_2,618.24
540,fake_intersection_4_3_S_2_6593,True,road_3_3_0_2,619.24
540,fake_intersection_3_4_W_1_6554,True,road_3_3_1_1,458.24
540,fake_intersection_3_4_W_1_6555,True,road_3_3_1_1,459.24
540,fake_intersection_3_4_W_2_6556,True,road_3_3_1_2,458.24
540,fake_intersection_3_4_W_2_6557,True,road_3_3_1_2,459.24
540,fake_intersection_2_3_N_1_6520,True,road_3_3_2_1,618.24
540,fake_intersection_2_3_N_1_6521,True,road_3_3_2_1,619.24
540,293,False,road_3_3_2_1,642.333905620233
540,186,False,road_3_3_2_1,687.4836106148151
540,250,False,road_3_3_2_1,707.3993682839224
540,fake_intersection_2_3_N_2_6522,True,road_3_3_2_2,618.24
540,fake_intersection_2_3_N_2_6523,True,road_3_3_2_2,619.24
540,49,False,road_3_3_2_2,764.2979629815909
540,158,False,road_3_3_2_2,771.7989787135056
540,277,False,road_3_4_0_0,395.20900328468855
540,47,False,road_3_4_0_1,741.7948269375124
540,9,False,road_3_4_0_1,749.2958272573236
540,53,False,road_3_4_0_1,756.7968465444304
540,51,False,road_3_4_0_1,764.297883076179
540,37,False,road_3_4_0_1,771.7989017319449
540,fake_intersection_2_4_N_1_6524,True,road_3_4_2_1,618.24
540,fake_intersection_2_4_N_1_6525,True,road_3_4_2_1,619.24
540,fake_intersection_2_4_N_2_6526,True,road_3_4_2_2,618.24
540,fake_intersection_2_4_N_2_6527,True,road_3_4_2_2,619.24
540,fake_intersection_3_3_E_1_6538,True,road_3_4_3_1,458.24
540,fake_intersection_3_3_E_1_6539,True,road_3_4_3_1,459.24
540,17,False,road_3_4_3_1,571.7989103776712
540,fake_intersection_3_4_E_1_6546,True,road_3_5_3_1,469.12
540,fake_intersection_3_4_E_1_6547,True,road_3_5_3_1,470.12
540,fake_intersection_3_4_E_2_6548,True,road_3_5_3_2,469.12
540,fake_intersection_3_4_E_2_6549,True,road_3_5_3_2,470.12
540,452,False,road_4_0_1_0,96.51576466573323
540,432,False,road_4_0_1_1,331.10491180230485
540,390,False,road_4_0_1_1,442.8793291400165
540,369,False,road_4_0_1_1,450.3803523136364
540,349,False,road_4_0_1_1,457.8814245819826
540,329,False,road_4_0_1_1,465.382435939017
540,308,False,road_4_0_1_1,472.88351036982834
540,242,False,road_4_0_1_1,480.38455753970584
540,238,False,road_4_0_1_1,487.8855651452912
540,228,False,road_4_0_1_1,495.38661338524423
540,218,False,road_4_0_1_1,502.8876319246422
540,197,False,road_4_0_1_1,510.38863320897235
540,189,False,road_4_0_1_1,517.8896963306137
540,177,False,road_4_0_1_1,525.3906964045054
540,167,False,road_4_0_1_1,532.8917442186294
540,157,False,road_4_0_1_1,540.3927921719892
540,126,False,road_4_0_1_1,547.8938143191779
540,105,False,road_4_0_1_1,555.3948370422622
540,74,False,road_4_0_1_1,562.8958804751306
540,54,False,road_4_0_1_1,570.3968991281677
540,34,False,road_4_0_1_1,577.8979626755071
540,24,False,road_4_0_1_1,585.3989709774777
540,fake_intersection_4_1_W_2_6572,True,road_4_0_1_2,469.12
540,fake_intersection_4_1_W_2_6573,True,road_4_0_1_2,470.12
540,137,False,road_4_0_1_2,562.8959172536753
540,116,False,road_4_0_1_2,570.3969448594623
540,97,False,road_4_0_1_2,577.8979548004972
540,45,False,road_4_0_1_2,585.3989571672523
540,410,False,road_4_1_0_0,35.8778485598577
540,161,False,road_4_1_0_0,620.6097575866679
540,fake_intersection_4_2_W_1_6586,True,road_4_1_1_1,458.24
540,fake_intersection_4_2_W_1_6587,True,road_4_1_1_1,459.24
540,fake_intersection_4_2_W_2_6588,True,road_4_1_1_2,458.24
540,fake_intersection_4_2_W_2_6589,True,road_4_1_1_2,459.24
540,fake_intersection_3_1_N_1_6532,True,road_4_1_2_1,618.24
540,fake_intersection_3_1_N_1_6533,True,road_4_1_2_1,619.24
540,148,False,road_4_1_3_0,584.8760796898812
540,44,False,road_4_2_0_0,390.5155636728541
540,385,False,road_4_2_1_0,134.3186846345668
540,361,False,road_4_2_1_0,313.59687052307925
540,fake_intersection_4_3_W_1_6600,True,road_4_2_1_1,458.24
540,fake_intersection_4_3_W_1_6601,True,road_4_2_1_1,459.24
540,208,False,road_4_2_1_1,571.7989408224968
540,fake_intersection_4_3_W_2_6602,True,road_4_2_1_2,458.24
540,fake_intersection_4_3_W_2_6603,True,road_4_2_1_2,459.24
540,397,False,road_4_2_2_1,30.717699255459213
540,346,False,road_4_2_2_1,668.1875657431074
540,310,False,road_4_2_2_1,767.9121960650256
540,123,False,road_4_2_3_0,276.82338541998087
540,fake_intersection_4_1_E_1_6562,True,road_4_2_3_1,458.24
540,fake_intersection_4_1_E_1_6563,True,road_4_2_3_1,459.24
540,fake_intersection_4_1_E_2_6564,True,road_4_2_3_2,458.24
540,fake_intersection_4_1_E_2_6565,True,road_4_2_3_2,459.24
540,321,False,road_4_3_0_0,6.668185451939782
540,383,False,road_4_3_1_0,230.49135626165136
540,353,False,road_4_3_1_1,491.315956556539
540,fake_intersection_4_4_W_2_6606,True,road_4_3_1_2,458.24
540,fake_intersection_4_4_W_2_6607,True,road_4_3_1_2,459.24
540,368,False,road_4_3_2_0,434.36348321476896
540,fake_intersection_3_3_N_1_6540,True,road_4_3_2_1,618.24
540,fake_intersection_3_3_N_1_6541,True,road_4_3_2_1,619.24
540,fake_intersection_3_3_N_2_6542,True,road_4_3_2_2,618.24
540,fake_intersection_3_3_N_2_6543,True,road_4_3_2_2,619.24
540,fake_intersection_4_2_E_1_6574,True,road_4_3_3_1,458.24
540,fake_intersection_4_2_E_1_6575,True,road_4_3_3_1,459.24
540,180,False,road_4_3_3_1,556.7968349428306
540,117,False,road_4_3_3_1,564.2978363232143
540,107,False,road_4_3_3_1,571.7989339901593
540,fake_intersection_4_2_E_2_6576,True,road_4_3_3_2,458.24
540,fake_intersection_4_2_E_2_6577,True,road_4_3_3_2,459.24
540,340,False,road_4_4_0_0,186.3214804685941
540,307,False,road_4_4_1_0,358.4593615656668
540,355,False,road_4_4_1_0,478.37950720578124
540,fake_intersection_3_4_N_1_6550,True,road_4_4_2_1,618.24
540,fake_intersection_3_4_N_1_6551,True,road_4_4_2_1,619.24
540,163,False,road_4_4_2_1,734.2937900616366
540,131,False,road_4_4_2_1,741.7948879583921
540,119,False,road_4_4_2_1,749.2958964981461
540,92,False,road_4_4_2_1,756.7969342743186
540,109,False,road_4_4_2_1,764.2979723922394
540,103,False,road_4_4_2_1,771.7989727513682
540,fake_intersection_3_4_N_2_6552,True,road_4_4_2_2,618.24
540,fake_intersection_3_4_N_2_6553,True,road_4_4_2_2,619.24
540,81,False,road_4_4_2_2,771.7989874836612
540,fake_intersection_4_3_E_1_6598,True,road_4_4_3_1,458.24
540,fake_intersection_4_3_E_1_6599,True,road_4_4_3_1,459.24
540,fake_intersection_4_4_E_2_6604,True,road_4_5_3_2,469.12
540,fake_intersection_4_4_E_2_6605,True,road_4_5_3_2,470.12
540,fake_intersection_4_1_N_1_6566,True,road_5_1_2_1,629.12
540,fake_intersection_4_1_N_1_6567,True,road_5_1_2_1,630.12
540,448,False,road_5_2_2_0,138.82791860392663
540,436,False,road_5_2_2_0,272.1223749219806
540,422,False,road_5_2_2_0,437.3359151653652
540,409,False,road_5_2_2_1,600.7119867649074
540,fake_intersection_4_2_N_1_6582,True,road_5_2_2_1,629.12
540,fake_intersection_4_2_N_1_6583,True,road_5_2_2_1,630.12
540,458,False,road_5_2_2_2,6.8749198314500966
540,fake_intersection_4_2_N_2_6584,True,road_5_2_2_2,629.12
540,fake_intersection_4_2_N_2_6585,True,road_5_2_2_2,630.12
540,373,False,road_5_2_2_2,777.8979547942877
540,258,False,road_5_2_2_2,785.3989721904102
540,461,False,road_5_3_2_0,14.84616101599153
540,444,False,road_5_3_2_0,167.1730949929079
540,416,False,road_5_3_2_0,620.3746334536067
540,430,False,road_5_3_2_1,498.05117916573977
540,fake_intersection_4_3_N_1_6594,True,road_5_3_2_1,629.12
540,fake_intersection_4_3_N_1_6595,True,road_5_3_2_1,630.12
540,401,False,road_5_3_2_1,749.0797400703119
540,fake_intersection_4_3_N_2_6596,True,road_5_3_2_2,629.12
540,fake_intersection_4_3_N_2_6597,True,road_5_3_2_2,630.12
540,325,False,road_5_3_2_2,785.3989500010405
540,451,False,road_5_4_2_0,107.12716720952454
540,446,False,road_5_4_2_0,186.25289637370696
540,434,False,road_5_4_2_0,221.05142033769866
540,406,False,road_5_4_2_0,594.8506016591423
540,392,False,road_5_4_2_0,767.0260800407522
540,379,False,road_5_4_2_0,784.8301466809323
540,455,False,road_5_4_2_1,40.155573430773345
540,440,False,road_5_4_2_1,205.3700180038327
540,427,False,road_5_4_2_1,366.63311411536705
540,424,False,road_5_4_2_1,424.08533917330874
540,413,False,road_5_4_2_1,443.78013469271457
540,419,False,road_5_4_2_1,506.68040413044656
540,403,False,road_5_4_2_1,605.373699966519
540,395,False,road_5_4_2_1,612.8747254437371
540,388,False,road_5_4_2_1,620.3757463413459
540,376,False,road_5_4_2_1,627.8767956119979
540,371,False,road_5_4_2_1,635.3778255001266
540,359,False,road_5_4_2_1,642.8788824559869
540,343,False,road_5_4_2_1,650.379889234652
540,348,False,road_5_4_2_1,657.8809643960758
540,337,False,road_5_4_2_1,665.3819984070273
540,327,False,road_5_4_2_1,672.8830631511408
540,319,False,road_5_4_2_1,680.3841184042726
540,313,False,road_5_4_2_1,687.8851643788727
540,304,False,road_5_4_2_1,695.3862195297096
540,283,False,road_5_4_2_1,702.8873039076007
540,280,False,road_5_4_2_1,710.3883196340677
540,268,False,road_5_4_2_1,717.8894167205933
540,256,False,road_5_4_2_1,725.390421227733
540,253,False,road_5_4_2_1,732.891462598536
540,244,False,road_5_4_2_1,740.3924982110943
540,234,False,road_5_4_2_1,747.8935625359286
540,230,False,road_5_4_2_1,755.394587830096
540,206,False,road_5_4_2_1,762.8956213105093
540,187,False,road_5_4_2_1,770.3967137256591
540,174,False,road_5_4_2_1,777.8978116531808
540,171,False,road_5_4_2_1,785.3989081225037
540,364,False,road_5_4_2_2,762.8958658680856
540,316,False,road_5_4_2_2,770.3968690758595
540,181,False,road_5_4_2_2,777.8978722616686
540,146,False,road_5_4_2_2,785.3989106336303
550,402,False,:intersection_1_1_33_1,14.356816604121875
550,429,False,:intersection_1_4_3_1,7.866162382230868
550,331,False,:intersection_2_1_30_1,19.255403161873723
550,186,False,:intersection_2_3_12_1,13.961148273270394
550,346,False,:intersection_3_2_12_1,14.04847775132569
550,353,False,:intersection_4_4_21_0,27.208674103666237
550,466,False,road_0_1_0_0,37.191429180008704
550,454,False,road_0_1_0_0,139.92947270099157
550,445,False,road_0_1_0_0,282.65541991054823
550,439,False,road_0_1_0_0,320.7453637999113
550,462,False,road_0_1_0_1,100.29766861145184
550,450,False,road_0_1_0_1,240.00731437860208
550,433,False,road_0_1_0_1,432.0051332183577
550,426,False,road_0_1_0_1,503.998373010162
550,418,False,road_0_1_0_1,552.2798780239883
550,fake_intersection_1_1_S_1_6614,True,road_0_1_0_1,629.12
550,fake_intersection_1_1_S_1_6615,True,road_0_1_0_1,630.12
550,412,False,road_0_1_0_1,641.9663528002732
550,405,False,road_0_1_0_1,688.5115647964584
550,423,False,road_0_1_0_2,535.1736781240933
550,457,False,road_0_2_0_0,107.33438737887535
550,447,False,road_0_2_0_0,320.3972280049855
550,435,False,road_0_2_0_0,442.1483070242
550,421,False,road_0_2_0_1,558.6910751561736
550,fake_intersection_1_2_S_1_6628,True,road_0_2_0_1,629.12
550,fake_intersection_1_2_S_1_6629,True,road_0_2_0_1,630.12
550,408,False,road_0_2_0_1,702.3072818782047
550,384,False,road_0_2_0_1,740.3926787302636
550,345,False,road_0_2_0_1,747.8936793671674
550,333,False,road_0_2_0_1,755.3946891133974
550,284,False,road_0_2_0_1,762.8957799688859
550,270,False,road_0_2_0_1,770.3968579291762
550,245,False,road_0_2_0_1,777.8978611463334
550,235,False,road_0_2_0_1,785.3989547030759
550,fake_intersection_1_2_S_2_6630,True,road_0_2_0_2,629.12
550,fake_intersection_1_2_S_2_6631,True,road_0_2_0_2,630.12
550,257,False,road_0_2_0_2,785.3989629789191
550,465,False,road_0_4_0_0,49.236549105059964
550,438,False,road_0_4_0_0,426.07358105431985
550,404,False,road_0_4_0_0,783.6247673719005
550,464,False,road_0_4_0_1,92.74552677027017
550,456,False,road_0_4_0_1,144.02866887273146
550,453,False,road_0_4_0_1,180.3816519103451
550,449,False,road_0_4_0_1,252.4790515360145
550,441,False,road_0_4_0_1,271.4636471313129
550,437,False,road_0_4_0_1,348.90948066857385
550,425,False,road_0_4_0_1,357.9121375638125
550,420,False,road_0_4_0_1,365.47972677018726
550,417,False,road_0_4_0_1,373.0603570585939
550,411,False,road_0_4_0_1,380.8008762284603
550,407,False,road_0_4_0_1,388.64518071916143
550,393,False,road_0_4_0_1,396.77101515823125
550,389,False,road_0_4_0_1,405.48914414942374
550,386,False,road_0_4_0_1,413.5061455751795
550,380,False,road_0_4_0_1,422.0535239633419
550,377,False,road_0_4_0_1,430.7311372056195
550,365,False,road_0_4_0_1,439.0792916436929
550,362,False,road_0_4_0_1,446.8976643652367
550,357,False,road_0_4_0_1,454.88706463860586
550,350,False,road_0_4_0_1,462.5532927447295
550,344,False,road_0_4_0_1,470.19740122667633
550,335,False,road_0_4_0_1,477.73358350854767
550,328,False,road_0_4_0_1,485.28943390315436
550,324,False,road_0_4_0_1,492.83033152356774
550,311,False,road_0_4_0_1,500.34305493832596
550,301,False,road_0_4_0_1,507.85650065632865
550,296,False,road_0_4_0_1,515.3596065778975
550,281,False,road_0_4_0_1,522.8618980625024
550,278,False,road_0_4_0_1,530.3635919022421
550,269,False,road_0_4_0_1,537.8647467401895
550,259,False,road_0_4_0_1,545.3657742264767
550,265,False,road_0_4_0_1,552.8667819489737
550,254,False,road_0_4_0_1,560.3678492898865
550,251,False,road_0_4_0_1,567.8689122830901
550,237,False,road_0_4_0_1,575.3699316153724
550,233,False,road_0_4_0_1,582.8710005263381
550,231,False,road_0_4_0_1,590.3720059803771
550,226,False,road_0_4_0_1,597.8730089408258
550,223,False,road_0_4_0_1,605.3741639405346
550,211,False,road_0_4_0_1,612.8751727318579
550,199,False,road_0_4_0_1,620.3762008849677
550,205,False,road_0_4_0_1,627.8772512701938
550,202,False,road_0_4_0_1,635.3782734196723
550,194,False,road_0_4_0_1,642.8792823758755
550,191,False,road_0_4_0_1,650.3802948359938
550,188,False,road_0_4_0_1,657.8813005475105
550,182,False,road_0_4_0_1,665.3823580846331
550,176,False,road_0_4_0_1,672.8833628860575
550,168,False,road_0_4_0_1,680.3843651762504
550,160,False,road_0_4_0_1,687.8853953885979
550,144,False,road_0_4_0_1,695.3863993770053
550,153,False,road_0_4_0_1,702.8874951501418
550,150,False,road_0_4_0_1,710.3884963287783
550,136,False,road_0_4_0_1,717.8895413058523
550,134,False,road_0_4_0_1,725.3906108836395
550,124,False,road_0_4_0_1,732.8917025785581
550,122,False,road_0_4_0_1,740.3927333846185
550,110,False,road_0_4_0_1,747.8937453279347
550,104,False,road_0_4_0_1,755.3948245181624
550,108,False,road_0_4_0_1,762.8958479974048
550,101,False,road_0_4_0_1,770.3968757792886
550,96,False,road_0_4_0_1,777.897975934924
550,88,False,road_0_4_0_1,785.3989828356193
550,431,False,road_0_4_0_2,367.04320589533256
550,213,False,road_0_4_0_2,732.8917321253386
550,195,False,road_0_4_0_2,740.3927709707751
550,164,False,road_0_4_0_2,747.8937941740246
550,130,False,road_0_4_0_2,755.3948005896773
550,115,False,road_0_4_0_2,762.895824550185
550,118,False,road_0_4_0_2,770.3968643742542
550,93,False,road_0_4_0_2,777.8978932754937
550,69,False,road_0_4_0_2,785.3989879656378
550,459,False,road_1_0_1_0,91.44223728011231
550,428,False,road_1_0_1_1,437.1282210185741
550,398,False,road_1_0_1_1,480.38451237366803
550,366,False,road_1_0_1_1,487.8855212216343
550,338,False,road_1_0_1_1,495.3865315562956
550,322,False,road_1_0_1_1,502.8875966179961
550,305,False,road_1_0_1_1,510.38865326187357
550,291,False,road_1_0_1_1,517.8896536068149
550,275,False,road_1_0_1_1,525.3906647543819
550,203,False,road_1_0_1_1,532.8917586810945
550,185,False,road_1_0_1_1,540.3928497049037
550,165,False,road_1_0_1_1,547.8938894346898
550,132,False,road_1_0_1_1,555.3949439234823
550,111,False,road_1_0_1_1,562.8959783957997
550,77,False,road_1_0_1_1,570.3969840486556
550,57,False,road_1_0_1_1,577.897986719655
550,21,False,road_1_0_1_1,585.3989910327766
550,442,False,road_1_0_1_2,300.43372881278736
550,381,False,road_1_0_1_2,577.8979180440788
550,247,False,road_1_0_1_2,585.3989791711863
550,414,False,road_1_1_0_0,38.75793155027314
550,391,False,road_1_1_0_0,74.85213356523263
550,363,False,road_1_1_0_0,288.43817617841273
550,347,False,road_1_1_0_0,338.4518002158718
550,370,False,road_1_1_0_0,444.90914096437933
550,351,False,road_1_1_0_0,492.82947719476994
550,326,False,road_1_1_0_0,728.6437459229388
550,387,False,road_1_1_0_1,21.16426302510323
550,375,False,road_1_1_0_1,67.14255611489148
550,354,False,road_1_1_0_1,510.63328030961844
550,358,False,road_1_1_0_1,547.3804641905962
550,fake_intersection_2_1_S_1_6644,True,road_1_1_0_1,618.24
550,fake_intersection_2_1_S_1_6645,True,road_1_1_0_1,619.24
550,394,False,road_1_1_0_2,53.00330260558558
550,fake_intersection_2_1_S_2_6646,True,road_1_1_0_2,618.24
550,fake_intersection_2_1_S_2_6647,True,road_1_1_0_2,619.24
550,fake_intersection_1_2_W_1_6624,True,road_1_1_1_1,458.24
550,fake_intersection_1_2_W_1_6625,True,road_1_1_1_1,459.24
550,fake_intersection_1_2_W_2_6626,True,road_1_1_1_2,458.24
550,fake_intersection_1_2_W_2_6627,True,road_1_1_1_2,459.24
550,360,False,road_1_1_2_0,126.12473127138864
550,297,False,road_1_1_2_0,523.9869096849277
550,320,False,road_1_1_2_0,583.5295635264946
550,378,False,road_1_1_3_0,149.2413415356988
550,fake_intersection_2_2_S_1_6648,True,road_1_2_0_1,618.24
550,fake_intersection_2_2_S_1_6649,True,road_1_2_0_1,619.24
550,fake_intersection_2_2_S_2_6650,True,road_1_2_0_2,618.24
550,fake_intersection_2_2_S_2_6651,True,road_1_2_0_2,619.24
550,255,False,road_1_2_1_0,307.1804297776418
550,fake_intersection_1_3_W_1_6632,True,road_1_2_1_1,458.24
550,fake_intersection_1_3_W_1_6633,True,road_1_2_1_1,459.24
550,90,False,road_1_2_1_1,549.2304034474131
550,5,False,road_1_2_1_1,556.7947176004949
550,32,False,road_1_2_1_1,564.2979134647361
550,4,False,road_1_2_1_1,571.7989320868487
550,27,False,road_1_2_2_0,173.0723360353485
550,396,False,road_1_2_3_1,29.11274821962596
550,372,False,road_1_2_3_1,352.0035089310847
550,309,False,road_1_2_3_1,564.2978863470603
550,179,False,road_1_2_3_1,571.7989029790325
550,fake_intersection_1_1_E_2_6608,True,road_1_2_3_2,458.24
550,fake_intersection_1_1_E_2_6609,True,road_1_2_3_2,459.24
550,fake_intersection_2_3_S_1_6656,True,road_1_3_0_1,618.24
550,fake_intersection_2_3_S_1_6657,True,road_1_3_0_1,619.24
550,fake_intersection_2_3_S_2_6658,True,road_1_3_0_2,618.24
550,fake_intersection_2_3_S_2_6659,True,road_1_3_0_2,619.24
550,198,False,road_1_3_1_0,156.40497983153935
550,352,False,road_1_3_2_0,111.79287042076778
550,330,False,road_1_3_2_0,134.82640068575034
550,317,False,road_1_3_2_0,294.7668098695326
550,276,False,road_1_3_2_0,739.9479638542679
550,fake_intersection_1_2_E_1_6616,True,road_1_3_3_1,458.24
550,fake_intersection_1_2_E_1_6617,True,road_1_3_3_1,459.24
550,fake_intersection_1_2_E_2_6618,True,road_1_3_3_2,458.24
550,fake_intersection_1_2_E_2_6619,True,road_1_3_3_2,459.24
550,85,False,road_1_4_0_1,659.4484853476529
550,67,False,road_1_4_0_1,676.7468383447612
550,382,False,road_1_4_2_0,236.43936377140108
550,400,False,road_1_4_3_0,3.247902303927157
550,415,False,road_1_4_3_1,83.56089896376163
550,374,False,road_1_4_3_1,201.5024238588024
550,399,False,road_1_4_3_1,279.0918384732046
550,356,False,road_1_4_3_1,346.768045045569
550,341,False,road_1_4_3_1,354.2690727809376
550,367,False,road_1_4_3_1,361.77013510350565
550,323,False,road_1_4_3_1,369.27115593726944
550,314,False,road_1_4_3_1,376.77215692551175
550,302,False,road_1_4_3_1,384.27329792231046
550,290,False,road_1_4_3_1,391.77430700745714
550,286,False,road_1_4_3_1,399.2753290474817
550,274,False,road_1_4_3_1,406.776330644413
550,306,False,road_1_4_3_1,414.2773511878951
550,292,False,road_1_4_3_1,421.77835247663864
550,249,False,road_1_4_3_1,429.27941192061724
550,222,False,road_1_4_3_1,436.7804732321487
550,227,False,road_1_4_3_1,444.2814922386365
550,217,False,road_1_4_3_1,451.7825189090721
550,215,False,road_1_4_3_1,459.283532775298
550,172,False,road_1_4_3_1,466.78463062401477
550,173,False,road_1_4_3_1,474.2857317627724
550,162,False,road_1_4_3_1,481.78674471447755
550,166,False,road_1_4_3_1,489.28781430553244
550,142,False,road_1_4_3_1,496.7888159579553
550,127,False,road_1_4_3_1,504.2898189538043
550,140,False,road_1_4_3_1,511.79085028794833
550,133,False,road_1_4_3_1,519.2918638830749
550,102,False,road_1_4_3_1,526.7929390470626
550,41,False,road_1_4_3_1,534.2939453519598
550,6,False,road_1_4_3_1,541.7949689842271
550,80,False,road_1_4_3_1,549.2959866355058
550,79,False,road_1_4_3_1,556.7969877053157
550,56,False,road_1_4_3_1,564.2979905379563
550,23,False,road_1_4_3_1,571.798997407685
550,339,False,road_1_4_3_2,556.7968674900659
550,183,False,road_1_4_3_2,564.2979237736337
550,22,False,road_1_4_3_2,571.7989561486653
550,460,False,road_1_5_3_0,134.73573285032322
550,443,False,road_1_5_3_1,373.13489830882565
550,fake_intersection_1_4_E_1_6636,True,road_1_5_3_1,469.12
550,fake_intersection_1_4_E_1_6637,True,road_1_5_3_1,470.12
550,fake_intersection_1_4_E_2_6638,True,road_1_5_3_2,469.12
550,fake_intersection_1_4_E_2_6639,True,road_1_5_3_2,470.12
550,260,False,road_2_1_0_0,391.61697925328025
550,282,False,road_2_1_0_0,433.23870407767623
550,279,False,road_2_1_0_0,491.7220836753756
550,336,False,road_2_1_0_1,85.46088642456502
550,312,False,road_2_1_0_1,450.54563622856205
550,299,False,road_2_1_0_1,577.146628799195
550,fake_intersection_3_1_S_1_6674,True,road_2_1_0_1,618.24
550,fake_intersection_3_1_S_1_6675,True,road_2_1_0_1,619.24
550,fake_intersection_3_1_S_2_6676,True,road_2_1_0_2,618.24
550,fake_intersection_3_1_S_2_6677,True,road_2_1_0_2,619.24
550,14,False,road_2_1_2_1,105.4289101779054
550,fake_intersection_1_1_N_1_6610,True,road_2_1_2_1,618.24
550,fake_intersection_1_1_N_1_6611,True,road_2_1_2_1,619.24
550,fake_intersection_1_1_N_2_6612,True,road_2_1_2_2,618.24
550,fake_intersection_1_1_N_2_6613,True,road_2_1_2_2,619.24
550,303,False,road_2_1_3_0,397.2298083841579
550,294,False,road_2_1_3_0,537.1657408192888
550,318,False,road_2_1_3_1,378.29551345038266
550,315,False,road_2_1_3_1,400.3637238619898
550,263,False,road_2_2_1_0,90.40882335782018
550,fake_intersection_2_3_W_1_6664,True,road_2_2_1_1,458.24
550,fake_intersection_2_3_W_1_6665,True,road_2_2_1_1,459.24
550,152,False,road_2_2_1_1,549.2959184635042
550,91,False,road_2_2_1_1,556.7969426073587
550,120,False,road_2_2_1_1,564.2979433006939
550,33,False,road_2_2_1_1,571.7989512852479
550,fake_intersection_2_3_W_2_6666,True,road_2_2_1_2,458.24
550,fake_intersection_2_3_W_2_6667,True,road_2_2_1_2,459.24
550,fake_intersection_1_2_N_1_6620,True,road_2_2_2_1,618.24
550,fake_intersection_1_2_N_1_6621,True,road_2_2_2_1,619.24
550,63,False,road_2_2_2_1,771.7989637820486
550,fake_intersection_1_2_N_2_6622,True,road_2_2_2_2,618.24
550,fake_intersection_1_2_N_2_6623,True,road_2_2_2_2,619.24
550,151,False,road_2_2_3_1,571.7989417208323
550,19,False,road_2_3_0_1,569.7764775387543
550,13,False,road_2_3_0_1,593.7365938106669
550,121,False,road_2_3_0_2,771.7989979218108
550,241,False,road_2_3_1_0,234.8855096044861
550,229,False,road_2_3_2_0,318.30788103755833
550,fake_intersection_1_3_N_1_6634,True,road_2_3_2_1,618.24
550,fake_intersection_1_3_N_1_6635,True,road_2_3_2_1,619.24
550,250,False,road_2_3_2_2,5.751070086999494
550,35,False,road_2_3_2_2,771.7989851420144
550,fake_intersection_3_4_S_1_6702,True,road_2_4_0_1,618.24
550,fake_intersection_3_4_S_1_6703,True,road_2_4_0_1,619.24
550,64,False,road_2_4_0_1,771.7989491181652
550,fake_intersection_3_4_S_2_6704,True,road_2_4_0_2,618.24
550,fake_intersection_3_4_S_2_6705,True,road_2_4_0_2,619.24
550,83,False,road_2_4_0_2,771.7989933468588
550,fake_intersection_1_4_N_1_6640,True,road_2_4_2_1,618.24
550,fake_intersection_1_4_N_1_6641,True,road_2_4_2_1,619.24
550,fake_intersection_1_4_N_2_6642,True,road_2_4_2_2,618.24
550,fake_intersection_1_4_N_2_6643,True,road_2_4_2_2,619.24
550,30,False,road_2_4_3_0,223.19066531067327
550,fake_intersection_2_3_E_1_6660,True,road_2_4_3_1,458.24
550,fake_intersection_2_3_E_1_6661,True,road_2_4_3_1,459.24
550,39,False,road_2_4_3_1,564.2978546503266
550,61,False,road_2_4_3_1,571.7989518358123
550,fake_intersection_2_3_E_2_6662,True,road_2_4_3_2,458.24
550,fake_intersection_2_3_E_2_6663,True,road_2_4_3_2,459.24
550,72,False,road_2_4_3_2,571.7989001196707
550,224,False,road_3_1_0_0,438.00400200301846
550,239,False,road_3_1_0_0,718.0157326313397
550,210,False,road_3_1_0_0,740.2634491687992
550,200,False,road_3_1_0_1,544.7535225911283
550,fake_intersection_4_1_S_1_6712,True,road_3_1_0_1,618.24
550,fake_intersection_4_1_S_1_6713,True,road_3_1_0_1,619.24
550,184,False,road_3_1_0_1,707.9814331536699
550,175,False,road_3_1_0_1,727.1480164133268
550,fake_intersection_4_1_S_2_6714,True,road_3_1_0_2,618.24
550,fake_intersection_4_1_S_2_6715,True,road_3_1_0_2,619.24
550,143,False,road_3_1_0_2,771.7989882056197
550,59,False,road_3_1_1_1,571.7989866918637
550,252,False,road_3_1_3_0,103.96035641116706
550,207,False,road_3_2_0_0,521.6091992227006
550,50,False,road_3_2_0_1,604.1981420140363
550,fake_intersection_4_2_S_2_6722,True,road_3_2_0_2,618.24
550,fake_intersection_4_2_S_2_6723,True,road_3_2_0_2,619.24
550,334,False,road_3_2_1_0,274.8606002975814
550,271,False,road_3_2_1_0,375.64765782792995
550,fake_intersection_3_3_W_1_6688,True,road_3_2_1_1,458.24
550,fake_intersection_3_3_W_1_6689,True,road_3_2_1_1,459.24
550,236,False,road_3_2_1_1,571.7989155687762
550,310,False,road_3_2_2_0,62.23160261156808
550,246,False,road_3_2_2_0,204.77175766987463
550,298,False,road_3_2_2_1,186.13783141102894
550,285,False,road_3_3_0_1,2.8796096050232833
550,fake_intersection_4_3_S_1_6738,True,road_3_3_0_1,618.24
550,fake_intersection_4_3_S_1_6739,True,road_3_3_0_1,619.24
550,fake_intersection_4_3_S_2_6740,True,road_3_3_0_2,618.24
550,fake_intersection_4_3_S_2_6741,True,road_3_3_0_2,619.24
550,fake_intersection_3_4_W_1_6698,True,road_3_3_1_1,458.24
550,fake_intersection_3_4_W_1_6699,True,road_3_3_1_1,459.24
550,fake_intersection_3_4_W_2_6700,True,road_3_3_1_2,458.24
550,fake_intersection_3_4_W_2_6701,True,road_3_3_1_2,459.24
550,fake_intersection_2_3_N_1_6652,True,road_3_3_2_1,618.24
550,fake_intersection_2_3_N_1_6653,True,road_3_3_2_1,619.24
550,293,False,road_3_3_2_1,762.2312883249773
550,fake_intersection_2_3_N_2_6654,True,road_3_3_2_2,618.24
550,fake_intersection_2_3_N_2_6655,True,road_3_3_2_2,619.24
550,49,False,road_3_3_2_2,764.2979629815909
550,158,False,road_3_3_2_2,771.7989787135056
550,277,False,road_3_4_0_1,522.461789656647
550,fake_intersection_4_4_S_1_6748,True,road_3_4_0_1,618.24
550,fake_intersection_4_4_S_1_6749,True,road_3_4_0_1,619.24
550,47,False,road_3_4_0_1,741.7948269375124
550,9,False,road_3_4_0_1,749.2958272573236
550,53,False,road_3_4_0_1,756.7968465444304
550,51,False,road_3_4_0_1,764.297883076179
550,37,False,road_3_4_0_1,771.7989017319449
550,fake_intersection_2_4_N_2_6668,True,road_3_4_2_2,618.24
550,fake_intersection_2_4_N_2_6669,True,road_3_4_2_2,619.24
550,fake_intersection_3_3_E_1_6682,True,road_3_4_3_1,458.24
550,fake_intersection_3_3_E_1_6683,True,road_3_4_3_1,459.24
550,17,False,road_3_4_3_1,571.7989103776712
550,fake_intersection_3_4_E_1_6690,True,road_3_5_3_1,469.12
550,fake_intersection_3_4_E_1_6691,True,road_3_5_3_1,470.12
550,fake_intersection_3_4_E_2_6692,True,road_3_5_3_2,469.12
550,fake_intersection_3_4_E_2_6693,True,road_3_5_3_2,470.12
550,452,False,road_4_0_1_0,200.35428398381336
550,432,False,road_4_0_1_1,433.49361672307674
550,390,False,road_4_0_1_1,442.8793291400165
550,369,False,road_4_0_1_1,450.3803523136364
550,349,False,road_4_0_1_1,457.8814245819826
550,329,False,road_4_0_1_1,465.382435939017
550,308,False,road_4_0_1_1,472.88351036982834
550,242,False,road_4_0_1_1,480.38455753970584
550,238,False,road_4_0_1_1,487.8855651452912
550,228,False,road_4_0_1_1,495.38661338524423
550,218,False,road_4_0_1_1,502.8876319246422
550,197,False,road_4_0_1_1,510.38863320897235
550,189,False,road_4_0_1_1,517.8896963306137
550,177,False,road_4_0_1_1,525.3906964045054
550,167,False,road_4_0_1_1,532.8917442186294
550,157,False,road_4_0_1_1,540.3927921719892
550,126,False,road_4_0_1_1,547.8938143191779
550,105,False,road_4_0_1_1,555.3948370422622
550,74,False,road_4_0_1_1,562.8958804751306
550,54,False,road_4_0_1_1,570.3968991281677
550,34,False,road_4_0_1_1,577.8979626755071
550,24,False,road_4_0_1_1,585.3989709774777
550,fake_intersection_4_1_W_2_6716,True,road_4_0_1_2,469.12
550,fake_intersection_4_1_W_2_6717,True,road_4_0_1_2,470.12
550,137,False,road_4_0_1_2,562.8959172536753
550,116,False,road_4_0_1_2,570.3969448594623
550,97,False,road_4_0_1_2,577.8979548004972
550,45,False,road_4_0_1_2,585.3989571672523
550,410,False,road_4_1_0_0,150.49498718871982
550,161,False,road_4_1_0_0,734.453463820677
550,fake_intersection_4_2_W_1_6724,True,road_4_1_1_1,458.24
550,fake_intersection_4_2_W_1_6725,True,road_4_1_1_1,459.24
550,fake_intersection_4_2_W_2_6726,True,road_4_1_1_2,458.24
550,fake_intersection_4_2_W_2_6727,True,road_4_1_1_2,459.24
550,fake_intersection_3_1_N_1_6670,True,road_4_1_2_1,618.24
550,fake_intersection_3_1_N_1_6671,True,road_4_1_2_1,619.24
550,fake_intersection_3_1_N_2_6672,True,road_4_1_2_2,618.24
550,fake_intersection_3_1_N_2_6673,True,road_4_1_2_2,619.24
550,44,False,road_4_2_0_0,499.323451612198
550,385,False,road_4_2_1_0,245.76172919912992
550,361,False,road_4_2_1_1,411.86881510373746
550,fake_intersection_4_3_W_1_6734,True,road_4_2_1_1,458.24
550,fake_intersection_4_3_W_1_6735,True,road_4_2_1_1,459.24
550,208,False,road_4_2_1_1,571.7989408224968
550,fake_intersection_4_3_W_2_6736,True,road_4_2_1_2,458.24
550,fake_intersection_4_3_W_2_6737,True,road_4_2_1_2,459.24
550,397,False,road_4_2_2_0,148.41416810621277
550,fake_intersection_3_2_N_1_6678,True,road_4_2_2_1,618.24
550,fake_intersection_3_2_N_1_6679,True,road_4_2_2_1,619.24
550,fake_intersection_3_2_N_2_6680,True,road_4_2_2_2,618.24
550,fake_intersection_3_2_N_2_6681,True,road_4_2_2_2,619.24
550,123,False,road_4_2_3_0,384.87949143183056
550,fake_intersection_4_1_E_1_6706,True,road_4_2_3_1,458.24
550,fake_intersection_4_1_E_1_6707,True,road_4_2_3_1,459.24
550,fake_intersection_4_1_E_2_6708,True,road_4_2_3_2,458.24
550,fake_intersection_4_1_E_2_6709,True,road_4_2_3_2,459.24
550,321,False,road_4_3_0_0,95.79040520373162
550,383,False,road_4_3_1_1,352.48982534609036
550,fake_intersection_4_4_W_1_6750,True,road_4_3_1_1,458.24
550,fake_intersection_4_4_W_1_6751,True,road_4_3_1_1,459.24
550,401,False,road_4_3_2_0,41.23716557404613
550,368,False,road_4_3_2_1,553.7029550241587
550,fake_intersection_3_3_N_1_6684,True,road_4_3_2_1,618.24
550,fake_intersection_3_3_N_1_6685,True,road_4_3_2_1,619.24
550,fake_intersection_3_3_N_2_6686,True,road_4_3_2_2,618.24
550,fake_intersection_3_3_N_2_6687,True,road_4_3_2_2,619.24
550,fake_intersection_4_2_E_1_6718,True,road_4_3_3_1,458.24
550,fake_intersection_4_2_E_1_6719,True,road_4_3_3_1,459.24
550,180,False,road_4_3_3_1,556.7968349428306
550,117,False,road_4_3_3_1,564.2978363232143
550,107,False,road_4_3_3_1,571.7989339901593
550,fake_intersection_4_2_E_2_6720,True,road_4_3_3_2,458.24
550,fake_intersection_4_2_E_2_6721,True,road_4_3_3_2,459.24
550,340,False,road_4_4_0_0,303.73827064784433
550,379,False,road_4_4_1_0,63.0315645420744
550,307,False,road_4_4_1_0,460.03536794861407
550,392,False,road_4_4_1_1,49.517696434637976
550,fake_intersection_3_4_N_1_6694,True,road_4_4_2_1,618.24
550,fake_intersection_3_4_N_1_6695,True,road_4_4_2_1,619.24
550,163,False,road_4_4_2_1,734.2937900616366
550,131,False,road_4_4_2_1,741.7948879583921
550,119,False,road_4_4_2_1,749.2958964981461
550,92,False,road_4_4_2_1,756.7969342743186
550,109,False,road_4_4_2_1,764.2979723922394
550,103,False,road_4_4_2_1,771.7989727513682
550,fake_intersection_3_4_N_2_6696,True,road_4_4_2_2,618.24
550,fake_intersection_3_4_N_2_6697,True,road_4_4_2_2,619.24
550,81,False,road_4_4_2_2,771.7989874836612
550,fake_intersection_4_3_E_1_6730,True,road_4_4_3_1,458.24
550,fake_intersection_4_3_E_1_6731,True,road_4_4_3_1,459.24
550,fake_intersection_4_3_E_2_6732,True,road_4_4_3_2,458.24
550,fake_intersection_4_3_E_2_6733,True,road_4_4_3_2,459.24
550,fake_intersection_4_1_N_1_6710,True,road_5_1_2_1,629.12
550,fake_intersection_4_1_N_1_6711,True,road_5_1_2_1,630.12
550,448,False,road_5_2_2_0,229.0243184763297
550,436,False,road_5_2_2_0,364.3369296501892
550,458,False,road_5_2_2_1,83.78077482538039
550,422,False,road_5_2_2_1,540.0229928262764
550,409,False,road_5_2_2_1,705.5978695627722
550,fake_intersection_4_2_N_2_6728,True,road_5_2_2_2,629.12
550,fake_intersection_4_2_N_2_6729,True,road_5_2_2_2,630.12
550,373,False,road_5_2_2_2,777.8979547942877
550,258,False,road_5_2_2_2,785.3989721904102
550,461,False,road_5_3_2_0,108.81115741845484
550,444,False,road_5_3_2_0,266.9584118322632
550,416,False,road_5_3_2_0,739.4669551727299
550,fake_intersection_4_3_N_1_6742,True,road_5_3_2_1,629.12
550,fake_intersection_4_3_N_1_6743,True,road_5_3_2_1,630.12
550,430,False,road_5_3_2_1,637.6382423260517
550,fake_intersection_4_3_N_2_6744,True,road_5_3_2_2,629.12
550,fake_intersection_4_3_N_2_6745,True,road_5_3_2_2,630.12
550,325,False,road_5_3_2_2,785.3989500010405
550,455,False,road_5_4_2_0,130.45950171925978
550,451,False,road_5_4_2_0,199.0698699487852
550,446,False,road_5_4_2_0,283.6036707005041
550,434,False,road_5_4_2_0,299.50941792396804
550,406,False,road_5_4_2_0,694.349931945816
550,467,False,road_5_4_2_1,22.268584161514035
550,463,False,road_5_4_2_1,91.85017411701875
550,440,False,road_5_4_2_1,298.81965958753415
550,427,False,road_5_4_2_1,473.9956613573893
550,424,False,road_5_4_2_1,509.2473645854826
550,413,False,road_5_4_2_1,526.5535573006696
550,419,False,road_5_4_2_1,597.7843013138208
550,403,False,road_5_4_2_1,605.373699966519
550,395,False,road_5_4_2_1,612.8747254437371
550,388,False,road_5_4_2_1,620.3757463413459
550,376,False,road_5_4_2_1,627.8767956119979
550,371,False,road_5_4_2_1,635.3778255001266
550,359,False,road_5_4_2_1,642.8788824559869
550,343,False,road_5_4_2_1,650.379889234652
550,348,False,road_5_4_2_1,657.8809643960758
550,337,False,road_5_4_2_1,665.3819984070273
550,327,False,road_5_4_2_1,672.8830631511408
550,319,False,road_5_4_2_1,680.3841184042726
550,313,False,road_5_4_2_1,687.8851643788727
550,304,False,road_5_4_2_1,695.3862195297096
550,283,False,road_5_4_2_1,702.8873039076007
550,280,False,road_5_4_2_1,710.3883196340677
550,268,False,road_5_4_2_1,717.8894167205933
550,256,False,road_5_4_2_1,725.390421227733
550,253,False,road_5_4_2_1,732.891462598536
550,244,False,road_5_4_2_1,740.3924982110943
550,234,False,road_5_4_2_1,747.8935625359286
550,230,False,road_5_4_2_1,755.394587830096
550,206,False,road_5_4_2_1,762.8956213105093
550,187,False,road_5_4_2_1,770.3967137256591
550,174,False,road_5_4_2_1,777.8978116531808
550,171,False,road_5_4_2_1,785.3989081225037
550,fake_intersection_4_4_N_2_6746,True,road_5_4_2_2,629.12
550,fake_intersection_4_4_N_2_6747,True,road_5_4_2_2,630.12
550,364,False,road_5_4_2_2,762.8958658680856
550,316,False,road_5_4_2_2,770.3968690758595
550,181,False,road_5_4_2_2,777.8978722616686
550,146,False,road_5_4_2_2,785.3989106336303
560,409,False,:intersection_4_2_12_1,22.581799385998966
560,373,False,:intersection_4_2_15_1,7.39942174574315
560,406,False,:intersection_4_4_9_0,3.1464685218010118
560,469,False,road_0_1_0_0,70.3957853070265
560,466,False,road_0_1_0_0,143.6231545404599
560,454,False,road_0_1_0_0,229.4625214667151
560,450,False,road_0_1_0_0,351.46283127007104
560,445,False,road_0_1_0_0,383.0838074986143
560,439,False,road_0_1_0_0,419.54204040725665
560,478,False,road_0_1_0_1,14.606768964664562
560,462,False,road_0_1_0_1,207.43511140398
560,433,False,road_0_1_0_1,542.3937174543165
560,426,False,road_0_1_0_1,614.3172230721376
560,fake_intersection_1_1_S_1_6756,True,road_0_1_0_1,629.12
560,fake_intersection_1_1_S_1_6757,True,road_0_1_0_1,630.12
560,418,False,road_0_1_0_1,650.023292602475
560,412,False,road_0_1_0_1,742.3543236074249
560,405,False,road_0_1_0_1,785.1184623248197
560,423,False,road_0_1_0_2,640.5197981422895
560,471,False,road_0_2_0_0,73.43809948207246
560,457,False,road_0_2_0_0,223.1216958373268
560,447,False,road_0_2_0_0,447.86962071985363
560,435,False,road_0_2_0_0,554.2803130377514
560,fake_intersection_1_2_S_1_6770,True,road_0_2_0_1,629.12
560,fake_intersection_1_2_S_1_6771,True,road_0_2_0_1,630.12
560,421,False,road_0_2_0_1,669.6500887249944
560,408,False,road_0_2_0_1,732.8916472595837
560,384,False,road_0_2_0_1,740.3926787302636
560,345,False,road_0_2_0_1,747.8936793671674
560,333,False,road_0_2_0_1,755.3946891133974
560,284,False,road_0_2_0_1,762.8957799688859
560,270,False,road_0_2_0_1,770.3968579291762
560,245,False,road_0_2_0_1,777.8978611463334
560,235,False,road_0_2_0_1,785.3989547030759
560,fake_intersection_1_2_S_2_6772,True,road_0_2_0_2,629.12
560,fake_intersection_1_2_S_2_6773,True,road_0_2_0_2,630.12
560,257,False,road_0_2_0_2,785.3989629789191
560,468,False,road_0_4_0_0,103.05105742798759
560,465,False,road_0_4_0_0,159.86400988591066
560,438,False,road_0_4_0_0,550.0213187948094
560,476,False,road_0_4_0_1,28.988248244125646
560,464,False,road_0_4_0_1,220.75779816093598
560,456,False,road_0_4_0_1,256.60660806414177
560,453,False,road_0_4_0_1,284.7175258577368
560,449,False,road_0_4_0_1,336.33930801669715
560,441,False,road_0_4_0_1,345.19780140278385
560,437,False,road_0_4_0_1,353.6276733229529
560,425,False,road_0_4_0_1,361.6904525373853
560,420,False,road_0_4_0_1,369.9686267311838
560,417,False,road_0_4_0_1,378.5269086447762
560,411,False,road_0_4_0_1,386.5666701829549
560,407,False,road_0_4_0_1,394.71695704774436
560,393,False,road_0_4_0_1,402.44261241191936
560,389,False,road_0_4_0_1,410.04309254483945
560,386,False,road_0_4_0_1,417.6536118231042
560,380,False,road_0_4_0_1,425.267964420368
560,377,False,road_0_4_0_1,432.8047584112102
560,365,False,road_0_4_0_1,440.32389555475805
560,362,False,road_0_4_0_1,447.835684022392
560,357,False,road_0_4_0_1,455.34662065588935
560,350,False,road_0_4_0_1,462.8511541481211
560,344,False,road_0_4_0_1,470.3547712673347
560,335,False,road_0_4_0_1,477.8564219203191
560,328,False,road_0_4_0_1,485.35748569170937
560,324,False,road_0_4_0_1,492.8585967026867
560,311,False,road_0_4_0_1,500.35961724870987
560,301,False,road_0_4_0_1,507.8606178923426
560,296,False,road_0_4_0_1,515.3616941109744
560,281,False,road_0_4_0_1,522.8627050932647
560,278,False,road_0_4_0_1,530.3637385687731
560,269,False,road_0_4_0_1,537.8647467401895
560,259,False,road_0_4_0_1,545.3657742264767
560,265,False,road_0_4_0_1,552.8668949112945
560,254,False,road_0_4_0_1,560.367984107077
560,251,False,road_0_4_0_1,567.8690451003424
560,237,False,road_0_4_0_1,575.3701223207883
560,233,False,road_0_4_0_1,582.8711433572015
560,231,False,road_0_4_0_1,590.3721518132079
560,226,False,road_0_4_0_1,597.8731536316054
560,223,False,road_0_4_0_1,605.3741639405346
560,211,False,road_0_4_0_1,612.8751727318579
560,199,False,road_0_4_0_1,620.3762008849677
560,205,False,road_0_4_0_1,627.8772512701938
560,202,False,road_0_4_0_1,635.3782734196723
560,194,False,road_0_4_0_1,642.8792823758755
560,191,False,road_0_4_0_1,650.3802948359938
560,188,False,road_0_4_0_1,657.8813005475105
560,182,False,road_0_4_0_1,665.3823580846331
560,176,False,road_0_4_0_1,672.8833628860575
560,168,False,road_0_4_0_1,680.3843651762504
560,160,False,road_0_4_0_1,687.8853953885979
560,144,False,road_0_4_0_1,695.3863993770053
560,153,False,road_0_4_0_1,702.8874951501418
560,150,False,road_0_4_0_1,710.3884963287783
560,136,False,road_0_4_0_1,717.8895413058523
560,134,False,road_0_4_0_1,725.3906108836395
560,124,False,road_0_4_0_1,732.8917025785581
560,122,False,road_0_4_0_1,740.3927333846185
560,110,False,road_0_4_0_1,747.8937453279347
560,104,False,road_0_4_0_1,755.3948245181624
560,108,False,road_0_4_0_1,762.8958479974048
560,101,False,road_0_4_0_1,770.3968757792886
560,96,False,road_0_4_0_1,777.897975934924
560,88,False,road_0_4_0_1,785.3989828356193
560,431,False,road_0_4_0_2,454.35197588220694
560,213,False,road_0_4_0_2,732.8917321253386
560,195,False,road_0_4_0_2,740.3927709707751
560,164,False,road_0_4_0_2,747.8937941740246
560,130,False,road_0_4_0_2,755.3948005896773
560,115,False,road_0_4_0_2,762.895824550185
560,118,False,road_0_4_0_2,770.3968643742542
560,93,False,road_0_4_0_2,777.8978932754937
560,69,False,road_0_4_0_2,785.3989879656378
560,474,False,road_1_0_1_0,48.786386729860524
560,459,False,road_1_0_1_0,169.0534414537133
560,428,False,road_1_0_1_1,472.88351036386064
560,398,False,road_1_0_1_1,480.38451237366803
560,366,False,road_1_0_1_1,487.8855212216343
560,338,False,road_1_0_1_1,495.3865315562956
560,322,False,road_1_0_1_1,502.8875966179961
560,305,False,road_1_0_1_1,510.38865326187357
560,291,False,road_1_0_1_1,517.8896536068149
560,275,False,road_1_0_1_1,525.3906647543819
560,203,False,road_1_0_1_1,532.8917586810945
560,185,False,road_1_0_1_1,540.3928497049037
560,165,False,road_1_0_1_1,547.8938894346898
560,132,False,road_1_0_1_1,555.3949439234823
560,111,False,road_1_0_1_1,562.8959783957997
560,77,False,road_1_0_1_1,570.3969840486556
560,57,False,road_1_0_1_1,577.897986719655
560,21,False,road_1_0_1_1,585.3989910327766
560,442,False,road_1_0_1_2,415.71329405711685
560,381,False,road_1_0_1_2,577.8979180440788
560,247,False,road_1_0_1_2,585.3989791711863
560,387,False,road_1_1_0_0,113.6897981132266
560,375,False,road_1_1_0_0,149.8809416174831
560,391,False,road_1_1_0_0,190.9288321375993
560,363,False,road_1_1_0_0,381.7791616659441
560,347,False,road_1_1_0_0,423.627548328824
560,370,False,road_1_1_0_0,563.0138149184265
560,414,False,road_1_1_0_1,141.66710258933114
560,394,False,road_1_1_0_1,177.79540707205794
560,351,False,road_1_1_0_1,576.8295048747299
560,354,False,road_1_1_0_1,611.1855467341837
560,358,False,road_1_1_0_1,661.3941816954118
560,402,False,road_1_1_1_0,94.70728920815256
560,fake_intersection_1_2_W_1_6766,True,road_1_1_1_1,458.24
560,fake_intersection_1_2_W_1_6767,True,road_1_1_1_1,459.24
560,fake_intersection_1_2_W_2_6768,True,road_1_1_1_2,458.24
560,fake_intersection_1_2_W_2_6769,True,road_1_1_1_2,459.24
560,360,False,road_1_1_2_0,253.02656933312002
560,297,False,road_1_1_2_0,627.3065412323241
560,320,False,road_1_1_2_0,705.8311078739015
560,378,False,road_1_1_3_0,244.15346215303526
560,fake_intersection_2_2_S_1_6794,True,road_1_2_0_1,618.24
560,fake_intersection_2_2_S_1_6795,True,road_1_2_0_1,619.24
560,fake_intersection_2_2_S_2_6796,True,road_1_2_0_2,618.24
560,fake_intersection_2_2_S_2_6797,True,road_1_2_0_2,619.24
560,255,False,road_1_2_1_0,379.36484213513967
560,fake_intersection_1_3_W_1_6774,True,road_1_2_1_1,458.24
560,fake_intersection_1_3_W_1_6775,True,road_1_2_1_1,459.24
560,90,False,road_1_2_1_1,549.2958908819285
560,5,False,road_1_2_1_1,556.7968950836462
560,32,False,road_1_2_1_1,564.2979134647361
560,4,False,road_1_2_1_1,571.7989320868487
560,27,False,road_1_2_2_0,271.65389959531865
560,396,False,road_1_2_3_0,130.69520903324855
560,372,False,road_1_2_3_1,458.8481257333612
560,309,False,road_1_2_3_1,564.2978863470603
560,179,False,road_1_2_3_1,571.7989029790325
560,fake_intersection_1_1_E_2_6752,True,road_1_2_3_2,458.24
560,fake_intersection_1_1_E_2_6753,True,road_1_2_3_2,459.24
560,fake_intersection_2_3_S_1_6802,True,road_1_3_0_1,618.24
560,fake_intersection_2_3_S_1_6803,True,road_1_3_0_1,619.24
560,fake_intersection_2_3_S_2_6804,True,road_1_3_0_2,618.24
560,fake_intersection_2_3_S_2_6805,True,road_1_3_0_2,619.24
560,198,False,road_1_3_1_0,269.84253441444355
560,fake_intersection_1_4_W_1_6784,True,road_1_3_1_1,458.24
560,fake_intersection_1_4_W_1_6785,True,road_1_3_1_1,459.24
560,352,False,road_1_3_2_0,213.60743779749367
560,330,False,road_1_3_2_0,234.45979359349008
560,317,False,road_1_3_2_0,396.7437287696565
560,fake_intersection_1_2_E_1_6758,True,road_1_3_3_1,458.24
560,fake_intersection_1_2_E_1_6759,True,road_1_3_3_1,459.24
560,fake_intersection_1_2_E_2_6760,True,road_1_3_3_2,458.24
560,fake_intersection_1_2_E_2_6761,True,road_1_3_3_2,459.24
560,85,False,road_1_4_0_1,754.196611886777
560,67,False,road_1_4_0_1,772.378130342983
560,382,False,road_1_4_2_0,325.37622043981094
560,400,False,road_1_4_3_0,103.54401866016512
560,404,False,road_1_4_3_1,52.113013571270855
560,429,False,road_1_4_3_1,111.61259794944316
560,415,False,road_1_4_3_1,196.19300132836815
560,374,False,road_1_4_3_1,296.25491109629394
560,399,False,road_1_4_3_1,339.26589747702315
560,356,False,road_1_4_3_1,346.7681643480023
560,341,False,road_1_4_3_1,354.2691960564584
560,367,False,road_1_4_3_1,361.7702405755164
560,323,False,road_1_4_3_1,369.27125662725615
560,314,False,road_1_4_3_1,376.7722667116351
560,302,False,road_1_4_3_1,384.27329792231046
560,290,False,road_1_4_3_1,391.77430700745714
560,286,False,road_1_4_3_1,399.2753290474817
560,274,False,road_1_4_3_1,406.776330644413
560,306,False,road_1_4_3_1,414.2773511878951
560,292,False,road_1_4_3_1,421.77835247663864
560,249,False,road_1_4_3_1,429.27941192061724
560,222,False,road_1_4_3_1,436.7804732321487
560,227,False,road_1_4_3_1,444.2814922386365
560,217,False,road_1_4_3_1,451.7825189090721
560,215,False,road_1_4_3_1,459.283532775298
560,172,False,road_1_4_3_1,466.78463062401477
560,173,False,road_1_4_3_1,474.2857317627724
560,162,False,road_1_4_3_1,481.78674471447755
560,166,False,road_1_4_3_1,489.28781430553244
560,142,False,road_1_4_3_1,496.7888159579553
560,127,False,road_1_4_3_1,504.2898189538043
560,140,False,road_1_4_3_1,511.79085028794833
560,133,False,road_1_4_3_1,519.2918638830749
560,102,False,road_1_4_3_1,526.7929390470626
560,41,False,road_1_4_3_1,534.2939453519598
560,6,False,road_1_4_3_1,541.7949689842271
560,80,False,road_1_4_3_1,549.2959866355058
560,79,False,road_1_4_3_1,556.7969877053157
560,56,False,road_1_4_3_1,564.2979905379563
560,23,False,road_1_4_3_1,571.798997407685
560,339,False,road_1_4_3_2,556.7968674900659
560,183,False,road_1_4_3_2,564.2979237736337
560,22,False,road_1_4_3_2,571.7989561486653
560,460,False,road_1_5_3_0,254.1333321387679
560,475,False,road_1_5_3_1,45.86255862093911
560,fake_intersection_1_4_E_1_6778,True,road_1_5_3_1,469.12
560,fake_intersection_1_4_E_1_6779,True,road_1_5_3_1,470.12
560,443,False,road_1_5_3_1,504.57085206485095
560,fake_intersection_2_1_W_1_6790,True,road_2_0_1_1,469.12
560,fake_intersection_2_1_W_1_6791,True,road_2_0_1_1,470.12
560,fake_intersection_2_1_W_2_6792,True,road_2_0_1_2,469.12
560,fake_intersection_2_1_W_2_6793,True,road_2_0_1_2,470.12
560,331,False,road_2_1_0_0,98.05966800160775
560,336,False,road_2_1_0_0,205.67116467125783
560,260,False,road_2_1_0_0,467.8638178383127
560,282,False,road_2_1_0_0,532.9544872794016
560,279,False,road_2_1_0_0,591.3198209889606
560,312,False,road_2_1_0_1,566.4104010534123
560,fake_intersection_3_1_S_1_6820,True,road_2_1_0_1,618.24
560,fake_intersection_3_1_S_1_6821,True,road_2_1_0_1,619.24
560,299,False,road_2_1_0_1,699.5535923639196
560,fake_intersection_3_1_S_2_6822,True,road_2_1_0_2,618.24
560,fake_intersection_3_1_S_2_6823,True,road_2_1_0_2,619.24
560,14,False,road_2_1_2_0,210.92068906982243
560,fake_intersection_1_1_N_1_6754,True,road_2_1_2_1,618.24
560,fake_intersection_1_1_N_1_6755,True,road_2_1_2_1,619.24
560,326,False,road_2_1_3_0,22.572289645919334
560,303,False,road_2_1_3_0,507.021261513738
560,315,False,road_2_1_3_1,521.3160545810854
560,318,False,road_2_1_3_2,500.69330984878246
560,263,False,road_2_2_1_0,190.4691501826412
560,fake_intersection_2_3_W_1_6810,True,road_2_2_1_1,458.24
560,fake_intersection_2_3_W_1_6811,True,road_2_2_1_1,459.24
560,152,False,road_2_2_1_1,549.2959184635042
560,91,False,road_2_2_1_1,556.7969426073587
560,120,False,road_2_2_1_1,564.2979433006939
560,33,False,road_2_2_1_1,571.7989512852479
560,fake_intersection_2_3_W_2_6812,True,road_2_2_1_2,458.24
560,fake_intersection_2_3_W_2_6813,True,road_2_2_1_2,459.24
560,fake_intersection_1_2_N_1_6762,True,road_2_2_2_1,618.24
560,fake_intersection_1_2_N_1_6763,True,road_2_2_2_1,619.24
560,63,False,road_2_2_2_1,771.7989637820486
560,fake_intersection_1_2_N_2_6764,True,road_2_2_2_2,618.24
560,fake_intersection_1_2_N_2_6765,True,road_2_2_2_2,619.24
560,fake_intersection_2_1_E_1_6786,True,road_2_2_3_1,458.24
560,fake_intersection_2_1_E_1_6787,True,road_2_2_3_1,459.24
560,151,False,road_2_2_3_1,571.7989417208323
560,fake_intersection_2_1_E_2_6788,True,road_2_2_3_2,458.24
560,fake_intersection_2_1_E_2_6789,True,road_2_2_3_2,459.24
560,fake_intersection_3_3_S_1_6840,True,road_2_3_0_1,618.24
560,fake_intersection_3_3_S_1_6841,True,road_2_3_0_1,619.24
560,19,False,road_2_3_0_1,690.29915333828
560,13,False,road_2_3_0_1,711.0667439877336
560,121,False,road_2_3_0_2,771.7989979218108
560,241,False,road_2_3_1_1,342.87257728823823
560,293,False,road_2_3_2_0,80.00948144526441
560,186,False,road_2_3_2_0,99.33680286774077
560,229,False,road_2_3_2_0,422.56518541803274
560,fake_intersection_1_3_N_1_6776,True,road_2_3_2_1,618.24
560,fake_intersection_1_3_N_1_6777,True,road_2_3_2_1,619.24
560,250,False,road_2_3_2_2,100.94081272635282
560,35,False,road_2_3_2_2,771.7989851420144
560,fake_intersection_3_4_S_1_6854,True,road_2_4_0_1,618.24
560,fake_intersection_3_4_S_1_6855,True,road_2_4_0_1,619.24
560,64,False,road_2_4_0_1,771.7989491181652
560,fake_intersection_3_4_S_2_6856,True,road_2_4_0_2,618.24
560,fake_intersection_3_4_S_2_6857,True,road_2_4_0_2,619.24
560,83,False,road_2_4_0_2,771.7989933468588
560,fake_intersection_1_4_N_1_6780,True,road_2_4_2_1,618.24
560,fake_intersection_1_4_N_1_6781,True,road_2_4_2_1,619.24
560,fake_intersection_1_4_N_2_6782,True,road_2_4_2_2,618.24
560,fake_intersection_1_4_N_2_6783,True,road_2_4_2_2,619.24
560,30,False,road_2_4_3_1,349.1590697358388
560,fake_intersection_2_3_E_1_6806,True,road_2_4_3_1,458.24
560,fake_intersection_2_3_E_1_6807,True,road_2_4_3_1,459.24
560,39,False,road_2_4_3_1,564.2978546503266
560,61,False,road_2_4_3_1,571.7989518358123
560,fake_intersection_2_3_E_2_6808,True,road_2_4_3_2,458.24
560,fake_intersection_2_3_E_2_6809,True,road_2_4_3_2,459.24
560,72,False,road_2_4_3_2,571.7989001196707
560,224,False,road_3_1_0_1,543.9264275356721
560,fake_intersection_4_1_S_1_6862,True,road_3_1_0_1,618.24
560,fake_intersection_4_1_S_1_6863,True,road_3_1_0_1,619.24
560,200,False,road_3_1_0_1,644.5448380286551
560,fake_intersection_4_1_S_2_6864,True,road_3_1_0_2,618.24
560,fake_intersection_4_1_S_2_6865,True,road_3_1_0_2,619.24
560,143,False,road_3_1_0_2,771.7989882056197
560,59,False,road_3_1_1_1,571.7989866918637
560,252,False,road_3_1_3_0,204.33772601700537
560,fake_intersection_4_2_S_1_6870,True,road_3_2_0_1,618.24
560,fake_intersection_4_2_S_1_6871,True,road_3_2_0_1,619.24
560,207,False,road_3_2_0_1,623.1686244731862
560,50,False,road_3_2_0_1,692.0306793891542
560,fake_intersection_4_2_S_2_6872,True,road_3_2_0_2,618.24
560,fake_intersection_4_2_S_2_6873,True,road_3_2_0_2,619.24
560,334,False,road_3_2_1_0,397.5337333138488
560,271,False,road_3_2_1_0,462.5973479334258
560,fake_intersection_3_3_W_1_6836,True,road_3_2_1_1,458.24
560,fake_intersection_3_3_W_1_6837,True,road_3_2_1_1,459.24
560,236,False,road_3_2_1_1,571.7989155687762
560,fake_intersection_3_3_W_2_6838,True,road_3_2_1_2,458.24
560,fake_intersection_3_3_W_2_6839,True,road_3_2_1_2,459.24
560,310,False,road_3_2_2_0,154.68889159204002
560,246,False,road_3_2_2_0,307.35573283112683
560,346,False,road_3_2_2_1,103.33760026847936
560,298,False,road_3_2_2_1,290.35033751928705
560,285,False,road_3_3_0_0,111.40838158868591
560,fake_intersection_4_3_S_1_6890,True,road_3_3_0_1,618.24
560,fake_intersection_4_3_S_1_6891,True,road_3_3_0_1,619.24
560,fake_intersection_4_3_S_2_6892,True,road_3_3_0_2,618.24
560,fake_intersection_4_3_S_2_6893,True,road_3_3_0_2,619.24
560,fake_intersection_3_4_W_1_6850,True,road_3_3_1_1,458.24
560,fake_intersection_3_4_W_1_6851,True,road_3_3_1_1,459.24
560,fake_intersection_3_4_W_2_6852,True,road_3_3_1_2,458.24
560,fake_intersection_3_4_W_2_6853,True,road_3_3_1_2,459.24
560,fake_intersection_2_3_N_1_6798,True,road_3_3_2_1,618.24
560,fake_intersection_2_3_N_1_6799,True,road_3_3_2_1,619.24
560,fake_intersection_2_3_N_2_6800,True,road_3_3_2_2,618.24
560,fake_intersection_2_3_N_2_6801,True,road_3_3_2_2,619.24
560,49,False,road_3_3_2_2,764.2979629815909
560,158,False,road_3_3_2_2,771.7989787135056
560,fake_intersection_4_4_S_1_6898,True,road_3_4_0_1,618.24
560,fake_intersection_4_4_S_1_6899,True,road_3_4_0_1,619.24
560,277,False,road_3_4_0_1,649.092621076472
560,47,False,road_3_4_0_1,741.7948269375124
560,9,False,road_3_4_0_1,749.2958272573236
560,53,False,road_3_4_0_1,756.7968465444304
560,51,False,road_3_4_0_1,764.297883076179
560,37,False,road_3_4_0_1,771.7989017319449
560,fake_intersection_2_4_N_2_6814,True,road_3_4_2_2,618.24
560,fake_intersection_2_4_N_2_6815,True,road_3_4_2_2,619.24
560,81,False,road_3_4_3_1,57.55762793681077
560,fake_intersection_3_3_E_1_6828,True,road_3_4_3_1,458.24
560,fake_intersection_3_3_E_1_6829,True,road_3_4_3_1,459.24
560,17,False,road_3_4_3_1,571.7989103776712
560,fake_intersection_3_3_E_2_6830,True,road_3_4_3_2,458.24
560,fake_intersection_3_3_E_2_6831,True,road_3_4_3_2,459.24
560,fake_intersection_3_4_E_1_6842,True,road_3_5_3_1,469.12
560,fake_intersection_3_4_E_1_6843,True,road_3_5_3_1,470.12
560,fake_intersection_3_4_E_2_6844,True,road_3_5_3_2,469.12
560,fake_intersection_3_4_E_2_6845,True,road_3_5_3_2,470.12
560,473,False,road_4_0_1_0,45.968257262853754
560,452,False,road_4_0_1_0,303.70198042574185
560,432,False,road_4_0_1_1,435.37827323159064
560,390,False,road_4_0_1_1,442.8793291400165
560,369,False,road_4_0_1_1,450.3803523136364
560,349,False,road_4_0_1_1,457.8814245819826
560,329,False,road_4_0_1_1,465.382435939017
560,308,False,road_4_0_1_1,472.88351036982834
560,242,False,road_4_0_1_1,480.38455753970584
560,238,False,road_4_0_1_1,487.8855651452912
560,228,False,road_4_0_1_1,495.38661338524423
560,218,False,road_4_0_1_1,502.8876319246422
560,197,False,road_4_0_1_1,510.38863320897235
560,189,False,road_4_0_1_1,517.8896963306137
560,177,False,road_4_0_1_1,525.3906964045054
560,167,False,road_4_0_1_1,532.8917442186294
560,157,False,road_4_0_1_1,540.3927921719892
560,126,False,road_4_0_1_1,547.8938143191779
560,105,False,road_4_0_1_1,555.3948370422622
560,74,False,road_4_0_1_1,562.8958804751306
560,54,False,road_4_0_1_1,570.3968991281677
560,34,False,road_4_0_1_1,577.8979626755071
560,24,False,road_4_0_1_1,585.3989709774777
560,137,False,road_4_0_1_2,562.8959172536753
560,116,False,road_4_0_1_2,570.3969448594623
560,97,False,road_4_0_1_2,577.8979548004972
560,45,False,road_4_0_1_2,585.3989571672523
560,184,False,road_4_1_0_0,1.7317336975904958
560,175,False,road_4_1_0_0,21.315031877493297
560,410,False,road_4_1_0_0,266.6199996493178
560,fake_intersection_4_2_W_1_6878,True,road_4_1_1_1,458.24
560,fake_intersection_4_2_W_1_6879,True,road_4_1_1_1,459.24
560,fake_intersection_4_2_W_2_6880,True,road_4_1_1_2,458.24
560,fake_intersection_4_2_W_2_6881,True,road_4_1_1_2,459.24
560,fake_intersection_3_1_N_1_6816,True,road_4_1_2_1,618.24
560,fake_intersection_3_1_N_1_6817,True,road_4_1_2_1,619.24
560,fake_intersection_3_1_N_2_6818,True,road_4_1_2_2,618.24
560,fake_intersection_3_1_N_2_6819,True,road_4_1_2_2,619.24
560,239,False,road_4_1_3_0,33.632656030414964
560,210,False,road_4_1_3_0,57.23153441011367
560,44,False,road_4_2_0_0,609.3151121659308
560,385,False,road_4_2_1_1,356.0241790200212
560,fake_intersection_4_3_W_1_6886,True,road_4_2_1_1,458.24
560,fake_intersection_4_3_W_1_6887,True,road_4_2_1_1,459.24
560,361,False,road_4_2_1_1,512.1985204118478
560,208,False,road_4_2_1_1,571.7989408224968
560,fake_intersection_4_3_W_2_6888,True,road_4_2_1_2,458.24
560,fake_intersection_4_3_W_2_6889,True,road_4_2_1_2,459.24
560,397,False,road_4_2_2_0,266.553187617054
560,fake_intersection_3_2_N_1_6824,True,road_4_2_2_1,618.24
560,fake_intersection_3_2_N_1_6825,True,road_4_2_2_1,619.24
560,fake_intersection_3_2_N_2_6826,True,road_4_2_2_2,618.24
560,fake_intersection_3_2_N_2_6827,True,road_4_2_2_2,619.24
560,123,False,road_4_2_3_0,490.2033220630203
560,258,False,road_4_2_3_1,3.5279715756527494
560,fake_intersection_4_1_E_1_6858,True,road_4_2_3_1,458.24
560,fake_intersection_4_1_E_1_6859,True,road_4_2_3_1,459.24
560,321,False,road_4_3_0_0,187.91885854110885
560,fake_intersection_4_4_W_1_6900,True,road_4_3_1_1,458.24
560,fake_intersection_4_4_W_1_6901,True,road_4_3_1_1,459.24
560,383,False,road_4_3_1_1,475.6338406331005
560,416,False,road_4_3_1_2,47.32492301671729
560,401,False,road_4_3_2_0,149.56041291176342
560,fake_intersection_3_3_N_1_6832,True,road_4_3_2_1,618.24
560,fake_intersection_3_3_N_1_6833,True,road_4_3_2_1,619.24
560,368,False,road_4_3_2_1,673.2094999435968
560,fake_intersection_3_3_N_2_6834,True,road_4_3_2_2,618.24
560,fake_intersection_3_3_N_2_6835,True,road_4_3_2_2,619.24
560,fake_intersection_4_2_E_1_6866,True,road_4_3_3_1,458.24
560,fake_intersection_4_2_E_1_6867,True,road_4_3_3_1,459.24
560,180,False,road_4_3_3_1,556.7968349428306
560,117,False,road_4_3_3_1,564.2978363232143
560,107,False,road_4_3_3_1,571.7989339901593
560,fake_intersection_4_2_E_2_6868,True,road_4_3_3_2,458.24
560,fake_intersection_4_2_E_2_6869,True,road_4_3_3_2,459.24
560,340,False,road_4_4_0_0,420.25996731362824
560,353,False,road_4_4_1_0,106.35232155144325
560,379,False,road_4_4_1_0,148.78924930961253
560,307,False,road_4_4_1_0,565.5405129849839
560,392,False,road_4_4_1_1,154.39421705895217
560,fake_intersection_3_4_N_1_6846,True,road_4_4_2_1,618.24
560,fake_intersection_3_4_N_1_6847,True,road_4_4_2_1,619.24
560,163,False,road_4_4_2_1,734.2937900616366
560,131,False,road_4_4_2_1,741.7948879583921
560,119,False,road_4_4_2_1,749.2958964981461
560,92,False,road_4_4_2_1,756.7969342743186
560,109,False,road_4_4_2_1,764.2979723922394
560,103,False,road_4_4_2_1,771.7989727513682
560,fake_intersection_3_4_N_2_6848,True,road_4_4_2_2,618.24
560,fake_intersection_3_4_N_2_6849,True,road_4_4_2_2,619.24
560,fake_intersection_4_3_E_1_6882,True,road_4_4_3_1,458.24
560,fake_intersection_4_3_E_1_6883,True,road_4_4_3_1,459.24
560,fake_intersection_4_3_E_2_6884,True,road_4_4_3_2,458.24
560,fake_intersection_4_3_E_2_6885,True,road_4_4_3_2,459.24
560,fake_intersection_4_1_N_1_6860,True,road_5_1_2_1,629.12
560,fake_intersection_4_1_N_1_6861,True,road_5_1_2_1,630.12
560,458,False,road_5_2_2_0,166.24525492904596
560,448,False,road_5_2_2_0,319.19592815638384
560,436,False,road_5_2_2_0,455.5854288299971
560,472,False,road_5_2_2_1,82.37191719414038
560,fake_intersection_4_2_N_1_6874,True,road_5_2_2_1,629.12
560,fake_intersection_4_2_N_1_6875,True,road_5_2_2_1,630.12
560,422,False,road_5_2_2_1,640.8104789654789
560,fake_intersection_4_2_N_2_6876,True,road_5_2_2_2,629.12
560,fake_intersection_4_2_N_2_6877,True,road_5_2_2_2,630.12
560,461,False,road_5_3_2_0,202.9993727125248
560,477,False,road_5_3_2_1,46.77942064813707
560,444,False,road_5_3_2_1,368.79378890832857
560,fake_intersection_4_3_N_1_6894,True,road_5_3_2_1,629.12
560,fake_intersection_4_3_N_1_6895,True,road_5_3_2_1,630.12
560,430,False,road_5_3_2_1,776.5747676763547
560,fake_intersection_4_3_N_2_6896,True,road_5_3_2_2,629.12
560,fake_intersection_4_3_N_2_6897,True,road_5_3_2_2,630.12
560,325,False,road_5_3_2_2,785.3989500010405
560,467,False,road_5_4_2_0,124.90363826421142
560,455,False,road_5_4_2_0,223.7346501704433
560,451,False,road_5_4_2_0,291.93017168927
560,446,False,road_5_4_2_0,362.0031434956316
560,479,False,road_5_4_2_1,8.817107631496356
560,470,False,road_5_4_2_1,63.114475475476304
560,463,False,road_5_4_2_1,216.07993397191603
560,434,False,road_5_4_2_1,377.2987901622047
560,440,False,road_5_4_2_1,390.53096393130977
560,427,False,road_5_4_2_1,572.9668854405868
560,424,False,road_5_4_2_1,582.5845283052981
560,413,False,road_5_4_2_1,590.3651373949162
560,419,False,road_5_4_2_1,597.8726878659091
560,403,False,road_5_4_2_1,605.373699966519
560,395,False,road_5_4_2_1,612.8747254437371
560,388,False,road_5_4_2_1,620.3757463413459
560,376,False,road_5_4_2_1,627.8767956119979
560,371,False,road_5_4_2_1,635.3778255001266
560,359,False,road_5_4_2_1,642.8788824559869
560,343,False,road_5_4_2_1,650.379889234652
560,348,False,road_5_4_2_1,657.8809643960758
560,337,False,road_5_4_2_1,665.3819984070273
560,327,False,road_5_4_2_1,672.8830631511408
560,319,False,road_5_4_2_1,680.3841184042726
560,313,False,road_5_4_2_1,687.8851643788727
560,304,False,road_5_4_2_1,695.3862195297096
560,283,False,road_5_4_2_1,702.8873039076007
560,280,False,road_5_4_2_1,710.3883196340677
560,268,False,road_5_4_2_1,717.8894167205933
560,256,False,road_5_4_2_1,725.390421227733
560,253,False,road_5_4_2_1,732.891462598536
560,244,False,road_5_4_2_1,740.3924982110943
560,234,False,road_5_4_2_1,747.8935625359286
560,230,False,road_5_4_2_1,755.394587830096
560,206,False,road_5_4_2_1,762.8956213105093
560,187,False,road_5_4_2_1,770.3967137256591
560,174,False,road_5_4_2_1,777.8978116531808
560,171,False,road_5_4_2_1,785.3989081225037
560,364,False,road_5_4_2_2,762.8958658680856
560,316,False,road_5_4_2_2,770.3968690758595
560,181,False,road_5_4_2_2,777.8978722616686
560,146,False,road_5_4_2_2,785.3989106336303
570,358,False,:intersection_2_1_30_0,2.616631116099029
570,368,False,:intersection_3_3_12_0,20.1903240657656
570,383,False,:intersection_4_4_21_0,25.342480002966695
570,478,False,road_0_1_0_0,104.84221447251802
570,469,False,road_0_1_0_0,161.7706574538282
570,466,False,road_0_1_0_0,246.1639687510721
570,454,False,road_0_1_0_0,318.7975057405641
570,445,False,road_0_1_0_0,481.9929580993634
570,481,False,road_0_1_0_1,59.14754702018681
570,462,False,road_0_1_0_1,311.17956517184854
570,450,False,road_0_1_0_1,463.8895789276707
570,439,False,road_0_1_0_1,516.8927784254809
570,fake_intersection_1_1_S_1_6902,True,road_0_1_0_1,629.12
570,fake_intersection_1_1_S_1_6903,True,road_0_1_0_1,630.12
570,433,False,road_0_1_0_1,652.3798999868424
570,426,False,road_0_1_0_1,725.0364669273094
570,418,False,road_0_1_0_1,748.7776102980223
570,423,False,road_0_1_0_2,746.5073294397206
570,471,False,road_0_2_0_0,171.1989383194372
570,457,False,road_0_2_0_0,339.40831455699896
570,447,False,road_0_2_0_0,573.2150182840932
570,435,False,road_0_2_0_0,664.5403954184062
570,484,False,road_0_2_0_1,15.83282849379269
570,fake_intersection_1_2_S_1_6920,True,road_0_2_0_1,629.12
570,fake_intersection_1_2_S_1_6921,True,road_0_2_0_1,630.12
570,421,False,road_0_2_0_1,725.3906070145608
570,408,False,road_0_2_0_1,732.8916472595837
570,384,False,road_0_2_0_1,740.3926787302636
570,345,False,road_0_2_0_1,747.8936793671674
570,333,False,road_0_2_0_1,755.3946891133974
570,284,False,road_0_2_0_1,762.8957799688859
570,270,False,road_0_2_0_1,770.3968579291762
570,245,False,road_0_2_0_1,777.8978611463334
570,235,False,road_0_2_0_1,785.3989547030759
570,fake_intersection_1_2_S_2_6922,True,road_0_2_0_2,629.12
570,fake_intersection_1_2_S_2_6923,True,road_0_2_0_2,630.12
570,257,False,road_0_2_0_2,785.3989629789191
570,483,False,road_0_4_0_0,47.65460670174493
570,468,False,road_0_4_0_0,212.79553324522306
570,465,False,road_0_4_0_0,270.4693550112619
570,438,False,road_0_4_0_0,672.9247950483076
570,480,False,road_0_4_0_1,80.60424181754975
570,476,False,road_0_4_0_1,133.3917502504669
570,464,False,road_0_4_0_1,317.4206446855012
570,456,False,road_0_4_0_1,326.03981206242435
570,453,False,road_0_4_0_1,333.92049001761393
570,449,False,road_0_4_0_1,342.08559818850193
570,441,False,road_0_4_0_1,349.9117135818118
570,437,False,road_0_4_0_1,357.54017804462103
570,425,False,road_0_4_0_1,365.18196905212375
570,420,False,road_0_4_0_1,372.7409869520773
570,417,False,road_0_4_0_1,380.28574289536266
570,411,False,road_0_4_0_1,387.8174933720698
570,407,False,road_0_4_0_1,395.3299804662891
570,393,False,road_0_4_0_1,402.84014400854863
570,389,False,road_0_4_0_1,410.342868909685
570,386,False,road_0_4_0_1,417.84648099692
570,380,False,road_0_4_0_1,425.34883252436777
570,377,False,road_0_4_0_1,432.8503432934223
570,365,False,road_0_4_0_1,440.3513691824769
570,362,False,road_0_4_0_1,447.8523961651231
570,357,False,road_0_4_0_1,455.35340135198726
570,350,False,road_0_4_0_1,462.8544823623001
570,344,False,road_0_4_0_1,470.355490759313
570,335,False,road_0_4_0_1,477.8565471191374
570,328,False,road_0_4_0_1,485.35759128110146
570,324,False,road_0_4_0_1,492.8585967026867
570,311,False,road_0_4_0_1,500.35961724870987
570,301,False,road_0_4_0_1,507.8606178923426
570,296,False,road_0_4_0_1,515.3616941109744
570,281,False,road_0_4_0_1,522.8627050932647
570,278,False,road_0_4_0_1,530.3638429935187
570,269,False,road_0_4_0_1,537.8648711123535
570,259,False,road_0_4_0_1,545.3658789820207
570,265,False,road_0_4_0_1,552.8668949112945
570,254,False,road_0_4_0_1,560.367984107077
570,251,False,road_0_4_0_1,567.8690451003424
570,237,False,road_0_4_0_1,575.3701223207883
570,233,False,road_0_4_0_1,582.8711433572015
570,231,False,road_0_4_0_1,590.3721518132079
570,226,False,road_0_4_0_1,597.8731536316054
570,223,False,road_0_4_0_1,605.3741639405346
570,211,False,road_0_4_0_1,612.8751727318579
570,199,False,road_0_4_0_1,620.3762008849677
570,205,False,road_0_4_0_1,627.8772512701938
570,202,False,road_0_4_0_1,635.3782734196723
570,194,False,road_0_4_0_1,642.8792823758755
570,191,False,road_0_4_0_1,650.3802948359938
570,188,False,road_0_4_0_1,657.8813005475105
570,182,False,road_0_4_0_1,665.3823580846331
570,176,False,road_0_4_0_1,672.8833628860575
570,168,False,road_0_4_0_1,680.3843651762504
570,160,False,road_0_4_0_1,687.8853953885979
570,144,False,road_0_4_0_1,695.3863993770053
570,153,False,road_0_4_0_1,702.8874951501418
570,150,False,road_0_4_0_1,710.3884963287783
570,136,False,road_0_4_0_1,717.8895413058523
570,134,False,road_0_4_0_1,725.3906108836395
570,124,False,road_0_4_0_1,732.8917025785581
570,122,False,road_0_4_0_1,740.3927333846185
570,110,False,road_0_4_0_1,747.8937453279347
570,104,False,road_0_4_0_1,755.3948245181624
570,108,False,road_0_4_0_1,762.8958479974048
570,101,False,road_0_4_0_1,770.3968757792886
570,96,False,road_0_4_0_1,777.897975934924
570,88,False,road_0_4_0_1,785.3989828356193
570,431,False,road_0_4_0_2,537.3172193676867
570,213,False,road_0_4_0_2,732.8917321253386
570,195,False,road_0_4_0_2,740.3927709707751
570,164,False,road_0_4_0_2,747.8937941740246
570,130,False,road_0_4_0_2,755.3948005896773
570,115,False,road_0_4_0_2,762.895824550185
570,118,False,road_0_4_0_2,770.3968643742542
570,93,False,road_0_4_0_2,777.8978932754937
570,69,False,road_0_4_0_2,785.3989879656378
570,474,False,road_1_0_1_0,157.8189842340208
570,459,False,road_1_0_1_0,245.95371198194206
570,428,False,road_1_0_1_1,472.88351036386064
570,398,False,road_1_0_1_1,480.38451237366803
570,366,False,road_1_0_1_1,487.8855212216343
570,338,False,road_1_0_1_1,495.3865315562956
570,322,False,road_1_0_1_1,502.8875966179961
570,305,False,road_1_0_1_1,510.38865326187357
570,291,False,road_1_0_1_1,517.8896536068149
570,275,False,road_1_0_1_1,525.3906647543819
570,203,False,road_1_0_1_1,532.8917586810945
570,185,False,road_1_0_1_1,540.3928497049037
570,165,False,road_1_0_1_1,547.8938894346898
570,132,False,road_1_0_1_1,555.3949439234823
570,111,False,road_1_0_1_1,562.8959783957997
570,77,False,road_1_0_1_1,570.3969840486556
570,57,False,road_1_0_1_1,577.897986719655
570,21,False,road_1_0_1_1,585.3989910327766
570,442,False,road_1_0_1_2,532.7538933143117
570,381,False,road_1_0_1_2,577.8979180440788
570,247,False,road_1_0_1_2,585.3989791711863
570,405,False,road_1_1_0_0,69.39326817764066
570,387,False,road_1_1_0_0,207.19184831430692
570,375,False,road_1_1_0_0,231.530872765666
570,414,False,road_1_1_0_0,246.82560181052884
570,391,False,road_1_1_0_0,306.30886467928707
570,363,False,road_1_1_0_0,476.30444158760014
570,347,False,road_1_1_0_0,509.3490121626579
570,370,False,road_1_1_0_0,680.208081486359
570,412,False,road_1_1_0_1,29.064130587989922
570,394,False,road_1_1_0_1,302.89937846230123
570,351,False,road_1_1_0_1,661.1674665741295
570,354,False,road_1_1_0_1,713.3415287383566
570,402,False,road_1_1_1_0,202.92186046437985
570,fake_intersection_1_2_W_1_6916,True,road_1_1_1_1,458.24
570,fake_intersection_1_2_W_1_6917,True,road_1_1_1_1,459.24
570,fake_intersection_1_2_W_2_6918,True,road_1_1_1_2,458.24
570,fake_intersection_1_2_W_2_6919,True,road_1_1_1_2,459.24
570,360,False,road_1_1_2_0,378.97591595178267
570,297,False,road_1_1_2_0,728.9054235193053
570,378,False,road_1_1_3_0,339.9523214846449
570,fake_intersection_2_2_S_1_6938,True,road_1_2_0_1,618.24
570,fake_intersection_2_2_S_1_6939,True,road_1_2_0_1,619.24
570,fake_intersection_2_2_S_2_6940,True,road_1_2_0_2,618.24
570,fake_intersection_2_2_S_2_6941,True,road_1_2_0_2,619.24
570,255,False,road_1_2_1_0,451.5968986268526
570,90,False,road_1_2_1_1,549.2958908819285
570,5,False,road_1_2_1_1,556.7968950836462
570,32,False,road_1_2_1_1,564.2979134647361
570,4,False,road_1_2_1_1,571.7989320868487
570,27,False,road_1_2_2_0,370.7360647434318
570,396,False,road_1_2_3_0,231.99510700558238
570,372,False,road_1_2_3_1,556.7201529834077
570,309,False,road_1_2_3_1,564.2978863470603
570,179,False,road_1_2_3_1,571.7989029790325
570,fake_intersection_1_1_E_2_6904,True,road_1_2_3_2,458.24
570,fake_intersection_1_1_E_2_6905,True,road_1_2_3_2,459.24
570,fake_intersection_2_3_S_1_6946,True,road_1_3_0_1,618.24
570,fake_intersection_2_3_S_1_6947,True,road_1_3_0_1,619.24
570,fake_intersection_2_3_S_2_6948,True,road_1_3_0_2,618.24
570,fake_intersection_2_3_S_2_6949,True,road_1_3_0_2,619.24
570,198,False,road_1_3_1_1,381.8736592185167
570,fake_intersection_1_4_W_1_6934,True,road_1_3_1_1,458.24
570,fake_intersection_1_4_W_1_6935,True,road_1_3_1_1,459.24
570,352,False,road_1_3_2_0,314.41807632852806
570,330,False,road_1_3_2_0,334.476247867502
570,317,False,road_1_3_2_0,499.29927559840627
570,fake_intersection_1_2_E_1_6908,True,road_1_3_3_1,458.24
570,fake_intersection_1_2_E_1_6909,True,road_1_3_3_1,459.24
570,fake_intersection_1_2_E_2_6910,True,road_1_3_3_2,458.24
570,fake_intersection_1_2_E_2_6911,True,road_1_3_3_2,459.24
570,fake_intersection_2_4_S_1_6956,True,road_1_4_0_1,618.24
570,fake_intersection_2_4_S_1_6957,True,road_1_4_0_1,619.24
570,382,False,road_1_4_2_0,412.624912039897
570,400,False,road_1_4_3_0,205.88585731763655
570,443,False,road_1_4_3_1,22.52258886205176
570,404,False,road_1_4_3_1,168.06870726054893
570,429,False,road_1_4_3_1,242.34086120913813
570,415,False,road_1_4_3_1,307.12005909756635
570,399,False,road_1_4_3_1,339.26711426321003
570,356,False,road_1_4_3_1,346.7681643480023
570,341,False,road_1_4_3_1,354.2691960564584
570,367,False,road_1_4_3_1,361.7702405755164
570,323,False,road_1_4_3_1,369.27125662725615
570,314,False,road_1_4_3_1,376.7722667116351
570,302,False,road_1_4_3_1,384.27329792231046
570,290,False,road_1_4_3_1,391.77430700745714
570,286,False,road_1_4_3_1,399.2753290474817
570,274,False,road_1_4_3_1,406.776330644413
570,306,False,road_1_4_3_1,414.2773511878951
570,292,False,road_1_4_3_1,421.77835247663864
570,249,False,road_1_4_3_1,429.27941192061724
570,222,False,road_1_4_3_1,436.7804732321487
570,227,False,road_1_4_3_1,444.2814922386365
570,217,False,road_1_4_3_1,451.7825189090721
570,215,False,road_1_4_3_1,459.283532775298
570,172,False,road_1_4_3_1,466.78463062401477
570,173,False,road_1_4_3_1,474.2857317627724
570,162,False,road_1_4_3_1,481.78674471447755
570,166,False,road_1_4_3_1,489.28781430553244
570,142,False,road_1_4_3_1,496.7888159579553
570,127,False,road_1_4_3_1,504.2898189538043
570,140,False,road_1_4_3_1,511.79085028794833
570,133,False,road_1_4_3_1,519.2918638830749
570,102,False,road_1_4_3_1,526.7929390470626
570,41,False,road_1_4_3_1,534.2939453519598
570,6,False,road_1_4_3_1,541.7949689842271
570,80,False,road_1_4_3_1,549.2959866355058
570,79,False,road_1_4_3_1,556.7969877053157
570,56,False,road_1_4_3_1,564.2979905379563
570,23,False,road_1_4_3_1,571.798997407685
570,374,False,road_1_4_3_2,393.4573628114429
570,fake_intersection_1_3_E_2_6924,True,road_1_4_3_2,458.24
570,fake_intersection_1_3_E_2_6925,True,road_1_4_3_2,459.24
570,339,False,road_1_4_3_2,556.7968674900659
570,183,False,road_1_4_3_2,564.2979237736337
570,22,False,road_1_4_3_2,571.7989561486653
570,475,False,road_1_5_3_0,145.51410073627648
570,460,False,road_1_5_3_1,373.7228101154315
570,fake_intersection_1_4_E_1_6928,True,road_1_5_3_1,469.12
570,fake_intersection_1_4_E_1_6929,True,road_1_5_3_1,470.12
570,331,False,road_2_1_0_0,206.16987772211976
570,336,False,road_2_1_0_0,329.03737135466395
570,260,False,road_2_1_0_0,545.1164654399641
570,282,False,road_2_1_0_0,630.7284839936099
570,279,False,road_2_1_0_0,693.7118556862711
570,fake_intersection_3_1_S_1_6962,True,road_2_1_0_1,618.24
570,fake_intersection_3_1_S_1_6963,True,road_2_1_0_1,619.24
570,312,False,road_2_1_0_1,682.5117925728468
570,fake_intersection_3_1_S_2_6964,True,road_2_1_0_2,618.24
570,fake_intersection_3_1_S_2_6965,True,road_2_1_0_2,619.24
570,14,False,road_2_1_2_1,314.8935747439551
570,fake_intersection_1_1_N_1_6906,True,road_2_1_2_1,618.24
570,fake_intersection_1_1_N_1_6907,True,road_2_1_2_1,619.24
570,326,False,road_2_1_3_0,119.86839719049998
570,263,False,road_2_2_1_0,289.322932247709
570,152,False,road_2_2_1_1,549.2959184635042
570,91,False,road_2_2_1_1,556.7969426073587
570,120,False,road_2_2_1_1,564.2979433006939
570,33,False,road_2_2_1_1,571.7989512852479
570,fake_intersection_2_3_W_2_6952,True,road_2_2_1_2,458.24
570,fake_intersection_2_3_W_2_6953,True,road_2_2_1_2,459.24
570,fake_intersection_1_2_N_1_6912,True,road_2_2_2_1,618.24
570,fake_intersection_1_2_N_1_6913,True,road_2_2_2_1,619.24
570,63,False,road_2_2_2_1,771.7989637820486
570,fake_intersection_1_2_N_2_6914,True,road_2_2_2_2,618.24
570,fake_intersection_1_2_N_2_6915,True,road_2_2_2_2,619.24
570,151,False,road_2_2_3_1,571.7989417208323
570,fake_intersection_3_3_S_1_6976,True,road_2_3_0_1,618.24
570,fake_intersection_3_3_S_1_6977,True,road_2_3_0_1,619.24
570,121,False,road_2_3_0_2,771.7989979218108
570,241,False,road_2_3_1_1,449.83003788033255
570,293,False,road_2_3_2_0,191.67054245009788
570,186,False,road_2_3_2_0,212.64464618724494
570,250,False,road_2_3_2_1,197.720243688376
570,229,False,road_2_3_2_1,526.6163374335229
570,fake_intersection_1_3_N_1_6926,True,road_2_3_2_1,618.24
570,fake_intersection_1_3_N_1_6927,True,road_2_3_2_1,619.24
570,35,False,road_2_3_2_2,771.7989851420144
570,67,False,road_2_4_0_0,67.54888917978555
570,85,False,road_2_4_0_1,53.95026938916963
570,fake_intersection_3_4_S_1_6990,True,road_2_4_0_1,618.24
570,fake_intersection_3_4_S_1_6991,True,road_2_4_0_1,619.24
570,64,False,road_2_4_0_1,771.7989491181652
570,fake_intersection_3_4_S_2_6992,True,road_2_4_0_2,618.24
570,fake_intersection_3_4_S_2_6993,True,road_2_4_0_2,619.24
570,83,False,road_2_4_0_2,771.7989933468588
570,fake_intersection_1_4_N_1_6930,True,road_2_4_2_1,618.24
570,fake_intersection_1_4_N_1_6931,True,road_2_4_2_1,619.24
570,fake_intersection_1_4_N_2_6932,True,road_2_4_2_2,618.24
570,fake_intersection_1_4_N_2_6933,True,road_2_4_2_2,619.24
570,30,False,road_2_4_3_1,474.69012044803213
570,39,False,road_2_4_3_1,564.2978546503266
570,61,False,road_2_4_3_1,571.7989518358123
570,fake_intersection_2_3_E_2_6950,True,road_2_4_3_2,458.24
570,fake_intersection_2_3_E_2_6951,True,road_2_4_3_2,459.24
570,72,False,road_2_4_3_2,571.7989001196707
570,299,False,road_3_1_0_1,21.8361123268695
570,fake_intersection_4_1_S_1_7000,True,road_3_1_0_1,618.24
570,fake_intersection_4_1_S_1_7001,True,road_3_1_0_1,619.24
570,224,False,road_3_1_0_1,647.8477399774056
570,200,False,road_3_1_0_1,743.89472126106
570,fake_intersection_4_1_S_2_7002,True,road_3_1_0_2,618.24
570,fake_intersection_4_1_S_2_7003,True,road_3_1_0_2,619.24
570,143,False,road_3_1_0_2,771.7989882056197
570,59,False,road_3_1_1_1,571.7989866918637
570,fake_intersection_2_1_N_2_6936,True,road_3_1_2_2,618.24
570,fake_intersection_2_1_N_2_6937,True,road_3_1_2_2,619.24
570,252,False,road_3_1_3_0,308.6265823604833
570,fake_intersection_4_2_S_1_7014,True,road_3_2_0_1,618.24
570,fake_intersection_4_2_S_1_7015,True,road_3_2_0_1,619.24
570,207,False,road_3_2_0_1,725.4856432610734
570,50,False,road_3_2_0_1,771.3743452862324
570,fake_intersection_4_2_S_2_7016,True,road_3_2_0_2,618.24
570,fake_intersection_4_2_S_2_7017,True,road_3_2_0_2,619.24
570,334,False,road_3_2_1_0,523.2910390799383
570,271,False,road_3_2_1_0,552.7266863033958
570,fake_intersection_3_3_W_1_6974,True,road_3_2_1_1,458.24
570,fake_intersection_3_3_W_1_6975,True,road_3_2_1_1,459.24
570,236,False,road_3_2_1_1,571.7989155687762
570,310,False,road_3_2_2_0,248.551692051289
570,246,False,road_3_2_2_0,409.52868829419776
570,346,False,road_3_2_2_1,219.8428924112049
570,298,False,road_3_2_2_1,393.2767726270408
570,285,False,road_3_3_0_0,221.76571209846404
570,19,False,road_3_3_0_1,1.1969553749809165
570,13,False,road_3_3_0_1,23.182403948617882
570,fake_intersection_4_3_S_1_7028,True,road_3_3_0_1,618.24
570,fake_intersection_4_3_S_1_7029,True,road_3_3_0_1,619.24
570,fake_intersection_4_3_S_2_7030,True,road_3_3_0_2,618.24
570,fake_intersection_4_3_S_2_7031,True,road_3_3_0_2,619.24
570,fake_intersection_3_4_W_1_6986,True,road_3_3_1_1,458.24
570,fake_intersection_3_4_W_1_6987,True,road_3_3_1_1,459.24
570,fake_intersection_3_4_W_2_6988,True,road_3_3_1_2,458.24
570,fake_intersection_3_4_W_2_6989,True,road_3_3_1_2,459.24
570,fake_intersection_2_3_N_1_6942,True,road_3_3_2_1,618.24
570,fake_intersection_2_3_N_1_6943,True,road_3_3_2_1,619.24
570,fake_intersection_2_3_N_2_6944,True,road_3_3_2_2,618.24
570,fake_intersection_2_3_N_2_6945,True,road_3_3_2_2,619.24
570,49,False,road_3_3_2_2,764.2979629815909
570,158,False,road_3_3_2_2,771.7989787135056
570,277,False,road_3_4_0_1,734.2748294663945
570,47,False,road_3_4_0_1,741.7948269375124
570,9,False,road_3_4_0_1,749.2958272573236
570,53,False,road_3_4_0_1,756.7968465444304
570,51,False,road_3_4_0_1,764.297883076179
570,37,False,road_3_4_0_1,771.7989017319449
570,fake_intersection_2_4_N_1_6954,True,road_3_4_2_1,618.24
570,fake_intersection_2_4_N_1_6955,True,road_3_4_2_1,619.24
570,81,False,road_3_4_3_0,161.02942720447328
570,fake_intersection_3_3_E_1_6970,True,road_3_4_3_1,458.24
570,fake_intersection_3_3_E_1_6971,True,road_3_4_3_1,459.24
570,17,False,road_3_4_3_1,571.7989103776712
570,fake_intersection_3_4_E_1_6978,True,road_3_5_3_1,469.12
570,fake_intersection_3_4_E_1_6979,True,road_3_5_3_1,470.12
570,fake_intersection_3_4_E_2_6980,True,road_3_5_3_2,469.12
570,fake_intersection_3_4_E_2_6981,True,road_3_5_3_2,470.12
570,473,False,road_4_0_1_0,153.86390254049394
570,452,False,road_4_0_1_0,404.00807590401087
570,432,False,road_4_0_1_1,435.37827323159064
570,390,False,road_4_0_1_1,442.8793291400165
570,369,False,road_4_0_1_1,450.3803523136364
570,349,False,road_4_0_1_1,457.8814245819826
570,329,False,road_4_0_1_1,465.382435939017
570,308,False,road_4_0_1_1,472.88351036982834
570,242,False,road_4_0_1_1,480.38455753970584
570,238,False,road_4_0_1_1,487.8855651452912
570,228,False,road_4_0_1_1,495.38661338524423
570,218,False,road_4_0_1_1,502.8876319246422
570,197,False,road_4_0_1_1,510.38863320897235
570,189,False,road_4_0_1_1,517.8896963306137
570,177,False,road_4_0_1_1,525.3906964045054
570,167,False,road_4_0_1_1,532.8917442186294
570,157,False,road_4_0_1_1,540.3927921719892
570,126,False,road_4_0_1_1,547.8938143191779
570,105,False,road_4_0_1_1,555.3948370422622
570,74,False,road_4_0_1_1,562.8958804751306
570,54,False,road_4_0_1_1,570.3968991281677
570,34,False,road_4_0_1_1,577.8979626755071
570,24,False,road_4_0_1_1,585.3989709774777
570,fake_intersection_4_1_W_2_7004,True,road_4_0_1_2,469.12
570,fake_intersection_4_1_W_2_7005,True,road_4_0_1_2,470.12
570,137,False,road_4_0_1_2,562.8959172536753
570,116,False,road_4_0_1_2,570.3969448594623
570,97,False,road_4_0_1_2,577.8979548004972
570,45,False,road_4_0_1_2,585.3989571672523
570,175,False,road_4_1_0_0,117.56842926970525
570,410,False,road_4_1_0_0,384.42967048734715
570,184,False,road_4_1_0_1,98.05255256309255
570,fake_intersection_4_2_W_1_7010,True,road_4_1_1_1,458.24
570,fake_intersection_4_2_W_1_7011,True,road_4_1_1_1,459.24
570,fake_intersection_4_2_W_2_7012,True,road_4_1_1_2,458.24
570,fake_intersection_4_2_W_2_7013,True,road_4_1_1_2,459.24
570,123,False,road_4_1_2_0,2.8811611594813815
570,fake_intersection_3_1_N_1_6958,True,road_4_1_2_1,618.24
570,fake_intersection_3_1_N_1_6959,True,road_4_1_2_1,619.24
570,fake_intersection_3_1_N_2_6960,True,road_4_1_2_2,618.24
570,fake_intersection_3_1_N_2_6961,True,road_4_1_2_2,619.24
570,239,False,road_4_1_3_0,151.75902284914733
570,210,False,road_4_1_3_0,173.0148803527252
570,44,False,road_4_2_0_0,720.0480004829959
570,fake_intersection_4_3_W_1_7032,True,road_4_2_1_1,458.24
570,fake_intersection_4_3_W_1_7033,True,road_4_2_1_1,459.24
570,385,False,road_4_2_1_1,467.45508909817084
570,361,False,road_4_2_1_1,564.2972272104188
570,208,False,road_4_2_1_1,571.7989408224968
570,fake_intersection_4_3_W_2_7034,True,road_4_2_1_2,458.24
570,fake_intersection_4_3_W_2_7035,True,road_4_2_1_2,459.24
570,409,False,road_4_2_2_0,98.67306922832421
570,397,False,road_4_2_2_0,385.1978215823575
570,fake_intersection_3_2_N_1_6966,True,road_4_2_2_1,618.24
570,fake_intersection_3_2_N_1_6967,True,road_4_2_2_1,619.24
570,fake_intersection_3_2_N_2_6968,True,road_4_2_2_2,618.24
570,fake_intersection_3_2_N_2_6969,True,road_4_2_2_2,619.24
570,373,False,road_4_2_3_0,72.9240813198917
570,107,False,road_4_2_3_0,102.98547668562337
570,258,False,road_4_2_3_1,111.12286027078987
570,fake_intersection_4_1_E_1_6994,True,road_4_2_3_1,458.24
570,fake_intersection_4_1_E_1_6995,True,road_4_2_3_1,459.24
570,fake_intersection_4_1_E_2_6996,True,road_4_2_3_2,458.24
570,fake_intersection_4_1_E_2_6997,True,road_4_2_3_2,459.24
570,321,False,road_4_3_0_0,277.1946796085243
570,416,False,road_4_3_1_1,166.3710748201149
570,fake_intersection_4_4_W_2_7038,True,road_4_3_1_2,458.24
570,fake_intersection_4_4_W_2_7039,True,road_4_3_1_2,459.24
570,401,False,road_4_3_2_0,259.9023405936069
570,430,False,road_4_3_2_1,101.86391634353147
570,fake_intersection_3_3_N_1_6972,True,road_4_3_2_1,618.24
570,fake_intersection_3_3_N_1_6973,True,road_4_3_2_1,619.24
570,fake_intersection_4_2_E_1_7006,True,road_4_3_3_1,458.24
570,fake_intersection_4_2_E_1_7007,True,road_4_3_3_1,459.24
570,180,False,road_4_3_3_1,564.2921593710402
570,117,False,road_4_3_3_1,571.7989380428565
570,fake_intersection_4_2_E_2_7008,True,road_4_3_3_2,458.24
570,fake_intersection_4_2_E_2_7009,True,road_4_3_3_2,459.24
570,340,False,road_4_4_0_0,536.4698589848439
570,406,False,road_4_4_1_0,81.17747905916613
570,353,False,road_4_4_1_0,213.77957077964697
570,379,False,road_4_4_1_0,238.77844122630316
570,392,False,road_4_4_1_0,258.70289331041835
570,fake_intersection_3_4_N_1_6982,True,road_4_4_2_1,618.24
570,fake_intersection_3_4_N_1_6983,True,road_4_4_2_1,619.24
570,163,False,road_4_4_2_1,734.2937900616366
570,131,False,road_4_4_2_1,741.7948879583921
570,119,False,road_4_4_2_1,749.2958964981461
570,92,False,road_4_4_2_1,756.7969342743186
570,109,False,road_4_4_2_1,764.2979723922394
570,103,False,road_4_4_2_1,771.7989727513682
570,fake_intersection_3_4_N_2_6984,True,road_4_4_2_2,618.24
570,fake_intersection_3_4_N_2_6985,True,road_4_4_2_2,619.24
570,146,False,road_4_4_3_1,5.0
570,fake_intersection_4_3_E_1_7022,True,road_4_4_3_1,458.24
570,fake_intersection_4_3_E_1_7023,True,road_4_4_3_1,459.24
570,fake_intersection_4_3_E_2_7024,True,road_4_4_3_2,458.24
570,fake_intersection_4_3_E_2_7025,True,road_4_4_3_2,459.24
570,fake_intersection_4_4_E_2_7036,True,road_4_5_3_2,469.12
570,fake_intersection_4_4_E_2_7037,True,road_4_5_3_2,470.12
570,fake_intersection_4_1_N_1_6998,True,road_5_1_2_1,629.12
570,fake_intersection_4_1_N_1_6999,True,road_5_1_2_1,630.12
570,458,False,road_5_2_2_0,249.45113221079143
570,448,False,road_5_2_2_0,410.00442162401606
570,436,False,road_5_2_2_0,546.4865205300811
570,485,False,road_5_2_2_1,38.543554526019015
570,472,False,road_5_2_2_1,189.72162598289353
570,fake_intersection_4_2_N_1_7018,True,road_5_2_2_1,629.12
570,fake_intersection_4_2_N_1_7019,True,road_5_2_2_1,630.12
570,422,False,road_5_2_2_1,738.96534960369
570,fake_intersection_4_2_N_2_7020,True,road_5_2_2_2,629.12
570,fake_intersection_4_2_N_2_7021,True,road_5_2_2_2,630.12
570,477,False,road_5_3_2_0,150.69971298207886
570,461,False,road_5_3_2_0,299.8848766355185
570,444,False,road_5_3_2_1,469.07886523421104
570,fake_intersection_4_3_N_1_7026,True,road_5_3_2_1,629.12
570,fake_intersection_4_3_N_1_7027,True,road_5_3_2_1,630.12
570,325,False,road_5_3_2_2,785.3989500010405
570,479,False,road_5_4_2_0,101.17755174527858
570,470,False,road_5_4_2_0,173.205797566572
570,467,False,road_5_4_2_0,229.91667438396578
570,451,False,road_5_4_2_0,385.6654899148164
570,446,False,road_5_4_2_0,469.1975401004754
570,482,False,road_5_4_2_1,32.12499679075528
570,455,False,road_5_4_2_1,313.6641721926241
570,463,False,road_5_4_2_1,339.093262924309
570,440,False,road_5_4_2_1,483.4824848385179
570,427,False,road_5_4_2_1,575.3695642823428
570,424,False,road_5_4_2_1,582.8706134952106
570,413,False,road_5_4_2_1,590.3716144988441
570,419,False,road_5_4_2_1,597.8726878659091
570,403,False,road_5_4_2_1,605.373699966519
570,395,False,road_5_4_2_1,612.8747254437371
570,388,False,road_5_4_2_1,620.3757463413459
570,376,False,road_5_4_2_1,627.8767956119979
570,371,False,road_5_4_2_1,635.3778255001266
570,359,False,road_5_4_2_1,642.8788824559869
570,343,False,road_5_4_2_1,650.379889234652
570,348,False,road_5_4_2_1,657.8809643960758
570,337,False,road_5_4_2_1,665.3819984070273
570,327,False,road_5_4_2_1,672.8830631511408
570,319,False,road_5_4_2_1,680.3841184042726
570,313,False,road_5_4_2_1,687.8851643788727
570,304,False,road_5_4_2_1,695.3862195297096
570,283,False,road_5_4_2_1,702.8873039076007
570,280,False,road_5_4_2_1,710.3883196340677
570,268,False,road_5_4_2_1,717.8894167205933
570,256,False,road_5_4_2_1,725.390421227733
570,253,False,road_5_4_2_1,732.891462598536
570,244,False,road_5_4_2_1,740.3924982110943
570,234,False,road_5_4_2_1,747.8935625359286
570,230,False,road_5_4_2_1,755.394587830096
570,206,False,road_5_4_2_1,762.8956213105093
570,187,False,road_5_4_2_1,770.3967137256591
570,174,False,road_5_4_2_1,777.8978116531808
570,171,False,road_5_4_2_1,785.3989081225037
570,434,False,road_5_4_2_2,454.5490373327988
570,364,False,road_5_4_2_2,762.8958658680856
570,316,False,road_5_4_2_2,770.3968690758595
570,181,False,road_5_4_2_2,777.8978722616686
580,438,False,:intersection_1_4_27_0,4.582526589635677
580,312,False,:intersection_3_1_30_2,27.250322385010435
580,486,False,road_0_1_0_0,122.23072008660364
580,478,False,road_0_1_0_0,198.18107520642306
580,469,False,road_0_1_0_0,252.92770830472122
580,466,False,road_0_1_0_0,349.6581171522877
580,454,False,road_0_1_0_0,409.0449830356172
580,445,False,road_0_1_0_0,583.9944171500906
580,494,False,road_0_1_0_1,41.64639057459976
580,481,False,road_0_1_0_1,169.50277181520914
580,462,False,road_0_1_0_1,416.1239295086287
580,450,False,road_0_1_0_1,575.9745352124776
580,439,False,road_0_1_0_1,614.8925835690115
580,fake_intersection_1_1_S_1_7044,True,road_0_1_0_1,629.12
580,fake_intersection_1_1_S_1_7045,True,road_0_1_0_1,630.12
580,433,False,road_0_1_0_1,761.8343257890135
580,484,False,road_0_2_0_0,116.90175504466555
580,471,False,road_0_2_0_0,270.0677985884744
580,447,False,road_0_2_0_0,700.0622894009922
580,435,False,road_0_2_0_0,776.288599150847
580,457,False,road_0_2_0_1,455.80066055678867
580,fake_intersection_1_2_S_1_7058,True,road_0_2_0_1,629.12
580,fake_intersection_1_2_S_1_7059,True,road_0_2_0_1,630.12
580,421,False,road_0_2_0_1,725.3906070145608
580,408,False,road_0_2_0_1,732.8916472595837
580,384,False,road_0_2_0_1,740.3926787302636
580,345,False,road_0_2_0_1,747.8936793671674
580,333,False,road_0_2_0_1,755.3946891133974
580,284,False,road_0_2_0_1,762.8957799688859
580,270,False,road_0_2_0_1,770.3968579291762
580,245,False,road_0_2_0_1,777.8978611463334
580,235,False,road_0_2_0_1,785.3989547030759
580,fake_intersection_1_2_S_2_7060,True,road_0_2_0_2,629.12
580,fake_intersection_1_2_S_2_7061,True,road_0_2_0_2,630.12
580,257,False,road_0_2_0_2,785.3989629789191
580,fake_intersection_1_3_S_2_7062,True,road_0_3_0_2,629.12
580,fake_intersection_1_3_S_2_7063,True,road_0_3_0_2,630.12
580,492,False,road_0_4_0_0,53.56687430134362
580,488,False,road_0_4_0_0,107.51785578128322
580,483,False,road_0_4_0_0,151.3415984278729
580,468,False,road_0_4_0_0,323.10418171761614
580,465,False,road_0_4_0_0,380.8841643344052
580,480,False,road_0_4_0_1,188.77242085942598
580,476,False,road_0_4_0_1,236.4408751648993
580,464,False,road_0_4_0_1,320.25647160702584
580,456,False,road_0_4_0_1,327.79017833906624
580,453,False,road_0_4_0_1,335.31688312376207
580,449,False,road_0_4_0_1,342.82185103136794
580,441,False,road_0_4_0_1,350.3288039485039
580,437,False,road_0_4_0_1,357.8354287390365
580,425,False,road_0_4_0_1,365.3390331043091
580,420,False,road_0_4_0_1,372.8411460893446
580,417,False,road_0_4_0_1,380.3428823114462
580,411,False,road_0_4_0_1,387.84415199788356
580,407,False,road_0_4_0_1,395.3451844257981
580,393,False,road_0_4_0_1,402.846190536454
580,389,False,road_0_4_0_1,410.3472248313962
580,386,False,road_0_4_0_1,417.84832521021514
580,380,False,road_0_4_0_1,425.34933922252253
580,377,False,road_0_4_0_1,432.8503432934223
580,365,False,road_0_4_0_1,440.3513691824769
580,362,False,road_0_4_0_1,447.8523961651231
580,357,False,road_0_4_0_1,455.35340135198726
580,350,False,road_0_4_0_1,462.8544823623001
580,344,False,road_0_4_0_1,470.355490759313
580,335,False,road_0_4_0_1,477.8565471191374
580,328,False,road_0_4_0_1,485.35759128110146
580,324,False,road_0_4_0_1,492.8587254601206
580,311,False,road_0_4_0_1,500.35972614300596
580,301,False,road_0_4_0_1,507.8607278202578
580,296,False,road_0_4_0_1,515.361806812675
580,281,False,road_0_4_0_1,522.8628183956126
580,278,False,road_0_4_0_1,530.3638429935187
580,269,False,road_0_4_0_1,537.8648711123535
580,259,False,road_0_4_0_1,545.3658789820207
580,265,False,road_0_4_0_1,552.8668949112945
580,254,False,road_0_4_0_1,560.367984107077
580,251,False,road_0_4_0_1,567.8690451003424
580,237,False,road_0_4_0_1,575.3701223207883
580,233,False,road_0_4_0_1,582.8711433572015
580,231,False,road_0_4_0_1,590.3721518132079
580,226,False,road_0_4_0_1,597.8731536316054
580,223,False,road_0_4_0_1,605.3741639405346
580,211,False,road_0_4_0_1,612.8751727318579
580,199,False,road_0_4_0_1,620.3762008849677
580,205,False,road_0_4_0_1,627.8772512701938
580,202,False,road_0_4_0_1,635.3782734196723
580,194,False,road_0_4_0_1,642.8792823758755
580,191,False,road_0_4_0_1,650.3802948359938
580,188,False,road_0_4_0_1,657.8813005475105
580,182,False,road_0_4_0_1,665.3823580846331
580,176,False,road_0_4_0_1,672.8833628860575
580,168,False,road_0_4_0_1,680.3843651762504
580,160,False,road_0_4_0_1,687.8853953885979
580,144,False,road_0_4_0_1,695.3863993770053
580,153,False,road_0_4_0_1,702.8874951501418
580,150,False,road_0_4_0_1,710.3884963287783
580,136,False,road_0_4_0_1,717.8895413058523
580,134,False,road_0_4_0_1,725.3906108836395
580,124,False,road_0_4_0_1,732.8917025785581
580,122,False,road_0_4_0_1,740.3927333846185
580,110,False,road_0_4_0_1,747.8937453279347
580,104,False,road_0_4_0_1,755.3948245181624
580,108,False,road_0_4_0_1,762.8958479974048
580,101,False,road_0_4_0_1,770.3968757792886
580,96,False,road_0_4_0_1,777.897975934924
580,88,False,road_0_4_0_1,785.3989828356193
580,431,False,road_0_4_0_2,623.8609733106066
580,213,False,road_0_4_0_2,732.8917321253386
580,195,False,road_0_4_0_2,740.3927709707751
580,164,False,road_0_4_0_2,747.8937941740246
580,130,False,road_0_4_0_2,755.3948005896773
580,115,False,road_0_4_0_2,762.895824550185
580,118,False,road_0_4_0_2,770.3968643742542
580,93,False,road_0_4_0_2,777.8978932754937
580,69,False,road_0_4_0_2,785.3989879656378
580,489,False,road_1_0_1_0,55.644016259127376
580,474,False,road_1_0_1_0,270.247206183164
580,459,False,road_1_0_1_0,324.26520535346106
580,428,False,road_1_0_1_1,472.88351036386064
580,398,False,road_1_0_1_1,480.38451237366803
580,366,False,road_1_0_1_1,487.8855212216343
580,338,False,road_1_0_1_1,495.3865315562956
580,322,False,road_1_0_1_1,502.8875966179961
580,305,False,road_1_0_1_1,510.38865326187357
580,291,False,road_1_0_1_1,517.8896536068149
580,275,False,road_1_0_1_1,525.3906647543819
580,203,False,road_1_0_1_1,532.8917586810945
580,185,False,road_1_0_1_1,540.3928497049037
580,165,False,road_1_0_1_1,547.8938894346898
580,132,False,road_1_0_1_1,555.3949439234823
580,111,False,road_1_0_1_1,562.8959783957997
580,77,False,road_1_0_1_1,570.3969840486556
580,57,False,road_1_0_1_1,577.897986719655
580,21,False,road_1_0_1_1,585.3989910327766
580,442,False,road_1_0_1_2,570.396252381134
580,381,False,road_1_0_1_2,577.8979180440788
580,247,False,road_1_0_1_2,585.3989791711863
580,412,False,road_1_1_0_0,130.96444885423622
580,405,False,road_1_1_0_0,169.54969556307407
580,375,False,road_1_1_0_0,313.2448107841355
580,414,False,road_1_1_0_0,350.7985583353613
580,391,False,road_1_1_0_0,423.7094656171491
580,347,False,road_1_1_0_0,595.0599488619914
580,418,False,road_1_1_0_1,32.17804439034984
580,387,False,road_1_1_0_1,299.03312838737185
580,394,False,road_1_1_0_1,426.9728693991027
580,363,False,road_1_1_0_1,573.0948231618486
580,351,False,road_1_1_0_1,745.4957892522175
580,426,False,road_1_1_0_2,13.678278324010366
580,402,False,road_1_1_1_0,311.48907709427755
580,423,False,road_1_1_1_1,37.00204147356361
580,fake_intersection_1_2_W_1_7054,True,road_1_1_1_1,458.24
580,fake_intersection_1_2_W_1_7055,True,road_1_1_1_1,459.24
580,fake_intersection_1_2_W_2_7056,True,road_1_1_1_2,458.24
580,fake_intersection_1_2_W_2_7057,True,road_1_1_1_2,459.24
580,360,False,road_1_1_2_0,506.50652271282763
580,378,False,road_1_1_3_0,435.941468407981
580,fake_intersection_2_2_S_1_7074,True,road_1_2_0_1,618.24
580,fake_intersection_2_2_S_1_7075,True,road_1_2_0_1,619.24
580,fake_intersection_2_2_S_2_7076,True,road_1_2_0_2,618.24
580,fake_intersection_2_2_S_2_7077,True,road_1_2_0_2,619.24
580,255,False,road_1_2_1_0,524.2230993243844
580,90,False,road_1_2_1_1,549.2958908819285
580,5,False,road_1_2_1_1,556.7968950836462
580,32,False,road_1_2_1_1,564.2979134647361
580,4,False,road_1_2_1_1,571.7989320868487
580,27,False,road_1_2_2_0,469.7878413480696
580,396,False,road_1_2_3_1,333.1291061566694
580,372,False,road_1_2_3_1,556.7968378302302
580,309,False,road_1_2_3_1,564.2978863470603
580,179,False,road_1_2_3_1,571.7989029790325
580,fake_intersection_2_3_S_1_7082,True,road_1_3_0_1,618.24
580,fake_intersection_2_3_S_1_7083,True,road_1_3_0_1,619.24
580,fake_intersection_2_3_S_2_7084,True,road_1_3_0_2,618.24
580,fake_intersection_2_3_S_2_7085,True,road_1_3_0_2,619.24
580,198,False,road_1_3_1_1,492.5349701606358
580,fake_intersection_1_4_W_2_7070,True,road_1_3_1_2,458.24
580,fake_intersection_1_4_W_2_7071,True,road_1_3_1_2,459.24
580,352,False,road_1_3_2_0,413.9235067192414
580,330,False,road_1_3_2_0,434.00184609256024
580,317,False,road_1_3_2_0,600.3009827969881
580,fake_intersection_1_2_E_1_7046,True,road_1_3_3_1,458.24
580,fake_intersection_1_2_E_1_7047,True,road_1_3_3_1,459.24
580,fake_intersection_1_2_E_2_7048,True,road_1_3_3_2,458.24
580,fake_intersection_1_2_E_2_7049,True,road_1_3_3_2,459.24
580,fake_intersection_2_4_S_1_7092,True,road_1_4_0_1,618.24
580,fake_intersection_2_4_S_1_7093,True,road_1_4_0_1,619.24
580,382,False,road_1_4_2_0,498.9569710322176
580,400,False,road_1_4_3_0,305.76821911950117
580,443,False,road_1_4_3_1,153.11834037449754
580,404,False,road_1_4_3_1,283.2574046805496
580,429,False,road_1_4_3_1,324.2598562039972
580,415,False,road_1_4_3_1,331.766106184456
580,399,False,road_1_4_3_1,339.26711426321003
580,356,False,road_1_4_3_1,346.7681643480023
580,341,False,road_1_4_3_1,354.2691960564584
580,367,False,road_1_4_3_1,361.7702405755164
580,323,False,road_1_4_3_1,369.27125662725615
580,314,False,road_1_4_3_1,376.7722667116351
580,302,False,road_1_4_3_1,384.27329792231046
580,290,False,road_1_4_3_1,391.77430700745714
580,286,False,road_1_4_3_1,399.2753290474817
580,274,False,road_1_4_3_1,406.776330644413
580,306,False,road_1_4_3_1,414.2773511878951
580,292,False,road_1_4_3_1,421.77835247663864
580,249,False,road_1_4_3_1,429.27941192061724
580,222,False,road_1_4_3_1,436.7804732321487
580,227,False,road_1_4_3_1,444.2814922386365
580,217,False,road_1_4_3_1,451.7825189090721
580,215,False,road_1_4_3_1,459.283532775298
580,172,False,road_1_4_3_1,466.78463062401477
580,173,False,road_1_4_3_1,474.2857317627724
580,162,False,road_1_4_3_1,481.78674471447755
580,166,False,road_1_4_3_1,489.28781430553244
580,142,False,road_1_4_3_1,496.7888159579553
580,127,False,road_1_4_3_1,504.2898189538043
580,140,False,road_1_4_3_1,511.79085028794833
580,133,False,road_1_4_3_1,519.2918638830749
580,102,False,road_1_4_3_1,526.7929390470626
580,41,False,road_1_4_3_1,534.2939453519598
580,6,False,road_1_4_3_1,541.7949689842271
580,80,False,road_1_4_3_1,549.2959866355058
580,79,False,road_1_4_3_1,556.7969877053157
580,56,False,road_1_4_3_1,564.2979905379563
580,23,False,road_1_4_3_1,571.798997407685
580,374,False,road_1_4_3_2,489.1030501641188
580,339,False,road_1_4_3_2,556.7968674900659
580,183,False,road_1_4_3_2,564.2979237736337
580,22,False,road_1_4_3_2,571.7989561486653
580,475,False,road_1_5_3_0,245.87258357938794
580,490,False,road_1_5_3_1,82.88845400481028
580,460,False,road_1_5_3_1,493.7490746526698
580,fake_intersection_1_4_E_2_7064,True,road_1_5_3_2,469.12
580,fake_intersection_1_4_E_2_7065,True,road_1_5_3_2,470.12
580,354,False,road_2_1_0_0,16.505291921238523
580,358,False,road_2_1_0_0,89.55098439654974
580,331,False,road_2_1_0_0,312.12682490007103
580,336,False,road_2_1_0_0,452.3242720701487
580,282,False,road_2_1_0_0,728.13350168803
580,fake_intersection_3_1_S_1_7098,True,road_2_1_0_1,618.24
580,fake_intersection_3_1_S_1_7099,True,road_2_1_0_1,619.24
580,260,False,road_2_1_0_1,622.324965879849
580,fake_intersection_3_1_S_2_7100,True,road_2_1_0_2,618.24
580,fake_intersection_3_1_S_2_7101,True,road_2_1_0_2,619.24
580,14,False,road_2_1_2_1,416.19813803705983
580,fake_intersection_1_1_N_1_7040,True,road_2_1_2_1,618.24
580,fake_intersection_1_1_N_1_7041,True,road_2_1_2_1,619.24
580,fake_intersection_1_1_N_2_7042,True,road_2_1_2_2,618.24
580,fake_intersection_1_1_N_2_7043,True,road_2_1_2_2,619.24
580,370,False,road_2_1_3_0,4.9170617907556124
580,326,False,road_2_1_3_0,215.5804983343483
580,263,False,road_2_2_1_1,389.9574022155048
580,152,False,road_2_2_1_1,549.2959184635042
580,91,False,road_2_2_1_1,556.7969426073587
580,120,False,road_2_2_1_1,564.2979433006939
580,33,False,road_2_2_1_1,571.7989512852479
580,fake_intersection_2_3_W_2_7088,True,road_2_2_1_2,458.24
580,fake_intersection_2_3_W_2_7089,True,road_2_2_1_2,459.24
580,fake_intersection_1_2_N_1_7050,True,road_2_2_2_1,618.24
580,fake_intersection_1_2_N_1_7051,True,road_2_2_2_1,619.24
580,63,False,road_2_2_2_1,771.7989637820486
580,fake_intersection_1_2_N_2_7052,True,road_2_2_2_2,618.24
580,fake_intersection_1_2_N_2_7053,True,road_2_2_2_2,619.24
580,151,False,road_2_2_3_1,571.7989417208323
580,fake_intersection_3_3_S_1_7112,True,road_2_3_0_1,618.24
580,fake_intersection_3_3_S_1_7113,True,road_2_3_0_1,619.24
580,121,False,road_2_3_0_2,771.7989979218108
580,241,False,road_2_3_1_1,557.3479235773962
580,293,False,road_2_3_2_0,303.2860260619296
580,186,False,road_2_3_2_0,324.00503775981963
580,250,False,road_2_3_2_1,294.54254832277184
580,229,False,road_2_3_2_1,628.5626888207477
580,35,False,road_2_3_2_2,771.7989851420144
580,61,False,road_2_3_3_1,111.31603039187283
580,67,False,road_2_4_0_0,162.07925900565388
580,85,False,road_2_4_0_1,157.81951682336174
580,fake_intersection_3_4_S_1_7126,True,road_2_4_0_1,618.24
580,fake_intersection_3_4_S_1_7127,True,road_2_4_0_1,619.24
580,64,False,road_2_4_0_1,771.7989491181652
580,fake_intersection_3_4_S_2_7128,True,road_2_4_0_2,618.24
580,fake_intersection_3_4_S_2_7129,True,road_2_4_0_2,619.24
580,83,False,road_2_4_0_2,771.7989933468588
580,fake_intersection_1_4_N_1_7066,True,road_2_4_2_1,618.24
580,fake_intersection_1_4_N_1_7067,True,road_2_4_2_1,619.24
580,fake_intersection_1_4_N_2_7068,True,road_2_4_2_2,618.24
580,fake_intersection_1_4_N_2_7069,True,road_2_4_2_2,619.24
580,30,False,road_2_4_3_1,564.0741290645383
580,39,False,road_2_4_3_1,571.7988321012249
580,fake_intersection_2_3_E_2_7086,True,road_2_4_3_2,458.24
580,fake_intersection_2_3_E_2_7087,True,road_2_4_3_2,459.24
580,72,False,road_2_4_3_2,571.7989001196707
580,299,False,road_3_1_0_0,144.48969058432692
580,fake_intersection_4_1_S_1_7134,True,road_3_1_0_1,618.24
580,fake_intersection_4_1_S_1_7135,True,road_3_1_0_1,619.24
580,224,False,road_3_1_0_1,756.2402006362358
580,fake_intersection_4_1_S_2_7136,True,road_3_1_0_2,618.24
580,fake_intersection_4_1_S_2_7137,True,road_3_1_0_2,619.24
580,143,False,road_3_1_0_2,771.7989882056197
580,59,False,road_3_1_1_1,571.7989866918637
580,fake_intersection_2_1_N_2_7072,True,road_3_1_2_2,618.24
580,fake_intersection_2_1_N_2_7073,True,road_3_1_2_2,619.24
580,279,False,road_3_1_3_0,1.8509584168271935
580,252,False,road_3_1_3_0,412.9935611319744
580,fake_intersection_4_2_S_1_7146,True,road_3_2_0_1,618.24
580,fake_intersection_4_2_S_1_7147,True,road_3_2_0_1,619.24
580,207,False,road_3_2_0_1,764.2978450136529
580,50,False,road_3_2_0_1,771.7989203466439
580,fake_intersection_4_2_S_2_7148,True,road_3_2_0_2,618.24
580,fake_intersection_4_2_S_2_7149,True,road_3_2_0_2,619.24
580,fake_intersection_3_3_W_1_7110,True,road_3_2_1_1,458.24
580,fake_intersection_3_3_W_1_7111,True,road_3_2_1_1,459.24
580,236,False,road_3_2_1_1,571.7989155687762
580,310,False,road_3_2_2_0,344.66314976494715
580,246,False,road_3_2_2_0,511.9587320222779
580,346,False,road_3_2_2_1,337.9303024443574
580,298,False,road_3_2_2_1,495.55103265811624
580,13,False,road_3_3_0_0,141.38089308977248
580,285,False,road_3_3_0_0,329.9425990273976
580,334,False,road_3_3_0_1,39.2053749112444
580,fake_intersection_4_3_S_1_7160,True,road_3_3_0_1,618.24
580,fake_intersection_4_3_S_1_7161,True,road_3_3_0_1,619.24
580,271,False,road_3_3_0_2,46.13911616122811
580,19,False,road_3_3_0_2,122.17549656864053
580,fake_intersection_4_3_S_2_7162,True,road_3_3_0_2,618.24
580,fake_intersection_4_3_S_2_7163,True,road_3_3_0_2,619.24
580,fake_intersection_3_4_W_1_7122,True,road_3_3_1_1,458.24
580,fake_intersection_3_4_W_1_7123,True,road_3_3_1_1,459.24
580,fake_intersection_3_4_W_2_7124,True,road_3_3_1_2,458.24
580,fake_intersection_3_4_W_2_7125,True,road_3_3_1_2,459.24
580,368,False,road_3_3_2_0,115.01334276095207
580,fake_intersection_2_3_N_1_7078,True,road_3_3_2_1,618.24
580,fake_intersection_2_3_N_1_7079,True,road_3_3_2_1,619.24
580,fake_intersection_2_3_N_2_7080,True,road_3_3_2_2,618.24
580,fake_intersection_2_3_N_2_7081,True,road_3_3_2_2,619.24
580,49,False,road_3_3_2_2,764.2979629815909
580,158,False,road_3_3_2_2,771.7989787135056
580,277,False,road_3_4_0_1,734.2937299767492
580,47,False,road_3_4_0_1,741.7948269375124
580,9,False,road_3_4_0_1,749.2958272573236
580,53,False,road_3_4_0_1,756.7968465444304
580,51,False,road_3_4_0_1,764.297883076179
580,37,False,road_3_4_0_1,771.7989017319449
580,fake_intersection_2_4_N_1_7090,True,road_3_4_2_1,618.24
580,fake_intersection_2_4_N_1_7091,True,road_3_4_2_1,619.24
580,81,False,road_3_4_3_0,265.1234012999834
580,fake_intersection_3_3_E_1_7106,True,road_3_4_3_1,458.24
580,fake_intersection_3_3_E_1_7107,True,road_3_4_3_1,459.24
580,17,False,road_3_4_3_1,571.7989103776712
580,fake_intersection_3_4_E_1_7114,True,road_3_5_3_1,469.12
580,fake_intersection_3_4_E_1_7115,True,road_3_5_3_1,470.12
580,fake_intersection_3_4_E_2_7116,True,road_3_5_3_2,469.12
580,fake_intersection_3_4_E_2_7117,True,road_3_5_3_2,470.12
580,452,False,road_4_0_1_0,504.5097129538727
580,493,False,road_4_0_1_1,18.88812978519417
580,473,False,road_4_0_1_1,261.16527695908076
580,432,False,road_4_0_1_1,435.37827323159064
580,390,False,road_4_0_1_1,442.8793291400165
580,369,False,road_4_0_1_1,450.3803523136364
580,349,False,road_4_0_1_1,457.8814245819826
580,329,False,road_4_0_1_1,465.382435939017
580,308,False,road_4_0_1_1,472.88351036982834
580,242,False,road_4_0_1_1,480.38455753970584
580,238,False,road_4_0_1_1,487.8855651452912
580,228,False,road_4_0_1_1,495.38661338524423
580,218,False,road_4_0_1_1,502.8876319246422
580,197,False,road_4_0_1_1,510.38863320897235
580,189,False,road_4_0_1_1,517.8896963306137
580,177,False,road_4_0_1_1,525.3906964045054
580,167,False,road_4_0_1_1,532.8917442186294
580,157,False,road_4_0_1_1,540.3927921719892
580,126,False,road_4_0_1_1,547.8938143191779
580,105,False,road_4_0_1_1,555.3948370422622
580,74,False,road_4_0_1_1,562.8958804751306
580,54,False,road_4_0_1_1,570.3968991281677
580,34,False,road_4_0_1_1,577.8979626755071
580,24,False,road_4_0_1_1,585.3989709774777
580,137,False,road_4_0_1_2,562.8959172536753
580,116,False,road_4_0_1_2,570.3969448594623
580,97,False,road_4_0_1_2,577.8979548004972
580,45,False,road_4_0_1_2,585.3989571672523
580,200,False,road_4_1_0_0,42.40515469728651
580,175,False,road_4_1_0_0,214.95626329013967
580,410,False,road_4_1_0_0,499.87231228497654
580,184,False,road_4_1_0_1,198.7046351378834
580,fake_intersection_4_2_W_1_7142,True,road_4_1_1_1,458.24
580,fake_intersection_4_2_W_1_7143,True,road_4_1_1_1,459.24
580,fake_intersection_4_2_W_2_7144,True,road_4_1_1_2,458.24
580,fake_intersection_4_2_W_2_7145,True,road_4_1_1_2,459.24
580,123,False,road_4_1_2_0,104.98682587253818
580,fake_intersection_3_1_N_1_7094,True,road_4_1_2_1,618.24
580,fake_intersection_3_1_N_1_7095,True,road_4_1_2_1,619.24
580,fake_intersection_3_1_N_2_7096,True,road_4_1_2_2,618.24
580,fake_intersection_3_1_N_2_7097,True,road_4_1_2_2,619.24
580,210,False,road_4_1_3_0,287.67669004792776
580,239,False,road_4_1_3_1,267.94647792698186
580,fake_intersection_4_3_W_1_7164,True,road_4_2_1_1,458.24
580,fake_intersection_4_3_W_1_7165,True,road_4_2_1_1,459.24
580,385,False,road_4_2_1_1,556.7945037127521
580,361,False,road_4_2_1_1,564.2979343334787
580,208,False,road_4_2_1_1,571.7989408224968
580,fake_intersection_4_3_W_2_7166,True,road_4_2_1_2,458.24
580,fake_intersection_4_3_W_2_7167,True,road_4_2_1_2,459.24
580,422,False,road_4_2_2_0,24.943213364682517
580,409,False,road_4_2_2_0,202.36234864523038
580,397,False,road_4_2_2_1,502.1605712923774
580,fake_intersection_3_2_N_1_7102,True,road_4_2_2_1,618.24
580,fake_intersection_3_2_N_1_7103,True,road_4_2_2_1,619.24
580,fake_intersection_3_2_N_2_7104,True,road_4_2_2_2,618.24
580,fake_intersection_3_2_N_2_7105,True,road_4_2_2_2,619.24
580,373,False,road_4_2_3_0,165.9311758926328
580,107,False,road_4_2_3_0,212.41271574095035
580,258,False,road_4_2_3_1,220.1440405723393
580,fake_intersection_4_1_E_1_7130,True,road_4_2_3_1,458.24
580,fake_intersection_4_1_E_1_7131,True,road_4_2_3_1,459.24
580,321,False,road_4_3_0_0,365.1574177985562
580,416,False,road_4_3_1_1,283.7039478976761
580,fake_intersection_4_4_W_2_7170,True,road_4_3_1_2,458.24
580,fake_intersection_4_4_W_2_7171,True,road_4_3_1_2,459.24
580,401,False,road_4_3_2_0,367.7307255251821
580,430,False,road_4_3_2_1,240.99866049673264
580,fake_intersection_3_3_N_1_7108,True,road_4_3_2_1,618.24
580,fake_intersection_3_3_N_1_7109,True,road_4_3_2_1,619.24
580,fake_intersection_4_2_E_1_7138,True,road_4_3_3_1,458.24
580,fake_intersection_4_2_E_1_7139,True,road_4_3_3_1,459.24
580,180,False,road_4_3_3_1,564.297929176873
580,117,False,road_4_3_3_1,571.7989380428565
580,fake_intersection_4_2_E_2_7140,True,road_4_3_3_2,458.24
580,fake_intersection_4_2_E_2_7141,True,road_4_3_3_2,459.24
580,340,False,road_4_4_0_0,651.8386239144506
580,383,False,road_4_4_1_0,120.53200070543413
580,406,False,road_4_4_1_0,179.55812247737995
580,379,False,road_4_4_1_0,326.0476726047657
580,392,False,road_4_4_1_0,363.83832786100055
580,353,False,road_4_4_1_1,320.6144176240459
580,fake_intersection_3_4_N_1_7118,True,road_4_4_2_1,618.24
580,fake_intersection_3_4_N_1_7119,True,road_4_4_2_1,619.24
580,163,False,road_4_4_2_1,734.2937900616366
580,131,False,road_4_4_2_1,741.7948879583921
580,119,False,road_4_4_2_1,749.2958964981461
580,92,False,road_4_4_2_1,756.7969342743186
580,109,False,road_4_4_2_1,764.2979723922394
580,103,False,road_4_4_2_1,771.7989727513682
580,fake_intersection_3_4_N_2_7120,True,road_4_4_2_2,618.24
580,fake_intersection_3_4_N_2_7121,True,road_4_4_2_2,619.24
580,146,False,road_4_4_3_0,99.22287339957198
580,fake_intersection_4_3_E_1_7154,True,road_4_4_3_1,458.24
580,fake_intersection_4_3_E_1_7155,True,road_4_4_3_1,459.24
580,fake_intersection_4_3_E_2_7156,True,road_4_4_3_2,458.24
580,fake_intersection_4_3_E_2_7157,True,road_4_4_3_2,459.24
580,fake_intersection_4_4_E_2_7168,True,road_4_5_3_2,469.12
580,fake_intersection_4_4_E_2_7169,True,road_4_5_3_2,470.12
580,fake_intersection_4_1_N_1_7132,True,road_5_1_2_1,629.12
580,fake_intersection_4_1_N_1_7133,True,road_5_1_2_1,630.12
580,485,False,road_5_2_2_0,150.7071710863987
580,458,False,road_5_2_2_0,331.2037798207503
580,448,False,road_5_2_2_0,499.7940597495655
580,472,False,road_5_2_2_1,299.7936396884011
580,fake_intersection_4_2_N_1_7150,True,road_5_2_2_1,629.12
580,fake_intersection_4_2_N_1_7151,True,road_5_2_2_1,630.12
580,436,False,road_5_2_2_1,637.3056055617493
580,fake_intersection_4_2_N_2_7152,True,road_5_2_2_2,629.12
580,fake_intersection_4_2_N_2_7153,True,road_5_2_2_2,630.12
580,491,False,road_5_3_2_0,81.66503228874795
580,477,False,road_5_3_2_0,253.01592690773654
580,461,False,road_5_3_2_0,394.9563043992463
580,fake_intersection_4_3_N_1_7158,True,road_5_3_2_1,629.12
580,fake_intersection_4_3_N_1_7159,True,road_5_3_2_1,630.12
580,444,False,road_5_3_2_2,570.739699641186
580,325,False,road_5_3_2_2,785.3989500010405
580,487,False,road_5_4_2_0,88.53433532276922
580,479,False,road_5_4_2_0,199.89353640974142
580,470,False,road_5_4_2_0,280.1704612749585
580,451,False,road_5_4_2_0,476.7296914608518
580,446,False,road_5_4_2_0,575.8882822988461
580,495,False,road_5_4_2_1,18.99074108123481
580,482,False,road_5_4_2_1,145.28280101860747
580,467,False,road_5_4_2_1,333.7615682207108
580,455,False,road_5_4_2_1,407.0878550070365
580,463,False,road_5_4_2_1,461.85541058880136
580,440,False,road_5_4_2_1,567.8609372168575
580,427,False,road_5_4_2_1,575.3695642823428
580,424,False,road_5_4_2_1,582.8706134952106
580,413,False,road_5_4_2_1,590.3716144988441
580,419,False,road_5_4_2_1,597.8726878659091
580,403,False,road_5_4_2_1,605.373699966519
580,395,False,road_5_4_2_1,612.8747254437371
580,388,False,road_5_4_2_1,620.3757463413459
580,376,False,road_5_4_2_1,627.8767956119979
580,371,False,road_5_4_2_1,635.3778255001266
580,359,False,road_5_4_2_1,642.8788824559869
580,343,False,road_5_4_2_1,650.379889234652
580,348,False,road_5_4_2_1,657.8809643960758
580,337,False,road_5_4_2_1,665.3819984070273
580,327,False,road_5_4_2_1,672.8830631511408
580,319,False,road_5_4_2_1,680.3841184042726
580,313,False,road_5_4_2_1,687.8851643788727
580,304,False,road_5_4_2_1,695.3862195297096
580,283,False,road_5_4_2_1,702.8873039076007
580,280,False,road_5_4_2_1,710.3883196340677
580,268,False,road_5_4_2_1,717.8894167205933
580,256,False,road_5_4_2_1,725.390421227733
580,253,False,road_5_4_2_1,732.891462598536
580,244,False,road_5_4_2_1,740.3924982110943
580,234,False,road_5_4_2_1,747.8935625359286
580,230,False,road_5_4_2_1,755.394587830096
580,206,False,road_5_4_2_1,762.8956213105093
580,187,False,road_5_4_2_1,770.3967137256591
580,174,False,road_5_4_2_1,777.8978116531808
580,171,False,road_5_4_2_1,785.3989081225037
580,434,False,road_5_4_2_2,534.9168468201599
580,364,False,road_5_4_2_2,770.3928051325912
580,316,False,road_5_4_2_2,777.8974916122202
580,181,False,road_5_4_2_2,785.3989213237264
590,460,False,:intersection_1_4_3_2,24.38746556776168
590,494,False,road_0_1_0_0,166.0914613297311
590,486,False,road_0_1_0_0,254.40211037282856
590,478,False,road_0_1_0_0,289.1967897531866
590,469,False,road_0_1_0_0,344.1932759739692
590,466,False,road_0_1_0_0,452.56060338935436
590,445,False,road_0_1_0_0,688.8062035053684
590,502,False,road_0_1_0_1,14.203437008146457
590,481,False,road_0_1_0_1,280.5253006376147
590,454,False,road_0_1_0_1,496.8253792640534
590,462,False,road_0_1_0_1,524.2784990209851
590,fake_intersection_1_1_S_1_7178,True,road_0_1_0_1,629.12
590,fake_intersection_1_1_S_1_7179,True,road_0_1_0_1,630.12
590,450,False,road_0_1_0_1,689.1976535885424
590,439,False,road_0_1_0_1,711.6671459673177
590,499,False,road_0_1_0_2,96.24136300150452
590,496,False,road_0_2_0_0,109.73953523636348
590,484,False,road_0_2_0_0,219.5269552583808
590,471,False,road_0_2_0_0,371.5421043871018
590,457,False,road_0_2_0_1,572.7386018266243
590,421,False,road_0_2_0_1,725.3906070145608
590,408,False,road_0_2_0_1,732.8916472595837
590,384,False,road_0_2_0_1,740.3926787302636
590,345,False,road_0_2_0_1,747.8936793671674
590,333,False,road_0_2_0_1,755.3946891133974
590,284,False,road_0_2_0_1,762.8957799688859
590,270,False,road_0_2_0_1,770.3968579291762
590,245,False,road_0_2_0_1,777.8978611463334
590,235,False,road_0_2_0_1,785.3989547030759
590,fake_intersection_1_2_S_2_7186,True,road_0_2_0_2,629.12
590,fake_intersection_1_2_S_2_7187,True,road_0_2_0_2,630.12
590,257,False,road_0_2_0_2,785.3989629789191
590,fake_intersection_1_3_S_2_7188,True,road_0_3_0_2,629.12
590,fake_intersection_1_3_S_2_7189,True,road_0_3_0_2,630.12
590,492,False,road_0_4_0_0,174.78930620171545
590,488,False,road_0_4_0_0,223.16936337940763
590,483,False,road_0_4_0_0,255.19377224331754
590,468,False,road_0_4_0_0,434.2693508824546
590,465,False,road_0_4_0_0,492.8211098400729
590,501,False,road_0_4_0_1,25.517321081629746
590,498,False,road_0_4_0_1,84.03625673586146
590,480,False,road_0_4_0_1,296.0100621304143
590,476,False,road_0_4_0_1,312.7969558933084
590,464,False,road_0_4_0_1,320.33416345312463
590,456,False,road_0_4_0_1,327.83573836871085
590,453,False,road_0_4_0_1,335.3369765309827
590,449,False,road_0_4_0_1,342.83798055729727
590,441,False,road_0_4_0_1,350.339008642477
590,437,False,road_0_4_0_1,357.84001366680707
590,425,False,road_0_4_0_1,365.3410344501663
590,420,False,road_0_4_0_1,372.8420392148061
590,417,False,road_0_4_0_1,380.3431185123631
590,411,False,road_0_4_0_1,387.84415199788356
590,407,False,road_0_4_0_1,395.3451844257981
590,393,False,road_0_4_0_1,402.846190536454
590,389,False,road_0_4_0_1,410.3472248313962
590,386,False,road_0_4_0_1,417.84832521021514
590,380,False,road_0_4_0_1,425.34933922252253
590,377,False,road_0_4_0_1,432.8503432934223
590,365,False,road_0_4_0_1,440.3513691824769
590,362,False,road_0_4_0_1,447.852503069112
590,357,False,road_0_4_0_1,455.3535830559591
590,350,False,road_0_4_0_1,462.8545941647445
590,344,False,road_0_4_0_1,470.355666092526
590,335,False,road_0_4_0_1,477.8567112316566
590,328,False,road_0_4_0_1,485.35772377537967
590,324,False,road_0_4_0_1,492.8587254601206
590,311,False,road_0_4_0_1,500.35972614300596
590,301,False,road_0_4_0_1,507.8607278202578
590,296,False,road_0_4_0_1,515.361806812675
590,281,False,road_0_4_0_1,522.8628183956126
590,278,False,road_0_4_0_1,530.3638429935187
590,269,False,road_0_4_0_1,537.8648711123535
590,259,False,road_0_4_0_1,545.3658789820207
590,265,False,road_0_4_0_1,552.8668949112945
590,254,False,road_0_4_0_1,560.367984107077
590,251,False,road_0_4_0_1,567.8690451003424
590,237,False,road_0_4_0_1,575.3701223207883
590,233,False,road_0_4_0_1,582.8711433572015
590,231,False,road_0_4_0_1,590.3721518132079
590,226,False,road_0_4_0_1,597.8731536316054
590,223,False,road_0_4_0_1,605.3741639405346
590,211,False,road_0_4_0_1,612.8751727318579
590,199,False,road_0_4_0_1,620.3762008849677
590,205,False,road_0_4_0_1,627.8772512701938
590,202,False,road_0_4_0_1,635.3782734196723
590,194,False,road_0_4_0_1,642.8792823758755
590,191,False,road_0_4_0_1,650.3802948359938
590,188,False,road_0_4_0_1,657.8813005475105
590,182,False,road_0_4_0_1,665.3823580846331
590,176,False,road_0_4_0_1,672.8833628860575
590,168,False,road_0_4_0_1,680.3843651762504
590,160,False,road_0_4_0_1,687.8853953885979
590,144,False,road_0_4_0_1,695.3863993770053
590,153,False,road_0_4_0_1,702.8874951501418
590,150,False,road_0_4_0_1,710.3884963287783
590,136,False,road_0_4_0_1,717.8895413058523
590,134,False,road_0_4_0_1,725.3906108836395
590,124,False,road_0_4_0_1,732.8917025785581
590,122,False,road_0_4_0_1,740.3927333846185
590,110,False,road_0_4_0_1,747.8937453279347
590,104,False,road_0_4_0_1,755.3948245181624
590,108,False,road_0_4_0_1,762.8958479974048
590,101,False,road_0_4_0_1,770.3968757792886
590,96,False,road_0_4_0_1,777.897975934924
590,88,False,road_0_4_0_1,785.3989828356193
590,431,False,road_0_4_0_2,709.455448226327
590,213,False,road_0_4_0_2,732.8917321253386
590,195,False,road_0_4_0_2,740.3927709707751
590,164,False,road_0_4_0_2,747.8937941740246
590,130,False,road_0_4_0_2,755.3948005896773
590,115,False,road_0_4_0_2,762.895824550185
590,118,False,road_0_4_0_2,770.3968643742542
590,93,False,road_0_4_0_2,777.8978932754937
590,69,False,road_0_4_0_2,785.3989879656378
590,504,False,road_1_0_1_0,5.1
590,489,False,road_1_0_1_0,154.10850662721603
590,474,False,road_1_0_1_0,381.2345150951197
590,459,False,road_1_0_1_0,403.14252642501015
590,428,False,road_1_0_1_1,472.88351036386064
590,398,False,road_1_0_1_1,480.38451237366803
590,366,False,road_1_0_1_1,487.8855212216343
590,338,False,road_1_0_1_1,495.3865315562956
590,322,False,road_1_0_1_1,502.8875966179961
590,305,False,road_1_0_1_1,510.38865326187357
590,291,False,road_1_0_1_1,517.8896536068149
590,275,False,road_1_0_1_1,525.3906647543819
590,203,False,road_1_0_1_1,532.8917586810945
590,185,False,road_1_0_1_1,540.3928497049037
590,165,False,road_1_0_1_1,547.8938894346898
590,132,False,road_1_0_1_1,555.3949439234823
590,111,False,road_1_0_1_1,562.8959783957997
590,77,False,road_1_0_1_1,570.3969840486556
590,57,False,road_1_0_1_1,577.897986719655
590,21,False,road_1_0_1_1,585.3989910327766
590,442,False,road_1_0_1_2,570.3969100491793
590,381,False,road_1_0_1_2,577.8979180440788
590,247,False,road_1_0_1_2,585.3989791711863
590,418,False,road_1_1_0_0,127.97179559724378
590,412,False,road_1_1_0_0,230.8070286263778
590,405,False,road_1_1_0_0,268.4562223492178
590,375,False,road_1_1_0_0,397.1877741147689
590,414,False,road_1_1_0_0,455.16939615377004
590,391,False,road_1_1_0_0,541.5774604393766
590,347,False,road_1_1_0_0,679.5501101928179
590,433,False,road_1_1_0_1,57.68840880673085
590,426,False,road_1_1_0_1,124.72709710712606
590,387,False,road_1_1_0_1,391.0954121224632
590,394,False,road_1_1_0_1,552.0497440313549
590,fake_intersection_2_1_S_1_7202,True,road_1_1_0_1,618.24
590,fake_intersection_2_1_S_1_7203,True,road_1_1_0_1,619.24
590,363,False,road_1_1_0_1,668.3888496930714
590,fake_intersection_2_1_S_2_7204,True,road_1_1_0_2,618.24
590,fake_intersection_2_1_S_2_7205,True,road_1_1_0_2,619.24
590,423,False,road_1_1_1_0,141.25089011253664
590,402,False,road_1_1_1_1,418.1394411531983
590,fake_intersection_1_2_W_1_7184,True,road_1_1_1_1,458.24
590,fake_intersection_1_2_W_1_7185,True,road_1_1_1_1,459.24
590,360,False,road_1_1_2_0,632.1661040058592
590,378,False,road_1_1_3_0,533.2456980951974
590,fake_intersection_2_2_S_1_7212,True,road_1_2_0_1,618.24
590,fake_intersection_2_2_S_1_7213,True,road_1_2_0_1,619.24
590,fake_intersection_2_2_S_2_7214,True,road_1_2_0_2,618.24
590,fake_intersection_2_2_S_2_7215,True,road_1_2_0_2,619.24
590,90,False,road_1_2_1_1,549.2958908819285
590,5,False,road_1_2_1_1,556.7968950836462
590,32,False,road_1_2_1_1,564.2979134647361
590,4,False,road_1_2_1_1,571.7989320868487
590,27,False,road_1_2_2_0,569.6560559248348
590,435,False,road_1_2_3_0,75.85752935677792
590,447,False,road_1_2_3_1,13.8552020626022
590,396,False,road_1_2_3_1,437.62640063378916
590,fake_intersection_1_1_E_1_7174,True,road_1_2_3_1,458.24
590,fake_intersection_1_1_E_1_7175,True,road_1_2_3_1,459.24
590,372,False,road_1_2_3_1,556.7968378302302
590,309,False,road_1_2_3_1,564.2978863470603
590,179,False,road_1_2_3_1,571.7989029790325
590,fake_intersection_1_1_E_2_7176,True,road_1_2_3_2,458.24
590,fake_intersection_1_1_E_2_7177,True,road_1_2_3_2,459.24
590,255,False,road_1_3_0_1,1.9458875244287377
590,fake_intersection_2_3_S_1_7220,True,road_1_3_0_1,618.24
590,fake_intersection_2_3_S_1_7221,True,road_1_3_0_1,619.24
590,fake_intersection_2_3_S_2_7222,True,road_1_3_0_2,618.24
590,fake_intersection_2_3_S_2_7223,True,road_1_3_0_2,619.24
590,fake_intersection_1_4_W_1_7198,True,road_1_3_1_1,458.24
590,fake_intersection_1_4_W_1_7199,True,road_1_3_1_1,459.24
590,352,False,road_1_3_2_0,513.3079678055628
590,330,False,road_1_3_2_0,533.3253106797422
590,317,False,road_1_3_2_0,702.6433997568208
590,35,False,road_1_3_3_1,2.448052135692514
590,fake_intersection_1_2_E_1_7180,True,road_1_3_3_1,458.24
590,fake_intersection_1_2_E_1_7181,True,road_1_3_3_1,459.24
590,fake_intersection_2_4_S_1_7234,True,road_1_4_0_1,618.24
590,fake_intersection_2_4_S_1_7235,True,road_1_4_0_1,619.24
590,198,False,road_1_4_1_0,3.3487424494780704
590,382,False,road_1_4_2_0,588.4909154662288
590,438,False,road_1_4_3_0,106.83383384829844
590,400,False,road_1_4_3_0,406.137987955978
590,443,False,road_1_4_3_1,284.0860636723834
590,404,False,road_1_4_3_1,316.7640681961862
590,429,False,road_1_4_3_1,324.26509350699064
590,415,False,road_1_4_3_1,331.766106184456
590,399,False,road_1_4_3_1,339.26711426321003
590,356,False,road_1_4_3_1,346.7681643480023
590,341,False,road_1_4_3_1,354.2691960564584
590,367,False,road_1_4_3_1,361.7702405755164
590,323,False,road_1_4_3_1,369.27125662725615
590,314,False,road_1_4_3_1,376.7722667116351
590,302,False,road_1_4_3_1,384.27329792231046
590,290,False,road_1_4_3_1,391.77430700745714
590,286,False,road_1_4_3_1,399.2753290474817
590,274,False,road_1_4_3_1,406.776330644413
590,306,False,road_1_4_3_1,414.2773511878951
590,292,False,road_1_4_3_1,421.77835247663864
590,249,False,road_1_4_3_1,429.27941192061724
590,222,False,road_1_4_3_1,436.7804732321487
590,227,False,road_1_4_3_1,444.2814922386365
590,217,False,road_1_4_3_1,451.7825189090721
590,215,False,road_1_4_3_1,459.283532775298
590,172,False,road_1_4_3_1,466.78463062401477
590,173,False,road_1_4_3_1,474.2857317627724
590,162,False,road_1_4_3_1,481.78674471447755
590,166,False,road_1_4_3_1,489.28781430553244
590,142,False,road_1_4_3_1,496.7888159579553
590,127,False,road_1_4_3_1,504.2898189538043
590,140,False,road_1_4_3_1,511.79085028794833
590,133,False,road_1_4_3_1,519.2918638830749
590,102,False,road_1_4_3_1,526.7929390470626
590,41,False,road_1_4_3_1,534.2939453519598
590,6,False,road_1_4_3_1,541.7949689842271
590,80,False,road_1_4_3_1,549.2959866355058
590,79,False,road_1_4_3_1,556.7969877053157
590,56,False,road_1_4_3_1,564.2979905379563
590,23,False,road_1_4_3_1,571.798997407685
590,374,False,road_1_4_3_2,549.2933417787722
590,339,False,road_1_4_3_2,556.7968674900659
590,183,False,road_1_4_3_2,564.2979237736337
590,22,False,road_1_4_3_2,571.7989561486653
590,505,False,road_1_5_3_0,5.1
590,490,False,road_1_5_3_0,196.3912866935342
590,475,False,road_1_5_3_1,346.1340546629947
590,fake_intersection_1_4_E_1_7192,True,road_1_5_3_1,469.12
590,fake_intersection_1_4_E_1_7193,True,road_1_5_3_1,470.12
590,fake_intersection_2_1_W_1_7210,True,road_2_0_1_1,469.12
590,fake_intersection_2_1_W_1_7211,True,road_2_0_1_1,470.12
590,354,False,road_2_1_0_0,118.69046926562197
590,358,False,road_2_1_0_0,204.98522675315695
590,331,False,road_2_1_0_0,419.54627977668395
590,351,False,road_2_1_0_1,28.591760350038555
590,336,False,road_2_1_0_1,574.4757869713011
590,260,False,road_2_1_0_1,698.8658049170564
590,14,False,road_2_1_2_1,521.463453091288
590,fake_intersection_1_1_N_2_7172,True,road_2_1_2_2,618.24
590,fake_intersection_1_1_N_2_7173,True,road_2_1_2_2,619.24
590,370,False,road_2_1_3_0,119.28640764579471
590,326,False,road_2_1_3_0,311.1695494363273
590,fake_intersection_3_2_S_2_7242,True,road_2_2_0_2,618.24
590,fake_intersection_3_2_S_2_7243,True,road_2_2_0_2,619.24
590,fake_intersection_2_3_W_1_7228,True,road_2_2_1_1,458.24
590,fake_intersection_2_3_W_1_7229,True,road_2_2_1_1,459.24
590,263,False,road_2_2_1_1,489.5516800532791
590,152,False,road_2_2_1_1,556.7614571283582
590,91,False,road_2_2_1_1,564.2832410925008
590,120,False,road_2_2_1_1,571.7989682173514
590,fake_intersection_2_3_W_2_7230,True,road_2_2_1_2,458.24
590,fake_intersection_2_3_W_2_7231,True,road_2_2_1_2,459.24
590,63,False,road_2_2_2_1,771.7989637820486
590,fake_intersection_1_2_N_2_7182,True,road_2_2_2_2,618.24
590,fake_intersection_1_2_N_2_7183,True,road_2_2_2_2,619.24
590,fake_intersection_2_1_E_1_7206,True,road_2_2_3_1,458.24
590,fake_intersection_2_1_E_1_7207,True,road_2_2_3_1,459.24
590,151,False,road_2_2_3_1,571.7989417208323
590,fake_intersection_2_1_E_2_7208,True,road_2_2_3_2,458.24
590,fake_intersection_2_1_E_2_7209,True,road_2_2_3_2,459.24
590,fake_intersection_3_3_S_1_7256,True,road_2_3_0_1,618.24
590,fake_intersection_3_3_S_1_7257,True,road_2_3_0_1,619.24
590,121,False,road_2_3_0_2,771.7989979218108
590,33,False,road_2_3_1_1,95.40648270072161
590,241,False,road_2_3_1_1,571.7989693191411
590,293,False,road_2_3_2_0,416.5159879666751
590,186,False,road_2_3_2_0,437.4975148169167
590,250,False,road_2_3_2_1,392.5751993255776
590,229,False,road_2_3_2_1,734.5054613492199
590,fake_intersection_1_3_N_2_7190,True,road_2_3_2_2,618.24
590,fake_intersection_1_3_N_2_7191,True,road_2_3_2_2,619.24
590,61,False,road_2_3_3_0,228.70742827402373
590,67,False,road_2_4_0_0,257.308669459677
590,85,False,road_2_4_0_1,260.2159099617152
590,fake_intersection_3_4_S_1_7268,True,road_2_4_0_1,618.24
590,fake_intersection_3_4_S_1_7269,True,road_2_4_0_1,619.24
590,64,False,road_2_4_0_1,771.7989491181652
590,fake_intersection_3_4_S_2_7270,True,road_2_4_0_2,618.24
590,fake_intersection_3_4_S_2_7271,True,road_2_4_0_2,619.24
590,83,False,road_2_4_0_2,771.7989933468588
590,fake_intersection_1_4_N_1_7194,True,road_2_4_2_1,618.24
590,fake_intersection_1_4_N_1_7195,True,road_2_4_2_1,619.24
590,fake_intersection_1_4_N_2_7196,True,road_2_4_2_2,618.24
590,fake_intersection_1_4_N_2_7197,True,road_2_4_2_2,619.24
590,fake_intersection_2_3_E_1_7224,True,road_2_4_3_1,458.24
590,fake_intersection_2_3_E_1_7225,True,road_2_4_3_1,459.24
590,30,False,road_2_4_3_1,564.2979895277244
590,39,False,road_2_4_3_1,571.7989906650852
590,fake_intersection_2_3_E_2_7226,True,road_2_4_3_2,458.24
590,fake_intersection_2_3_E_2_7227,True,road_2_4_3_2,459.24
590,72,False,road_2_4_3_2,571.7989001196707
590,299,False,road_3_1_0_0,267.39031188853545
590,312,False,road_3_1_0_1,115.72039374460454
590,fake_intersection_4_1_S_1_7276,True,road_3_1_0_1,618.24
590,fake_intersection_4_1_S_1_7277,True,road_3_1_0_1,619.24
590,fake_intersection_4_1_S_2_7278,True,road_3_1_0_2,618.24
590,fake_intersection_4_1_S_2_7279,True,road_3_1_0_2,619.24
590,143,False,road_3_1_0_2,771.7989882056197
590,fake_intersection_3_2_W_1_7246,True,road_3_1_1_1,458.24
590,fake_intersection_3_2_W_1_7247,True,road_3_1_1_1,459.24
590,59,False,road_3_1_1_1,571.7989866918637
590,fake_intersection_3_2_W_2_7248,True,road_3_1_1_2,458.24
590,fake_intersection_3_2_W_2_7249,True,road_3_1_1_2,459.24
590,fake_intersection_2_1_N_2_7200,True,road_3_1_2_2,618.24
590,fake_intersection_2_1_N_2_7201,True,road_3_1_2_2,619.24
590,282,False,road_3_1_3_0,29.242391048059115
590,279,False,road_3_1_3_0,102.54576866738142
590,252,False,road_3_1_3_0,515.603460254354
590,207,False,road_3_2_0_1,764.2978450136529
590,50,False,road_3_2_0_1,771.7989203466439
590,fake_intersection_3_3_W_1_7254,True,road_3_2_1_1,458.24
590,fake_intersection_3_3_W_1_7255,True,road_3_2_1_1,459.24
590,236,False,road_3_2_1_1,571.7989155687762
590,310,False,road_3_2_2_0,441.17457013887963
590,246,False,road_3_2_2_0,616.2814306683525
590,346,False,road_3_2_2_1,453.51705308140623
590,298,False,road_3_2_2_1,599.024733719045
590,334,False,road_3_3_0_0,165.3606143944523
590,13,False,road_3_3_0_0,258.749704592958
590,285,False,road_3_3_0_0,437.2851420201534
590,271,False,road_3_3_0_1,135.7855600040777
590,19,False,road_3_3_0_1,241.43919853598652
590,fake_intersection_4_3_S_1_7294,True,road_3_3_0_1,618.24
590,fake_intersection_4_3_S_1_7295,True,road_3_3_0_1,619.24
590,fake_intersection_4_3_S_2_7296,True,road_3_3_0_2,618.24
590,fake_intersection_4_3_S_2_7297,True,road_3_3_0_2,619.24
590,fake_intersection_3_4_W_1_7264,True,road_3_3_1_1,458.24
590,fake_intersection_3_4_W_1_7265,True,road_3_3_1_1,459.24
590,fake_intersection_3_4_W_2_7266,True,road_3_3_1_2,458.24
590,fake_intersection_3_4_W_2_7267,True,road_3_3_1_2,459.24
590,368,False,road_3_3_2_0,233.5700844035414
590,fake_intersection_2_3_N_1_7216,True,road_3_3_2_1,618.24
590,fake_intersection_2_3_N_1_7217,True,road_3_3_2_1,619.24
590,fake_intersection_2_3_N_2_7218,True,road_3_3_2_2,618.24
590,fake_intersection_2_3_N_2_7219,True,road_3_3_2_2,619.24
590,49,False,road_3_3_2_2,764.2979629815909
590,158,False,road_3_3_2_2,771.7989787135056
590,fake_intersection_3_2_E_1_7244,True,road_3_3_3_1,458.24
590,fake_intersection_3_2_E_1_7245,True,road_3_3_3_1,459.24
590,fake_intersection_4_4_S_1_7304,True,road_3_4_0_1,618.24
590,fake_intersection_4_4_S_1_7305,True,road_3_4_0_1,619.24
590,277,False,road_3_4_0_1,734.2937299767492
590,47,False,road_3_4_0_1,741.7948269375124
590,9,False,road_3_4_0_1,749.2958272573236
590,53,False,road_3_4_0_1,756.7968465444304
590,51,False,road_3_4_0_1,764.297883076179
590,37,False,road_3_4_0_1,771.7989017319449
590,103,False,road_3_4_2_1,5.0
590,fake_intersection_2_4_N_1_7232,True,road_3_4_2_1,618.24
590,fake_intersection_2_4_N_1_7233,True,road_3_4_2_1,619.24
590,81,False,road_3_4_3_1,371.5280053415802
590,fake_intersection_3_3_E_1_7250,True,road_3_4_3_1,458.24
590,fake_intersection_3_3_E_1_7251,True,road_3_4_3_1,459.24
590,17,False,road_3_4_3_1,571.7989103776712
590,fake_intersection_3_4_E_1_7258,True,road_3_5_3_1,469.12
590,fake_intersection_3_4_E_1_7259,True,road_3_5_3_1,470.12
590,fake_intersection_3_4_E_2_7260,True,road_3_5_3_2,469.12
590,fake_intersection_3_4_E_2_7261,True,road_3_5_3_2,470.12
590,493,False,road_4_0_1_0,130.79845685457892
590,473,False,road_4_0_1_1,368.86219617782984
590,432,False,road_4_0_1_1,435.37827323159064
590,390,False,road_4_0_1_1,442.8793291400165
590,369,False,road_4_0_1_1,450.3803523136364
590,349,False,road_4_0_1_1,457.8814245819826
590,329,False,road_4_0_1_1,465.382435939017
590,308,False,road_4_0_1_1,472.88351036982834
590,242,False,road_4_0_1_1,480.38455753970584
590,238,False,road_4_0_1_1,487.8855651452912
590,228,False,road_4_0_1_1,495.38661338524423
590,218,False,road_4_0_1_1,502.8876319246422
590,197,False,road_4_0_1_1,510.38863320897235
590,189,False,road_4_0_1_1,517.8896963306137
590,177,False,road_4_0_1_1,525.3906964045054
590,167,False,road_4_0_1_1,532.8917442186294
590,157,False,road_4_0_1_1,540.3927921719892
590,126,False,road_4_0_1_1,547.8938143191779
590,105,False,road_4_0_1_1,555.3948370422622
590,74,False,road_4_0_1_1,562.8958804751306
590,54,False,road_4_0_1_1,570.3968991281677
590,34,False,road_4_0_1_1,577.8979626755071
590,24,False,road_4_0_1_1,585.3989709774777
590,137,False,road_4_0_1_2,562.8959172536753
590,116,False,road_4_0_1_2,570.3969448594623
590,97,False,road_4_0_1_2,577.8979548004972
590,45,False,road_4_0_1_2,585.3989571672523
590,452,False,road_4_1_0_0,1.3234645309982778
590,224,False,road_4_1_0_0,63.5675996238212
590,200,False,road_4_1_0_0,140.6417649069018
590,175,False,road_4_1_0_0,313.4100900224311
590,410,False,road_4_1_0_0,616.9914837868965
590,184,False,road_4_1_0_1,300.0915320580219
590,fake_intersection_4_2_W_1_7284,True,road_4_1_1_1,458.24
590,fake_intersection_4_2_W_1_7285,True,road_4_1_1_1,459.24
590,fake_intersection_4_2_W_2_7286,True,road_4_1_1_2,458.24
590,fake_intersection_4_2_W_2_7287,True,road_4_1_1_2,459.24
590,123,False,road_4_1_2_0,211.04988377823057
590,fake_intersection_3_1_N_2_7236,True,road_4_1_2_2,618.24
590,fake_intersection_3_1_N_2_7237,True,road_4_1_2_2,619.24
590,210,False,road_4_1_3_0,404.9599108271649
590,239,False,road_4_1_3_1,386.609610979351
590,fake_intersection_4_3_W_1_7300,True,road_4_2_1_1,458.24
590,fake_intersection_4_3_W_1_7301,True,road_4_2_1_1,459.24
590,385,False,road_4_2_1_1,556.7969261137355
590,361,False,road_4_2_1_1,564.2979343334787
590,208,False,road_4_2_1_1,571.7989408224968
590,fake_intersection_4_3_W_2_7302,True,road_4_2_1_2,458.24
590,fake_intersection_4_3_W_2_7303,True,road_4_2_1_2,459.24
590,422,False,road_4_2_2_0,125.82138422205766
590,409,False,road_4_2_2_0,306.8217951987246
590,fake_intersection_3_2_N_1_7238,True,road_4_2_2_1,618.24
590,fake_intersection_3_2_N_1_7239,True,road_4_2_2_1,619.24
590,397,False,road_4_2_2_1,619.4896910227849
590,fake_intersection_3_2_N_2_7240,True,road_4_2_2_2,618.24
590,fake_intersection_3_2_N_2_7241,True,road_4_2_2_2,619.24
590,373,False,road_4_2_3_0,259.9057660258104
590,107,False,road_4_2_3_0,320.19189046982893
590,258,False,road_4_2_3_1,330.45305496022763
590,fake_intersection_4_1_E_1_7272,True,road_4_2_3_1,458.24
590,fake_intersection_4_1_E_1_7273,True,road_4_2_3_1,459.24
590,321,False,road_4_3_0_0,453.5167964594914
590,416,False,road_4_3_1_2,402.46780048484237
590,fake_intersection_4_4_W_2_7306,True,road_4_3_1_2,458.24
590,fake_intersection_4_4_W_2_7307,True,road_4_3_1_2,459.24
590,430,False,road_4_3_2_0,382.39018439161595
590,401,False,road_4_3_2_0,475.488778151461
590,fake_intersection_3_3_N_1_7252,True,road_4_3_2_1,618.24
590,fake_intersection_3_3_N_1_7253,True,road_4_3_2_1,619.24
590,fake_intersection_4_2_E_1_7280,True,road_4_3_3_1,458.24
590,fake_intersection_4_2_E_1_7281,True,road_4_3_3_1,459.24
590,180,False,road_4_3_3_1,564.297929176873
590,117,False,road_4_3_3_1,571.7989380428565
590,fake_intersection_4_2_E_2_7282,True,road_4_3_3_2,458.24
590,fake_intersection_4_2_E_2_7283,True,road_4_3_3_2,459.24
590,340,False,road_4_4_0_0,768.8778622380881
590,383,False,road_4_4_1_0,242.4108643156758
590,406,False,road_4_4_1_0,280.3651911360853
590,379,False,road_4_4_1_0,413.567745090471
590,392,False,road_4_4_1_0,467.8426945497101
590,353,False,road_4_4_1_1,428.0865120805893
590,163,False,road_4_4_2_1,734.2937900616366
590,131,False,road_4_4_2_1,741.7948879583921
590,119,False,road_4_4_2_1,749.2958964981461
590,92,False,road_4_4_2_1,756.7969342743186
590,109,False,road_4_4_2_1,764.2979723922394
590,fake_intersection_3_4_N_2_7262,True,road_4_4_2_2,618.24
590,fake_intersection_3_4_N_2_7263,True,road_4_4_2_2,619.24
590,146,False,road_4_4_3_0,191.02673523754817
590,fake_intersection_4_3_E_1_7298,True,road_4_4_3_1,458.24
590,fake_intersection_4_3_E_1_7299,True,road_4_4_3_1,459.24
590,fake_intersection_4_1_N_1_7274,True,road_5_1_2_1,629.12
590,fake_intersection_4_1_N_1_7275,True,road_5_1_2_1,630.12
590,497,False,road_5_2_2_0,91.54869860036862
590,485,False,road_5_2_2_0,265.8927131712842
590,472,False,road_5_2_2_0,400.303345278024
590,458,False,road_5_2_2_1,412.59799056515175
590,448,False,road_5_2_2_1,588.2849733609856
590,fake_intersection_4_2_N_1_7288,True,road_5_2_2_1,629.12
590,fake_intersection_4_2_N_1_7289,True,road_5_2_2_1,630.12
590,436,False,road_5_2_2_1,728.2616546999539
590,506,False,road_5_3_2_0,5.1
590,491,False,road_5_3_2_0,191.7928934244958
590,477,False,road_5_3_2_0,355.3184908535551
590,461,False,road_5_3_2_0,491.1138505438858
590,fake_intersection_4_3_N_1_7290,True,road_5_3_2_1,629.12
590,fake_intersection_4_3_N_1_7291,True,road_5_3_2_1,630.12
590,fake_intersection_4_3_N_2_7292,True,road_5_3_2_2,629.12
590,fake_intersection_4_3_N_2_7293,True,road_5_3_2_2,630.12
590,444,False,road_5_3_2_2,669.8759074150086
590,325,False,road_5_3_2_2,785.3989500010405
590,495,False,road_5_4_2_0,106.73370436913285
590,487,False,road_5_4_2_0,201.29673563768057
590,451,False,road_5_4_2_0,569.7642650839648
590,446,False,road_5_4_2_0,681.2399062413791
590,503,False,road_5_4_2_1,8.203140025308208
590,500,False,road_5_4_2_1,65.86713885473863
590,482,False,road_5_4_2_1,259.0979709304406
590,479,False,road_5_4_2_1,298.8942978444579
590,470,False,road_5_4_2_1,388.5483816725992
590,467,False,road_5_4_2_1,440.1620521205565
590,455,False,road_5_4_2_1,498.5500314144627
590,463,False,road_5_4_2_1,560.2597468046434
590,440,False,road_5_4_2_1,567.8685615665994
590,427,False,road_5_4_2_1,575.3695642823428
590,424,False,road_5_4_2_1,582.8706134952106
590,413,False,road_5_4_2_1,590.3716144988441
590,419,False,road_5_4_2_1,597.8726878659091
590,403,False,road_5_4_2_1,605.373699966519
590,395,False,road_5_4_2_1,612.8747254437371
590,388,False,road_5_4_2_1,620.3757463413459
590,376,False,road_5_4_2_1,627.8767956119979
590,371,False,road_5_4_2_1,635.3778255001266
590,359,False,road_5_4_2_1,642.8788824559869
590,343,False,road_5_4_2_1,650.379889234652
590,348,False,road_5_4_2_1,657.8809643960758
590,337,False,road_5_4_2_1,665.3819984070273
590,327,False,road_5_4_2_1,672.8830631511408
590,319,False,road_5_4_2_1,680.3841184042726
590,313,False,road_5_4_2_1,687.8851643788727
590,304,False,road_5_4_2_1,695.3862195297096
590,283,False,road_5_4_2_1,702.8873039076007
590,280,False,road_5_4_2_1,710.3883196340677
590,268,False,road_5_4_2_1,717.8894167205933
590,256,False,road_5_4_2_1,725.390421227733
590,253,False,road_5_4_2_1,732.891462598536
590,244,False,road_5_4_2_1,740.3924982110943
590,234,False,road_5_4_2_1,747.8935625359286
590,230,False,road_5_4_2_1,755.394587830096
590,206,False,road_5_4_2_1,762.8956213105093
590,187,False,road_5_4_2_1,770.3967137256591
590,174,False,road_5_4_2_1,777.8978116531808
590,171,False,road_5_4_2_1,785.3989081225037
590,434,False,road_5_4_2_2,616.2035218473994
590,364,False,road_5_4_2_2,770.3967483030792
590,316,False,road_5_4_2_2,777.8978351944704
590,181,False,road_5_4_2_2,785.3989213237264
