time,tls_id,controlled_lanes,state
0,intersection_1_1,road_1_2_3_0;road_1_2_3_0;road_1_2_3_1;road_1_2_3_1;road_2_1_2_0;road_2_1_2_0;road_2_1_2_1;road_2_1_2_1;road_1_0_1_0;road_1_0_1_0;road_1_0_1_1;road_1_0_1_1;road_0_1_0_0;road_0_1_0_0;road_0_1_0_1;road_0_1_0_1,rrrrGGrrrrrrGGrr
1,intersection_1_1,road_1_2_3_0;road_1_2_3_0;road_1_2_3_1;road_1_2_3_1;road_2_1_2_0;road_2_1_2_0;road_2_1_2_1;road_2_1_2_1;road_1_0_1_0;road_1_0_1_0;road_1_0_1_1;road_1_0_1_1;road_0_1_0_0;road_0_1_0_0;road_0_1_0_1;road_0_1_0_1,rrrrrrrrrrrrrrrr
2,intersection_1_1,road_1_2_3_0;road_1_2_3_0;road_1_2_3_1;road_1_2_3_1;road_2_1_2_0;road_2_1_2_0;road_2_1_2_1;road_2_1_2_1;road_1_0_1_0;road_1_0_1_0;road_1_0_1_1;road_1_0_1_1;road_0_1_0_0;road_0_1_0_0;road_0_1_0_1;road_0_1_0_1,rrrrrrrrrrrrrrrr
3,intersection_1_1,road_1_2_3_0;road_1_2_3_0;road_1_2_3_1;road_1_2_3_1;road_2_1_2_0;road_2_1_2_0;road_2_1_2_1;road_2_1_2_1;road_1_0_1_0;road_1_0_1_0;road_1_0_1_1;road_1_0_1_1;road_0_1_0_0;road_0_1_0_0;road_0_1_0_1;road_0_1_0_1,rrrrrrrrrrrrrrrr
4,intersection_1_1,road_1_2_3_0;road_1_2_3_0;road_1_2_3_1;road_1_2_3_1;road_2_1_2_0;road_2_1_2_0;road_2_1_2_1;road_2_1_2_1;road_1_0_1_0;road_1_0_1_0;road_1_0_1_1;road_1_0_1_1;road_0_1_0_0;road_0_1_0_0;road_0_1_0_1;road_0_1_0_1,rrrrrrrrrrrrrrrr
5,intersection_1_1,road_1_2_3_0;road_1_2_3_0;road_1_2_3_1;road_1_2_3_1;road_2_1_2_0;road_2_1_2_0;road_2_1_2_1;road_2_1_2_1;road_1_0_1_0;road_1_0_1_0;road_1_0_1_1;road_1_0_1_1;road_0_1_0_0;road_0_1_0_0;road_0_1_0_1;road_0_1_0_1,rrrrrrrrrrrrrrrr
6,intersection_1_1,road_1_2_3_0;road_1_2_3_0;road_1_2_3_1;road_1_2_3_1;road_2_1_2_0;road_2_1_2_0;road_2_1_2_1;road_2_1_2_1;road_1_0_1_0;road_1_0_1_0;road_1_0_1_1;road_1_0_1_1;road_0_1_0_0;road_0_1_0_0;road_0_1_0_1;road_0_1_0_1,GGGGrrrrrrrrrrrr
7,intersection_1_1,road_1_2_3_0;road_1_2_3_0;road_1_2_3_1;road_1_2_3_1;road_2_1_2_0;road_2_1_2_0;road_2_1_2_1;road_2_1_2_1;road_1_0_1_0;road_1_0_1_0;road_1_0_1_1;road_1_0_1_1;road_0_1_0_0;road_0_1_0_0;road_0_1_0_1;road_0_1_0_1,GGGGrrrrrrrrrrrr
8,intersection_1_1,road_1_2_3_0;road_1_2_3_0;road_1_2_3_1;road_1_2_3_1;road_2_1_2_0;road_2_1_2_0;road_2_1_2_1;road_2_1_2_1;road_1_0_1_0;road_1_0_1_0;road_1_0_1_1;road_1_0_1_1;road_0_1_0_0;road_0_1_0_0;road_0_1_0_1;road_0_1_0_1,GGGGrrrrrrrrrrrr
9,intersection_1_1,road_1_2_3_0;road_1_2_3_0;road_1_2_3_1;road_1_2_3_1;road_2_1_2_0;road_2_1_2_0;road_2_1_2_1;road_2_1_2_1;road_1_0_1_0;road_1_0_1_0;road_1_0_1_1;road_1_0_1_1;road_0_1_0_0;road_0_1_0_0;road_0_1_0_1;road_0_1_0_1,GGGGrrrrrrrrrrrr
10,intersection_1_1,road_1_2_3_0;road_1_2_3_0;road_1_2_3_1;road_1_2_3_1;road_2_1_2_0;road_2_1_2_0;road_2_1_2_1;road_2_1_2_1;road_1_0_1_0;road_1_0_1_0;road_1_0_1_1;road_1_0_1_1;road_0_1_0_0;road_0_1_0_0;road_0_1_0_1;road_0_1_0_1,GGGGrrrrrrrrrrrr
10,intersection_1_1,road_1_2_3_0;road_1_2_3_0;road_1_2_3_1;road_1_2_3_1;road_2_1_2_0;road_2_1_2_0;road_2_1_2_1;road_2_1_2_1;road_1_0_1_0;road_1_0_1_0;road_1_0_1_1;road_1_0_1_1;road_0_1_0_0;road_0_1_0_0;road_0_1_0_1;road_0_1_0_1,GGGGrrrrrrrrrrrr
11,intersection_1_1,road_1_2_3_0;road_1_2_3_0;road_1_2_3_1;road_1_2_3_1;road_2_1_2_0;road_2_1_2_0;road_2_1_2_1;road_2_1_2_1;road_1_0_1_0;road_1_0_1_0;road_1_0_1_1;road_1_0_1_1;road_0_1_0_0;road_0_1_0_0;road_0_1_0_1;road_0_1_0_1,GGGGrrrrrrrrrrrr
12,intersection_1_1,road_1_2_3_0;road_1_2_3_0;road_1_2_3_1;road_1_2_3_1;road_2_1_2_0;road_2_1_2_0;road_2_1_2_1;road_2_1_2_1;road_1_0_1_0;road_1_0_1_0;road_1_0_1_1;road_1_0_1_1;road_0_1_0_0;road_0_1_0_0;road_0_1_0_1;road_0_1_0_1,GGGGrrrrrrrrrrrr
13,intersection_1_1,road_1_2_3_0;road_1_2_3_0;road_1_2_3_1;road_1_2_3_1;road_2_1_2_0;road_2_1_2_0;road_2_1_2_1;road_2_1_2_1;road_1_0_1_0;road_1_0_1_0;road_1_0_1_1;road_1_0_1_1;road_0_1_0_0;road_0_1_0_0;road_0_1_0_1;road_0_1_0_1,GGGGrrrrrrrrrrrr
14,intersection_1_1,road_1_2_3_0;road_1_2_3_0;road_1_2_3_1;road_1_2_3_1;road_2_1_2_0;road_2_1_2_0;road_2_1_2_1;road_2_1_2_1;road_1_0_1_0;road_1_0_1_0;road_1_0_1_1;road_1_0_1_1;road_0_1_0_0;road_0_1_0_0;road_0_1_0_1;road_0_1_0_1,GGGGrrrrrrrrrrrr
15,intersection_1_1,road_1_2_3_0;road_1_2_3_0;road_1_2_3_1;road_1_2_3_1;road_2_1_2_0;road_2_1_2_0;road_2_1_2_1;road_2_1_2_1;road_1_0_1_0;road_1_0_1_0;road_1_0_1_1;road_1_0_1_1;road_0_1_0_0;road_0_1_0_0;road_0_1_0_1;road_0_1_0_1,GGGGrrrrrrrrrrrr
16,intersection_1_1,road_1_2_3_0;road_1_2_3_0;road_1_2_3_1;road_1_2_3_1;road_2_1_2_0;road_2_1_2_0;road_2_1_2_1;road_2_1_2_1;road_1_0_1_0;road_1_0_1_0;road_1_0_1_1;road_1_0_1_1;road_0_1_0_0;road_0_1_0_0;road_0_1_0_1;road_0_1_0_1,GGGGrrrrrrrrrrrr
17,intersection_1_1,road_1_2_3_0;road_1_2_3_0;road_1_2_3_1;road_1_2_3_1;road_2_1_2_0;road_2_1_2_0;road_2_1_2_1;road_2_1_2_1;road_1_0_1_0;road_1_0_1_0;road_1_0_1_1;road_1_0_1_1;road_0_1_0_0;road_0_1_0_0;road_0_1_0_1;road_0_1_0_1,GGGGrrrrrrrrrrrr
18,intersection_1_1,road_1_2_3_0;road_1_2_3_0;road_1_2_3_1;road_1_2_3_1;road_2_1_2_0;road_2_1_2_0;road_2_1_2_1;road_2_1_2_1;road_1_0_1_0;road_1_0_1_0;road_1_0_1_1;road_1_0_1_1;road_0_1_0_0;road_0_1_0_0;road_0_1_0_1;road_0_1_0_1,GGGGrrrrrrrrrrrr
19,intersection_1_1,road_1_2_3_0;road_1_2_3_0;road_1_2_3_1;road_1_2_3_1;road_2_1_2_0;road_2_1_2_0;road_2_1_2_1;road_2_1_2_1;road_1_0_1_0;road_1_0_1_0;road_1_0_1_1;road_1_0_1_1;road_0_1_0_0;road_0_1_0_0;road_0_1_0_1;road_0_1_0_1,GGGGrrrrrrrrrrrr
20,intersection_1_1,road_1_2_3_0;road_1_2_3_0;road_1_2_3_1;road_1_2_3_1;road_2_1_2_0;road_2_1_2_0;road_2_1_2_1;road_2_1_2_1;road_1_0_1_0;road_1_0_1_0;road_1_0_1_1;road_1_0_1_1;road_0_1_0_0;road_0_1_0_0;road_0_1_0_1;road_0_1_0_1,GGGGrrrrrrrrrrrr
20,intersection_1_1,road_1_2_3_0;road_1_2_3_0;road_1_2_3_1;road_1_2_3_1;road_2_1_2_0;road_2_1_2_0;road_2_1_2_1;road_2_1_2_1;road_1_0_1_0;road_1_0_1_0;road_1_0_1_1;road_1_0_1_1;road_0_1_0_0;road_0_1_0_0;road_0_1_0_1;road_0_1_0_1,GGGGrrrrrrrrrrrr
21,intersection_1_1,road_1_2_3_0;road_1_2_3_0;road_1_2_3_1;road_1_2_3_1;road_2_1_2_0;road_2_1_2_0;road_2_1_2_1;road_2_1_2_1;road_1_0_1_0;road_1_0_1_0;road_1_0_1_1;road_1_0_1_1;road_0_1_0_0;road_0_1_0_0;road_0_1_0_1;road_0_1_0_1,GGGGrrrrrrrrrrrr
22,intersection_1_1,road_1_2_3_0;road_1_2_3_0;road_1_2_3_1;road_1_2_3_1;road_2_1_2_0;road_2_1_2_0;road_2_1_2_1;road_2_1_2_1;road_1_0_1_0;road_1_0_1_0;road_1_0_1_1;road_1_0_1_1;road_0_1_0_0;road_0_1_0_0;road_0_1_0_1;road_0_1_0_1,GGGGrrrrrrrrrrrr
23,intersection_1_1,road_1_2_3_0;road_1_2_3_0;road_1_2_3_1;road_1_2_3_1;road_2_1_2_0;road_2_1_2_0;road_2_1_2_1;road_2_1_2_1;road_1_0_1_0;road_1_0_1_0;road_1_0_1_1;road_1_0_1_1;road_0_1_0_0;road_0_1_0_0;road_0_1_0_1;road_0_1_0_1,GGGGrrrrrrrrrrrr
24,intersection_1_1,road_1_2_3_0;road_1_2_3_0;road_1_2_3_1;road_1_2_3_1;road_2_1_2_0;road_2_1_2_0;road_2_1_2_1;road_2_1_2_1;road_1_0_1_0;road_1_0_1_0;road_1_0_1_1;road_1_0_1_1;road_0_1_0_0;road_0_1_0_0;road_0_1_0_1;road_0_1_0_1,GGGGrrrrrrrrrrrr
25,intersection_1_1,road_1_2_3_0;road_1_2_3_0;road_1_2_3_1;road_1_2_3_1;road_2_1_2_0;road_2_1_2_0;road_2_1_2_1;road_2_1_2_1;road_1_0_1_0;road_1_0_1_0;road_1_0_1_1;road_1_0_1_1;road_0_1_0_0;road_0_1_0_0;road_0_1_0_1;road_0_1_0_1,GGGGrrrrrrrrrrrr
26,intersection_1_1,road_1_2_3_0;road_1_2_3_0;road_1_2_3_1;road_1_2_3_1;road_2_1_2_0;road_2_1_2_0;road_2_1_2_1;road_2_1_2_1;road_1_0_1_0;road_1_0_1_0;road_1_0_1_1;road_1_0_1_1;road_0_1_0_0;road_0_1_0_0;road_0_1_0_1;road_0_1_0_1,GGGGrrrrrrrrrrrr
27,intersection_1_1,road_1_2_3_0;road_1_2_3_0;road_1_2_3_1;road_1_2_3_1;road_2_1_2_0;road_2_1_2_0;road_2_1_2_1;road_2_1_2_1;road_1_0_1_0;road_1_0_1_0;road_1_0_1_1;road_1_0_1_1;road_0_1_0_0;road_0_1_0_0;road_0_1_0_1;road_0_1_0_1,GGGGrrrrrrrrrrrr
28,intersection_1_1,road_1_2_3_0;road_1_2_3_0;road_1_2_3_1;road_1_2_3_1;road_2_1_2_0;road_2_1_2_0;road_2_1_2_1;road_2_1_2_1;road_1_0_1_0;road_1_0_1_0;road_1_0_1_1;road_1_0_1_1;road_0_1_0_0;road_0_1_0_0;road_0_1_0_1;road_0_1_0_1,GGGGrrrrrrrrrrrr
29,intersection_1_1,road_1_2_3_0;road_1_2_3_0;road_1_2_3_1;road_1_2_3_1;road_2_1_2_0;road_2_1_2_0;road_2_1_2_1;road_2_1_2_1;road_1_0_1_0;road_1_0_1_0;road_1_0_1_1;road_1_0_1_1;road_0_1_0_0;road_0_1_0_0;road_0_1_0_1;road_0_1_0_1,GGGGrrrrrrrrrrrr
30,intersection_1_1,road_1_2_3_0;road_1_2_3_0;road_1_2_3_1;road_1_2_3_1;road_2_1_2_0;road_2_1_2_0;road_2_1_2_1;road_2_1_2_1;road_1_0_1_0;road_1_0_1_0;road_1_0_1_1;road_1_0_1_1;road_0_1_0_0;road_0_1_0_0;road_0_1_0_1;road_0_1_0_1,GGGGrrrrrrrrrrrr
30,intersection_1_1,road_1_2_3_0;road_1_2_3_0;road_1_2_3_1;road_1_2_3_1;road_2_1_2_0;road_2_1_2_0;road_2_1_2_1;road_2_1_2_1;road_1_0_1_0;road_1_0_1_0;road_1_0_1_1;road_1_0_1_1;road_0_1_0_0;road_0_1_0_0;road_0_1_0_1;road_0_1_0_1,GGGGrrrrrrrrrrrr
31,intersection_1_1,road_1_2_3_0;road_1_2_3_0;road_1_2_3_1;road_1_2_3_1;road_2_1_2_0;road_2_1_2_0;road_2_1_2_1;road_2_1_2_1;road_1_0_1_0;road_1_0_1_0;road_1_0_1_1;road_1_0_1_1;road_0_1_0_0;road_0_1_0_0;road_0_1_0_1;road_0_1_0_1,GGGGrrrrrrrrrrrr
32,intersection_1_1,road_1_2_3_0;road_1_2_3_0;road_1_2_3_1;road_1_2_3_1;road_2_1_2_0;road_2_1_2_0;road_2_1_2_1;road_2_1_2_1;road_1_0_1_0;road_1_0_1_0;road_1_0_1_1;road_1_0_1_1;road_0_1_0_0;road_0_1_0_0;road_0_1_0_1;road_0_1_0_1,GGGGrrrrrrrrrrrr
33,intersection_1_1,road_1_2_3_0;road_1_2_3_0;road_1_2_3_1;road_1_2_3_1;road_2_1_2_0;road_2_1_2_0;road_2_1_2_1;road_2_1_2_1;road_1_0_1_0;road_1_0_1_0;road_1_0_1_1;road_1_0_1_1;road_0_1_0_0;road_0_1_0_0;road_0_1_0_1;road_0_1_0_1,GGGGrrrrrrrrrrrr
34,intersection_1_1,road_1_2_3_0;road_1_2_3_0;road_1_2_3_1;road_1_2_3_1;road_2_1_2_0;road_2_1_2_0;road_2_1_2_1;road_2_1_2_1;road_1_0_1_0;road_1_0_1_0;road_1_0_1_1;road_1_0_1_1;road_0_1_0_0;road_0_1_0_0;road_0_1_0_1;road_0_1_0_1,GGGGrrrrrrrrrrrr
35,intersection_1_1,road_1_2_3_0;road_1_2_3_0;road_1_2_3_1;road_1_2_3_1;road_2_1_2_0;road_2_1_2_0;road_2_1_2_1;road_2_1_2_1;road_1_0_1_0;road_1_0_1_0;road_1_0_1_1;road_1_0_1_1;road_0_1_0_0;road_0_1_0_0;road_0_1_0_1;road_0_1_0_1,GGGGrrrrrrrrrrrr
36,intersection_1_1,road_1_2_3_0;road_1_2_3_0;road_1_2_3_1;road_1_2_3_1;road_2_1_2_0;road_2_1_2_0;road_2_1_2_1;road_2_1_2_1;road_1_0_1_0;road_1_0_1_0;road_1_0_1_1;road_1_0_1_1;road_0_1_0_0;road_0_1_0_0;road_0_1_0_1;road_0_1_0_1,GGGGrrrrrrrrrrrr
37,intersection_1_1,road_1_2_3_0;road_1_2_3_0;road_1_2_3_1;road_1_2_3_1;road_2_1_2_0;road_2_1_2_0;road_2_1_2_1;road_2_1_2_1;road_1_0_1_0;road_1_0_1_0;road_1_0_1_1;road_1_0_1_1;road_0_1_0_0;road_0_1_0_0;road_0_1_0_1;road_0_1_0_1,GGGGrrrrrrrrrrrr
38,intersection_1_1,road_1_2_3_0;road_1_2_3_0;road_1_2_3_1;road_1_2_3_1;road_2_1_2_0;road_2_1_2_0;road_2_1_2_1;road_2_1_2_1;road_1_0_1_0;road_1_0_1_0;road_1_0_1_1;road_1_0_1_1;road_0_1_0_0;road_0_1_0_0;road_0_1_0_1;road_0_1_0_1,GGGGrrrrrrrrrrrr
39,intersection_1_1,road_1_2_3_0;road_1_2_3_0;road_1_2_3_1;road_1_2_3_1;road_2_1_2_0;road_2_1_2_0;road_2_1_2_1;road_2_1_2_1;road_1_0_1_0;road_1_0_1_0;road_1_0_1_1;road_1_0_1_1;road_0_1_0_0;road_0_1_0_0;road_0_1_0_1;road_0_1_0_1,GGGGrrrrrrrrrrrr
40,intersection_1_1,road_1_2_3_0;road_1_2_3_0;road_1_2_3_1;road_1_2_3_1;road_2_1_2_0;road_2_1_2_0;road_2_1_2_1;road_2_1_2_1;road_1_0_1_0;road_1_0_1_0;road_1_0_1_1;road_1_0_1_1;road_0_1_0_0;road_0_1_0_0;road_0_1_0_1;road_0_1_0_1,GGGGrrrrrrrrrrrr
40,intersection_1_1,road_1_2_3_0;road_1_2_3_0;road_1_2_3_1;road_1_2_3_1;road_2_1_2_0;road_2_1_2_0;road_2_1_2_1;road_2_1_2_1;road_1_0_1_0;road_1_0_1_0;road_1_0_1_1;road_1_0_1_1;road_0_1_0_0;road_0_1_0_0;road_0_1_0_1;road_0_1_0_1,GGGGrrrrrrrrrrrr
41,intersection_1_1,road_1_2_3_0;road_1_2_3_0;road_1_2_3_1;road_1_2_3_1;road_2_1_2_0;road_2_1_2_0;road_2_1_2_1;road_2_1_2_1;road_1_0_1_0;road_1_0_1_0;road_1_0_1_1;road_1_0_1_1;road_0_1_0_0;road_0_1_0_0;road_0_1_0_1;road_0_1_0_1,GGGGrrrrrrrrrrrr
42,intersection_1_1,road_1_2_3_0;road_1_2_3_0;road_1_2_3_1;road_1_2_3_1;road_2_1_2_0;road_2_1_2_0;road_2_1_2_1;road_2_1_2_1;road_1_0_1_0;road_1_0_1_0;road_1_0_1_1;road_1_0_1_1;road_0_1_0_0;road_0_1_0_0;road_0_1_0_1;road_0_1_0_1,GGGGrrrrrrrrrrrr
43,intersection_1_1,road_1_2_3_0;road_1_2_3_0;road_1_2_3_1;road_1_2_3_1;road_2_1_2_0;road_2_1_2_0;road_2_1_2_1;road_2_1_2_1;road_1_0_1_0;road_1_0_1_0;road_1_0_1_1;road_1_0_1_1;road_0_1_0_0;road_0_1_0_0;road_0_1_0_1;road_0_1_0_1,GGGGrrrrrrrrrrrr
44,intersection_1_1,road_1_2_3_0;road_1_2_3_0;road_1_2_3_1;road_1_2_3_1;road_2_1_2_0;road_2_1_2_0;road_2_1_2_1;road_2_1_2_1;road_1_0_1_0;road_1_0_1_0;road_1_0_1_1;road_1_0_1_1;road_0_1_0_0;road_0_1_0_0;road_0_1_0_1;road_0_1_0_1,GGGGrrrrrrrrrrrr
45,intersection_1_1,road_1_2_3_0;road_1_2_3_0;road_1_2_3_1;road_1_2_3_1;road_2_1_2_0;road_2_1_2_0;road_2_1_2_1;road_2_1_2_1;road_1_0_1_0;road_1_0_1_0;road_1_0_1_1;road_1_0_1_1;road_0_1_0_0;road_0_1_0_0;road_0_1_0_1;road_0_1_0_1,GGGGrrrrrrrrrrrr
46,intersection_1_1,road_1_2_3_0;road_1_2_3_0;road_1_2_3_1;road_1_2_3_1;road_2_1_2_0;road_2_1_2_0;road_2_1_2_1;road_2_1_2_1;road_1_0_1_0;road_1_0_1_0;road_1_0_1_1;road_1_0_1_1;road_0_1_0_0;road_0_1_0_0;road_0_1_0_1;road_0_1_0_1,GGGGrrrrrrrrrrrr
47,intersection_1_1,road_1_2_3_0;road_1_2_3_0;road_1_2_3_1;road_1_2_3_1;road_2_1_2_0;road_2_1_2_0;road_2_1_2_1;road_2_1_2_1;road_1_0_1_0;road_1_0_1_0;road_1_0_1_1;road_1_0_1_1;road_0_1_0_0;road_0_1_0_0;road_0_1_0_1;road_0_1_0_1,GGGGrrrrrrrrrrrr
48,intersection_1_1,road_1_2_3_0;road_1_2_3_0;road_1_2_3_1;road_1_2_3_1;road_2_1_2_0;road_2_1_2_0;road_2_1_2_1;road_2_1_2_1;road_1_0_1_0;road_1_0_1_0;road_1_0_1_1;road_1_0_1_1;road_0_1_0_0;road_0_1_0_0;road_0_1_0_1;road_0_1_0_1,GGGGrrrrrrrrrrrr
49,intersection_1_1,road_1_2_3_0;road_1_2_3_0;road_1_2_3_1;road_1_2_3_1;road_2_1_2_0;road_2_1_2_0;road_2_1_2_1;road_2_1_2_1;road_1_0_1_0;road_1_0_1_0;road_1_0_1_1;road_1_0_1_1;road_0_1_0_0;road_0_1_0_0;road_0_1_0_1;road_0_1_0_1,GGGGrrrrrrrrrrrr
50,intersection_1_1,road_1_2_3_0;road_1_2_3_0;road_1_2_3_1;road_1_2_3_1;road_2_1_2_0;road_2_1_2_0;road_2_1_2_1;road_2_1_2_1;road_1_0_1_0;road_1_0_1_0;road_1_0_1_1;road_1_0_1_1;road_0_1_0_0;road_0_1_0_0;road_0_1_0_1;road_0_1_0_1,GGGGrrrrrrrrrrrr
50,intersection_1_1,road_1_2_3_0;road_1_2_3_0;road_1_2_3_1;road_1_2_3_1;road_2_1_2_0;road_2_1_2_0;road_2_1_2_1;road_2_1_2_1;road_1_0_1_0;road_1_0_1_0;road_1_0_1_1;road_1_0_1_1;road_0_1_0_0;road_0_1_0_0;road_0_1_0_1;road_0_1_0_1,GGGGrrrrrrrrrrrr
51,intersection_1_1,road_1_2_3_0;road_1_2_3_0;road_1_2_3_1;road_1_2_3_1;road_2_1_2_0;road_2_1_2_0;road_2_1_2_1;road_2_1_2_1;road_1_0_1_0;road_1_0_1_0;road_1_0_1_1;road_1_0_1_1;road_0_1_0_0;road_0_1_0_0;road_0_1_0_1;road_0_1_0_1,GGGGrrrrrrrrrrrr
52,intersection_1_1,road_1_2_3_0;road_1_2_3_0;road_1_2_3_1;road_1_2_3_1;road_2_1_2_0;road_2_1_2_0;road_2_1_2_1;road_2_1_2_1;road_1_0_1_0;road_1_0_1_0;road_1_0_1_1;road_1_0_1_1;road_0_1_0_0;road_0_1_0_0;road_0_1_0_1;road_0_1_0_1,GGGGrrrrrrrrrrrr
53,intersection_1_1,road_1_2_3_0;road_1_2_3_0;road_1_2_3_1;road_1_2_3_1;road_2_1_2_0;road_2_1_2_0;road_2_1_2_1;road_2_1_2_1;road_1_0_1_0;road_1_0_1_0;road_1_0_1_1;road_1_0_1_1;road_0_1_0_0;road_0_1_0_0;road_0_1_0_1;road_0_1_0_1,GGGGrrrrrrrrrrrr
54,intersection_1_1,road_1_2_3_0;road_1_2_3_0;road_1_2_3_1;road_1_2_3_1;road_2_1_2_0;road_2_1_2_0;road_2_1_2_1;road_2_1_2_1;road_1_0_1_0;road_1_0_1_0;road_1_0_1_1;road_1_0_1_1;road_0_1_0_0;road_0_1_0_0;road_0_1_0_1;road_0_1_0_1,GGGGrrrrrrrrrrrr
55,intersection_1_1,road_1_2_3_0;road_1_2_3_0;road_1_2_3_1;road_1_2_3_1;road_2_1_2_0;road_2_1_2_0;road_2_1_2_1;road_2_1_2_1;road_1_0_1_0;road_1_0_1_0;road_1_0_1_1;road_1_0_1_1;road_0_1_0_0;road_0_1_0_0;road_0_1_0_1;road_0_1_0_1,GGGGrrrrrrrrrrrr
56,intersection_1_1,road_1_2_3_0;road_1_2_3_0;road_1_2_3_1;road_1_2_3_1;road_2_1_2_0;road_2_1_2_0;road_2_1_2_1;road_2_1_2_1;road_1_0_1_0;road_1_0_1_0;road_1_0_1_1;road_1_0_1_1;road_0_1_0_0;road_0_1_0_0;road_0_1_0_1;road_0_1_0_1,GGGGrrrrrrrrrrrr
57,intersection_1_1,road_1_2_3_0;road_1_2_3_0;road_1_2_3_1;road_1_2_3_1;road_2_1_2_0;road_2_1_2_0;road_2_1_2_1;road_2_1_2_1;road_1_0_1_0;road_1_0_1_0;road_1_0_1_1;road_1_0_1_1;road_0_1_0_0;road_0_1_0_0;road_0_1_0_1;road_0_1_0_1,GGGGrrrrrrrrrrrr
58,intersection_1_1,road_1_2_3_0;road_1_2_3_0;road_1_2_3_1;road_1_2_3_1;road_2_1_2_0;road_2_1_2_0;road_2_1_2_1;road_2_1_2_1;road_1_0_1_0;road_1_0_1_0;road_1_0_1_1;road_1_0_1_1;road_0_1_0_0;road_0_1_0_0;road_0_1_0_1;road_0_1_0_1,GGGGrrrrrrrrrrrr
59,intersection_1_1,road_1_2_3_0;road_1_2_3_0;road_1_2_3_1;road_1_2_3_1;road_2_1_2_0;road_2_1_2_0;road_2_1_2_1;road_2_1_2_1;road_1_0_1_0;road_1_0_1_0;road_1_0_1_1;road_1_0_1_1;road_0_1_0_0;road_0_1_0_0;road_0_1_0_1;road_0_1_0_1,GGGGrrrrrrrrrrrr
60,intersection_1_1,road_1_2_3_0;road_1_2_3_0;road_1_2_3_1;road_1_2_3_1;road_2_1_2_0;road_2_1_2_0;road_2_1_2_1;road_2_1_2_1;road_1_0_1_0;road_1_0_1_0;road_1_0_1_1;road_1_0_1_1;road_0_1_0_0;road_0_1_0_0;road_0_1_0_1;road_0_1_0_1,GGGGrrrrrrrrrrrr
60,intersection_1_1,road_1_2_3_0;road_1_2_3_0;road_1_2_3_1;road_1_2_3_1;road_2_1_2_0;road_2_1_2_0;road_2_1_2_1;road_2_1_2_1;road_1_0_1_0;road_1_0_1_0;road_1_0_1_1;road_1_0_1_1;road_0_1_0_0;road_0_1_0_0;road_0_1_0_1;road_0_1_0_1,GGGGrrrrrrrrrrrr
61,intersection_1_1,road_1_2_3_0;road_1_2_3_0;road_1_2_3_1;road_1_2_3_1;road_2_1_2_0;road_2_1_2_0;road_2_1_2_1;road_2_1_2_1;road_1_0_1_0;road_1_0_1_0;road_1_0_1_1;road_1_0_1_1;road_0_1_0_0;road_0_1_0_0;road_0_1_0_1;road_0_1_0_1,GGGGrrrrrrrrrrrr
62,intersection_1_1,road_1_2_3_0;road_1_2_3_0;road_1_2_3_1;road_1_2_3_1;road_2_1_2_0;road_2_1_2_0;road_2_1_2_1;road_2_1_2_1;road_1_0_1_0;road_1_0_1_0;road_1_0_1_1;road_1_0_1_1;road_0_1_0_0;road_0_1_0_0;road_0_1_0_1;road_0_1_0_1,GGGGrrrrrrrrrrrr
63,intersection_1_1,road_1_2_3_0;road_1_2_3_0;road_1_2_3_1;road_1_2_3_1;road_2_1_2_0;road_2_1_2_0;road_2_1_2_1;road_2_1_2_1;road_1_0_1_0;road_1_0_1_0;road_1_0_1_1;road_1_0_1_1;road_0_1_0_0;road_0_1_0_0;road_0_1_0_1;road_0_1_0_1,GGGGrrrrrrrrrrrr
64,intersection_1_1,road_1_2_3_0;road_1_2_3_0;road_1_2_3_1;road_1_2_3_1;road_2_1_2_0;road_2_1_2_0;road_2_1_2_1;road_2_1_2_1;road_1_0_1_0;road_1_0_1_0;road_1_0_1_1;road_1_0_1_1;road_0_1_0_0;road_0_1_0_0;road_0_1_0_1;road_0_1_0_1,GGGGrrrrrrrrrrrr
65,intersection_1_1,road_1_2_3_0;road_1_2_3_0;road_1_2_3_1;road_1_2_3_1;road_2_1_2_0;road_2_1_2_0;road_2_1_2_1;road_2_1_2_1;road_1_0_1_0;road_1_0_1_0;road_1_0_1_1;road_1_0_1_1;road_0_1_0_0;road_0_1_0_0;road_0_1_0_1;road_0_1_0_1,GGGGrrrrrrrrrrrr
66,intersection_1_1,road_1_2_3_0;road_1_2_3_0;road_1_2_3_1;road_1_2_3_1;road_2_1_2_0;road_2_1_2_0;road_2_1_2_1;road_2_1_2_1;road_1_0_1_0;road_1_0_1_0;road_1_0_1_1;road_1_0_1_1;road_0_1_0_0;road_0_1_0_0;road_0_1_0_1;road_0_1_0_1,GGGGrrrrrrrrrrrr
67,intersection_1_1,road_1_2_3_0;road_1_2_3_0;road_1_2_3_1;road_1_2_3_1;road_2_1_2_0;road_2_1_2_0;road_2_1_2_1;road_2_1_2_1;road_1_0_1_0;road_1_0_1_0;road_1_0_1_1;road_1_0_1_1;road_0_1_0_0;road_0_1_0_0;road_0_1_0_1;road_0_1_0_1,GGGGrrrrrrrrrrrr
68,intersection_1_1,road_1_2_3_0;road_1_2_3_0;road_1_2_3_1;road_1_2_3_1;road_2_1_2_0;road_2_1_2_0;road_2_1_2_1;road_2_1_2_1;road_1_0_1_0;road_1_0_1_0;road_1_0_1_1;road_1_0_1_1;road_0_1_0_0;road_0_1_0_0;road_0_1_0_1;road_0_1_0_1,GGGGrrrrrrrrrrrr
69,intersection_1_1,road_1_2_3_0;road_1_2_3_0;road_1_2_3_1;road_1_2_3_1;road_2_1_2_0;road_2_1_2_0;road_2_1_2_1;road_2_1_2_1;road_1_0_1_0;road_1_0_1_0;road_1_0_1_1;road_1_0_1_1;road_0_1_0_0;road_0_1_0_0;road_0_1_0_1;road_0_1_0_1,GGGGrrrrrrrrrrrr
70,intersection_1_1,road_1_2_3_0;road_1_2_3_0;road_1_2_3_1;road_1_2_3_1;road_2_1_2_0;road_2_1_2_0;road_2_1_2_1;road_2_1_2_1;road_1_0_1_0;road_1_0_1_0;road_1_0_1_1;road_1_0_1_1;road_0_1_0_0;road_0_1_0_0;road_0_1_0_1;road_0_1_0_1,GGGGrrrrrrrrrrrr
70,intersection_1_1,road_1_2_3_0;road_1_2_3_0;road_1_2_3_1;road_1_2_3_1;road_2_1_2_0;road_2_1_2_0;road_2_1_2_1;road_2_1_2_1;road_1_0_1_0;road_1_0_1_0;road_1_0_1_1;road_1_0_1_1;road_0_1_0_0;road_0_1_0_0;road_0_1_0_1;road_0_1_0_1,GGGGrrrrrrrrrrrr
71,intersection_1_1,road_1_2_3_0;road_1_2_3_0;road_1_2_3_1;road_1_2_3_1;road_2_1_2_0;road_2_1_2_0;road_2_1_2_1;road_2_1_2_1;road_1_0_1_0;road_1_0_1_0;road_1_0_1_1;road_1_0_1_1;road_0_1_0_0;road_0_1_0_0;road_0_1_0_1;road_0_1_0_1,GGGGrrrrrrrrrrrr
72,intersection_1_1,road_1_2_3_0;road_1_2_3_0;road_1_2_3_1;road_1_2_3_1;road_2_1_2_0;road_2_1_2_0;road_2_1_2_1;road_2_1_2_1;road_1_0_1_0;road_1_0_1_0;road_1_0_1_1;road_1_0_1_1;road_0_1_0_0;road_0_1_0_0;road_0_1_0_1;road_0_1_0_1,GGGGrrrrrrrrrrrr
73,intersection_1_1,road_1_2_3_0;road_1_2_3_0;road_1_2_3_1;road_1_2_3_1;road_2_1_2_0;road_2_1_2_0;road_2_1_2_1;road_2_1_2_1;road_1_0_1_0;road_1_0_1_0;road_1_0_1_1;road_1_0_1_1;road_0_1_0_0;road_0_1_0_0;road_0_1_0_1;road_0_1_0_1,GGGGrrrrrrrrrrrr
74,intersection_1_1,road_1_2_3_0;road_1_2_3_0;road_1_2_3_1;road_1_2_3_1;road_2_1_2_0;road_2_1_2_0;road_2_1_2_1;road_2_1_2_1;road_1_0_1_0;road_1_0_1_0;road_1_0_1_1;road_1_0_1_1;road_0_1_0_0;road_0_1_0_0;road_0_1_0_1;road_0_1_0_1,GGGGrrrrrrrrrrrr
75,intersection_1_1,road_1_2_3_0;road_1_2_3_0;road_1_2_3_1;road_1_2_3_1;road_2_1_2_0;road_2_1_2_0;road_2_1_2_1;road_2_1_2_1;road_1_0_1_0;road_1_0_1_0;road_1_0_1_1;road_1_0_1_1;road_0_1_0_0;road_0_1_0_0;road_0_1_0_1;road_0_1_0_1,GGGGrrrrrrrrrrrr
76,intersection_1_1,road_1_2_3_0;road_1_2_3_0;road_1_2_3_1;road_1_2_3_1;road_2_1_2_0;road_2_1_2_0;road_2_1_2_1;road_2_1_2_1;road_1_0_1_0;road_1_0_1_0;road_1_0_1_1;road_1_0_1_1;road_0_1_0_0;road_0_1_0_0;road_0_1_0_1;road_0_1_0_1,GGGGrrrrrrrrrrrr
77,intersection_1_1,road_1_2_3_0;road_1_2_3_0;road_1_2_3_1;road_1_2_3_1;road_2_1_2_0;road_2_1_2_0;road_2_1_2_1;road_2_1_2_1;road_1_0_1_0;road_1_0_1_0;road_1_0_1_1;road_1_0_1_1;road_0_1_0_0;road_0_1_0_0;road_0_1_0_1;road_0_1_0_1,GGGGrrrrrrrrrrrr
78,intersection_1_1,road_1_2_3_0;road_1_2_3_0;road_1_2_3_1;road_1_2_3_1;road_2_1_2_0;road_2_1_2_0;road_2_1_2_1;road_2_1_2_1;road_1_0_1_0;road_1_0_1_0;road_1_0_1_1;road_1_0_1_1;road_0_1_0_0;road_0_1_0_0;road_0_1_0_1;road_0_1_0_1,GGGGrrrrrrrrrrrr
79,intersection_1_1,road_1_2_3_0;road_1_2_3_0;road_1_2_3_1;road_1_2_3_1;road_2_1_2_0;road_2_1_2_0;road_2_1_2_1;road_2_1_2_1;road_1_0_1_0;road_1_0_1_0;road_1_0_1_1;road_1_0_1_1;road_0_1_0_0;road_0_1_0_0;road_0_1_0_1;road_0_1_0_1,GGGGrrrrrrrrrrrr
80,intersection_1_1,road_1_2_3_0;road_1_2_3_0;road_1_2_3_1;road_1_2_3_1;road_2_1_2_0;road_2_1_2_0;road_2_1_2_1;road_2_1_2_1;road_1_0_1_0;road_1_0_1_0;road_1_0_1_1;road_1_0_1_1;road_0_1_0_0;road_0_1_0_0;road_0_1_0_1;road_0_1_0_1,GGGGrrrrrrrrrrrr
80,intersection_1_1,road_1_2_3_0;road_1_2_3_0;road_1_2_3_1;road_1_2_3_1;road_2_1_2_0;road_2_1_2_0;road_2_1_2_1;road_2_1_2_1;road_1_0_1_0;road_1_0_1_0;road_1_0_1_1;road_1_0_1_1;road_0_1_0_0;road_0_1_0_0;road_0_1_0_1;road_0_1_0_1,GGGGrrrrrrrrrrrr
81,intersection_1_1,road_1_2_3_0;road_1_2_3_0;road_1_2_3_1;road_1_2_3_1;road_2_1_2_0;road_2_1_2_0;road_2_1_2_1;road_2_1_2_1;road_1_0_1_0;road_1_0_1_0;road_1_0_1_1;road_1_0_1_1;road_0_1_0_0;road_0_1_0_0;road_0_1_0_1;road_0_1_0_1,GGGGrrrrrrrrrrrr
82,intersection_1_1,road_1_2_3_0;road_1_2_3_0;road_1_2_3_1;road_1_2_3_1;road_2_1_2_0;road_2_1_2_0;road_2_1_2_1;road_2_1_2_1;road_1_0_1_0;road_1_0_1_0;road_1_0_1_1;road_1_0_1_1;road_0_1_0_0;road_0_1_0_0;road_0_1_0_1;road_0_1_0_1,GGGGrrrrrrrrrrrr
83,intersection_1_1,road_1_2_3_0;road_1_2_3_0;road_1_2_3_1;road_1_2_3_1;road_2_1_2_0;road_2_1_2_0;road_2_1_2_1;road_2_1_2_1;road_1_0_1_0;road_1_0_1_0;road_1_0_1_1;road_1_0_1_1;road_0_1_0_0;road_0_1_0_0;road_0_1_0_1;road_0_1_0_1,GGGGrrrrrrrrrrrr
84,intersection_1_1,road_1_2_3_0;road_1_2_3_0;road_1_2_3_1;road_1_2_3_1;road_2_1_2_0;road_2_1_2_0;road_2_1_2_1;road_2_1_2_1;road_1_0_1_0;road_1_0_1_0;road_1_0_1_1;road_1_0_1_1;road_0_1_0_0;road_0_1_0_0;road_0_1_0_1;road_0_1_0_1,GGGGrrrrrrrrrrrr
85,intersection_1_1,road_1_2_3_0;road_1_2_3_0;road_1_2_3_1;road_1_2_3_1;road_2_1_2_0;road_2_1_2_0;road_2_1_2_1;road_2_1_2_1;road_1_0_1_0;road_1_0_1_0;road_1_0_1_1;road_1_0_1_1;road_0_1_0_0;road_0_1_0_0;road_0_1_0_1;road_0_1_0_1,GGGGrrrrrrrrrrrr
86,intersection_1_1,road_1_2_3_0;road_1_2_3_0;road_1_2_3_1;road_1_2_3_1;road_2_1_2_0;road_2_1_2_0;road_2_1_2_1;road_2_1_2_1;road_1_0_1_0;road_1_0_1_0;road_1_0_1_1;road_1_0_1_1;road_0_1_0_0;road_0_1_0_0;road_0_1_0_1;road_0_1_0_1,GGGGrrrrrrrrrrrr
87,intersection_1_1,road_1_2_3_0;road_1_2_3_0;road_1_2_3_1;road_1_2_3_1;road_2_1_2_0;road_2_1_2_0;road_2_1_2_1;road_2_1_2_1;road_1_0_1_0;road_1_0_1_0;road_1_0_1_1;road_1_0_1_1;road_0_1_0_0;road_0_1_0_0;road_0_1_0_1;road_0_1_0_1,GGGGrrrrrrrrrrrr
88,intersection_1_1,road_1_2_3_0;road_1_2_3_0;road_1_2_3_1;road_1_2_3_1;road_2_1_2_0;road_2_1_2_0;road_2_1_2_1;road_2_1_2_1;road_1_0_1_0;road_1_0_1_0;road_1_0_1_1;road_1_0_1_1;road_0_1_0_0;road_0_1_0_0;road_0_1_0_1;road_0_1_0_1,GGGGrrrrrrrrrrrr
89,intersection_1_1,road_1_2_3_0;road_1_2_3_0;road_1_2_3_1;road_1_2_3_1;road_2_1_2_0;road_2_1_2_0;road_2_1_2_1;road_2_1_2_1;road_1_0_1_0;road_1_0_1_0;road_1_0_1_1;road_1_0_1_1;road_0_1_0_0;road_0_1_0_0;road_0_1_0_1;road_0_1_0_1,GGGGrrrrrrrrrrrr
90,intersection_1_1,road_1_2_3_0;road_1_2_3_0;road_1_2_3_1;road_1_2_3_1;road_2_1_2_0;road_2_1_2_0;road_2_1_2_1;road_2_1_2_1;road_1_0_1_0;road_1_0_1_0;road_1_0_1_1;road_1_0_1_1;road_0_1_0_0;road_0_1_0_0;road_0_1_0_1;road_0_1_0_1,GGGGrrrrrrrrrrrr
90,intersection_1_1,road_1_2_3_0;road_1_2_3_0;road_1_2_3_1;road_1_2_3_1;road_2_1_2_0;road_2_1_2_0;road_2_1_2_1;road_2_1_2_1;road_1_0_1_0;road_1_0_1_0;road_1_0_1_1;road_1_0_1_1;road_0_1_0_0;road_0_1_0_0;road_0_1_0_1;road_0_1_0_1,GGGGrrrrrrrrrrrr
91,intersection_1_1,road_1_2_3_0;road_1_2_3_0;road_1_2_3_1;road_1_2_3_1;road_2_1_2_0;road_2_1_2_0;road_2_1_2_1;road_2_1_2_1;road_1_0_1_0;road_1_0_1_0;road_1_0_1_1;road_1_0_1_1;road_0_1_0_0;road_0_1_0_0;road_0_1_0_1;road_0_1_0_1,GGrrrrrrrrrrrrrr
92,intersection_1_1,road_1_2_3_0;road_1_2_3_0;road_1_2_3_1;road_1_2_3_1;road_2_1_2_0;road_2_1_2_0;road_2_1_2_1;road_2_1_2_1;road_1_0_1_0;road_1_0_1_0;road_1_0_1_1;road_1_0_1_1;road_0_1_0_0;road_0_1_0_0;road_0_1_0_1;road_0_1_0_1,GGrrrrrrrrrrrrrr
93,intersection_1_1,road_1_2_3_0;road_1_2_3_0;road_1_2_3_1;road_1_2_3_1;road_2_1_2_0;road_2_1_2_0;road_2_1_2_1;road_2_1_2_1;road_1_0_1_0;road_1_0_1_0;road_1_0_1_1;road_1_0_1_1;road_0_1_0_0;road_0_1_0_0;road_0_1_0_1;road_0_1_0_1,GGrrrrrrrrrrrrrr
94,intersection_1_1,road_1_2_3_0;road_1_2_3_0;road_1_2_3_1;road_1_2_3_1;road_2_1_2_0;road_2_1_2_0;road_2_1_2_1;road_2_1_2_1;road_1_0_1_0;road_1_0_1_0;road_1_0_1_1;road_1_0_1_1;road_0_1_0_0;road_0_1_0_0;road_0_1_0_1;road_0_1_0_1,GGrrrrrrrrrrrrrr
95,intersection_1_1,road_1_2_3_0;road_1_2_3_0;road_1_2_3_1;road_1_2_3_1;road_2_1_2_0;road_2_1_2_0;road_2_1_2_1;road_2_1_2_1;road_1_0_1_0;road_1_0_1_0;road_1_0_1_1;road_1_0_1_1;road_0_1_0_0;road_0_1_0_0;road_0_1_0_1;road_0_1_0_1,GGrrrrrrrrrrrrrr
96,intersection_1_1,road_1_2_3_0;road_1_2_3_0;road_1_2_3_1;road_1_2_3_1;road_2_1_2_0;road_2_1_2_0;road_2_1_2_1;road_2_1_2_1;road_1_0_1_0;road_1_0_1_0;road_1_0_1_1;road_1_0_1_1;road_0_1_0_0;road_0_1_0_0;road_0_1_0_1;road_0_1_0_1,GGrrrrrrGGrrrrrr
97,intersection_1_1,road_1_2_3_0;road_1_2_3_0;road_1_2_3_1;road_1_2_3_1;road_2_1_2_0;road_2_1_2_0;road_2_1_2_1;road_2_1_2_1;road_1_0_1_0;road_1_0_1_0;road_1_0_1_1;road_1_0_1_1;road_0_1_0_0;road_0_1_0_0;road_0_1_0_1;road_0_1_0_1,GGrrrrrrGGrrrrrr
98,intersection_1_1,road_1_2_3_0;road_1_2_3_0;road_1_2_3_1;road_1_2_3_1;road_2_1_2_0;road_2_1_2_0;road_2_1_2_1;road_2_1_2_1;road_1_0_1_0;road_1_0_1_0;road_1_0_1_1;road_1_0_1_1;road_0_1_0_0;road_0_1_0_0;road_0_1_0_1;road_0_1_0_1,GGrrrrrrGGrrrrrr
99,intersection_1_1,road_1_2_3_0;road_1_2_3_0;road_1_2_3_1;road_1_2_3_1;road_2_1_2_0;road_2_1_2_0;road_2_1_2_1;road_2_1_2_1;road_1_0_1_0;road_1_0_1_0;road_1_0_1_1;road_1_0_1_1;road_0_1_0_0;road_0_1_0_0;road_0_1_0_1;road_0_1_0_1,GGrrrrrrGGrrrrrr
100,intersection_1_1,road_1_2_3_0;road_1_2_3_0;road_1_2_3_1;road_1_2_3_1;road_2_1_2_0;road_2_1_2_0;road_2_1_2_1;road_2_1_2_1;road_1_0_1_0;road_1_0_1_0;road_1_0_1_1;road_1_0_1_1;road_0_1_0_0;road_0_1_0_0;road_0_1_0_1;road_0_1_0_1,GGrrrrrrGGrrrrrr
100,intersection_1_1,road_1_2_3_0;road_1_2_3_0;road_1_2_3_1;road_1_2_3_1;road_2_1_2_0;road_2_1_2_0;road_2_1_2_1;road_2_1_2_1;road_1_0_1_0;road_1_0_1_0;road_1_0_1_1;road_1_0_1_1;road_0_1_0_0;road_0_1_0_0;road_0_1_0_1;road_0_1_0_1,GGrrrrrrGGrrrrrr
101,intersection_1_1,road_1_2_3_0;road_1_2_3_0;road_1_2_3_1;road_1_2_3_1;road_2_1_2_0;road_2_1_2_0;road_2_1_2_1;road_2_1_2_1;road_1_0_1_0;road_1_0_1_0;road_1_0_1_1;road_1_0_1_1;road_0_1_0_0;road_0_1_0_0;road_0_1_0_1;road_0_1_0_1,GGrrrrrrGGrrrrrr
102,intersection_1_1,road_1_2_3_0;road_1_2_3_0;road_1_2_3_1;road_1_2_3_1;road_2_1_2_0;road_2_1_2_0;road_2_1_2_1;road_2_1_2_1;road_1_0_1_0;road_1_0_1_0;road_1_0_1_1;road_1_0_1_1;road_0_1_0_0;road_0_1_0_0;road_0_1_0_1;road_0_1_0_1,GGrrrrrrGGrrrrrr
103,intersection_1_1,road_1_2_3_0;road_1_2_3_0;road_1_2_3_1;road_1_2_3_1;road_2_1_2_0;road_2_1_2_0;road_2_1_2_1;road_2_1_2_1;road_1_0_1_0;road_1_0_1_0;road_1_0_1_1;road_1_0_1_1;road_0_1_0_0;road_0_1_0_0;road_0_1_0_1;road_0_1_0_1,GGrrrrrrGGrrrrrr
104,intersection_1_1,road_1_2_3_0;road_1_2_3_0;road_1_2_3_1;road_1_2_3_1;road_2_1_2_0;road_2_1_2_0;road_2_1_2_1;road_2_1_2_1;road_1_0_1_0;road_1_0_1_0;road_1_0_1_1;road_1_0_1_1;road_0_1_0_0;road_0_1_0_0;road_0_1_0_1;road_0_1_0_1,GGrrrrrrGGrrrrrr
105,intersection_1_1,road_1_2_3_0;road_1_2_3_0;road_1_2_3_1;road_1_2_3_1;road_2_1_2_0;road_2_1_2_0;road_2_1_2_1;road_2_1_2_1;road_1_0_1_0;road_1_0_1_0;road_1_0_1_1;road_1_0_1_1;road_0_1_0_0;road_0_1_0_0;road_0_1_0_1;road_0_1_0_1,GGrrrrrrGGrrrrrr
106,intersection_1_1,road_1_2_3_0;road_1_2_3_0;road_1_2_3_1;road_1_2_3_1;road_2_1_2_0;road_2_1_2_0;road_2_1_2_1;road_2_1_2_1;road_1_0_1_0;road_1_0_1_0;road_1_0_1_1;road_1_0_1_1;road_0_1_0_0;road_0_1_0_0;road_0_1_0_1;road_0_1_0_1,GGrrrrrrGGrrrrrr
107,intersection_1_1,road_1_2_3_0;road_1_2_3_0;road_1_2_3_1;road_1_2_3_1;road_2_1_2_0;road_2_1_2_0;road_2_1_2_1;road_2_1_2_1;road_1_0_1_0;road_1_0_1_0;road_1_0_1_1;road_1_0_1_1;road_0_1_0_0;road_0_1_0_0;road_0_1_0_1;road_0_1_0_1,GGrrrrrrGGrrrrrr
108,intersection_1_1,road_1_2_3_0;road_1_2_3_0;road_1_2_3_1;road_1_2_3_1;road_2_1_2_0;road_2_1_2_0;road_2_1_2_1;road_2_1_2_1;road_1_0_1_0;road_1_0_1_0;road_1_0_1_1;road_1_0_1_1;road_0_1_0_0;road_0_1_0_0;road_0_1_0_1;road_0_1_0_1,GGrrrrrrGGrrrrrr
109,intersection_1_1,road_1_2_3_0;road_1_2_3_0;road_1_2_3_1;road_1_2_3_1;road_2_1_2_0;road_2_1_2_0;road_2_1_2_1;road_2_1_2_1;road_1_0_1_0;road_1_0_1_0;road_1_0_1_1;road_1_0_1_1;road_0_1_0_0;road_0_1_0_0;road_0_1_0_1;road_0_1_0_1,GGrrrrrrGGrrrrrr
110,intersection_1_1,road_1_2_3_0;road_1_2_3_0;road_1_2_3_1;road_1_2_3_1;road_2_1_2_0;road_2_1_2_0;road_2_1_2_1;road_2_1_2_1;road_1_0_1_0;road_1_0_1_0;road_1_0_1_1;road_1_0_1_1;road_0_1_0_0;road_0_1_0_0;road_0_1_0_1;road_0_1_0_1,GGrrrrrrGGrrrrrr
110,intersection_1_1,road_1_2_3_0;road_1_2_3_0;road_1_2_3_1;road_1_2_3_1;road_2_1_2_0;road_2_1_2_0;road_2_1_2_1;road_2_1_2_1;road_1_0_1_0;road_1_0_1_0;road_1_0_1_1;road_1_0_1_1;road_0_1_0_0;road_0_1_0_0;road_0_1_0_1;road_0_1_0_1,GGrrrrrrGGrrrrrr
111,intersection_1_1,road_1_2_3_0;road_1_2_3_0;road_1_2_3_1;road_1_2_3_1;road_2_1_2_0;road_2_1_2_0;road_2_1_2_1;road_2_1_2_1;road_1_0_1_0;road_1_0_1_0;road_1_0_1_1;road_1_0_1_1;road_0_1_0_0;road_0_1_0_0;road_0_1_0_1;road_0_1_0_1,GGrrrrrrGGrrrrrr
112,intersection_1_1,road_1_2_3_0;road_1_2_3_0;road_1_2_3_1;road_1_2_3_1;road_2_1_2_0;road_2_1_2_0;road_2_1_2_1;road_2_1_2_1;road_1_0_1_0;road_1_0_1_0;road_1_0_1_1;road_1_0_1_1;road_0_1_0_0;road_0_1_0_0;road_0_1_0_1;road_0_1_0_1,GGrrrrrrGGrrrrrr
113,intersection_1_1,road_1_2_3_0;road_1_2_3_0;road_1_2_3_1;road_1_2_3_1;road_2_1_2_0;road_2_1_2_0;road_2_1_2_1;road_2_1_2_1;road_1_0_1_0;road_1_0_1_0;road_1_0_1_1;road_1_0_1_1;road_0_1_0_0;road_0_1_0_0;road_0_1_0_1;road_0_1_0_1,GGrrrrrrGGrrrrrr
114,intersection_1_1,road_1_2_3_0;road_1_2_3_0;road_1_2_3_1;road_1_2_3_1;road_2_1_2_0;road_2_1_2_0;road_2_1_2_1;road_2_1_2_1;road_1_0_1_0;road_1_0_1_0;road_1_0_1_1;road_1_0_1_1;road_0_1_0_0;road_0_1_0_0;road_0_1_0_1;road_0_1_0_1,GGrrrrrrGGrrrrrr
115,intersection_1_1,road_1_2_3_0;road_1_2_3_0;road_1_2_3_1;road_1_2_3_1;road_2_1_2_0;road_2_1_2_0;road_2_1_2_1;road_2_1_2_1;road_1_0_1_0;road_1_0_1_0;road_1_0_1_1;road_1_0_1_1;road_0_1_0_0;road_0_1_0_0;road_0_1_0_1;road_0_1_0_1,GGrrrrrrGGrrrrrr
116,intersection_1_1,road_1_2_3_0;road_1_2_3_0;road_1_2_3_1;road_1_2_3_1;road_2_1_2_0;road_2_1_2_0;road_2_1_2_1;road_2_1_2_1;road_1_0_1_0;road_1_0_1_0;road_1_0_1_1;road_1_0_1_1;road_0_1_0_0;road_0_1_0_0;road_0_1_0_1;road_0_1_0_1,GGrrrrrrGGrrrrrr
117,intersection_1_1,road_1_2_3_0;road_1_2_3_0;road_1_2_3_1;road_1_2_3_1;road_2_1_2_0;road_2_1_2_0;road_2_1_2_1;road_2_1_2_1;road_1_0_1_0;road_1_0_1_0;road_1_0_1_1;road_1_0_1_1;road_0_1_0_0;road_0_1_0_0;road_0_1_0_1;road_0_1_0_1,GGrrrrrrGGrrrrrr
118,intersection_1_1,road_1_2_3_0;road_1_2_3_0;road_1_2_3_1;road_1_2_3_1;road_2_1_2_0;road_2_1_2_0;road_2_1_2_1;road_2_1_2_1;road_1_0_1_0;road_1_0_1_0;road_1_0_1_1;road_1_0_1_1;road_0_1_0_0;road_0_1_0_0;road_0_1_0_1;road_0_1_0_1,GGrrrrrrGGrrrrrr
119,intersection_1_1,road_1_2_3_0;road_1_2_3_0;road_1_2_3_1;road_1_2_3_1;road_2_1_2_0;road_2_1_2_0;road_2_1_2_1;road_2_1_2_1;road_1_0_1_0;road_1_0_1_0;road_1_0_1_1;road_1_0_1_1;road_0_1_0_0;road_0_1_0_0;road_0_1_0_1;road_0_1_0_1,GGrrrrrrGGrrrrrr
120,intersection_1_1,road_1_2_3_0;road_1_2_3_0;road_1_2_3_1;road_1_2_3_1;road_2_1_2_0;road_2_1_2_0;road_2_1_2_1;road_2_1_2_1;road_1_0_1_0;road_1_0_1_0;road_1_0_1_1;road_1_0_1_1;road_0_1_0_0;road_0_1_0_0;road_0_1_0_1;road_0_1_0_1,GGrrrrrrGGrrrrrr
120,intersection_1_1,road_1_2_3_0;road_1_2_3_0;road_1_2_3_1;road_1_2_3_1;road_2_1_2_0;road_2_1_2_0;road_2_1_2_1;road_2_1_2_1;road_1_0_1_0;road_1_0_1_0;road_1_0_1_1;road_1_0_1_1;road_0_1_0_0;road_0_1_0_0;road_0_1_0_1;road_0_1_0_1,GGrrrrrrGGrrrrrr
121,intersection_1_1,road_1_2_3_0;road_1_2_3_0;road_1_2_3_1;road_1_2_3_1;road_2_1_2_0;road_2_1_2_0;road_2_1_2_1;road_2_1_2_1;road_1_0_1_0;road_1_0_1_0;road_1_0_1_1;road_1_0_1_1;road_0_1_0_0;road_0_1_0_0;road_0_1_0_1;road_0_1_0_1,GGrrrrrrGGrrrrrr
122,intersection_1_1,road_1_2_3_0;road_1_2_3_0;road_1_2_3_1;road_1_2_3_1;road_2_1_2_0;road_2_1_2_0;road_2_1_2_1;road_2_1_2_1;road_1_0_1_0;road_1_0_1_0;road_1_0_1_1;road_1_0_1_1;road_0_1_0_0;road_0_1_0_0;road_0_1_0_1;road_0_1_0_1,GGrrrrrrGGrrrrrr
123,intersection_1_1,road_1_2_3_0;road_1_2_3_0;road_1_2_3_1;road_1_2_3_1;road_2_1_2_0;road_2_1_2_0;road_2_1_2_1;road_2_1_2_1;road_1_0_1_0;road_1_0_1_0;road_1_0_1_1;road_1_0_1_1;road_0_1_0_0;road_0_1_0_0;road_0_1_0_1;road_0_1_0_1,GGrrrrrrGGrrrrrr
124,intersection_1_1,road_1_2_3_0;road_1_2_3_0;road_1_2_3_1;road_1_2_3_1;road_2_1_2_0;road_2_1_2_0;road_2_1_2_1;road_2_1_2_1;road_1_0_1_0;road_1_0_1_0;road_1_0_1_1;road_1_0_1_1;road_0_1_0_0;road_0_1_0_0;road_0_1_0_1;road_0_1_0_1,GGrrrrrrGGrrrrrr
125,intersection_1_1,road_1_2_3_0;road_1_2_3_0;road_1_2_3_1;road_1_2_3_1;road_2_1_2_0;road_2_1_2_0;road_2_1_2_1;road_2_1_2_1;road_1_0_1_0;road_1_0_1_0;road_1_0_1_1;road_1_0_1_1;road_0_1_0_0;road_0_1_0_0;road_0_1_0_1;road_0_1_0_1,GGrrrrrrGGrrrrrr
126,intersection_1_1,road_1_2_3_0;road_1_2_3_0;road_1_2_3_1;road_1_2_3_1;road_2_1_2_0;road_2_1_2_0;road_2_1_2_1;road_2_1_2_1;road_1_0_1_0;road_1_0_1_0;road_1_0_1_1;road_1_0_1_1;road_0_1_0_0;road_0_1_0_0;road_0_1_0_1;road_0_1_0_1,GGrrrrrrGGrrrrrr
127,intersection_1_1,road_1_2_3_0;road_1_2_3_0;road_1_2_3_1;road_1_2_3_1;road_2_1_2_0;road_2_1_2_0;road_2_1_2_1;road_2_1_2_1;road_1_0_1_0;road_1_0_1_0;road_1_0_1_1;road_1_0_1_1;road_0_1_0_0;road_0_1_0_0;road_0_1_0_1;road_0_1_0_1,GGrrrrrrGGrrrrrr
128,intersection_1_1,road_1_2_3_0;road_1_2_3_0;road_1_2_3_1;road_1_2_3_1;road_2_1_2_0;road_2_1_2_0;road_2_1_2_1;road_2_1_2_1;road_1_0_1_0;road_1_0_1_0;road_1_0_1_1;road_1_0_1_1;road_0_1_0_0;road_0_1_0_0;road_0_1_0_1;road_0_1_0_1,GGrrrrrrGGrrrrrr
129,intersection_1_1,road_1_2_3_0;road_1_2_3_0;road_1_2_3_1;road_1_2_3_1;road_2_1_2_0;road_2_1_2_0;road_2_1_2_1;road_2_1_2_1;road_1_0_1_0;road_1_0_1_0;road_1_0_1_1;road_1_0_1_1;road_0_1_0_0;road_0_1_0_0;road_0_1_0_1;road_0_1_0_1,GGrrrrrrGGrrrrrr
130,intersection_1_1,road_1_2_3_0;road_1_2_3_0;road_1_2_3_1;road_1_2_3_1;road_2_1_2_0;road_2_1_2_0;road_2_1_2_1;road_2_1_2_1;road_1_0_1_0;road_1_0_1_0;road_1_0_1_1;road_1_0_1_1;road_0_1_0_0;road_0_1_0_0;road_0_1_0_1;road_0_1_0_1,GGrrrrrrGGrrrrrr
130,intersection_1_1,road_1_2_3_0;road_1_2_3_0;road_1_2_3_1;road_1_2_3_1;road_2_1_2_0;road_2_1_2_0;road_2_1_2_1;road_2_1_2_1;road_1_0_1_0;road_1_0_1_0;road_1_0_1_1;road_1_0_1_1;road_0_1_0_0;road_0_1_0_0;road_0_1_0_1;road_0_1_0_1,GGrrrrrrGGrrrrrr
131,intersection_1_1,road_1_2_3_0;road_1_2_3_0;road_1_2_3_1;road_1_2_3_1;road_2_1_2_0;road_2_1_2_0;road_2_1_2_1;road_2_1_2_1;road_1_0_1_0;road_1_0_1_0;road_1_0_1_1;road_1_0_1_1;road_0_1_0_0;road_0_1_0_0;road_0_1_0_1;road_0_1_0_1,GGrrrrrrGGrrrrrr
132,intersection_1_1,road_1_2_3_0;road_1_2_3_0;road_1_2_3_1;road_1_2_3_1;road_2_1_2_0;road_2_1_2_0;road_2_1_2_1;road_2_1_2_1;road_1_0_1_0;road_1_0_1_0;road_1_0_1_1;road_1_0_1_1;road_0_1_0_0;road_0_1_0_0;road_0_1_0_1;road_0_1_0_1,GGrrrrrrGGrrrrrr
133,intersection_1_1,road_1_2_3_0;road_1_2_3_0;road_1_2_3_1;road_1_2_3_1;road_2_1_2_0;road_2_1_2_0;road_2_1_2_1;road_2_1_2_1;road_1_0_1_0;road_1_0_1_0;road_1_0_1_1;road_1_0_1_1;road_0_1_0_0;road_0_1_0_0;road_0_1_0_1;road_0_1_0_1,GGrrrrrrGGrrrrrr
134,intersection_1_1,road_1_2_3_0;road_1_2_3_0;road_1_2_3_1;road_1_2_3_1;road_2_1_2_0;road_2_1_2_0;road_2_1_2_1;road_2_1_2_1;road_1_0_1_0;road_1_0_1_0;road_1_0_1_1;road_1_0_1_1;road_0_1_0_0;road_0_1_0_0;road_0_1_0_1;road_0_1_0_1,GGrrrrrrGGrrrrrr
135,intersection_1_1,road_1_2_3_0;road_1_2_3_0;road_1_2_3_1;road_1_2_3_1;road_2_1_2_0;road_2_1_2_0;road_2_1_2_1;road_2_1_2_1;road_1_0_1_0;road_1_0_1_0;road_1_0_1_1;road_1_0_1_1;road_0_1_0_0;road_0_1_0_0;road_0_1_0_1;road_0_1_0_1,GGrrrrrrGGrrrrrr
136,intersection_1_1,road_1_2_3_0;road_1_2_3_0;road_1_2_3_1;road_1_2_3_1;road_2_1_2_0;road_2_1_2_0;road_2_1_2_1;road_2_1_2_1;road_1_0_1_0;road_1_0_1_0;road_1_0_1_1;road_1_0_1_1;road_0_1_0_0;road_0_1_0_0;road_0_1_0_1;road_0_1_0_1,GGrrrrrrGGrrrrrr
137,intersection_1_1,road_1_2_3_0;road_1_2_3_0;road_1_2_3_1;road_1_2_3_1;road_2_1_2_0;road_2_1_2_0;road_2_1_2_1;road_2_1_2_1;road_1_0_1_0;road_1_0_1_0;road_1_0_1_1;road_1_0_1_1;road_0_1_0_0;road_0_1_0_0;road_0_1_0_1;road_0_1_0_1,GGrrrrrrGGrrrrrr
138,intersection_1_1,road_1_2_3_0;road_1_2_3_0;road_1_2_3_1;road_1_2_3_1;road_2_1_2_0;road_2_1_2_0;road_2_1_2_1;road_2_1_2_1;road_1_0_1_0;road_1_0_1_0;road_1_0_1_1;road_1_0_1_1;road_0_1_0_0;road_0_1_0_0;road_0_1_0_1;road_0_1_0_1,GGrrrrrrGGrrrrrr
139,intersection_1_1,road_1_2_3_0;road_1_2_3_0;road_1_2_3_1;road_1_2_3_1;road_2_1_2_0;road_2_1_2_0;road_2_1_2_1;road_2_1_2_1;road_1_0_1_0;road_1_0_1_0;road_1_0_1_1;road_1_0_1_1;road_0_1_0_0;road_0_1_0_0;road_0_1_0_1;road_0_1_0_1,GGrrrrrrGGrrrrrr
140,intersection_1_1,road_1_2_3_0;road_1_2_3_0;road_1_2_3_1;road_1_2_3_1;road_2_1_2_0;road_2_1_2_0;road_2_1_2_1;road_2_1_2_1;road_1_0_1_0;road_1_0_1_0;road_1_0_1_1;road_1_0_1_1;road_0_1_0_0;road_0_1_0_0;road_0_1_0_1;road_0_1_0_1,GGrrrrrrGGrrrrrr
140,intersection_1_1,road_1_2_3_0;road_1_2_3_0;road_1_2_3_1;road_1_2_3_1;road_2_1_2_0;road_2_1_2_0;road_2_1_2_1;road_2_1_2_1;road_1_0_1_0;road_1_0_1_0;road_1_0_1_1;road_1_0_1_1;road_0_1_0_0;road_0_1_0_0;road_0_1_0_1;road_0_1_0_1,GGrrrrrrGGrrrrrr
141,intersection_1_1,road_1_2_3_0;road_1_2_3_0;road_1_2_3_1;road_1_2_3_1;road_2_1_2_0;road_2_1_2_0;road_2_1_2_1;road_2_1_2_1;road_1_0_1_0;road_1_0_1_0;road_1_0_1_1;road_1_0_1_1;road_0_1_0_0;road_0_1_0_0;road_0_1_0_1;road_0_1_0_1,GGrrrrrrGGrrrrrr
142,intersection_1_1,road_1_2_3_0;road_1_2_3_0;road_1_2_3_1;road_1_2_3_1;road_2_1_2_0;road_2_1_2_0;road_2_1_2_1;road_2_1_2_1;road_1_0_1_0;road_1_0_1_0;road_1_0_1_1;road_1_0_1_1;road_0_1_0_0;road_0_1_0_0;road_0_1_0_1;road_0_1_0_1,GGrrrrrrGGrrrrrr
143,intersection_1_1,road_1_2_3_0;road_1_2_3_0;road_1_2_3_1;road_1_2_3_1;road_2_1_2_0;road_2_1_2_0;road_2_1_2_1;road_2_1_2_1;road_1_0_1_0;road_1_0_1_0;road_1_0_1_1;road_1_0_1_1;road_0_1_0_0;road_0_1_0_0;road_0_1_0_1;road_0_1_0_1,GGrrrrrrGGrrrrrr
144,intersection_1_1,road_1_2_3_0;road_1_2_3_0;road_1_2_3_1;road_1_2_3_1;road_2_1_2_0;road_2_1_2_0;road_2_1_2_1;road_2_1_2_1;road_1_0_1_0;road_1_0_1_0;road_1_0_1_1;road_1_0_1_1;road_0_1_0_0;road_0_1_0_0;road_0_1_0_1;road_0_1_0_1,GGrrrrrrGGrrrrrr
145,intersection_1_1,road_1_2_3_0;road_1_2_3_0;road_1_2_3_1;road_1_2_3_1;road_2_1_2_0;road_2_1_2_0;road_2_1_2_1;road_2_1_2_1;road_1_0_1_0;road_1_0_1_0;road_1_0_1_1;road_1_0_1_1;road_0_1_0_0;road_0_1_0_0;road_0_1_0_1;road_0_1_0_1,GGrrrrrrGGrrrrrr
146,intersection_1_1,road_1_2_3_0;road_1_2_3_0;road_1_2_3_1;road_1_2_3_1;road_2_1_2_0;road_2_1_2_0;road_2_1_2_1;road_2_1_2_1;road_1_0_1_0;road_1_0_1_0;road_1_0_1_1;road_1_0_1_1;road_0_1_0_0;road_0_1_0_0;road_0_1_0_1;road_0_1_0_1,GGrrrrrrGGrrrrrr
147,intersection_1_1,road_1_2_3_0;road_1_2_3_0;road_1_2_3_1;road_1_2_3_1;road_2_1_2_0;road_2_1_2_0;road_2_1_2_1;road_2_1_2_1;road_1_0_1_0;road_1_0_1_0;road_1_0_1_1;road_1_0_1_1;road_0_1_0_0;road_0_1_0_0;road_0_1_0_1;road_0_1_0_1,GGrrrrrrGGrrrrrr
148,intersection_1_1,road_1_2_3_0;road_1_2_3_0;road_1_2_3_1;road_1_2_3_1;road_2_1_2_0;road_2_1_2_0;road_2_1_2_1;road_2_1_2_1;road_1_0_1_0;road_1_0_1_0;road_1_0_1_1;road_1_0_1_1;road_0_1_0_0;road_0_1_0_0;road_0_1_0_1;road_0_1_0_1,GGrrrrrrGGrrrrrr
149,intersection_1_1,road_1_2_3_0;road_1_2_3_0;road_1_2_3_1;road_1_2_3_1;road_2_1_2_0;road_2_1_2_0;road_2_1_2_1;road_2_1_2_1;road_1_0_1_0;road_1_0_1_0;road_1_0_1_1;road_1_0_1_1;road_0_1_0_0;road_0_1_0_0;road_0_1_0_1;road_0_1_0_1,GGrrrrrrGGrrrrrr
150,intersection_1_1,road_1_2_3_0;road_1_2_3_0;road_1_2_3_1;road_1_2_3_1;road_2_1_2_0;road_2_1_2_0;road_2_1_2_1;road_2_1_2_1;road_1_0_1_0;road_1_0_1_0;road_1_0_1_1;road_1_0_1_1;road_0_1_0_0;road_0_1_0_0;road_0_1_0_1;road_0_1_0_1,GGrrrrrrGGrrrrrr
150,intersection_1_1,road_1_2_3_0;road_1_2_3_0;road_1_2_3_1;road_1_2_3_1;road_2_1_2_0;road_2_1_2_0;road_2_1_2_1;road_2_1_2_1;road_1_0_1_0;road_1_0_1_0;road_1_0_1_1;road_1_0_1_1;road_0_1_0_0;road_0_1_0_0;road_0_1_0_1;road_0_1_0_1,GGrrrrrrGGrrrrrr
151,intersection_1_1,road_1_2_3_0;road_1_2_3_0;road_1_2_3_1;road_1_2_3_1;road_2_1_2_0;road_2_1_2_0;road_2_1_2_1;road_2_1_2_1;road_1_0_1_0;road_1_0_1_0;road_1_0_1_1;road_1_0_1_1;road_0_1_0_0;road_0_1_0_0;road_0_1_0_1;road_0_1_0_1,GGrrrrrrGGrrrrrr
152,intersection_1_1,road_1_2_3_0;road_1_2_3_0;road_1_2_3_1;road_1_2_3_1;road_2_1_2_0;road_2_1_2_0;road_2_1_2_1;road_2_1_2_1;road_1_0_1_0;road_1_0_1_0;road_1_0_1_1;road_1_0_1_1;road_0_1_0_0;road_0_1_0_0;road_0_1_0_1;road_0_1_0_1,GGrrrrrrGGrrrrrr
153,intersection_1_1,road_1_2_3_0;road_1_2_3_0;road_1_2_3_1;road_1_2_3_1;road_2_1_2_0;road_2_1_2_0;road_2_1_2_1;road_2_1_2_1;road_1_0_1_0;road_1_0_1_0;road_1_0_1_1;road_1_0_1_1;road_0_1_0_0;road_0_1_0_0;road_0_1_0_1;road_0_1_0_1,GGrrrrrrGGrrrrrr
154,intersection_1_1,road_1_2_3_0;road_1_2_3_0;road_1_2_3_1;road_1_2_3_1;road_2_1_2_0;road_2_1_2_0;road_2_1_2_1;road_2_1_2_1;road_1_0_1_0;road_1_0_1_0;road_1_0_1_1;road_1_0_1_1;road_0_1_0_0;road_0_1_0_0;road_0_1_0_1;road_0_1_0_1,GGrrrrrrGGrrrrrr
155,intersection_1_1,road_1_2_3_0;road_1_2_3_0;road_1_2_3_1;road_1_2_3_1;road_2_1_2_0;road_2_1_2_0;road_2_1_2_1;road_2_1_2_1;road_1_0_1_0;road_1_0_1_0;road_1_0_1_1;road_1_0_1_1;road_0_1_0_0;road_0_1_0_0;road_0_1_0_1;road_0_1_0_1,GGrrrrrrGGrrrrrr
156,intersection_1_1,road_1_2_3_0;road_1_2_3_0;road_1_2_3_1;road_1_2_3_1;road_2_1_2_0;road_2_1_2_0;road_2_1_2_1;road_2_1_2_1;road_1_0_1_0;road_1_0_1_0;road_1_0_1_1;road_1_0_1_1;road_0_1_0_0;road_0_1_0_0;road_0_1_0_1;road_0_1_0_1,GGrrrrrrGGrrrrrr
157,intersection_1_1,road_1_2_3_0;road_1_2_3_0;road_1_2_3_1;road_1_2_3_1;road_2_1_2_0;road_2_1_2_0;road_2_1_2_1;road_2_1_2_1;road_1_0_1_0;road_1_0_1_0;road_1_0_1_1;road_1_0_1_1;road_0_1_0_0;road_0_1_0_0;road_0_1_0_1;road_0_1_0_1,GGrrrrrrGGrrrrrr
158,intersection_1_1,road_1_2_3_0;road_1_2_3_0;road_1_2_3_1;road_1_2_3_1;road_2_1_2_0;road_2_1_2_0;road_2_1_2_1;road_2_1_2_1;road_1_0_1_0;road_1_0_1_0;road_1_0_1_1;road_1_0_1_1;road_0_1_0_0;road_0_1_0_0;road_0_1_0_1;road_0_1_0_1,GGrrrrrrGGrrrrrr
159,intersection_1_1,road_1_2_3_0;road_1_2_3_0;road_1_2_3_1;road_1_2_3_1;road_2_1_2_0;road_2_1_2_0;road_2_1_2_1;road_2_1_2_1;road_1_0_1_0;road_1_0_1_0;road_1_0_1_1;road_1_0_1_1;road_0_1_0_0;road_0_1_0_0;road_0_1_0_1;road_0_1_0_1,GGrrrrrrGGrrrrrr
160,intersection_1_1,road_1_2_3_0;road_1_2_3_0;road_1_2_3_1;road_1_2_3_1;road_2_1_2_0;road_2_1_2_0;road_2_1_2_1;road_2_1_2_1;road_1_0_1_0;road_1_0_1_0;road_1_0_1_1;road_1_0_1_1;road_0_1_0_0;road_0_1_0_0;road_0_1_0_1;road_0_1_0_1,GGrrrrrrGGrrrrrr
160,intersection_1_1,road_1_2_3_0;road_1_2_3_0;road_1_2_3_1;road_1_2_3_1;road_2_1_2_0;road_2_1_2_0;road_2_1_2_1;road_2_1_2_1;road_1_0_1_0;road_1_0_1_0;road_1_0_1_1;road_1_0_1_1;road_0_1_0_0;road_0_1_0_0;road_0_1_0_1;road_0_1_0_1,GGrrrrrrGGrrrrrr
161,intersection_1_1,road_1_2_3_0;road_1_2_3_0;road_1_2_3_1;road_1_2_3_1;road_2_1_2_0;road_2_1_2_0;road_2_1_2_1;road_2_1_2_1;road_1_0_1_0;road_1_0_1_0;road_1_0_1_1;road_1_0_1_1;road_0_1_0_0;road_0_1_0_0;road_0_1_0_1;road_0_1_0_1,GGrrrrrrGGrrrrrr
162,intersection_1_1,road_1_2_3_0;road_1_2_3_0;road_1_2_3_1;road_1_2_3_1;road_2_1_2_0;road_2_1_2_0;road_2_1_2_1;road_2_1_2_1;road_1_0_1_0;road_1_0_1_0;road_1_0_1_1;road_1_0_1_1;road_0_1_0_0;road_0_1_0_0;road_0_1_0_1;road_0_1_0_1,GGrrrrrrGGrrrrrr
163,intersection_1_1,road_1_2_3_0;road_1_2_3_0;road_1_2_3_1;road_1_2_3_1;road_2_1_2_0;road_2_1_2_0;road_2_1_2_1;road_2_1_2_1;road_1_0_1_0;road_1_0_1_0;road_1_0_1_1;road_1_0_1_1;road_0_1_0_0;road_0_1_0_0;road_0_1_0_1;road_0_1_0_1,GGrrrrrrGGrrrrrr
164,intersection_1_1,road_1_2_3_0;road_1_2_3_0;road_1_2_3_1;road_1_2_3_1;road_2_1_2_0;road_2_1_2_0;road_2_1_2_1;road_2_1_2_1;road_1_0_1_0;road_1_0_1_0;road_1_0_1_1;road_1_0_1_1;road_0_1_0_0;road_0_1_0_0;road_0_1_0_1;road_0_1_0_1,GGrrrrrrGGrrrrrr
165,intersection_1_1,road_1_2_3_0;road_1_2_3_0;road_1_2_3_1;road_1_2_3_1;road_2_1_2_0;road_2_1_2_0;road_2_1_2_1;road_2_1_2_1;road_1_0_1_0;road_1_0_1_0;road_1_0_1_1;road_1_0_1_1;road_0_1_0_0;road_0_1_0_0;road_0_1_0_1;road_0_1_0_1,GGrrrrrrGGrrrrrr
166,intersection_1_1,road_1_2_3_0;road_1_2_3_0;road_1_2_3_1;road_1_2_3_1;road_2_1_2_0;road_2_1_2_0;road_2_1_2_1;road_2_1_2_1;road_1_0_1_0;road_1_0_1_0;road_1_0_1_1;road_1_0_1_1;road_0_1_0_0;road_0_1_0_0;road_0_1_0_1;road_0_1_0_1,GGrrrrrrGGrrrrrr
167,intersection_1_1,road_1_2_3_0;road_1_2_3_0;road_1_2_3_1;road_1_2_3_1;road_2_1_2_0;road_2_1_2_0;road_2_1_2_1;road_2_1_2_1;road_1_0_1_0;road_1_0_1_0;road_1_0_1_1;road_1_0_1_1;road_0_1_0_0;road_0_1_0_0;road_0_1_0_1;road_0_1_0_1,GGrrrrrrGGrrrrrr
168,intersection_1_1,road_1_2_3_0;road_1_2_3_0;road_1_2_3_1;road_1_2_3_1;road_2_1_2_0;road_2_1_2_0;road_2_1_2_1;road_2_1_2_1;road_1_0_1_0;road_1_0_1_0;road_1_0_1_1;road_1_0_1_1;road_0_1_0_0;road_0_1_0_0;road_0_1_0_1;road_0_1_0_1,GGrrrrrrGGrrrrrr
169,intersection_1_1,road_1_2_3_0;road_1_2_3_0;road_1_2_3_1;road_1_2_3_1;road_2_1_2_0;road_2_1_2_0;road_2_1_2_1;road_2_1_2_1;road_1_0_1_0;road_1_0_1_0;road_1_0_1_1;road_1_0_1_1;road_0_1_0_0;road_0_1_0_0;road_0_1_0_1;road_0_1_0_1,GGrrrrrrGGrrrrrr
170,intersection_1_1,road_1_2_3_0;road_1_2_3_0;road_1_2_3_1;road_1_2_3_1;road_2_1_2_0;road_2_1_2_0;road_2_1_2_1;road_2_1_2_1;road_1_0_1_0;road_1_0_1_0;road_1_0_1_1;road_1_0_1_1;road_0_1_0_0;road_0_1_0_0;road_0_1_0_1;road_0_1_0_1,GGrrrrrrGGrrrrrr
170,intersection_1_1,road_1_2_3_0;road_1_2_3_0;road_1_2_3_1;road_1_2_3_1;road_2_1_2_0;road_2_1_2_0;road_2_1_2_1;road_2_1_2_1;road_1_0_1_0;road_1_0_1_0;road_1_0_1_1;road_1_0_1_1;road_0_1_0_0;road_0_1_0_0;road_0_1_0_1;road_0_1_0_1,GGrrrrrrGGrrrrrr
171,intersection_1_1,road_1_2_3_0;road_1_2_3_0;road_1_2_3_1;road_1_2_3_1;road_2_1_2_0;road_2_1_2_0;road_2_1_2_1;road_2_1_2_1;road_1_0_1_0;road_1_0_1_0;road_1_0_1_1;road_1_0_1_1;road_0_1_0_0;road_0_1_0_0;road_0_1_0_1;road_0_1_0_1,GGrrrrrrGGrrrrrr
172,intersection_1_1,road_1_2_3_0;road_1_2_3_0;road_1_2_3_1;road_1_2_3_1;road_2_1_2_0;road_2_1_2_0;road_2_1_2_1;road_2_1_2_1;road_1_0_1_0;road_1_0_1_0;road_1_0_1_1;road_1_0_1_1;road_0_1_0_0;road_0_1_0_0;road_0_1_0_1;road_0_1_0_1,GGrrrrrrGGrrrrrr
173,intersection_1_1,road_1_2_3_0;road_1_2_3_0;road_1_2_3_1;road_1_2_3_1;road_2_1_2_0;road_2_1_2_0;road_2_1_2_1;road_2_1_2_1;road_1_0_1_0;road_1_0_1_0;road_1_0_1_1;road_1_0_1_1;road_0_1_0_0;road_0_1_0_0;road_0_1_0_1;road_0_1_0_1,GGrrrrrrGGrrrrrr
174,intersection_1_1,road_1_2_3_0;road_1_2_3_0;road_1_2_3_1;road_1_2_3_1;road_2_1_2_0;road_2_1_2_0;road_2_1_2_1;road_2_1_2_1;road_1_0_1_0;road_1_0_1_0;road_1_0_1_1;road_1_0_1_1;road_0_1_0_0;road_0_1_0_0;road_0_1_0_1;road_0_1_0_1,GGrrrrrrGGrrrrrr
175,intersection_1_1,road_1_2_3_0;road_1_2_3_0;road_1_2_3_1;road_1_2_3_1;road_2_1_2_0;road_2_1_2_0;road_2_1_2_1;road_2_1_2_1;road_1_0_1_0;road_1_0_1_0;road_1_0_1_1;road_1_0_1_1;road_0_1_0_0;road_0_1_0_0;road_0_1_0_1;road_0_1_0_1,GGrrrrrrGGrrrrrr
176,intersection_1_1,road_1_2_3_0;road_1_2_3_0;road_1_2_3_1;road_1_2_3_1;road_2_1_2_0;road_2_1_2_0;road_2_1_2_1;road_2_1_2_1;road_1_0_1_0;road_1_0_1_0;road_1_0_1_1;road_1_0_1_1;road_0_1_0_0;road_0_1_0_0;road_0_1_0_1;road_0_1_0_1,GGrrrrrrGGrrrrrr
177,intersection_1_1,road_1_2_3_0;road_1_2_3_0;road_1_2_3_1;road_1_2_3_1;road_2_1_2_0;road_2_1_2_0;road_2_1_2_1;road_2_1_2_1;road_1_0_1_0;road_1_0_1_0;road_1_0_1_1;road_1_0_1_1;road_0_1_0_0;road_0_1_0_0;road_0_1_0_1;road_0_1_0_1,GGrrrrrrGGrrrrrr
178,intersection_1_1,road_1_2_3_0;road_1_2_3_0;road_1_2_3_1;road_1_2_3_1;road_2_1_2_0;road_2_1_2_0;road_2_1_2_1;road_2_1_2_1;road_1_0_1_0;road_1_0_1_0;road_1_0_1_1;road_1_0_1_1;road_0_1_0_0;road_0_1_0_0;road_0_1_0_1;road_0_1_0_1,GGrrrrrrGGrrrrrr
179,intersection_1_1,road_1_2_3_0;road_1_2_3_0;road_1_2_3_1;road_1_2_3_1;road_2_1_2_0;road_2_1_2_0;road_2_1_2_1;road_2_1_2_1;road_1_0_1_0;road_1_0_1_0;road_1_0_1_1;road_1_0_1_1;road_0_1_0_0;road_0_1_0_0;road_0_1_0_1;road_0_1_0_1,GGrrrrrrGGrrrrrr
180,intersection_1_1,road_1_2_3_0;road_1_2_3_0;road_1_2_3_1;road_1_2_3_1;road_2_1_2_0;road_2_1_2_0;road_2_1_2_1;road_2_1_2_1;road_1_0_1_0;road_1_0_1_0;road_1_0_1_1;road_1_0_1_1;road_0_1_0_0;road_0_1_0_0;road_0_1_0_1;road_0_1_0_1,GGrrrrrrGGrrrrrr
180,intersection_1_1,road_1_2_3_0;road_1_2_3_0;road_1_2_3_1;road_1_2_3_1;road_2_1_2_0;road_2_1_2_0;road_2_1_2_1;road_2_1_2_1;road_1_0_1_0;road_1_0_1_0;road_1_0_1_1;road_1_0_1_1;road_0_1_0_0;road_0_1_0_0;road_0_1_0_1;road_0_1_0_1,GGrrrrrrGGrrrrrr
181,intersection_1_1,road_1_2_3_0;road_1_2_3_0;road_1_2_3_1;road_1_2_3_1;road_2_1_2_0;road_2_1_2_0;road_2_1_2_1;road_2_1_2_1;road_1_0_1_0;road_1_0_1_0;road_1_0_1_1;road_1_0_1_1;road_0_1_0_0;road_0_1_0_0;road_0_1_0_1;road_0_1_0_1,GGrrrrrrGGrrrrrr
182,intersection_1_1,road_1_2_3_0;road_1_2_3_0;road_1_2_3_1;road_1_2_3_1;road_2_1_2_0;road_2_1_2_0;road_2_1_2_1;road_2_1_2_1;road_1_0_1_0;road_1_0_1_0;road_1_0_1_1;road_1_0_1_1;road_0_1_0_0;road_0_1_0_0;road_0_1_0_1;road_0_1_0_1,GGrrrrrrGGrrrrrr
183,intersection_1_1,road_1_2_3_0;road_1_2_3_0;road_1_2_3_1;road_1_2_3_1;road_2_1_2_0;road_2_1_2_0;road_2_1_2_1;road_2_1_2_1;road_1_0_1_0;road_1_0_1_0;road_1_0_1_1;road_1_0_1_1;road_0_1_0_0;road_0_1_0_0;road_0_1_0_1;road_0_1_0_1,GGrrrrrrGGrrrrrr
184,intersection_1_1,road_1_2_3_0;road_1_2_3_0;road_1_2_3_1;road_1_2_3_1;road_2_1_2_0;road_2_1_2_0;road_2_1_2_1;road_2_1_2_1;road_1_0_1_0;road_1_0_1_0;road_1_0_1_1;road_1_0_1_1;road_0_1_0_0;road_0_1_0_0;road_0_1_0_1;road_0_1_0_1,GGrrrrrrGGrrrrrr
185,intersection_1_1,road_1_2_3_0;road_1_2_3_0;road_1_2_3_1;road_1_2_3_1;road_2_1_2_0;road_2_1_2_0;road_2_1_2_1;road_2_1_2_1;road_1_0_1_0;road_1_0_1_0;road_1_0_1_1;road_1_0_1_1;road_0_1_0_0;road_0_1_0_0;road_0_1_0_1;road_0_1_0_1,GGrrrrrrGGrrrrrr
186,intersection_1_1,road_1_2_3_0;road_1_2_3_0;road_1_2_3_1;road_1_2_3_1;road_2_1_2_0;road_2_1_2_0;road_2_1_2_1;road_2_1_2_1;road_1_0_1_0;road_1_0_1_0;road_1_0_1_1;road_1_0_1_1;road_0_1_0_0;road_0_1_0_0;road_0_1_0_1;road_0_1_0_1,GGrrrrrrGGrrrrrr
187,intersection_1_1,road_1_2_3_0;road_1_2_3_0;road_1_2_3_1;road_1_2_3_1;road_2_1_2_0;road_2_1_2_0;road_2_1_2_1;road_2_1_2_1;road_1_0_1_0;road_1_0_1_0;road_1_0_1_1;road_1_0_1_1;road_0_1_0_0;road_0_1_0_0;road_0_1_0_1;road_0_1_0_1,GGrrrrrrGGrrrrrr
188,intersection_1_1,road_1_2_3_0;road_1_2_3_0;road_1_2_3_1;road_1_2_3_1;road_2_1_2_0;road_2_1_2_0;road_2_1_2_1;road_2_1_2_1;road_1_0_1_0;road_1_0_1_0;road_1_0_1_1;road_1_0_1_1;road_0_1_0_0;road_0_1_0_0;road_0_1_0_1;road_0_1_0_1,GGrrrrrrGGrrrrrr
189,intersection_1_1,road_1_2_3_0;road_1_2_3_0;road_1_2_3_1;road_1_2_3_1;road_2_1_2_0;road_2_1_2_0;road_2_1_2_1;road_2_1_2_1;road_1_0_1_0;road_1_0_1_0;road_1_0_1_1;road_1_0_1_1;road_0_1_0_0;road_0_1_0_0;road_0_1_0_1;road_0_1_0_1,GGrrrrrrGGrrrrrr
190,intersection_1_1,road_1_2_3_0;road_1_2_3_0;road_1_2_3_1;road_1_2_3_1;road_2_1_2_0;road_2_1_2_0;road_2_1_2_1;road_2_1_2_1;road_1_0_1_0;road_1_0_1_0;road_1_0_1_1;road_1_0_1_1;road_0_1_0_0;road_0_1_0_0;road_0_1_0_1;road_0_1_0_1,GGrrrrrrGGrrrrrr
190,intersection_1_1,road_1_2_3_0;road_1_2_3_0;road_1_2_3_1;road_1_2_3_1;road_2_1_2_0;road_2_1_2_0;road_2_1_2_1;road_2_1_2_1;road_1_0_1_0;road_1_0_1_0;road_1_0_1_1;road_1_0_1_1;road_0_1_0_0;road_0_1_0_0;road_0_1_0_1;road_0_1_0_1,GGrrrrrrGGrrrrrr
191,intersection_1_1,road_1_2_3_0;road_1_2_3_0;road_1_2_3_1;road_1_2_3_1;road_2_1_2_0;road_2_1_2_0;road_2_1_2_1;road_2_1_2_1;road_1_0_1_0;road_1_0_1_0;road_1_0_1_1;road_1_0_1_1;road_0_1_0_0;road_0_1_0_0;road_0_1_0_1;road_0_1_0_1,GGrrrrrrGGrrrrrr
192,intersection_1_1,road_1_2_3_0;road_1_2_3_0;road_1_2_3_1;road_1_2_3_1;road_2_1_2_0;road_2_1_2_0;road_2_1_2_1;road_2_1_2_1;road_1_0_1_0;road_1_0_1_0;road_1_0_1_1;road_1_0_1_1;road_0_1_0_0;road_0_1_0_0;road_0_1_0_1;road_0_1_0_1,GGrrrrrrGGrrrrrr
193,intersection_1_1,road_1_2_3_0;road_1_2_3_0;road_1_2_3_1;road_1_2_3_1;road_2_1_2_0;road_2_1_2_0;road_2_1_2_1;road_2_1_2_1;road_1_0_1_0;road_1_0_1_0;road_1_0_1_1;road_1_0_1_1;road_0_1_0_0;road_0_1_0_0;road_0_1_0_1;road_0_1_0_1,GGrrrrrrGGrrrrrr
194,intersection_1_1,road_1_2_3_0;road_1_2_3_0;road_1_2_3_1;road_1_2_3_1;road_2_1_2_0;road_2_1_2_0;road_2_1_2_1;road_2_1_2_1;road_1_0_1_0;road_1_0_1_0;road_1_0_1_1;road_1_0_1_1;road_0_1_0_0;road_0_1_0_0;road_0_1_0_1;road_0_1_0_1,GGrrrrrrGGrrrrrr
195,intersection_1_1,road_1_2_3_0;road_1_2_3_0;road_1_2_3_1;road_1_2_3_1;road_2_1_2_0;road_2_1_2_0;road_2_1_2_1;road_2_1_2_1;road_1_0_1_0;road_1_0_1_0;road_1_0_1_1;road_1_0_1_1;road_0_1_0_0;road_0_1_0_0;road_0_1_0_1;road_0_1_0_1,GGrrrrrrGGrrrrrr
196,intersection_1_1,road_1_2_3_0;road_1_2_3_0;road_1_2_3_1;road_1_2_3_1;road_2_1_2_0;road_2_1_2_0;road_2_1_2_1;road_2_1_2_1;road_1_0_1_0;road_1_0_1_0;road_1_0_1_1;road_1_0_1_1;road_0_1_0_0;road_0_1_0_0;road_0_1_0_1;road_0_1_0_1,GGrrrrrrGGrrrrrr
197,intersection_1_1,road_1_2_3_0;road_1_2_3_0;road_1_2_3_1;road_1_2_3_1;road_2_1_2_0;road_2_1_2_0;road_2_1_2_1;road_2_1_2_1;road_1_0_1_0;road_1_0_1_0;road_1_0_1_1;road_1_0_1_1;road_0_1_0_0;road_0_1_0_0;road_0_1_0_1;road_0_1_0_1,GGrrrrrrGGrrrrrr
198,intersection_1_1,road_1_2_3_0;road_1_2_3_0;road_1_2_3_1;road_1_2_3_1;road_2_1_2_0;road_2_1_2_0;road_2_1_2_1;road_2_1_2_1;road_1_0_1_0;road_1_0_1_0;road_1_0_1_1;road_1_0_1_1;road_0_1_0_0;road_0_1_0_0;road_0_1_0_1;road_0_1_0_1,GGrrrrrrGGrrrrrr
199,intersection_1_1,road_1_2_3_0;road_1_2_3_0;road_1_2_3_1;road_1_2_3_1;road_2_1_2_0;road_2_1_2_0;road_2_1_2_1;road_2_1_2_1;road_1_0_1_0;road_1_0_1_0;road_1_0_1_1;road_1_0_1_1;road_0_1_0_0;road_0_1_0_0;road_0_1_0_1;road_0_1_0_1,GGrrrrrrGGrrrrrr
200,intersection_1_1,road_1_2_3_0;road_1_2_3_0;road_1_2_3_1;road_1_2_3_1;road_2_1_2_0;road_2_1_2_0;road_2_1_2_1;road_2_1_2_1;road_1_0_1_0;road_1_0_1_0;road_1_0_1_1;road_1_0_1_1;road_0_1_0_0;road_0_1_0_0;road_0_1_0_1;road_0_1_0_1,GGrrrrrrGGrrrrrr
200,intersection_1_1,road_1_2_3_0;road_1_2_3_0;road_1_2_3_1;road_1_2_3_1;road_2_1_2_0;road_2_1_2_0;road_2_1_2_1;road_2_1_2_1;road_1_0_1_0;road_1_0_1_0;road_1_0_1_1;road_1_0_1_1;road_0_1_0_0;road_0_1_0_0;road_0_1_0_1;road_0_1_0_1,GGrrrrrrGGrrrrrr
201,intersection_1_1,road_1_2_3_0;road_1_2_3_0;road_1_2_3_1;road_1_2_3_1;road_2_1_2_0;road_2_1_2_0;road_2_1_2_1;road_2_1_2_1;road_1_0_1_0;road_1_0_1_0;road_1_0_1_1;road_1_0_1_1;road_0_1_0_0;road_0_1_0_0;road_0_1_0_1;road_0_1_0_1,GGrrrrrrrrrrrrrr
202,intersection_1_1,road_1_2_3_0;road_1_2_3_0;road_1_2_3_1;road_1_2_3_1;road_2_1_2_0;road_2_1_2_0;road_2_1_2_1;road_2_1_2_1;road_1_0_1_0;road_1_0_1_0;road_1_0_1_1;road_1_0_1_1;road_0_1_0_0;road_0_1_0_0;road_0_1_0_1;road_0_1_0_1,GGrrrrrrrrrrrrrr
203,intersection_1_1,road_1_2_3_0;road_1_2_3_0;road_1_2_3_1;road_1_2_3_1;road_2_1_2_0;road_2_1_2_0;road_2_1_2_1;road_2_1_2_1;road_1_0_1_0;road_1_0_1_0;road_1_0_1_1;road_1_0_1_1;road_0_1_0_0;road_0_1_0_0;road_0_1_0_1;road_0_1_0_1,GGrrrrrrrrrrrrrr
204,intersection_1_1,road_1_2_3_0;road_1_2_3_0;road_1_2_3_1;road_1_2_3_1;road_2_1_2_0;road_2_1_2_0;road_2_1_2_1;road_2_1_2_1;road_1_0_1_0;road_1_0_1_0;road_1_0_1_1;road_1_0_1_1;road_0_1_0_0;road_0_1_0_0;road_0_1_0_1;road_0_1_0_1,GGrrrrrrrrrrrrrr
205,intersection_1_1,road_1_2_3_0;road_1_2_3_0;road_1_2_3_1;road_1_2_3_1;road_2_1_2_0;road_2_1_2_0;road_2_1_2_1;road_2_1_2_1;road_1_0_1_0;road_1_0_1_0;road_1_0_1_1;road_1_0_1_1;road_0_1_0_0;road_0_1_0_0;road_0_1_0_1;road_0_1_0_1,GGrrrrrrrrrrrrrr
206,intersection_1_1,road_1_2_3_0;road_1_2_3_0;road_1_2_3_1;road_1_2_3_1;road_2_1_2_0;road_2_1_2_0;road_2_1_2_1;road_2_1_2_1;road_1_0_1_0;road_1_0_1_0;road_1_0_1_1;road_1_0_1_1;road_0_1_0_0;road_0_1_0_0;road_0_1_0_1;road_0_1_0_1,GGGGrrrrrrrrrrrr
207,intersection_1_1,road_1_2_3_0;road_1_2_3_0;road_1_2_3_1;road_1_2_3_1;road_2_1_2_0;road_2_1_2_0;road_2_1_2_1;road_2_1_2_1;road_1_0_1_0;road_1_0_1_0;road_1_0_1_1;road_1_0_1_1;road_0_1_0_0;road_0_1_0_0;road_0_1_0_1;road_0_1_0_1,GGGGrrrrrrrrrrrr
208,intersection_1_1,road_1_2_3_0;road_1_2_3_0;road_1_2_3_1;road_1_2_3_1;road_2_1_2_0;road_2_1_2_0;road_2_1_2_1;road_2_1_2_1;road_1_0_1_0;road_1_0_1_0;road_1_0_1_1;road_1_0_1_1;road_0_1_0_0;road_0_1_0_0;road_0_1_0_1;road_0_1_0_1,GGGGrrrrrrrrrrrr
209,intersection_1_1,road_1_2_3_0;road_1_2_3_0;road_1_2_3_1;road_1_2_3_1;road_2_1_2_0;road_2_1_2_0;road_2_1_2_1;road_2_1_2_1;road_1_0_1_0;road_1_0_1_0;road_1_0_1_1;road_1_0_1_1;road_0_1_0_0;road_0_1_0_0;road_0_1_0_1;road_0_1_0_1,GGGGrrrrrrrrrrrr
210,intersection_1_1,road_1_2_3_0;road_1_2_3_0;road_1_2_3_1;road_1_2_3_1;road_2_1_2_0;road_2_1_2_0;road_2_1_2_1;road_2_1_2_1;road_1_0_1_0;road_1_0_1_0;road_1_0_1_1;road_1_0_1_1;road_0_1_0_0;road_0_1_0_0;road_0_1_0_1;road_0_1_0_1,GGGGrrrrrrrrrrrr
210,intersection_1_1,road_1_2_3_0;road_1_2_3_0;road_1_2_3_1;road_1_2_3_1;road_2_1_2_0;road_2_1_2_0;road_2_1_2_1;road_2_1_2_1;road_1_0_1_0;road_1_0_1_0;road_1_0_1_1;road_1_0_1_1;road_0_1_0_0;road_0_1_0_0;road_0_1_0_1;road_0_1_0_1,GGGGrrrrrrrrrrrr
211,intersection_1_1,road_1_2_3_0;road_1_2_3_0;road_1_2_3_1;road_1_2_3_1;road_2_1_2_0;road_2_1_2_0;road_2_1_2_1;road_2_1_2_1;road_1_0_1_0;road_1_0_1_0;road_1_0_1_1;road_1_0_1_1;road_0_1_0_0;road_0_1_0_0;road_0_1_0_1;road_0_1_0_1,GGGGrrrrrrrrrrrr
212,intersection_1_1,road_1_2_3_0;road_1_2_3_0;road_1_2_3_1;road_1_2_3_1;road_2_1_2_0;road_2_1_2_0;road_2_1_2_1;road_2_1_2_1;road_1_0_1_0;road_1_0_1_0;road_1_0_1_1;road_1_0_1_1;road_0_1_0_0;road_0_1_0_0;road_0_1_0_1;road_0_1_0_1,GGGGrrrrrrrrrrrr
213,intersection_1_1,road_1_2_3_0;road_1_2_3_0;road_1_2_3_1;road_1_2_3_1;road_2_1_2_0;road_2_1_2_0;road_2_1_2_1;road_2_1_2_1;road_1_0_1_0;road_1_0_1_0;road_1_0_1_1;road_1_0_1_1;road_0_1_0_0;road_0_1_0_0;road_0_1_0_1;road_0_1_0_1,GGGGrrrrrrrrrrrr
214,intersection_1_1,road_1_2_3_0;road_1_2_3_0;road_1_2_3_1;road_1_2_3_1;road_2_1_2_0;road_2_1_2_0;road_2_1_2_1;road_2_1_2_1;road_1_0_1_0;road_1_0_1_0;road_1_0_1_1;road_1_0_1_1;road_0_1_0_0;road_0_1_0_0;road_0_1_0_1;road_0_1_0_1,GGGGrrrrrrrrrrrr
215,intersection_1_1,road_1_2_3_0;road_1_2_3_0;road_1_2_3_1;road_1_2_3_1;road_2_1_2_0;road_2_1_2_0;road_2_1_2_1;road_2_1_2_1;road_1_0_1_0;road_1_0_1_0;road_1_0_1_1;road_1_0_1_1;road_0_1_0_0;road_0_1_0_0;road_0_1_0_1;road_0_1_0_1,GGGGrrrrrrrrrrrr
216,intersection_1_1,road_1_2_3_0;road_1_2_3_0;road_1_2_3_1;road_1_2_3_1;road_2_1_2_0;road_2_1_2_0;road_2_1_2_1;road_2_1_2_1;road_1_0_1_0;road_1_0_1_0;road_1_0_1_1;road_1_0_1_1;road_0_1_0_0;road_0_1_0_0;road_0_1_0_1;road_0_1_0_1,GGGGrrrrrrrrrrrr
217,intersection_1_1,road_1_2_3_0;road_1_2_3_0;road_1_2_3_1;road_1_2_3_1;road_2_1_2_0;road_2_1_2_0;road_2_1_2_1;road_2_1_2_1;road_1_0_1_0;road_1_0_1_0;road_1_0_1_1;road_1_0_1_1;road_0_1_0_0;road_0_1_0_0;road_0_1_0_1;road_0_1_0_1,GGGGrrrrrrrrrrrr
218,intersection_1_1,road_1_2_3_0;road_1_2_3_0;road_1_2_3_1;road_1_2_3_1;road_2_1_2_0;road_2_1_2_0;road_2_1_2_1;road_2_1_2_1;road_1_0_1_0;road_1_0_1_0;road_1_0_1_1;road_1_0_1_1;road_0_1_0_0;road_0_1_0_0;road_0_1_0_1;road_0_1_0_1,GGGGrrrrrrrrrrrr
219,intersection_1_1,road_1_2_3_0;road_1_2_3_0;road_1_2_3_1;road_1_2_3_1;road_2_1_2_0;road_2_1_2_0;road_2_1_2_1;road_2_1_2_1;road_1_0_1_0;road_1_0_1_0;road_1_0_1_1;road_1_0_1_1;road_0_1_0_0;road_0_1_0_0;road_0_1_0_1;road_0_1_0_1,GGGGrrrrrrrrrrrr
220,intersection_1_1,road_1_2_3_0;road_1_2_3_0;road_1_2_3_1;road_1_2_3_1;road_2_1_2_0;road_2_1_2_0;road_2_1_2_1;road_2_1_2_1;road_1_0_1_0;road_1_0_1_0;road_1_0_1_1;road_1_0_1_1;road_0_1_0_0;road_0_1_0_0;road_0_1_0_1;road_0_1_0_1,GGGGrrrrrrrrrrrr
220,intersection_1_1,road_1_2_3_0;road_1_2_3_0;road_1_2_3_1;road_1_2_3_1;road_2_1_2_0;road_2_1_2_0;road_2_1_2_1;road_2_1_2_1;road_1_0_1_0;road_1_0_1_0;road_1_0_1_1;road_1_0_1_1;road_0_1_0_0;road_0_1_0_0;road_0_1_0_1;road_0_1_0_1,GGGGrrrrrrrrrrrr
221,intersection_1_1,road_1_2_3_0;road_1_2_3_0;road_1_2_3_1;road_1_2_3_1;road_2_1_2_0;road_2_1_2_0;road_2_1_2_1;road_2_1_2_1;road_1_0_1_0;road_1_0_1_0;road_1_0_1_1;road_1_0_1_1;road_0_1_0_0;road_0_1_0_0;road_0_1_0_1;road_0_1_0_1,GGGGrrrrrrrrrrrr
222,intersection_1_1,road_1_2_3_0;road_1_2_3_0;road_1_2_3_1;road_1_2_3_1;road_2_1_2_0;road_2_1_2_0;road_2_1_2_1;road_2_1_2_1;road_1_0_1_0;road_1_0_1_0;road_1_0_1_1;road_1_0_1_1;road_0_1_0_0;road_0_1_0_0;road_0_1_0_1;road_0_1_0_1,GGGGrrrrrrrrrrrr
223,intersection_1_1,road_1_2_3_0;road_1_2_3_0;road_1_2_3_1;road_1_2_3_1;road_2_1_2_0;road_2_1_2_0;road_2_1_2_1;road_2_1_2_1;road_1_0_1_0;road_1_0_1_0;road_1_0_1_1;road_1_0_1_1;road_0_1_0_0;road_0_1_0_0;road_0_1_0_1;road_0_1_0_1,GGGGrrrrrrrrrrrr
224,intersection_1_1,road_1_2_3_0;road_1_2_3_0;road_1_2_3_1;road_1_2_3_1;road_2_1_2_0;road_2_1_2_0;road_2_1_2_1;road_2_1_2_1;road_1_0_1_0;road_1_0_1_0;road_1_0_1_1;road_1_0_1_1;road_0_1_0_0;road_0_1_0_0;road_0_1_0_1;road_0_1_0_1,GGGGrrrrrrrrrrrr
225,intersection_1_1,road_1_2_3_0;road_1_2_3_0;road_1_2_3_1;road_1_2_3_1;road_2_1_2_0;road_2_1_2_0;road_2_1_2_1;road_2_1_2_1;road_1_0_1_0;road_1_0_1_0;road_1_0_1_1;road_1_0_1_1;road_0_1_0_0;road_0_1_0_0;road_0_1_0_1;road_0_1_0_1,GGGGrrrrrrrrrrrr
226,intersection_1_1,road_1_2_3_0;road_1_2_3_0;road_1_2_3_1;road_1_2_3_1;road_2_1_2_0;road_2_1_2_0;road_2_1_2_1;road_2_1_2_1;road_1_0_1_0;road_1_0_1_0;road_1_0_1_1;road_1_0_1_1;road_0_1_0_0;road_0_1_0_0;road_0_1_0_1;road_0_1_0_1,GGGGrrrrrrrrrrrr
227,intersection_1_1,road_1_2_3_0;road_1_2_3_0;road_1_2_3_1;road_1_2_3_1;road_2_1_2_0;road_2_1_2_0;road_2_1_2_1;road_2_1_2_1;road_1_0_1_0;road_1_0_1_0;road_1_0_1_1;road_1_0_1_1;road_0_1_0_0;road_0_1_0_0;road_0_1_0_1;road_0_1_0_1,GGGGrrrrrrrrrrrr
228,intersection_1_1,road_1_2_3_0;road_1_2_3_0;road_1_2_3_1;road_1_2_3_1;road_2_1_2_0;road_2_1_2_0;road_2_1_2_1;road_2_1_2_1;road_1_0_1_0;road_1_0_1_0;road_1_0_1_1;road_1_0_1_1;road_0_1_0_0;road_0_1_0_0;road_0_1_0_1;road_0_1_0_1,GGGGrrrrrrrrrrrr
229,intersection_1_1,road_1_2_3_0;road_1_2_3_0;road_1_2_3_1;road_1_2_3_1;road_2_1_2_0;road_2_1_2_0;road_2_1_2_1;road_2_1_2_1;road_1_0_1_0;road_1_0_1_0;road_1_0_1_1;road_1_0_1_1;road_0_1_0_0;road_0_1_0_0;road_0_1_0_1;road_0_1_0_1,GGGGrrrrrrrrrrrr
230,intersection_1_1,road_1_2_3_0;road_1_2_3_0;road_1_2_3_1;road_1_2_3_1;road_2_1_2_0;road_2_1_2_0;road_2_1_2_1;road_2_1_2_1;road_1_0_1_0;road_1_0_1_0;road_1_0_1_1;road_1_0_1_1;road_0_1_0_0;road_0_1_0_0;road_0_1_0_1;road_0_1_0_1,GGGGrrrrrrrrrrrr
230,intersection_1_1,road_1_2_3_0;road_1_2_3_0;road_1_2_3_1;road_1_2_3_1;road_2_1_2_0;road_2_1_2_0;road_2_1_2_1;road_2_1_2_1;road_1_0_1_0;road_1_0_1_0;road_1_0_1_1;road_1_0_1_1;road_0_1_0_0;road_0_1_0_0;road_0_1_0_1;road_0_1_0_1,GGGGrrrrrrrrrrrr
231,intersection_1_1,road_1_2_3_0;road_1_2_3_0;road_1_2_3_1;road_1_2_3_1;road_2_1_2_0;road_2_1_2_0;road_2_1_2_1;road_2_1_2_1;road_1_0_1_0;road_1_0_1_0;road_1_0_1_1;road_1_0_1_1;road_0_1_0_0;road_0_1_0_0;road_0_1_0_1;road_0_1_0_1,rrrrrrrrrrrrrrrr
232,intersection_1_1,road_1_2_3_0;road_1_2_3_0;road_1_2_3_1;road_1_2_3_1;road_2_1_2_0;road_2_1_2_0;road_2_1_2_1;road_2_1_2_1;road_1_0_1_0;road_1_0_1_0;road_1_0_1_1;road_1_0_1_1;road_0_1_0_0;road_0_1_0_0;road_0_1_0_1;road_0_1_0_1,rrrrrrrrrrrrrrrr
233,intersection_1_1,road_1_2_3_0;road_1_2_3_0;road_1_2_3_1;road_1_2_3_1;road_2_1_2_0;road_2_1_2_0;road_2_1_2_1;road_2_1_2_1;road_1_0_1_0;road_1_0_1_0;road_1_0_1_1;road_1_0_1_1;road_0_1_0_0;road_0_1_0_0;road_0_1_0_1;road_0_1_0_1,rrrrrrrrrrrrrrrr
234,intersection_1_1,road_1_2_3_0;road_1_2_3_0;road_1_2_3_1;road_1_2_3_1;road_2_1_2_0;road_2_1_2_0;road_2_1_2_1;road_2_1_2_1;road_1_0_1_0;road_1_0_1_0;road_1_0_1_1;road_1_0_1_1;road_0_1_0_0;road_0_1_0_0;road_0_1_0_1;road_0_1_0_1,rrrrrrrrrrrrrrrr
235,intersection_1_1,road_1_2_3_0;road_1_2_3_0;road_1_2_3_1;road_1_2_3_1;road_2_1_2_0;road_2_1_2_0;road_2_1_2_1;road_2_1_2_1;road_1_0_1_0;road_1_0_1_0;road_1_0_1_1;road_1_0_1_1;road_0_1_0_0;road_0_1_0_0;road_0_1_0_1;road_0_1_0_1,rrrrrrrrrrrrrrrr
236,intersection_1_1,road_1_2_3_0;road_1_2_3_0;road_1_2_3_1;road_1_2_3_1;road_2_1_2_0;road_2_1_2_0;road_2_1_2_1;road_2_1_2_1;road_1_0_1_0;road_1_0_1_0;road_1_0_1_1;road_1_0_1_1;road_0_1_0_0;road_0_1_0_0;road_0_1_0_1;road_0_1_0_1,rrrrGGrrrrrrGGrr
237,intersection_1_1,road_1_2_3_0;road_1_2_3_0;road_1_2_3_1;road_1_2_3_1;road_2_1_2_0;road_2_1_2_0;road_2_1_2_1;road_2_1_2_1;road_1_0_1_0;road_1_0_1_0;road_1_0_1_1;road_1_0_1_1;road_0_1_0_0;road_0_1_0_0;road_0_1_0_1;road_0_1_0_1,rrrrGGrrrrrrGGrr
238,intersection_1_1,road_1_2_3_0;road_1_2_3_0;road_1_2_3_1;road_1_2_3_1;road_2_1_2_0;road_2_1_2_0;road_2_1_2_1;road_2_1_2_1;road_1_0_1_0;road_1_0_1_0;road_1_0_1_1;road_1_0_1_1;road_0_1_0_0;road_0_1_0_0;road_0_1_0_1;road_0_1_0_1,rrrrGGrrrrrrGGrr
239,intersection_1_1,road_1_2_3_0;road_1_2_3_0;road_1_2_3_1;road_1_2_3_1;road_2_1_2_0;road_2_1_2_0;road_2_1_2_1;road_2_1_2_1;road_1_0_1_0;road_1_0_1_0;road_1_0_1_1;road_1_0_1_1;road_0_1_0_0;road_0_1_0_0;road_0_1_0_1;road_0_1_0_1,rrrrGGrrrrrrGGrr
240,intersection_1_1,road_1_2_3_0;road_1_2_3_0;road_1_2_3_1;road_1_2_3_1;road_2_1_2_0;road_2_1_2_0;road_2_1_2_1;road_2_1_2_1;road_1_0_1_0;road_1_0_1_0;road_1_0_1_1;road_1_0_1_1;road_0_1_0_0;road_0_1_0_0;road_0_1_0_1;road_0_1_0_1,rrrrGGrrrrrrGGrr
240,intersection_1_1,road_1_2_3_0;road_1_2_3_0;road_1_2_3_1;road_1_2_3_1;road_2_1_2_0;road_2_1_2_0;road_2_1_2_1;road_2_1_2_1;road_1_0_1_0;road_1_0_1_0;road_1_0_1_1;road_1_0_1_1;road_0_1_0_0;road_0_1_0_0;road_0_1_0_1;road_0_1_0_1,rrrrGGrrrrrrGGrr
241,intersection_1_1,road_1_2_3_0;road_1_2_3_0;road_1_2_3_1;road_1_2_3_1;road_2_1_2_0;road_2_1_2_0;road_2_1_2_1;road_2_1_2_1;road_1_0_1_0;road_1_0_1_0;road_1_0_1_1;road_1_0_1_1;road_0_1_0_0;road_0_1_0_0;road_0_1_0_1;road_0_1_0_1,rrrrGGrrrrrrGGrr
242,intersection_1_1,road_1_2_3_0;road_1_2_3_0;road_1_2_3_1;road_1_2_3_1;road_2_1_2_0;road_2_1_2_0;road_2_1_2_1;road_2_1_2_1;road_1_0_1_0;road_1_0_1_0;road_1_0_1_1;road_1_0_1_1;road_0_1_0_0;road_0_1_0_0;road_0_1_0_1;road_0_1_0_1,rrrrGGrrrrrrGGrr
243,intersection_1_1,road_1_2_3_0;road_1_2_3_0;road_1_2_3_1;road_1_2_3_1;road_2_1_2_0;road_2_1_2_0;road_2_1_2_1;road_2_1_2_1;road_1_0_1_0;road_1_0_1_0;road_1_0_1_1;road_1_0_1_1;road_0_1_0_0;road_0_1_0_0;road_0_1_0_1;road_0_1_0_1,rrrrGGrrrrrrGGrr
244,intersection_1_1,road_1_2_3_0;road_1_2_3_0;road_1_2_3_1;road_1_2_3_1;road_2_1_2_0;road_2_1_2_0;road_2_1_2_1;road_2_1_2_1;road_1_0_1_0;road_1_0_1_0;road_1_0_1_1;road_1_0_1_1;road_0_1_0_0;road_0_1_0_0;road_0_1_0_1;road_0_1_0_1,rrrrGGrrrrrrGGrr
245,intersection_1_1,road_1_2_3_0;road_1_2_3_0;road_1_2_3_1;road_1_2_3_1;road_2_1_2_0;road_2_1_2_0;road_2_1_2_1;road_2_1_2_1;road_1_0_1_0;road_1_0_1_0;road_1_0_1_1;road_1_0_1_1;road_0_1_0_0;road_0_1_0_0;road_0_1_0_1;road_0_1_0_1,rrrrGGrrrrrrGGrr
246,intersection_1_1,road_1_2_3_0;road_1_2_3_0;road_1_2_3_1;road_1_2_3_1;road_2_1_2_0;road_2_1_2_0;road_2_1_2_1;road_2_1_2_1;road_1_0_1_0;road_1_0_1_0;road_1_0_1_1;road_1_0_1_1;road_0_1_0_0;road_0_1_0_0;road_0_1_0_1;road_0_1_0_1,rrrrGGrrrrrrGGrr
247,intersection_1_1,road_1_2_3_0;road_1_2_3_0;road_1_2_3_1;road_1_2_3_1;road_2_1_2_0;road_2_1_2_0;road_2_1_2_1;road_2_1_2_1;road_1_0_1_0;road_1_0_1_0;road_1_0_1_1;road_1_0_1_1;road_0_1_0_0;road_0_1_0_0;road_0_1_0_1;road_0_1_0_1,rrrrGGrrrrrrGGrr
248,intersection_1_1,road_1_2_3_0;road_1_2_3_0;road_1_2_3_1;road_1_2_3_1;road_2_1_2_0;road_2_1_2_0;road_2_1_2_1;road_2_1_2_1;road_1_0_1_0;road_1_0_1_0;road_1_0_1_1;road_1_0_1_1;road_0_1_0_0;road_0_1_0_0;road_0_1_0_1;road_0_1_0_1,rrrrGGrrrrrrGGrr
249,intersection_1_1,road_1_2_3_0;road_1_2_3_0;road_1_2_3_1;road_1_2_3_1;road_2_1_2_0;road_2_1_2_0;road_2_1_2_1;road_2_1_2_1;road_1_0_1_0;road_1_0_1_0;road_1_0_1_1;road_1_0_1_1;road_0_1_0_0;road_0_1_0_0;road_0_1_0_1;road_0_1_0_1,rrrrGGrrrrrrGGrr
250,intersection_1_1,road_1_2_3_0;road_1_2_3_0;road_1_2_3_1;road_1_2_3_1;road_2_1_2_0;road_2_1_2_0;road_2_1_2_1;road_2_1_2_1;road_1_0_1_0;road_1_0_1_0;road_1_0_1_1;road_1_0_1_1;road_0_1_0_0;road_0_1_0_0;road_0_1_0_1;road_0_1_0_1,rrrrGGrrrrrrGGrr
250,intersection_1_1,road_1_2_3_0;road_1_2_3_0;road_1_2_3_1;road_1_2_3_1;road_2_1_2_0;road_2_1_2_0;road_2_1_2_1;road_2_1_2_1;road_1_0_1_0;road_1_0_1_0;road_1_0_1_1;road_1_0_1_1;road_0_1_0_0;road_0_1_0_0;road_0_1_0_1;road_0_1_0_1,rrrrGGrrrrrrGGrr
251,intersection_1_1,road_1_2_3_0;road_1_2_3_0;road_1_2_3_1;road_1_2_3_1;road_2_1_2_0;road_2_1_2_0;road_2_1_2_1;road_2_1_2_1;road_1_0_1_0;road_1_0_1_0;road_1_0_1_1;road_1_0_1_1;road_0_1_0_0;road_0_1_0_0;road_0_1_0_1;road_0_1_0_1,rrrrGGrrrrrrGGrr
252,intersection_1_1,road_1_2_3_0;road_1_2_3_0;road_1_2_3_1;road_1_2_3_1;road_2_1_2_0;road_2_1_2_0;road_2_1_2_1;road_2_1_2_1;road_1_0_1_0;road_1_0_1_0;road_1_0_1_1;road_1_0_1_1;road_0_1_0_0;road_0_1_0_0;road_0_1_0_1;road_0_1_0_1,rrrrGGrrrrrrGGrr
253,intersection_1_1,road_1_2_3_0;road_1_2_3_0;road_1_2_3_1;road_1_2_3_1;road_2_1_2_0;road_2_1_2_0;road_2_1_2_1;road_2_1_2_1;road_1_0_1_0;road_1_0_1_0;road_1_0_1_1;road_1_0_1_1;road_0_1_0_0;road_0_1_0_0;road_0_1_0_1;road_0_1_0_1,rrrrGGrrrrrrGGrr
254,intersection_1_1,road_1_2_3_0;road_1_2_3_0;road_1_2_3_1;road_1_2_3_1;road_2_1_2_0;road_2_1_2_0;road_2_1_2_1;road_2_1_2_1;road_1_0_1_0;road_1_0_1_0;road_1_0_1_1;road_1_0_1_1;road_0_1_0_0;road_0_1_0_0;road_0_1_0_1;road_0_1_0_1,rrrrGGrrrrrrGGrr
255,intersection_1_1,road_1_2_3_0;road_1_2_3_0;road_1_2_3_1;road_1_2_3_1;road_2_1_2_0;road_2_1_2_0;road_2_1_2_1;road_2_1_2_1;road_1_0_1_0;road_1_0_1_0;road_1_0_1_1;road_1_0_1_1;road_0_1_0_0;road_0_1_0_0;road_0_1_0_1;road_0_1_0_1,rrrrGGrrrrrrGGrr
256,intersection_1_1,road_1_2_3_0;road_1_2_3_0;road_1_2_3_1;road_1_2_3_1;road_2_1_2_0;road_2_1_2_0;road_2_1_2_1;road_2_1_2_1;road_1_0_1_0;road_1_0_1_0;road_1_0_1_1;road_1_0_1_1;road_0_1_0_0;road_0_1_0_0;road_0_1_0_1;road_0_1_0_1,rrrrGGrrrrrrGGrr
257,intersection_1_1,road_1_2_3_0;road_1_2_3_0;road_1_2_3_1;road_1_2_3_1;road_2_1_2_0;road_2_1_2_0;road_2_1_2_1;road_2_1_2_1;road_1_0_1_0;road_1_0_1_0;road_1_0_1_1;road_1_0_1_1;road_0_1_0_0;road_0_1_0_0;road_0_1_0_1;road_0_1_0_1,rrrrGGrrrrrrGGrr
258,intersection_1_1,road_1_2_3_0;road_1_2_3_0;road_1_2_3_1;road_1_2_3_1;road_2_1_2_0;road_2_1_2_0;road_2_1_2_1;road_2_1_2_1;road_1_0_1_0;road_1_0_1_0;road_1_0_1_1;road_1_0_1_1;road_0_1_0_0;road_0_1_0_0;road_0_1_0_1;road_0_1_0_1,rrrrGGrrrrrrGGrr
259,intersection_1_1,road_1_2_3_0;road_1_2_3_0;road_1_2_3_1;road_1_2_3_1;road_2_1_2_0;road_2_1_2_0;road_2_1_2_1;road_2_1_2_1;road_1_0_1_0;road_1_0_1_0;road_1_0_1_1;road_1_0_1_1;road_0_1_0_0;road_0_1_0_0;road_0_1_0_1;road_0_1_0_1,rrrrGGrrrrrrGGrr
260,intersection_1_1,road_1_2_3_0;road_1_2_3_0;road_1_2_3_1;road_1_2_3_1;road_2_1_2_0;road_2_1_2_0;road_2_1_2_1;road_2_1_2_1;road_1_0_1_0;road_1_0_1_0;road_1_0_1_1;road_1_0_1_1;road_0_1_0_0;road_0_1_0_0;road_0_1_0_1;road_0_1_0_1,rrrrGGrrrrrrGGrr
260,intersection_1_1,road_1_2_3_0;road_1_2_3_0;road_1_2_3_1;road_1_2_3_1;road_2_1_2_0;road_2_1_2_0;road_2_1_2_1;road_2_1_2_1;road_1_0_1_0;road_1_0_1_0;road_1_0_1_1;road_1_0_1_1;road_0_1_0_0;road_0_1_0_0;road_0_1_0_1;road_0_1_0_1,rrrrGGrrrrrrGGrr
261,intersection_1_1,road_1_2_3_0;road_1_2_3_0;road_1_2_3_1;road_1_2_3_1;road_2_1_2_0;road_2_1_2_0;road_2_1_2_1;road_2_1_2_1;road_1_0_1_0;road_1_0_1_0;road_1_0_1_1;road_1_0_1_1;road_0_1_0_0;road_0_1_0_0;road_0_1_0_1;road_0_1_0_1,rrrrGGrrrrrrGGrr
262,intersection_1_1,road_1_2_3_0;road_1_2_3_0;road_1_2_3_1;road_1_2_3_1;road_2_1_2_0;road_2_1_2_0;road_2_1_2_1;road_2_1_2_1;road_1_0_1_0;road_1_0_1_0;road_1_0_1_1;road_1_0_1_1;road_0_1_0_0;road_0_1_0_0;road_0_1_0_1;road_0_1_0_1,rrrrGGrrrrrrGGrr
263,intersection_1_1,road_1_2_3_0;road_1_2_3_0;road_1_2_3_1;road_1_2_3_1;road_2_1_2_0;road_2_1_2_0;road_2_1_2_1;road_2_1_2_1;road_1_0_1_0;road_1_0_1_0;road_1_0_1_1;road_1_0_1_1;road_0_1_0_0;road_0_1_0_0;road_0_1_0_1;road_0_1_0_1,rrrrGGrrrrrrGGrr
264,intersection_1_1,road_1_2_3_0;road_1_2_3_0;road_1_2_3_1;road_1_2_3_1;road_2_1_2_0;road_2_1_2_0;road_2_1_2_1;road_2_1_2_1;road_1_0_1_0;road_1_0_1_0;road_1_0_1_1;road_1_0_1_1;road_0_1_0_0;road_0_1_0_0;road_0_1_0_1;road_0_1_0_1,rrrrGGrrrrrrGGrr
265,intersection_1_1,road_1_2_3_0;road_1_2_3_0;road_1_2_3_1;road_1_2_3_1;road_2_1_2_0;road_2_1_2_0;road_2_1_2_1;road_2_1_2_1;road_1_0_1_0;road_1_0_1_0;road_1_0_1_1;road_1_0_1_1;road_0_1_0_0;road_0_1_0_0;road_0_1_0_1;road_0_1_0_1,rrrrGGrrrrrrGGrr
266,intersection_1_1,road_1_2_3_0;road_1_2_3_0;road_1_2_3_1;road_1_2_3_1;road_2_1_2_0;road_2_1_2_0;road_2_1_2_1;road_2_1_2_1;road_1_0_1_0;road_1_0_1_0;road_1_0_1_1;road_1_0_1_1;road_0_1_0_0;road_0_1_0_0;road_0_1_0_1;road_0_1_0_1,rrrrGGrrrrrrGGrr
267,intersection_1_1,road_1_2_3_0;road_1_2_3_0;road_1_2_3_1;road_1_2_3_1;road_2_1_2_0;road_2_1_2_0;road_2_1_2_1;road_2_1_2_1;road_1_0_1_0;road_1_0_1_0;road_1_0_1_1;road_1_0_1_1;road_0_1_0_0;road_0_1_0_0;road_0_1_0_1;road_0_1_0_1,rrrrGGrrrrrrGGrr
268,intersection_1_1,road_1_2_3_0;road_1_2_3_0;road_1_2_3_1;road_1_2_3_1;road_2_1_2_0;road_2_1_2_0;road_2_1_2_1;road_2_1_2_1;road_1_0_1_0;road_1_0_1_0;road_1_0_1_1;road_1_0_1_1;road_0_1_0_0;road_0_1_0_0;road_0_1_0_1;road_0_1_0_1,rrrrGGrrrrrrGGrr
269,intersection_1_1,road_1_2_3_0;road_1_2_3_0;road_1_2_3_1;road_1_2_3_1;road_2_1_2_0;road_2_1_2_0;road_2_1_2_1;road_2_1_2_1;road_1_0_1_0;road_1_0_1_0;road_1_0_1_1;road_1_0_1_1;road_0_1_0_0;road_0_1_0_0;road_0_1_0_1;road_0_1_0_1,rrrrGGrrrrrrGGrr
270,intersection_1_1,road_1_2_3_0;road_1_2_3_0;road_1_2_3_1;road_1_2_3_1;road_2_1_2_0;road_2_1_2_0;road_2_1_2_1;road_2_1_2_1;road_1_0_1_0;road_1_0_1_0;road_1_0_1_1;road_1_0_1_1;road_0_1_0_0;road_0_1_0_0;road_0_1_0_1;road_0_1_0_1,rrrrGGrrrrrrGGrr
270,intersection_1_1,road_1_2_3_0;road_1_2_3_0;road_1_2_3_1;road_1_2_3_1;road_2_1_2_0;road_2_1_2_0;road_2_1_2_1;road_2_1_2_1;road_1_0_1_0;road_1_0_1_0;road_1_0_1_1;road_1_0_1_1;road_0_1_0_0;road_0_1_0_0;road_0_1_0_1;road_0_1_0_1,rrrrGGrrrrrrGGrr
271,intersection_1_1,road_1_2_3_0;road_1_2_3_0;road_1_2_3_1;road_1_2_3_1;road_2_1_2_0;road_2_1_2_0;road_2_1_2_1;road_2_1_2_1;road_1_0_1_0;road_1_0_1_0;road_1_0_1_1;road_1_0_1_1;road_0_1_0_0;road_0_1_0_0;road_0_1_0_1;road_0_1_0_1,rrrrGGrrrrrrGGrr
272,intersection_1_1,road_1_2_3_0;road_1_2_3_0;road_1_2_3_1;road_1_2_3_1;road_2_1_2_0;road_2_1_2_0;road_2_1_2_1;road_2_1_2_1;road_1_0_1_0;road_1_0_1_0;road_1_0_1_1;road_1_0_1_1;road_0_1_0_0;road_0_1_0_0;road_0_1_0_1;road_0_1_0_1,rrrrGGrrrrrrGGrr
273,intersection_1_1,road_1_2_3_0;road_1_2_3_0;road_1_2_3_1;road_1_2_3_1;road_2_1_2_0;road_2_1_2_0;road_2_1_2_1;road_2_1_2_1;road_1_0_1_0;road_1_0_1_0;road_1_0_1_1;road_1_0_1_1;road_0_1_0_0;road_0_1_0_0;road_0_1_0_1;road_0_1_0_1,rrrrGGrrrrrrGGrr
274,intersection_1_1,road_1_2_3_0;road_1_2_3_0;road_1_2_3_1;road_1_2_3_1;road_2_1_2_0;road_2_1_2_0;road_2_1_2_1;road_2_1_2_1;road_1_0_1_0;road_1_0_1_0;road_1_0_1_1;road_1_0_1_1;road_0_1_0_0;road_0_1_0_0;road_0_1_0_1;road_0_1_0_1,rrrrGGrrrrrrGGrr
275,intersection_1_1,road_1_2_3_0;road_1_2_3_0;road_1_2_3_1;road_1_2_3_1;road_2_1_2_0;road_2_1_2_0;road_2_1_2_1;road_2_1_2_1;road_1_0_1_0;road_1_0_1_0;road_1_0_1_1;road_1_0_1_1;road_0_1_0_0;road_0_1_0_0;road_0_1_0_1;road_0_1_0_1,rrrrGGrrrrrrGGrr
276,intersection_1_1,road_1_2_3_0;road_1_2_3_0;road_1_2_3_1;road_1_2_3_1;road_2_1_2_0;road_2_1_2_0;road_2_1_2_1;road_2_1_2_1;road_1_0_1_0;road_1_0_1_0;road_1_0_1_1;road_1_0_1_1;road_0_1_0_0;road_0_1_0_0;road_0_1_0_1;road_0_1_0_1,rrrrGGrrrrrrGGrr
277,intersection_1_1,road_1_2_3_0;road_1_2_3_0;road_1_2_3_1;road_1_2_3_1;road_2_1_2_0;road_2_1_2_0;road_2_1_2_1;road_2_1_2_1;road_1_0_1_0;road_1_0_1_0;road_1_0_1_1;road_1_0_1_1;road_0_1_0_0;road_0_1_0_0;road_0_1_0_1;road_0_1_0_1,rrrrGGrrrrrrGGrr
278,intersection_1_1,road_1_2_3_0;road_1_2_3_0;road_1_2_3_1;road_1_2_3_1;road_2_1_2_0;road_2_1_2_0;road_2_1_2_1;road_2_1_2_1;road_1_0_1_0;road_1_0_1_0;road_1_0_1_1;road_1_0_1_1;road_0_1_0_0;road_0_1_0_0;road_0_1_0_1;road_0_1_0_1,rrrrGGrrrrrrGGrr
279,intersection_1_1,road_1_2_3_0;road_1_2_3_0;road_1_2_3_1;road_1_2_3_1;road_2_1_2_0;road_2_1_2_0;road_2_1_2_1;road_2_1_2_1;road_1_0_1_0;road_1_0_1_0;road_1_0_1_1;road_1_0_1_1;road_0_1_0_0;road_0_1_0_0;road_0_1_0_1;road_0_1_0_1,rrrrGGrrrrrrGGrr
280,intersection_1_1,road_1_2_3_0;road_1_2_3_0;road_1_2_3_1;road_1_2_3_1;road_2_1_2_0;road_2_1_2_0;road_2_1_2_1;road_2_1_2_1;road_1_0_1_0;road_1_0_1_0;road_1_0_1_1;road_1_0_1_1;road_0_1_0_0;road_0_1_0_0;road_0_1_0_1;road_0_1_0_1,rrrrGGrrrrrrGGrr
280,intersection_1_1,road_1_2_3_0;road_1_2_3_0;road_1_2_3_1;road_1_2_3_1;road_2_1_2_0;road_2_1_2_0;road_2_1_2_1;road_2_1_2_1;road_1_0_1_0;road_1_0_1_0;road_1_0_1_1;road_1_0_1_1;road_0_1_0_0;road_0_1_0_0;road_0_1_0_1;road_0_1_0_1,rrrrGGrrrrrrGGrr
281,intersection_1_1,road_1_2_3_0;road_1_2_3_0;road_1_2_3_1;road_1_2_3_1;road_2_1_2_0;road_2_1_2_0;road_2_1_2_1;road_2_1_2_1;road_1_0_1_0;road_1_0_1_0;road_1_0_1_1;road_1_0_1_1;road_0_1_0_0;road_0_1_0_0;road_0_1_0_1;road_0_1_0_1,rrrrGGrrrrrrGGrr
282,intersection_1_1,road_1_2_3_0;road_1_2_3_0;road_1_2_3_1;road_1_2_3_1;road_2_1_2_0;road_2_1_2_0;road_2_1_2_1;road_2_1_2_1;road_1_0_1_0;road_1_0_1_0;road_1_0_1_1;road_1_0_1_1;road_0_1_0_0;road_0_1_0_0;road_0_1_0_1;road_0_1_0_1,rrrrGGrrrrrrGGrr
283,intersection_1_1,road_1_2_3_0;road_1_2_3_0;road_1_2_3_1;road_1_2_3_1;road_2_1_2_0;road_2_1_2_0;road_2_1_2_1;road_2_1_2_1;road_1_0_1_0;road_1_0_1_0;road_1_0_1_1;road_1_0_1_1;road_0_1_0_0;road_0_1_0_0;road_0_1_0_1;road_0_1_0_1,rrrrGGrrrrrrGGrr
284,intersection_1_1,road_1_2_3_0;road_1_2_3_0;road_1_2_3_1;road_1_2_3_1;road_2_1_2_0;road_2_1_2_0;road_2_1_2_1;road_2_1_2_1;road_1_0_1_0;road_1_0_1_0;road_1_0_1_1;road_1_0_1_1;road_0_1_0_0;road_0_1_0_0;road_0_1_0_1;road_0_1_0_1,rrrrGGrrrrrrGGrr
285,intersection_1_1,road_1_2_3_0;road_1_2_3_0;road_1_2_3_1;road_1_2_3_1;road_2_1_2_0;road_2_1_2_0;road_2_1_2_1;road_2_1_2_1;road_1_0_1_0;road_1_0_1_0;road_1_0_1_1;road_1_0_1_1;road_0_1_0_0;road_0_1_0_0;road_0_1_0_1;road_0_1_0_1,rrrrGGrrrrrrGGrr
286,intersection_1_1,road_1_2_3_0;road_1_2_3_0;road_1_2_3_1;road_1_2_3_1;road_2_1_2_0;road_2_1_2_0;road_2_1_2_1;road_2_1_2_1;road_1_0_1_0;road_1_0_1_0;road_1_0_1_1;road_1_0_1_1;road_0_1_0_0;road_0_1_0_0;road_0_1_0_1;road_0_1_0_1,rrrrGGrrrrrrGGrr
287,intersection_1_1,road_1_2_3_0;road_1_2_3_0;road_1_2_3_1;road_1_2_3_1;road_2_1_2_0;road_2_1_2_0;road_2_1_2_1;road_2_1_2_1;road_1_0_1_0;road_1_0_1_0;road_1_0_1_1;road_1_0_1_1;road_0_1_0_0;road_0_1_0_0;road_0_1_0_1;road_0_1_0_1,rrrrGGrrrrrrGGrr
288,intersection_1_1,road_1_2_3_0;road_1_2_3_0;road_1_2_3_1;road_1_2_3_1;road_2_1_2_0;road_2_1_2_0;road_2_1_2_1;road_2_1_2_1;road_1_0_1_0;road_1_0_1_0;road_1_0_1_1;road_1_0_1_1;road_0_1_0_0;road_0_1_0_0;road_0_1_0_1;road_0_1_0_1,rrrrGGrrrrrrGGrr
289,intersection_1_1,road_1_2_3_0;road_1_2_3_0;road_1_2_3_1;road_1_2_3_1;road_2_1_2_0;road_2_1_2_0;road_2_1_2_1;road_2_1_2_1;road_1_0_1_0;road_1_0_1_0;road_1_0_1_1;road_1_0_1_1;road_0_1_0_0;road_0_1_0_0;road_0_1_0_1;road_0_1_0_1,rrrrGGrrrrrrGGrr
290,intersection_1_1,road_1_2_3_0;road_1_2_3_0;road_1_2_3_1;road_1_2_3_1;road_2_1_2_0;road_2_1_2_0;road_2_1_2_1;road_2_1_2_1;road_1_0_1_0;road_1_0_1_0;road_1_0_1_1;road_1_0_1_1;road_0_1_0_0;road_0_1_0_0;road_0_1_0_1;road_0_1_0_1,rrrrGGrrrrrrGGrr
290,intersection_1_1,road_1_2_3_0;road_1_2_3_0;road_1_2_3_1;road_1_2_3_1;road_2_1_2_0;road_2_1_2_0;road_2_1_2_1;road_2_1_2_1;road_1_0_1_0;road_1_0_1_0;road_1_0_1_1;road_1_0_1_1;road_0_1_0_0;road_0_1_0_0;road_0_1_0_1;road_0_1_0_1,rrrrGGrrrrrrGGrr
291,intersection_1_1,road_1_2_3_0;road_1_2_3_0;road_1_2_3_1;road_1_2_3_1;road_2_1_2_0;road_2_1_2_0;road_2_1_2_1;road_2_1_2_1;road_1_0_1_0;road_1_0_1_0;road_1_0_1_1;road_1_0_1_1;road_0_1_0_0;road_0_1_0_0;road_0_1_0_1;road_0_1_0_1,rrrrrrrrrrrrrrrr
292,intersection_1_1,road_1_2_3_0;road_1_2_3_0;road_1_2_3_1;road_1_2_3_1;road_2_1_2_0;road_2_1_2_0;road_2_1_2_1;road_2_1_2_1;road_1_0_1_0;road_1_0_1_0;road_1_0_1_1;road_1_0_1_1;road_0_1_0_0;road_0_1_0_0;road_0_1_0_1;road_0_1_0_1,rrrrrrrrrrrrrrrr
293,intersection_1_1,road_1_2_3_0;road_1_2_3_0;road_1_2_3_1;road_1_2_3_1;road_2_1_2_0;road_2_1_2_0;road_2_1_2_1;road_2_1_2_1;road_1_0_1_0;road_1_0_1_0;road_1_0_1_1;road_1_0_1_1;road_0_1_0_0;road_0_1_0_0;road_0_1_0_1;road_0_1_0_1,rrrrrrrrrrrrrrrr
294,intersection_1_1,road_1_2_3_0;road_1_2_3_0;road_1_2_3_1;road_1_2_3_1;road_2_1_2_0;road_2_1_2_0;road_2_1_2_1;road_2_1_2_1;road_1_0_1_0;road_1_0_1_0;road_1_0_1_1;road_1_0_1_1;road_0_1_0_0;road_0_1_0_0;road_0_1_0_1;road_0_1_0_1,rrrrrrrrrrrrrrrr
295,intersection_1_1,road_1_2_3_0;road_1_2_3_0;road_1_2_3_1;road_1_2_3_1;road_2_1_2_0;road_2_1_2_0;road_2_1_2_1;road_2_1_2_1;road_1_0_1_0;road_1_0_1_0;road_1_0_1_1;road_1_0_1_1;road_0_1_0_0;road_0_1_0_0;road_0_1_0_1;road_0_1_0_1,rrrrrrrrrrrrrrrr
296,intersection_1_1,road_1_2_3_0;road_1_2_3_0;road_1_2_3_1;road_1_2_3_1;road_2_1_2_0;road_2_1_2_0;road_2_1_2_1;road_2_1_2_1;road_1_0_1_0;road_1_0_1_0;road_1_0_1_1;road_1_0_1_1;road_0_1_0_0;road_0_1_0_0;road_0_1_0_1;road_0_1_0_1,GGrrrrrrGGrrrrrr
297,intersection_1_1,road_1_2_3_0;road_1_2_3_0;road_1_2_3_1;road_1_2_3_1;road_2_1_2_0;road_2_1_2_0;road_2_1_2_1;road_2_1_2_1;road_1_0_1_0;road_1_0_1_0;road_1_0_1_1;road_1_0_1_1;road_0_1_0_0;road_0_1_0_0;road_0_1_0_1;road_0_1_0_1,GGrrrrrrGGrrrrrr
298,intersection_1_1,road_1_2_3_0;road_1_2_3_0;road_1_2_3_1;road_1_2_3_1;road_2_1_2_0;road_2_1_2_0;road_2_1_2_1;road_2_1_2_1;road_1_0_1_0;road_1_0_1_0;road_1_0_1_1;road_1_0_1_1;road_0_1_0_0;road_0_1_0_0;road_0_1_0_1;road_0_1_0_1,GGrrrrrrGGrrrrrr
299,intersection_1_1,road_1_2_3_0;road_1_2_3_0;road_1_2_3_1;road_1_2_3_1;road_2_1_2_0;road_2_1_2_0;road_2_1_2_1;road_2_1_2_1;road_1_0_1_0;road_1_0_1_0;road_1_0_1_1;road_1_0_1_1;road_0_1_0_0;road_0_1_0_0;road_0_1_0_1;road_0_1_0_1,GGrrrrrrGGrrrrrr
300,intersection_1_1,road_1_2_3_0;road_1_2_3_0;road_1_2_3_1;road_1_2_3_1;road_2_1_2_0;road_2_1_2_0;road_2_1_2_1;road_2_1_2_1;road_1_0_1_0;road_1_0_1_0;road_1_0_1_1;road_1_0_1_1;road_0_1_0_0;road_0_1_0_0;road_0_1_0_1;road_0_1_0_1,GGrrrrrrGGrrrrrr
300,intersection_1_1,road_1_2_3_0;road_1_2_3_0;road_1_2_3_1;road_1_2_3_1;road_2_1_2_0;road_2_1_2_0;road_2_1_2_1;road_2_1_2_1;road_1_0_1_0;road_1_0_1_0;road_1_0_1_1;road_1_0_1_1;road_0_1_0_0;road_0_1_0_0;road_0_1_0_1;road_0_1_0_1,GGrrrrrrGGrrrrrr
301,intersection_1_1,road_1_2_3_0;road_1_2_3_0;road_1_2_3_1;road_1_2_3_1;road_2_1_2_0;road_2_1_2_0;road_2_1_2_1;road_2_1_2_1;road_1_0_1_0;road_1_0_1_0;road_1_0_1_1;road_1_0_1_1;road_0_1_0_0;road_0_1_0_0;road_0_1_0_1;road_0_1_0_1,GGrrrrrrGGrrrrrr
302,intersection_1_1,road_1_2_3_0;road_1_2_3_0;road_1_2_3_1;road_1_2_3_1;road_2_1_2_0;road_2_1_2_0;road_2_1_2_1;road_2_1_2_1;road_1_0_1_0;road_1_0_1_0;road_1_0_1_1;road_1_0_1_1;road_0_1_0_0;road_0_1_0_0;road_0_1_0_1;road_0_1_0_1,GGrrrrrrGGrrrrrr
303,intersection_1_1,road_1_2_3_0;road_1_2_3_0;road_1_2_3_1;road_1_2_3_1;road_2_1_2_0;road_2_1_2_0;road_2_1_2_1;road_2_1_2_1;road_1_0_1_0;road_1_0_1_0;road_1_0_1_1;road_1_0_1_1;road_0_1_0_0;road_0_1_0_0;road_0_1_0_1;road_0_1_0_1,GGrrrrrrGGrrrrrr
304,intersection_1_1,road_1_2_3_0;road_1_2_3_0;road_1_2_3_1;road_1_2_3_1;road_2_1_2_0;road_2_1_2_0;road_2_1_2_1;road_2_1_2_1;road_1_0_1_0;road_1_0_1_0;road_1_0_1_1;road_1_0_1_1;road_0_1_0_0;road_0_1_0_0;road_0_1_0_1;road_0_1_0_1,GGrrrrrrGGrrrrrr
305,intersection_1_1,road_1_2_3_0;road_1_2_3_0;road_1_2_3_1;road_1_2_3_1;road_2_1_2_0;road_2_1_2_0;road_2_1_2_1;road_2_1_2_1;road_1_0_1_0;road_1_0_1_0;road_1_0_1_1;road_1_0_1_1;road_0_1_0_0;road_0_1_0_0;road_0_1_0_1;road_0_1_0_1,GGrrrrrrGGrrrrrr
306,intersection_1_1,road_1_2_3_0;road_1_2_3_0;road_1_2_3_1;road_1_2_3_1;road_2_1_2_0;road_2_1_2_0;road_2_1_2_1;road_2_1_2_1;road_1_0_1_0;road_1_0_1_0;road_1_0_1_1;road_1_0_1_1;road_0_1_0_0;road_0_1_0_0;road_0_1_0_1;road_0_1_0_1,GGrrrrrrGGrrrrrr
307,intersection_1_1,road_1_2_3_0;road_1_2_3_0;road_1_2_3_1;road_1_2_3_1;road_2_1_2_0;road_2_1_2_0;road_2_1_2_1;road_2_1_2_1;road_1_0_1_0;road_1_0_1_0;road_1_0_1_1;road_1_0_1_1;road_0_1_0_0;road_0_1_0_0;road_0_1_0_1;road_0_1_0_1,GGrrrrrrGGrrrrrr
308,intersection_1_1,road_1_2_3_0;road_1_2_3_0;road_1_2_3_1;road_1_2_3_1;road_2_1_2_0;road_2_1_2_0;road_2_1_2_1;road_2_1_2_1;road_1_0_1_0;road_1_0_1_0;road_1_0_1_1;road_1_0_1_1;road_0_1_0_0;road_0_1_0_0;road_0_1_0_1;road_0_1_0_1,GGrrrrrrGGrrrrrr
309,intersection_1_1,road_1_2_3_0;road_1_2_3_0;road_1_2_3_1;road_1_2_3_1;road_2_1_2_0;road_2_1_2_0;road_2_1_2_1;road_2_1_2_1;road_1_0_1_0;road_1_0_1_0;road_1_0_1_1;road_1_0_1_1;road_0_1_0_0;road_0_1_0_0;road_0_1_0_1;road_0_1_0_1,GGrrrrrrGGrrrrrr
310,intersection_1_1,road_1_2_3_0;road_1_2_3_0;road_1_2_3_1;road_1_2_3_1;road_2_1_2_0;road_2_1_2_0;road_2_1_2_1;road_2_1_2_1;road_1_0_1_0;road_1_0_1_0;road_1_0_1_1;road_1_0_1_1;road_0_1_0_0;road_0_1_0_0;road_0_1_0_1;road_0_1_0_1,GGrrrrrrGGrrrrrr
310,intersection_1_1,road_1_2_3_0;road_1_2_3_0;road_1_2_3_1;road_1_2_3_1;road_2_1_2_0;road_2_1_2_0;road_2_1_2_1;road_2_1_2_1;road_1_0_1_0;road_1_0_1_0;road_1_0_1_1;road_1_0_1_1;road_0_1_0_0;road_0_1_0_0;road_0_1_0_1;road_0_1_0_1,GGrrrrrrGGrrrrrr
311,intersection_1_1,road_1_2_3_0;road_1_2_3_0;road_1_2_3_1;road_1_2_3_1;road_2_1_2_0;road_2_1_2_0;road_2_1_2_1;road_2_1_2_1;road_1_0_1_0;road_1_0_1_0;road_1_0_1_1;road_1_0_1_1;road_0_1_0_0;road_0_1_0_0;road_0_1_0_1;road_0_1_0_1,GGrrrrrrGGrrrrrr
312,intersection_1_1,road_1_2_3_0;road_1_2_3_0;road_1_2_3_1;road_1_2_3_1;road_2_1_2_0;road_2_1_2_0;road_2_1_2_1;road_2_1_2_1;road_1_0_1_0;road_1_0_1_0;road_1_0_1_1;road_1_0_1_1;road_0_1_0_0;road_0_1_0_0;road_0_1_0_1;road_0_1_0_1,GGrrrrrrGGrrrrrr
313,intersection_1_1,road_1_2_3_0;road_1_2_3_0;road_1_2_3_1;road_1_2_3_1;road_2_1_2_0;road_2_1_2_0;road_2_1_2_1;road_2_1_2_1;road_1_0_1_0;road_1_0_1_0;road_1_0_1_1;road_1_0_1_1;road_0_1_0_0;road_0_1_0_0;road_0_1_0_1;road_0_1_0_1,GGrrrrrrGGrrrrrr
314,intersection_1_1,road_1_2_3_0;road_1_2_3_0;road_1_2_3_1;road_1_2_3_1;road_2_1_2_0;road_2_1_2_0;road_2_1_2_1;road_2_1_2_1;road_1_0_1_0;road_1_0_1_0;road_1_0_1_1;road_1_0_1_1;road_0_1_0_0;road_0_1_0_0;road_0_1_0_1;road_0_1_0_1,GGrrrrrrGGrrrrrr
315,intersection_1_1,road_1_2_3_0;road_1_2_3_0;road_1_2_3_1;road_1_2_3_1;road_2_1_2_0;road_2_1_2_0;road_2_1_2_1;road_2_1_2_1;road_1_0_1_0;road_1_0_1_0;road_1_0_1_1;road_1_0_1_1;road_0_1_0_0;road_0_1_0_0;road_0_1_0_1;road_0_1_0_1,GGrrrrrrGGrrrrrr
316,intersection_1_1,road_1_2_3_0;road_1_2_3_0;road_1_2_3_1;road_1_2_3_1;road_2_1_2_0;road_2_1_2_0;road_2_1_2_1;road_2_1_2_1;road_1_0_1_0;road_1_0_1_0;road_1_0_1_1;road_1_0_1_1;road_0_1_0_0;road_0_1_0_0;road_0_1_0_1;road_0_1_0_1,GGrrrrrrGGrrrrrr
317,intersection_1_1,road_1_2_3_0;road_1_2_3_0;road_1_2_3_1;road_1_2_3_1;road_2_1_2_0;road_2_1_2_0;road_2_1_2_1;road_2_1_2_1;road_1_0_1_0;road_1_0_1_0;road_1_0_1_1;road_1_0_1_1;road_0_1_0_0;road_0_1_0_0;road_0_1_0_1;road_0_1_0_1,GGrrrrrrGGrrrrrr
318,intersection_1_1,road_1_2_3_0;road_1_2_3_0;road_1_2_3_1;road_1_2_3_1;road_2_1_2_0;road_2_1_2_0;road_2_1_2_1;road_2_1_2_1;road_1_0_1_0;road_1_0_1_0;road_1_0_1_1;road_1_0_1_1;road_0_1_0_0;road_0_1_0_0;road_0_1_0_1;road_0_1_0_1,GGrrrrrrGGrrrrrr
319,intersection_1_1,road_1_2_3_0;road_1_2_3_0;road_1_2_3_1;road_1_2_3_1;road_2_1_2_0;road_2_1_2_0;road_2_1_2_1;road_2_1_2_1;road_1_0_1_0;road_1_0_1_0;road_1_0_1_1;road_1_0_1_1;road_0_1_0_0;road_0_1_0_0;road_0_1_0_1;road_0_1_0_1,GGrrrrrrGGrrrrrr
320,intersection_1_1,road_1_2_3_0;road_1_2_3_0;road_1_2_3_1;road_1_2_3_1;road_2_1_2_0;road_2_1_2_0;road_2_1_2_1;road_2_1_2_1;road_1_0_1_0;road_1_0_1_0;road_1_0_1_1;road_1_0_1_1;road_0_1_0_0;road_0_1_0_0;road_0_1_0_1;road_0_1_0_1,GGrrrrrrGGrrrrrr
320,intersection_1_1,road_1_2_3_0;road_1_2_3_0;road_1_2_3_1;road_1_2_3_1;road_2_1_2_0;road_2_1_2_0;road_2_1_2_1;road_2_1_2_1;road_1_0_1_0;road_1_0_1_0;road_1_0_1_1;road_1_0_1_1;road_0_1_0_0;road_0_1_0_0;road_0_1_0_1;road_0_1_0_1,GGrrrrrrGGrrrrrr
321,intersection_1_1,road_1_2_3_0;road_1_2_3_0;road_1_2_3_1;road_1_2_3_1;road_2_1_2_0;road_2_1_2_0;road_2_1_2_1;road_2_1_2_1;road_1_0_1_0;road_1_0_1_0;road_1_0_1_1;road_1_0_1_1;road_0_1_0_0;road_0_1_0_0;road_0_1_0_1;road_0_1_0_1,GGrrrrrrGGrrrrrr
322,intersection_1_1,road_1_2_3_0;road_1_2_3_0;road_1_2_3_1;road_1_2_3_1;road_2_1_2_0;road_2_1_2_0;road_2_1_2_1;road_2_1_2_1;road_1_0_1_0;road_1_0_1_0;road_1_0_1_1;road_1_0_1_1;road_0_1_0_0;road_0_1_0_0;road_0_1_0_1;road_0_1_0_1,GGrrrrrrGGrrrrrr
323,intersection_1_1,road_1_2_3_0;road_1_2_3_0;road_1_2_3_1;road_1_2_3_1;road_2_1_2_0;road_2_1_2_0;road_2_1_2_1;road_2_1_2_1;road_1_0_1_0;road_1_0_1_0;road_1_0_1_1;road_1_0_1_1;road_0_1_0_0;road_0_1_0_0;road_0_1_0_1;road_0_1_0_1,GGrrrrrrGGrrrrrr
324,intersection_1_1,road_1_2_3_0;road_1_2_3_0;road_1_2_3_1;road_1_2_3_1;road_2_1_2_0;road_2_1_2_0;road_2_1_2_1;road_2_1_2_1;road_1_0_1_0;road_1_0_1_0;road_1_0_1_1;road_1_0_1_1;road_0_1_0_0;road_0_1_0_0;road_0_1_0_1;road_0_1_0_1,GGrrrrrrGGrrrrrr
325,intersection_1_1,road_1_2_3_0;road_1_2_3_0;road_1_2_3_1;road_1_2_3_1;road_2_1_2_0;road_2_1_2_0;road_2_1_2_1;road_2_1_2_1;road_1_0_1_0;road_1_0_1_0;road_1_0_1_1;road_1_0_1_1;road_0_1_0_0;road_0_1_0_0;road_0_1_0_1;road_0_1_0_1,GGrrrrrrGGrrrrrr
326,intersection_1_1,road_1_2_3_0;road_1_2_3_0;road_1_2_3_1;road_1_2_3_1;road_2_1_2_0;road_2_1_2_0;road_2_1_2_1;road_2_1_2_1;road_1_0_1_0;road_1_0_1_0;road_1_0_1_1;road_1_0_1_1;road_0_1_0_0;road_0_1_0_0;road_0_1_0_1;road_0_1_0_1,GGrrrrrrGGrrrrrr
327,intersection_1_1,road_1_2_3_0;road_1_2_3_0;road_1_2_3_1;road_1_2_3_1;road_2_1_2_0;road_2_1_2_0;road_2_1_2_1;road_2_1_2_1;road_1_0_1_0;road_1_0_1_0;road_1_0_1_1;road_1_0_1_1;road_0_1_0_0;road_0_1_0_0;road_0_1_0_1;road_0_1_0_1,GGrrrrrrGGrrrrrr
328,intersection_1_1,road_1_2_3_0;road_1_2_3_0;road_1_2_3_1;road_1_2_3_1;road_2_1_2_0;road_2_1_2_0;road_2_1_2_1;road_2_1_2_1;road_1_0_1_0;road_1_0_1_0;road_1_0_1_1;road_1_0_1_1;road_0_1_0_0;road_0_1_0_0;road_0_1_0_1;road_0_1_0_1,GGrrrrrrGGrrrrrr
329,intersection_1_1,road_1_2_3_0;road_1_2_3_0;road_1_2_3_1;road_1_2_3_1;road_2_1_2_0;road_2_1_2_0;road_2_1_2_1;road_2_1_2_1;road_1_0_1_0;road_1_0_1_0;road_1_0_1_1;road_1_0_1_1;road_0_1_0_0;road_0_1_0_0;road_0_1_0_1;road_0_1_0_1,GGrrrrrrGGrrrrrr
330,intersection_1_1,road_1_2_3_0;road_1_2_3_0;road_1_2_3_1;road_1_2_3_1;road_2_1_2_0;road_2_1_2_0;road_2_1_2_1;road_2_1_2_1;road_1_0_1_0;road_1_0_1_0;road_1_0_1_1;road_1_0_1_1;road_0_1_0_0;road_0_1_0_0;road_0_1_0_1;road_0_1_0_1,GGrrrrrrGGrrrrrr
330,intersection_1_1,road_1_2_3_0;road_1_2_3_0;road_1_2_3_1;road_1_2_3_1;road_2_1_2_0;road_2_1_2_0;road_2_1_2_1;road_2_1_2_1;road_1_0_1_0;road_1_0_1_0;road_1_0_1_1;road_1_0_1_1;road_0_1_0_0;road_0_1_0_0;road_0_1_0_1;road_0_1_0_1,GGrrrrrrGGrrrrrr
331,intersection_1_1,road_1_2_3_0;road_1_2_3_0;road_1_2_3_1;road_1_2_3_1;road_2_1_2_0;road_2_1_2_0;road_2_1_2_1;road_2_1_2_1;road_1_0_1_0;road_1_0_1_0;road_1_0_1_1;road_1_0_1_1;road_0_1_0_0;road_0_1_0_0;road_0_1_0_1;road_0_1_0_1,GGrrrrrrGGrrrrrr
332,intersection_1_1,road_1_2_3_0;road_1_2_3_0;road_1_2_3_1;road_1_2_3_1;road_2_1_2_0;road_2_1_2_0;road_2_1_2_1;road_2_1_2_1;road_1_0_1_0;road_1_0_1_0;road_1_0_1_1;road_1_0_1_1;road_0_1_0_0;road_0_1_0_0;road_0_1_0_1;road_0_1_0_1,GGrrrrrrGGrrrrrr
333,intersection_1_1,road_1_2_3_0;road_1_2_3_0;road_1_2_3_1;road_1_2_3_1;road_2_1_2_0;road_2_1_2_0;road_2_1_2_1;road_2_1_2_1;road_1_0_1_0;road_1_0_1_0;road_1_0_1_1;road_1_0_1_1;road_0_1_0_0;road_0_1_0_0;road_0_1_0_1;road_0_1_0_1,GGrrrrrrGGrrrrrr
334,intersection_1_1,road_1_2_3_0;road_1_2_3_0;road_1_2_3_1;road_1_2_3_1;road_2_1_2_0;road_2_1_2_0;road_2_1_2_1;road_2_1_2_1;road_1_0_1_0;road_1_0_1_0;road_1_0_1_1;road_1_0_1_1;road_0_1_0_0;road_0_1_0_0;road_0_1_0_1;road_0_1_0_1,GGrrrrrrGGrrrrrr
335,intersection_1_1,road_1_2_3_0;road_1_2_3_0;road_1_2_3_1;road_1_2_3_1;road_2_1_2_0;road_2_1_2_0;road_2_1_2_1;road_2_1_2_1;road_1_0_1_0;road_1_0_1_0;road_1_0_1_1;road_1_0_1_1;road_0_1_0_0;road_0_1_0_0;road_0_1_0_1;road_0_1_0_1,GGrrrrrrGGrrrrrr
336,intersection_1_1,road_1_2_3_0;road_1_2_3_0;road_1_2_3_1;road_1_2_3_1;road_2_1_2_0;road_2_1_2_0;road_2_1_2_1;road_2_1_2_1;road_1_0_1_0;road_1_0_1_0;road_1_0_1_1;road_1_0_1_1;road_0_1_0_0;road_0_1_0_0;road_0_1_0_1;road_0_1_0_1,GGrrrrrrGGrrrrrr
337,intersection_1_1,road_1_2_3_0;road_1_2_3_0;road_1_2_3_1;road_1_2_3_1;road_2_1_2_0;road_2_1_2_0;road_2_1_2_1;road_2_1_2_1;road_1_0_1_0;road_1_0_1_0;road_1_0_1_1;road_1_0_1_1;road_0_1_0_0;road_0_1_0_0;road_0_1_0_1;road_0_1_0_1,GGrrrrrrGGrrrrrr
338,intersection_1_1,road_1_2_3_0;road_1_2_3_0;road_1_2_3_1;road_1_2_3_1;road_2_1_2_0;road_2_1_2_0;road_2_1_2_1;road_2_1_2_1;road_1_0_1_0;road_1_0_1_0;road_1_0_1_1;road_1_0_1_1;road_0_1_0_0;road_0_1_0_0;road_0_1_0_1;road_0_1_0_1,GGrrrrrrGGrrrrrr
339,intersection_1_1,road_1_2_3_0;road_1_2_3_0;road_1_2_3_1;road_1_2_3_1;road_2_1_2_0;road_2_1_2_0;road_2_1_2_1;road_2_1_2_1;road_1_0_1_0;road_1_0_1_0;road_1_0_1_1;road_1_0_1_1;road_0_1_0_0;road_0_1_0_0;road_0_1_0_1;road_0_1_0_1,GGrrrrrrGGrrrrrr
340,intersection_1_1,road_1_2_3_0;road_1_2_3_0;road_1_2_3_1;road_1_2_3_1;road_2_1_2_0;road_2_1_2_0;road_2_1_2_1;road_2_1_2_1;road_1_0_1_0;road_1_0_1_0;road_1_0_1_1;road_1_0_1_1;road_0_1_0_0;road_0_1_0_0;road_0_1_0_1;road_0_1_0_1,GGrrrrrrGGrrrrrr
340,intersection_1_1,road_1_2_3_0;road_1_2_3_0;road_1_2_3_1;road_1_2_3_1;road_2_1_2_0;road_2_1_2_0;road_2_1_2_1;road_2_1_2_1;road_1_0_1_0;road_1_0_1_0;road_1_0_1_1;road_1_0_1_1;road_0_1_0_0;road_0_1_0_0;road_0_1_0_1;road_0_1_0_1,GGrrrrrrGGrrrrrr
341,intersection_1_1,road_1_2_3_0;road_1_2_3_0;road_1_2_3_1;road_1_2_3_1;road_2_1_2_0;road_2_1_2_0;road_2_1_2_1;road_2_1_2_1;road_1_0_1_0;road_1_0_1_0;road_1_0_1_1;road_1_0_1_1;road_0_1_0_0;road_0_1_0_0;road_0_1_0_1;road_0_1_0_1,GGrrrrrrGGrrrrrr
342,intersection_1_1,road_1_2_3_0;road_1_2_3_0;road_1_2_3_1;road_1_2_3_1;road_2_1_2_0;road_2_1_2_0;road_2_1_2_1;road_2_1_2_1;road_1_0_1_0;road_1_0_1_0;road_1_0_1_1;road_1_0_1_1;road_0_1_0_0;road_0_1_0_0;road_0_1_0_1;road_0_1_0_1,GGrrrrrrGGrrrrrr
343,intersection_1_1,road_1_2_3_0;road_1_2_3_0;road_1_2_3_1;road_1_2_3_1;road_2_1_2_0;road_2_1_2_0;road_2_1_2_1;road_2_1_2_1;road_1_0_1_0;road_1_0_1_0;road_1_0_1_1;road_1_0_1_1;road_0_1_0_0;road_0_1_0_0;road_0_1_0_1;road_0_1_0_1,GGrrrrrrGGrrrrrr
344,intersection_1_1,road_1_2_3_0;road_1_2_3_0;road_1_2_3_1;road_1_2_3_1;road_2_1_2_0;road_2_1_2_0;road_2_1_2_1;road_2_1_2_1;road_1_0_1_0;road_1_0_1_0;road_1_0_1_1;road_1_0_1_1;road_0_1_0_0;road_0_1_0_0;road_0_1_0_1;road_0_1_0_1,GGrrrrrrGGrrrrrr
345,intersection_1_1,road_1_2_3_0;road_1_2_3_0;road_1_2_3_1;road_1_2_3_1;road_2_1_2_0;road_2_1_2_0;road_2_1_2_1;road_2_1_2_1;road_1_0_1_0;road_1_0_1_0;road_1_0_1_1;road_1_0_1_1;road_0_1_0_0;road_0_1_0_0;road_0_1_0_1;road_0_1_0_1,GGrrrrrrGGrrrrrr
346,intersection_1_1,road_1_2_3_0;road_1_2_3_0;road_1_2_3_1;road_1_2_3_1;road_2_1_2_0;road_2_1_2_0;road_2_1_2_1;road_2_1_2_1;road_1_0_1_0;road_1_0_1_0;road_1_0_1_1;road_1_0_1_1;road_0_1_0_0;road_0_1_0_0;road_0_1_0_1;road_0_1_0_1,GGrrrrrrGGrrrrrr
347,intersection_1_1,road_1_2_3_0;road_1_2_3_0;road_1_2_3_1;road_1_2_3_1;road_2_1_2_0;road_2_1_2_0;road_2_1_2_1;road_2_1_2_1;road_1_0_1_0;road_1_0_1_0;road_1_0_1_1;road_1_0_1_1;road_0_1_0_0;road_0_1_0_0;road_0_1_0_1;road_0_1_0_1,GGrrrrrrGGrrrrrr
348,intersection_1_1,road_1_2_3_0;road_1_2_3_0;road_1_2_3_1;road_1_2_3_1;road_2_1_2_0;road_2_1_2_0;road_2_1_2_1;road_2_1_2_1;road_1_0_1_0;road_1_0_1_0;road_1_0_1_1;road_1_0_1_1;road_0_1_0_0;road_0_1_0_0;road_0_1_0_1;road_0_1_0_1,GGrrrrrrGGrrrrrr
349,intersection_1_1,road_1_2_3_0;road_1_2_3_0;road_1_2_3_1;road_1_2_3_1;road_2_1_2_0;road_2_1_2_0;road_2_1_2_1;road_2_1_2_1;road_1_0_1_0;road_1_0_1_0;road_1_0_1_1;road_1_0_1_1;road_0_1_0_0;road_0_1_0_0;road_0_1_0_1;road_0_1_0_1,GGrrrrrrGGrrrrrr
350,intersection_1_1,road_1_2_3_0;road_1_2_3_0;road_1_2_3_1;road_1_2_3_1;road_2_1_2_0;road_2_1_2_0;road_2_1_2_1;road_2_1_2_1;road_1_0_1_0;road_1_0_1_0;road_1_0_1_1;road_1_0_1_1;road_0_1_0_0;road_0_1_0_0;road_0_1_0_1;road_0_1_0_1,GGrrrrrrGGrrrrrr
350,intersection_1_1,road_1_2_3_0;road_1_2_3_0;road_1_2_3_1;road_1_2_3_1;road_2_1_2_0;road_2_1_2_0;road_2_1_2_1;road_2_1_2_1;road_1_0_1_0;road_1_0_1_0;road_1_0_1_1;road_1_0_1_1;road_0_1_0_0;road_0_1_0_0;road_0_1_0_1;road_0_1_0_1,GGrrrrrrGGrrrrrr
351,intersection_1_1,road_1_2_3_0;road_1_2_3_0;road_1_2_3_1;road_1_2_3_1;road_2_1_2_0;road_2_1_2_0;road_2_1_2_1;road_2_1_2_1;road_1_0_1_0;road_1_0_1_0;road_1_0_1_1;road_1_0_1_1;road_0_1_0_0;road_0_1_0_0;road_0_1_0_1;road_0_1_0_1,GGrrrrrrGGrrrrrr
352,intersection_1_1,road_1_2_3_0;road_1_2_3_0;road_1_2_3_1;road_1_2_3_1;road_2_1_2_0;road_2_1_2_0;road_2_1_2_1;road_2_1_2_1;road_1_0_1_0;road_1_0_1_0;road_1_0_1_1;road_1_0_1_1;road_0_1_0_0;road_0_1_0_0;road_0_1_0_1;road_0_1_0_1,GGrrrrrrGGrrrrrr
353,intersection_1_1,road_1_2_3_0;road_1_2_3_0;road_1_2_3_1;road_1_2_3_1;road_2_1_2_0;road_2_1_2_0;road_2_1_2_1;road_2_1_2_1;road_1_0_1_0;road_1_0_1_0;road_1_0_1_1;road_1_0_1_1;road_0_1_0_0;road_0_1_0_0;road_0_1_0_1;road_0_1_0_1,GGrrrrrrGGrrrrrr
354,intersection_1_1,road_1_2_3_0;road_1_2_3_0;road_1_2_3_1;road_1_2_3_1;road_2_1_2_0;road_2_1_2_0;road_2_1_2_1;road_2_1_2_1;road_1_0_1_0;road_1_0_1_0;road_1_0_1_1;road_1_0_1_1;road_0_1_0_0;road_0_1_0_0;road_0_1_0_1;road_0_1_0_1,GGrrrrrrGGrrrrrr
355,intersection_1_1,road_1_2_3_0;road_1_2_3_0;road_1_2_3_1;road_1_2_3_1;road_2_1_2_0;road_2_1_2_0;road_2_1_2_1;road_2_1_2_1;road_1_0_1_0;road_1_0_1_0;road_1_0_1_1;road_1_0_1_1;road_0_1_0_0;road_0_1_0_0;road_0_1_0_1;road_0_1_0_1,GGrrrrrrGGrrrrrr
356,intersection_1_1,road_1_2_3_0;road_1_2_3_0;road_1_2_3_1;road_1_2_3_1;road_2_1_2_0;road_2_1_2_0;road_2_1_2_1;road_2_1_2_1;road_1_0_1_0;road_1_0_1_0;road_1_0_1_1;road_1_0_1_1;road_0_1_0_0;road_0_1_0_0;road_0_1_0_1;road_0_1_0_1,GGrrrrrrGGrrrrrr
357,intersection_1_1,road_1_2_3_0;road_1_2_3_0;road_1_2_3_1;road_1_2_3_1;road_2_1_2_0;road_2_1_2_0;road_2_1_2_1;road_2_1_2_1;road_1_0_1_0;road_1_0_1_0;road_1_0_1_1;road_1_0_1_1;road_0_1_0_0;road_0_1_0_0;road_0_1_0_1;road_0_1_0_1,GGrrrrrrGGrrrrrr
358,intersection_1_1,road_1_2_3_0;road_1_2_3_0;road_1_2_3_1;road_1_2_3_1;road_2_1_2_0;road_2_1_2_0;road_2_1_2_1;road_2_1_2_1;road_1_0_1_0;road_1_0_1_0;road_1_0_1_1;road_1_0_1_1;road_0_1_0_0;road_0_1_0_0;road_0_1_0_1;road_0_1_0_1,GGrrrrrrGGrrrrrr
359,intersection_1_1,road_1_2_3_0;road_1_2_3_0;road_1_2_3_1;road_1_2_3_1;road_2_1_2_0;road_2_1_2_0;road_2_1_2_1;road_2_1_2_1;road_1_0_1_0;road_1_0_1_0;road_1_0_1_1;road_1_0_1_1;road_0_1_0_0;road_0_1_0_0;road_0_1_0_1;road_0_1_0_1,GGrrrrrrGGrrrrrr
360,intersection_1_1,road_1_2_3_0;road_1_2_3_0;road_1_2_3_1;road_1_2_3_1;road_2_1_2_0;road_2_1_2_0;road_2_1_2_1;road_2_1_2_1;road_1_0_1_0;road_1_0_1_0;road_1_0_1_1;road_1_0_1_1;road_0_1_0_0;road_0_1_0_0;road_0_1_0_1;road_0_1_0_1,GGrrrrrrGGrrrrrr
360,intersection_1_1,road_1_2_3_0;road_1_2_3_0;road_1_2_3_1;road_1_2_3_1;road_2_1_2_0;road_2_1_2_0;road_2_1_2_1;road_2_1_2_1;road_1_0_1_0;road_1_0_1_0;road_1_0_1_1;road_1_0_1_1;road_0_1_0_0;road_0_1_0_0;road_0_1_0_1;road_0_1_0_1,GGrrrrrrGGrrrrrr
361,intersection_1_1,road_1_2_3_0;road_1_2_3_0;road_1_2_3_1;road_1_2_3_1;road_2_1_2_0;road_2_1_2_0;road_2_1_2_1;road_2_1_2_1;road_1_0_1_0;road_1_0_1_0;road_1_0_1_1;road_1_0_1_1;road_0_1_0_0;road_0_1_0_0;road_0_1_0_1;road_0_1_0_1,GGrrrrrrrrrrrrrr
362,intersection_1_1,road_1_2_3_0;road_1_2_3_0;road_1_2_3_1;road_1_2_3_1;road_2_1_2_0;road_2_1_2_0;road_2_1_2_1;road_2_1_2_1;road_1_0_1_0;road_1_0_1_0;road_1_0_1_1;road_1_0_1_1;road_0_1_0_0;road_0_1_0_0;road_0_1_0_1;road_0_1_0_1,GGrrrrrrrrrrrrrr
363,intersection_1_1,road_1_2_3_0;road_1_2_3_0;road_1_2_3_1;road_1_2_3_1;road_2_1_2_0;road_2_1_2_0;road_2_1_2_1;road_2_1_2_1;road_1_0_1_0;road_1_0_1_0;road_1_0_1_1;road_1_0_1_1;road_0_1_0_0;road_0_1_0_0;road_0_1_0_1;road_0_1_0_1,GGrrrrrrrrrrrrrr
364,intersection_1_1,road_1_2_3_0;road_1_2_3_0;road_1_2_3_1;road_1_2_3_1;road_2_1_2_0;road_2_1_2_0;road_2_1_2_1;road_2_1_2_1;road_1_0_1_0;road_1_0_1_0;road_1_0_1_1;road_1_0_1_1;road_0_1_0_0;road_0_1_0_0;road_0_1_0_1;road_0_1_0_1,GGrrrrrrrrrrrrrr
365,intersection_1_1,road_1_2_3_0;road_1_2_3_0;road_1_2_3_1;road_1_2_3_1;road_2_1_2_0;road_2_1_2_0;road_2_1_2_1;road_2_1_2_1;road_1_0_1_0;road_1_0_1_0;road_1_0_1_1;road_1_0_1_1;road_0_1_0_0;road_0_1_0_0;road_0_1_0_1;road_0_1_0_1,GGrrrrrrrrrrrrrr
366,intersection_1_1,road_1_2_3_0;road_1_2_3_0;road_1_2_3_1;road_1_2_3_1;road_2_1_2_0;road_2_1_2_0;road_2_1_2_1;road_2_1_2_1;road_1_0_1_0;road_1_0_1_0;road_1_0_1_1;road_1_0_1_1;road_0_1_0_0;road_0_1_0_0;road_0_1_0_1;road_0_1_0_1,GGGGrrrrrrrrrrrr
367,intersection_1_1,road_1_2_3_0;road_1_2_3_0;road_1_2_3_1;road_1_2_3_1;road_2_1_2_0;road_2_1_2_0;road_2_1_2_1;road_2_1_2_1;road_1_0_1_0;road_1_0_1_0;road_1_0_1_1;road_1_0_1_1;road_0_1_0_0;road_0_1_0_0;road_0_1_0_1;road_0_1_0_1,GGGGrrrrrrrrrrrr
368,intersection_1_1,road_1_2_3_0;road_1_2_3_0;road_1_2_3_1;road_1_2_3_1;road_2_1_2_0;road_2_1_2_0;road_2_1_2_1;road_2_1_2_1;road_1_0_1_0;road_1_0_1_0;road_1_0_1_1;road_1_0_1_1;road_0_1_0_0;road_0_1_0_0;road_0_1_0_1;road_0_1_0_1,GGGGrrrrrrrrrrrr
369,intersection_1_1,road_1_2_3_0;road_1_2_3_0;road_1_2_3_1;road_1_2_3_1;road_2_1_2_0;road_2_1_2_0;road_2_1_2_1;road_2_1_2_1;road_1_0_1_0;road_1_0_1_0;road_1_0_1_1;road_1_0_1_1;road_0_1_0_0;road_0_1_0_0;road_0_1_0_1;road_0_1_0_1,GGGGrrrrrrrrrrrr
370,intersection_1_1,road_1_2_3_0;road_1_2_3_0;road_1_2_3_1;road_1_2_3_1;road_2_1_2_0;road_2_1_2_0;road_2_1_2_1;road_2_1_2_1;road_1_0_1_0;road_1_0_1_0;road_1_0_1_1;road_1_0_1_1;road_0_1_0_0;road_0_1_0_0;road_0_1_0_1;road_0_1_0_1,GGGGrrrrrrrrrrrr
370,intersection_1_1,road_1_2_3_0;road_1_2_3_0;road_1_2_3_1;road_1_2_3_1;road_2_1_2_0;road_2_1_2_0;road_2_1_2_1;road_2_1_2_1;road_1_0_1_0;road_1_0_1_0;road_1_0_1_1;road_1_0_1_1;road_0_1_0_0;road_0_1_0_0;road_0_1_0_1;road_0_1_0_1,GGGGrrrrrrrrrrrr
371,intersection_1_1,road_1_2_3_0;road_1_2_3_0;road_1_2_3_1;road_1_2_3_1;road_2_1_2_0;road_2_1_2_0;road_2_1_2_1;road_2_1_2_1;road_1_0_1_0;road_1_0_1_0;road_1_0_1_1;road_1_0_1_1;road_0_1_0_0;road_0_1_0_0;road_0_1_0_1;road_0_1_0_1,GGGGrrrrrrrrrrrr
372,intersection_1_1,road_1_2_3_0;road_1_2_3_0;road_1_2_3_1;road_1_2_3_1;road_2_1_2_0;road_2_1_2_0;road_2_1_2_1;road_2_1_2_1;road_1_0_1_0;road_1_0_1_0;road_1_0_1_1;road_1_0_1_1;road_0_1_0_0;road_0_1_0_0;road_0_1_0_1;road_0_1_0_1,GGGGrrrrrrrrrrrr
373,intersection_1_1,road_1_2_3_0;road_1_2_3_0;road_1_2_3_1;road_1_2_3_1;road_2_1_2_0;road_2_1_2_0;road_2_1_2_1;road_2_1_2_1;road_1_0_1_0;road_1_0_1_0;road_1_0_1_1;road_1_0_1_1;road_0_1_0_0;road_0_1_0_0;road_0_1_0_1;road_0_1_0_1,GGGGrrrrrrrrrrrr
374,intersection_1_1,road_1_2_3_0;road_1_2_3_0;road_1_2_3_1;road_1_2_3_1;road_2_1_2_0;road_2_1_2_0;road_2_1_2_1;road_2_1_2_1;road_1_0_1_0;road_1_0_1_0;road_1_0_1_1;road_1_0_1_1;road_0_1_0_0;road_0_1_0_0;road_0_1_0_1;road_0_1_0_1,GGGGrrrrrrrrrrrr
375,intersection_1_1,road_1_2_3_0;road_1_2_3_0;road_1_2_3_1;road_1_2_3_1;road_2_1_2_0;road_2_1_2_0;road_2_1_2_1;road_2_1_2_1;road_1_0_1_0;road_1_0_1_0;road_1_0_1_1;road_1_0_1_1;road_0_1_0_0;road_0_1_0_0;road_0_1_0_1;road_0_1_0_1,GGGGrrrrrrrrrrrr
376,intersection_1_1,road_1_2_3_0;road_1_2_3_0;road_1_2_3_1;road_1_2_3_1;road_2_1_2_0;road_2_1_2_0;road_2_1_2_1;road_2_1_2_1;road_1_0_1_0;road_1_0_1_0;road_1_0_1_1;road_1_0_1_1;road_0_1_0_0;road_0_1_0_0;road_0_1_0_1;road_0_1_0_1,GGGGrrrrrrrrrrrr
377,intersection_1_1,road_1_2_3_0;road_1_2_3_0;road_1_2_3_1;road_1_2_3_1;road_2_1_2_0;road_2_1_2_0;road_2_1_2_1;road_2_1_2_1;road_1_0_1_0;road_1_0_1_0;road_1_0_1_1;road_1_0_1_1;road_0_1_0_0;road_0_1_0_0;road_0_1_0_1;road_0_1_0_1,GGGGrrrrrrrrrrrr
378,intersection_1_1,road_1_2_3_0;road_1_2_3_0;road_1_2_3_1;road_1_2_3_1;road_2_1_2_0;road_2_1_2_0;road_2_1_2_1;road_2_1_2_1;road_1_0_1_0;road_1_0_1_0;road_1_0_1_1;road_1_0_1_1;road_0_1_0_0;road_0_1_0_0;road_0_1_0_1;road_0_1_0_1,GGGGrrrrrrrrrrrr
379,intersection_1_1,road_1_2_3_0;road_1_2_3_0;road_1_2_3_1;road_1_2_3_1;road_2_1_2_0;road_2_1_2_0;road_2_1_2_1;road_2_1_2_1;road_1_0_1_0;road_1_0_1_0;road_1_0_1_1;road_1_0_1_1;road_0_1_0_0;road_0_1_0_0;road_0_1_0_1;road_0_1_0_1,GGGGrrrrrrrrrrrr
380,intersection_1_1,road_1_2_3_0;road_1_2_3_0;road_1_2_3_1;road_1_2_3_1;road_2_1_2_0;road_2_1_2_0;road_2_1_2_1;road_2_1_2_1;road_1_0_1_0;road_1_0_1_0;road_1_0_1_1;road_1_0_1_1;road_0_1_0_0;road_0_1_0_0;road_0_1_0_1;road_0_1_0_1,GGGGrrrrrrrrrrrr
380,intersection_1_1,road_1_2_3_0;road_1_2_3_0;road_1_2_3_1;road_1_2_3_1;road_2_1_2_0;road_2_1_2_0;road_2_1_2_1;road_2_1_2_1;road_1_0_1_0;road_1_0_1_0;road_1_0_1_1;road_1_0_1_1;road_0_1_0_0;road_0_1_0_0;road_0_1_0_1;road_0_1_0_1,GGGGrrrrrrrrrrrr
381,intersection_1_1,road_1_2_3_0;road_1_2_3_0;road_1_2_3_1;road_1_2_3_1;road_2_1_2_0;road_2_1_2_0;road_2_1_2_1;road_2_1_2_1;road_1_0_1_0;road_1_0_1_0;road_1_0_1_1;road_1_0_1_1;road_0_1_0_0;road_0_1_0_0;road_0_1_0_1;road_0_1_0_1,GGGGrrrrrrrrrrrr
382,intersection_1_1,road_1_2_3_0;road_1_2_3_0;road_1_2_3_1;road_1_2_3_1;road_2_1_2_0;road_2_1_2_0;road_2_1_2_1;road_2_1_2_1;road_1_0_1_0;road_1_0_1_0;road_1_0_1_1;road_1_0_1_1;road_0_1_0_0;road_0_1_0_0;road_0_1_0_1;road_0_1_0_1,GGGGrrrrrrrrrrrr
383,intersection_1_1,road_1_2_3_0;road_1_2_3_0;road_1_2_3_1;road_1_2_3_1;road_2_1_2_0;road_2_1_2_0;road_2_1_2_1;road_2_1_2_1;road_1_0_1_0;road_1_0_1_0;road_1_0_1_1;road_1_0_1_1;road_0_1_0_0;road_0_1_0_0;road_0_1_0_1;road_0_1_0_1,GGGGrrrrrrrrrrrr
384,intersection_1_1,road_1_2_3_0;road_1_2_3_0;road_1_2_3_1;road_1_2_3_1;road_2_1_2_0;road_2_1_2_0;road_2_1_2_1;road_2_1_2_1;road_1_0_1_0;road_1_0_1_0;road_1_0_1_1;road_1_0_1_1;road_0_1_0_0;road_0_1_0_0;road_0_1_0_1;road_0_1_0_1,GGGGrrrrrrrrrrrr
385,intersection_1_1,road_1_2_3_0;road_1_2_3_0;road_1_2_3_1;road_1_2_3_1;road_2_1_2_0;road_2_1_2_0;road_2_1_2_1;road_2_1_2_1;road_1_0_1_0;road_1_0_1_0;road_1_0_1_1;road_1_0_1_1;road_0_1_0_0;road_0_1_0_0;road_0_1_0_1;road_0_1_0_1,GGGGrrrrrrrrrrrr
386,intersection_1_1,road_1_2_3_0;road_1_2_3_0;road_1_2_3_1;road_1_2_3_1;road_2_1_2_0;road_2_1_2_0;road_2_1_2_1;road_2_1_2_1;road_1_0_1_0;road_1_0_1_0;road_1_0_1_1;road_1_0_1_1;road_0_1_0_0;road_0_1_0_0;road_0_1_0_1;road_0_1_0_1,GGGGrrrrrrrrrrrr
387,intersection_1_1,road_1_2_3_0;road_1_2_3_0;road_1_2_3_1;road_1_2_3_1;road_2_1_2_0;road_2_1_2_0;road_2_1_2_1;road_2_1_2_1;road_1_0_1_0;road_1_0_1_0;road_1_0_1_1;road_1_0_1_1;road_0_1_0_0;road_0_1_0_0;road_0_1_0_1;road_0_1_0_1,GGGGrrrrrrrrrrrr
388,intersection_1_1,road_1_2_3_0;road_1_2_3_0;road_1_2_3_1;road_1_2_3_1;road_2_1_2_0;road_2_1_2_0;road_2_1_2_1;road_2_1_2_1;road_1_0_1_0;road_1_0_1_0;road_1_0_1_1;road_1_0_1_1;road_0_1_0_0;road_0_1_0_0;road_0_1_0_1;road_0_1_0_1,GGGGrrrrrrrrrrrr
389,intersection_1_1,road_1_2_3_0;road_1_2_3_0;road_1_2_3_1;road_1_2_3_1;road_2_1_2_0;road_2_1_2_0;road_2_1_2_1;road_2_1_2_1;road_1_0_1_0;road_1_0_1_0;road_1_0_1_1;road_1_0_1_1;road_0_1_0_0;road_0_1_0_0;road_0_1_0_1;road_0_1_0_1,GGGGrrrrrrrrrrrr
390,intersection_1_1,road_1_2_3_0;road_1_2_3_0;road_1_2_3_1;road_1_2_3_1;road_2_1_2_0;road_2_1_2_0;road_2_1_2_1;road_2_1_2_1;road_1_0_1_0;road_1_0_1_0;road_1_0_1_1;road_1_0_1_1;road_0_1_0_0;road_0_1_0_0;road_0_1_0_1;road_0_1_0_1,GGGGrrrrrrrrrrrr
390,intersection_1_1,road_1_2_3_0;road_1_2_3_0;road_1_2_3_1;road_1_2_3_1;road_2_1_2_0;road_2_1_2_0;road_2_1_2_1;road_2_1_2_1;road_1_0_1_0;road_1_0_1_0;road_1_0_1_1;road_1_0_1_1;road_0_1_0_0;road_0_1_0_0;road_0_1_0_1;road_0_1_0_1,GGGGrrrrrrrrrrrr
391,intersection_1_1,road_1_2_3_0;road_1_2_3_0;road_1_2_3_1;road_1_2_3_1;road_2_1_2_0;road_2_1_2_0;road_2_1_2_1;road_2_1_2_1;road_1_0_1_0;road_1_0_1_0;road_1_0_1_1;road_1_0_1_1;road_0_1_0_0;road_0_1_0_0;road_0_1_0_1;road_0_1_0_1,rrrrrrrrrrrrrrrr
392,intersection_1_1,road_1_2_3_0;road_1_2_3_0;road_1_2_3_1;road_1_2_3_1;road_2_1_2_0;road_2_1_2_0;road_2_1_2_1;road_2_1_2_1;road_1_0_1_0;road_1_0_1_0;road_1_0_1_1;road_1_0_1_1;road_0_1_0_0;road_0_1_0_0;road_0_1_0_1;road_0_1_0_1,rrrrrrrrrrrrrrrr
393,intersection_1_1,road_1_2_3_0;road_1_2_3_0;road_1_2_3_1;road_1_2_3_1;road_2_1_2_0;road_2_1_2_0;road_2_1_2_1;road_2_1_2_1;road_1_0_1_0;road_1_0_1_0;road_1_0_1_1;road_1_0_1_1;road_0_1_0_0;road_0_1_0_0;road_0_1_0_1;road_0_1_0_1,rrrrrrrrrrrrrrrr
394,intersection_1_1,road_1_2_3_0;road_1_2_3_0;road_1_2_3_1;road_1_2_3_1;road_2_1_2_0;road_2_1_2_0;road_2_1_2_1;road_2_1_2_1;road_1_0_1_0;road_1_0_1_0;road_1_0_1_1;road_1_0_1_1;road_0_1_0_0;road_0_1_0_0;road_0_1_0_1;road_0_1_0_1,rrrrrrrrrrrrrrrr
395,intersection_1_1,road_1_2_3_0;road_1_2_3_0;road_1_2_3_1;road_1_2_3_1;road_2_1_2_0;road_2_1_2_0;road_2_1_2_1;road_2_1_2_1;road_1_0_1_0;road_1_0_1_0;road_1_0_1_1;road_1_0_1_1;road_0_1_0_0;road_0_1_0_0;road_0_1_0_1;road_0_1_0_1,rrrrrrrrrrrrrrrr
396,intersection_1_1,road_1_2_3_0;road_1_2_3_0;road_1_2_3_1;road_1_2_3_1;road_2_1_2_0;road_2_1_2_0;road_2_1_2_1;road_2_1_2_1;road_1_0_1_0;road_1_0_1_0;road_1_0_1_1;road_1_0_1_1;road_0_1_0_0;road_0_1_0_0;road_0_1_0_1;road_0_1_0_1,rrrrGGrrrrrrGGrr
397,intersection_1_1,road_1_2_3_0;road_1_2_3_0;road_1_2_3_1;road_1_2_3_1;road_2_1_2_0;road_2_1_2_0;road_2_1_2_1;road_2_1_2_1;road_1_0_1_0;road_1_0_1_0;road_1_0_1_1;road_1_0_1_1;road_0_1_0_0;road_0_1_0_0;road_0_1_0_1;road_0_1_0_1,rrrrGGrrrrrrGGrr
398,intersection_1_1,road_1_2_3_0;road_1_2_3_0;road_1_2_3_1;road_1_2_3_1;road_2_1_2_0;road_2_1_2_0;road_2_1_2_1;road_2_1_2_1;road_1_0_1_0;road_1_0_1_0;road_1_0_1_1;road_1_0_1_1;road_0_1_0_0;road_0_1_0_0;road_0_1_0_1;road_0_1_0_1,rrrrGGrrrrrrGGrr
399,intersection_1_1,road_1_2_3_0;road_1_2_3_0;road_1_2_3_1;road_1_2_3_1;road_2_1_2_0;road_2_1_2_0;road_2_1_2_1;road_2_1_2_1;road_1_0_1_0;road_1_0_1_0;road_1_0_1_1;road_1_0_1_1;road_0_1_0_0;road_0_1_0_0;road_0_1_0_1;road_0_1_0_1,rrrrGGrrrrrrGGrr
400,intersection_1_1,road_1_2_3_0;road_1_2_3_0;road_1_2_3_1;road_1_2_3_1;road_2_1_2_0;road_2_1_2_0;road_2_1_2_1;road_2_1_2_1;road_1_0_1_0;road_1_0_1_0;road_1_0_1_1;road_1_0_1_1;road_0_1_0_0;road_0_1_0_0;road_0_1_0_1;road_0_1_0_1,rrrrGGrrrrrrGGrr
400,intersection_1_1,road_1_2_3_0;road_1_2_3_0;road_1_2_3_1;road_1_2_3_1;road_2_1_2_0;road_2_1_2_0;road_2_1_2_1;road_2_1_2_1;road_1_0_1_0;road_1_0_1_0;road_1_0_1_1;road_1_0_1_1;road_0_1_0_0;road_0_1_0_0;road_0_1_0_1;road_0_1_0_1,rrrrGGrrrrrrGGrr
401,intersection_1_1,road_1_2_3_0;road_1_2_3_0;road_1_2_3_1;road_1_2_3_1;road_2_1_2_0;road_2_1_2_0;road_2_1_2_1;road_2_1_2_1;road_1_0_1_0;road_1_0_1_0;road_1_0_1_1;road_1_0_1_1;road_0_1_0_0;road_0_1_0_0;road_0_1_0_1;road_0_1_0_1,rrrrGGrrrrrrGGrr
402,intersection_1_1,road_1_2_3_0;road_1_2_3_0;road_1_2_3_1;road_1_2_3_1;road_2_1_2_0;road_2_1_2_0;road_2_1_2_1;road_2_1_2_1;road_1_0_1_0;road_1_0_1_0;road_1_0_1_1;road_1_0_1_1;road_0_1_0_0;road_0_1_0_0;road_0_1_0_1;road_0_1_0_1,rrrrGGrrrrrrGGrr
403,intersection_1_1,road_1_2_3_0;road_1_2_3_0;road_1_2_3_1;road_1_2_3_1;road_2_1_2_0;road_2_1_2_0;road_2_1_2_1;road_2_1_2_1;road_1_0_1_0;road_1_0_1_0;road_1_0_1_1;road_1_0_1_1;road_0_1_0_0;road_0_1_0_0;road_0_1_0_1;road_0_1_0_1,rrrrGGrrrrrrGGrr
404,intersection_1_1,road_1_2_3_0;road_1_2_3_0;road_1_2_3_1;road_1_2_3_1;road_2_1_2_0;road_2_1_2_0;road_2_1_2_1;road_2_1_2_1;road_1_0_1_0;road_1_0_1_0;road_1_0_1_1;road_1_0_1_1;road_0_1_0_0;road_0_1_0_0;road_0_1_0_1;road_0_1_0_1,rrrrGGrrrrrrGGrr
405,intersection_1_1,road_1_2_3_0;road_1_2_3_0;road_1_2_3_1;road_1_2_3_1;road_2_1_2_0;road_2_1_2_0;road_2_1_2_1;road_2_1_2_1;road_1_0_1_0;road_1_0_1_0;road_1_0_1_1;road_1_0_1_1;road_0_1_0_0;road_0_1_0_0;road_0_1_0_1;road_0_1_0_1,rrrrGGrrrrrrGGrr
406,intersection_1_1,road_1_2_3_0;road_1_2_3_0;road_1_2_3_1;road_1_2_3_1;road_2_1_2_0;road_2_1_2_0;road_2_1_2_1;road_2_1_2_1;road_1_0_1_0;road_1_0_1_0;road_1_0_1_1;road_1_0_1_1;road_0_1_0_0;road_0_1_0_0;road_0_1_0_1;road_0_1_0_1,rrrrGGrrrrrrGGrr
407,intersection_1_1,road_1_2_3_0;road_1_2_3_0;road_1_2_3_1;road_1_2_3_1;road_2_1_2_0;road_2_1_2_0;road_2_1_2_1;road_2_1_2_1;road_1_0_1_0;road_1_0_1_0;road_1_0_1_1;road_1_0_1_1;road_0_1_0_0;road_0_1_0_0;road_0_1_0_1;road_0_1_0_1,rrrrGGrrrrrrGGrr
408,intersection_1_1,road_1_2_3_0;road_1_2_3_0;road_1_2_3_1;road_1_2_3_1;road_2_1_2_0;road_2_1_2_0;road_2_1_2_1;road_2_1_2_1;road_1_0_1_0;road_1_0_1_0;road_1_0_1_1;road_1_0_1_1;road_0_1_0_0;road_0_1_0_0;road_0_1_0_1;road_0_1_0_1,rrrrGGrrrrrrGGrr
409,intersection_1_1,road_1_2_3_0;road_1_2_3_0;road_1_2_3_1;road_1_2_3_1;road_2_1_2_0;road_2_1_2_0;road_2_1_2_1;road_2_1_2_1;road_1_0_1_0;road_1_0_1_0;road_1_0_1_1;road_1_0_1_1;road_0_1_0_0;road_0_1_0_0;road_0_1_0_1;road_0_1_0_1,rrrrGGrrrrrrGGrr
410,intersection_1_1,road_1_2_3_0;road_1_2_3_0;road_1_2_3_1;road_1_2_3_1;road_2_1_2_0;road_2_1_2_0;road_2_1_2_1;road_2_1_2_1;road_1_0_1_0;road_1_0_1_0;road_1_0_1_1;road_1_0_1_1;road_0_1_0_0;road_0_1_0_0;road_0_1_0_1;road_0_1_0_1,rrrrGGrrrrrrGGrr
410,intersection_1_1,road_1_2_3_0;road_1_2_3_0;road_1_2_3_1;road_1_2_3_1;road_2_1_2_0;road_2_1_2_0;road_2_1_2_1;road_2_1_2_1;road_1_0_1_0;road_1_0_1_0;road_1_0_1_1;road_1_0_1_1;road_0_1_0_0;road_0_1_0_0;road_0_1_0_1;road_0_1_0_1,rrrrGGrrrrrrGGrr
411,intersection_1_1,road_1_2_3_0;road_1_2_3_0;road_1_2_3_1;road_1_2_3_1;road_2_1_2_0;road_2_1_2_0;road_2_1_2_1;road_2_1_2_1;road_1_0_1_0;road_1_0_1_0;road_1_0_1_1;road_1_0_1_1;road_0_1_0_0;road_0_1_0_0;road_0_1_0_1;road_0_1_0_1,rrrrGGrrrrrrGGrr
412,intersection_1_1,road_1_2_3_0;road_1_2_3_0;road_1_2_3_1;road_1_2_3_1;road_2_1_2_0;road_2_1_2_0;road_2_1_2_1;road_2_1_2_1;road_1_0_1_0;road_1_0_1_0;road_1_0_1_1;road_1_0_1_1;road_0_1_0_0;road_0_1_0_0;road_0_1_0_1;road_0_1_0_1,rrrrGGrrrrrrGGrr
413,intersection_1_1,road_1_2_3_0;road_1_2_3_0;road_1_2_3_1;road_1_2_3_1;road_2_1_2_0;road_2_1_2_0;road_2_1_2_1;road_2_1_2_1;road_1_0_1_0;road_1_0_1_0;road_1_0_1_1;road_1_0_1_1;road_0_1_0_0;road_0_1_0_0;road_0_1_0_1;road_0_1_0_1,rrrrGGrrrrrrGGrr
414,intersection_1_1,road_1_2_3_0;road_1_2_3_0;road_1_2_3_1;road_1_2_3_1;road_2_1_2_0;road_2_1_2_0;road_2_1_2_1;road_2_1_2_1;road_1_0_1_0;road_1_0_1_0;road_1_0_1_1;road_1_0_1_1;road_0_1_0_0;road_0_1_0_0;road_0_1_0_1;road_0_1_0_1,rrrrGGrrrrrrGGrr
415,intersection_1_1,road_1_2_3_0;road_1_2_3_0;road_1_2_3_1;road_1_2_3_1;road_2_1_2_0;road_2_1_2_0;road_2_1_2_1;road_2_1_2_1;road_1_0_1_0;road_1_0_1_0;road_1_0_1_1;road_1_0_1_1;road_0_1_0_0;road_0_1_0_0;road_0_1_0_1;road_0_1_0_1,rrrrGGrrrrrrGGrr
416,intersection_1_1,road_1_2_3_0;road_1_2_3_0;road_1_2_3_1;road_1_2_3_1;road_2_1_2_0;road_2_1_2_0;road_2_1_2_1;road_2_1_2_1;road_1_0_1_0;road_1_0_1_0;road_1_0_1_1;road_1_0_1_1;road_0_1_0_0;road_0_1_0_0;road_0_1_0_1;road_0_1_0_1,rrrrGGrrrrrrGGrr
417,intersection_1_1,road_1_2_3_0;road_1_2_3_0;road_1_2_3_1;road_1_2_3_1;road_2_1_2_0;road_2_1_2_0;road_2_1_2_1;road_2_1_2_1;road_1_0_1_0;road_1_0_1_0;road_1_0_1_1;road_1_0_1_1;road_0_1_0_0;road_0_1_0_0;road_0_1_0_1;road_0_1_0_1,rrrrGGrrrrrrGGrr
418,intersection_1_1,road_1_2_3_0;road_1_2_3_0;road_1_2_3_1;road_1_2_3_1;road_2_1_2_0;road_2_1_2_0;road_2_1_2_1;road_2_1_2_1;road_1_0_1_0;road_1_0_1_0;road_1_0_1_1;road_1_0_1_1;road_0_1_0_0;road_0_1_0_0;road_0_1_0_1;road_0_1_0_1,rrrrGGrrrrrrGGrr
419,intersection_1_1,road_1_2_3_0;road_1_2_3_0;road_1_2_3_1;road_1_2_3_1;road_2_1_2_0;road_2_1_2_0;road_2_1_2_1;road_2_1_2_1;road_1_0_1_0;road_1_0_1_0;road_1_0_1_1;road_1_0_1_1;road_0_1_0_0;road_0_1_0_0;road_0_1_0_1;road_0_1_0_1,rrrrGGrrrrrrGGrr
420,intersection_1_1,road_1_2_3_0;road_1_2_3_0;road_1_2_3_1;road_1_2_3_1;road_2_1_2_0;road_2_1_2_0;road_2_1_2_1;road_2_1_2_1;road_1_0_1_0;road_1_0_1_0;road_1_0_1_1;road_1_0_1_1;road_0_1_0_0;road_0_1_0_0;road_0_1_0_1;road_0_1_0_1,rrrrGGrrrrrrGGrr
420,intersection_1_1,road_1_2_3_0;road_1_2_3_0;road_1_2_3_1;road_1_2_3_1;road_2_1_2_0;road_2_1_2_0;road_2_1_2_1;road_2_1_2_1;road_1_0_1_0;road_1_0_1_0;road_1_0_1_1;road_1_0_1_1;road_0_1_0_0;road_0_1_0_0;road_0_1_0_1;road_0_1_0_1,rrrrGGrrrrrrGGrr
421,intersection_1_1,road_1_2_3_0;road_1_2_3_0;road_1_2_3_1;road_1_2_3_1;road_2_1_2_0;road_2_1_2_0;road_2_1_2_1;road_2_1_2_1;road_1_0_1_0;road_1_0_1_0;road_1_0_1_1;road_1_0_1_1;road_0_1_0_0;road_0_1_0_0;road_0_1_0_1;road_0_1_0_1,rrrrrrrrrrrrGGrr
422,intersection_1_1,road_1_2_3_0;road_1_2_3_0;road_1_2_3_1;road_1_2_3_1;road_2_1_2_0;road_2_1_2_0;road_2_1_2_1;road_2_1_2_1;road_1_0_1_0;road_1_0_1_0;road_1_0_1_1;road_1_0_1_1;road_0_1_0_0;road_0_1_0_0;road_0_1_0_1;road_0_1_0_1,rrrrrrrrrrrrGGrr
423,intersection_1_1,road_1_2_3_0;road_1_2_3_0;road_1_2_3_1;road_1_2_3_1;road_2_1_2_0;road_2_1_2_0;road_2_1_2_1;road_2_1_2_1;road_1_0_1_0;road_1_0_1_0;road_1_0_1_1;road_1_0_1_1;road_0_1_0_0;road_0_1_0_0;road_0_1_0_1;road_0_1_0_1,rrrrrrrrrrrrGGrr
424,intersection_1_1,road_1_2_3_0;road_1_2_3_0;road_1_2_3_1;road_1_2_3_1;road_2_1_2_0;road_2_1_2_0;road_2_1_2_1;road_2_1_2_1;road_1_0_1_0;road_1_0_1_0;road_1_0_1_1;road_1_0_1_1;road_0_1_0_0;road_0_1_0_0;road_0_1_0_1;road_0_1_0_1,rrrrrrrrrrrrGGrr
425,intersection_1_1,road_1_2_3_0;road_1_2_3_0;road_1_2_3_1;road_1_2_3_1;road_2_1_2_0;road_2_1_2_0;road_2_1_2_1;road_2_1_2_1;road_1_0_1_0;road_1_0_1_0;road_1_0_1_1;road_1_0_1_1;road_0_1_0_0;road_0_1_0_0;road_0_1_0_1;road_0_1_0_1,rrrrrrrrrrrrGGrr
426,intersection_1_1,road_1_2_3_0;road_1_2_3_0;road_1_2_3_1;road_1_2_3_1;road_2_1_2_0;road_2_1_2_0;road_2_1_2_1;road_2_1_2_1;road_1_0_1_0;road_1_0_1_0;road_1_0_1_1;road_1_0_1_1;road_0_1_0_0;road_0_1_0_0;road_0_1_0_1;road_0_1_0_1,rrrrrrrrrrrrGGGG
427,intersection_1_1,road_1_2_3_0;road_1_2_3_0;road_1_2_3_1;road_1_2_3_1;road_2_1_2_0;road_2_1_2_0;road_2_1_2_1;road_2_1_2_1;road_1_0_1_0;road_1_0_1_0;road_1_0_1_1;road_1_0_1_1;road_0_1_0_0;road_0_1_0_0;road_0_1_0_1;road_0_1_0_1,rrrrrrrrrrrrGGGG
428,intersection_1_1,road_1_2_3_0;road_1_2_3_0;road_1_2_3_1;road_1_2_3_1;road_2_1_2_0;road_2_1_2_0;road_2_1_2_1;road_2_1_2_1;road_1_0_1_0;road_1_0_1_0;road_1_0_1_1;road_1_0_1_1;road_0_1_0_0;road_0_1_0_0;road_0_1_0_1;road_0_1_0_1,rrrrrrrrrrrrGGGG
429,intersection_1_1,road_1_2_3_0;road_1_2_3_0;road_1_2_3_1;road_1_2_3_1;road_2_1_2_0;road_2_1_2_0;road_2_1_2_1;road_2_1_2_1;road_1_0_1_0;road_1_0_1_0;road_1_0_1_1;road_1_0_1_1;road_0_1_0_0;road_0_1_0_0;road_0_1_0_1;road_0_1_0_1,rrrrrrrrrrrrGGGG
430,intersection_1_1,road_1_2_3_0;road_1_2_3_0;road_1_2_3_1;road_1_2_3_1;road_2_1_2_0;road_2_1_2_0;road_2_1_2_1;road_2_1_2_1;road_1_0_1_0;road_1_0_1_0;road_1_0_1_1;road_1_0_1_1;road_0_1_0_0;road_0_1_0_0;road_0_1_0_1;road_0_1_0_1,rrrrrrrrrrrrGGGG
430,intersection_1_1,road_1_2_3_0;road_1_2_3_0;road_1_2_3_1;road_1_2_3_1;road_2_1_2_0;road_2_1_2_0;road_2_1_2_1;road_2_1_2_1;road_1_0_1_0;road_1_0_1_0;road_1_0_1_1;road_1_0_1_1;road_0_1_0_0;road_0_1_0_0;road_0_1_0_1;road_0_1_0_1,rrrrrrrrrrrrGGGG
431,intersection_1_1,road_1_2_3_0;road_1_2_3_0;road_1_2_3_1;road_1_2_3_1;road_2_1_2_0;road_2_1_2_0;road_2_1_2_1;road_2_1_2_1;road_1_0_1_0;road_1_0_1_0;road_1_0_1_1;road_1_0_1_1;road_0_1_0_0;road_0_1_0_0;road_0_1_0_1;road_0_1_0_1,rrrrrrrrrrrrrrrr
432,intersection_1_1,road_1_2_3_0;road_1_2_3_0;road_1_2_3_1;road_1_2_3_1;road_2_1_2_0;road_2_1_2_0;road_2_1_2_1;road_2_1_2_1;road_1_0_1_0;road_1_0_1_0;road_1_0_1_1;road_1_0_1_1;road_0_1_0_0;road_0_1_0_0;road_0_1_0_1;road_0_1_0_1,rrrrrrrrrrrrrrrr
433,intersection_1_1,road_1_2_3_0;road_1_2_3_0;road_1_2_3_1;road_1_2_3_1;road_2_1_2_0;road_2_1_2_0;road_2_1_2_1;road_2_1_2_1;road_1_0_1_0;road_1_0_1_0;road_1_0_1_1;road_1_0_1_1;road_0_1_0_0;road_0_1_0_0;road_0_1_0_1;road_0_1_0_1,rrrrrrrrrrrrrrrr
434,intersection_1_1,road_1_2_3_0;road_1_2_3_0;road_1_2_3_1;road_1_2_3_1;road_2_1_2_0;road_2_1_2_0;road_2_1_2_1;road_2_1_2_1;road_1_0_1_0;road_1_0_1_0;road_1_0_1_1;road_1_0_1_1;road_0_1_0_0;road_0_1_0_0;road_0_1_0_1;road_0_1_0_1,rrrrrrrrrrrrrrrr
435,intersection_1_1,road_1_2_3_0;road_1_2_3_0;road_1_2_3_1;road_1_2_3_1;road_2_1_2_0;road_2_1_2_0;road_2_1_2_1;road_2_1_2_1;road_1_0_1_0;road_1_0_1_0;road_1_0_1_1;road_1_0_1_1;road_0_1_0_0;road_0_1_0_0;road_0_1_0_1;road_0_1_0_1,rrrrrrrrrrrrrrrr
436,intersection_1_1,road_1_2_3_0;road_1_2_3_0;road_1_2_3_1;road_1_2_3_1;road_2_1_2_0;road_2_1_2_0;road_2_1_2_1;road_2_1_2_1;road_1_0_1_0;road_1_0_1_0;road_1_0_1_1;road_1_0_1_1;road_0_1_0_0;road_0_1_0_0;road_0_1_0_1;road_0_1_0_1,rrrrrrrrGGGGrrrr
437,intersection_1_1,road_1_2_3_0;road_1_2_3_0;road_1_2_3_1;road_1_2_3_1;road_2_1_2_0;road_2_1_2_0;road_2_1_2_1;road_2_1_2_1;road_1_0_1_0;road_1_0_1_0;road_1_0_1_1;road_1_0_1_1;road_0_1_0_0;road_0_1_0_0;road_0_1_0_1;road_0_1_0_1,rrrrrrrrGGGGrrrr
438,intersection_1_1,road_1_2_3_0;road_1_2_3_0;road_1_2_3_1;road_1_2_3_1;road_2_1_2_0;road_2_1_2_0;road_2_1_2_1;road_2_1_2_1;road_1_0_1_0;road_1_0_1_0;road_1_0_1_1;road_1_0_1_1;road_0_1_0_0;road_0_1_0_0;road_0_1_0_1;road_0_1_0_1,rrrrrrrrGGGGrrrr
439,intersection_1_1,road_1_2_3_0;road_1_2_3_0;road_1_2_3_1;road_1_2_3_1;road_2_1_2_0;road_2_1_2_0;road_2_1_2_1;road_2_1_2_1;road_1_0_1_0;road_1_0_1_0;road_1_0_1_1;road_1_0_1_1;road_0_1_0_0;road_0_1_0_0;road_0_1_0_1;road_0_1_0_1,rrrrrrrrGGGGrrrr
440,intersection_1_1,road_1_2_3_0;road_1_2_3_0;road_1_2_3_1;road_1_2_3_1;road_2_1_2_0;road_2_1_2_0;road_2_1_2_1;road_2_1_2_1;road_1_0_1_0;road_1_0_1_0;road_1_0_1_1;road_1_0_1_1;road_0_1_0_0;road_0_1_0_0;road_0_1_0_1;road_0_1_0_1,rrrrrrrrGGGGrrrr
440,intersection_1_1,road_1_2_3_0;road_1_2_3_0;road_1_2_3_1;road_1_2_3_1;road_2_1_2_0;road_2_1_2_0;road_2_1_2_1;road_2_1_2_1;road_1_0_1_0;road_1_0_1_0;road_1_0_1_1;road_1_0_1_1;road_0_1_0_0;road_0_1_0_0;road_0_1_0_1;road_0_1_0_1,rrrrrrrrGGGGrrrr
441,intersection_1_1,road_1_2_3_0;road_1_2_3_0;road_1_2_3_1;road_1_2_3_1;road_2_1_2_0;road_2_1_2_0;road_2_1_2_1;road_2_1_2_1;road_1_0_1_0;road_1_0_1_0;road_1_0_1_1;road_1_0_1_1;road_0_1_0_0;road_0_1_0_0;road_0_1_0_1;road_0_1_0_1,rrrrrrrrGGGGrrrr
442,intersection_1_1,road_1_2_3_0;road_1_2_3_0;road_1_2_3_1;road_1_2_3_1;road_2_1_2_0;road_2_1_2_0;road_2_1_2_1;road_2_1_2_1;road_1_0_1_0;road_1_0_1_0;road_1_0_1_1;road_1_0_1_1;road_0_1_0_0;road_0_1_0_0;road_0_1_0_1;road_0_1_0_1,rrrrrrrrGGGGrrrr
443,intersection_1_1,road_1_2_3_0;road_1_2_3_0;road_1_2_3_1;road_1_2_3_1;road_2_1_2_0;road_2_1_2_0;road_2_1_2_1;road_2_1_2_1;road_1_0_1_0;road_1_0_1_0;road_1_0_1_1;road_1_0_1_1;road_0_1_0_0;road_0_1_0_0;road_0_1_0_1;road_0_1_0_1,rrrrrrrrGGGGrrrr
444,intersection_1_1,road_1_2_3_0;road_1_2_3_0;road_1_2_3_1;road_1_2_3_1;road_2_1_2_0;road_2_1_2_0;road_2_1_2_1;road_2_1_2_1;road_1_0_1_0;road_1_0_1_0;road_1_0_1_1;road_1_0_1_1;road_0_1_0_0;road_0_1_0_0;road_0_1_0_1;road_0_1_0_1,rrrrrrrrGGGGrrrr
445,intersection_1_1,road_1_2_3_0;road_1_2_3_0;road_1_2_3_1;road_1_2_3_1;road_2_1_2_0;road_2_1_2_0;road_2_1_2_1;road_2_1_2_1;road_1_0_1_0;road_1_0_1_0;road_1_0_1_1;road_1_0_1_1;road_0_1_0_0;road_0_1_0_0;road_0_1_0_1;road_0_1_0_1,rrrrrrrrGGGGrrrr
446,intersection_1_1,road_1_2_3_0;road_1_2_3_0;road_1_2_3_1;road_1_2_3_1;road_2_1_2_0;road_2_1_2_0;road_2_1_2_1;road_2_1_2_1;road_1_0_1_0;road_1_0_1_0;road_1_0_1_1;road_1_0_1_1;road_0_1_0_0;road_0_1_0_0;road_0_1_0_1;road_0_1_0_1,rrrrrrrrGGGGrrrr
447,intersection_1_1,road_1_2_3_0;road_1_2_3_0;road_1_2_3_1;road_1_2_3_1;road_2_1_2_0;road_2_1_2_0;road_2_1_2_1;road_2_1_2_1;road_1_0_1_0;road_1_0_1_0;road_1_0_1_1;road_1_0_1_1;road_0_1_0_0;road_0_1_0_0;road_0_1_0_1;road_0_1_0_1,rrrrrrrrGGGGrrrr
448,intersection_1_1,road_1_2_3_0;road_1_2_3_0;road_1_2_3_1;road_1_2_3_1;road_2_1_2_0;road_2_1_2_0;road_2_1_2_1;road_2_1_2_1;road_1_0_1_0;road_1_0_1_0;road_1_0_1_1;road_1_0_1_1;road_0_1_0_0;road_0_1_0_0;road_0_1_0_1;road_0_1_0_1,rrrrrrrrGGGGrrrr
449,intersection_1_1,road_1_2_3_0;road_1_2_3_0;road_1_2_3_1;road_1_2_3_1;road_2_1_2_0;road_2_1_2_0;road_2_1_2_1;road_2_1_2_1;road_1_0_1_0;road_1_0_1_0;road_1_0_1_1;road_1_0_1_1;road_0_1_0_0;road_0_1_0_0;road_0_1_0_1;road_0_1_0_1,rrrrrrrrGGGGrrrr
450,intersection_1_1,road_1_2_3_0;road_1_2_3_0;road_1_2_3_1;road_1_2_3_1;road_2_1_2_0;road_2_1_2_0;road_2_1_2_1;road_2_1_2_1;road_1_0_1_0;road_1_0_1_0;road_1_0_1_1;road_1_0_1_1;road_0_1_0_0;road_0_1_0_0;road_0_1_0_1;road_0_1_0_1,rrrrrrrrGGGGrrrr
450,intersection_1_1,road_1_2_3_0;road_1_2_3_0;road_1_2_3_1;road_1_2_3_1;road_2_1_2_0;road_2_1_2_0;road_2_1_2_1;road_2_1_2_1;road_1_0_1_0;road_1_0_1_0;road_1_0_1_1;road_1_0_1_1;road_0_1_0_0;road_0_1_0_0;road_0_1_0_1;road_0_1_0_1,rrrrrrrrGGGGrrrr
451,intersection_1_1,road_1_2_3_0;road_1_2_3_0;road_1_2_3_1;road_1_2_3_1;road_2_1_2_0;road_2_1_2_0;road_2_1_2_1;road_2_1_2_1;road_1_0_1_0;road_1_0_1_0;road_1_0_1_1;road_1_0_1_1;road_0_1_0_0;road_0_1_0_0;road_0_1_0_1;road_0_1_0_1,rrrrrrrrGGGGrrrr
452,intersection_1_1,road_1_2_3_0;road_1_2_3_0;road_1_2_3_1;road_1_2_3_1;road_2_1_2_0;road_2_1_2_0;road_2_1_2_1;road_2_1_2_1;road_1_0_1_0;road_1_0_1_0;road_1_0_1_1;road_1_0_1_1;road_0_1_0_0;road_0_1_0_0;road_0_1_0_1;road_0_1_0_1,rrrrrrrrGGGGrrrr
453,intersection_1_1,road_1_2_3_0;road_1_2_3_0;road_1_2_3_1;road_1_2_3_1;road_2_1_2_0;road_2_1_2_0;road_2_1_2_1;road_2_1_2_1;road_1_0_1_0;road_1_0_1_0;road_1_0_1_1;road_1_0_1_1;road_0_1_0_0;road_0_1_0_0;road_0_1_0_1;road_0_1_0_1,rrrrrrrrGGGGrrrr
454,intersection_1_1,road_1_2_3_0;road_1_2_3_0;road_1_2_3_1;road_1_2_3_1;road_2_1_2_0;road_2_1_2_0;road_2_1_2_1;road_2_1_2_1;road_1_0_1_0;road_1_0_1_0;road_1_0_1_1;road_1_0_1_1;road_0_1_0_0;road_0_1_0_0;road_0_1_0_1;road_0_1_0_1,rrrrrrrrGGGGrrrr
455,intersection_1_1,road_1_2_3_0;road_1_2_3_0;road_1_2_3_1;road_1_2_3_1;road_2_1_2_0;road_2_1_2_0;road_2_1_2_1;road_2_1_2_1;road_1_0_1_0;road_1_0_1_0;road_1_0_1_1;road_1_0_1_1;road_0_1_0_0;road_0_1_0_0;road_0_1_0_1;road_0_1_0_1,rrrrrrrrGGGGrrrr
456,intersection_1_1,road_1_2_3_0;road_1_2_3_0;road_1_2_3_1;road_1_2_3_1;road_2_1_2_0;road_2_1_2_0;road_2_1_2_1;road_2_1_2_1;road_1_0_1_0;road_1_0_1_0;road_1_0_1_1;road_1_0_1_1;road_0_1_0_0;road_0_1_0_0;road_0_1_0_1;road_0_1_0_1,rrrrrrrrGGGGrrrr
457,intersection_1_1,road_1_2_3_0;road_1_2_3_0;road_1_2_3_1;road_1_2_3_1;road_2_1_2_0;road_2_1_2_0;road_2_1_2_1;road_2_1_2_1;road_1_0_1_0;road_1_0_1_0;road_1_0_1_1;road_1_0_1_1;road_0_1_0_0;road_0_1_0_0;road_0_1_0_1;road_0_1_0_1,rrrrrrrrGGGGrrrr
458,intersection_1_1,road_1_2_3_0;road_1_2_3_0;road_1_2_3_1;road_1_2_3_1;road_2_1_2_0;road_2_1_2_0;road_2_1_2_1;road_2_1_2_1;road_1_0_1_0;road_1_0_1_0;road_1_0_1_1;road_1_0_1_1;road_0_1_0_0;road_0_1_0_0;road_0_1_0_1;road_0_1_0_1,rrrrrrrrGGGGrrrr
459,intersection_1_1,road_1_2_3_0;road_1_2_3_0;road_1_2_3_1;road_1_2_3_1;road_2_1_2_0;road_2_1_2_0;road_2_1_2_1;road_2_1_2_1;road_1_0_1_0;road_1_0_1_0;road_1_0_1_1;road_1_0_1_1;road_0_1_0_0;road_0_1_0_0;road_0_1_0_1;road_0_1_0_1,rrrrrrrrGGGGrrrr
460,intersection_1_1,road_1_2_3_0;road_1_2_3_0;road_1_2_3_1;road_1_2_3_1;road_2_1_2_0;road_2_1_2_0;road_2_1_2_1;road_2_1_2_1;road_1_0_1_0;road_1_0_1_0;road_1_0_1_1;road_1_0_1_1;road_0_1_0_0;road_0_1_0_0;road_0_1_0_1;road_0_1_0_1,rrrrrrrrGGGGrrrr
460,intersection_1_1,road_1_2_3_0;road_1_2_3_0;road_1_2_3_1;road_1_2_3_1;road_2_1_2_0;road_2_1_2_0;road_2_1_2_1;road_2_1_2_1;road_1_0_1_0;road_1_0_1_0;road_1_0_1_1;road_1_0_1_1;road_0_1_0_0;road_0_1_0_0;road_0_1_0_1;road_0_1_0_1,rrrrrrrrGGGGrrrr
461,intersection_1_1,road_1_2_3_0;road_1_2_3_0;road_1_2_3_1;road_1_2_3_1;road_2_1_2_0;road_2_1_2_0;road_2_1_2_1;road_2_1_2_1;road_1_0_1_0;road_1_0_1_0;road_1_0_1_1;road_1_0_1_1;road_0_1_0_0;road_0_1_0_0;road_0_1_0_1;road_0_1_0_1,rrrrrrrrGGGGrrrr
462,intersection_1_1,road_1_2_3_0;road_1_2_3_0;road_1_2_3_1;road_1_2_3_1;road_2_1_2_0;road_2_1_2_0;road_2_1_2_1;road_2_1_2_1;road_1_0_1_0;road_1_0_1_0;road_1_0_1_1;road_1_0_1_1;road_0_1_0_0;road_0_1_0_0;road_0_1_0_1;road_0_1_0_1,rrrrrrrrGGGGrrrr
463,intersection_1_1,road_1_2_3_0;road_1_2_3_0;road_1_2_3_1;road_1_2_3_1;road_2_1_2_0;road_2_1_2_0;road_2_1_2_1;road_2_1_2_1;road_1_0_1_0;road_1_0_1_0;road_1_0_1_1;road_1_0_1_1;road_0_1_0_0;road_0_1_0_0;road_0_1_0_1;road_0_1_0_1,rrrrrrrrGGGGrrrr
464,intersection_1_1,road_1_2_3_0;road_1_2_3_0;road_1_2_3_1;road_1_2_3_1;road_2_1_2_0;road_2_1_2_0;road_2_1_2_1;road_2_1_2_1;road_1_0_1_0;road_1_0_1_0;road_1_0_1_1;road_1_0_1_1;road_0_1_0_0;road_0_1_0_0;road_0_1_0_1;road_0_1_0_1,rrrrrrrrGGGGrrrr
465,intersection_1_1,road_1_2_3_0;road_1_2_3_0;road_1_2_3_1;road_1_2_3_1;road_2_1_2_0;road_2_1_2_0;road_2_1_2_1;road_2_1_2_1;road_1_0_1_0;road_1_0_1_0;road_1_0_1_1;road_1_0_1_1;road_0_1_0_0;road_0_1_0_0;road_0_1_0_1;road_0_1_0_1,rrrrrrrrGGGGrrrr
466,intersection_1_1,road_1_2_3_0;road_1_2_3_0;road_1_2_3_1;road_1_2_3_1;road_2_1_2_0;road_2_1_2_0;road_2_1_2_1;road_2_1_2_1;road_1_0_1_0;road_1_0_1_0;road_1_0_1_1;road_1_0_1_1;road_0_1_0_0;road_0_1_0_0;road_0_1_0_1;road_0_1_0_1,rrrrrrrrGGGGrrrr
467,intersection_1_1,road_1_2_3_0;road_1_2_3_0;road_1_2_3_1;road_1_2_3_1;road_2_1_2_0;road_2_1_2_0;road_2_1_2_1;road_2_1_2_1;road_1_0_1_0;road_1_0_1_0;road_1_0_1_1;road_1_0_1_1;road_0_1_0_0;road_0_1_0_0;road_0_1_0_1;road_0_1_0_1,rrrrrrrrGGGGrrrr
468,intersection_1_1,road_1_2_3_0;road_1_2_3_0;road_1_2_3_1;road_1_2_3_1;road_2_1_2_0;road_2_1_2_0;road_2_1_2_1;road_2_1_2_1;road_1_0_1_0;road_1_0_1_0;road_1_0_1_1;road_1_0_1_1;road_0_1_0_0;road_0_1_0_0;road_0_1_0_1;road_0_1_0_1,rrrrrrrrGGGGrrrr
469,intersection_1_1,road_1_2_3_0;road_1_2_3_0;road_1_2_3_1;road_1_2_3_1;road_2_1_2_0;road_2_1_2_0;road_2_1_2_1;road_2_1_2_1;road_1_0_1_0;road_1_0_1_0;road_1_0_1_1;road_1_0_1_1;road_0_1_0_0;road_0_1_0_0;road_0_1_0_1;road_0_1_0_1,rrrrrrrrGGGGrrrr
470,intersection_1_1,road_1_2_3_0;road_1_2_3_0;road_1_2_3_1;road_1_2_3_1;road_2_1_2_0;road_2_1_2_0;road_2_1_2_1;road_2_1_2_1;road_1_0_1_0;road_1_0_1_0;road_1_0_1_1;road_1_0_1_1;road_0_1_0_0;road_0_1_0_0;road_0_1_0_1;road_0_1_0_1,rrrrrrrrGGGGrrrr
470,intersection_1_1,road_1_2_3_0;road_1_2_3_0;road_1_2_3_1;road_1_2_3_1;road_2_1_2_0;road_2_1_2_0;road_2_1_2_1;road_2_1_2_1;road_1_0_1_0;road_1_0_1_0;road_1_0_1_1;road_1_0_1_1;road_0_1_0_0;road_0_1_0_0;road_0_1_0_1;road_0_1_0_1,rrrrrrrrGGGGrrrr
471,intersection_1_1,road_1_2_3_0;road_1_2_3_0;road_1_2_3_1;road_1_2_3_1;road_2_1_2_0;road_2_1_2_0;road_2_1_2_1;road_2_1_2_1;road_1_0_1_0;road_1_0_1_0;road_1_0_1_1;road_1_0_1_1;road_0_1_0_0;road_0_1_0_0;road_0_1_0_1;road_0_1_0_1,rrrrrrrrGGrrrrrr
472,intersection_1_1,road_1_2_3_0;road_1_2_3_0;road_1_2_3_1;road_1_2_3_1;road_2_1_2_0;road_2_1_2_0;road_2_1_2_1;road_2_1_2_1;road_1_0_1_0;road_1_0_1_0;road_1_0_1_1;road_1_0_1_1;road_0_1_0_0;road_0_1_0_0;road_0_1_0_1;road_0_1_0_1,rrrrrrrrGGrrrrrr
473,intersection_1_1,road_1_2_3_0;road_1_2_3_0;road_1_2_3_1;road_1_2_3_1;road_2_1_2_0;road_2_1_2_0;road_2_1_2_1;road_2_1_2_1;road_1_0_1_0;road_1_0_1_0;road_1_0_1_1;road_1_0_1_1;road_0_1_0_0;road_0_1_0_0;road_0_1_0_1;road_0_1_0_1,rrrrrrrrGGrrrrrr
474,intersection_1_1,road_1_2_3_0;road_1_2_3_0;road_1_2_3_1;road_1_2_3_1;road_2_1_2_0;road_2_1_2_0;road_2_1_2_1;road_2_1_2_1;road_1_0_1_0;road_1_0_1_0;road_1_0_1_1;road_1_0_1_1;road_0_1_0_0;road_0_1_0_0;road_0_1_0_1;road_0_1_0_1,rrrrrrrrGGrrrrrr
475,intersection_1_1,road_1_2_3_0;road_1_2_3_0;road_1_2_3_1;road_1_2_3_1;road_2_1_2_0;road_2_1_2_0;road_2_1_2_1;road_2_1_2_1;road_1_0_1_0;road_1_0_1_0;road_1_0_1_1;road_1_0_1_1;road_0_1_0_0;road_0_1_0_0;road_0_1_0_1;road_0_1_0_1,rrrrrrrrGGrrrrrr
476,intersection_1_1,road_1_2_3_0;road_1_2_3_0;road_1_2_3_1;road_1_2_3_1;road_2_1_2_0;road_2_1_2_0;road_2_1_2_1;road_2_1_2_1;road_1_0_1_0;road_1_0_1_0;road_1_0_1_1;road_1_0_1_1;road_0_1_0_0;road_0_1_0_0;road_0_1_0_1;road_0_1_0_1,GGrrrrrrGGrrrrrr
477,intersection_1_1,road_1_2_3_0;road_1_2_3_0;road_1_2_3_1;road_1_2_3_1;road_2_1_2_0;road_2_1_2_0;road_2_1_2_1;road_2_1_2_1;road_1_0_1_0;road_1_0_1_0;road_1_0_1_1;road_1_0_1_1;road_0_1_0_0;road_0_1_0_0;road_0_1_0_1;road_0_1_0_1,GGrrrrrrGGrrrrrr
478,intersection_1_1,road_1_2_3_0;road_1_2_3_0;road_1_2_3_1;road_1_2_3_1;road_2_1_2_0;road_2_1_2_0;road_2_1_2_1;road_2_1_2_1;road_1_0_1_0;road_1_0_1_0;road_1_0_1_1;road_1_0_1_1;road_0_1_0_0;road_0_1_0_0;road_0_1_0_1;road_0_1_0_1,GGrrrrrrGGrrrrrr
479,intersection_1_1,road_1_2_3_0;road_1_2_3_0;road_1_2_3_1;road_1_2_3_1;road_2_1_2_0;road_2_1_2_0;road_2_1_2_1;road_2_1_2_1;road_1_0_1_0;road_1_0_1_0;road_1_0_1_1;road_1_0_1_1;road_0_1_0_0;road_0_1_0_0;road_0_1_0_1;road_0_1_0_1,GGrrrrrrGGrrrrrr
480,intersection_1_1,road_1_2_3_0;road_1_2_3_0;road_1_2_3_1;road_1_2_3_1;road_2_1_2_0;road_2_1_2_0;road_2_1_2_1;road_2_1_2_1;road_1_0_1_0;road_1_0_1_0;road_1_0_1_1;road_1_0_1_1;road_0_1_0_0;road_0_1_0_0;road_0_1_0_1;road_0_1_0_1,GGrrrrrrGGrrrrrr
480,intersection_1_1,road_1_2_3_0;road_1_2_3_0;road_1_2_3_1;road_1_2_3_1;road_2_1_2_0;road_2_1_2_0;road_2_1_2_1;road_2_1_2_1;road_1_0_1_0;road_1_0_1_0;road_1_0_1_1;road_1_0_1_1;road_0_1_0_0;road_0_1_0_0;road_0_1_0_1;road_0_1_0_1,GGrrrrrrGGrrrrrr
481,intersection_1_1,road_1_2_3_0;road_1_2_3_0;road_1_2_3_1;road_1_2_3_1;road_2_1_2_0;road_2_1_2_0;road_2_1_2_1;road_2_1_2_1;road_1_0_1_0;road_1_0_1_0;road_1_0_1_1;road_1_0_1_1;road_0_1_0_0;road_0_1_0_0;road_0_1_0_1;road_0_1_0_1,GGrrrrrrGGrrrrrr
482,intersection_1_1,road_1_2_3_0;road_1_2_3_0;road_1_2_3_1;road_1_2_3_1;road_2_1_2_0;road_2_1_2_0;road_2_1_2_1;road_2_1_2_1;road_1_0_1_0;road_1_0_1_0;road_1_0_1_1;road_1_0_1_1;road_0_1_0_0;road_0_1_0_0;road_0_1_0_1;road_0_1_0_1,GGrrrrrrGGrrrrrr
483,intersection_1_1,road_1_2_3_0;road_1_2_3_0;road_1_2_3_1;road_1_2_3_1;road_2_1_2_0;road_2_1_2_0;road_2_1_2_1;road_2_1_2_1;road_1_0_1_0;road_1_0_1_0;road_1_0_1_1;road_1_0_1_1;road_0_1_0_0;road_0_1_0_0;road_0_1_0_1;road_0_1_0_1,GGrrrrrrGGrrrrrr
484,intersection_1_1,road_1_2_3_0;road_1_2_3_0;road_1_2_3_1;road_1_2_3_1;road_2_1_2_0;road_2_1_2_0;road_2_1_2_1;road_2_1_2_1;road_1_0_1_0;road_1_0_1_0;road_1_0_1_1;road_1_0_1_1;road_0_1_0_0;road_0_1_0_0;road_0_1_0_1;road_0_1_0_1,GGrrrrrrGGrrrrrr
485,intersection_1_1,road_1_2_3_0;road_1_2_3_0;road_1_2_3_1;road_1_2_3_1;road_2_1_2_0;road_2_1_2_0;road_2_1_2_1;road_2_1_2_1;road_1_0_1_0;road_1_0_1_0;road_1_0_1_1;road_1_0_1_1;road_0_1_0_0;road_0_1_0_0;road_0_1_0_1;road_0_1_0_1,GGrrrrrrGGrrrrrr
486,intersection_1_1,road_1_2_3_0;road_1_2_3_0;road_1_2_3_1;road_1_2_3_1;road_2_1_2_0;road_2_1_2_0;road_2_1_2_1;road_2_1_2_1;road_1_0_1_0;road_1_0_1_0;road_1_0_1_1;road_1_0_1_1;road_0_1_0_0;road_0_1_0_0;road_0_1_0_1;road_0_1_0_1,GGrrrrrrGGrrrrrr
487,intersection_1_1,road_1_2_3_0;road_1_2_3_0;road_1_2_3_1;road_1_2_3_1;road_2_1_2_0;road_2_1_2_0;road_2_1_2_1;road_2_1_2_1;road_1_0_1_0;road_1_0_1_0;road_1_0_1_1;road_1_0_1_1;road_0_1_0_0;road_0_1_0_0;road_0_1_0_1;road_0_1_0_1,GGrrrrrrGGrrrrrr
488,intersection_1_1,road_1_2_3_0;road_1_2_3_0;road_1_2_3_1;road_1_2_3_1;road_2_1_2_0;road_2_1_2_0;road_2_1_2_1;road_2_1_2_1;road_1_0_1_0;road_1_0_1_0;road_1_0_1_1;road_1_0_1_1;road_0_1_0_0;road_0_1_0_0;road_0_1_0_1;road_0_1_0_1,GGrrrrrrGGrrrrrr
489,intersection_1_1,road_1_2_3_0;road_1_2_3_0;road_1_2_3_1;road_1_2_3_1;road_2_1_2_0;road_2_1_2_0;road_2_1_2_1;road_2_1_2_1;road_1_0_1_0;road_1_0_1_0;road_1_0_1_1;road_1_0_1_1;road_0_1_0_0;road_0_1_0_0;road_0_1_0_1;road_0_1_0_1,GGrrrrrrGGrrrrrr
490,intersection_1_1,road_1_2_3_0;road_1_2_3_0;road_1_2_3_1;road_1_2_3_1;road_2_1_2_0;road_2_1_2_0;road_2_1_2_1;road_2_1_2_1;road_1_0_1_0;road_1_0_1_0;road_1_0_1_1;road_1_0_1_1;road_0_1_0_0;road_0_1_0_0;road_0_1_0_1;road_0_1_0_1,GGrrrrrrGGrrrrrr
490,intersection_1_1,road_1_2_3_0;road_1_2_3_0;road_1_2_3_1;road_1_2_3_1;road_2_1_2_0;road_2_1_2_0;road_2_1_2_1;road_2_1_2_1;road_1_0_1_0;road_1_0_1_0;road_1_0_1_1;road_1_0_1_1;road_0_1_0_0;road_0_1_0_0;road_0_1_0_1;road_0_1_0_1,GGrrrrrrGGrrrrrr
491,intersection_1_1,road_1_2_3_0;road_1_2_3_0;road_1_2_3_1;road_1_2_3_1;road_2_1_2_0;road_2_1_2_0;road_2_1_2_1;road_2_1_2_1;road_1_0_1_0;road_1_0_1_0;road_1_0_1_1;road_1_0_1_1;road_0_1_0_0;road_0_1_0_0;road_0_1_0_1;road_0_1_0_1,GGrrrrrrGGrrrrrr
492,intersection_1_1,road_1_2_3_0;road_1_2_3_0;road_1_2_3_1;road_1_2_3_1;road_2_1_2_0;road_2_1_2_0;road_2_1_2_1;road_2_1_2_1;road_1_0_1_0;road_1_0_1_0;road_1_0_1_1;road_1_0_1_1;road_0_1_0_0;road_0_1_0_0;road_0_1_0_1;road_0_1_0_1,GGrrrrrrGGrrrrrr
493,intersection_1_1,road_1_2_3_0;road_1_2_3_0;road_1_2_3_1;road_1_2_3_1;road_2_1_2_0;road_2_1_2_0;road_2_1_2_1;road_2_1_2_1;road_1_0_1_0;road_1_0_1_0;road_1_0_1_1;road_1_0_1_1;road_0_1_0_0;road_0_1_0_0;road_0_1_0_1;road_0_1_0_1,GGrrrrrrGGrrrrrr
494,intersection_1_1,road_1_2_3_0;road_1_2_3_0;road_1_2_3_1;road_1_2_3_1;road_2_1_2_0;road_2_1_2_0;road_2_1_2_1;road_2_1_2_1;road_1_0_1_0;road_1_0_1_0;road_1_0_1_1;road_1_0_1_1;road_0_1_0_0;road_0_1_0_0;road_0_1_0_1;road_0_1_0_1,GGrrrrrrGGrrrrrr
495,intersection_1_1,road_1_2_3_0;road_1_2_3_0;road_1_2_3_1;road_1_2_3_1;road_2_1_2_0;road_2_1_2_0;road_2_1_2_1;road_2_1_2_1;road_1_0_1_0;road_1_0_1_0;road_1_0_1_1;road_1_0_1_1;road_0_1_0_0;road_0_1_0_0;road_0_1_0_1;road_0_1_0_1,GGrrrrrrGGrrrrrr
496,intersection_1_1,road_1_2_3_0;road_1_2_3_0;road_1_2_3_1;road_1_2_3_1;road_2_1_2_0;road_2_1_2_0;road_2_1_2_1;road_2_1_2_1;road_1_0_1_0;road_1_0_1_0;road_1_0_1_1;road_1_0_1_1;road_0_1_0_0;road_0_1_0_0;road_0_1_0_1;road_0_1_0_1,GGrrrrrrGGrrrrrr
497,intersection_1_1,road_1_2_3_0;road_1_2_3_0;road_1_2_3_1;road_1_2_3_1;road_2_1_2_0;road_2_1_2_0;road_2_1_2_1;road_2_1_2_1;road_1_0_1_0;road_1_0_1_0;road_1_0_1_1;road_1_0_1_1;road_0_1_0_0;road_0_1_0_0;road_0_1_0_1;road_0_1_0_1,GGrrrrrrGGrrrrrr
498,intersection_1_1,road_1_2_3_0;road_1_2_3_0;road_1_2_3_1;road_1_2_3_1;road_2_1_2_0;road_2_1_2_0;road_2_1_2_1;road_2_1_2_1;road_1_0_1_0;road_1_0_1_0;road_1_0_1_1;road_1_0_1_1;road_0_1_0_0;road_0_1_0_0;road_0_1_0_1;road_0_1_0_1,GGrrrrrrGGrrrrrr
499,intersection_1_1,road_1_2_3_0;road_1_2_3_0;road_1_2_3_1;road_1_2_3_1;road_2_1_2_0;road_2_1_2_0;road_2_1_2_1;road_2_1_2_1;road_1_0_1_0;road_1_0_1_0;road_1_0_1_1;road_1_0_1_1;road_0_1_0_0;road_0_1_0_0;road_0_1_0_1;road_0_1_0_1,GGrrrrrrGGrrrrrr
500,intersection_1_1,road_1_2_3_0;road_1_2_3_0;road_1_2_3_1;road_1_2_3_1;road_2_1_2_0;road_2_1_2_0;road_2_1_2_1;road_2_1_2_1;road_1_0_1_0;road_1_0_1_0;road_1_0_1_1;road_1_0_1_1;road_0_1_0_0;road_0_1_0_0;road_0_1_0_1;road_0_1_0_1,GGrrrrrrGGrrrrrr
500,intersection_1_1,road_1_2_3_0;road_1_2_3_0;road_1_2_3_1;road_1_2_3_1;road_2_1_2_0;road_2_1_2_0;road_2_1_2_1;road_2_1_2_1;road_1_0_1_0;road_1_0_1_0;road_1_0_1_1;road_1_0_1_1;road_0_1_0_0;road_0_1_0_0;road_0_1_0_1;road_0_1_0_1,GGrrrrrrGGrrrrrr
501,intersection_1_1,road_1_2_3_0;road_1_2_3_0;road_1_2_3_1;road_1_2_3_1;road_2_1_2_0;road_2_1_2_0;road_2_1_2_1;road_2_1_2_1;road_1_0_1_0;road_1_0_1_0;road_1_0_1_1;road_1_0_1_1;road_0_1_0_0;road_0_1_0_0;road_0_1_0_1;road_0_1_0_1,GGrrrrrrGGrrrrrr
502,intersection_1_1,road_1_2_3_0;road_1_2_3_0;road_1_2_3_1;road_1_2_3_1;road_2_1_2_0;road_2_1_2_0;road_2_1_2_1;road_2_1_2_1;road_1_0_1_0;road_1_0_1_0;road_1_0_1_1;road_1_0_1_1;road_0_1_0_0;road_0_1_0_0;road_0_1_0_1;road_0_1_0_1,GGrrrrrrGGrrrrrr
503,intersection_1_1,road_1_2_3_0;road_1_2_3_0;road_1_2_3_1;road_1_2_3_1;road_2_1_2_0;road_2_1_2_0;road_2_1_2_1;road_2_1_2_1;road_1_0_1_0;road_1_0_1_0;road_1_0_1_1;road_1_0_1_1;road_0_1_0_0;road_0_1_0_0;road_0_1_0_1;road_0_1_0_1,GGrrrrrrGGrrrrrr
504,intersection_1_1,road_1_2_3_0;road_1_2_3_0;road_1_2_3_1;road_1_2_3_1;road_2_1_2_0;road_2_1_2_0;road_2_1_2_1;road_2_1_2_1;road_1_0_1_0;road_1_0_1_0;road_1_0_1_1;road_1_0_1_1;road_0_1_0_0;road_0_1_0_0;road_0_1_0_1;road_0_1_0_1,GGrrrrrrGGrrrrrr
505,intersection_1_1,road_1_2_3_0;road_1_2_3_0;road_1_2_3_1;road_1_2_3_1;road_2_1_2_0;road_2_1_2_0;road_2_1_2_1;road_2_1_2_1;road_1_0_1_0;road_1_0_1_0;road_1_0_1_1;road_1_0_1_1;road_0_1_0_0;road_0_1_0_0;road_0_1_0_1;road_0_1_0_1,GGrrrrrrGGrrrrrr
506,intersection_1_1,road_1_2_3_0;road_1_2_3_0;road_1_2_3_1;road_1_2_3_1;road_2_1_2_0;road_2_1_2_0;road_2_1_2_1;road_2_1_2_1;road_1_0_1_0;road_1_0_1_0;road_1_0_1_1;road_1_0_1_1;road_0_1_0_0;road_0_1_0_0;road_0_1_0_1;road_0_1_0_1,GGrrrrrrGGrrrrrr
507,intersection_1_1,road_1_2_3_0;road_1_2_3_0;road_1_2_3_1;road_1_2_3_1;road_2_1_2_0;road_2_1_2_0;road_2_1_2_1;road_2_1_2_1;road_1_0_1_0;road_1_0_1_0;road_1_0_1_1;road_1_0_1_1;road_0_1_0_0;road_0_1_0_0;road_0_1_0_1;road_0_1_0_1,GGrrrrrrGGrrrrrr
508,intersection_1_1,road_1_2_3_0;road_1_2_3_0;road_1_2_3_1;road_1_2_3_1;road_2_1_2_0;road_2_1_2_0;road_2_1_2_1;road_2_1_2_1;road_1_0_1_0;road_1_0_1_0;road_1_0_1_1;road_1_0_1_1;road_0_1_0_0;road_0_1_0_0;road_0_1_0_1;road_0_1_0_1,GGrrrrrrGGrrrrrr
509,intersection_1_1,road_1_2_3_0;road_1_2_3_0;road_1_2_3_1;road_1_2_3_1;road_2_1_2_0;road_2_1_2_0;road_2_1_2_1;road_2_1_2_1;road_1_0_1_0;road_1_0_1_0;road_1_0_1_1;road_1_0_1_1;road_0_1_0_0;road_0_1_0_0;road_0_1_0_1;road_0_1_0_1,GGrrrrrrGGrrrrrr
510,intersection_1_1,road_1_2_3_0;road_1_2_3_0;road_1_2_3_1;road_1_2_3_1;road_2_1_2_0;road_2_1_2_0;road_2_1_2_1;road_2_1_2_1;road_1_0_1_0;road_1_0_1_0;road_1_0_1_1;road_1_0_1_1;road_0_1_0_0;road_0_1_0_0;road_0_1_0_1;road_0_1_0_1,GGrrrrrrGGrrrrrr
510,intersection_1_1,road_1_2_3_0;road_1_2_3_0;road_1_2_3_1;road_1_2_3_1;road_2_1_2_0;road_2_1_2_0;road_2_1_2_1;road_2_1_2_1;road_1_0_1_0;road_1_0_1_0;road_1_0_1_1;road_1_0_1_1;road_0_1_0_0;road_0_1_0_0;road_0_1_0_1;road_0_1_0_1,GGrrrrrrGGrrrrrr
511,intersection_1_1,road_1_2_3_0;road_1_2_3_0;road_1_2_3_1;road_1_2_3_1;road_2_1_2_0;road_2_1_2_0;road_2_1_2_1;road_2_1_2_1;road_1_0_1_0;road_1_0_1_0;road_1_0_1_1;road_1_0_1_1;road_0_1_0_0;road_0_1_0_0;road_0_1_0_1;road_0_1_0_1,GGrrrrrrGGrrrrrr
512,intersection_1_1,road_1_2_3_0;road_1_2_3_0;road_1_2_3_1;road_1_2_3_1;road_2_1_2_0;road_2_1_2_0;road_2_1_2_1;road_2_1_2_1;road_1_0_1_0;road_1_0_1_0;road_1_0_1_1;road_1_0_1_1;road_0_1_0_0;road_0_1_0_0;road_0_1_0_1;road_0_1_0_1,GGrrrrrrGGrrrrrr
513,intersection_1_1,road_1_2_3_0;road_1_2_3_0;road_1_2_3_1;road_1_2_3_1;road_2_1_2_0;road_2_1_2_0;road_2_1_2_1;road_2_1_2_1;road_1_0_1_0;road_1_0_1_0;road_1_0_1_1;road_1_0_1_1;road_0_1_0_0;road_0_1_0_0;road_0_1_0_1;road_0_1_0_1,GGrrrrrrGGrrrrrr
514,intersection_1_1,road_1_2_3_0;road_1_2_3_0;road_1_2_3_1;road_1_2_3_1;road_2_1_2_0;road_2_1_2_0;road_2_1_2_1;road_2_1_2_1;road_1_0_1_0;road_1_0_1_0;road_1_0_1_1;road_1_0_1_1;road_0_1_0_0;road_0_1_0_0;road_0_1_0_1;road_0_1_0_1,GGrrrrrrGGrrrrrr
515,intersection_1_1,road_1_2_3_0;road_1_2_3_0;road_1_2_3_1;road_1_2_3_1;road_2_1_2_0;road_2_1_2_0;road_2_1_2_1;road_2_1_2_1;road_1_0_1_0;road_1_0_1_0;road_1_0_1_1;road_1_0_1_1;road_0_1_0_0;road_0_1_0_0;road_0_1_0_1;road_0_1_0_1,GGrrrrrrGGrrrrrr
516,intersection_1_1,road_1_2_3_0;road_1_2_3_0;road_1_2_3_1;road_1_2_3_1;road_2_1_2_0;road_2_1_2_0;road_2_1_2_1;road_2_1_2_1;road_1_0_1_0;road_1_0_1_0;road_1_0_1_1;road_1_0_1_1;road_0_1_0_0;road_0_1_0_0;road_0_1_0_1;road_0_1_0_1,GGrrrrrrGGrrrrrr
517,intersection_1_1,road_1_2_3_0;road_1_2_3_0;road_1_2_3_1;road_1_2_3_1;road_2_1_2_0;road_2_1_2_0;road_2_1_2_1;road_2_1_2_1;road_1_0_1_0;road_1_0_1_0;road_1_0_1_1;road_1_0_1_1;road_0_1_0_0;road_0_1_0_0;road_0_1_0_1;road_0_1_0_1,GGrrrrrrGGrrrrrr
518,intersection_1_1,road_1_2_3_0;road_1_2_3_0;road_1_2_3_1;road_1_2_3_1;road_2_1_2_0;road_2_1_2_0;road_2_1_2_1;road_2_1_2_1;road_1_0_1_0;road_1_0_1_0;road_1_0_1_1;road_1_0_1_1;road_0_1_0_0;road_0_1_0_0;road_0_1_0_1;road_0_1_0_1,GGrrrrrrGGrrrrrr
519,intersection_1_1,road_1_2_3_0;road_1_2_3_0;road_1_2_3_1;road_1_2_3_1;road_2_1_2_0;road_2_1_2_0;road_2_1_2_1;road_2_1_2_1;road_1_0_1_0;road_1_0_1_0;road_1_0_1_1;road_1_0_1_1;road_0_1_0_0;road_0_1_0_0;road_0_1_0_1;road_0_1_0_1,GGrrrrrrGGrrrrrr
520,intersection_1_1,road_1_2_3_0;road_1_2_3_0;road_1_2_3_1;road_1_2_3_1;road_2_1_2_0;road_2_1_2_0;road_2_1_2_1;road_2_1_2_1;road_1_0_1_0;road_1_0_1_0;road_1_0_1_1;road_1_0_1_1;road_0_1_0_0;road_0_1_0_0;road_0_1_0_1;road_0_1_0_1,GGrrrrrrGGrrrrrr
520,intersection_1_1,road_1_2_3_0;road_1_2_3_0;road_1_2_3_1;road_1_2_3_1;road_2_1_2_0;road_2_1_2_0;road_2_1_2_1;road_2_1_2_1;road_1_0_1_0;road_1_0_1_0;road_1_0_1_1;road_1_0_1_1;road_0_1_0_0;road_0_1_0_0;road_0_1_0_1;road_0_1_0_1,GGrrrrrrGGrrrrrr
521,intersection_1_1,road_1_2_3_0;road_1_2_3_0;road_1_2_3_1;road_1_2_3_1;road_2_1_2_0;road_2_1_2_0;road_2_1_2_1;road_2_1_2_1;road_1_0_1_0;road_1_0_1_0;road_1_0_1_1;road_1_0_1_1;road_0_1_0_0;road_0_1_0_0;road_0_1_0_1;road_0_1_0_1,GGrrrrrrGGrrrrrr
522,intersection_1_1,road_1_2_3_0;road_1_2_3_0;road_1_2_3_1;road_1_2_3_1;road_2_1_2_0;road_2_1_2_0;road_2_1_2_1;road_2_1_2_1;road_1_0_1_0;road_1_0_1_0;road_1_0_1_1;road_1_0_1_1;road_0_1_0_0;road_0_1_0_0;road_0_1_0_1;road_0_1_0_1,GGrrrrrrGGrrrrrr
523,intersection_1_1,road_1_2_3_0;road_1_2_3_0;road_1_2_3_1;road_1_2_3_1;road_2_1_2_0;road_2_1_2_0;road_2_1_2_1;road_2_1_2_1;road_1_0_1_0;road_1_0_1_0;road_1_0_1_1;road_1_0_1_1;road_0_1_0_0;road_0_1_0_0;road_0_1_0_1;road_0_1_0_1,GGrrrrrrGGrrrrrr
524,intersection_1_1,road_1_2_3_0;road_1_2_3_0;road_1_2_3_1;road_1_2_3_1;road_2_1_2_0;road_2_1_2_0;road_2_1_2_1;road_2_1_2_1;road_1_0_1_0;road_1_0_1_0;road_1_0_1_1;road_1_0_1_1;road_0_1_0_0;road_0_1_0_0;road_0_1_0_1;road_0_1_0_1,GGrrrrrrGGrrrrrr
525,intersection_1_1,road_1_2_3_0;road_1_2_3_0;road_1_2_3_1;road_1_2_3_1;road_2_1_2_0;road_2_1_2_0;road_2_1_2_1;road_2_1_2_1;road_1_0_1_0;road_1_0_1_0;road_1_0_1_1;road_1_0_1_1;road_0_1_0_0;road_0_1_0_0;road_0_1_0_1;road_0_1_0_1,GGrrrrrrGGrrrrrr
526,intersection_1_1,road_1_2_3_0;road_1_2_3_0;road_1_2_3_1;road_1_2_3_1;road_2_1_2_0;road_2_1_2_0;road_2_1_2_1;road_2_1_2_1;road_1_0_1_0;road_1_0_1_0;road_1_0_1_1;road_1_0_1_1;road_0_1_0_0;road_0_1_0_0;road_0_1_0_1;road_0_1_0_1,GGrrrrrrGGrrrrrr
527,intersection_1_1,road_1_2_3_0;road_1_2_3_0;road_1_2_3_1;road_1_2_3_1;road_2_1_2_0;road_2_1_2_0;road_2_1_2_1;road_2_1_2_1;road_1_0_1_0;road_1_0_1_0;road_1_0_1_1;road_1_0_1_1;road_0_1_0_0;road_0_1_0_0;road_0_1_0_1;road_0_1_0_1,GGrrrrrrGGrrrrrr
528,intersection_1_1,road_1_2_3_0;road_1_2_3_0;road_1_2_3_1;road_1_2_3_1;road_2_1_2_0;road_2_1_2_0;road_2_1_2_1;road_2_1_2_1;road_1_0_1_0;road_1_0_1_0;road_1_0_1_1;road_1_0_1_1;road_0_1_0_0;road_0_1_0_0;road_0_1_0_1;road_0_1_0_1,GGrrrrrrGGrrrrrr
529,intersection_1_1,road_1_2_3_0;road_1_2_3_0;road_1_2_3_1;road_1_2_3_1;road_2_1_2_0;road_2_1_2_0;road_2_1_2_1;road_2_1_2_1;road_1_0_1_0;road_1_0_1_0;road_1_0_1_1;road_1_0_1_1;road_0_1_0_0;road_0_1_0_0;road_0_1_0_1;road_0_1_0_1,GGrrrrrrGGrrrrrr
530,intersection_1_1,road_1_2_3_0;road_1_2_3_0;road_1_2_3_1;road_1_2_3_1;road_2_1_2_0;road_2_1_2_0;road_2_1_2_1;road_2_1_2_1;road_1_0_1_0;road_1_0_1_0;road_1_0_1_1;road_1_0_1_1;road_0_1_0_0;road_0_1_0_0;road_0_1_0_1;road_0_1_0_1,GGrrrrrrGGrrrrrr
530,intersection_1_1,road_1_2_3_0;road_1_2_3_0;road_1_2_3_1;road_1_2_3_1;road_2_1_2_0;road_2_1_2_0;road_2_1_2_1;road_2_1_2_1;road_1_0_1_0;road_1_0_1_0;road_1_0_1_1;road_1_0_1_1;road_0_1_0_0;road_0_1_0_0;road_0_1_0_1;road_0_1_0_1,GGrrrrrrGGrrrrrr
531,intersection_1_1,road_1_2_3_0;road_1_2_3_0;road_1_2_3_1;road_1_2_3_1;road_2_1_2_0;road_2_1_2_0;road_2_1_2_1;road_2_1_2_1;road_1_0_1_0;road_1_0_1_0;road_1_0_1_1;road_1_0_1_1;road_0_1_0_0;road_0_1_0_0;road_0_1_0_1;road_0_1_0_1,GGrrrrrrGGrrrrrr
532,intersection_1_1,road_1_2_3_0;road_1_2_3_0;road_1_2_3_1;road_1_2_3_1;road_2_1_2_0;road_2_1_2_0;road_2_1_2_1;road_2_1_2_1;road_1_0_1_0;road_1_0_1_0;road_1_0_1_1;road_1_0_1_1;road_0_1_0_0;road_0_1_0_0;road_0_1_0_1;road_0_1_0_1,GGrrrrrrGGrrrrrr
533,intersection_1_1,road_1_2_3_0;road_1_2_3_0;road_1_2_3_1;road_1_2_3_1;road_2_1_2_0;road_2_1_2_0;road_2_1_2_1;road_2_1_2_1;road_1_0_1_0;road_1_0_1_0;road_1_0_1_1;road_1_0_1_1;road_0_1_0_0;road_0_1_0_0;road_0_1_0_1;road_0_1_0_1,GGrrrrrrGGrrrrrr
534,intersection_1_1,road_1_2_3_0;road_1_2_3_0;road_1_2_3_1;road_1_2_3_1;road_2_1_2_0;road_2_1_2_0;road_2_1_2_1;road_2_1_2_1;road_1_0_1_0;road_1_0_1_0;road_1_0_1_1;road_1_0_1_1;road_0_1_0_0;road_0_1_0_0;road_0_1_0_1;road_0_1_0_1,GGrrrrrrGGrrrrrr
535,intersection_1_1,road_1_2_3_0;road_1_2_3_0;road_1_2_3_1;road_1_2_3_1;road_2_1_2_0;road_2_1_2_0;road_2_1_2_1;road_2_1_2_1;road_1_0_1_0;road_1_0_1_0;road_1_0_1_1;road_1_0_1_1;road_0_1_0_0;road_0_1_0_0;road_0_1_0_1;road_0_1_0_1,GGrrrrrrGGrrrrrr
536,intersection_1_1,road_1_2_3_0;road_1_2_3_0;road_1_2_3_1;road_1_2_3_1;road_2_1_2_0;road_2_1_2_0;road_2_1_2_1;road_2_1_2_1;road_1_0_1_0;road_1_0_1_0;road_1_0_1_1;road_1_0_1_1;road_0_1_0_0;road_0_1_0_0;road_0_1_0_1;road_0_1_0_1,GGrrrrrrGGrrrrrr
537,intersection_1_1,road_1_2_3_0;road_1_2_3_0;road_1_2_3_1;road_1_2_3_1;road_2_1_2_0;road_2_1_2_0;road_2_1_2_1;road_2_1_2_1;road_1_0_1_0;road_1_0_1_0;road_1_0_1_1;road_1_0_1_1;road_0_1_0_0;road_0_1_0_0;road_0_1_0_1;road_0_1_0_1,GGrrrrrrGGrrrrrr
538,intersection_1_1,road_1_2_3_0;road_1_2_3_0;road_1_2_3_1;road_1_2_3_1;road_2_1_2_0;road_2_1_2_0;road_2_1_2_1;road_2_1_2_1;road_1_0_1_0;road_1_0_1_0;road_1_0_1_1;road_1_0_1_1;road_0_1_0_0;road_0_1_0_0;road_0_1_0_1;road_0_1_0_1,GGrrrrrrGGrrrrrr
539,intersection_1_1,road_1_2_3_0;road_1_2_3_0;road_1_2_3_1;road_1_2_3_1;road_2_1_2_0;road_2_1_2_0;road_2_1_2_1;road_2_1_2_1;road_1_0_1_0;road_1_0_1_0;road_1_0_1_1;road_1_0_1_1;road_0_1_0_0;road_0_1_0_0;road_0_1_0_1;road_0_1_0_1,GGrrrrrrGGrrrrrr
540,intersection_1_1,road_1_2_3_0;road_1_2_3_0;road_1_2_3_1;road_1_2_3_1;road_2_1_2_0;road_2_1_2_0;road_2_1_2_1;road_2_1_2_1;road_1_0_1_0;road_1_0_1_0;road_1_0_1_1;road_1_0_1_1;road_0_1_0_0;road_0_1_0_0;road_0_1_0_1;road_0_1_0_1,GGrrrrrrGGrrrrrr
540,intersection_1_1,road_1_2_3_0;road_1_2_3_0;road_1_2_3_1;road_1_2_3_1;road_2_1_2_0;road_2_1_2_0;road_2_1_2_1;road_2_1_2_1;road_1_0_1_0;road_1_0_1_0;road_1_0_1_1;road_1_0_1_1;road_0_1_0_0;road_0_1_0_0;road_0_1_0_1;road_0_1_0_1,GGrrrrrrGGrrrrrr
541,intersection_1_1,road_1_2_3_0;road_1_2_3_0;road_1_2_3_1;road_1_2_3_1;road_2_1_2_0;road_2_1_2_0;road_2_1_2_1;road_2_1_2_1;road_1_0_1_0;road_1_0_1_0;road_1_0_1_1;road_1_0_1_1;road_0_1_0_0;road_0_1_0_0;road_0_1_0_1;road_0_1_0_1,GGrrrrrrrrrrrrrr
542,intersection_1_1,road_1_2_3_0;road_1_2_3_0;road_1_2_3_1;road_1_2_3_1;road_2_1_2_0;road_2_1_2_0;road_2_1_2_1;road_2_1_2_1;road_1_0_1_0;road_1_0_1_0;road_1_0_1_1;road_1_0_1_1;road_0_1_0_0;road_0_1_0_0;road_0_1_0_1;road_0_1_0_1,GGrrrrrrrrrrrrrr
543,intersection_1_1,road_1_2_3_0;road_1_2_3_0;road_1_2_3_1;road_1_2_3_1;road_2_1_2_0;road_2_1_2_0;road_2_1_2_1;road_2_1_2_1;road_1_0_1_0;road_1_0_1_0;road_1_0_1_1;road_1_0_1_1;road_0_1_0_0;road_0_1_0_0;road_0_1_0_1;road_0_1_0_1,GGrrrrrrrrrrrrrr
544,intersection_1_1,road_1_2_3_0;road_1_2_3_0;road_1_2_3_1;road_1_2_3_1;road_2_1_2_0;road_2_1_2_0;road_2_1_2_1;road_2_1_2_1;road_1_0_1_0;road_1_0_1_0;road_1_0_1_1;road_1_0_1_1;road_0_1_0_0;road_0_1_0_0;road_0_1_0_1;road_0_1_0_1,GGrrrrrrrrrrrrrr
545,intersection_1_1,road_1_2_3_0;road_1_2_3_0;road_1_2_3_1;road_1_2_3_1;road_2_1_2_0;road_2_1_2_0;road_2_1_2_1;road_2_1_2_1;road_1_0_1_0;road_1_0_1_0;road_1_0_1_1;road_1_0_1_1;road_0_1_0_0;road_0_1_0_0;road_0_1_0_1;road_0_1_0_1,GGrrrrrrrrrrrrrr
546,intersection_1_1,road_1_2_3_0;road_1_2_3_0;road_1_2_3_1;road_1_2_3_1;road_2_1_2_0;road_2_1_2_0;road_2_1_2_1;road_2_1_2_1;road_1_0_1_0;road_1_0_1_0;road_1_0_1_1;road_1_0_1_1;road_0_1_0_0;road_0_1_0_0;road_0_1_0_1;road_0_1_0_1,GGGGrrrrrrrrrrrr
547,intersection_1_1,road_1_2_3_0;road_1_2_3_0;road_1_2_3_1;road_1_2_3_1;road_2_1_2_0;road_2_1_2_0;road_2_1_2_1;road_2_1_2_1;road_1_0_1_0;road_1_0_1_0;road_1_0_1_1;road_1_0_1_1;road_0_1_0_0;road_0_1_0_0;road_0_1_0_1;road_0_1_0_1,GGGGrrrrrrrrrrrr
548,intersection_1_1,road_1_2_3_0;road_1_2_3_0;road_1_2_3_1;road_1_2_3_1;road_2_1_2_0;road_2_1_2_0;road_2_1_2_1;road_2_1_2_1;road_1_0_1_0;road_1_0_1_0;road_1_0_1_1;road_1_0_1_1;road_0_1_0_0;road_0_1_0_0;road_0_1_0_1;road_0_1_0_1,GGGGrrrrrrrrrrrr
549,intersection_1_1,road_1_2_3_0;road_1_2_3_0;road_1_2_3_1;road_1_2_3_1;road_2_1_2_0;road_2_1_2_0;road_2_1_2_1;road_2_1_2_1;road_1_0_1_0;road_1_0_1_0;road_1_0_1_1;road_1_0_1_1;road_0_1_0_0;road_0_1_0_0;road_0_1_0_1;road_0_1_0_1,GGGGrrrrrrrrrrrr
550,intersection_1_1,road_1_2_3_0;road_1_2_3_0;road_1_2_3_1;road_1_2_3_1;road_2_1_2_0;road_2_1_2_0;road_2_1_2_1;road_2_1_2_1;road_1_0_1_0;road_1_0_1_0;road_1_0_1_1;road_1_0_1_1;road_0_1_0_0;road_0_1_0_0;road_0_1_0_1;road_0_1_0_1,GGGGrrrrrrrrrrrr
550,intersection_1_1,road_1_2_3_0;road_1_2_3_0;road_1_2_3_1;road_1_2_3_1;road_2_1_2_0;road_2_1_2_0;road_2_1_2_1;road_2_1_2_1;road_1_0_1_0;road_1_0_1_0;road_1_0_1_1;road_1_0_1_1;road_0_1_0_0;road_0_1_0_0;road_0_1_0_1;road_0_1_0_1,GGGGrrrrrrrrrrrr
551,intersection_1_1,road_1_2_3_0;road_1_2_3_0;road_1_2_3_1;road_1_2_3_1;road_2_1_2_0;road_2_1_2_0;road_2_1_2_1;road_2_1_2_1;road_1_0_1_0;road_1_0_1_0;road_1_0_1_1;road_1_0_1_1;road_0_1_0_0;road_0_1_0_0;road_0_1_0_1;road_0_1_0_1,GGGGrrrrrrrrrrrr
552,intersection_1_1,road_1_2_3_0;road_1_2_3_0;road_1_2_3_1;road_1_2_3_1;road_2_1_2_0;road_2_1_2_0;road_2_1_2_1;road_2_1_2_1;road_1_0_1_0;road_1_0_1_0;road_1_0_1_1;road_1_0_1_1;road_0_1_0_0;road_0_1_0_0;road_0_1_0_1;road_0_1_0_1,GGGGrrrrrrrrrrrr
553,intersection_1_1,road_1_2_3_0;road_1_2_3_0;road_1_2_3_1;road_1_2_3_1;road_2_1_2_0;road_2_1_2_0;road_2_1_2_1;road_2_1_2_1;road_1_0_1_0;road_1_0_1_0;road_1_0_1_1;road_1_0_1_1;road_0_1_0_0;road_0_1_0_0;road_0_1_0_1;road_0_1_0_1,GGGGrrrrrrrrrrrr
554,intersection_1_1,road_1_2_3_0;road_1_2_3_0;road_1_2_3_1;road_1_2_3_1;road_2_1_2_0;road_2_1_2_0;road_2_1_2_1;road_2_1_2_1;road_1_0_1_0;road_1_0_1_0;road_1_0_1_1;road_1_0_1_1;road_0_1_0_0;road_0_1_0_0;road_0_1_0_1;road_0_1_0_1,GGGGrrrrrrrrrrrr
555,intersection_1_1,road_1_2_3_0;road_1_2_3_0;road_1_2_3_1;road_1_2_3_1;road_2_1_2_0;road_2_1_2_0;road_2_1_2_1;road_2_1_2_1;road_1_0_1_0;road_1_0_1_0;road_1_0_1_1;road_1_0_1_1;road_0_1_0_0;road_0_1_0_0;road_0_1_0_1;road_0_1_0_1,GGGGrrrrrrrrrrrr
556,intersection_1_1,road_1_2_3_0;road_1_2_3_0;road_1_2_3_1;road_1_2_3_1;road_2_1_2_0;road_2_1_2_0;road_2_1_2_1;road_2_1_2_1;road_1_0_1_0;road_1_0_1_0;road_1_0_1_1;road_1_0_1_1;road_0_1_0_0;road_0_1_0_0;road_0_1_0_1;road_0_1_0_1,GGGGrrrrrrrrrrrr
557,intersection_1_1,road_1_2_3_0;road_1_2_3_0;road_1_2_3_1;road_1_2_3_1;road_2_1_2_0;road_2_1_2_0;road_2_1_2_1;road_2_1_2_1;road_1_0_1_0;road_1_0_1_0;road_1_0_1_1;road_1_0_1_1;road_0_1_0_0;road_0_1_0_0;road_0_1_0_1;road_0_1_0_1,GGGGrrrrrrrrrrrr
558,intersection_1_1,road_1_2_3_0;road_1_2_3_0;road_1_2_3_1;road_1_2_3_1;road_2_1_2_0;road_2_1_2_0;road_2_1_2_1;road_2_1_2_1;road_1_0_1_0;road_1_0_1_0;road_1_0_1_1;road_1_0_1_1;road_0_1_0_0;road_0_1_0_0;road_0_1_0_1;road_0_1_0_1,GGGGrrrrrrrrrrrr
559,intersection_1_1,road_1_2_3_0;road_1_2_3_0;road_1_2_3_1;road_1_2_3_1;road_2_1_2_0;road_2_1_2_0;road_2_1_2_1;road_2_1_2_1;road_1_0_1_0;road_1_0_1_0;road_1_0_1_1;road_1_0_1_1;road_0_1_0_0;road_0_1_0_0;road_0_1_0_1;road_0_1_0_1,GGGGrrrrrrrrrrrr
560,intersection_1_1,road_1_2_3_0;road_1_2_3_0;road_1_2_3_1;road_1_2_3_1;road_2_1_2_0;road_2_1_2_0;road_2_1_2_1;road_2_1_2_1;road_1_0_1_0;road_1_0_1_0;road_1_0_1_1;road_1_0_1_1;road_0_1_0_0;road_0_1_0_0;road_0_1_0_1;road_0_1_0_1,GGGGrrrrrrrrrrrr
560,intersection_1_1,road_1_2_3_0;road_1_2_3_0;road_1_2_3_1;road_1_2_3_1;road_2_1_2_0;road_2_1_2_0;road_2_1_2_1;road_2_1_2_1;road_1_0_1_0;road_1_0_1_0;road_1_0_1_1;road_1_0_1_1;road_0_1_0_0;road_0_1_0_0;road_0_1_0_1;road_0_1_0_1,GGGGrrrrrrrrrrrr
561,intersection_1_1,road_1_2_3_0;road_1_2_3_0;road_1_2_3_1;road_1_2_3_1;road_2_1_2_0;road_2_1_2_0;road_2_1_2_1;road_2_1_2_1;road_1_0_1_0;road_1_0_1_0;road_1_0_1_1;road_1_0_1_1;road_0_1_0_0;road_0_1_0_0;road_0_1_0_1;road_0_1_0_1,rrrrrrrrrrrrrrrr
562,intersection_1_1,road_1_2_3_0;road_1_2_3_0;road_1_2_3_1;road_1_2_3_1;road_2_1_2_0;road_2_1_2_0;road_2_1_2_1;road_2_1_2_1;road_1_0_1_0;road_1_0_1_0;road_1_0_1_1;road_1_0_1_1;road_0_1_0_0;road_0_1_0_0;road_0_1_0_1;road_0_1_0_1,rrrrrrrrrrrrrrrr
563,intersection_1_1,road_1_2_3_0;road_1_2_3_0;road_1_2_3_1;road_1_2_3_1;road_2_1_2_0;road_2_1_2_0;road_2_1_2_1;road_2_1_2_1;road_1_0_1_0;road_1_0_1_0;road_1_0_1_1;road_1_0_1_1;road_0_1_0_0;road_0_1_0_0;road_0_1_0_1;road_0_1_0_1,rrrrrrrrrrrrrrrr
564,intersection_1_1,road_1_2_3_0;road_1_2_3_0;road_1_2_3_1;road_1_2_3_1;road_2_1_2_0;road_2_1_2_0;road_2_1_2_1;road_2_1_2_1;road_1_0_1_0;road_1_0_1_0;road_1_0_1_1;road_1_0_1_1;road_0_1_0_0;road_0_1_0_0;road_0_1_0_1;road_0_1_0_1,rrrrrrrrrrrrrrrr
565,intersection_1_1,road_1_2_3_0;road_1_2_3_0;road_1_2_3_1;road_1_2_3_1;road_2_1_2_0;road_2_1_2_0;road_2_1_2_1;road_2_1_2_1;road_1_0_1_0;road_1_0_1_0;road_1_0_1_1;road_1_0_1_1;road_0_1_0_0;road_0_1_0_0;road_0_1_0_1;road_0_1_0_1,rrrrrrrrrrrrrrrr
566,intersection_1_1,road_1_2_3_0;road_1_2_3_0;road_1_2_3_1;road_1_2_3_1;road_2_1_2_0;road_2_1_2_0;road_2_1_2_1;road_2_1_2_1;road_1_0_1_0;road_1_0_1_0;road_1_0_1_1;road_1_0_1_1;road_0_1_0_0;road_0_1_0_0;road_0_1_0_1;road_0_1_0_1,rrrrGGrrrrrrGGrr
567,intersection_1_1,road_1_2_3_0;road_1_2_3_0;road_1_2_3_1;road_1_2_3_1;road_2_1_2_0;road_2_1_2_0;road_2_1_2_1;road_2_1_2_1;road_1_0_1_0;road_1_0_1_0;road_1_0_1_1;road_1_0_1_1;road_0_1_0_0;road_0_1_0_0;road_0_1_0_1;road_0_1_0_1,rrrrGGrrrrrrGGrr
568,intersection_1_1,road_1_2_3_0;road_1_2_3_0;road_1_2_3_1;road_1_2_3_1;road_2_1_2_0;road_2_1_2_0;road_2_1_2_1;road_2_1_2_1;road_1_0_1_0;road_1_0_1_0;road_1_0_1_1;road_1_0_1_1;road_0_1_0_0;road_0_1_0_0;road_0_1_0_1;road_0_1_0_1,rrrrGGrrrrrrGGrr
569,intersection_1_1,road_1_2_3_0;road_1_2_3_0;road_1_2_3_1;road_1_2_3_1;road_2_1_2_0;road_2_1_2_0;road_2_1_2_1;road_2_1_2_1;road_1_0_1_0;road_1_0_1_0;road_1_0_1_1;road_1_0_1_1;road_0_1_0_0;road_0_1_0_0;road_0_1_0_1;road_0_1_0_1,rrrrGGrrrrrrGGrr
570,intersection_1_1,road_1_2_3_0;road_1_2_3_0;road_1_2_3_1;road_1_2_3_1;road_2_1_2_0;road_2_1_2_0;road_2_1_2_1;road_2_1_2_1;road_1_0_1_0;road_1_0_1_0;road_1_0_1_1;road_1_0_1_1;road_0_1_0_0;road_0_1_0_0;road_0_1_0_1;road_0_1_0_1,rrrrGGrrrrrrGGrr
570,intersection_1_1,road_1_2_3_0;road_1_2_3_0;road_1_2_3_1;road_1_2_3_1;road_2_1_2_0;road_2_1_2_0;road_2_1_2_1;road_2_1_2_1;road_1_0_1_0;road_1_0_1_0;road_1_0_1_1;road_1_0_1_1;road_0_1_0_0;road_0_1_0_0;road_0_1_0_1;road_0_1_0_1,rrrrGGrrrrrrGGrr
571,intersection_1_1,road_1_2_3_0;road_1_2_3_0;road_1_2_3_1;road_1_2_3_1;road_2_1_2_0;road_2_1_2_0;road_2_1_2_1;road_2_1_2_1;road_1_0_1_0;road_1_0_1_0;road_1_0_1_1;road_1_0_1_1;road_0_1_0_0;road_0_1_0_0;road_0_1_0_1;road_0_1_0_1,rrrrGGrrrrrrGGrr
572,intersection_1_1,road_1_2_3_0;road_1_2_3_0;road_1_2_3_1;road_1_2_3_1;road_2_1_2_0;road_2_1_2_0;road_2_1_2_1;road_2_1_2_1;road_1_0_1_0;road_1_0_1_0;road_1_0_1_1;road_1_0_1_1;road_0_1_0_0;road_0_1_0_0;road_0_1_0_1;road_0_1_0_1,rrrrGGrrrrrrGGrr
573,intersection_1_1,road_1_2_3_0;road_1_2_3_0;road_1_2_3_1;road_1_2_3_1;road_2_1_2_0;road_2_1_2_0;road_2_1_2_1;road_2_1_2_1;road_1_0_1_0;road_1_0_1_0;road_1_0_1_1;road_1_0_1_1;road_0_1_0_0;road_0_1_0_0;road_0_1_0_1;road_0_1_0_1,rrrrGGrrrrrrGGrr
574,intersection_1_1,road_1_2_3_0;road_1_2_3_0;road_1_2_3_1;road_1_2_3_1;road_2_1_2_0;road_2_1_2_0;road_2_1_2_1;road_2_1_2_1;road_1_0_1_0;road_1_0_1_0;road_1_0_1_1;road_1_0_1_1;road_0_1_0_0;road_0_1_0_0;road_0_1_0_1;road_0_1_0_1,rrrrGGrrrrrrGGrr
575,intersection_1_1,road_1_2_3_0;road_1_2_3_0;road_1_2_3_1;road_1_2_3_1;road_2_1_2_0;road_2_1_2_0;road_2_1_2_1;road_2_1_2_1;road_1_0_1_0;road_1_0_1_0;road_1_0_1_1;road_1_0_1_1;road_0_1_0_0;road_0_1_0_0;road_0_1_0_1;road_0_1_0_1,rrrrGGrrrrrrGGrr
576,intersection_1_1,road_1_2_3_0;road_1_2_3_0;road_1_2_3_1;road_1_2_3_1;road_2_1_2_0;road_2_1_2_0;road_2_1_2_1;road_2_1_2_1;road_1_0_1_0;road_1_0_1_0;road_1_0_1_1;road_1_0_1_1;road_0_1_0_0;road_0_1_0_0;road_0_1_0_1;road_0_1_0_1,rrrrGGrrrrrrGGrr
577,intersection_1_1,road_1_2_3_0;road_1_2_3_0;road_1_2_3_1;road_1_2_3_1;road_2_1_2_0;road_2_1_2_0;road_2_1_2_1;road_2_1_2_1;road_1_0_1_0;road_1_0_1_0;road_1_0_1_1;road_1_0_1_1;road_0_1_0_0;road_0_1_0_0;road_0_1_0_1;road_0_1_0_1,rrrrGGrrrrrrGGrr
578,intersection_1_1,road_1_2_3_0;road_1_2_3_0;road_1_2_3_1;road_1_2_3_1;road_2_1_2_0;road_2_1_2_0;road_2_1_2_1;road_2_1_2_1;road_1_0_1_0;road_1_0_1_0;road_1_0_1_1;road_1_0_1_1;road_0_1_0_0;road_0_1_0_0;road_0_1_0_1;road_0_1_0_1,rrrrGGrrrrrrGGrr
579,intersection_1_1,road_1_2_3_0;road_1_2_3_0;road_1_2_3_1;road_1_2_3_1;road_2_1_2_0;road_2_1_2_0;road_2_1_2_1;road_2_1_2_1;road_1_0_1_0;road_1_0_1_0;road_1_0_1_1;road_1_0_1_1;road_0_1_0_0;road_0_1_0_0;road_0_1_0_1;road_0_1_0_1,rrrrGGrrrrrrGGrr
580,intersection_1_1,road_1_2_3_0;road_1_2_3_0;road_1_2_3_1;road_1_2_3_1;road_2_1_2_0;road_2_1_2_0;road_2_1_2_1;road_2_1_2_1;road_1_0_1_0;road_1_0_1_0;road_1_0_1_1;road_1_0_1_1;road_0_1_0_0;road_0_1_0_0;road_0_1_0_1;road_0_1_0_1,rrrrGGrrrrrrGGrr
580,intersection_1_1,road_1_2_3_0;road_1_2_3_0;road_1_2_3_1;road_1_2_3_1;road_2_1_2_0;road_2_1_2_0;road_2_1_2_1;road_2_1_2_1;road_1_0_1_0;road_1_0_1_0;road_1_0_1_1;road_1_0_1_1;road_0_1_0_0;road_0_1_0_0;road_0_1_0_1;road_0_1_0_1,rrrrGGrrrrrrGGrr
581,intersection_1_1,road_1_2_3_0;road_1_2_3_0;road_1_2_3_1;road_1_2_3_1;road_2_1_2_0;road_2_1_2_0;road_2_1_2_1;road_2_1_2_1;road_1_0_1_0;road_1_0_1_0;road_1_0_1_1;road_1_0_1_1;road_0_1_0_0;road_0_1_0_0;road_0_1_0_1;road_0_1_0_1,rrrrGGrrrrrrGGrr
582,intersection_1_1,road_1_2_3_0;road_1_2_3_0;road_1_2_3_1;road_1_2_3_1;road_2_1_2_0;road_2_1_2_0;road_2_1_2_1;road_2_1_2_1;road_1_0_1_0;road_1_0_1_0;road_1_0_1_1;road_1_0_1_1;road_0_1_0_0;road_0_1_0_0;road_0_1_0_1;road_0_1_0_1,rrrrGGrrrrrrGGrr
583,intersection_1_1,road_1_2_3_0;road_1_2_3_0;road_1_2_3_1;road_1_2_3_1;road_2_1_2_0;road_2_1_2_0;road_2_1_2_1;road_2_1_2_1;road_1_0_1_0;road_1_0_1_0;road_1_0_1_1;road_1_0_1_1;road_0_1_0_0;road_0_1_0_0;road_0_1_0_1;road_0_1_0_1,rrrrGGrrrrrrGGrr
584,intersection_1_1,road_1_2_3_0;road_1_2_3_0;road_1_2_3_1;road_1_2_3_1;road_2_1_2_0;road_2_1_2_0;road_2_1_2_1;road_2_1_2_1;road_1_0_1_0;road_1_0_1_0;road_1_0_1_1;road_1_0_1_1;road_0_1_0_0;road_0_1_0_0;road_0_1_0_1;road_0_1_0_1,rrrrGGrrrrrrGGrr
585,intersection_1_1,road_1_2_3_0;road_1_2_3_0;road_1_2_3_1;road_1_2_3_1;road_2_1_2_0;road_2_1_2_0;road_2_1_2_1;road_2_1_2_1;road_1_0_1_0;road_1_0_1_0;road_1_0_1_1;road_1_0_1_1;road_0_1_0_0;road_0_1_0_0;road_0_1_0_1;road_0_1_0_1,rrrrGGrrrrrrGGrr
586,intersection_1_1,road_1_2_3_0;road_1_2_3_0;road_1_2_3_1;road_1_2_3_1;road_2_1_2_0;road_2_1_2_0;road_2_1_2_1;road_2_1_2_1;road_1_0_1_0;road_1_0_1_0;road_1_0_1_1;road_1_0_1_1;road_0_1_0_0;road_0_1_0_0;road_0_1_0_1;road_0_1_0_1,rrrrGGrrrrrrGGrr
587,intersection_1_1,road_1_2_3_0;road_1_2_3_0;road_1_2_3_1;road_1_2_3_1;road_2_1_2_0;road_2_1_2_0;road_2_1_2_1;road_2_1_2_1;road_1_0_1_0;road_1_0_1_0;road_1_0_1_1;road_1_0_1_1;road_0_1_0_0;road_0_1_0_0;road_0_1_0_1;road_0_1_0_1,rrrrGGrrrrrrGGrr
588,intersection_1_1,road_1_2_3_0;road_1_2_3_0;road_1_2_3_1;road_1_2_3_1;road_2_1_2_0;road_2_1_2_0;road_2_1_2_1;road_2_1_2_1;road_1_0_1_0;road_1_0_1_0;road_1_0_1_1;road_1_0_1_1;road_0_1_0_0;road_0_1_0_0;road_0_1_0_1;road_0_1_0_1,rrrrGGrrrrrrGGrr
589,intersection_1_1,road_1_2_3_0;road_1_2_3_0;road_1_2_3_1;road_1_2_3_1;road_2_1_2_0;road_2_1_2_0;road_2_1_2_1;road_2_1_2_1;road_1_0_1_0;road_1_0_1_0;road_1_0_1_1;road_1_0_1_1;road_0_1_0_0;road_0_1_0_0;road_0_1_0_1;road_0_1_0_1,rrrrGGrrrrrrGGrr
590,intersection_1_1,road_1_2_3_0;road_1_2_3_0;road_1_2_3_1;road_1_2_3_1;road_2_1_2_0;road_2_1_2_0;road_2_1_2_1;road_2_1_2_1;road_1_0_1_0;road_1_0_1_0;road_1_0_1_1;road_1_0_1_1;road_0_1_0_0;road_0_1_0_0;road_0_1_0_1;road_0_1_0_1,rrrrGGrrrrrrGGrr
590,intersection_1_1,road_1_2_3_0;road_1_2_3_0;road_1_2_3_1;road_1_2_3_1;road_2_1_2_0;road_2_1_2_0;road_2_1_2_1;road_2_1_2_1;road_1_0_1_0;road_1_0_1_0;road_1_0_1_1;road_1_0_1_1;road_0_1_0_0;road_0_1_0_0;road_0_1_0_1;road_0_1_0_1,rrrrGGrrrrrrGGrr
591,intersection_1_1,road_1_2_3_0;road_1_2_3_0;road_1_2_3_1;road_1_2_3_1;road_2_1_2_0;road_2_1_2_0;road_2_1_2_1;road_2_1_2_1;road_1_0_1_0;road_1_0_1_0;road_1_0_1_1;road_1_0_1_1;road_0_1_0_0;road_0_1_0_0;road_0_1_0_1;road_0_1_0_1,rrrrrrrrrrrrGGrr
592,intersection_1_1,road_1_2_3_0;road_1_2_3_0;road_1_2_3_1;road_1_2_3_1;road_2_1_2_0;road_2_1_2_0;road_2_1_2_1;road_2_1_2_1;road_1_0_1_0;road_1_0_1_0;road_1_0_1_1;road_1_0_1_1;road_0_1_0_0;road_0_1_0_0;road_0_1_0_1;road_0_1_0_1,rrrrrrrrrrrrGGrr
593,intersection_1_1,road_1_2_3_0;road_1_2_3_0;road_1_2_3_1;road_1_2_3_1;road_2_1_2_0;road_2_1_2_0;road_2_1_2_1;road_2_1_2_1;road_1_0_1_0;road_1_0_1_0;road_1_0_1_1;road_1_0_1_1;road_0_1_0_0;road_0_1_0_0;road_0_1_0_1;road_0_1_0_1,rrrrrrrrrrrrGGrr
594,intersection_1_1,road_1_2_3_0;road_1_2_3_0;road_1_2_3_1;road_1_2_3_1;road_2_1_2_0;road_2_1_2_0;road_2_1_2_1;road_2_1_2_1;road_1_0_1_0;road_1_0_1_0;road_1_0_1_1;road_1_0_1_1;road_0_1_0_0;road_0_1_0_0;road_0_1_0_1;road_0_1_0_1,rrrrrrrrrrrrGGrr
595,intersection_1_1,road_1_2_3_0;road_1_2_3_0;road_1_2_3_1;road_1_2_3_1;road_2_1_2_0;road_2_1_2_0;road_2_1_2_1;road_2_1_2_1;road_1_0_1_0;road_1_0_1_0;road_1_0_1_1;road_1_0_1_1;road_0_1_0_0;road_0_1_0_0;road_0_1_0_1;road_0_1_0_1,rrrrrrrrrrrrGGrr
596,intersection_1_1,road_1_2_3_0;road_1_2_3_0;road_1_2_3_1;road_1_2_3_1;road_2_1_2_0;road_2_1_2_0;road_2_1_2_1;road_2_1_2_1;road_1_0_1_0;road_1_0_1_0;road_1_0_1_1;road_1_0_1_1;road_0_1_0_0;road_0_1_0_0;road_0_1_0_1;road_0_1_0_1,rrrrrrrrrrrrGGGG
597,intersection_1_1,road_1_2_3_0;road_1_2_3_0;road_1_2_3_1;road_1_2_3_1;road_2_1_2_0;road_2_1_2_0;road_2_1_2_1;road_2_1_2_1;road_1_0_1_0;road_1_0_1_0;road_1_0_1_1;road_1_0_1_1;road_0_1_0_0;road_0_1_0_0;road_0_1_0_1;road_0_1_0_1,rrrrrrrrrrrrGGGG
598,intersection_1_1,road_1_2_3_0;road_1_2_3_0;road_1_2_3_1;road_1_2_3_1;road_2_1_2_0;road_2_1_2_0;road_2_1_2_1;road_2_1_2_1;road_1_0_1_0;road_1_0_1_0;road_1_0_1_1;road_1_0_1_1;road_0_1_0_0;road_0_1_0_0;road_0_1_0_1;road_0_1_0_1,rrrrrrrrrrrrGGGG
599,intersection_1_1,road_1_2_3_0;road_1_2_3_0;road_1_2_3_1;road_1_2_3_1;road_2_1_2_0;road_2_1_2_0;road_2_1_2_1;road_2_1_2_1;road_1_0_1_0;road_1_0_1_0;road_1_0_1_1;road_1_0_1_1;road_0_1_0_0;road_0_1_0_0;road_0_1_0_1;road_0_1_0_1,rrrrrrrrrrrrGGGG
