time,vehicle_id,is_fake,lane,position
0,fake_intersection_1_1_S_1_4,True,road_0_1_0_1,231.68000000000004
0,fake_intersection_1_1_E_0_3,True,road_1_2_3_0,231.68000000000004
0,fake_intersection_1_1_N_1_0,True,road_2_1_2_1,231.68000000000004
0,fake_intersection_1_1_N_1_1,True,road_2_1_2_1,232.68000000000004
0,fake_intersection_1_1_N_1_2,True,road_2_1_2_1,233.68000000000004
10,fake_intersection_1_1_S_0_5,True,road_0_1_0_0,231.68000000000004
10,fake_intersection_1_1_S_0_6,True,road_0_1_0_0,232.68000000000004
10,fake_intersection_1_1_S_0_7,True,road_0_1_0_0,233.68000000000004
10,fake_intersection_1_1_E_1_8,True,road_1_2_3_1,231.68000000000004
10,0,False,road_2_1_2_0,26.398262932907606
10,fake_intersection_1_1_N_0_9,True,road_2_1_2_0,231.68000000000004
20,4,False,road_0_1_0_0,15.575764268919444
20,3,False,road_0_1_0_0,40.30357184728437
20,1,False,road_0_1_0_0,95.27926093191877
20,fake_intersection_1_1_W_1_14,True,road_1_0_1_1,231.68000000000004
20,fake_intersection_1_1_E_0_13,True,road_1_2_3_0,231.68000000000004
20,2,False,road_2_1_2_0,58.45041505958538
20,0,False,road_2_1_2_0,138.61660014153065
20,fake_intersection_1_1_N_1_10,True,road_2_1_2_1,231.68000000000004
20,fake_intersection_1_1_N_1_11,True,road_2_1_2_1,232.68000000000004
20,fake_intersection_1_1_N_1_12,True,road_2_1_2_1,233.68000000000004
30,11,False,road_0_1_0_0,5.1
30,7,False,road_0_1_0_0,57.997904777528014
30,5,False,road_0_1_0_0,83.81670440045889
30,4,False,road_0_1_0_0,124.45564506323029
30,3,False,road_0_1_0_0,155.0987039030068
30,1,False,road_0_1_0_0,194.34897464697946
30,fake_intersection_1_1_S_0_19,True,road_0_1_0_0,231.68000000000004
30,12,False,road_0_1_0_1,5.1
30,10,False,road_1_0_1_0,28.006191091025894
30,fake_intersection_1_1_W_1_18,True,road_1_0_1_1,231.68000000000004
30,fake_intersection_1_1_E_0_17,True,road_1_2_3_0,231.68000000000004
30,9,False,road_2_1_2_0,40.065902233677974
30,8,False,road_2_1_2_0,61.98254996761227
30,6,False,road_2_1_2_0,94.33479409645693
30,2,False,road_2_1_2_0,162.89994522941652
30,0,False,road_2_1_2_0,248.82290205944312
30,fake_intersection_1_1_N_1_15,True,road_2_1_2_1,231.68000000000004
30,fake_intersection_1_1_N_1_16,True,road_2_1_2_1,232.68000000000004
40,13,False,road_0_1_0_0,94.29194551628477
40,11,False,road_0_1_0_0,114.98158889170764
40,7,False,road_0_1_0_0,148.16512175755267
40,5,False,road_0_1_0_0,169.52850801565305
40,fake_intersection_1_1_S_0_24,True,road_0_1_0_0,231.68000000000004
40,4,False,road_0_1_0_0,232.26522720658718
40,3,False,road_0_1_0_0,268.04376271285764
40,1,False,road_0_1_0_0,287.1826228582326
40,12,False,road_0_1_0_1,113.84940247206988
40,16,False,road_1_0_1_0,13.868777576223737
40,15,False,road_1_0_1_0,34.549851031242916
40,10,False,road_1_0_1_0,144.7576196701025
40,0,False,road_1_1_2_0,49.08482568594512
40,fake_intersection_1_1_E_1_23,True,road_1_2_3_1,231.68000000000004
40,14,False,road_2_1_2_0,78.30048702982084
40,9,False,road_2_1_2_0,128.0636441855647
40,8,False,road_2_1_2_0,160.77071406301457
40,6,False,road_2_1_2_0,205.06145509297423
40,2,False,road_2_1_2_0,268.3377688694572
40,fake_intersection_1_1_N_1_20,True,road_2_1_2_1,231.68000000000004
40,fake_intersection_1_1_N_1_21,True,road_2_1_2_1,232.68000000000004
40,fake_intersection_1_1_N_1_22,True,road_2_1_2_1,233.68000000000004
50,13,False,road_0_1_0_0,198.7891108656572
50,11,False,road_0_1_0_0,218.09711168266907
50,fake_intersection_1_1_S_0_29,True,road_0_1_0_0,231.68000000000004
50,7,False,road_0_1_0_0,238.37063213037422
50,5,False,road_0_1_0_0,255.74329470515653
50,4,False,road_0_1_0_0,273.59665513591585
50,3,False,road_0_1_0_0,281.0978349936476
50,1,False,road_0_1_0_0,288.5989499581589
50,12,False,road_0_1_0_1,222.58210707217532
50,20,False,road_1_0_1_0,5.1
50,19,False,road_1_0_1_0,55.49148611872316
50,18,False,road_1_0_1_0,74.43525248046666
50,16,False,road_1_0_1_0,106.09746835987785
50,15,False,road_1_0_1_0,131.2857822027277
50,10,False,road_1_0_1_0,258.2039653457259
50,21,False,road_1_0_1_1,5.1
50,6,False,road_1_1_2_0,3.5070455662108238
50,2,False,road_1_1_2_0,64.33753635556333
50,0,False,road_1_1_2_0,160.26013738101605
50,fake_intersection_1_1_E_1_28,True,road_1_2_3_1,231.68000000000004
50,17,False,road_2_1_2_0,81.89651372387239
50,14,False,road_2_1_2_0,180.310945598781
50,9,False,road_2_1_2_0,217.30322498005847
50,8,False,road_2_1_2_0,258.13082552560354
50,fake_intersection_1_1_N_1_25,True,road_2_1_2_1,231.68000000000004
50,fake_intersection_1_1_N_1_26,True,road_2_1_2_1,232.68000000000004
50,fake_intersection_1_1_N_1_27,True,road_2_1_2_1,233.68000000000004
60,9,False,:intersection_1_1_4_0,15.63872583014479
60,13,False,road_0_1_0_0,243.57111417994327
60,11,False,road_0_1_0_0,251.09213181143772
60,7,False,road_0_1_0_0,258.5947372731122
60,5,False,road_0_1_0_0,266.0958730819846
60,4,False,road_0_1_0_0,273.5969436725138
60,3,False,road_0_1_0_0,281.0979493738575
60,1,False,road_0_1_0_0,288.5989499581589
60,fake_intersection_1_1_S_1_30,True,road_0_1_0_1,231.68000000000004
60,fake_intersection_1_1_S_1_31,True,road_0_1_0_1,232.68000000000004
60,fake_intersection_1_1_S_1_32,True,road_0_1_0_1,233.68000000000004
60,12,False,road_0_1_0_1,288.5781966481518
60,27,False,road_1_0_1_0,21.536705767385683
60,25,False,road_1_0_1_0,38.16755217570531
60,24,False,road_1_0_1_0,56.08424504702863
60,22,False,road_1_0_1_0,85.39531979408765
60,20,False,road_1_0_1_0,111.26715288986438
60,19,False,road_1_0_1_0,154.03150399658895
60,18,False,road_1_0_1_0,172.59611960166274
60,16,False,road_1_0_1_0,198.8967519855036
60,15,False,road_1_0_1_0,228.6667246357138
60,10,False,road_1_0_1_0,288.59899847999856
60,26,False,road_1_0_1_1,60.48528342184048
60,23,False,road_1_0_1_1,79.77595563757694
60,21,False,road_1_0_1_1,109.89357871801433
60,8,False,road_1_1_2_0,45.64109808293251
60,6,False,road_1_1_2_0,115.3780762605783
60,2,False,road_1_1_2_0,169.63833543391567
60,0,False,road_1_1_2_0,271.89659758092995
60,17,False,road_2_1_2_0,179.0184323324661
60,14,False,road_2_1_2_0,284.38228441990213
60,fake_intersection_1_1_N_1_33,True,road_2_1_2_1,231.68000000000004
60,fake_intersection_1_1_N_1_34,True,road_2_1_2_1,232.68000000000004
70,3,False,:intersection_1_1_12_0,8.587842648879892
70,13,False,road_0_1_0_0,243.5927861956544
70,11,False,road_0_1_0_0,251.09382820579594
70,7,False,road_0_1_0_0,259.73196412310665
70,5,False,road_0_1_0_0,270.60889028994023
70,4,False,road_0_1_0_0,283.7563370736058
70,fake_intersection_1_1_S_1_35,True,road_0_1_0_1,231.68000000000004
70,fake_intersection_1_1_S_1_36,True,road_0_1_0_1,232.68000000000004
70,fake_intersection_1_1_S_1_37,True,road_0_1_0_1,233.68000000000004
70,12,False,road_0_1_0_1,288.59891833547414
70,33,False,road_1_0_1_0,27.715630595141086
70,32,False,road_1_0_1_0,54.13126680680305
70,29,False,road_1_0_1_0,72.75702578543937
70,28,False,road_1_0_1_0,90.7352744648294
70,27,False,road_1_0_1_0,107.0719538037924
70,25,False,road_1_0_1_0,124.89851252156855
70,24,False,road_1_0_1_0,141.5372480896693
70,22,False,road_1_0_1_0,186.16084234698857
70,20,False,road_1_0_1_0,217.90454404065355
70,19,False,road_1_0_1_0,250.46157433294042
70,18,False,road_1_0_1_0,264.57017228146543
70,16,False,road_1_0_1_0,273.4020393780563
70,15,False,road_1_0_1_0,281.09738526482215
70,10,False,road_1_0_1_0,288.59899847999856
70,26,False,road_1_0_1_1,154.81477089203025
70,23,False,road_1_0_1_1,173.436875300852
70,21,False,road_1_0_1_1,216.96493082690196
70,fake_intersection_1_1_W_1_39,True,road_1_0_1_1,231.68000000000004
70,1,False,road_1_1_0_0,8.721840977499525
70,9,False,road_1_1_2_0,83.83594135174597
70,8,False,road_1_1_2_0,142.8996276210429
70,6,False,road_1_1_2_0,223.11104522286877
70,2,False,road_1_1_2_0,275.5891320109218
70,14,False,road_1_1_2_1,74.15011349944734
70,fake_intersection_1_1_E_0_38,True,road_1_2_3_0,231.68000000000004
70,34,False,road_2_1_2_0,15.615853681702978
70,30,False,road_2_1_2_0,104.47755572428464
70,17,False,road_2_1_2_0,277.08936626632106
70,31,False,road_2_1_2_1,102.02860122647445
80,13,False,:intersection_1_1_12_0,6.426720855443762
80,fake_intersection_1_1_S_0_44,True,road_0_1_0_0,231.68000000000004
80,12,False,road_0_1_0_1,288.59891833547414
80,38,False,road_1_0_1_0,12.157405189232238
80,35,False,road_1_0_1_0,50.77175402849337
80,33,False,road_1_0_1_0,123.08707340899225
80,32,False,road_1_0_1_0,139.0626455271955
80,29,False,road_1_0_1_0,155.4650021477367
80,28,False,road_1_0_1_0,172.89262170695793
80,27,False,road_1_0_1_0,189.75056808198843
80,25,False,road_1_0_1_0,207.36527659817588
80,24,False,road_1_0_1_0,225.43700056492773
80,22,False,road_1_0_1_0,243.58656076281548
80,20,False,road_1_0_1_0,251.09344279748848
80,19,False,road_1_0_1_0,258.5949156641217
80,18,False,road_1_0_1_0,266.0959677414372
80,16,False,road_1_0_1_0,273.59697250241953
80,15,False,road_1_0_1_0,281.09798792210756
80,10,False,road_1_0_1_0,288.59899847999856
80,26,False,road_1_0_1_1,246.40226300963488
80,23,False,road_1_0_1_1,265.24312922839056
80,21,False,road_1_0_1_1,288.59870901105944
80,11,False,road_1_1_0_0,3.4757597479671674
80,7,False,road_1_1_0_0,21.846041346156845
80,5,False,road_1_1_0_0,38.636139591846764
80,4,False,road_1_1_0_0,71.48802111141427
80,1,False,road_1_1_0_0,108.00558664182702
80,3,False,road_1_1_0_1,95.3426213542966
80,17,False,road_1_1_2_0,63.97813758182769
80,9,False,road_1_1_2_0,172.97356740888756
80,8,False,road_1_1_2_0,240.09850118499986
80,14,False,road_1_1_2_1,179.4155665393595
80,39,False,road_1_2_3_0,13.946567693352497
80,36,False,road_1_2_3_0,56.00809764746877
80,37,False,road_2_1_2_0,31.01016351275762
80,34,False,road_2_1_2_0,118.23413209889327
80,30,False,road_2_1_2_0,230.88811203339327
80,fake_intersection_1_1_N_0_40,True,road_2_1_2_0,231.68000000000004
80,fake_intersection_1_1_N_0_41,True,road_2_1_2_0,232.68000000000004
80,31,False,road_2_1_2_1,223.9913604302215
80,fake_intersection_1_1_N_1_42,True,road_2_1_2_1,231.68000000000004
80,fake_intersection_1_1_N_1_43,True,road_2_1_2_1,232.68000000000004
90,41,False,road_0_1_0_0,74.97639107402749
90,12,False,road_0_1_0_1,288.59891833547414
90,48,False,road_1_0_1_0,9.775375046292814
90,46,False,road_1_0_1_0,24.608306290446833
90,44,False,road_1_0_1_0,49.48797174657218
90,38,False,road_1_0_1_0,126.60522274707094
90,35,False,road_1_0_1_0,156.95393128876378
90,33,False,road_1_0_1_0,188.46977101151916
90,32,False,road_1_0_1_0,197.4771073378145
90,29,False,road_1_0_1_0,206.0173794248613
90,28,False,road_1_0_1_0,213.56860111403932
90,27,False,road_1_0_1_0,221.08912231711292
90,25,False,road_1_0_1_0,228.59060390435735
90,24,False,road_1_0_1_0,236.09182465108498
90,22,False,road_1_0_1_0,243.59286424207963
90,20,False,road_1_0_1_0,251.09389670961738
90,19,False,road_1_0_1_0,258.5949156641217
90,18,False,road_1_0_1_0,266.0959677414372
90,16,False,road_1_0_1_0,273.59697250241953
90,15,False,road_1_0_1_0,281.09798792210756
90,10,False,road_1_0_1_0,288.59899847999856
90,fake_intersection_1_1_W_1_48,True,road_1_0_1_1,231.68000000000004
90,fake_intersection_1_1_W_1_49,True,road_1_0_1_1,232.68000000000004
90,26,False,road_1_0_1_1,273.59583044723763
90,23,False,road_1_0_1_1,281.09783803504126
90,21,False,road_1_0_1_1,288.59892494881404
90,11,False,road_1_1_0_0,107.19532994580719
90,5,False,road_1_1_0_0,126.94650750183646
90,4,False,road_1_1_0_0,178.4748782404525
90,1,False,road_1_1_0_0,207.16099819471359
90,13,False,road_1_1_0_1,92.54605873673961
90,7,False,road_1_1_0_1,113.31579852525174
90,3,False,road_1_1_0_1,208.90624321022634
90,30,False,road_1_1_2_0,46.81441749242041
90,17,False,road_1_1_2_0,161.04566635750754
90,9,False,road_1_1_2_0,261.7047742177556
90,14,False,road_1_1_2_0,282.9789687598607
90,31,False,road_1_1_3_0,27.601898273214083
90,50,False,road_1_2_3_0,5.1
90,47,False,road_1_2_3_0,34.44126383811232
90,42,False,road_1_2_3_0,62.811979729195194
90,40,False,road_1_2_3_0,88.07220841795124
90,39,False,road_1_2_3_0,108.60078111509571
90,36,False,road_1_2_3_0,157.06653016581174
90,fake_intersection_1_1_E_0_45,True,road_1_2_3_0,231.68000000000004
90,fake_intersection_1_1_E_0_46,True,road_1_2_3_0,232.68000000000004
90,fake_intersection_1_1_E_0_47,True,road_1_2_3_0,233.68000000000004
90,43,False,road_1_2_3_1,59.33583095636402
90,49,False,road_2_1_2_0,14.46599704849986
90,45,False,road_2_1_2_0,63.00498715778031
90,37,False,road_2_1_2_0,155.75520831622154
90,34,False,road_2_1_2_0,222.70172785642683
100,23,False,:intersection_1_1_10_0,8.569897092062426
100,15,False,:intersection_1_1_8_0,8.084524718179601
100,55,False,road_0_1_0_0,5.1
100,54,False,road_0_1_0_0,25.35428341036541
100,53,False,road_0_1_0_0,51.99697950326376
100,51,False,road_0_1_0_0,80.8914104438491
100,41,False,road_0_1_0_0,175.4072773402166
100,12,False,road_0_1_0_1,288.59891833547414
100,56,False,road_1_0_1_0,5.1
100,48,False,road_1_0_1_0,98.05191238490318
100,46,False,road_1_0_1_0,129.73135011269633
100,44,False,road_1_0_1_0,158.65400220164065
100,38,False,road_1_0_1_0,176.06812082907052
100,35,False,road_1_0_1_0,183.5811822497959
100,33,False,road_1_0_1_0,191.0849187396286
100,32,False,road_1_0_1_0,198.58660938378992
100,29,False,road_1_0_1_0,206.08764048608492
100,28,False,road_1_0_1_0,213.58870431153136
100,27,False,road_1_0_1_0,221.089733303046
100,25,False,road_1_0_1_0,228.59075388819303
100,24,False,road_1_0_1_0,236.09182465108498
100,22,False,road_1_0_1_0,243.59286424207963
100,20,False,road_1_0_1_0,251.09389670961738
100,19,False,road_1_0_1_0,259.57138953935043
100,18,False,road_1_0_1_0,270.0460086576546
100,16,False,road_1_0_1_0,282.1558327007974
100,57,False,road_1_0_1_1,5.1
100,fake_intersection_1_1_W_1_50,True,road_1_0_1_1,231.68000000000004
100,fake_intersection_1_1_W_1_51,True,road_1_0_1_1,232.68000000000004
100,26,False,road_1_0_1_1,281.7075976384404
100,11,False,road_1_1_0_0,194.98939522452918
100,5,False,road_1_1_0_0,212.88420792066955
100,4,False,road_1_1_0_0,285.75970380540673
100,13,False,road_1_1_0_1,187.5115371538016
100,7,False,road_1_1_0_1,205.34053927236766
100,10,False,road_1_1_1_0,5.223716356858464
100,21,False,road_1_1_2_0,3.1118185587633853
100,30,False,road_1_1_2_0,170.4791020710543
100,17,False,road_1_1_2_0,259.4030485656127
100,31,False,road_1_1_3_0,148.5280766373244
100,50,False,road_1_2_3_0,93.05223819316117
100,47,False,road_1_2_3_0,128.1656948136707
100,42,False,road_1_2_3_0,165.70449090675663
100,40,False,road_1_2_3_0,183.60929146219812
100,39,False,road_1_2_3_0,202.4109529893105
100,fake_intersection_1_1_E_0_52,True,road_1_2_3_0,231.68000000000004
100,fake_intersection_1_1_E_0_53,True,road_1_2_3_0,232.68000000000004
100,36,False,road_1_2_3_0,256.6808383637259
100,43,False,road_1_2_3_1,167.64288196689535
100,fake_intersection_1_1_E_1_54,True,road_1_2_3_1,231.68000000000004
100,52,False,road_2_1_2_0,67.42357417585859
100,49,False,road_2_1_2_0,104.26105282083938
100,45,False,road_2_1_2_0,175.653357309941
100,37,False,road_2_1_2_0,276.565646700528
100,34,False,road_2_1_2_0,288.56626983883126
110,22,False,:intersection_1_1_8_0,7.723988387771499
110,64,False,road_0_1_0_0,14.490724284426742
110,63,False,road_0_1_0_0,36.36750772965517
110,62,False,road_0_1_0_0,69.02070141951354
110,55,False,road_0_1_0_0,109.20462545805088
110,54,False,road_0_1_0_0,130.77244275596664
110,53,False,road_0_1_0_0,167.09529528990404
110,51,False,road_0_1_0_0,202.62261461579533
110,fake_intersection_1_1_S_0_59,True,road_0_1_0_0,231.68000000000004
110,41,False,road_0_1_0_0,275.4812308355025
110,65,False,road_0_1_0_1,10.811672467296013
110,12,False,road_0_1_0_1,288.59891833547414
110,66,False,road_1_0_1_0,17.8281698529792
110,61,False,road_1_0_1_0,68.65615715368469
110,56,False,road_1_0_1_0,89.56217729951396
110,48,False,road_1_0_1_0,153.57133470198374
110,46,False,road_1_0_1_0,161.08128487527765
110,44,False,road_1_0_1_0,168.58248352805828
110,38,False,road_1_0_1_0,176.083485266007
110,35,False,road_1_0_1_0,183.63753348912718
110,33,False,road_1_0_1_0,191.52668005871965
110,32,False,road_1_0_1_0,200.29368557274233
110,29,False,road_1_0_1_0,210.93789183011344
110,28,False,road_1_0_1_0,223.80637638909693
110,27,False,road_1_0_1_0,239.06805874260596
110,25,False,road_1_0_1_0,255.7006693462285
110,24,False,road_1_0_1_0,277.53309221326873
110,57,False,road_1_0_1_1,117.67483422919952
110,fake_intersection_1_1_W_1_55,True,road_1_0_1_1,231.68000000000004
110,fake_intersection_1_1_W_1_56,True,road_1_0_1_1,232.68000000000004
110,11,False,road_1_1_0_0,281.8669300868848
110,13,False,road_1_1_0_1,279.3144073243774
110,20,False,road_1_1_1_0,8.903784071340034
110,18,False,road_1_1_1_0,42.43128021902438
110,16,False,road_1_1_1_0,60.71208461572101
110,15,False,road_1_1_1_0,84.84308679262699
110,10,False,road_1_1_1_0,117.58607915148833
110,19,False,road_1_1_1_1,27.572404328211277
110,23,False,road_1_1_2_0,75.049413619246
110,21,False,road_1_1_2_0,110.68524353405176
110,26,False,road_1_1_2_1,57.85957315293026
110,31,False,road_1_1_3_0,268.48668193891797
110,67,False,road_1_2_3_0,5.1
110,59,False,road_1_2_3_0,75.76494689353683
110,50,False,road_1_2_3_0,181.18438515364167
110,47,False,road_1_2_3_0,222.36810699507248
110,fake_intersection_1_1_E_0_57,True,road_1_2_3_0,231.68000000000004
110,fake_intersection_1_1_E_0_58,True,road_1_2_3_0,232.68000000000004
110,42,False,road_1_2_3_0,257.1724193855281
110,40,False,road_1_2_3_0,271.8249176292982
110,39,False,road_1_2_3_0,280.86770394351566
110,36,False,road_1_2_3_0,288.59885372010694
110,60,False,road_1_2_3_1,84.75639956086836
110,43,False,road_1_2_3_1,276.4752278135017
110,58,False,road_2_1_2_0,99.3812893840921
110,52,False,road_2_1_2_0,171.63890688579258
110,49,False,road_2_1_2_0,192.36836226576196
110,45,False,road_2_1_2_0,273.49463698431117
110,37,False,road_2_1_2_0,281.097892808452
110,34,False,road_2_1_2_0,288.5989719023106
120,29,False,:intersection_1_1_8_0,1.9168449467804294
120,69,False,road_0_1_0_0,67.93736762809219
120,64,False,road_0_1_0_0,113.31830570337465
120,63,False,road_0_1_0_0,139.83668785553505
120,62,False,road_0_1_0_0,173.51831701650372
120,55,False,road_0_1_0_0,212.61767251638582
120,54,False,road_0_1_0_0,236.89258183356907
120,53,False,road_0_1_0_0,272.22451998517056
120,51,False,road_0_1_0_0,281.0978699298459
120,41,False,road_0_1_0_0,288.59891143369737
120,65,False,road_0_1_0_1,97.23492642177266
120,12,False,road_0_1_0_1,288.59891833547414
120,72,False,road_1_0_1_0,34.33675523805388
120,68,False,road_1_0_1_0,87.47521584927179
120,66,False,road_1_0_1_0,112.45523890550433
120,61,False,road_1_0_1_0,141.1486816497383
120,56,False,road_1_0_1_0,151.83703689485256
120,48,False,road_1_0_1_0,165.33242662006927
120,46,False,road_1_0_1_0,181.47092820218518
120,44,False,road_1_0_1_0,199.71381418372926
120,38,False,road_1_0_1_0,217.84426804159347
120,35,False,road_1_0_1_0,236.73298742680169
120,33,False,road_1_0_1_0,255.24837222030342
120,32,False,road_1_0_1_0,274.36132149368683
120,fake_intersection_1_1_W_1_60,True,road_1_0_1_1,231.68000000000004
120,fake_intersection_1_1_W_1_61,True,road_1_0_1_1,232.68000000000004
120,57,False,road_1_0_1_1,239.40776930884022
120,28,False,road_1_1_1_0,0.2052385223326354
120,25,False,road_1_1_1_0,34.35065975306176
120,24,False,road_1_1_1_0,52.12881173149483
120,22,False,road_1_1_1_0,88.12283672733751
120,20,False,road_1_1_1_0,115.05696939136418
120,18,False,road_1_1_1_0,135.72154216847557
120,16,False,road_1_1_1_0,154.26373205897337
120,15,False,road_1_1_1_0,178.70211091834503
120,10,False,road_1_1_1_0,231.1741557509228
120,27,False,road_1_1_1_1,17.97505982374667
120,19,False,road_1_1_1_1,149.6595469413088
120,23,False,road_1_1_2_0,168.4067425147603
120,21,False,road_1_1_2_0,213.65435828092063
120,26,False,road_1_1_2_1,154.340926439517
120,73,False,road_1_2_3_0,10.565836327090619
120,71,False,road_1_2_3_0,27.662505060267154
120,70,False,road_1_2_3_0,49.987531107400685
120,67,False,road_1_2_3_0,99.76558848704177
120,59,False,road_1_2_3_0,176.88444435879512
120,50,False,road_1_2_3_0,251.06723002823733
120,47,False,road_1_2_3_0,258.59465942251376
120,42,False,road_1_2_3_0,266.09576407704446
120,40,False,road_1_2_3_0,273.5967971047184
120,39,False,road_1_2_3_0,281.09789430063535
120,36,False,road_1_2_3_0,288.5989871368744
120,60,False,road_1_2_3_1,197.63519289289843
120,fake_intersection_1_1_E_1_62,True,road_1_2_3_1,231.68000000000004
120,fake_intersection_1_1_E_1_63,True,road_1_2_3_1,232.68000000000004
120,fake_intersection_1_1_E_1_64,True,road_1_2_3_1,233.68000000000004
120,43,False,road_1_2_3_1,288.5989272317505
120,58,False,road_2_1_2_0,206.37943171095284
120,52,False,road_2_1_2_0,256.79581431351295
120,49,False,road_2_1_2_0,265.8799599523111
120,45,False,road_2_1_2_0,273.5968101614765
120,37,False,road_2_1_2_0,281.097892808452
120,34,False,road_2_1_2_0,288.5989719023106
130,44,False,:intersection_1_1_8_0,4.8117235652291015
130,81,False,road_0_1_0_0,5.1
130,69,False,road_0_1_0_0,174.46370718065344
130,64,False,road_0_1_0_0,210.78421081716272
130,63,False,road_0_1_0_0,239.18644135453235
130,62,False,road_0_1_0_0,250.8314236311534
130,55,False,road_0_1_0_0,258.5936413151222
130,54,False,road_0_1_0_0,266.0957894004962
130,53,False,road_0_1_0_0,273.5968072222171
130,51,False,road_0_1_0_0,281.0978699298459
130,41,False,road_0_1_0_0,288.59891143369737
130,65,False,road_0_1_0_1,191.1423406904225
130,12,False,road_0_1_0_1,288.59891833547414
130,79,False,road_1_0_1_0,16.661887602094247
130,77,False,road_1_0_1_0,46.76771338492638
130,72,False,road_1_0_1_0,131.04206968471888
130,68,False,road_1_0_1_0,178.71497982202246
130,66,False,road_1_0_1_0,195.9623079470739
130,61,False,road_1_0_1_0,213.50727428343978
130,56,False,road_1_0_1_0,232.71801999597903
130,48,False,road_1_0_1_0,251.52452613245947
130,46,False,road_1_0_1_0,273.10945188843954
130,fake_intersection_1_1_W_1_65,True,road_1_0_1_1,231.68000000000004
130,fake_intersection_1_1_W_1_66,True,road_1_0_1_1,232.68000000000004
130,fake_intersection_1_1_W_1_67,True,road_1_0_1_1,233.68000000000004
130,38,False,road_1_1_1_0,3.8752556120938166
130,35,False,road_1_1_1_0,24.912322899281964
130,33,False,road_1_1_1_0,49.45330118471925
130,29,False,road_1_1_1_0,77.20991342924287
130,28,False,road_1_1_1_0,100.87446616527608
130,25,False,road_1_1_1_0,118.04116611097047
130,24,False,road_1_1_1_0,136.29840198362743
130,22,False,road_1_1_1_0,190.9259166967175
130,18,False,road_1_1_1_0,227.89251858395542
130,16,False,road_1_1_1_0,246.21450114745846
130,15,False,road_1_1_1_0,275.96804633752697
130,32,False,road_1_1_1_1,61.49312507157189
130,27,False,road_1_1_1_1,114.571915537527
130,20,False,road_1_1_1_1,220.9894374762544
130,19,False,road_1_1_1_1,272.03189141155224
130,57,False,road_1_1_2_0,44.04869971723489
130,23,False,road_1_1_2_0,261.49191428710196
130,26,False,road_1_1_2_1,251.81652178705662
130,80,False,road_1_2_3_0,12.476059108149169
130,78,False,road_1_2_3_0,29.076768313495343
130,76,False,road_1_2_3_0,48.0094855261169
130,75,False,road_1_2_3_0,67.95231572507807
130,74,False,road_1_2_3_0,87.56423226422787
130,73,False,road_1_2_3_0,109.54822300771109
130,71,False,road_1_2_3_0,128.62514013070896
130,70,False,road_1_2_3_0,156.0637407249858
130,67,False,road_1_2_3_0,194.91604937744057
130,59,False,road_1_2_3_0,243.58926455140454
130,50,False,road_1_2_3_0,251.0935589368285
130,47,False,road_1_2_3_0,258.59465942251376
130,42,False,road_1_2_3_0,266.09576407704446
130,40,False,road_1_2_3_0,273.5967971047184
130,39,False,road_1_2_3_0,281.09789430063535
130,36,False,road_1_2_3_0,288.5989871368744
130,fake_intersection_1_1_E_1_68,True,road_1_2_3_1,231.68000000000004
130,fake_intersection_1_1_E_1_69,True,road_1_2_3_1,232.68000000000004
130,60,False,road_1_2_3_1,281.00846757450523
130,43,False,road_1_2_3_1,288.5989272317505
130,58,False,road_2_1_2_0,251.0934796114874
130,52,False,road_2_1_2_0,258.59468424560754
130,49,False,road_2_1_2_0,266.0957790198245
130,45,False,road_2_1_2_0,273.5968101614765
130,37,False,road_2_1_2_0,281.097892808452
130,34,False,road_2_1_2_0,288.5989719023106
140,61,False,:intersection_1_1_8_0,15.712700181199335
140,86,False,road_0_1_0_0,54.37105199720734
140,81,False,road_0_1_0_0,96.85208982858614
140,69,False,road_0_1_0_0,228.57787795635818
140,64,False,road_0_1_0_0,236.09078878453607
140,63,False,road_0_1_0_0,243.59263942720276
140,62,False,road_0_1_0_0,251.09367278593518
140,55,False,road_0_1_0_0,258.59477960317923
140,54,False,road_0_1_0_0,266.0957894004962
140,53,False,road_0_1_0_0,273.5968072222171
140,51,False,road_0_1_0_0,281.0978699298459
140,41,False,road_0_1_0_0,288.59891143369737
140,87,False,road_0_1_0_1,61.55274210192969
140,65,False,road_0_1_0_1,278.5313334366798
140,12,False,road_0_1_0_1,288.59891833547414
140,92,False,road_1_0_1_0,5.1
140,90,False,road_1_0_1_0,25.676712170763857
140,88,False,road_1_0_1_0,45.19547544375401
140,85,False,road_1_0_1_0,63.918659508911
140,82,False,road_1_0_1_0,99.45860385254653
140,79,False,road_1_0_1_0,130.12787204037966
140,77,False,road_1_0_1_0,150.1824369133592
140,72,False,road_1_0_1_0,232.6218862327382
140,68,False,road_1_0_1_0,268.2011362856038
140,66,False,road_1_0_1_0,286.24869870935765
140,91,False,road_1_0_1_1,41.67491392894071
140,fake_intersection_1_1_W_1_70,True,road_1_0_1_1,231.68000000000004
140,fake_intersection_1_1_W_1_71,True,road_1_0_1_1,232.68000000000004
140,56,False,road_1_1_1_0,13.566708043604732
140,48,False,road_1_1_1_0,31.584103553407736
140,46,False,road_1_1_1_0,68.0483952920303
140,44,False,road_1_1_1_0,91.95441657251627
140,35,False,road_1_1_1_0,131.42065785211614
140,33,False,road_1_1_1_0,153.38242183471166
140,29,False,road_1_1_1_0,173.29495151828144
140,25,False,road_1_1_1_0,204.94260710188408
140,24,False,road_1_1_1_0,222.51701565782338
140,38,False,road_1_1_1_1,116.31209884611985
140,32,False,road_1_1_1_1,166.43043451096958
140,28,False,road_1_1_1_1,192.9091492055522
140,27,False,road_1_1_1_1,212.71819928592768
140,57,False,road_1_1_2_0,162.6218779109177
140,89,False,road_1_2_3_0,31.550494129812588
140,84,False,road_1_2_3_0,54.51016407642611
140,83,False,road_1_2_3_0,73.78078807684768
140,80,False,road_1_2_3_0,108.39621878090053
140,78,False,road_1_2_3_0,128.55639672082106
140,76,False,road_1_2_3_0,148.25461118774095
140,75,False,road_1_2_3_0,167.55822449551295
140,74,False,road_1_2_3_0,188.26130635363828
140,73,False,road_1_2_3_0,208.03689776438696
140,71,False,road_1_2_3_0,219.92554085987257
140,70,False,road_1_2_3_0,228.5829658800029
140,67,False,road_1_2_3_0,236.09135800248222
140,59,False,road_1_2_3_0,243.5924983775781
140,50,False,road_1_2_3_0,251.0935589368285
140,47,False,road_1_2_3_0,258.59465942251376
140,42,False,road_1_2_3_0,266.09576407704446
140,40,False,road_1_2_3_0,273.5967971047184
140,39,False,road_1_2_3_0,281.09789430063535
140,36,False,road_1_2_3_0,288.5989871368744
140,60,False,road_1_2_3_1,281.0979003186288
140,43,False,road_1_2_3_1,288.5989272317505
140,58,False,road_2_1_2_0,251.09362258231383
140,52,False,road_2_1_2_0,258.59468424560754
140,49,False,road_2_1_2_0,266.0957790198245
140,45,False,road_2_1_2_0,273.5968101614765
140,37,False,road_2_1_2_0,281.097892808452
140,34,False,road_2_1_2_0,288.5989719023106
140,fake_intersection_1_1_N_1_72,True,road_2_1_2_1,231.68000000000004
140,fake_intersection_1_1_N_1_73,True,road_2_1_2_1,232.68000000000004
140,fake_intersection_1_1_N_1_74,True,road_2_1_2_1,233.68000000000004
150,86,False,road_0_1_0_0,158.3430430662624
150,81,False,road_0_1_0_0,201.429534401912
150,69,False,road_0_1_0_0,228.5907429600695
150,64,False,road_0_1_0_0,236.09174735580768
150,63,False,road_0_1_0_0,243.59276181588322
150,62,False,road_0_1_0_0,251.0937777630851
150,55,False,road_0_1_0_0,258.59477960317923
150,54,False,road_0_1_0_0,266.0957894004962
150,53,False,road_0_1_0_0,273.5968072222171
150,51,False,road_0_1_0_0,281.0978699298459
150,41,False,road_0_1_0_0,288.59891143369737
150,87,False,road_0_1_0_1,171.06542687848537
150,65,False,road_0_1_0_1,281.09786859690576
150,12,False,road_0_1_0_1,288.59891833547414
150,101,False,road_1_0_1_0,14.61073195634682
150,95,False,road_1_0_1_0,34.97599119453757
150,94,False,road_1_0_1_0,53.85668617276333
150,93,False,road_1_0_1_0,72.4725564462519
150,92,False,road_1_0_1_0,91.23932247032788
150,90,False,road_1_0_1_0,124.9819424136943
150,88,False,road_1_0_1_0,146.70936635857308
150,85,False,road_1_0_1_0,165.60483302392976
150,82,False,road_1_0_1_0,206.56634972205
150,79,False,road_1_0_1_0,235.34365677973284
150,77,False,road_1_0_1_0,254.16716429210769
150,91,False,road_1_0_1_1,133.46034349099577
150,fake_intersection_1_1_W_1_75,True,road_1_0_1_1,231.68000000000004
150,fake_intersection_1_1_W_1_76,True,road_1_0_1_1,232.68000000000004
150,72,False,road_1_1_1_0,19.902345484007483
150,66,False,road_1_1_1_0,68.9744351804341
150,56,False,road_1_1_1_0,104.90242929285581
150,48,False,road_1_1_1_0,123.43998002379115
150,46,False,road_1_1_1_0,171.55330247993766
150,44,False,road_1_1_1_0,202.53697388754992
150,35,False,road_1_1_1_0,231.21542678352748
150,33,False,road_1_1_1_0,249.5136598998715
150,29,False,road_1_1_1_0,268.7720783657845
150,68,False,road_1_1_1_1,56.992684066616874
150,61,False,road_1_1_1_1,106.02281389417635
150,38,False,road_1_1_1_1,233.1238321950918
150,32,False,road_1_1_1_1,271.4638389831477
150,57,False,road_1_1_2_0,282.08956052501316
150,103,False,road_1_2_3_0,9.263830298759729
150,100,False,road_1_2_3_0,25.128806047567608
150,99,False,road_1_2_3_0,46.420462854642736
150,97,False,road_1_2_3_0,66.96992764282045
150,96,False,road_1_2_3_0,96.09211714865872
150,89,False,road_1_2_3_0,135.71472270946654
150,84,False,road_1_2_3_0,153.55733708310595
150,83,False,road_1_2_3_0,166.2968240641993
150,80,False,road_1_2_3_0,175.5479576238245
150,78,False,road_1_2_3_0,183.5031726215221
150,76,False,road_1_2_3_0,191.0572709753552
150,75,False,road_1_2_3_0,198.5833177443131
150,74,False,road_1_2_3_0,206.08734668631777
150,73,False,road_1_2_3_0,213.5884402092891
150,71,False,road_1_2_3_0,221.08949697976092
150,70,False,road_1_2_3_0,228.59054935226345
150,67,False,road_1_2_3_0,236.0915543956104
150,59,False,road_1_2_3_0,243.59263576347834
150,50,False,road_1_2_3_0,251.09374259974402
150,47,False,road_1_2_3_0,258.59476030642816
150,42,False,road_1_2_3_0,266.09576407704446
150,40,False,road_1_2_3_0,273.5967971047184
150,39,False,road_1_2_3_0,281.09789430063535
150,36,False,road_1_2_3_0,288.5989871368744
150,107,False,road_1_2_3_1,5.1
150,98,False,road_1_2_3_1,84.10353124757846
150,fake_intersection_1_1_E_1_77,True,road_1_2_3_1,231.68000000000004
150,fake_intersection_1_1_E_1_78,True,road_1_2_3_1,232.68000000000004
150,fake_intersection_1_1_E_1_79,True,road_1_2_3_1,233.68000000000004
150,60,False,road_1_2_3_1,281.0979003186288
150,43,False,road_1_2_3_1,288.5989272317505
150,58,False,road_2_1_2_0,251.09362258231383
150,52,False,road_2_1_2_0,258.59468424560754
150,49,False,road_2_1_2_0,266.0957790198245
150,45,False,road_2_1_2_0,273.5968101614765
150,37,False,road_2_1_2_0,281.097892808452
150,34,False,road_2_1_2_0,288.5989719023106
160,86,False,road_0_1_0_0,213.57905635762248
160,81,False,road_0_1_0_0,221.08962269535695
160,69,False,road_0_1_0_0,228.5907429600695
160,64,False,road_0_1_0_0,236.09174735580768
160,63,False,road_0_1_0_0,243.59276181588322
160,62,False,road_0_1_0_0,251.0937777630851
160,55,False,road_0_1_0_0,258.59477960317923
160,54,False,road_0_1_0_0,266.0957894004962
160,53,False,road_0_1_0_0,273.5968072222171
160,51,False,road_0_1_0_0,281.0978699298459
160,41,False,road_0_1_0_0,288.59891143369737
160,87,False,road_0_1_0_1,272.90015727833253
160,65,False,road_0_1_0_1,281.09786859690576
160,12,False,road_0_1_0_1,288.59891833547414
160,113,False,road_1_0_1_0,5.1
160,111,False,road_1_0_1_0,49.80492687896721
160,105,False,road_1_0_1_0,70.3159095567578
160,102,False,road_1_0_1_0,88.91664993854319
160,101,False,road_1_0_1_0,105.48740052653883
160,95,False,road_1_0_1_0,122.56980677974039
160,94,False,road_1_0_1_0,140.77308710450026
160,93,False,road_1_0_1_0,159.35058682882791
160,92,False,road_1_0_1_0,176.2780033927672
160,90,False,road_1_0_1_0,230.5596795254229
160,88,False,road_1_0_1_0,249.02483239343022
160,85,False,road_1_0_1_0,268.28342195039295
160,91,False,road_1_0_1_1,227.9265298292952
160,fake_intersection_1_1_W_1_80,True,road_1_0_1_1,231.68000000000004
160,fake_intersection_1_1_W_1_81,True,road_1_0_1_1,232.68000000000004
160,82,False,road_1_1_1_0,1.3027727866638585
160,77,False,road_1_1_1_0,44.74656303993004
160,72,False,road_1_1_1_0,118.5686183957448
160,66,False,road_1_1_1_0,163.96255090382377
160,56,False,road_1_1_1_0,195.73911831192763
160,48,False,road_1_1_1_0,214.21001820259002
160,46,False,road_1_1_1_0,275.23070666678376
160,79,False,road_1_1_1_1,25.894794919414743
160,68,False,road_1_1_1_1,166.61439220539847
160,61,False,road_1_1_1_1,223.9369593823896
160,112,False,road_1_2_3_0,5.1
160,109,False,road_1_2_3_0,16.411829671560437
160,108,False,road_1_2_3_0,36.38645438290318
160,106,False,road_1_2_3_0,59.98381277482362
160,104,False,road_1_2_3_0,79.8208591293958
160,103,False,road_1_2_3_0,101.706656483956
160,100,False,road_1_2_3_0,118.71370855306566
160,99,False,road_1_2_3_0,130.37798205113927
160,97,False,road_1_2_3_0,138.5342679459089
160,96,False,road_1_2_3_0,146.0617997105173
160,89,False,road_1_2_3_0,153.5739861145956
160,84,False,road_1_2_3_0,161.07902200690404
160,83,False,road_1_2_3_0,168.58216852170565
160,80,False,road_1_2_3_0,176.08321588743297
160,78,False,road_1_2_3_0,183.58430439741758
160,76,False,road_1_2_3_0,191.08534261238208
160,75,False,road_1_2_3_0,198.5863450330161
160,74,False,road_1_2_3_0,206.0875631009865
160,73,False,road_1_2_3_0,213.5886425778771
160,71,False,road_1_2_3_0,221.08964968690353
160,70,False,road_1_2_3_0,228.59070818878754
160,67,False,road_1_2_3_0,236.09171460779802
160,59,False,road_1_2_3_0,243.59274115745106
160,50,False,road_1_2_3_0,251.09374259974402
160,47,False,road_1_2_3_0,258.59476030642816
160,42,False,road_1_2_3_0,266.09576407704446
160,40,False,road_1_2_3_0,273.5967971047184
160,39,False,road_1_2_3_0,281.09789430063535
160,36,False,road_1_2_3_0,288.5989871368744
160,110,False,road_1_2_3_1,78.88184282002541
160,107,False,road_1_2_3_1,104.45076759771985
160,98,False,road_1_2_3_1,202.2021347605792
160,fake_intersection_1_1_E_1_82,True,road_1_2_3_1,231.68000000000004
160,fake_intersection_1_1_E_1_83,True,road_1_2_3_1,232.68000000000004
160,fake_intersection_1_1_E_1_84,True,road_1_2_3_1,233.68000000000004
160,60,False,road_1_2_3_1,281.0979003186288
160,43,False,road_1_2_3_1,288.5989272317505
160,58,False,road_2_1_2_0,251.09362258231383
160,52,False,road_2_1_2_0,258.59468424560754
160,49,False,road_2_1_2_0,266.0957790198245
160,45,False,road_2_1_2_0,273.5968101614765
160,37,False,road_2_1_2_0,281.097892808452
160,34,False,road_2_1_2_0,288.5989719023106
170,86,False,road_0_1_0_0,213.58871126590228
170,81,False,road_0_1_0_0,221.0897374176519
170,69,False,road_0_1_0_0,228.5907429600695
170,64,False,road_0_1_0_0,236.09174735580768
170,63,False,road_0_1_0_0,243.59276181588322
170,62,False,road_0_1_0_0,251.0937777630851
170,55,False,road_0_1_0_0,258.59477960317923
170,54,False,road_0_1_0_0,266.0957894004962
170,53,False,road_0_1_0_0,273.5968072222171
170,51,False,road_0_1_0_0,281.0978699298459
170,41,False,road_0_1_0_0,288.59891143369737
170,87,False,road_0_1_0_1,273.59685254274905
170,65,False,road_0_1_0_1,281.09786859690576
170,12,False,road_0_1_0_1,288.59891833547414
170,113,False,road_1_0_1_0,109.49643050007762
170,111,False,road_1_0_1_0,136.83388234071447
170,105,False,road_1_0_1_0,154.68158141411305
170,102,False,road_1_0_1_0,173.78876205096736
170,101,False,road_1_0_1_0,191.07319661129705
170,95,False,road_1_0_1_0,209.07752888778728
170,94,False,road_1_0_1_0,227.1273715745846
170,fake_intersection_1_1_W_0_85,True,road_1_0_1_0,231.68000000000004
170,93,False,road_1_0_1_0,245.37396941752246
170,92,False,road_1_0_1_0,263.2402600642918
170,fake_intersection_1_1_W_1_86,True,road_1_0_1_1,231.68000000000004
170,fake_intersection_1_1_W_1_87,True,road_1_0_1_1,232.68000000000004
170,90,False,road_1_1_1_0,17.814667074694725
170,85,False,road_1_1_1_0,57.36895603813072
170,82,False,road_1_1_1_0,106.96867996895142
170,77,False,road_1_1_1_0,147.43388243864814
170,72,False,road_1_1_1_0,215.0679980007118
170,66,False,road_1_1_1_0,255.12593846616343
170,88,False,road_1_1_1_1,37.81165846049217
170,79,False,road_1_1_1_1,139.48732787394007
170,68,False,road_1_1_1_1,271.5315321418335
170,91,False,road_1_1_2_0,4.072066791858344
170,115,False,road_1_2_3_0,48.18398791055429
170,114,False,road_1_2_3_0,66.06779886763412
170,112,False,road_1_2_3_0,76.76017459569756
170,109,False,road_1_2_3_0,85.48537988791601
170,108,False,road_1_2_3_0,93.43219268695263
170,106,False,road_1_2_3_0,101.05949432097016
170,104,False,road_1_2_3_0,108.57164637882278
170,103,False,road_1_2_3_0,116.07395365564649
170,100,False,road_1_2_3_0,123.57584034140221
170,99,False,road_1_2_3_0,131.07695483376023
170,97,False,road_1_2_3_0,138.57807313018526
170,96,False,road_1_2_3_0,146.07909978454384
170,89,False,road_1_2_3_0,153.58019457404387
170,84,False,road_1_2_3_0,161.08131900932608
170,83,False,road_1_2_3_0,168.58237192101555
170,80,False,road_1_2_3_0,176.083375693851
170,78,False,road_1_2_3_0,183.58442485748847
170,76,False,road_1_2_3_0,191.0854864710685
170,75,False,road_1_2_3_0,198.5865457967083
170,74,False,road_1_2_3_0,206.0875631009865
170,73,False,road_1_2_3_0,213.5886425778771
170,71,False,road_1_2_3_0,221.08964968690353
170,70,False,road_1_2_3_0,228.59070818878754
170,67,False,road_1_2_3_0,236.09171460779802
170,59,False,road_1_2_3_0,243.59274115745106
170,50,False,road_1_2_3_0,251.09374259974402
170,47,False,road_1_2_3_0,258.59476030642816
170,42,False,road_1_2_3_0,266.09576407704446
170,40,False,road_1_2_3_0,273.5967971047184
170,39,False,road_1_2_3_0,281.09789430063535
170,36,False,road_1_2_3_0,288.5989871368744
170,110,False,road_1_2_3_1,174.8275722478476
170,107,False,road_1_2_3_1,210.8503895901624
170,fake_intersection_1_1_E_1_88,True,road_1_2_3_1,231.68000000000004
170,fake_intersection_1_1_E_1_89,True,road_1_2_3_1,232.68000000000004
170,98,False,road_1_2_3_1,273.5849426626346
170,60,False,road_1_2_3_1,281.0979003186288
170,43,False,road_1_2_3_1,288.5989272317505
170,58,False,road_2_1_2_0,251.09362258231383
170,52,False,road_2_1_2_0,258.59468424560754
170,49,False,road_2_1_2_0,266.0957790198245
170,45,False,road_2_1_2_0,273.5968101614765
170,37,False,road_2_1_2_0,281.097892808452
170,34,False,road_2_1_2_0,288.5989719023106
180,95,False,:intersection_1_1_8_0,6.935186362140655
180,117,False,road_0_1_0_0,5.1
180,86,False,road_0_1_0_0,213.58871126590228
180,81,False,road_0_1_0_0,221.0897374176519
180,69,False,road_0_1_0_0,228.5907429600695
180,64,False,road_0_1_0_0,236.09174735580768
180,63,False,road_0_1_0_0,243.59276181588322
180,62,False,road_0_1_0_0,251.0937777630851
180,55,False,road_0_1_0_0,258.59477960317923
180,54,False,road_0_1_0_0,266.0957894004962
180,53,False,road_0_1_0_0,273.5968072222171
180,51,False,road_0_1_0_0,281.0978699298459
180,41,False,road_0_1_0_0,288.59891143369737
180,fake_intersection_1_1_S_1_94,True,road_0_1_0_1,231.68000000000004
180,87,False,road_0_1_0_1,273.59685254274905
180,65,False,road_0_1_0_1,281.09786859690576
180,12,False,road_0_1_0_1,288.59891833547414
180,116,False,road_1_0_1_0,116.06408201905403
180,113,False,road_1_0_1_0,205.77173934116882
180,111,False,road_1_0_1_0,224.27549021145344
180,105,False,road_1_0_1_0,241.5534473278249
180,102,False,road_1_0_1_0,260.3125273052693
180,101,False,road_1_0_1_0,278.12269721164535
180,fake_intersection_1_1_W_1_90,True,road_1_0_1_1,231.68000000000004
180,fake_intersection_1_1_W_1_91,True,road_1_0_1_1,232.68000000000004
180,94,False,road_1_1_1_0,3.5336053397604985
180,92,False,road_1_1_1_0,39.64040262975368
180,90,False,road_1_1_1_0,122.37432975252658
180,85,False,road_1_1_1_0,160.6155551787513
180,82,False,road_1_1_1_0,211.25957342463855
180,77,False,road_1_1_1_0,250.86210371530683
180,93,False,road_1_1_1_1,21.267116062343014
180,88,False,road_1_1_1_1,142.7970988320404
180,79,False,road_1_1_1_1,254.17555137597734
180,91,False,road_1_1_2_0,93.32771035043925
180,115,False,road_1_2_3_0,63.56166892543543
180,114,False,road_1_2_3_0,71.06805642272933
180,112,False,road_1_2_3_0,78.56969845256027
180,109,False,road_1_2_3_0,86.07073920827358
180,108,False,road_1_2_3_0,93.57200950788632
180,106,False,road_1_2_3_0,101.07313751103455
180,104,False,road_1_2_3_0,108.57417456943094
180,103,False,road_1_2_3_0,116.0752199488868
180,100,False,road_1_2_3_0,123.57623778628167
180,99,False,road_1_2_3_0,131.0772743796996
180,97,False,road_1_2_3_0,138.57827852989124
180,96,False,road_1_2_3_0,146.0792953718439
180,89,False,road_1_2_3_0,153.58030284295523
180,84,False,road_1_2_3_0,161.08131900932608
180,83,False,road_1_2_3_0,168.58237192101555
180,80,False,road_1_2_3_0,176.083375693851
180,78,False,road_1_2_3_0,183.58442485748847
180,76,False,road_1_2_3_0,191.0854864710685
180,75,False,road_1_2_3_0,198.5865457967083
180,74,False,road_1_2_3_0,206.0875631009865
180,73,False,road_1_2_3_0,213.5886425778771
180,71,False,road_1_2_3_0,221.08964968690353
180,70,False,road_1_2_3_0,228.59070818878754
180,67,False,road_1_2_3_0,236.09171460779802
180,59,False,road_1_2_3_0,243.59274115745106
180,50,False,road_1_2_3_0,251.09374259974402
180,47,False,road_1_2_3_0,258.59476030642816
180,42,False,road_1_2_3_0,266.09576407704446
180,40,False,road_1_2_3_0,273.5967971047184
180,39,False,road_1_2_3_0,281.09789430063535
180,36,False,road_1_2_3_0,288.5989871368744
180,fake_intersection_1_1_E_1_92,True,road_1_2_3_1,231.68000000000004
180,fake_intersection_1_1_E_1_93,True,road_1_2_3_1,232.68000000000004
180,110,False,road_1_2_3_1,258.2734183233545
180,107,False,road_1_2_3_1,266.09276267989327
180,98,False,road_1_2_3_1,273.5968980296062
180,60,False,road_1_2_3_1,281.0979003186288
180,43,False,road_1_2_3_1,288.5989272317505
180,58,False,road_2_1_2_0,251.09362258231383
180,52,False,road_2_1_2_0,258.59468424560754
180,49,False,road_2_1_2_0,266.0957790198245
180,45,False,road_2_1_2_0,273.5968101614765
180,37,False,road_2_1_2_0,281.097892808452
180,34,False,road_2_1_2_0,288.5989719023106
190,113,False,:intersection_1_1_8_0,4.06463339473504
190,124,False,road_0_1_0_0,20.602888895774477
190,117,False,road_0_1_0_0,91.40969608564646
190,86,False,road_0_1_0_0,213.58871126590228
190,81,False,road_0_1_0_0,221.0897374176519
190,69,False,road_0_1_0_0,228.5907429600695
190,64,False,road_0_1_0_0,236.09174735580768
190,63,False,road_0_1_0_0,243.59276181588322
190,62,False,road_0_1_0_0,251.0937777630851
190,55,False,road_0_1_0_0,258.59477960317923
190,54,False,road_0_1_0_0,266.0957894004962
190,53,False,road_0_1_0_0,273.5968072222171
190,51,False,road_0_1_0_0,281.0978699298459
190,41,False,road_0_1_0_0,288.59891143369737
190,fake_intersection_1_1_S_1_95,True,road_0_1_0_1,231.68000000000004
190,fake_intersection_1_1_S_1_96,True,road_0_1_0_1,232.68000000000004
190,fake_intersection_1_1_S_1_97,True,road_0_1_0_1,233.68000000000004
190,87,False,road_0_1_0_1,273.59685254274905
190,65,False,road_0_1_0_1,281.09786859690576
190,12,False,road_0_1_0_1,288.59891833547414
190,116,False,road_1_0_1_0,240.05086804775254
190,111,False,road_1_1_1_0,2.0550439706826893
190,102,False,road_1_1_1_0,46.62385859031954
190,101,False,road_1_1_1_0,66.99664623199591
190,94,False,road_1_1_1_0,108.73426218181694
190,92,False,road_1_1_1_0,126.65881533520775
190,90,False,road_1_1_1_0,232.82523085584424
190,85,False,road_1_1_1_0,261.79164616521615
190,105,False,road_1_1_1_1,28.599746315009547
190,95,False,road_1_1_1_1,92.3516378329967
190,93,False,road_1_1_1_1,118.47290642824287
190,88,False,road_1_1_1_1,248.68824935670733
190,91,False,road_1_1_2_0,183.5285222788889
190,115,False,road_1_2_3_0,63.56803344691435
190,114,False,road_1_2_3_0,71.0690645702591
190,112,False,road_1_2_3_0,78.57008585013105
190,109,False,road_1_2_3_0,86.07111054974666
190,108,False,road_1_2_3_0,93.57212276505925
190,106,False,road_1_2_3_0,101.07313751103455
190,104,False,road_1_2_3_0,108.57417456943094
190,103,False,road_1_2_3_0,116.0752199488868
190,100,False,road_1_2_3_0,123.57623778628167
190,99,False,road_1_2_3_0,131.0772743796996
190,97,False,road_1_2_3_0,138.57827852989124
190,96,False,road_1_2_3_0,146.0792953718439
190,89,False,road_1_2_3_0,153.58030284295523
190,84,False,road_1_2_3_0,161.08131900932608
190,83,False,road_1_2_3_0,168.58237192101555
190,80,False,road_1_2_3_0,176.083375693851
190,78,False,road_1_2_3_0,183.58442485748847
190,76,False,road_1_2_3_0,191.0854864710685
190,75,False,road_1_2_3_0,198.5865457967083
190,74,False,road_1_2_3_0,206.0875631009865
190,73,False,road_1_2_3_0,213.5886425778771
190,71,False,road_1_2_3_0,221.08964968690353
190,70,False,road_1_2_3_0,228.59070818878754
190,67,False,road_1_2_3_0,236.09171460779802
190,59,False,road_1_2_3_0,243.59274115745106
190,50,False,road_1_2_3_0,251.09374259974402
190,47,False,road_1_2_3_0,258.59476030642816
190,42,False,road_1_2_3_0,266.09576407704446
190,40,False,road_1_2_3_0,273.5967971047184
190,39,False,road_1_2_3_0,281.09789430063535
190,36,False,road_1_2_3_0,288.5989871368744
190,110,False,road_1_2_3_1,258.5947960857566
190,107,False,road_1_2_3_1,266.095878740663
190,98,False,road_1_2_3_1,273.5968980296062
190,60,False,road_1_2_3_1,281.0979003186288
190,43,False,road_1_2_3_1,288.5989272317505
190,123,False,road_2_1_2_0,5.1
190,122,False,road_2_1_2_0,14.497449318310201
190,120,False,road_2_1_2_0,38.20382451934407
190,118,False,road_2_1_2_0,64.75230158173692
190,58,False,road_2_1_2_0,251.09362258231383
190,52,False,road_2_1_2_0,258.59468424560754
190,49,False,road_2_1_2_0,266.0957790198245
190,45,False,road_2_1_2_0,273.5968101614765
190,37,False,road_2_1_2_0,281.097892808452
190,34,False,road_2_1_2_0,288.5989719023106
190,121,False,road_2_1_2_1,62.97632355187482
190,119,False,road_2_1_2_1,95.90530018562339
190,fake_intersection_1_1_N_1_98,True,road_2_1_2_1,231.68000000000004
190,fake_intersection_1_1_N_1_99,True,road_2_1_2_1,232.68000000000004
200,51,False,:intersection_1_1_12_0,6.640620130851289
200,37,False,:intersection_1_1_4_0,8.159297994904048
200,131,False,road_0_1_0_0,5.1
200,130,False,road_0_1_0_0,16.365484101685162
200,126,False,road_0_1_0_0,64.83813064084912
200,124,False,road_0_1_0_0,129.12987771795457
200,117,False,road_0_1_0_0,195.26899123619512
200,86,False,road_0_1_0_0,213.58871126590228
200,81,False,road_0_1_0_0,221.0897374176519
200,69,False,road_0_1_0_0,228.5907429600695
200,64,False,road_0_1_0_0,236.09174735580768
200,63,False,road_0_1_0_0,243.59276181588322
200,62,False,road_0_1_0_0,251.0937777630851
200,55,False,road_0_1_0_0,258.87020428395454
200,54,False,road_0_1_0_0,267.97621752027607
200,53,False,road_0_1_0_0,280.8301580419508
200,fake_intersection_1_1_S_1_100,True,road_0_1_0_1,231.68000000000004
200,fake_intersection_1_1_S_1_101,True,road_0_1_0_1,232.68000000000004
200,fake_intersection_1_1_S_1_102,True,road_0_1_0_1,233.68000000000004
200,87,False,road_0_1_0_1,273.59685254274905
200,65,False,road_0_1_0_1,281.09786859690576
200,12,False,road_0_1_0_1,288.59891833547414
200,116,False,road_1_0_1_0,288.59857120848176
200,41,False,road_1_1_0_0,4.105203801293534
200,111,False,road_1_1_1_0,91.56544378674477
200,102,False,road_1_1_1_0,146.65474441593457
200,101,False,road_1_1_1_0,167.21260544803164
200,94,False,road_1_1_1_0,195.66197755705247
200,92,False,road_1_1_1_0,214.66476780720444
200,113,False,road_1_1_1_1,84.36644334328156
200,105,False,road_1_1_1_1,141.51404196513712
200,95,False,road_1_1_1_1,195.3640930937972
200,93,False,road_1_1_1_1,214.59191655443115
200,34,False,road_1_1_2_0,7.27720709452101
200,91,False,road_1_1_2_0,274.8960741628598
200,115,False,road_1_2_3_0,63.56803344691435
200,114,False,road_1_2_3_0,71.0690645702591
200,112,False,road_1_2_3_0,78.57008585013105
200,109,False,road_1_2_3_0,86.07111054974666
200,108,False,road_1_2_3_0,93.57212276505925
200,106,False,road_1_2_3_0,101.07313751103455
200,104,False,road_1_2_3_0,108.57417456943094
200,103,False,road_1_2_3_0,116.0752199488868
200,100,False,road_1_2_3_0,123.57623778628167
200,99,False,road_1_2_3_0,131.0772743796996
200,97,False,road_1_2_3_0,138.57827852989124
200,96,False,road_1_2_3_0,146.0792953718439
200,89,False,road_1_2_3_0,153.58030284295523
200,84,False,road_1_2_3_0,161.08131900932608
200,83,False,road_1_2_3_0,168.58237192101555
200,80,False,road_1_2_3_0,176.083375693851
200,78,False,road_1_2_3_0,183.58442485748847
200,76,False,road_1_2_3_0,191.0854864710685
200,75,False,road_1_2_3_0,198.5865457967083
200,74,False,road_1_2_3_0,206.0875631009865
200,73,False,road_1_2_3_0,213.5886425778771
200,71,False,road_1_2_3_0,221.08964968690353
200,70,False,road_1_2_3_0,228.59070818878754
200,67,False,road_1_2_3_0,236.09171460779802
200,59,False,road_1_2_3_0,243.59274115745106
200,50,False,road_1_2_3_0,251.09374259974402
200,47,False,road_1_2_3_0,258.59476030642816
200,42,False,road_1_2_3_0,266.09576407704446
200,40,False,road_1_2_3_0,273.5967971047184
200,39,False,road_1_2_3_0,281.09789430063535
200,36,False,road_1_2_3_0,288.5989871368744
200,110,False,road_1_2_3_1,258.5947960857566
200,107,False,road_1_2_3_1,266.095878740663
200,98,False,road_1_2_3_1,273.5968980296062
200,60,False,road_1_2_3_1,281.0979003186288
200,43,False,road_1_2_3_1,288.5989272317505
200,129,False,road_2_1_2_0,20.391775542106082
200,127,False,road_2_1_2_0,37.79587098508012
200,125,False,road_2_1_2_0,68.55526479045974
200,123,False,road_2_1_2_0,88.64317787379727
200,122,False,road_2_1_2_0,117.24270739732066
200,120,False,road_2_1_2_0,137.33740318230076
200,118,False,road_2_1_2_0,167.44433375400325
200,58,False,road_2_1_2_0,251.09362258231383
200,52,False,road_2_1_2_0,259.2033687356546
200,49,False,road_2_1_2_0,269.2848903185877
200,45,False,road_2_1_2_0,282.0546109105242
200,128,False,road_2_1_2_1,52.857363191720566
200,121,False,road_2_1_2_1,178.75061258176592
200,119,False,road_2_1_2_1,209.396583853507
200,fake_intersection_1_1_N_1_103,True,road_2_1_2_1,231.68000000000004
200,fake_intersection_1_1_N_1_104,True,road_2_1_2_1,232.68000000000004
210,62,False,:intersection_1_1_12_0,19.935530770706603
210,142,False,road_0_1_0_0,23.03631116075902
210,133,False,road_0_1_0_0,78.74709867259861
210,131,False,road_0_1_0_0,99.48930913078189
210,130,False,road_0_1_0_0,119.8419820760648
210,126,False,road_0_1_0_0,173.67695096339534
210,124,False,road_0_1_0_0,199.14429663698567
210,117,False,road_0_1_0_0,208.7441300243388
210,86,False,road_0_1_0_0,219.3668122446458
210,fake_intersection_1_1_S_0_108,True,road_0_1_0_0,231.68000000000004
210,fake_intersection_1_1_S_0_109,True,road_0_1_0_0,232.68000000000004
210,81,False,road_0_1_0_0,233.83863807520083
210,69,False,road_0_1_0_0,248.66723093661065
210,64,False,road_0_1_0_0,268.65525511638657
210,63,False,road_0_1_0_0,288.4327632120139
210,87,False,road_0_1_0_1,273.59685254274905
210,65,False,road_0_1_0_1,281.09786859690576
210,12,False,road_0_1_0_1,288.59891833547414
210,139,False,road_1_0_1_0,19.77824503082732
210,137,False,road_1_0_1_0,38.33464643006305
210,134,False,road_1_0_1_0,71.68847606186395
210,116,False,road_1_0_1_0,288.59899630943994
210,140,False,road_1_0_1_1,27.41289717318523
210,138,False,road_1_0_1_1,46.91040708343813
210,55,False,road_1_1_0_0,23.70006552841026
210,54,False,road_1_1_0_0,45.3444983891295
210,53,False,road_1_1_0_0,74.52008733000035
210,41,False,road_1_1_0_0,107.0561080529467
210,51,False,road_1_1_0_1,102.05437310319574
210,111,False,road_1_1_1_0,181.66970403526588
210,102,False,road_1_1_1_0,246.28822791922005
210,101,False,road_1_1_1_0,265.7065270780141
210,94,False,road_1_1_1_0,288.0663246863876
210,113,False,road_1_1_1_1,188.67818530839904
210,105,False,road_1_1_1_1,252.49832203060126
210,58,False,road_1_1_2_0,4.225945165319722
210,49,False,road_1_1_2_0,38.503402687776905
210,45,False,road_1_1_2_0,75.115018192615
210,34,False,road_1_1_2_0,109.76037601685194
210,52,False,road_1_1_2_1,23.05215455511783
210,37,False,road_1_1_2_1,103.09552081702692
210,115,False,road_1_2_3_0,63.56803344691435
210,114,False,road_1_2_3_0,71.0690645702591
210,112,False,road_1_2_3_0,78.57008585013105
210,109,False,road_1_2_3_0,86.07111054974666
210,108,False,road_1_2_3_0,93.57212276505925
210,106,False,road_1_2_3_0,101.07313751103455
210,104,False,road_1_2_3_0,108.57417456943094
210,103,False,road_1_2_3_0,116.0752199488868
210,100,False,road_1_2_3_0,123.57623778628167
210,99,False,road_1_2_3_0,131.0772743796996
210,97,False,road_1_2_3_0,138.57827852989124
210,96,False,road_1_2_3_0,146.0792953718439
210,89,False,road_1_2_3_0,153.58030284295523
210,84,False,road_1_2_3_0,161.08131900932608
210,83,False,road_1_2_3_0,168.58237192101555
210,80,False,road_1_2_3_0,176.083375693851
210,78,False,road_1_2_3_0,183.58442485748847
210,76,False,road_1_2_3_0,191.0854864710685
210,75,False,road_1_2_3_0,198.5865457967083
210,74,False,road_1_2_3_0,206.0875631009865
210,73,False,road_1_2_3_0,213.5886425778771
210,71,False,road_1_2_3_0,221.08964968690353
210,70,False,road_1_2_3_0,228.59070818878754
210,67,False,road_1_2_3_0,236.09171460779802
210,59,False,road_1_2_3_0,243.59274115745106
210,50,False,road_1_2_3_0,251.09374259974402
210,47,False,road_1_2_3_0,258.59476030642816
210,42,False,road_1_2_3_0,266.09576407704446
210,40,False,road_1_2_3_0,273.5967971047184
210,39,False,road_1_2_3_0,281.09789430063535
210,36,False,road_1_2_3_0,288.5989871368744
210,110,False,road_1_2_3_1,258.5947960857566
210,107,False,road_1_2_3_1,266.095878740663
210,98,False,road_1_2_3_1,273.5968980296062
210,60,False,road_1_2_3_1,281.0979003186288
210,43,False,road_1_2_3_1,288.5989272317505
210,141,False,road_2_1_2_0,26.695182126569666
210,136,False,road_2_1_2_0,50.34877385643659
210,135,False,road_2_1_2_0,68.27055245734559
210,132,False,road_2_1_2_0,84.86411184438983
210,129,False,road_2_1_2_0,102.8090425288962
210,127,False,road_2_1_2_0,120.16092478366946
210,125,False,road_2_1_2_0,176.21420538065206
210,123,False,road_2_1_2_0,196.75997800638171
210,122,False,road_2_1_2_0,215.88583905001295
210,120,False,road_2_1_2_0,234.7373091958208
210,118,False,road_2_1_2_0,270.68448586941616
210,128,False,road_2_1_2_1,171.94686985813755
210,fake_intersection_1_1_N_1_105,True,road_2_1_2_1,231.68000000000004
210,fake_intersection_1_1_N_1_106,True,road_2_1_2_1,232.68000000000004
210,fake_intersection_1_1_N_1_107,True,road_2_1_2_1,233.68000000000004
210,121,False,road_2_1_2_1,280.52887080249343
210,119,False,road_2_1_2_1,288.5818087985763
220,86,False,:intersection_1_1_12_0,16.943683953289273
220,123,False,:intersection_1_1_4_0,5.31970573429237
220,142,False,road_0_1_0_0,120.99722001997186
220,133,False,road_0_1_0_0,184.86724786862646
220,131,False,road_0_1_0_0,207.29868255087828
220,130,False,road_0_1_0_0,227.82122965506662
220,126,False,road_0_1_0_0,249.30985955818798
220,124,False,road_0_1_0_0,268.10722958371275
220,117,False,road_0_1_0_0,287.08083097554277
220,fake_intersection_1_1_S_1_110,True,road_0_1_0_1,231.68000000000004
220,fake_intersection_1_1_S_1_111,True,road_0_1_0_1,232.68000000000004
220,fake_intersection_1_1_S_1_112,True,road_0_1_0_1,233.68000000000004
220,87,False,road_0_1_0_1,273.59685254274905
220,65,False,road_0_1_0_1,281.09786859690576
220,12,False,road_0_1_0_1,288.59891833547414
220,146,False,road_1_0_1_0,5.1
220,144,False,road_1_0_1_0,57.46281345135935
220,143,False,road_1_0_1_0,99.58125903378387
220,139,False,road_1_0_1_0,119.63369473217075
220,137,False,road_1_0_1_0,142.32194612972555
220,134,False,road_1_0_1_0,202.06707342342247
220,116,False,road_1_0_1_0,288.59899630943994
220,140,False,road_1_0_1_1,131.21445985226643
220,138,False,road_1_0_1_1,151.03895295511404
220,81,False,road_1_1_0_0,16.184024748222505
220,64,False,road_1_1_0_0,55.109210293301274
220,63,False,road_1_1_0_0,81.21010195350715
220,62,False,road_1_1_0_0,105.6202930524971
220,55,False,road_1_1_0_0,127.20626930930572
220,54,False,road_1_1_0_0,149.96541859784858
220,41,False,road_1_1_0_0,206.008235065063
220,69,False,road_1_1_0_1,37.265507905731326
220,53,False,road_1_1_0_1,188.22420598431268
220,51,False,road_1_1_0_1,227.70038073908432
220,111,False,road_1_1_1_0,273.12775086367907
220,122,False,road_1_1_2_0,5.180716265958928
220,120,False,road_1_1_2_0,24.941648867324137
220,118,False,road_1_1_2_0,63.28543765156538
220,49,False,road_1_1_2_0,125.87507538202091
220,45,False,road_1_1_2_0,190.96731870233998
220,34,False,road_1_1_2_0,214.27254295912496
220,58,False,road_1_1_2_1,108.00860293950771
220,52,False,road_1_1_2_1,131.09998989394086
220,37,False,road_1_1_2_1,227.22778069603956
220,115,False,road_1_2_3_0,63.56803344691435
220,114,False,road_1_2_3_0,71.0690645702591
220,112,False,road_1_2_3_0,78.57008585013105
220,109,False,road_1_2_3_0,86.07111054974666
220,108,False,road_1_2_3_0,93.57212276505925
220,106,False,road_1_2_3_0,101.07313751103455
220,104,False,road_1_2_3_0,108.57417456943094
220,103,False,road_1_2_3_0,116.0752199488868
220,100,False,road_1_2_3_0,123.57623778628167
220,99,False,road_1_2_3_0,131.0772743796996
220,97,False,road_1_2_3_0,138.57827852989124
220,96,False,road_1_2_3_0,146.0792953718439
220,89,False,road_1_2_3_0,153.58030284295523
220,84,False,road_1_2_3_0,161.08131900932608
220,83,False,road_1_2_3_0,168.58237192101555
220,80,False,road_1_2_3_0,176.083375693851
220,78,False,road_1_2_3_0,183.58442485748847
220,76,False,road_1_2_3_0,191.0854864710685
220,75,False,road_1_2_3_0,198.5865457967083
220,74,False,road_1_2_3_0,206.0875631009865
220,73,False,road_1_2_3_0,213.5886425778771
220,71,False,road_1_2_3_0,221.08964968690353
220,70,False,road_1_2_3_0,228.59070818878754
220,67,False,road_1_2_3_0,236.09171460779802
220,59,False,road_1_2_3_0,243.59274115745106
220,50,False,road_1_2_3_0,251.09374259974402
220,47,False,road_1_2_3_0,258.59476030642816
220,42,False,road_1_2_3_0,266.09576407704446
220,40,False,road_1_2_3_0,273.5967971047184
220,39,False,road_1_2_3_0,281.09789430063535
220,36,False,road_1_2_3_0,288.5989871368744
220,110,False,road_1_2_3_1,258.5947960857566
220,107,False,road_1_2_3_1,266.095878740663
220,98,False,road_1_2_3_1,273.5968980296062
220,60,False,road_1_2_3_1,281.0979003186288
220,43,False,road_1_2_3_1,288.5989272317505
220,145,False,road_2_1_2_0,15.05897280772919
220,141,False,road_2_1_2_0,116.93758911116258
220,136,False,road_2_1_2_0,133.91334634027857
220,135,False,road_2_1_2_0,151.71144329817776
220,132,False,road_2_1_2_0,168.20619319422164
220,129,False,road_2_1_2_0,186.03633280599092
220,127,False,road_2_1_2_0,203.88470418427553
220,125,False,road_2_1_2_0,275.01870515134044
220,fake_intersection_1_1_N_1_113,True,road_2_1_2_1,231.68000000000004
220,fake_intersection_1_1_N_1_114,True,road_2_1_2_1,232.68000000000004
220,128,False,road_2_1_2_1,272.63923037235384
220,121,False,road_2_1_2_1,281.0979540917578
220,119,False,road_2_1_2_1,288.59899065995836
230,131,False,:intersection_1_1_12_0,20.540070446860426
230,142,False,road_0_1_0_0,219.19329506183303
230,fake_intersection_1_1_S_0_118,True,road_0_1_0_0,231.68000000000004
230,133,False,road_0_1_0_0,289.1916999177134
230,fake_intersection_1_1_S_1_119,True,road_0_1_0_1,231.68000000000004
230,87,False,road_0_1_0_1,273.59685254274905
230,65,False,road_0_1_0_1,281.09786859690576
230,12,False,road_0_1_0_1,288.59891833547414
230,149,False,road_1_0_1_0,5.1
230,148,False,road_1_0_1_0,55.44078019062966
230,147,False,road_1_0_1_0,77.56258949685791
230,146,False,road_1_0_1_0,97.38919700368075
230,144,False,road_1_0_1_0,130.3749307536365
230,143,False,road_1_0_1_0,198.17217214617392
230,139,False,road_1_0_1_0,216.78669543403444
230,137,False,road_1_0_1_0,247.47108093654876
230,134,False,road_1_0_1_0,281.0458830915719
230,116,False,road_1_0_1_0,288.59899630943994
230,140,False,road_1_0_1_1,235.6565378970407
230,138,False,road_1_0_1_1,254.60227108359823
230,130,False,road_1_1_0_0,19.684931066064827
230,126,False,road_1_1_0_0,39.781035009735234
230,117,False,road_1_1_0_0,78.67710395465531
230,86,False,road_1_1_0_0,98.87668805949859
230,81,False,road_1_1_0_0,119.15237148333286
230,64,False,road_1_1_0_0,153.18225397993206
230,63,False,road_1_1_0_0,182.34886778963875
230,55,False,road_1_1_0_0,230.13283935072695
230,54,False,road_1_1_0_0,253.39745657636874
230,124,False,road_1_1_0_1,59.843003996233236
230,69,False,road_1_1_0_1,144.8547884784842
230,62,False,road_1_1_0_1,211.00972473293655
230,123,False,road_1_1_2_0,91.3411650221498
230,120,False,road_1_1_2_0,121.86568123167731
230,118,False,road_1_1_2_0,169.6730596733941
230,49,False,road_1_1_2_0,214.930254064386
230,125,False,road_1_1_2_1,76.59858145664762
230,122,False,road_1_1_2_1,111.56097259904143
230,58,False,road_1_1_2_1,217.1898830388801
230,52,False,road_1_1_2_1,239.00337103308286
230,115,False,road_1_2_3_0,63.56803344691435
230,114,False,road_1_2_3_0,71.0690645702591
230,112,False,road_1_2_3_0,78.57008585013105
230,109,False,road_1_2_3_0,86.07111054974666
230,108,False,road_1_2_3_0,93.57212276505925
230,106,False,road_1_2_3_0,101.07313751103455
230,104,False,road_1_2_3_0,108.57417456943094
230,103,False,road_1_2_3_0,116.0752199488868
230,100,False,road_1_2_3_0,123.57623778628167
230,99,False,road_1_2_3_0,131.0772743796996
230,97,False,road_1_2_3_0,138.57827852989124
230,96,False,road_1_2_3_0,146.0792953718439
230,89,False,road_1_2_3_0,153.58030284295523
230,84,False,road_1_2_3_0,161.08131900932608
230,83,False,road_1_2_3_0,168.58237192101555
230,80,False,road_1_2_3_0,176.083375693851
230,78,False,road_1_2_3_0,183.58442485748847
230,76,False,road_1_2_3_0,191.0854864710685
230,75,False,road_1_2_3_0,198.5865457967083
230,74,False,road_1_2_3_0,206.0875631009865
230,73,False,road_1_2_3_0,213.5886425778771
230,71,False,road_1_2_3_0,221.08964968690353
230,70,False,road_1_2_3_0,228.59070818878754
230,67,False,road_1_2_3_0,236.09171460779802
230,59,False,road_1_2_3_0,243.59274115745106
230,50,False,road_1_2_3_0,251.09374259974402
230,47,False,road_1_2_3_0,258.59476030642816
230,42,False,road_1_2_3_0,266.09576407704446
230,40,False,road_1_2_3_0,273.5967971047184
230,39,False,road_1_2_3_0,281.09789430063535
230,36,False,road_1_2_3_0,288.5989871368744
230,110,False,road_1_2_3_1,258.5947960857566
230,107,False,road_1_2_3_1,266.095878740663
230,98,False,road_1_2_3_1,273.5968980296062
230,60,False,road_1_2_3_1,281.0979003186288
230,43,False,road_1_2_3_1,288.5989272317505
230,150,False,road_2_1_2_0,5.1
230,145,False,road_2_1_2_0,133.8171548534342
230,141,False,road_2_1_2_0,199.8613092541808
230,136,False,road_2_1_2_0,218.9482098873814
230,135,False,road_2_1_2_0,236.17757110977294
230,132,False,road_2_1_2_0,253.86317323317712
230,129,False,road_2_1_2_0,271.0180414966507
230,127,False,road_2_1_2_0,287.6952248917705
230,fake_intersection_1_1_N_1_115,True,road_2_1_2_1,231.68000000000004
230,fake_intersection_1_1_N_1_116,True,road_2_1_2_1,232.68000000000004
230,fake_intersection_1_1_N_1_117,True,road_2_1_2_1,233.68000000000004
230,128,False,road_2_1_2_1,273.5969356033311
230,121,False,road_2_1_2_1,281.0979540917578
230,119,False,road_2_1_2_1,288.59899065995836
240,136,False,:intersection_1_1_4_0,14.75793970654123
240,87,False,road_0_1_0_1,273.59685254274905
240,65,False,road_0_1_0_1,281.09786859690576
240,12,False,road_0_1_0_1,288.59891833547414
240,151,False,road_1_0_1_0,88.21617379295309
240,149,False,road_1_0_1_0,110.37575471998667
240,148,False,road_1_0_1_0,151.84953043235905
240,147,False,road_1_0_1_0,170.60339470813295
240,146,False,road_1_0_1_0,189.18037207674342
240,144,False,road_1_0_1_0,206.34762625110557
240,143,False,road_1_0_1_0,258.583365126435
240,139,False,road_1_0_1_0,266.0928777626096
240,137,False,road_1_0_1_0,273.5968426501162
240,134,False,road_1_0_1_0,281.09799582192835
240,116,False,road_1_0_1_0,288.59899630943994
240,fake_intersection_1_1_W_1_120,True,road_1_0_1_1,231.68000000000004
240,fake_intersection_1_1_W_1_121,True,road_1_0_1_1,232.68000000000004
240,140,False,road_1_0_1_1,281.09236146782786
240,138,False,road_1_0_1_1,288.5989237867349
240,142,False,road_1_1_0_0,6.090728138444717
240,133,False,road_1_1_0_0,86.51197470958982
240,130,False,road_1_1_0_0,125.98971975247012
240,126,False,road_1_1_0_0,148.74331816043707
240,117,False,road_1_1_0_0,181.92172740542532
240,86,False,road_1_1_0_0,203.85471996016912
240,81,False,road_1_1_0_0,224.8296546630433
240,64,False,road_1_1_0_0,251.46794928347987
240,63,False,road_1_1_0_0,286.85412122553987
240,131,False,road_1_1_0_1,109.11044147005313
240,124,False,road_1_1_0_1,171.30526127805516
240,69,False,road_1_1_0_1,252.0268487580421
240,135,False,road_1_1_2_0,12.374507781983677
240,132,False,road_1_1_2_0,30.677870879354522
240,127,False,road_1_1_2_0,59.98440682033104
240,123,False,road_1_1_2_0,198.8611555654278
240,120,False,road_1_1_2_0,219.74349735669267
240,118,False,road_1_1_2_0,274.6922385512963
240,129,False,road_1_1_2_1,52.44572576935399
240,125,False,road_1_1_2_1,198.14468635189485
240,122,False,road_1_1_2_1,218.40505176329123
240,115,False,road_1_2_3_0,63.56803344691435
240,114,False,road_1_2_3_0,71.0690645702591
240,112,False,road_1_2_3_0,78.57008585013105
240,109,False,road_1_2_3_0,86.07111054974666
240,108,False,road_1_2_3_0,93.57212276505925
240,106,False,road_1_2_3_0,101.07313751103455
240,104,False,road_1_2_3_0,108.57417456943094
240,103,False,road_1_2_3_0,116.0752199488868
240,100,False,road_1_2_3_0,123.57623778628167
240,99,False,road_1_2_3_0,131.0772743796996
240,97,False,road_1_2_3_0,138.57827852989124
240,96,False,road_1_2_3_0,146.0792953718439
240,89,False,road_1_2_3_0,153.58030284295523
240,84,False,road_1_2_3_0,161.08131900932608
240,83,False,road_1_2_3_0,168.58237192101555
240,80,False,road_1_2_3_0,176.083375693851
240,78,False,road_1_2_3_0,183.58442485748847
240,76,False,road_1_2_3_0,191.0854864710685
240,75,False,road_1_2_3_0,198.5865457967083
240,74,False,road_1_2_3_0,206.0875631009865
240,73,False,road_1_2_3_0,213.5886425778771
240,71,False,road_1_2_3_0,221.08964968690353
240,70,False,road_1_2_3_0,228.59070818878754
240,67,False,road_1_2_3_0,236.09171460779802
240,59,False,road_1_2_3_0,243.59274115745106
240,50,False,road_1_2_3_0,251.09374259974402
240,47,False,road_1_2_3_0,258.59476030642816
240,42,False,road_1_2_3_0,266.09576407704446
240,40,False,road_1_2_3_0,273.5967971047184
240,39,False,road_1_2_3_0,281.09789430063535
240,36,False,road_1_2_3_0,288.5989871368744
240,fake_intersection_1_1_E_1_122,True,road_1_2_3_1,231.68000000000004
240,110,False,road_1_2_3_1,258.5947960857566
240,107,False,road_1_2_3_1,266.095878740663
240,98,False,road_1_2_3_1,273.5968980296062
240,60,False,road_1_2_3_1,281.0979003186288
240,43,False,road_1_2_3_1,288.5989272317505
240,150,False,road_2_1_2_0,104.34801992616447
240,fake_intersection_1_1_N_0_123,True,road_2_1_2_0,231.68000000000004
240,fake_intersection_1_1_N_0_124,True,road_2_1_2_0,232.68000000000004
240,145,False,road_2_1_2_0,251.43926742261277
240,141,False,road_2_1_2_0,284.12150167984413
240,128,False,road_2_1_2_1,273.5969356033311
240,121,False,road_2_1_2_1,281.0979540917578
240,119,False,road_2_1_2_1,288.59899065995836
250,121,False,:intersection_1_1_6_0,9.693805979846084
250,87,False,road_0_1_0_1,273.59685254274905
250,65,False,road_0_1_0_1,281.09786859690576
250,12,False,road_0_1_0_1,288.59891833547414
250,151,False,road_1_0_1_0,194.00456729621615
250,149,False,road_1_0_1_0,211.88264959328083
250,148,False,road_1_0_1_0,226.69998874523623
250,147,False,road_1_0_1_0,235.68795926351973
250,146,False,road_1_0_1_0,243.56586781586742
250,144,False,road_1_0_1_0,251.09330302161422
250,143,False,road_1_0_1_0,258.59490011218645
250,139,False,road_1_0_1_0,266.09594915204093
250,137,False,road_1_0_1_0,273.59699081162836
250,134,False,road_1_0_1_0,281.09799582192835
250,116,False,road_1_0_1_0,288.59899630943994
250,fake_intersection_1_1_W_1_125,True,road_1_0_1_1,231.68000000000004
250,fake_intersection_1_1_W_1_126,True,road_1_0_1_1,232.68000000000004
250,140,False,road_1_0_1_1,281.09791296884384
250,138,False,road_1_0_1_1,288.5989237867349
250,142,False,road_1_1_0_0,101.19720295181101
250,133,False,road_1_1_0_0,193.87895324252753
250,130,False,road_1_1_0_0,233.58634980663388
250,126,False,road_1_1_0_0,255.02182309789495
250,117,False,road_1_1_0_0,286.7569842737234
250,131,False,road_1_1_0_1,221.38809031997735
250,124,False,road_1_1_0_1,283.7122289675858
250,145,False,road_1_1_2_0,60.26326301978264
250,136,False,road_1_1_2_0,105.73035836261377
250,132,False,road_1_1_2_0,126.02729687141773
250,127,False,road_1_1_2_0,144.8157046283835
250,141,False,road_1_1_2_1,88.8299225238459
250,135,False,road_1_1_2_1,115.30548989799
250,129,False,road_1_1_2_1,159.92603370787586
250,119,False,road_1_1_3_0,9.274562355407664
250,156,False,road_1_2_3_0,5.1
250,153,False,road_1_2_3_0,26.859082040598146
250,152,False,road_1_2_3_0,55.04223577923292
250,115,False,road_1_2_3_0,63.56803344691435
250,114,False,road_1_2_3_0,71.0690645702591
250,112,False,road_1_2_3_0,78.57008585013105
250,109,False,road_1_2_3_0,86.07111054974666
250,108,False,road_1_2_3_0,93.57212276505925
250,106,False,road_1_2_3_0,101.07313751103455
250,104,False,road_1_2_3_0,108.57417456943094
250,103,False,road_1_2_3_0,116.0752199488868
250,100,False,road_1_2_3_0,123.57623778628167
250,99,False,road_1_2_3_0,131.0772743796996
250,97,False,road_1_2_3_0,138.57827852989124
250,96,False,road_1_2_3_0,146.0792953718439
250,89,False,road_1_2_3_0,153.58030284295523
250,84,False,road_1_2_3_0,161.08131900932608
250,83,False,road_1_2_3_0,168.58237192101555
250,80,False,road_1_2_3_0,176.083375693851
250,78,False,road_1_2_3_0,183.58442485748847
250,76,False,road_1_2_3_0,191.0854864710685
250,75,False,road_1_2_3_0,198.5865457967083
250,74,False,road_1_2_3_0,206.0875631009865
250,73,False,road_1_2_3_0,213.5886425778771
250,71,False,road_1_2_3_0,221.08964968690353
250,70,False,road_1_2_3_0,228.59070818878754
250,fake_intersection_1_1_E_0_127,True,road_1_2_3_0,231.68000000000004
250,fake_intersection_1_1_E_0_128,True,road_1_2_3_0,232.68000000000004
250,67,False,road_1_2_3_0,236.09171460779802
250,59,False,road_1_2_3_0,243.59274115745106
250,50,False,road_1_2_3_0,251.09374259974402
250,47,False,road_1_2_3_0,258.59476030642816
250,42,False,road_1_2_3_0,266.09576407704446
250,40,False,road_1_2_3_0,273.5967971047184
250,39,False,road_1_2_3_0,281.09789430063535
250,36,False,road_1_2_3_0,288.5989871368744
250,fake_intersection_1_1_E_1_129,True,road_1_2_3_1,231.68000000000004
250,110,False,road_1_2_3_1,258.5947960857566
250,107,False,road_1_2_3_1,266.095878740663
250,98,False,road_1_2_3_1,273.5968980296062
250,60,False,road_1_2_3_1,281.0979003186288
250,43,False,road_1_2_3_1,288.5989272317505
250,154,False,road_2_1_2_0,16.07511345075978
250,150,False,road_2_1_2_0,203.45903016644655
250,128,False,road_2_1_2_1,282.2835052776101
260,140,False,:intersection_1_1_10_0,5.981859374283545
260,60,False,:intersection_1_1_2_0,7.794017581419061
260,157,False,road_0_1_0_0,108.61072503977704
260,158,False,road_0_1_0_1,71.6165711186268
260,87,False,road_0_1_0_1,273.59685254274905
260,65,False,road_0_1_0_1,281.09786859690576
260,12,False,road_0_1_0_1,288.59891833547414
260,151,False,road_1_0_1_0,213.58708110416651
260,149,False,road_1_0_1_0,221.0895697089113
260,148,False,road_1_0_1_0,228.5906651675825
260,147,False,road_1_0_1_0,236.09170303712656
260,146,False,road_1_0_1_0,243.59275282423104
260,144,False,road_1_0_1_0,251.0938423760341
260,143,False,road_1_0_1_0,258.59490011218645
260,139,False,road_1_0_1_0,266.09594915204093
260,137,False,road_1_0_1_0,273.59699081162836
260,134,False,road_1_0_1_0,281.09799582192835
260,116,False,road_1_0_1_0,288.59899630943994
260,fake_intersection_1_1_W_1_130,True,road_1_0_1_1,231.68000000000004
260,fake_intersection_1_1_W_1_131,True,road_1_0_1_1,232.68000000000004
260,43,False,road_1_1_0_0,6.079819992471929
260,142,False,road_1_1_0_0,200.2288273302044
260,138,False,road_1_1_2_0,5.783865722705123
260,136,False,road_1_1_2_0,194.1378802121023
260,132,False,road_1_1_2_0,211.66273249453263
260,127,False,road_1_1_2_0,228.77657289540505
260,129,False,road_1_1_2_0,263.2608850400152
260,145,False,road_1_1_2_1,177.69098174468525
260,141,False,road_1_1_2_1,200.80868917129123
260,135,False,road_1_1_2_1,221.5026334881496
260,121,False,road_1_1_3_0,99.96082649546322
260,119,False,road_1_1_3_0,120.31703874059201
260,159,False,road_1_2_3_0,33.45146251957687
260,156,False,road_1_2_3_0,41.04541493693182
260,153,False,road_1_2_3_0,48.565999825517956
260,152,False,road_1_2_3_0,56.06702958063213
260,115,False,road_1_2_3_0,63.56803344691435
260,114,False,road_1_2_3_0,71.0690645702591
260,112,False,road_1_2_3_0,78.57008585013105
260,109,False,road_1_2_3_0,86.07111054974666
260,108,False,road_1_2_3_0,93.57212276505925
260,106,False,road_1_2_3_0,101.07313751103455
260,104,False,road_1_2_3_0,108.57417456943094
260,103,False,road_1_2_3_0,116.0752199488868
260,100,False,road_1_2_3_0,123.57623778628167
260,99,False,road_1_2_3_0,131.0772743796996
260,97,False,road_1_2_3_0,138.57827852989124
260,96,False,road_1_2_3_0,146.0792953718439
260,89,False,road_1_2_3_0,153.58030284295523
260,84,False,road_1_2_3_0,161.08131900932608
260,83,False,road_1_2_3_0,168.58237192101555
260,80,False,road_1_2_3_0,176.083375693851
260,78,False,road_1_2_3_0,183.58442485748847
260,76,False,road_1_2_3_0,191.0854864710685
260,75,False,road_1_2_3_0,198.5865457967083
260,74,False,road_1_2_3_0,206.0875631009865
260,73,False,road_1_2_3_0,213.5886425778771
260,71,False,road_1_2_3_0,221.08964968690353
260,70,False,road_1_2_3_0,228.59070818878754
260,67,False,road_1_2_3_0,236.09171460779802
260,59,False,road_1_2_3_0,243.59274115745106
260,50,False,road_1_2_3_0,251.09374259974402
260,47,False,road_1_2_3_0,258.59476030642816
260,42,False,road_1_2_3_0,266.09576407704446
260,40,False,road_1_2_3_0,273.5967971047184
260,39,False,road_1_2_3_0,281.09789430063535
260,36,False,road_1_2_3_0,288.5989871368744
260,160,False,road_1_2_3_1,48.67206181323445
260,110,False,road_1_2_3_1,259.1780651665572
260,107,False,road_1_2_3_1,269.2343519979783
260,98,False,road_1_2_3_1,281.5672516763576
260,155,False,road_2_1_2_0,108.36713303145433
260,154,False,road_2_1_2_0,127.85388301281088
260,150,False,road_2_1_2_0,288.58554551239433
260,fake_intersection_1_1_N_1_132,True,road_2_1_2_1,231.68000000000004
260,fake_intersection_1_1_N_1_133,True,road_2_1_2_1,232.68000000000004
260,fake_intersection_1_1_N_1_134,True,road_2_1_2_1,233.68000000000004
260,128,False,road_2_1_2_1,288.5989822790706
270,162,False,road_0_1_0_0,56.78723705012628
270,161,False,road_0_1_0_0,85.07925667695487
270,157,False,road_0_1_0_0,224.4049256392605
270,158,False,road_0_1_0_1,163.24421996674047
270,87,False,road_0_1_0_1,273.59685254274905
270,65,False,road_0_1_0_1,281.09786859690576
270,12,False,road_0_1_0_1,288.59891833547414
270,151,False,road_1_0_1_0,213.5885587617173
270,149,False,road_1_0_1_0,221.0895697089113
270,148,False,road_1_0_1_0,228.5906651675825
270,147,False,road_1_0_1_0,236.09170303712656
270,146,False,road_1_0_1_0,243.59275282423104
270,144,False,road_1_0_1_0,251.0938423760341
270,143,False,road_1_0_1_0,258.59490011218645
270,139,False,road_1_0_1_0,266.09594915204093
270,137,False,road_1_0_1_0,273.59699081162836
270,134,False,road_1_0_1_0,281.09799582192835
270,116,False,road_1_0_1_0,288.59899630943994
270,fake_intersection_1_1_W_1_137,True,road_1_0_1_1,231.68000000000004
270,fake_intersection_1_1_W_1_138,True,road_1_0_1_1,232.68000000000004
270,110,False,road_1_1_0_0,16.83420390413799
270,107,False,road_1_1_0_0,46.22549295539239
270,98,False,road_1_1_0_0,73.58514107330954
270,43,False,road_1_1_0_0,113.51520973149911
270,60,False,road_1_1_0_1,93.49153642944096
270,138,False,road_1_1_2_0,110.20397279666683
270,136,False,road_1_1_2_0,279.1155331996041
270,140,False,road_1_1_2_1,94.94171698681204
270,119,False,road_1_1_3_0,233.43723684205366
270,121,False,road_1_1_3_1,215.78484987738898
270,159,False,road_1_2_3_0,33.56388454502261
270,156,False,road_1_2_3_0,41.06498040967135
270,153,False,road_1_2_3_0,48.565999825517956
270,152,False,road_1_2_3_0,56.06702958063213
270,115,False,road_1_2_3_0,63.56803344691435
270,114,False,road_1_2_3_0,71.0690645702591
270,112,False,road_1_2_3_0,78.57008585013105
270,109,False,road_1_2_3_0,86.07111054974666
270,108,False,road_1_2_3_0,93.57212276505925
270,106,False,road_1_2_3_0,101.07313751103455
270,104,False,road_1_2_3_0,108.57417456943094
270,103,False,road_1_2_3_0,116.0752199488868
270,100,False,road_1_2_3_0,123.57623778628167
270,99,False,road_1_2_3_0,131.0772743796996
270,97,False,road_1_2_3_0,138.57827852989124
270,96,False,road_1_2_3_0,146.0792953718439
270,89,False,road_1_2_3_0,153.58030284295523
270,84,False,road_1_2_3_0,161.08131900932608
270,83,False,road_1_2_3_0,168.58237192101555
270,80,False,road_1_2_3_0,176.083375693851
270,78,False,road_1_2_3_0,183.58442485748847
270,76,False,road_1_2_3_0,191.0854864710685
270,75,False,road_1_2_3_0,198.5865457967083
270,74,False,road_1_2_3_0,206.0875631009865
270,73,False,road_1_2_3_0,213.5886425778771
270,71,False,road_1_2_3_0,221.08964968690353
270,70,False,road_1_2_3_0,228.59070818878754
270,67,False,road_1_2_3_0,236.09171460779802
270,59,False,road_1_2_3_0,243.59274115745106
270,50,False,road_1_2_3_0,251.09374259974402
270,47,False,road_1_2_3_0,258.59476030642816
270,42,False,road_1_2_3_0,266.09576407704446
270,40,False,road_1_2_3_0,273.5967971047184
270,39,False,road_1_2_3_0,281.09789430063535
270,36,False,road_1_2_3_0,288.5989871368744
270,160,False,road_1_2_3_1,139.33580532968992
270,fake_intersection_1_1_E_1_135,True,road_1_2_3_1,231.68000000000004
270,fake_intersection_1_1_E_1_136,True,road_1_2_3_1,232.68000000000004
270,155,False,road_2_1_2_0,218.15575228535488
270,154,False,road_2_1_2_0,239.1414543518011
270,150,False,road_2_1_2_0,288.59899344760333
270,fake_intersection_1_1_N_1_139,True,road_2_1_2_1,231.68000000000004
270,128,False,road_2_1_2_1,288.5989822790706
280,162,False,road_0_1_0_0,160.39700883409836
280,161,False,road_0_1_0_0,196.55538971245105
280,fake_intersection_1_1_S_0_140,True,road_0_1_0_0,231.68000000000004
280,fake_intersection_1_1_S_0_141,True,road_0_1_0_0,232.68000000000004
280,157,False,road_0_1_0_0,288.5901249242915
280,fake_intersection_1_1_S_1_142,True,road_0_1_0_1,231.68000000000004
280,158,False,road_0_1_0_1,259.6906848640153
280,87,False,road_0_1_0_1,273.59685254274905
280,65,False,road_0_1_0_1,281.09786859690576
280,12,False,road_0_1_0_1,288.59891833547414
280,166,False,road_1_0_1_0,13.429622910445696
280,164,False,road_1_0_1_0,45.96833808902247
280,163,False,road_1_0_1_0,79.8829071999513
280,151,False,road_1_0_1_0,213.5885587617173
280,149,False,road_1_0_1_0,221.0895697089113
280,148,False,road_1_0_1_0,228.5906651675825
280,147,False,road_1_0_1_0,236.09170303712656
280,146,False,road_1_0_1_0,243.59275282423104
280,144,False,road_1_0_1_0,251.0938423760341
280,143,False,road_1_0_1_0,258.59490011218645
280,139,False,road_1_0_1_0,266.09594915204093
280,137,False,road_1_0_1_0,273.59699081162836
280,134,False,road_1_0_1_0,281.09799582192835
280,116,False,road_1_0_1_0,288.59899630943994
280,110,False,road_1_1_0_0,113.24027629891162
280,107,False,road_1_1_0_0,153.52136560934406
280,98,False,road_1_1_0_0,192.09663087169636
280,43,False,road_1_1_0_0,222.28010479242198
280,60,False,road_1_1_0_1,209.06512938781026
280,138,False,road_1_1_2_0,213.61404692268493
280,140,False,road_1_1_2_1,210.36402831789727
280,167,False,road_1_2_3_0,7.59160700051709
280,165,False,road_1_2_3_0,23.878522016270544
280,159,False,road_1_2_3_0,33.56388454502261
280,156,False,road_1_2_3_0,41.06498040967135
280,153,False,road_1_2_3_0,48.565999825517956
280,152,False,road_1_2_3_0,56.06702958063213
280,115,False,road_1_2_3_0,63.56803344691435
280,114,False,road_1_2_3_0,71.0690645702591
280,112,False,road_1_2_3_0,78.57008585013105
280,109,False,road_1_2_3_0,86.07111054974666
280,108,False,road_1_2_3_0,93.57212276505925
280,106,False,road_1_2_3_0,101.07313751103455
280,104,False,road_1_2_3_0,108.57417456943094
280,103,False,road_1_2_3_0,116.0752199488868
280,100,False,road_1_2_3_0,123.57623778628167
280,99,False,road_1_2_3_0,131.0772743796996
280,97,False,road_1_2_3_0,138.57827852989124
280,96,False,road_1_2_3_0,146.0792953718439
280,89,False,road_1_2_3_0,153.58030284295523
280,84,False,road_1_2_3_0,161.08131900932608
280,83,False,road_1_2_3_0,168.58237192101555
280,80,False,road_1_2_3_0,176.083375693851
280,78,False,road_1_2_3_0,183.58442485748847
280,76,False,road_1_2_3_0,191.0854864710685
280,75,False,road_1_2_3_0,198.5865457967083
280,74,False,road_1_2_3_0,206.0875631009865
280,73,False,road_1_2_3_0,213.5886425778771
280,71,False,road_1_2_3_0,221.08964968690353
280,70,False,road_1_2_3_0,228.59070818878754
280,67,False,road_1_2_3_0,236.09171460779802
280,59,False,road_1_2_3_0,243.59274115745106
280,50,False,road_1_2_3_0,251.09374259974402
280,47,False,road_1_2_3_0,258.59476030642816
280,42,False,road_1_2_3_0,266.09576407704446
280,40,False,road_1_2_3_0,273.5967971047184
280,39,False,road_1_2_3_0,281.09789430063535
280,36,False,road_1_2_3_0,288.5989871368744
280,160,False,road_1_2_3_1,231.089198484353
280,fake_intersection_1_1_N_0_143,True,road_2_1_2_0,231.68000000000004
280,fake_intersection_1_1_N_0_144,True,road_2_1_2_0,232.68000000000004
280,155,False,road_2_1_2_0,273.594034359293
280,154,False,road_2_1_2_0,281.0976851526332
280,150,False,road_2_1_2_0,288.59899344760333
280,128,False,road_2_1_2_1,288.5989822790706
290,161,False,:intersection_1_1_12_0,7.739473160630325
290,154,False,:intersection_1_1_4_0,9.266435802276895
290,178,False,road_0_1_0_0,16.52450629085859
290,177,False,road_0_1_0_0,38.22572535910376
290,169,False,road_0_1_0_0,81.64192822656551
290,fake_intersection_1_1_S_0_145,True,road_0_1_0_0,231.68000000000004
290,fake_intersection_1_1_S_0_146,True,road_0_1_0_0,232.68000000000004
290,162,False,road_0_1_0_0,264.5231333104798
290,170,False,road_0_1_0_1,67.35042906058723
290,fake_intersection_1_1_S_1_147,True,road_0_1_0_1,231.68000000000004
290,158,False,road_0_1_0_1,266.09576600500674
290,87,False,road_0_1_0_1,273.59685254274905
290,65,False,road_0_1_0_1,281.09786859690576
290,12,False,road_0_1_0_1,288.59891833547414
290,179,False,road_1_0_1_0,18.137839773183345
290,174,False,road_1_0_1_0,41.967861341506364
290,171,False,road_1_0_1_0,60.763598037762904
290,166,False,road_1_0_1_0,113.32962356659456
290,164,False,road_1_0_1_0,155.9242286395783
290,163,False,road_1_0_1_0,198.5735210304307
290,151,False,road_1_0_1_0,213.5885587617173
290,149,False,road_1_0_1_0,221.0895697089113
290,148,False,road_1_0_1_0,228.5906651675825
290,147,False,road_1_0_1_0,236.09170303712656
290,146,False,road_1_0_1_0,243.59275282423104
290,144,False,road_1_0_1_0,251.0938423760341
290,143,False,road_1_0_1_0,258.59490011218645
290,139,False,road_1_0_1_0,266.09594915204093
290,137,False,road_1_0_1_0,273.59699081162836
290,134,False,road_1_0_1_0,281.09799582192835
290,116,False,road_1_0_1_0,288.59899630943994
290,157,False,road_1_1_0_0,5.751397862874413
290,110,False,road_1_1_0_0,208.91557350239964
290,107,False,road_1_1_0_0,262.42461180107085
290,150,False,road_1_1_2_0,9.435857139436493
290,168,False,road_1_2_3_0,11.060080569428415
290,167,False,road_1_2_3_0,18.561803157844718
290,165,False,road_1_2_3_0,26.062869165030456
290,159,False,road_1_2_3_0,33.56388454502261
290,156,False,road_1_2_3_0,41.06498040967135
290,153,False,road_1_2_3_0,48.565999825517956
290,152,False,road_1_2_3_0,56.06702958063213
290,115,False,road_1_2_3_0,63.56803344691435
290,114,False,road_1_2_3_0,71.0690645702591
290,112,False,road_1_2_3_0,78.57008585013105
290,109,False,road_1_2_3_0,86.07111054974666
290,108,False,road_1_2_3_0,93.57212276505925
290,106,False,road_1_2_3_0,101.07313751103455
290,104,False,road_1_2_3_0,108.57417456943094
290,103,False,road_1_2_3_0,116.0752199488868
290,100,False,road_1_2_3_0,123.57623778628167
290,99,False,road_1_2_3_0,131.0772743796996
290,97,False,road_1_2_3_0,138.57827852989124
290,96,False,road_1_2_3_0,146.0792953718439
290,89,False,road_1_2_3_0,153.58030284295523
290,84,False,road_1_2_3_0,161.08131900932608
290,83,False,road_1_2_3_0,168.58237192101555
290,80,False,road_1_2_3_0,176.083375693851
290,78,False,road_1_2_3_0,183.58442485748847
290,76,False,road_1_2_3_0,191.0854864710685
290,75,False,road_1_2_3_0,198.5865457967083
290,74,False,road_1_2_3_0,206.0875631009865
290,73,False,road_1_2_3_0,213.5886425778771
290,71,False,road_1_2_3_0,221.08964968690353
290,70,False,road_1_2_3_0,228.59070818878754
290,67,False,road_1_2_3_0,236.09171460779802
290,59,False,road_1_2_3_0,243.59274115745106
290,50,False,road_1_2_3_0,251.09374259974402
290,47,False,road_1_2_3_0,258.59476030642816
290,42,False,road_1_2_3_0,266.09576407704446
290,40,False,road_1_2_3_0,273.5967971047184
290,39,False,road_1_2_3_0,281.09789430063535
290,36,False,road_1_2_3_0,288.5989871368744
290,173,False,road_1_2_3_1,88.62187759803234
290,160,False,road_1_2_3_1,288.591361650459
290,176,False,road_2_1_2_0,19.589870569778178
290,fake_intersection_1_1_N_0_148,True,road_2_1_2_0,231.68000000000004
290,fake_intersection_1_1_N_0_149,True,road_2_1_2_0,232.68000000000004
290,155,False,road_2_1_2_0,283.12575072044643
290,128,False,road_2_1_2_1,288.5989822790706
300,187,False,road_0_1_0_0,24.412180571207024
300,183,False,road_0_1_0_0,61.52087624836936
300,180,False,road_0_1_0_0,104.73693984265688
300,178,False,road_0_1_0_0,124.48439595438988
300,177,False,road_0_1_0_0,144.79078827906017
300,169,False,road_0_1_0_0,179.91222198932883
300,170,False,road_0_1_0_1,180.85843001799168
300,fake_intersection_1_1_S_1_152,True,road_0_1_0_1,231.68000000000004
300,fake_intersection_1_1_S_1_153,True,road_0_1_0_1,232.68000000000004
300,fake_intersection_1_1_S_1_154,True,road_0_1_0_1,233.68000000000004
300,158,False,road_0_1_0_1,266.09576600500674
300,87,False,road_0_1_0_1,273.59685254274905
300,65,False,road_0_1_0_1,281.09786859690576
300,12,False,road_0_1_0_1,288.59891833547414
300,188,False,road_1_0_1_0,14.86383022451009
300,181,False,road_1_0_1_0,88.99651041101598
300,179,False,road_1_0_1_0,116.68809812099036
300,174,False,road_1_0_1_0,135.51648782239505
300,171,False,road_1_0_1_0,154.18020787363747
300,166,False,road_1_0_1_0,191.0370912270028
300,164,False,road_1_0_1_0,198.58634840818533
300,163,False,road_1_0_1_0,206.08750389654605
300,151,False,road_1_0_1_0,213.5885587617173
300,149,False,road_1_0_1_0,221.0895697089113
300,148,False,road_1_0_1_0,228.5906651675825
300,147,False,road_1_0_1_0,236.09170303712656
300,146,False,road_1_0_1_0,243.59275282423104
300,144,False,road_1_0_1_0,251.0938423760341
300,143,False,road_1_0_1_0,258.59490011218645
300,139,False,road_1_0_1_0,266.09594915204093
300,137,False,road_1_0_1_0,273.59699081162836
300,134,False,road_1_0_1_0,281.09799582192835
300,116,False,road_1_0_1_0,288.59899630943994
300,162,False,road_1_1_0_0,56.69464436219599
300,161,False,road_1_1_0_0,96.1820899838284
300,157,False,road_1_1_0_0,118.49660225875562
300,155,False,road_1_1_2_0,79.32748179632719
300,150,False,road_1_1_2_0,110.31707644081689
300,154,False,road_1_1_2_1,96.58879528066069
300,168,False,road_1_2_3_0,11.06071843670381
300,167,False,road_1_2_3_0,18.561803157844718
300,165,False,road_1_2_3_0,26.062869165030456
300,159,False,road_1_2_3_0,33.56388454502261
300,156,False,road_1_2_3_0,41.06498040967135
300,153,False,road_1_2_3_0,48.565999825517956
300,152,False,road_1_2_3_0,56.06702958063213
300,115,False,road_1_2_3_0,63.56803344691435
300,114,False,road_1_2_3_0,71.0690645702591
300,112,False,road_1_2_3_0,78.57008585013105
300,109,False,road_1_2_3_0,86.07111054974666
300,108,False,road_1_2_3_0,93.57212276505925
300,106,False,road_1_2_3_0,101.07313751103455
300,104,False,road_1_2_3_0,108.57417456943094
300,103,False,road_1_2_3_0,116.0752199488868
300,100,False,road_1_2_3_0,123.57623778628167
300,99,False,road_1_2_3_0,131.0772743796996
300,97,False,road_1_2_3_0,138.57827852989124
300,96,False,road_1_2_3_0,146.0792953718439
300,89,False,road_1_2_3_0,153.58030284295523
300,84,False,road_1_2_3_0,161.08131900932608
300,83,False,road_1_2_3_0,168.58237192101555
300,80,False,road_1_2_3_0,176.083375693851
300,78,False,road_1_2_3_0,183.58442485748847
300,76,False,road_1_2_3_0,191.0854864710685
300,75,False,road_1_2_3_0,198.5865457967083
300,74,False,road_1_2_3_0,206.0875631009865
300,73,False,road_1_2_3_0,213.5886425778771
300,71,False,road_1_2_3_0,221.08964968690353
300,70,False,road_1_2_3_0,228.59070818878754
300,67,False,road_1_2_3_0,236.09171460779802
300,59,False,road_1_2_3_0,243.59274115745106
300,50,False,road_1_2_3_0,251.09374259974402
300,47,False,road_1_2_3_0,258.59476030642816
300,42,False,road_1_2_3_0,266.09576407704446
300,40,False,road_1_2_3_0,273.5967971047184
300,39,False,road_1_2_3_0,281.09789430063535
300,36,False,road_1_2_3_0,288.5989871368744
300,185,False,road_1_2_3_1,40.741430485168806
300,173,False,road_1_2_3_1,208.55725879962998
300,160,False,road_1_2_3_1,288.5989896115003
300,176,False,road_2_1_2_0,125.29619993620543
300,fake_intersection_1_1_N_0_150,True,road_2_1_2_0,231.68000000000004
300,fake_intersection_1_1_N_0_151,True,road_2_1_2_0,232.68000000000004
300,128,False,road_2_1_2_1,288.5989822790706
310,194,False,road_0_1_0_0,63.1447629233225
310,191,False,road_0_1_0_0,83.44736652370136
310,187,False,road_0_1_0_0,117.64931291630134
310,183,False,road_0_1_0_0,174.73057582127598
310,180,False,road_0_1_0_0,213.87455371094117
310,178,False,road_0_1_0_0,233.9324941988675
310,177,False,road_0_1_0_0,253.40332083926035
310,169,False,road_0_1_0_0,276.9795079548472
310,fake_intersection_1_1_S_1_157,True,road_0_1_0_1,231.68000000000004
310,fake_intersection_1_1_S_1_158,True,road_0_1_0_1,232.68000000000004
310,fake_intersection_1_1_S_1_159,True,road_0_1_0_1,233.68000000000004
310,170,False,road_0_1_0_1,258.51220316643423
310,158,False,road_0_1_0_1,266.09576600500674
310,87,False,road_0_1_0_1,273.59685254274905
310,65,False,road_0_1_0_1,281.09786859690576
310,12,False,road_0_1_0_1,288.59891833547414
310,202,False,road_1_0_1_0,5.1
310,198,False,road_1_0_1_0,18.679918523319355
310,188,False,road_1_0_1_0,112.67682370198021
310,181,False,road_1_0_1_0,160.95238797486994
310,179,False,road_1_0_1_0,168.5782052110651
310,174,False,road_1_0_1_0,176.08319444426368
310,171,False,road_1_0_1_0,183.58440646983453
310,166,False,road_1_0_1_0,191.08541984896712
310,164,False,road_1_0_1_0,198.58648895234558
310,163,False,road_1_0_1_0,206.08750389654605
310,151,False,road_1_0_1_0,213.5885587617173
310,149,False,road_1_0_1_0,221.0895697089113
310,148,False,road_1_0_1_0,228.5906651675825
310,147,False,road_1_0_1_0,236.09170303712656
310,146,False,road_1_0_1_0,243.59275282423104
310,144,False,road_1_0_1_0,251.0938423760341
310,143,False,road_1_0_1_0,258.59490011218645
310,139,False,road_1_0_1_0,266.09594915204093
310,137,False,road_1_0_1_0,273.59699081162836
310,134,False,road_1_0_1_0,281.09799582192835
310,116,False,road_1_0_1_0,288.59899630943994
310,203,False,road_1_0_1_1,5.1
310,199,False,road_1_0_1_1,30.68238151119331
310,162,False,road_1_1_0_0,160.07059276356978
310,161,False,road_1_1_0_0,208.17033005770907
310,157,False,road_1_1_0_0,231.36312394645535
310,155,False,road_1_1_2_0,191.35069973098905
310,150,False,road_1_1_2_0,210.62707198196404
310,154,False,road_1_1_2_1,209.13062094603816
310,168,False,road_1_2_3_0,11.06071843670381
310,167,False,road_1_2_3_0,18.561803157844718
310,165,False,road_1_2_3_0,26.062869165030456
310,159,False,road_1_2_3_0,33.56388454502261
310,156,False,road_1_2_3_0,41.06498040967135
310,153,False,road_1_2_3_0,48.565999825517956
310,152,False,road_1_2_3_0,56.06702958063213
310,115,False,road_1_2_3_0,63.56803344691435
310,114,False,road_1_2_3_0,71.0690645702591
310,112,False,road_1_2_3_0,78.57008585013105
310,109,False,road_1_2_3_0,86.07111054974666
310,108,False,road_1_2_3_0,93.57212276505925
310,106,False,road_1_2_3_0,101.07313751103455
310,104,False,road_1_2_3_0,108.57417456943094
310,103,False,road_1_2_3_0,116.0752199488868
310,100,False,road_1_2_3_0,123.57623778628167
310,99,False,road_1_2_3_0,131.0772743796996
310,97,False,road_1_2_3_0,138.57827852989124
310,96,False,road_1_2_3_0,146.0792953718439
310,89,False,road_1_2_3_0,153.58030284295523
310,84,False,road_1_2_3_0,161.08131900932608
310,83,False,road_1_2_3_0,168.58237192101555
310,80,False,road_1_2_3_0,176.083375693851
310,78,False,road_1_2_3_0,183.58442485748847
310,76,False,road_1_2_3_0,191.0854864710685
310,75,False,road_1_2_3_0,198.5865457967083
310,74,False,road_1_2_3_0,206.0875631009865
310,73,False,road_1_2_3_0,213.5886425778771
310,71,False,road_1_2_3_0,221.08964968690353
310,70,False,road_1_2_3_0,228.59070818878754
310,67,False,road_1_2_3_0,236.09171460779802
310,59,False,road_1_2_3_0,243.59274115745106
310,50,False,road_1_2_3_0,251.09374259974402
310,47,False,road_1_2_3_0,258.59476030642816
310,42,False,road_1_2_3_0,266.09576407704446
310,40,False,road_1_2_3_0,273.5967971047184
310,39,False,road_1_2_3_0,281.09789430063535
310,36,False,road_1_2_3_0,288.5989871368744
310,201,False,road_1_2_3_1,12.827396557238796
310,197,False,road_1_2_3_1,30.116474990986305
310,190,False,road_1_2_3_1,88.41582587941242
310,185,False,road_1_2_3_1,136.79979863163715
310,173,False,road_1_2_3_1,281.0922468706238
310,160,False,road_1_2_3_1,288.5989896115003
310,fake_intersection_1_1_N_0_155,True,road_2_1_2_0,231.68000000000004
310,fake_intersection_1_1_N_0_156,True,road_2_1_2_0,232.68000000000004
310,176,False,road_2_1_2_0,240.00315082534394
310,128,False,road_2_1_2_1,288.5989822790706
320,209,False,road_0_1_0_0,36.05400339792118
320,207,False,road_0_1_0_0,56.4422578874502
320,204,False,road_0_1_0_0,107.12998118699119
320,194,False,road_0_1_0_0,162.83042177074148
320,191,False,road_0_1_0_0,181.54645300058198
320,187,False,road_0_1_0_0,210.51915990721628
320,183,False,road_0_1_0_0,288.1000521788485
320,170,False,road_0_1_0_1,258.5947576138147
320,158,False,road_0_1_0_1,266.09576600500674
320,87,False,road_0_1_0_1,273.59685254274905
320,65,False,road_0_1_0_1,281.09786859690576
320,12,False,road_0_1_0_1,288.59891833547414
320,208,False,road_1_0_1_0,8.398997756887155
320,206,False,road_1_0_1_0,28.542799749845642
320,205,False,road_1_0_1_0,59.3096528206225
320,202,False,road_1_0_1_0,93.91038378708437
320,198,False,road_1_0_1_0,127.39822058255147
320,188,False,road_1_0_1_0,153.5802126131597
320,181,False,road_1_0_1_0,161.0812435218412
320,179,False,road_1_0_1_0,168.58230845906877
320,174,False,road_1_0_1_0,176.08335566547515
320,171,False,road_1_0_1_0,183.58440646983453
320,166,False,road_1_0_1_0,191.08541984896712
320,164,False,road_1_0_1_0,198.58648895234558
320,163,False,road_1_0_1_0,206.08750389654605
320,151,False,road_1_0_1_0,213.5885587617173
320,149,False,road_1_0_1_0,221.0895697089113
320,148,False,road_1_0_1_0,228.5906651675825
320,147,False,road_1_0_1_0,236.09170303712656
320,146,False,road_1_0_1_0,243.59275282423104
320,144,False,road_1_0_1_0,251.0938423760341
320,143,False,road_1_0_1_0,258.59490011218645
320,139,False,road_1_0_1_0,266.09594915204093
320,137,False,road_1_0_1_0,273.59699081162836
320,134,False,road_1_0_1_0,281.09799582192835
320,116,False,road_1_0_1_0,288.59899630943994
320,203,False,road_1_0_1_1,98.3463878873108
320,199,False,road_1_0_1_1,116.13411007483289
320,fake_intersection_1_1_W_1_160,True,road_1_0_1_1,231.68000000000004
320,fake_intersection_1_1_W_1_161,True,road_1_0_1_1,232.68000000000004
320,fake_intersection_1_1_W_1_162,True,road_1_0_1_1,233.68000000000004
320,180,False,road_1_1_0_0,5.2328296309609215
320,178,False,road_1_1_0_0,27.489848127318403
320,169,False,road_1_1_0_0,64.31501526515036
320,162,False,road_1_1_0_0,264.8805352401105
320,177,False,road_1_1_0_1,46.46727669970467
320,176,False,road_1_1_2_0,42.41151636547308
320,168,False,road_1_2_3_0,11.06071843670381
320,167,False,road_1_2_3_0,18.561803157844718
320,165,False,road_1_2_3_0,26.062869165030456
320,159,False,road_1_2_3_0,33.56388454502261
320,156,False,road_1_2_3_0,41.06498040967135
320,153,False,road_1_2_3_0,48.565999825517956
320,152,False,road_1_2_3_0,56.06702958063213
320,115,False,road_1_2_3_0,63.56803344691435
320,114,False,road_1_2_3_0,71.0690645702591
320,112,False,road_1_2_3_0,78.57008585013105
320,109,False,road_1_2_3_0,86.07111054974666
320,108,False,road_1_2_3_0,93.57212276505925
320,106,False,road_1_2_3_0,101.07313751103455
320,104,False,road_1_2_3_0,108.57417456943094
320,103,False,road_1_2_3_0,116.0752199488868
320,100,False,road_1_2_3_0,123.57623778628167
320,99,False,road_1_2_3_0,131.0772743796996
320,97,False,road_1_2_3_0,138.57827852989124
320,96,False,road_1_2_3_0,146.0792953718439
320,89,False,road_1_2_3_0,153.58030284295523
320,84,False,road_1_2_3_0,161.08131900932608
320,83,False,road_1_2_3_0,168.58237192101555
320,80,False,road_1_2_3_0,176.083375693851
320,78,False,road_1_2_3_0,183.58442485748847
320,76,False,road_1_2_3_0,191.0854864710685
320,75,False,road_1_2_3_0,198.5865457967083
320,74,False,road_1_2_3_0,206.0875631009865
320,73,False,road_1_2_3_0,213.5886425778771
320,71,False,road_1_2_3_0,221.08964968690353
320,70,False,road_1_2_3_0,228.59070818878754
320,67,False,road_1_2_3_0,236.09171460779802
320,59,False,road_1_2_3_0,243.59274115745106
320,50,False,road_1_2_3_0,251.09374259974402
320,47,False,road_1_2_3_0,258.59476030642816
320,42,False,road_1_2_3_0,266.09576407704446
320,40,False,road_1_2_3_0,273.5967971047184
320,39,False,road_1_2_3_0,281.09789430063535
320,36,False,road_1_2_3_0,288.5989871368744
320,201,False,road_1_2_3_1,99.38611250896525
320,197,False,road_1_2_3_1,119.32433256008655
320,190,False,road_1_2_3_1,183.05902840754135
320,fake_intersection_1_1_E_1_163,True,road_1_2_3_1,231.68000000000004
320,185,False,road_1_2_3_1,232.21340191040116
320,fake_intersection_1_1_E_1_164,True,road_1_2_3_1,232.68000000000004
320,173,False,road_1_2_3_1,281.09796876511876
320,160,False,road_1_2_3_1,288.5989896115003
320,128,False,road_2_1_2_1,288.5989822790706
330,187,False,:intersection_1_1_12_0,12.553538874045968
330,65,False,:intersection_1_1_14_0,10.026919200441101
330,209,False,road_0_1_0_0,136.3077029398763
330,207,False,road_0_1_0_0,156.9606806816277
330,204,False,road_0_1_0_0,221.46281278738562
330,194,False,road_0_1_0_0,260.8664739103675
330,191,False,road_0_1_0_0,279.2796192132819
330,170,False,road_0_1_0_1,259.0987737389297
330,158,False,road_0_1_0_1,269.42193851026485
330,87,False,road_0_1_0_1,281.8056491089684
330,221,False,road_1_0_1_0,8.84021125346193
330,213,False,road_1_0_1_0,24.43325091481072
330,212,False,road_1_0_1_0,48.70051474890939
330,211,False,road_1_0_1_0,75.57056641534255
330,208,False,road_1_0_1_0,99.06733987903544
330,206,False,road_1_0_1_0,122.56596166486301
330,205,False,road_1_0_1_0,131.00056648434085
330,202,False,road_1_0_1_0,138.57608967519525
330,198,False,road_1_0_1_0,146.07910210834646
330,188,False,road_1_0_1_0,153.5802126131597
330,181,False,road_1_0_1_0,161.0812435218412
330,179,False,road_1_0_1_0,168.58230845906877
330,174,False,road_1_0_1_0,176.08335566547515
330,171,False,road_1_0_1_0,183.58440646983453
330,166,False,road_1_0_1_0,191.08541984896712
330,164,False,road_1_0_1_0,198.58648895234558
330,163,False,road_1_0_1_0,206.08750389654605
330,151,False,road_1_0_1_0,213.5885587617173
330,149,False,road_1_0_1_0,221.0895697089113
330,148,False,road_1_0_1_0,228.5906651675825
330,147,False,road_1_0_1_0,236.09170303712656
330,146,False,road_1_0_1_0,243.59275282423104
330,144,False,road_1_0_1_0,251.0938423760341
330,143,False,road_1_0_1_0,258.59490011218645
330,139,False,road_1_0_1_0,266.09594915204093
330,137,False,road_1_0_1_0,273.59699081162836
330,134,False,road_1_0_1_0,281.09799582192835
330,116,False,road_1_0_1_0,288.59899630943994
330,214,False,road_1_0_1_1,83.46566049039086
330,203,False,road_1_0_1_1,183.64710494484254
330,199,False,road_1_0_1_1,201.28910758224606
330,fake_intersection_1_1_W_1_165,True,road_1_0_1_1,231.68000000000004
330,fake_intersection_1_1_W_1_166,True,road_1_0_1_1,232.68000000000004
330,fake_intersection_1_1_W_1_167,True,road_1_0_1_1,233.68000000000004
330,183,False,road_1_1_0_0,92.52525739127468
330,178,False,road_1_1_0_0,139.84717903942132
330,169,False,road_1_1_0_0,161.51949341009433
330,180,False,road_1_1_0_1,120.83933517797577
330,177,False,road_1_1_0_1,153.97954157882123
330,12,False,road_1_1_1_0,8.8031913790408
330,176,False,road_1_1_2_0,156.07206206128558
330,168,False,road_1_2_3_0,11.06071843670381
330,167,False,road_1_2_3_0,18.561803157844718
330,165,False,road_1_2_3_0,26.062869165030456
330,159,False,road_1_2_3_0,33.56388454502261
330,156,False,road_1_2_3_0,41.06498040967135
330,153,False,road_1_2_3_0,48.565999825517956
330,152,False,road_1_2_3_0,56.06702958063213
330,115,False,road_1_2_3_0,63.56803344691435
330,114,False,road_1_2_3_0,71.0690645702591
330,112,False,road_1_2_3_0,78.57008585013105
330,109,False,road_1_2_3_0,86.07111054974666
330,108,False,road_1_2_3_0,93.57212276505925
330,106,False,road_1_2_3_0,101.07313751103455
330,104,False,road_1_2_3_0,108.57417456943094
330,103,False,road_1_2_3_0,116.0752199488868
330,100,False,road_1_2_3_0,123.57623778628167
330,99,False,road_1_2_3_0,131.0772743796996
330,97,False,road_1_2_3_0,138.57827852989124
330,96,False,road_1_2_3_0,146.0792953718439
330,89,False,road_1_2_3_0,153.58030284295523
330,84,False,road_1_2_3_0,161.08131900932608
330,83,False,road_1_2_3_0,168.58237192101555
330,80,False,road_1_2_3_0,176.083375693851
330,78,False,road_1_2_3_0,183.58442485748847
330,76,False,road_1_2_3_0,191.0854864710685
330,75,False,road_1_2_3_0,198.5865457967083
330,74,False,road_1_2_3_0,206.0875631009865
330,73,False,road_1_2_3_0,213.5886425778771
330,71,False,road_1_2_3_0,221.08964968690353
330,70,False,road_1_2_3_0,228.59070818878754
330,67,False,road_1_2_3_0,236.09171460779802
330,59,False,road_1_2_3_0,243.59274115745106
330,50,False,road_1_2_3_0,251.09374259974402
330,47,False,road_1_2_3_0,258.59476030642816
330,42,False,road_1_2_3_0,266.09576407704446
330,40,False,road_1_2_3_0,273.5967971047184
330,39,False,road_1_2_3_0,281.09789430063535
330,36,False,road_1_2_3_0,288.5989871368744
330,201,False,road_1_2_3_1,190.69993610627102
330,197,False,road_1_2_3_1,210.0888981420573
330,fake_intersection_1_1_E_1_168,True,road_1_2_3_1,231.68000000000004
330,fake_intersection_1_1_E_1_169,True,road_1_2_3_1,232.68000000000004
330,190,False,road_1_2_3_1,265.45314562492763
330,185,False,road_1_2_3_1,273.59694551389794
330,173,False,road_1_2_3_1,281.09796876511876
330,160,False,road_1_2_3_1,288.5989896115003
330,220,False,road_2_1_2_0,35.5575194716872
330,128,False,road_2_1_2_1,288.5989822790706
340,fake_intersection_1_1_S_0_173,True,road_0_1_0_0,231.68000000000004
340,fake_intersection_1_1_S_0_174,True,road_0_1_0_0,232.68000000000004
340,209,False,road_0_1_0_0,239.294839815996
340,207,False,road_0_1_0_0,258.0303761660315
340,228,False,road_1_0_1_0,8.943761016759488
340,225,False,road_1_0_1_0,29.568513992438888
340,224,False,road_1_0_1_0,56.59287334554482
340,222,False,road_1_0_1_0,72.76866608712987
340,221,False,road_1_0_1_0,85.56468384195864
340,213,False,road_1_0_1_0,93.38875327940931
340,212,False,road_1_0_1_0,101.0211311947198
340,211,False,road_1_0_1_0,108.55939667843631
340,208,False,road_1_0_1_0,116.07496402194721
340,206,False,road_1_0_1_0,123.57609137287434
340,205,False,road_1_0_1_0,131.07709396251178
340,202,False,road_1_0_1_0,138.57809653116345
340,198,False,road_1_0_1_0,146.07910210834646
340,188,False,road_1_0_1_0,153.5802126131597
340,181,False,road_1_0_1_0,161.0812435218412
340,179,False,road_1_0_1_0,168.58230845906877
340,174,False,road_1_0_1_0,176.08335566547515
340,171,False,road_1_0_1_0,183.58440646983453
340,166,False,road_1_0_1_0,191.08541984896712
340,164,False,road_1_0_1_0,198.58648895234558
340,163,False,road_1_0_1_0,206.08750389654605
340,151,False,road_1_0_1_0,213.5885587617173
340,149,False,road_1_0_1_0,221.0895697089113
340,148,False,road_1_0_1_0,228.5906651675825
340,fake_intersection_1_1_W_0_170,True,road_1_0_1_0,231.68000000000004
340,fake_intersection_1_1_W_0_171,True,road_1_0_1_0,232.68000000000004
340,fake_intersection_1_1_W_0_172,True,road_1_0_1_0,233.68000000000004
340,147,False,road_1_0_1_0,236.09170303712656
340,146,False,road_1_0_1_0,243.59275282423104
340,144,False,road_1_0_1_0,251.0938423760341
340,143,False,road_1_0_1_0,258.59490011218645
340,139,False,road_1_0_1_0,266.09594915204093
340,137,False,road_1_0_1_0,273.59699081162836
340,134,False,road_1_0_1_0,281.09799582192835
340,116,False,road_1_0_1_0,288.59899630943994
340,226,False,road_1_0_1_1,120.95215519946561
340,214,False,road_1_0_1_1,168.68512444079892
340,203,False,road_1_0_1_1,268.75370092951727
340,199,False,road_1_0_1_1,284.9009612456997
340,204,False,road_1_1_0_0,24.070940817403827
340,191,False,road_1_1_0_0,65.12939726545811
340,187,False,road_1_1_0_0,83.56467595762479
340,183,False,road_1_1_0_0,205.35144071854324
340,178,False,road_1_1_0_0,239.44821796123884
340,169,False,road_1_1_0_0,258.164762972394
340,194,False,road_1_1_0_1,49.7413588890079
340,180,False,road_1_1_0_1,236.93382247424015
340,177,False,road_1_1_0_1,262.88803977423913
340,158,False,road_1_1_1_0,35.205710322065585
340,65,False,road_1_1_1_0,77.25860886082552
340,12,False,road_1_1_1_0,118.83699545336214
340,170,False,road_1_1_1_1,15.97254272068552
340,87,False,road_1_1_1_1,66.2592326470124
340,176,False,road_1_1_2_0,270.0001803703914
340,168,False,road_1_2_3_0,11.06071843670381
340,167,False,road_1_2_3_0,18.561803157844718
340,165,False,road_1_2_3_0,26.062869165030456
340,159,False,road_1_2_3_0,33.56388454502261
340,156,False,road_1_2_3_0,41.06498040967135
340,153,False,road_1_2_3_0,48.565999825517956
340,152,False,road_1_2_3_0,56.06702958063213
340,115,False,road_1_2_3_0,63.56803344691435
340,114,False,road_1_2_3_0,71.0690645702591
340,112,False,road_1_2_3_0,78.57008585013105
340,109,False,road_1_2_3_0,86.07111054974666
340,108,False,road_1_2_3_0,93.57212276505925
340,106,False,road_1_2_3_0,101.07313751103455
340,104,False,road_1_2_3_0,108.57417456943094
340,103,False,road_1_2_3_0,116.0752199488868
340,100,False,road_1_2_3_0,123.57623778628167
340,99,False,road_1_2_3_0,131.0772743796996
340,97,False,road_1_2_3_0,138.57827852989124
340,96,False,road_1_2_3_0,146.0792953718439
340,89,False,road_1_2_3_0,153.58030284295523
340,84,False,road_1_2_3_0,161.08131900932608
340,83,False,road_1_2_3_0,168.58237192101555
340,80,False,road_1_2_3_0,176.083375693851
340,78,False,road_1_2_3_0,183.58442485748847
340,76,False,road_1_2_3_0,191.0854864710685
340,75,False,road_1_2_3_0,198.5865457967083
340,74,False,road_1_2_3_0,206.0875631009865
340,73,False,road_1_2_3_0,213.5886425778771
340,71,False,road_1_2_3_0,221.08964968690353
340,70,False,road_1_2_3_0,228.59070818878754
340,67,False,road_1_2_3_0,236.09171460779802
340,59,False,road_1_2_3_0,243.59274115745106
340,50,False,road_1_2_3_0,251.09374259974402
340,47,False,road_1_2_3_0,258.59476030642816
340,42,False,road_1_2_3_0,266.09576407704446
340,40,False,road_1_2_3_0,273.5967971047184
340,39,False,road_1_2_3_0,281.09789430063535
340,36,False,road_1_2_3_0,288.5989871368744
340,201,False,road_1_2_3_1,251.01806129407015
340,197,False,road_1_2_3_1,258.59119937657306
340,190,False,road_1_2_3_1,266.095943397438
340,185,False,road_1_2_3_1,273.59694551389794
340,173,False,road_1_2_3_1,281.09796876511876
340,160,False,road_1_2_3_1,288.5989896115003
340,229,False,road_2_1_2_0,25.810100641071557
340,220,False,road_2_1_2_0,137.72263285107417
340,128,False,road_2_1_2_1,288.5989822790706
350,203,False,:intersection_1_1_10_0,9.44212034256441
350,173,False,:intersection_1_1_2_0,6.05360212343313
350,fake_intersection_1_1_S_0_179,True,road_0_1_0_0,231.68000000000004
350,209,False,road_0_1_0_0,281.09756775662436
350,207,False,road_0_1_0_0,288.59897654540066
350,228,False,road_1_0_1_0,56.021181783457706
350,225,False,road_1_0_1_0,63.56279606823231
350,224,False,road_1_0_1_0,71.06690428026957
350,222,False,road_1_0_1_0,78.56960022904688
350,221,False,road_1_0_1_0,86.07101105733734
350,213,False,road_1_0_1_0,93.57203075830058
350,212,False,road_1_0_1_0,101.07303693230493
350,211,False,road_1_0_1_0,108.57405653811605
350,208,False,road_1_0_1_0,116.07507127474373
350,206,False,road_1_0_1_0,123.57609137287434
350,205,False,road_1_0_1_0,131.07709396251178
350,202,False,road_1_0_1_0,138.57819870790726
350,198,False,road_1_0_1_0,146.07920559688733
350,188,False,road_1_0_1_0,153.5802126131597
350,181,False,road_1_0_1_0,161.0812435218412
350,179,False,road_1_0_1_0,168.58230845906877
350,174,False,road_1_0_1_0,176.08335566547515
350,171,False,road_1_0_1_0,183.58440646983453
350,166,False,road_1_0_1_0,191.08541984896712
350,164,False,road_1_0_1_0,198.58648895234558
350,163,False,road_1_0_1_0,206.08750389654605
350,151,False,road_1_0_1_0,213.5885587617173
350,149,False,road_1_0_1_0,221.0895697089113
350,148,False,road_1_0_1_0,228.5906651675825
350,fake_intersection_1_1_W_0_175,True,road_1_0_1_0,231.68000000000004
350,fake_intersection_1_1_W_0_176,True,road_1_0_1_0,232.68000000000004
350,fake_intersection_1_1_W_0_177,True,road_1_0_1_0,233.68000000000004
350,147,False,road_1_0_1_0,236.09170303712656
350,146,False,road_1_0_1_0,243.59275282423104
350,144,False,road_1_0_1_0,251.0938423760341
350,143,False,road_1_0_1_0,258.59490011218645
350,139,False,road_1_0_1_0,266.09594915204093
350,137,False,road_1_0_1_0,273.59699081162836
350,134,False,road_1_0_1_0,281.09799582192835
350,116,False,road_1_0_1_0,288.59899630943994
350,226,False,road_1_0_1_1,237.5935551424885
350,214,False,road_1_0_1_1,255.88773742231422
350,160,False,road_1_1_0_0,1.4512163086214436
350,204,False,road_1_1_0_0,137.12920992687148
350,191,False,road_1_1_0_0,157.47603013562218
350,187,False,road_1_1_0_0,175.66197386207986
350,194,False,road_1_1_0_1,154.3977346357991
350,158,False,road_1_1_1_0,131.27744491958097
350,65,False,road_1_1_1_0,170.01310440883418
350,12,False,road_1_1_1_0,228.1428398772545
350,170,False,road_1_1_1_1,130.1114551681317
350,87,False,road_1_1_1_1,175.9559171673696
350,199,False,road_1_1_2_0,4.464298354703541
350,168,False,road_1_2_3_0,11.06071843670381
350,167,False,road_1_2_3_0,18.561803157844718
350,165,False,road_1_2_3_0,26.062869165030456
350,159,False,road_1_2_3_0,33.56388454502261
350,156,False,road_1_2_3_0,41.06498040967135
350,153,False,road_1_2_3_0,48.565999825517956
350,152,False,road_1_2_3_0,56.06702958063213
350,115,False,road_1_2_3_0,63.56803344691435
350,114,False,road_1_2_3_0,71.0690645702591
350,112,False,road_1_2_3_0,78.57008585013105
350,109,False,road_1_2_3_0,86.07111054974666
350,108,False,road_1_2_3_0,93.57212276505925
350,106,False,road_1_2_3_0,101.07313751103455
350,104,False,road_1_2_3_0,108.57417456943094
350,103,False,road_1_2_3_0,116.0752199488868
350,100,False,road_1_2_3_0,123.57623778628167
350,99,False,road_1_2_3_0,131.0772743796996
350,97,False,road_1_2_3_0,138.57827852989124
350,96,False,road_1_2_3_0,146.0792953718439
350,89,False,road_1_2_3_0,153.58030284295523
350,84,False,road_1_2_3_0,161.08131900932608
350,83,False,road_1_2_3_0,168.58237192101555
350,80,False,road_1_2_3_0,176.083375693851
350,78,False,road_1_2_3_0,183.58442485748847
350,76,False,road_1_2_3_0,191.0854864710685
350,75,False,road_1_2_3_0,198.5865457967083
350,74,False,road_1_2_3_0,206.0875631009865
350,73,False,road_1_2_3_0,213.5886425778771
350,71,False,road_1_2_3_0,221.08964968690353
350,70,False,road_1_2_3_0,228.59070818878754
350,67,False,road_1_2_3_0,236.09171460779802
350,59,False,road_1_2_3_0,243.59274115745106
350,50,False,road_1_2_3_0,251.09374259974402
350,47,False,road_1_2_3_0,258.59476030642816
350,42,False,road_1_2_3_0,266.09576407704446
350,40,False,road_1_2_3_0,273.5967971047184
350,39,False,road_1_2_3_0,281.09789430063535
350,36,False,road_1_2_3_0,288.5989871368744
350,201,False,road_1_2_3_1,251.09384533235905
350,197,False,road_1_2_3_1,259.2092726452268
350,190,False,road_1_2_3_1,269.25137634360715
350,185,False,road_1_2_3_1,281.00600766297686
350,230,False,road_2_1_2_0,27.51309864281096
350,229,False,road_2_1_2_0,130.11354621840312
350,fake_intersection_1_1_N_0_178,True,road_2_1_2_0,231.68000000000004
350,220,False,road_2_1_2_0,242.3979191994941
350,231,False,road_2_1_2_1,11.25766735211946
350,128,False,road_2_1_2_1,288.5989822790706
360,201,False,:intersection_1_1_2_0,16.78469542399042
360,232,False,road_0_1_0_0,64.15955423267093
360,fake_intersection_1_1_S_0_183,True,road_0_1_0_0,231.68000000000004
360,fake_intersection_1_1_S_0_184,True,road_0_1_0_0,232.68000000000004
360,209,False,road_0_1_0_0,281.0979504117676
360,207,False,road_0_1_0_0,288.59897654540066
360,228,False,road_1_0_1_0,56.06692128219136
360,225,False,road_1_0_1_0,63.56792456915634
360,224,False,road_1_0_1_0,71.06895168972179
360,222,False,road_1_0_1_0,78.56999730254418
360,221,False,road_1_0_1_0,86.07101105733734
360,213,False,road_1_0_1_0,93.57203075830058
360,212,False,road_1_0_1_0,101.07303693230493
360,211,False,road_1_0_1_0,108.57405653811605
360,208,False,road_1_0_1_0,116.07507127474373
360,206,False,road_1_0_1_0,123.57609137287434
360,205,False,road_1_0_1_0,131.07709396251178
360,202,False,road_1_0_1_0,138.57819870790726
360,198,False,road_1_0_1_0,146.07920559688733
360,188,False,road_1_0_1_0,153.5802126131597
360,181,False,road_1_0_1_0,161.0812435218412
360,179,False,road_1_0_1_0,168.58230845906877
360,174,False,road_1_0_1_0,176.08335566547515
360,171,False,road_1_0_1_0,183.58440646983453
360,166,False,road_1_0_1_0,191.08541984896712
360,164,False,road_1_0_1_0,198.58648895234558
360,163,False,road_1_0_1_0,206.08750389654605
360,151,False,road_1_0_1_0,213.5885587617173
360,149,False,road_1_0_1_0,221.0895697089113
360,148,False,road_1_0_1_0,228.5906651675825
360,147,False,road_1_0_1_0,236.09170303712656
360,146,False,road_1_0_1_0,243.59275282423104
360,144,False,road_1_0_1_0,251.0938423760341
360,143,False,road_1_0_1_0,258.59490011218645
360,139,False,road_1_0_1_0,266.09594915204093
360,137,False,road_1_0_1_0,273.59699081162836
360,134,False,road_1_0_1_0,281.09799582192835
360,116,False,road_1_0_1_0,288.59899630943994
360,197,False,road_1_1_0_0,12.922356447482889
360,190,False,road_1_1_0_0,35.175978561439365
360,185,False,road_1_1_0_0,56.89624971461061
360,160,False,road_1_1_0_0,92.97677400709576
360,191,False,road_1_1_0_0,250.51188985486718
360,187,False,road_1_1_0_0,269.3015146488658
360,173,False,road_1_1_0_1,93.99773050797735
360,204,False,road_1_1_0_1,236.77175219229494
360,194,False,road_1_1_0_1,257.6211847348603
360,158,False,road_1_1_1_0,225.03144518399193
360,65,False,road_1_1_1_0,264.01852263541684
360,170,False,road_1_1_1_1,245.84198552069358
360,87,False,road_1_1_1_1,285.7855812009659
360,214,False,road_1_1_2_0,27.41057718500052
360,199,False,road_1_1_2_0,91.78045726694153
360,226,False,road_1_1_2_1,12.544447980618344
360,203,False,road_1_1_2_1,90.85622435279772
360,168,False,road_1_2_3_0,11.06071843670381
360,167,False,road_1_2_3_0,18.561803157844718
360,165,False,road_1_2_3_0,26.062869165030456
360,159,False,road_1_2_3_0,33.56388454502261
360,156,False,road_1_2_3_0,41.06498040967135
360,153,False,road_1_2_3_0,48.565999825517956
360,152,False,road_1_2_3_0,56.06702958063213
360,115,False,road_1_2_3_0,63.56803344691435
360,114,False,road_1_2_3_0,71.0690645702591
360,112,False,road_1_2_3_0,78.57008585013105
360,109,False,road_1_2_3_0,86.07111054974666
360,108,False,road_1_2_3_0,93.57212276505925
360,106,False,road_1_2_3_0,101.07313751103455
360,104,False,road_1_2_3_0,108.57417456943094
360,103,False,road_1_2_3_0,116.0752199488868
360,100,False,road_1_2_3_0,123.57623778628167
360,99,False,road_1_2_3_0,131.0772743796996
360,97,False,road_1_2_3_0,138.57827852989124
360,96,False,road_1_2_3_0,146.0792953718439
360,89,False,road_1_2_3_0,153.58030284295523
360,84,False,road_1_2_3_0,161.08131900932608
360,83,False,road_1_2_3_0,168.58237192101555
360,80,False,road_1_2_3_0,176.083375693851
360,78,False,road_1_2_3_0,183.58442485748847
360,76,False,road_1_2_3_0,191.0854864710685
360,75,False,road_1_2_3_0,198.5865457967083
360,74,False,road_1_2_3_0,206.0875631009865
360,73,False,road_1_2_3_0,213.5886425778771
360,71,False,road_1_2_3_0,221.08964968690353
360,70,False,road_1_2_3_0,228.59070818878754
360,67,False,road_1_2_3_0,236.09171460779802
360,59,False,road_1_2_3_0,243.59274115745106
360,50,False,road_1_2_3_0,251.09374259974402
360,47,False,road_1_2_3_0,258.59476030642816
360,42,False,road_1_2_3_0,266.09576407704446
360,40,False,road_1_2_3_0,273.5967971047184
360,39,False,road_1_2_3_0,281.09789430063535
360,36,False,road_1_2_3_0,288.5989871368744
360,235,False,road_2_1_2_0,15.505019113211437
360,234,False,road_2_1_2_0,61.990651221475375
360,233,False,road_2_1_2_0,102.07231368596248
360,230,False,road_2_1_2_0,138.44930510874147
360,229,False,road_2_1_2_0,233.55686591462714
360,220,False,road_2_1_2_0,288.5989592764428
360,231,False,road_2_1_2_1,120.24165946766261
360,fake_intersection_1_1_N_1_180,True,road_2_1_2_1,231.68000000000004
360,fake_intersection_1_1_N_1_181,True,road_2_1_2_1,232.68000000000004
360,fake_intersection_1_1_N_1_182,True,road_2_1_2_1,233.68000000000004
360,128,False,road_2_1_2_1,288.5989822790706
370,229,False,:intersection_1_1_4_0,10.340312081566463
370,239,False,road_0_1_0_0,5.1
370,238,False,road_0_1_0_0,16.983849047766583
370,232,False,road_0_1_0_0,165.04156480362488
370,fake_intersection_1_1_S_0_187,True,road_0_1_0_0,231.68000000000004
370,fake_intersection_1_1_S_0_188,True,road_0_1_0_0,232.68000000000004
370,209,False,road_0_1_0_0,281.0979504117676
370,207,False,road_0_1_0_0,288.59897654540066
370,228,False,road_1_0_1_0,56.06692128219136
370,225,False,road_1_0_1_0,63.56792456915634
370,224,False,road_1_0_1_0,71.06895168972179
370,222,False,road_1_0_1_0,78.56999730254418
370,221,False,road_1_0_1_0,86.07101105733734
370,213,False,road_1_0_1_0,93.57203075830058
370,212,False,road_1_0_1_0,101.07303693230493
370,211,False,road_1_0_1_0,108.57405653811605
370,208,False,road_1_0_1_0,116.07507127474373
370,206,False,road_1_0_1_0,123.57609137287434
370,205,False,road_1_0_1_0,131.07719788687572
370,202,False,road_1_0_1_0,138.57819870790726
370,198,False,road_1_0_1_0,146.07920559688733
370,188,False,road_1_0_1_0,153.5802126131597
370,181,False,road_1_0_1_0,161.0812435218412
370,179,False,road_1_0_1_0,168.58230845906877
370,174,False,road_1_0_1_0,176.08335566547515
370,171,False,road_1_0_1_0,183.58440646983453
370,166,False,road_1_0_1_0,191.08541984896712
370,164,False,road_1_0_1_0,198.58648895234558
370,163,False,road_1_0_1_0,206.08750389654605
370,151,False,road_1_0_1_0,213.5885587617173
370,149,False,road_1_0_1_0,221.0895697089113
370,148,False,road_1_0_1_0,228.5906651675825
370,147,False,road_1_0_1_0,236.09170303712656
370,146,False,road_1_0_1_0,243.59275282423104
370,144,False,road_1_0_1_0,251.0938423760341
370,143,False,road_1_0_1_0,258.59490011218645
370,139,False,road_1_0_1_0,266.09594915204093
370,137,False,road_1_0_1_0,273.59699081162836
370,134,False,road_1_0_1_0,281.09799582192835
370,116,False,road_1_0_1_0,288.59899630943994
370,201,False,road_1_1_0_0,84.45258501126159
370,197,False,road_1_1_0_0,102.16323152694511
370,190,False,road_1_1_0_0,129.4663019502064
370,185,False,road_1_1_0_0,151.34355833032438
370,160,False,road_1_1_0_0,184.1777390511863
370,173,False,road_1_1_0_1,213.79235845919217
370,220,False,road_1_1_2_0,10.326122345914534
370,214,False,road_1_1_2_0,112.47760990911966
370,199,False,road_1_1_2_0,177.48479234067267
370,226,False,road_1_1_2_1,143.9463208709656
370,203,False,road_1_1_2_1,206.8170718059412
370,128,False,road_1_1_3_0,13.28822610602982
370,168,False,road_1_2_3_0,11.06071843670381
370,167,False,road_1_2_3_0,18.561803157844718
370,165,False,road_1_2_3_0,26.062869165030456
370,159,False,road_1_2_3_0,33.56388454502261
370,156,False,road_1_2_3_0,41.06498040967135
370,153,False,road_1_2_3_0,48.565999825517956
370,152,False,road_1_2_3_0,56.06702958063213
370,115,False,road_1_2_3_0,63.56803344691435
370,114,False,road_1_2_3_0,71.0690645702591
370,112,False,road_1_2_3_0,78.57008585013105
370,109,False,road_1_2_3_0,86.07111054974666
370,108,False,road_1_2_3_0,93.57212276505925
370,106,False,road_1_2_3_0,101.07313751103455
370,104,False,road_1_2_3_0,108.57417456943094
370,103,False,road_1_2_3_0,116.0752199488868
370,100,False,road_1_2_3_0,123.57623778628167
370,99,False,road_1_2_3_0,131.0772743796996
370,97,False,road_1_2_3_0,138.57827852989124
370,96,False,road_1_2_3_0,146.0792953718439
370,89,False,road_1_2_3_0,153.58030284295523
370,84,False,road_1_2_3_0,161.08131900932608
370,83,False,road_1_2_3_0,168.58237192101555
370,80,False,road_1_2_3_0,176.083375693851
370,78,False,road_1_2_3_0,183.58442485748847
370,76,False,road_1_2_3_0,191.0854864710685
370,75,False,road_1_2_3_0,198.5865457967083
370,74,False,road_1_2_3_0,206.0875631009865
370,73,False,road_1_2_3_0,213.5886425778771
370,71,False,road_1_2_3_0,221.08964968690353
370,70,False,road_1_2_3_0,228.59070818878754
370,67,False,road_1_2_3_0,236.09171460779802
370,59,False,road_1_2_3_0,243.59274115745106
370,50,False,road_1_2_3_0,251.09374259974402
370,47,False,road_1_2_3_0,258.59476030642816
370,42,False,road_1_2_3_0,266.09576407704446
370,40,False,road_1_2_3_0,273.5967971047184
370,39,False,road_1_2_3_0,281.09789430063535
370,36,False,road_1_2_3_0,288.5989871368744
370,fake_intersection_1_1_E_1_189,True,road_1_2_3_1,231.68000000000004
370,237,False,road_2_1_2_0,33.306143611875385
370,236,False,road_2_1_2_0,59.27622857491692
370,235,False,road_2_1_2_0,114.38098898608668
370,234,False,road_2_1_2_0,156.04933075697113
370,233,False,road_2_1_2_0,223.34770635774237
370,230,False,road_2_1_2_0,247.83291631125513
370,fake_intersection_1_1_N_1_185,True,road_2_1_2_1,231.68000000000004
370,fake_intersection_1_1_N_1_186,True,road_2_1_2_1,232.68000000000004
370,231,False,road_2_1_2_1,238.72307920677304
380,247,False,road_0_1_0_0,14.677431860171547
380,244,False,road_0_1_0_0,36.02636697597087
380,242,False,road_0_1_0_0,56.757466809966516
380,241,False,road_0_1_0_0,76.75518519469419
380,239,False,road_0_1_0_0,103.83786283329346
380,238,False,road_0_1_0_0,126.50223098537174
380,fake_intersection_1_1_S_0_193,True,road_0_1_0_0,231.68000000000004
380,fake_intersection_1_1_S_0_194,True,road_0_1_0_0,232.68000000000004
380,232,False,road_0_1_0_0,265.94620755238884
380,209,False,road_0_1_0_0,281.0979504117676
380,207,False,road_0_1_0_0,288.59897654540066
380,250,False,road_1_0_1_0,5.1
380,246,False,road_1_0_1_0,17.376848972654393
380,245,False,road_1_0_1_0,42.94882822329507
380,228,False,road_1_0_1_0,56.06692128219136
380,225,False,road_1_0_1_0,63.56792456915634
380,224,False,road_1_0_1_0,71.06895168972179
380,222,False,road_1_0_1_0,78.56999730254418
380,221,False,road_1_0_1_0,86.07101105733734
380,213,False,road_1_0_1_0,93.57203075830058
380,212,False,road_1_0_1_0,101.07303693230493
380,211,False,road_1_0_1_0,108.57417780874145
380,208,False,road_1_0_1_0,116.07518965379772
380,206,False,road_1_0_1_0,123.57619227085473
380,205,False,road_1_0_1_0,131.07719788687572
380,202,False,road_1_0_1_0,138.57819870790726
380,198,False,road_1_0_1_0,146.07920559688733
380,188,False,road_1_0_1_0,153.5802126131597
380,181,False,road_1_0_1_0,161.0812435218412
380,179,False,road_1_0_1_0,168.58230845906877
380,174,False,road_1_0_1_0,176.08335566547515
380,171,False,road_1_0_1_0,183.58440646983453
380,166,False,road_1_0_1_0,191.08541984896712
380,164,False,road_1_0_1_0,198.58648895234558
380,163,False,road_1_0_1_0,206.08750389654605
380,151,False,road_1_0_1_0,213.5885587617173
380,149,False,road_1_0_1_0,221.0895697089113
380,148,False,road_1_0_1_0,228.5906651675825
380,147,False,road_1_0_1_0,236.09170303712656
380,146,False,road_1_0_1_0,243.59275282423104
380,144,False,road_1_0_1_0,251.0938423760341
380,143,False,road_1_0_1_0,258.59490011218645
380,139,False,road_1_0_1_0,266.09594915204093
380,137,False,road_1_0_1_0,273.59699081162836
380,134,False,road_1_0_1_0,281.09799582192835
380,116,False,road_1_0_1_0,288.59899630943994
380,255,False,road_1_0_1_1,5.1
380,251,False,road_1_0_1_1,31.841464848245835
380,201,False,road_1_1_0_0,175.35895156271638
380,197,False,road_1_1_0_0,194.40529103747505
380,190,False,road_1_1_0_0,221.45219591798167
380,185,False,road_1_1_0_0,247.42194774491279
380,160,False,road_1_1_0_0,274.85664396259824
380,230,False,road_1_1_2_0,45.815605533556294
380,229,False,road_1_1_2_0,90.68263540154348
380,220,False,road_1_1_2_0,115.61361705667728
380,214,False,road_1_1_2_0,200.06891579294293
380,199,False,road_1_1_2_0,261.0809942650938
380,233,False,road_1_1_2_1,25.22549734812894
380,226,False,road_1_1_2_1,275.9499336290101
380,231,False,road_1_1_3_0,41.52960116165039
380,128,False,road_1_1_3_0,130.5257141026404
380,168,False,road_1_2_3_0,11.06071843670381
380,167,False,road_1_2_3_0,18.561803157844718
380,165,False,road_1_2_3_0,26.062869165030456
380,159,False,road_1_2_3_0,33.56388454502261
380,156,False,road_1_2_3_0,41.06498040967135
380,153,False,road_1_2_3_0,48.565999825517956
380,152,False,road_1_2_3_0,56.06702958063213
380,115,False,road_1_2_3_0,63.56803344691435
380,114,False,road_1_2_3_0,71.0690645702591
380,112,False,road_1_2_3_0,78.57008585013105
380,109,False,road_1_2_3_0,86.07111054974666
380,108,False,road_1_2_3_0,93.57212276505925
380,106,False,road_1_2_3_0,101.07313751103455
380,104,False,road_1_2_3_0,108.57417456943094
380,103,False,road_1_2_3_0,116.0752199488868
380,100,False,road_1_2_3_0,123.57623778628167
380,99,False,road_1_2_3_0,131.0772743796996
380,97,False,road_1_2_3_0,138.57827852989124
380,96,False,road_1_2_3_0,146.0792953718439
380,89,False,road_1_2_3_0,153.58030284295523
380,84,False,road_1_2_3_0,161.08131900932608
380,83,False,road_1_2_3_0,168.58237192101555
380,80,False,road_1_2_3_0,176.083375693851
380,78,False,road_1_2_3_0,183.58442485748847
380,76,False,road_1_2_3_0,191.0854864710685
380,75,False,road_1_2_3_0,198.5865457967083
380,74,False,road_1_2_3_0,206.0875631009865
380,73,False,road_1_2_3_0,213.5886425778771
380,71,False,road_1_2_3_0,221.08964968690353
380,70,False,road_1_2_3_0,228.59070818878754
380,67,False,road_1_2_3_0,236.09171460779802
380,59,False,road_1_2_3_0,243.59274115745106
380,50,False,road_1_2_3_0,251.09374259974402
380,47,False,road_1_2_3_0,258.59476030642816
380,42,False,road_1_2_3_0,266.09576407704446
380,40,False,road_1_2_3_0,273.5967971047184
380,39,False,road_1_2_3_0,281.09789430063535
380,36,False,road_1_2_3_0,288.5989871368744
380,243,False,road_2_1_2_0,74.05388367892809
380,240,False,road_2_1_2_0,93.15905699273752
380,237,False,road_2_1_2_0,126.74706747144565
380,236,False,road_2_1_2_0,168.2066613072702
380,235,False,road_2_1_2_0,214.33986082409012
380,234,False,road_2_1_2_0,248.926765284449
380,fake_intersection_1_1_N_1_190,True,road_2_1_2_1,231.68000000000004
380,fake_intersection_1_1_N_1_191,True,road_2_1_2_1,232.68000000000004
380,fake_intersection_1_1_N_1_192,True,road_2_1_2_1,233.68000000000004
390,256,False,road_0_1_0_0,55.4201287562211
390,249,False,road_0_1_0_0,79.18642166654142
390,248,False,road_0_1_0_0,99.56261223849222
390,247,False,road_0_1_0_0,117.87119244508939
390,244,False,road_0_1_0_0,138.019652804603
390,242,False,road_0_1_0_0,157.53589463751604
390,241,False,road_0_1_0_0,184.10796324352017
390,239,False,road_0_1_0_0,220.23882947541136
390,238,False,road_0_1_0_0,242.17451238778318
390,232,False,road_0_1_0_0,273.59681750984066
390,209,False,road_0_1_0_0,281.0979504117676
390,207,False,road_0_1_0_0,288.59897654540066
390,257,False,road_0_1_0_1,114.22889592133788
390,fake_intersection_1_1_S_1_198,True,road_0_1_0_1,231.68000000000004
390,fake_intersection_1_1_S_1_199,True,road_0_1_0_1,232.68000000000004
390,254,False,road_1_0_1_0,7.358747110569958
390,253,False,road_1_0_1_0,18.20648974592592
390,252,False,road_1_0_1_0,25.994559254076858
390,250,False,road_1_0_1_0,33.556246813028054
390,246,False,road_1_0_1_0,41.063603251726796
390,245,False,road_1_0_1_0,48.565821719349145
390,228,False,road_1_0_1_0,56.06692128219136
390,225,False,road_1_0_1_0,63.56792456915634
390,224,False,road_1_0_1_0,71.06895168972179
390,222,False,road_1_0_1_0,78.56999730254418
390,221,False,road_1_0_1_0,86.07101105733734
390,213,False,road_1_0_1_0,93.5721401794827
390,212,False,road_1_0_1_0,101.07314036034916
390,211,False,road_1_0_1_0,108.57417780874145
390,208,False,road_1_0_1_0,116.07518965379772
390,206,False,road_1_0_1_0,123.57619227085473
390,205,False,road_1_0_1_0,131.07719788687572
390,202,False,road_1_0_1_0,138.57819870790726
390,198,False,road_1_0_1_0,146.07920559688733
390,188,False,road_1_0_1_0,153.5802126131597
390,181,False,road_1_0_1_0,161.0812435218412
390,179,False,road_1_0_1_0,168.58230845906877
390,174,False,road_1_0_1_0,176.08335566547515
390,171,False,road_1_0_1_0,183.58440646983453
390,166,False,road_1_0_1_0,191.08541984896712
390,164,False,road_1_0_1_0,198.58648895234558
390,163,False,road_1_0_1_0,206.08750389654605
390,151,False,road_1_0_1_0,213.5885587617173
390,149,False,road_1_0_1_0,221.0895697089113
390,148,False,road_1_0_1_0,228.5906651675825
390,147,False,road_1_0_1_0,236.09170303712656
390,146,False,road_1_0_1_0,243.59275282423104
390,144,False,road_1_0_1_0,251.0938423760341
390,143,False,road_1_0_1_0,258.59490011218645
390,139,False,road_1_0_1_0,266.09594915204093
390,137,False,road_1_0_1_0,273.59699081162836
390,134,False,road_1_0_1_0,281.09799582192835
390,116,False,road_1_0_1_0,288.59899630943994
390,263,False,road_1_0_1_1,5.1
390,261,False,road_1_0_1_1,26.166205020575553
390,255,False,road_1_0_1_1,78.152350268078
390,251,False,road_1_0_1_1,121.68779351581999
390,201,False,road_1_1_0_0,264.7391549539185
390,197,False,road_1_1_0_0,285.46837635641657
390,235,False,road_1_1_2_0,3.332560378168516
390,234,False,road_1_1_2_0,33.0665381582257
390,230,False,road_1_1_2_0,154.93090272455854
390,229,False,road_1_1_2_0,195.2956335859783
390,220,False,road_1_1_2_0,220.03679821423623
390,214,False,road_1_1_2_0,286.84203636784133
390,233,False,road_1_1_2_1,144.8710906339812
390,231,False,road_1_1_3_0,162.6441123694275
390,128,False,road_1_1_3_0,248.15086833879388
390,168,False,road_1_2_3_0,11.06071843670381
390,167,False,road_1_2_3_0,18.561803157844718
390,165,False,road_1_2_3_0,26.062869165030456
390,159,False,road_1_2_3_0,33.56388454502261
390,156,False,road_1_2_3_0,41.06498040967135
390,153,False,road_1_2_3_0,48.565999825517956
390,152,False,road_1_2_3_0,56.06702958063213
390,115,False,road_1_2_3_0,63.56803344691435
390,114,False,road_1_2_3_0,71.0690645702591
390,112,False,road_1_2_3_0,78.57008585013105
390,109,False,road_1_2_3_0,86.07111054974666
390,108,False,road_1_2_3_0,93.57212276505925
390,106,False,road_1_2_3_0,101.07313751103455
390,104,False,road_1_2_3_0,108.57417456943094
390,103,False,road_1_2_3_0,116.0752199488868
390,100,False,road_1_2_3_0,123.57623778628167
390,99,False,road_1_2_3_0,131.0772743796996
390,97,False,road_1_2_3_0,138.57827852989124
390,96,False,road_1_2_3_0,146.0792953718439
390,89,False,road_1_2_3_0,153.58030284295523
390,84,False,road_1_2_3_0,161.08131900932608
390,83,False,road_1_2_3_0,168.58237192101555
390,80,False,road_1_2_3_0,176.083375693851
390,78,False,road_1_2_3_0,183.58442485748847
390,76,False,road_1_2_3_0,191.0854864710685
390,75,False,road_1_2_3_0,198.5865457967083
390,74,False,road_1_2_3_0,206.0875631009865
390,73,False,road_1_2_3_0,213.5886425778771
390,71,False,road_1_2_3_0,221.08964968690353
390,70,False,road_1_2_3_0,228.59070818878754
390,67,False,road_1_2_3_0,236.09171460779802
390,59,False,road_1_2_3_0,243.59274115745106
390,50,False,road_1_2_3_0,251.09374259974402
390,47,False,road_1_2_3_0,258.59476030642816
390,42,False,road_1_2_3_0,266.09576407704446
390,40,False,road_1_2_3_0,273.5967971047184
390,39,False,road_1_2_3_0,281.09789430063535
390,36,False,road_1_2_3_0,288.5989871368744
390,243,False,road_2_1_2_0,173.43078211069067
390,240,False,road_2_1_2_0,192.13868736733497
390,237,False,road_2_1_2_0,218.82275680099724
390,236,False,road_2_1_2_0,278.8218874428327
390,fake_intersection_1_1_N_1_195,True,road_2_1_2_1,231.68000000000004
390,fake_intersection_1_1_N_1_196,True,road_2_1_2_1,232.68000000000004
390,fake_intersection_1_1_N_1_197,True,road_2_1_2_1,233.68000000000004
400,240,False,:intersection_1_1_4_0,0.543626588265397
400,256,False,road_0_1_0_0,154.26603062461095
400,249,False,road_0_1_0_0,179.06305523812472
400,248,False,road_0_1_0_0,199.34987627039357
400,247,False,road_0_1_0_0,217.29422567917933
400,244,False,road_0_1_0_0,232.35143360293353
400,242,False,road_0_1_0_0,242.38879716823922
400,241,False,road_0_1_0_0,251.08737188893897
400,239,False,road_0_1_0_0,258.5945442517444
400,238,False,road_0_1_0_0,266.09581442336804
400,232,False,road_0_1_0_0,273.5969239862942
400,209,False,road_0_1_0_0,281.0979504117676
400,207,False,road_0_1_0_0,288.59897654540066
400,257,False,road_0_1_0_1,253.45137165819688
400,254,False,road_1_0_1_0,11.060682902474564
400,253,False,road_1_0_1_0,18.561707122204698
400,252,False,road_1_0_1_0,26.062728883794705
400,250,False,road_1_0_1_0,33.56383966496311
400,246,False,road_1_0_1_0,41.06489657868558
400,245,False,road_1_0_1_0,48.56598142067812
400,228,False,road_1_0_1_0,56.06703331048374
400,225,False,road_1_0_1_0,63.568065115388734
400,224,False,road_1_0_1_0,71.06906803560962
400,222,False,road_1_0_1_0,78.570098452415
400,221,False,road_1_0_1_0,86.07112870227016
400,213,False,road_1_0_1_0,93.5721401794827
400,212,False,road_1_0_1_0,101.07314036034916
400,211,False,road_1_0_1_0,108.57417780874145
400,208,False,road_1_0_1_0,116.07518965379772
400,206,False,road_1_0_1_0,123.57619227085473
400,205,False,road_1_0_1_0,131.07719788687572
400,202,False,road_1_0_1_0,138.57819870790726
400,198,False,road_1_0_1_0,146.07920559688733
400,188,False,road_1_0_1_0,153.5802126131597
400,181,False,road_1_0_1_0,161.0812435218412
400,179,False,road_1_0_1_0,168.58230845906877
400,174,False,road_1_0_1_0,176.08335566547515
400,171,False,road_1_0_1_0,183.58440646983453
400,166,False,road_1_0_1_0,191.08541984896712
400,164,False,road_1_0_1_0,198.58648895234558
400,163,False,road_1_0_1_0,206.08750389654605
400,151,False,road_1_0_1_0,213.5885587617173
400,149,False,road_1_0_1_0,221.0895697089113
400,148,False,road_1_0_1_0,228.5906651675825
400,147,False,road_1_0_1_0,236.09170303712656
400,146,False,road_1_0_1_0,243.59275282423104
400,144,False,road_1_0_1_0,251.0938423760341
400,143,False,road_1_0_1_0,258.59490011218645
400,139,False,road_1_0_1_0,266.09594915204093
400,137,False,road_1_0_1_0,273.59699081162836
400,134,False,road_1_0_1_0,281.09799582192835
400,116,False,road_1_0_1_0,288.59899630943994
400,263,False,road_1_0_1_1,104.84114628598971
400,261,False,road_1_0_1_1,132.8086607508363
400,255,False,road_1_0_1_1,149.5000606621298
400,251,False,road_1_0_1_1,213.82044597939722
400,fake_intersection_1_1_W_1_202,True,road_1_0_1_1,231.68000000000004
400,fake_intersection_1_1_W_1_203,True,road_1_0_1_1,232.68000000000004
400,237,False,road_1_1_2_0,1.0726451734930187
400,236,False,road_1_1_2_0,78.24524270586777
400,235,False,road_1_1_2_0,100.85755316053043
400,234,False,road_1_1_2_0,127.72702114065507
400,230,False,road_1_1_2_0,263.9118258882107
400,233,False,road_1_1_2_1,266.297859794822
400,231,False,road_1_1_3_0,281.8508429592867
400,168,False,road_1_2_3_0,11.06071843670381
400,167,False,road_1_2_3_0,18.561803157844718
400,165,False,road_1_2_3_0,26.062869165030456
400,159,False,road_1_2_3_0,33.56388454502261
400,156,False,road_1_2_3_0,41.06498040967135
400,153,False,road_1_2_3_0,48.565999825517956
400,152,False,road_1_2_3_0,56.06702958063213
400,115,False,road_1_2_3_0,63.56803344691435
400,114,False,road_1_2_3_0,71.0690645702591
400,112,False,road_1_2_3_0,78.57008585013105
400,109,False,road_1_2_3_0,86.07111054974666
400,108,False,road_1_2_3_0,93.57212276505925
400,106,False,road_1_2_3_0,101.07313751103455
400,104,False,road_1_2_3_0,108.57417456943094
400,103,False,road_1_2_3_0,116.0752199488868
400,100,False,road_1_2_3_0,123.57623778628167
400,99,False,road_1_2_3_0,131.0772743796996
400,97,False,road_1_2_3_0,138.57827852989124
400,96,False,road_1_2_3_0,146.0792953718439
400,89,False,road_1_2_3_0,153.58030284295523
400,84,False,road_1_2_3_0,161.08131900932608
400,83,False,road_1_2_3_0,168.58237192101555
400,80,False,road_1_2_3_0,176.083375693851
400,78,False,road_1_2_3_0,183.58442485748847
400,76,False,road_1_2_3_0,191.0854864710685
400,75,False,road_1_2_3_0,198.5865457967083
400,74,False,road_1_2_3_0,206.0875631009865
400,73,False,road_1_2_3_0,213.5886425778771
400,71,False,road_1_2_3_0,221.08964968690353
400,70,False,road_1_2_3_0,228.59070818878754
400,67,False,road_1_2_3_0,236.09171460779802
400,59,False,road_1_2_3_0,243.59274115745106
400,50,False,road_1_2_3_0,251.09374259974402
400,47,False,road_1_2_3_0,258.59476030642816
400,42,False,road_1_2_3_0,266.09576407704446
400,40,False,road_1_2_3_0,273.5967971047184
400,39,False,road_1_2_3_0,281.09789430063535
400,36,False,road_1_2_3_0,288.5989871368744
400,fake_intersection_1_1_E_1_204,True,road_1_2_3_1,231.68000000000004
400,fake_intersection_1_1_N_0_200,True,road_2_1_2_0,231.68000000000004
400,fake_intersection_1_1_N_0_201,True,road_2_1_2_0,232.68000000000004
400,243,False,road_2_1_2_0,270.71137979651985
410,209,False,:intersection_1_1_12_0,8.530762980403754
410,256,False,road_0_1_0_0,205.9883056496635
410,249,False,road_0_1_0_0,213.54958515711053
410,248,False,road_0_1_0_0,221.08233289072965
410,247,False,road_0_1_0_0,228.59061303308167
410,244,False,road_0_1_0_0,236.09169650559406
410,242,False,road_0_1_0_0,243.5926977517245
410,241,False,road_0_1_0_0,251.09375096657823
410,239,False,road_0_1_0_0,258.9491917739747
410,238,False,road_0_1_0_0,268.9059838462968
410,232,False,road_0_1_0_0,281.66925597173434
410,fake_intersection_1_1_S_1_205,True,road_0_1_0_1,231.68000000000004
410,fake_intersection_1_1_S_1_206,True,road_0_1_0_1,232.68000000000004
410,257,False,road_0_1_0_1,288.5989863402389
410,254,False,road_1_0_1_0,11.060682902474564
410,253,False,road_1_0_1_0,18.561707122204698
410,252,False,road_1_0_1_0,26.062829995105236
410,250,False,road_1_0_1_0,33.56383966496311
410,246,False,road_1_0_1_0,41.06489657868558
410,245,False,road_1_0_1_0,48.56598142067812
410,228,False,road_1_0_1_0,56.06703331048374
410,225,False,road_1_0_1_0,63.568065115388734
410,224,False,road_1_0_1_0,71.06906803560962
410,222,False,road_1_0_1_0,78.570098452415
410,221,False,road_1_0_1_0,86.07112870227016
410,213,False,road_1_0_1_0,93.5721401794827
410,212,False,road_1_0_1_0,101.07314036034916
410,211,False,road_1_0_1_0,108.57417780874145
410,208,False,road_1_0_1_0,116.07518965379772
410,206,False,road_1_0_1_0,123.57619227085473
410,205,False,road_1_0_1_0,131.07719788687572
410,202,False,road_1_0_1_0,138.57819870790726
410,198,False,road_1_0_1_0,146.07920559688733
410,188,False,road_1_0_1_0,153.5802126131597
410,181,False,road_1_0_1_0,161.0812435218412
410,179,False,road_1_0_1_0,168.58230845906877
410,174,False,road_1_0_1_0,176.08335566547515
410,171,False,road_1_0_1_0,183.58440646983453
410,166,False,road_1_0_1_0,191.08541984896712
410,164,False,road_1_0_1_0,198.58648895234558
410,163,False,road_1_0_1_0,206.08750389654605
410,151,False,road_1_0_1_0,213.5885587617173
410,149,False,road_1_0_1_0,221.0895697089113
410,148,False,road_1_0_1_0,228.5906651675825
410,147,False,road_1_0_1_0,236.09170303712656
410,146,False,road_1_0_1_0,243.59275282423104
410,144,False,road_1_0_1_0,251.0938423760341
410,143,False,road_1_0_1_0,258.59490011218645
410,139,False,road_1_0_1_0,266.09594915204093
410,137,False,road_1_0_1_0,273.59699081162836
410,134,False,road_1_0_1_0,281.09799582192835
410,116,False,road_1_0_1_0,288.59899630943994
410,263,False,road_1_0_1_1,190.53673098263357
410,261,False,road_1_0_1_1,205.6930330460126
410,255,False,road_1_0_1_1,221.29135998801686
410,fake_intersection_1_1_W_1_207,True,road_1_0_1_1,231.68000000000004
410,fake_intersection_1_1_W_1_208,True,road_1_0_1_1,232.68000000000004
410,251,False,road_1_0_1_1,288.51538127771664
410,207,False,road_1_1_0_0,5.919183721814022
410,243,False,road_1_1_2_0,57.351521997216764
410,237,False,road_1_1_2_0,92.97124002833039
410,235,False,road_1_1_2_0,201.04935117858315
410,234,False,road_1_1_2_0,221.87117867549247
410,240,False,road_1_1_2_1,75.60151614868528
410,236,False,road_1_1_2_1,185.1069415885452
410,36,False,road_1_1_3_0,36.16577446228633
410,168,False,road_1_2_3_0,11.06071843670381
410,167,False,road_1_2_3_0,18.561803157844718
410,165,False,road_1_2_3_0,26.062869165030456
410,159,False,road_1_2_3_0,33.56388454502261
410,156,False,road_1_2_3_0,41.06498040967135
410,153,False,road_1_2_3_0,48.565999825517956
410,152,False,road_1_2_3_0,56.06702958063213
410,115,False,road_1_2_3_0,63.56803344691435
410,114,False,road_1_2_3_0,71.0690645702591
410,112,False,road_1_2_3_0,78.57008585013105
410,109,False,road_1_2_3_0,86.07111054974666
410,108,False,road_1_2_3_0,93.57212276505925
410,106,False,road_1_2_3_0,101.07313751103455
410,104,False,road_1_2_3_0,108.57417456943094
410,103,False,road_1_2_3_0,116.0752199488868
410,100,False,road_1_2_3_0,123.57623778628167
410,99,False,road_1_2_3_0,131.0772743796996
410,97,False,road_1_2_3_0,138.57827852989124
410,96,False,road_1_2_3_0,146.0792953718439
410,89,False,road_1_2_3_0,153.58030284295523
410,84,False,road_1_2_3_0,161.08131900932608
410,83,False,road_1_2_3_0,168.58237192101555
410,80,False,road_1_2_3_0,176.083375693851
410,78,False,road_1_2_3_0,183.58442485748847
410,76,False,road_1_2_3_0,191.0854864710685
410,75,False,road_1_2_3_0,198.5865457967083
410,74,False,road_1_2_3_0,206.0875631009865
410,73,False,road_1_2_3_0,213.5886425778771
410,71,False,road_1_2_3_0,221.08964968690353
410,70,False,road_1_2_3_0,228.59070818878754
410,67,False,road_1_2_3_0,236.09171460779802
410,59,False,road_1_2_3_0,243.59274115745106
410,50,False,road_1_2_3_0,251.09374259974402
410,47,False,road_1_2_3_0,258.59476030642816
410,42,False,road_1_2_3_0,267.2957522673179
410,40,False,road_1_2_3_0,278.24012228250444
410,39,False,road_1_2_3_0,288.1205272186868
410,fake_intersection_1_1_E_1_209,True,road_1_2_3_1,231.68000000000004
420,242,False,:intersection_1_1_12_0,5.405426639099346
420,256,False,road_0_1_0_0,210.88048546875314
420,249,False,road_0_1_0_0,222.8298248424682
420,248,False,road_0_1_0_0,237.24874558847335
420,247,False,road_0_1_0_0,255.68300534251037
420,244,False,road_0_1_0_0,276.1195653935566
420,254,False,road_1_0_1_0,11.060787318850945
420,253,False,road_1_0_1_0,18.56181901818606
420,252,False,road_1_0_1_0,26.062829995105236
420,250,False,road_1_0_1_0,33.56383966496311
420,246,False,road_1_0_1_0,41.06489657868558
420,245,False,road_1_0_1_0,48.56598142067812
420,228,False,road_1_0_1_0,56.06703331048374
420,225,False,road_1_0_1_0,63.568065115388734
420,224,False,road_1_0_1_0,71.06906803560962
420,222,False,road_1_0_1_0,78.570098452415
420,221,False,road_1_0_1_0,86.07112870227016
420,213,False,road_1_0_1_0,93.5721401794827
420,212,False,road_1_0_1_0,101.07314036034916
420,211,False,road_1_0_1_0,108.57417780874145
420,208,False,road_1_0_1_0,116.07518965379772
420,206,False,road_1_0_1_0,123.57619227085473
420,205,False,road_1_0_1_0,131.07719788687572
420,202,False,road_1_0_1_0,138.57819870790726
420,198,False,road_1_0_1_0,146.07920559688733
420,188,False,road_1_0_1_0,153.5802126131597
420,181,False,road_1_0_1_0,161.0812435218412
420,179,False,road_1_0_1_0,168.58230845906877
420,174,False,road_1_0_1_0,176.08335566547515
420,171,False,road_1_0_1_0,183.58440646983453
420,166,False,road_1_0_1_0,191.08541984896712
420,164,False,road_1_0_1_0,198.58648895234558
420,163,False,road_1_0_1_0,206.08750389654605
420,151,False,road_1_0_1_0,213.5885587617173
420,149,False,road_1_0_1_0,221.0895697089113
420,148,False,road_1_0_1_0,228.5906651675825
420,147,False,road_1_0_1_0,236.09170303712656
420,146,False,road_1_0_1_0,243.59275282423104
420,144,False,road_1_0_1_0,251.0938423760341
420,143,False,road_1_0_1_0,258.59490011218645
420,139,False,road_1_0_1_0,266.09594915204093
420,137,False,road_1_0_1_0,273.59699081162836
420,134,False,road_1_0_1_0,281.09799582192835
420,116,False,road_1_0_1_0,288.59899630943994
420,278,False,road_1_0_1_1,11.914161465762714
420,271,False,road_1_0_1_1,65.00141347745844
420,fake_intersection_1_1_W_1_212,True,road_1_0_1_1,231.68000000000004
420,fake_intersection_1_1_W_1_213,True,road_1_0_1_1,232.68000000000004
420,263,False,road_1_0_1_1,261.5721713229543
420,261,False,road_1_0_1_1,272.1467645849582
420,255,False,road_1_0_1_1,281.08617426195946
420,251,False,road_1_0_1_1,288.5989690507963
420,241,False,road_1_1_0_0,9.13460664898512
420,239,False,road_1_1_0_0,32.9663330950344
420,232,False,road_1_1_0_0,67.37986402294544
420,209,False,road_1_1_0_0,86.79475399013658
420,207,False,road_1_1_0_0,109.3201434091432
420,238,False,road_1_1_0_1,50.925153040794925
420,257,False,road_1_1_1_0,5.508866011290081
420,243,False,road_1_1_2_0,162.31505588168255
420,237,False,road_1_1_2_0,184.75321949166837
420,240,False,road_1_1_2_1,173.0882292518586
420,36,False,road_1_1_3_0,139.2009521602508
420,168,False,road_1_2_3_0,11.06071843670381
420,167,False,road_1_2_3_0,18.561803157844718
420,165,False,road_1_2_3_0,26.062869165030456
420,159,False,road_1_2_3_0,33.56388454502261
420,156,False,road_1_2_3_0,41.06498040967135
420,153,False,road_1_2_3_0,48.565999825517956
420,152,False,road_1_2_3_0,56.06702958063213
420,115,False,road_1_2_3_0,63.56803344691435
420,114,False,road_1_2_3_0,71.0690645702591
420,112,False,road_1_2_3_0,78.57008585013105
420,109,False,road_1_2_3_0,86.07111054974666
420,108,False,road_1_2_3_0,93.57212276505925
420,106,False,road_1_2_3_0,101.07313751103455
420,104,False,road_1_2_3_0,108.57417456943094
420,103,False,road_1_2_3_0,116.0752199488868
420,100,False,road_1_2_3_0,123.57623778628167
420,99,False,road_1_2_3_0,131.0772743796996
420,97,False,road_1_2_3_0,138.57827852989124
420,96,False,road_1_2_3_0,146.0792953718439
420,89,False,road_1_2_3_0,153.58030284295523
420,84,False,road_1_2_3_0,161.08131900932608
420,83,False,road_1_2_3_0,168.58237192101555
420,80,False,road_1_2_3_0,176.083375693851
420,78,False,road_1_2_3_0,183.58442485748847
420,76,False,road_1_2_3_0,191.20516862249195
420,75,False,road_1_2_3_0,199.21524728406783
420,74,False,road_1_2_3_0,207.8560856643657
420,73,False,road_1_2_3_0,216.35982948450427
420,71,False,road_1_2_3_0,225.11005995500733
420,70,False,road_1_2_3_0,234.43217952772102
420,67,False,road_1_2_3_0,242.91913984009787
420,59,False,road_1_2_3_0,250.95573015550042
420,50,False,road_1_2_3_0,258.5786097699946
420,47,False,road_1_2_3_0,266.0920527825922
420,42,False,road_1_2_3_0,273.5967089735289
420,40,False,road_1_2_3_0,281.09798923063244
420,39,False,road_1_2_3_0,288.5989971112359
420,fake_intersection_1_1_E_1_214,True,road_1_2_3_1,231.68000000000004
420,276,False,road_2_1_2_0,22.29269799389293
420,268,False,road_2_1_2_0,95.42150108834076
420,fake_intersection_1_1_N_0_210,True,road_2_1_2_0,231.68000000000004
420,fake_intersection_1_1_N_0_211,True,road_2_1_2_0,232.68000000000004
430,256,False,:intersection_1_1_12_0,6.866648838347942
430,283,False,road_0_1_0_0,26.156064553780045
430,280,False,road_0_1_0_0,57.146393753536906
430,254,False,road_1_0_1_0,11.060787318850945
430,253,False,road_1_0_1_0,18.56181901818606
430,252,False,road_1_0_1_0,26.062829995105236
430,250,False,road_1_0_1_0,33.56383966496311
430,246,False,road_1_0_1_0,41.06489657868558
430,245,False,road_1_0_1_0,48.56598142067812
430,228,False,road_1_0_1_0,56.06703331048374
430,225,False,road_1_0_1_0,63.568065115388734
430,224,False,road_1_0_1_0,71.06906803560962
430,222,False,road_1_0_1_0,78.570098452415
430,221,False,road_1_0_1_0,86.07112870227016
430,213,False,road_1_0_1_0,93.5721401794827
430,212,False,road_1_0_1_0,101.07314036034916
430,211,False,road_1_0_1_0,108.57417780874145
430,208,False,road_1_0_1_0,116.07518965379772
430,206,False,road_1_0_1_0,123.57619227085473
430,205,False,road_1_0_1_0,131.07719788687572
430,202,False,road_1_0_1_0,138.57819870790726
430,198,False,road_1_0_1_0,146.07920559688733
430,188,False,road_1_0_1_0,153.5802126131597
430,181,False,road_1_0_1_0,161.0812435218412
430,179,False,road_1_0_1_0,168.58230845906877
430,174,False,road_1_0_1_0,176.08335566547515
430,171,False,road_1_0_1_0,183.58440646983453
430,166,False,road_1_0_1_0,191.08541984896712
430,164,False,road_1_0_1_0,198.58648895234558
430,163,False,road_1_0_1_0,206.08750389654605
430,151,False,road_1_0_1_0,213.5885587617173
430,149,False,road_1_0_1_0,221.0895697089113
430,148,False,road_1_0_1_0,228.5906651675825
430,fake_intersection_1_1_W_0_218,True,road_1_0_1_0,231.68000000000004
430,fake_intersection_1_1_W_0_219,True,road_1_0_1_0,232.68000000000004
430,147,False,road_1_0_1_0,236.09170303712656
430,146,False,road_1_0_1_0,243.59275282423104
430,144,False,road_1_0_1_0,251.0938423760341
430,143,False,road_1_0_1_0,258.59490011218645
430,139,False,road_1_0_1_0,266.09594915204093
430,137,False,road_1_0_1_0,273.59699081162836
430,134,False,road_1_0_1_0,281.09799582192835
430,116,False,road_1_0_1_0,288.59899630943994
430,278,False,road_1_0_1_1,112.22456831841049
430,271,False,road_1_0_1_1,155.42199713187227
430,263,False,road_1_0_1_1,266.09586124394923
430,261,False,road_1_0_1_1,273.5969203513895
430,255,False,road_1_0_1_1,281.0979286469578
430,251,False,road_1_0_1_1,288.5989690507963
430,249,False,road_1_1_0_0,8.08175757967674
430,247,False,road_1_1_0_0,49.73019094969694
430,242,False,road_1_1_0_0,84.60258267791296
430,241,False,road_1_1_0_0,115.61015344112397
430,239,False,road_1_1_0_0,148.45972081171485
430,232,False,road_1_1_0_0,168.29534745577956
430,209,False,road_1_1_0_0,190.9877365732488
430,207,False,road_1_1_0_0,212.85013618192013
430,248,False,road_1_1_0_1,29.13205942489816
430,244,False,road_1_1_0_1,66.92253062885416
430,238,False,road_1_1_0_1,166.54900388835821
430,257,False,road_1_1_1_0,140.28020857104732
430,243,False,road_1_1_2_0,257.10728528181056
430,237,False,road_1_1_2_0,274.838881287306
430,240,False,road_1_1_2_1,271.74971454142303
430,36,False,road_1_1_3_0,238.9991684414315
430,168,False,road_1_2_3_0,11.06071843670381
430,167,False,road_1_2_3_0,18.561803157844718
430,165,False,road_1_2_3_0,26.062869165030456
430,159,False,road_1_2_3_0,33.56388454502261
430,156,False,road_1_2_3_0,41.06498040967135
430,153,False,road_1_2_3_0,48.565999825517956
430,152,False,road_1_2_3_0,56.06702958063213
430,115,False,road_1_2_3_0,63.56803344691435
430,114,False,road_1_2_3_0,71.0690645702591
430,112,False,road_1_2_3_0,78.57008585013105
430,109,False,road_1_2_3_0,86.07111054974666
430,108,False,road_1_2_3_0,93.57212276505925
430,106,False,road_1_2_3_0,101.07313751103455
430,104,False,road_1_2_3_0,108.57417456943094
430,103,False,road_1_2_3_0,116.08115156338148
430,100,False,road_1_2_3_0,123.62797560004462
430,99,False,road_1_2_3_0,131.20228565641716
430,97,False,road_1_2_3_0,139.02856716222348
430,96,False,road_1_2_3_0,147.64364026625785
430,89,False,road_1_2_3_0,156.54289402325873
430,84,False,road_1_2_3_0,165.16979554901263
430,83,False,road_1_2_3_0,173.88291040594882
430,80,False,road_1_2_3_0,181.98556971492835
430,78,False,road_1_2_3_0,190.1038042958491
430,76,False,road_1_2_3_0,198.05810082421362
430,75,False,road_1_2_3_0,205.90073542805783
430,74,False,road_1_2_3_0,213.55303164231302
430,73,False,road_1_2_3_0,221.08413928011865
430,71,False,road_1_2_3_0,228.58972590811217
430,70,False,road_1_2_3_0,236.0916557588883
430,67,False,road_1_2_3_0,243.59279789371357
430,59,False,road_1_2_3_0,251.09389360208854
430,50,False,road_1_2_3_0,258.5949335982719
430,47,False,road_1_2_3_0,266.09594980192423
430,42,False,road_1_2_3_0,273.5969877584988
430,40,False,road_1_2_3_0,281.09798923063244
430,39,False,road_1_2_3_0,288.5989971112359
430,fake_intersection_1_1_E_1_215,True,road_1_2_3_1,231.68000000000004
430,fake_intersection_1_1_E_1_216,True,road_1_2_3_1,232.68000000000004
430,fake_intersection_1_1_E_1_217,True,road_1_2_3_1,233.68000000000004
430,284,False,road_2_1_2_0,20.149372639191625
430,276,False,road_2_1_2_0,113.89253848002983
430,268,False,road_2_1_2_0,195.27327979113616
430,285,False,road_2_1_2_1,26.579639588648455
440,255,False,:intersection_1_1_10_0,5.455512479835875
440,134,False,:intersection_1_1_8_0,8.020747537104077
440,289,False,road_0_1_0_0,80.49761569243341
440,283,False,road_0_1_0_0,134.97657596422377
440,280,False,road_0_1_0_0,158.47721709563373
440,254,False,road_1_0_1_0,11.060787318850945
440,253,False,road_1_0_1_0,18.56181901818606
440,252,False,road_1_0_1_0,26.062829995105236
440,250,False,road_1_0_1_0,33.56383966496311
440,246,False,road_1_0_1_0,41.06489657868558
440,245,False,road_1_0_1_0,48.56598142067812
440,228,False,road_1_0_1_0,56.06703331048374
440,225,False,road_1_0_1_0,63.568065115388734
440,224,False,road_1_0_1_0,71.06906803560962
440,222,False,road_1_0_1_0,78.570098452415
440,221,False,road_1_0_1_0,86.07112870227016
440,213,False,road_1_0_1_0,93.5721401794827
440,212,False,road_1_0_1_0,101.07314036034916
440,211,False,road_1_0_1_0,108.57417780874145
440,208,False,road_1_0_1_0,116.07518965379772
440,206,False,road_1_0_1_0,123.57619227085473
440,205,False,road_1_0_1_0,131.07719788687572
440,202,False,road_1_0_1_0,138.57819870790726
440,198,False,road_1_0_1_0,146.07920559688733
440,188,False,road_1_0_1_0,153.5802126131597
440,181,False,road_1_0_1_0,161.0812435218412
440,179,False,road_1_0_1_0,168.58230845906877
440,174,False,road_1_0_1_0,176.08335566547515
440,171,False,road_1_0_1_0,183.58440646983453
440,166,False,road_1_0_1_0,191.08541984896712
440,164,False,road_1_0_1_0,198.58648895234558
440,163,False,road_1_0_1_0,206.08750389654605
440,151,False,road_1_0_1_0,213.5885587617173
440,149,False,road_1_0_1_0,221.0895697089113
440,148,False,road_1_0_1_0,228.5906651675825
440,fake_intersection_1_1_W_0_223,True,road_1_0_1_0,231.68000000000004
440,fake_intersection_1_1_W_0_224,True,road_1_0_1_0,232.68000000000004
440,147,False,road_1_0_1_0,236.09170303712656
440,146,False,road_1_0_1_0,243.59275282423104
440,144,False,road_1_0_1_0,251.0938423760341
440,143,False,road_1_0_1_0,258.9117093855372
440,139,False,road_1_0_1_0,268.49400835534067
440,137,False,road_1_0_1_0,282.2223606297523
440,278,False,road_1_0_1_1,214.1032097131231
440,271,False,road_1_0_1_1,243.88500610593164
440,263,False,road_1_0_1_1,268.5497067231913
440,261,False,road_1_0_1_1,281.46394771273634
440,256,False,road_1_1_0_0,85.03598330489375
440,249,False,road_1_1_0_0,125.18883007417473
440,247,False,road_1_1_0_0,158.66895638706634
440,242,False,road_1_1_0_0,186.50792189020333
440,241,False,road_1_1_0_0,223.3854230717578
440,232,False,road_1_1_0_0,268.1408536025564
440,248,False,road_1_1_0_1,147.2898065029953
440,244,False,road_1_1_0_1,174.68928222191553
440,239,False,road_1_1_0_1,261.9120412653025
440,238,False,road_1_1_0_1,282.98115493514143
440,116,False,road_1_1_1_0,10.096159740399848
440,257,False,road_1_1_1_0,277.06805675802053
440,251,False,road_1_1_2_0,4.402536543334097
440,168,False,road_1_2_3_0,11.06071843670381
440,167,False,road_1_2_3_0,18.561803157844718
440,165,False,road_1_2_3_0,26.062869165030456
440,159,False,road_1_2_3_0,33.56388454502261
440,156,False,road_1_2_3_0,41.06518697473399
440,153,False,road_1_2_3_0,48.570880992373105
440,152,False,road_1_2_3_0,56.09445411976561
440,115,False,road_1_2_3_0,63.65404867012759
440,114,False,road_1_2_3_0,71.45256080342354
440,112,False,road_1_2_3_0,79.20618583098887
440,109,False,road_1_2_3_0,87.23730999391536
440,108,False,road_1_2_3_0,95.75907528018558
440,106,False,road_1_2_3_0,104.47114089353505
440,104,False,road_1_2_3_0,113.06492041950226
440,103,False,road_1_2_3_0,121.14271572343375
440,100,False,road_1_2_3_0,129.2602510874652
440,99,False,road_1_2_3_0,137.46170188039227
440,97,False,road_1_2_3_0,145.6115788080024
440,96,False,road_1_2_3_0,153.3202418407633
440,89,False,road_1_2_3_0,161.02976563300626
440,84,False,road_1_2_3_0,168.56353140349412
440,83,False,road_1_2_3_0,176.07593257432742
440,80,False,road_1_2_3_0,183.58347982266451
440,78,False,road_1_2_3_0,191.08532186288917
440,76,False,road_1_2_3_0,198.5864283099292
440,75,False,road_1_2_3_0,206.08757790607646
440,74,False,road_1_2_3_0,213.58860635401967
440,73,False,road_1_2_3_0,221.08963423629194
440,71,False,road_1_2_3_0,228.59069016664256
440,70,False,road_1_2_3_0,236.09177310733315
440,67,False,road_1_2_3_0,243.59279789371357
440,59,False,road_1_2_3_0,251.09389360208854
440,50,False,road_1_2_3_0,258.5949335982719
440,47,False,road_1_2_3_0,266.09594980192423
440,42,False,road_1_2_3_0,273.5969877584988
440,40,False,road_1_2_3_0,281.09798923063244
440,39,False,road_1_2_3_0,288.5989971112359
440,fake_intersection_1_1_E_1_220,True,road_1_2_3_1,231.68000000000004
440,fake_intersection_1_1_E_1_221,True,road_1_2_3_1,232.68000000000004
440,fake_intersection_1_1_E_1_222,True,road_1_2_3_1,233.68000000000004
440,286,False,road_2_1_2_0,81.69350684650588
440,284,False,road_2_1_2_0,99.00233023193931
440,276,False,road_2_1_2_0,205.5999543539771
440,268,False,road_2_1_2_0,288.3910279758983
440,287,False,road_2_1_2_1,88.13767364543358
440,285,False,road_2_1_2_1,135.19499339830875
450,278,False,:intersection_1_1_10_0,12.50313703129383
450,144,False,:intersection_1_1_8_0,16.183436904593194
450,301,False,road_0_1_0_0,15.041271624668134
450,295,False,road_0_1_0_0,86.01741973357835
450,289,False,road_0_1_0_0,205.70787320117066
450,fake_intersection_1_1_S_0_227,True,road_0_1_0_0,231.68000000000004
450,fake_intersection_1_1_S_0_228,True,road_0_1_0_0,232.68000000000004
450,283,False,road_0_1_0_0,241.36315634133095
450,280,False,road_0_1_0_0,262.70379546650184
450,254,False,road_1_0_1_0,11.060787318850945
450,253,False,road_1_0_1_0,18.56181901818606
450,252,False,road_1_0_1_0,26.062829995105236
450,250,False,road_1_0_1_0,33.56383966496311
450,246,False,road_1_0_1_0,41.06489657868558
450,245,False,road_1_0_1_0,48.56598142067812
450,228,False,road_1_0_1_0,56.06703331048374
450,225,False,road_1_0_1_0,63.568065115388734
450,224,False,road_1_0_1_0,71.06906803560962
450,222,False,road_1_0_1_0,78.570098452415
450,221,False,road_1_0_1_0,86.07112870227016
450,213,False,road_1_0_1_0,93.5721401794827
450,212,False,road_1_0_1_0,101.07314036034916
450,211,False,road_1_0_1_0,108.57417780874145
450,208,False,road_1_0_1_0,116.07518965379772
450,206,False,road_1_0_1_0,123.57619227085473
450,205,False,road_1_0_1_0,131.07719788687572
450,202,False,road_1_0_1_0,138.57819870790726
450,198,False,road_1_0_1_0,146.07920559688733
450,188,False,road_1_0_1_0,153.5802126131597
450,181,False,road_1_0_1_0,161.0812435218412
450,179,False,road_1_0_1_0,168.58230845906877
450,174,False,road_1_0_1_0,176.08335566547515
450,171,False,road_1_0_1_0,183.59294267089123
450,166,False,road_1_0_1_0,191.28633371486455
450,164,False,road_1_0_1_0,199.5997526585985
450,163,False,road_1_0_1_0,210.06879801696658
450,151,False,road_1_0_1_0,223.1854655361887
450,149,False,road_1_0_1_0,239.23149041050866
450,148,False,road_1_0_1_0,255.46872117007462
450,147,False,road_1_0_1_0,271.68316466154835
450,146,False,road_1_0_1_0,288.7172267898779
450,294,False,road_1_0_1_1,102.9002599161204
450,fake_intersection_1_1_W_1_225,True,road_1_0_1_1,231.68000000000004
450,fake_intersection_1_1_W_1_226,True,road_1_0_1_1,232.68000000000004
450,256,False,road_1_1_0_0,186.72692422708042
450,249,False,road_1_1_0_0,240.4405612860461
450,247,False,road_1_1_0_0,266.0293967375572
450,242,False,road_1_1_0_0,288.4809715711324
450,248,False,road_1_1_0_1,262.22977298917704
450,244,False,road_1_1_0_1,282.81816765398156
450,139,False,road_1_1_1_0,44.28776935471912
450,137,False,road_1_1_1_0,72.49608771281544
450,134,False,road_1_1_1_0,110.48470551457373
450,116,False,road_1_1_1_0,133.0829172545157
450,143,False,road_1_1_1_1,25.85362687858263
450,271,False,road_1_1_2_0,7.6800895633316095
450,263,False,road_1_1_2_0,32.32322393267694
450,255,False,road_1_1_2_0,54.19285229573368
450,251,False,road_1_1_2_0,95.36047700689244
450,261,False,road_1_1_2_1,61.032494808711476
450,168,False,road_1_2_3_0,11.272193488845954
450,167,False,road_1_2_3_0,19.03310458428349
450,165,False,road_1_2_3_0,27.104410745437328
450,159,False,road_1_2_3_0,35.218792233472506
450,156,False,road_1_2_3_0,44.00303782878507
450,153,False,road_1_2_3_0,52.560581283540365
450,152,False,road_1_2_3_0,60.56045065933839
450,115,False,road_1_2_3_0,68.90254282562212
450,114,False,road_1_2_3_0,77.0321366312092
450,112,False,road_1_2_3_0,84.96546354580627
450,109,False,road_1_2_3_0,93.12872445316087
450,108,False,road_1_2_3_0,100.84563634552654
450,106,False,road_1_2_3_0,108.48725402975452
450,104,False,road_1_2_3_0,116.03642609028628
450,103,False,road_1_2_3_0,123.56427240608531
450,100,False,road_1_2_3_0,131.07130611971624
450,99,False,road_1_2_3_0,138.57706529335428
450,97,False,road_1_2_3_0,146.07887801872474
450,96,False,road_1_2_3_0,153.5800595354141
450,89,False,road_1_2_3_0,161.08111052891135
450,84,False,road_1_2_3_0,168.58215986535268
450,83,False,road_1_2_3_0,176.08326487395433
450,80,False,road_1_2_3_0,183.58436485419563
450,78,False,road_1_2_3_0,191.0854277928711
450,76,False,road_1_2_3_0,198.58655170441523
450,75,False,road_1_2_3_0,206.08757790607646
450,74,False,road_1_2_3_0,213.58860635401967
450,73,False,road_1_2_3_0,221.08963423629194
450,71,False,road_1_2_3_0,228.59069016664256
450,70,False,road_1_2_3_0,236.09177310733315
450,67,False,road_1_2_3_0,243.59279789371357
450,59,False,road_1_2_3_0,251.09389360208854
450,50,False,road_1_2_3_0,258.5949335982719
450,47,False,road_1_2_3_0,266.09594980192423
450,42,False,road_1_2_3_0,273.5969877584988
450,40,False,road_1_2_3_0,281.09798923063244
450,39,False,road_1_2_3_0,288.5989971112359
450,300,False,road_1_2_3_1,27.40735930469395
450,286,False,road_2_1_2_0,158.98243560389588
450,284,False,road_2_1_2_0,176.11146754254537
450,fake_intersection_1_1_N_0_229,True,road_2_1_2_0,231.68000000000004
450,276,False,road_2_1_2_0,280.60271318394956
450,268,False,road_2_1_2_0,288.59897567517856
450,287,False,road_2_1_2_1,183.60241966005432
450,285,False,road_2_1_2_1,244.86614150470876
460,151,False,:intersection_1_1_8_0,13.219312010830114
460,313,False,road_0_1_0_0,5.1
460,312,False,road_0_1_0_0,31.40067093722052
460,305,False,road_0_1_0_0,93.12121584979369
460,301,False,road_0_1_0_0,113.54742087640956
460,295,False,road_0_1_0_0,186.46913659592488
460,289,False,road_0_1_0_0,273.576168197295
460,283,False,road_0_1_0_0,281.09546412195385
460,280,False,road_0_1_0_0,288.5989130525485
460,259,False,road_1_0_1_0,10.631765247086197
460,258,False,road_1_0_1_0,26.28461809668969
460,254,False,road_1_0_1_0,36.44564983869956
460,252,False,road_1_0_1_0,44.56482772612968
460,246,False,road_1_0_1_0,59.946652394359845
460,228,False,road_1_0_1_0,67.692837632048
460,224,False,road_1_0_1_0,83.36590898728893
460,221,False,road_1_0_1_0,90.87021079320863
460,212,False,road_1_0_1_0,107.58710865071447
460,208,False,road_1_0_1_0,121.16745838163392
460,206,False,road_1_0_1_0,131.1495479844219
460,205,False,road_1_0_1_0,139.08016861643324
460,198,False,road_1_0_1_0,147.66852386856397
460,188,False,road_1_0_1_0,159.65959242950018
460,181,False,road_1_0_1_0,174.6387079806291
460,179,False,road_1_0_1_0,196.3421284343682
460,174,False,road_1_0_1_0,214.39288640019646
460,fake_intersection_1_1_W_0_233,True,road_1_0_1_0,231.68000000000004
460,171,False,road_1_0_1_0,231.86400230698754
460,fake_intersection_1_1_W_0_234,True,road_1_0_1_0,232.68000000000004
460,166,False,road_1_0_1_0,250.20107730891584
460,164,False,road_1_0_1_0,267.499416140945
460,163,False,road_1_0_1_0,284.415791341292
460,253,False,road_1_0_1_1,44.83353356121924
460,250,False,road_1_0_1_1,58.05984157868644
460,245,False,road_1_0_1_1,69.90932600854681
460,225,False,road_1_0_1_1,85.8865080325785
460,222,False,road_1_0_1_1,95.9153847636287
460,213,False,road_1_0_1_1,117.54469836299162
460,211,False,road_1_0_1_1,134.59745278336862
460,202,False,road_1_0_1_1,179.7958536676622
460,294,False,road_1_0_1_1,213.9380220022308
460,256,False,road_1_1_0_0,286.8030636791001
460,149,False,road_1_1_1_0,13.095402110267115
460,148,False,road_1_1_1_0,32.819000622500404
460,147,False,road_1_1_1_0,51.76243181638581
460,144,False,road_1_1_1_0,71.08931100818872
460,139,False,road_1_1_1_0,144.64328543464168
460,137,False,road_1_1_1_0,178.77154828500727
460,116,False,road_1_1_1_0,257.806824571646
460,146,False,road_1_1_1_1,65.7782823375683
460,143,False,road_1_1_1_1,146.56421821157943
460,134,False,road_1_1_1_1,236.21094373606317
460,271,False,road_1_1_2_0,95.96345717166544
460,255,False,road_1_1_2_0,127.78974241499475
460,251,False,road_1_1_2_0,186.6595866733373
460,278,False,road_1_1_2_1,88.66009276286069
460,263,False,road_1_1_2_1,131.5619174324262
460,261,False,road_1_1_2_1,181.41326097342827
460,172,False,road_1_2_3_0,8.48746654419097
460,168,False,road_1_2_3_0,16.75679802212831
460,167,False,road_1_2_3_0,24.773261751249326
460,165,False,road_1_2_3_0,32.5793293856749
460,159,False,road_1_2_3_0,40.4416262618815
460,156,False,road_1_2_3_0,48.30161768870291
460,153,False,road_1_2_3_0,55.97725525879641
460,152,False,road_1_2_3_0,63.5348569196726
460,115,False,road_1_2_3_0,71.05220272853533
460,114,False,road_1_2_3_0,78.5601843595793
460,112,False,road_1_2_3_0,86.06738855635103
460,109,False,road_1_2_3_0,93.57065483257234
460,108,False,road_1_2_3_0,101.07257234608738
460,106,False,road_1_2_3_0,108.57372085394087
460,104,False,road_1_2_3_0,116.07472488056762
460,103,False,road_1_2_3_0,123.57603755002862
460,100,False,road_1_2_3_0,131.0770420737994
460,99,False,road_1_2_3_0,138.57814427372566
460,97,False,road_1_2_3_0,146.07919849546357
460,96,False,road_1_2_3_0,153.58029605099566
460,89,False,road_1_2_3_0,161.08133540259902
460,84,False,road_1_2_3_0,168.5824446902121
460,83,False,road_1_2_3_0,176.08349190799652
460,80,False,road_1_2_3_0,183.58451618733014
460,78,False,road_1_2_3_0,191.0855499895507
460,76,False,road_1_2_3_0,198.58655170441523
460,75,False,road_1_2_3_0,206.08757790607646
460,74,False,road_1_2_3_0,213.58860635401967
460,73,False,road_1_2_3_0,221.08963423629194
460,71,False,road_1_2_3_0,228.59069016664256
460,70,False,road_1_2_3_0,236.09177310733315
460,67,False,road_1_2_3_0,243.59279789371357
460,59,False,road_1_2_3_0,251.09389360208854
460,50,False,road_1_2_3_0,258.5949335982719
460,47,False,road_1_2_3_0,266.09594980192423
460,42,False,road_1_2_3_0,273.5969877584988
460,40,False,road_1_2_3_0,281.09798923063244
460,39,False,road_1_2_3_0,288.5989971112359
460,315,False,road_1_2_3_1,5.1
460,310,False,road_1_2_3_1,63.86617902930567
460,307,False,road_1_2_3_1,88.10218844854192
460,300,False,road_1_2_3_1,139.0434886068783
460,fake_intersection_1_1_E_1_230,True,road_1_2_3_1,231.68000000000004
460,fake_intersection_1_1_E_1_231,True,road_1_2_3_1,232.68000000000004
460,fake_intersection_1_1_E_1_232,True,road_1_2_3_1,233.68000000000004
460,286,False,road_2_1_2_0,239.20114730509832
460,284,False,road_2_1_2_0,254.8337083384683
460,276,False,road_2_1_2_0,281.09791456681063
460,268,False,road_2_1_2_0,288.59897567517856
460,287,False,road_2_1_2_1,274.7799690215804
460,285,False,road_2_1_2_1,288.5989268604948
470,174,False,:intersection_1_1_8_0,14.55932292630031
470,317,False,road_0_1_0_0,83.81185672001814
470,313,False,road_0_1_0_0,114.1610065869252
470,312,False,road_0_1_0_0,150.12334974403092
470,305,False,road_0_1_0_0,191.76521193843797
470,301,False,road_0_1_0_0,211.895081717463
470,295,False,road_0_1_0_0,265.88217079221516
470,289,False,road_0_1_0_0,273.596788800309
470,283,False,road_0_1_0_0,281.0978236794571
470,280,False,road_0_1_0_0,288.5989130525485
470,262,False,road_1_0_1_0,5.1
470,260,False,road_1_0_1_0,17.553276170694573
470,259,False,road_1_0_1_0,29.053441128790855
470,258,False,road_1_0_1_0,37.69292244969362
470,254,False,road_1_0_1_0,48.49207304012873
470,252,False,road_1_0_1_0,56.769987725628496
470,246,False,road_1_0_1_0,64.49654349618514
470,228,False,road_1_0_1_0,73.52312128021428
470,250,False,road_1_0_1_0,82.5933232817796
470,224,False,road_1_0_1_0,93.46987812525535
470,221,False,road_1_0_1_0,106.03891795614656
470,222,False,road_1_0_1_0,119.61645540318906
470,212,False,road_1_0_1_0,138.7050132380013
470,208,False,road_1_0_1_0,153.32106391636972
470,206,False,road_1_0_1_0,168.43929543875717
470,205,False,road_1_0_1_0,181.45880774346205
470,198,False,road_1_0_1_0,196.2851259899885
470,188,False,road_1_0_1_0,209.0282481836056
470,fake_intersection_1_1_W_0_238,True,road_1_0_1_0,231.68000000000004
470,211,False,road_1_0_1_0,232.04550032567911
470,fake_intersection_1_1_W_0_239,True,road_1_0_1_0,232.68000000000004
470,181,False,road_1_0_1_0,248.75396133408873
470,202,False,road_1_0_1_0,266.0809189965115
470,179,False,road_1_0_1_0,285.0886489113672
470,253,False,road_1_0_1_1,87.28788190467024
470,245,False,road_1_0_1_1,107.53341636719962
470,225,False,road_1_0_1_1,134.95599426795792
470,213,False,road_1_0_1_1,220.59648442750503
470,171,False,road_1_1_1_0,12.74950399706469
470,166,False,road_1_1_1_0,37.31500144285066
470,164,False,road_1_1_1_0,60.55874665536848
470,151,False,road_1_1_1_0,97.97894289311233
470,148,False,road_1_1_1_0,125.14802084903069
470,144,False,road_1_1_1_0,147.2091135506377
470,139,False,road_1_1_1_0,243.52424657241178
470,137,False,road_1_1_1_0,286.23155596603
470,163,False,road_1_1_1_1,84.44333498465048
470,149,False,road_1_1_1_1,118.58859699621141
470,147,False,road_1_1_1_1,139.67902085835874
470,146,False,road_1_1_1_1,157.34170993871996
470,143,False,road_1_1_1_1,265.6532523721418
470,294,False,road_1_1_2_0,6.72929146794252
470,271,False,road_1_1_2_0,182.18843349227666
470,255,False,road_1_1_2_0,198.25258860220163
470,251,False,road_1_1_2_0,278.7289340613082
470,278,False,road_1_1_2_1,193.28783673469806
470,263,False,road_1_1_2_1,233.20338710937662
470,172,False,road_1_2_3_0,11.01826115924807
470,168,False,road_1_2_3_0,18.542754495578315
470,167,False,road_1_2_3_0,26.054303606515127
470,165,False,road_1_2_3_0,33.56049657120368
470,159,False,road_1_2_3_0,41.06370168789099
470,156,False,road_1_2_3_0,48.56506044356945
470,153,False,road_1_2_3_0,56.06636326607223
470,152,False,road_1_2_3_0,63.56750958689441
470,115,False,road_1_2_3_0,71.06868253539879
470,114,False,road_1_2_3_0,78.56983292731553
470,112,False,road_1_2_3_0,86.07086892478354
470,109,False,road_1_2_3_0,93.57187298043878
470,108,False,road_1_2_3_0,101.07297531793417
470,106,False,road_1_2_3_0,108.57410518658138
470,104,False,road_1_2_3_0,116.07516243962066
470,103,False,road_1_2_3_0,123.57630119460198
470,100,False,road_1_2_3_0,131.07730132955368
470,99,False,road_1_2_3_0,138.57835287470013
470,97,False,road_1_2_3_0,146.07936552578622
470,96,False,road_1_2_3_0,153.58041739656454
470,89,False,road_1_2_3_0,161.08143578899396
470,84,False,road_1_2_3_0,168.5824446902121
470,83,False,road_1_2_3_0,176.08349190799652
470,80,False,road_1_2_3_0,183.58451618733014
470,78,False,road_1_2_3_0,191.0855499895507
470,76,False,road_1_2_3_0,198.58655170441523
470,75,False,road_1_2_3_0,206.08757790607646
470,74,False,road_1_2_3_0,213.58860635401967
470,73,False,road_1_2_3_0,221.08963423629194
470,71,False,road_1_2_3_0,228.59069016664256
470,70,False,road_1_2_3_0,236.09177310733315
470,67,False,road_1_2_3_0,243.59279789371357
470,59,False,road_1_2_3_0,251.09389360208854
470,50,False,road_1_2_3_0,258.5949335982719
470,47,False,road_1_2_3_0,266.09594980192423
470,42,False,road_1_2_3_0,273.5969877584988
470,40,False,road_1_2_3_0,281.09798923063244
470,39,False,road_1_2_3_0,288.5989971112359
470,315,False,road_1_2_3_1,127.47750061976058
470,310,False,road_1_2_3_1,157.17012317378467
470,307,False,road_1_2_3_1,190.81983974067546
470,fake_intersection_1_1_E_1_235,True,road_1_2_3_1,231.68000000000004
470,fake_intersection_1_1_E_1_236,True,road_1_2_3_1,232.68000000000004
470,fake_intersection_1_1_E_1_237,True,road_1_2_3_1,233.68000000000004
470,300,False,road_1_2_3_1,251.268072325876
470,323,False,road_2_1_2_0,5.1
470,286,False,road_2_1_2_0,266.0947454540119
470,284,False,road_2_1_2_0,273.5968731163722
470,276,False,road_2_1_2_0,281.09791456681063
470,268,False,road_2_1_2_0,288.59897567517856
470,287,False,road_2_1_2_1,281.09786544399185
470,285,False,road_2_1_2_1,288.5989268604948
480,213,False,:intersection_1_1_8_0,20.246583909523494
480,325,False,road_0_1_0_0,86.80199632296555
480,317,False,road_0_1_0_0,185.60112851438885
480,313,False,road_0_1_0_0,226.99175434973824
480,312,False,road_0_1_0_0,243.55647239823256
480,305,False,road_0_1_0_0,251.09102946671428
480,301,False,road_0_1_0_0,258.5946014178308
480,295,False,road_0_1_0_0,266.0956928902309
480,289,False,road_0_1_0_0,273.596788800309
480,283,False,road_0_1_0_0,281.0978236794571
480,280,False,road_0_1_0_0,288.5989130525485
480,326,False,road_0_1_0_1,81.49518131012522
480,264,False,road_1_0_1_0,12.549942589699755
480,262,False,road_1_0_1_0,21.698794857061316
480,260,False,road_1_0_1_0,31.97379287207478
480,259,False,road_1_0_1_0,43.962375177901116
480,258,False,road_1_0_1_0,56.84227048736339
480,254,False,road_1_0_1_0,69.45752494525645
480,252,False,road_1_0_1_0,84.33245693835258
480,246,False,road_1_0_1_0,100.12133760114989
480,228,False,road_1_0_1_0,115.99590703413112
480,250,False,road_1_0_1_0,133.22425530603803
480,224,False,road_1_0_1_0,147.40896560408865
480,221,False,road_1_0_1_0,160.17844684676706
480,222,False,road_1_0_1_0,173.13953375006062
480,212,False,road_1_0_1_0,186.20075649969073
480,208,False,road_1_0_1_0,196.3174829124131
480,206,False,road_1_0_1_0,207.5009416683219
480,225,False,road_1_0_1_0,229.89990312122436
480,fake_intersection_1_1_W_0_242,True,road_1_0_1_0,231.68000000000004
480,fake_intersection_1_1_W_0_243,True,road_1_0_1_0,232.68000000000004
480,fake_intersection_1_1_W_0_244,True,road_1_0_1_0,233.68000000000004
480,205,False,road_1_0_1_0,249.02498347943938
480,198,False,road_1_0_1_0,268.00952723275867
480,188,False,road_1_0_1_0,287.50323052188406
480,253,False,road_1_0_1_1,192.280601581537
480,245,False,road_1_0_1_1,213.81560084922086
480,211,False,road_1_1_1_0,18.5047874024899
480,181,False,road_1_1_1_0,39.13724411803543
480,202,False,road_1_1_1_0,60.05734748918748
480,174,False,road_1_1_1_0,89.7238872977421
480,171,False,road_1_1_1_0,108.21495108268861
480,166,False,road_1_1_1_0,143.0830030496961
480,151,False,road_1_1_1_0,189.33380780274993
480,148,False,road_1_1_1_0,204.7917611098349
480,144,False,road_1_1_1_0,221.901902240523
480,146,False,road_1_1_1_0,247.5392306868058
480,179,False,road_1_1_1_1,81.30476671574992
480,164,False,road_1_1_1_1,169.7232448998706
480,163,False,road_1_1_1_1,195.56347998165688
480,149,False,road_1_1_1_1,216.13253431268924
480,147,False,road_1_1_1_1,236.55469459423702
480,294,False,road_1_1_2_0,117.37147374140045
480,255,False,road_1_1_2_0,271.20525268924655
480,271,False,road_1_1_2_1,267.07444612775606
480,172,False,road_1_2_3_0,11.060377157322105
480,168,False,road_1_2_3_0,18.56153930323111
480,167,False,road_1_2_3_0,26.062567752130036
480,165,False,road_1_2_3_0,33.5636159485224
480,159,False,road_1_2_3_0,41.06478364824817
480,156,False,road_1_2_3_0,48.565861087712186
480,153,False,road_1_2_3_0,56.067001731286695
480,152,False,road_1_2_3_0,63.56804995398705
480,115,False,road_1_2_3_0,71.06906935458107
480,114,False,road_1_2_3_0,78.5701152129795
480,112,False,road_1_2_3_0,86.07119141558836
480,109,False,road_1_2_3_0,93.57219248384791
480,108,False,road_1_2_3_0,101.07319620175109
480,106,False,road_1_2_3_0,108.57421022895387
480,104,False,road_1_2_3_0,116.07528221944015
480,103,False,road_1_2_3_0,123.57630119460198
480,100,False,road_1_2_3_0,131.07730132955368
480,99,False,road_1_2_3_0,138.57835287470013
480,97,False,road_1_2_3_0,146.07936552578622
480,96,False,road_1_2_3_0,153.58041739656454
480,89,False,road_1_2_3_0,161.08143578899396
480,84,False,road_1_2_3_0,168.5824446902121
480,83,False,road_1_2_3_0,176.08349190799652
480,80,False,road_1_2_3_0,183.58451618733014
480,78,False,road_1_2_3_0,191.0855499895507
480,76,False,road_1_2_3_0,198.58655170441523
480,75,False,road_1_2_3_0,206.08757790607646
480,74,False,road_1_2_3_0,213.58860635401967
480,73,False,road_1_2_3_0,221.08963423629194
480,71,False,road_1_2_3_0,228.59069016664256
480,70,False,road_1_2_3_0,236.09177310733315
480,67,False,road_1_2_3_0,243.59279789371357
480,59,False,road_1_2_3_0,251.09389360208854
480,50,False,road_1_2_3_0,258.5949335982719
480,47,False,road_1_2_3_0,266.09594980192423
480,42,False,road_1_2_3_0,273.5969877584988
480,40,False,road_1_2_3_0,281.09798923063244
480,39,False,road_1_2_3_0,288.5989971112359
480,330,False,road_1_2_3_1,75.66762119676741
480,315,False,road_1_2_3_1,230.9976320763903
480,fake_intersection_1_1_E_1_240,True,road_1_2_3_1,231.68000000000004
480,fake_intersection_1_1_E_1_241,True,road_1_2_3_1,232.68000000000004
480,310,False,road_1_2_3_1,249.87678142540275
480,307,False,road_1_2_3_1,281.0127484317558
480,300,False,road_1_2_3_1,288.5989932610799
480,323,False,road_2_1_2_0,78.60261549523891
480,286,False,road_2_1_2_0,266.09586635748
480,284,False,road_2_1_2_0,273.5968731163722
480,276,False,road_2_1_2_0,281.09791456681063
480,268,False,road_2_1_2_0,288.59897567517856
480,287,False,road_2_1_2_1,281.09786544399185
480,285,False,road_2_1_2_1,288.5989268604948
490,253,False,:intersection_1_1_8_0,0.3000587779193893
490,325,False,road_0_1_0_0,193.3010337345728
490,317,False,road_0_1_0_0,228.58919408373816
490,313,False,road_0_1_0_0,236.0915000818606
490,312,False,road_0_1_0_0,243.5925294761667
490,305,False,road_0_1_0_0,251.09355652976578
490,301,False,road_0_1_0_0,258.5946014178308
490,295,False,road_0_1_0_0,266.0956928902309
490,289,False,road_0_1_0_0,273.596788800309
490,283,False,road_0_1_0_0,281.0978236794571
490,280,False,road_0_1_0_0,288.5989130525485
490,326,False,road_0_1_0_1,179.05513263765047
490,267,False,road_1_0_1_0,12.149623276945304
490,266,False,road_1_0_1_0,26.056429350706992
490,265,False,road_1_0_1_0,40.60507519898854
490,264,False,road_1_0_1_0,56.97712982246829
490,262,False,road_1_0_1_0,73.36808823345069
490,260,False,road_1_0_1_0,87.66287065492531
490,259,False,road_1_0_1_0,100.74844683189924
490,258,False,road_1_0_1_0,113.52459572744549
490,254,False,road_1_0_1_0,125.46476322462382
490,252,False,road_1_0_1_0,136.02403737949808
490,246,False,road_1_0_1_0,148.10572664165295
490,228,False,road_1_0_1_0,159.76028907801606
490,250,False,road_1_0_1_0,173.53759016144537
490,224,False,road_1_0_1_0,186.8206420886685
490,221,False,road_1_0_1_0,201.7928126187889
490,222,False,road_1_0_1_0,217.24205169402273
490,fake_intersection_1_1_W_0_245,True,road_1_0_1_0,231.68000000000004
490,fake_intersection_1_1_W_0_246,True,road_1_0_1_0,232.68000000000004
490,212,False,road_1_0_1_0,233.7878650468737
490,208,False,road_1_0_1_0,252.71869613944074
490,206,False,road_1_0_1_0,269.9804592988597
490,336,False,road_1_0_1_1,75.13222193767453
490,fake_intersection_1_1_W_1_247,True,road_1_0_1_1,231.68000000000004
490,fake_intersection_1_1_W_1_248,True,road_1_0_1_1,232.68000000000004
490,245,False,road_1_1_1_0,1.8560519197563679
490,225,False,road_1_1_1_0,20.74000969720256
490,205,False,road_1_1_1_0,44.034567640430865
490,188,False,road_1_1_1_0,80.094691423348
490,211,False,road_1_1_1_0,124.24489082461311
490,181,False,road_1_1_1_0,144.48905397762724
490,174,False,road_1_1_1_0,184.9456468226773
490,171,False,road_1_1_1_0,202.86768454112126
490,151,False,road_1_1_1_0,264.01476094837886
490,148,False,road_1_1_1_0,280.3868095015282
490,198,False,road_1_1_1_1,63.62317578950194
490,213,False,road_1_1_1_1,111.19072586690265
490,202,False,road_1_1_1_1,164.59057666208304
490,179,False,road_1_1_1_1,193.0260631827233
490,166,False,road_1_1_1_1,248.23932512245426
490,164,False,road_1_1_1_1,279.56085708717245
490,294,False,road_1_1_2_0,227.6037347802451
490,172,False,road_1_2_3_0,11.060787298126822
490,168,False,road_1_2_3_0,18.561794877358928
490,167,False,road_1_2_3_0,26.062804053343363
490,165,False,road_1_2_3_0,33.56386336417044
490,159,False,road_1_2_3_0,41.064917462158675
490,156,False,road_1_2_3_0,48.565999364923755
490,153,False,road_1_2_3_0,56.067001731286695
490,152,False,road_1_2_3_0,63.56804995398705
490,115,False,road_1_2_3_0,71.06906935458107
490,114,False,road_1_2_3_0,78.5701152129795
490,112,False,road_1_2_3_0,86.07119141558836
490,109,False,road_1_2_3_0,93.57219248384791
490,108,False,road_1_2_3_0,101.07319620175109
490,106,False,road_1_2_3_0,108.57421022895387
490,104,False,road_1_2_3_0,116.07528221944015
490,103,False,road_1_2_3_0,123.57630119460198
490,100,False,road_1_2_3_0,131.07730132955368
490,99,False,road_1_2_3_0,138.57835287470013
490,97,False,road_1_2_3_0,146.07936552578622
490,96,False,road_1_2_3_0,153.58041739656454
490,89,False,road_1_2_3_0,161.08143578899396
490,84,False,road_1_2_3_0,168.5824446902121
490,83,False,road_1_2_3_0,176.08349190799652
490,80,False,road_1_2_3_0,183.58451618733014
490,78,False,road_1_2_3_0,191.0855499895507
490,76,False,road_1_2_3_0,198.58655170441523
490,75,False,road_1_2_3_0,206.08757790607646
490,74,False,road_1_2_3_0,213.58860635401967
490,73,False,road_1_2_3_0,221.08963423629194
490,71,False,road_1_2_3_0,228.59069016664256
490,70,False,road_1_2_3_0,236.09177310733315
490,67,False,road_1_2_3_0,243.59279789371357
490,59,False,road_1_2_3_0,251.09389360208854
490,50,False,road_1_2_3_0,258.5949335982719
490,47,False,road_1_2_3_0,266.09594980192423
490,42,False,road_1_2_3_0,273.5969877584988
490,40,False,road_1_2_3_0,281.09798923063244
490,39,False,road_1_2_3_0,288.5989971112359
490,330,False,road_1_2_3_1,176.79008463725748
490,fake_intersection_1_1_E_1_249,True,road_1_2_3_1,231.68000000000004
490,315,False,road_1_2_3_1,266.0955038250654
490,310,False,road_1_2_3_1,273.59687373816587
490,307,False,road_1_2_3_1,281.0979132203953
490,300,False,road_1_2_3_1,288.5989932610799
490,323,False,road_2_1_2_0,162.98189073563546
490,286,False,road_2_1_2_0,266.09586635748
490,284,False,road_2_1_2_0,273.5968731163722
490,276,False,road_2_1_2_0,281.09791456681063
490,268,False,road_2_1_2_0,288.59897567517856
490,287,False,road_2_1_2_1,281.09786544399185
490,285,False,road_2_1_2_1,288.5989268604948
500,222,False,:intersection_1_1_8_0,13.040896903022904
500,325,False,road_0_1_0_0,221.08944835148503
500,317,False,road_0_1_0_0,228.59045669392825
500,313,False,road_0_1_0_0,236.0915000818606
500,312,False,road_0_1_0_0,243.5925294761667
500,305,False,road_0_1_0_0,251.09355652976578
500,301,False,road_0_1_0_0,258.5946014178308
500,295,False,road_0_1_0_0,266.0956928902309
500,289,False,road_0_1_0_0,273.596788800309
500,283,False,road_0_1_0_0,281.0978236794571
500,280,False,road_0_1_0_0,288.5989130525485
500,326,False,road_0_1_0_1,276.66942565534816
500,273,False,road_1_0_1_0,11.449330903525365
500,272,False,road_1_0_1_0,26.09096154197502
500,270,False,road_1_0_1_0,40.67594518397937
500,269,False,road_1_0_1_0,53.19777129224556
500,267,False,road_1_0_1_0,64.79462902880901
500,266,False,road_1_0_1_0,77.39781722024541
500,265,False,road_1_0_1_0,88.43341377414004
500,264,False,road_1_0_1_0,100.63508038793141
500,262,False,road_1_0_1_0,113.89868253512319
500,260,False,road_1_0_1_0,129.59707964683219
500,259,False,road_1_0_1_0,146.7144337921167
500,258,False,road_1_0_1_0,163.0018562973898
500,254,False,road_1_0_1_0,178.8972077710201
500,252,False,road_1_0_1_0,196.81321003198576
500,246,False,road_1_0_1_0,215.61850103791687
500,fake_intersection_1_1_W_0_250,True,road_1_0_1_0,231.68000000000004
500,fake_intersection_1_1_W_0_251,True,road_1_0_1_0,232.68000000000004
500,228,False,road_1_0_1_0,232.87126140436413
500,250,False,road_1_0_1_0,250.53958916942253
500,224,False,road_1_0_1_0,267.90287244640257
500,221,False,road_1_0_1_0,284.8542442382908
500,346,False,road_1_0_1_1,26.16930220702845
500,344,False,road_1_0_1_1,45.99372287151304
500,336,False,road_1_0_1_1,197.52041304668688
500,fake_intersection_1_1_W_1_252,True,road_1_0_1_1,231.68000000000004
500,fake_intersection_1_1_W_1_253,True,road_1_0_1_1,232.68000000000004
500,212,False,road_1_1_1_0,21.42031907279611
500,208,False,road_1_1_1_0,41.71903711975441
500,253,False,road_1_1_1_0,80.28230423891839
500,225,False,road_1_1_1_0,121.56610849035303
500,205,False,road_1_1_1_0,153.15036514135429
500,188,False,road_1_1_1_0,181.927020468377
500,211,False,road_1_1_1_0,231.12465789032774
500,181,False,road_1_1_1_0,251.9722193937121
500,174,False,road_1_1_1_0,276.81057264367325
500,206,False,road_1_1_1_1,62.95794557771207
500,245,False,road_1_1_1_1,107.47310877002155
500,198,False,road_1_1_1_1,175.31991923846263
500,213,False,road_1_1_1_1,225.31274056445383
500,202,False,road_1_1_1_1,274.61114235623353
500,172,False,road_1_2_3_0,11.060787298126822
500,168,False,road_1_2_3_0,18.561794877358928
500,167,False,road_1_2_3_0,26.062804053343363
500,165,False,road_1_2_3_0,33.56386336417044
500,159,False,road_1_2_3_0,41.064917462158675
500,156,False,road_1_2_3_0,48.565999364923755
500,153,False,road_1_2_3_0,56.067001731286695
500,152,False,road_1_2_3_0,63.56804995398705
500,115,False,road_1_2_3_0,71.06906935458107
500,114,False,road_1_2_3_0,78.5701152129795
500,112,False,road_1_2_3_0,86.07119141558836
500,109,False,road_1_2_3_0,93.57219248384791
500,108,False,road_1_2_3_0,101.07319620175109
500,106,False,road_1_2_3_0,108.57421022895387
500,104,False,road_1_2_3_0,116.07528221944015
500,103,False,road_1_2_3_0,123.57630119460198
500,100,False,road_1_2_3_0,131.07730132955368
500,99,False,road_1_2_3_0,138.57835287470013
500,97,False,road_1_2_3_0,146.07936552578622
500,96,False,road_1_2_3_0,153.58041739656454
500,89,False,road_1_2_3_0,161.08143578899396
500,84,False,road_1_2_3_0,168.5824446902121
500,83,False,road_1_2_3_0,176.08349190799652
500,80,False,road_1_2_3_0,183.58451618733014
500,78,False,road_1_2_3_0,191.0855499895507
500,76,False,road_1_2_3_0,198.58655170441523
500,75,False,road_1_2_3_0,206.08757790607646
500,74,False,road_1_2_3_0,213.58860635401967
500,73,False,road_1_2_3_0,221.08963423629194
500,71,False,road_1_2_3_0,228.59069016664256
500,70,False,road_1_2_3_0,236.09177310733315
500,67,False,road_1_2_3_0,243.59279789371357
500,59,False,road_1_2_3_0,251.09389360208854
500,50,False,road_1_2_3_0,258.5949335982719
500,47,False,road_1_2_3_0,266.09594980192423
500,42,False,road_1_2_3_0,273.5969877584988
500,40,False,road_1_2_3_0,281.09798923063244
500,39,False,road_1_2_3_0,288.5989971112359
500,fake_intersection_1_1_E_1_254,True,road_1_2_3_1,231.68000000000004
500,330,False,road_1_2_3_1,258.3731258876121
500,315,False,road_1_2_3_1,266.0958223192471
500,310,False,road_1_2_3_1,273.59687373816587
500,307,False,road_1_2_3_1,281.0979132203953
500,300,False,road_1_2_3_1,288.5989932610799
500,323,False,road_2_1_2_0,249.0964747004875
500,286,False,road_2_1_2_0,266.09586635748
500,284,False,road_2_1_2_0,273.5968731163722
500,276,False,road_2_1_2_0,281.09791456681063
500,268,False,road_2_1_2_0,288.59897567517856
500,287,False,road_2_1_2_1,281.09786544399185
500,285,False,road_2_1_2_1,288.5989268604948
510,246,False,:intersection_1_1_8_0,14.438823933421089
510,357,False,road_0_1_0_0,10.14151925377082
510,325,False,road_0_1_0_0,221.08944835148503
510,317,False,road_0_1_0_0,228.59045669392825
510,313,False,road_0_1_0_0,236.0915000818606
510,312,False,road_0_1_0_0,243.5925294761667
510,305,False,road_0_1_0_0,251.09355652976578
510,301,False,road_0_1_0_0,258.5946014178308
510,295,False,road_0_1_0_0,266.0956928902309
510,289,False,road_0_1_0_0,273.596788800309
510,283,False,road_0_1_0_0,281.0978236794571
510,280,False,road_0_1_0_0,288.5989130525485
510,326,False,road_0_1_0_1,288.59895679483327
510,281,False,road_1_0_1_0,16.43539763187906
510,277,False,road_1_0_1_0,28.31750169976871
510,274,False,road_1_0_1_0,40.725965144239716
510,273,False,road_1_0_1_0,54.5321567564324
510,272,False,road_1_0_1_0,70.94461998681366
510,270,False,road_1_0_1_0,89.07866625598979
510,269,False,road_1_0_1_0,106.794159540135
510,267,False,road_1_0_1_0,124.24833198050584
510,266,False,road_1_0_1_0,140.53713423899868
510,265,False,road_1_0_1_0,157.54816522209023
510,264,False,road_1_0_1_0,173.07450118491198
510,262,False,road_1_0_1_0,189.55577294593763
510,260,False,road_1_0_1_0,205.37450188657147
510,259,False,road_1_0_1_0,229.78669412491303
510,fake_intersection_1_1_W_0_257,True,road_1_0_1_0,231.68000000000004
510,fake_intersection_1_1_W_0_258,True,road_1_0_1_0,232.68000000000004
510,fake_intersection_1_1_W_0_259,True,road_1_0_1_0,233.68000000000004
510,258,False,road_1_0_1_0,248.0308658042876
510,254,False,road_1_0_1_0,266.9557377524877
510,252,False,road_1_0_1_0,285.3272510225143
510,346,False,road_1_0_1_1,130.16825179359182
510,344,False,road_1_0_1_1,149.38344532281042
510,250,False,road_1_1_1_0,31.95014942054922
510,222,False,road_1_1_1_0,76.38364778582866
510,208,False,road_1_1_1_0,141.07126743763274
510,253,False,road_1_1_1_0,182.0912011403758
510,225,False,road_1_1_1_0,220.1974069206045
510,205,False,road_1_1_1_0,262.510056665629
510,188,False,road_1_1_1_0,281.47866956100614
510,228,False,road_1_1_1_1,13.0604430862399
510,224,False,road_1_1_1_1,56.64991846590784
510,221,False,road_1_1_1_1,83.01495345587271
510,212,False,road_1_1_1_1,123.22617368906725
510,206,False,road_1_1_1_1,168.41730461381658
510,245,False,road_1_1_1_1,211.34117090603317
510,198,False,road_1_1_1_1,287.04688573524976
510,336,False,road_1_1_2_0,3.119914508591801
510,172,False,road_1_2_3_0,11.060787298126822
510,168,False,road_1_2_3_0,18.561794877358928
510,167,False,road_1_2_3_0,26.062804053343363
510,165,False,road_1_2_3_0,33.56386336417044
510,159,False,road_1_2_3_0,41.064917462158675
510,156,False,road_1_2_3_0,48.565999364923755
510,153,False,road_1_2_3_0,56.067001731286695
510,152,False,road_1_2_3_0,63.56804995398705
510,115,False,road_1_2_3_0,71.06906935458107
510,114,False,road_1_2_3_0,78.5701152129795
510,112,False,road_1_2_3_0,86.07119141558836
510,109,False,road_1_2_3_0,93.57219248384791
510,108,False,road_1_2_3_0,101.07319620175109
510,106,False,road_1_2_3_0,108.57421022895387
510,104,False,road_1_2_3_0,116.07528221944015
510,103,False,road_1_2_3_0,123.57630119460198
510,100,False,road_1_2_3_0,131.07730132955368
510,99,False,road_1_2_3_0,138.57835287470013
510,97,False,road_1_2_3_0,146.07936552578622
510,96,False,road_1_2_3_0,153.58041739656454
510,89,False,road_1_2_3_0,161.08143578899396
510,84,False,road_1_2_3_0,168.5824446902121
510,83,False,road_1_2_3_0,176.08349190799652
510,80,False,road_1_2_3_0,183.58451618733014
510,78,False,road_1_2_3_0,191.0855499895507
510,76,False,road_1_2_3_0,198.58655170441523
510,75,False,road_1_2_3_0,206.08757790607646
510,74,False,road_1_2_3_0,213.58860635401967
510,73,False,road_1_2_3_0,221.08963423629194
510,71,False,road_1_2_3_0,228.59069016664256
510,70,False,road_1_2_3_0,236.09177310733315
510,67,False,road_1_2_3_0,243.59279789371357
510,59,False,road_1_2_3_0,251.09389360208854
510,50,False,road_1_2_3_0,258.5949335982719
510,47,False,road_1_2_3_0,266.09594980192423
510,42,False,road_1_2_3_0,273.5969877584988
510,40,False,road_1_2_3_0,281.09798923063244
510,39,False,road_1_2_3_0,288.5989971112359
510,353,False,road_1_2_3_1,30.08881310520902
510,348,False,road_1_2_3_1,67.73568149116998
510,fake_intersection_1_1_E_1_255,True,road_1_2_3_1,231.68000000000004
510,fake_intersection_1_1_E_1_256,True,road_1_2_3_1,232.68000000000004
510,330,False,road_1_2_3_1,258.5947886446246
510,315,False,road_1_2_3_1,266.0958223192471
510,310,False,road_1_2_3_1,273.59687373816587
510,307,False,road_1_2_3_1,281.0979132203953
510,300,False,road_1_2_3_1,288.5989932610799
510,323,False,road_2_1_2_0,258.59486624708956
510,286,False,road_2_1_2_0,266.09586635748
510,284,False,road_2_1_2_0,273.5968731163722
510,276,False,road_2_1_2_0,281.09791456681063
510,268,False,road_2_1_2_0,288.59897567517856
510,287,False,road_2_1_2_1,281.09786544399185
510,285,False,road_2_1_2_1,288.5989268604948
520,361,False,road_0_1_0_0,5.1
520,358,False,road_0_1_0_0,66.70372384702756
520,357,False,road_0_1_0_0,98.06438868142277
520,325,False,road_0_1_0_0,221.08944835148503
520,317,False,road_0_1_0_0,228.59045669392825
520,313,False,road_0_1_0_0,236.0915000818606
520,312,False,road_0_1_0_0,243.5925294761667
520,305,False,road_0_1_0_0,251.09355652976578
520,301,False,road_0_1_0_0,258.5946014178308
520,295,False,road_0_1_0_0,266.0956928902309
520,289,False,road_0_1_0_0,273.596788800309
520,283,False,road_0_1_0_0,281.0978236794571
520,280,False,road_0_1_0_0,288.5989130525485
520,326,False,road_0_1_0_1,288.59895679483327
520,291,False,road_1_0_1_0,13.665703051334214
520,290,False,road_1_0_1_0,32.196513134602085
520,288,False,road_1_0_1_0,50.30358180378586
520,282,False,road_1_0_1_0,67.89341592336588
520,281,False,road_1_0_1_0,83.50241846054583
520,277,False,road_1_0_1_0,100.13227014116828
520,274,False,road_1_0_1_0,116.98393346023266
520,273,False,road_1_0_1_0,132.9093576780907
520,272,False,road_1_0_1_0,149.40534223880312
520,270,False,road_1_0_1_0,164.9021098710965
520,269,False,road_1_0_1_0,182.73476212504596
520,267,False,road_1_0_1_0,199.50875054429903
520,266,False,road_1_0_1_0,215.57518588497
520,fake_intersection_1_1_W_0_260,True,road_1_0_1_0,231.68000000000004
520,265,False,road_1_0_1_0,232.35385047526606
520,fake_intersection_1_1_W_0_261,True,road_1_0_1_0,232.68000000000004
520,fake_intersection_1_1_W_0_262,True,road_1_0_1_0,233.68000000000004
520,264,False,road_1_0_1_0,248.88487225063787
520,262,False,road_1_0_1_0,264.4904320662538
520,260,False,road_1_0_1_0,281.44690756784286
520,346,False,road_1_0_1_1,232.11284769901806
520,344,False,road_1_0_1_1,252.44775541066525
520,259,False,road_1_1_1_0,5.970357510511562
520,254,False,road_1_1_1_0,48.88285243229162
520,252,False,road_1_1_1_0,75.7936594074932
520,246,False,road_1_1_1_0,95.74707356142817
520,250,False,road_1_1_1_0,128.66090703095577
520,222,False,road_1_1_1_0,160.92742523688423
520,208,False,road_1_1_1_0,241.26959299329891
520,253,False,road_1_1_1_0,284.65387497808956
520,258,False,road_1_1_1_1,31.55739317103103
520,228,False,road_1_1_1_1,130.3107870894782
520,224,False,road_1_1_1_1,161.16926928073707
520,221,False,road_1_1_1_1,204.21482881025693
520,212,False,road_1_1_1_1,227.119178699795
520,206,False,road_1_1_1_1,270.1402612805141
520,336,False,road_1_1_2_0,124.7713636660072
520,172,False,road_1_2_3_0,11.060787298126822
520,168,False,road_1_2_3_0,18.561794877358928
520,167,False,road_1_2_3_0,26.062804053343363
520,165,False,road_1_2_3_0,33.56386336417044
520,159,False,road_1_2_3_0,41.064917462158675
520,156,False,road_1_2_3_0,48.565999364923755
520,153,False,road_1_2_3_0,56.067001731286695
520,152,False,road_1_2_3_0,63.56804995398705
520,115,False,road_1_2_3_0,71.06906935458107
520,114,False,road_1_2_3_0,78.5701152129795
520,112,False,road_1_2_3_0,86.07119141558836
520,109,False,road_1_2_3_0,93.57219248384791
520,108,False,road_1_2_3_0,101.07319620175109
520,106,False,road_1_2_3_0,108.57421022895387
520,104,False,road_1_2_3_0,116.07528221944015
520,103,False,road_1_2_3_0,123.57630119460198
520,100,False,road_1_2_3_0,131.07730132955368
520,99,False,road_1_2_3_0,138.57835287470013
520,97,False,road_1_2_3_0,146.07936552578622
520,96,False,road_1_2_3_0,153.58041739656454
520,89,False,road_1_2_3_0,161.08143578899396
520,84,False,road_1_2_3_0,168.5824446902121
520,83,False,road_1_2_3_0,176.08349190799652
520,80,False,road_1_2_3_0,183.58451618733014
520,78,False,road_1_2_3_0,191.0855499895507
520,76,False,road_1_2_3_0,198.58655170441523
520,75,False,road_1_2_3_0,206.08757790607646
520,74,False,road_1_2_3_0,213.58860635401967
520,73,False,road_1_2_3_0,221.08963423629194
520,71,False,road_1_2_3_0,228.59069016664256
520,70,False,road_1_2_3_0,236.09177310733315
520,67,False,road_1_2_3_0,243.59279789371357
520,59,False,road_1_2_3_0,251.09389360208854
520,50,False,road_1_2_3_0,258.5949335982719
520,47,False,road_1_2_3_0,266.09594980192423
520,42,False,road_1_2_3_0,273.5969877584988
520,40,False,road_1_2_3_0,281.09798923063244
520,39,False,road_1_2_3_0,288.5989971112359
520,355,False,road_1_2_3_1,88.6135693367521
520,353,False,road_1_2_3_1,138.42666481423777
520,348,False,road_1_2_3_1,186.46240827357013
520,330,False,road_1_2_3_1,258.5947886446246
520,315,False,road_1_2_3_1,266.0958223192471
520,310,False,road_1_2_3_1,273.59687373816587
520,307,False,road_1_2_3_1,281.0979132203953
520,300,False,road_1_2_3_1,288.5989932610799
520,360,False,road_2_1_2_0,5.1
520,359,False,road_2_1_2_0,15.809658537781797
520,fake_intersection_1_1_N_0_263,True,road_2_1_2_0,231.68000000000004
520,323,False,road_2_1_2_0,258.59486624708956
520,286,False,road_2_1_2_0,266.09586635748
520,284,False,road_2_1_2_0,273.5968731163722
520,276,False,road_2_1_2_0,281.09791456681063
520,268,False,road_2_1_2_0,288.59897567517856
520,fake_intersection_1_1_N_1_264,True,road_2_1_2_1,231.68000000000004
520,287,False,road_2_1_2_1,281.09786544399185
520,285,False,road_2_1_2_1,288.5989268604948
530,266,False,:intersection_1_1_8_0,5.120962741778669
530,365,False,road_0_1_0_0,9.973165376152455
530,364,False,road_0_1_0_0,30.324289516503228
530,362,False,road_0_1_0_0,69.31681196768115
530,361,False,road_0_1_0_0,90.82772985482276
530,358,False,road_0_1_0_0,179.0528659640307
530,357,False,road_0_1_0_0,197.3951832918564
530,325,False,road_0_1_0_0,221.08944835148503
530,317,False,road_0_1_0_0,228.59045669392825
530,313,False,road_0_1_0_0,236.0915000818606
530,312,False,road_0_1_0_0,243.5925294761667
530,305,False,road_0_1_0_0,251.09355652976578
530,301,False,road_0_1_0_0,258.5946014178308
530,295,False,road_0_1_0_0,266.0956928902309
530,289,False,road_0_1_0_0,273.596788800309
530,283,False,road_0_1_0_0,281.0978236794571
530,280,False,road_0_1_0_0,288.5989130525485
530,363,False,road_0_1_0_1,61.45506123372894
530,326,False,road_0_1_0_1,288.59895679483327
530,308,False,road_1_0_1_0,13.214302885968147
530,304,False,road_1_0_1_0,29.039584735791706
530,296,False,road_1_0_1_0,43.865227572456845
530,293,False,road_1_0_1_0,60.28757744681247
530,292,False,road_1_0_1_0,74.7172969086802
530,291,False,road_1_0_1_0,91.68373707618264
530,290,False,road_1_0_1_0,109.24967389187051
530,288,False,road_1_0_1_0,127.37516616884803
530,282,False,road_1_0_1_0,143.64227575863708
530,281,False,road_1_0_1_0,160.38330848288197
530,277,False,road_1_0_1_0,175.60839501501718
530,274,False,road_1_0_1_0,192.03443346995886
530,273,False,road_1_0_1_0,208.0265214666456
530,272,False,road_1_0_1_0,225.72063711502634
530,fake_intersection_1_1_W_0_265,True,road_1_0_1_0,231.68000000000004
530,fake_intersection_1_1_W_0_266,True,road_1_0_1_0,232.68000000000004
530,fake_intersection_1_1_W_0_267,True,road_1_0_1_0,233.68000000000004
530,270,False,road_1_0_1_0,243.49322745201698
530,269,False,road_1_0_1_0,259.83458571973256
530,267,False,road_1_0_1_0,276.8995845895169
530,fake_intersection_1_1_W_1_268,True,road_1_0_1_1,231.68000000000004
530,fake_intersection_1_1_W_1_269,True,road_1_0_1_1,232.68000000000004
530,265,False,road_1_1_1_0,3.1283226036345972
530,264,False,road_1_1_1_0,25.561464321297606
530,260,False,road_1_1_1_0,48.55966817631044
530,259,False,road_1_1_1_0,93.40023490229012
530,254,False,road_1_1_1_0,138.400357352627
530,252,False,road_1_1_1_0,178.06455959627502
530,246,False,road_1_1_1_0,197.39813392406668
530,250,False,road_1_1_1_0,225.73389097296885
530,222,False,road_1_1_1_0,246.28318125230464
530,262,False,road_1_1_1_1,44.078979120254495
530,258,False,road_1_1_1_1,137.02455676527836
530,228,False,road_1_1_1_1,244.61816155621455
530,224,False,road_1_1_1_1,268.2989824487422
530,346,False,road_1_1_2_0,18.760559270847303
530,344,False,road_1_1_2_0,38.17764129237941
530,336,False,road_1_1_2_0,244.42950967378667
530,172,False,road_1_2_3_0,11.060787298126822
530,168,False,road_1_2_3_0,18.561794877358928
530,167,False,road_1_2_3_0,26.062804053343363
530,165,False,road_1_2_3_0,33.56386336417044
530,159,False,road_1_2_3_0,41.064917462158675
530,156,False,road_1_2_3_0,48.565999364923755
530,153,False,road_1_2_3_0,56.067001731286695
530,152,False,road_1_2_3_0,63.56804995398705
530,115,False,road_1_2_3_0,71.06906935458107
530,114,False,road_1_2_3_0,78.5701152129795
530,112,False,road_1_2_3_0,86.07119141558836
530,109,False,road_1_2_3_0,93.57219248384791
530,108,False,road_1_2_3_0,101.07319620175109
530,106,False,road_1_2_3_0,108.57421022895387
530,104,False,road_1_2_3_0,116.07528221944015
530,103,False,road_1_2_3_0,123.57630119460198
530,100,False,road_1_2_3_0,131.07730132955368
530,99,False,road_1_2_3_0,138.57835287470013
530,97,False,road_1_2_3_0,146.07936552578622
530,96,False,road_1_2_3_0,153.58041739656454
530,89,False,road_1_2_3_0,161.08143578899396
530,84,False,road_1_2_3_0,168.5824446902121
530,83,False,road_1_2_3_0,176.08349190799652
530,80,False,road_1_2_3_0,183.58451618733014
530,78,False,road_1_2_3_0,191.0855499895507
530,76,False,road_1_2_3_0,198.58655170441523
530,75,False,road_1_2_3_0,206.08757790607646
530,74,False,road_1_2_3_0,213.58860635401967
530,73,False,road_1_2_3_0,221.08963423629194
530,71,False,road_1_2_3_0,228.59069016664256
530,70,False,road_1_2_3_0,236.09177310733315
530,67,False,road_1_2_3_0,243.59279789371357
530,59,False,road_1_2_3_0,251.09389360208854
530,50,False,road_1_2_3_0,258.5949335982719
530,47,False,road_1_2_3_0,266.09594980192423
530,42,False,road_1_2_3_0,273.5969877584988
530,40,False,road_1_2_3_0,281.09798923063244
530,39,False,road_1_2_3_0,288.5989971112359
530,355,False,road_1_2_3_1,198.4072815905226
530,353,False,road_1_2_3_1,239.818217759044
530,348,False,road_1_2_3_1,251.0810307430394
530,330,False,road_1_2_3_1,258.5947886446246
530,315,False,road_1_2_3_1,266.0958223192471
530,310,False,road_1_2_3_1,273.59687373816587
530,307,False,road_1_2_3_1,281.0979132203953
530,300,False,road_1_2_3_1,288.5989932610799
530,366,False,road_2_1_2_0,26.85213163143394
530,360,False,road_2_1_2_0,84.82232306567667
530,359,False,road_2_1_2_0,103.933737223934
530,323,False,road_2_1_2_0,258.59486624708956
530,286,False,road_2_1_2_0,266.09586635748
530,284,False,road_2_1_2_0,273.5968731163722
530,276,False,road_2_1_2_0,281.09791456681063
530,268,False,road_2_1_2_0,288.59897567517856
530,287,False,road_2_1_2_1,281.09786544399185
530,285,False,road_2_1_2_1,288.5989268604948
540,273,False,:intersection_1_1_8_0,7.775103295627105
540,370,False,road_0_1_0_0,23.69770277885006
540,369,False,road_0_1_0_0,44.92241966014402
540,367,False,road_0_1_0_0,82.6345425440055
540,365,False,road_0_1_0_0,112.46904077552652
540,364,False,road_0_1_0_0,132.90619270994625
540,362,False,road_0_1_0_0,171.45196640839384
540,361,False,road_0_1_0_0,190.5426520729113
540,358,False,road_0_1_0_0,206.0873318057303
540,357,False,road_0_1_0_0,213.58844614436597
540,325,False,road_0_1_0_0,221.08944835148503
540,317,False,road_0_1_0_0,228.59045669392825
540,313,False,road_0_1_0_0,236.0915000818606
540,312,False,road_0_1_0_0,243.5925294761667
540,305,False,road_0_1_0_0,251.09355652976578
540,301,False,road_0_1_0_0,258.5946014178308
540,295,False,road_0_1_0_0,266.0956928902309
540,289,False,road_0_1_0_0,273.596788800309
540,283,False,road_0_1_0_0,281.0978236794571
540,280,False,road_0_1_0_0,288.5989130525485
540,363,False,road_0_1_0_1,153.37277855468014
540,326,False,road_0_1_0_1,288.59895679483327
540,321,False,road_1_0_1_0,14.286063240736192
540,320,False,road_1_0_1_0,33.27040436391482
540,316,False,road_1_0_1_0,53.265001860515746
540,311,False,road_1_0_1_0,69.70064305269918
540,308,False,road_1_0_1_0,87.52516690945471
540,304,False,road_1_0_1_0,102.97224133920824
540,296,False,road_1_0_1_0,118.9944164956146
540,293,False,road_1_0_1_0,134.85179302934756
540,292,False,road_1_0_1_0,152.72599677766658
540,291,False,road_1_0_1_0,170.07877113343088
540,290,False,road_1_0_1_0,186.84057102317283
540,288,False,road_1_0_1_0,204.18890677045917
540,282,False,road_1_0_1_0,223.50106733693204
540,fake_intersection_1_1_W_0_270,True,road_1_0_1_0,231.68000000000004
540,fake_intersection_1_1_W_0_271,True,road_1_0_1_0,232.68000000000004
540,fake_intersection_1_1_W_0_272,True,road_1_0_1_0,233.68000000000004
540,281,False,road_1_0_1_0,240.45477189660954
540,277,False,road_1_0_1_0,257.449220319122
540,274,False,road_1_0_1_0,275.39747394096673
540,fake_intersection_1_1_W_1_273,True,road_1_0_1_1,231.68000000000004
540,fake_intersection_1_1_W_1_274,True,road_1_0_1_1,232.68000000000004
540,272,False,road_1_1_1_0,5.950452179406881
540,270,False,road_1_1_1_0,26.203962348336955
540,267,False,road_1_1_1_0,60.81158297861878
540,266,False,road_1_1_1_0,84.91235951925782
540,265,False,road_1_1_1_0,105.30860227793033
540,260,False,road_1_1_1_0,124.91459435365877
540,259,False,road_1_1_1_0,178.59828173004382
540,254,False,road_1_1_1_0,228.32649563120344
540,252,False,road_1_1_1_0,279.71589858267987
540,269,False,road_1_1_1_1,57.03437659425528
540,264,False,road_1_1_1_1,132.8795071588513
540,262,False,road_1_1_1_1,153.50465817463962
540,258,False,road_1_1_1_1,242.4255064907344
540,344,False,road_1_1_2_0,140.26135198607298
540,346,False,road_1_1_2_1,135.4927033207515
540,172,False,road_1_2_3_0,11.060787298126822
540,168,False,road_1_2_3_0,18.561794877358928
540,167,False,road_1_2_3_0,26.062804053343363
540,165,False,road_1_2_3_0,33.56386336417044
540,159,False,road_1_2_3_0,41.064917462158675
540,156,False,road_1_2_3_0,48.565999364923755
540,153,False,road_1_2_3_0,56.067001731286695
540,152,False,road_1_2_3_0,63.56804995398705
540,115,False,road_1_2_3_0,71.06906935458107
540,114,False,road_1_2_3_0,78.5701152129795
540,112,False,road_1_2_3_0,86.07119141558836
540,109,False,road_1_2_3_0,93.57219248384791
540,108,False,road_1_2_3_0,101.07319620175109
540,106,False,road_1_2_3_0,108.57421022895387
540,104,False,road_1_2_3_0,116.07528221944015
540,103,False,road_1_2_3_0,123.57630119460198
540,100,False,road_1_2_3_0,131.07730132955368
540,99,False,road_1_2_3_0,138.57835287470013
540,97,False,road_1_2_3_0,146.07936552578622
540,96,False,road_1_2_3_0,153.58041739656454
540,89,False,road_1_2_3_0,161.08143578899396
540,84,False,road_1_2_3_0,168.5824446902121
540,83,False,road_1_2_3_0,176.08349190799652
540,80,False,road_1_2_3_0,183.58451618733014
540,78,False,road_1_2_3_0,191.0855499895507
540,76,False,road_1_2_3_0,198.58655170441523
540,75,False,road_1_2_3_0,206.08757790607646
540,74,False,road_1_2_3_0,213.58860635401967
540,73,False,road_1_2_3_0,221.08963423629194
540,71,False,road_1_2_3_0,228.59069016664256
540,70,False,road_1_2_3_0,236.09177310733315
540,67,False,road_1_2_3_0,243.59279789371357
540,59,False,road_1_2_3_0,251.09389360208854
540,50,False,road_1_2_3_0,258.5949335982719
540,47,False,road_1_2_3_0,266.09594980192423
540,42,False,road_1_2_3_0,273.5969877584988
540,40,False,road_1_2_3_0,281.09798923063244
540,39,False,road_1_2_3_0,288.5989971112359
540,355,False,road_1_2_3_1,236.0916796097068
540,353,False,road_1_2_3_1,243.59270233361616
540,348,False,road_1_2_3_1,251.09377759333753
540,330,False,road_1_2_3_1,258.5947886446246
540,315,False,road_1_2_3_1,266.0958223192471
540,310,False,road_1_2_3_1,273.59687373816587
540,307,False,road_1_2_3_1,281.0979132203953
540,300,False,road_1_2_3_1,288.5989932610799
540,368,False,road_2_1_2_0,61.44430049304588
540,366,False,road_2_1_2_0,144.73154599002672
540,360,False,road_2_1_2_0,172.44502926299796
540,359,False,road_2_1_2_0,190.9674545905251
540,323,False,road_2_1_2_0,258.59486624708956
540,286,False,road_2_1_2_0,266.09586635748
540,284,False,road_2_1_2_0,273.5968731163722
540,276,False,road_2_1_2_0,281.09791456681063
540,268,False,road_2_1_2_0,288.59897567517856
540,287,False,road_2_1_2_1,281.09786544399185
540,285,False,road_2_1_2_1,288.5989268604948
550,288,False,:intersection_1_1_8_0,2.8496267662529817
550,380,False,road_0_1_0_0,8.922997295656652
550,373,False,road_0_1_0_0,70.58425657032566
550,370,False,road_0_1_0_0,131.11160334634792
550,369,False,road_0_1_0_0,150.92020425160138
550,367,False,road_0_1_0_0,168.39949481083747
550,365,False,road_0_1_0_0,176.06922064640136
550,364,False,road_0_1_0_0,183.5832578025591
550,362,False,road_0_1_0_0,191.08517437732885
550,361,False,road_0_1_0_0,198.58643372968987
550,358,False,road_0_1_0_0,206.08743725789412
550,357,False,road_0_1_0_0,213.58844614436597
550,325,False,road_0_1_0_0,221.08944835148503
550,317,False,road_0_1_0_0,228.59045669392825
550,313,False,road_0_1_0_0,236.0915000818606
550,312,False,road_0_1_0_0,243.5925294761667
550,305,False,road_0_1_0_0,251.09355652976578
550,301,False,road_0_1_0_0,258.5946014178308
550,295,False,road_0_1_0_0,266.0956928902309
550,289,False,road_0_1_0_0,273.596788800309
550,283,False,road_0_1_0_0,281.0978236794571
550,280,False,road_0_1_0_0,288.5989130525485
550,363,False,road_0_1_0_1,246.74956039289467
550,326,False,road_0_1_0_1,288.59895679483327
550,334,False,road_1_0_1_0,14.330210045518198
550,333,False,road_1_0_1_0,30.664927505897815
550,328,False,road_1_0_1_0,45.043910923822544
550,324,False,road_1_0_1_0,61.93108882827971
550,322,False,road_1_0_1_0,78.73475652574028
550,321,False,road_1_0_1_0,95.61111966856359
550,320,False,road_1_0_1_0,114.26486423997811
550,316,False,road_1_0_1_0,132.28338269310828
550,311,False,road_1_0_1_0,149.71719481543795
550,308,False,road_1_0_1_0,166.0454390496026
550,304,False,road_1_0_1_0,184.66519452026125
550,296,False,road_1_0_1_0,202.38987786065897
550,293,False,road_1_0_1_0,220.50088572840633
550,fake_intersection_1_1_W_0_275,True,road_1_0_1_0,231.68000000000004
550,fake_intersection_1_1_W_0_276,True,road_1_0_1_0,232.68000000000004
550,fake_intersection_1_1_W_0_277,True,road_1_0_1_0,233.68000000000004
550,292,False,road_1_0_1_0,238.84040262599595
550,291,False,road_1_0_1_0,256.3048866450347
550,290,False,road_1_0_1_0,273.8906667645236
550,378,False,road_1_0_1_1,52.79693493935831
550,fake_intersection_1_1_W_1_278,True,road_1_0_1_1,231.68000000000004
550,fake_intersection_1_1_W_1_279,True,road_1_0_1_1,232.68000000000004
550,282,False,road_1_1_1_0,0.7230004229900047
550,281,False,road_1_1_1_0,23.24128653864196
550,274,False,road_1_1_1_0,54.76934891144236
550,273,False,road_1_1_1_0,90.92593836963808
550,270,False,road_1_1_1_0,127.62342512645196
550,267,False,road_1_1_1_0,155.9409164561189
550,266,False,road_1_1_1_0,184.84287043280858
550,260,False,road_1_1_1_0,202.8229564104872
550,259,False,road_1_1_1_0,264.3641712265581
550,277,False,road_1_1_1_1,42.323334114993905
550,272,False,road_1_1_1_1,114.14194131433582
550,269,False,road_1_1_1_1,187.1022455317129
550,265,False,road_1_1_1_1,207.57388358022638
550,264,False,road_1_1_1_1,240.25660668181172
550,262,False,road_1_1_1_1,260.8034375066899
550,344,False,road_1_1_2_0,243.5023609718232
550,346,False,road_1_1_2_1,252.11442487456148
550,172,False,road_1_2_3_0,11.060787298126822
550,168,False,road_1_2_3_0,18.561794877358928
550,167,False,road_1_2_3_0,26.062804053343363
550,165,False,road_1_2_3_0,33.56386336417044
550,159,False,road_1_2_3_0,41.064917462158675
550,156,False,road_1_2_3_0,48.565999364923755
550,153,False,road_1_2_3_0,56.067001731286695
550,152,False,road_1_2_3_0,63.56804995398705
550,115,False,road_1_2_3_0,71.06906935458107
550,114,False,road_1_2_3_0,78.5701152129795
550,112,False,road_1_2_3_0,86.07119141558836
550,109,False,road_1_2_3_0,93.57219248384791
550,108,False,road_1_2_3_0,101.07319620175109
550,106,False,road_1_2_3_0,108.57421022895387
550,104,False,road_1_2_3_0,116.07528221944015
550,103,False,road_1_2_3_0,123.57630119460198
550,100,False,road_1_2_3_0,131.07730132955368
550,99,False,road_1_2_3_0,138.57835287470013
550,97,False,road_1_2_3_0,146.07936552578622
550,96,False,road_1_2_3_0,153.58041739656454
550,89,False,road_1_2_3_0,161.08143578899396
550,84,False,road_1_2_3_0,168.5824446902121
550,83,False,road_1_2_3_0,176.08349190799652
550,80,False,road_1_2_3_0,183.58451618733014
550,78,False,road_1_2_3_0,191.0855499895507
550,76,False,road_1_2_3_0,198.58655170441523
550,75,False,road_1_2_3_0,206.08757790607646
550,74,False,road_1_2_3_0,213.58860635401967
550,73,False,road_1_2_3_0,221.08963423629194
550,71,False,road_1_2_3_0,228.59069016664256
550,70,False,road_1_2_3_0,236.09177310733315
550,67,False,road_1_2_3_0,243.59279789371357
550,59,False,road_1_2_3_0,251.09389360208854
550,50,False,road_1_2_3_0,258.5949335982719
550,47,False,road_1_2_3_0,266.09594980192423
550,42,False,road_1_2_3_0,273.5969877584988
550,40,False,road_1_2_3_0,281.09798923063244
550,39,False,road_1_2_3_0,288.5989971112359
550,355,False,road_1_2_3_1,236.0916796097068
550,353,False,road_1_2_3_1,243.59270233361616
550,348,False,road_1_2_3_1,251.09377759333753
550,330,False,road_1_2_3_1,258.5947886446246
550,315,False,road_1_2_3_1,266.0958223192471
550,310,False,road_1_2_3_1,273.59687373816587
550,307,False,road_1_2_3_1,281.0979132203953
550,300,False,road_1_2_3_1,288.5989932610799
550,381,False,road_2_1_2_0,5.1
550,376,False,road_2_1_2_0,27.445359342919886
550,375,False,road_2_1_2_0,45.0101202823783
550,368,False,road_2_1_2_0,182.85857098807375
550,366,False,road_2_1_2_0,233.8498601553903
550,360,False,road_2_1_2_0,242.8898558643827
550,359,False,road_2_1_2_0,251.08725184818388
550,323,False,road_2_1_2_0,258.59486624708956
550,286,False,road_2_1_2_0,266.09586635748
550,284,False,road_2_1_2_0,273.5968731163722
550,276,False,road_2_1_2_0,281.09791456681063
550,268,False,road_2_1_2_0,288.59897567517856
550,287,False,road_2_1_2_1,281.09786544399185
550,285,False,road_2_1_2_1,288.5989268604948
560,296,False,:intersection_1_1_8_0,4.667152427196186
560,386,False,road_0_1_0_0,31.08509237679823
560,382,False,road_0_1_0_0,57.47179580096312
560,380,False,road_0_1_0_0,93.24099049579578
560,373,False,road_0_1_0_0,146.06287575292157
560,370,False,road_0_1_0_0,153.58018666258783
560,369,False,road_0_1_0_0,161.0812073538005
560,367,False,road_0_1_0_0,168.58228918860812
560,365,False,road_0_1_0_0,176.0833179282892
560,364,False,road_0_1_0_0,183.58438970210037
560,362,False,road_0_1_0_0,191.08540668301188
560,361,False,road_0_1_0_0,198.58643372968987
560,358,False,road_0_1_0_0,206.08743725789412
560,357,False,road_0_1_0_0,213.58844614436597
560,325,False,road_0_1_0_0,221.08944835148503
560,317,False,road_0_1_0_0,228.59045669392825
560,313,False,road_0_1_0_0,236.0915000818606
560,312,False,road_0_1_0_0,243.5925294761667
560,305,False,road_0_1_0_0,251.09355652976578
560,301,False,road_0_1_0_0,258.5946014178308
560,295,False,road_0_1_0_0,266.0956928902309
560,289,False,road_0_1_0_0,273.596788800309
560,283,False,road_0_1_0_0,281.0978236794571
560,280,False,road_0_1_0_0,288.5989130525485
560,387,False,road_0_1_0_1,28.5382586243827
560,383,False,road_0_1_0_1,56.87556172511827
560,363,False,road_0_1_0_1,281.09785671699774
560,326,False,road_0_1_0_1,288.59895679483327
560,339,False,road_1_0_1_0,21.192602187608088
560,338,False,road_1_0_1_0,39.966522949063034
560,337,False,road_1_0_1_0,58.25801687339738
560,335,False,road_1_0_1_0,77.28196024019286
560,334,False,road_1_0_1_0,93.89416753683795
560,333,False,road_1_0_1_0,111.44013940795949
560,328,False,road_1_0_1_0,129.230552526059
560,324,False,road_1_0_1_0,146.95634885722637
560,322,False,road_1_0_1_0,164.0281519144605
560,321,False,road_1_0_1_0,182.92562126443536
560,320,False,road_1_0_1_0,200.69789930600172
560,316,False,road_1_0_1_0,218.60222805956775
560,fake_intersection_1_1_W_0_280,True,road_1_0_1_0,231.68000000000004
560,fake_intersection_1_1_W_0_281,True,road_1_0_1_0,232.68000000000004
560,fake_intersection_1_1_W_0_282,True,road_1_0_1_0,233.68000000000004
560,311,False,road_1_0_1_0,235.92165927277708
560,308,False,road_1_0_1_0,255.13427676429012
560,304,False,road_1_0_1_0,275.92555663197476
560,391,False,road_1_0_1_1,5.1
560,385,False,road_1_0_1_1,61.07594044152289
560,378,False,road_1_0_1_1,147.49151626759
560,fake_intersection_1_1_W_1_283,True,road_1_0_1_1,231.68000000000004
560,fake_intersection_1_1_W_1_284,True,road_1_0_1_1,232.68000000000004
560,293,False,road_1_1_1_0,3.4775195104344547
560,291,False,road_1_1_1_0,41.7294618333818
560,290,False,road_1_1_1_0,62.20554745174549
560,282,False,road_1_1_1_0,99.47007799660142
560,274,False,road_1_1_1_0,142.68506931930588
560,273,False,road_1_1_1_0,193.43711215501838
560,270,False,road_1_1_1_0,230.60573927080048
560,267,False,road_1_1_1_0,251.16915360211044
560,260,False,road_1_1_1_0,280.23729928179677
560,292,False,road_1_1_1_1,22.71801357312167
560,288,False,road_1_1_1_1,92.6253697351625
560,281,False,road_1_1_1_1,135.93213786770716
560,277,False,road_1_1_1_1,170.25901567652264
560,272,False,road_1_1_1_1,223.45716533979046
560,266,False,road_1_1_1_1,270.25875347984885
560,172,False,road_1_2_3_0,11.060787298126822
560,168,False,road_1_2_3_0,18.561794877358928
560,167,False,road_1_2_3_0,26.062804053343363
560,165,False,road_1_2_3_0,33.56386336417044
560,159,False,road_1_2_3_0,41.064917462158675
560,156,False,road_1_2_3_0,48.565999364923755
560,153,False,road_1_2_3_0,56.067001731286695
560,152,False,road_1_2_3_0,63.56804995398705
560,115,False,road_1_2_3_0,71.06906935458107
560,114,False,road_1_2_3_0,78.5701152129795
560,112,False,road_1_2_3_0,86.07119141558836
560,109,False,road_1_2_3_0,93.57219248384791
560,108,False,road_1_2_3_0,101.07319620175109
560,106,False,road_1_2_3_0,108.57421022895387
560,104,False,road_1_2_3_0,116.07528221944015
560,103,False,road_1_2_3_0,123.57630119460198
560,100,False,road_1_2_3_0,131.07730132955368
560,99,False,road_1_2_3_0,138.57835287470013
560,97,False,road_1_2_3_0,146.07936552578622
560,96,False,road_1_2_3_0,153.58041739656454
560,89,False,road_1_2_3_0,161.08143578899396
560,84,False,road_1_2_3_0,168.5824446902121
560,83,False,road_1_2_3_0,176.08349190799652
560,80,False,road_1_2_3_0,183.58451618733014
560,78,False,road_1_2_3_0,191.0855499895507
560,76,False,road_1_2_3_0,198.58655170441523
560,75,False,road_1_2_3_0,206.08757790607646
560,74,False,road_1_2_3_0,213.58860635401967
560,73,False,road_1_2_3_0,221.08963423629194
560,71,False,road_1_2_3_0,228.59069016664256
560,70,False,road_1_2_3_0,236.09177310733315
560,67,False,road_1_2_3_0,243.59279789371357
560,59,False,road_1_2_3_0,251.09389360208854
560,50,False,road_1_2_3_0,258.5949335982719
560,47,False,road_1_2_3_0,266.09594980192423
560,42,False,road_1_2_3_0,273.5969877584988
560,40,False,road_1_2_3_0,281.09798923063244
560,39,False,road_1_2_3_0,288.5989971112359
560,355,False,road_1_2_3_1,236.0916796097068
560,353,False,road_1_2_3_1,243.59270233361616
560,348,False,road_1_2_3_1,251.09377759333753
560,330,False,road_1_2_3_1,258.5947886446246
560,315,False,road_1_2_3_1,266.0958223192471
560,310,False,road_1_2_3_1,273.59687373816587
560,307,False,road_1_2_3_1,281.0979132203953
560,300,False,road_1_2_3_1,288.5989932610799
560,381,False,road_2_1_2_0,93.37930101312199
560,376,False,road_2_1_2_0,113.57547916911878
560,375,False,road_2_1_2_0,130.52633412502203
560,368,False,road_2_1_2_0,228.59057106925368
560,366,False,road_2_1_2_0,236.0917109547069
560,360,False,road_2_1_2_0,243.592724090202
560,359,False,road_2_1_2_0,251.0937944940643
560,323,False,road_2_1_2_0,258.59486624708956
560,286,False,road_2_1_2_0,266.09586635748
560,284,False,road_2_1_2_0,273.5968731163722
560,276,False,road_2_1_2_0,281.09791456681063
560,268,False,road_2_1_2_0,288.59897567517856
560,287,False,road_2_1_2_1,281.09786544399185
560,285,False,road_2_1_2_1,288.5989268604948
570,320,False,:intersection_1_1_8_0,8.659160160410522
570,386,False,road_0_1_0_0,121.48794695166583
570,382,False,road_0_1_0_0,131.00516815273284
570,380,False,road_0_1_0_0,138.57659891974717
570,373,False,road_0_1_0_0,146.07918102395294
570,370,False,road_0_1_0_0,153.58018666258783
570,369,False,road_0_1_0_0,161.0812073538005
570,367,False,road_0_1_0_0,168.58228918860812
570,365,False,road_0_1_0_0,176.0833179282892
570,364,False,road_0_1_0_0,183.58438970210037
570,362,False,road_0_1_0_0,191.08540668301188
570,361,False,road_0_1_0_0,198.58643372968987
570,358,False,road_0_1_0_0,206.08743725789412
570,357,False,road_0_1_0_0,213.58844614436597
570,325,False,road_0_1_0_0,221.08944835148503
570,317,False,road_0_1_0_0,228.59045669392825
570,313,False,road_0_1_0_0,236.0915000818606
570,312,False,road_0_1_0_0,243.5925294761667
570,305,False,road_0_1_0_0,251.09355652976578
570,301,False,road_0_1_0_0,258.5946014178308
570,295,False,road_0_1_0_0,266.0956928902309
570,289,False,road_0_1_0_0,273.596788800309
570,283,False,road_0_1_0_0,281.0978236794571
570,280,False,road_0_1_0_0,288.5989130525485
570,387,False,road_0_1_0_1,122.06036652352287
570,383,False,road_0_1_0_1,175.70200195425306
570,363,False,road_0_1_0_1,281.09785671699774
570,326,False,road_0_1_0_1,288.59895679483327
570,350,False,road_1_0_1_0,14.488071491372509
570,349,False,road_1_0_1_0,32.92646233487423
570,345,False,road_1_0_1_0,54.260068523934095
570,343,False,road_1_0_1_0,72.79170342036309
570,340,False,road_1_0_1_0,90.05350578914354
570,339,False,road_1_0_1_0,108.33529121309567
570,338,False,road_1_0_1_0,126.80475649979726
570,337,False,road_1_0_1_0,143.9008836009842
570,335,False,road_1_0_1_0,161.682059140226
570,334,False,road_1_0_1_0,179.97844292397608
570,333,False,road_1_0_1_0,198.49462914391535
570,328,False,road_1_0_1_0,216.22583444109839
570,fake_intersection_1_1_W_0_285,True,road_1_0_1_0,231.68000000000004
570,fake_intersection_1_1_W_0_286,True,road_1_0_1_0,232.68000000000004
570,fake_intersection_1_1_W_0_287,True,road_1_0_1_0,233.68000000000004
570,324,False,road_1_0_1_0,234.51808261732822
570,322,False,road_1_0_1_0,253.04865654151274
570,321,False,road_1_0_1_0,273.04939490846334
570,391,False,road_1_0_1_1,121.33379180789102
570,385,False,road_1_0_1_1,171.23368530826502
570,378,False,road_1_0_1_1,243.03432489131075
570,316,False,road_1_1_1_0,5.69080182667388
570,308,False,road_1_1_1_0,46.0522068535559
570,304,False,road_1_1_1_0,67.07621312308365
570,296,False,road_1_1_1_0,99.73254107268983
570,293,False,road_1_1_1_0,121.10138735483649
570,291,False,road_1_1_1_0,141.5498749874649
570,290,False,road_1_1_1_0,163.48035419964282
570,282,False,road_1_1_1_0,197.9213106954723
570,274,False,road_1_1_1_0,231.0607027371101
570,311,False,road_1_1_1_1,27.633693769727277
570,292,False,road_1_1_1_1,139.41460289088963
570,288,False,road_1_1_1_1,208.64067394924334
570,281,False,road_1_1_1_1,248.28752393231005
570,172,False,road_1_2_3_0,11.060787298126822
570,168,False,road_1_2_3_0,18.561794877358928
570,167,False,road_1_2_3_0,26.062804053343363
570,165,False,road_1_2_3_0,33.56386336417044
570,159,False,road_1_2_3_0,41.064917462158675
570,156,False,road_1_2_3_0,48.565999364923755
570,153,False,road_1_2_3_0,56.067001731286695
570,152,False,road_1_2_3_0,63.56804995398705
570,115,False,road_1_2_3_0,71.06906935458107
570,114,False,road_1_2_3_0,78.5701152129795
570,112,False,road_1_2_3_0,86.07119141558836
570,109,False,road_1_2_3_0,93.57219248384791
570,108,False,road_1_2_3_0,101.07319620175109
570,106,False,road_1_2_3_0,108.57421022895387
570,104,False,road_1_2_3_0,116.07528221944015
570,103,False,road_1_2_3_0,123.57630119460198
570,100,False,road_1_2_3_0,131.07730132955368
570,99,False,road_1_2_3_0,138.57835287470013
570,97,False,road_1_2_3_0,146.07936552578622
570,96,False,road_1_2_3_0,153.58041739656454
570,89,False,road_1_2_3_0,161.08143578899396
570,84,False,road_1_2_3_0,168.5824446902121
570,83,False,road_1_2_3_0,176.08349190799652
570,80,False,road_1_2_3_0,183.58451618733014
570,78,False,road_1_2_3_0,191.0855499895507
570,76,False,road_1_2_3_0,198.58655170441523
570,75,False,road_1_2_3_0,206.08757790607646
570,74,False,road_1_2_3_0,213.58860635401967
570,73,False,road_1_2_3_0,221.08963423629194
570,71,False,road_1_2_3_0,228.59069016664256
570,70,False,road_1_2_3_0,236.09177310733315
570,67,False,road_1_2_3_0,243.59279789371357
570,59,False,road_1_2_3_0,251.09389360208854
570,50,False,road_1_2_3_0,258.5949335982719
570,47,False,road_1_2_3_0,266.09594980192423
570,42,False,road_1_2_3_0,273.5969877584988
570,40,False,road_1_2_3_0,281.09798923063244
570,39,False,road_1_2_3_0,288.5989971112359
570,355,False,road_1_2_3_1,236.0916796097068
570,353,False,road_1_2_3_1,243.59270233361616
570,348,False,road_1_2_3_1,251.09377759333753
570,330,False,road_1_2_3_1,258.5947886446246
570,315,False,road_1_2_3_1,266.0958223192471
570,310,False,road_1_2_3_1,273.59687373816587
570,307,False,road_1_2_3_1,281.0979132203953
570,300,False,road_1_2_3_1,288.5989932610799
570,381,False,road_2_1_2_0,179.11660905867694
570,376,False,road_2_1_2_0,195.85662164639902
570,375,False,road_2_1_2_0,213.23708279003287
570,368,False,road_2_1_2_0,228.5906788777624
570,366,False,road_2_1_2_0,236.0917109547069
570,360,False,road_2_1_2_0,243.592724090202
570,359,False,road_2_1_2_0,251.0937944940643
570,323,False,road_2_1_2_0,258.59486624708956
570,286,False,road_2_1_2_0,266.09586635748
570,284,False,road_2_1_2_0,273.5968731163722
570,276,False,road_2_1_2_0,281.09791456681063
570,268,False,road_2_1_2_0,288.59897567517856
570,fake_intersection_1_1_N_1_288,True,road_2_1_2_1,231.68000000000004
570,fake_intersection_1_1_N_1_289,True,road_2_1_2_1,232.68000000000004
570,287,False,road_2_1_2_1,281.09786544399185
570,285,False,road_2_1_2_1,288.5989268604948
580,328,False,:intersection_1_1_8_0,15.915294571282333
580,386,False,road_0_1_0_0,123.57603425471513
580,382,False,road_0_1_0_0,131.07705263840452
580,380,False,road_0_1_0_0,138.57812531143605
580,373,False,road_0_1_0_0,146.07918102395294
580,370,False,road_0_1_0_0,153.58018666258783
580,369,False,road_0_1_0_0,161.0812073538005
580,367,False,road_0_1_0_0,168.58228918860812
580,365,False,road_0_1_0_0,176.0833179282892
580,364,False,road_0_1_0_0,183.58438970210037
580,362,False,road_0_1_0_0,191.08540668301188
580,361,False,road_0_1_0_0,198.58643372968987
580,358,False,road_0_1_0_0,206.08743725789412
580,357,False,road_0_1_0_0,213.58844614436597
580,325,False,road_0_1_0_0,221.08944835148503
580,317,False,road_0_1_0_0,228.59045669392825
580,313,False,road_0_1_0_0,236.0915000818606
580,312,False,road_0_1_0_0,243.5925294761667
580,305,False,road_0_1_0_0,251.09355652976578
580,301,False,road_0_1_0_0,258.5946014178308
580,295,False,road_0_1_0_0,266.0956928902309
580,289,False,road_0_1_0_0,273.596788800309
580,283,False,road_0_1_0_0,281.0978236794571
580,280,False,road_0_1_0_0,288.5989130525485
580,387,False,road_0_1_0_1,215.776515099987
580,383,False,road_0_1_0_1,273.5649878065904
580,363,False,road_0_1_0_1,281.09785671699774
580,326,False,road_0_1_0_1,288.59895679483327
580,377,False,road_1_0_1_0,5.1
580,374,False,road_1_0_1_0,24.99242980445659
580,372,False,road_1_0_1_0,43.3439673862765
580,371,False,road_1_0_1_0,61.73436893137127
580,351,False,road_1_0_1_0,80.99759541445653
580,350,False,road_1_0_1_0,104.7623719641522
580,349,False,road_1_0_1_0,124.48416502317693
580,345,False,road_1_0_1_0,142.83751837808393
580,343,False,road_1_0_1_0,160.7277191558749
580,340,False,road_1_0_1_0,178.97268280024332
580,339,False,road_1_0_1_0,197.56717063049007
580,338,False,road_1_0_1_0,216.29308939481305
580,fake_intersection_1_1_W_0_290,True,road_1_0_1_0,231.68000000000004
580,fake_intersection_1_1_W_0_291,True,road_1_0_1_0,232.68000000000004
580,fake_intersection_1_1_W_0_292,True,road_1_0_1_0,233.68000000000004
580,337,False,road_1_0_1_0,233.84690776980497
580,335,False,road_1_0_1_0,252.18360844661038
580,334,False,road_1_0_1_0,269.51187572382315
580,333,False,road_1_0_1_0,286.64041784310297
580,391,False,road_1_0_1_1,238.4038998900515
580,385,False,road_1_0_1_1,284.274367547483
580,324,False,road_1_1_1_0,13.84136093766638
580,322,False,road_1_1_1_0,31.692392022934065
580,321,False,road_1_1_1_0,51.13503621313159
580,320,False,road_1_1_1_0,103.88620238462306
580,316,False,road_1_1_1_0,125.51946562547253
580,308,False,road_1_1_1_0,147.64909757942266
580,304,False,road_1_1_1_0,169.48699997472073
580,296,False,road_1_1_1_0,211.42971259676187
580,291,False,road_1_1_1_0,241.6437614165352
580,290,False,road_1_1_1_0,264.4775355626134
580,311,False,road_1_1_1_1,142.41919463438006
580,293,False,road_1_1_1_1,231.9998438243024
580,292,False,road_1_1_1_1,253.90492595156059
580,378,False,road_1_1_2_0,22.39039707700327
580,172,False,road_1_2_3_0,11.060787298126822
580,168,False,road_1_2_3_0,18.561794877358928
580,167,False,road_1_2_3_0,26.062804053343363
580,165,False,road_1_2_3_0,33.56386336417044
580,159,False,road_1_2_3_0,41.064917462158675
580,156,False,road_1_2_3_0,48.565999364923755
580,153,False,road_1_2_3_0,56.067001731286695
580,152,False,road_1_2_3_0,63.56804995398705
580,115,False,road_1_2_3_0,71.06906935458107
580,114,False,road_1_2_3_0,78.5701152129795
580,112,False,road_1_2_3_0,86.07119141558836
580,109,False,road_1_2_3_0,93.57219248384791
580,108,False,road_1_2_3_0,101.07319620175109
580,106,False,road_1_2_3_0,108.57421022895387
580,104,False,road_1_2_3_0,116.07528221944015
580,103,False,road_1_2_3_0,123.57630119460198
580,100,False,road_1_2_3_0,131.07730132955368
580,99,False,road_1_2_3_0,138.57835287470013
580,97,False,road_1_2_3_0,146.07936552578622
580,96,False,road_1_2_3_0,153.58041739656454
580,89,False,road_1_2_3_0,161.08143578899396
580,84,False,road_1_2_3_0,168.5824446902121
580,83,False,road_1_2_3_0,176.08349190799652
580,80,False,road_1_2_3_0,183.58451618733014
580,78,False,road_1_2_3_0,191.0855499895507
580,76,False,road_1_2_3_0,198.58655170441523
580,75,False,road_1_2_3_0,206.08757790607646
580,74,False,road_1_2_3_0,213.58860635401967
580,73,False,road_1_2_3_0,221.08963423629194
580,71,False,road_1_2_3_0,228.59069016664256
580,70,False,road_1_2_3_0,236.09177310733315
580,67,False,road_1_2_3_0,243.59279789371357
580,59,False,road_1_2_3_0,251.09389360208854
580,50,False,road_1_2_3_0,258.5949335982719
580,47,False,road_1_2_3_0,266.09594980192423
580,42,False,road_1_2_3_0,273.5969877584988
580,40,False,road_1_2_3_0,281.09798923063244
580,39,False,road_1_2_3_0,288.5989971112359
580,355,False,road_1_2_3_1,236.0916796097068
580,353,False,road_1_2_3_1,243.59270233361616
580,348,False,road_1_2_3_1,251.09377759333753
580,330,False,road_1_2_3_1,258.5947886446246
580,315,False,road_1_2_3_1,266.0958223192471
580,310,False,road_1_2_3_1,273.59687373816587
580,307,False,road_1_2_3_1,281.0979132203953
580,300,False,road_1_2_3_1,288.5989932610799
580,381,False,road_2_1_2_0,206.0866905506772
580,376,False,road_2_1_2_0,213.58866177383257
580,375,False,road_2_1_2_0,221.0896762655568
580,368,False,road_2_1_2_0,228.5906788777624
580,366,False,road_2_1_2_0,236.0917109547069
580,360,False,road_2_1_2_0,243.592724090202
580,359,False,road_2_1_2_0,251.0937944940643
580,323,False,road_2_1_2_0,258.59486624708956
580,286,False,road_2_1_2_0,266.09586635748
580,284,False,road_2_1_2_0,273.5968731163722
580,276,False,road_2_1_2_0,281.09791456681063
580,268,False,road_2_1_2_0,288.59897567517856
580,fake_intersection_1_1_N_1_293,True,road_2_1_2_1,231.68000000000004
580,fake_intersection_1_1_N_1_294,True,road_2_1_2_1,232.68000000000004
580,287,False,road_2_1_2_1,281.09786544399185
580,285,False,road_2_1_2_1,288.5989268604948
590,338,False,:intersection_1_1_8_0,16.57516886429095
590,386,False,road_0_1_0_0,123.57603425471513
590,382,False,road_0_1_0_0,131.07705263840452
590,380,False,road_0_1_0_0,138.57812531143605
590,373,False,road_0_1_0_0,146.07918102395294
590,370,False,road_0_1_0_0,153.58018666258783
590,369,False,road_0_1_0_0,161.0812073538005
590,367,False,road_0_1_0_0,168.58228918860812
590,365,False,road_0_1_0_0,176.0833179282892
590,364,False,road_0_1_0_0,183.58438970210037
590,362,False,road_0_1_0_0,191.08540668301188
590,361,False,road_0_1_0_0,198.58643372968987
590,358,False,road_0_1_0_0,206.08743725789412
590,357,False,road_0_1_0_0,213.58844614436597
590,325,False,road_0_1_0_0,221.08944835148503
590,317,False,road_0_1_0_0,228.59045669392825
590,313,False,road_0_1_0_0,236.0915000818606
590,312,False,road_0_1_0_0,243.5925294761667
590,305,False,road_0_1_0_0,251.09355652976578
590,301,False,road_0_1_0_0,258.5946014178308
590,295,False,road_0_1_0_0,266.0956928902309
590,289,False,road_0_1_0_0,273.596788800309
590,283,False,road_0_1_0_0,281.0978236794571
590,280,False,road_0_1_0_0,288.5989130525485
590,387,False,road_0_1_0_1,266.0876640005096
590,383,False,road_0_1_0_1,273.59678278081583
590,363,False,road_0_1_0_1,281.09785671699774
590,326,False,road_0_1_0_1,288.59895679483327
590,390,False,road_1_0_1_0,5.1
590,389,False,road_1_0_1_0,22.04765459507408
590,388,False,road_1_0_1_0,39.08721371811923
590,384,False,road_1_0_1_0,56.827315084639146
590,379,False,road_1_0_1_0,74.66398184624568
590,377,False,road_1_0_1_0,94.99357309112122
590,374,False,road_1_0_1_0,113.58074258155665
590,372,False,road_1_0_1_0,130.89824692882985
590,371,False,road_1_0_1_0,148.1624712836815
590,351,False,road_1_0_1_0,166.39539717912047
590,350,False,road_1_0_1_0,196.07033446439698
590,349,False,road_1_0_1_0,214.34304947838
590,fake_intersection_1_1_W_0_295,True,road_1_0_1_0,231.68000000000004
590,fake_intersection_1_1_W_0_296,True,road_1_0_1_0,232.68000000000004
590,fake_intersection_1_1_W_0_297,True,road_1_0_1_0,233.68000000000004
590,345,False,road_1_0_1_0,233.78873654903387
590,343,False,road_1_0_1_0,251.09003737521522
590,340,False,road_1_0_1_0,268.62359702984355
590,339,False,road_1_0_1_0,286.93703797736526
590,400,False,road_1_0_1_1,75.81796046325792
590,fake_intersection_1_1_W_1_298,True,road_1_0_1_1,231.68000000000004
590,fake_intersection_1_1_W_1_299,True,road_1_0_1_1,232.68000000000004
590,335,False,road_1_1_1_0,31.948794053122267
590,333,False,road_1_1_1_0,73.89290932167243
590,328,False,road_1_1_1_0,97.2465452618262
590,322,False,road_1_1_1_0,121.41622042089064
590,321,False,road_1_1_1_0,142.4631727532421
590,316,False,road_1_1_1_0,230.5290763361984
590,308,False,road_1_1_1_0,251.37653201437513
590,304,False,road_1_1_1_0,272.9427884950969
590,337,False,road_1_1_1_1,14.443839481187503
590,334,False,road_1_1_1_1,69.62892890084632
590,324,False,road_1_1_1_1,111.03513066472722
590,320,False,road_1_1_1_1,225.84486315115316
590,311,False,road_1_1_1_1,255.3017606415284
590,391,False,road_1_1_2_0,39.25107453104079
590,385,False,road_1_1_2_0,80.13080251126051
590,378,False,road_1_1_2_0,119.55788571335155
590,172,False,road_1_2_3_0,11.060787298126822
590,168,False,road_1_2_3_0,18.561794877358928
590,167,False,road_1_2_3_0,26.062804053343363
590,165,False,road_1_2_3_0,33.56386336417044
590,159,False,road_1_2_3_0,41.064917462158675
590,156,False,road_1_2_3_0,48.565999364923755
590,153,False,road_1_2_3_0,56.067001731286695
590,152,False,road_1_2_3_0,63.56804995398705
590,115,False,road_1_2_3_0,71.06906935458107
590,114,False,road_1_2_3_0,78.5701152129795
590,112,False,road_1_2_3_0,86.07119141558836
590,109,False,road_1_2_3_0,93.57219248384791
590,108,False,road_1_2_3_0,101.07319620175109
590,106,False,road_1_2_3_0,108.57421022895387
590,104,False,road_1_2_3_0,116.07528221944015
590,103,False,road_1_2_3_0,123.57630119460198
590,100,False,road_1_2_3_0,131.07730132955368
590,99,False,road_1_2_3_0,138.57835287470013
590,97,False,road_1_2_3_0,146.07936552578622
590,96,False,road_1_2_3_0,153.58041739656454
590,89,False,road_1_2_3_0,161.08143578899396
590,84,False,road_1_2_3_0,168.5824446902121
590,83,False,road_1_2_3_0,176.08349190799652
590,80,False,road_1_2_3_0,183.58451618733014
590,78,False,road_1_2_3_0,191.0855499895507
590,76,False,road_1_2_3_0,198.58655170441523
590,75,False,road_1_2_3_0,206.08757790607646
590,74,False,road_1_2_3_0,213.58860635401967
590,73,False,road_1_2_3_0,221.08963423629194
590,71,False,road_1_2_3_0,228.59069016664256
590,70,False,road_1_2_3_0,236.09177310733315
590,67,False,road_1_2_3_0,243.59279789371357
590,59,False,road_1_2_3_0,251.09389360208854
590,50,False,road_1_2_3_0,258.5949335982719
590,47,False,road_1_2_3_0,266.09594980192423
590,42,False,road_1_2_3_0,273.5969877584988
590,40,False,road_1_2_3_0,281.09798923063244
590,39,False,road_1_2_3_0,288.5989971112359
590,355,False,road_1_2_3_1,236.0916796097068
590,353,False,road_1_2_3_1,243.59270233361616
590,348,False,road_1_2_3_1,251.09377759333753
590,330,False,road_1_2_3_1,258.5947886446246
590,315,False,road_1_2_3_1,266.0958223192471
590,310,False,road_1_2_3_1,273.59687373816587
590,307,False,road_1_2_3_1,281.0979132203953
590,300,False,road_1_2_3_1,288.5989932610799
590,402,False,road_2_1_2_0,7.26728574812878
590,381,False,road_2_1_2_0,206.08761910990614
590,376,False,road_2_1_2_0,213.58866177383257
590,375,False,road_2_1_2_0,221.0896762655568
590,368,False,road_2_1_2_0,228.5906788777624
590,366,False,road_2_1_2_0,236.0917109547069
590,360,False,road_2_1_2_0,243.592724090202
590,359,False,road_2_1_2_0,251.0937944940643
590,323,False,road_2_1_2_0,258.59486624708956
590,286,False,road_2_1_2_0,266.09586635748
590,284,False,road_2_1_2_0,273.5968731163722
590,276,False,road_2_1_2_0,281.09791456681063
590,268,False,road_2_1_2_0,288.59897567517856
590,287,False,road_2_1_2_1,281.09786544399185
590,285,False,road_2_1_2_1,288.5989268604948
