time,tls_id,controlled_lanes,state
0,intersection_1_1,road_1_2_3_0;road_1_2_3_0;road_1_2_3_1;road_1_2_3_1;road_2_1_2_0;road_2_1_2_0;road_2_1_2_1;road_2_1_2_1;road_1_0_1_0;road_1_0_1_0;road_1_0_1_1;road_1_0_1_1;road_0_1_0_0;road_0_1_0_0;road_0_1_0_1;road_0_1_0_1,rrrrGGrrrrrrGGrr
1,intersection_1_1,road_1_2_3_0;road_1_2_3_0;road_1_2_3_1;road_1_2_3_1;road_2_1_2_0;road_2_1_2_0;road_2_1_2_1;road_2_1_2_1;road_1_0_1_0;road_1_0_1_0;road_1_0_1_1;road_1_0_1_1;road_0_1_0_0;road_0_1_0_0;road_0_1_0_1;road_0_1_0_1,rrrrrrrrrrrrrrrr
2,intersection_1_1,road_1_2_3_0;road_1_2_3_0;road_1_2_3_1;road_1_2_3_1;road_2_1_2_0;road_2_1_2_0;road_2_1_2_1;road_2_1_2_1;road_1_0_1_0;road_1_0_1_0;road_1_0_1_1;road_1_0_1_1;road_0_1_0_0;road_0_1_0_0;road_0_1_0_1;road_0_1_0_1,rrrrrrrrrrrrrrrr
3,intersection_1_1,road_1_2_3_0;road_1_2_3_0;road_1_2_3_1;road_1_2_3_1;road_2_1_2_0;road_2_1_2_0;road_2_1_2_1;road_2_1_2_1;road_1_0_1_0;road_1_0_1_0;road_1_0_1_1;road_1_0_1_1;road_0_1_0_0;road_0_1_0_0;road_0_1_0_1;road_0_1_0_1,rrrrrrrrrrrrrrrr
4,intersection_1_1,road_1_2_3_0;road_1_2_3_0;road_1_2_3_1;road_1_2_3_1;road_2_1_2_0;road_2_1_2_0;road_2_1_2_1;road_2_1_2_1;road_1_0_1_0;road_1_0_1_0;road_1_0_1_1;road_1_0_1_1;road_0_1_0_0;road_0_1_0_0;road_0_1_0_1;road_0_1_0_1,rrrrrrrrrrrrrrrr
5,intersection_1_1,road_1_2_3_0;road_1_2_3_0;road_1_2_3_1;road_1_2_3_1;road_2_1_2_0;road_2_1_2_0;road_2_1_2_1;road_2_1_2_1;road_1_0_1_0;road_1_0_1_0;road_1_0_1_1;road_1_0_1_1;road_0_1_0_0;road_0_1_0_0;road_0_1_0_1;road_0_1_0_1,rrrrrrrrrrrrrrrr
6,intersection_1_1,road_1_2_3_0;road_1_2_3_0;road_1_2_3_1;road_1_2_3_1;road_2_1_2_0;road_2_1_2_0;road_2_1_2_1;road_2_1_2_1;road_1_0_1_0;road_1_0_1_0;road_1_0_1_1;road_1_0_1_1;road_0_1_0_0;road_0_1_0_0;road_0_1_0_1;road_0_1_0_1,GGGGrrrrrrrrrrrr
7,intersection_1_1,road_1_2_3_0;road_1_2_3_0;road_1_2_3_1;road_1_2_3_1;road_2_1_2_0;road_2_1_2_0;road_2_1_2_1;road_2_1_2_1;road_1_0_1_0;road_1_0_1_0;road_1_0_1_1;road_1_0_1_1;road_0_1_0_0;road_0_1_0_0;road_0_1_0_1;road_0_1_0_1,GGGGrrrrrrrrrrrr
8,intersection_1_1,road_1_2_3_0;road_1_2_3_0;road_1_2_3_1;road_1_2_3_1;road_2_1_2_0;road_2_1_2_0;road_2_1_2_1;road_2_1_2_1;road_1_0_1_0;road_1_0_1_0;road_1_0_1_1;road_1_0_1_1;road_0_1_0_0;road_0_1_0_0;road_0_1_0_1;road_0_1_0_1,GGGGrrrrrrrrrrrr
9,intersection_1_1,road_1_2_3_0;road_1_2_3_0;road_1_2_3_1;road_1_2_3_1;road_2_1_2_0;road_2_1_2_0;road_2_1_2_1;road_2_1_2_1;road_1_0_1_0;road_1_0_1_0;road_1_0_1_1;road_1_0_1_1;road_0_1_0_0;road_0_1_0_0;road_0_1_0_1;road_0_1_0_1,GGGGrrrrrrrrrrrr
10,intersection_1_1,road_1_2_3_0;road_1_2_3_0;road_1_2_3_1;road_1_2_3_1;road_2_1_2_0;road_2_1_2_0;road_2_1_2_1;road_2_1_2_1;road_1_0_1_0;road_1_0_1_0;road_1_0_1_1;road_1_0_1_1;road_0_1_0_0;road_0_1_0_0;road_0_1_0_1;road_0_1_0_1,GGGGrrrrrrrrrrrr
10,intersection_1_1,road_1_2_3_0;road_1_2_3_0;road_1_2_3_1;road_1_2_3_1;road_2_1_2_0;road_2_1_2_0;road_2_1_2_1;road_2_1_2_1;road_1_0_1_0;road_1_0_1_0;road_1_0_1_1;road_1_0_1_1;road_0_1_0_0;road_0_1_0_0;road_0_1_0_1;road_0_1_0_1,GGGGrrrrrrrrrrrr
11,intersection_1_1,road_1_2_3_0;road_1_2_3_0;road_1_2_3_1;road_1_2_3_1;road_2_1_2_0;road_2_1_2_0;road_2_1_2_1;road_2_1_2_1;road_1_0_1_0;road_1_0_1_0;road_1_0_1_1;road_1_0_1_1;road_0_1_0_0;road_0_1_0_0;road_0_1_0_1;road_0_1_0_1,GGGGrrrrrrrrrrrr
12,intersection_1_1,road_1_2_3_0;road_1_2_3_0;road_1_2_3_1;road_1_2_3_1;road_2_1_2_0;road_2_1_2_0;road_2_1_2_1;road_2_1_2_1;road_1_0_1_0;road_1_0_1_0;road_1_0_1_1;road_1_0_1_1;road_0_1_0_0;road_0_1_0_0;road_0_1_0_1;road_0_1_0_1,GGGGrrrrrrrrrrrr
13,intersection_1_1,road_1_2_3_0;road_1_2_3_0;road_1_2_3_1;road_1_2_3_1;road_2_1_2_0;road_2_1_2_0;road_2_1_2_1;road_2_1_2_1;road_1_0_1_0;road_1_0_1_0;road_1_0_1_1;road_1_0_1_1;road_0_1_0_0;road_0_1_0_0;road_0_1_0_1;road_0_1_0_1,GGGGrrrrrrrrrrrr
14,intersection_1_1,road_1_2_3_0;road_1_2_3_0;road_1_2_3_1;road_1_2_3_1;road_2_1_2_0;road_2_1_2_0;road_2_1_2_1;road_2_1_2_1;road_1_0_1_0;road_1_0_1_0;road_1_0_1_1;road_1_0_1_1;road_0_1_0_0;road_0_1_0_0;road_0_1_0_1;road_0_1_0_1,GGGGrrrrrrrrrrrr
15,intersection_1_1,road_1_2_3_0;road_1_2_3_0;road_1_2_3_1;road_1_2_3_1;road_2_1_2_0;road_2_1_2_0;road_2_1_2_1;road_2_1_2_1;road_1_0_1_0;road_1_0_1_0;road_1_0_1_1;road_1_0_1_1;road_0_1_0_0;road_0_1_0_0;road_0_1_0_1;road_0_1_0_1,GGGGrrrrrrrrrrrr
16,intersection_1_1,road_1_2_3_0;road_1_2_3_0;road_1_2_3_1;road_1_2_3_1;road_2_1_2_0;road_2_1_2_0;road_2_1_2_1;road_2_1_2_1;road_1_0_1_0;road_1_0_1_0;road_1_0_1_1;road_1_0_1_1;road_0_1_0_0;road_0_1_0_0;road_0_1_0_1;road_0_1_0_1,GGGGrrrrrrrrrrrr
17,intersection_1_1,road_1_2_3_0;road_1_2_3_0;road_1_2_3_1;road_1_2_3_1;road_2_1_2_0;road_2_1_2_0;road_2_1_2_1;road_2_1_2_1;road_1_0_1_0;road_1_0_1_0;road_1_0_1_1;road_1_0_1_1;road_0_1_0_0;road_0_1_0_0;road_0_1_0_1;road_0_1_0_1,GGGGrrrrrrrrrrrr
18,intersection_1_1,road_1_2_3_0;road_1_2_3_0;road_1_2_3_1;road_1_2_3_1;road_2_1_2_0;road_2_1_2_0;road_2_1_2_1;road_2_1_2_1;road_1_0_1_0;road_1_0_1_0;road_1_0_1_1;road_1_0_1_1;road_0_1_0_0;road_0_1_0_0;road_0_1_0_1;road_0_1_0_1,GGGGrrrrrrrrrrrr
19,intersection_1_1,road_1_2_3_0;road_1_2_3_0;road_1_2_3_1;road_1_2_3_1;road_2_1_2_0;road_2_1_2_0;road_2_1_2_1;road_2_1_2_1;road_1_0_1_0;road_1_0_1_0;road_1_0_1_1;road_1_0_1_1;road_0_1_0_0;road_0_1_0_0;road_0_1_0_1;road_0_1_0_1,GGGGrrrrrrrrrrrr
20,intersection_1_1,road_1_2_3_0;road_1_2_3_0;road_1_2_3_1;road_1_2_3_1;road_2_1_2_0;road_2_1_2_0;road_2_1_2_1;road_2_1_2_1;road_1_0_1_0;road_1_0_1_0;road_1_0_1_1;road_1_0_1_1;road_0_1_0_0;road_0_1_0_0;road_0_1_0_1;road_0_1_0_1,GGGGrrrrrrrrrrrr
20,intersection_1_1,road_1_2_3_0;road_1_2_3_0;road_1_2_3_1;road_1_2_3_1;road_2_1_2_0;road_2_1_2_0;road_2_1_2_1;road_2_1_2_1;road_1_0_1_0;road_1_0_1_0;road_1_0_1_1;road_1_0_1_1;road_0_1_0_0;road_0_1_0_0;road_0_1_0_1;road_0_1_0_1,GGGGrrrrrrrrrrrr
21,intersection_1_1,road_1_2_3_0;road_1_2_3_0;road_1_2_3_1;road_1_2_3_1;road_2_1_2_0;road_2_1_2_0;road_2_1_2_1;road_2_1_2_1;road_1_0_1_0;road_1_0_1_0;road_1_0_1_1;road_1_0_1_1;road_0_1_0_0;road_0_1_0_0;road_0_1_0_1;road_0_1_0_1,GGGGrrrrrrrrrrrr
22,intersection_1_1,road_1_2_3_0;road_1_2_3_0;road_1_2_3_1;road_1_2_3_1;road_2_1_2_0;road_2_1_2_0;road_2_1_2_1;road_2_1_2_1;road_1_0_1_0;road_1_0_1_0;road_1_0_1_1;road_1_0_1_1;road_0_1_0_0;road_0_1_0_0;road_0_1_0_1;road_0_1_0_1,GGGGrrrrrrrrrrrr
23,intersection_1_1,road_1_2_3_0;road_1_2_3_0;road_1_2_3_1;road_1_2_3_1;road_2_1_2_0;road_2_1_2_0;road_2_1_2_1;road_2_1_2_1;road_1_0_1_0;road_1_0_1_0;road_1_0_1_1;road_1_0_1_1;road_0_1_0_0;road_0_1_0_0;road_0_1_0_1;road_0_1_0_1,GGGGrrrrrrrrrrrr
24,intersection_1_1,road_1_2_3_0;road_1_2_3_0;road_1_2_3_1;road_1_2_3_1;road_2_1_2_0;road_2_1_2_0;road_2_1_2_1;road_2_1_2_1;road_1_0_1_0;road_1_0_1_0;road_1_0_1_1;road_1_0_1_1;road_0_1_0_0;road_0_1_0_0;road_0_1_0_1;road_0_1_0_1,GGGGrrrrrrrrrrrr
25,intersection_1_1,road_1_2_3_0;road_1_2_3_0;road_1_2_3_1;road_1_2_3_1;road_2_1_2_0;road_2_1_2_0;road_2_1_2_1;road_2_1_2_1;road_1_0_1_0;road_1_0_1_0;road_1_0_1_1;road_1_0_1_1;road_0_1_0_0;road_0_1_0_0;road_0_1_0_1;road_0_1_0_1,GGGGrrrrrrrrrrrr
26,intersection_1_1,road_1_2_3_0;road_1_2_3_0;road_1_2_3_1;road_1_2_3_1;road_2_1_2_0;road_2_1_2_0;road_2_1_2_1;road_2_1_2_1;road_1_0_1_0;road_1_0_1_0;road_1_0_1_1;road_1_0_1_1;road_0_1_0_0;road_0_1_0_0;road_0_1_0_1;road_0_1_0_1,GGGGrrrrrrrrrrrr
27,intersection_1_1,road_1_2_3_0;road_1_2_3_0;road_1_2_3_1;road_1_2_3_1;road_2_1_2_0;road_2_1_2_0;road_2_1_2_1;road_2_1_2_1;road_1_0_1_0;road_1_0_1_0;road_1_0_1_1;road_1_0_1_1;road_0_1_0_0;road_0_1_0_0;road_0_1_0_1;road_0_1_0_1,GGGGrrrrrrrrrrrr
28,intersection_1_1,road_1_2_3_0;road_1_2_3_0;road_1_2_3_1;road_1_2_3_1;road_2_1_2_0;road_2_1_2_0;road_2_1_2_1;road_2_1_2_1;road_1_0_1_0;road_1_0_1_0;road_1_0_1_1;road_1_0_1_1;road_0_1_0_0;road_0_1_0_0;road_0_1_0_1;road_0_1_0_1,GGGGrrrrrrrrrrrr
29,intersection_1_1,road_1_2_3_0;road_1_2_3_0;road_1_2_3_1;road_1_2_3_1;road_2_1_2_0;road_2_1_2_0;road_2_1_2_1;road_2_1_2_1;road_1_0_1_0;road_1_0_1_0;road_1_0_1_1;road_1_0_1_1;road_0_1_0_0;road_0_1_0_0;road_0_1_0_1;road_0_1_0_1,GGGGrrrrrrrrrrrr
30,intersection_1_1,road_1_2_3_0;road_1_2_3_0;road_1_2_3_1;road_1_2_3_1;road_2_1_2_0;road_2_1_2_0;road_2_1_2_1;road_2_1_2_1;road_1_0_1_0;road_1_0_1_0;road_1_0_1_1;road_1_0_1_1;road_0_1_0_0;road_0_1_0_0;road_0_1_0_1;road_0_1_0_1,GGGGrrrrrrrrrrrr
30,intersection_1_1,road_1_2_3_0;road_1_2_3_0;road_1_2_3_1;road_1_2_3_1;road_2_1_2_0;road_2_1_2_0;road_2_1_2_1;road_2_1_2_1;road_1_0_1_0;road_1_0_1_0;road_1_0_1_1;road_1_0_1_1;road_0_1_0_0;road_0_1_0_0;road_0_1_0_1;road_0_1_0_1,GGGGrrrrrrrrrrrr
31,intersection_1_1,road_1_2_3_0;road_1_2_3_0;road_1_2_3_1;road_1_2_3_1;road_2_1_2_0;road_2_1_2_0;road_2_1_2_1;road_2_1_2_1;road_1_0_1_0;road_1_0_1_0;road_1_0_1_1;road_1_0_1_1;road_0_1_0_0;road_0_1_0_0;road_0_1_0_1;road_0_1_0_1,GGGGrrrrrrrrrrrr
32,intersection_1_1,road_1_2_3_0;road_1_2_3_0;road_1_2_3_1;road_1_2_3_1;road_2_1_2_0;road_2_1_2_0;road_2_1_2_1;road_2_1_2_1;road_1_0_1_0;road_1_0_1_0;road_1_0_1_1;road_1_0_1_1;road_0_1_0_0;road_0_1_0_0;road_0_1_0_1;road_0_1_0_1,GGGGrrrrrrrrrrrr
33,intersection_1_1,road_1_2_3_0;road_1_2_3_0;road_1_2_3_1;road_1_2_3_1;road_2_1_2_0;road_2_1_2_0;road_2_1_2_1;road_2_1_2_1;road_1_0_1_0;road_1_0_1_0;road_1_0_1_1;road_1_0_1_1;road_0_1_0_0;road_0_1_0_0;road_0_1_0_1;road_0_1_0_1,GGGGrrrrrrrrrrrr
34,intersection_1_1,road_1_2_3_0;road_1_2_3_0;road_1_2_3_1;road_1_2_3_1;road_2_1_2_0;road_2_1_2_0;road_2_1_2_1;road_2_1_2_1;road_1_0_1_0;road_1_0_1_0;road_1_0_1_1;road_1_0_1_1;road_0_1_0_0;road_0_1_0_0;road_0_1_0_1;road_0_1_0_1,GGGGrrrrrrrrrrrr
35,intersection_1_1,road_1_2_3_0;road_1_2_3_0;road_1_2_3_1;road_1_2_3_1;road_2_1_2_0;road_2_1_2_0;road_2_1_2_1;road_2_1_2_1;road_1_0_1_0;road_1_0_1_0;road_1_0_1_1;road_1_0_1_1;road_0_1_0_0;road_0_1_0_0;road_0_1_0_1;road_0_1_0_1,GGGGrrrrrrrrrrrr
36,intersection_1_1,road_1_2_3_0;road_1_2_3_0;road_1_2_3_1;road_1_2_3_1;road_2_1_2_0;road_2_1_2_0;road_2_1_2_1;road_2_1_2_1;road_1_0_1_0;road_1_0_1_0;road_1_0_1_1;road_1_0_1_1;road_0_1_0_0;road_0_1_0_0;road_0_1_0_1;road_0_1_0_1,GGGGrrrrrrrrrrrr
37,intersection_1_1,road_1_2_3_0;road_1_2_3_0;road_1_2_3_1;road_1_2_3_1;road_2_1_2_0;road_2_1_2_0;road_2_1_2_1;road_2_1_2_1;road_1_0_1_0;road_1_0_1_0;road_1_0_1_1;road_1_0_1_1;road_0_1_0_0;road_0_1_0_0;road_0_1_0_1;road_0_1_0_1,GGGGrrrrrrrrrrrr
38,intersection_1_1,road_1_2_3_0;road_1_2_3_0;road_1_2_3_1;road_1_2_3_1;road_2_1_2_0;road_2_1_2_0;road_2_1_2_1;road_2_1_2_1;road_1_0_1_0;road_1_0_1_0;road_1_0_1_1;road_1_0_1_1;road_0_1_0_0;road_0_1_0_0;road_0_1_0_1;road_0_1_0_1,GGGGrrrrrrrrrrrr
39,intersection_1_1,road_1_2_3_0;road_1_2_3_0;road_1_2_3_1;road_1_2_3_1;road_2_1_2_0;road_2_1_2_0;road_2_1_2_1;road_2_1_2_1;road_1_0_1_0;road_1_0_1_0;road_1_0_1_1;road_1_0_1_1;road_0_1_0_0;road_0_1_0_0;road_0_1_0_1;road_0_1_0_1,GGGGrrrrrrrrrrrr
40,intersection_1_1,road_1_2_3_0;road_1_2_3_0;road_1_2_3_1;road_1_2_3_1;road_2_1_2_0;road_2_1_2_0;road_2_1_2_1;road_2_1_2_1;road_1_0_1_0;road_1_0_1_0;road_1_0_1_1;road_1_0_1_1;road_0_1_0_0;road_0_1_0_0;road_0_1_0_1;road_0_1_0_1,GGGGrrrrrrrrrrrr
40,intersection_1_1,road_1_2_3_0;road_1_2_3_0;road_1_2_3_1;road_1_2_3_1;road_2_1_2_0;road_2_1_2_0;road_2_1_2_1;road_2_1_2_1;road_1_0_1_0;road_1_0_1_0;road_1_0_1_1;road_1_0_1_1;road_0_1_0_0;road_0_1_0_0;road_0_1_0_1;road_0_1_0_1,GGGGrrrrrrrrrrrr
41,intersection_1_1,road_1_2_3_0;road_1_2_3_0;road_1_2_3_1;road_1_2_3_1;road_2_1_2_0;road_2_1_2_0;road_2_1_2_1;road_2_1_2_1;road_1_0_1_0;road_1_0_1_0;road_1_0_1_1;road_1_0_1_1;road_0_1_0_0;road_0_1_0_0;road_0_1_0_1;road_0_1_0_1,rrrrrrrrrrrrrrrr
42,intersection_1_1,road_1_2_3_0;road_1_2_3_0;road_1_2_3_1;road_1_2_3_1;road_2_1_2_0;road_2_1_2_0;road_2_1_2_1;road_2_1_2_1;road_1_0_1_0;road_1_0_1_0;road_1_0_1_1;road_1_0_1_1;road_0_1_0_0;road_0_1_0_0;road_0_1_0_1;road_0_1_0_1,rrrrrrrrrrrrrrrr
43,intersection_1_1,road_1_2_3_0;road_1_2_3_0;road_1_2_3_1;road_1_2_3_1;road_2_1_2_0;road_2_1_2_0;road_2_1_2_1;road_2_1_2_1;road_1_0_1_0;road_1_0_1_0;road_1_0_1_1;road_1_0_1_1;road_0_1_0_0;road_0_1_0_0;road_0_1_0_1;road_0_1_0_1,rrrrrrrrrrrrrrrr
44,intersection_1_1,road_1_2_3_0;road_1_2_3_0;road_1_2_3_1;road_1_2_3_1;road_2_1_2_0;road_2_1_2_0;road_2_1_2_1;road_2_1_2_1;road_1_0_1_0;road_1_0_1_0;road_1_0_1_1;road_1_0_1_1;road_0_1_0_0;road_0_1_0_0;road_0_1_0_1;road_0_1_0_1,rrrrrrrrrrrrrrrr
45,intersection_1_1,road_1_2_3_0;road_1_2_3_0;road_1_2_3_1;road_1_2_3_1;road_2_1_2_0;road_2_1_2_0;road_2_1_2_1;road_2_1_2_1;road_1_0_1_0;road_1_0_1_0;road_1_0_1_1;road_1_0_1_1;road_0_1_0_0;road_0_1_0_0;road_0_1_0_1;road_0_1_0_1,rrrrrrrrrrrrrrrr
46,intersection_1_1,road_1_2_3_0;road_1_2_3_0;road_1_2_3_1;road_1_2_3_1;road_2_1_2_0;road_2_1_2_0;road_2_1_2_1;road_2_1_2_1;road_1_0_1_0;road_1_0_1_0;road_1_0_1_1;road_1_0_1_1;road_0_1_0_0;road_0_1_0_0;road_0_1_0_1;road_0_1_0_1,rrrrGGrrrrrrGGrr
47,intersection_1_1,road_1_2_3_0;road_1_2_3_0;road_1_2_3_1;road_1_2_3_1;road_2_1_2_0;road_2_1_2_0;road_2_1_2_1;road_2_1_2_1;road_1_0_1_0;road_1_0_1_0;road_1_0_1_1;road_1_0_1_1;road_0_1_0_0;road_0_1_0_0;road_0_1_0_1;road_0_1_0_1,rrrrGGrrrrrrGGrr
48,intersection_1_1,road_1_2_3_0;road_1_2_3_0;road_1_2_3_1;road_1_2_3_1;road_2_1_2_0;road_2_1_2_0;road_2_1_2_1;road_2_1_2_1;road_1_0_1_0;road_1_0_1_0;road_1_0_1_1;road_1_0_1_1;road_0_1_0_0;road_0_1_0_0;road_0_1_0_1;road_0_1_0_1,rrrrGGrrrrrrGGrr
49,intersection_1_1,road_1_2_3_0;road_1_2_3_0;road_1_2_3_1;road_1_2_3_1;road_2_1_2_0;road_2_1_2_0;road_2_1_2_1;road_2_1_2_1;road_1_0_1_0;road_1_0_1_0;road_1_0_1_1;road_1_0_1_1;road_0_1_0_0;road_0_1_0_0;road_0_1_0_1;road_0_1_0_1,rrrrGGrrrrrrGGrr
50,intersection_1_1,road_1_2_3_0;road_1_2_3_0;road_1_2_3_1;road_1_2_3_1;road_2_1_2_0;road_2_1_2_0;road_2_1_2_1;road_2_1_2_1;road_1_0_1_0;road_1_0_1_0;road_1_0_1_1;road_1_0_1_1;road_0_1_0_0;road_0_1_0_0;road_0_1_0_1;road_0_1_0_1,rrrrGGrrrrrrGGrr
50,intersection_1_1,road_1_2_3_0;road_1_2_3_0;road_1_2_3_1;road_1_2_3_1;road_2_1_2_0;road_2_1_2_0;road_2_1_2_1;road_2_1_2_1;road_1_0_1_0;road_1_0_1_0;road_1_0_1_1;road_1_0_1_1;road_0_1_0_0;road_0_1_0_0;road_0_1_0_1;road_0_1_0_1,rrrrGGrrrrrrGGrr
51,intersection_1_1,road_1_2_3_0;road_1_2_3_0;road_1_2_3_1;road_1_2_3_1;road_2_1_2_0;road_2_1_2_0;road_2_1_2_1;road_2_1_2_1;road_1_0_1_0;road_1_0_1_0;road_1_0_1_1;road_1_0_1_1;road_0_1_0_0;road_0_1_0_0;road_0_1_0_1;road_0_1_0_1,rrrrGGrrrrrrGGrr
52,intersection_1_1,road_1_2_3_0;road_1_2_3_0;road_1_2_3_1;road_1_2_3_1;road_2_1_2_0;road_2_1_2_0;road_2_1_2_1;road_2_1_2_1;road_1_0_1_0;road_1_0_1_0;road_1_0_1_1;road_1_0_1_1;road_0_1_0_0;road_0_1_0_0;road_0_1_0_1;road_0_1_0_1,rrrrGGrrrrrrGGrr
53,intersection_1_1,road_1_2_3_0;road_1_2_3_0;road_1_2_3_1;road_1_2_3_1;road_2_1_2_0;road_2_1_2_0;road_2_1_2_1;road_2_1_2_1;road_1_0_1_0;road_1_0_1_0;road_1_0_1_1;road_1_0_1_1;road_0_1_0_0;road_0_1_0_0;road_0_1_0_1;road_0_1_0_1,rrrrGGrrrrrrGGrr
54,intersection_1_1,road_1_2_3_0;road_1_2_3_0;road_1_2_3_1;road_1_2_3_1;road_2_1_2_0;road_2_1_2_0;road_2_1_2_1;road_2_1_2_1;road_1_0_1_0;road_1_0_1_0;road_1_0_1_1;road_1_0_1_1;road_0_1_0_0;road_0_1_0_0;road_0_1_0_1;road_0_1_0_1,rrrrGGrrrrrrGGrr
55,intersection_1_1,road_1_2_3_0;road_1_2_3_0;road_1_2_3_1;road_1_2_3_1;road_2_1_2_0;road_2_1_2_0;road_2_1_2_1;road_2_1_2_1;road_1_0_1_0;road_1_0_1_0;road_1_0_1_1;road_1_0_1_1;road_0_1_0_0;road_0_1_0_0;road_0_1_0_1;road_0_1_0_1,rrrrGGrrrrrrGGrr
56,intersection_1_1,road_1_2_3_0;road_1_2_3_0;road_1_2_3_1;road_1_2_3_1;road_2_1_2_0;road_2_1_2_0;road_2_1_2_1;road_2_1_2_1;road_1_0_1_0;road_1_0_1_0;road_1_0_1_1;road_1_0_1_1;road_0_1_0_0;road_0_1_0_0;road_0_1_0_1;road_0_1_0_1,rrrrGGrrrrrrGGrr
57,intersection_1_1,road_1_2_3_0;road_1_2_3_0;road_1_2_3_1;road_1_2_3_1;road_2_1_2_0;road_2_1_2_0;road_2_1_2_1;road_2_1_2_1;road_1_0_1_0;road_1_0_1_0;road_1_0_1_1;road_1_0_1_1;road_0_1_0_0;road_0_1_0_0;road_0_1_0_1;road_0_1_0_1,rrrrGGrrrrrrGGrr
58,intersection_1_1,road_1_2_3_0;road_1_2_3_0;road_1_2_3_1;road_1_2_3_1;road_2_1_2_0;road_2_1_2_0;road_2_1_2_1;road_2_1_2_1;road_1_0_1_0;road_1_0_1_0;road_1_0_1_1;road_1_0_1_1;road_0_1_0_0;road_0_1_0_0;road_0_1_0_1;road_0_1_0_1,rrrrGGrrrrrrGGrr
59,intersection_1_1,road_1_2_3_0;road_1_2_3_0;road_1_2_3_1;road_1_2_3_1;road_2_1_2_0;road_2_1_2_0;road_2_1_2_1;road_2_1_2_1;road_1_0_1_0;road_1_0_1_0;road_1_0_1_1;road_1_0_1_1;road_0_1_0_0;road_0_1_0_0;road_0_1_0_1;road_0_1_0_1,rrrrGGrrrrrrGGrr
60,intersection_1_1,road_1_2_3_0;road_1_2_3_0;road_1_2_3_1;road_1_2_3_1;road_2_1_2_0;road_2_1_2_0;road_2_1_2_1;road_2_1_2_1;road_1_0_1_0;road_1_0_1_0;road_1_0_1_1;road_1_0_1_1;road_0_1_0_0;road_0_1_0_0;road_0_1_0_1;road_0_1_0_1,rrrrGGrrrrrrGGrr
60,intersection_1_1,road_1_2_3_0;road_1_2_3_0;road_1_2_3_1;road_1_2_3_1;road_2_1_2_0;road_2_1_2_0;road_2_1_2_1;road_2_1_2_1;road_1_0_1_0;road_1_0_1_0;road_1_0_1_1;road_1_0_1_1;road_0_1_0_0;road_0_1_0_0;road_0_1_0_1;road_0_1_0_1,rrrrGGrrrrrrGGrr
61,intersection_1_1,road_1_2_3_0;road_1_2_3_0;road_1_2_3_1;road_1_2_3_1;road_2_1_2_0;road_2_1_2_0;road_2_1_2_1;road_2_1_2_1;road_1_0_1_0;road_1_0_1_0;road_1_0_1_1;road_1_0_1_1;road_0_1_0_0;road_0_1_0_0;road_0_1_0_1;road_0_1_0_1,rrrrrrrrrrrrrrrr
62,intersection_1_1,road_1_2_3_0;road_1_2_3_0;road_1_2_3_1;road_1_2_3_1;road_2_1_2_0;road_2_1_2_0;road_2_1_2_1;road_2_1_2_1;road_1_0_1_0;road_1_0_1_0;road_1_0_1_1;road_1_0_1_1;road_0_1_0_0;road_0_1_0_0;road_0_1_0_1;road_0_1_0_1,rrrrrrrrrrrrrrrr
63,intersection_1_1,road_1_2_3_0;road_1_2_3_0;road_1_2_3_1;road_1_2_3_1;road_2_1_2_0;road_2_1_2_0;road_2_1_2_1;road_2_1_2_1;road_1_0_1_0;road_1_0_1_0;road_1_0_1_1;road_1_0_1_1;road_0_1_0_0;road_0_1_0_0;road_0_1_0_1;road_0_1_0_1,rrrrrrrrrrrrrrrr
64,intersection_1_1,road_1_2_3_0;road_1_2_3_0;road_1_2_3_1;road_1_2_3_1;road_2_1_2_0;road_2_1_2_0;road_2_1_2_1;road_2_1_2_1;road_1_0_1_0;road_1_0_1_0;road_1_0_1_1;road_1_0_1_1;road_0_1_0_0;road_0_1_0_0;road_0_1_0_1;road_0_1_0_1,rrrrrrrrrrrrrrrr
65,intersection_1_1,road_1_2_3_0;road_1_2_3_0;road_1_2_3_1;road_1_2_3_1;road_2_1_2_0;road_2_1_2_0;road_2_1_2_1;road_2_1_2_1;road_1_0_1_0;road_1_0_1_0;road_1_0_1_1;road_1_0_1_1;road_0_1_0_0;road_0_1_0_0;road_0_1_0_1;road_0_1_0_1,rrrrrrrrrrrrrrrr
66,intersection_1_1,road_1_2_3_0;road_1_2_3_0;road_1_2_3_1;road_1_2_3_1;road_2_1_2_0;road_2_1_2_0;road_2_1_2_1;road_2_1_2_1;road_1_0_1_0;road_1_0_1_0;road_1_0_1_1;road_1_0_1_1;road_0_1_0_0;road_0_1_0_0;road_0_1_0_1;road_0_1_0_1,GGrrrrrrGGrrrrrr
67,intersection_1_1,road_1_2_3_0;road_1_2_3_0;road_1_2_3_1;road_1_2_3_1;road_2_1_2_0;road_2_1_2_0;road_2_1_2_1;road_2_1_2_1;road_1_0_1_0;road_1_0_1_0;road_1_0_1_1;road_1_0_1_1;road_0_1_0_0;road_0_1_0_0;road_0_1_0_1;road_0_1_0_1,GGrrrrrrGGrrrrrr
68,intersection_1_1,road_1_2_3_0;road_1_2_3_0;road_1_2_3_1;road_1_2_3_1;road_2_1_2_0;road_2_1_2_0;road_2_1_2_1;road_2_1_2_1;road_1_0_1_0;road_1_0_1_0;road_1_0_1_1;road_1_0_1_1;road_0_1_0_0;road_0_1_0_0;road_0_1_0_1;road_0_1_0_1,GGrrrrrrGGrrrrrr
69,intersection_1_1,road_1_2_3_0;road_1_2_3_0;road_1_2_3_1;road_1_2_3_1;road_2_1_2_0;road_2_1_2_0;road_2_1_2_1;road_2_1_2_1;road_1_0_1_0;road_1_0_1_0;road_1_0_1_1;road_1_0_1_1;road_0_1_0_0;road_0_1_0_0;road_0_1_0_1;road_0_1_0_1,GGrrrrrrGGrrrrrr
70,intersection_1_1,road_1_2_3_0;road_1_2_3_0;road_1_2_3_1;road_1_2_3_1;road_2_1_2_0;road_2_1_2_0;road_2_1_2_1;road_2_1_2_1;road_1_0_1_0;road_1_0_1_0;road_1_0_1_1;road_1_0_1_1;road_0_1_0_0;road_0_1_0_0;road_0_1_0_1;road_0_1_0_1,GGrrrrrrGGrrrrrr
70,intersection_1_1,road_1_2_3_0;road_1_2_3_0;road_1_2_3_1;road_1_2_3_1;road_2_1_2_0;road_2_1_2_0;road_2_1_2_1;road_2_1_2_1;road_1_0_1_0;road_1_0_1_0;road_1_0_1_1;road_1_0_1_1;road_0_1_0_0;road_0_1_0_0;road_0_1_0_1;road_0_1_0_1,GGrrrrrrGGrrrrrr
71,intersection_1_1,road_1_2_3_0;road_1_2_3_0;road_1_2_3_1;road_1_2_3_1;road_2_1_2_0;road_2_1_2_0;road_2_1_2_1;road_2_1_2_1;road_1_0_1_0;road_1_0_1_0;road_1_0_1_1;road_1_0_1_1;road_0_1_0_0;road_0_1_0_0;road_0_1_0_1;road_0_1_0_1,GGrrrrrrGGrrrrrr
72,intersection_1_1,road_1_2_3_0;road_1_2_3_0;road_1_2_3_1;road_1_2_3_1;road_2_1_2_0;road_2_1_2_0;road_2_1_2_1;road_2_1_2_1;road_1_0_1_0;road_1_0_1_0;road_1_0_1_1;road_1_0_1_1;road_0_1_0_0;road_0_1_0_0;road_0_1_0_1;road_0_1_0_1,GGrrrrrrGGrrrrrr
73,intersection_1_1,road_1_2_3_0;road_1_2_3_0;road_1_2_3_1;road_1_2_3_1;road_2_1_2_0;road_2_1_2_0;road_2_1_2_1;road_2_1_2_1;road_1_0_1_0;road_1_0_1_0;road_1_0_1_1;road_1_0_1_1;road_0_1_0_0;road_0_1_0_0;road_0_1_0_1;road_0_1_0_1,GGrrrrrrGGrrrrrr
74,intersection_1_1,road_1_2_3_0;road_1_2_3_0;road_1_2_3_1;road_1_2_3_1;road_2_1_2_0;road_2_1_2_0;road_2_1_2_1;road_2_1_2_1;road_1_0_1_0;road_1_0_1_0;road_1_0_1_1;road_1_0_1_1;road_0_1_0_0;road_0_1_0_0;road_0_1_0_1;road_0_1_0_1,GGrrrrrrGGrrrrrr
75,intersection_1_1,road_1_2_3_0;road_1_2_3_0;road_1_2_3_1;road_1_2_3_1;road_2_1_2_0;road_2_1_2_0;road_2_1_2_1;road_2_1_2_1;road_1_0_1_0;road_1_0_1_0;road_1_0_1_1;road_1_0_1_1;road_0_1_0_0;road_0_1_0_0;road_0_1_0_1;road_0_1_0_1,GGrrrrrrGGrrrrrr
76,intersection_1_1,road_1_2_3_0;road_1_2_3_0;road_1_2_3_1;road_1_2_3_1;road_2_1_2_0;road_2_1_2_0;road_2_1_2_1;road_2_1_2_1;road_1_0_1_0;road_1_0_1_0;road_1_0_1_1;road_1_0_1_1;road_0_1_0_0;road_0_1_0_0;road_0_1_0_1;road_0_1_0_1,GGrrrrrrGGrrrrrr
77,intersection_1_1,road_1_2_3_0;road_1_2_3_0;road_1_2_3_1;road_1_2_3_1;road_2_1_2_0;road_2_1_2_0;road_2_1_2_1;road_2_1_2_1;road_1_0_1_0;road_1_0_1_0;road_1_0_1_1;road_1_0_1_1;road_0_1_0_0;road_0_1_0_0;road_0_1_0_1;road_0_1_0_1,GGrrrrrrGGrrrrrr
78,intersection_1_1,road_1_2_3_0;road_1_2_3_0;road_1_2_3_1;road_1_2_3_1;road_2_1_2_0;road_2_1_2_0;road_2_1_2_1;road_2_1_2_1;road_1_0_1_0;road_1_0_1_0;road_1_0_1_1;road_1_0_1_1;road_0_1_0_0;road_0_1_0_0;road_0_1_0_1;road_0_1_0_1,GGrrrrrrGGrrrrrr
79,intersection_1_1,road_1_2_3_0;road_1_2_3_0;road_1_2_3_1;road_1_2_3_1;road_2_1_2_0;road_2_1_2_0;road_2_1_2_1;road_2_1_2_1;road_1_0_1_0;road_1_0_1_0;road_1_0_1_1;road_1_0_1_1;road_0_1_0_0;road_0_1_0_0;road_0_1_0_1;road_0_1_0_1,GGrrrrrrGGrrrrrr
80,intersection_1_1,road_1_2_3_0;road_1_2_3_0;road_1_2_3_1;road_1_2_3_1;road_2_1_2_0;road_2_1_2_0;road_2_1_2_1;road_2_1_2_1;road_1_0_1_0;road_1_0_1_0;road_1_0_1_1;road_1_0_1_1;road_0_1_0_0;road_0_1_0_0;road_0_1_0_1;road_0_1_0_1,GGrrrrrrGGrrrrrr
80,intersection_1_1,road_1_2_3_0;road_1_2_3_0;road_1_2_3_1;road_1_2_3_1;road_2_1_2_0;road_2_1_2_0;road_2_1_2_1;road_2_1_2_1;road_1_0_1_0;road_1_0_1_0;road_1_0_1_1;road_1_0_1_1;road_0_1_0_0;road_0_1_0_0;road_0_1_0_1;road_0_1_0_1,GGrrrrrrGGrrrrrr
81,intersection_1_1,road_1_2_3_0;road_1_2_3_0;road_1_2_3_1;road_1_2_3_1;road_2_1_2_0;road_2_1_2_0;road_2_1_2_1;road_2_1_2_1;road_1_0_1_0;road_1_0_1_0;road_1_0_1_1;road_1_0_1_1;road_0_1_0_0;road_0_1_0_0;road_0_1_0_1;road_0_1_0_1,GGrrrrrrGGrrrrrr
82,intersection_1_1,road_1_2_3_0;road_1_2_3_0;road_1_2_3_1;road_1_2_3_1;road_2_1_2_0;road_2_1_2_0;road_2_1_2_1;road_2_1_2_1;road_1_0_1_0;road_1_0_1_0;road_1_0_1_1;road_1_0_1_1;road_0_1_0_0;road_0_1_0_0;road_0_1_0_1;road_0_1_0_1,GGrrrrrrGGrrrrrr
83,intersection_1_1,road_1_2_3_0;road_1_2_3_0;road_1_2_3_1;road_1_2_3_1;road_2_1_2_0;road_2_1_2_0;road_2_1_2_1;road_2_1_2_1;road_1_0_1_0;road_1_0_1_0;road_1_0_1_1;road_1_0_1_1;road_0_1_0_0;road_0_1_0_0;road_0_1_0_1;road_0_1_0_1,GGrrrrrrGGrrrrrr
84,intersection_1_1,road_1_2_3_0;road_1_2_3_0;road_1_2_3_1;road_1_2_3_1;road_2_1_2_0;road_2_1_2_0;road_2_1_2_1;road_2_1_2_1;road_1_0_1_0;road_1_0_1_0;road_1_0_1_1;road_1_0_1_1;road_0_1_0_0;road_0_1_0_0;road_0_1_0_1;road_0_1_0_1,GGrrrrrrGGrrrrrr
85,intersection_1_1,road_1_2_3_0;road_1_2_3_0;road_1_2_3_1;road_1_2_3_1;road_2_1_2_0;road_2_1_2_0;road_2_1_2_1;road_2_1_2_1;road_1_0_1_0;road_1_0_1_0;road_1_0_1_1;road_1_0_1_1;road_0_1_0_0;road_0_1_0_0;road_0_1_0_1;road_0_1_0_1,GGrrrrrrGGrrrrrr
86,intersection_1_1,road_1_2_3_0;road_1_2_3_0;road_1_2_3_1;road_1_2_3_1;road_2_1_2_0;road_2_1_2_0;road_2_1_2_1;road_2_1_2_1;road_1_0_1_0;road_1_0_1_0;road_1_0_1_1;road_1_0_1_1;road_0_1_0_0;road_0_1_0_0;road_0_1_0_1;road_0_1_0_1,GGrrrrrrGGrrrrrr
87,intersection_1_1,road_1_2_3_0;road_1_2_3_0;road_1_2_3_1;road_1_2_3_1;road_2_1_2_0;road_2_1_2_0;road_2_1_2_1;road_2_1_2_1;road_1_0_1_0;road_1_0_1_0;road_1_0_1_1;road_1_0_1_1;road_0_1_0_0;road_0_1_0_0;road_0_1_0_1;road_0_1_0_1,GGrrrrrrGGrrrrrr
88,intersection_1_1,road_1_2_3_0;road_1_2_3_0;road_1_2_3_1;road_1_2_3_1;road_2_1_2_0;road_2_1_2_0;road_2_1_2_1;road_2_1_2_1;road_1_0_1_0;road_1_0_1_0;road_1_0_1_1;road_1_0_1_1;road_0_1_0_0;road_0_1_0_0;road_0_1_0_1;road_0_1_0_1,GGrrrrrrGGrrrrrr
89,intersection_1_1,road_1_2_3_0;road_1_2_3_0;road_1_2_3_1;road_1_2_3_1;road_2_1_2_0;road_2_1_2_0;road_2_1_2_1;road_2_1_2_1;road_1_0_1_0;road_1_0_1_0;road_1_0_1_1;road_1_0_1_1;road_0_1_0_0;road_0_1_0_0;road_0_1_0_1;road_0_1_0_1,GGrrrrrrGGrrrrrr
90,intersection_1_1,road_1_2_3_0;road_1_2_3_0;road_1_2_3_1;road_1_2_3_1;road_2_1_2_0;road_2_1_2_0;road_2_1_2_1;road_2_1_2_1;road_1_0_1_0;road_1_0_1_0;road_1_0_1_1;road_1_0_1_1;road_0_1_0_0;road_0_1_0_0;road_0_1_0_1;road_0_1_0_1,GGrrrrrrGGrrrrrr
90,intersection_1_1,road_1_2_3_0;road_1_2_3_0;road_1_2_3_1;road_1_2_3_1;road_2_1_2_0;road_2_1_2_0;road_2_1_2_1;road_2_1_2_1;road_1_0_1_0;road_1_0_1_0;road_1_0_1_1;road_1_0_1_1;road_0_1_0_0;road_0_1_0_0;road_0_1_0_1;road_0_1_0_1,GGrrrrrrGGrrrrrr
91,intersection_1_1,road_1_2_3_0;road_1_2_3_0;road_1_2_3_1;road_1_2_3_1;road_2_1_2_0;road_2_1_2_0;road_2_1_2_1;road_2_1_2_1;road_1_0_1_0;road_1_0_1_0;road_1_0_1_1;road_1_0_1_1;road_0_1_0_0;road_0_1_0_0;road_0_1_0_1;road_0_1_0_1,GGrrrrrrGGrrrrrr
92,intersection_1_1,road_1_2_3_0;road_1_2_3_0;road_1_2_3_1;road_1_2_3_1;road_2_1_2_0;road_2_1_2_0;road_2_1_2_1;road_2_1_2_1;road_1_0_1_0;road_1_0_1_0;road_1_0_1_1;road_1_0_1_1;road_0_1_0_0;road_0_1_0_0;road_0_1_0_1;road_0_1_0_1,GGrrrrrrGGrrrrrr
93,intersection_1_1,road_1_2_3_0;road_1_2_3_0;road_1_2_3_1;road_1_2_3_1;road_2_1_2_0;road_2_1_2_0;road_2_1_2_1;road_2_1_2_1;road_1_0_1_0;road_1_0_1_0;road_1_0_1_1;road_1_0_1_1;road_0_1_0_0;road_0_1_0_0;road_0_1_0_1;road_0_1_0_1,GGrrrrrrGGrrrrrr
94,intersection_1_1,road_1_2_3_0;road_1_2_3_0;road_1_2_3_1;road_1_2_3_1;road_2_1_2_0;road_2_1_2_0;road_2_1_2_1;road_2_1_2_1;road_1_0_1_0;road_1_0_1_0;road_1_0_1_1;road_1_0_1_1;road_0_1_0_0;road_0_1_0_0;road_0_1_0_1;road_0_1_0_1,GGrrrrrrGGrrrrrr
95,intersection_1_1,road_1_2_3_0;road_1_2_3_0;road_1_2_3_1;road_1_2_3_1;road_2_1_2_0;road_2_1_2_0;road_2_1_2_1;road_2_1_2_1;road_1_0_1_0;road_1_0_1_0;road_1_0_1_1;road_1_0_1_1;road_0_1_0_0;road_0_1_0_0;road_0_1_0_1;road_0_1_0_1,GGrrrrrrGGrrrrrr
96,intersection_1_1,road_1_2_3_0;road_1_2_3_0;road_1_2_3_1;road_1_2_3_1;road_2_1_2_0;road_2_1_2_0;road_2_1_2_1;road_2_1_2_1;road_1_0_1_0;road_1_0_1_0;road_1_0_1_1;road_1_0_1_1;road_0_1_0_0;road_0_1_0_0;road_0_1_0_1;road_0_1_0_1,GGrrrrrrGGrrrrrr
97,intersection_1_1,road_1_2_3_0;road_1_2_3_0;road_1_2_3_1;road_1_2_3_1;road_2_1_2_0;road_2_1_2_0;road_2_1_2_1;road_2_1_2_1;road_1_0_1_0;road_1_0_1_0;road_1_0_1_1;road_1_0_1_1;road_0_1_0_0;road_0_1_0_0;road_0_1_0_1;road_0_1_0_1,GGrrrrrrGGrrrrrr
98,intersection_1_1,road_1_2_3_0;road_1_2_3_0;road_1_2_3_1;road_1_2_3_1;road_2_1_2_0;road_2_1_2_0;road_2_1_2_1;road_2_1_2_1;road_1_0_1_0;road_1_0_1_0;road_1_0_1_1;road_1_0_1_1;road_0_1_0_0;road_0_1_0_0;road_0_1_0_1;road_0_1_0_1,GGrrrrrrGGrrrrrr
99,intersection_1_1,road_1_2_3_0;road_1_2_3_0;road_1_2_3_1;road_1_2_3_1;road_2_1_2_0;road_2_1_2_0;road_2_1_2_1;road_2_1_2_1;road_1_0_1_0;road_1_0_1_0;road_1_0_1_1;road_1_0_1_1;road_0_1_0_0;road_0_1_0_0;road_0_1_0_1;road_0_1_0_1,GGrrrrrrGGrrrrrr
100,intersection_1_1,road_1_2_3_0;road_1_2_3_0;road_1_2_3_1;road_1_2_3_1;road_2_1_2_0;road_2_1_2_0;road_2_1_2_1;road_2_1_2_1;road_1_0_1_0;road_1_0_1_0;road_1_0_1_1;road_1_0_1_1;road_0_1_0_0;road_0_1_0_0;road_0_1_0_1;road_0_1_0_1,GGrrrrrrGGrrrrrr
100,intersection_1_1,road_1_2_3_0;road_1_2_3_0;road_1_2_3_1;road_1_2_3_1;road_2_1_2_0;road_2_1_2_0;road_2_1_2_1;road_2_1_2_1;road_1_0_1_0;road_1_0_1_0;road_1_0_1_1;road_1_0_1_1;road_0_1_0_0;road_0_1_0_0;road_0_1_0_1;road_0_1_0_1,GGrrrrrrGGrrrrrr
101,intersection_1_1,road_1_2_3_0;road_1_2_3_0;road_1_2_3_1;road_1_2_3_1;road_2_1_2_0;road_2_1_2_0;road_2_1_2_1;road_2_1_2_1;road_1_0_1_0;road_1_0_1_0;road_1_0_1_1;road_1_0_1_1;road_0_1_0_0;road_0_1_0_0;road_0_1_0_1;road_0_1_0_1,GGrrrrrrGGrrrrrr
102,intersection_1_1,road_1_2_3_0;road_1_2_3_0;road_1_2_3_1;road_1_2_3_1;road_2_1_2_0;road_2_1_2_0;road_2_1_2_1;road_2_1_2_1;road_1_0_1_0;road_1_0_1_0;road_1_0_1_1;road_1_0_1_1;road_0_1_0_0;road_0_1_0_0;road_0_1_0_1;road_0_1_0_1,GGrrrrrrGGrrrrrr
103,intersection_1_1,road_1_2_3_0;road_1_2_3_0;road_1_2_3_1;road_1_2_3_1;road_2_1_2_0;road_2_1_2_0;road_2_1_2_1;road_2_1_2_1;road_1_0_1_0;road_1_0_1_0;road_1_0_1_1;road_1_0_1_1;road_0_1_0_0;road_0_1_0_0;road_0_1_0_1;road_0_1_0_1,GGrrrrrrGGrrrrrr
104,intersection_1_1,road_1_2_3_0;road_1_2_3_0;road_1_2_3_1;road_1_2_3_1;road_2_1_2_0;road_2_1_2_0;road_2_1_2_1;road_2_1_2_1;road_1_0_1_0;road_1_0_1_0;road_1_0_1_1;road_1_0_1_1;road_0_1_0_0;road_0_1_0_0;road_0_1_0_1;road_0_1_0_1,GGrrrrrrGGrrrrrr
105,intersection_1_1,road_1_2_3_0;road_1_2_3_0;road_1_2_3_1;road_1_2_3_1;road_2_1_2_0;road_2_1_2_0;road_2_1_2_1;road_2_1_2_1;road_1_0_1_0;road_1_0_1_0;road_1_0_1_1;road_1_0_1_1;road_0_1_0_0;road_0_1_0_0;road_0_1_0_1;road_0_1_0_1,GGrrrrrrGGrrrrrr
106,intersection_1_1,road_1_2_3_0;road_1_2_3_0;road_1_2_3_1;road_1_2_3_1;road_2_1_2_0;road_2_1_2_0;road_2_1_2_1;road_2_1_2_1;road_1_0_1_0;road_1_0_1_0;road_1_0_1_1;road_1_0_1_1;road_0_1_0_0;road_0_1_0_0;road_0_1_0_1;road_0_1_0_1,GGrrrrrrGGrrrrrr
107,intersection_1_1,road_1_2_3_0;road_1_2_3_0;road_1_2_3_1;road_1_2_3_1;road_2_1_2_0;road_2_1_2_0;road_2_1_2_1;road_2_1_2_1;road_1_0_1_0;road_1_0_1_0;road_1_0_1_1;road_1_0_1_1;road_0_1_0_0;road_0_1_0_0;road_0_1_0_1;road_0_1_0_1,GGrrrrrrGGrrrrrr
108,intersection_1_1,road_1_2_3_0;road_1_2_3_0;road_1_2_3_1;road_1_2_3_1;road_2_1_2_0;road_2_1_2_0;road_2_1_2_1;road_2_1_2_1;road_1_0_1_0;road_1_0_1_0;road_1_0_1_1;road_1_0_1_1;road_0_1_0_0;road_0_1_0_0;road_0_1_0_1;road_0_1_0_1,GGrrrrrrGGrrrrrr
109,intersection_1_1,road_1_2_3_0;road_1_2_3_0;road_1_2_3_1;road_1_2_3_1;road_2_1_2_0;road_2_1_2_0;road_2_1_2_1;road_2_1_2_1;road_1_0_1_0;road_1_0_1_0;road_1_0_1_1;road_1_0_1_1;road_0_1_0_0;road_0_1_0_0;road_0_1_0_1;road_0_1_0_1,GGrrrrrrGGrrrrrr
110,intersection_1_1,road_1_2_3_0;road_1_2_3_0;road_1_2_3_1;road_1_2_3_1;road_2_1_2_0;road_2_1_2_0;road_2_1_2_1;road_2_1_2_1;road_1_0_1_0;road_1_0_1_0;road_1_0_1_1;road_1_0_1_1;road_0_1_0_0;road_0_1_0_0;road_0_1_0_1;road_0_1_0_1,GGrrrrrrGGrrrrrr
110,intersection_1_1,road_1_2_3_0;road_1_2_3_0;road_1_2_3_1;road_1_2_3_1;road_2_1_2_0;road_2_1_2_0;road_2_1_2_1;road_2_1_2_1;road_1_0_1_0;road_1_0_1_0;road_1_0_1_1;road_1_0_1_1;road_0_1_0_0;road_0_1_0_0;road_0_1_0_1;road_0_1_0_1,GGrrrrrrGGrrrrrr
111,intersection_1_1,road_1_2_3_0;road_1_2_3_0;road_1_2_3_1;road_1_2_3_1;road_2_1_2_0;road_2_1_2_0;road_2_1_2_1;road_2_1_2_1;road_1_0_1_0;road_1_0_1_0;road_1_0_1_1;road_1_0_1_1;road_0_1_0_0;road_0_1_0_0;road_0_1_0_1;road_0_1_0_1,GGrrrrrrGGrrrrrr
112,intersection_1_1,road_1_2_3_0;road_1_2_3_0;road_1_2_3_1;road_1_2_3_1;road_2_1_2_0;road_2_1_2_0;road_2_1_2_1;road_2_1_2_1;road_1_0_1_0;road_1_0_1_0;road_1_0_1_1;road_1_0_1_1;road_0_1_0_0;road_0_1_0_0;road_0_1_0_1;road_0_1_0_1,GGrrrrrrGGrrrrrr
113,intersection_1_1,road_1_2_3_0;road_1_2_3_0;road_1_2_3_1;road_1_2_3_1;road_2_1_2_0;road_2_1_2_0;road_2_1_2_1;road_2_1_2_1;road_1_0_1_0;road_1_0_1_0;road_1_0_1_1;road_1_0_1_1;road_0_1_0_0;road_0_1_0_0;road_0_1_0_1;road_0_1_0_1,GGrrrrrrGGrrrrrr
114,intersection_1_1,road_1_2_3_0;road_1_2_3_0;road_1_2_3_1;road_1_2_3_1;road_2_1_2_0;road_2_1_2_0;road_2_1_2_1;road_2_1_2_1;road_1_0_1_0;road_1_0_1_0;road_1_0_1_1;road_1_0_1_1;road_0_1_0_0;road_0_1_0_0;road_0_1_0_1;road_0_1_0_1,GGrrrrrrGGrrrrrr
115,intersection_1_1,road_1_2_3_0;road_1_2_3_0;road_1_2_3_1;road_1_2_3_1;road_2_1_2_0;road_2_1_2_0;road_2_1_2_1;road_2_1_2_1;road_1_0_1_0;road_1_0_1_0;road_1_0_1_1;road_1_0_1_1;road_0_1_0_0;road_0_1_0_0;road_0_1_0_1;road_0_1_0_1,GGrrrrrrGGrrrrrr
116,intersection_1_1,road_1_2_3_0;road_1_2_3_0;road_1_2_3_1;road_1_2_3_1;road_2_1_2_0;road_2_1_2_0;road_2_1_2_1;road_2_1_2_1;road_1_0_1_0;road_1_0_1_0;road_1_0_1_1;road_1_0_1_1;road_0_1_0_0;road_0_1_0_0;road_0_1_0_1;road_0_1_0_1,GGrrrrrrGGrrrrrr
117,intersection_1_1,road_1_2_3_0;road_1_2_3_0;road_1_2_3_1;road_1_2_3_1;road_2_1_2_0;road_2_1_2_0;road_2_1_2_1;road_2_1_2_1;road_1_0_1_0;road_1_0_1_0;road_1_0_1_1;road_1_0_1_1;road_0_1_0_0;road_0_1_0_0;road_0_1_0_1;road_0_1_0_1,GGrrrrrrGGrrrrrr
118,intersection_1_1,road_1_2_3_0;road_1_2_3_0;road_1_2_3_1;road_1_2_3_1;road_2_1_2_0;road_2_1_2_0;road_2_1_2_1;road_2_1_2_1;road_1_0_1_0;road_1_0_1_0;road_1_0_1_1;road_1_0_1_1;road_0_1_0_0;road_0_1_0_0;road_0_1_0_1;road_0_1_0_1,GGrrrrrrGGrrrrrr
119,intersection_1_1,road_1_2_3_0;road_1_2_3_0;road_1_2_3_1;road_1_2_3_1;road_2_1_2_0;road_2_1_2_0;road_2_1_2_1;road_2_1_2_1;road_1_0_1_0;road_1_0_1_0;road_1_0_1_1;road_1_0_1_1;road_0_1_0_0;road_0_1_0_0;road_0_1_0_1;road_0_1_0_1,GGrrrrrrGGrrrrrr
120,intersection_1_1,road_1_2_3_0;road_1_2_3_0;road_1_2_3_1;road_1_2_3_1;road_2_1_2_0;road_2_1_2_0;road_2_1_2_1;road_2_1_2_1;road_1_0_1_0;road_1_0_1_0;road_1_0_1_1;road_1_0_1_1;road_0_1_0_0;road_0_1_0_0;road_0_1_0_1;road_0_1_0_1,GGrrrrrrGGrrrrrr
120,intersection_1_1,road_1_2_3_0;road_1_2_3_0;road_1_2_3_1;road_1_2_3_1;road_2_1_2_0;road_2_1_2_0;road_2_1_2_1;road_2_1_2_1;road_1_0_1_0;road_1_0_1_0;road_1_0_1_1;road_1_0_1_1;road_0_1_0_0;road_0_1_0_0;road_0_1_0_1;road_0_1_0_1,GGrrrrrrGGrrrrrr
121,intersection_1_1,road_1_2_3_0;road_1_2_3_0;road_1_2_3_1;road_1_2_3_1;road_2_1_2_0;road_2_1_2_0;road_2_1_2_1;road_2_1_2_1;road_1_0_1_0;road_1_0_1_0;road_1_0_1_1;road_1_0_1_1;road_0_1_0_0;road_0_1_0_0;road_0_1_0_1;road_0_1_0_1,GGrrrrrrGGrrrrrr
122,intersection_1_1,road_1_2_3_0;road_1_2_3_0;road_1_2_3_1;road_1_2_3_1;road_2_1_2_0;road_2_1_2_0;road_2_1_2_1;road_2_1_2_1;road_1_0_1_0;road_1_0_1_0;road_1_0_1_1;road_1_0_1_1;road_0_1_0_0;road_0_1_0_0;road_0_1_0_1;road_0_1_0_1,GGrrrrrrGGrrrrrr
123,intersection_1_1,road_1_2_3_0;road_1_2_3_0;road_1_2_3_1;road_1_2_3_1;road_2_1_2_0;road_2_1_2_0;road_2_1_2_1;road_2_1_2_1;road_1_0_1_0;road_1_0_1_0;road_1_0_1_1;road_1_0_1_1;road_0_1_0_0;road_0_1_0_0;road_0_1_0_1;road_0_1_0_1,GGrrrrrrGGrrrrrr
124,intersection_1_1,road_1_2_3_0;road_1_2_3_0;road_1_2_3_1;road_1_2_3_1;road_2_1_2_0;road_2_1_2_0;road_2_1_2_1;road_2_1_2_1;road_1_0_1_0;road_1_0_1_0;road_1_0_1_1;road_1_0_1_1;road_0_1_0_0;road_0_1_0_0;road_0_1_0_1;road_0_1_0_1,GGrrrrrrGGrrrrrr
125,intersection_1_1,road_1_2_3_0;road_1_2_3_0;road_1_2_3_1;road_1_2_3_1;road_2_1_2_0;road_2_1_2_0;road_2_1_2_1;road_2_1_2_1;road_1_0_1_0;road_1_0_1_0;road_1_0_1_1;road_1_0_1_1;road_0_1_0_0;road_0_1_0_0;road_0_1_0_1;road_0_1_0_1,GGrrrrrrGGrrrrrr
126,intersection_1_1,road_1_2_3_0;road_1_2_3_0;road_1_2_3_1;road_1_2_3_1;road_2_1_2_0;road_2_1_2_0;road_2_1_2_1;road_2_1_2_1;road_1_0_1_0;road_1_0_1_0;road_1_0_1_1;road_1_0_1_1;road_0_1_0_0;road_0_1_0_0;road_0_1_0_1;road_0_1_0_1,GGrrrrrrGGrrrrrr
127,intersection_1_1,road_1_2_3_0;road_1_2_3_0;road_1_2_3_1;road_1_2_3_1;road_2_1_2_0;road_2_1_2_0;road_2_1_2_1;road_2_1_2_1;road_1_0_1_0;road_1_0_1_0;road_1_0_1_1;road_1_0_1_1;road_0_1_0_0;road_0_1_0_0;road_0_1_0_1;road_0_1_0_1,GGrrrrrrGGrrrrrr
128,intersection_1_1,road_1_2_3_0;road_1_2_3_0;road_1_2_3_1;road_1_2_3_1;road_2_1_2_0;road_2_1_2_0;road_2_1_2_1;road_2_1_2_1;road_1_0_1_0;road_1_0_1_0;road_1_0_1_1;road_1_0_1_1;road_0_1_0_0;road_0_1_0_0;road_0_1_0_1;road_0_1_0_1,GGrrrrrrGGrrrrrr
129,intersection_1_1,road_1_2_3_0;road_1_2_3_0;road_1_2_3_1;road_1_2_3_1;road_2_1_2_0;road_2_1_2_0;road_2_1_2_1;road_2_1_2_1;road_1_0_1_0;road_1_0_1_0;road_1_0_1_1;road_1_0_1_1;road_0_1_0_0;road_0_1_0_0;road_0_1_0_1;road_0_1_0_1,GGrrrrrrGGrrrrrr
130,intersection_1_1,road_1_2_3_0;road_1_2_3_0;road_1_2_3_1;road_1_2_3_1;road_2_1_2_0;road_2_1_2_0;road_2_1_2_1;road_2_1_2_1;road_1_0_1_0;road_1_0_1_0;road_1_0_1_1;road_1_0_1_1;road_0_1_0_0;road_0_1_0_0;road_0_1_0_1;road_0_1_0_1,GGrrrrrrGGrrrrrr
130,intersection_1_1,road_1_2_3_0;road_1_2_3_0;road_1_2_3_1;road_1_2_3_1;road_2_1_2_0;road_2_1_2_0;road_2_1_2_1;road_2_1_2_1;road_1_0_1_0;road_1_0_1_0;road_1_0_1_1;road_1_0_1_1;road_0_1_0_0;road_0_1_0_0;road_0_1_0_1;road_0_1_0_1,GGrrrrrrGGrrrrrr
131,intersection_1_1,road_1_2_3_0;road_1_2_3_0;road_1_2_3_1;road_1_2_3_1;road_2_1_2_0;road_2_1_2_0;road_2_1_2_1;road_2_1_2_1;road_1_0_1_0;road_1_0_1_0;road_1_0_1_1;road_1_0_1_1;road_0_1_0_0;road_0_1_0_0;road_0_1_0_1;road_0_1_0_1,GGrrrrrrGGrrrrrr
132,intersection_1_1,road_1_2_3_0;road_1_2_3_0;road_1_2_3_1;road_1_2_3_1;road_2_1_2_0;road_2_1_2_0;road_2_1_2_1;road_2_1_2_1;road_1_0_1_0;road_1_0_1_0;road_1_0_1_1;road_1_0_1_1;road_0_1_0_0;road_0_1_0_0;road_0_1_0_1;road_0_1_0_1,GGrrrrrrGGrrrrrr
133,intersection_1_1,road_1_2_3_0;road_1_2_3_0;road_1_2_3_1;road_1_2_3_1;road_2_1_2_0;road_2_1_2_0;road_2_1_2_1;road_2_1_2_1;road_1_0_1_0;road_1_0_1_0;road_1_0_1_1;road_1_0_1_1;road_0_1_0_0;road_0_1_0_0;road_0_1_0_1;road_0_1_0_1,GGrrrrrrGGrrrrrr
134,intersection_1_1,road_1_2_3_0;road_1_2_3_0;road_1_2_3_1;road_1_2_3_1;road_2_1_2_0;road_2_1_2_0;road_2_1_2_1;road_2_1_2_1;road_1_0_1_0;road_1_0_1_0;road_1_0_1_1;road_1_0_1_1;road_0_1_0_0;road_0_1_0_0;road_0_1_0_1;road_0_1_0_1,GGrrrrrrGGrrrrrr
135,intersection_1_1,road_1_2_3_0;road_1_2_3_0;road_1_2_3_1;road_1_2_3_1;road_2_1_2_0;road_2_1_2_0;road_2_1_2_1;road_2_1_2_1;road_1_0_1_0;road_1_0_1_0;road_1_0_1_1;road_1_0_1_1;road_0_1_0_0;road_0_1_0_0;road_0_1_0_1;road_0_1_0_1,GGrrrrrrGGrrrrrr
136,intersection_1_1,road_1_2_3_0;road_1_2_3_0;road_1_2_3_1;road_1_2_3_1;road_2_1_2_0;road_2_1_2_0;road_2_1_2_1;road_2_1_2_1;road_1_0_1_0;road_1_0_1_0;road_1_0_1_1;road_1_0_1_1;road_0_1_0_0;road_0_1_0_0;road_0_1_0_1;road_0_1_0_1,GGrrrrrrGGrrrrrr
137,intersection_1_1,road_1_2_3_0;road_1_2_3_0;road_1_2_3_1;road_1_2_3_1;road_2_1_2_0;road_2_1_2_0;road_2_1_2_1;road_2_1_2_1;road_1_0_1_0;road_1_0_1_0;road_1_0_1_1;road_1_0_1_1;road_0_1_0_0;road_0_1_0_0;road_0_1_0_1;road_0_1_0_1,GGrrrrrrGGrrrrrr
138,intersection_1_1,road_1_2_3_0;road_1_2_3_0;road_1_2_3_1;road_1_2_3_1;road_2_1_2_0;road_2_1_2_0;road_2_1_2_1;road_2_1_2_1;road_1_0_1_0;road_1_0_1_0;road_1_0_1_1;road_1_0_1_1;road_0_1_0_0;road_0_1_0_0;road_0_1_0_1;road_0_1_0_1,GGrrrrrrGGrrrrrr
139,intersection_1_1,road_1_2_3_0;road_1_2_3_0;road_1_2_3_1;road_1_2_3_1;road_2_1_2_0;road_2_1_2_0;road_2_1_2_1;road_2_1_2_1;road_1_0_1_0;road_1_0_1_0;road_1_0_1_1;road_1_0_1_1;road_0_1_0_0;road_0_1_0_0;road_0_1_0_1;road_0_1_0_1,GGrrrrrrGGrrrrrr
140,intersection_1_1,road_1_2_3_0;road_1_2_3_0;road_1_2_3_1;road_1_2_3_1;road_2_1_2_0;road_2_1_2_0;road_2_1_2_1;road_2_1_2_1;road_1_0_1_0;road_1_0_1_0;road_1_0_1_1;road_1_0_1_1;road_0_1_0_0;road_0_1_0_0;road_0_1_0_1;road_0_1_0_1,GGrrrrrrGGrrrrrr
140,intersection_1_1,road_1_2_3_0;road_1_2_3_0;road_1_2_3_1;road_1_2_3_1;road_2_1_2_0;road_2_1_2_0;road_2_1_2_1;road_2_1_2_1;road_1_0_1_0;road_1_0_1_0;road_1_0_1_1;road_1_0_1_1;road_0_1_0_0;road_0_1_0_0;road_0_1_0_1;road_0_1_0_1,GGrrrrrrGGrrrrrr
141,intersection_1_1,road_1_2_3_0;road_1_2_3_0;road_1_2_3_1;road_1_2_3_1;road_2_1_2_0;road_2_1_2_0;road_2_1_2_1;road_2_1_2_1;road_1_0_1_0;road_1_0_1_0;road_1_0_1_1;road_1_0_1_1;road_0_1_0_0;road_0_1_0_0;road_0_1_0_1;road_0_1_0_1,GGrrrrrrGGrrrrrr
142,intersection_1_1,road_1_2_3_0;road_1_2_3_0;road_1_2_3_1;road_1_2_3_1;road_2_1_2_0;road_2_1_2_0;road_2_1_2_1;road_2_1_2_1;road_1_0_1_0;road_1_0_1_0;road_1_0_1_1;road_1_0_1_1;road_0_1_0_0;road_0_1_0_0;road_0_1_0_1;road_0_1_0_1,GGrrrrrrGGrrrrrr
143,intersection_1_1,road_1_2_3_0;road_1_2_3_0;road_1_2_3_1;road_1_2_3_1;road_2_1_2_0;road_2_1_2_0;road_2_1_2_1;road_2_1_2_1;road_1_0_1_0;road_1_0_1_0;road_1_0_1_1;road_1_0_1_1;road_0_1_0_0;road_0_1_0_0;road_0_1_0_1;road_0_1_0_1,GGrrrrrrGGrrrrrr
144,intersection_1_1,road_1_2_3_0;road_1_2_3_0;road_1_2_3_1;road_1_2_3_1;road_2_1_2_0;road_2_1_2_0;road_2_1_2_1;road_2_1_2_1;road_1_0_1_0;road_1_0_1_0;road_1_0_1_1;road_1_0_1_1;road_0_1_0_0;road_0_1_0_0;road_0_1_0_1;road_0_1_0_1,GGrrrrrrGGrrrrrr
145,intersection_1_1,road_1_2_3_0;road_1_2_3_0;road_1_2_3_1;road_1_2_3_1;road_2_1_2_0;road_2_1_2_0;road_2_1_2_1;road_2_1_2_1;road_1_0_1_0;road_1_0_1_0;road_1_0_1_1;road_1_0_1_1;road_0_1_0_0;road_0_1_0_0;road_0_1_0_1;road_0_1_0_1,GGrrrrrrGGrrrrrr
146,intersection_1_1,road_1_2_3_0;road_1_2_3_0;road_1_2_3_1;road_1_2_3_1;road_2_1_2_0;road_2_1_2_0;road_2_1_2_1;road_2_1_2_1;road_1_0_1_0;road_1_0_1_0;road_1_0_1_1;road_1_0_1_1;road_0_1_0_0;road_0_1_0_0;road_0_1_0_1;road_0_1_0_1,GGrrrrrrGGrrrrrr
147,intersection_1_1,road_1_2_3_0;road_1_2_3_0;road_1_2_3_1;road_1_2_3_1;road_2_1_2_0;road_2_1_2_0;road_2_1_2_1;road_2_1_2_1;road_1_0_1_0;road_1_0_1_0;road_1_0_1_1;road_1_0_1_1;road_0_1_0_0;road_0_1_0_0;road_0_1_0_1;road_0_1_0_1,GGrrrrrrGGrrrrrr
148,intersection_1_1,road_1_2_3_0;road_1_2_3_0;road_1_2_3_1;road_1_2_3_1;road_2_1_2_0;road_2_1_2_0;road_2_1_2_1;road_2_1_2_1;road_1_0_1_0;road_1_0_1_0;road_1_0_1_1;road_1_0_1_1;road_0_1_0_0;road_0_1_0_0;road_0_1_0_1;road_0_1_0_1,GGrrrrrrGGrrrrrr
149,intersection_1_1,road_1_2_3_0;road_1_2_3_0;road_1_2_3_1;road_1_2_3_1;road_2_1_2_0;road_2_1_2_0;road_2_1_2_1;road_2_1_2_1;road_1_0_1_0;road_1_0_1_0;road_1_0_1_1;road_1_0_1_1;road_0_1_0_0;road_0_1_0_0;road_0_1_0_1;road_0_1_0_1,GGrrrrrrGGrrrrrr
150,intersection_1_1,road_1_2_3_0;road_1_2_3_0;road_1_2_3_1;road_1_2_3_1;road_2_1_2_0;road_2_1_2_0;road_2_1_2_1;road_2_1_2_1;road_1_0_1_0;road_1_0_1_0;road_1_0_1_1;road_1_0_1_1;road_0_1_0_0;road_0_1_0_0;road_0_1_0_1;road_0_1_0_1,GGrrrrrrGGrrrrrr
150,intersection_1_1,road_1_2_3_0;road_1_2_3_0;road_1_2_3_1;road_1_2_3_1;road_2_1_2_0;road_2_1_2_0;road_2_1_2_1;road_2_1_2_1;road_1_0_1_0;road_1_0_1_0;road_1_0_1_1;road_1_0_1_1;road_0_1_0_0;road_0_1_0_0;road_0_1_0_1;road_0_1_0_1,GGrrrrrrGGrrrrrr
151,intersection_1_1,road_1_2_3_0;road_1_2_3_0;road_1_2_3_1;road_1_2_3_1;road_2_1_2_0;road_2_1_2_0;road_2_1_2_1;road_2_1_2_1;road_1_0_1_0;road_1_0_1_0;road_1_0_1_1;road_1_0_1_1;road_0_1_0_0;road_0_1_0_0;road_0_1_0_1;road_0_1_0_1,GGrrrrrrGGrrrrrr
152,intersection_1_1,road_1_2_3_0;road_1_2_3_0;road_1_2_3_1;road_1_2_3_1;road_2_1_2_0;road_2_1_2_0;road_2_1_2_1;road_2_1_2_1;road_1_0_1_0;road_1_0_1_0;road_1_0_1_1;road_1_0_1_1;road_0_1_0_0;road_0_1_0_0;road_0_1_0_1;road_0_1_0_1,GGrrrrrrGGrrrrrr
153,intersection_1_1,road_1_2_3_0;road_1_2_3_0;road_1_2_3_1;road_1_2_3_1;road_2_1_2_0;road_2_1_2_0;road_2_1_2_1;road_2_1_2_1;road_1_0_1_0;road_1_0_1_0;road_1_0_1_1;road_1_0_1_1;road_0_1_0_0;road_0_1_0_0;road_0_1_0_1;road_0_1_0_1,GGrrrrrrGGrrrrrr
154,intersection_1_1,road_1_2_3_0;road_1_2_3_0;road_1_2_3_1;road_1_2_3_1;road_2_1_2_0;road_2_1_2_0;road_2_1_2_1;road_2_1_2_1;road_1_0_1_0;road_1_0_1_0;road_1_0_1_1;road_1_0_1_1;road_0_1_0_0;road_0_1_0_0;road_0_1_0_1;road_0_1_0_1,GGrrrrrrGGrrrrrr
155,intersection_1_1,road_1_2_3_0;road_1_2_3_0;road_1_2_3_1;road_1_2_3_1;road_2_1_2_0;road_2_1_2_0;road_2_1_2_1;road_2_1_2_1;road_1_0_1_0;road_1_0_1_0;road_1_0_1_1;road_1_0_1_1;road_0_1_0_0;road_0_1_0_0;road_0_1_0_1;road_0_1_0_1,GGrrrrrrGGrrrrrr
156,intersection_1_1,road_1_2_3_0;road_1_2_3_0;road_1_2_3_1;road_1_2_3_1;road_2_1_2_0;road_2_1_2_0;road_2_1_2_1;road_2_1_2_1;road_1_0_1_0;road_1_0_1_0;road_1_0_1_1;road_1_0_1_1;road_0_1_0_0;road_0_1_0_0;road_0_1_0_1;road_0_1_0_1,GGrrrrrrGGrrrrrr
157,intersection_1_1,road_1_2_3_0;road_1_2_3_0;road_1_2_3_1;road_1_2_3_1;road_2_1_2_0;road_2_1_2_0;road_2_1_2_1;road_2_1_2_1;road_1_0_1_0;road_1_0_1_0;road_1_0_1_1;road_1_0_1_1;road_0_1_0_0;road_0_1_0_0;road_0_1_0_1;road_0_1_0_1,GGrrrrrrGGrrrrrr
158,intersection_1_1,road_1_2_3_0;road_1_2_3_0;road_1_2_3_1;road_1_2_3_1;road_2_1_2_0;road_2_1_2_0;road_2_1_2_1;road_2_1_2_1;road_1_0_1_0;road_1_0_1_0;road_1_0_1_1;road_1_0_1_1;road_0_1_0_0;road_0_1_0_0;road_0_1_0_1;road_0_1_0_1,GGrrrrrrGGrrrrrr
159,intersection_1_1,road_1_2_3_0;road_1_2_3_0;road_1_2_3_1;road_1_2_3_1;road_2_1_2_0;road_2_1_2_0;road_2_1_2_1;road_2_1_2_1;road_1_0_1_0;road_1_0_1_0;road_1_0_1_1;road_1_0_1_1;road_0_1_0_0;road_0_1_0_0;road_0_1_0_1;road_0_1_0_1,GGrrrrrrGGrrrrrr
160,intersection_1_1,road_1_2_3_0;road_1_2_3_0;road_1_2_3_1;road_1_2_3_1;road_2_1_2_0;road_2_1_2_0;road_2_1_2_1;road_2_1_2_1;road_1_0_1_0;road_1_0_1_0;road_1_0_1_1;road_1_0_1_1;road_0_1_0_0;road_0_1_0_0;road_0_1_0_1;road_0_1_0_1,GGrrrrrrGGrrrrrr
160,intersection_1_1,road_1_2_3_0;road_1_2_3_0;road_1_2_3_1;road_1_2_3_1;road_2_1_2_0;road_2_1_2_0;road_2_1_2_1;road_2_1_2_1;road_1_0_1_0;road_1_0_1_0;road_1_0_1_1;road_1_0_1_1;road_0_1_0_0;road_0_1_0_0;road_0_1_0_1;road_0_1_0_1,GGrrrrrrGGrrrrrr
161,intersection_1_1,road_1_2_3_0;road_1_2_3_0;road_1_2_3_1;road_1_2_3_1;road_2_1_2_0;road_2_1_2_0;road_2_1_2_1;road_2_1_2_1;road_1_0_1_0;road_1_0_1_0;road_1_0_1_1;road_1_0_1_1;road_0_1_0_0;road_0_1_0_0;road_0_1_0_1;road_0_1_0_1,GGrrrrrrGGrrrrrr
162,intersection_1_1,road_1_2_3_0;road_1_2_3_0;road_1_2_3_1;road_1_2_3_1;road_2_1_2_0;road_2_1_2_0;road_2_1_2_1;road_2_1_2_1;road_1_0_1_0;road_1_0_1_0;road_1_0_1_1;road_1_0_1_1;road_0_1_0_0;road_0_1_0_0;road_0_1_0_1;road_0_1_0_1,GGrrrrrrGGrrrrrr
163,intersection_1_1,road_1_2_3_0;road_1_2_3_0;road_1_2_3_1;road_1_2_3_1;road_2_1_2_0;road_2_1_2_0;road_2_1_2_1;road_2_1_2_1;road_1_0_1_0;road_1_0_1_0;road_1_0_1_1;road_1_0_1_1;road_0_1_0_0;road_0_1_0_0;road_0_1_0_1;road_0_1_0_1,GGrrrrrrGGrrrrrr
164,intersection_1_1,road_1_2_3_0;road_1_2_3_0;road_1_2_3_1;road_1_2_3_1;road_2_1_2_0;road_2_1_2_0;road_2_1_2_1;road_2_1_2_1;road_1_0_1_0;road_1_0_1_0;road_1_0_1_1;road_1_0_1_1;road_0_1_0_0;road_0_1_0_0;road_0_1_0_1;road_0_1_0_1,GGrrrrrrGGrrrrrr
165,intersection_1_1,road_1_2_3_0;road_1_2_3_0;road_1_2_3_1;road_1_2_3_1;road_2_1_2_0;road_2_1_2_0;road_2_1_2_1;road_2_1_2_1;road_1_0_1_0;road_1_0_1_0;road_1_0_1_1;road_1_0_1_1;road_0_1_0_0;road_0_1_0_0;road_0_1_0_1;road_0_1_0_1,GGrrrrrrGGrrrrrr
166,intersection_1_1,road_1_2_3_0;road_1_2_3_0;road_1_2_3_1;road_1_2_3_1;road_2_1_2_0;road_2_1_2_0;road_2_1_2_1;road_2_1_2_1;road_1_0_1_0;road_1_0_1_0;road_1_0_1_1;road_1_0_1_1;road_0_1_0_0;road_0_1_0_0;road_0_1_0_1;road_0_1_0_1,GGrrrrrrGGrrrrrr
167,intersection_1_1,road_1_2_3_0;road_1_2_3_0;road_1_2_3_1;road_1_2_3_1;road_2_1_2_0;road_2_1_2_0;road_2_1_2_1;road_2_1_2_1;road_1_0_1_0;road_1_0_1_0;road_1_0_1_1;road_1_0_1_1;road_0_1_0_0;road_0_1_0_0;road_0_1_0_1;road_0_1_0_1,GGrrrrrrGGrrrrrr
168,intersection_1_1,road_1_2_3_0;road_1_2_3_0;road_1_2_3_1;road_1_2_3_1;road_2_1_2_0;road_2_1_2_0;road_2_1_2_1;road_2_1_2_1;road_1_0_1_0;road_1_0_1_0;road_1_0_1_1;road_1_0_1_1;road_0_1_0_0;road_0_1_0_0;road_0_1_0_1;road_0_1_0_1,GGrrrrrrGGrrrrrr
169,intersection_1_1,road_1_2_3_0;road_1_2_3_0;road_1_2_3_1;road_1_2_3_1;road_2_1_2_0;road_2_1_2_0;road_2_1_2_1;road_2_1_2_1;road_1_0_1_0;road_1_0_1_0;road_1_0_1_1;road_1_0_1_1;road_0_1_0_0;road_0_1_0_0;road_0_1_0_1;road_0_1_0_1,GGrrrrrrGGrrrrrr
170,intersection_1_1,road_1_2_3_0;road_1_2_3_0;road_1_2_3_1;road_1_2_3_1;road_2_1_2_0;road_2_1_2_0;road_2_1_2_1;road_2_1_2_1;road_1_0_1_0;road_1_0_1_0;road_1_0_1_1;road_1_0_1_1;road_0_1_0_0;road_0_1_0_0;road_0_1_0_1;road_0_1_0_1,GGrrrrrrGGrrrrrr
170,intersection_1_1,road_1_2_3_0;road_1_2_3_0;road_1_2_3_1;road_1_2_3_1;road_2_1_2_0;road_2_1_2_0;road_2_1_2_1;road_2_1_2_1;road_1_0_1_0;road_1_0_1_0;road_1_0_1_1;road_1_0_1_1;road_0_1_0_0;road_0_1_0_0;road_0_1_0_1;road_0_1_0_1,GGrrrrrrGGrrrrrr
171,intersection_1_1,road_1_2_3_0;road_1_2_3_0;road_1_2_3_1;road_1_2_3_1;road_2_1_2_0;road_2_1_2_0;road_2_1_2_1;road_2_1_2_1;road_1_0_1_0;road_1_0_1_0;road_1_0_1_1;road_1_0_1_1;road_0_1_0_0;road_0_1_0_0;road_0_1_0_1;road_0_1_0_1,GGrrrrrrGGrrrrrr
172,intersection_1_1,road_1_2_3_0;road_1_2_3_0;road_1_2_3_1;road_1_2_3_1;road_2_1_2_0;road_2_1_2_0;road_2_1_2_1;road_2_1_2_1;road_1_0_1_0;road_1_0_1_0;road_1_0_1_1;road_1_0_1_1;road_0_1_0_0;road_0_1_0_0;road_0_1_0_1;road_0_1_0_1,GGrrrrrrGGrrrrrr
173,intersection_1_1,road_1_2_3_0;road_1_2_3_0;road_1_2_3_1;road_1_2_3_1;road_2_1_2_0;road_2_1_2_0;road_2_1_2_1;road_2_1_2_1;road_1_0_1_0;road_1_0_1_0;road_1_0_1_1;road_1_0_1_1;road_0_1_0_0;road_0_1_0_0;road_0_1_0_1;road_0_1_0_1,GGrrrrrrGGrrrrrr
174,intersection_1_1,road_1_2_3_0;road_1_2_3_0;road_1_2_3_1;road_1_2_3_1;road_2_1_2_0;road_2_1_2_0;road_2_1_2_1;road_2_1_2_1;road_1_0_1_0;road_1_0_1_0;road_1_0_1_1;road_1_0_1_1;road_0_1_0_0;road_0_1_0_0;road_0_1_0_1;road_0_1_0_1,GGrrrrrrGGrrrrrr
175,intersection_1_1,road_1_2_3_0;road_1_2_3_0;road_1_2_3_1;road_1_2_3_1;road_2_1_2_0;road_2_1_2_0;road_2_1_2_1;road_2_1_2_1;road_1_0_1_0;road_1_0_1_0;road_1_0_1_1;road_1_0_1_1;road_0_1_0_0;road_0_1_0_0;road_0_1_0_1;road_0_1_0_1,GGrrrrrrGGrrrrrr
176,intersection_1_1,road_1_2_3_0;road_1_2_3_0;road_1_2_3_1;road_1_2_3_1;road_2_1_2_0;road_2_1_2_0;road_2_1_2_1;road_2_1_2_1;road_1_0_1_0;road_1_0_1_0;road_1_0_1_1;road_1_0_1_1;road_0_1_0_0;road_0_1_0_0;road_0_1_0_1;road_0_1_0_1,GGrrrrrrGGrrrrrr
177,intersection_1_1,road_1_2_3_0;road_1_2_3_0;road_1_2_3_1;road_1_2_3_1;road_2_1_2_0;road_2_1_2_0;road_2_1_2_1;road_2_1_2_1;road_1_0_1_0;road_1_0_1_0;road_1_0_1_1;road_1_0_1_1;road_0_1_0_0;road_0_1_0_0;road_0_1_0_1;road_0_1_0_1,GGrrrrrrGGrrrrrr
178,intersection_1_1,road_1_2_3_0;road_1_2_3_0;road_1_2_3_1;road_1_2_3_1;road_2_1_2_0;road_2_1_2_0;road_2_1_2_1;road_2_1_2_1;road_1_0_1_0;road_1_0_1_0;road_1_0_1_1;road_1_0_1_1;road_0_1_0_0;road_0_1_0_0;road_0_1_0_1;road_0_1_0_1,GGrrrrrrGGrrrrrr
179,intersection_1_1,road_1_2_3_0;road_1_2_3_0;road_1_2_3_1;road_1_2_3_1;road_2_1_2_0;road_2_1_2_0;road_2_1_2_1;road_2_1_2_1;road_1_0_1_0;road_1_0_1_0;road_1_0_1_1;road_1_0_1_1;road_0_1_0_0;road_0_1_0_0;road_0_1_0_1;road_0_1_0_1,GGrrrrrrGGrrrrrr
180,intersection_1_1,road_1_2_3_0;road_1_2_3_0;road_1_2_3_1;road_1_2_3_1;road_2_1_2_0;road_2_1_2_0;road_2_1_2_1;road_2_1_2_1;road_1_0_1_0;road_1_0_1_0;road_1_0_1_1;road_1_0_1_1;road_0_1_0_0;road_0_1_0_0;road_0_1_0_1;road_0_1_0_1,GGrrrrrrGGrrrrrr
180,intersection_1_1,road_1_2_3_0;road_1_2_3_0;road_1_2_3_1;road_1_2_3_1;road_2_1_2_0;road_2_1_2_0;road_2_1_2_1;road_2_1_2_1;road_1_0_1_0;road_1_0_1_0;road_1_0_1_1;road_1_0_1_1;road_0_1_0_0;road_0_1_0_0;road_0_1_0_1;road_0_1_0_1,GGrrrrrrGGrrrrrr
181,intersection_1_1,road_1_2_3_0;road_1_2_3_0;road_1_2_3_1;road_1_2_3_1;road_2_1_2_0;road_2_1_2_0;road_2_1_2_1;road_2_1_2_1;road_1_0_1_0;road_1_0_1_0;road_1_0_1_1;road_1_0_1_1;road_0_1_0_0;road_0_1_0_0;road_0_1_0_1;road_0_1_0_1,GGrrrrrrGGrrrrrr
182,intersection_1_1,road_1_2_3_0;road_1_2_3_0;road_1_2_3_1;road_1_2_3_1;road_2_1_2_0;road_2_1_2_0;road_2_1_2_1;road_2_1_2_1;road_1_0_1_0;road_1_0_1_0;road_1_0_1_1;road_1_0_1_1;road_0_1_0_0;road_0_1_0_0;road_0_1_0_1;road_0_1_0_1,GGrrrrrrGGrrrrrr
183,intersection_1_1,road_1_2_3_0;road_1_2_3_0;road_1_2_3_1;road_1_2_3_1;road_2_1_2_0;road_2_1_2_0;road_2_1_2_1;road_2_1_2_1;road_1_0_1_0;road_1_0_1_0;road_1_0_1_1;road_1_0_1_1;road_0_1_0_0;road_0_1_0_0;road_0_1_0_1;road_0_1_0_1,GGrrrrrrGGrrrrrr
184,intersection_1_1,road_1_2_3_0;road_1_2_3_0;road_1_2_3_1;road_1_2_3_1;road_2_1_2_0;road_2_1_2_0;road_2_1_2_1;road_2_1_2_1;road_1_0_1_0;road_1_0_1_0;road_1_0_1_1;road_1_0_1_1;road_0_1_0_0;road_0_1_0_0;road_0_1_0_1;road_0_1_0_1,GGrrrrrrGGrrrrrr
185,intersection_1_1,road_1_2_3_0;road_1_2_3_0;road_1_2_3_1;road_1_2_3_1;road_2_1_2_0;road_2_1_2_0;road_2_1_2_1;road_2_1_2_1;road_1_0_1_0;road_1_0_1_0;road_1_0_1_1;road_1_0_1_1;road_0_1_0_0;road_0_1_0_0;road_0_1_0_1;road_0_1_0_1,GGrrrrrrGGrrrrrr
186,intersection_1_1,road_1_2_3_0;road_1_2_3_0;road_1_2_3_1;road_1_2_3_1;road_2_1_2_0;road_2_1_2_0;road_2_1_2_1;road_2_1_2_1;road_1_0_1_0;road_1_0_1_0;road_1_0_1_1;road_1_0_1_1;road_0_1_0_0;road_0_1_0_0;road_0_1_0_1;road_0_1_0_1,GGrrrrrrGGrrrrrr
187,intersection_1_1,road_1_2_3_0;road_1_2_3_0;road_1_2_3_1;road_1_2_3_1;road_2_1_2_0;road_2_1_2_0;road_2_1_2_1;road_2_1_2_1;road_1_0_1_0;road_1_0_1_0;road_1_0_1_1;road_1_0_1_1;road_0_1_0_0;road_0_1_0_0;road_0_1_0_1;road_0_1_0_1,GGrrrrrrGGrrrrrr
188,intersection_1_1,road_1_2_3_0;road_1_2_3_0;road_1_2_3_1;road_1_2_3_1;road_2_1_2_0;road_2_1_2_0;road_2_1_2_1;road_2_1_2_1;road_1_0_1_0;road_1_0_1_0;road_1_0_1_1;road_1_0_1_1;road_0_1_0_0;road_0_1_0_0;road_0_1_0_1;road_0_1_0_1,GGrrrrrrGGrrrrrr
189,intersection_1_1,road_1_2_3_0;road_1_2_3_0;road_1_2_3_1;road_1_2_3_1;road_2_1_2_0;road_2_1_2_0;road_2_1_2_1;road_2_1_2_1;road_1_0_1_0;road_1_0_1_0;road_1_0_1_1;road_1_0_1_1;road_0_1_0_0;road_0_1_0_0;road_0_1_0_1;road_0_1_0_1,GGrrrrrrGGrrrrrr
190,intersection_1_1,road_1_2_3_0;road_1_2_3_0;road_1_2_3_1;road_1_2_3_1;road_2_1_2_0;road_2_1_2_0;road_2_1_2_1;road_2_1_2_1;road_1_0_1_0;road_1_0_1_0;road_1_0_1_1;road_1_0_1_1;road_0_1_0_0;road_0_1_0_0;road_0_1_0_1;road_0_1_0_1,GGrrrrrrGGrrrrrr
190,intersection_1_1,road_1_2_3_0;road_1_2_3_0;road_1_2_3_1;road_1_2_3_1;road_2_1_2_0;road_2_1_2_0;road_2_1_2_1;road_2_1_2_1;road_1_0_1_0;road_1_0_1_0;road_1_0_1_1;road_1_0_1_1;road_0_1_0_0;road_0_1_0_0;road_0_1_0_1;road_0_1_0_1,GGrrrrrrGGrrrrrr
191,intersection_1_1,road_1_2_3_0;road_1_2_3_0;road_1_2_3_1;road_1_2_3_1;road_2_1_2_0;road_2_1_2_0;road_2_1_2_1;road_2_1_2_1;road_1_0_1_0;road_1_0_1_0;road_1_0_1_1;road_1_0_1_1;road_0_1_0_0;road_0_1_0_0;road_0_1_0_1;road_0_1_0_1,GGrrrrrrrrrrrrrr
192,intersection_1_1,road_1_2_3_0;road_1_2_3_0;road_1_2_3_1;road_1_2_3_1;road_2_1_2_0;road_2_1_2_0;road_2_1_2_1;road_2_1_2_1;road_1_0_1_0;road_1_0_1_0;road_1_0_1_1;road_1_0_1_1;road_0_1_0_0;road_0_1_0_0;road_0_1_0_1;road_0_1_0_1,GGrrrrrrrrrrrrrr
193,intersection_1_1,road_1_2_3_0;road_1_2_3_0;road_1_2_3_1;road_1_2_3_1;road_2_1_2_0;road_2_1_2_0;road_2_1_2_1;road_2_1_2_1;road_1_0_1_0;road_1_0_1_0;road_1_0_1_1;road_1_0_1_1;road_0_1_0_0;road_0_1_0_0;road_0_1_0_1;road_0_1_0_1,GGrrrrrrrrrrrrrr
194,intersection_1_1,road_1_2_3_0;road_1_2_3_0;road_1_2_3_1;road_1_2_3_1;road_2_1_2_0;road_2_1_2_0;road_2_1_2_1;road_2_1_2_1;road_1_0_1_0;road_1_0_1_0;road_1_0_1_1;road_1_0_1_1;road_0_1_0_0;road_0_1_0_0;road_0_1_0_1;road_0_1_0_1,GGrrrrrrrrrrrrrr
195,intersection_1_1,road_1_2_3_0;road_1_2_3_0;road_1_2_3_1;road_1_2_3_1;road_2_1_2_0;road_2_1_2_0;road_2_1_2_1;road_2_1_2_1;road_1_0_1_0;road_1_0_1_0;road_1_0_1_1;road_1_0_1_1;road_0_1_0_0;road_0_1_0_0;road_0_1_0_1;road_0_1_0_1,GGrrrrrrrrrrrrrr
196,intersection_1_1,road_1_2_3_0;road_1_2_3_0;road_1_2_3_1;road_1_2_3_1;road_2_1_2_0;road_2_1_2_0;road_2_1_2_1;road_2_1_2_1;road_1_0_1_0;road_1_0_1_0;road_1_0_1_1;road_1_0_1_1;road_0_1_0_0;road_0_1_0_0;road_0_1_0_1;road_0_1_0_1,GGGGrrrrrrrrrrrr
197,intersection_1_1,road_1_2_3_0;road_1_2_3_0;road_1_2_3_1;road_1_2_3_1;road_2_1_2_0;road_2_1_2_0;road_2_1_2_1;road_2_1_2_1;road_1_0_1_0;road_1_0_1_0;road_1_0_1_1;road_1_0_1_1;road_0_1_0_0;road_0_1_0_0;road_0_1_0_1;road_0_1_0_1,GGGGrrrrrrrrrrrr
198,intersection_1_1,road_1_2_3_0;road_1_2_3_0;road_1_2_3_1;road_1_2_3_1;road_2_1_2_0;road_2_1_2_0;road_2_1_2_1;road_2_1_2_1;road_1_0_1_0;road_1_0_1_0;road_1_0_1_1;road_1_0_1_1;road_0_1_0_0;road_0_1_0_0;road_0_1_0_1;road_0_1_0_1,GGGGrrrrrrrrrrrr
199,intersection_1_1,road_1_2_3_0;road_1_2_3_0;road_1_2_3_1;road_1_2_3_1;road_2_1_2_0;road_2_1_2_0;road_2_1_2_1;road_2_1_2_1;road_1_0_1_0;road_1_0_1_0;road_1_0_1_1;road_1_0_1_1;road_0_1_0_0;road_0_1_0_0;road_0_1_0_1;road_0_1_0_1,GGGGrrrrrrrrrrrr
200,intersection_1_1,road_1_2_3_0;road_1_2_3_0;road_1_2_3_1;road_1_2_3_1;road_2_1_2_0;road_2_1_2_0;road_2_1_2_1;road_2_1_2_1;road_1_0_1_0;road_1_0_1_0;road_1_0_1_1;road_1_0_1_1;road_0_1_0_0;road_0_1_0_0;road_0_1_0_1;road_0_1_0_1,GGGGrrrrrrrrrrrr
200,intersection_1_1,road_1_2_3_0;road_1_2_3_0;road_1_2_3_1;road_1_2_3_1;road_2_1_2_0;road_2_1_2_0;road_2_1_2_1;road_2_1_2_1;road_1_0_1_0;road_1_0_1_0;road_1_0_1_1;road_1_0_1_1;road_0_1_0_0;road_0_1_0_0;road_0_1_0_1;road_0_1_0_1,GGGGrrrrrrrrrrrr
201,intersection_1_1,road_1_2_3_0;road_1_2_3_0;road_1_2_3_1;road_1_2_3_1;road_2_1_2_0;road_2_1_2_0;road_2_1_2_1;road_2_1_2_1;road_1_0_1_0;road_1_0_1_0;road_1_0_1_1;road_1_0_1_1;road_0_1_0_0;road_0_1_0_0;road_0_1_0_1;road_0_1_0_1,rrrrrrrrrrrrrrrr
202,intersection_1_1,road_1_2_3_0;road_1_2_3_0;road_1_2_3_1;road_1_2_3_1;road_2_1_2_0;road_2_1_2_0;road_2_1_2_1;road_2_1_2_1;road_1_0_1_0;road_1_0_1_0;road_1_0_1_1;road_1_0_1_1;road_0_1_0_0;road_0_1_0_0;road_0_1_0_1;road_0_1_0_1,rrrrrrrrrrrrrrrr
203,intersection_1_1,road_1_2_3_0;road_1_2_3_0;road_1_2_3_1;road_1_2_3_1;road_2_1_2_0;road_2_1_2_0;road_2_1_2_1;road_2_1_2_1;road_1_0_1_0;road_1_0_1_0;road_1_0_1_1;road_1_0_1_1;road_0_1_0_0;road_0_1_0_0;road_0_1_0_1;road_0_1_0_1,rrrrrrrrrrrrrrrr
204,intersection_1_1,road_1_2_3_0;road_1_2_3_0;road_1_2_3_1;road_1_2_3_1;road_2_1_2_0;road_2_1_2_0;road_2_1_2_1;road_2_1_2_1;road_1_0_1_0;road_1_0_1_0;road_1_0_1_1;road_1_0_1_1;road_0_1_0_0;road_0_1_0_0;road_0_1_0_1;road_0_1_0_1,rrrrrrrrrrrrrrrr
205,intersection_1_1,road_1_2_3_0;road_1_2_3_0;road_1_2_3_1;road_1_2_3_1;road_2_1_2_0;road_2_1_2_0;road_2_1_2_1;road_2_1_2_1;road_1_0_1_0;road_1_0_1_0;road_1_0_1_1;road_1_0_1_1;road_0_1_0_0;road_0_1_0_0;road_0_1_0_1;road_0_1_0_1,rrrrrrrrrrrrrrrr
206,intersection_1_1,road_1_2_3_0;road_1_2_3_0;road_1_2_3_1;road_1_2_3_1;road_2_1_2_0;road_2_1_2_0;road_2_1_2_1;road_2_1_2_1;road_1_0_1_0;road_1_0_1_0;road_1_0_1_1;road_1_0_1_1;road_0_1_0_0;road_0_1_0_0;road_0_1_0_1;road_0_1_0_1,rrrrGGGGrrrrrrrr
207,intersection_1_1,road_1_2_3_0;road_1_2_3_0;road_1_2_3_1;road_1_2_3_1;road_2_1_2_0;road_2_1_2_0;road_2_1_2_1;road_2_1_2_1;road_1_0_1_0;road_1_0_1_0;road_1_0_1_1;road_1_0_1_1;road_0_1_0_0;road_0_1_0_0;road_0_1_0_1;road_0_1_0_1,rrrrGGGGrrrrrrrr
208,intersection_1_1,road_1_2_3_0;road_1_2_3_0;road_1_2_3_1;road_1_2_3_1;road_2_1_2_0;road_2_1_2_0;road_2_1_2_1;road_2_1_2_1;road_1_0_1_0;road_1_0_1_0;road_1_0_1_1;road_1_0_1_1;road_0_1_0_0;road_0_1_0_0;road_0_1_0_1;road_0_1_0_1,rrrrGGGGrrrrrrrr
209,intersection_1_1,road_1_2_3_0;road_1_2_3_0;road_1_2_3_1;road_1_2_3_1;road_2_1_2_0;road_2_1_2_0;road_2_1_2_1;road_2_1_2_1;road_1_0_1_0;road_1_0_1_0;road_1_0_1_1;road_1_0_1_1;road_0_1_0_0;road_0_1_0_0;road_0_1_0_1;road_0_1_0_1,rrrrGGGGrrrrrrrr
210,intersection_1_1,road_1_2_3_0;road_1_2_3_0;road_1_2_3_1;road_1_2_3_1;road_2_1_2_0;road_2_1_2_0;road_2_1_2_1;road_2_1_2_1;road_1_0_1_0;road_1_0_1_0;road_1_0_1_1;road_1_0_1_1;road_0_1_0_0;road_0_1_0_0;road_0_1_0_1;road_0_1_0_1,rrrrGGGGrrrrrrrr
210,intersection_1_1,road_1_2_3_0;road_1_2_3_0;road_1_2_3_1;road_1_2_3_1;road_2_1_2_0;road_2_1_2_0;road_2_1_2_1;road_2_1_2_1;road_1_0_1_0;road_1_0_1_0;road_1_0_1_1;road_1_0_1_1;road_0_1_0_0;road_0_1_0_0;road_0_1_0_1;road_0_1_0_1,rrrrGGGGrrrrrrrr
211,intersection_1_1,road_1_2_3_0;road_1_2_3_0;road_1_2_3_1;road_1_2_3_1;road_2_1_2_0;road_2_1_2_0;road_2_1_2_1;road_2_1_2_1;road_1_0_1_0;road_1_0_1_0;road_1_0_1_1;road_1_0_1_1;road_0_1_0_0;road_0_1_0_0;road_0_1_0_1;road_0_1_0_1,rrrrGGGGrrrrrrrr
212,intersection_1_1,road_1_2_3_0;road_1_2_3_0;road_1_2_3_1;road_1_2_3_1;road_2_1_2_0;road_2_1_2_0;road_2_1_2_1;road_2_1_2_1;road_1_0_1_0;road_1_0_1_0;road_1_0_1_1;road_1_0_1_1;road_0_1_0_0;road_0_1_0_0;road_0_1_0_1;road_0_1_0_1,rrrrGGGGrrrrrrrr
213,intersection_1_1,road_1_2_3_0;road_1_2_3_0;road_1_2_3_1;road_1_2_3_1;road_2_1_2_0;road_2_1_2_0;road_2_1_2_1;road_2_1_2_1;road_1_0_1_0;road_1_0_1_0;road_1_0_1_1;road_1_0_1_1;road_0_1_0_0;road_0_1_0_0;road_0_1_0_1;road_0_1_0_1,rrrrGGGGrrrrrrrr
214,intersection_1_1,road_1_2_3_0;road_1_2_3_0;road_1_2_3_1;road_1_2_3_1;road_2_1_2_0;road_2_1_2_0;road_2_1_2_1;road_2_1_2_1;road_1_0_1_0;road_1_0_1_0;road_1_0_1_1;road_1_0_1_1;road_0_1_0_0;road_0_1_0_0;road_0_1_0_1;road_0_1_0_1,rrrrGGGGrrrrrrrr
215,intersection_1_1,road_1_2_3_0;road_1_2_3_0;road_1_2_3_1;road_1_2_3_1;road_2_1_2_0;road_2_1_2_0;road_2_1_2_1;road_2_1_2_1;road_1_0_1_0;road_1_0_1_0;road_1_0_1_1;road_1_0_1_1;road_0_1_0_0;road_0_1_0_0;road_0_1_0_1;road_0_1_0_1,rrrrGGGGrrrrrrrr
216,intersection_1_1,road_1_2_3_0;road_1_2_3_0;road_1_2_3_1;road_1_2_3_1;road_2_1_2_0;road_2_1_2_0;road_2_1_2_1;road_2_1_2_1;road_1_0_1_0;road_1_0_1_0;road_1_0_1_1;road_1_0_1_1;road_0_1_0_0;road_0_1_0_0;road_0_1_0_1;road_0_1_0_1,rrrrGGGGrrrrrrrr
217,intersection_1_1,road_1_2_3_0;road_1_2_3_0;road_1_2_3_1;road_1_2_3_1;road_2_1_2_0;road_2_1_2_0;road_2_1_2_1;road_2_1_2_1;road_1_0_1_0;road_1_0_1_0;road_1_0_1_1;road_1_0_1_1;road_0_1_0_0;road_0_1_0_0;road_0_1_0_1;road_0_1_0_1,rrrrGGGGrrrrrrrr
218,intersection_1_1,road_1_2_3_0;road_1_2_3_0;road_1_2_3_1;road_1_2_3_1;road_2_1_2_0;road_2_1_2_0;road_2_1_2_1;road_2_1_2_1;road_1_0_1_0;road_1_0_1_0;road_1_0_1_1;road_1_0_1_1;road_0_1_0_0;road_0_1_0_0;road_0_1_0_1;road_0_1_0_1,rrrrGGGGrrrrrrrr
219,intersection_1_1,road_1_2_3_0;road_1_2_3_0;road_1_2_3_1;road_1_2_3_1;road_2_1_2_0;road_2_1_2_0;road_2_1_2_1;road_2_1_2_1;road_1_0_1_0;road_1_0_1_0;road_1_0_1_1;road_1_0_1_1;road_0_1_0_0;road_0_1_0_0;road_0_1_0_1;road_0_1_0_1,rrrrGGGGrrrrrrrr
220,intersection_1_1,road_1_2_3_0;road_1_2_3_0;road_1_2_3_1;road_1_2_3_1;road_2_1_2_0;road_2_1_2_0;road_2_1_2_1;road_2_1_2_1;road_1_0_1_0;road_1_0_1_0;road_1_0_1_1;road_1_0_1_1;road_0_1_0_0;road_0_1_0_0;road_0_1_0_1;road_0_1_0_1,rrrrGGGGrrrrrrrr
220,intersection_1_1,road_1_2_3_0;road_1_2_3_0;road_1_2_3_1;road_1_2_3_1;road_2_1_2_0;road_2_1_2_0;road_2_1_2_1;road_2_1_2_1;road_1_0_1_0;road_1_0_1_0;road_1_0_1_1;road_1_0_1_1;road_0_1_0_0;road_0_1_0_0;road_0_1_0_1;road_0_1_0_1,rrrrGGGGrrrrrrrr
221,intersection_1_1,road_1_2_3_0;road_1_2_3_0;road_1_2_3_1;road_1_2_3_1;road_2_1_2_0;road_2_1_2_0;road_2_1_2_1;road_2_1_2_1;road_1_0_1_0;road_1_0_1_0;road_1_0_1_1;road_1_0_1_1;road_0_1_0_0;road_0_1_0_0;road_0_1_0_1;road_0_1_0_1,rrrrGGGGrrrrrrrr
222,intersection_1_1,road_1_2_3_0;road_1_2_3_0;road_1_2_3_1;road_1_2_3_1;road_2_1_2_0;road_2_1_2_0;road_2_1_2_1;road_2_1_2_1;road_1_0_1_0;road_1_0_1_0;road_1_0_1_1;road_1_0_1_1;road_0_1_0_0;road_0_1_0_0;road_0_1_0_1;road_0_1_0_1,rrrrGGGGrrrrrrrr
223,intersection_1_1,road_1_2_3_0;road_1_2_3_0;road_1_2_3_1;road_1_2_3_1;road_2_1_2_0;road_2_1_2_0;road_2_1_2_1;road_2_1_2_1;road_1_0_1_0;road_1_0_1_0;road_1_0_1_1;road_1_0_1_1;road_0_1_0_0;road_0_1_0_0;road_0_1_0_1;road_0_1_0_1,rrrrGGGGrrrrrrrr
224,intersection_1_1,road_1_2_3_0;road_1_2_3_0;road_1_2_3_1;road_1_2_3_1;road_2_1_2_0;road_2_1_2_0;road_2_1_2_1;road_2_1_2_1;road_1_0_1_0;road_1_0_1_0;road_1_0_1_1;road_1_0_1_1;road_0_1_0_0;road_0_1_0_0;road_0_1_0_1;road_0_1_0_1,rrrrGGGGrrrrrrrr
225,intersection_1_1,road_1_2_3_0;road_1_2_3_0;road_1_2_3_1;road_1_2_3_1;road_2_1_2_0;road_2_1_2_0;road_2_1_2_1;road_2_1_2_1;road_1_0_1_0;road_1_0_1_0;road_1_0_1_1;road_1_0_1_1;road_0_1_0_0;road_0_1_0_0;road_0_1_0_1;road_0_1_0_1,rrrrGGGGrrrrrrrr
226,intersection_1_1,road_1_2_3_0;road_1_2_3_0;road_1_2_3_1;road_1_2_3_1;road_2_1_2_0;road_2_1_2_0;road_2_1_2_1;road_2_1_2_1;road_1_0_1_0;road_1_0_1_0;road_1_0_1_1;road_1_0_1_1;road_0_1_0_0;road_0_1_0_0;road_0_1_0_1;road_0_1_0_1,rrrrGGGGrrrrrrrr
227,intersection_1_1,road_1_2_3_0;road_1_2_3_0;road_1_2_3_1;road_1_2_3_1;road_2_1_2_0;road_2_1_2_0;road_2_1_2_1;road_2_1_2_1;road_1_0_1_0;road_1_0_1_0;road_1_0_1_1;road_1_0_1_1;road_0_1_0_0;road_0_1_0_0;road_0_1_0_1;road_0_1_0_1,rrrrGGGGrrrrrrrr
228,intersection_1_1,road_1_2_3_0;road_1_2_3_0;road_1_2_3_1;road_1_2_3_1;road_2_1_2_0;road_2_1_2_0;road_2_1_2_1;road_2_1_2_1;road_1_0_1_0;road_1_0_1_0;road_1_0_1_1;road_1_0_1_1;road_0_1_0_0;road_0_1_0_0;road_0_1_0_1;road_0_1_0_1,rrrrGGGGrrrrrrrr
229,intersection_1_1,road_1_2_3_0;road_1_2_3_0;road_1_2_3_1;road_1_2_3_1;road_2_1_2_0;road_2_1_2_0;road_2_1_2_1;road_2_1_2_1;road_1_0_1_0;road_1_0_1_0;road_1_0_1_1;road_1_0_1_1;road_0_1_0_0;road_0_1_0_0;road_0_1_0_1;road_0_1_0_1,rrrrGGGGrrrrrrrr
230,intersection_1_1,road_1_2_3_0;road_1_2_3_0;road_1_2_3_1;road_1_2_3_1;road_2_1_2_0;road_2_1_2_0;road_2_1_2_1;road_2_1_2_1;road_1_0_1_0;road_1_0_1_0;road_1_0_1_1;road_1_0_1_1;road_0_1_0_0;road_0_1_0_0;road_0_1_0_1;road_0_1_0_1,rrrrGGGGrrrrrrrr
230,intersection_1_1,road_1_2_3_0;road_1_2_3_0;road_1_2_3_1;road_1_2_3_1;road_2_1_2_0;road_2_1_2_0;road_2_1_2_1;road_2_1_2_1;road_1_0_1_0;road_1_0_1_0;road_1_0_1_1;road_1_0_1_1;road_0_1_0_0;road_0_1_0_0;road_0_1_0_1;road_0_1_0_1,rrrrGGGGrrrrrrrr
231,intersection_1_1,road_1_2_3_0;road_1_2_3_0;road_1_2_3_1;road_1_2_3_1;road_2_1_2_0;road_2_1_2_0;road_2_1_2_1;road_2_1_2_1;road_1_0_1_0;road_1_0_1_0;road_1_0_1_1;road_1_0_1_1;road_0_1_0_0;road_0_1_0_0;road_0_1_0_1;road_0_1_0_1,rrrrGGrrrrrrrrrr
232,intersection_1_1,road_1_2_3_0;road_1_2_3_0;road_1_2_3_1;road_1_2_3_1;road_2_1_2_0;road_2_1_2_0;road_2_1_2_1;road_2_1_2_1;road_1_0_1_0;road_1_0_1_0;road_1_0_1_1;road_1_0_1_1;road_0_1_0_0;road_0_1_0_0;road_0_1_0_1;road_0_1_0_1,rrrrGGrrrrrrrrrr
233,intersection_1_1,road_1_2_3_0;road_1_2_3_0;road_1_2_3_1;road_1_2_3_1;road_2_1_2_0;road_2_1_2_0;road_2_1_2_1;road_2_1_2_1;road_1_0_1_0;road_1_0_1_0;road_1_0_1_1;road_1_0_1_1;road_0_1_0_0;road_0_1_0_0;road_0_1_0_1;road_0_1_0_1,rrrrGGrrrrrrrrrr
234,intersection_1_1,road_1_2_3_0;road_1_2_3_0;road_1_2_3_1;road_1_2_3_1;road_2_1_2_0;road_2_1_2_0;road_2_1_2_1;road_2_1_2_1;road_1_0_1_0;road_1_0_1_0;road_1_0_1_1;road_1_0_1_1;road_0_1_0_0;road_0_1_0_0;road_0_1_0_1;road_0_1_0_1,rrrrGGrrrrrrrrrr
235,intersection_1_1,road_1_2_3_0;road_1_2_3_0;road_1_2_3_1;road_1_2_3_1;road_2_1_2_0;road_2_1_2_0;road_2_1_2_1;road_2_1_2_1;road_1_0_1_0;road_1_0_1_0;road_1_0_1_1;road_1_0_1_1;road_0_1_0_0;road_0_1_0_0;road_0_1_0_1;road_0_1_0_1,rrrrGGrrrrrrrrrr
236,intersection_1_1,road_1_2_3_0;road_1_2_3_0;road_1_2_3_1;road_1_2_3_1;road_2_1_2_0;road_2_1_2_0;road_2_1_2_1;road_2_1_2_1;road_1_0_1_0;road_1_0_1_0;road_1_0_1_1;road_1_0_1_1;road_0_1_0_0;road_0_1_0_0;road_0_1_0_1;road_0_1_0_1,rrrrGGrrrrrrGGrr
237,intersection_1_1,road_1_2_3_0;road_1_2_3_0;road_1_2_3_1;road_1_2_3_1;road_2_1_2_0;road_2_1_2_0;road_2_1_2_1;road_2_1_2_1;road_1_0_1_0;road_1_0_1_0;road_1_0_1_1;road_1_0_1_1;road_0_1_0_0;road_0_1_0_0;road_0_1_0_1;road_0_1_0_1,rrrrGGrrrrrrGGrr
238,intersection_1_1,road_1_2_3_0;road_1_2_3_0;road_1_2_3_1;road_1_2_3_1;road_2_1_2_0;road_2_1_2_0;road_2_1_2_1;road_2_1_2_1;road_1_0_1_0;road_1_0_1_0;road_1_0_1_1;road_1_0_1_1;road_0_1_0_0;road_0_1_0_0;road_0_1_0_1;road_0_1_0_1,rrrrGGrrrrrrGGrr
239,intersection_1_1,road_1_2_3_0;road_1_2_3_0;road_1_2_3_1;road_1_2_3_1;road_2_1_2_0;road_2_1_2_0;road_2_1_2_1;road_2_1_2_1;road_1_0_1_0;road_1_0_1_0;road_1_0_1_1;road_1_0_1_1;road_0_1_0_0;road_0_1_0_0;road_0_1_0_1;road_0_1_0_1,rrrrGGrrrrrrGGrr
240,intersection_1_1,road_1_2_3_0;road_1_2_3_0;road_1_2_3_1;road_1_2_3_1;road_2_1_2_0;road_2_1_2_0;road_2_1_2_1;road_2_1_2_1;road_1_0_1_0;road_1_0_1_0;road_1_0_1_1;road_1_0_1_1;road_0_1_0_0;road_0_1_0_0;road_0_1_0_1;road_0_1_0_1,rrrrGGrrrrrrGGrr
240,intersection_1_1,road_1_2_3_0;road_1_2_3_0;road_1_2_3_1;road_1_2_3_1;road_2_1_2_0;road_2_1_2_0;road_2_1_2_1;road_2_1_2_1;road_1_0_1_0;road_1_0_1_0;road_1_0_1_1;road_1_0_1_1;road_0_1_0_0;road_0_1_0_0;road_0_1_0_1;road_0_1_0_1,rrrrGGrrrrrrGGrr
241,intersection_1_1,road_1_2_3_0;road_1_2_3_0;road_1_2_3_1;road_1_2_3_1;road_2_1_2_0;road_2_1_2_0;road_2_1_2_1;road_2_1_2_1;road_1_0_1_0;road_1_0_1_0;road_1_0_1_1;road_1_0_1_1;road_0_1_0_0;road_0_1_0_0;road_0_1_0_1;road_0_1_0_1,rrrrGGrrrrrrGGrr
242,intersection_1_1,road_1_2_3_0;road_1_2_3_0;road_1_2_3_1;road_1_2_3_1;road_2_1_2_0;road_2_1_2_0;road_2_1_2_1;road_2_1_2_1;road_1_0_1_0;road_1_0_1_0;road_1_0_1_1;road_1_0_1_1;road_0_1_0_0;road_0_1_0_0;road_0_1_0_1;road_0_1_0_1,rrrrGGrrrrrrGGrr
243,intersection_1_1,road_1_2_3_0;road_1_2_3_0;road_1_2_3_1;road_1_2_3_1;road_2_1_2_0;road_2_1_2_0;road_2_1_2_1;road_2_1_2_1;road_1_0_1_0;road_1_0_1_0;road_1_0_1_1;road_1_0_1_1;road_0_1_0_0;road_0_1_0_0;road_0_1_0_1;road_0_1_0_1,rrrrGGrrrrrrGGrr
244,intersection_1_1,road_1_2_3_0;road_1_2_3_0;road_1_2_3_1;road_1_2_3_1;road_2_1_2_0;road_2_1_2_0;road_2_1_2_1;road_2_1_2_1;road_1_0_1_0;road_1_0_1_0;road_1_0_1_1;road_1_0_1_1;road_0_1_0_0;road_0_1_0_0;road_0_1_0_1;road_0_1_0_1,rrrrGGrrrrrrGGrr
245,intersection_1_1,road_1_2_3_0;road_1_2_3_0;road_1_2_3_1;road_1_2_3_1;road_2_1_2_0;road_2_1_2_0;road_2_1_2_1;road_2_1_2_1;road_1_0_1_0;road_1_0_1_0;road_1_0_1_1;road_1_0_1_1;road_0_1_0_0;road_0_1_0_0;road_0_1_0_1;road_0_1_0_1,rrrrGGrrrrrrGGrr
246,intersection_1_1,road_1_2_3_0;road_1_2_3_0;road_1_2_3_1;road_1_2_3_1;road_2_1_2_0;road_2_1_2_0;road_2_1_2_1;road_2_1_2_1;road_1_0_1_0;road_1_0_1_0;road_1_0_1_1;road_1_0_1_1;road_0_1_0_0;road_0_1_0_0;road_0_1_0_1;road_0_1_0_1,rrrrGGrrrrrrGGrr
247,intersection_1_1,road_1_2_3_0;road_1_2_3_0;road_1_2_3_1;road_1_2_3_1;road_2_1_2_0;road_2_1_2_0;road_2_1_2_1;road_2_1_2_1;road_1_0_1_0;road_1_0_1_0;road_1_0_1_1;road_1_0_1_1;road_0_1_0_0;road_0_1_0_0;road_0_1_0_1;road_0_1_0_1,rrrrGGrrrrrrGGrr
248,intersection_1_1,road_1_2_3_0;road_1_2_3_0;road_1_2_3_1;road_1_2_3_1;road_2_1_2_0;road_2_1_2_0;road_2_1_2_1;road_2_1_2_1;road_1_0_1_0;road_1_0_1_0;road_1_0_1_1;road_1_0_1_1;road_0_1_0_0;road_0_1_0_0;road_0_1_0_1;road_0_1_0_1,rrrrGGrrrrrrGGrr
249,intersection_1_1,road_1_2_3_0;road_1_2_3_0;road_1_2_3_1;road_1_2_3_1;road_2_1_2_0;road_2_1_2_0;road_2_1_2_1;road_2_1_2_1;road_1_0_1_0;road_1_0_1_0;road_1_0_1_1;road_1_0_1_1;road_0_1_0_0;road_0_1_0_0;road_0_1_0_1;road_0_1_0_1,rrrrGGrrrrrrGGrr
250,intersection_1_1,road_1_2_3_0;road_1_2_3_0;road_1_2_3_1;road_1_2_3_1;road_2_1_2_0;road_2_1_2_0;road_2_1_2_1;road_2_1_2_1;road_1_0_1_0;road_1_0_1_0;road_1_0_1_1;road_1_0_1_1;road_0_1_0_0;road_0_1_0_0;road_0_1_0_1;road_0_1_0_1,rrrrGGrrrrrrGGrr
250,intersection_1_1,road_1_2_3_0;road_1_2_3_0;road_1_2_3_1;road_1_2_3_1;road_2_1_2_0;road_2_1_2_0;road_2_1_2_1;road_2_1_2_1;road_1_0_1_0;road_1_0_1_0;road_1_0_1_1;road_1_0_1_1;road_0_1_0_0;road_0_1_0_0;road_0_1_0_1;road_0_1_0_1,rrrrGGrrrrrrGGrr
251,intersection_1_1,road_1_2_3_0;road_1_2_3_0;road_1_2_3_1;road_1_2_3_1;road_2_1_2_0;road_2_1_2_0;road_2_1_2_1;road_2_1_2_1;road_1_0_1_0;road_1_0_1_0;road_1_0_1_1;road_1_0_1_1;road_0_1_0_0;road_0_1_0_0;road_0_1_0_1;road_0_1_0_1,rrrrrrrrrrrrrrrr
252,intersection_1_1,road_1_2_3_0;road_1_2_3_0;road_1_2_3_1;road_1_2_3_1;road_2_1_2_0;road_2_1_2_0;road_2_1_2_1;road_2_1_2_1;road_1_0_1_0;road_1_0_1_0;road_1_0_1_1;road_1_0_1_1;road_0_1_0_0;road_0_1_0_0;road_0_1_0_1;road_0_1_0_1,rrrrrrrrrrrrrrrr
253,intersection_1_1,road_1_2_3_0;road_1_2_3_0;road_1_2_3_1;road_1_2_3_1;road_2_1_2_0;road_2_1_2_0;road_2_1_2_1;road_2_1_2_1;road_1_0_1_0;road_1_0_1_0;road_1_0_1_1;road_1_0_1_1;road_0_1_0_0;road_0_1_0_0;road_0_1_0_1;road_0_1_0_1,rrrrrrrrrrrrrrrr
254,intersection_1_1,road_1_2_3_0;road_1_2_3_0;road_1_2_3_1;road_1_2_3_1;road_2_1_2_0;road_2_1_2_0;road_2_1_2_1;road_2_1_2_1;road_1_0_1_0;road_1_0_1_0;road_1_0_1_1;road_1_0_1_1;road_0_1_0_0;road_0_1_0_0;road_0_1_0_1;road_0_1_0_1,rrrrrrrrrrrrrrrr
255,intersection_1_1,road_1_2_3_0;road_1_2_3_0;road_1_2_3_1;road_1_2_3_1;road_2_1_2_0;road_2_1_2_0;road_2_1_2_1;road_2_1_2_1;road_1_0_1_0;road_1_0_1_0;road_1_0_1_1;road_1_0_1_1;road_0_1_0_0;road_0_1_0_0;road_0_1_0_1;road_0_1_0_1,rrrrrrrrrrrrrrrr
256,intersection_1_1,road_1_2_3_0;road_1_2_3_0;road_1_2_3_1;road_1_2_3_1;road_2_1_2_0;road_2_1_2_0;road_2_1_2_1;road_2_1_2_1;road_1_0_1_0;road_1_0_1_0;road_1_0_1_1;road_1_0_1_1;road_0_1_0_0;road_0_1_0_0;road_0_1_0_1;road_0_1_0_1,rrGGrrrrrrGGrrrr
257,intersection_1_1,road_1_2_3_0;road_1_2_3_0;road_1_2_3_1;road_1_2_3_1;road_2_1_2_0;road_2_1_2_0;road_2_1_2_1;road_2_1_2_1;road_1_0_1_0;road_1_0_1_0;road_1_0_1_1;road_1_0_1_1;road_0_1_0_0;road_0_1_0_0;road_0_1_0_1;road_0_1_0_1,rrGGrrrrrrGGrrrr
258,intersection_1_1,road_1_2_3_0;road_1_2_3_0;road_1_2_3_1;road_1_2_3_1;road_2_1_2_0;road_2_1_2_0;road_2_1_2_1;road_2_1_2_1;road_1_0_1_0;road_1_0_1_0;road_1_0_1_1;road_1_0_1_1;road_0_1_0_0;road_0_1_0_0;road_0_1_0_1;road_0_1_0_1,rrGGrrrrrrGGrrrr
259,intersection_1_1,road_1_2_3_0;road_1_2_3_0;road_1_2_3_1;road_1_2_3_1;road_2_1_2_0;road_2_1_2_0;road_2_1_2_1;road_2_1_2_1;road_1_0_1_0;road_1_0_1_0;road_1_0_1_1;road_1_0_1_1;road_0_1_0_0;road_0_1_0_0;road_0_1_0_1;road_0_1_0_1,rrGGrrrrrrGGrrrr
260,intersection_1_1,road_1_2_3_0;road_1_2_3_0;road_1_2_3_1;road_1_2_3_1;road_2_1_2_0;road_2_1_2_0;road_2_1_2_1;road_2_1_2_1;road_1_0_1_0;road_1_0_1_0;road_1_0_1_1;road_1_0_1_1;road_0_1_0_0;road_0_1_0_0;road_0_1_0_1;road_0_1_0_1,rrGGrrrrrrGGrrrr
260,intersection_1_1,road_1_2_3_0;road_1_2_3_0;road_1_2_3_1;road_1_2_3_1;road_2_1_2_0;road_2_1_2_0;road_2_1_2_1;road_2_1_2_1;road_1_0_1_0;road_1_0_1_0;road_1_0_1_1;road_1_0_1_1;road_0_1_0_0;road_0_1_0_0;road_0_1_0_1;road_0_1_0_1,rrGGrrrrrrGGrrrr
261,intersection_1_1,road_1_2_3_0;road_1_2_3_0;road_1_2_3_1;road_1_2_3_1;road_2_1_2_0;road_2_1_2_0;road_2_1_2_1;road_2_1_2_1;road_1_0_1_0;road_1_0_1_0;road_1_0_1_1;road_1_0_1_1;road_0_1_0_0;road_0_1_0_0;road_0_1_0_1;road_0_1_0_1,rrGGrrrrrrGGrrrr
262,intersection_1_1,road_1_2_3_0;road_1_2_3_0;road_1_2_3_1;road_1_2_3_1;road_2_1_2_0;road_2_1_2_0;road_2_1_2_1;road_2_1_2_1;road_1_0_1_0;road_1_0_1_0;road_1_0_1_1;road_1_0_1_1;road_0_1_0_0;road_0_1_0_0;road_0_1_0_1;road_0_1_0_1,rrGGrrrrrrGGrrrr
263,intersection_1_1,road_1_2_3_0;road_1_2_3_0;road_1_2_3_1;road_1_2_3_1;road_2_1_2_0;road_2_1_2_0;road_2_1_2_1;road_2_1_2_1;road_1_0_1_0;road_1_0_1_0;road_1_0_1_1;road_1_0_1_1;road_0_1_0_0;road_0_1_0_0;road_0_1_0_1;road_0_1_0_1,rrGGrrrrrrGGrrrr
264,intersection_1_1,road_1_2_3_0;road_1_2_3_0;road_1_2_3_1;road_1_2_3_1;road_2_1_2_0;road_2_1_2_0;road_2_1_2_1;road_2_1_2_1;road_1_0_1_0;road_1_0_1_0;road_1_0_1_1;road_1_0_1_1;road_0_1_0_0;road_0_1_0_0;road_0_1_0_1;road_0_1_0_1,rrGGrrrrrrGGrrrr
265,intersection_1_1,road_1_2_3_0;road_1_2_3_0;road_1_2_3_1;road_1_2_3_1;road_2_1_2_0;road_2_1_2_0;road_2_1_2_1;road_2_1_2_1;road_1_0_1_0;road_1_0_1_0;road_1_0_1_1;road_1_0_1_1;road_0_1_0_0;road_0_1_0_0;road_0_1_0_1;road_0_1_0_1,rrGGrrrrrrGGrrrr
266,intersection_1_1,road_1_2_3_0;road_1_2_3_0;road_1_2_3_1;road_1_2_3_1;road_2_1_2_0;road_2_1_2_0;road_2_1_2_1;road_2_1_2_1;road_1_0_1_0;road_1_0_1_0;road_1_0_1_1;road_1_0_1_1;road_0_1_0_0;road_0_1_0_0;road_0_1_0_1;road_0_1_0_1,rrGGrrrrrrGGrrrr
267,intersection_1_1,road_1_2_3_0;road_1_2_3_0;road_1_2_3_1;road_1_2_3_1;road_2_1_2_0;road_2_1_2_0;road_2_1_2_1;road_2_1_2_1;road_1_0_1_0;road_1_0_1_0;road_1_0_1_1;road_1_0_1_1;road_0_1_0_0;road_0_1_0_0;road_0_1_0_1;road_0_1_0_1,rrGGrrrrrrGGrrrr
268,intersection_1_1,road_1_2_3_0;road_1_2_3_0;road_1_2_3_1;road_1_2_3_1;road_2_1_2_0;road_2_1_2_0;road_2_1_2_1;road_2_1_2_1;road_1_0_1_0;road_1_0_1_0;road_1_0_1_1;road_1_0_1_1;road_0_1_0_0;road_0_1_0_0;road_0_1_0_1;road_0_1_0_1,rrGGrrrrrrGGrrrr
269,intersection_1_1,road_1_2_3_0;road_1_2_3_0;road_1_2_3_1;road_1_2_3_1;road_2_1_2_0;road_2_1_2_0;road_2_1_2_1;road_2_1_2_1;road_1_0_1_0;road_1_0_1_0;road_1_0_1_1;road_1_0_1_1;road_0_1_0_0;road_0_1_0_0;road_0_1_0_1;road_0_1_0_1,rrGGrrrrrrGGrrrr
270,intersection_1_1,road_1_2_3_0;road_1_2_3_0;road_1_2_3_1;road_1_2_3_1;road_2_1_2_0;road_2_1_2_0;road_2_1_2_1;road_2_1_2_1;road_1_0_1_0;road_1_0_1_0;road_1_0_1_1;road_1_0_1_1;road_0_1_0_0;road_0_1_0_0;road_0_1_0_1;road_0_1_0_1,rrGGrrrrrrGGrrrr
270,intersection_1_1,road_1_2_3_0;road_1_2_3_0;road_1_2_3_1;road_1_2_3_1;road_2_1_2_0;road_2_1_2_0;road_2_1_2_1;road_2_1_2_1;road_1_0_1_0;road_1_0_1_0;road_1_0_1_1;road_1_0_1_1;road_0_1_0_0;road_0_1_0_0;road_0_1_0_1;road_0_1_0_1,rrGGrrrrrrGGrrrr
271,intersection_1_1,road_1_2_3_0;road_1_2_3_0;road_1_2_3_1;road_1_2_3_1;road_2_1_2_0;road_2_1_2_0;road_2_1_2_1;road_2_1_2_1;road_1_0_1_0;road_1_0_1_0;road_1_0_1_1;road_1_0_1_1;road_0_1_0_0;road_0_1_0_0;road_0_1_0_1;road_0_1_0_1,rrGGrrrrrrrrrrrr
272,intersection_1_1,road_1_2_3_0;road_1_2_3_0;road_1_2_3_1;road_1_2_3_1;road_2_1_2_0;road_2_1_2_0;road_2_1_2_1;road_2_1_2_1;road_1_0_1_0;road_1_0_1_0;road_1_0_1_1;road_1_0_1_1;road_0_1_0_0;road_0_1_0_0;road_0_1_0_1;road_0_1_0_1,rrGGrrrrrrrrrrrr
273,intersection_1_1,road_1_2_3_0;road_1_2_3_0;road_1_2_3_1;road_1_2_3_1;road_2_1_2_0;road_2_1_2_0;road_2_1_2_1;road_2_1_2_1;road_1_0_1_0;road_1_0_1_0;road_1_0_1_1;road_1_0_1_1;road_0_1_0_0;road_0_1_0_0;road_0_1_0_1;road_0_1_0_1,rrGGrrrrrrrrrrrr
274,intersection_1_1,road_1_2_3_0;road_1_2_3_0;road_1_2_3_1;road_1_2_3_1;road_2_1_2_0;road_2_1_2_0;road_2_1_2_1;road_2_1_2_1;road_1_0_1_0;road_1_0_1_0;road_1_0_1_1;road_1_0_1_1;road_0_1_0_0;road_0_1_0_0;road_0_1_0_1;road_0_1_0_1,rrGGrrrrrrrrrrrr
275,intersection_1_1,road_1_2_3_0;road_1_2_3_0;road_1_2_3_1;road_1_2_3_1;road_2_1_2_0;road_2_1_2_0;road_2_1_2_1;road_2_1_2_1;road_1_0_1_0;road_1_0_1_0;road_1_0_1_1;road_1_0_1_1;road_0_1_0_0;road_0_1_0_0;road_0_1_0_1;road_0_1_0_1,rrGGrrrrrrrrrrrr
276,intersection_1_1,road_1_2_3_0;road_1_2_3_0;road_1_2_3_1;road_1_2_3_1;road_2_1_2_0;road_2_1_2_0;road_2_1_2_1;road_2_1_2_1;road_1_0_1_0;road_1_0_1_0;road_1_0_1_1;road_1_0_1_1;road_0_1_0_0;road_0_1_0_0;road_0_1_0_1;road_0_1_0_1,GGGGrrrrrrrrrrrr
277,intersection_1_1,road_1_2_3_0;road_1_2_3_0;road_1_2_3_1;road_1_2_3_1;road_2_1_2_0;road_2_1_2_0;road_2_1_2_1;road_2_1_2_1;road_1_0_1_0;road_1_0_1_0;road_1_0_1_1;road_1_0_1_1;road_0_1_0_0;road_0_1_0_0;road_0_1_0_1;road_0_1_0_1,GGGGrrrrrrrrrrrr
278,intersection_1_1,road_1_2_3_0;road_1_2_3_0;road_1_2_3_1;road_1_2_3_1;road_2_1_2_0;road_2_1_2_0;road_2_1_2_1;road_2_1_2_1;road_1_0_1_0;road_1_0_1_0;road_1_0_1_1;road_1_0_1_1;road_0_1_0_0;road_0_1_0_0;road_0_1_0_1;road_0_1_0_1,GGGGrrrrrrrrrrrr
279,intersection_1_1,road_1_2_3_0;road_1_2_3_0;road_1_2_3_1;road_1_2_3_1;road_2_1_2_0;road_2_1_2_0;road_2_1_2_1;road_2_1_2_1;road_1_0_1_0;road_1_0_1_0;road_1_0_1_1;road_1_0_1_1;road_0_1_0_0;road_0_1_0_0;road_0_1_0_1;road_0_1_0_1,GGGGrrrrrrrrrrrr
280,intersection_1_1,road_1_2_3_0;road_1_2_3_0;road_1_2_3_1;road_1_2_3_1;road_2_1_2_0;road_2_1_2_0;road_2_1_2_1;road_2_1_2_1;road_1_0_1_0;road_1_0_1_0;road_1_0_1_1;road_1_0_1_1;road_0_1_0_0;road_0_1_0_0;road_0_1_0_1;road_0_1_0_1,GGGGrrrrrrrrrrrr
280,intersection_1_1,road_1_2_3_0;road_1_2_3_0;road_1_2_3_1;road_1_2_3_1;road_2_1_2_0;road_2_1_2_0;road_2_1_2_1;road_2_1_2_1;road_1_0_1_0;road_1_0_1_0;road_1_0_1_1;road_1_0_1_1;road_0_1_0_0;road_0_1_0_0;road_0_1_0_1;road_0_1_0_1,GGGGrrrrrrrrrrrr
281,intersection_1_1,road_1_2_3_0;road_1_2_3_0;road_1_2_3_1;road_1_2_3_1;road_2_1_2_0;road_2_1_2_0;road_2_1_2_1;road_2_1_2_1;road_1_0_1_0;road_1_0_1_0;road_1_0_1_1;road_1_0_1_1;road_0_1_0_0;road_0_1_0_0;road_0_1_0_1;road_0_1_0_1,GGGGrrrrrrrrrrrr
282,intersection_1_1,road_1_2_3_0;road_1_2_3_0;road_1_2_3_1;road_1_2_3_1;road_2_1_2_0;road_2_1_2_0;road_2_1_2_1;road_2_1_2_1;road_1_0_1_0;road_1_0_1_0;road_1_0_1_1;road_1_0_1_1;road_0_1_0_0;road_0_1_0_0;road_0_1_0_1;road_0_1_0_1,GGGGrrrrrrrrrrrr
283,intersection_1_1,road_1_2_3_0;road_1_2_3_0;road_1_2_3_1;road_1_2_3_1;road_2_1_2_0;road_2_1_2_0;road_2_1_2_1;road_2_1_2_1;road_1_0_1_0;road_1_0_1_0;road_1_0_1_1;road_1_0_1_1;road_0_1_0_0;road_0_1_0_0;road_0_1_0_1;road_0_1_0_1,GGGGrrrrrrrrrrrr
284,intersection_1_1,road_1_2_3_0;road_1_2_3_0;road_1_2_3_1;road_1_2_3_1;road_2_1_2_0;road_2_1_2_0;road_2_1_2_1;road_2_1_2_1;road_1_0_1_0;road_1_0_1_0;road_1_0_1_1;road_1_0_1_1;road_0_1_0_0;road_0_1_0_0;road_0_1_0_1;road_0_1_0_1,GGGGrrrrrrrrrrrr
285,intersection_1_1,road_1_2_3_0;road_1_2_3_0;road_1_2_3_1;road_1_2_3_1;road_2_1_2_0;road_2_1_2_0;road_2_1_2_1;road_2_1_2_1;road_1_0_1_0;road_1_0_1_0;road_1_0_1_1;road_1_0_1_1;road_0_1_0_0;road_0_1_0_0;road_0_1_0_1;road_0_1_0_1,GGGGrrrrrrrrrrrr
286,intersection_1_1,road_1_2_3_0;road_1_2_3_0;road_1_2_3_1;road_1_2_3_1;road_2_1_2_0;road_2_1_2_0;road_2_1_2_1;road_2_1_2_1;road_1_0_1_0;road_1_0_1_0;road_1_0_1_1;road_1_0_1_1;road_0_1_0_0;road_0_1_0_0;road_0_1_0_1;road_0_1_0_1,GGGGrrrrrrrrrrrr
287,intersection_1_1,road_1_2_3_0;road_1_2_3_0;road_1_2_3_1;road_1_2_3_1;road_2_1_2_0;road_2_1_2_0;road_2_1_2_1;road_2_1_2_1;road_1_0_1_0;road_1_0_1_0;road_1_0_1_1;road_1_0_1_1;road_0_1_0_0;road_0_1_0_0;road_0_1_0_1;road_0_1_0_1,GGGGrrrrrrrrrrrr
288,intersection_1_1,road_1_2_3_0;road_1_2_3_0;road_1_2_3_1;road_1_2_3_1;road_2_1_2_0;road_2_1_2_0;road_2_1_2_1;road_2_1_2_1;road_1_0_1_0;road_1_0_1_0;road_1_0_1_1;road_1_0_1_1;road_0_1_0_0;road_0_1_0_0;road_0_1_0_1;road_0_1_0_1,GGGGrrrrrrrrrrrr
289,intersection_1_1,road_1_2_3_0;road_1_2_3_0;road_1_2_3_1;road_1_2_3_1;road_2_1_2_0;road_2_1_2_0;road_2_1_2_1;road_2_1_2_1;road_1_0_1_0;road_1_0_1_0;road_1_0_1_1;road_1_0_1_1;road_0_1_0_0;road_0_1_0_0;road_0_1_0_1;road_0_1_0_1,GGGGrrrrrrrrrrrr
290,intersection_1_1,road_1_2_3_0;road_1_2_3_0;road_1_2_3_1;road_1_2_3_1;road_2_1_2_0;road_2_1_2_0;road_2_1_2_1;road_2_1_2_1;road_1_0_1_0;road_1_0_1_0;road_1_0_1_1;road_1_0_1_1;road_0_1_0_0;road_0_1_0_0;road_0_1_0_1;road_0_1_0_1,GGGGrrrrrrrrrrrr
290,intersection_1_1,road_1_2_3_0;road_1_2_3_0;road_1_2_3_1;road_1_2_3_1;road_2_1_2_0;road_2_1_2_0;road_2_1_2_1;road_2_1_2_1;road_1_0_1_0;road_1_0_1_0;road_1_0_1_1;road_1_0_1_1;road_0_1_0_0;road_0_1_0_0;road_0_1_0_1;road_0_1_0_1,GGGGrrrrrrrrrrrr
291,intersection_1_1,road_1_2_3_0;road_1_2_3_0;road_1_2_3_1;road_1_2_3_1;road_2_1_2_0;road_2_1_2_0;road_2_1_2_1;road_2_1_2_1;road_1_0_1_0;road_1_0_1_0;road_1_0_1_1;road_1_0_1_1;road_0_1_0_0;road_0_1_0_0;road_0_1_0_1;road_0_1_0_1,GGGGrrrrrrrrrrrr
292,intersection_1_1,road_1_2_3_0;road_1_2_3_0;road_1_2_3_1;road_1_2_3_1;road_2_1_2_0;road_2_1_2_0;road_2_1_2_1;road_2_1_2_1;road_1_0_1_0;road_1_0_1_0;road_1_0_1_1;road_1_0_1_1;road_0_1_0_0;road_0_1_0_0;road_0_1_0_1;road_0_1_0_1,GGGGrrrrrrrrrrrr
293,intersection_1_1,road_1_2_3_0;road_1_2_3_0;road_1_2_3_1;road_1_2_3_1;road_2_1_2_0;road_2_1_2_0;road_2_1_2_1;road_2_1_2_1;road_1_0_1_0;road_1_0_1_0;road_1_0_1_1;road_1_0_1_1;road_0_1_0_0;road_0_1_0_0;road_0_1_0_1;road_0_1_0_1,GGGGrrrrrrrrrrrr
294,intersection_1_1,road_1_2_3_0;road_1_2_3_0;road_1_2_3_1;road_1_2_3_1;road_2_1_2_0;road_2_1_2_0;road_2_1_2_1;road_2_1_2_1;road_1_0_1_0;road_1_0_1_0;road_1_0_1_1;road_1_0_1_1;road_0_1_0_0;road_0_1_0_0;road_0_1_0_1;road_0_1_0_1,GGGGrrrrrrrrrrrr
295,intersection_1_1,road_1_2_3_0;road_1_2_3_0;road_1_2_3_1;road_1_2_3_1;road_2_1_2_0;road_2_1_2_0;road_2_1_2_1;road_2_1_2_1;road_1_0_1_0;road_1_0_1_0;road_1_0_1_1;road_1_0_1_1;road_0_1_0_0;road_0_1_0_0;road_0_1_0_1;road_0_1_0_1,GGGGrrrrrrrrrrrr
296,intersection_1_1,road_1_2_3_0;road_1_2_3_0;road_1_2_3_1;road_1_2_3_1;road_2_1_2_0;road_2_1_2_0;road_2_1_2_1;road_2_1_2_1;road_1_0_1_0;road_1_0_1_0;road_1_0_1_1;road_1_0_1_1;road_0_1_0_0;road_0_1_0_0;road_0_1_0_1;road_0_1_0_1,GGGGrrrrrrrrrrrr
297,intersection_1_1,road_1_2_3_0;road_1_2_3_0;road_1_2_3_1;road_1_2_3_1;road_2_1_2_0;road_2_1_2_0;road_2_1_2_1;road_2_1_2_1;road_1_0_1_0;road_1_0_1_0;road_1_0_1_1;road_1_0_1_1;road_0_1_0_0;road_0_1_0_0;road_0_1_0_1;road_0_1_0_1,GGGGrrrrrrrrrrrr
298,intersection_1_1,road_1_2_3_0;road_1_2_3_0;road_1_2_3_1;road_1_2_3_1;road_2_1_2_0;road_2_1_2_0;road_2_1_2_1;road_2_1_2_1;road_1_0_1_0;road_1_0_1_0;road_1_0_1_1;road_1_0_1_1;road_0_1_0_0;road_0_1_0_0;road_0_1_0_1;road_0_1_0_1,GGGGrrrrrrrrrrrr
299,intersection_1_1,road_1_2_3_0;road_1_2_3_0;road_1_2_3_1;road_1_2_3_1;road_2_1_2_0;road_2_1_2_0;road_2_1_2_1;road_2_1_2_1;road_1_0_1_0;road_1_0_1_0;road_1_0_1_1;road_1_0_1_1;road_0_1_0_0;road_0_1_0_0;road_0_1_0_1;road_0_1_0_1,GGGGrrrrrrrrrrrr
300,intersection_1_1,road_1_2_3_0;road_1_2_3_0;road_1_2_3_1;road_1_2_3_1;road_2_1_2_0;road_2_1_2_0;road_2_1_2_1;road_2_1_2_1;road_1_0_1_0;road_1_0_1_0;road_1_0_1_1;road_1_0_1_1;road_0_1_0_0;road_0_1_0_0;road_0_1_0_1;road_0_1_0_1,GGGGrrrrrrrrrrrr
300,intersection_1_1,road_1_2_3_0;road_1_2_3_0;road_1_2_3_1;road_1_2_3_1;road_2_1_2_0;road_2_1_2_0;road_2_1_2_1;road_2_1_2_1;road_1_0_1_0;road_1_0_1_0;road_1_0_1_1;road_1_0_1_1;road_0_1_0_0;road_0_1_0_0;road_0_1_0_1;road_0_1_0_1,GGGGrrrrrrrrrrrr
301,intersection_1_1,road_1_2_3_0;road_1_2_3_0;road_1_2_3_1;road_1_2_3_1;road_2_1_2_0;road_2_1_2_0;road_2_1_2_1;road_2_1_2_1;road_1_0_1_0;road_1_0_1_0;road_1_0_1_1;road_1_0_1_1;road_0_1_0_0;road_0_1_0_0;road_0_1_0_1;road_0_1_0_1,GGGGrrrrrrrrrrrr
302,intersection_1_1,road_1_2_3_0;road_1_2_3_0;road_1_2_3_1;road_1_2_3_1;road_2_1_2_0;road_2_1_2_0;road_2_1_2_1;road_2_1_2_1;road_1_0_1_0;road_1_0_1_0;road_1_0_1_1;road_1_0_1_1;road_0_1_0_0;road_0_1_0_0;road_0_1_0_1;road_0_1_0_1,GGGGrrrrrrrrrrrr
303,intersection_1_1,road_1_2_3_0;road_1_2_3_0;road_1_2_3_1;road_1_2_3_1;road_2_1_2_0;road_2_1_2_0;road_2_1_2_1;road_2_1_2_1;road_1_0_1_0;road_1_0_1_0;road_1_0_1_1;road_1_0_1_1;road_0_1_0_0;road_0_1_0_0;road_0_1_0_1;road_0_1_0_1,GGGGrrrrrrrrrrrr
304,intersection_1_1,road_1_2_3_0;road_1_2_3_0;road_1_2_3_1;road_1_2_3_1;road_2_1_2_0;road_2_1_2_0;road_2_1_2_1;road_2_1_2_1;road_1_0_1_0;road_1_0_1_0;road_1_0_1_1;road_1_0_1_1;road_0_1_0_0;road_0_1_0_0;road_0_1_0_1;road_0_1_0_1,GGGGrrrrrrrrrrrr
305,intersection_1_1,road_1_2_3_0;road_1_2_3_0;road_1_2_3_1;road_1_2_3_1;road_2_1_2_0;road_2_1_2_0;road_2_1_2_1;road_2_1_2_1;road_1_0_1_0;road_1_0_1_0;road_1_0_1_1;road_1_0_1_1;road_0_1_0_0;road_0_1_0_0;road_0_1_0_1;road_0_1_0_1,GGGGrrrrrrrrrrrr
306,intersection_1_1,road_1_2_3_0;road_1_2_3_0;road_1_2_3_1;road_1_2_3_1;road_2_1_2_0;road_2_1_2_0;road_2_1_2_1;road_2_1_2_1;road_1_0_1_0;road_1_0_1_0;road_1_0_1_1;road_1_0_1_1;road_0_1_0_0;road_0_1_0_0;road_0_1_0_1;road_0_1_0_1,GGGGrrrrrrrrrrrr
307,intersection_1_1,road_1_2_3_0;road_1_2_3_0;road_1_2_3_1;road_1_2_3_1;road_2_1_2_0;road_2_1_2_0;road_2_1_2_1;road_2_1_2_1;road_1_0_1_0;road_1_0_1_0;road_1_0_1_1;road_1_0_1_1;road_0_1_0_0;road_0_1_0_0;road_0_1_0_1;road_0_1_0_1,GGGGrrrrrrrrrrrr
308,intersection_1_1,road_1_2_3_0;road_1_2_3_0;road_1_2_3_1;road_1_2_3_1;road_2_1_2_0;road_2_1_2_0;road_2_1_2_1;road_2_1_2_1;road_1_0_1_0;road_1_0_1_0;road_1_0_1_1;road_1_0_1_1;road_0_1_0_0;road_0_1_0_0;road_0_1_0_1;road_0_1_0_1,GGGGrrrrrrrrrrrr
309,intersection_1_1,road_1_2_3_0;road_1_2_3_0;road_1_2_3_1;road_1_2_3_1;road_2_1_2_0;road_2_1_2_0;road_2_1_2_1;road_2_1_2_1;road_1_0_1_0;road_1_0_1_0;road_1_0_1_1;road_1_0_1_1;road_0_1_0_0;road_0_1_0_0;road_0_1_0_1;road_0_1_0_1,GGGGrrrrrrrrrrrr
310,intersection_1_1,road_1_2_3_0;road_1_2_3_0;road_1_2_3_1;road_1_2_3_1;road_2_1_2_0;road_2_1_2_0;road_2_1_2_1;road_2_1_2_1;road_1_0_1_0;road_1_0_1_0;road_1_0_1_1;road_1_0_1_1;road_0_1_0_0;road_0_1_0_0;road_0_1_0_1;road_0_1_0_1,GGGGrrrrrrrrrrrr
310,intersection_1_1,road_1_2_3_0;road_1_2_3_0;road_1_2_3_1;road_1_2_3_1;road_2_1_2_0;road_2_1_2_0;road_2_1_2_1;road_2_1_2_1;road_1_0_1_0;road_1_0_1_0;road_1_0_1_1;road_1_0_1_1;road_0_1_0_0;road_0_1_0_0;road_0_1_0_1;road_0_1_0_1,GGGGrrrrrrrrrrrr
311,intersection_1_1,road_1_2_3_0;road_1_2_3_0;road_1_2_3_1;road_1_2_3_1;road_2_1_2_0;road_2_1_2_0;road_2_1_2_1;road_2_1_2_1;road_1_0_1_0;road_1_0_1_0;road_1_0_1_1;road_1_0_1_1;road_0_1_0_0;road_0_1_0_0;road_0_1_0_1;road_0_1_0_1,GGGGrrrrrrrrrrrr
312,intersection_1_1,road_1_2_3_0;road_1_2_3_0;road_1_2_3_1;road_1_2_3_1;road_2_1_2_0;road_2_1_2_0;road_2_1_2_1;road_2_1_2_1;road_1_0_1_0;road_1_0_1_0;road_1_0_1_1;road_1_0_1_1;road_0_1_0_0;road_0_1_0_0;road_0_1_0_1;road_0_1_0_1,GGGGrrrrrrrrrrrr
313,intersection_1_1,road_1_2_3_0;road_1_2_3_0;road_1_2_3_1;road_1_2_3_1;road_2_1_2_0;road_2_1_2_0;road_2_1_2_1;road_2_1_2_1;road_1_0_1_0;road_1_0_1_0;road_1_0_1_1;road_1_0_1_1;road_0_1_0_0;road_0_1_0_0;road_0_1_0_1;road_0_1_0_1,GGGGrrrrrrrrrrrr
314,intersection_1_1,road_1_2_3_0;road_1_2_3_0;road_1_2_3_1;road_1_2_3_1;road_2_1_2_0;road_2_1_2_0;road_2_1_2_1;road_2_1_2_1;road_1_0_1_0;road_1_0_1_0;road_1_0_1_1;road_1_0_1_1;road_0_1_0_0;road_0_1_0_0;road_0_1_0_1;road_0_1_0_1,GGGGrrrrrrrrrrrr
315,intersection_1_1,road_1_2_3_0;road_1_2_3_0;road_1_2_3_1;road_1_2_3_1;road_2_1_2_0;road_2_1_2_0;road_2_1_2_1;road_2_1_2_1;road_1_0_1_0;road_1_0_1_0;road_1_0_1_1;road_1_0_1_1;road_0_1_0_0;road_0_1_0_0;road_0_1_0_1;road_0_1_0_1,GGGGrrrrrrrrrrrr
316,intersection_1_1,road_1_2_3_0;road_1_2_3_0;road_1_2_3_1;road_1_2_3_1;road_2_1_2_0;road_2_1_2_0;road_2_1_2_1;road_2_1_2_1;road_1_0_1_0;road_1_0_1_0;road_1_0_1_1;road_1_0_1_1;road_0_1_0_0;road_0_1_0_0;road_0_1_0_1;road_0_1_0_1,GGGGrrrrrrrrrrrr
317,intersection_1_1,road_1_2_3_0;road_1_2_3_0;road_1_2_3_1;road_1_2_3_1;road_2_1_2_0;road_2_1_2_0;road_2_1_2_1;road_2_1_2_1;road_1_0_1_0;road_1_0_1_0;road_1_0_1_1;road_1_0_1_1;road_0_1_0_0;road_0_1_0_0;road_0_1_0_1;road_0_1_0_1,GGGGrrrrrrrrrrrr
318,intersection_1_1,road_1_2_3_0;road_1_2_3_0;road_1_2_3_1;road_1_2_3_1;road_2_1_2_0;road_2_1_2_0;road_2_1_2_1;road_2_1_2_1;road_1_0_1_0;road_1_0_1_0;road_1_0_1_1;road_1_0_1_1;road_0_1_0_0;road_0_1_0_0;road_0_1_0_1;road_0_1_0_1,GGGGrrrrrrrrrrrr
319,intersection_1_1,road_1_2_3_0;road_1_2_3_0;road_1_2_3_1;road_1_2_3_1;road_2_1_2_0;road_2_1_2_0;road_2_1_2_1;road_2_1_2_1;road_1_0_1_0;road_1_0_1_0;road_1_0_1_1;road_1_0_1_1;road_0_1_0_0;road_0_1_0_0;road_0_1_0_1;road_0_1_0_1,GGGGrrrrrrrrrrrr
320,intersection_1_1,road_1_2_3_0;road_1_2_3_0;road_1_2_3_1;road_1_2_3_1;road_2_1_2_0;road_2_1_2_0;road_2_1_2_1;road_2_1_2_1;road_1_0_1_0;road_1_0_1_0;road_1_0_1_1;road_1_0_1_1;road_0_1_0_0;road_0_1_0_0;road_0_1_0_1;road_0_1_0_1,GGGGrrrrrrrrrrrr
320,intersection_1_1,road_1_2_3_0;road_1_2_3_0;road_1_2_3_1;road_1_2_3_1;road_2_1_2_0;road_2_1_2_0;road_2_1_2_1;road_2_1_2_1;road_1_0_1_0;road_1_0_1_0;road_1_0_1_1;road_1_0_1_1;road_0_1_0_0;road_0_1_0_0;road_0_1_0_1;road_0_1_0_1,GGGGrrrrrrrrrrrr
321,intersection_1_1,road_1_2_3_0;road_1_2_3_0;road_1_2_3_1;road_1_2_3_1;road_2_1_2_0;road_2_1_2_0;road_2_1_2_1;road_2_1_2_1;road_1_0_1_0;road_1_0_1_0;road_1_0_1_1;road_1_0_1_1;road_0_1_0_0;road_0_1_0_0;road_0_1_0_1;road_0_1_0_1,GGGGrrrrrrrrrrrr
322,intersection_1_1,road_1_2_3_0;road_1_2_3_0;road_1_2_3_1;road_1_2_3_1;road_2_1_2_0;road_2_1_2_0;road_2_1_2_1;road_2_1_2_1;road_1_0_1_0;road_1_0_1_0;road_1_0_1_1;road_1_0_1_1;road_0_1_0_0;road_0_1_0_0;road_0_1_0_1;road_0_1_0_1,GGGGrrrrrrrrrrrr
323,intersection_1_1,road_1_2_3_0;road_1_2_3_0;road_1_2_3_1;road_1_2_3_1;road_2_1_2_0;road_2_1_2_0;road_2_1_2_1;road_2_1_2_1;road_1_0_1_0;road_1_0_1_0;road_1_0_1_1;road_1_0_1_1;road_0_1_0_0;road_0_1_0_0;road_0_1_0_1;road_0_1_0_1,GGGGrrrrrrrrrrrr
324,intersection_1_1,road_1_2_3_0;road_1_2_3_0;road_1_2_3_1;road_1_2_3_1;road_2_1_2_0;road_2_1_2_0;road_2_1_2_1;road_2_1_2_1;road_1_0_1_0;road_1_0_1_0;road_1_0_1_1;road_1_0_1_1;road_0_1_0_0;road_0_1_0_0;road_0_1_0_1;road_0_1_0_1,GGGGrrrrrrrrrrrr
325,intersection_1_1,road_1_2_3_0;road_1_2_3_0;road_1_2_3_1;road_1_2_3_1;road_2_1_2_0;road_2_1_2_0;road_2_1_2_1;road_2_1_2_1;road_1_0_1_0;road_1_0_1_0;road_1_0_1_1;road_1_0_1_1;road_0_1_0_0;road_0_1_0_0;road_0_1_0_1;road_0_1_0_1,GGGGrrrrrrrrrrrr
326,intersection_1_1,road_1_2_3_0;road_1_2_3_0;road_1_2_3_1;road_1_2_3_1;road_2_1_2_0;road_2_1_2_0;road_2_1_2_1;road_2_1_2_1;road_1_0_1_0;road_1_0_1_0;road_1_0_1_1;road_1_0_1_1;road_0_1_0_0;road_0_1_0_0;road_0_1_0_1;road_0_1_0_1,GGGGrrrrrrrrrrrr
327,intersection_1_1,road_1_2_3_0;road_1_2_3_0;road_1_2_3_1;road_1_2_3_1;road_2_1_2_0;road_2_1_2_0;road_2_1_2_1;road_2_1_2_1;road_1_0_1_0;road_1_0_1_0;road_1_0_1_1;road_1_0_1_1;road_0_1_0_0;road_0_1_0_0;road_0_1_0_1;road_0_1_0_1,GGGGrrrrrrrrrrrr
328,intersection_1_1,road_1_2_3_0;road_1_2_3_0;road_1_2_3_1;road_1_2_3_1;road_2_1_2_0;road_2_1_2_0;road_2_1_2_1;road_2_1_2_1;road_1_0_1_0;road_1_0_1_0;road_1_0_1_1;road_1_0_1_1;road_0_1_0_0;road_0_1_0_0;road_0_1_0_1;road_0_1_0_1,GGGGrrrrrrrrrrrr
329,intersection_1_1,road_1_2_3_0;road_1_2_3_0;road_1_2_3_1;road_1_2_3_1;road_2_1_2_0;road_2_1_2_0;road_2_1_2_1;road_2_1_2_1;road_1_0_1_0;road_1_0_1_0;road_1_0_1_1;road_1_0_1_1;road_0_1_0_0;road_0_1_0_0;road_0_1_0_1;road_0_1_0_1,GGGGrrrrrrrrrrrr
330,intersection_1_1,road_1_2_3_0;road_1_2_3_0;road_1_2_3_1;road_1_2_3_1;road_2_1_2_0;road_2_1_2_0;road_2_1_2_1;road_2_1_2_1;road_1_0_1_0;road_1_0_1_0;road_1_0_1_1;road_1_0_1_1;road_0_1_0_0;road_0_1_0_0;road_0_1_0_1;road_0_1_0_1,GGGGrrrrrrrrrrrr
330,intersection_1_1,road_1_2_3_0;road_1_2_3_0;road_1_2_3_1;road_1_2_3_1;road_2_1_2_0;road_2_1_2_0;road_2_1_2_1;road_2_1_2_1;road_1_0_1_0;road_1_0_1_0;road_1_0_1_1;road_1_0_1_1;road_0_1_0_0;road_0_1_0_0;road_0_1_0_1;road_0_1_0_1,GGGGrrrrrrrrrrrr
331,intersection_1_1,road_1_2_3_0;road_1_2_3_0;road_1_2_3_1;road_1_2_3_1;road_2_1_2_0;road_2_1_2_0;road_2_1_2_1;road_2_1_2_1;road_1_0_1_0;road_1_0_1_0;road_1_0_1_1;road_1_0_1_1;road_0_1_0_0;road_0_1_0_0;road_0_1_0_1;road_0_1_0_1,GGGGrrrrrrrrrrrr
332,intersection_1_1,road_1_2_3_0;road_1_2_3_0;road_1_2_3_1;road_1_2_3_1;road_2_1_2_0;road_2_1_2_0;road_2_1_2_1;road_2_1_2_1;road_1_0_1_0;road_1_0_1_0;road_1_0_1_1;road_1_0_1_1;road_0_1_0_0;road_0_1_0_0;road_0_1_0_1;road_0_1_0_1,GGGGrrrrrrrrrrrr
333,intersection_1_1,road_1_2_3_0;road_1_2_3_0;road_1_2_3_1;road_1_2_3_1;road_2_1_2_0;road_2_1_2_0;road_2_1_2_1;road_2_1_2_1;road_1_0_1_0;road_1_0_1_0;road_1_0_1_1;road_1_0_1_1;road_0_1_0_0;road_0_1_0_0;road_0_1_0_1;road_0_1_0_1,GGGGrrrrrrrrrrrr
334,intersection_1_1,road_1_2_3_0;road_1_2_3_0;road_1_2_3_1;road_1_2_3_1;road_2_1_2_0;road_2_1_2_0;road_2_1_2_1;road_2_1_2_1;road_1_0_1_0;road_1_0_1_0;road_1_0_1_1;road_1_0_1_1;road_0_1_0_0;road_0_1_0_0;road_0_1_0_1;road_0_1_0_1,GGGGrrrrrrrrrrrr
335,intersection_1_1,road_1_2_3_0;road_1_2_3_0;road_1_2_3_1;road_1_2_3_1;road_2_1_2_0;road_2_1_2_0;road_2_1_2_1;road_2_1_2_1;road_1_0_1_0;road_1_0_1_0;road_1_0_1_1;road_1_0_1_1;road_0_1_0_0;road_0_1_0_0;road_0_1_0_1;road_0_1_0_1,GGGGrrrrrrrrrrrr
336,intersection_1_1,road_1_2_3_0;road_1_2_3_0;road_1_2_3_1;road_1_2_3_1;road_2_1_2_0;road_2_1_2_0;road_2_1_2_1;road_2_1_2_1;road_1_0_1_0;road_1_0_1_0;road_1_0_1_1;road_1_0_1_1;road_0_1_0_0;road_0_1_0_0;road_0_1_0_1;road_0_1_0_1,GGGGrrrrrrrrrrrr
337,intersection_1_1,road_1_2_3_0;road_1_2_3_0;road_1_2_3_1;road_1_2_3_1;road_2_1_2_0;road_2_1_2_0;road_2_1_2_1;road_2_1_2_1;road_1_0_1_0;road_1_0_1_0;road_1_0_1_1;road_1_0_1_1;road_0_1_0_0;road_0_1_0_0;road_0_1_0_1;road_0_1_0_1,GGGGrrrrrrrrrrrr
338,intersection_1_1,road_1_2_3_0;road_1_2_3_0;road_1_2_3_1;road_1_2_3_1;road_2_1_2_0;road_2_1_2_0;road_2_1_2_1;road_2_1_2_1;road_1_0_1_0;road_1_0_1_0;road_1_0_1_1;road_1_0_1_1;road_0_1_0_0;road_0_1_0_0;road_0_1_0_1;road_0_1_0_1,GGGGrrrrrrrrrrrr
339,intersection_1_1,road_1_2_3_0;road_1_2_3_0;road_1_2_3_1;road_1_2_3_1;road_2_1_2_0;road_2_1_2_0;road_2_1_2_1;road_2_1_2_1;road_1_0_1_0;road_1_0_1_0;road_1_0_1_1;road_1_0_1_1;road_0_1_0_0;road_0_1_0_0;road_0_1_0_1;road_0_1_0_1,GGGGrrrrrrrrrrrr
340,intersection_1_1,road_1_2_3_0;road_1_2_3_0;road_1_2_3_1;road_1_2_3_1;road_2_1_2_0;road_2_1_2_0;road_2_1_2_1;road_2_1_2_1;road_1_0_1_0;road_1_0_1_0;road_1_0_1_1;road_1_0_1_1;road_0_1_0_0;road_0_1_0_0;road_0_1_0_1;road_0_1_0_1,GGGGrrrrrrrrrrrr
340,intersection_1_1,road_1_2_3_0;road_1_2_3_0;road_1_2_3_1;road_1_2_3_1;road_2_1_2_0;road_2_1_2_0;road_2_1_2_1;road_2_1_2_1;road_1_0_1_0;road_1_0_1_0;road_1_0_1_1;road_1_0_1_1;road_0_1_0_0;road_0_1_0_0;road_0_1_0_1;road_0_1_0_1,GGGGrrrrrrrrrrrr
341,intersection_1_1,road_1_2_3_0;road_1_2_3_0;road_1_2_3_1;road_1_2_3_1;road_2_1_2_0;road_2_1_2_0;road_2_1_2_1;road_2_1_2_1;road_1_0_1_0;road_1_0_1_0;road_1_0_1_1;road_1_0_1_1;road_0_1_0_0;road_0_1_0_0;road_0_1_0_1;road_0_1_0_1,GGGGrrrrrrrrrrrr
342,intersection_1_1,road_1_2_3_0;road_1_2_3_0;road_1_2_3_1;road_1_2_3_1;road_2_1_2_0;road_2_1_2_0;road_2_1_2_1;road_2_1_2_1;road_1_0_1_0;road_1_0_1_0;road_1_0_1_1;road_1_0_1_1;road_0_1_0_0;road_0_1_0_0;road_0_1_0_1;road_0_1_0_1,GGGGrrrrrrrrrrrr
343,intersection_1_1,road_1_2_3_0;road_1_2_3_0;road_1_2_3_1;road_1_2_3_1;road_2_1_2_0;road_2_1_2_0;road_2_1_2_1;road_2_1_2_1;road_1_0_1_0;road_1_0_1_0;road_1_0_1_1;road_1_0_1_1;road_0_1_0_0;road_0_1_0_0;road_0_1_0_1;road_0_1_0_1,GGGGrrrrrrrrrrrr
344,intersection_1_1,road_1_2_3_0;road_1_2_3_0;road_1_2_3_1;road_1_2_3_1;road_2_1_2_0;road_2_1_2_0;road_2_1_2_1;road_2_1_2_1;road_1_0_1_0;road_1_0_1_0;road_1_0_1_1;road_1_0_1_1;road_0_1_0_0;road_0_1_0_0;road_0_1_0_1;road_0_1_0_1,GGGGrrrrrrrrrrrr
345,intersection_1_1,road_1_2_3_0;road_1_2_3_0;road_1_2_3_1;road_1_2_3_1;road_2_1_2_0;road_2_1_2_0;road_2_1_2_1;road_2_1_2_1;road_1_0_1_0;road_1_0_1_0;road_1_0_1_1;road_1_0_1_1;road_0_1_0_0;road_0_1_0_0;road_0_1_0_1;road_0_1_0_1,GGGGrrrrrrrrrrrr
346,intersection_1_1,road_1_2_3_0;road_1_2_3_0;road_1_2_3_1;road_1_2_3_1;road_2_1_2_0;road_2_1_2_0;road_2_1_2_1;road_2_1_2_1;road_1_0_1_0;road_1_0_1_0;road_1_0_1_1;road_1_0_1_1;road_0_1_0_0;road_0_1_0_0;road_0_1_0_1;road_0_1_0_1,GGGGrrrrrrrrrrrr
347,intersection_1_1,road_1_2_3_0;road_1_2_3_0;road_1_2_3_1;road_1_2_3_1;road_2_1_2_0;road_2_1_2_0;road_2_1_2_1;road_2_1_2_1;road_1_0_1_0;road_1_0_1_0;road_1_0_1_1;road_1_0_1_1;road_0_1_0_0;road_0_1_0_0;road_0_1_0_1;road_0_1_0_1,GGGGrrrrrrrrrrrr
348,intersection_1_1,road_1_2_3_0;road_1_2_3_0;road_1_2_3_1;road_1_2_3_1;road_2_1_2_0;road_2_1_2_0;road_2_1_2_1;road_2_1_2_1;road_1_0_1_0;road_1_0_1_0;road_1_0_1_1;road_1_0_1_1;road_0_1_0_0;road_0_1_0_0;road_0_1_0_1;road_0_1_0_1,GGGGrrrrrrrrrrrr
349,intersection_1_1,road_1_2_3_0;road_1_2_3_0;road_1_2_3_1;road_1_2_3_1;road_2_1_2_0;road_2_1_2_0;road_2_1_2_1;road_2_1_2_1;road_1_0_1_0;road_1_0_1_0;road_1_0_1_1;road_1_0_1_1;road_0_1_0_0;road_0_1_0_0;road_0_1_0_1;road_0_1_0_1,GGGGrrrrrrrrrrrr
350,intersection_1_1,road_1_2_3_0;road_1_2_3_0;road_1_2_3_1;road_1_2_3_1;road_2_1_2_0;road_2_1_2_0;road_2_1_2_1;road_2_1_2_1;road_1_0_1_0;road_1_0_1_0;road_1_0_1_1;road_1_0_1_1;road_0_1_0_0;road_0_1_0_0;road_0_1_0_1;road_0_1_0_1,GGGGrrrrrrrrrrrr
350,intersection_1_1,road_1_2_3_0;road_1_2_3_0;road_1_2_3_1;road_1_2_3_1;road_2_1_2_0;road_2_1_2_0;road_2_1_2_1;road_2_1_2_1;road_1_0_1_0;road_1_0_1_0;road_1_0_1_1;road_1_0_1_1;road_0_1_0_0;road_0_1_0_0;road_0_1_0_1;road_0_1_0_1,GGGGrrrrrrrrrrrr
351,intersection_1_1,road_1_2_3_0;road_1_2_3_0;road_1_2_3_1;road_1_2_3_1;road_2_1_2_0;road_2_1_2_0;road_2_1_2_1;road_2_1_2_1;road_1_0_1_0;road_1_0_1_0;road_1_0_1_1;road_1_0_1_1;road_0_1_0_0;road_0_1_0_0;road_0_1_0_1;road_0_1_0_1,GGGGrrrrrrrrrrrr
352,intersection_1_1,road_1_2_3_0;road_1_2_3_0;road_1_2_3_1;road_1_2_3_1;road_2_1_2_0;road_2_1_2_0;road_2_1_2_1;road_2_1_2_1;road_1_0_1_0;road_1_0_1_0;road_1_0_1_1;road_1_0_1_1;road_0_1_0_0;road_0_1_0_0;road_0_1_0_1;road_0_1_0_1,GGGGrrrrrrrrrrrr
353,intersection_1_1,road_1_2_3_0;road_1_2_3_0;road_1_2_3_1;road_1_2_3_1;road_2_1_2_0;road_2_1_2_0;road_2_1_2_1;road_2_1_2_1;road_1_0_1_0;road_1_0_1_0;road_1_0_1_1;road_1_0_1_1;road_0_1_0_0;road_0_1_0_0;road_0_1_0_1;road_0_1_0_1,GGGGrrrrrrrrrrrr
354,intersection_1_1,road_1_2_3_0;road_1_2_3_0;road_1_2_3_1;road_1_2_3_1;road_2_1_2_0;road_2_1_2_0;road_2_1_2_1;road_2_1_2_1;road_1_0_1_0;road_1_0_1_0;road_1_0_1_1;road_1_0_1_1;road_0_1_0_0;road_0_1_0_0;road_0_1_0_1;road_0_1_0_1,GGGGrrrrrrrrrrrr
355,intersection_1_1,road_1_2_3_0;road_1_2_3_0;road_1_2_3_1;road_1_2_3_1;road_2_1_2_0;road_2_1_2_0;road_2_1_2_1;road_2_1_2_1;road_1_0_1_0;road_1_0_1_0;road_1_0_1_1;road_1_0_1_1;road_0_1_0_0;road_0_1_0_0;road_0_1_0_1;road_0_1_0_1,GGGGrrrrrrrrrrrr
356,intersection_1_1,road_1_2_3_0;road_1_2_3_0;road_1_2_3_1;road_1_2_3_1;road_2_1_2_0;road_2_1_2_0;road_2_1_2_1;road_2_1_2_1;road_1_0_1_0;road_1_0_1_0;road_1_0_1_1;road_1_0_1_1;road_0_1_0_0;road_0_1_0_0;road_0_1_0_1;road_0_1_0_1,GGGGrrrrrrrrrrrr
357,intersection_1_1,road_1_2_3_0;road_1_2_3_0;road_1_2_3_1;road_1_2_3_1;road_2_1_2_0;road_2_1_2_0;road_2_1_2_1;road_2_1_2_1;road_1_0_1_0;road_1_0_1_0;road_1_0_1_1;road_1_0_1_1;road_0_1_0_0;road_0_1_0_0;road_0_1_0_1;road_0_1_0_1,GGGGrrrrrrrrrrrr
358,intersection_1_1,road_1_2_3_0;road_1_2_3_0;road_1_2_3_1;road_1_2_3_1;road_2_1_2_0;road_2_1_2_0;road_2_1_2_1;road_2_1_2_1;road_1_0_1_0;road_1_0_1_0;road_1_0_1_1;road_1_0_1_1;road_0_1_0_0;road_0_1_0_0;road_0_1_0_1;road_0_1_0_1,GGGGrrrrrrrrrrrr
359,intersection_1_1,road_1_2_3_0;road_1_2_3_0;road_1_2_3_1;road_1_2_3_1;road_2_1_2_0;road_2_1_2_0;road_2_1_2_1;road_2_1_2_1;road_1_0_1_0;road_1_0_1_0;road_1_0_1_1;road_1_0_1_1;road_0_1_0_0;road_0_1_0_0;road_0_1_0_1;road_0_1_0_1,GGGGrrrrrrrrrrrr
360,intersection_1_1,road_1_2_3_0;road_1_2_3_0;road_1_2_3_1;road_1_2_3_1;road_2_1_2_0;road_2_1_2_0;road_2_1_2_1;road_2_1_2_1;road_1_0_1_0;road_1_0_1_0;road_1_0_1_1;road_1_0_1_1;road_0_1_0_0;road_0_1_0_0;road_0_1_0_1;road_0_1_0_1,GGGGrrrrrrrrrrrr
360,intersection_1_1,road_1_2_3_0;road_1_2_3_0;road_1_2_3_1;road_1_2_3_1;road_2_1_2_0;road_2_1_2_0;road_2_1_2_1;road_2_1_2_1;road_1_0_1_0;road_1_0_1_0;road_1_0_1_1;road_1_0_1_1;road_0_1_0_0;road_0_1_0_0;road_0_1_0_1;road_0_1_0_1,GGGGrrrrrrrrrrrr
361,intersection_1_1,road_1_2_3_0;road_1_2_3_0;road_1_2_3_1;road_1_2_3_1;road_2_1_2_0;road_2_1_2_0;road_2_1_2_1;road_2_1_2_1;road_1_0_1_0;road_1_0_1_0;road_1_0_1_1;road_1_0_1_1;road_0_1_0_0;road_0_1_0_0;road_0_1_0_1;road_0_1_0_1,GGGGrrrrrrrrrrrr
362,intersection_1_1,road_1_2_3_0;road_1_2_3_0;road_1_2_3_1;road_1_2_3_1;road_2_1_2_0;road_2_1_2_0;road_2_1_2_1;road_2_1_2_1;road_1_0_1_0;road_1_0_1_0;road_1_0_1_1;road_1_0_1_1;road_0_1_0_0;road_0_1_0_0;road_0_1_0_1;road_0_1_0_1,GGGGrrrrrrrrrrrr
363,intersection_1_1,road_1_2_3_0;road_1_2_3_0;road_1_2_3_1;road_1_2_3_1;road_2_1_2_0;road_2_1_2_0;road_2_1_2_1;road_2_1_2_1;road_1_0_1_0;road_1_0_1_0;road_1_0_1_1;road_1_0_1_1;road_0_1_0_0;road_0_1_0_0;road_0_1_0_1;road_0_1_0_1,GGGGrrrrrrrrrrrr
364,intersection_1_1,road_1_2_3_0;road_1_2_3_0;road_1_2_3_1;road_1_2_3_1;road_2_1_2_0;road_2_1_2_0;road_2_1_2_1;road_2_1_2_1;road_1_0_1_0;road_1_0_1_0;road_1_0_1_1;road_1_0_1_1;road_0_1_0_0;road_0_1_0_0;road_0_1_0_1;road_0_1_0_1,GGGGrrrrrrrrrrrr
365,intersection_1_1,road_1_2_3_0;road_1_2_3_0;road_1_2_3_1;road_1_2_3_1;road_2_1_2_0;road_2_1_2_0;road_2_1_2_1;road_2_1_2_1;road_1_0_1_0;road_1_0_1_0;road_1_0_1_1;road_1_0_1_1;road_0_1_0_0;road_0_1_0_0;road_0_1_0_1;road_0_1_0_1,GGGGrrrrrrrrrrrr
366,intersection_1_1,road_1_2_3_0;road_1_2_3_0;road_1_2_3_1;road_1_2_3_1;road_2_1_2_0;road_2_1_2_0;road_2_1_2_1;road_2_1_2_1;road_1_0_1_0;road_1_0_1_0;road_1_0_1_1;road_1_0_1_1;road_0_1_0_0;road_0_1_0_0;road_0_1_0_1;road_0_1_0_1,GGGGrrrrrrrrrrrr
367,intersection_1_1,road_1_2_3_0;road_1_2_3_0;road_1_2_3_1;road_1_2_3_1;road_2_1_2_0;road_2_1_2_0;road_2_1_2_1;road_2_1_2_1;road_1_0_1_0;road_1_0_1_0;road_1_0_1_1;road_1_0_1_1;road_0_1_0_0;road_0_1_0_0;road_0_1_0_1;road_0_1_0_1,GGGGrrrrrrrrrrrr
368,intersection_1_1,road_1_2_3_0;road_1_2_3_0;road_1_2_3_1;road_1_2_3_1;road_2_1_2_0;road_2_1_2_0;road_2_1_2_1;road_2_1_2_1;road_1_0_1_0;road_1_0_1_0;road_1_0_1_1;road_1_0_1_1;road_0_1_0_0;road_0_1_0_0;road_0_1_0_1;road_0_1_0_1,GGGGrrrrrrrrrrrr
369,intersection_1_1,road_1_2_3_0;road_1_2_3_0;road_1_2_3_1;road_1_2_3_1;road_2_1_2_0;road_2_1_2_0;road_2_1_2_1;road_2_1_2_1;road_1_0_1_0;road_1_0_1_0;road_1_0_1_1;road_1_0_1_1;road_0_1_0_0;road_0_1_0_0;road_0_1_0_1;road_0_1_0_1,GGGGrrrrrrrrrrrr
370,intersection_1_1,road_1_2_3_0;road_1_2_3_0;road_1_2_3_1;road_1_2_3_1;road_2_1_2_0;road_2_1_2_0;road_2_1_2_1;road_2_1_2_1;road_1_0_1_0;road_1_0_1_0;road_1_0_1_1;road_1_0_1_1;road_0_1_0_0;road_0_1_0_0;road_0_1_0_1;road_0_1_0_1,GGGGrrrrrrrrrrrr
370,intersection_1_1,road_1_2_3_0;road_1_2_3_0;road_1_2_3_1;road_1_2_3_1;road_2_1_2_0;road_2_1_2_0;road_2_1_2_1;road_2_1_2_1;road_1_0_1_0;road_1_0_1_0;road_1_0_1_1;road_1_0_1_1;road_0_1_0_0;road_0_1_0_0;road_0_1_0_1;road_0_1_0_1,GGGGrrrrrrrrrrrr
371,intersection_1_1,road_1_2_3_0;road_1_2_3_0;road_1_2_3_1;road_1_2_3_1;road_2_1_2_0;road_2_1_2_0;road_2_1_2_1;road_2_1_2_1;road_1_0_1_0;road_1_0_1_0;road_1_0_1_1;road_1_0_1_1;road_0_1_0_0;road_0_1_0_0;road_0_1_0_1;road_0_1_0_1,rrGGrrrrrrrrrrrr
372,intersection_1_1,road_1_2_3_0;road_1_2_3_0;road_1_2_3_1;road_1_2_3_1;road_2_1_2_0;road_2_1_2_0;road_2_1_2_1;road_2_1_2_1;road_1_0_1_0;road_1_0_1_0;road_1_0_1_1;road_1_0_1_1;road_0_1_0_0;road_0_1_0_0;road_0_1_0_1;road_0_1_0_1,rrGGrrrrrrrrrrrr
373,intersection_1_1,road_1_2_3_0;road_1_2_3_0;road_1_2_3_1;road_1_2_3_1;road_2_1_2_0;road_2_1_2_0;road_2_1_2_1;road_2_1_2_1;road_1_0_1_0;road_1_0_1_0;road_1_0_1_1;road_1_0_1_1;road_0_1_0_0;road_0_1_0_0;road_0_1_0_1;road_0_1_0_1,rrGGrrrrrrrrrrrr
374,intersection_1_1,road_1_2_3_0;road_1_2_3_0;road_1_2_3_1;road_1_2_3_1;road_2_1_2_0;road_2_1_2_0;road_2_1_2_1;road_2_1_2_1;road_1_0_1_0;road_1_0_1_0;road_1_0_1_1;road_1_0_1_1;road_0_1_0_0;road_0_1_0_0;road_0_1_0_1;road_0_1_0_1,rrGGrrrrrrrrrrrr
375,intersection_1_1,road_1_2_3_0;road_1_2_3_0;road_1_2_3_1;road_1_2_3_1;road_2_1_2_0;road_2_1_2_0;road_2_1_2_1;road_2_1_2_1;road_1_0_1_0;road_1_0_1_0;road_1_0_1_1;road_1_0_1_1;road_0_1_0_0;road_0_1_0_0;road_0_1_0_1;road_0_1_0_1,rrGGrrrrrrrrrrrr
376,intersection_1_1,road_1_2_3_0;road_1_2_3_0;road_1_2_3_1;road_1_2_3_1;road_2_1_2_0;road_2_1_2_0;road_2_1_2_1;road_2_1_2_1;road_1_0_1_0;road_1_0_1_0;road_1_0_1_1;road_1_0_1_1;road_0_1_0_0;road_0_1_0_0;road_0_1_0_1;road_0_1_0_1,rrGGrrrrrrGGrrrr
377,intersection_1_1,road_1_2_3_0;road_1_2_3_0;road_1_2_3_1;road_1_2_3_1;road_2_1_2_0;road_2_1_2_0;road_2_1_2_1;road_2_1_2_1;road_1_0_1_0;road_1_0_1_0;road_1_0_1_1;road_1_0_1_1;road_0_1_0_0;road_0_1_0_0;road_0_1_0_1;road_0_1_0_1,rrGGrrrrrrGGrrrr
378,intersection_1_1,road_1_2_3_0;road_1_2_3_0;road_1_2_3_1;road_1_2_3_1;road_2_1_2_0;road_2_1_2_0;road_2_1_2_1;road_2_1_2_1;road_1_0_1_0;road_1_0_1_0;road_1_0_1_1;road_1_0_1_1;road_0_1_0_0;road_0_1_0_0;road_0_1_0_1;road_0_1_0_1,rrGGrrrrrrGGrrrr
379,intersection_1_1,road_1_2_3_0;road_1_2_3_0;road_1_2_3_1;road_1_2_3_1;road_2_1_2_0;road_2_1_2_0;road_2_1_2_1;road_2_1_2_1;road_1_0_1_0;road_1_0_1_0;road_1_0_1_1;road_1_0_1_1;road_0_1_0_0;road_0_1_0_0;road_0_1_0_1;road_0_1_0_1,rrGGrrrrrrGGrrrr
380,intersection_1_1,road_1_2_3_0;road_1_2_3_0;road_1_2_3_1;road_1_2_3_1;road_2_1_2_0;road_2_1_2_0;road_2_1_2_1;road_2_1_2_1;road_1_0_1_0;road_1_0_1_0;road_1_0_1_1;road_1_0_1_1;road_0_1_0_0;road_0_1_0_0;road_0_1_0_1;road_0_1_0_1,rrGGrrrrrrGGrrrr
380,intersection_1_1,road_1_2_3_0;road_1_2_3_0;road_1_2_3_1;road_1_2_3_1;road_2_1_2_0;road_2_1_2_0;road_2_1_2_1;road_2_1_2_1;road_1_0_1_0;road_1_0_1_0;road_1_0_1_1;road_1_0_1_1;road_0_1_0_0;road_0_1_0_0;road_0_1_0_1;road_0_1_0_1,rrGGrrrrrrGGrrrr
381,intersection_1_1,road_1_2_3_0;road_1_2_3_0;road_1_2_3_1;road_1_2_3_1;road_2_1_2_0;road_2_1_2_0;road_2_1_2_1;road_2_1_2_1;road_1_0_1_0;road_1_0_1_0;road_1_0_1_1;road_1_0_1_1;road_0_1_0_0;road_0_1_0_0;road_0_1_0_1;road_0_1_0_1,rrGGrrrrrrGGrrrr
382,intersection_1_1,road_1_2_3_0;road_1_2_3_0;road_1_2_3_1;road_1_2_3_1;road_2_1_2_0;road_2_1_2_0;road_2_1_2_1;road_2_1_2_1;road_1_0_1_0;road_1_0_1_0;road_1_0_1_1;road_1_0_1_1;road_0_1_0_0;road_0_1_0_0;road_0_1_0_1;road_0_1_0_1,rrGGrrrrrrGGrrrr
383,intersection_1_1,road_1_2_3_0;road_1_2_3_0;road_1_2_3_1;road_1_2_3_1;road_2_1_2_0;road_2_1_2_0;road_2_1_2_1;road_2_1_2_1;road_1_0_1_0;road_1_0_1_0;road_1_0_1_1;road_1_0_1_1;road_0_1_0_0;road_0_1_0_0;road_0_1_0_1;road_0_1_0_1,rrGGrrrrrrGGrrrr
384,intersection_1_1,road_1_2_3_0;road_1_2_3_0;road_1_2_3_1;road_1_2_3_1;road_2_1_2_0;road_2_1_2_0;road_2_1_2_1;road_2_1_2_1;road_1_0_1_0;road_1_0_1_0;road_1_0_1_1;road_1_0_1_1;road_0_1_0_0;road_0_1_0_0;road_0_1_0_1;road_0_1_0_1,rrGGrrrrrrGGrrrr
385,intersection_1_1,road_1_2_3_0;road_1_2_3_0;road_1_2_3_1;road_1_2_3_1;road_2_1_2_0;road_2_1_2_0;road_2_1_2_1;road_2_1_2_1;road_1_0_1_0;road_1_0_1_0;road_1_0_1_1;road_1_0_1_1;road_0_1_0_0;road_0_1_0_0;road_0_1_0_1;road_0_1_0_1,rrGGrrrrrrGGrrrr
386,intersection_1_1,road_1_2_3_0;road_1_2_3_0;road_1_2_3_1;road_1_2_3_1;road_2_1_2_0;road_2_1_2_0;road_2_1_2_1;road_2_1_2_1;road_1_0_1_0;road_1_0_1_0;road_1_0_1_1;road_1_0_1_1;road_0_1_0_0;road_0_1_0_0;road_0_1_0_1;road_0_1_0_1,rrGGrrrrrrGGrrrr
387,intersection_1_1,road_1_2_3_0;road_1_2_3_0;road_1_2_3_1;road_1_2_3_1;road_2_1_2_0;road_2_1_2_0;road_2_1_2_1;road_2_1_2_1;road_1_0_1_0;road_1_0_1_0;road_1_0_1_1;road_1_0_1_1;road_0_1_0_0;road_0_1_0_0;road_0_1_0_1;road_0_1_0_1,rrGGrrrrrrGGrrrr
388,intersection_1_1,road_1_2_3_0;road_1_2_3_0;road_1_2_3_1;road_1_2_3_1;road_2_1_2_0;road_2_1_2_0;road_2_1_2_1;road_2_1_2_1;road_1_0_1_0;road_1_0_1_0;road_1_0_1_1;road_1_0_1_1;road_0_1_0_0;road_0_1_0_0;road_0_1_0_1;road_0_1_0_1,rrGGrrrrrrGGrrrr
389,intersection_1_1,road_1_2_3_0;road_1_2_3_0;road_1_2_3_1;road_1_2_3_1;road_2_1_2_0;road_2_1_2_0;road_2_1_2_1;road_2_1_2_1;road_1_0_1_0;road_1_0_1_0;road_1_0_1_1;road_1_0_1_1;road_0_1_0_0;road_0_1_0_0;road_0_1_0_1;road_0_1_0_1,rrGGrrrrrrGGrrrr
390,intersection_1_1,road_1_2_3_0;road_1_2_3_0;road_1_2_3_1;road_1_2_3_1;road_2_1_2_0;road_2_1_2_0;road_2_1_2_1;road_2_1_2_1;road_1_0_1_0;road_1_0_1_0;road_1_0_1_1;road_1_0_1_1;road_0_1_0_0;road_0_1_0_0;road_0_1_0_1;road_0_1_0_1,rrGGrrrrrrGGrrrr
390,intersection_1_1,road_1_2_3_0;road_1_2_3_0;road_1_2_3_1;road_1_2_3_1;road_2_1_2_0;road_2_1_2_0;road_2_1_2_1;road_2_1_2_1;road_1_0_1_0;road_1_0_1_0;road_1_0_1_1;road_1_0_1_1;road_0_1_0_0;road_0_1_0_0;road_0_1_0_1;road_0_1_0_1,rrGGrrrrrrGGrrrr
391,intersection_1_1,road_1_2_3_0;road_1_2_3_0;road_1_2_3_1;road_1_2_3_1;road_2_1_2_0;road_2_1_2_0;road_2_1_2_1;road_2_1_2_1;road_1_0_1_0;road_1_0_1_0;road_1_0_1_1;road_1_0_1_1;road_0_1_0_0;road_0_1_0_0;road_0_1_0_1;road_0_1_0_1,rrrrrrrrrrrrrrrr
392,intersection_1_1,road_1_2_3_0;road_1_2_3_0;road_1_2_3_1;road_1_2_3_1;road_2_1_2_0;road_2_1_2_0;road_2_1_2_1;road_2_1_2_1;road_1_0_1_0;road_1_0_1_0;road_1_0_1_1;road_1_0_1_1;road_0_1_0_0;road_0_1_0_0;road_0_1_0_1;road_0_1_0_1,rrrrrrrrrrrrrrrr
393,intersection_1_1,road_1_2_3_0;road_1_2_3_0;road_1_2_3_1;road_1_2_3_1;road_2_1_2_0;road_2_1_2_0;road_2_1_2_1;road_2_1_2_1;road_1_0_1_0;road_1_0_1_0;road_1_0_1_1;road_1_0_1_1;road_0_1_0_0;road_0_1_0_0;road_0_1_0_1;road_0_1_0_1,rrrrrrrrrrrrrrrr
394,intersection_1_1,road_1_2_3_0;road_1_2_3_0;road_1_2_3_1;road_1_2_3_1;road_2_1_2_0;road_2_1_2_0;road_2_1_2_1;road_2_1_2_1;road_1_0_1_0;road_1_0_1_0;road_1_0_1_1;road_1_0_1_1;road_0_1_0_0;road_0_1_0_0;road_0_1_0_1;road_0_1_0_1,rrrrrrrrrrrrrrrr
395,intersection_1_1,road_1_2_3_0;road_1_2_3_0;road_1_2_3_1;road_1_2_3_1;road_2_1_2_0;road_2_1_2_0;road_2_1_2_1;road_2_1_2_1;road_1_0_1_0;road_1_0_1_0;road_1_0_1_1;road_1_0_1_1;road_0_1_0_0;road_0_1_0_0;road_0_1_0_1;road_0_1_0_1,rrrrrrrrrrrrrrrr
396,intersection_1_1,road_1_2_3_0;road_1_2_3_0;road_1_2_3_1;road_1_2_3_1;road_2_1_2_0;road_2_1_2_0;road_2_1_2_1;road_2_1_2_1;road_1_0_1_0;road_1_0_1_0;road_1_0_1_1;road_1_0_1_1;road_0_1_0_0;road_0_1_0_0;road_0_1_0_1;road_0_1_0_1,rrrrrrrrrrrrGGGG
397,intersection_1_1,road_1_2_3_0;road_1_2_3_0;road_1_2_3_1;road_1_2_3_1;road_2_1_2_0;road_2_1_2_0;road_2_1_2_1;road_2_1_2_1;road_1_0_1_0;road_1_0_1_0;road_1_0_1_1;road_1_0_1_1;road_0_1_0_0;road_0_1_0_0;road_0_1_0_1;road_0_1_0_1,rrrrrrrrrrrrGGGG
398,intersection_1_1,road_1_2_3_0;road_1_2_3_0;road_1_2_3_1;road_1_2_3_1;road_2_1_2_0;road_2_1_2_0;road_2_1_2_1;road_2_1_2_1;road_1_0_1_0;road_1_0_1_0;road_1_0_1_1;road_1_0_1_1;road_0_1_0_0;road_0_1_0_0;road_0_1_0_1;road_0_1_0_1,rrrrrrrrrrrrGGGG
399,intersection_1_1,road_1_2_3_0;road_1_2_3_0;road_1_2_3_1;road_1_2_3_1;road_2_1_2_0;road_2_1_2_0;road_2_1_2_1;road_2_1_2_1;road_1_0_1_0;road_1_0_1_0;road_1_0_1_1;road_1_0_1_1;road_0_1_0_0;road_0_1_0_0;road_0_1_0_1;road_0_1_0_1,rrrrrrrrrrrrGGGG
400,intersection_1_1,road_1_2_3_0;road_1_2_3_0;road_1_2_3_1;road_1_2_3_1;road_2_1_2_0;road_2_1_2_0;road_2_1_2_1;road_2_1_2_1;road_1_0_1_0;road_1_0_1_0;road_1_0_1_1;road_1_0_1_1;road_0_1_0_0;road_0_1_0_0;road_0_1_0_1;road_0_1_0_1,rrrrrrrrrrrrGGGG
400,intersection_1_1,road_1_2_3_0;road_1_2_3_0;road_1_2_3_1;road_1_2_3_1;road_2_1_2_0;road_2_1_2_0;road_2_1_2_1;road_2_1_2_1;road_1_0_1_0;road_1_0_1_0;road_1_0_1_1;road_1_0_1_1;road_0_1_0_0;road_0_1_0_0;road_0_1_0_1;road_0_1_0_1,rrrrrrrrrrrrGGGG
401,intersection_1_1,road_1_2_3_0;road_1_2_3_0;road_1_2_3_1;road_1_2_3_1;road_2_1_2_0;road_2_1_2_0;road_2_1_2_1;road_2_1_2_1;road_1_0_1_0;road_1_0_1_0;road_1_0_1_1;road_1_0_1_1;road_0_1_0_0;road_0_1_0_0;road_0_1_0_1;road_0_1_0_1,rrrrrrrrrrrrGGGG
402,intersection_1_1,road_1_2_3_0;road_1_2_3_0;road_1_2_3_1;road_1_2_3_1;road_2_1_2_0;road_2_1_2_0;road_2_1_2_1;road_2_1_2_1;road_1_0_1_0;road_1_0_1_0;road_1_0_1_1;road_1_0_1_1;road_0_1_0_0;road_0_1_0_0;road_0_1_0_1;road_0_1_0_1,rrrrrrrrrrrrGGGG
403,intersection_1_1,road_1_2_3_0;road_1_2_3_0;road_1_2_3_1;road_1_2_3_1;road_2_1_2_0;road_2_1_2_0;road_2_1_2_1;road_2_1_2_1;road_1_0_1_0;road_1_0_1_0;road_1_0_1_1;road_1_0_1_1;road_0_1_0_0;road_0_1_0_0;road_0_1_0_1;road_0_1_0_1,rrrrrrrrrrrrGGGG
404,intersection_1_1,road_1_2_3_0;road_1_2_3_0;road_1_2_3_1;road_1_2_3_1;road_2_1_2_0;road_2_1_2_0;road_2_1_2_1;road_2_1_2_1;road_1_0_1_0;road_1_0_1_0;road_1_0_1_1;road_1_0_1_1;road_0_1_0_0;road_0_1_0_0;road_0_1_0_1;road_0_1_0_1,rrrrrrrrrrrrGGGG
405,intersection_1_1,road_1_2_3_0;road_1_2_3_0;road_1_2_3_1;road_1_2_3_1;road_2_1_2_0;road_2_1_2_0;road_2_1_2_1;road_2_1_2_1;road_1_0_1_0;road_1_0_1_0;road_1_0_1_1;road_1_0_1_1;road_0_1_0_0;road_0_1_0_0;road_0_1_0_1;road_0_1_0_1,rrrrrrrrrrrrGGGG
406,intersection_1_1,road_1_2_3_0;road_1_2_3_0;road_1_2_3_1;road_1_2_3_1;road_2_1_2_0;road_2_1_2_0;road_2_1_2_1;road_2_1_2_1;road_1_0_1_0;road_1_0_1_0;road_1_0_1_1;road_1_0_1_1;road_0_1_0_0;road_0_1_0_0;road_0_1_0_1;road_0_1_0_1,rrrrrrrrrrrrGGGG
407,intersection_1_1,road_1_2_3_0;road_1_2_3_0;road_1_2_3_1;road_1_2_3_1;road_2_1_2_0;road_2_1_2_0;road_2_1_2_1;road_2_1_2_1;road_1_0_1_0;road_1_0_1_0;road_1_0_1_1;road_1_0_1_1;road_0_1_0_0;road_0_1_0_0;road_0_1_0_1;road_0_1_0_1,rrrrrrrrrrrrGGGG
408,intersection_1_1,road_1_2_3_0;road_1_2_3_0;road_1_2_3_1;road_1_2_3_1;road_2_1_2_0;road_2_1_2_0;road_2_1_2_1;road_2_1_2_1;road_1_0_1_0;road_1_0_1_0;road_1_0_1_1;road_1_0_1_1;road_0_1_0_0;road_0_1_0_0;road_0_1_0_1;road_0_1_0_1,rrrrrrrrrrrrGGGG
409,intersection_1_1,road_1_2_3_0;road_1_2_3_0;road_1_2_3_1;road_1_2_3_1;road_2_1_2_0;road_2_1_2_0;road_2_1_2_1;road_2_1_2_1;road_1_0_1_0;road_1_0_1_0;road_1_0_1_1;road_1_0_1_1;road_0_1_0_0;road_0_1_0_0;road_0_1_0_1;road_0_1_0_1,rrrrrrrrrrrrGGGG
410,intersection_1_1,road_1_2_3_0;road_1_2_3_0;road_1_2_3_1;road_1_2_3_1;road_2_1_2_0;road_2_1_2_0;road_2_1_2_1;road_2_1_2_1;road_1_0_1_0;road_1_0_1_0;road_1_0_1_1;road_1_0_1_1;road_0_1_0_0;road_0_1_0_0;road_0_1_0_1;road_0_1_0_1,rrrrrrrrrrrrGGGG
410,intersection_1_1,road_1_2_3_0;road_1_2_3_0;road_1_2_3_1;road_1_2_3_1;road_2_1_2_0;road_2_1_2_0;road_2_1_2_1;road_2_1_2_1;road_1_0_1_0;road_1_0_1_0;road_1_0_1_1;road_1_0_1_1;road_0_1_0_0;road_0_1_0_0;road_0_1_0_1;road_0_1_0_1,rrrrrrrrrrrrGGGG
411,intersection_1_1,road_1_2_3_0;road_1_2_3_0;road_1_2_3_1;road_1_2_3_1;road_2_1_2_0;road_2_1_2_0;road_2_1_2_1;road_2_1_2_1;road_1_0_1_0;road_1_0_1_0;road_1_0_1_1;road_1_0_1_1;road_0_1_0_0;road_0_1_0_0;road_0_1_0_1;road_0_1_0_1,rrrrrrrrrrrrGGrr
412,intersection_1_1,road_1_2_3_0;road_1_2_3_0;road_1_2_3_1;road_1_2_3_1;road_2_1_2_0;road_2_1_2_0;road_2_1_2_1;road_2_1_2_1;road_1_0_1_0;road_1_0_1_0;road_1_0_1_1;road_1_0_1_1;road_0_1_0_0;road_0_1_0_0;road_0_1_0_1;road_0_1_0_1,rrrrrrrrrrrrGGrr
413,intersection_1_1,road_1_2_3_0;road_1_2_3_0;road_1_2_3_1;road_1_2_3_1;road_2_1_2_0;road_2_1_2_0;road_2_1_2_1;road_2_1_2_1;road_1_0_1_0;road_1_0_1_0;road_1_0_1_1;road_1_0_1_1;road_0_1_0_0;road_0_1_0_0;road_0_1_0_1;road_0_1_0_1,rrrrrrrrrrrrGGrr
414,intersection_1_1,road_1_2_3_0;road_1_2_3_0;road_1_2_3_1;road_1_2_3_1;road_2_1_2_0;road_2_1_2_0;road_2_1_2_1;road_2_1_2_1;road_1_0_1_0;road_1_0_1_0;road_1_0_1_1;road_1_0_1_1;road_0_1_0_0;road_0_1_0_0;road_0_1_0_1;road_0_1_0_1,rrrrrrrrrrrrGGrr
415,intersection_1_1,road_1_2_3_0;road_1_2_3_0;road_1_2_3_1;road_1_2_3_1;road_2_1_2_0;road_2_1_2_0;road_2_1_2_1;road_2_1_2_1;road_1_0_1_0;road_1_0_1_0;road_1_0_1_1;road_1_0_1_1;road_0_1_0_0;road_0_1_0_0;road_0_1_0_1;road_0_1_0_1,rrrrrrrrrrrrGGrr
416,intersection_1_1,road_1_2_3_0;road_1_2_3_0;road_1_2_3_1;road_1_2_3_1;road_2_1_2_0;road_2_1_2_0;road_2_1_2_1;road_2_1_2_1;road_1_0_1_0;road_1_0_1_0;road_1_0_1_1;road_1_0_1_1;road_0_1_0_0;road_0_1_0_0;road_0_1_0_1;road_0_1_0_1,rrrrGGrrrrrrGGrr
417,intersection_1_1,road_1_2_3_0;road_1_2_3_0;road_1_2_3_1;road_1_2_3_1;road_2_1_2_0;road_2_1_2_0;road_2_1_2_1;road_2_1_2_1;road_1_0_1_0;road_1_0_1_0;road_1_0_1_1;road_1_0_1_1;road_0_1_0_0;road_0_1_0_0;road_0_1_0_1;road_0_1_0_1,rrrrGGrrrrrrGGrr
418,intersection_1_1,road_1_2_3_0;road_1_2_3_0;road_1_2_3_1;road_1_2_3_1;road_2_1_2_0;road_2_1_2_0;road_2_1_2_1;road_2_1_2_1;road_1_0_1_0;road_1_0_1_0;road_1_0_1_1;road_1_0_1_1;road_0_1_0_0;road_0_1_0_0;road_0_1_0_1;road_0_1_0_1,rrrrGGrrrrrrGGrr
419,intersection_1_1,road_1_2_3_0;road_1_2_3_0;road_1_2_3_1;road_1_2_3_1;road_2_1_2_0;road_2_1_2_0;road_2_1_2_1;road_2_1_2_1;road_1_0_1_0;road_1_0_1_0;road_1_0_1_1;road_1_0_1_1;road_0_1_0_0;road_0_1_0_0;road_0_1_0_1;road_0_1_0_1,rrrrGGrrrrrrGGrr
420,intersection_1_1,road_1_2_3_0;road_1_2_3_0;road_1_2_3_1;road_1_2_3_1;road_2_1_2_0;road_2_1_2_0;road_2_1_2_1;road_2_1_2_1;road_1_0_1_0;road_1_0_1_0;road_1_0_1_1;road_1_0_1_1;road_0_1_0_0;road_0_1_0_0;road_0_1_0_1;road_0_1_0_1,rrrrGGrrrrrrGGrr
420,intersection_1_1,road_1_2_3_0;road_1_2_3_0;road_1_2_3_1;road_1_2_3_1;road_2_1_2_0;road_2_1_2_0;road_2_1_2_1;road_2_1_2_1;road_1_0_1_0;road_1_0_1_0;road_1_0_1_1;road_1_0_1_1;road_0_1_0_0;road_0_1_0_0;road_0_1_0_1;road_0_1_0_1,rrrrGGrrrrrrGGrr
421,intersection_1_1,road_1_2_3_0;road_1_2_3_0;road_1_2_3_1;road_1_2_3_1;road_2_1_2_0;road_2_1_2_0;road_2_1_2_1;road_2_1_2_1;road_1_0_1_0;road_1_0_1_0;road_1_0_1_1;road_1_0_1_1;road_0_1_0_0;road_0_1_0_0;road_0_1_0_1;road_0_1_0_1,rrrrGGrrrrrrGGrr
422,intersection_1_1,road_1_2_3_0;road_1_2_3_0;road_1_2_3_1;road_1_2_3_1;road_2_1_2_0;road_2_1_2_0;road_2_1_2_1;road_2_1_2_1;road_1_0_1_0;road_1_0_1_0;road_1_0_1_1;road_1_0_1_1;road_0_1_0_0;road_0_1_0_0;road_0_1_0_1;road_0_1_0_1,rrrrGGrrrrrrGGrr
423,intersection_1_1,road_1_2_3_0;road_1_2_3_0;road_1_2_3_1;road_1_2_3_1;road_2_1_2_0;road_2_1_2_0;road_2_1_2_1;road_2_1_2_1;road_1_0_1_0;road_1_0_1_0;road_1_0_1_1;road_1_0_1_1;road_0_1_0_0;road_0_1_0_0;road_0_1_0_1;road_0_1_0_1,rrrrGGrrrrrrGGrr
424,intersection_1_1,road_1_2_3_0;road_1_2_3_0;road_1_2_3_1;road_1_2_3_1;road_2_1_2_0;road_2_1_2_0;road_2_1_2_1;road_2_1_2_1;road_1_0_1_0;road_1_0_1_0;road_1_0_1_1;road_1_0_1_1;road_0_1_0_0;road_0_1_0_0;road_0_1_0_1;road_0_1_0_1,rrrrGGrrrrrrGGrr
425,intersection_1_1,road_1_2_3_0;road_1_2_3_0;road_1_2_3_1;road_1_2_3_1;road_2_1_2_0;road_2_1_2_0;road_2_1_2_1;road_2_1_2_1;road_1_0_1_0;road_1_0_1_0;road_1_0_1_1;road_1_0_1_1;road_0_1_0_0;road_0_1_0_0;road_0_1_0_1;road_0_1_0_1,rrrrGGrrrrrrGGrr
426,intersection_1_1,road_1_2_3_0;road_1_2_3_0;road_1_2_3_1;road_1_2_3_1;road_2_1_2_0;road_2_1_2_0;road_2_1_2_1;road_2_1_2_1;road_1_0_1_0;road_1_0_1_0;road_1_0_1_1;road_1_0_1_1;road_0_1_0_0;road_0_1_0_0;road_0_1_0_1;road_0_1_0_1,rrrrGGrrrrrrGGrr
427,intersection_1_1,road_1_2_3_0;road_1_2_3_0;road_1_2_3_1;road_1_2_3_1;road_2_1_2_0;road_2_1_2_0;road_2_1_2_1;road_2_1_2_1;road_1_0_1_0;road_1_0_1_0;road_1_0_1_1;road_1_0_1_1;road_0_1_0_0;road_0_1_0_0;road_0_1_0_1;road_0_1_0_1,rrrrGGrrrrrrGGrr
428,intersection_1_1,road_1_2_3_0;road_1_2_3_0;road_1_2_3_1;road_1_2_3_1;road_2_1_2_0;road_2_1_2_0;road_2_1_2_1;road_2_1_2_1;road_1_0_1_0;road_1_0_1_0;road_1_0_1_1;road_1_0_1_1;road_0_1_0_0;road_0_1_0_0;road_0_1_0_1;road_0_1_0_1,rrrrGGrrrrrrGGrr
429,intersection_1_1,road_1_2_3_0;road_1_2_3_0;road_1_2_3_1;road_1_2_3_1;road_2_1_2_0;road_2_1_2_0;road_2_1_2_1;road_2_1_2_1;road_1_0_1_0;road_1_0_1_0;road_1_0_1_1;road_1_0_1_1;road_0_1_0_0;road_0_1_0_0;road_0_1_0_1;road_0_1_0_1,rrrrGGrrrrrrGGrr
430,intersection_1_1,road_1_2_3_0;road_1_2_3_0;road_1_2_3_1;road_1_2_3_1;road_2_1_2_0;road_2_1_2_0;road_2_1_2_1;road_2_1_2_1;road_1_0_1_0;road_1_0_1_0;road_1_0_1_1;road_1_0_1_1;road_0_1_0_0;road_0_1_0_0;road_0_1_0_1;road_0_1_0_1,rrrrGGrrrrrrGGrr
430,intersection_1_1,road_1_2_3_0;road_1_2_3_0;road_1_2_3_1;road_1_2_3_1;road_2_1_2_0;road_2_1_2_0;road_2_1_2_1;road_2_1_2_1;road_1_0_1_0;road_1_0_1_0;road_1_0_1_1;road_1_0_1_1;road_0_1_0_0;road_0_1_0_0;road_0_1_0_1;road_0_1_0_1,rrrrGGrrrrrrGGrr
431,intersection_1_1,road_1_2_3_0;road_1_2_3_0;road_1_2_3_1;road_1_2_3_1;road_2_1_2_0;road_2_1_2_0;road_2_1_2_1;road_2_1_2_1;road_1_0_1_0;road_1_0_1_0;road_1_0_1_1;road_1_0_1_1;road_0_1_0_0;road_0_1_0_0;road_0_1_0_1;road_0_1_0_1,rrrrGGrrrrrrGGrr
432,intersection_1_1,road_1_2_3_0;road_1_2_3_0;road_1_2_3_1;road_1_2_3_1;road_2_1_2_0;road_2_1_2_0;road_2_1_2_1;road_2_1_2_1;road_1_0_1_0;road_1_0_1_0;road_1_0_1_1;road_1_0_1_1;road_0_1_0_0;road_0_1_0_0;road_0_1_0_1;road_0_1_0_1,rrrrGGrrrrrrGGrr
433,intersection_1_1,road_1_2_3_0;road_1_2_3_0;road_1_2_3_1;road_1_2_3_1;road_2_1_2_0;road_2_1_2_0;road_2_1_2_1;road_2_1_2_1;road_1_0_1_0;road_1_0_1_0;road_1_0_1_1;road_1_0_1_1;road_0_1_0_0;road_0_1_0_0;road_0_1_0_1;road_0_1_0_1,rrrrGGrrrrrrGGrr
434,intersection_1_1,road_1_2_3_0;road_1_2_3_0;road_1_2_3_1;road_1_2_3_1;road_2_1_2_0;road_2_1_2_0;road_2_1_2_1;road_2_1_2_1;road_1_0_1_0;road_1_0_1_0;road_1_0_1_1;road_1_0_1_1;road_0_1_0_0;road_0_1_0_0;road_0_1_0_1;road_0_1_0_1,rrrrGGrrrrrrGGrr
435,intersection_1_1,road_1_2_3_0;road_1_2_3_0;road_1_2_3_1;road_1_2_3_1;road_2_1_2_0;road_2_1_2_0;road_2_1_2_1;road_2_1_2_1;road_1_0_1_0;road_1_0_1_0;road_1_0_1_1;road_1_0_1_1;road_0_1_0_0;road_0_1_0_0;road_0_1_0_1;road_0_1_0_1,rrrrGGrrrrrrGGrr
436,intersection_1_1,road_1_2_3_0;road_1_2_3_0;road_1_2_3_1;road_1_2_3_1;road_2_1_2_0;road_2_1_2_0;road_2_1_2_1;road_2_1_2_1;road_1_0_1_0;road_1_0_1_0;road_1_0_1_1;road_1_0_1_1;road_0_1_0_0;road_0_1_0_0;road_0_1_0_1;road_0_1_0_1,rrrrGGrrrrrrGGrr
437,intersection_1_1,road_1_2_3_0;road_1_2_3_0;road_1_2_3_1;road_1_2_3_1;road_2_1_2_0;road_2_1_2_0;road_2_1_2_1;road_2_1_2_1;road_1_0_1_0;road_1_0_1_0;road_1_0_1_1;road_1_0_1_1;road_0_1_0_0;road_0_1_0_0;road_0_1_0_1;road_0_1_0_1,rrrrGGrrrrrrGGrr
438,intersection_1_1,road_1_2_3_0;road_1_2_3_0;road_1_2_3_1;road_1_2_3_1;road_2_1_2_0;road_2_1_2_0;road_2_1_2_1;road_2_1_2_1;road_1_0_1_0;road_1_0_1_0;road_1_0_1_1;road_1_0_1_1;road_0_1_0_0;road_0_1_0_0;road_0_1_0_1;road_0_1_0_1,rrrrGGrrrrrrGGrr
439,intersection_1_1,road_1_2_3_0;road_1_2_3_0;road_1_2_3_1;road_1_2_3_1;road_2_1_2_0;road_2_1_2_0;road_2_1_2_1;road_2_1_2_1;road_1_0_1_0;road_1_0_1_0;road_1_0_1_1;road_1_0_1_1;road_0_1_0_0;road_0_1_0_0;road_0_1_0_1;road_0_1_0_1,rrrrGGrrrrrrGGrr
440,intersection_1_1,road_1_2_3_0;road_1_2_3_0;road_1_2_3_1;road_1_2_3_1;road_2_1_2_0;road_2_1_2_0;road_2_1_2_1;road_2_1_2_1;road_1_0_1_0;road_1_0_1_0;road_1_0_1_1;road_1_0_1_1;road_0_1_0_0;road_0_1_0_0;road_0_1_0_1;road_0_1_0_1,rrrrGGrrrrrrGGrr
440,intersection_1_1,road_1_2_3_0;road_1_2_3_0;road_1_2_3_1;road_1_2_3_1;road_2_1_2_0;road_2_1_2_0;road_2_1_2_1;road_2_1_2_1;road_1_0_1_0;road_1_0_1_0;road_1_0_1_1;road_1_0_1_1;road_0_1_0_0;road_0_1_0_0;road_0_1_0_1;road_0_1_0_1,rrrrGGrrrrrrGGrr
441,intersection_1_1,road_1_2_3_0;road_1_2_3_0;road_1_2_3_1;road_1_2_3_1;road_2_1_2_0;road_2_1_2_0;road_2_1_2_1;road_2_1_2_1;road_1_0_1_0;road_1_0_1_0;road_1_0_1_1;road_1_0_1_1;road_0_1_0_0;road_0_1_0_0;road_0_1_0_1;road_0_1_0_1,rrrrGGrrrrrrGGrr
442,intersection_1_1,road_1_2_3_0;road_1_2_3_0;road_1_2_3_1;road_1_2_3_1;road_2_1_2_0;road_2_1_2_0;road_2_1_2_1;road_2_1_2_1;road_1_0_1_0;road_1_0_1_0;road_1_0_1_1;road_1_0_1_1;road_0_1_0_0;road_0_1_0_0;road_0_1_0_1;road_0_1_0_1,rrrrGGrrrrrrGGrr
443,intersection_1_1,road_1_2_3_0;road_1_2_3_0;road_1_2_3_1;road_1_2_3_1;road_2_1_2_0;road_2_1_2_0;road_2_1_2_1;road_2_1_2_1;road_1_0_1_0;road_1_0_1_0;road_1_0_1_1;road_1_0_1_1;road_0_1_0_0;road_0_1_0_0;road_0_1_0_1;road_0_1_0_1,rrrrGGrrrrrrGGrr
444,intersection_1_1,road_1_2_3_0;road_1_2_3_0;road_1_2_3_1;road_1_2_3_1;road_2_1_2_0;road_2_1_2_0;road_2_1_2_1;road_2_1_2_1;road_1_0_1_0;road_1_0_1_0;road_1_0_1_1;road_1_0_1_1;road_0_1_0_0;road_0_1_0_0;road_0_1_0_1;road_0_1_0_1,rrrrGGrrrrrrGGrr
445,intersection_1_1,road_1_2_3_0;road_1_2_3_0;road_1_2_3_1;road_1_2_3_1;road_2_1_2_0;road_2_1_2_0;road_2_1_2_1;road_2_1_2_1;road_1_0_1_0;road_1_0_1_0;road_1_0_1_1;road_1_0_1_1;road_0_1_0_0;road_0_1_0_0;road_0_1_0_1;road_0_1_0_1,rrrrGGrrrrrrGGrr
446,intersection_1_1,road_1_2_3_0;road_1_2_3_0;road_1_2_3_1;road_1_2_3_1;road_2_1_2_0;road_2_1_2_0;road_2_1_2_1;road_2_1_2_1;road_1_0_1_0;road_1_0_1_0;road_1_0_1_1;road_1_0_1_1;road_0_1_0_0;road_0_1_0_0;road_0_1_0_1;road_0_1_0_1,rrrrGGrrrrrrGGrr
447,intersection_1_1,road_1_2_3_0;road_1_2_3_0;road_1_2_3_1;road_1_2_3_1;road_2_1_2_0;road_2_1_2_0;road_2_1_2_1;road_2_1_2_1;road_1_0_1_0;road_1_0_1_0;road_1_0_1_1;road_1_0_1_1;road_0_1_0_0;road_0_1_0_0;road_0_1_0_1;road_0_1_0_1,rrrrGGrrrrrrGGrr
448,intersection_1_1,road_1_2_3_0;road_1_2_3_0;road_1_2_3_1;road_1_2_3_1;road_2_1_2_0;road_2_1_2_0;road_2_1_2_1;road_2_1_2_1;road_1_0_1_0;road_1_0_1_0;road_1_0_1_1;road_1_0_1_1;road_0_1_0_0;road_0_1_0_0;road_0_1_0_1;road_0_1_0_1,rrrrGGrrrrrrGGrr
449,intersection_1_1,road_1_2_3_0;road_1_2_3_0;road_1_2_3_1;road_1_2_3_1;road_2_1_2_0;road_2_1_2_0;road_2_1_2_1;road_2_1_2_1;road_1_0_1_0;road_1_0_1_0;road_1_0_1_1;road_1_0_1_1;road_0_1_0_0;road_0_1_0_0;road_0_1_0_1;road_0_1_0_1,rrrrGGrrrrrrGGrr
450,intersection_1_1,road_1_2_3_0;road_1_2_3_0;road_1_2_3_1;road_1_2_3_1;road_2_1_2_0;road_2_1_2_0;road_2_1_2_1;road_2_1_2_1;road_1_0_1_0;road_1_0_1_0;road_1_0_1_1;road_1_0_1_1;road_0_1_0_0;road_0_1_0_0;road_0_1_0_1;road_0_1_0_1,rrrrGGrrrrrrGGrr
450,intersection_1_1,road_1_2_3_0;road_1_2_3_0;road_1_2_3_1;road_1_2_3_1;road_2_1_2_0;road_2_1_2_0;road_2_1_2_1;road_2_1_2_1;road_1_0_1_0;road_1_0_1_0;road_1_0_1_1;road_1_0_1_1;road_0_1_0_0;road_0_1_0_0;road_0_1_0_1;road_0_1_0_1,rrrrGGrrrrrrGGrr
451,intersection_1_1,road_1_2_3_0;road_1_2_3_0;road_1_2_3_1;road_1_2_3_1;road_2_1_2_0;road_2_1_2_0;road_2_1_2_1;road_2_1_2_1;road_1_0_1_0;road_1_0_1_0;road_1_0_1_1;road_1_0_1_1;road_0_1_0_0;road_0_1_0_0;road_0_1_0_1;road_0_1_0_1,rrrrGGrrrrrrGGrr
452,intersection_1_1,road_1_2_3_0;road_1_2_3_0;road_1_2_3_1;road_1_2_3_1;road_2_1_2_0;road_2_1_2_0;road_2_1_2_1;road_2_1_2_1;road_1_0_1_0;road_1_0_1_0;road_1_0_1_1;road_1_0_1_1;road_0_1_0_0;road_0_1_0_0;road_0_1_0_1;road_0_1_0_1,rrrrGGrrrrrrGGrr
453,intersection_1_1,road_1_2_3_0;road_1_2_3_0;road_1_2_3_1;road_1_2_3_1;road_2_1_2_0;road_2_1_2_0;road_2_1_2_1;road_2_1_2_1;road_1_0_1_0;road_1_0_1_0;road_1_0_1_1;road_1_0_1_1;road_0_1_0_0;road_0_1_0_0;road_0_1_0_1;road_0_1_0_1,rrrrGGrrrrrrGGrr
454,intersection_1_1,road_1_2_3_0;road_1_2_3_0;road_1_2_3_1;road_1_2_3_1;road_2_1_2_0;road_2_1_2_0;road_2_1_2_1;road_2_1_2_1;road_1_0_1_0;road_1_0_1_0;road_1_0_1_1;road_1_0_1_1;road_0_1_0_0;road_0_1_0_0;road_0_1_0_1;road_0_1_0_1,rrrrGGrrrrrrGGrr
455,intersection_1_1,road_1_2_3_0;road_1_2_3_0;road_1_2_3_1;road_1_2_3_1;road_2_1_2_0;road_2_1_2_0;road_2_1_2_1;road_2_1_2_1;road_1_0_1_0;road_1_0_1_0;road_1_0_1_1;road_1_0_1_1;road_0_1_0_0;road_0_1_0_0;road_0_1_0_1;road_0_1_0_1,rrrrGGrrrrrrGGrr
456,intersection_1_1,road_1_2_3_0;road_1_2_3_0;road_1_2_3_1;road_1_2_3_1;road_2_1_2_0;road_2_1_2_0;road_2_1_2_1;road_2_1_2_1;road_1_0_1_0;road_1_0_1_0;road_1_0_1_1;road_1_0_1_1;road_0_1_0_0;road_0_1_0_0;road_0_1_0_1;road_0_1_0_1,rrrrGGrrrrrrGGrr
457,intersection_1_1,road_1_2_3_0;road_1_2_3_0;road_1_2_3_1;road_1_2_3_1;road_2_1_2_0;road_2_1_2_0;road_2_1_2_1;road_2_1_2_1;road_1_0_1_0;road_1_0_1_0;road_1_0_1_1;road_1_0_1_1;road_0_1_0_0;road_0_1_0_0;road_0_1_0_1;road_0_1_0_1,rrrrGGrrrrrrGGrr
458,intersection_1_1,road_1_2_3_0;road_1_2_3_0;road_1_2_3_1;road_1_2_3_1;road_2_1_2_0;road_2_1_2_0;road_2_1_2_1;road_2_1_2_1;road_1_0_1_0;road_1_0_1_0;road_1_0_1_1;road_1_0_1_1;road_0_1_0_0;road_0_1_0_0;road_0_1_0_1;road_0_1_0_1,rrrrGGrrrrrrGGrr
459,intersection_1_1,road_1_2_3_0;road_1_2_3_0;road_1_2_3_1;road_1_2_3_1;road_2_1_2_0;road_2_1_2_0;road_2_1_2_1;road_2_1_2_1;road_1_0_1_0;road_1_0_1_0;road_1_0_1_1;road_1_0_1_1;road_0_1_0_0;road_0_1_0_0;road_0_1_0_1;road_0_1_0_1,rrrrGGrrrrrrGGrr
460,intersection_1_1,road_1_2_3_0;road_1_2_3_0;road_1_2_3_1;road_1_2_3_1;road_2_1_2_0;road_2_1_2_0;road_2_1_2_1;road_2_1_2_1;road_1_0_1_0;road_1_0_1_0;road_1_0_1_1;road_1_0_1_1;road_0_1_0_0;road_0_1_0_0;road_0_1_0_1;road_0_1_0_1,rrrrGGrrrrrrGGrr
460,intersection_1_1,road_1_2_3_0;road_1_2_3_0;road_1_2_3_1;road_1_2_3_1;road_2_1_2_0;road_2_1_2_0;road_2_1_2_1;road_2_1_2_1;road_1_0_1_0;road_1_0_1_0;road_1_0_1_1;road_1_0_1_1;road_0_1_0_0;road_0_1_0_0;road_0_1_0_1;road_0_1_0_1,rrrrGGrrrrrrGGrr
461,intersection_1_1,road_1_2_3_0;road_1_2_3_0;road_1_2_3_1;road_1_2_3_1;road_2_1_2_0;road_2_1_2_0;road_2_1_2_1;road_2_1_2_1;road_1_0_1_0;road_1_0_1_0;road_1_0_1_1;road_1_0_1_1;road_0_1_0_0;road_0_1_0_0;road_0_1_0_1;road_0_1_0_1,rrrrGGrrrrrrGGrr
462,intersection_1_1,road_1_2_3_0;road_1_2_3_0;road_1_2_3_1;road_1_2_3_1;road_2_1_2_0;road_2_1_2_0;road_2_1_2_1;road_2_1_2_1;road_1_0_1_0;road_1_0_1_0;road_1_0_1_1;road_1_0_1_1;road_0_1_0_0;road_0_1_0_0;road_0_1_0_1;road_0_1_0_1,rrrrGGrrrrrrGGrr
463,intersection_1_1,road_1_2_3_0;road_1_2_3_0;road_1_2_3_1;road_1_2_3_1;road_2_1_2_0;road_2_1_2_0;road_2_1_2_1;road_2_1_2_1;road_1_0_1_0;road_1_0_1_0;road_1_0_1_1;road_1_0_1_1;road_0_1_0_0;road_0_1_0_0;road_0_1_0_1;road_0_1_0_1,rrrrGGrrrrrrGGrr
464,intersection_1_1,road_1_2_3_0;road_1_2_3_0;road_1_2_3_1;road_1_2_3_1;road_2_1_2_0;road_2_1_2_0;road_2_1_2_1;road_2_1_2_1;road_1_0_1_0;road_1_0_1_0;road_1_0_1_1;road_1_0_1_1;road_0_1_0_0;road_0_1_0_0;road_0_1_0_1;road_0_1_0_1,rrrrGGrrrrrrGGrr
465,intersection_1_1,road_1_2_3_0;road_1_2_3_0;road_1_2_3_1;road_1_2_3_1;road_2_1_2_0;road_2_1_2_0;road_2_1_2_1;road_2_1_2_1;road_1_0_1_0;road_1_0_1_0;road_1_0_1_1;road_1_0_1_1;road_0_1_0_0;road_0_1_0_0;road_0_1_0_1;road_0_1_0_1,rrrrGGrrrrrrGGrr
466,intersection_1_1,road_1_2_3_0;road_1_2_3_0;road_1_2_3_1;road_1_2_3_1;road_2_1_2_0;road_2_1_2_0;road_2_1_2_1;road_2_1_2_1;road_1_0_1_0;road_1_0_1_0;road_1_0_1_1;road_1_0_1_1;road_0_1_0_0;road_0_1_0_0;road_0_1_0_1;road_0_1_0_1,rrrrGGrrrrrrGGrr
467,intersection_1_1,road_1_2_3_0;road_1_2_3_0;road_1_2_3_1;road_1_2_3_1;road_2_1_2_0;road_2_1_2_0;road_2_1_2_1;road_2_1_2_1;road_1_0_1_0;road_1_0_1_0;road_1_0_1_1;road_1_0_1_1;road_0_1_0_0;road_0_1_0_0;road_0_1_0_1;road_0_1_0_1,rrrrGGrrrrrrGGrr
468,intersection_1_1,road_1_2_3_0;road_1_2_3_0;road_1_2_3_1;road_1_2_3_1;road_2_1_2_0;road_2_1_2_0;road_2_1_2_1;road_2_1_2_1;road_1_0_1_0;road_1_0_1_0;road_1_0_1_1;road_1_0_1_1;road_0_1_0_0;road_0_1_0_0;road_0_1_0_1;road_0_1_0_1,rrrrGGrrrrrrGGrr
469,intersection_1_1,road_1_2_3_0;road_1_2_3_0;road_1_2_3_1;road_1_2_3_1;road_2_1_2_0;road_2_1_2_0;road_2_1_2_1;road_2_1_2_1;road_1_0_1_0;road_1_0_1_0;road_1_0_1_1;road_1_0_1_1;road_0_1_0_0;road_0_1_0_0;road_0_1_0_1;road_0_1_0_1,rrrrGGrrrrrrGGrr
470,intersection_1_1,road_1_2_3_0;road_1_2_3_0;road_1_2_3_1;road_1_2_3_1;road_2_1_2_0;road_2_1_2_0;road_2_1_2_1;road_2_1_2_1;road_1_0_1_0;road_1_0_1_0;road_1_0_1_1;road_1_0_1_1;road_0_1_0_0;road_0_1_0_0;road_0_1_0_1;road_0_1_0_1,rrrrGGrrrrrrGGrr
470,intersection_1_1,road_1_2_3_0;road_1_2_3_0;road_1_2_3_1;road_1_2_3_1;road_2_1_2_0;road_2_1_2_0;road_2_1_2_1;road_2_1_2_1;road_1_0_1_0;road_1_0_1_0;road_1_0_1_1;road_1_0_1_1;road_0_1_0_0;road_0_1_0_0;road_0_1_0_1;road_0_1_0_1,rrrrGGrrrrrrGGrr
471,intersection_1_1,road_1_2_3_0;road_1_2_3_0;road_1_2_3_1;road_1_2_3_1;road_2_1_2_0;road_2_1_2_0;road_2_1_2_1;road_2_1_2_1;road_1_0_1_0;road_1_0_1_0;road_1_0_1_1;road_1_0_1_1;road_0_1_0_0;road_0_1_0_0;road_0_1_0_1;road_0_1_0_1,rrrrrrrrrrrrrrrr
472,intersection_1_1,road_1_2_3_0;road_1_2_3_0;road_1_2_3_1;road_1_2_3_1;road_2_1_2_0;road_2_1_2_0;road_2_1_2_1;road_2_1_2_1;road_1_0_1_0;road_1_0_1_0;road_1_0_1_1;road_1_0_1_1;road_0_1_0_0;road_0_1_0_0;road_0_1_0_1;road_0_1_0_1,rrrrrrrrrrrrrrrr
473,intersection_1_1,road_1_2_3_0;road_1_2_3_0;road_1_2_3_1;road_1_2_3_1;road_2_1_2_0;road_2_1_2_0;road_2_1_2_1;road_2_1_2_1;road_1_0_1_0;road_1_0_1_0;road_1_0_1_1;road_1_0_1_1;road_0_1_0_0;road_0_1_0_0;road_0_1_0_1;road_0_1_0_1,rrrrrrrrrrrrrrrr
474,intersection_1_1,road_1_2_3_0;road_1_2_3_0;road_1_2_3_1;road_1_2_3_1;road_2_1_2_0;road_2_1_2_0;road_2_1_2_1;road_2_1_2_1;road_1_0_1_0;road_1_0_1_0;road_1_0_1_1;road_1_0_1_1;road_0_1_0_0;road_0_1_0_0;road_0_1_0_1;road_0_1_0_1,rrrrrrrrrrrrrrrr
475,intersection_1_1,road_1_2_3_0;road_1_2_3_0;road_1_2_3_1;road_1_2_3_1;road_2_1_2_0;road_2_1_2_0;road_2_1_2_1;road_2_1_2_1;road_1_0_1_0;road_1_0_1_0;road_1_0_1_1;road_1_0_1_1;road_0_1_0_0;road_0_1_0_0;road_0_1_0_1;road_0_1_0_1,rrrrrrrrrrrrrrrr
476,intersection_1_1,road_1_2_3_0;road_1_2_3_0;road_1_2_3_1;road_1_2_3_1;road_2_1_2_0;road_2_1_2_0;road_2_1_2_1;road_2_1_2_1;road_1_0_1_0;road_1_0_1_0;road_1_0_1_1;road_1_0_1_1;road_0_1_0_0;road_0_1_0_0;road_0_1_0_1;road_0_1_0_1,rrGGrrrrrrGGrrrr
477,intersection_1_1,road_1_2_3_0;road_1_2_3_0;road_1_2_3_1;road_1_2_3_1;road_2_1_2_0;road_2_1_2_0;road_2_1_2_1;road_2_1_2_1;road_1_0_1_0;road_1_0_1_0;road_1_0_1_1;road_1_0_1_1;road_0_1_0_0;road_0_1_0_0;road_0_1_0_1;road_0_1_0_1,rrGGrrrrrrGGrrrr
478,intersection_1_1,road_1_2_3_0;road_1_2_3_0;road_1_2_3_1;road_1_2_3_1;road_2_1_2_0;road_2_1_2_0;road_2_1_2_1;road_2_1_2_1;road_1_0_1_0;road_1_0_1_0;road_1_0_1_1;road_1_0_1_1;road_0_1_0_0;road_0_1_0_0;road_0_1_0_1;road_0_1_0_1,rrGGrrrrrrGGrrrr
479,intersection_1_1,road_1_2_3_0;road_1_2_3_0;road_1_2_3_1;road_1_2_3_1;road_2_1_2_0;road_2_1_2_0;road_2_1_2_1;road_2_1_2_1;road_1_0_1_0;road_1_0_1_0;road_1_0_1_1;road_1_0_1_1;road_0_1_0_0;road_0_1_0_0;road_0_1_0_1;road_0_1_0_1,rrGGrrrrrrGGrrrr
480,intersection_1_1,road_1_2_3_0;road_1_2_3_0;road_1_2_3_1;road_1_2_3_1;road_2_1_2_0;road_2_1_2_0;road_2_1_2_1;road_2_1_2_1;road_1_0_1_0;road_1_0_1_0;road_1_0_1_1;road_1_0_1_1;road_0_1_0_0;road_0_1_0_0;road_0_1_0_1;road_0_1_0_1,rrGGrrrrrrGGrrrr
480,intersection_1_1,road_1_2_3_0;road_1_2_3_0;road_1_2_3_1;road_1_2_3_1;road_2_1_2_0;road_2_1_2_0;road_2_1_2_1;road_2_1_2_1;road_1_0_1_0;road_1_0_1_0;road_1_0_1_1;road_1_0_1_1;road_0_1_0_0;road_0_1_0_0;road_0_1_0_1;road_0_1_0_1,rrGGrrrrrrGGrrrr
481,intersection_1_1,road_1_2_3_0;road_1_2_3_0;road_1_2_3_1;road_1_2_3_1;road_2_1_2_0;road_2_1_2_0;road_2_1_2_1;road_2_1_2_1;road_1_0_1_0;road_1_0_1_0;road_1_0_1_1;road_1_0_1_1;road_0_1_0_0;road_0_1_0_0;road_0_1_0_1;road_0_1_0_1,rrGGrrrrrrGGrrrr
482,intersection_1_1,road_1_2_3_0;road_1_2_3_0;road_1_2_3_1;road_1_2_3_1;road_2_1_2_0;road_2_1_2_0;road_2_1_2_1;road_2_1_2_1;road_1_0_1_0;road_1_0_1_0;road_1_0_1_1;road_1_0_1_1;road_0_1_0_0;road_0_1_0_0;road_0_1_0_1;road_0_1_0_1,rrGGrrrrrrGGrrrr
483,intersection_1_1,road_1_2_3_0;road_1_2_3_0;road_1_2_3_1;road_1_2_3_1;road_2_1_2_0;road_2_1_2_0;road_2_1_2_1;road_2_1_2_1;road_1_0_1_0;road_1_0_1_0;road_1_0_1_1;road_1_0_1_1;road_0_1_0_0;road_0_1_0_0;road_0_1_0_1;road_0_1_0_1,rrGGrrrrrrGGrrrr
484,intersection_1_1,road_1_2_3_0;road_1_2_3_0;road_1_2_3_1;road_1_2_3_1;road_2_1_2_0;road_2_1_2_0;road_2_1_2_1;road_2_1_2_1;road_1_0_1_0;road_1_0_1_0;road_1_0_1_1;road_1_0_1_1;road_0_1_0_0;road_0_1_0_0;road_0_1_0_1;road_0_1_0_1,rrGGrrrrrrGGrrrr
485,intersection_1_1,road_1_2_3_0;road_1_2_3_0;road_1_2_3_1;road_1_2_3_1;road_2_1_2_0;road_2_1_2_0;road_2_1_2_1;road_2_1_2_1;road_1_0_1_0;road_1_0_1_0;road_1_0_1_1;road_1_0_1_1;road_0_1_0_0;road_0_1_0_0;road_0_1_0_1;road_0_1_0_1,rrGGrrrrrrGGrrrr
486,intersection_1_1,road_1_2_3_0;road_1_2_3_0;road_1_2_3_1;road_1_2_3_1;road_2_1_2_0;road_2_1_2_0;road_2_1_2_1;road_2_1_2_1;road_1_0_1_0;road_1_0_1_0;road_1_0_1_1;road_1_0_1_1;road_0_1_0_0;road_0_1_0_0;road_0_1_0_1;road_0_1_0_1,rrGGrrrrrrGGrrrr
487,intersection_1_1,road_1_2_3_0;road_1_2_3_0;road_1_2_3_1;road_1_2_3_1;road_2_1_2_0;road_2_1_2_0;road_2_1_2_1;road_2_1_2_1;road_1_0_1_0;road_1_0_1_0;road_1_0_1_1;road_1_0_1_1;road_0_1_0_0;road_0_1_0_0;road_0_1_0_1;road_0_1_0_1,rrGGrrrrrrGGrrrr
488,intersection_1_1,road_1_2_3_0;road_1_2_3_0;road_1_2_3_1;road_1_2_3_1;road_2_1_2_0;road_2_1_2_0;road_2_1_2_1;road_2_1_2_1;road_1_0_1_0;road_1_0_1_0;road_1_0_1_1;road_1_0_1_1;road_0_1_0_0;road_0_1_0_0;road_0_1_0_1;road_0_1_0_1,rrGGrrrrrrGGrrrr
489,intersection_1_1,road_1_2_3_0;road_1_2_3_0;road_1_2_3_1;road_1_2_3_1;road_2_1_2_0;road_2_1_2_0;road_2_1_2_1;road_2_1_2_1;road_1_0_1_0;road_1_0_1_0;road_1_0_1_1;road_1_0_1_1;road_0_1_0_0;road_0_1_0_0;road_0_1_0_1;road_0_1_0_1,rrGGrrrrrrGGrrrr
490,intersection_1_1,road_1_2_3_0;road_1_2_3_0;road_1_2_3_1;road_1_2_3_1;road_2_1_2_0;road_2_1_2_0;road_2_1_2_1;road_2_1_2_1;road_1_0_1_0;road_1_0_1_0;road_1_0_1_1;road_1_0_1_1;road_0_1_0_0;road_0_1_0_0;road_0_1_0_1;road_0_1_0_1,rrGGrrrrrrGGrrrr
490,intersection_1_1,road_1_2_3_0;road_1_2_3_0;road_1_2_3_1;road_1_2_3_1;road_2_1_2_0;road_2_1_2_0;road_2_1_2_1;road_2_1_2_1;road_1_0_1_0;road_1_0_1_0;road_1_0_1_1;road_1_0_1_1;road_0_1_0_0;road_0_1_0_0;road_0_1_0_1;road_0_1_0_1,rrGGrrrrrrGGrrrr
491,intersection_1_1,road_1_2_3_0;road_1_2_3_0;road_1_2_3_1;road_1_2_3_1;road_2_1_2_0;road_2_1_2_0;road_2_1_2_1;road_2_1_2_1;road_1_0_1_0;road_1_0_1_0;road_1_0_1_1;road_1_0_1_1;road_0_1_0_0;road_0_1_0_0;road_0_1_0_1;road_0_1_0_1,rrGGrrrrrrrrrrrr
492,intersection_1_1,road_1_2_3_0;road_1_2_3_0;road_1_2_3_1;road_1_2_3_1;road_2_1_2_0;road_2_1_2_0;road_2_1_2_1;road_2_1_2_1;road_1_0_1_0;road_1_0_1_0;road_1_0_1_1;road_1_0_1_1;road_0_1_0_0;road_0_1_0_0;road_0_1_0_1;road_0_1_0_1,rrGGrrrrrrrrrrrr
493,intersection_1_1,road_1_2_3_0;road_1_2_3_0;road_1_2_3_1;road_1_2_3_1;road_2_1_2_0;road_2_1_2_0;road_2_1_2_1;road_2_1_2_1;road_1_0_1_0;road_1_0_1_0;road_1_0_1_1;road_1_0_1_1;road_0_1_0_0;road_0_1_0_0;road_0_1_0_1;road_0_1_0_1,rrGGrrrrrrrrrrrr
494,intersection_1_1,road_1_2_3_0;road_1_2_3_0;road_1_2_3_1;road_1_2_3_1;road_2_1_2_0;road_2_1_2_0;road_2_1_2_1;road_2_1_2_1;road_1_0_1_0;road_1_0_1_0;road_1_0_1_1;road_1_0_1_1;road_0_1_0_0;road_0_1_0_0;road_0_1_0_1;road_0_1_0_1,rrGGrrrrrrrrrrrr
495,intersection_1_1,road_1_2_3_0;road_1_2_3_0;road_1_2_3_1;road_1_2_3_1;road_2_1_2_0;road_2_1_2_0;road_2_1_2_1;road_2_1_2_1;road_1_0_1_0;road_1_0_1_0;road_1_0_1_1;road_1_0_1_1;road_0_1_0_0;road_0_1_0_0;road_0_1_0_1;road_0_1_0_1,rrGGrrrrrrrrrrrr
496,intersection_1_1,road_1_2_3_0;road_1_2_3_0;road_1_2_3_1;road_1_2_3_1;road_2_1_2_0;road_2_1_2_0;road_2_1_2_1;road_2_1_2_1;road_1_0_1_0;road_1_0_1_0;road_1_0_1_1;road_1_0_1_1;road_0_1_0_0;road_0_1_0_0;road_0_1_0_1;road_0_1_0_1,GGGGrrrrrrrrrrrr
497,intersection_1_1,road_1_2_3_0;road_1_2_3_0;road_1_2_3_1;road_1_2_3_1;road_2_1_2_0;road_2_1_2_0;road_2_1_2_1;road_2_1_2_1;road_1_0_1_0;road_1_0_1_0;road_1_0_1_1;road_1_0_1_1;road_0_1_0_0;road_0_1_0_0;road_0_1_0_1;road_0_1_0_1,GGGGrrrrrrrrrrrr
498,intersection_1_1,road_1_2_3_0;road_1_2_3_0;road_1_2_3_1;road_1_2_3_1;road_2_1_2_0;road_2_1_2_0;road_2_1_2_1;road_2_1_2_1;road_1_0_1_0;road_1_0_1_0;road_1_0_1_1;road_1_0_1_1;road_0_1_0_0;road_0_1_0_0;road_0_1_0_1;road_0_1_0_1,GGGGrrrrrrrrrrrr
499,intersection_1_1,road_1_2_3_0;road_1_2_3_0;road_1_2_3_1;road_1_2_3_1;road_2_1_2_0;road_2_1_2_0;road_2_1_2_1;road_2_1_2_1;road_1_0_1_0;road_1_0_1_0;road_1_0_1_1;road_1_0_1_1;road_0_1_0_0;road_0_1_0_0;road_0_1_0_1;road_0_1_0_1,GGGGrrrrrrrrrrrr
500,intersection_1_1,road_1_2_3_0;road_1_2_3_0;road_1_2_3_1;road_1_2_3_1;road_2_1_2_0;road_2_1_2_0;road_2_1_2_1;road_2_1_2_1;road_1_0_1_0;road_1_0_1_0;road_1_0_1_1;road_1_0_1_1;road_0_1_0_0;road_0_1_0_0;road_0_1_0_1;road_0_1_0_1,GGGGrrrrrrrrrrrr
500,intersection_1_1,road_1_2_3_0;road_1_2_3_0;road_1_2_3_1;road_1_2_3_1;road_2_1_2_0;road_2_1_2_0;road_2_1_2_1;road_2_1_2_1;road_1_0_1_0;road_1_0_1_0;road_1_0_1_1;road_1_0_1_1;road_0_1_0_0;road_0_1_0_0;road_0_1_0_1;road_0_1_0_1,GGGGrrrrrrrrrrrr
501,intersection_1_1,road_1_2_3_0;road_1_2_3_0;road_1_2_3_1;road_1_2_3_1;road_2_1_2_0;road_2_1_2_0;road_2_1_2_1;road_2_1_2_1;road_1_0_1_0;road_1_0_1_0;road_1_0_1_1;road_1_0_1_1;road_0_1_0_0;road_0_1_0_0;road_0_1_0_1;road_0_1_0_1,GGGGrrrrrrrrrrrr
502,intersection_1_1,road_1_2_3_0;road_1_2_3_0;road_1_2_3_1;road_1_2_3_1;road_2_1_2_0;road_2_1_2_0;road_2_1_2_1;road_2_1_2_1;road_1_0_1_0;road_1_0_1_0;road_1_0_1_1;road_1_0_1_1;road_0_1_0_0;road_0_1_0_0;road_0_1_0_1;road_0_1_0_1,GGGGrrrrrrrrrrrr
503,intersection_1_1,road_1_2_3_0;road_1_2_3_0;road_1_2_3_1;road_1_2_3_1;road_2_1_2_0;road_2_1_2_0;road_2_1_2_1;road_2_1_2_1;road_1_0_1_0;road_1_0_1_0;road_1_0_1_1;road_1_0_1_1;road_0_1_0_0;road_0_1_0_0;road_0_1_0_1;road_0_1_0_1,GGGGrrrrrrrrrrrr
504,intersection_1_1,road_1_2_3_0;road_1_2_3_0;road_1_2_3_1;road_1_2_3_1;road_2_1_2_0;road_2_1_2_0;road_2_1_2_1;road_2_1_2_1;road_1_0_1_0;road_1_0_1_0;road_1_0_1_1;road_1_0_1_1;road_0_1_0_0;road_0_1_0_0;road_0_1_0_1;road_0_1_0_1,GGGGrrrrrrrrrrrr
505,intersection_1_1,road_1_2_3_0;road_1_2_3_0;road_1_2_3_1;road_1_2_3_1;road_2_1_2_0;road_2_1_2_0;road_2_1_2_1;road_2_1_2_1;road_1_0_1_0;road_1_0_1_0;road_1_0_1_1;road_1_0_1_1;road_0_1_0_0;road_0_1_0_0;road_0_1_0_1;road_0_1_0_1,GGGGrrrrrrrrrrrr
506,intersection_1_1,road_1_2_3_0;road_1_2_3_0;road_1_2_3_1;road_1_2_3_1;road_2_1_2_0;road_2_1_2_0;road_2_1_2_1;road_2_1_2_1;road_1_0_1_0;road_1_0_1_0;road_1_0_1_1;road_1_0_1_1;road_0_1_0_0;road_0_1_0_0;road_0_1_0_1;road_0_1_0_1,GGGGrrrrrrrrrrrr
507,intersection_1_1,road_1_2_3_0;road_1_2_3_0;road_1_2_3_1;road_1_2_3_1;road_2_1_2_0;road_2_1_2_0;road_2_1_2_1;road_2_1_2_1;road_1_0_1_0;road_1_0_1_0;road_1_0_1_1;road_1_0_1_1;road_0_1_0_0;road_0_1_0_0;road_0_1_0_1;road_0_1_0_1,GGGGrrrrrrrrrrrr
508,intersection_1_1,road_1_2_3_0;road_1_2_3_0;road_1_2_3_1;road_1_2_3_1;road_2_1_2_0;road_2_1_2_0;road_2_1_2_1;road_2_1_2_1;road_1_0_1_0;road_1_0_1_0;road_1_0_1_1;road_1_0_1_1;road_0_1_0_0;road_0_1_0_0;road_0_1_0_1;road_0_1_0_1,GGGGrrrrrrrrrrrr
509,intersection_1_1,road_1_2_3_0;road_1_2_3_0;road_1_2_3_1;road_1_2_3_1;road_2_1_2_0;road_2_1_2_0;road_2_1_2_1;road_2_1_2_1;road_1_0_1_0;road_1_0_1_0;road_1_0_1_1;road_1_0_1_1;road_0_1_0_0;road_0_1_0_0;road_0_1_0_1;road_0_1_0_1,GGGGrrrrrrrrrrrr
510,intersection_1_1,road_1_2_3_0;road_1_2_3_0;road_1_2_3_1;road_1_2_3_1;road_2_1_2_0;road_2_1_2_0;road_2_1_2_1;road_2_1_2_1;road_1_0_1_0;road_1_0_1_0;road_1_0_1_1;road_1_0_1_1;road_0_1_0_0;road_0_1_0_0;road_0_1_0_1;road_0_1_0_1,GGGGrrrrrrrrrrrr
510,intersection_1_1,road_1_2_3_0;road_1_2_3_0;road_1_2_3_1;road_1_2_3_1;road_2_1_2_0;road_2_1_2_0;road_2_1_2_1;road_2_1_2_1;road_1_0_1_0;road_1_0_1_0;road_1_0_1_1;road_1_0_1_1;road_0_1_0_0;road_0_1_0_0;road_0_1_0_1;road_0_1_0_1,GGGGrrrrrrrrrrrr
511,intersection_1_1,road_1_2_3_0;road_1_2_3_0;road_1_2_3_1;road_1_2_3_1;road_2_1_2_0;road_2_1_2_0;road_2_1_2_1;road_2_1_2_1;road_1_0_1_0;road_1_0_1_0;road_1_0_1_1;road_1_0_1_1;road_0_1_0_0;road_0_1_0_0;road_0_1_0_1;road_0_1_0_1,GGGGrrrrrrrrrrrr
512,intersection_1_1,road_1_2_3_0;road_1_2_3_0;road_1_2_3_1;road_1_2_3_1;road_2_1_2_0;road_2_1_2_0;road_2_1_2_1;road_2_1_2_1;road_1_0_1_0;road_1_0_1_0;road_1_0_1_1;road_1_0_1_1;road_0_1_0_0;road_0_1_0_0;road_0_1_0_1;road_0_1_0_1,GGGGrrrrrrrrrrrr
513,intersection_1_1,road_1_2_3_0;road_1_2_3_0;road_1_2_3_1;road_1_2_3_1;road_2_1_2_0;road_2_1_2_0;road_2_1_2_1;road_2_1_2_1;road_1_0_1_0;road_1_0_1_0;road_1_0_1_1;road_1_0_1_1;road_0_1_0_0;road_0_1_0_0;road_0_1_0_1;road_0_1_0_1,GGGGrrrrrrrrrrrr
514,intersection_1_1,road_1_2_3_0;road_1_2_3_0;road_1_2_3_1;road_1_2_3_1;road_2_1_2_0;road_2_1_2_0;road_2_1_2_1;road_2_1_2_1;road_1_0_1_0;road_1_0_1_0;road_1_0_1_1;road_1_0_1_1;road_0_1_0_0;road_0_1_0_0;road_0_1_0_1;road_0_1_0_1,GGGGrrrrrrrrrrrr
515,intersection_1_1,road_1_2_3_0;road_1_2_3_0;road_1_2_3_1;road_1_2_3_1;road_2_1_2_0;road_2_1_2_0;road_2_1_2_1;road_2_1_2_1;road_1_0_1_0;road_1_0_1_0;road_1_0_1_1;road_1_0_1_1;road_0_1_0_0;road_0_1_0_0;road_0_1_0_1;road_0_1_0_1,GGGGrrrrrrrrrrrr
516,intersection_1_1,road_1_2_3_0;road_1_2_3_0;road_1_2_3_1;road_1_2_3_1;road_2_1_2_0;road_2_1_2_0;road_2_1_2_1;road_2_1_2_1;road_1_0_1_0;road_1_0_1_0;road_1_0_1_1;road_1_0_1_1;road_0_1_0_0;road_0_1_0_0;road_0_1_0_1;road_0_1_0_1,GGGGrrrrrrrrrrrr
517,intersection_1_1,road_1_2_3_0;road_1_2_3_0;road_1_2_3_1;road_1_2_3_1;road_2_1_2_0;road_2_1_2_0;road_2_1_2_1;road_2_1_2_1;road_1_0_1_0;road_1_0_1_0;road_1_0_1_1;road_1_0_1_1;road_0_1_0_0;road_0_1_0_0;road_0_1_0_1;road_0_1_0_1,GGGGrrrrrrrrrrrr
518,intersection_1_1,road_1_2_3_0;road_1_2_3_0;road_1_2_3_1;road_1_2_3_1;road_2_1_2_0;road_2_1_2_0;road_2_1_2_1;road_2_1_2_1;road_1_0_1_0;road_1_0_1_0;road_1_0_1_1;road_1_0_1_1;road_0_1_0_0;road_0_1_0_0;road_0_1_0_1;road_0_1_0_1,GGGGrrrrrrrrrrrr
519,intersection_1_1,road_1_2_3_0;road_1_2_3_0;road_1_2_3_1;road_1_2_3_1;road_2_1_2_0;road_2_1_2_0;road_2_1_2_1;road_2_1_2_1;road_1_0_1_0;road_1_0_1_0;road_1_0_1_1;road_1_0_1_1;road_0_1_0_0;road_0_1_0_0;road_0_1_0_1;road_0_1_0_1,GGGGrrrrrrrrrrrr
520,intersection_1_1,road_1_2_3_0;road_1_2_3_0;road_1_2_3_1;road_1_2_3_1;road_2_1_2_0;road_2_1_2_0;road_2_1_2_1;road_2_1_2_1;road_1_0_1_0;road_1_0_1_0;road_1_0_1_1;road_1_0_1_1;road_0_1_0_0;road_0_1_0_0;road_0_1_0_1;road_0_1_0_1,GGGGrrrrrrrrrrrr
520,intersection_1_1,road_1_2_3_0;road_1_2_3_0;road_1_2_3_1;road_1_2_3_1;road_2_1_2_0;road_2_1_2_0;road_2_1_2_1;road_2_1_2_1;road_1_0_1_0;road_1_0_1_0;road_1_0_1_1;road_1_0_1_1;road_0_1_0_0;road_0_1_0_0;road_0_1_0_1;road_0_1_0_1,GGGGrrrrrrrrrrrr
521,intersection_1_1,road_1_2_3_0;road_1_2_3_0;road_1_2_3_1;road_1_2_3_1;road_2_1_2_0;road_2_1_2_0;road_2_1_2_1;road_2_1_2_1;road_1_0_1_0;road_1_0_1_0;road_1_0_1_1;road_1_0_1_1;road_0_1_0_0;road_0_1_0_0;road_0_1_0_1;road_0_1_0_1,GGGGrrrrrrrrrrrr
522,intersection_1_1,road_1_2_3_0;road_1_2_3_0;road_1_2_3_1;road_1_2_3_1;road_2_1_2_0;road_2_1_2_0;road_2_1_2_1;road_2_1_2_1;road_1_0_1_0;road_1_0_1_0;road_1_0_1_1;road_1_0_1_1;road_0_1_0_0;road_0_1_0_0;road_0_1_0_1;road_0_1_0_1,GGGGrrrrrrrrrrrr
523,intersection_1_1,road_1_2_3_0;road_1_2_3_0;road_1_2_3_1;road_1_2_3_1;road_2_1_2_0;road_2_1_2_0;road_2_1_2_1;road_2_1_2_1;road_1_0_1_0;road_1_0_1_0;road_1_0_1_1;road_1_0_1_1;road_0_1_0_0;road_0_1_0_0;road_0_1_0_1;road_0_1_0_1,GGGGrrrrrrrrrrrr
524,intersection_1_1,road_1_2_3_0;road_1_2_3_0;road_1_2_3_1;road_1_2_3_1;road_2_1_2_0;road_2_1_2_0;road_2_1_2_1;road_2_1_2_1;road_1_0_1_0;road_1_0_1_0;road_1_0_1_1;road_1_0_1_1;road_0_1_0_0;road_0_1_0_0;road_0_1_0_1;road_0_1_0_1,GGGGrrrrrrrrrrrr
525,intersection_1_1,road_1_2_3_0;road_1_2_3_0;road_1_2_3_1;road_1_2_3_1;road_2_1_2_0;road_2_1_2_0;road_2_1_2_1;road_2_1_2_1;road_1_0_1_0;road_1_0_1_0;road_1_0_1_1;road_1_0_1_1;road_0_1_0_0;road_0_1_0_0;road_0_1_0_1;road_0_1_0_1,GGGGrrrrrrrrrrrr
526,intersection_1_1,road_1_2_3_0;road_1_2_3_0;road_1_2_3_1;road_1_2_3_1;road_2_1_2_0;road_2_1_2_0;road_2_1_2_1;road_2_1_2_1;road_1_0_1_0;road_1_0_1_0;road_1_0_1_1;road_1_0_1_1;road_0_1_0_0;road_0_1_0_0;road_0_1_0_1;road_0_1_0_1,GGGGrrrrrrrrrrrr
527,intersection_1_1,road_1_2_3_0;road_1_2_3_0;road_1_2_3_1;road_1_2_3_1;road_2_1_2_0;road_2_1_2_0;road_2_1_2_1;road_2_1_2_1;road_1_0_1_0;road_1_0_1_0;road_1_0_1_1;road_1_0_1_1;road_0_1_0_0;road_0_1_0_0;road_0_1_0_1;road_0_1_0_1,GGGGrrrrrrrrrrrr
528,intersection_1_1,road_1_2_3_0;road_1_2_3_0;road_1_2_3_1;road_1_2_3_1;road_2_1_2_0;road_2_1_2_0;road_2_1_2_1;road_2_1_2_1;road_1_0_1_0;road_1_0_1_0;road_1_0_1_1;road_1_0_1_1;road_0_1_0_0;road_0_1_0_0;road_0_1_0_1;road_0_1_0_1,GGGGrrrrrrrrrrrr
529,intersection_1_1,road_1_2_3_0;road_1_2_3_0;road_1_2_3_1;road_1_2_3_1;road_2_1_2_0;road_2_1_2_0;road_2_1_2_1;road_2_1_2_1;road_1_0_1_0;road_1_0_1_0;road_1_0_1_1;road_1_0_1_1;road_0_1_0_0;road_0_1_0_0;road_0_1_0_1;road_0_1_0_1,GGGGrrrrrrrrrrrr
530,intersection_1_1,road_1_2_3_0;road_1_2_3_0;road_1_2_3_1;road_1_2_3_1;road_2_1_2_0;road_2_1_2_0;road_2_1_2_1;road_2_1_2_1;road_1_0_1_0;road_1_0_1_0;road_1_0_1_1;road_1_0_1_1;road_0_1_0_0;road_0_1_0_0;road_0_1_0_1;road_0_1_0_1,GGGGrrrrrrrrrrrr
530,intersection_1_1,road_1_2_3_0;road_1_2_3_0;road_1_2_3_1;road_1_2_3_1;road_2_1_2_0;road_2_1_2_0;road_2_1_2_1;road_2_1_2_1;road_1_0_1_0;road_1_0_1_0;road_1_0_1_1;road_1_0_1_1;road_0_1_0_0;road_0_1_0_0;road_0_1_0_1;road_0_1_0_1,GGGGrrrrrrrrrrrr
531,intersection_1_1,road_1_2_3_0;road_1_2_3_0;road_1_2_3_1;road_1_2_3_1;road_2_1_2_0;road_2_1_2_0;road_2_1_2_1;road_2_1_2_1;road_1_0_1_0;road_1_0_1_0;road_1_0_1_1;road_1_0_1_1;road_0_1_0_0;road_0_1_0_0;road_0_1_0_1;road_0_1_0_1,GGGGrrrrrrrrrrrr
532,intersection_1_1,road_1_2_3_0;road_1_2_3_0;road_1_2_3_1;road_1_2_3_1;road_2_1_2_0;road_2_1_2_0;road_2_1_2_1;road_2_1_2_1;road_1_0_1_0;road_1_0_1_0;road_1_0_1_1;road_1_0_1_1;road_0_1_0_0;road_0_1_0_0;road_0_1_0_1;road_0_1_0_1,GGGGrrrrrrrrrrrr
533,intersection_1_1,road_1_2_3_0;road_1_2_3_0;road_1_2_3_1;road_1_2_3_1;road_2_1_2_0;road_2_1_2_0;road_2_1_2_1;road_2_1_2_1;road_1_0_1_0;road_1_0_1_0;road_1_0_1_1;road_1_0_1_1;road_0_1_0_0;road_0_1_0_0;road_0_1_0_1;road_0_1_0_1,GGGGrrrrrrrrrrrr
534,intersection_1_1,road_1_2_3_0;road_1_2_3_0;road_1_2_3_1;road_1_2_3_1;road_2_1_2_0;road_2_1_2_0;road_2_1_2_1;road_2_1_2_1;road_1_0_1_0;road_1_0_1_0;road_1_0_1_1;road_1_0_1_1;road_0_1_0_0;road_0_1_0_0;road_0_1_0_1;road_0_1_0_1,GGGGrrrrrrrrrrrr
535,intersection_1_1,road_1_2_3_0;road_1_2_3_0;road_1_2_3_1;road_1_2_3_1;road_2_1_2_0;road_2_1_2_0;road_2_1_2_1;road_2_1_2_1;road_1_0_1_0;road_1_0_1_0;road_1_0_1_1;road_1_0_1_1;road_0_1_0_0;road_0_1_0_0;road_0_1_0_1;road_0_1_0_1,GGGGrrrrrrrrrrrr
536,intersection_1_1,road_1_2_3_0;road_1_2_3_0;road_1_2_3_1;road_1_2_3_1;road_2_1_2_0;road_2_1_2_0;road_2_1_2_1;road_2_1_2_1;road_1_0_1_0;road_1_0_1_0;road_1_0_1_1;road_1_0_1_1;road_0_1_0_0;road_0_1_0_0;road_0_1_0_1;road_0_1_0_1,GGGGrrrrrrrrrrrr
537,intersection_1_1,road_1_2_3_0;road_1_2_3_0;road_1_2_3_1;road_1_2_3_1;road_2_1_2_0;road_2_1_2_0;road_2_1_2_1;road_2_1_2_1;road_1_0_1_0;road_1_0_1_0;road_1_0_1_1;road_1_0_1_1;road_0_1_0_0;road_0_1_0_0;road_0_1_0_1;road_0_1_0_1,GGGGrrrrrrrrrrrr
538,intersection_1_1,road_1_2_3_0;road_1_2_3_0;road_1_2_3_1;road_1_2_3_1;road_2_1_2_0;road_2_1_2_0;road_2_1_2_1;road_2_1_2_1;road_1_0_1_0;road_1_0_1_0;road_1_0_1_1;road_1_0_1_1;road_0_1_0_0;road_0_1_0_0;road_0_1_0_1;road_0_1_0_1,GGGGrrrrrrrrrrrr
539,intersection_1_1,road_1_2_3_0;road_1_2_3_0;road_1_2_3_1;road_1_2_3_1;road_2_1_2_0;road_2_1_2_0;road_2_1_2_1;road_2_1_2_1;road_1_0_1_0;road_1_0_1_0;road_1_0_1_1;road_1_0_1_1;road_0_1_0_0;road_0_1_0_0;road_0_1_0_1;road_0_1_0_1,GGGGrrrrrrrrrrrr
540,intersection_1_1,road_1_2_3_0;road_1_2_3_0;road_1_2_3_1;road_1_2_3_1;road_2_1_2_0;road_2_1_2_0;road_2_1_2_1;road_2_1_2_1;road_1_0_1_0;road_1_0_1_0;road_1_0_1_1;road_1_0_1_1;road_0_1_0_0;road_0_1_0_0;road_0_1_0_1;road_0_1_0_1,GGGGrrrrrrrrrrrr
540,intersection_1_1,road_1_2_3_0;road_1_2_3_0;road_1_2_3_1;road_1_2_3_1;road_2_1_2_0;road_2_1_2_0;road_2_1_2_1;road_2_1_2_1;road_1_0_1_0;road_1_0_1_0;road_1_0_1_1;road_1_0_1_1;road_0_1_0_0;road_0_1_0_0;road_0_1_0_1;road_0_1_0_1,GGGGrrrrrrrrrrrr
541,intersection_1_1,road_1_2_3_0;road_1_2_3_0;road_1_2_3_1;road_1_2_3_1;road_2_1_2_0;road_2_1_2_0;road_2_1_2_1;road_2_1_2_1;road_1_0_1_0;road_1_0_1_0;road_1_0_1_1;road_1_0_1_1;road_0_1_0_0;road_0_1_0_0;road_0_1_0_1;road_0_1_0_1,GGGGrrrrrrrrrrrr
542,intersection_1_1,road_1_2_3_0;road_1_2_3_0;road_1_2_3_1;road_1_2_3_1;road_2_1_2_0;road_2_1_2_0;road_2_1_2_1;road_2_1_2_1;road_1_0_1_0;road_1_0_1_0;road_1_0_1_1;road_1_0_1_1;road_0_1_0_0;road_0_1_0_0;road_0_1_0_1;road_0_1_0_1,GGGGrrrrrrrrrrrr
543,intersection_1_1,road_1_2_3_0;road_1_2_3_0;road_1_2_3_1;road_1_2_3_1;road_2_1_2_0;road_2_1_2_0;road_2_1_2_1;road_2_1_2_1;road_1_0_1_0;road_1_0_1_0;road_1_0_1_1;road_1_0_1_1;road_0_1_0_0;road_0_1_0_0;road_0_1_0_1;road_0_1_0_1,GGGGrrrrrrrrrrrr
544,intersection_1_1,road_1_2_3_0;road_1_2_3_0;road_1_2_3_1;road_1_2_3_1;road_2_1_2_0;road_2_1_2_0;road_2_1_2_1;road_2_1_2_1;road_1_0_1_0;road_1_0_1_0;road_1_0_1_1;road_1_0_1_1;road_0_1_0_0;road_0_1_0_0;road_0_1_0_1;road_0_1_0_1,GGGGrrrrrrrrrrrr
545,intersection_1_1,road_1_2_3_0;road_1_2_3_0;road_1_2_3_1;road_1_2_3_1;road_2_1_2_0;road_2_1_2_0;road_2_1_2_1;road_2_1_2_1;road_1_0_1_0;road_1_0_1_0;road_1_0_1_1;road_1_0_1_1;road_0_1_0_0;road_0_1_0_0;road_0_1_0_1;road_0_1_0_1,GGGGrrrrrrrrrrrr
546,intersection_1_1,road_1_2_3_0;road_1_2_3_0;road_1_2_3_1;road_1_2_3_1;road_2_1_2_0;road_2_1_2_0;road_2_1_2_1;road_2_1_2_1;road_1_0_1_0;road_1_0_1_0;road_1_0_1_1;road_1_0_1_1;road_0_1_0_0;road_0_1_0_0;road_0_1_0_1;road_0_1_0_1,GGGGrrrrrrrrrrrr
547,intersection_1_1,road_1_2_3_0;road_1_2_3_0;road_1_2_3_1;road_1_2_3_1;road_2_1_2_0;road_2_1_2_0;road_2_1_2_1;road_2_1_2_1;road_1_0_1_0;road_1_0_1_0;road_1_0_1_1;road_1_0_1_1;road_0_1_0_0;road_0_1_0_0;road_0_1_0_1;road_0_1_0_1,GGGGrrrrrrrrrrrr
548,intersection_1_1,road_1_2_3_0;road_1_2_3_0;road_1_2_3_1;road_1_2_3_1;road_2_1_2_0;road_2_1_2_0;road_2_1_2_1;road_2_1_2_1;road_1_0_1_0;road_1_0_1_0;road_1_0_1_1;road_1_0_1_1;road_0_1_0_0;road_0_1_0_0;road_0_1_0_1;road_0_1_0_1,GGGGrrrrrrrrrrrr
549,intersection_1_1,road_1_2_3_0;road_1_2_3_0;road_1_2_3_1;road_1_2_3_1;road_2_1_2_0;road_2_1_2_0;road_2_1_2_1;road_2_1_2_1;road_1_0_1_0;road_1_0_1_0;road_1_0_1_1;road_1_0_1_1;road_0_1_0_0;road_0_1_0_0;road_0_1_0_1;road_0_1_0_1,GGGGrrrrrrrrrrrr
550,intersection_1_1,road_1_2_3_0;road_1_2_3_0;road_1_2_3_1;road_1_2_3_1;road_2_1_2_0;road_2_1_2_0;road_2_1_2_1;road_2_1_2_1;road_1_0_1_0;road_1_0_1_0;road_1_0_1_1;road_1_0_1_1;road_0_1_0_0;road_0_1_0_0;road_0_1_0_1;road_0_1_0_1,GGGGrrrrrrrrrrrr
550,intersection_1_1,road_1_2_3_0;road_1_2_3_0;road_1_2_3_1;road_1_2_3_1;road_2_1_2_0;road_2_1_2_0;road_2_1_2_1;road_2_1_2_1;road_1_0_1_0;road_1_0_1_0;road_1_0_1_1;road_1_0_1_1;road_0_1_0_0;road_0_1_0_0;road_0_1_0_1;road_0_1_0_1,GGGGrrrrrrrrrrrr
551,intersection_1_1,road_1_2_3_0;road_1_2_3_0;road_1_2_3_1;road_1_2_3_1;road_2_1_2_0;road_2_1_2_0;road_2_1_2_1;road_2_1_2_1;road_1_0_1_0;road_1_0_1_0;road_1_0_1_1;road_1_0_1_1;road_0_1_0_0;road_0_1_0_0;road_0_1_0_1;road_0_1_0_1,GGGGrrrrrrrrrrrr
552,intersection_1_1,road_1_2_3_0;road_1_2_3_0;road_1_2_3_1;road_1_2_3_1;road_2_1_2_0;road_2_1_2_0;road_2_1_2_1;road_2_1_2_1;road_1_0_1_0;road_1_0_1_0;road_1_0_1_1;road_1_0_1_1;road_0_1_0_0;road_0_1_0_0;road_0_1_0_1;road_0_1_0_1,GGGGrrrrrrrrrrrr
553,intersection_1_1,road_1_2_3_0;road_1_2_3_0;road_1_2_3_1;road_1_2_3_1;road_2_1_2_0;road_2_1_2_0;road_2_1_2_1;road_2_1_2_1;road_1_0_1_0;road_1_0_1_0;road_1_0_1_1;road_1_0_1_1;road_0_1_0_0;road_0_1_0_0;road_0_1_0_1;road_0_1_0_1,GGGGrrrrrrrrrrrr
554,intersection_1_1,road_1_2_3_0;road_1_2_3_0;road_1_2_3_1;road_1_2_3_1;road_2_1_2_0;road_2_1_2_0;road_2_1_2_1;road_2_1_2_1;road_1_0_1_0;road_1_0_1_0;road_1_0_1_1;road_1_0_1_1;road_0_1_0_0;road_0_1_0_0;road_0_1_0_1;road_0_1_0_1,GGGGrrrrrrrrrrrr
555,intersection_1_1,road_1_2_3_0;road_1_2_3_0;road_1_2_3_1;road_1_2_3_1;road_2_1_2_0;road_2_1_2_0;road_2_1_2_1;road_2_1_2_1;road_1_0_1_0;road_1_0_1_0;road_1_0_1_1;road_1_0_1_1;road_0_1_0_0;road_0_1_0_0;road_0_1_0_1;road_0_1_0_1,GGGGrrrrrrrrrrrr
556,intersection_1_1,road_1_2_3_0;road_1_2_3_0;road_1_2_3_1;road_1_2_3_1;road_2_1_2_0;road_2_1_2_0;road_2_1_2_1;road_2_1_2_1;road_1_0_1_0;road_1_0_1_0;road_1_0_1_1;road_1_0_1_1;road_0_1_0_0;road_0_1_0_0;road_0_1_0_1;road_0_1_0_1,GGGGrrrrrrrrrrrr
557,intersection_1_1,road_1_2_3_0;road_1_2_3_0;road_1_2_3_1;road_1_2_3_1;road_2_1_2_0;road_2_1_2_0;road_2_1_2_1;road_2_1_2_1;road_1_0_1_0;road_1_0_1_0;road_1_0_1_1;road_1_0_1_1;road_0_1_0_0;road_0_1_0_0;road_0_1_0_1;road_0_1_0_1,GGGGrrrrrrrrrrrr
558,intersection_1_1,road_1_2_3_0;road_1_2_3_0;road_1_2_3_1;road_1_2_3_1;road_2_1_2_0;road_2_1_2_0;road_2_1_2_1;road_2_1_2_1;road_1_0_1_0;road_1_0_1_0;road_1_0_1_1;road_1_0_1_1;road_0_1_0_0;road_0_1_0_0;road_0_1_0_1;road_0_1_0_1,GGGGrrrrrrrrrrrr
559,intersection_1_1,road_1_2_3_0;road_1_2_3_0;road_1_2_3_1;road_1_2_3_1;road_2_1_2_0;road_2_1_2_0;road_2_1_2_1;road_2_1_2_1;road_1_0_1_0;road_1_0_1_0;road_1_0_1_1;road_1_0_1_1;road_0_1_0_0;road_0_1_0_0;road_0_1_0_1;road_0_1_0_1,GGGGrrrrrrrrrrrr
560,intersection_1_1,road_1_2_3_0;road_1_2_3_0;road_1_2_3_1;road_1_2_3_1;road_2_1_2_0;road_2_1_2_0;road_2_1_2_1;road_2_1_2_1;road_1_0_1_0;road_1_0_1_0;road_1_0_1_1;road_1_0_1_1;road_0_1_0_0;road_0_1_0_0;road_0_1_0_1;road_0_1_0_1,GGGGrrrrrrrrrrrr
560,intersection_1_1,road_1_2_3_0;road_1_2_3_0;road_1_2_3_1;road_1_2_3_1;road_2_1_2_0;road_2_1_2_0;road_2_1_2_1;road_2_1_2_1;road_1_0_1_0;road_1_0_1_0;road_1_0_1_1;road_1_0_1_1;road_0_1_0_0;road_0_1_0_0;road_0_1_0_1;road_0_1_0_1,GGGGrrrrrrrrrrrr
561,intersection_1_1,road_1_2_3_0;road_1_2_3_0;road_1_2_3_1;road_1_2_3_1;road_2_1_2_0;road_2_1_2_0;road_2_1_2_1;road_2_1_2_1;road_1_0_1_0;road_1_0_1_0;road_1_0_1_1;road_1_0_1_1;road_0_1_0_0;road_0_1_0_0;road_0_1_0_1;road_0_1_0_1,GGGGrrrrrrrrrrrr
562,intersection_1_1,road_1_2_3_0;road_1_2_3_0;road_1_2_3_1;road_1_2_3_1;road_2_1_2_0;road_2_1_2_0;road_2_1_2_1;road_2_1_2_1;road_1_0_1_0;road_1_0_1_0;road_1_0_1_1;road_1_0_1_1;road_0_1_0_0;road_0_1_0_0;road_0_1_0_1;road_0_1_0_1,GGGGrrrrrrrrrrrr
563,intersection_1_1,road_1_2_3_0;road_1_2_3_0;road_1_2_3_1;road_1_2_3_1;road_2_1_2_0;road_2_1_2_0;road_2_1_2_1;road_2_1_2_1;road_1_0_1_0;road_1_0_1_0;road_1_0_1_1;road_1_0_1_1;road_0_1_0_0;road_0_1_0_0;road_0_1_0_1;road_0_1_0_1,GGGGrrrrrrrrrrrr
564,intersection_1_1,road_1_2_3_0;road_1_2_3_0;road_1_2_3_1;road_1_2_3_1;road_2_1_2_0;road_2_1_2_0;road_2_1_2_1;road_2_1_2_1;road_1_0_1_0;road_1_0_1_0;road_1_0_1_1;road_1_0_1_1;road_0_1_0_0;road_0_1_0_0;road_0_1_0_1;road_0_1_0_1,GGGGrrrrrrrrrrrr
565,intersection_1_1,road_1_2_3_0;road_1_2_3_0;road_1_2_3_1;road_1_2_3_1;road_2_1_2_0;road_2_1_2_0;road_2_1_2_1;road_2_1_2_1;road_1_0_1_0;road_1_0_1_0;road_1_0_1_1;road_1_0_1_1;road_0_1_0_0;road_0_1_0_0;road_0_1_0_1;road_0_1_0_1,GGGGrrrrrrrrrrrr
566,intersection_1_1,road_1_2_3_0;road_1_2_3_0;road_1_2_3_1;road_1_2_3_1;road_2_1_2_0;road_2_1_2_0;road_2_1_2_1;road_2_1_2_1;road_1_0_1_0;road_1_0_1_0;road_1_0_1_1;road_1_0_1_1;road_0_1_0_0;road_0_1_0_0;road_0_1_0_1;road_0_1_0_1,GGGGrrrrrrrrrrrr
567,intersection_1_1,road_1_2_3_0;road_1_2_3_0;road_1_2_3_1;road_1_2_3_1;road_2_1_2_0;road_2_1_2_0;road_2_1_2_1;road_2_1_2_1;road_1_0_1_0;road_1_0_1_0;road_1_0_1_1;road_1_0_1_1;road_0_1_0_0;road_0_1_0_0;road_0_1_0_1;road_0_1_0_1,GGGGrrrrrrrrrrrr
568,intersection_1_1,road_1_2_3_0;road_1_2_3_0;road_1_2_3_1;road_1_2_3_1;road_2_1_2_0;road_2_1_2_0;road_2_1_2_1;road_2_1_2_1;road_1_0_1_0;road_1_0_1_0;road_1_0_1_1;road_1_0_1_1;road_0_1_0_0;road_0_1_0_0;road_0_1_0_1;road_0_1_0_1,GGGGrrrrrrrrrrrr
569,intersection_1_1,road_1_2_3_0;road_1_2_3_0;road_1_2_3_1;road_1_2_3_1;road_2_1_2_0;road_2_1_2_0;road_2_1_2_1;road_2_1_2_1;road_1_0_1_0;road_1_0_1_0;road_1_0_1_1;road_1_0_1_1;road_0_1_0_0;road_0_1_0_0;road_0_1_0_1;road_0_1_0_1,GGGGrrrrrrrrrrrr
570,intersection_1_1,road_1_2_3_0;road_1_2_3_0;road_1_2_3_1;road_1_2_3_1;road_2_1_2_0;road_2_1_2_0;road_2_1_2_1;road_2_1_2_1;road_1_0_1_0;road_1_0_1_0;road_1_0_1_1;road_1_0_1_1;road_0_1_0_0;road_0_1_0_0;road_0_1_0_1;road_0_1_0_1,GGGGrrrrrrrrrrrr
570,intersection_1_1,road_1_2_3_0;road_1_2_3_0;road_1_2_3_1;road_1_2_3_1;road_2_1_2_0;road_2_1_2_0;road_2_1_2_1;road_2_1_2_1;road_1_0_1_0;road_1_0_1_0;road_1_0_1_1;road_1_0_1_1;road_0_1_0_0;road_0_1_0_0;road_0_1_0_1;road_0_1_0_1,GGGGrrrrrrrrrrrr
571,intersection_1_1,road_1_2_3_0;road_1_2_3_0;road_1_2_3_1;road_1_2_3_1;road_2_1_2_0;road_2_1_2_0;road_2_1_2_1;road_2_1_2_1;road_1_0_1_0;road_1_0_1_0;road_1_0_1_1;road_1_0_1_1;road_0_1_0_0;road_0_1_0_0;road_0_1_0_1;road_0_1_0_1,rrGGrrrrrrrrrrrr
572,intersection_1_1,road_1_2_3_0;road_1_2_3_0;road_1_2_3_1;road_1_2_3_1;road_2_1_2_0;road_2_1_2_0;road_2_1_2_1;road_2_1_2_1;road_1_0_1_0;road_1_0_1_0;road_1_0_1_1;road_1_0_1_1;road_0_1_0_0;road_0_1_0_0;road_0_1_0_1;road_0_1_0_1,rrGGrrrrrrrrrrrr
573,intersection_1_1,road_1_2_3_0;road_1_2_3_0;road_1_2_3_1;road_1_2_3_1;road_2_1_2_0;road_2_1_2_0;road_2_1_2_1;road_2_1_2_1;road_1_0_1_0;road_1_0_1_0;road_1_0_1_1;road_1_0_1_1;road_0_1_0_0;road_0_1_0_0;road_0_1_0_1;road_0_1_0_1,rrGGrrrrrrrrrrrr
574,intersection_1_1,road_1_2_3_0;road_1_2_3_0;road_1_2_3_1;road_1_2_3_1;road_2_1_2_0;road_2_1_2_0;road_2_1_2_1;road_2_1_2_1;road_1_0_1_0;road_1_0_1_0;road_1_0_1_1;road_1_0_1_1;road_0_1_0_0;road_0_1_0_0;road_0_1_0_1;road_0_1_0_1,rrGGrrrrrrrrrrrr
575,intersection_1_1,road_1_2_3_0;road_1_2_3_0;road_1_2_3_1;road_1_2_3_1;road_2_1_2_0;road_2_1_2_0;road_2_1_2_1;road_2_1_2_1;road_1_0_1_0;road_1_0_1_0;road_1_0_1_1;road_1_0_1_1;road_0_1_0_0;road_0_1_0_0;road_0_1_0_1;road_0_1_0_1,rrGGrrrrrrrrrrrr
576,intersection_1_1,road_1_2_3_0;road_1_2_3_0;road_1_2_3_1;road_1_2_3_1;road_2_1_2_0;road_2_1_2_0;road_2_1_2_1;road_2_1_2_1;road_1_0_1_0;road_1_0_1_0;road_1_0_1_1;road_1_0_1_1;road_0_1_0_0;road_0_1_0_0;road_0_1_0_1;road_0_1_0_1,rrGGrrrrrrGGrrrr
577,intersection_1_1,road_1_2_3_0;road_1_2_3_0;road_1_2_3_1;road_1_2_3_1;road_2_1_2_0;road_2_1_2_0;road_2_1_2_1;road_2_1_2_1;road_1_0_1_0;road_1_0_1_0;road_1_0_1_1;road_1_0_1_1;road_0_1_0_0;road_0_1_0_0;road_0_1_0_1;road_0_1_0_1,rrGGrrrrrrGGrrrr
578,intersection_1_1,road_1_2_3_0;road_1_2_3_0;road_1_2_3_1;road_1_2_3_1;road_2_1_2_0;road_2_1_2_0;road_2_1_2_1;road_2_1_2_1;road_1_0_1_0;road_1_0_1_0;road_1_0_1_1;road_1_0_1_1;road_0_1_0_0;road_0_1_0_0;road_0_1_0_1;road_0_1_0_1,rrGGrrrrrrGGrrrr
579,intersection_1_1,road_1_2_3_0;road_1_2_3_0;road_1_2_3_1;road_1_2_3_1;road_2_1_2_0;road_2_1_2_0;road_2_1_2_1;road_2_1_2_1;road_1_0_1_0;road_1_0_1_0;road_1_0_1_1;road_1_0_1_1;road_0_1_0_0;road_0_1_0_0;road_0_1_0_1;road_0_1_0_1,rrGGrrrrrrGGrrrr
580,intersection_1_1,road_1_2_3_0;road_1_2_3_0;road_1_2_3_1;road_1_2_3_1;road_2_1_2_0;road_2_1_2_0;road_2_1_2_1;road_2_1_2_1;road_1_0_1_0;road_1_0_1_0;road_1_0_1_1;road_1_0_1_1;road_0_1_0_0;road_0_1_0_0;road_0_1_0_1;road_0_1_0_1,rrGGrrrrrrGGrrrr
580,intersection_1_1,road_1_2_3_0;road_1_2_3_0;road_1_2_3_1;road_1_2_3_1;road_2_1_2_0;road_2_1_2_0;road_2_1_2_1;road_2_1_2_1;road_1_0_1_0;road_1_0_1_0;road_1_0_1_1;road_1_0_1_1;road_0_1_0_0;road_0_1_0_0;road_0_1_0_1;road_0_1_0_1,rrGGrrrrrrGGrrrr
581,intersection_1_1,road_1_2_3_0;road_1_2_3_0;road_1_2_3_1;road_1_2_3_1;road_2_1_2_0;road_2_1_2_0;road_2_1_2_1;road_2_1_2_1;road_1_0_1_0;road_1_0_1_0;road_1_0_1_1;road_1_0_1_1;road_0_1_0_0;road_0_1_0_0;road_0_1_0_1;road_0_1_0_1,rrGGrrrrrrGGrrrr
582,intersection_1_1,road_1_2_3_0;road_1_2_3_0;road_1_2_3_1;road_1_2_3_1;road_2_1_2_0;road_2_1_2_0;road_2_1_2_1;road_2_1_2_1;road_1_0_1_0;road_1_0_1_0;road_1_0_1_1;road_1_0_1_1;road_0_1_0_0;road_0_1_0_0;road_0_1_0_1;road_0_1_0_1,rrGGrrrrrrGGrrrr
583,intersection_1_1,road_1_2_3_0;road_1_2_3_0;road_1_2_3_1;road_1_2_3_1;road_2_1_2_0;road_2_1_2_0;road_2_1_2_1;road_2_1_2_1;road_1_0_1_0;road_1_0_1_0;road_1_0_1_1;road_1_0_1_1;road_0_1_0_0;road_0_1_0_0;road_0_1_0_1;road_0_1_0_1,rrGGrrrrrrGGrrrr
584,intersection_1_1,road_1_2_3_0;road_1_2_3_0;road_1_2_3_1;road_1_2_3_1;road_2_1_2_0;road_2_1_2_0;road_2_1_2_1;road_2_1_2_1;road_1_0_1_0;road_1_0_1_0;road_1_0_1_1;road_1_0_1_1;road_0_1_0_0;road_0_1_0_0;road_0_1_0_1;road_0_1_0_1,rrGGrrrrrrGGrrrr
585,intersection_1_1,road_1_2_3_0;road_1_2_3_0;road_1_2_3_1;road_1_2_3_1;road_2_1_2_0;road_2_1_2_0;road_2_1_2_1;road_2_1_2_1;road_1_0_1_0;road_1_0_1_0;road_1_0_1_1;road_1_0_1_1;road_0_1_0_0;road_0_1_0_0;road_0_1_0_1;road_0_1_0_1,rrGGrrrrrrGGrrrr
586,intersection_1_1,road_1_2_3_0;road_1_2_3_0;road_1_2_3_1;road_1_2_3_1;road_2_1_2_0;road_2_1_2_0;road_2_1_2_1;road_2_1_2_1;road_1_0_1_0;road_1_0_1_0;road_1_0_1_1;road_1_0_1_1;road_0_1_0_0;road_0_1_0_0;road_0_1_0_1;road_0_1_0_1,rrGGrrrrrrGGrrrr
587,intersection_1_1,road_1_2_3_0;road_1_2_3_0;road_1_2_3_1;road_1_2_3_1;road_2_1_2_0;road_2_1_2_0;road_2_1_2_1;road_2_1_2_1;road_1_0_1_0;road_1_0_1_0;road_1_0_1_1;road_1_0_1_1;road_0_1_0_0;road_0_1_0_0;road_0_1_0_1;road_0_1_0_1,rrGGrrrrrrGGrrrr
588,intersection_1_1,road_1_2_3_0;road_1_2_3_0;road_1_2_3_1;road_1_2_3_1;road_2_1_2_0;road_2_1_2_0;road_2_1_2_1;road_2_1_2_1;road_1_0_1_0;road_1_0_1_0;road_1_0_1_1;road_1_0_1_1;road_0_1_0_0;road_0_1_0_0;road_0_1_0_1;road_0_1_0_1,rrGGrrrrrrGGrrrr
589,intersection_1_1,road_1_2_3_0;road_1_2_3_0;road_1_2_3_1;road_1_2_3_1;road_2_1_2_0;road_2_1_2_0;road_2_1_2_1;road_2_1_2_1;road_1_0_1_0;road_1_0_1_0;road_1_0_1_1;road_1_0_1_1;road_0_1_0_0;road_0_1_0_0;road_0_1_0_1;road_0_1_0_1,rrGGrrrrrrGGrrrr
590,intersection_1_1,road_1_2_3_0;road_1_2_3_0;road_1_2_3_1;road_1_2_3_1;road_2_1_2_0;road_2_1_2_0;road_2_1_2_1;road_2_1_2_1;road_1_0_1_0;road_1_0_1_0;road_1_0_1_1;road_1_0_1_1;road_0_1_0_0;road_0_1_0_0;road_0_1_0_1;road_0_1_0_1,rrGGrrrrrrGGrrrr
590,intersection_1_1,road_1_2_3_0;road_1_2_3_0;road_1_2_3_1;road_1_2_3_1;road_2_1_2_0;road_2_1_2_0;road_2_1_2_1;road_2_1_2_1;road_1_0_1_0;road_1_0_1_0;road_1_0_1_1;road_1_0_1_1;road_0_1_0_0;road_0_1_0_0;road_0_1_0_1;road_0_1_0_1,rrGGrrrrrrGGrrrr
591,intersection_1_1,road_1_2_3_0;road_1_2_3_0;road_1_2_3_1;road_1_2_3_1;road_2_1_2_0;road_2_1_2_0;road_2_1_2_1;road_2_1_2_1;road_1_0_1_0;road_1_0_1_0;road_1_0_1_1;road_1_0_1_1;road_0_1_0_0;road_0_1_0_0;road_0_1_0_1;road_0_1_0_1,rrrrrrrrrrrrrrrr
592,intersection_1_1,road_1_2_3_0;road_1_2_3_0;road_1_2_3_1;road_1_2_3_1;road_2_1_2_0;road_2_1_2_0;road_2_1_2_1;road_2_1_2_1;road_1_0_1_0;road_1_0_1_0;road_1_0_1_1;road_1_0_1_1;road_0_1_0_0;road_0_1_0_0;road_0_1_0_1;road_0_1_0_1,rrrrrrrrrrrrrrrr
593,intersection_1_1,road_1_2_3_0;road_1_2_3_0;road_1_2_3_1;road_1_2_3_1;road_2_1_2_0;road_2_1_2_0;road_2_1_2_1;road_2_1_2_1;road_1_0_1_0;road_1_0_1_0;road_1_0_1_1;road_1_0_1_1;road_0_1_0_0;road_0_1_0_0;road_0_1_0_1;road_0_1_0_1,rrrrrrrrrrrrrrrr
594,intersection_1_1,road_1_2_3_0;road_1_2_3_0;road_1_2_3_1;road_1_2_3_1;road_2_1_2_0;road_2_1_2_0;road_2_1_2_1;road_2_1_2_1;road_1_0_1_0;road_1_0_1_0;road_1_0_1_1;road_1_0_1_1;road_0_1_0_0;road_0_1_0_0;road_0_1_0_1;road_0_1_0_1,rrrrrrrrrrrrrrrr
595,intersection_1_1,road_1_2_3_0;road_1_2_3_0;road_1_2_3_1;road_1_2_3_1;road_2_1_2_0;road_2_1_2_0;road_2_1_2_1;road_2_1_2_1;road_1_0_1_0;road_1_0_1_0;road_1_0_1_1;road_1_0_1_1;road_0_1_0_0;road_0_1_0_0;road_0_1_0_1;road_0_1_0_1,rrrrrrrrrrrrrrrr
596,intersection_1_1,road_1_2_3_0;road_1_2_3_0;road_1_2_3_1;road_1_2_3_1;road_2_1_2_0;road_2_1_2_0;road_2_1_2_1;road_2_1_2_1;road_1_0_1_0;road_1_0_1_0;road_1_0_1_1;road_1_0_1_1;road_0_1_0_0;road_0_1_0_0;road_0_1_0_1;road_0_1_0_1,rrrrGGGGrrrrrrrr
597,intersection_1_1,road_1_2_3_0;road_1_2_3_0;road_1_2_3_1;road_1_2_3_1;road_2_1_2_0;road_2_1_2_0;road_2_1_2_1;road_2_1_2_1;road_1_0_1_0;road_1_0_1_0;road_1_0_1_1;road_1_0_1_1;road_0_1_0_0;road_0_1_0_0;road_0_1_0_1;road_0_1_0_1,rrrrGGGGrrrrrrrr
598,intersection_1_1,road_1_2_3_0;road_1_2_3_0;road_1_2_3_1;road_1_2_3_1;road_2_1_2_0;road_2_1_2_0;road_2_1_2_1;road_2_1_2_1;road_1_0_1_0;road_1_0_1_0;road_1_0_1_1;road_1_0_1_1;road_0_1_0_0;road_0_1_0_0;road_0_1_0_1;road_0_1_0_1,rrrrGGGGrrrrrrrr
599,intersection_1_1,road_1_2_3_0;road_1_2_3_0;road_1_2_3_1;road_1_2_3_1;road_2_1_2_0;road_2_1_2_0;road_2_1_2_1;road_2_1_2_1;road_1_0_1_0;road_1_0_1_0;road_1_0_1_1;road_1_0_1_1;road_0_1_0_0;road_0_1_0_0;road_0_1_0_1;road_0_1_0_1,rrrrGGGGrrrrrrrr
