time,tls_id,controlled_lanes,state
0,intersection_1_1,road_1_2_3_0;road_1_2_3_0;road_1_2_3_0;road_1_2_3_1;road_1_2_3_1;road_1_2_3_1;road_1_2_3_2;road_1_2_3_2;road_1_2_3_2;road_2_1_2_0;road_2_1_2_0;road_2_1_2_0;road_2_1_2_1;road_2_1_2_1;road_2_1_2_1;road_2_1_2_2;road_2_1_2_2;road_2_1_2_2;road_1_0_1_0;road_1_0_1_0;road_1_0_1_0;road_1_0_1_1;road_1_0_1_1;road_1_0_1_1;road_1_0_1_2;road_1_0_1_2;road_1_0_1_2;road_0_1_0_0;road_0_1_0_0;road_0_1_0_0;road_0_1_0_1;road_0_1_0_1;road_0_1_0_1;road_0_1_0_2;road_0_1_0_2;road_0_1_0_2,GGGrrrrrrGGGGGGrrrGGGrrrrrrGGGGGGrrr
0,intersection_1_2,road_1_3_3_0;road_1_3_3_0;road_1_3_3_0;road_1_3_3_1;road_1_3_3_1;road_1_3_3_1;road_1_3_3_2;road_1_3_3_2;road_1_3_3_2;road_2_2_2_0;road_2_2_2_0;road_2_2_2_0;road_2_2_2_1;road_2_2_2_1;road_2_2_2_1;road_2_2_2_2;road_2_2_2_2;road_2_2_2_2;road_1_1_1_0;road_1_1_1_0;road_1_1_1_0;road_1_1_1_1;road_1_1_1_1;road_1_1_1_1;road_1_1_1_2;road_1_1_1_2;road_1_1_1_2;road_0_2_0_0;road_0_2_0_0;road_0_2_0_0;road_0_2_0_1;road_0_2_0_1;road_0_2_0_1;road_0_2_0_2;road_0_2_0_2;road_0_2_0_2,GGGrrrrrrGGGGGGrrrGGGrrrrrrGGGGGGrrr
0,intersection_1_3,road_1_4_3_0;road_1_4_3_0;road_1_4_3_0;road_1_4_3_1;road_1_4_3_1;road_1_4_3_1;road_1_4_3_2;road_1_4_3_2;road_1_4_3_2;road_2_3_2_0;road_2_3_2_0;road_2_3_2_0;road_2_3_2_1;road_2_3_2_1;road_2_3_2_1;road_2_3_2_2;road_2_3_2_2;road_2_3_2_2;road_1_2_1_0;road_1_2_1_0;road_1_2_1_0;road_1_2_1_1;road_1_2_1_1;road_1_2_1_1;road_1_2_1_2;road_1_2_1_2;road_1_2_1_2;road_0_3_0_0;road_0_3_0_0;road_0_3_0_0;road_0_3_0_1;road_0_3_0_1;road_0_3_0_1;road_0_3_0_2;road_0_3_0_2;road_0_3_0_2,GGGrrrrrrGGGGGGrrrGGGrrrrrrGGGGGGrrr
0,intersection_1_4,road_1_5_3_0;road_1_5_3_0;road_1_5_3_0;road_1_5_3_1;road_1_5_3_1;road_1_5_3_1;road_1_5_3_2;road_1_5_3_2;road_1_5_3_2;road_2_4_2_0;road_2_4_2_0;road_2_4_2_0;road_2_4_2_1;road_2_4_2_1;road_2_4_2_1;road_2_4_2_2;road_2_4_2_2;road_2_4_2_2;road_1_3_1_0;road_1_3_1_0;road_1_3_1_0;road_1_3_1_1;road_1_3_1_1;road_1_3_1_1;road_1_3_1_2;road_1_3_1_2;road_1_3_1_2;road_0_4_0_0;road_0_4_0_0;road_0_4_0_0;road_0_4_0_1;road_0_4_0_1;road_0_4_0_1;road_0_4_0_2;road_0_4_0_2;road_0_4_0_2,GGGrrrrrrGGGGGGrrrGGGrrrrrrGGGGGGrrr
0,intersection_2_1,road_2_2_3_0;road_2_2_3_0;road_2_2_3_0;road_2_2_3_1;road_2_2_3_1;road_2_2_3_1;road_2_2_3_2;road_2_2_3_2;road_2_2_3_2;road_3_1_2_0;road_3_1_2_0;road_3_1_2_0;road_3_1_2_1;road_3_1_2_1;road_3_1_2_1;road_3_1_2_2;road_3_1_2_2;road_3_1_2_2;road_2_0_1_0;road_2_0_1_0;road_2_0_1_0;road_2_0_1_1;road_2_0_1_1;road_2_0_1_1;road_2_0_1_2;road_2_0_1_2;road_2_0_1_2;road_1_1_0_0;road_1_1_0_0;road_1_1_0_0;road_1_1_0_1;road_1_1_0_1;road_1_1_0_1;road_1_1_0_2;road_1_1_0_2;road_1_1_0_2,GGGrrrrrrGGGGGGrrrGGGrrrrrrGGGGGGrrr
0,intersection_2_2,road_2_3_3_0;road_2_3_3_0;road_2_3_3_0;road_2_3_3_1;road_2_3_3_1;road_2_3_3_1;road_2_3_3_2;road_2_3_3_2;road_2_3_3_2;road_3_2_2_0;road_3_2_2_0;road_3_2_2_0;road_3_2_2_1;road_3_2_2_1;road_3_2_2_1;road_3_2_2_2;road_3_2_2_2;road_3_2_2_2;road_2_1_1_0;road_2_1_1_0;road_2_1_1_0;road_2_1_1_1;road_2_1_1_1;road_2_1_1_1;road_2_1_1_2;road_2_1_1_2;road_2_1_1_2;road_1_2_0_0;road_1_2_0_0;road_1_2_0_0;road_1_2_0_1;road_1_2_0_1;road_1_2_0_1;road_1_2_0_2;road_1_2_0_2;road_1_2_0_2,GGGrrrrrrGGGGGGrrrGGGrrrrrrGGGGGGrrr
0,intersection_2_3,road_2_4_3_0;road_2_4_3_0;road_2_4_3_0;road_2_4_3_1;road_2_4_3_1;road_2_4_3_1;road_2_4_3_2;road_2_4_3_2;road_2_4_3_2;road_3_3_2_0;road_3_3_2_0;road_3_3_2_0;road_3_3_2_1;road_3_3_2_1;road_3_3_2_1;road_3_3_2_2;road_3_3_2_2;road_3_3_2_2;road_2_2_1_0;road_2_2_1_0;road_2_2_1_0;road_2_2_1_1;road_2_2_1_1;road_2_2_1_1;road_2_2_1_2;road_2_2_1_2;road_2_2_1_2;road_1_3_0_0;road_1_3_0_0;road_1_3_0_0;road_1_3_0_1;road_1_3_0_1;road_1_3_0_1;road_1_3_0_2;road_1_3_0_2;road_1_3_0_2,GGGrrrrrrGGGGGGrrrGGGrrrrrrGGGGGGrrr
0,intersection_2_4,road_2_5_3_0;road_2_5_3_0;road_2_5_3_0;road_2_5_3_1;road_2_5_3_1;road_2_5_3_1;road_2_5_3_2;road_2_5_3_2;road_2_5_3_2;road_3_4_2_0;road_3_4_2_0;road_3_4_2_0;road_3_4_2_1;road_3_4_2_1;road_3_4_2_1;road_3_4_2_2;road_3_4_2_2;road_3_4_2_2;road_2_3_1_0;road_2_3_1_0;road_2_3_1_0;road_2_3_1_1;road_2_3_1_1;road_2_3_1_1;road_2_3_1_2;road_2_3_1_2;road_2_3_1_2;road_1_4_0_0;road_1_4_0_0;road_1_4_0_0;road_1_4_0_1;road_1_4_0_1;road_1_4_0_1;road_1_4_0_2;road_1_4_0_2;road_1_4_0_2,GGGrrrrrrGGGGGGrrrGGGrrrrrrGGGGGGrrr
0,intersection_3_1,road_3_2_3_0;road_3_2_3_0;road_3_2_3_0;road_3_2_3_1;road_3_2_3_1;road_3_2_3_1;road_3_2_3_2;road_3_2_3_2;road_3_2_3_2;road_4_1_2_0;road_4_1_2_0;road_4_1_2_0;road_4_1_2_1;road_4_1_2_1;road_4_1_2_1;road_4_1_2_2;road_4_1_2_2;road_4_1_2_2;road_3_0_1_0;road_3_0_1_0;road_3_0_1_0;road_3_0_1_1;road_3_0_1_1;road_3_0_1_1;road_3_0_1_2;road_3_0_1_2;road_3_0_1_2;road_2_1_0_0;road_2_1_0_0;road_2_1_0_0;road_2_1_0_1;road_2_1_0_1;road_2_1_0_1;road_2_1_0_2;road_2_1_0_2;road_2_1_0_2,GGGrrrrrrGGGGGGrrrGGGrrrrrrGGGGGGrrr
0,intersection_3_2,road_3_3_3_0;road_3_3_3_0;road_3_3_3_0;road_3_3_3_1;road_3_3_3_1;road_3_3_3_1;road_3_3_3_2;road_3_3_3_2;road_3_3_3_2;road_4_2_2_0;road_4_2_2_0;road_4_2_2_0;road_4_2_2_1;road_4_2_2_1;road_4_2_2_1;road_4_2_2_2;road_4_2_2_2;road_4_2_2_2;road_3_1_1_0;road_3_1_1_0;road_3_1_1_0;road_3_1_1_1;road_3_1_1_1;road_3_1_1_1;road_3_1_1_2;road_3_1_1_2;road_3_1_1_2;road_2_2_0_0;road_2_2_0_0;road_2_2_0_0;road_2_2_0_1;road_2_2_0_1;road_2_2_0_1;road_2_2_0_2;road_2_2_0_2;road_2_2_0_2,GGGrrrrrrGGGGGGrrrGGGrrrrrrGGGGGGrrr
0,intersection_3_3,road_3_4_3_0;road_3_4_3_0;road_3_4_3_0;road_3_4_3_1;road_3_4_3_1;road_3_4_3_1;road_3_4_3_2;road_3_4_3_2;road_3_4_3_2;road_4_3_2_0;road_4_3_2_0;road_4_3_2_0;road_4_3_2_1;road_4_3_2_1;road_4_3_2_1;road_4_3_2_2;road_4_3_2_2;road_4_3_2_2;road_3_2_1_0;road_3_2_1_0;road_3_2_1_0;road_3_2_1_1;road_3_2_1_1;road_3_2_1_1;road_3_2_1_2;road_3_2_1_2;road_3_2_1_2;road_2_3_0_0;road_2_3_0_0;road_2_3_0_0;road_2_3_0_1;road_2_3_0_1;road_2_3_0_1;road_2_3_0_2;road_2_3_0_2;road_2_3_0_2,GGGrrrrrrGGGGGGrrrGGGrrrrrrGGGGGGrrr
0,intersection_3_4,road_3_5_3_0;road_3_5_3_0;road_3_5_3_0;road_3_5_3_1;road_3_5_3_1;road_3_5_3_1;road_3_5_3_2;road_3_5_3_2;road_3_5_3_2;road_4_4_2_0;road_4_4_2_0;road_4_4_2_0;road_4_4_2_1;road_4_4_2_1;road_4_4_2_1;road_4_4_2_2;road_4_4_2_2;road_4_4_2_2;road_3_3_1_0;road_3_3_1_0;road_3_3_1_0;road_3_3_1_1;road_3_3_1_1;road_3_3_1_1;road_3_3_1_2;road_3_3_1_2;road_3_3_1_2;road_2_4_0_0;road_2_4_0_0;road_2_4_0_0;road_2_4_0_1;road_2_4_0_1;road_2_4_0_1;road_2_4_0_2;road_2_4_0_2;road_2_4_0_2,GGGrrrrrrGGGGGGrrrGGGrrrrrrGGGGGGrrr
0,intersection_4_1,road_4_2_3_0;road_4_2_3_0;road_4_2_3_0;road_4_2_3_1;road_4_2_3_1;road_4_2_3_1;road_4_2_3_2;road_4_2_3_2;road_4_2_3_2;road_5_1_2_0;road_5_1_2_0;road_5_1_2_0;road_5_1_2_1;road_5_1_2_1;road_5_1_2_1;road_5_1_2_2;road_5_1_2_2;road_5_1_2_2;road_4_0_1_0;road_4_0_1_0;road_4_0_1_0;road_4_0_1_1;road_4_0_1_1;road_4_0_1_1;road_4_0_1_2;road_4_0_1_2;road_4_0_1_2;road_3_1_0_0;road_3_1_0_0;road_3_1_0_0;road_3_1_0_1;road_3_1_0_1;road_3_1_0_1;road_3_1_0_2;road_3_1_0_2;road_3_1_0_2,GGGrrrrrrGGGGGGrrrGGGrrrrrrGGGGGGrrr
0,intersection_4_2,road_4_3_3_0;road_4_3_3_0;road_4_3_3_0;road_4_3_3_1;road_4_3_3_1;road_4_3_3_1;road_4_3_3_2;road_4_3_3_2;road_4_3_3_2;road_5_2_2_0;road_5_2_2_0;road_5_2_2_0;road_5_2_2_1;road_5_2_2_1;road_5_2_2_1;road_5_2_2_2;road_5_2_2_2;road_5_2_2_2;road_4_1_1_0;road_4_1_1_0;road_4_1_1_0;road_4_1_1_1;road_4_1_1_1;road_4_1_1_1;road_4_1_1_2;road_4_1_1_2;road_4_1_1_2;road_3_2_0_0;road_3_2_0_0;road_3_2_0_0;road_3_2_0_1;road_3_2_0_1;road_3_2_0_1;road_3_2_0_2;road_3_2_0_2;road_3_2_0_2,GGGrrrrrrGGGGGGrrrGGGrrrrrrGGGGGGrrr
0,intersection_4_3,road_4_4_3_0;road_4_4_3_0;road_4_4_3_0;road_4_4_3_1;road_4_4_3_1;road_4_4_3_1;road_4_4_3_2;road_4_4_3_2;road_4_4_3_2;road_5_3_2_0;road_5_3_2_0;road_5_3_2_0;road_5_3_2_1;road_5_3_2_1;road_5_3_2_1;road_5_3_2_2;road_5_3_2_2;road_5_3_2_2;road_4_2_1_0;road_4_2_1_0;road_4_2_1_0;road_4_2_1_1;road_4_2_1_1;road_4_2_1_1;road_4_2_1_2;road_4_2_1_2;road_4_2_1_2;road_3_3_0_0;road_3_3_0_0;road_3_3_0_0;road_3_3_0_1;road_3_3_0_1;road_3_3_0_1;road_3_3_0_2;road_3_3_0_2;road_3_3_0_2,GGGrrrrrrGGGGGGrrrGGGrrrrrrGGGGGGrrr
0,intersection_4_4,road_4_5_3_0;road_4_5_3_0;road_4_5_3_0;road_4_5_3_1;road_4_5_3_1;road_4_5_3_1;road_4_5_3_2;road_4_5_3_2;road_4_5_3_2;road_5_4_2_0;road_5_4_2_0;road_5_4_2_0;road_5_4_2_1;road_5_4_2_1;road_5_4_2_1;road_5_4_2_2;road_5_4_2_2;road_5_4_2_2;road_4_3_1_0;road_4_3_1_0;road_4_3_1_0;road_4_3_1_1;road_4_3_1_1;road_4_3_1_1;road_4_3_1_2;road_4_3_1_2;road_4_3_1_2;road_3_4_0_0;road_3_4_0_0;road_3_4_0_0;road_3_4_0_1;road_3_4_0_1;road_3_4_0_1;road_3_4_0_2;road_3_4_0_2;road_3_4_0_2,GGGrrrrrrGGGGGGrrrGGGrrrrrrGGGGGGrrr
10,intersection_1_1,road_1_2_3_0;road_1_2_3_0;road_1_2_3_0;road_1_2_3_1;road_1_2_3_1;road_1_2_3_1;road_1_2_3_2;road_1_2_3_2;road_1_2_3_2;road_2_1_2_0;road_2_1_2_0;road_2_1_2_0;road_2_1_2_1;road_2_1_2_1;road_2_1_2_1;road_2_1_2_2;road_2_1_2_2;road_2_1_2_2;road_1_0_1_0;road_1_0_1_0;road_1_0_1_0;road_1_0_1_1;road_1_0_1_1;road_1_0_1_1;road_1_0_1_2;road_1_0_1_2;road_1_0_1_2;road_0_1_0_0;road_0_1_0_0;road_0_1_0_0;road_0_1_0_1;road_0_1_0_1;road_0_1_0_1;road_0_1_0_2;road_0_1_0_2;road_0_1_0_2,GGGrrrrrrGGGGGGrrrGGGrrrrrrGGGGGGrrr
10,intersection_1_2,road_1_3_3_0;road_1_3_3_0;road_1_3_3_0;road_1_3_3_1;road_1_3_3_1;road_1_3_3_1;road_1_3_3_2;road_1_3_3_2;road_1_3_3_2;road_2_2_2_0;road_2_2_2_0;road_2_2_2_0;road_2_2_2_1;road_2_2_2_1;road_2_2_2_1;road_2_2_2_2;road_2_2_2_2;road_2_2_2_2;road_1_1_1_0;road_1_1_1_0;road_1_1_1_0;road_1_1_1_1;road_1_1_1_1;road_1_1_1_1;road_1_1_1_2;road_1_1_1_2;road_1_1_1_2;road_0_2_0_0;road_0_2_0_0;road_0_2_0_0;road_0_2_0_1;road_0_2_0_1;road_0_2_0_1;road_0_2_0_2;road_0_2_0_2;road_0_2_0_2,GGGrrrrrrGGGGGGrrrGGGrrrrrrGGGGGGrrr
10,intersection_1_3,road_1_4_3_0;road_1_4_3_0;road_1_4_3_0;road_1_4_3_1;road_1_4_3_1;road_1_4_3_1;road_1_4_3_2;road_1_4_3_2;road_1_4_3_2;road_2_3_2_0;road_2_3_2_0;road_2_3_2_0;road_2_3_2_1;road_2_3_2_1;road_2_3_2_1;road_2_3_2_2;road_2_3_2_2;road_2_3_2_2;road_1_2_1_0;road_1_2_1_0;road_1_2_1_0;road_1_2_1_1;road_1_2_1_1;road_1_2_1_1;road_1_2_1_2;road_1_2_1_2;road_1_2_1_2;road_0_3_0_0;road_0_3_0_0;road_0_3_0_0;road_0_3_0_1;road_0_3_0_1;road_0_3_0_1;road_0_3_0_2;road_0_3_0_2;road_0_3_0_2,GGGrrrrrrGGGGGGrrrGGGrrrrrrGGGGGGrrr
10,intersection_1_4,road_1_5_3_0;road_1_5_3_0;road_1_5_3_0;road_1_5_3_1;road_1_5_3_1;road_1_5_3_1;road_1_5_3_2;road_1_5_3_2;road_1_5_3_2;road_2_4_2_0;road_2_4_2_0;road_2_4_2_0;road_2_4_2_1;road_2_4_2_1;road_2_4_2_1;road_2_4_2_2;road_2_4_2_2;road_2_4_2_2;road_1_3_1_0;road_1_3_1_0;road_1_3_1_0;road_1_3_1_1;road_1_3_1_1;road_1_3_1_1;road_1_3_1_2;road_1_3_1_2;road_1_3_1_2;road_0_4_0_0;road_0_4_0_0;road_0_4_0_0;road_0_4_0_1;road_0_4_0_1;road_0_4_0_1;road_0_4_0_2;road_0_4_0_2;road_0_4_0_2,GGGrrrrrrGGGGGGrrrGGGrrrrrrGGGGGGrrr
10,intersection_2_1,road_2_2_3_0;road_2_2_3_0;road_2_2_3_0;road_2_2_3_1;road_2_2_3_1;road_2_2_3_1;road_2_2_3_2;road_2_2_3_2;road_2_2_3_2;road_3_1_2_0;road_3_1_2_0;road_3_1_2_0;road_3_1_2_1;road_3_1_2_1;road_3_1_2_1;road_3_1_2_2;road_3_1_2_2;road_3_1_2_2;road_2_0_1_0;road_2_0_1_0;road_2_0_1_0;road_2_0_1_1;road_2_0_1_1;road_2_0_1_1;road_2_0_1_2;road_2_0_1_2;road_2_0_1_2;road_1_1_0_0;road_1_1_0_0;road_1_1_0_0;road_1_1_0_1;road_1_1_0_1;road_1_1_0_1;road_1_1_0_2;road_1_1_0_2;road_1_1_0_2,GGGrrrrrrGGGGGGrrrGGGrrrrrrGGGGGGrrr
10,intersection_2_2,road_2_3_3_0;road_2_3_3_0;road_2_3_3_0;road_2_3_3_1;road_2_3_3_1;road_2_3_3_1;road_2_3_3_2;road_2_3_3_2;road_2_3_3_2;road_3_2_2_0;road_3_2_2_0;road_3_2_2_0;road_3_2_2_1;road_3_2_2_1;road_3_2_2_1;road_3_2_2_2;road_3_2_2_2;road_3_2_2_2;road_2_1_1_0;road_2_1_1_0;road_2_1_1_0;road_2_1_1_1;road_2_1_1_1;road_2_1_1_1;road_2_1_1_2;road_2_1_1_2;road_2_1_1_2;road_1_2_0_0;road_1_2_0_0;road_1_2_0_0;road_1_2_0_1;road_1_2_0_1;road_1_2_0_1;road_1_2_0_2;road_1_2_0_2;road_1_2_0_2,GGGrrrrrrGGGGGGrrrGGGrrrrrrGGGGGGrrr
10,intersection_2_3,road_2_4_3_0;road_2_4_3_0;road_2_4_3_0;road_2_4_3_1;road_2_4_3_1;road_2_4_3_1;road_2_4_3_2;road_2_4_3_2;road_2_4_3_2;road_3_3_2_0;road_3_3_2_0;road_3_3_2_0;road_3_3_2_1;road_3_3_2_1;road_3_3_2_1;road_3_3_2_2;road_3_3_2_2;road_3_3_2_2;road_2_2_1_0;road_2_2_1_0;road_2_2_1_0;road_2_2_1_1;road_2_2_1_1;road_2_2_1_1;road_2_2_1_2;road_2_2_1_2;road_2_2_1_2;road_1_3_0_0;road_1_3_0_0;road_1_3_0_0;road_1_3_0_1;road_1_3_0_1;road_1_3_0_1;road_1_3_0_2;road_1_3_0_2;road_1_3_0_2,GGGrrrrrrGGGGGGrrrGGGrrrrrrGGGGGGrrr
10,intersection_2_4,road_2_5_3_0;road_2_5_3_0;road_2_5_3_0;road_2_5_3_1;road_2_5_3_1;road_2_5_3_1;road_2_5_3_2;road_2_5_3_2;road_2_5_3_2;road_3_4_2_0;road_3_4_2_0;road_3_4_2_0;road_3_4_2_1;road_3_4_2_1;road_3_4_2_1;road_3_4_2_2;road_3_4_2_2;road_3_4_2_2;road_2_3_1_0;road_2_3_1_0;road_2_3_1_0;road_2_3_1_1;road_2_3_1_1;road_2_3_1_1;road_2_3_1_2;road_2_3_1_2;road_2_3_1_2;road_1_4_0_0;road_1_4_0_0;road_1_4_0_0;road_1_4_0_1;road_1_4_0_1;road_1_4_0_1;road_1_4_0_2;road_1_4_0_2;road_1_4_0_2,GGGrrrrrrGGGGGGrrrGGGrrrrrrGGGGGGrrr
10,intersection_3_1,road_3_2_3_0;road_3_2_3_0;road_3_2_3_0;road_3_2_3_1;road_3_2_3_1;road_3_2_3_1;road_3_2_3_2;road_3_2_3_2;road_3_2_3_2;road_4_1_2_0;road_4_1_2_0;road_4_1_2_0;road_4_1_2_1;road_4_1_2_1;road_4_1_2_1;road_4_1_2_2;road_4_1_2_2;road_4_1_2_2;road_3_0_1_0;road_3_0_1_0;road_3_0_1_0;road_3_0_1_1;road_3_0_1_1;road_3_0_1_1;road_3_0_1_2;road_3_0_1_2;road_3_0_1_2;road_2_1_0_0;road_2_1_0_0;road_2_1_0_0;road_2_1_0_1;road_2_1_0_1;road_2_1_0_1;road_2_1_0_2;road_2_1_0_2;road_2_1_0_2,GGGrrrrrrGGGGGGrrrGGGrrrrrrGGGGGGrrr
10,intersection_3_2,road_3_3_3_0;road_3_3_3_0;road_3_3_3_0;road_3_3_3_1;road_3_3_3_1;road_3_3_3_1;road_3_3_3_2;road_3_3_3_2;road_3_3_3_2;road_4_2_2_0;road_4_2_2_0;road_4_2_2_0;road_4_2_2_1;road_4_2_2_1;road_4_2_2_1;road_4_2_2_2;road_4_2_2_2;road_4_2_2_2;road_3_1_1_0;road_3_1_1_0;road_3_1_1_0;road_3_1_1_1;road_3_1_1_1;road_3_1_1_1;road_3_1_1_2;road_3_1_1_2;road_3_1_1_2;road_2_2_0_0;road_2_2_0_0;road_2_2_0_0;road_2_2_0_1;road_2_2_0_1;road_2_2_0_1;road_2_2_0_2;road_2_2_0_2;road_2_2_0_2,GGGrrrrrrGGGGGGrrrGGGrrrrrrGGGGGGrrr
10,intersection_3_3,road_3_4_3_0;road_3_4_3_0;road_3_4_3_0;road_3_4_3_1;road_3_4_3_1;road_3_4_3_1;road_3_4_3_2;road_3_4_3_2;road_3_4_3_2;road_4_3_2_0;road_4_3_2_0;road_4_3_2_0;road_4_3_2_1;road_4_3_2_1;road_4_3_2_1;road_4_3_2_2;road_4_3_2_2;road_4_3_2_2;road_3_2_1_0;road_3_2_1_0;road_3_2_1_0;road_3_2_1_1;road_3_2_1_1;road_3_2_1_1;road_3_2_1_2;road_3_2_1_2;road_3_2_1_2;road_2_3_0_0;road_2_3_0_0;road_2_3_0_0;road_2_3_0_1;road_2_3_0_1;road_2_3_0_1;road_2_3_0_2;road_2_3_0_2;road_2_3_0_2,GGGrrrrrrGGGGGGrrrGGGrrrrrrGGGGGGrrr
10,intersection_3_4,road_3_5_3_0;road_3_5_3_0;road_3_5_3_0;road_3_5_3_1;road_3_5_3_1;road_3_5_3_1;road_3_5_3_2;road_3_5_3_2;road_3_5_3_2;road_4_4_2_0;road_4_4_2_0;road_4_4_2_0;road_4_4_2_1;road_4_4_2_1;road_4_4_2_1;road_4_4_2_2;road_4_4_2_2;road_4_4_2_2;road_3_3_1_0;road_3_3_1_0;road_3_3_1_0;road_3_3_1_1;road_3_3_1_1;road_3_3_1_1;road_3_3_1_2;road_3_3_1_2;road_3_3_1_2;road_2_4_0_0;road_2_4_0_0;road_2_4_0_0;road_2_4_0_1;road_2_4_0_1;road_2_4_0_1;road_2_4_0_2;road_2_4_0_2;road_2_4_0_2,GGGrrrrrrGGGGGGrrrGGGrrrrrrGGGGGGrrr
10,intersection_4_1,road_4_2_3_0;road_4_2_3_0;road_4_2_3_0;road_4_2_3_1;road_4_2_3_1;road_4_2_3_1;road_4_2_3_2;road_4_2_3_2;road_4_2_3_2;road_5_1_2_0;road_5_1_2_0;road_5_1_2_0;road_5_1_2_1;road_5_1_2_1;road_5_1_2_1;road_5_1_2_2;road_5_1_2_2;road_5_1_2_2;road_4_0_1_0;road_4_0_1_0;road_4_0_1_0;road_4_0_1_1;road_4_0_1_1;road_4_0_1_1;road_4_0_1_2;road_4_0_1_2;road_4_0_1_2;road_3_1_0_0;road_3_1_0_0;road_3_1_0_0;road_3_1_0_1;road_3_1_0_1;road_3_1_0_1;road_3_1_0_2;road_3_1_0_2;road_3_1_0_2,GGGrrrrrrGGGGGGrrrGGGrrrrrrGGGGGGrrr
10,intersection_4_2,road_4_3_3_0;road_4_3_3_0;road_4_3_3_0;road_4_3_3_1;road_4_3_3_1;road_4_3_3_1;road_4_3_3_2;road_4_3_3_2;road_4_3_3_2;road_5_2_2_0;road_5_2_2_0;road_5_2_2_0;road_5_2_2_1;road_5_2_2_1;road_5_2_2_1;road_5_2_2_2;road_5_2_2_2;road_5_2_2_2;road_4_1_1_0;road_4_1_1_0;road_4_1_1_0;road_4_1_1_1;road_4_1_1_1;road_4_1_1_1;road_4_1_1_2;road_4_1_1_2;road_4_1_1_2;road_3_2_0_0;road_3_2_0_0;road_3_2_0_0;road_3_2_0_1;road_3_2_0_1;road_3_2_0_1;road_3_2_0_2;road_3_2_0_2;road_3_2_0_2,GGGrrrrrrGGGGGGrrrGGGrrrrrrGGGGGGrrr
10,intersection_4_3,road_4_4_3_0;road_4_4_3_0;road_4_4_3_0;road_4_4_3_1;road_4_4_3_1;road_4_4_3_1;road_4_4_3_2;road_4_4_3_2;road_4_4_3_2;road_5_3_2_0;road_5_3_2_0;road_5_3_2_0;road_5_3_2_1;road_5_3_2_1;road_5_3_2_1;road_5_3_2_2;road_5_3_2_2;road_5_3_2_2;road_4_2_1_0;road_4_2_1_0;road_4_2_1_0;road_4_2_1_1;road_4_2_1_1;road_4_2_1_1;road_4_2_1_2;road_4_2_1_2;road_4_2_1_2;road_3_3_0_0;road_3_3_0_0;road_3_3_0_0;road_3_3_0_1;road_3_3_0_1;road_3_3_0_1;road_3_3_0_2;road_3_3_0_2;road_3_3_0_2,GGGrrrrrrGGGGGGrrrGGGrrrrrrGGGGGGrrr
10,intersection_4_4,road_4_5_3_0;road_4_5_3_0;road_4_5_3_0;road_4_5_3_1;road_4_5_3_1;road_4_5_3_1;road_4_5_3_2;road_4_5_3_2;road_4_5_3_2;road_5_4_2_0;road_5_4_2_0;road_5_4_2_0;road_5_4_2_1;road_5_4_2_1;road_5_4_2_1;road_5_4_2_2;road_5_4_2_2;road_5_4_2_2;road_4_3_1_0;road_4_3_1_0;road_4_3_1_0;road_4_3_1_1;road_4_3_1_1;road_4_3_1_1;road_4_3_1_2;road_4_3_1_2;road_4_3_1_2;road_3_4_0_0;road_3_4_0_0;road_3_4_0_0;road_3_4_0_1;road_3_4_0_1;road_3_4_0_1;road_3_4_0_2;road_3_4_0_2;road_3_4_0_2,GGGrrrrrrGGGGGGrrrGGGrrrrrrGGGGGGrrr
20,intersection_1_1,road_1_2_3_0;road_1_2_3_0;road_1_2_3_0;road_1_2_3_1;road_1_2_3_1;road_1_2_3_1;road_1_2_3_2;road_1_2_3_2;road_1_2_3_2;road_2_1_2_0;road_2_1_2_0;road_2_1_2_0;road_2_1_2_1;road_2_1_2_1;road_2_1_2_1;road_2_1_2_2;road_2_1_2_2;road_2_1_2_2;road_1_0_1_0;road_1_0_1_0;road_1_0_1_0;road_1_0_1_1;road_1_0_1_1;road_1_0_1_1;road_1_0_1_2;road_1_0_1_2;road_1_0_1_2;road_0_1_0_0;road_0_1_0_0;road_0_1_0_0;road_0_1_0_1;road_0_1_0_1;road_0_1_0_1;road_0_1_0_2;road_0_1_0_2;road_0_1_0_2,GGGrrrrrrGGGGGGrrrGGGrrrrrrGGGGGGrrr
20,intersection_1_2,road_1_3_3_0;road_1_3_3_0;road_1_3_3_0;road_1_3_3_1;road_1_3_3_1;road_1_3_3_1;road_1_3_3_2;road_1_3_3_2;road_1_3_3_2;road_2_2_2_0;road_2_2_2_0;road_2_2_2_0;road_2_2_2_1;road_2_2_2_1;road_2_2_2_1;road_2_2_2_2;road_2_2_2_2;road_2_2_2_2;road_1_1_1_0;road_1_1_1_0;road_1_1_1_0;road_1_1_1_1;road_1_1_1_1;road_1_1_1_1;road_1_1_1_2;road_1_1_1_2;road_1_1_1_2;road_0_2_0_0;road_0_2_0_0;road_0_2_0_0;road_0_2_0_1;road_0_2_0_1;road_0_2_0_1;road_0_2_0_2;road_0_2_0_2;road_0_2_0_2,GGGrrrrrrGGGGGGrrrGGGrrrrrrGGGGGGrrr
20,intersection_1_3,road_1_4_3_0;road_1_4_3_0;road_1_4_3_0;road_1_4_3_1;road_1_4_3_1;road_1_4_3_1;road_1_4_3_2;road_1_4_3_2;road_1_4_3_2;road_2_3_2_0;road_2_3_2_0;road_2_3_2_0;road_2_3_2_1;road_2_3_2_1;road_2_3_2_1;road_2_3_2_2;road_2_3_2_2;road_2_3_2_2;road_1_2_1_0;road_1_2_1_0;road_1_2_1_0;road_1_2_1_1;road_1_2_1_1;road_1_2_1_1;road_1_2_1_2;road_1_2_1_2;road_1_2_1_2;road_0_3_0_0;road_0_3_0_0;road_0_3_0_0;road_0_3_0_1;road_0_3_0_1;road_0_3_0_1;road_0_3_0_2;road_0_3_0_2;road_0_3_0_2,GGGrrrrrrGGGGGGrrrGGGrrrrrrGGGGGGrrr
20,intersection_1_4,road_1_5_3_0;road_1_5_3_0;road_1_5_3_0;road_1_5_3_1;road_1_5_3_1;road_1_5_3_1;road_1_5_3_2;road_1_5_3_2;road_1_5_3_2;road_2_4_2_0;road_2_4_2_0;road_2_4_2_0;road_2_4_2_1;road_2_4_2_1;road_2_4_2_1;road_2_4_2_2;road_2_4_2_2;road_2_4_2_2;road_1_3_1_0;road_1_3_1_0;road_1_3_1_0;road_1_3_1_1;road_1_3_1_1;road_1_3_1_1;road_1_3_1_2;road_1_3_1_2;road_1_3_1_2;road_0_4_0_0;road_0_4_0_0;road_0_4_0_0;road_0_4_0_1;road_0_4_0_1;road_0_4_0_1;road_0_4_0_2;road_0_4_0_2;road_0_4_0_2,GGGrrrrrrGGGGGGrrrGGGrrrrrrGGGGGGrrr
20,intersection_2_1,road_2_2_3_0;road_2_2_3_0;road_2_2_3_0;road_2_2_3_1;road_2_2_3_1;road_2_2_3_1;road_2_2_3_2;road_2_2_3_2;road_2_2_3_2;road_3_1_2_0;road_3_1_2_0;road_3_1_2_0;road_3_1_2_1;road_3_1_2_1;road_3_1_2_1;road_3_1_2_2;road_3_1_2_2;road_3_1_2_2;road_2_0_1_0;road_2_0_1_0;road_2_0_1_0;road_2_0_1_1;road_2_0_1_1;road_2_0_1_1;road_2_0_1_2;road_2_0_1_2;road_2_0_1_2;road_1_1_0_0;road_1_1_0_0;road_1_1_0_0;road_1_1_0_1;road_1_1_0_1;road_1_1_0_1;road_1_1_0_2;road_1_1_0_2;road_1_1_0_2,GGGrrrrrrGGGGGGrrrGGGrrrrrrGGGGGGrrr
20,intersection_2_2,road_2_3_3_0;road_2_3_3_0;road_2_3_3_0;road_2_3_3_1;road_2_3_3_1;road_2_3_3_1;road_2_3_3_2;road_2_3_3_2;road_2_3_3_2;road_3_2_2_0;road_3_2_2_0;road_3_2_2_0;road_3_2_2_1;road_3_2_2_1;road_3_2_2_1;road_3_2_2_2;road_3_2_2_2;road_3_2_2_2;road_2_1_1_0;road_2_1_1_0;road_2_1_1_0;road_2_1_1_1;road_2_1_1_1;road_2_1_1_1;road_2_1_1_2;road_2_1_1_2;road_2_1_1_2;road_1_2_0_0;road_1_2_0_0;road_1_2_0_0;road_1_2_0_1;road_1_2_0_1;road_1_2_0_1;road_1_2_0_2;road_1_2_0_2;road_1_2_0_2,GGGrrrrrrGGGGGGrrrGGGrrrrrrGGGGGGrrr
20,intersection_2_3,road_2_4_3_0;road_2_4_3_0;road_2_4_3_0;road_2_4_3_1;road_2_4_3_1;road_2_4_3_1;road_2_4_3_2;road_2_4_3_2;road_2_4_3_2;road_3_3_2_0;road_3_3_2_0;road_3_3_2_0;road_3_3_2_1;road_3_3_2_1;road_3_3_2_1;road_3_3_2_2;road_3_3_2_2;road_3_3_2_2;road_2_2_1_0;road_2_2_1_0;road_2_2_1_0;road_2_2_1_1;road_2_2_1_1;road_2_2_1_1;road_2_2_1_2;road_2_2_1_2;road_2_2_1_2;road_1_3_0_0;road_1_3_0_0;road_1_3_0_0;road_1_3_0_1;road_1_3_0_1;road_1_3_0_1;road_1_3_0_2;road_1_3_0_2;road_1_3_0_2,GGGrrrrrrGGGGGGrrrGGGrrrrrrGGGGGGrrr
20,intersection_2_4,road_2_5_3_0;road_2_5_3_0;road_2_5_3_0;road_2_5_3_1;road_2_5_3_1;road_2_5_3_1;road_2_5_3_2;road_2_5_3_2;road_2_5_3_2;road_3_4_2_0;road_3_4_2_0;road_3_4_2_0;road_3_4_2_1;road_3_4_2_1;road_3_4_2_1;road_3_4_2_2;road_3_4_2_2;road_3_4_2_2;road_2_3_1_0;road_2_3_1_0;road_2_3_1_0;road_2_3_1_1;road_2_3_1_1;road_2_3_1_1;road_2_3_1_2;road_2_3_1_2;road_2_3_1_2;road_1_4_0_0;road_1_4_0_0;road_1_4_0_0;road_1_4_0_1;road_1_4_0_1;road_1_4_0_1;road_1_4_0_2;road_1_4_0_2;road_1_4_0_2,GGGrrrrrrGGGGGGrrrGGGrrrrrrGGGGGGrrr
20,intersection_3_1,road_3_2_3_0;road_3_2_3_0;road_3_2_3_0;road_3_2_3_1;road_3_2_3_1;road_3_2_3_1;road_3_2_3_2;road_3_2_3_2;road_3_2_3_2;road_4_1_2_0;road_4_1_2_0;road_4_1_2_0;road_4_1_2_1;road_4_1_2_1;road_4_1_2_1;road_4_1_2_2;road_4_1_2_2;road_4_1_2_2;road_3_0_1_0;road_3_0_1_0;road_3_0_1_0;road_3_0_1_1;road_3_0_1_1;road_3_0_1_1;road_3_0_1_2;road_3_0_1_2;road_3_0_1_2;road_2_1_0_0;road_2_1_0_0;road_2_1_0_0;road_2_1_0_1;road_2_1_0_1;road_2_1_0_1;road_2_1_0_2;road_2_1_0_2;road_2_1_0_2,GGGrrrrrrGGGGGGrrrGGGrrrrrrGGGGGGrrr
20,intersection_3_2,road_3_3_3_0;road_3_3_3_0;road_3_3_3_0;road_3_3_3_1;road_3_3_3_1;road_3_3_3_1;road_3_3_3_2;road_3_3_3_2;road_3_3_3_2;road_4_2_2_0;road_4_2_2_0;road_4_2_2_0;road_4_2_2_1;road_4_2_2_1;road_4_2_2_1;road_4_2_2_2;road_4_2_2_2;road_4_2_2_2;road_3_1_1_0;road_3_1_1_0;road_3_1_1_0;road_3_1_1_1;road_3_1_1_1;road_3_1_1_1;road_3_1_1_2;road_3_1_1_2;road_3_1_1_2;road_2_2_0_0;road_2_2_0_0;road_2_2_0_0;road_2_2_0_1;road_2_2_0_1;road_2_2_0_1;road_2_2_0_2;road_2_2_0_2;road_2_2_0_2,GGGrrrrrrGGGGGGrrrGGGrrrrrrGGGGGGrrr
20,intersection_3_3,road_3_4_3_0;road_3_4_3_0;road_3_4_3_0;road_3_4_3_1;road_3_4_3_1;road_3_4_3_1;road_3_4_3_2;road_3_4_3_2;road_3_4_3_2;road_4_3_2_0;road_4_3_2_0;road_4_3_2_0;road_4_3_2_1;road_4_3_2_1;road_4_3_2_1;road_4_3_2_2;road_4_3_2_2;road_4_3_2_2;road_3_2_1_0;road_3_2_1_0;road_3_2_1_0;road_3_2_1_1;road_3_2_1_1;road_3_2_1_1;road_3_2_1_2;road_3_2_1_2;road_3_2_1_2;road_2_3_0_0;road_2_3_0_0;road_2_3_0_0;road_2_3_0_1;road_2_3_0_1;road_2_3_0_1;road_2_3_0_2;road_2_3_0_2;road_2_3_0_2,GGGrrrrrrGGGGGGrrrGGGrrrrrrGGGGGGrrr
20,intersection_3_4,road_3_5_3_0;road_3_5_3_0;road_3_5_3_0;road_3_5_3_1;road_3_5_3_1;road_3_5_3_1;road_3_5_3_2;road_3_5_3_2;road_3_5_3_2;road_4_4_2_0;road_4_4_2_0;road_4_4_2_0;road_4_4_2_1;road_4_4_2_1;road_4_4_2_1;road_4_4_2_2;road_4_4_2_2;road_4_4_2_2;road_3_3_1_0;road_3_3_1_0;road_3_3_1_0;road_3_3_1_1;road_3_3_1_1;road_3_3_1_1;road_3_3_1_2;road_3_3_1_2;road_3_3_1_2;road_2_4_0_0;road_2_4_0_0;road_2_4_0_0;road_2_4_0_1;road_2_4_0_1;road_2_4_0_1;road_2_4_0_2;road_2_4_0_2;road_2_4_0_2,GGGrrrrrrGGGGGGrrrGGGrrrrrrGGGGGGrrr
20,intersection_4_1,road_4_2_3_0;road_4_2_3_0;road_4_2_3_0;road_4_2_3_1;road_4_2_3_1;road_4_2_3_1;road_4_2_3_2;road_4_2_3_2;road_4_2_3_2;road_5_1_2_0;road_5_1_2_0;road_5_1_2_0;road_5_1_2_1;road_5_1_2_1;road_5_1_2_1;road_5_1_2_2;road_5_1_2_2;road_5_1_2_2;road_4_0_1_0;road_4_0_1_0;road_4_0_1_0;road_4_0_1_1;road_4_0_1_1;road_4_0_1_1;road_4_0_1_2;road_4_0_1_2;road_4_0_1_2;road_3_1_0_0;road_3_1_0_0;road_3_1_0_0;road_3_1_0_1;road_3_1_0_1;road_3_1_0_1;road_3_1_0_2;road_3_1_0_2;road_3_1_0_2,GGGrrrrrrGGGGGGrrrGGGrrrrrrGGGGGGrrr
20,intersection_4_2,road_4_3_3_0;road_4_3_3_0;road_4_3_3_0;road_4_3_3_1;road_4_3_3_1;road_4_3_3_1;road_4_3_3_2;road_4_3_3_2;road_4_3_3_2;road_5_2_2_0;road_5_2_2_0;road_5_2_2_0;road_5_2_2_1;road_5_2_2_1;road_5_2_2_1;road_5_2_2_2;road_5_2_2_2;road_5_2_2_2;road_4_1_1_0;road_4_1_1_0;road_4_1_1_0;road_4_1_1_1;road_4_1_1_1;road_4_1_1_1;road_4_1_1_2;road_4_1_1_2;road_4_1_1_2;road_3_2_0_0;road_3_2_0_0;road_3_2_0_0;road_3_2_0_1;road_3_2_0_1;road_3_2_0_1;road_3_2_0_2;road_3_2_0_2;road_3_2_0_2,GGGrrrrrrGGGGGGrrrGGGrrrrrrGGGGGGrrr
20,intersection_4_3,road_4_4_3_0;road_4_4_3_0;road_4_4_3_0;road_4_4_3_1;road_4_4_3_1;road_4_4_3_1;road_4_4_3_2;road_4_4_3_2;road_4_4_3_2;road_5_3_2_0;road_5_3_2_0;road_5_3_2_0;road_5_3_2_1;road_5_3_2_1;road_5_3_2_1;road_5_3_2_2;road_5_3_2_2;road_5_3_2_2;road_4_2_1_0;road_4_2_1_0;road_4_2_1_0;road_4_2_1_1;road_4_2_1_1;road_4_2_1_1;road_4_2_1_2;road_4_2_1_2;road_4_2_1_2;road_3_3_0_0;road_3_3_0_0;road_3_3_0_0;road_3_3_0_1;road_3_3_0_1;road_3_3_0_1;road_3_3_0_2;road_3_3_0_2;road_3_3_0_2,GGGrrrrrrGGGGGGrrrGGGrrrrrrGGGGGGrrr
20,intersection_4_4,road_4_5_3_0;road_4_5_3_0;road_4_5_3_0;road_4_5_3_1;road_4_5_3_1;road_4_5_3_1;road_4_5_3_2;road_4_5_3_2;road_4_5_3_2;road_5_4_2_0;road_5_4_2_0;road_5_4_2_0;road_5_4_2_1;road_5_4_2_1;road_5_4_2_1;road_5_4_2_2;road_5_4_2_2;road_5_4_2_2;road_4_3_1_0;road_4_3_1_0;road_4_3_1_0;road_4_3_1_1;road_4_3_1_1;road_4_3_1_1;road_4_3_1_2;road_4_3_1_2;road_4_3_1_2;road_3_4_0_0;road_3_4_0_0;road_3_4_0_0;road_3_4_0_1;road_3_4_0_1;road_3_4_0_1;road_3_4_0_2;road_3_4_0_2;road_3_4_0_2,GGGrrrrrrGGGGGGrrrGGGrrrrrrGGGGGGrrr
30,intersection_1_1,road_1_2_3_0;road_1_2_3_0;road_1_2_3_0;road_1_2_3_1;road_1_2_3_1;road_1_2_3_1;road_1_2_3_2;road_1_2_3_2;road_1_2_3_2;road_2_1_2_0;road_2_1_2_0;road_2_1_2_0;road_2_1_2_1;road_2_1_2_1;road_2_1_2_1;road_2_1_2_2;road_2_1_2_2;road_2_1_2_2;road_1_0_1_0;road_1_0_1_0;road_1_0_1_0;road_1_0_1_1;road_1_0_1_1;road_1_0_1_1;road_1_0_1_2;road_1_0_1_2;road_1_0_1_2;road_0_1_0_0;road_0_1_0_0;road_0_1_0_0;road_0_1_0_1;road_0_1_0_1;road_0_1_0_1;road_0_1_0_2;road_0_1_0_2;road_0_1_0_2,GGGrrrrrrGGGGGGrrrGGGrrrrrrGGGGGGrrr
30,intersection_1_2,road_1_3_3_0;road_1_3_3_0;road_1_3_3_0;road_1_3_3_1;road_1_3_3_1;road_1_3_3_1;road_1_3_3_2;road_1_3_3_2;road_1_3_3_2;road_2_2_2_0;road_2_2_2_0;road_2_2_2_0;road_2_2_2_1;road_2_2_2_1;road_2_2_2_1;road_2_2_2_2;road_2_2_2_2;road_2_2_2_2;road_1_1_1_0;road_1_1_1_0;road_1_1_1_0;road_1_1_1_1;road_1_1_1_1;road_1_1_1_1;road_1_1_1_2;road_1_1_1_2;road_1_1_1_2;road_0_2_0_0;road_0_2_0_0;road_0_2_0_0;road_0_2_0_1;road_0_2_0_1;road_0_2_0_1;road_0_2_0_2;road_0_2_0_2;road_0_2_0_2,GGGrrrrrrGGGGGGrrrGGGrrrrrrGGGGGGrrr
30,intersection_1_3,road_1_4_3_0;road_1_4_3_0;road_1_4_3_0;road_1_4_3_1;road_1_4_3_1;road_1_4_3_1;road_1_4_3_2;road_1_4_3_2;road_1_4_3_2;road_2_3_2_0;road_2_3_2_0;road_2_3_2_0;road_2_3_2_1;road_2_3_2_1;road_2_3_2_1;road_2_3_2_2;road_2_3_2_2;road_2_3_2_2;road_1_2_1_0;road_1_2_1_0;road_1_2_1_0;road_1_2_1_1;road_1_2_1_1;road_1_2_1_1;road_1_2_1_2;road_1_2_1_2;road_1_2_1_2;road_0_3_0_0;road_0_3_0_0;road_0_3_0_0;road_0_3_0_1;road_0_3_0_1;road_0_3_0_1;road_0_3_0_2;road_0_3_0_2;road_0_3_0_2,GGGrrrrrrGGGGGGrrrGGGrrrrrrGGGGGGrrr
30,intersection_1_4,road_1_5_3_0;road_1_5_3_0;road_1_5_3_0;road_1_5_3_1;road_1_5_3_1;road_1_5_3_1;road_1_5_3_2;road_1_5_3_2;road_1_5_3_2;road_2_4_2_0;road_2_4_2_0;road_2_4_2_0;road_2_4_2_1;road_2_4_2_1;road_2_4_2_1;road_2_4_2_2;road_2_4_2_2;road_2_4_2_2;road_1_3_1_0;road_1_3_1_0;road_1_3_1_0;road_1_3_1_1;road_1_3_1_1;road_1_3_1_1;road_1_3_1_2;road_1_3_1_2;road_1_3_1_2;road_0_4_0_0;road_0_4_0_0;road_0_4_0_0;road_0_4_0_1;road_0_4_0_1;road_0_4_0_1;road_0_4_0_2;road_0_4_0_2;road_0_4_0_2,GGGrrrrrrGGGGGGrrrGGGrrrrrrGGGGGGrrr
30,intersection_2_1,road_2_2_3_0;road_2_2_3_0;road_2_2_3_0;road_2_2_3_1;road_2_2_3_1;road_2_2_3_1;road_2_2_3_2;road_2_2_3_2;road_2_2_3_2;road_3_1_2_0;road_3_1_2_0;road_3_1_2_0;road_3_1_2_1;road_3_1_2_1;road_3_1_2_1;road_3_1_2_2;road_3_1_2_2;road_3_1_2_2;road_2_0_1_0;road_2_0_1_0;road_2_0_1_0;road_2_0_1_1;road_2_0_1_1;road_2_0_1_1;road_2_0_1_2;road_2_0_1_2;road_2_0_1_2;road_1_1_0_0;road_1_1_0_0;road_1_1_0_0;road_1_1_0_1;road_1_1_0_1;road_1_1_0_1;road_1_1_0_2;road_1_1_0_2;road_1_1_0_2,GGGrrrrrrGGGGGGrrrGGGrrrrrrGGGGGGrrr
30,intersection_2_2,road_2_3_3_0;road_2_3_3_0;road_2_3_3_0;road_2_3_3_1;road_2_3_3_1;road_2_3_3_1;road_2_3_3_2;road_2_3_3_2;road_2_3_3_2;road_3_2_2_0;road_3_2_2_0;road_3_2_2_0;road_3_2_2_1;road_3_2_2_1;road_3_2_2_1;road_3_2_2_2;road_3_2_2_2;road_3_2_2_2;road_2_1_1_0;road_2_1_1_0;road_2_1_1_0;road_2_1_1_1;road_2_1_1_1;road_2_1_1_1;road_2_1_1_2;road_2_1_1_2;road_2_1_1_2;road_1_2_0_0;road_1_2_0_0;road_1_2_0_0;road_1_2_0_1;road_1_2_0_1;road_1_2_0_1;road_1_2_0_2;road_1_2_0_2;road_1_2_0_2,GGGrrrrrrGGGGGGrrrGGGrrrrrrGGGGGGrrr
30,intersection_2_3,road_2_4_3_0;road_2_4_3_0;road_2_4_3_0;road_2_4_3_1;road_2_4_3_1;road_2_4_3_1;road_2_4_3_2;road_2_4_3_2;road_2_4_3_2;road_3_3_2_0;road_3_3_2_0;road_3_3_2_0;road_3_3_2_1;road_3_3_2_1;road_3_3_2_1;road_3_3_2_2;road_3_3_2_2;road_3_3_2_2;road_2_2_1_0;road_2_2_1_0;road_2_2_1_0;road_2_2_1_1;road_2_2_1_1;road_2_2_1_1;road_2_2_1_2;road_2_2_1_2;road_2_2_1_2;road_1_3_0_0;road_1_3_0_0;road_1_3_0_0;road_1_3_0_1;road_1_3_0_1;road_1_3_0_1;road_1_3_0_2;road_1_3_0_2;road_1_3_0_2,GGGrrrrrrGGGGGGrrrGGGrrrrrrGGGGGGrrr
30,intersection_2_4,road_2_5_3_0;road_2_5_3_0;road_2_5_3_0;road_2_5_3_1;road_2_5_3_1;road_2_5_3_1;road_2_5_3_2;road_2_5_3_2;road_2_5_3_2;road_3_4_2_0;road_3_4_2_0;road_3_4_2_0;road_3_4_2_1;road_3_4_2_1;road_3_4_2_1;road_3_4_2_2;road_3_4_2_2;road_3_4_2_2;road_2_3_1_0;road_2_3_1_0;road_2_3_1_0;road_2_3_1_1;road_2_3_1_1;road_2_3_1_1;road_2_3_1_2;road_2_3_1_2;road_2_3_1_2;road_1_4_0_0;road_1_4_0_0;road_1_4_0_0;road_1_4_0_1;road_1_4_0_1;road_1_4_0_1;road_1_4_0_2;road_1_4_0_2;road_1_4_0_2,GGGrrrrrrGGGGGGrrrGGGrrrrrrGGGGGGrrr
30,intersection_3_1,road_3_2_3_0;road_3_2_3_0;road_3_2_3_0;road_3_2_3_1;road_3_2_3_1;road_3_2_3_1;road_3_2_3_2;road_3_2_3_2;road_3_2_3_2;road_4_1_2_0;road_4_1_2_0;road_4_1_2_0;road_4_1_2_1;road_4_1_2_1;road_4_1_2_1;road_4_1_2_2;road_4_1_2_2;road_4_1_2_2;road_3_0_1_0;road_3_0_1_0;road_3_0_1_0;road_3_0_1_1;road_3_0_1_1;road_3_0_1_1;road_3_0_1_2;road_3_0_1_2;road_3_0_1_2;road_2_1_0_0;road_2_1_0_0;road_2_1_0_0;road_2_1_0_1;road_2_1_0_1;road_2_1_0_1;road_2_1_0_2;road_2_1_0_2;road_2_1_0_2,GGGrrrrrrGGGGGGrrrGGGrrrrrrGGGGGGrrr
30,intersection_3_2,road_3_3_3_0;road_3_3_3_0;road_3_3_3_0;road_3_3_3_1;road_3_3_3_1;road_3_3_3_1;road_3_3_3_2;road_3_3_3_2;road_3_3_3_2;road_4_2_2_0;road_4_2_2_0;road_4_2_2_0;road_4_2_2_1;road_4_2_2_1;road_4_2_2_1;road_4_2_2_2;road_4_2_2_2;road_4_2_2_2;road_3_1_1_0;road_3_1_1_0;road_3_1_1_0;road_3_1_1_1;road_3_1_1_1;road_3_1_1_1;road_3_1_1_2;road_3_1_1_2;road_3_1_1_2;road_2_2_0_0;road_2_2_0_0;road_2_2_0_0;road_2_2_0_1;road_2_2_0_1;road_2_2_0_1;road_2_2_0_2;road_2_2_0_2;road_2_2_0_2,GGGrrrrrrGGGGGGrrrGGGrrrrrrGGGGGGrrr
30,intersection_3_3,road_3_4_3_0;road_3_4_3_0;road_3_4_3_0;road_3_4_3_1;road_3_4_3_1;road_3_4_3_1;road_3_4_3_2;road_3_4_3_2;road_3_4_3_2;road_4_3_2_0;road_4_3_2_0;road_4_3_2_0;road_4_3_2_1;road_4_3_2_1;road_4_3_2_1;road_4_3_2_2;road_4_3_2_2;road_4_3_2_2;road_3_2_1_0;road_3_2_1_0;road_3_2_1_0;road_3_2_1_1;road_3_2_1_1;road_3_2_1_1;road_3_2_1_2;road_3_2_1_2;road_3_2_1_2;road_2_3_0_0;road_2_3_0_0;road_2_3_0_0;road_2_3_0_1;road_2_3_0_1;road_2_3_0_1;road_2_3_0_2;road_2_3_0_2;road_2_3_0_2,GGGrrrrrrGGGGGGrrrGGGrrrrrrGGGGGGrrr
30,intersection_3_4,road_3_5_3_0;road_3_5_3_0;road_3_5_3_0;road_3_5_3_1;road_3_5_3_1;road_3_5_3_1;road_3_5_3_2;road_3_5_3_2;road_3_5_3_2;road_4_4_2_0;road_4_4_2_0;road_4_4_2_0;road_4_4_2_1;road_4_4_2_1;road_4_4_2_1;road_4_4_2_2;road_4_4_2_2;road_4_4_2_2;road_3_3_1_0;road_3_3_1_0;road_3_3_1_0;road_3_3_1_1;road_3_3_1_1;road_3_3_1_1;road_3_3_1_2;road_3_3_1_2;road_3_3_1_2;road_2_4_0_0;road_2_4_0_0;road_2_4_0_0;road_2_4_0_1;road_2_4_0_1;road_2_4_0_1;road_2_4_0_2;road_2_4_0_2;road_2_4_0_2,GGGrrrrrrGGGGGGrrrGGGrrrrrrGGGGGGrrr
30,intersection_4_1,road_4_2_3_0;road_4_2_3_0;road_4_2_3_0;road_4_2_3_1;road_4_2_3_1;road_4_2_3_1;road_4_2_3_2;road_4_2_3_2;road_4_2_3_2;road_5_1_2_0;road_5_1_2_0;road_5_1_2_0;road_5_1_2_1;road_5_1_2_1;road_5_1_2_1;road_5_1_2_2;road_5_1_2_2;road_5_1_2_2;road_4_0_1_0;road_4_0_1_0;road_4_0_1_0;road_4_0_1_1;road_4_0_1_1;road_4_0_1_1;road_4_0_1_2;road_4_0_1_2;road_4_0_1_2;road_3_1_0_0;road_3_1_0_0;road_3_1_0_0;road_3_1_0_1;road_3_1_0_1;road_3_1_0_1;road_3_1_0_2;road_3_1_0_2;road_3_1_0_2,GGGrrrrrrGGGGGGrrrGGGrrrrrrGGGGGGrrr
30,intersection_4_2,road_4_3_3_0;road_4_3_3_0;road_4_3_3_0;road_4_3_3_1;road_4_3_3_1;road_4_3_3_1;road_4_3_3_2;road_4_3_3_2;road_4_3_3_2;road_5_2_2_0;road_5_2_2_0;road_5_2_2_0;road_5_2_2_1;road_5_2_2_1;road_5_2_2_1;road_5_2_2_2;road_5_2_2_2;road_5_2_2_2;road_4_1_1_0;road_4_1_1_0;road_4_1_1_0;road_4_1_1_1;road_4_1_1_1;road_4_1_1_1;road_4_1_1_2;road_4_1_1_2;road_4_1_1_2;road_3_2_0_0;road_3_2_0_0;road_3_2_0_0;road_3_2_0_1;road_3_2_0_1;road_3_2_0_1;road_3_2_0_2;road_3_2_0_2;road_3_2_0_2,GGGrrrrrrGGGGGGrrrGGGrrrrrrGGGGGGrrr
30,intersection_4_3,road_4_4_3_0;road_4_4_3_0;road_4_4_3_0;road_4_4_3_1;road_4_4_3_1;road_4_4_3_1;road_4_4_3_2;road_4_4_3_2;road_4_4_3_2;road_5_3_2_0;road_5_3_2_0;road_5_3_2_0;road_5_3_2_1;road_5_3_2_1;road_5_3_2_1;road_5_3_2_2;road_5_3_2_2;road_5_3_2_2;road_4_2_1_0;road_4_2_1_0;road_4_2_1_0;road_4_2_1_1;road_4_2_1_1;road_4_2_1_1;road_4_2_1_2;road_4_2_1_2;road_4_2_1_2;road_3_3_0_0;road_3_3_0_0;road_3_3_0_0;road_3_3_0_1;road_3_3_0_1;road_3_3_0_1;road_3_3_0_2;road_3_3_0_2;road_3_3_0_2,GGGrrrrrrGGGGGGrrrGGGrrrrrrGGGGGGrrr
30,intersection_4_4,road_4_5_3_0;road_4_5_3_0;road_4_5_3_0;road_4_5_3_1;road_4_5_3_1;road_4_5_3_1;road_4_5_3_2;road_4_5_3_2;road_4_5_3_2;road_5_4_2_0;road_5_4_2_0;road_5_4_2_0;road_5_4_2_1;road_5_4_2_1;road_5_4_2_1;road_5_4_2_2;road_5_4_2_2;road_5_4_2_2;road_4_3_1_0;road_4_3_1_0;road_4_3_1_0;road_4_3_1_1;road_4_3_1_1;road_4_3_1_1;road_4_3_1_2;road_4_3_1_2;road_4_3_1_2;road_3_4_0_0;road_3_4_0_0;road_3_4_0_0;road_3_4_0_1;road_3_4_0_1;road_3_4_0_1;road_3_4_0_2;road_3_4_0_2;road_3_4_0_2,GGGrrrrrrGGGGGGrrrGGGrrrrrrGGGGGGrrr
40,intersection_1_1,road_1_2_3_0;road_1_2_3_0;road_1_2_3_0;road_1_2_3_1;road_1_2_3_1;road_1_2_3_1;road_1_2_3_2;road_1_2_3_2;road_1_2_3_2;road_2_1_2_0;road_2_1_2_0;road_2_1_2_0;road_2_1_2_1;road_2_1_2_1;road_2_1_2_1;road_2_1_2_2;road_2_1_2_2;road_2_1_2_2;road_1_0_1_0;road_1_0_1_0;road_1_0_1_0;road_1_0_1_1;road_1_0_1_1;road_1_0_1_1;road_1_0_1_2;road_1_0_1_2;road_1_0_1_2;road_0_1_0_0;road_0_1_0_0;road_0_1_0_0;road_0_1_0_1;road_0_1_0_1;road_0_1_0_1;road_0_1_0_2;road_0_1_0_2;road_0_1_0_2,GGGrrrrrrGGGGGGrrrGGGrrrrrrGGGGGGrrr
40,intersection_1_2,road_1_3_3_0;road_1_3_3_0;road_1_3_3_0;road_1_3_3_1;road_1_3_3_1;road_1_3_3_1;road_1_3_3_2;road_1_3_3_2;road_1_3_3_2;road_2_2_2_0;road_2_2_2_0;road_2_2_2_0;road_2_2_2_1;road_2_2_2_1;road_2_2_2_1;road_2_2_2_2;road_2_2_2_2;road_2_2_2_2;road_1_1_1_0;road_1_1_1_0;road_1_1_1_0;road_1_1_1_1;road_1_1_1_1;road_1_1_1_1;road_1_1_1_2;road_1_1_1_2;road_1_1_1_2;road_0_2_0_0;road_0_2_0_0;road_0_2_0_0;road_0_2_0_1;road_0_2_0_1;road_0_2_0_1;road_0_2_0_2;road_0_2_0_2;road_0_2_0_2,GGGrrrrrrGGGGGGrrrGGGrrrrrrGGGGGGrrr
40,intersection_1_3,road_1_4_3_0;road_1_4_3_0;road_1_4_3_0;road_1_4_3_1;road_1_4_3_1;road_1_4_3_1;road_1_4_3_2;road_1_4_3_2;road_1_4_3_2;road_2_3_2_0;road_2_3_2_0;road_2_3_2_0;road_2_3_2_1;road_2_3_2_1;road_2_3_2_1;road_2_3_2_2;road_2_3_2_2;road_2_3_2_2;road_1_2_1_0;road_1_2_1_0;road_1_2_1_0;road_1_2_1_1;road_1_2_1_1;road_1_2_1_1;road_1_2_1_2;road_1_2_1_2;road_1_2_1_2;road_0_3_0_0;road_0_3_0_0;road_0_3_0_0;road_0_3_0_1;road_0_3_0_1;road_0_3_0_1;road_0_3_0_2;road_0_3_0_2;road_0_3_0_2,GGGrrrrrrGGGGGGrrrGGGrrrrrrGGGGGGrrr
40,intersection_1_4,road_1_5_3_0;road_1_5_3_0;road_1_5_3_0;road_1_5_3_1;road_1_5_3_1;road_1_5_3_1;road_1_5_3_2;road_1_5_3_2;road_1_5_3_2;road_2_4_2_0;road_2_4_2_0;road_2_4_2_0;road_2_4_2_1;road_2_4_2_1;road_2_4_2_1;road_2_4_2_2;road_2_4_2_2;road_2_4_2_2;road_1_3_1_0;road_1_3_1_0;road_1_3_1_0;road_1_3_1_1;road_1_3_1_1;road_1_3_1_1;road_1_3_1_2;road_1_3_1_2;road_1_3_1_2;road_0_4_0_0;road_0_4_0_0;road_0_4_0_0;road_0_4_0_1;road_0_4_0_1;road_0_4_0_1;road_0_4_0_2;road_0_4_0_2;road_0_4_0_2,GGGrrrrrrGGGGGGrrrGGGrrrrrrGGGGGGrrr
40,intersection_2_1,road_2_2_3_0;road_2_2_3_0;road_2_2_3_0;road_2_2_3_1;road_2_2_3_1;road_2_2_3_1;road_2_2_3_2;road_2_2_3_2;road_2_2_3_2;road_3_1_2_0;road_3_1_2_0;road_3_1_2_0;road_3_1_2_1;road_3_1_2_1;road_3_1_2_1;road_3_1_2_2;road_3_1_2_2;road_3_1_2_2;road_2_0_1_0;road_2_0_1_0;road_2_0_1_0;road_2_0_1_1;road_2_0_1_1;road_2_0_1_1;road_2_0_1_2;road_2_0_1_2;road_2_0_1_2;road_1_1_0_0;road_1_1_0_0;road_1_1_0_0;road_1_1_0_1;road_1_1_0_1;road_1_1_0_1;road_1_1_0_2;road_1_1_0_2;road_1_1_0_2,GGGrrrrrrGGGGGGrrrGGGrrrrrrGGGGGGrrr
40,intersection_2_2,road_2_3_3_0;road_2_3_3_0;road_2_3_3_0;road_2_3_3_1;road_2_3_3_1;road_2_3_3_1;road_2_3_3_2;road_2_3_3_2;road_2_3_3_2;road_3_2_2_0;road_3_2_2_0;road_3_2_2_0;road_3_2_2_1;road_3_2_2_1;road_3_2_2_1;road_3_2_2_2;road_3_2_2_2;road_3_2_2_2;road_2_1_1_0;road_2_1_1_0;road_2_1_1_0;road_2_1_1_1;road_2_1_1_1;road_2_1_1_1;road_2_1_1_2;road_2_1_1_2;road_2_1_1_2;road_1_2_0_0;road_1_2_0_0;road_1_2_0_0;road_1_2_0_1;road_1_2_0_1;road_1_2_0_1;road_1_2_0_2;road_1_2_0_2;road_1_2_0_2,GGGrrrrrrGGGGGGrrrGGGrrrrrrGGGGGGrrr
40,intersection_2_3,road_2_4_3_0;road_2_4_3_0;road_2_4_3_0;road_2_4_3_1;road_2_4_3_1;road_2_4_3_1;road_2_4_3_2;road_2_4_3_2;road_2_4_3_2;road_3_3_2_0;road_3_3_2_0;road_3_3_2_0;road_3_3_2_1;road_3_3_2_1;road_3_3_2_1;road_3_3_2_2;road_3_3_2_2;road_3_3_2_2;road_2_2_1_0;road_2_2_1_0;road_2_2_1_0;road_2_2_1_1;road_2_2_1_1;road_2_2_1_1;road_2_2_1_2;road_2_2_1_2;road_2_2_1_2;road_1_3_0_0;road_1_3_0_0;road_1_3_0_0;road_1_3_0_1;road_1_3_0_1;road_1_3_0_1;road_1_3_0_2;road_1_3_0_2;road_1_3_0_2,GGGrrrrrrGGGGGGrrrGGGrrrrrrGGGGGGrrr
40,intersection_2_4,road_2_5_3_0;road_2_5_3_0;road_2_5_3_0;road_2_5_3_1;road_2_5_3_1;road_2_5_3_1;road_2_5_3_2;road_2_5_3_2;road_2_5_3_2;road_3_4_2_0;road_3_4_2_0;road_3_4_2_0;road_3_4_2_1;road_3_4_2_1;road_3_4_2_1;road_3_4_2_2;road_3_4_2_2;road_3_4_2_2;road_2_3_1_0;road_2_3_1_0;road_2_3_1_0;road_2_3_1_1;road_2_3_1_1;road_2_3_1_1;road_2_3_1_2;road_2_3_1_2;road_2_3_1_2;road_1_4_0_0;road_1_4_0_0;road_1_4_0_0;road_1_4_0_1;road_1_4_0_1;road_1_4_0_1;road_1_4_0_2;road_1_4_0_2;road_1_4_0_2,GGGrrrrrrGGGGGGrrrGGGrrrrrrGGGGGGrrr
40,intersection_3_1,road_3_2_3_0;road_3_2_3_0;road_3_2_3_0;road_3_2_3_1;road_3_2_3_1;road_3_2_3_1;road_3_2_3_2;road_3_2_3_2;road_3_2_3_2;road_4_1_2_0;road_4_1_2_0;road_4_1_2_0;road_4_1_2_1;road_4_1_2_1;road_4_1_2_1;road_4_1_2_2;road_4_1_2_2;road_4_1_2_2;road_3_0_1_0;road_3_0_1_0;road_3_0_1_0;road_3_0_1_1;road_3_0_1_1;road_3_0_1_1;road_3_0_1_2;road_3_0_1_2;road_3_0_1_2;road_2_1_0_0;road_2_1_0_0;road_2_1_0_0;road_2_1_0_1;road_2_1_0_1;road_2_1_0_1;road_2_1_0_2;road_2_1_0_2;road_2_1_0_2,GGGrrrrrrGGGGGGrrrGGGrrrrrrGGGGGGrrr
40,intersection_3_2,road_3_3_3_0;road_3_3_3_0;road_3_3_3_0;road_3_3_3_1;road_3_3_3_1;road_3_3_3_1;road_3_3_3_2;road_3_3_3_2;road_3_3_3_2;road_4_2_2_0;road_4_2_2_0;road_4_2_2_0;road_4_2_2_1;road_4_2_2_1;road_4_2_2_1;road_4_2_2_2;road_4_2_2_2;road_4_2_2_2;road_3_1_1_0;road_3_1_1_0;road_3_1_1_0;road_3_1_1_1;road_3_1_1_1;road_3_1_1_1;road_3_1_1_2;road_3_1_1_2;road_3_1_1_2;road_2_2_0_0;road_2_2_0_0;road_2_2_0_0;road_2_2_0_1;road_2_2_0_1;road_2_2_0_1;road_2_2_0_2;road_2_2_0_2;road_2_2_0_2,GGGrrrrrrGGGGGGrrrGGGrrrrrrGGGGGGrrr
40,intersection_3_3,road_3_4_3_0;road_3_4_3_0;road_3_4_3_0;road_3_4_3_1;road_3_4_3_1;road_3_4_3_1;road_3_4_3_2;road_3_4_3_2;road_3_4_3_2;road_4_3_2_0;road_4_3_2_0;road_4_3_2_0;road_4_3_2_1;road_4_3_2_1;road_4_3_2_1;road_4_3_2_2;road_4_3_2_2;road_4_3_2_2;road_3_2_1_0;road_3_2_1_0;road_3_2_1_0;road_3_2_1_1;road_3_2_1_1;road_3_2_1_1;road_3_2_1_2;road_3_2_1_2;road_3_2_1_2;road_2_3_0_0;road_2_3_0_0;road_2_3_0_0;road_2_3_0_1;road_2_3_0_1;road_2_3_0_1;road_2_3_0_2;road_2_3_0_2;road_2_3_0_2,GGGrrrrrrGGGGGGrrrGGGrrrrrrGGGGGGrrr
40,intersection_3_4,road_3_5_3_0;road_3_5_3_0;road_3_5_3_0;road_3_5_3_1;road_3_5_3_1;road_3_5_3_1;road_3_5_3_2;road_3_5_3_2;road_3_5_3_2;road_4_4_2_0;road_4_4_2_0;road_4_4_2_0;road_4_4_2_1;road_4_4_2_1;road_4_4_2_1;road_4_4_2_2;road_4_4_2_2;road_4_4_2_2;road_3_3_1_0;road_3_3_1_0;road_3_3_1_0;road_3_3_1_1;road_3_3_1_1;road_3_3_1_1;road_3_3_1_2;road_3_3_1_2;road_3_3_1_2;road_2_4_0_0;road_2_4_0_0;road_2_4_0_0;road_2_4_0_1;road_2_4_0_1;road_2_4_0_1;road_2_4_0_2;road_2_4_0_2;road_2_4_0_2,GGGrrrrrrGGGGGGrrrGGGrrrrrrGGGGGGrrr
40,intersection_4_1,road_4_2_3_0;road_4_2_3_0;road_4_2_3_0;road_4_2_3_1;road_4_2_3_1;road_4_2_3_1;road_4_2_3_2;road_4_2_3_2;road_4_2_3_2;road_5_1_2_0;road_5_1_2_0;road_5_1_2_0;road_5_1_2_1;road_5_1_2_1;road_5_1_2_1;road_5_1_2_2;road_5_1_2_2;road_5_1_2_2;road_4_0_1_0;road_4_0_1_0;road_4_0_1_0;road_4_0_1_1;road_4_0_1_1;road_4_0_1_1;road_4_0_1_2;road_4_0_1_2;road_4_0_1_2;road_3_1_0_0;road_3_1_0_0;road_3_1_0_0;road_3_1_0_1;road_3_1_0_1;road_3_1_0_1;road_3_1_0_2;road_3_1_0_2;road_3_1_0_2,GGGrrrrrrGGGGGGrrrGGGrrrrrrGGGGGGrrr
40,intersection_4_2,road_4_3_3_0;road_4_3_3_0;road_4_3_3_0;road_4_3_3_1;road_4_3_3_1;road_4_3_3_1;road_4_3_3_2;road_4_3_3_2;road_4_3_3_2;road_5_2_2_0;road_5_2_2_0;road_5_2_2_0;road_5_2_2_1;road_5_2_2_1;road_5_2_2_1;road_5_2_2_2;road_5_2_2_2;road_5_2_2_2;road_4_1_1_0;road_4_1_1_0;road_4_1_1_0;road_4_1_1_1;road_4_1_1_1;road_4_1_1_1;road_4_1_1_2;road_4_1_1_2;road_4_1_1_2;road_3_2_0_0;road_3_2_0_0;road_3_2_0_0;road_3_2_0_1;road_3_2_0_1;road_3_2_0_1;road_3_2_0_2;road_3_2_0_2;road_3_2_0_2,GGGrrrrrrGGGGGGrrrGGGrrrrrrGGGGGGrrr
40,intersection_4_3,road_4_4_3_0;road_4_4_3_0;road_4_4_3_0;road_4_4_3_1;road_4_4_3_1;road_4_4_3_1;road_4_4_3_2;road_4_4_3_2;road_4_4_3_2;road_5_3_2_0;road_5_3_2_0;road_5_3_2_0;road_5_3_2_1;road_5_3_2_1;road_5_3_2_1;road_5_3_2_2;road_5_3_2_2;road_5_3_2_2;road_4_2_1_0;road_4_2_1_0;road_4_2_1_0;road_4_2_1_1;road_4_2_1_1;road_4_2_1_1;road_4_2_1_2;road_4_2_1_2;road_4_2_1_2;road_3_3_0_0;road_3_3_0_0;road_3_3_0_0;road_3_3_0_1;road_3_3_0_1;road_3_3_0_1;road_3_3_0_2;road_3_3_0_2;road_3_3_0_2,GGGrrrrrrGGGGGGrrrGGGrrrrrrGGGGGGrrr
40,intersection_4_4,road_4_5_3_0;road_4_5_3_0;road_4_5_3_0;road_4_5_3_1;road_4_5_3_1;road_4_5_3_1;road_4_5_3_2;road_4_5_3_2;road_4_5_3_2;road_5_4_2_0;road_5_4_2_0;road_5_4_2_0;road_5_4_2_1;road_5_4_2_1;road_5_4_2_1;road_5_4_2_2;road_5_4_2_2;road_5_4_2_2;road_4_3_1_0;road_4_3_1_0;road_4_3_1_0;road_4_3_1_1;road_4_3_1_1;road_4_3_1_1;road_4_3_1_2;road_4_3_1_2;road_4_3_1_2;road_3_4_0_0;road_3_4_0_0;road_3_4_0_0;road_3_4_0_1;road_3_4_0_1;road_3_4_0_1;road_3_4_0_2;road_3_4_0_2;road_3_4_0_2,GGGrrrrrrGGGGGGrrrGGGrrrrrrGGGGGGrrr
50,intersection_1_1,road_1_2_3_0;road_1_2_3_0;road_1_2_3_0;road_1_2_3_1;road_1_2_3_1;road_1_2_3_1;road_1_2_3_2;road_1_2_3_2;road_1_2_3_2;road_2_1_2_0;road_2_1_2_0;road_2_1_2_0;road_2_1_2_1;road_2_1_2_1;road_2_1_2_1;road_2_1_2_2;road_2_1_2_2;road_2_1_2_2;road_1_0_1_0;road_1_0_1_0;road_1_0_1_0;road_1_0_1_1;road_1_0_1_1;road_1_0_1_1;road_1_0_1_2;road_1_0_1_2;road_1_0_1_2;road_0_1_0_0;road_0_1_0_0;road_0_1_0_0;road_0_1_0_1;road_0_1_0_1;road_0_1_0_1;road_0_1_0_2;road_0_1_0_2;road_0_1_0_2,GGGrrrrrrGGGGGGrrrGGGrrrrrrGGGGGGrrr
50,intersection_1_2,road_1_3_3_0;road_1_3_3_0;road_1_3_3_0;road_1_3_3_1;road_1_3_3_1;road_1_3_3_1;road_1_3_3_2;road_1_3_3_2;road_1_3_3_2;road_2_2_2_0;road_2_2_2_0;road_2_2_2_0;road_2_2_2_1;road_2_2_2_1;road_2_2_2_1;road_2_2_2_2;road_2_2_2_2;road_2_2_2_2;road_1_1_1_0;road_1_1_1_0;road_1_1_1_0;road_1_1_1_1;road_1_1_1_1;road_1_1_1_1;road_1_1_1_2;road_1_1_1_2;road_1_1_1_2;road_0_2_0_0;road_0_2_0_0;road_0_2_0_0;road_0_2_0_1;road_0_2_0_1;road_0_2_0_1;road_0_2_0_2;road_0_2_0_2;road_0_2_0_2,GGGrrrrrrGGGGGGrrrGGGrrrrrrGGGGGGrrr
50,intersection_1_3,road_1_4_3_0;road_1_4_3_0;road_1_4_3_0;road_1_4_3_1;road_1_4_3_1;road_1_4_3_1;road_1_4_3_2;road_1_4_3_2;road_1_4_3_2;road_2_3_2_0;road_2_3_2_0;road_2_3_2_0;road_2_3_2_1;road_2_3_2_1;road_2_3_2_1;road_2_3_2_2;road_2_3_2_2;road_2_3_2_2;road_1_2_1_0;road_1_2_1_0;road_1_2_1_0;road_1_2_1_1;road_1_2_1_1;road_1_2_1_1;road_1_2_1_2;road_1_2_1_2;road_1_2_1_2;road_0_3_0_0;road_0_3_0_0;road_0_3_0_0;road_0_3_0_1;road_0_3_0_1;road_0_3_0_1;road_0_3_0_2;road_0_3_0_2;road_0_3_0_2,GGGrrrrrrGGGGGGrrrGGGrrrrrrGGGGGGrrr
50,intersection_1_4,road_1_5_3_0;road_1_5_3_0;road_1_5_3_0;road_1_5_3_1;road_1_5_3_1;road_1_5_3_1;road_1_5_3_2;road_1_5_3_2;road_1_5_3_2;road_2_4_2_0;road_2_4_2_0;road_2_4_2_0;road_2_4_2_1;road_2_4_2_1;road_2_4_2_1;road_2_4_2_2;road_2_4_2_2;road_2_4_2_2;road_1_3_1_0;road_1_3_1_0;road_1_3_1_0;road_1_3_1_1;road_1_3_1_1;road_1_3_1_1;road_1_3_1_2;road_1_3_1_2;road_1_3_1_2;road_0_4_0_0;road_0_4_0_0;road_0_4_0_0;road_0_4_0_1;road_0_4_0_1;road_0_4_0_1;road_0_4_0_2;road_0_4_0_2;road_0_4_0_2,GGGrrrrrrGGGGGGrrrGGGrrrrrrGGGGGGrrr
50,intersection_2_1,road_2_2_3_0;road_2_2_3_0;road_2_2_3_0;road_2_2_3_1;road_2_2_3_1;road_2_2_3_1;road_2_2_3_2;road_2_2_3_2;road_2_2_3_2;road_3_1_2_0;road_3_1_2_0;road_3_1_2_0;road_3_1_2_1;road_3_1_2_1;road_3_1_2_1;road_3_1_2_2;road_3_1_2_2;road_3_1_2_2;road_2_0_1_0;road_2_0_1_0;road_2_0_1_0;road_2_0_1_1;road_2_0_1_1;road_2_0_1_1;road_2_0_1_2;road_2_0_1_2;road_2_0_1_2;road_1_1_0_0;road_1_1_0_0;road_1_1_0_0;road_1_1_0_1;road_1_1_0_1;road_1_1_0_1;road_1_1_0_2;road_1_1_0_2;road_1_1_0_2,GGGrrrrrrGGGGGGrrrGGGrrrrrrGGGGGGrrr
50,intersection_2_2,road_2_3_3_0;road_2_3_3_0;road_2_3_3_0;road_2_3_3_1;road_2_3_3_1;road_2_3_3_1;road_2_3_3_2;road_2_3_3_2;road_2_3_3_2;road_3_2_2_0;road_3_2_2_0;road_3_2_2_0;road_3_2_2_1;road_3_2_2_1;road_3_2_2_1;road_3_2_2_2;road_3_2_2_2;road_3_2_2_2;road_2_1_1_0;road_2_1_1_0;road_2_1_1_0;road_2_1_1_1;road_2_1_1_1;road_2_1_1_1;road_2_1_1_2;road_2_1_1_2;road_2_1_1_2;road_1_2_0_0;road_1_2_0_0;road_1_2_0_0;road_1_2_0_1;road_1_2_0_1;road_1_2_0_1;road_1_2_0_2;road_1_2_0_2;road_1_2_0_2,GGGrrrrrrGGGGGGrrrGGGrrrrrrGGGGGGrrr
50,intersection_2_3,road_2_4_3_0;road_2_4_3_0;road_2_4_3_0;road_2_4_3_1;road_2_4_3_1;road_2_4_3_1;road_2_4_3_2;road_2_4_3_2;road_2_4_3_2;road_3_3_2_0;road_3_3_2_0;road_3_3_2_0;road_3_3_2_1;road_3_3_2_1;road_3_3_2_1;road_3_3_2_2;road_3_3_2_2;road_3_3_2_2;road_2_2_1_0;road_2_2_1_0;road_2_2_1_0;road_2_2_1_1;road_2_2_1_1;road_2_2_1_1;road_2_2_1_2;road_2_2_1_2;road_2_2_1_2;road_1_3_0_0;road_1_3_0_0;road_1_3_0_0;road_1_3_0_1;road_1_3_0_1;road_1_3_0_1;road_1_3_0_2;road_1_3_0_2;road_1_3_0_2,GGGrrrrrrGGGGGGrrrGGGrrrrrrGGGGGGrrr
50,intersection_2_4,road_2_5_3_0;road_2_5_3_0;road_2_5_3_0;road_2_5_3_1;road_2_5_3_1;road_2_5_3_1;road_2_5_3_2;road_2_5_3_2;road_2_5_3_2;road_3_4_2_0;road_3_4_2_0;road_3_4_2_0;road_3_4_2_1;road_3_4_2_1;road_3_4_2_1;road_3_4_2_2;road_3_4_2_2;road_3_4_2_2;road_2_3_1_0;road_2_3_1_0;road_2_3_1_0;road_2_3_1_1;road_2_3_1_1;road_2_3_1_1;road_2_3_1_2;road_2_3_1_2;road_2_3_1_2;road_1_4_0_0;road_1_4_0_0;road_1_4_0_0;road_1_4_0_1;road_1_4_0_1;road_1_4_0_1;road_1_4_0_2;road_1_4_0_2;road_1_4_0_2,GGGrrrrrrGGGGGGrrrGGGrrrrrrGGGGGGrrr
50,intersection_3_1,road_3_2_3_0;road_3_2_3_0;road_3_2_3_0;road_3_2_3_1;road_3_2_3_1;road_3_2_3_1;road_3_2_3_2;road_3_2_3_2;road_3_2_3_2;road_4_1_2_0;road_4_1_2_0;road_4_1_2_0;road_4_1_2_1;road_4_1_2_1;road_4_1_2_1;road_4_1_2_2;road_4_1_2_2;road_4_1_2_2;road_3_0_1_0;road_3_0_1_0;road_3_0_1_0;road_3_0_1_1;road_3_0_1_1;road_3_0_1_1;road_3_0_1_2;road_3_0_1_2;road_3_0_1_2;road_2_1_0_0;road_2_1_0_0;road_2_1_0_0;road_2_1_0_1;road_2_1_0_1;road_2_1_0_1;road_2_1_0_2;road_2_1_0_2;road_2_1_0_2,GGGrrrrrrGGGGGGrrrGGGrrrrrrGGGGGGrrr
50,intersection_3_2,road_3_3_3_0;road_3_3_3_0;road_3_3_3_0;road_3_3_3_1;road_3_3_3_1;road_3_3_3_1;road_3_3_3_2;road_3_3_3_2;road_3_3_3_2;road_4_2_2_0;road_4_2_2_0;road_4_2_2_0;road_4_2_2_1;road_4_2_2_1;road_4_2_2_1;road_4_2_2_2;road_4_2_2_2;road_4_2_2_2;road_3_1_1_0;road_3_1_1_0;road_3_1_1_0;road_3_1_1_1;road_3_1_1_1;road_3_1_1_1;road_3_1_1_2;road_3_1_1_2;road_3_1_1_2;road_2_2_0_0;road_2_2_0_0;road_2_2_0_0;road_2_2_0_1;road_2_2_0_1;road_2_2_0_1;road_2_2_0_2;road_2_2_0_2;road_2_2_0_2,GGGrrrrrrGGGGGGrrrGGGrrrrrrGGGGGGrrr
50,intersection_3_3,road_3_4_3_0;road_3_4_3_0;road_3_4_3_0;road_3_4_3_1;road_3_4_3_1;road_3_4_3_1;road_3_4_3_2;road_3_4_3_2;road_3_4_3_2;road_4_3_2_0;road_4_3_2_0;road_4_3_2_0;road_4_3_2_1;road_4_3_2_1;road_4_3_2_1;road_4_3_2_2;road_4_3_2_2;road_4_3_2_2;road_3_2_1_0;road_3_2_1_0;road_3_2_1_0;road_3_2_1_1;road_3_2_1_1;road_3_2_1_1;road_3_2_1_2;road_3_2_1_2;road_3_2_1_2;road_2_3_0_0;road_2_3_0_0;road_2_3_0_0;road_2_3_0_1;road_2_3_0_1;road_2_3_0_1;road_2_3_0_2;road_2_3_0_2;road_2_3_0_2,GGGrrrrrrGGGGGGrrrGGGrrrrrrGGGGGGrrr
50,intersection_3_4,road_3_5_3_0;road_3_5_3_0;road_3_5_3_0;road_3_5_3_1;road_3_5_3_1;road_3_5_3_1;road_3_5_3_2;road_3_5_3_2;road_3_5_3_2;road_4_4_2_0;road_4_4_2_0;road_4_4_2_0;road_4_4_2_1;road_4_4_2_1;road_4_4_2_1;road_4_4_2_2;road_4_4_2_2;road_4_4_2_2;road_3_3_1_0;road_3_3_1_0;road_3_3_1_0;road_3_3_1_1;road_3_3_1_1;road_3_3_1_1;road_3_3_1_2;road_3_3_1_2;road_3_3_1_2;road_2_4_0_0;road_2_4_0_0;road_2_4_0_0;road_2_4_0_1;road_2_4_0_1;road_2_4_0_1;road_2_4_0_2;road_2_4_0_2;road_2_4_0_2,GGGrrrrrrGGGGGGrrrGGGrrrrrrGGGGGGrrr
50,intersection_4_1,road_4_2_3_0;road_4_2_3_0;road_4_2_3_0;road_4_2_3_1;road_4_2_3_1;road_4_2_3_1;road_4_2_3_2;road_4_2_3_2;road_4_2_3_2;road_5_1_2_0;road_5_1_2_0;road_5_1_2_0;road_5_1_2_1;road_5_1_2_1;road_5_1_2_1;road_5_1_2_2;road_5_1_2_2;road_5_1_2_2;road_4_0_1_0;road_4_0_1_0;road_4_0_1_0;road_4_0_1_1;road_4_0_1_1;road_4_0_1_1;road_4_0_1_2;road_4_0_1_2;road_4_0_1_2;road_3_1_0_0;road_3_1_0_0;road_3_1_0_0;road_3_1_0_1;road_3_1_0_1;road_3_1_0_1;road_3_1_0_2;road_3_1_0_2;road_3_1_0_2,GGGrrrrrrGGGGGGrrrGGGrrrrrrGGGGGGrrr
50,intersection_4_2,road_4_3_3_0;road_4_3_3_0;road_4_3_3_0;road_4_3_3_1;road_4_3_3_1;road_4_3_3_1;road_4_3_3_2;road_4_3_3_2;road_4_3_3_2;road_5_2_2_0;road_5_2_2_0;road_5_2_2_0;road_5_2_2_1;road_5_2_2_1;road_5_2_2_1;road_5_2_2_2;road_5_2_2_2;road_5_2_2_2;road_4_1_1_0;road_4_1_1_0;road_4_1_1_0;road_4_1_1_1;road_4_1_1_1;road_4_1_1_1;road_4_1_1_2;road_4_1_1_2;road_4_1_1_2;road_3_2_0_0;road_3_2_0_0;road_3_2_0_0;road_3_2_0_1;road_3_2_0_1;road_3_2_0_1;road_3_2_0_2;road_3_2_0_2;road_3_2_0_2,GGGrrrrrrGGGGGGrrrGGGrrrrrrGGGGGGrrr
50,intersection_4_3,road_4_4_3_0;road_4_4_3_0;road_4_4_3_0;road_4_4_3_1;road_4_4_3_1;road_4_4_3_1;road_4_4_3_2;road_4_4_3_2;road_4_4_3_2;road_5_3_2_0;road_5_3_2_0;road_5_3_2_0;road_5_3_2_1;road_5_3_2_1;road_5_3_2_1;road_5_3_2_2;road_5_3_2_2;road_5_3_2_2;road_4_2_1_0;road_4_2_1_0;road_4_2_1_0;road_4_2_1_1;road_4_2_1_1;road_4_2_1_1;road_4_2_1_2;road_4_2_1_2;road_4_2_1_2;road_3_3_0_0;road_3_3_0_0;road_3_3_0_0;road_3_3_0_1;road_3_3_0_1;road_3_3_0_1;road_3_3_0_2;road_3_3_0_2;road_3_3_0_2,GGGrrrrrrGGGGGGrrrGGGrrrrrrGGGGGGrrr
50,intersection_4_4,road_4_5_3_0;road_4_5_3_0;road_4_5_3_0;road_4_5_3_1;road_4_5_3_1;road_4_5_3_1;road_4_5_3_2;road_4_5_3_2;road_4_5_3_2;road_5_4_2_0;road_5_4_2_0;road_5_4_2_0;road_5_4_2_1;road_5_4_2_1;road_5_4_2_1;road_5_4_2_2;road_5_4_2_2;road_5_4_2_2;road_4_3_1_0;road_4_3_1_0;road_4_3_1_0;road_4_3_1_1;road_4_3_1_1;road_4_3_1_1;road_4_3_1_2;road_4_3_1_2;road_4_3_1_2;road_3_4_0_0;road_3_4_0_0;road_3_4_0_0;road_3_4_0_1;road_3_4_0_1;road_3_4_0_1;road_3_4_0_2;road_3_4_0_2;road_3_4_0_2,GGGrrrrrrGGGGGGrrrGGGrrrrrrGGGGGGrrr
60,intersection_1_1,road_1_2_3_0;road_1_2_3_0;road_1_2_3_0;road_1_2_3_1;road_1_2_3_1;road_1_2_3_1;road_1_2_3_2;road_1_2_3_2;road_1_2_3_2;road_2_1_2_0;road_2_1_2_0;road_2_1_2_0;road_2_1_2_1;road_2_1_2_1;road_2_1_2_1;road_2_1_2_2;road_2_1_2_2;road_2_1_2_2;road_1_0_1_0;road_1_0_1_0;road_1_0_1_0;road_1_0_1_1;road_1_0_1_1;road_1_0_1_1;road_1_0_1_2;road_1_0_1_2;road_1_0_1_2;road_0_1_0_0;road_0_1_0_0;road_0_1_0_0;road_0_1_0_1;road_0_1_0_1;road_0_1_0_1;road_0_1_0_2;road_0_1_0_2;road_0_1_0_2,GGGrrrrrrGGGGGGrrrGGGrrrrrrGGGGGGrrr
60,intersection_1_2,road_1_3_3_0;road_1_3_3_0;road_1_3_3_0;road_1_3_3_1;road_1_3_3_1;road_1_3_3_1;road_1_3_3_2;road_1_3_3_2;road_1_3_3_2;road_2_2_2_0;road_2_2_2_0;road_2_2_2_0;road_2_2_2_1;road_2_2_2_1;road_2_2_2_1;road_2_2_2_2;road_2_2_2_2;road_2_2_2_2;road_1_1_1_0;road_1_1_1_0;road_1_1_1_0;road_1_1_1_1;road_1_1_1_1;road_1_1_1_1;road_1_1_1_2;road_1_1_1_2;road_1_1_1_2;road_0_2_0_0;road_0_2_0_0;road_0_2_0_0;road_0_2_0_1;road_0_2_0_1;road_0_2_0_1;road_0_2_0_2;road_0_2_0_2;road_0_2_0_2,GGGrrrrrrGGGGGGrrrGGGrrrrrrGGGGGGrrr
60,intersection_1_3,road_1_4_3_0;road_1_4_3_0;road_1_4_3_0;road_1_4_3_1;road_1_4_3_1;road_1_4_3_1;road_1_4_3_2;road_1_4_3_2;road_1_4_3_2;road_2_3_2_0;road_2_3_2_0;road_2_3_2_0;road_2_3_2_1;road_2_3_2_1;road_2_3_2_1;road_2_3_2_2;road_2_3_2_2;road_2_3_2_2;road_1_2_1_0;road_1_2_1_0;road_1_2_1_0;road_1_2_1_1;road_1_2_1_1;road_1_2_1_1;road_1_2_1_2;road_1_2_1_2;road_1_2_1_2;road_0_3_0_0;road_0_3_0_0;road_0_3_0_0;road_0_3_0_1;road_0_3_0_1;road_0_3_0_1;road_0_3_0_2;road_0_3_0_2;road_0_3_0_2,GGGrrrrrrGGGGGGrrrGGGrrrrrrGGGGGGrrr
60,intersection_1_4,road_1_5_3_0;road_1_5_3_0;road_1_5_3_0;road_1_5_3_1;road_1_5_3_1;road_1_5_3_1;road_1_5_3_2;road_1_5_3_2;road_1_5_3_2;road_2_4_2_0;road_2_4_2_0;road_2_4_2_0;road_2_4_2_1;road_2_4_2_1;road_2_4_2_1;road_2_4_2_2;road_2_4_2_2;road_2_4_2_2;road_1_3_1_0;road_1_3_1_0;road_1_3_1_0;road_1_3_1_1;road_1_3_1_1;road_1_3_1_1;road_1_3_1_2;road_1_3_1_2;road_1_3_1_2;road_0_4_0_0;road_0_4_0_0;road_0_4_0_0;road_0_4_0_1;road_0_4_0_1;road_0_4_0_1;road_0_4_0_2;road_0_4_0_2;road_0_4_0_2,GGGrrrrrrGGGGGGrrrGGGrrrrrrGGGGGGrrr
60,intersection_2_1,road_2_2_3_0;road_2_2_3_0;road_2_2_3_0;road_2_2_3_1;road_2_2_3_1;road_2_2_3_1;road_2_2_3_2;road_2_2_3_2;road_2_2_3_2;road_3_1_2_0;road_3_1_2_0;road_3_1_2_0;road_3_1_2_1;road_3_1_2_1;road_3_1_2_1;road_3_1_2_2;road_3_1_2_2;road_3_1_2_2;road_2_0_1_0;road_2_0_1_0;road_2_0_1_0;road_2_0_1_1;road_2_0_1_1;road_2_0_1_1;road_2_0_1_2;road_2_0_1_2;road_2_0_1_2;road_1_1_0_0;road_1_1_0_0;road_1_1_0_0;road_1_1_0_1;road_1_1_0_1;road_1_1_0_1;road_1_1_0_2;road_1_1_0_2;road_1_1_0_2,GGGrrrrrrGGGGGGrrrGGGrrrrrrGGGGGGrrr
60,intersection_2_2,road_2_3_3_0;road_2_3_3_0;road_2_3_3_0;road_2_3_3_1;road_2_3_3_1;road_2_3_3_1;road_2_3_3_2;road_2_3_3_2;road_2_3_3_2;road_3_2_2_0;road_3_2_2_0;road_3_2_2_0;road_3_2_2_1;road_3_2_2_1;road_3_2_2_1;road_3_2_2_2;road_3_2_2_2;road_3_2_2_2;road_2_1_1_0;road_2_1_1_0;road_2_1_1_0;road_2_1_1_1;road_2_1_1_1;road_2_1_1_1;road_2_1_1_2;road_2_1_1_2;road_2_1_1_2;road_1_2_0_0;road_1_2_0_0;road_1_2_0_0;road_1_2_0_1;road_1_2_0_1;road_1_2_0_1;road_1_2_0_2;road_1_2_0_2;road_1_2_0_2,GGGrrrrrrGGGGGGrrrGGGrrrrrrGGGGGGrrr
60,intersection_2_3,road_2_4_3_0;road_2_4_3_0;road_2_4_3_0;road_2_4_3_1;road_2_4_3_1;road_2_4_3_1;road_2_4_3_2;road_2_4_3_2;road_2_4_3_2;road_3_3_2_0;road_3_3_2_0;road_3_3_2_0;road_3_3_2_1;road_3_3_2_1;road_3_3_2_1;road_3_3_2_2;road_3_3_2_2;road_3_3_2_2;road_2_2_1_0;road_2_2_1_0;road_2_2_1_0;road_2_2_1_1;road_2_2_1_1;road_2_2_1_1;road_2_2_1_2;road_2_2_1_2;road_2_2_1_2;road_1_3_0_0;road_1_3_0_0;road_1_3_0_0;road_1_3_0_1;road_1_3_0_1;road_1_3_0_1;road_1_3_0_2;road_1_3_0_2;road_1_3_0_2,GGGrrrrrrGGGGGGrrrGGGrrrrrrGGGGGGrrr
60,intersection_2_4,road_2_5_3_0;road_2_5_3_0;road_2_5_3_0;road_2_5_3_1;road_2_5_3_1;road_2_5_3_1;road_2_5_3_2;road_2_5_3_2;road_2_5_3_2;road_3_4_2_0;road_3_4_2_0;road_3_4_2_0;road_3_4_2_1;road_3_4_2_1;road_3_4_2_1;road_3_4_2_2;road_3_4_2_2;road_3_4_2_2;road_2_3_1_0;road_2_3_1_0;road_2_3_1_0;road_2_3_1_1;road_2_3_1_1;road_2_3_1_1;road_2_3_1_2;road_2_3_1_2;road_2_3_1_2;road_1_4_0_0;road_1_4_0_0;road_1_4_0_0;road_1_4_0_1;road_1_4_0_1;road_1_4_0_1;road_1_4_0_2;road_1_4_0_2;road_1_4_0_2,GGGrrrrrrGGGGGGrrrGGGrrrrrrGGGGGGrrr
60,intersection_3_1,road_3_2_3_0;road_3_2_3_0;road_3_2_3_0;road_3_2_3_1;road_3_2_3_1;road_3_2_3_1;road_3_2_3_2;road_3_2_3_2;road_3_2_3_2;road_4_1_2_0;road_4_1_2_0;road_4_1_2_0;road_4_1_2_1;road_4_1_2_1;road_4_1_2_1;road_4_1_2_2;road_4_1_2_2;road_4_1_2_2;road_3_0_1_0;road_3_0_1_0;road_3_0_1_0;road_3_0_1_1;road_3_0_1_1;road_3_0_1_1;road_3_0_1_2;road_3_0_1_2;road_3_0_1_2;road_2_1_0_0;road_2_1_0_0;road_2_1_0_0;road_2_1_0_1;road_2_1_0_1;road_2_1_0_1;road_2_1_0_2;road_2_1_0_2;road_2_1_0_2,GGGrrrrrrGGGGGGrrrGGGrrrrrrGGGGGGrrr
60,intersection_3_2,road_3_3_3_0;road_3_3_3_0;road_3_3_3_0;road_3_3_3_1;road_3_3_3_1;road_3_3_3_1;road_3_3_3_2;road_3_3_3_2;road_3_3_3_2;road_4_2_2_0;road_4_2_2_0;road_4_2_2_0;road_4_2_2_1;road_4_2_2_1;road_4_2_2_1;road_4_2_2_2;road_4_2_2_2;road_4_2_2_2;road_3_1_1_0;road_3_1_1_0;road_3_1_1_0;road_3_1_1_1;road_3_1_1_1;road_3_1_1_1;road_3_1_1_2;road_3_1_1_2;road_3_1_1_2;road_2_2_0_0;road_2_2_0_0;road_2_2_0_0;road_2_2_0_1;road_2_2_0_1;road_2_2_0_1;road_2_2_0_2;road_2_2_0_2;road_2_2_0_2,GGGrrrrrrGGGGGGrrrGGGrrrrrrGGGGGGrrr
60,intersection_3_3,road_3_4_3_0;road_3_4_3_0;road_3_4_3_0;road_3_4_3_1;road_3_4_3_1;road_3_4_3_1;road_3_4_3_2;road_3_4_3_2;road_3_4_3_2;road_4_3_2_0;road_4_3_2_0;road_4_3_2_0;road_4_3_2_1;road_4_3_2_1;road_4_3_2_1;road_4_3_2_2;road_4_3_2_2;road_4_3_2_2;road_3_2_1_0;road_3_2_1_0;road_3_2_1_0;road_3_2_1_1;road_3_2_1_1;road_3_2_1_1;road_3_2_1_2;road_3_2_1_2;road_3_2_1_2;road_2_3_0_0;road_2_3_0_0;road_2_3_0_0;road_2_3_0_1;road_2_3_0_1;road_2_3_0_1;road_2_3_0_2;road_2_3_0_2;road_2_3_0_2,GGGrrrrrrGGGGGGrrrGGGrrrrrrGGGGGGrrr
60,intersection_3_4,road_3_5_3_0;road_3_5_3_0;road_3_5_3_0;road_3_5_3_1;road_3_5_3_1;road_3_5_3_1;road_3_5_3_2;road_3_5_3_2;road_3_5_3_2;road_4_4_2_0;road_4_4_2_0;road_4_4_2_0;road_4_4_2_1;road_4_4_2_1;road_4_4_2_1;road_4_4_2_2;road_4_4_2_2;road_4_4_2_2;road_3_3_1_0;road_3_3_1_0;road_3_3_1_0;road_3_3_1_1;road_3_3_1_1;road_3_3_1_1;road_3_3_1_2;road_3_3_1_2;road_3_3_1_2;road_2_4_0_0;road_2_4_0_0;road_2_4_0_0;road_2_4_0_1;road_2_4_0_1;road_2_4_0_1;road_2_4_0_2;road_2_4_0_2;road_2_4_0_2,GGGrrrrrrGGGGGGrrrGGGrrrrrrGGGGGGrrr
60,intersection_4_1,road_4_2_3_0;road_4_2_3_0;road_4_2_3_0;road_4_2_3_1;road_4_2_3_1;road_4_2_3_1;road_4_2_3_2;road_4_2_3_2;road_4_2_3_2;road_5_1_2_0;road_5_1_2_0;road_5_1_2_0;road_5_1_2_1;road_5_1_2_1;road_5_1_2_1;road_5_1_2_2;road_5_1_2_2;road_5_1_2_2;road_4_0_1_0;road_4_0_1_0;road_4_0_1_0;road_4_0_1_1;road_4_0_1_1;road_4_0_1_1;road_4_0_1_2;road_4_0_1_2;road_4_0_1_2;road_3_1_0_0;road_3_1_0_0;road_3_1_0_0;road_3_1_0_1;road_3_1_0_1;road_3_1_0_1;road_3_1_0_2;road_3_1_0_2;road_3_1_0_2,GGGrrrrrrGGGGGGrrrGGGrrrrrrGGGGGGrrr
60,intersection_4_2,road_4_3_3_0;road_4_3_3_0;road_4_3_3_0;road_4_3_3_1;road_4_3_3_1;road_4_3_3_1;road_4_3_3_2;road_4_3_3_2;road_4_3_3_2;road_5_2_2_0;road_5_2_2_0;road_5_2_2_0;road_5_2_2_1;road_5_2_2_1;road_5_2_2_1;road_5_2_2_2;road_5_2_2_2;road_5_2_2_2;road_4_1_1_0;road_4_1_1_0;road_4_1_1_0;road_4_1_1_1;road_4_1_1_1;road_4_1_1_1;road_4_1_1_2;road_4_1_1_2;road_4_1_1_2;road_3_2_0_0;road_3_2_0_0;road_3_2_0_0;road_3_2_0_1;road_3_2_0_1;road_3_2_0_1;road_3_2_0_2;road_3_2_0_2;road_3_2_0_2,GGGrrrrrrGGGGGGrrrGGGrrrrrrGGGGGGrrr
60,intersection_4_3,road_4_4_3_0;road_4_4_3_0;road_4_4_3_0;road_4_4_3_1;road_4_4_3_1;road_4_4_3_1;road_4_4_3_2;road_4_4_3_2;road_4_4_3_2;road_5_3_2_0;road_5_3_2_0;road_5_3_2_0;road_5_3_2_1;road_5_3_2_1;road_5_3_2_1;road_5_3_2_2;road_5_3_2_2;road_5_3_2_2;road_4_2_1_0;road_4_2_1_0;road_4_2_1_0;road_4_2_1_1;road_4_2_1_1;road_4_2_1_1;road_4_2_1_2;road_4_2_1_2;road_4_2_1_2;road_3_3_0_0;road_3_3_0_0;road_3_3_0_0;road_3_3_0_1;road_3_3_0_1;road_3_3_0_1;road_3_3_0_2;road_3_3_0_2;road_3_3_0_2,GGGrrrrrrGGGGGGrrrGGGrrrrrrGGGGGGrrr
60,intersection_4_4,road_4_5_3_0;road_4_5_3_0;road_4_5_3_0;road_4_5_3_1;road_4_5_3_1;road_4_5_3_1;road_4_5_3_2;road_4_5_3_2;road_4_5_3_2;road_5_4_2_0;road_5_4_2_0;road_5_4_2_0;road_5_4_2_1;road_5_4_2_1;road_5_4_2_1;road_5_4_2_2;road_5_4_2_2;road_5_4_2_2;road_4_3_1_0;road_4_3_1_0;road_4_3_1_0;road_4_3_1_1;road_4_3_1_1;road_4_3_1_1;road_4_3_1_2;road_4_3_1_2;road_4_3_1_2;road_3_4_0_0;road_3_4_0_0;road_3_4_0_0;road_3_4_0_1;road_3_4_0_1;road_3_4_0_1;road_3_4_0_2;road_3_4_0_2;road_3_4_0_2,GGGrrrrrrGGGGGGrrrGGGrrrrrrGGGGGGrrr
70,intersection_1_1,road_1_2_3_0;road_1_2_3_0;road_1_2_3_0;road_1_2_3_1;road_1_2_3_1;road_1_2_3_1;road_1_2_3_2;road_1_2_3_2;road_1_2_3_2;road_2_1_2_0;road_2_1_2_0;road_2_1_2_0;road_2_1_2_1;road_2_1_2_1;road_2_1_2_1;road_2_1_2_2;road_2_1_2_2;road_2_1_2_2;road_1_0_1_0;road_1_0_1_0;road_1_0_1_0;road_1_0_1_1;road_1_0_1_1;road_1_0_1_1;road_1_0_1_2;road_1_0_1_2;road_1_0_1_2;road_0_1_0_0;road_0_1_0_0;road_0_1_0_0;road_0_1_0_1;road_0_1_0_1;road_0_1_0_1;road_0_1_0_2;road_0_1_0_2;road_0_1_0_2,GGGrrrrrrGGGGGGrrrGGGrrrrrrGGGGGGrrr
70,intersection_1_2,road_1_3_3_0;road_1_3_3_0;road_1_3_3_0;road_1_3_3_1;road_1_3_3_1;road_1_3_3_1;road_1_3_3_2;road_1_3_3_2;road_1_3_3_2;road_2_2_2_0;road_2_2_2_0;road_2_2_2_0;road_2_2_2_1;road_2_2_2_1;road_2_2_2_1;road_2_2_2_2;road_2_2_2_2;road_2_2_2_2;road_1_1_1_0;road_1_1_1_0;road_1_1_1_0;road_1_1_1_1;road_1_1_1_1;road_1_1_1_1;road_1_1_1_2;road_1_1_1_2;road_1_1_1_2;road_0_2_0_0;road_0_2_0_0;road_0_2_0_0;road_0_2_0_1;road_0_2_0_1;road_0_2_0_1;road_0_2_0_2;road_0_2_0_2;road_0_2_0_2,GGGrrrrrrGGGGGGrrrGGGrrrrrrGGGGGGrrr
70,intersection_1_3,road_1_4_3_0;road_1_4_3_0;road_1_4_3_0;road_1_4_3_1;road_1_4_3_1;road_1_4_3_1;road_1_4_3_2;road_1_4_3_2;road_1_4_3_2;road_2_3_2_0;road_2_3_2_0;road_2_3_2_0;road_2_3_2_1;road_2_3_2_1;road_2_3_2_1;road_2_3_2_2;road_2_3_2_2;road_2_3_2_2;road_1_2_1_0;road_1_2_1_0;road_1_2_1_0;road_1_2_1_1;road_1_2_1_1;road_1_2_1_1;road_1_2_1_2;road_1_2_1_2;road_1_2_1_2;road_0_3_0_0;road_0_3_0_0;road_0_3_0_0;road_0_3_0_1;road_0_3_0_1;road_0_3_0_1;road_0_3_0_2;road_0_3_0_2;road_0_3_0_2,GGGrrrrrrGGGGGGrrrGGGrrrrrrGGGGGGrrr
70,intersection_1_4,road_1_5_3_0;road_1_5_3_0;road_1_5_3_0;road_1_5_3_1;road_1_5_3_1;road_1_5_3_1;road_1_5_3_2;road_1_5_3_2;road_1_5_3_2;road_2_4_2_0;road_2_4_2_0;road_2_4_2_0;road_2_4_2_1;road_2_4_2_1;road_2_4_2_1;road_2_4_2_2;road_2_4_2_2;road_2_4_2_2;road_1_3_1_0;road_1_3_1_0;road_1_3_1_0;road_1_3_1_1;road_1_3_1_1;road_1_3_1_1;road_1_3_1_2;road_1_3_1_2;road_1_3_1_2;road_0_4_0_0;road_0_4_0_0;road_0_4_0_0;road_0_4_0_1;road_0_4_0_1;road_0_4_0_1;road_0_4_0_2;road_0_4_0_2;road_0_4_0_2,GGGrrrrrrGGGGGGrrrGGGrrrrrrGGGGGGrrr
70,intersection_2_1,road_2_2_3_0;road_2_2_3_0;road_2_2_3_0;road_2_2_3_1;road_2_2_3_1;road_2_2_3_1;road_2_2_3_2;road_2_2_3_2;road_2_2_3_2;road_3_1_2_0;road_3_1_2_0;road_3_1_2_0;road_3_1_2_1;road_3_1_2_1;road_3_1_2_1;road_3_1_2_2;road_3_1_2_2;road_3_1_2_2;road_2_0_1_0;road_2_0_1_0;road_2_0_1_0;road_2_0_1_1;road_2_0_1_1;road_2_0_1_1;road_2_0_1_2;road_2_0_1_2;road_2_0_1_2;road_1_1_0_0;road_1_1_0_0;road_1_1_0_0;road_1_1_0_1;road_1_1_0_1;road_1_1_0_1;road_1_1_0_2;road_1_1_0_2;road_1_1_0_2,GGGrrrrrrGGGGGGrrrGGGrrrrrrGGGGGGrrr
70,intersection_2_2,road_2_3_3_0;road_2_3_3_0;road_2_3_3_0;road_2_3_3_1;road_2_3_3_1;road_2_3_3_1;road_2_3_3_2;road_2_3_3_2;road_2_3_3_2;road_3_2_2_0;road_3_2_2_0;road_3_2_2_0;road_3_2_2_1;road_3_2_2_1;road_3_2_2_1;road_3_2_2_2;road_3_2_2_2;road_3_2_2_2;road_2_1_1_0;road_2_1_1_0;road_2_1_1_0;road_2_1_1_1;road_2_1_1_1;road_2_1_1_1;road_2_1_1_2;road_2_1_1_2;road_2_1_1_2;road_1_2_0_0;road_1_2_0_0;road_1_2_0_0;road_1_2_0_1;road_1_2_0_1;road_1_2_0_1;road_1_2_0_2;road_1_2_0_2;road_1_2_0_2,GGGrrrrrrGGGGGGrrrGGGrrrrrrGGGGGGrrr
70,intersection_2_3,road_2_4_3_0;road_2_4_3_0;road_2_4_3_0;road_2_4_3_1;road_2_4_3_1;road_2_4_3_1;road_2_4_3_2;road_2_4_3_2;road_2_4_3_2;road_3_3_2_0;road_3_3_2_0;road_3_3_2_0;road_3_3_2_1;road_3_3_2_1;road_3_3_2_1;road_3_3_2_2;road_3_3_2_2;road_3_3_2_2;road_2_2_1_0;road_2_2_1_0;road_2_2_1_0;road_2_2_1_1;road_2_2_1_1;road_2_2_1_1;road_2_2_1_2;road_2_2_1_2;road_2_2_1_2;road_1_3_0_0;road_1_3_0_0;road_1_3_0_0;road_1_3_0_1;road_1_3_0_1;road_1_3_0_1;road_1_3_0_2;road_1_3_0_2;road_1_3_0_2,GGGrrrrrrGGGGGGrrrGGGrrrrrrGGGGGGrrr
70,intersection_2_4,road_2_5_3_0;road_2_5_3_0;road_2_5_3_0;road_2_5_3_1;road_2_5_3_1;road_2_5_3_1;road_2_5_3_2;road_2_5_3_2;road_2_5_3_2;road_3_4_2_0;road_3_4_2_0;road_3_4_2_0;road_3_4_2_1;road_3_4_2_1;road_3_4_2_1;road_3_4_2_2;road_3_4_2_2;road_3_4_2_2;road_2_3_1_0;road_2_3_1_0;road_2_3_1_0;road_2_3_1_1;road_2_3_1_1;road_2_3_1_1;road_2_3_1_2;road_2_3_1_2;road_2_3_1_2;road_1_4_0_0;road_1_4_0_0;road_1_4_0_0;road_1_4_0_1;road_1_4_0_1;road_1_4_0_1;road_1_4_0_2;road_1_4_0_2;road_1_4_0_2,GGGrrrrrrGGGGGGrrrGGGrrrrrrGGGGGGrrr
70,intersection_3_1,road_3_2_3_0;road_3_2_3_0;road_3_2_3_0;road_3_2_3_1;road_3_2_3_1;road_3_2_3_1;road_3_2_3_2;road_3_2_3_2;road_3_2_3_2;road_4_1_2_0;road_4_1_2_0;road_4_1_2_0;road_4_1_2_1;road_4_1_2_1;road_4_1_2_1;road_4_1_2_2;road_4_1_2_2;road_4_1_2_2;road_3_0_1_0;road_3_0_1_0;road_3_0_1_0;road_3_0_1_1;road_3_0_1_1;road_3_0_1_1;road_3_0_1_2;road_3_0_1_2;road_3_0_1_2;road_2_1_0_0;road_2_1_0_0;road_2_1_0_0;road_2_1_0_1;road_2_1_0_1;road_2_1_0_1;road_2_1_0_2;road_2_1_0_2;road_2_1_0_2,GGGrrrrrrGGGGGGrrrGGGrrrrrrGGGGGGrrr
70,intersection_3_2,road_3_3_3_0;road_3_3_3_0;road_3_3_3_0;road_3_3_3_1;road_3_3_3_1;road_3_3_3_1;road_3_3_3_2;road_3_3_3_2;road_3_3_3_2;road_4_2_2_0;road_4_2_2_0;road_4_2_2_0;road_4_2_2_1;road_4_2_2_1;road_4_2_2_1;road_4_2_2_2;road_4_2_2_2;road_4_2_2_2;road_3_1_1_0;road_3_1_1_0;road_3_1_1_0;road_3_1_1_1;road_3_1_1_1;road_3_1_1_1;road_3_1_1_2;road_3_1_1_2;road_3_1_1_2;road_2_2_0_0;road_2_2_0_0;road_2_2_0_0;road_2_2_0_1;road_2_2_0_1;road_2_2_0_1;road_2_2_0_2;road_2_2_0_2;road_2_2_0_2,GGGrrrrrrGGGGGGrrrGGGrrrrrrGGGGGGrrr
70,intersection_3_3,road_3_4_3_0;road_3_4_3_0;road_3_4_3_0;road_3_4_3_1;road_3_4_3_1;road_3_4_3_1;road_3_4_3_2;road_3_4_3_2;road_3_4_3_2;road_4_3_2_0;road_4_3_2_0;road_4_3_2_0;road_4_3_2_1;road_4_3_2_1;road_4_3_2_1;road_4_3_2_2;road_4_3_2_2;road_4_3_2_2;road_3_2_1_0;road_3_2_1_0;road_3_2_1_0;road_3_2_1_1;road_3_2_1_1;road_3_2_1_1;road_3_2_1_2;road_3_2_1_2;road_3_2_1_2;road_2_3_0_0;road_2_3_0_0;road_2_3_0_0;road_2_3_0_1;road_2_3_0_1;road_2_3_0_1;road_2_3_0_2;road_2_3_0_2;road_2_3_0_2,GGGrrrrrrGGGGGGrrrGGGrrrrrrGGGGGGrrr
70,intersection_3_4,road_3_5_3_0;road_3_5_3_0;road_3_5_3_0;road_3_5_3_1;road_3_5_3_1;road_3_5_3_1;road_3_5_3_2;road_3_5_3_2;road_3_5_3_2;road_4_4_2_0;road_4_4_2_0;road_4_4_2_0;road_4_4_2_1;road_4_4_2_1;road_4_4_2_1;road_4_4_2_2;road_4_4_2_2;road_4_4_2_2;road_3_3_1_0;road_3_3_1_0;road_3_3_1_0;road_3_3_1_1;road_3_3_1_1;road_3_3_1_1;road_3_3_1_2;road_3_3_1_2;road_3_3_1_2;road_2_4_0_0;road_2_4_0_0;road_2_4_0_0;road_2_4_0_1;road_2_4_0_1;road_2_4_0_1;road_2_4_0_2;road_2_4_0_2;road_2_4_0_2,GGGrrrrrrGGGGGGrrrGGGrrrrrrGGGGGGrrr
70,intersection_4_1,road_4_2_3_0;road_4_2_3_0;road_4_2_3_0;road_4_2_3_1;road_4_2_3_1;road_4_2_3_1;road_4_2_3_2;road_4_2_3_2;road_4_2_3_2;road_5_1_2_0;road_5_1_2_0;road_5_1_2_0;road_5_1_2_1;road_5_1_2_1;road_5_1_2_1;road_5_1_2_2;road_5_1_2_2;road_5_1_2_2;road_4_0_1_0;road_4_0_1_0;road_4_0_1_0;road_4_0_1_1;road_4_0_1_1;road_4_0_1_1;road_4_0_1_2;road_4_0_1_2;road_4_0_1_2;road_3_1_0_0;road_3_1_0_0;road_3_1_0_0;road_3_1_0_1;road_3_1_0_1;road_3_1_0_1;road_3_1_0_2;road_3_1_0_2;road_3_1_0_2,GGGrrrrrrGGGGGGrrrGGGrrrrrrGGGGGGrrr
70,intersection_4_2,road_4_3_3_0;road_4_3_3_0;road_4_3_3_0;road_4_3_3_1;road_4_3_3_1;road_4_3_3_1;road_4_3_3_2;road_4_3_3_2;road_4_3_3_2;road_5_2_2_0;road_5_2_2_0;road_5_2_2_0;road_5_2_2_1;road_5_2_2_1;road_5_2_2_1;road_5_2_2_2;road_5_2_2_2;road_5_2_2_2;road_4_1_1_0;road_4_1_1_0;road_4_1_1_0;road_4_1_1_1;road_4_1_1_1;road_4_1_1_1;road_4_1_1_2;road_4_1_1_2;road_4_1_1_2;road_3_2_0_0;road_3_2_0_0;road_3_2_0_0;road_3_2_0_1;road_3_2_0_1;road_3_2_0_1;road_3_2_0_2;road_3_2_0_2;road_3_2_0_2,GGGrrrrrrGGGGGGrrrGGGrrrrrrGGGGGGrrr
70,intersection_4_3,road_4_4_3_0;road_4_4_3_0;road_4_4_3_0;road_4_4_3_1;road_4_4_3_1;road_4_4_3_1;road_4_4_3_2;road_4_4_3_2;road_4_4_3_2;road_5_3_2_0;road_5_3_2_0;road_5_3_2_0;road_5_3_2_1;road_5_3_2_1;road_5_3_2_1;road_5_3_2_2;road_5_3_2_2;road_5_3_2_2;road_4_2_1_0;road_4_2_1_0;road_4_2_1_0;road_4_2_1_1;road_4_2_1_1;road_4_2_1_1;road_4_2_1_2;road_4_2_1_2;road_4_2_1_2;road_3_3_0_0;road_3_3_0_0;road_3_3_0_0;road_3_3_0_1;road_3_3_0_1;road_3_3_0_1;road_3_3_0_2;road_3_3_0_2;road_3_3_0_2,GGGrrrrrrGGGGGGrrrGGGrrrrrrGGGGGGrrr
70,intersection_4_4,road_4_5_3_0;road_4_5_3_0;road_4_5_3_0;road_4_5_3_1;road_4_5_3_1;road_4_5_3_1;road_4_5_3_2;road_4_5_3_2;road_4_5_3_2;road_5_4_2_0;road_5_4_2_0;road_5_4_2_0;road_5_4_2_1;road_5_4_2_1;road_5_4_2_1;road_5_4_2_2;road_5_4_2_2;road_5_4_2_2;road_4_3_1_0;road_4_3_1_0;road_4_3_1_0;road_4_3_1_1;road_4_3_1_1;road_4_3_1_1;road_4_3_1_2;road_4_3_1_2;road_4_3_1_2;road_3_4_0_0;road_3_4_0_0;road_3_4_0_0;road_3_4_0_1;road_3_4_0_1;road_3_4_0_1;road_3_4_0_2;road_3_4_0_2;road_3_4_0_2,GGGrrrrrrGGGrrrrrrGGGrrrrrrGGGGGGGGG
80,intersection_1_1,road_1_2_3_0;road_1_2_3_0;road_1_2_3_0;road_1_2_3_1;road_1_2_3_1;road_1_2_3_1;road_1_2_3_2;road_1_2_3_2;road_1_2_3_2;road_2_1_2_0;road_2_1_2_0;road_2_1_2_0;road_2_1_2_1;road_2_1_2_1;road_2_1_2_1;road_2_1_2_2;road_2_1_2_2;road_2_1_2_2;road_1_0_1_0;road_1_0_1_0;road_1_0_1_0;road_1_0_1_1;road_1_0_1_1;road_1_0_1_1;road_1_0_1_2;road_1_0_1_2;road_1_0_1_2;road_0_1_0_0;road_0_1_0_0;road_0_1_0_0;road_0_1_0_1;road_0_1_0_1;road_0_1_0_1;road_0_1_0_2;road_0_1_0_2;road_0_1_0_2,GGGrrrrrrGGGGGGGGGGGGrrrrrrGGGrrrrrr
80,intersection_1_2,road_1_3_3_0;road_1_3_3_0;road_1_3_3_0;road_1_3_3_1;road_1_3_3_1;road_1_3_3_1;road_1_3_3_2;road_1_3_3_2;road_1_3_3_2;road_2_2_2_0;road_2_2_2_0;road_2_2_2_0;road_2_2_2_1;road_2_2_2_1;road_2_2_2_1;road_2_2_2_2;road_2_2_2_2;road_2_2_2_2;road_1_1_1_0;road_1_1_1_0;road_1_1_1_0;road_1_1_1_1;road_1_1_1_1;road_1_1_1_1;road_1_1_1_2;road_1_1_1_2;road_1_1_1_2;road_0_2_0_0;road_0_2_0_0;road_0_2_0_0;road_0_2_0_1;road_0_2_0_1;road_0_2_0_1;road_0_2_0_2;road_0_2_0_2;road_0_2_0_2,GGGrrrrrrGGGGGGrrrGGGrrrrrrGGGGGGrrr
80,intersection_1_3,road_1_4_3_0;road_1_4_3_0;road_1_4_3_0;road_1_4_3_1;road_1_4_3_1;road_1_4_3_1;road_1_4_3_2;road_1_4_3_2;road_1_4_3_2;road_2_3_2_0;road_2_3_2_0;road_2_3_2_0;road_2_3_2_1;road_2_3_2_1;road_2_3_2_1;road_2_3_2_2;road_2_3_2_2;road_2_3_2_2;road_1_2_1_0;road_1_2_1_0;road_1_2_1_0;road_1_2_1_1;road_1_2_1_1;road_1_2_1_1;road_1_2_1_2;road_1_2_1_2;road_1_2_1_2;road_0_3_0_0;road_0_3_0_0;road_0_3_0_0;road_0_3_0_1;road_0_3_0_1;road_0_3_0_1;road_0_3_0_2;road_0_3_0_2;road_0_3_0_2,GGGrrrrrrGGGGGGrrrGGGrrrrrrGGGGGGrrr
80,intersection_1_4,road_1_5_3_0;road_1_5_3_0;road_1_5_3_0;road_1_5_3_1;road_1_5_3_1;road_1_5_3_1;road_1_5_3_2;road_1_5_3_2;road_1_5_3_2;road_2_4_2_0;road_2_4_2_0;road_2_4_2_0;road_2_4_2_1;road_2_4_2_1;road_2_4_2_1;road_2_4_2_2;road_2_4_2_2;road_2_4_2_2;road_1_3_1_0;road_1_3_1_0;road_1_3_1_0;road_1_3_1_1;road_1_3_1_1;road_1_3_1_1;road_1_3_1_2;road_1_3_1_2;road_1_3_1_2;road_0_4_0_0;road_0_4_0_0;road_0_4_0_0;road_0_4_0_1;road_0_4_0_1;road_0_4_0_1;road_0_4_0_2;road_0_4_0_2;road_0_4_0_2,GGGrrrrrrGGGrrrrrrGGGGGGGGGGGGrrrrrr
80,intersection_2_1,road_2_2_3_0;road_2_2_3_0;road_2_2_3_0;road_2_2_3_1;road_2_2_3_1;road_2_2_3_1;road_2_2_3_2;road_2_2_3_2;road_2_2_3_2;road_3_1_2_0;road_3_1_2_0;road_3_1_2_0;road_3_1_2_1;road_3_1_2_1;road_3_1_2_1;road_3_1_2_2;road_3_1_2_2;road_3_1_2_2;road_2_0_1_0;road_2_0_1_0;road_2_0_1_0;road_2_0_1_1;road_2_0_1_1;road_2_0_1_1;road_2_0_1_2;road_2_0_1_2;road_2_0_1_2;road_1_1_0_0;road_1_1_0_0;road_1_1_0_0;road_1_1_0_1;road_1_1_0_1;road_1_1_0_1;road_1_1_0_2;road_1_1_0_2;road_1_1_0_2,GGGrrrrrrGGGGGGrrrGGGrrrrrrGGGGGGrrr
80,intersection_2_2,road_2_3_3_0;road_2_3_3_0;road_2_3_3_0;road_2_3_3_1;road_2_3_3_1;road_2_3_3_1;road_2_3_3_2;road_2_3_3_2;road_2_3_3_2;road_3_2_2_0;road_3_2_2_0;road_3_2_2_0;road_3_2_2_1;road_3_2_2_1;road_3_2_2_1;road_3_2_2_2;road_3_2_2_2;road_3_2_2_2;road_2_1_1_0;road_2_1_1_0;road_2_1_1_0;road_2_1_1_1;road_2_1_1_1;road_2_1_1_1;road_2_1_1_2;road_2_1_1_2;road_2_1_1_2;road_1_2_0_0;road_1_2_0_0;road_1_2_0_0;road_1_2_0_1;road_1_2_0_1;road_1_2_0_1;road_1_2_0_2;road_1_2_0_2;road_1_2_0_2,GGGrrrrrrGGGGGGrrrGGGrrrrrrGGGGGGrrr
80,intersection_2_3,road_2_4_3_0;road_2_4_3_0;road_2_4_3_0;road_2_4_3_1;road_2_4_3_1;road_2_4_3_1;road_2_4_3_2;road_2_4_3_2;road_2_4_3_2;road_3_3_2_0;road_3_3_2_0;road_3_3_2_0;road_3_3_2_1;road_3_3_2_1;road_3_3_2_1;road_3_3_2_2;road_3_3_2_2;road_3_3_2_2;road_2_2_1_0;road_2_2_1_0;road_2_2_1_0;road_2_2_1_1;road_2_2_1_1;road_2_2_1_1;road_2_2_1_2;road_2_2_1_2;road_2_2_1_2;road_1_3_0_0;road_1_3_0_0;road_1_3_0_0;road_1_3_0_1;road_1_3_0_1;road_1_3_0_1;road_1_3_0_2;road_1_3_0_2;road_1_3_0_2,GGGrrrrrrGGGGGGrrrGGGrrrrrrGGGGGGrrr
80,intersection_2_4,road_2_5_3_0;road_2_5_3_0;road_2_5_3_0;road_2_5_3_1;road_2_5_3_1;road_2_5_3_1;road_2_5_3_2;road_2_5_3_2;road_2_5_3_2;road_3_4_2_0;road_3_4_2_0;road_3_4_2_0;road_3_4_2_1;road_3_4_2_1;road_3_4_2_1;road_3_4_2_2;road_3_4_2_2;road_3_4_2_2;road_2_3_1_0;road_2_3_1_0;road_2_3_1_0;road_2_3_1_1;road_2_3_1_1;road_2_3_1_1;road_2_3_1_2;road_2_3_1_2;road_2_3_1_2;road_1_4_0_0;road_1_4_0_0;road_1_4_0_0;road_1_4_0_1;road_1_4_0_1;road_1_4_0_1;road_1_4_0_2;road_1_4_0_2;road_1_4_0_2,GGGrrrrrrGGGGGGrrrGGGrrrrrrGGGGGGrrr
80,intersection_3_1,road_3_2_3_0;road_3_2_3_0;road_3_2_3_0;road_3_2_3_1;road_3_2_3_1;road_3_2_3_1;road_3_2_3_2;road_3_2_3_2;road_3_2_3_2;road_4_1_2_0;road_4_1_2_0;road_4_1_2_0;road_4_1_2_1;road_4_1_2_1;road_4_1_2_1;road_4_1_2_2;road_4_1_2_2;road_4_1_2_2;road_3_0_1_0;road_3_0_1_0;road_3_0_1_0;road_3_0_1_1;road_3_0_1_1;road_3_0_1_1;road_3_0_1_2;road_3_0_1_2;road_3_0_1_2;road_2_1_0_0;road_2_1_0_0;road_2_1_0_0;road_2_1_0_1;road_2_1_0_1;road_2_1_0_1;road_2_1_0_2;road_2_1_0_2;road_2_1_0_2,GGGrrrrrrGGGGGGrrrGGGrrrrrrGGGGGGrrr
80,intersection_3_2,road_3_3_3_0;road_3_3_3_0;road_3_3_3_0;road_3_3_3_1;road_3_3_3_1;road_3_3_3_1;road_3_3_3_2;road_3_3_3_2;road_3_3_3_2;road_4_2_2_0;road_4_2_2_0;road_4_2_2_0;road_4_2_2_1;road_4_2_2_1;road_4_2_2_1;road_4_2_2_2;road_4_2_2_2;road_4_2_2_2;road_3_1_1_0;road_3_1_1_0;road_3_1_1_0;road_3_1_1_1;road_3_1_1_1;road_3_1_1_1;road_3_1_1_2;road_3_1_1_2;road_3_1_1_2;road_2_2_0_0;road_2_2_0_0;road_2_2_0_0;road_2_2_0_1;road_2_2_0_1;road_2_2_0_1;road_2_2_0_2;road_2_2_0_2;road_2_2_0_2,GGGrrrrrrGGGGGGrrrGGGrrrrrrGGGGGGrrr
80,intersection_3_3,road_3_4_3_0;road_3_4_3_0;road_3_4_3_0;road_3_4_3_1;road_3_4_3_1;road_3_4_3_1;road_3_4_3_2;road_3_4_3_2;road_3_4_3_2;road_4_3_2_0;road_4_3_2_0;road_4_3_2_0;road_4_3_2_1;road_4_3_2_1;road_4_3_2_1;road_4_3_2_2;road_4_3_2_2;road_4_3_2_2;road_3_2_1_0;road_3_2_1_0;road_3_2_1_0;road_3_2_1_1;road_3_2_1_1;road_3_2_1_1;road_3_2_1_2;road_3_2_1_2;road_3_2_1_2;road_2_3_0_0;road_2_3_0_0;road_2_3_0_0;road_2_3_0_1;road_2_3_0_1;road_2_3_0_1;road_2_3_0_2;road_2_3_0_2;road_2_3_0_2,GGGrrrrrrGGGGGGrrrGGGrrrrrrGGGGGGrrr
80,intersection_3_4,road_3_5_3_0;road_3_5_3_0;road_3_5_3_0;road_3_5_3_1;road_3_5_3_1;road_3_5_3_1;road_3_5_3_2;road_3_5_3_2;road_3_5_3_2;road_4_4_2_0;road_4_4_2_0;road_4_4_2_0;road_4_4_2_1;road_4_4_2_1;road_4_4_2_1;road_4_4_2_2;road_4_4_2_2;road_4_4_2_2;road_3_3_1_0;road_3_3_1_0;road_3_3_1_0;road_3_3_1_1;road_3_3_1_1;road_3_3_1_1;road_3_3_1_2;road_3_3_1_2;road_3_3_1_2;road_2_4_0_0;road_2_4_0_0;road_2_4_0_0;road_2_4_0_1;road_2_4_0_1;road_2_4_0_1;road_2_4_0_2;road_2_4_0_2;road_2_4_0_2,GGGrrrrrrGGGGGGrrrGGGrrrrrrGGGGGGrrr
80,intersection_4_1,road_4_2_3_0;road_4_2_3_0;road_4_2_3_0;road_4_2_3_1;road_4_2_3_1;road_4_2_3_1;road_4_2_3_2;road_4_2_3_2;road_4_2_3_2;road_5_1_2_0;road_5_1_2_0;road_5_1_2_0;road_5_1_2_1;road_5_1_2_1;road_5_1_2_1;road_5_1_2_2;road_5_1_2_2;road_5_1_2_2;road_4_0_1_0;road_4_0_1_0;road_4_0_1_0;road_4_0_1_1;road_4_0_1_1;road_4_0_1_1;road_4_0_1_2;road_4_0_1_2;road_4_0_1_2;road_3_1_0_0;road_3_1_0_0;road_3_1_0_0;road_3_1_0_1;road_3_1_0_1;road_3_1_0_1;road_3_1_0_2;road_3_1_0_2;road_3_1_0_2,GGGrrrrrrGGGGGGrrrGGGrrrrrrGGGGGGrrr
80,intersection_4_2,road_4_3_3_0;road_4_3_3_0;road_4_3_3_0;road_4_3_3_1;road_4_3_3_1;road_4_3_3_1;road_4_3_3_2;road_4_3_3_2;road_4_3_3_2;road_5_2_2_0;road_5_2_2_0;road_5_2_2_0;road_5_2_2_1;road_5_2_2_1;road_5_2_2_1;road_5_2_2_2;road_5_2_2_2;road_5_2_2_2;road_4_1_1_0;road_4_1_1_0;road_4_1_1_0;road_4_1_1_1;road_4_1_1_1;road_4_1_1_1;road_4_1_1_2;road_4_1_1_2;road_4_1_1_2;road_3_2_0_0;road_3_2_0_0;road_3_2_0_0;road_3_2_0_1;road_3_2_0_1;road_3_2_0_1;road_3_2_0_2;road_3_2_0_2;road_3_2_0_2,GGGrrrrrrGGGGGGrrrGGGrrrrrrGGGGGGrrr
80,intersection_4_3,road_4_4_3_0;road_4_4_3_0;road_4_4_3_0;road_4_4_3_1;road_4_4_3_1;road_4_4_3_1;road_4_4_3_2;road_4_4_3_2;road_4_4_3_2;road_5_3_2_0;road_5_3_2_0;road_5_3_2_0;road_5_3_2_1;road_5_3_2_1;road_5_3_2_1;road_5_3_2_2;road_5_3_2_2;road_5_3_2_2;road_4_2_1_0;road_4_2_1_0;road_4_2_1_0;road_4_2_1_1;road_4_2_1_1;road_4_2_1_1;road_4_2_1_2;road_4_2_1_2;road_4_2_1_2;road_3_3_0_0;road_3_3_0_0;road_3_3_0_0;road_3_3_0_1;road_3_3_0_1;road_3_3_0_1;road_3_3_0_2;road_3_3_0_2;road_3_3_0_2,GGGrrrrrrGGGGGGrrrGGGrrrrrrGGGGGGrrr
80,intersection_4_4,road_4_5_3_0;road_4_5_3_0;road_4_5_3_0;road_4_5_3_1;road_4_5_3_1;road_4_5_3_1;road_4_5_3_2;road_4_5_3_2;road_4_5_3_2;road_5_4_2_0;road_5_4_2_0;road_5_4_2_0;road_5_4_2_1;road_5_4_2_1;road_5_4_2_1;road_5_4_2_2;road_5_4_2_2;road_5_4_2_2;road_4_3_1_0;road_4_3_1_0;road_4_3_1_0;road_4_3_1_1;road_4_3_1_1;road_4_3_1_1;road_4_3_1_2;road_4_3_1_2;road_4_3_1_2;road_3_4_0_0;road_3_4_0_0;road_3_4_0_0;road_3_4_0_1;road_3_4_0_1;road_3_4_0_1;road_3_4_0_2;road_3_4_0_2;road_3_4_0_2,GGGrrrrrrGGGrrrrrrGGGrrrrrrGGGGGGGGG
90,intersection_1_1,road_1_2_3_0;road_1_2_3_0;road_1_2_3_0;road_1_2_3_1;road_1_2_3_1;road_1_2_3_1;road_1_2_3_2;road_1_2_3_2;road_1_2_3_2;road_2_1_2_0;road_2_1_2_0;road_2_1_2_0;road_2_1_2_1;road_2_1_2_1;road_2_1_2_1;road_2_1_2_2;road_2_1_2_2;road_2_1_2_2;road_1_0_1_0;road_1_0_1_0;road_1_0_1_0;road_1_0_1_1;road_1_0_1_1;road_1_0_1_1;road_1_0_1_2;road_1_0_1_2;road_1_0_1_2;road_0_1_0_0;road_0_1_0_0;road_0_1_0_0;road_0_1_0_1;road_0_1_0_1;road_0_1_0_1;road_0_1_0_2;road_0_1_0_2;road_0_1_0_2,GGGrrrrrrGGGGGGGGGGGGrrrrrrGGGrrrrrr
90,intersection_1_2,road_1_3_3_0;road_1_3_3_0;road_1_3_3_0;road_1_3_3_1;road_1_3_3_1;road_1_3_3_1;road_1_3_3_2;road_1_3_3_2;road_1_3_3_2;road_2_2_2_0;road_2_2_2_0;road_2_2_2_0;road_2_2_2_1;road_2_2_2_1;road_2_2_2_1;road_2_2_2_2;road_2_2_2_2;road_2_2_2_2;road_1_1_1_0;road_1_1_1_0;road_1_1_1_0;road_1_1_1_1;road_1_1_1_1;road_1_1_1_1;road_1_1_1_2;road_1_1_1_2;road_1_1_1_2;road_0_2_0_0;road_0_2_0_0;road_0_2_0_0;road_0_2_0_1;road_0_2_0_1;road_0_2_0_1;road_0_2_0_2;road_0_2_0_2;road_0_2_0_2,GGGrrrrrrGGGGGGrrrGGGrrrrrrGGGGGGrrr
90,intersection_1_3,road_1_4_3_0;road_1_4_3_0;road_1_4_3_0;road_1_4_3_1;road_1_4_3_1;road_1_4_3_1;road_1_4_3_2;road_1_4_3_2;road_1_4_3_2;road_2_3_2_0;road_2_3_2_0;road_2_3_2_0;road_2_3_2_1;road_2_3_2_1;road_2_3_2_1;road_2_3_2_2;road_2_3_2_2;road_2_3_2_2;road_1_2_1_0;road_1_2_1_0;road_1_2_1_0;road_1_2_1_1;road_1_2_1_1;road_1_2_1_1;road_1_2_1_2;road_1_2_1_2;road_1_2_1_2;road_0_3_0_0;road_0_3_0_0;road_0_3_0_0;road_0_3_0_1;road_0_3_0_1;road_0_3_0_1;road_0_3_0_2;road_0_3_0_2;road_0_3_0_2,GGGrrrrrrGGGGGGrrrGGGrrrrrrGGGGGGrrr
90,intersection_1_4,road_1_5_3_0;road_1_5_3_0;road_1_5_3_0;road_1_5_3_1;road_1_5_3_1;road_1_5_3_1;road_1_5_3_2;road_1_5_3_2;road_1_5_3_2;road_2_4_2_0;road_2_4_2_0;road_2_4_2_0;road_2_4_2_1;road_2_4_2_1;road_2_4_2_1;road_2_4_2_2;road_2_4_2_2;road_2_4_2_2;road_1_3_1_0;road_1_3_1_0;road_1_3_1_0;road_1_3_1_1;road_1_3_1_1;road_1_3_1_1;road_1_3_1_2;road_1_3_1_2;road_1_3_1_2;road_0_4_0_0;road_0_4_0_0;road_0_4_0_0;road_0_4_0_1;road_0_4_0_1;road_0_4_0_1;road_0_4_0_2;road_0_4_0_2;road_0_4_0_2,GGGrrrrrrGGGrrrGGGGGGrrrrrrGGGrrrGGG
90,intersection_2_1,road_2_2_3_0;road_2_2_3_0;road_2_2_3_0;road_2_2_3_1;road_2_2_3_1;road_2_2_3_1;road_2_2_3_2;road_2_2_3_2;road_2_2_3_2;road_3_1_2_0;road_3_1_2_0;road_3_1_2_0;road_3_1_2_1;road_3_1_2_1;road_3_1_2_1;road_3_1_2_2;road_3_1_2_2;road_3_1_2_2;road_2_0_1_0;road_2_0_1_0;road_2_0_1_0;road_2_0_1_1;road_2_0_1_1;road_2_0_1_1;road_2_0_1_2;road_2_0_1_2;road_2_0_1_2;road_1_1_0_0;road_1_1_0_0;road_1_1_0_0;road_1_1_0_1;road_1_1_0_1;road_1_1_0_1;road_1_1_0_2;road_1_1_0_2;road_1_1_0_2,GGGrrrrrrGGGGGGrrrGGGrrrrrrGGGGGGrrr
90,intersection_2_2,road_2_3_3_0;road_2_3_3_0;road_2_3_3_0;road_2_3_3_1;road_2_3_3_1;road_2_3_3_1;road_2_3_3_2;road_2_3_3_2;road_2_3_3_2;road_3_2_2_0;road_3_2_2_0;road_3_2_2_0;road_3_2_2_1;road_3_2_2_1;road_3_2_2_1;road_3_2_2_2;road_3_2_2_2;road_3_2_2_2;road_2_1_1_0;road_2_1_1_0;road_2_1_1_0;road_2_1_1_1;road_2_1_1_1;road_2_1_1_1;road_2_1_1_2;road_2_1_1_2;road_2_1_1_2;road_1_2_0_0;road_1_2_0_0;road_1_2_0_0;road_1_2_0_1;road_1_2_0_1;road_1_2_0_1;road_1_2_0_2;road_1_2_0_2;road_1_2_0_2,GGGrrrrrrGGGGGGrrrGGGrrrrrrGGGGGGrrr
90,intersection_2_3,road_2_4_3_0;road_2_4_3_0;road_2_4_3_0;road_2_4_3_1;road_2_4_3_1;road_2_4_3_1;road_2_4_3_2;road_2_4_3_2;road_2_4_3_2;road_3_3_2_0;road_3_3_2_0;road_3_3_2_0;road_3_3_2_1;road_3_3_2_1;road_3_3_2_1;road_3_3_2_2;road_3_3_2_2;road_3_3_2_2;road_2_2_1_0;road_2_2_1_0;road_2_2_1_0;road_2_2_1_1;road_2_2_1_1;road_2_2_1_1;road_2_2_1_2;road_2_2_1_2;road_2_2_1_2;road_1_3_0_0;road_1_3_0_0;road_1_3_0_0;road_1_3_0_1;road_1_3_0_1;road_1_3_0_1;road_1_3_0_2;road_1_3_0_2;road_1_3_0_2,GGGrrrrrrGGGGGGrrrGGGrrrrrrGGGGGGrrr
90,intersection_2_4,road_2_5_3_0;road_2_5_3_0;road_2_5_3_0;road_2_5_3_1;road_2_5_3_1;road_2_5_3_1;road_2_5_3_2;road_2_5_3_2;road_2_5_3_2;road_3_4_2_0;road_3_4_2_0;road_3_4_2_0;road_3_4_2_1;road_3_4_2_1;road_3_4_2_1;road_3_4_2_2;road_3_4_2_2;road_3_4_2_2;road_2_3_1_0;road_2_3_1_0;road_2_3_1_0;road_2_3_1_1;road_2_3_1_1;road_2_3_1_1;road_2_3_1_2;road_2_3_1_2;road_2_3_1_2;road_1_4_0_0;road_1_4_0_0;road_1_4_0_0;road_1_4_0_1;road_1_4_0_1;road_1_4_0_1;road_1_4_0_2;road_1_4_0_2;road_1_4_0_2,GGGrrrrrrGGGGGGrrrGGGrrrrrrGGGGGGrrr
90,intersection_3_1,road_3_2_3_0;road_3_2_3_0;road_3_2_3_0;road_3_2_3_1;road_3_2_3_1;road_3_2_3_1;road_3_2_3_2;road_3_2_3_2;road_3_2_3_2;road_4_1_2_0;road_4_1_2_0;road_4_1_2_0;road_4_1_2_1;road_4_1_2_1;road_4_1_2_1;road_4_1_2_2;road_4_1_2_2;road_4_1_2_2;road_3_0_1_0;road_3_0_1_0;road_3_0_1_0;road_3_0_1_1;road_3_0_1_1;road_3_0_1_1;road_3_0_1_2;road_3_0_1_2;road_3_0_1_2;road_2_1_0_0;road_2_1_0_0;road_2_1_0_0;road_2_1_0_1;road_2_1_0_1;road_2_1_0_1;road_2_1_0_2;road_2_1_0_2;road_2_1_0_2,GGGrrrrrrGGGGGGrrrGGGrrrrrrGGGGGGrrr
90,intersection_3_2,road_3_3_3_0;road_3_3_3_0;road_3_3_3_0;road_3_3_3_1;road_3_3_3_1;road_3_3_3_1;road_3_3_3_2;road_3_3_3_2;road_3_3_3_2;road_4_2_2_0;road_4_2_2_0;road_4_2_2_0;road_4_2_2_1;road_4_2_2_1;road_4_2_2_1;road_4_2_2_2;road_4_2_2_2;road_4_2_2_2;road_3_1_1_0;road_3_1_1_0;road_3_1_1_0;road_3_1_1_1;road_3_1_1_1;road_3_1_1_1;road_3_1_1_2;road_3_1_1_2;road_3_1_1_2;road_2_2_0_0;road_2_2_0_0;road_2_2_0_0;road_2_2_0_1;road_2_2_0_1;road_2_2_0_1;road_2_2_0_2;road_2_2_0_2;road_2_2_0_2,GGGrrrrrrGGGGGGrrrGGGrrrrrrGGGGGGrrr
90,intersection_3_3,road_3_4_3_0;road_3_4_3_0;road_3_4_3_0;road_3_4_3_1;road_3_4_3_1;road_3_4_3_1;road_3_4_3_2;road_3_4_3_2;road_3_4_3_2;road_4_3_2_0;road_4_3_2_0;road_4_3_2_0;road_4_3_2_1;road_4_3_2_1;road_4_3_2_1;road_4_3_2_2;road_4_3_2_2;road_4_3_2_2;road_3_2_1_0;road_3_2_1_0;road_3_2_1_0;road_3_2_1_1;road_3_2_1_1;road_3_2_1_1;road_3_2_1_2;road_3_2_1_2;road_3_2_1_2;road_2_3_0_0;road_2_3_0_0;road_2_3_0_0;road_2_3_0_1;road_2_3_0_1;road_2_3_0_1;road_2_3_0_2;road_2_3_0_2;road_2_3_0_2,GGGrrrrrrGGGGGGrrrGGGrrrrrrGGGGGGrrr
90,intersection_3_4,road_3_5_3_0;road_3_5_3_0;road_3_5_3_0;road_3_5_3_1;road_3_5_3_1;road_3_5_3_1;road_3_5_3_2;road_3_5_3_2;road_3_5_3_2;road_4_4_2_0;road_4_4_2_0;road_4_4_2_0;road_4_4_2_1;road_4_4_2_1;road_4_4_2_1;road_4_4_2_2;road_4_4_2_2;road_4_4_2_2;road_3_3_1_0;road_3_3_1_0;road_3_3_1_0;road_3_3_1_1;road_3_3_1_1;road_3_3_1_1;road_3_3_1_2;road_3_3_1_2;road_3_3_1_2;road_2_4_0_0;road_2_4_0_0;road_2_4_0_0;road_2_4_0_1;road_2_4_0_1;road_2_4_0_1;road_2_4_0_2;road_2_4_0_2;road_2_4_0_2,GGGrrrrrrGGGGGGrrrGGGrrrrrrGGGGGGrrr
90,intersection_4_1,road_4_2_3_0;road_4_2_3_0;road_4_2_3_0;road_4_2_3_1;road_4_2_3_1;road_4_2_3_1;road_4_2_3_2;road_4_2_3_2;road_4_2_3_2;road_5_1_2_0;road_5_1_2_0;road_5_1_2_0;road_5_1_2_1;road_5_1_2_1;road_5_1_2_1;road_5_1_2_2;road_5_1_2_2;road_5_1_2_2;road_4_0_1_0;road_4_0_1_0;road_4_0_1_0;road_4_0_1_1;road_4_0_1_1;road_4_0_1_1;road_4_0_1_2;road_4_0_1_2;road_4_0_1_2;road_3_1_0_0;road_3_1_0_0;road_3_1_0_0;road_3_1_0_1;road_3_1_0_1;road_3_1_0_1;road_3_1_0_2;road_3_1_0_2;road_3_1_0_2,GGGrrrrrrGGGGGGrrrGGGrrrrrrGGGGGGrrr
90,intersection_4_2,road_4_3_3_0;road_4_3_3_0;road_4_3_3_0;road_4_3_3_1;road_4_3_3_1;road_4_3_3_1;road_4_3_3_2;road_4_3_3_2;road_4_3_3_2;road_5_2_2_0;road_5_2_2_0;road_5_2_2_0;road_5_2_2_1;road_5_2_2_1;road_5_2_2_1;road_5_2_2_2;road_5_2_2_2;road_5_2_2_2;road_4_1_1_0;road_4_1_1_0;road_4_1_1_0;road_4_1_1_1;road_4_1_1_1;road_4_1_1_1;road_4_1_1_2;road_4_1_1_2;road_4_1_1_2;road_3_2_0_0;road_3_2_0_0;road_3_2_0_0;road_3_2_0_1;road_3_2_0_1;road_3_2_0_1;road_3_2_0_2;road_3_2_0_2;road_3_2_0_2,GGGrrrrrrGGGGGGrrrGGGrrrrrrGGGGGGrrr
90,intersection_4_3,road_4_4_3_0;road_4_4_3_0;road_4_4_3_0;road_4_4_3_1;road_4_4_3_1;road_4_4_3_1;road_4_4_3_2;road_4_4_3_2;road_4_4_3_2;road_5_3_2_0;road_5_3_2_0;road_5_3_2_0;road_5_3_2_1;road_5_3_2_1;road_5_3_2_1;road_5_3_2_2;road_5_3_2_2;road_5_3_2_2;road_4_2_1_0;road_4_2_1_0;road_4_2_1_0;road_4_2_1_1;road_4_2_1_1;road_4_2_1_1;road_4_2_1_2;road_4_2_1_2;road_4_2_1_2;road_3_3_0_0;road_3_3_0_0;road_3_3_0_0;road_3_3_0_1;road_3_3_0_1;road_3_3_0_1;road_3_3_0_2;road_3_3_0_2;road_3_3_0_2,GGGrrrrrrGGGGGGrrrGGGrrrrrrGGGGGGrrr
90,intersection_4_4,road_4_5_3_0;road_4_5_3_0;road_4_5_3_0;road_4_5_3_1;road_4_5_3_1;road_4_5_3_1;road_4_5_3_2;road_4_5_3_2;road_4_5_3_2;road_5_4_2_0;road_5_4_2_0;road_5_4_2_0;road_5_4_2_1;road_5_4_2_1;road_5_4_2_1;road_5_4_2_2;road_5_4_2_2;road_5_4_2_2;road_4_3_1_0;road_4_3_1_0;road_4_3_1_0;road_4_3_1_1;road_4_3_1_1;road_4_3_1_1;road_4_3_1_2;road_4_3_1_2;road_4_3_1_2;road_3_4_0_0;road_3_4_0_0;road_3_4_0_0;road_3_4_0_1;road_3_4_0_1;road_3_4_0_1;road_3_4_0_2;road_3_4_0_2;road_3_4_0_2,GGGrrrGGGGGGrrrrrrGGGrrrGGGGGGrrrrrr
100,intersection_1_1,road_1_2_3_0;road_1_2_3_0;road_1_2_3_0;road_1_2_3_1;road_1_2_3_1;road_1_2_3_1;road_1_2_3_2;road_1_2_3_2;road_1_2_3_2;road_2_1_2_0;road_2_1_2_0;road_2_1_2_0;road_2_1_2_1;road_2_1_2_1;road_2_1_2_1;road_2_1_2_2;road_2_1_2_2;road_2_1_2_2;road_1_0_1_0;road_1_0_1_0;road_1_0_1_0;road_1_0_1_1;road_1_0_1_1;road_1_0_1_1;road_1_0_1_2;road_1_0_1_2;road_1_0_1_2;road_0_1_0_0;road_0_1_0_0;road_0_1_0_0;road_0_1_0_1;road_0_1_0_1;road_0_1_0_1;road_0_1_0_2;road_0_1_0_2;road_0_1_0_2,GGGrrrrrrGGGGGGGGGGGGrrrrrrGGGrrrrrr
100,intersection_1_2,road_1_3_3_0;road_1_3_3_0;road_1_3_3_0;road_1_3_3_1;road_1_3_3_1;road_1_3_3_1;road_1_3_3_2;road_1_3_3_2;road_1_3_3_2;road_2_2_2_0;road_2_2_2_0;road_2_2_2_0;road_2_2_2_1;road_2_2_2_1;road_2_2_2_1;road_2_2_2_2;road_2_2_2_2;road_2_2_2_2;road_1_1_1_0;road_1_1_1_0;road_1_1_1_0;road_1_1_1_1;road_1_1_1_1;road_1_1_1_1;road_1_1_1_2;road_1_1_1_2;road_1_1_1_2;road_0_2_0_0;road_0_2_0_0;road_0_2_0_0;road_0_2_0_1;road_0_2_0_1;road_0_2_0_1;road_0_2_0_2;road_0_2_0_2;road_0_2_0_2,GGGrrrrrrGGGGGGrrrGGGrrrrrrGGGGGGrrr
100,intersection_1_3,road_1_4_3_0;road_1_4_3_0;road_1_4_3_0;road_1_4_3_1;road_1_4_3_1;road_1_4_3_1;road_1_4_3_2;road_1_4_3_2;road_1_4_3_2;road_2_3_2_0;road_2_3_2_0;road_2_3_2_0;road_2_3_2_1;road_2_3_2_1;road_2_3_2_1;road_2_3_2_2;road_2_3_2_2;road_2_3_2_2;road_1_2_1_0;road_1_2_1_0;road_1_2_1_0;road_1_2_1_1;road_1_2_1_1;road_1_2_1_1;road_1_2_1_2;road_1_2_1_2;road_1_2_1_2;road_0_3_0_0;road_0_3_0_0;road_0_3_0_0;road_0_3_0_1;road_0_3_0_1;road_0_3_0_1;road_0_3_0_2;road_0_3_0_2;road_0_3_0_2,GGGrrrrrrGGGGGGrrrGGGrrrrrrGGGGGGrrr
100,intersection_1_4,road_1_5_3_0;road_1_5_3_0;road_1_5_3_0;road_1_5_3_1;road_1_5_3_1;road_1_5_3_1;road_1_5_3_2;road_1_5_3_2;road_1_5_3_2;road_2_4_2_0;road_2_4_2_0;road_2_4_2_0;road_2_4_2_1;road_2_4_2_1;road_2_4_2_1;road_2_4_2_2;road_2_4_2_2;road_2_4_2_2;road_1_3_1_0;road_1_3_1_0;road_1_3_1_0;road_1_3_1_1;road_1_3_1_1;road_1_3_1_1;road_1_3_1_2;road_1_3_1_2;road_1_3_1_2;road_0_4_0_0;road_0_4_0_0;road_0_4_0_0;road_0_4_0_1;road_0_4_0_1;road_0_4_0_1;road_0_4_0_2;road_0_4_0_2;road_0_4_0_2,GGGGGGrrrGGGrrrrrrGGGGGGrrrGGGrrrrrr
100,intersection_2_1,road_2_2_3_0;road_2_2_3_0;road_2_2_3_0;road_2_2_3_1;road_2_2_3_1;road_2_2_3_1;road_2_2_3_2;road_2_2_3_2;road_2_2_3_2;road_3_1_2_0;road_3_1_2_0;road_3_1_2_0;road_3_1_2_1;road_3_1_2_1;road_3_1_2_1;road_3_1_2_2;road_3_1_2_2;road_3_1_2_2;road_2_0_1_0;road_2_0_1_0;road_2_0_1_0;road_2_0_1_1;road_2_0_1_1;road_2_0_1_1;road_2_0_1_2;road_2_0_1_2;road_2_0_1_2;road_1_1_0_0;road_1_1_0_0;road_1_1_0_0;road_1_1_0_1;road_1_1_0_1;road_1_1_0_1;road_1_1_0_2;road_1_1_0_2;road_1_1_0_2,GGGrrrrrrGGGGGGrrrGGGrrrrrrGGGGGGrrr
100,intersection_2_2,road_2_3_3_0;road_2_3_3_0;road_2_3_3_0;road_2_3_3_1;road_2_3_3_1;road_2_3_3_1;road_2_3_3_2;road_2_3_3_2;road_2_3_3_2;road_3_2_2_0;road_3_2_2_0;road_3_2_2_0;road_3_2_2_1;road_3_2_2_1;road_3_2_2_1;road_3_2_2_2;road_3_2_2_2;road_3_2_2_2;road_2_1_1_0;road_2_1_1_0;road_2_1_1_0;road_2_1_1_1;road_2_1_1_1;road_2_1_1_1;road_2_1_1_2;road_2_1_1_2;road_2_1_1_2;road_1_2_0_0;road_1_2_0_0;road_1_2_0_0;road_1_2_0_1;road_1_2_0_1;road_1_2_0_1;road_1_2_0_2;road_1_2_0_2;road_1_2_0_2,GGGrrrrrrGGGGGGrrrGGGrrrrrrGGGGGGrrr
100,intersection_2_3,road_2_4_3_0;road_2_4_3_0;road_2_4_3_0;road_2_4_3_1;road_2_4_3_1;road_2_4_3_1;road_2_4_3_2;road_2_4_3_2;road_2_4_3_2;road_3_3_2_0;road_3_3_2_0;road_3_3_2_0;road_3_3_2_1;road_3_3_2_1;road_3_3_2_1;road_3_3_2_2;road_3_3_2_2;road_3_3_2_2;road_2_2_1_0;road_2_2_1_0;road_2_2_1_0;road_2_2_1_1;road_2_2_1_1;road_2_2_1_1;road_2_2_1_2;road_2_2_1_2;road_2_2_1_2;road_1_3_0_0;road_1_3_0_0;road_1_3_0_0;road_1_3_0_1;road_1_3_0_1;road_1_3_0_1;road_1_3_0_2;road_1_3_0_2;road_1_3_0_2,GGGrrrrrrGGGGGGrrrGGGrrrrrrGGGGGGrrr
100,intersection_2_4,road_2_5_3_0;road_2_5_3_0;road_2_5_3_0;road_2_5_3_1;road_2_5_3_1;road_2_5_3_1;road_2_5_3_2;road_2_5_3_2;road_2_5_3_2;road_3_4_2_0;road_3_4_2_0;road_3_4_2_0;road_3_4_2_1;road_3_4_2_1;road_3_4_2_1;road_3_4_2_2;road_3_4_2_2;road_3_4_2_2;road_2_3_1_0;road_2_3_1_0;road_2_3_1_0;road_2_3_1_1;road_2_3_1_1;road_2_3_1_1;road_2_3_1_2;road_2_3_1_2;road_2_3_1_2;road_1_4_0_0;road_1_4_0_0;road_1_4_0_0;road_1_4_0_1;road_1_4_0_1;road_1_4_0_1;road_1_4_0_2;road_1_4_0_2;road_1_4_0_2,GGGrrrrrrGGGGGGrrrGGGrrrrrrGGGGGGrrr
100,intersection_3_1,road_3_2_3_0;road_3_2_3_0;road_3_2_3_0;road_3_2_3_1;road_3_2_3_1;road_3_2_3_1;road_3_2_3_2;road_3_2_3_2;road_3_2_3_2;road_4_1_2_0;road_4_1_2_0;road_4_1_2_0;road_4_1_2_1;road_4_1_2_1;road_4_1_2_1;road_4_1_2_2;road_4_1_2_2;road_4_1_2_2;road_3_0_1_0;road_3_0_1_0;road_3_0_1_0;road_3_0_1_1;road_3_0_1_1;road_3_0_1_1;road_3_0_1_2;road_3_0_1_2;road_3_0_1_2;road_2_1_0_0;road_2_1_0_0;road_2_1_0_0;road_2_1_0_1;road_2_1_0_1;road_2_1_0_1;road_2_1_0_2;road_2_1_0_2;road_2_1_0_2,GGGrrrrrrGGGGGGrrrGGGrrrrrrGGGGGGrrr
100,intersection_3_2,road_3_3_3_0;road_3_3_3_0;road_3_3_3_0;road_3_3_3_1;road_3_3_3_1;road_3_3_3_1;road_3_3_3_2;road_3_3_3_2;road_3_3_3_2;road_4_2_2_0;road_4_2_2_0;road_4_2_2_0;road_4_2_2_1;road_4_2_2_1;road_4_2_2_1;road_4_2_2_2;road_4_2_2_2;road_4_2_2_2;road_3_1_1_0;road_3_1_1_0;road_3_1_1_0;road_3_1_1_1;road_3_1_1_1;road_3_1_1_1;road_3_1_1_2;road_3_1_1_2;road_3_1_1_2;road_2_2_0_0;road_2_2_0_0;road_2_2_0_0;road_2_2_0_1;road_2_2_0_1;road_2_2_0_1;road_2_2_0_2;road_2_2_0_2;road_2_2_0_2,GGGrrrrrrGGGGGGrrrGGGrrrrrrGGGGGGrrr
100,intersection_3_3,road_3_4_3_0;road_3_4_3_0;road_3_4_3_0;road_3_4_3_1;road_3_4_3_1;road_3_4_3_1;road_3_4_3_2;road_3_4_3_2;road_3_4_3_2;road_4_3_2_0;road_4_3_2_0;road_4_3_2_0;road_4_3_2_1;road_4_3_2_1;road_4_3_2_1;road_4_3_2_2;road_4_3_2_2;road_4_3_2_2;road_3_2_1_0;road_3_2_1_0;road_3_2_1_0;road_3_2_1_1;road_3_2_1_1;road_3_2_1_1;road_3_2_1_2;road_3_2_1_2;road_3_2_1_2;road_2_3_0_0;road_2_3_0_0;road_2_3_0_0;road_2_3_0_1;road_2_3_0_1;road_2_3_0_1;road_2_3_0_2;road_2_3_0_2;road_2_3_0_2,GGGrrrrrrGGGGGGrrrGGGrrrrrrGGGGGGrrr
100,intersection_3_4,road_3_5_3_0;road_3_5_3_0;road_3_5_3_0;road_3_5_3_1;road_3_5_3_1;road_3_5_3_1;road_3_5_3_2;road_3_5_3_2;road_3_5_3_2;road_4_4_2_0;road_4_4_2_0;road_4_4_2_0;road_4_4_2_1;road_4_4_2_1;road_4_4_2_1;road_4_4_2_2;road_4_4_2_2;road_4_4_2_2;road_3_3_1_0;road_3_3_1_0;road_3_3_1_0;road_3_3_1_1;road_3_3_1_1;road_3_3_1_1;road_3_3_1_2;road_3_3_1_2;road_3_3_1_2;road_2_4_0_0;road_2_4_0_0;road_2_4_0_0;road_2_4_0_1;road_2_4_0_1;road_2_4_0_1;road_2_4_0_2;road_2_4_0_2;road_2_4_0_2,GGGrrrrrrGGGGGGrrrGGGrrrrrrGGGGGGrrr
100,intersection_4_1,road_4_2_3_0;road_4_2_3_0;road_4_2_3_0;road_4_2_3_1;road_4_2_3_1;road_4_2_3_1;road_4_2_3_2;road_4_2_3_2;road_4_2_3_2;road_5_1_2_0;road_5_1_2_0;road_5_1_2_0;road_5_1_2_1;road_5_1_2_1;road_5_1_2_1;road_5_1_2_2;road_5_1_2_2;road_5_1_2_2;road_4_0_1_0;road_4_0_1_0;road_4_0_1_0;road_4_0_1_1;road_4_0_1_1;road_4_0_1_1;road_4_0_1_2;road_4_0_1_2;road_4_0_1_2;road_3_1_0_0;road_3_1_0_0;road_3_1_0_0;road_3_1_0_1;road_3_1_0_1;road_3_1_0_1;road_3_1_0_2;road_3_1_0_2;road_3_1_0_2,GGGrrrrrrGGGGGGrrrGGGrrrrrrGGGGGGrrr
100,intersection_4_2,road_4_3_3_0;road_4_3_3_0;road_4_3_3_0;road_4_3_3_1;road_4_3_3_1;road_4_3_3_1;road_4_3_3_2;road_4_3_3_2;road_4_3_3_2;road_5_2_2_0;road_5_2_2_0;road_5_2_2_0;road_5_2_2_1;road_5_2_2_1;road_5_2_2_1;road_5_2_2_2;road_5_2_2_2;road_5_2_2_2;road_4_1_1_0;road_4_1_1_0;road_4_1_1_0;road_4_1_1_1;road_4_1_1_1;road_4_1_1_1;road_4_1_1_2;road_4_1_1_2;road_4_1_1_2;road_3_2_0_0;road_3_2_0_0;road_3_2_0_0;road_3_2_0_1;road_3_2_0_1;road_3_2_0_1;road_3_2_0_2;road_3_2_0_2;road_3_2_0_2,GGGrrrrrrGGGGGGrrrGGGrrrrrrGGGGGGrrr
100,intersection_4_3,road_4_4_3_0;road_4_4_3_0;road_4_4_3_0;road_4_4_3_1;road_4_4_3_1;road_4_4_3_1;road_4_4_3_2;road_4_4_3_2;road_4_4_3_2;road_5_3_2_0;road_5_3_2_0;road_5_3_2_0;road_5_3_2_1;road_5_3_2_1;road_5_3_2_1;road_5_3_2_2;road_5_3_2_2;road_5_3_2_2;road_4_2_1_0;road_4_2_1_0;road_4_2_1_0;road_4_2_1_1;road_4_2_1_1;road_4_2_1_1;road_4_2_1_2;road_4_2_1_2;road_4_2_1_2;road_3_3_0_0;road_3_3_0_0;road_3_3_0_0;road_3_3_0_1;road_3_3_0_1;road_3_3_0_1;road_3_3_0_2;road_3_3_0_2;road_3_3_0_2,GGGrrrrrrGGGGGGrrrGGGrrrrrrGGGGGGrrr
100,intersection_4_4,road_4_5_3_0;road_4_5_3_0;road_4_5_3_0;road_4_5_3_1;road_4_5_3_1;road_4_5_3_1;road_4_5_3_2;road_4_5_3_2;road_4_5_3_2;road_5_4_2_0;road_5_4_2_0;road_5_4_2_0;road_5_4_2_1;road_5_4_2_1;road_5_4_2_1;road_5_4_2_2;road_5_4_2_2;road_5_4_2_2;road_4_3_1_0;road_4_3_1_0;road_4_3_1_0;road_4_3_1_1;road_4_3_1_1;road_4_3_1_1;road_4_3_1_2;road_4_3_1_2;road_4_3_1_2;road_3_4_0_0;road_3_4_0_0;road_3_4_0_0;road_3_4_0_1;road_3_4_0_1;road_3_4_0_1;road_3_4_0_2;road_3_4_0_2;road_3_4_0_2,GGGrrrGGGGGGrrrrrrGGGrrrGGGGGGrrrrrr
110,intersection_1_1,road_1_2_3_0;road_1_2_3_0;road_1_2_3_0;road_1_2_3_1;road_1_2_3_1;road_1_2_3_1;road_1_2_3_2;road_1_2_3_2;road_1_2_3_2;road_2_1_2_0;road_2_1_2_0;road_2_1_2_0;road_2_1_2_1;road_2_1_2_1;road_2_1_2_1;road_2_1_2_2;road_2_1_2_2;road_2_1_2_2;road_1_0_1_0;road_1_0_1_0;road_1_0_1_0;road_1_0_1_1;road_1_0_1_1;road_1_0_1_1;road_1_0_1_2;road_1_0_1_2;road_1_0_1_2;road_0_1_0_0;road_0_1_0_0;road_0_1_0_0;road_0_1_0_1;road_0_1_0_1;road_0_1_0_1;road_0_1_0_2;road_0_1_0_2;road_0_1_0_2,GGGrrrrrrGGGGGGGGGGGGrrrrrrGGGrrrrrr
110,intersection_1_2,road_1_3_3_0;road_1_3_3_0;road_1_3_3_0;road_1_3_3_1;road_1_3_3_1;road_1_3_3_1;road_1_3_3_2;road_1_3_3_2;road_1_3_3_2;road_2_2_2_0;road_2_2_2_0;road_2_2_2_0;road_2_2_2_1;road_2_2_2_1;road_2_2_2_1;road_2_2_2_2;road_2_2_2_2;road_2_2_2_2;road_1_1_1_0;road_1_1_1_0;road_1_1_1_0;road_1_1_1_1;road_1_1_1_1;road_1_1_1_1;road_1_1_1_2;road_1_1_1_2;road_1_1_1_2;road_0_2_0_0;road_0_2_0_0;road_0_2_0_0;road_0_2_0_1;road_0_2_0_1;road_0_2_0_1;road_0_2_0_2;road_0_2_0_2;road_0_2_0_2,GGGrrrrrrGGGGGGrrrGGGrrrrrrGGGGGGrrr
110,intersection_1_3,road_1_4_3_0;road_1_4_3_0;road_1_4_3_0;road_1_4_3_1;road_1_4_3_1;road_1_4_3_1;road_1_4_3_2;road_1_4_3_2;road_1_4_3_2;road_2_3_2_0;road_2_3_2_0;road_2_3_2_0;road_2_3_2_1;road_2_3_2_1;road_2_3_2_1;road_2_3_2_2;road_2_3_2_2;road_2_3_2_2;road_1_2_1_0;road_1_2_1_0;road_1_2_1_0;road_1_2_1_1;road_1_2_1_1;road_1_2_1_1;road_1_2_1_2;road_1_2_1_2;road_1_2_1_2;road_0_3_0_0;road_0_3_0_0;road_0_3_0_0;road_0_3_0_1;road_0_3_0_1;road_0_3_0_1;road_0_3_0_2;road_0_3_0_2;road_0_3_0_2,GGGrrrrrrGGGGGGrrrGGGrrrrrrGGGGGGrrr
110,intersection_1_4,road_1_5_3_0;road_1_5_3_0;road_1_5_3_0;road_1_5_3_1;road_1_5_3_1;road_1_5_3_1;road_1_5_3_2;road_1_5_3_2;road_1_5_3_2;road_2_4_2_0;road_2_4_2_0;road_2_4_2_0;road_2_4_2_1;road_2_4_2_1;road_2_4_2_1;road_2_4_2_2;road_2_4_2_2;road_2_4_2_2;road_1_3_1_0;road_1_3_1_0;road_1_3_1_0;road_1_3_1_1;road_1_3_1_1;road_1_3_1_1;road_1_3_1_2;road_1_3_1_2;road_1_3_1_2;road_0_4_0_0;road_0_4_0_0;road_0_4_0_0;road_0_4_0_1;road_0_4_0_1;road_0_4_0_1;road_0_4_0_2;road_0_4_0_2;road_0_4_0_2,GGGGGGrrrGGGrrrrrrGGGGGGrrrGGGrrrrrr
110,intersection_2_1,road_2_2_3_0;road_2_2_3_0;road_2_2_3_0;road_2_2_3_1;road_2_2_3_1;road_2_2_3_1;road_2_2_3_2;road_2_2_3_2;road_2_2_3_2;road_3_1_2_0;road_3_1_2_0;road_3_1_2_0;road_3_1_2_1;road_3_1_2_1;road_3_1_2_1;road_3_1_2_2;road_3_1_2_2;road_3_1_2_2;road_2_0_1_0;road_2_0_1_0;road_2_0_1_0;road_2_0_1_1;road_2_0_1_1;road_2_0_1_1;road_2_0_1_2;road_2_0_1_2;road_2_0_1_2;road_1_1_0_0;road_1_1_0_0;road_1_1_0_0;road_1_1_0_1;road_1_1_0_1;road_1_1_0_1;road_1_1_0_2;road_1_1_0_2;road_1_1_0_2,GGGrrrrrrGGGGGGrrrGGGrrrrrrGGGGGGrrr
110,intersection_2_2,road_2_3_3_0;road_2_3_3_0;road_2_3_3_0;road_2_3_3_1;road_2_3_3_1;road_2_3_3_1;road_2_3_3_2;road_2_3_3_2;road_2_3_3_2;road_3_2_2_0;road_3_2_2_0;road_3_2_2_0;road_3_2_2_1;road_3_2_2_1;road_3_2_2_1;road_3_2_2_2;road_3_2_2_2;road_3_2_2_2;road_2_1_1_0;road_2_1_1_0;road_2_1_1_0;road_2_1_1_1;road_2_1_1_1;road_2_1_1_1;road_2_1_1_2;road_2_1_1_2;road_2_1_1_2;road_1_2_0_0;road_1_2_0_0;road_1_2_0_0;road_1_2_0_1;road_1_2_0_1;road_1_2_0_1;road_1_2_0_2;road_1_2_0_2;road_1_2_0_2,GGGrrrrrrGGGGGGrrrGGGrrrrrrGGGGGGrrr
110,intersection_2_3,road_2_4_3_0;road_2_4_3_0;road_2_4_3_0;road_2_4_3_1;road_2_4_3_1;road_2_4_3_1;road_2_4_3_2;road_2_4_3_2;road_2_4_3_2;road_3_3_2_0;road_3_3_2_0;road_3_3_2_0;road_3_3_2_1;road_3_3_2_1;road_3_3_2_1;road_3_3_2_2;road_3_3_2_2;road_3_3_2_2;road_2_2_1_0;road_2_2_1_0;road_2_2_1_0;road_2_2_1_1;road_2_2_1_1;road_2_2_1_1;road_2_2_1_2;road_2_2_1_2;road_2_2_1_2;road_1_3_0_0;road_1_3_0_0;road_1_3_0_0;road_1_3_0_1;road_1_3_0_1;road_1_3_0_1;road_1_3_0_2;road_1_3_0_2;road_1_3_0_2,GGGrrrrrrGGGGGGrrrGGGrrrrrrGGGGGGrrr
110,intersection_2_4,road_2_5_3_0;road_2_5_3_0;road_2_5_3_0;road_2_5_3_1;road_2_5_3_1;road_2_5_3_1;road_2_5_3_2;road_2_5_3_2;road_2_5_3_2;road_3_4_2_0;road_3_4_2_0;road_3_4_2_0;road_3_4_2_1;road_3_4_2_1;road_3_4_2_1;road_3_4_2_2;road_3_4_2_2;road_3_4_2_2;road_2_3_1_0;road_2_3_1_0;road_2_3_1_0;road_2_3_1_1;road_2_3_1_1;road_2_3_1_1;road_2_3_1_2;road_2_3_1_2;road_2_3_1_2;road_1_4_0_0;road_1_4_0_0;road_1_4_0_0;road_1_4_0_1;road_1_4_0_1;road_1_4_0_1;road_1_4_0_2;road_1_4_0_2;road_1_4_0_2,GGGrrrrrrGGGGGGrrrGGGrrrrrrGGGGGGrrr
110,intersection_3_1,road_3_2_3_0;road_3_2_3_0;road_3_2_3_0;road_3_2_3_1;road_3_2_3_1;road_3_2_3_1;road_3_2_3_2;road_3_2_3_2;road_3_2_3_2;road_4_1_2_0;road_4_1_2_0;road_4_1_2_0;road_4_1_2_1;road_4_1_2_1;road_4_1_2_1;road_4_1_2_2;road_4_1_2_2;road_4_1_2_2;road_3_0_1_0;road_3_0_1_0;road_3_0_1_0;road_3_0_1_1;road_3_0_1_1;road_3_0_1_1;road_3_0_1_2;road_3_0_1_2;road_3_0_1_2;road_2_1_0_0;road_2_1_0_0;road_2_1_0_0;road_2_1_0_1;road_2_1_0_1;road_2_1_0_1;road_2_1_0_2;road_2_1_0_2;road_2_1_0_2,GGGrrrrrrGGGGGGrrrGGGrrrrrrGGGGGGrrr
110,intersection_3_2,road_3_3_3_0;road_3_3_3_0;road_3_3_3_0;road_3_3_3_1;road_3_3_3_1;road_3_3_3_1;road_3_3_3_2;road_3_3_3_2;road_3_3_3_2;road_4_2_2_0;road_4_2_2_0;road_4_2_2_0;road_4_2_2_1;road_4_2_2_1;road_4_2_2_1;road_4_2_2_2;road_4_2_2_2;road_4_2_2_2;road_3_1_1_0;road_3_1_1_0;road_3_1_1_0;road_3_1_1_1;road_3_1_1_1;road_3_1_1_1;road_3_1_1_2;road_3_1_1_2;road_3_1_1_2;road_2_2_0_0;road_2_2_0_0;road_2_2_0_0;road_2_2_0_1;road_2_2_0_1;road_2_2_0_1;road_2_2_0_2;road_2_2_0_2;road_2_2_0_2,GGGrrrrrrGGGGGGrrrGGGrrrrrrGGGGGGrrr
110,intersection_3_3,road_3_4_3_0;road_3_4_3_0;road_3_4_3_0;road_3_4_3_1;road_3_4_3_1;road_3_4_3_1;road_3_4_3_2;road_3_4_3_2;road_3_4_3_2;road_4_3_2_0;road_4_3_2_0;road_4_3_2_0;road_4_3_2_1;road_4_3_2_1;road_4_3_2_1;road_4_3_2_2;road_4_3_2_2;road_4_3_2_2;road_3_2_1_0;road_3_2_1_0;road_3_2_1_0;road_3_2_1_1;road_3_2_1_1;road_3_2_1_1;road_3_2_1_2;road_3_2_1_2;road_3_2_1_2;road_2_3_0_0;road_2_3_0_0;road_2_3_0_0;road_2_3_0_1;road_2_3_0_1;road_2_3_0_1;road_2_3_0_2;road_2_3_0_2;road_2_3_0_2,GGGrrrrrrGGGGGGrrrGGGrrrrrrGGGGGGrrr
110,intersection_3_4,road_3_5_3_0;road_3_5_3_0;road_3_5_3_0;road_3_5_3_1;road_3_5_3_1;road_3_5_3_1;road_3_5_3_2;road_3_5_3_2;road_3_5_3_2;road_4_4_2_0;road_4_4_2_0;road_4_4_2_0;road_4_4_2_1;road_4_4_2_1;road_4_4_2_1;road_4_4_2_2;road_4_4_2_2;road_4_4_2_2;road_3_3_1_0;road_3_3_1_0;road_3_3_1_0;road_3_3_1_1;road_3_3_1_1;road_3_3_1_1;road_3_3_1_2;road_3_3_1_2;road_3_3_1_2;road_2_4_0_0;road_2_4_0_0;road_2_4_0_0;road_2_4_0_1;road_2_4_0_1;road_2_4_0_1;road_2_4_0_2;road_2_4_0_2;road_2_4_0_2,GGGrrrrrrGGGGGGrrrGGGrrrrrrGGGGGGrrr
110,intersection_4_1,road_4_2_3_0;road_4_2_3_0;road_4_2_3_0;road_4_2_3_1;road_4_2_3_1;road_4_2_3_1;road_4_2_3_2;road_4_2_3_2;road_4_2_3_2;road_5_1_2_0;road_5_1_2_0;road_5_1_2_0;road_5_1_2_1;road_5_1_2_1;road_5_1_2_1;road_5_1_2_2;road_5_1_2_2;road_5_1_2_2;road_4_0_1_0;road_4_0_1_0;road_4_0_1_0;road_4_0_1_1;road_4_0_1_1;road_4_0_1_1;road_4_0_1_2;road_4_0_1_2;road_4_0_1_2;road_3_1_0_0;road_3_1_0_0;road_3_1_0_0;road_3_1_0_1;road_3_1_0_1;road_3_1_0_1;road_3_1_0_2;road_3_1_0_2;road_3_1_0_2,GGGrrrrrrGGGGGGrrrGGGrrrrrrGGGGGGrrr
110,intersection_4_2,road_4_3_3_0;road_4_3_3_0;road_4_3_3_0;road_4_3_3_1;road_4_3_3_1;road_4_3_3_1;road_4_3_3_2;road_4_3_3_2;road_4_3_3_2;road_5_2_2_0;road_5_2_2_0;road_5_2_2_0;road_5_2_2_1;road_5_2_2_1;road_5_2_2_1;road_5_2_2_2;road_5_2_2_2;road_5_2_2_2;road_4_1_1_0;road_4_1_1_0;road_4_1_1_0;road_4_1_1_1;road_4_1_1_1;road_4_1_1_1;road_4_1_1_2;road_4_1_1_2;road_4_1_1_2;road_3_2_0_0;road_3_2_0_0;road_3_2_0_0;road_3_2_0_1;road_3_2_0_1;road_3_2_0_1;road_3_2_0_2;road_3_2_0_2;road_3_2_0_2,GGGrrrrrrGGGGGGrrrGGGrrrrrrGGGGGGrrr
110,intersection_4_3,road_4_4_3_0;road_4_4_3_0;road_4_4_3_0;road_4_4_3_1;road_4_4_3_1;road_4_4_3_1;road_4_4_3_2;road_4_4_3_2;road_4_4_3_2;road_5_3_2_0;road_5_3_2_0;road_5_3_2_0;road_5_3_2_1;road_5_3_2_1;road_5_3_2_1;road_5_3_2_2;road_5_3_2_2;road_5_3_2_2;road_4_2_1_0;road_4_2_1_0;road_4_2_1_0;road_4_2_1_1;road_4_2_1_1;road_4_2_1_1;road_4_2_1_2;road_4_2_1_2;road_4_2_1_2;road_3_3_0_0;road_3_3_0_0;road_3_3_0_0;road_3_3_0_1;road_3_3_0_1;road_3_3_0_1;road_3_3_0_2;road_3_3_0_2;road_3_3_0_2,GGGrrrrrrGGGGGGrrrGGGrrrrrrGGGGGGrrr
110,intersection_4_4,road_4_5_3_0;road_4_5_3_0;road_4_5_3_0;road_4_5_3_1;road_4_5_3_1;road_4_5_3_1;road_4_5_3_2;road_4_5_3_2;road_4_5_3_2;road_5_4_2_0;road_5_4_2_0;road_5_4_2_0;road_5_4_2_1;road_5_4_2_1;road_5_4_2_1;road_5_4_2_2;road_5_4_2_2;road_5_4_2_2;road_4_3_1_0;road_4_3_1_0;road_4_3_1_0;road_4_3_1_1;road_4_3_1_1;road_4_3_1_1;road_4_3_1_2;road_4_3_1_2;road_4_3_1_2;road_3_4_0_0;road_3_4_0_0;road_3_4_0_0;road_3_4_0_1;road_3_4_0_1;road_3_4_0_1;road_3_4_0_2;road_3_4_0_2;road_3_4_0_2,GGGrrrGGGGGGrrrrrrGGGrrrGGGGGGrrrrrr
120,intersection_1_1,road_1_2_3_0;road_1_2_3_0;road_1_2_3_0;road_1_2_3_1;road_1_2_3_1;road_1_2_3_1;road_1_2_3_2;road_1_2_3_2;road_1_2_3_2;road_2_1_2_0;road_2_1_2_0;road_2_1_2_0;road_2_1_2_1;road_2_1_2_1;road_2_1_2_1;road_2_1_2_2;road_2_1_2_2;road_2_1_2_2;road_1_0_1_0;road_1_0_1_0;road_1_0_1_0;road_1_0_1_1;road_1_0_1_1;road_1_0_1_1;road_1_0_1_2;road_1_0_1_2;road_1_0_1_2;road_0_1_0_0;road_0_1_0_0;road_0_1_0_0;road_0_1_0_1;road_0_1_0_1;road_0_1_0_1;road_0_1_0_2;road_0_1_0_2;road_0_1_0_2,GGGrrrGGGGGGrrrrrrGGGrrrGGGGGGrrrrrr
120,intersection_1_2,road_1_3_3_0;road_1_3_3_0;road_1_3_3_0;road_1_3_3_1;road_1_3_3_1;road_1_3_3_1;road_1_3_3_2;road_1_3_3_2;road_1_3_3_2;road_2_2_2_0;road_2_2_2_0;road_2_2_2_0;road_2_2_2_1;road_2_2_2_1;road_2_2_2_1;road_2_2_2_2;road_2_2_2_2;road_2_2_2_2;road_1_1_1_0;road_1_1_1_0;road_1_1_1_0;road_1_1_1_1;road_1_1_1_1;road_1_1_1_1;road_1_1_1_2;road_1_1_1_2;road_1_1_1_2;road_0_2_0_0;road_0_2_0_0;road_0_2_0_0;road_0_2_0_1;road_0_2_0_1;road_0_2_0_1;road_0_2_0_2;road_0_2_0_2;road_0_2_0_2,GGGrrrrrrGGGGGGrrrGGGrrrrrrGGGGGGrrr
120,intersection_1_3,road_1_4_3_0;road_1_4_3_0;road_1_4_3_0;road_1_4_3_1;road_1_4_3_1;road_1_4_3_1;road_1_4_3_2;road_1_4_3_2;road_1_4_3_2;road_2_3_2_0;road_2_3_2_0;road_2_3_2_0;road_2_3_2_1;road_2_3_2_1;road_2_3_2_1;road_2_3_2_2;road_2_3_2_2;road_2_3_2_2;road_1_2_1_0;road_1_2_1_0;road_1_2_1_0;road_1_2_1_1;road_1_2_1_1;road_1_2_1_1;road_1_2_1_2;road_1_2_1_2;road_1_2_1_2;road_0_3_0_0;road_0_3_0_0;road_0_3_0_0;road_0_3_0_1;road_0_3_0_1;road_0_3_0_1;road_0_3_0_2;road_0_3_0_2;road_0_3_0_2,GGGrrrrrrGGGGGGrrrGGGrrrrrrGGGGGGrrr
120,intersection_1_4,road_1_5_3_0;road_1_5_3_0;road_1_5_3_0;road_1_5_3_1;road_1_5_3_1;road_1_5_3_1;road_1_5_3_2;road_1_5_3_2;road_1_5_3_2;road_2_4_2_0;road_2_4_2_0;road_2_4_2_0;road_2_4_2_1;road_2_4_2_1;road_2_4_2_1;road_2_4_2_2;road_2_4_2_2;road_2_4_2_2;road_1_3_1_0;road_1_3_1_0;road_1_3_1_0;road_1_3_1_1;road_1_3_1_1;road_1_3_1_1;road_1_3_1_2;road_1_3_1_2;road_1_3_1_2;road_0_4_0_0;road_0_4_0_0;road_0_4_0_0;road_0_4_0_1;road_0_4_0_1;road_0_4_0_1;road_0_4_0_2;road_0_4_0_2;road_0_4_0_2,GGGGGGrrrGGGrrrrrrGGGGGGrrrGGGrrrrrr
120,intersection_2_1,road_2_2_3_0;road_2_2_3_0;road_2_2_3_0;road_2_2_3_1;road_2_2_3_1;road_2_2_3_1;road_2_2_3_2;road_2_2_3_2;road_2_2_3_2;road_3_1_2_0;road_3_1_2_0;road_3_1_2_0;road_3_1_2_1;road_3_1_2_1;road_3_1_2_1;road_3_1_2_2;road_3_1_2_2;road_3_1_2_2;road_2_0_1_0;road_2_0_1_0;road_2_0_1_0;road_2_0_1_1;road_2_0_1_1;road_2_0_1_1;road_2_0_1_2;road_2_0_1_2;road_2_0_1_2;road_1_1_0_0;road_1_1_0_0;road_1_1_0_0;road_1_1_0_1;road_1_1_0_1;road_1_1_0_1;road_1_1_0_2;road_1_1_0_2;road_1_1_0_2,GGGrrrrrrGGGGGGrrrGGGrrrrrrGGGGGGrrr
120,intersection_2_2,road_2_3_3_0;road_2_3_3_0;road_2_3_3_0;road_2_3_3_1;road_2_3_3_1;road_2_3_3_1;road_2_3_3_2;road_2_3_3_2;road_2_3_3_2;road_3_2_2_0;road_3_2_2_0;road_3_2_2_0;road_3_2_2_1;road_3_2_2_1;road_3_2_2_1;road_3_2_2_2;road_3_2_2_2;road_3_2_2_2;road_2_1_1_0;road_2_1_1_0;road_2_1_1_0;road_2_1_1_1;road_2_1_1_1;road_2_1_1_1;road_2_1_1_2;road_2_1_1_2;road_2_1_1_2;road_1_2_0_0;road_1_2_0_0;road_1_2_0_0;road_1_2_0_1;road_1_2_0_1;road_1_2_0_1;road_1_2_0_2;road_1_2_0_2;road_1_2_0_2,GGGrrrrrrGGGGGGrrrGGGrrrrrrGGGGGGrrr
120,intersection_2_3,road_2_4_3_0;road_2_4_3_0;road_2_4_3_0;road_2_4_3_1;road_2_4_3_1;road_2_4_3_1;road_2_4_3_2;road_2_4_3_2;road_2_4_3_2;road_3_3_2_0;road_3_3_2_0;road_3_3_2_0;road_3_3_2_1;road_3_3_2_1;road_3_3_2_1;road_3_3_2_2;road_3_3_2_2;road_3_3_2_2;road_2_2_1_0;road_2_2_1_0;road_2_2_1_0;road_2_2_1_1;road_2_2_1_1;road_2_2_1_1;road_2_2_1_2;road_2_2_1_2;road_2_2_1_2;road_1_3_0_0;road_1_3_0_0;road_1_3_0_0;road_1_3_0_1;road_1_3_0_1;road_1_3_0_1;road_1_3_0_2;road_1_3_0_2;road_1_3_0_2,GGGrrrrrrGGGGGGrrrGGGrrrrrrGGGGGGrrr
120,intersection_2_4,road_2_5_3_0;road_2_5_3_0;road_2_5_3_0;road_2_5_3_1;road_2_5_3_1;road_2_5_3_1;road_2_5_3_2;road_2_5_3_2;road_2_5_3_2;road_3_4_2_0;road_3_4_2_0;road_3_4_2_0;road_3_4_2_1;road_3_4_2_1;road_3_4_2_1;road_3_4_2_2;road_3_4_2_2;road_3_4_2_2;road_2_3_1_0;road_2_3_1_0;road_2_3_1_0;road_2_3_1_1;road_2_3_1_1;road_2_3_1_1;road_2_3_1_2;road_2_3_1_2;road_2_3_1_2;road_1_4_0_0;road_1_4_0_0;road_1_4_0_0;road_1_4_0_1;road_1_4_0_1;road_1_4_0_1;road_1_4_0_2;road_1_4_0_2;road_1_4_0_2,GGGrrrrrrGGGGGGrrrGGGrrrrrrGGGGGGrrr
120,intersection_3_1,road_3_2_3_0;road_3_2_3_0;road_3_2_3_0;road_3_2_3_1;road_3_2_3_1;road_3_2_3_1;road_3_2_3_2;road_3_2_3_2;road_3_2_3_2;road_4_1_2_0;road_4_1_2_0;road_4_1_2_0;road_4_1_2_1;road_4_1_2_1;road_4_1_2_1;road_4_1_2_2;road_4_1_2_2;road_4_1_2_2;road_3_0_1_0;road_3_0_1_0;road_3_0_1_0;road_3_0_1_1;road_3_0_1_1;road_3_0_1_1;road_3_0_1_2;road_3_0_1_2;road_3_0_1_2;road_2_1_0_0;road_2_1_0_0;road_2_1_0_0;road_2_1_0_1;road_2_1_0_1;road_2_1_0_1;road_2_1_0_2;road_2_1_0_2;road_2_1_0_2,GGGrrrrrrGGGGGGrrrGGGrrrrrrGGGGGGrrr
120,intersection_3_2,road_3_3_3_0;road_3_3_3_0;road_3_3_3_0;road_3_3_3_1;road_3_3_3_1;road_3_3_3_1;road_3_3_3_2;road_3_3_3_2;road_3_3_3_2;road_4_2_2_0;road_4_2_2_0;road_4_2_2_0;road_4_2_2_1;road_4_2_2_1;road_4_2_2_1;road_4_2_2_2;road_4_2_2_2;road_4_2_2_2;road_3_1_1_0;road_3_1_1_0;road_3_1_1_0;road_3_1_1_1;road_3_1_1_1;road_3_1_1_1;road_3_1_1_2;road_3_1_1_2;road_3_1_1_2;road_2_2_0_0;road_2_2_0_0;road_2_2_0_0;road_2_2_0_1;road_2_2_0_1;road_2_2_0_1;road_2_2_0_2;road_2_2_0_2;road_2_2_0_2,GGGrrrrrrGGGGGGrrrGGGrrrrrrGGGGGGrrr
120,intersection_3_3,road_3_4_3_0;road_3_4_3_0;road_3_4_3_0;road_3_4_3_1;road_3_4_3_1;road_3_4_3_1;road_3_4_3_2;road_3_4_3_2;road_3_4_3_2;road_4_3_2_0;road_4_3_2_0;road_4_3_2_0;road_4_3_2_1;road_4_3_2_1;road_4_3_2_1;road_4_3_2_2;road_4_3_2_2;road_4_3_2_2;road_3_2_1_0;road_3_2_1_0;road_3_2_1_0;road_3_2_1_1;road_3_2_1_1;road_3_2_1_1;road_3_2_1_2;road_3_2_1_2;road_3_2_1_2;road_2_3_0_0;road_2_3_0_0;road_2_3_0_0;road_2_3_0_1;road_2_3_0_1;road_2_3_0_1;road_2_3_0_2;road_2_3_0_2;road_2_3_0_2,GGGrrrrrrGGGGGGrrrGGGrrrrrrGGGGGGrrr
120,intersection_3_4,road_3_5_3_0;road_3_5_3_0;road_3_5_3_0;road_3_5_3_1;road_3_5_3_1;road_3_5_3_1;road_3_5_3_2;road_3_5_3_2;road_3_5_3_2;road_4_4_2_0;road_4_4_2_0;road_4_4_2_0;road_4_4_2_1;road_4_4_2_1;road_4_4_2_1;road_4_4_2_2;road_4_4_2_2;road_4_4_2_2;road_3_3_1_0;road_3_3_1_0;road_3_3_1_0;road_3_3_1_1;road_3_3_1_1;road_3_3_1_1;road_3_3_1_2;road_3_3_1_2;road_3_3_1_2;road_2_4_0_0;road_2_4_0_0;road_2_4_0_0;road_2_4_0_1;road_2_4_0_1;road_2_4_0_1;road_2_4_0_2;road_2_4_0_2;road_2_4_0_2,GGGrrrrrrGGGGGGrrrGGGrrrrrrGGGGGGrrr
120,intersection_4_1,road_4_2_3_0;road_4_2_3_0;road_4_2_3_0;road_4_2_3_1;road_4_2_3_1;road_4_2_3_1;road_4_2_3_2;road_4_2_3_2;road_4_2_3_2;road_5_1_2_0;road_5_1_2_0;road_5_1_2_0;road_5_1_2_1;road_5_1_2_1;road_5_1_2_1;road_5_1_2_2;road_5_1_2_2;road_5_1_2_2;road_4_0_1_0;road_4_0_1_0;road_4_0_1_0;road_4_0_1_1;road_4_0_1_1;road_4_0_1_1;road_4_0_1_2;road_4_0_1_2;road_4_0_1_2;road_3_1_0_0;road_3_1_0_0;road_3_1_0_0;road_3_1_0_1;road_3_1_0_1;road_3_1_0_1;road_3_1_0_2;road_3_1_0_2;road_3_1_0_2,GGGrrrrrrGGGGGGrrrGGGrrrrrrGGGGGGrrr
120,intersection_4_2,road_4_3_3_0;road_4_3_3_0;road_4_3_3_0;road_4_3_3_1;road_4_3_3_1;road_4_3_3_1;road_4_3_3_2;road_4_3_3_2;road_4_3_3_2;road_5_2_2_0;road_5_2_2_0;road_5_2_2_0;road_5_2_2_1;road_5_2_2_1;road_5_2_2_1;road_5_2_2_2;road_5_2_2_2;road_5_2_2_2;road_4_1_1_0;road_4_1_1_0;road_4_1_1_0;road_4_1_1_1;road_4_1_1_1;road_4_1_1_1;road_4_1_1_2;road_4_1_1_2;road_4_1_1_2;road_3_2_0_0;road_3_2_0_0;road_3_2_0_0;road_3_2_0_1;road_3_2_0_1;road_3_2_0_1;road_3_2_0_2;road_3_2_0_2;road_3_2_0_2,GGGrrrrrrGGGGGGrrrGGGrrrrrrGGGGGGrrr
120,intersection_4_3,road_4_4_3_0;road_4_4_3_0;road_4_4_3_0;road_4_4_3_1;road_4_4_3_1;road_4_4_3_1;road_4_4_3_2;road_4_4_3_2;road_4_4_3_2;road_5_3_2_0;road_5_3_2_0;road_5_3_2_0;road_5_3_2_1;road_5_3_2_1;road_5_3_2_1;road_5_3_2_2;road_5_3_2_2;road_5_3_2_2;road_4_2_1_0;road_4_2_1_0;road_4_2_1_0;road_4_2_1_1;road_4_2_1_1;road_4_2_1_1;road_4_2_1_2;road_4_2_1_2;road_4_2_1_2;road_3_3_0_0;road_3_3_0_0;road_3_3_0_0;road_3_3_0_1;road_3_3_0_1;road_3_3_0_1;road_3_3_0_2;road_3_3_0_2;road_3_3_0_2,GGGrrrrrrGGGGGGrrrGGGrrrrrrGGGGGGrrr
120,intersection_4_4,road_4_5_3_0;road_4_5_3_0;road_4_5_3_0;road_4_5_3_1;road_4_5_3_1;road_4_5_3_1;road_4_5_3_2;road_4_5_3_2;road_4_5_3_2;road_5_4_2_0;road_5_4_2_0;road_5_4_2_0;road_5_4_2_1;road_5_4_2_1;road_5_4_2_1;road_5_4_2_2;road_5_4_2_2;road_5_4_2_2;road_4_3_1_0;road_4_3_1_0;road_4_3_1_0;road_4_3_1_1;road_4_3_1_1;road_4_3_1_1;road_4_3_1_2;road_4_3_1_2;road_4_3_1_2;road_3_4_0_0;road_3_4_0_0;road_3_4_0_0;road_3_4_0_1;road_3_4_0_1;road_3_4_0_1;road_3_4_0_2;road_3_4_0_2;road_3_4_0_2,GGGrrrGGGGGGrrrrrrGGGrrrGGGGGGrrrrrr
130,intersection_1_1,road_1_2_3_0;road_1_2_3_0;road_1_2_3_0;road_1_2_3_1;road_1_2_3_1;road_1_2_3_1;road_1_2_3_2;road_1_2_3_2;road_1_2_3_2;road_2_1_2_0;road_2_1_2_0;road_2_1_2_0;road_2_1_2_1;road_2_1_2_1;road_2_1_2_1;road_2_1_2_2;road_2_1_2_2;road_2_1_2_2;road_1_0_1_0;road_1_0_1_0;road_1_0_1_0;road_1_0_1_1;road_1_0_1_1;road_1_0_1_1;road_1_0_1_2;road_1_0_1_2;road_1_0_1_2;road_0_1_0_0;road_0_1_0_0;road_0_1_0_0;road_0_1_0_1;road_0_1_0_1;road_0_1_0_1;road_0_1_0_2;road_0_1_0_2;road_0_1_0_2,GGGrrrGGGGGGrrrrrrGGGrrrGGGGGGrrrrrr
130,intersection_1_2,road_1_3_3_0;road_1_3_3_0;road_1_3_3_0;road_1_3_3_1;road_1_3_3_1;road_1_3_3_1;road_1_3_3_2;road_1_3_3_2;road_1_3_3_2;road_2_2_2_0;road_2_2_2_0;road_2_2_2_0;road_2_2_2_1;road_2_2_2_1;road_2_2_2_1;road_2_2_2_2;road_2_2_2_2;road_2_2_2_2;road_1_1_1_0;road_1_1_1_0;road_1_1_1_0;road_1_1_1_1;road_1_1_1_1;road_1_1_1_1;road_1_1_1_2;road_1_1_1_2;road_1_1_1_2;road_0_2_0_0;road_0_2_0_0;road_0_2_0_0;road_0_2_0_1;road_0_2_0_1;road_0_2_0_1;road_0_2_0_2;road_0_2_0_2;road_0_2_0_2,GGGrrrrrrGGGGGGrrrGGGrrrrrrGGGGGGrrr
130,intersection_1_3,road_1_4_3_0;road_1_4_3_0;road_1_4_3_0;road_1_4_3_1;road_1_4_3_1;road_1_4_3_1;road_1_4_3_2;road_1_4_3_2;road_1_4_3_2;road_2_3_2_0;road_2_3_2_0;road_2_3_2_0;road_2_3_2_1;road_2_3_2_1;road_2_3_2_1;road_2_3_2_2;road_2_3_2_2;road_2_3_2_2;road_1_2_1_0;road_1_2_1_0;road_1_2_1_0;road_1_2_1_1;road_1_2_1_1;road_1_2_1_1;road_1_2_1_2;road_1_2_1_2;road_1_2_1_2;road_0_3_0_0;road_0_3_0_0;road_0_3_0_0;road_0_3_0_1;road_0_3_0_1;road_0_3_0_1;road_0_3_0_2;road_0_3_0_2;road_0_3_0_2,GGGrrrrrrGGGGGGrrrGGGrrrrrrGGGGGGrrr
130,intersection_1_4,road_1_5_3_0;road_1_5_3_0;road_1_5_3_0;road_1_5_3_1;road_1_5_3_1;road_1_5_3_1;road_1_5_3_2;road_1_5_3_2;road_1_5_3_2;road_2_4_2_0;road_2_4_2_0;road_2_4_2_0;road_2_4_2_1;road_2_4_2_1;road_2_4_2_1;road_2_4_2_2;road_2_4_2_2;road_2_4_2_2;road_1_3_1_0;road_1_3_1_0;road_1_3_1_0;road_1_3_1_1;road_1_3_1_1;road_1_3_1_1;road_1_3_1_2;road_1_3_1_2;road_1_3_1_2;road_0_4_0_0;road_0_4_0_0;road_0_4_0_0;road_0_4_0_1;road_0_4_0_1;road_0_4_0_1;road_0_4_0_2;road_0_4_0_2;road_0_4_0_2,GGGGGGrrrGGGrrrrrrGGGGGGrrrGGGrrrrrr
130,intersection_2_1,road_2_2_3_0;road_2_2_3_0;road_2_2_3_0;road_2_2_3_1;road_2_2_3_1;road_2_2_3_1;road_2_2_3_2;road_2_2_3_2;road_2_2_3_2;road_3_1_2_0;road_3_1_2_0;road_3_1_2_0;road_3_1_2_1;road_3_1_2_1;road_3_1_2_1;road_3_1_2_2;road_3_1_2_2;road_3_1_2_2;road_2_0_1_0;road_2_0_1_0;road_2_0_1_0;road_2_0_1_1;road_2_0_1_1;road_2_0_1_1;road_2_0_1_2;road_2_0_1_2;road_2_0_1_2;road_1_1_0_0;road_1_1_0_0;road_1_1_0_0;road_1_1_0_1;road_1_1_0_1;road_1_1_0_1;road_1_1_0_2;road_1_1_0_2;road_1_1_0_2,GGGrrrrrrGGGGGGrrrGGGrrrrrrGGGGGGrrr
130,intersection_2_2,road_2_3_3_0;road_2_3_3_0;road_2_3_3_0;road_2_3_3_1;road_2_3_3_1;road_2_3_3_1;road_2_3_3_2;road_2_3_3_2;road_2_3_3_2;road_3_2_2_0;road_3_2_2_0;road_3_2_2_0;road_3_2_2_1;road_3_2_2_1;road_3_2_2_1;road_3_2_2_2;road_3_2_2_2;road_3_2_2_2;road_2_1_1_0;road_2_1_1_0;road_2_1_1_0;road_2_1_1_1;road_2_1_1_1;road_2_1_1_1;road_2_1_1_2;road_2_1_1_2;road_2_1_1_2;road_1_2_0_0;road_1_2_0_0;road_1_2_0_0;road_1_2_0_1;road_1_2_0_1;road_1_2_0_1;road_1_2_0_2;road_1_2_0_2;road_1_2_0_2,GGGrrrrrrGGGGGGrrrGGGrrrrrrGGGGGGrrr
130,intersection_2_3,road_2_4_3_0;road_2_4_3_0;road_2_4_3_0;road_2_4_3_1;road_2_4_3_1;road_2_4_3_1;road_2_4_3_2;road_2_4_3_2;road_2_4_3_2;road_3_3_2_0;road_3_3_2_0;road_3_3_2_0;road_3_3_2_1;road_3_3_2_1;road_3_3_2_1;road_3_3_2_2;road_3_3_2_2;road_3_3_2_2;road_2_2_1_0;road_2_2_1_0;road_2_2_1_0;road_2_2_1_1;road_2_2_1_1;road_2_2_1_1;road_2_2_1_2;road_2_2_1_2;road_2_2_1_2;road_1_3_0_0;road_1_3_0_0;road_1_3_0_0;road_1_3_0_1;road_1_3_0_1;road_1_3_0_1;road_1_3_0_2;road_1_3_0_2;road_1_3_0_2,GGGrrrrrrGGGGGGrrrGGGrrrrrrGGGGGGrrr
130,intersection_2_4,road_2_5_3_0;road_2_5_3_0;road_2_5_3_0;road_2_5_3_1;road_2_5_3_1;road_2_5_3_1;road_2_5_3_2;road_2_5_3_2;road_2_5_3_2;road_3_4_2_0;road_3_4_2_0;road_3_4_2_0;road_3_4_2_1;road_3_4_2_1;road_3_4_2_1;road_3_4_2_2;road_3_4_2_2;road_3_4_2_2;road_2_3_1_0;road_2_3_1_0;road_2_3_1_0;road_2_3_1_1;road_2_3_1_1;road_2_3_1_1;road_2_3_1_2;road_2_3_1_2;road_2_3_1_2;road_1_4_0_0;road_1_4_0_0;road_1_4_0_0;road_1_4_0_1;road_1_4_0_1;road_1_4_0_1;road_1_4_0_2;road_1_4_0_2;road_1_4_0_2,GGGrrrrrrGGGGGGrrrGGGrrrrrrGGGGGGrrr
130,intersection_3_1,road_3_2_3_0;road_3_2_3_0;road_3_2_3_0;road_3_2_3_1;road_3_2_3_1;road_3_2_3_1;road_3_2_3_2;road_3_2_3_2;road_3_2_3_2;road_4_1_2_0;road_4_1_2_0;road_4_1_2_0;road_4_1_2_1;road_4_1_2_1;road_4_1_2_1;road_4_1_2_2;road_4_1_2_2;road_4_1_2_2;road_3_0_1_0;road_3_0_1_0;road_3_0_1_0;road_3_0_1_1;road_3_0_1_1;road_3_0_1_1;road_3_0_1_2;road_3_0_1_2;road_3_0_1_2;road_2_1_0_0;road_2_1_0_0;road_2_1_0_0;road_2_1_0_1;road_2_1_0_1;road_2_1_0_1;road_2_1_0_2;road_2_1_0_2;road_2_1_0_2,GGGrrrrrrGGGGGGrrrGGGrrrrrrGGGGGGrrr
130,intersection_3_2,road_3_3_3_0;road_3_3_3_0;road_3_3_3_0;road_3_3_3_1;road_3_3_3_1;road_3_3_3_1;road_3_3_3_2;road_3_3_3_2;road_3_3_3_2;road_4_2_2_0;road_4_2_2_0;road_4_2_2_0;road_4_2_2_1;road_4_2_2_1;road_4_2_2_1;road_4_2_2_2;road_4_2_2_2;road_4_2_2_2;road_3_1_1_0;road_3_1_1_0;road_3_1_1_0;road_3_1_1_1;road_3_1_1_1;road_3_1_1_1;road_3_1_1_2;road_3_1_1_2;road_3_1_1_2;road_2_2_0_0;road_2_2_0_0;road_2_2_0_0;road_2_2_0_1;road_2_2_0_1;road_2_2_0_1;road_2_2_0_2;road_2_2_0_2;road_2_2_0_2,GGGrrrrrrGGGGGGrrrGGGrrrrrrGGGGGGrrr
130,intersection_3_3,road_3_4_3_0;road_3_4_3_0;road_3_4_3_0;road_3_4_3_1;road_3_4_3_1;road_3_4_3_1;road_3_4_3_2;road_3_4_3_2;road_3_4_3_2;road_4_3_2_0;road_4_3_2_0;road_4_3_2_0;road_4_3_2_1;road_4_3_2_1;road_4_3_2_1;road_4_3_2_2;road_4_3_2_2;road_4_3_2_2;road_3_2_1_0;road_3_2_1_0;road_3_2_1_0;road_3_2_1_1;road_3_2_1_1;road_3_2_1_1;road_3_2_1_2;road_3_2_1_2;road_3_2_1_2;road_2_3_0_0;road_2_3_0_0;road_2_3_0_0;road_2_3_0_1;road_2_3_0_1;road_2_3_0_1;road_2_3_0_2;road_2_3_0_2;road_2_3_0_2,GGGrrrrrrGGGGGGrrrGGGrrrrrrGGGGGGrrr
130,intersection_3_4,road_3_5_3_0;road_3_5_3_0;road_3_5_3_0;road_3_5_3_1;road_3_5_3_1;road_3_5_3_1;road_3_5_3_2;road_3_5_3_2;road_3_5_3_2;road_4_4_2_0;road_4_4_2_0;road_4_4_2_0;road_4_4_2_1;road_4_4_2_1;road_4_4_2_1;road_4_4_2_2;road_4_4_2_2;road_4_4_2_2;road_3_3_1_0;road_3_3_1_0;road_3_3_1_0;road_3_3_1_1;road_3_3_1_1;road_3_3_1_1;road_3_3_1_2;road_3_3_1_2;road_3_3_1_2;road_2_4_0_0;road_2_4_0_0;road_2_4_0_0;road_2_4_0_1;road_2_4_0_1;road_2_4_0_1;road_2_4_0_2;road_2_4_0_2;road_2_4_0_2,GGGrrrrrrGGGGGGrrrGGGrrrrrrGGGGGGrrr
130,intersection_4_1,road_4_2_3_0;road_4_2_3_0;road_4_2_3_0;road_4_2_3_1;road_4_2_3_1;road_4_2_3_1;road_4_2_3_2;road_4_2_3_2;road_4_2_3_2;road_5_1_2_0;road_5_1_2_0;road_5_1_2_0;road_5_1_2_1;road_5_1_2_1;road_5_1_2_1;road_5_1_2_2;road_5_1_2_2;road_5_1_2_2;road_4_0_1_0;road_4_0_1_0;road_4_0_1_0;road_4_0_1_1;road_4_0_1_1;road_4_0_1_1;road_4_0_1_2;road_4_0_1_2;road_4_0_1_2;road_3_1_0_0;road_3_1_0_0;road_3_1_0_0;road_3_1_0_1;road_3_1_0_1;road_3_1_0_1;road_3_1_0_2;road_3_1_0_2;road_3_1_0_2,GGGrrrrrrGGGGGGrrrGGGrrrrrrGGGGGGrrr
130,intersection_4_2,road_4_3_3_0;road_4_3_3_0;road_4_3_3_0;road_4_3_3_1;road_4_3_3_1;road_4_3_3_1;road_4_3_3_2;road_4_3_3_2;road_4_3_3_2;road_5_2_2_0;road_5_2_2_0;road_5_2_2_0;road_5_2_2_1;road_5_2_2_1;road_5_2_2_1;road_5_2_2_2;road_5_2_2_2;road_5_2_2_2;road_4_1_1_0;road_4_1_1_0;road_4_1_1_0;road_4_1_1_1;road_4_1_1_1;road_4_1_1_1;road_4_1_1_2;road_4_1_1_2;road_4_1_1_2;road_3_2_0_0;road_3_2_0_0;road_3_2_0_0;road_3_2_0_1;road_3_2_0_1;road_3_2_0_1;road_3_2_0_2;road_3_2_0_2;road_3_2_0_2,GGGrrrrrrGGGGGGrrrGGGrrrrrrGGGGGGrrr
130,intersection_4_3,road_4_4_3_0;road_4_4_3_0;road_4_4_3_0;road_4_4_3_1;road_4_4_3_1;road_4_4_3_1;road_4_4_3_2;road_4_4_3_2;road_4_4_3_2;road_5_3_2_0;road_5_3_2_0;road_5_3_2_0;road_5_3_2_1;road_5_3_2_1;road_5_3_2_1;road_5_3_2_2;road_5_3_2_2;road_5_3_2_2;road_4_2_1_0;road_4_2_1_0;road_4_2_1_0;road_4_2_1_1;road_4_2_1_1;road_4_2_1_1;road_4_2_1_2;road_4_2_1_2;road_4_2_1_2;road_3_3_0_0;road_3_3_0_0;road_3_3_0_0;road_3_3_0_1;road_3_3_0_1;road_3_3_0_1;road_3_3_0_2;road_3_3_0_2;road_3_3_0_2,GGGrrrrrrGGGGGGrrrGGGrrrrrrGGGGGGrrr
130,intersection_4_4,road_4_5_3_0;road_4_5_3_0;road_4_5_3_0;road_4_5_3_1;road_4_5_3_1;road_4_5_3_1;road_4_5_3_2;road_4_5_3_2;road_4_5_3_2;road_5_4_2_0;road_5_4_2_0;road_5_4_2_0;road_5_4_2_1;road_5_4_2_1;road_5_4_2_1;road_5_4_2_2;road_5_4_2_2;road_5_4_2_2;road_4_3_1_0;road_4_3_1_0;road_4_3_1_0;road_4_3_1_1;road_4_3_1_1;road_4_3_1_1;road_4_3_1_2;road_4_3_1_2;road_4_3_1_2;road_3_4_0_0;road_3_4_0_0;road_3_4_0_0;road_3_4_0_1;road_3_4_0_1;road_3_4_0_1;road_3_4_0_2;road_3_4_0_2;road_3_4_0_2,GGGrrrGGGGGGrrrrrrGGGrrrGGGGGGrrrrrr
140,intersection_1_1,road_1_2_3_0;road_1_2_3_0;road_1_2_3_0;road_1_2_3_1;road_1_2_3_1;road_1_2_3_1;road_1_2_3_2;road_1_2_3_2;road_1_2_3_2;road_2_1_2_0;road_2_1_2_0;road_2_1_2_0;road_2_1_2_1;road_2_1_2_1;road_2_1_2_1;road_2_1_2_2;road_2_1_2_2;road_2_1_2_2;road_1_0_1_0;road_1_0_1_0;road_1_0_1_0;road_1_0_1_1;road_1_0_1_1;road_1_0_1_1;road_1_0_1_2;road_1_0_1_2;road_1_0_1_2;road_0_1_0_0;road_0_1_0_0;road_0_1_0_0;road_0_1_0_1;road_0_1_0_1;road_0_1_0_1;road_0_1_0_2;road_0_1_0_2;road_0_1_0_2,GGGrrrGGGGGGrrrrrrGGGrrrGGGGGGrrrrrr
140,intersection_1_2,road_1_3_3_0;road_1_3_3_0;road_1_3_3_0;road_1_3_3_1;road_1_3_3_1;road_1_3_3_1;road_1_3_3_2;road_1_3_3_2;road_1_3_3_2;road_2_2_2_0;road_2_2_2_0;road_2_2_2_0;road_2_2_2_1;road_2_2_2_1;road_2_2_2_1;road_2_2_2_2;road_2_2_2_2;road_2_2_2_2;road_1_1_1_0;road_1_1_1_0;road_1_1_1_0;road_1_1_1_1;road_1_1_1_1;road_1_1_1_1;road_1_1_1_2;road_1_1_1_2;road_1_1_1_2;road_0_2_0_0;road_0_2_0_0;road_0_2_0_0;road_0_2_0_1;road_0_2_0_1;road_0_2_0_1;road_0_2_0_2;road_0_2_0_2;road_0_2_0_2,GGGrrrrrrGGGGGGrrrGGGrrrrrrGGGGGGrrr
140,intersection_1_3,road_1_4_3_0;road_1_4_3_0;road_1_4_3_0;road_1_4_3_1;road_1_4_3_1;road_1_4_3_1;road_1_4_3_2;road_1_4_3_2;road_1_4_3_2;road_2_3_2_0;road_2_3_2_0;road_2_3_2_0;road_2_3_2_1;road_2_3_2_1;road_2_3_2_1;road_2_3_2_2;road_2_3_2_2;road_2_3_2_2;road_1_2_1_0;road_1_2_1_0;road_1_2_1_0;road_1_2_1_1;road_1_2_1_1;road_1_2_1_1;road_1_2_1_2;road_1_2_1_2;road_1_2_1_2;road_0_3_0_0;road_0_3_0_0;road_0_3_0_0;road_0_3_0_1;road_0_3_0_1;road_0_3_0_1;road_0_3_0_2;road_0_3_0_2;road_0_3_0_2,GGGrrrrrrGGGGGGrrrGGGrrrrrrGGGGGGrrr
140,intersection_1_4,road_1_5_3_0;road_1_5_3_0;road_1_5_3_0;road_1_5_3_1;road_1_5_3_1;road_1_5_3_1;road_1_5_3_2;road_1_5_3_2;road_1_5_3_2;road_2_4_2_0;road_2_4_2_0;road_2_4_2_0;road_2_4_2_1;road_2_4_2_1;road_2_4_2_1;road_2_4_2_2;road_2_4_2_2;road_2_4_2_2;road_1_3_1_0;road_1_3_1_0;road_1_3_1_0;road_1_3_1_1;road_1_3_1_1;road_1_3_1_1;road_1_3_1_2;road_1_3_1_2;road_1_3_1_2;road_0_4_0_0;road_0_4_0_0;road_0_4_0_0;road_0_4_0_1;road_0_4_0_1;road_0_4_0_1;road_0_4_0_2;road_0_4_0_2;road_0_4_0_2,GGGGGGrrrGGGrrrrrrGGGGGGrrrGGGrrrrrr
140,intersection_2_1,road_2_2_3_0;road_2_2_3_0;road_2_2_3_0;road_2_2_3_1;road_2_2_3_1;road_2_2_3_1;road_2_2_3_2;road_2_2_3_2;road_2_2_3_2;road_3_1_2_0;road_3_1_2_0;road_3_1_2_0;road_3_1_2_1;road_3_1_2_1;road_3_1_2_1;road_3_1_2_2;road_3_1_2_2;road_3_1_2_2;road_2_0_1_0;road_2_0_1_0;road_2_0_1_0;road_2_0_1_1;road_2_0_1_1;road_2_0_1_1;road_2_0_1_2;road_2_0_1_2;road_2_0_1_2;road_1_1_0_0;road_1_1_0_0;road_1_1_0_0;road_1_1_0_1;road_1_1_0_1;road_1_1_0_1;road_1_1_0_2;road_1_1_0_2;road_1_1_0_2,GGGrrrrrrGGGGGGrrrGGGrrrrrrGGGGGGrrr
140,intersection_2_2,road_2_3_3_0;road_2_3_3_0;road_2_3_3_0;road_2_3_3_1;road_2_3_3_1;road_2_3_3_1;road_2_3_3_2;road_2_3_3_2;road_2_3_3_2;road_3_2_2_0;road_3_2_2_0;road_3_2_2_0;road_3_2_2_1;road_3_2_2_1;road_3_2_2_1;road_3_2_2_2;road_3_2_2_2;road_3_2_2_2;road_2_1_1_0;road_2_1_1_0;road_2_1_1_0;road_2_1_1_1;road_2_1_1_1;road_2_1_1_1;road_2_1_1_2;road_2_1_1_2;road_2_1_1_2;road_1_2_0_0;road_1_2_0_0;road_1_2_0_0;road_1_2_0_1;road_1_2_0_1;road_1_2_0_1;road_1_2_0_2;road_1_2_0_2;road_1_2_0_2,GGGrrrrrrGGGGGGrrrGGGrrrrrrGGGGGGrrr
140,intersection_2_3,road_2_4_3_0;road_2_4_3_0;road_2_4_3_0;road_2_4_3_1;road_2_4_3_1;road_2_4_3_1;road_2_4_3_2;road_2_4_3_2;road_2_4_3_2;road_3_3_2_0;road_3_3_2_0;road_3_3_2_0;road_3_3_2_1;road_3_3_2_1;road_3_3_2_1;road_3_3_2_2;road_3_3_2_2;road_3_3_2_2;road_2_2_1_0;road_2_2_1_0;road_2_2_1_0;road_2_2_1_1;road_2_2_1_1;road_2_2_1_1;road_2_2_1_2;road_2_2_1_2;road_2_2_1_2;road_1_3_0_0;road_1_3_0_0;road_1_3_0_0;road_1_3_0_1;road_1_3_0_1;road_1_3_0_1;road_1_3_0_2;road_1_3_0_2;road_1_3_0_2,GGGrrrrrrGGGGGGrrrGGGrrrrrrGGGGGGrrr
140,intersection_2_4,road_2_5_3_0;road_2_5_3_0;road_2_5_3_0;road_2_5_3_1;road_2_5_3_1;road_2_5_3_1;road_2_5_3_2;road_2_5_3_2;road_2_5_3_2;road_3_4_2_0;road_3_4_2_0;road_3_4_2_0;road_3_4_2_1;road_3_4_2_1;road_3_4_2_1;road_3_4_2_2;road_3_4_2_2;road_3_4_2_2;road_2_3_1_0;road_2_3_1_0;road_2_3_1_0;road_2_3_1_1;road_2_3_1_1;road_2_3_1_1;road_2_3_1_2;road_2_3_1_2;road_2_3_1_2;road_1_4_0_0;road_1_4_0_0;road_1_4_0_0;road_1_4_0_1;road_1_4_0_1;road_1_4_0_1;road_1_4_0_2;road_1_4_0_2;road_1_4_0_2,GGGrrrrrrGGGGGGrrrGGGrrrrrrGGGGGGrrr
140,intersection_3_1,road_3_2_3_0;road_3_2_3_0;road_3_2_3_0;road_3_2_3_1;road_3_2_3_1;road_3_2_3_1;road_3_2_3_2;road_3_2_3_2;road_3_2_3_2;road_4_1_2_0;road_4_1_2_0;road_4_1_2_0;road_4_1_2_1;road_4_1_2_1;road_4_1_2_1;road_4_1_2_2;road_4_1_2_2;road_4_1_2_2;road_3_0_1_0;road_3_0_1_0;road_3_0_1_0;road_3_0_1_1;road_3_0_1_1;road_3_0_1_1;road_3_0_1_2;road_3_0_1_2;road_3_0_1_2;road_2_1_0_0;road_2_1_0_0;road_2_1_0_0;road_2_1_0_1;road_2_1_0_1;road_2_1_0_1;road_2_1_0_2;road_2_1_0_2;road_2_1_0_2,GGGrrrrrrGGGGGGrrrGGGrrrrrrGGGGGGrrr
140,intersection_3_2,road_3_3_3_0;road_3_3_3_0;road_3_3_3_0;road_3_3_3_1;road_3_3_3_1;road_3_3_3_1;road_3_3_3_2;road_3_3_3_2;road_3_3_3_2;road_4_2_2_0;road_4_2_2_0;road_4_2_2_0;road_4_2_2_1;road_4_2_2_1;road_4_2_2_1;road_4_2_2_2;road_4_2_2_2;road_4_2_2_2;road_3_1_1_0;road_3_1_1_0;road_3_1_1_0;road_3_1_1_1;road_3_1_1_1;road_3_1_1_1;road_3_1_1_2;road_3_1_1_2;road_3_1_1_2;road_2_2_0_0;road_2_2_0_0;road_2_2_0_0;road_2_2_0_1;road_2_2_0_1;road_2_2_0_1;road_2_2_0_2;road_2_2_0_2;road_2_2_0_2,GGGrrrrrrGGGGGGrrrGGGrrrrrrGGGGGGrrr
140,intersection_3_3,road_3_4_3_0;road_3_4_3_0;road_3_4_3_0;road_3_4_3_1;road_3_4_3_1;road_3_4_3_1;road_3_4_3_2;road_3_4_3_2;road_3_4_3_2;road_4_3_2_0;road_4_3_2_0;road_4_3_2_0;road_4_3_2_1;road_4_3_2_1;road_4_3_2_1;road_4_3_2_2;road_4_3_2_2;road_4_3_2_2;road_3_2_1_0;road_3_2_1_0;road_3_2_1_0;road_3_2_1_1;road_3_2_1_1;road_3_2_1_1;road_3_2_1_2;road_3_2_1_2;road_3_2_1_2;road_2_3_0_0;road_2_3_0_0;road_2_3_0_0;road_2_3_0_1;road_2_3_0_1;road_2_3_0_1;road_2_3_0_2;road_2_3_0_2;road_2_3_0_2,GGGrrrrrrGGGGGGrrrGGGrrrrrrGGGGGGrrr
140,intersection_3_4,road_3_5_3_0;road_3_5_3_0;road_3_5_3_0;road_3_5_3_1;road_3_5_3_1;road_3_5_3_1;road_3_5_3_2;road_3_5_3_2;road_3_5_3_2;road_4_4_2_0;road_4_4_2_0;road_4_4_2_0;road_4_4_2_1;road_4_4_2_1;road_4_4_2_1;road_4_4_2_2;road_4_4_2_2;road_4_4_2_2;road_3_3_1_0;road_3_3_1_0;road_3_3_1_0;road_3_3_1_1;road_3_3_1_1;road_3_3_1_1;road_3_3_1_2;road_3_3_1_2;road_3_3_1_2;road_2_4_0_0;road_2_4_0_0;road_2_4_0_0;road_2_4_0_1;road_2_4_0_1;road_2_4_0_1;road_2_4_0_2;road_2_4_0_2;road_2_4_0_2,GGGrrrrrrGGGGGGrrrGGGrrrrrrGGGGGGrrr
140,intersection_4_1,road_4_2_3_0;road_4_2_3_0;road_4_2_3_0;road_4_2_3_1;road_4_2_3_1;road_4_2_3_1;road_4_2_3_2;road_4_2_3_2;road_4_2_3_2;road_5_1_2_0;road_5_1_2_0;road_5_1_2_0;road_5_1_2_1;road_5_1_2_1;road_5_1_2_1;road_5_1_2_2;road_5_1_2_2;road_5_1_2_2;road_4_0_1_0;road_4_0_1_0;road_4_0_1_0;road_4_0_1_1;road_4_0_1_1;road_4_0_1_1;road_4_0_1_2;road_4_0_1_2;road_4_0_1_2;road_3_1_0_0;road_3_1_0_0;road_3_1_0_0;road_3_1_0_1;road_3_1_0_1;road_3_1_0_1;road_3_1_0_2;road_3_1_0_2;road_3_1_0_2,GGGrrrrrrGGGGGGrrrGGGrrrrrrGGGGGGrrr
140,intersection_4_2,road_4_3_3_0;road_4_3_3_0;road_4_3_3_0;road_4_3_3_1;road_4_3_3_1;road_4_3_3_1;road_4_3_3_2;road_4_3_3_2;road_4_3_3_2;road_5_2_2_0;road_5_2_2_0;road_5_2_2_0;road_5_2_2_1;road_5_2_2_1;road_5_2_2_1;road_5_2_2_2;road_5_2_2_2;road_5_2_2_2;road_4_1_1_0;road_4_1_1_0;road_4_1_1_0;road_4_1_1_1;road_4_1_1_1;road_4_1_1_1;road_4_1_1_2;road_4_1_1_2;road_4_1_1_2;road_3_2_0_0;road_3_2_0_0;road_3_2_0_0;road_3_2_0_1;road_3_2_0_1;road_3_2_0_1;road_3_2_0_2;road_3_2_0_2;road_3_2_0_2,GGGrrrrrrGGGGGGrrrGGGrrrrrrGGGGGGrrr
140,intersection_4_3,road_4_4_3_0;road_4_4_3_0;road_4_4_3_0;road_4_4_3_1;road_4_4_3_1;road_4_4_3_1;road_4_4_3_2;road_4_4_3_2;road_4_4_3_2;road_5_3_2_0;road_5_3_2_0;road_5_3_2_0;road_5_3_2_1;road_5_3_2_1;road_5_3_2_1;road_5_3_2_2;road_5_3_2_2;road_5_3_2_2;road_4_2_1_0;road_4_2_1_0;road_4_2_1_0;road_4_2_1_1;road_4_2_1_1;road_4_2_1_1;road_4_2_1_2;road_4_2_1_2;road_4_2_1_2;road_3_3_0_0;road_3_3_0_0;road_3_3_0_0;road_3_3_0_1;road_3_3_0_1;road_3_3_0_1;road_3_3_0_2;road_3_3_0_2;road_3_3_0_2,GGGrrrrrrGGGrrrrrrGGGrrrrrrGGGGGGGGG
140,intersection_4_4,road_4_5_3_0;road_4_5_3_0;road_4_5_3_0;road_4_5_3_1;road_4_5_3_1;road_4_5_3_1;road_4_5_3_2;road_4_5_3_2;road_4_5_3_2;road_5_4_2_0;road_5_4_2_0;road_5_4_2_0;road_5_4_2_1;road_5_4_2_1;road_5_4_2_1;road_5_4_2_2;road_5_4_2_2;road_5_4_2_2;road_4_3_1_0;road_4_3_1_0;road_4_3_1_0;road_4_3_1_1;road_4_3_1_1;road_4_3_1_1;road_4_3_1_2;road_4_3_1_2;road_4_3_1_2;road_3_4_0_0;road_3_4_0_0;road_3_4_0_0;road_3_4_0_1;road_3_4_0_1;road_3_4_0_1;road_3_4_0_2;road_3_4_0_2;road_3_4_0_2,GGGrrrGGGGGGrrrrrrGGGrrrGGGGGGrrrrrr
150,intersection_1_1,road_1_2_3_0;road_1_2_3_0;road_1_2_3_0;road_1_2_3_1;road_1_2_3_1;road_1_2_3_1;road_1_2_3_2;road_1_2_3_2;road_1_2_3_2;road_2_1_2_0;road_2_1_2_0;road_2_1_2_0;road_2_1_2_1;road_2_1_2_1;road_2_1_2_1;road_2_1_2_2;road_2_1_2_2;road_2_1_2_2;road_1_0_1_0;road_1_0_1_0;road_1_0_1_0;road_1_0_1_1;road_1_0_1_1;road_1_0_1_1;road_1_0_1_2;road_1_0_1_2;road_1_0_1_2;road_0_1_0_0;road_0_1_0_0;road_0_1_0_0;road_0_1_0_1;road_0_1_0_1;road_0_1_0_1;road_0_1_0_2;road_0_1_0_2;road_0_1_0_2,GGGrrrGGGGGGrrrrrrGGGrrrGGGGGGrrrrrr
150,intersection_1_2,road_1_3_3_0;road_1_3_3_0;road_1_3_3_0;road_1_3_3_1;road_1_3_3_1;road_1_3_3_1;road_1_3_3_2;road_1_3_3_2;road_1_3_3_2;road_2_2_2_0;road_2_2_2_0;road_2_2_2_0;road_2_2_2_1;road_2_2_2_1;road_2_2_2_1;road_2_2_2_2;road_2_2_2_2;road_2_2_2_2;road_1_1_1_0;road_1_1_1_0;road_1_1_1_0;road_1_1_1_1;road_1_1_1_1;road_1_1_1_1;road_1_1_1_2;road_1_1_1_2;road_1_1_1_2;road_0_2_0_0;road_0_2_0_0;road_0_2_0_0;road_0_2_0_1;road_0_2_0_1;road_0_2_0_1;road_0_2_0_2;road_0_2_0_2;road_0_2_0_2,GGGrrrrrrGGGGGGrrrGGGrrrrrrGGGGGGrrr
150,intersection_1_3,road_1_4_3_0;road_1_4_3_0;road_1_4_3_0;road_1_4_3_1;road_1_4_3_1;road_1_4_3_1;road_1_4_3_2;road_1_4_3_2;road_1_4_3_2;road_2_3_2_0;road_2_3_2_0;road_2_3_2_0;road_2_3_2_1;road_2_3_2_1;road_2_3_2_1;road_2_3_2_2;road_2_3_2_2;road_2_3_2_2;road_1_2_1_0;road_1_2_1_0;road_1_2_1_0;road_1_2_1_1;road_1_2_1_1;road_1_2_1_1;road_1_2_1_2;road_1_2_1_2;road_1_2_1_2;road_0_3_0_0;road_0_3_0_0;road_0_3_0_0;road_0_3_0_1;road_0_3_0_1;road_0_3_0_1;road_0_3_0_2;road_0_3_0_2;road_0_3_0_2,GGGrrrrrrGGGGGGrrrGGGrrrrrrGGGGGGrrr
150,intersection_1_4,road_1_5_3_0;road_1_5_3_0;road_1_5_3_0;road_1_5_3_1;road_1_5_3_1;road_1_5_3_1;road_1_5_3_2;road_1_5_3_2;road_1_5_3_2;road_2_4_2_0;road_2_4_2_0;road_2_4_2_0;road_2_4_2_1;road_2_4_2_1;road_2_4_2_1;road_2_4_2_2;road_2_4_2_2;road_2_4_2_2;road_1_3_1_0;road_1_3_1_0;road_1_3_1_0;road_1_3_1_1;road_1_3_1_1;road_1_3_1_1;road_1_3_1_2;road_1_3_1_2;road_1_3_1_2;road_0_4_0_0;road_0_4_0_0;road_0_4_0_0;road_0_4_0_1;road_0_4_0_1;road_0_4_0_1;road_0_4_0_2;road_0_4_0_2;road_0_4_0_2,GGGGGGrrrGGGrrrrrrGGGGGGrrrGGGrrrrrr
150,intersection_2_1,road_2_2_3_0;road_2_2_3_0;road_2_2_3_0;road_2_2_3_1;road_2_2_3_1;road_2_2_3_1;road_2_2_3_2;road_2_2_3_2;road_2_2_3_2;road_3_1_2_0;road_3_1_2_0;road_3_1_2_0;road_3_1_2_1;road_3_1_2_1;road_3_1_2_1;road_3_1_2_2;road_3_1_2_2;road_3_1_2_2;road_2_0_1_0;road_2_0_1_0;road_2_0_1_0;road_2_0_1_1;road_2_0_1_1;road_2_0_1_1;road_2_0_1_2;road_2_0_1_2;road_2_0_1_2;road_1_1_0_0;road_1_1_0_0;road_1_1_0_0;road_1_1_0_1;road_1_1_0_1;road_1_1_0_1;road_1_1_0_2;road_1_1_0_2;road_1_1_0_2,GGGrrrrrrGGGGGGrrrGGGrrrrrrGGGGGGrrr
150,intersection_2_2,road_2_3_3_0;road_2_3_3_0;road_2_3_3_0;road_2_3_3_1;road_2_3_3_1;road_2_3_3_1;road_2_3_3_2;road_2_3_3_2;road_2_3_3_2;road_3_2_2_0;road_3_2_2_0;road_3_2_2_0;road_3_2_2_1;road_3_2_2_1;road_3_2_2_1;road_3_2_2_2;road_3_2_2_2;road_3_2_2_2;road_2_1_1_0;road_2_1_1_0;road_2_1_1_0;road_2_1_1_1;road_2_1_1_1;road_2_1_1_1;road_2_1_1_2;road_2_1_1_2;road_2_1_1_2;road_1_2_0_0;road_1_2_0_0;road_1_2_0_0;road_1_2_0_1;road_1_2_0_1;road_1_2_0_1;road_1_2_0_2;road_1_2_0_2;road_1_2_0_2,GGGrrrrrrGGGGGGrrrGGGrrrrrrGGGGGGrrr
150,intersection_2_3,road_2_4_3_0;road_2_4_3_0;road_2_4_3_0;road_2_4_3_1;road_2_4_3_1;road_2_4_3_1;road_2_4_3_2;road_2_4_3_2;road_2_4_3_2;road_3_3_2_0;road_3_3_2_0;road_3_3_2_0;road_3_3_2_1;road_3_3_2_1;road_3_3_2_1;road_3_3_2_2;road_3_3_2_2;road_3_3_2_2;road_2_2_1_0;road_2_2_1_0;road_2_2_1_0;road_2_2_1_1;road_2_2_1_1;road_2_2_1_1;road_2_2_1_2;road_2_2_1_2;road_2_2_1_2;road_1_3_0_0;road_1_3_0_0;road_1_3_0_0;road_1_3_0_1;road_1_3_0_1;road_1_3_0_1;road_1_3_0_2;road_1_3_0_2;road_1_3_0_2,GGGrrrrrrGGGGGGrrrGGGrrrrrrGGGGGGrrr
150,intersection_2_4,road_2_5_3_0;road_2_5_3_0;road_2_5_3_0;road_2_5_3_1;road_2_5_3_1;road_2_5_3_1;road_2_5_3_2;road_2_5_3_2;road_2_5_3_2;road_3_4_2_0;road_3_4_2_0;road_3_4_2_0;road_3_4_2_1;road_3_4_2_1;road_3_4_2_1;road_3_4_2_2;road_3_4_2_2;road_3_4_2_2;road_2_3_1_0;road_2_3_1_0;road_2_3_1_0;road_2_3_1_1;road_2_3_1_1;road_2_3_1_1;road_2_3_1_2;road_2_3_1_2;road_2_3_1_2;road_1_4_0_0;road_1_4_0_0;road_1_4_0_0;road_1_4_0_1;road_1_4_0_1;road_1_4_0_1;road_1_4_0_2;road_1_4_0_2;road_1_4_0_2,GGGrrrrrrGGGGGGrrrGGGrrrrrrGGGGGGrrr
150,intersection_3_1,road_3_2_3_0;road_3_2_3_0;road_3_2_3_0;road_3_2_3_1;road_3_2_3_1;road_3_2_3_1;road_3_2_3_2;road_3_2_3_2;road_3_2_3_2;road_4_1_2_0;road_4_1_2_0;road_4_1_2_0;road_4_1_2_1;road_4_1_2_1;road_4_1_2_1;road_4_1_2_2;road_4_1_2_2;road_4_1_2_2;road_3_0_1_0;road_3_0_1_0;road_3_0_1_0;road_3_0_1_1;road_3_0_1_1;road_3_0_1_1;road_3_0_1_2;road_3_0_1_2;road_3_0_1_2;road_2_1_0_0;road_2_1_0_0;road_2_1_0_0;road_2_1_0_1;road_2_1_0_1;road_2_1_0_1;road_2_1_0_2;road_2_1_0_2;road_2_1_0_2,GGGrrrrrrGGGGGGrrrGGGrrrrrrGGGGGGrrr
150,intersection_3_2,road_3_3_3_0;road_3_3_3_0;road_3_3_3_0;road_3_3_3_1;road_3_3_3_1;road_3_3_3_1;road_3_3_3_2;road_3_3_3_2;road_3_3_3_2;road_4_2_2_0;road_4_2_2_0;road_4_2_2_0;road_4_2_2_1;road_4_2_2_1;road_4_2_2_1;road_4_2_2_2;road_4_2_2_2;road_4_2_2_2;road_3_1_1_0;road_3_1_1_0;road_3_1_1_0;road_3_1_1_1;road_3_1_1_1;road_3_1_1_1;road_3_1_1_2;road_3_1_1_2;road_3_1_1_2;road_2_2_0_0;road_2_2_0_0;road_2_2_0_0;road_2_2_0_1;road_2_2_0_1;road_2_2_0_1;road_2_2_0_2;road_2_2_0_2;road_2_2_0_2,GGGrrrrrrGGGGGGrrrGGGrrrrrrGGGGGGrrr
150,intersection_3_3,road_3_4_3_0;road_3_4_3_0;road_3_4_3_0;road_3_4_3_1;road_3_4_3_1;road_3_4_3_1;road_3_4_3_2;road_3_4_3_2;road_3_4_3_2;road_4_3_2_0;road_4_3_2_0;road_4_3_2_0;road_4_3_2_1;road_4_3_2_1;road_4_3_2_1;road_4_3_2_2;road_4_3_2_2;road_4_3_2_2;road_3_2_1_0;road_3_2_1_0;road_3_2_1_0;road_3_2_1_1;road_3_2_1_1;road_3_2_1_1;road_3_2_1_2;road_3_2_1_2;road_3_2_1_2;road_2_3_0_0;road_2_3_0_0;road_2_3_0_0;road_2_3_0_1;road_2_3_0_1;road_2_3_0_1;road_2_3_0_2;road_2_3_0_2;road_2_3_0_2,GGGrrrrrrGGGGGGrrrGGGrrrrrrGGGGGGrrr
150,intersection_3_4,road_3_5_3_0;road_3_5_3_0;road_3_5_3_0;road_3_5_3_1;road_3_5_3_1;road_3_5_3_1;road_3_5_3_2;road_3_5_3_2;road_3_5_3_2;road_4_4_2_0;road_4_4_2_0;road_4_4_2_0;road_4_4_2_1;road_4_4_2_1;road_4_4_2_1;road_4_4_2_2;road_4_4_2_2;road_4_4_2_2;road_3_3_1_0;road_3_3_1_0;road_3_3_1_0;road_3_3_1_1;road_3_3_1_1;road_3_3_1_1;road_3_3_1_2;road_3_3_1_2;road_3_3_1_2;road_2_4_0_0;road_2_4_0_0;road_2_4_0_0;road_2_4_0_1;road_2_4_0_1;road_2_4_0_1;road_2_4_0_2;road_2_4_0_2;road_2_4_0_2,GGGrrrrrrGGGGGGrrrGGGrrrrrrGGGGGGrrr
150,intersection_4_1,road_4_2_3_0;road_4_2_3_0;road_4_2_3_0;road_4_2_3_1;road_4_2_3_1;road_4_2_3_1;road_4_2_3_2;road_4_2_3_2;road_4_2_3_2;road_5_1_2_0;road_5_1_2_0;road_5_1_2_0;road_5_1_2_1;road_5_1_2_1;road_5_1_2_1;road_5_1_2_2;road_5_1_2_2;road_5_1_2_2;road_4_0_1_0;road_4_0_1_0;road_4_0_1_0;road_4_0_1_1;road_4_0_1_1;road_4_0_1_1;road_4_0_1_2;road_4_0_1_2;road_4_0_1_2;road_3_1_0_0;road_3_1_0_0;road_3_1_0_0;road_3_1_0_1;road_3_1_0_1;road_3_1_0_1;road_3_1_0_2;road_3_1_0_2;road_3_1_0_2,GGGrrrrrrGGGGGGrrrGGGrrrrrrGGGGGGrrr
150,intersection_4_2,road_4_3_3_0;road_4_3_3_0;road_4_3_3_0;road_4_3_3_1;road_4_3_3_1;road_4_3_3_1;road_4_3_3_2;road_4_3_3_2;road_4_3_3_2;road_5_2_2_0;road_5_2_2_0;road_5_2_2_0;road_5_2_2_1;road_5_2_2_1;road_5_2_2_1;road_5_2_2_2;road_5_2_2_2;road_5_2_2_2;road_4_1_1_0;road_4_1_1_0;road_4_1_1_0;road_4_1_1_1;road_4_1_1_1;road_4_1_1_1;road_4_1_1_2;road_4_1_1_2;road_4_1_1_2;road_3_2_0_0;road_3_2_0_0;road_3_2_0_0;road_3_2_0_1;road_3_2_0_1;road_3_2_0_1;road_3_2_0_2;road_3_2_0_2;road_3_2_0_2,GGGrrrrrrGGGGGGrrrGGGrrrrrrGGGGGGrrr
150,intersection_4_3,road_4_4_3_0;road_4_4_3_0;road_4_4_3_0;road_4_4_3_1;road_4_4_3_1;road_4_4_3_1;road_4_4_3_2;road_4_4_3_2;road_4_4_3_2;road_5_3_2_0;road_5_3_2_0;road_5_3_2_0;road_5_3_2_1;road_5_3_2_1;road_5_3_2_1;road_5_3_2_2;road_5_3_2_2;road_5_3_2_2;road_4_2_1_0;road_4_2_1_0;road_4_2_1_0;road_4_2_1_1;road_4_2_1_1;road_4_2_1_1;road_4_2_1_2;road_4_2_1_2;road_4_2_1_2;road_3_3_0_0;road_3_3_0_0;road_3_3_0_0;road_3_3_0_1;road_3_3_0_1;road_3_3_0_1;road_3_3_0_2;road_3_3_0_2;road_3_3_0_2,GGGrrrrrrGGGrrrrrrGGGrrrrrrGGGGGGGGG
150,intersection_4_4,road_4_5_3_0;road_4_5_3_0;road_4_5_3_0;road_4_5_3_1;road_4_5_3_1;road_4_5_3_1;road_4_5_3_2;road_4_5_3_2;road_4_5_3_2;road_5_4_2_0;road_5_4_2_0;road_5_4_2_0;road_5_4_2_1;road_5_4_2_1;road_5_4_2_1;road_5_4_2_2;road_5_4_2_2;road_5_4_2_2;road_4_3_1_0;road_4_3_1_0;road_4_3_1_0;road_4_3_1_1;road_4_3_1_1;road_4_3_1_1;road_4_3_1_2;road_4_3_1_2;road_4_3_1_2;road_3_4_0_0;road_3_4_0_0;road_3_4_0_0;road_3_4_0_1;road_3_4_0_1;road_3_4_0_1;road_3_4_0_2;road_3_4_0_2;road_3_4_0_2,GGGrrrGGGGGGrrrrrrGGGrrrGGGGGGrrrrrr
160,intersection_1_1,road_1_2_3_0;road_1_2_3_0;road_1_2_3_0;road_1_2_3_1;road_1_2_3_1;road_1_2_3_1;road_1_2_3_2;road_1_2_3_2;road_1_2_3_2;road_2_1_2_0;road_2_1_2_0;road_2_1_2_0;road_2_1_2_1;road_2_1_2_1;road_2_1_2_1;road_2_1_2_2;road_2_1_2_2;road_2_1_2_2;road_1_0_1_0;road_1_0_1_0;road_1_0_1_0;road_1_0_1_1;road_1_0_1_1;road_1_0_1_1;road_1_0_1_2;road_1_0_1_2;road_1_0_1_2;road_0_1_0_0;road_0_1_0_0;road_0_1_0_0;road_0_1_0_1;road_0_1_0_1;road_0_1_0_1;road_0_1_0_2;road_0_1_0_2;road_0_1_0_2,GGGrrrGGGGGGrrrrrrGGGrrrGGGGGGrrrrrr
160,intersection_1_2,road_1_3_3_0;road_1_3_3_0;road_1_3_3_0;road_1_3_3_1;road_1_3_3_1;road_1_3_3_1;road_1_3_3_2;road_1_3_3_2;road_1_3_3_2;road_2_2_2_0;road_2_2_2_0;road_2_2_2_0;road_2_2_2_1;road_2_2_2_1;road_2_2_2_1;road_2_2_2_2;road_2_2_2_2;road_2_2_2_2;road_1_1_1_0;road_1_1_1_0;road_1_1_1_0;road_1_1_1_1;road_1_1_1_1;road_1_1_1_1;road_1_1_1_2;road_1_1_1_2;road_1_1_1_2;road_0_2_0_0;road_0_2_0_0;road_0_2_0_0;road_0_2_0_1;road_0_2_0_1;road_0_2_0_1;road_0_2_0_2;road_0_2_0_2;road_0_2_0_2,GGGrrrrrrGGGGGGrrrGGGrrrrrrGGGGGGrrr
160,intersection_1_3,road_1_4_3_0;road_1_4_3_0;road_1_4_3_0;road_1_4_3_1;road_1_4_3_1;road_1_4_3_1;road_1_4_3_2;road_1_4_3_2;road_1_4_3_2;road_2_3_2_0;road_2_3_2_0;road_2_3_2_0;road_2_3_2_1;road_2_3_2_1;road_2_3_2_1;road_2_3_2_2;road_2_3_2_2;road_2_3_2_2;road_1_2_1_0;road_1_2_1_0;road_1_2_1_0;road_1_2_1_1;road_1_2_1_1;road_1_2_1_1;road_1_2_1_2;road_1_2_1_2;road_1_2_1_2;road_0_3_0_0;road_0_3_0_0;road_0_3_0_0;road_0_3_0_1;road_0_3_0_1;road_0_3_0_1;road_0_3_0_2;road_0_3_0_2;road_0_3_0_2,GGGrrrrrrGGGGGGrrrGGGrrrrrrGGGGGGrrr
160,intersection_1_4,road_1_5_3_0;road_1_5_3_0;road_1_5_3_0;road_1_5_3_1;road_1_5_3_1;road_1_5_3_1;road_1_5_3_2;road_1_5_3_2;road_1_5_3_2;road_2_4_2_0;road_2_4_2_0;road_2_4_2_0;road_2_4_2_1;road_2_4_2_1;road_2_4_2_1;road_2_4_2_2;road_2_4_2_2;road_2_4_2_2;road_1_3_1_0;road_1_3_1_0;road_1_3_1_0;road_1_3_1_1;road_1_3_1_1;road_1_3_1_1;road_1_3_1_2;road_1_3_1_2;road_1_3_1_2;road_0_4_0_0;road_0_4_0_0;road_0_4_0_0;road_0_4_0_1;road_0_4_0_1;road_0_4_0_1;road_0_4_0_2;road_0_4_0_2;road_0_4_0_2,GGGGGGrrrGGGrrrrrrGGGGGGrrrGGGrrrrrr
160,intersection_2_1,road_2_2_3_0;road_2_2_3_0;road_2_2_3_0;road_2_2_3_1;road_2_2_3_1;road_2_2_3_1;road_2_2_3_2;road_2_2_3_2;road_2_2_3_2;road_3_1_2_0;road_3_1_2_0;road_3_1_2_0;road_3_1_2_1;road_3_1_2_1;road_3_1_2_1;road_3_1_2_2;road_3_1_2_2;road_3_1_2_2;road_2_0_1_0;road_2_0_1_0;road_2_0_1_0;road_2_0_1_1;road_2_0_1_1;road_2_0_1_1;road_2_0_1_2;road_2_0_1_2;road_2_0_1_2;road_1_1_0_0;road_1_1_0_0;road_1_1_0_0;road_1_1_0_1;road_1_1_0_1;road_1_1_0_1;road_1_1_0_2;road_1_1_0_2;road_1_1_0_2,GGGrrrrrrGGGGGGrrrGGGrrrrrrGGGGGGrrr
160,intersection_2_2,road_2_3_3_0;road_2_3_3_0;road_2_3_3_0;road_2_3_3_1;road_2_3_3_1;road_2_3_3_1;road_2_3_3_2;road_2_3_3_2;road_2_3_3_2;road_3_2_2_0;road_3_2_2_0;road_3_2_2_0;road_3_2_2_1;road_3_2_2_1;road_3_2_2_1;road_3_2_2_2;road_3_2_2_2;road_3_2_2_2;road_2_1_1_0;road_2_1_1_0;road_2_1_1_0;road_2_1_1_1;road_2_1_1_1;road_2_1_1_1;road_2_1_1_2;road_2_1_1_2;road_2_1_1_2;road_1_2_0_0;road_1_2_0_0;road_1_2_0_0;road_1_2_0_1;road_1_2_0_1;road_1_2_0_1;road_1_2_0_2;road_1_2_0_2;road_1_2_0_2,GGGrrrrrrGGGGGGrrrGGGrrrrrrGGGGGGrrr
160,intersection_2_3,road_2_4_3_0;road_2_4_3_0;road_2_4_3_0;road_2_4_3_1;road_2_4_3_1;road_2_4_3_1;road_2_4_3_2;road_2_4_3_2;road_2_4_3_2;road_3_3_2_0;road_3_3_2_0;road_3_3_2_0;road_3_3_2_1;road_3_3_2_1;road_3_3_2_1;road_3_3_2_2;road_3_3_2_2;road_3_3_2_2;road_2_2_1_0;road_2_2_1_0;road_2_2_1_0;road_2_2_1_1;road_2_2_1_1;road_2_2_1_1;road_2_2_1_2;road_2_2_1_2;road_2_2_1_2;road_1_3_0_0;road_1_3_0_0;road_1_3_0_0;road_1_3_0_1;road_1_3_0_1;road_1_3_0_1;road_1_3_0_2;road_1_3_0_2;road_1_3_0_2,GGGrrrrrrGGGGGGrrrGGGrrrrrrGGGGGGrrr
160,intersection_2_4,road_2_5_3_0;road_2_5_3_0;road_2_5_3_0;road_2_5_3_1;road_2_5_3_1;road_2_5_3_1;road_2_5_3_2;road_2_5_3_2;road_2_5_3_2;road_3_4_2_0;road_3_4_2_0;road_3_4_2_0;road_3_4_2_1;road_3_4_2_1;road_3_4_2_1;road_3_4_2_2;road_3_4_2_2;road_3_4_2_2;road_2_3_1_0;road_2_3_1_0;road_2_3_1_0;road_2_3_1_1;road_2_3_1_1;road_2_3_1_1;road_2_3_1_2;road_2_3_1_2;road_2_3_1_2;road_1_4_0_0;road_1_4_0_0;road_1_4_0_0;road_1_4_0_1;road_1_4_0_1;road_1_4_0_1;road_1_4_0_2;road_1_4_0_2;road_1_4_0_2,GGGrrrrrrGGGGGGrrrGGGrrrrrrGGGGGGrrr
160,intersection_3_1,road_3_2_3_0;road_3_2_3_0;road_3_2_3_0;road_3_2_3_1;road_3_2_3_1;road_3_2_3_1;road_3_2_3_2;road_3_2_3_2;road_3_2_3_2;road_4_1_2_0;road_4_1_2_0;road_4_1_2_0;road_4_1_2_1;road_4_1_2_1;road_4_1_2_1;road_4_1_2_2;road_4_1_2_2;road_4_1_2_2;road_3_0_1_0;road_3_0_1_0;road_3_0_1_0;road_3_0_1_1;road_3_0_1_1;road_3_0_1_1;road_3_0_1_2;road_3_0_1_2;road_3_0_1_2;road_2_1_0_0;road_2_1_0_0;road_2_1_0_0;road_2_1_0_1;road_2_1_0_1;road_2_1_0_1;road_2_1_0_2;road_2_1_0_2;road_2_1_0_2,GGGrrrrrrGGGGGGrrrGGGrrrrrrGGGGGGrrr
160,intersection_3_2,road_3_3_3_0;road_3_3_3_0;road_3_3_3_0;road_3_3_3_1;road_3_3_3_1;road_3_3_3_1;road_3_3_3_2;road_3_3_3_2;road_3_3_3_2;road_4_2_2_0;road_4_2_2_0;road_4_2_2_0;road_4_2_2_1;road_4_2_2_1;road_4_2_2_1;road_4_2_2_2;road_4_2_2_2;road_4_2_2_2;road_3_1_1_0;road_3_1_1_0;road_3_1_1_0;road_3_1_1_1;road_3_1_1_1;road_3_1_1_1;road_3_1_1_2;road_3_1_1_2;road_3_1_1_2;road_2_2_0_0;road_2_2_0_0;road_2_2_0_0;road_2_2_0_1;road_2_2_0_1;road_2_2_0_1;road_2_2_0_2;road_2_2_0_2;road_2_2_0_2,GGGrrrrrrGGGGGGrrrGGGrrrrrrGGGGGGrrr
160,intersection_3_3,road_3_4_3_0;road_3_4_3_0;road_3_4_3_0;road_3_4_3_1;road_3_4_3_1;road_3_4_3_1;road_3_4_3_2;road_3_4_3_2;road_3_4_3_2;road_4_3_2_0;road_4_3_2_0;road_4_3_2_0;road_4_3_2_1;road_4_3_2_1;road_4_3_2_1;road_4_3_2_2;road_4_3_2_2;road_4_3_2_2;road_3_2_1_0;road_3_2_1_0;road_3_2_1_0;road_3_2_1_1;road_3_2_1_1;road_3_2_1_1;road_3_2_1_2;road_3_2_1_2;road_3_2_1_2;road_2_3_0_0;road_2_3_0_0;road_2_3_0_0;road_2_3_0_1;road_2_3_0_1;road_2_3_0_1;road_2_3_0_2;road_2_3_0_2;road_2_3_0_2,GGGrrrrrrGGGGGGrrrGGGrrrrrrGGGGGGrrr
160,intersection_3_4,road_3_5_3_0;road_3_5_3_0;road_3_5_3_0;road_3_5_3_1;road_3_5_3_1;road_3_5_3_1;road_3_5_3_2;road_3_5_3_2;road_3_5_3_2;road_4_4_2_0;road_4_4_2_0;road_4_4_2_0;road_4_4_2_1;road_4_4_2_1;road_4_4_2_1;road_4_4_2_2;road_4_4_2_2;road_4_4_2_2;road_3_3_1_0;road_3_3_1_0;road_3_3_1_0;road_3_3_1_1;road_3_3_1_1;road_3_3_1_1;road_3_3_1_2;road_3_3_1_2;road_3_3_1_2;road_2_4_0_0;road_2_4_0_0;road_2_4_0_0;road_2_4_0_1;road_2_4_0_1;road_2_4_0_1;road_2_4_0_2;road_2_4_0_2;road_2_4_0_2,GGGrrrrrrGGGGGGrrrGGGrrrrrrGGGGGGrrr
160,intersection_4_1,road_4_2_3_0;road_4_2_3_0;road_4_2_3_0;road_4_2_3_1;road_4_2_3_1;road_4_2_3_1;road_4_2_3_2;road_4_2_3_2;road_4_2_3_2;road_5_1_2_0;road_5_1_2_0;road_5_1_2_0;road_5_1_2_1;road_5_1_2_1;road_5_1_2_1;road_5_1_2_2;road_5_1_2_2;road_5_1_2_2;road_4_0_1_0;road_4_0_1_0;road_4_0_1_0;road_4_0_1_1;road_4_0_1_1;road_4_0_1_1;road_4_0_1_2;road_4_0_1_2;road_4_0_1_2;road_3_1_0_0;road_3_1_0_0;road_3_1_0_0;road_3_1_0_1;road_3_1_0_1;road_3_1_0_1;road_3_1_0_2;road_3_1_0_2;road_3_1_0_2,GGGrrrrrrGGGGGGrrrGGGrrrrrrGGGGGGrrr
160,intersection_4_2,road_4_3_3_0;road_4_3_3_0;road_4_3_3_0;road_4_3_3_1;road_4_3_3_1;road_4_3_3_1;road_4_3_3_2;road_4_3_3_2;road_4_3_3_2;road_5_2_2_0;road_5_2_2_0;road_5_2_2_0;road_5_2_2_1;road_5_2_2_1;road_5_2_2_1;road_5_2_2_2;road_5_2_2_2;road_5_2_2_2;road_4_1_1_0;road_4_1_1_0;road_4_1_1_0;road_4_1_1_1;road_4_1_1_1;road_4_1_1_1;road_4_1_1_2;road_4_1_1_2;road_4_1_1_2;road_3_2_0_0;road_3_2_0_0;road_3_2_0_0;road_3_2_0_1;road_3_2_0_1;road_3_2_0_1;road_3_2_0_2;road_3_2_0_2;road_3_2_0_2,GGGrrrrrrGGGGGGrrrGGGrrrrrrGGGGGGrrr
160,intersection_4_3,road_4_4_3_0;road_4_4_3_0;road_4_4_3_0;road_4_4_3_1;road_4_4_3_1;road_4_4_3_1;road_4_4_3_2;road_4_4_3_2;road_4_4_3_2;road_5_3_2_0;road_5_3_2_0;road_5_3_2_0;road_5_3_2_1;road_5_3_2_1;road_5_3_2_1;road_5_3_2_2;road_5_3_2_2;road_5_3_2_2;road_4_2_1_0;road_4_2_1_0;road_4_2_1_0;road_4_2_1_1;road_4_2_1_1;road_4_2_1_1;road_4_2_1_2;road_4_2_1_2;road_4_2_1_2;road_3_3_0_0;road_3_3_0_0;road_3_3_0_0;road_3_3_0_1;road_3_3_0_1;road_3_3_0_1;road_3_3_0_2;road_3_3_0_2;road_3_3_0_2,GGGrrrGGGGGGrrrrrrGGGrrrGGGGGGrrrrrr
160,intersection_4_4,road_4_5_3_0;road_4_5_3_0;road_4_5_3_0;road_4_5_3_1;road_4_5_3_1;road_4_5_3_1;road_4_5_3_2;road_4_5_3_2;road_4_5_3_2;road_5_4_2_0;road_5_4_2_0;road_5_4_2_0;road_5_4_2_1;road_5_4_2_1;road_5_4_2_1;road_5_4_2_2;road_5_4_2_2;road_5_4_2_2;road_4_3_1_0;road_4_3_1_0;road_4_3_1_0;road_4_3_1_1;road_4_3_1_1;road_4_3_1_1;road_4_3_1_2;road_4_3_1_2;road_4_3_1_2;road_3_4_0_0;road_3_4_0_0;road_3_4_0_0;road_3_4_0_1;road_3_4_0_1;road_3_4_0_1;road_3_4_0_2;road_3_4_0_2;road_3_4_0_2,GGGrrrGGGGGGrrrrrrGGGrrrGGGGGGrrrrrr
170,intersection_1_1,road_1_2_3_0;road_1_2_3_0;road_1_2_3_0;road_1_2_3_1;road_1_2_3_1;road_1_2_3_1;road_1_2_3_2;road_1_2_3_2;road_1_2_3_2;road_2_1_2_0;road_2_1_2_0;road_2_1_2_0;road_2_1_2_1;road_2_1_2_1;road_2_1_2_1;road_2_1_2_2;road_2_1_2_2;road_2_1_2_2;road_1_0_1_0;road_1_0_1_0;road_1_0_1_0;road_1_0_1_1;road_1_0_1_1;road_1_0_1_1;road_1_0_1_2;road_1_0_1_2;road_1_0_1_2;road_0_1_0_0;road_0_1_0_0;road_0_1_0_0;road_0_1_0_1;road_0_1_0_1;road_0_1_0_1;road_0_1_0_2;road_0_1_0_2;road_0_1_0_2,GGGrrrGGGGGGrrrrrrGGGrrrGGGGGGrrrrrr
170,intersection_1_2,road_1_3_3_0;road_1_3_3_0;road_1_3_3_0;road_1_3_3_1;road_1_3_3_1;road_1_3_3_1;road_1_3_3_2;road_1_3_3_2;road_1_3_3_2;road_2_2_2_0;road_2_2_2_0;road_2_2_2_0;road_2_2_2_1;road_2_2_2_1;road_2_2_2_1;road_2_2_2_2;road_2_2_2_2;road_2_2_2_2;road_1_1_1_0;road_1_1_1_0;road_1_1_1_0;road_1_1_1_1;road_1_1_1_1;road_1_1_1_1;road_1_1_1_2;road_1_1_1_2;road_1_1_1_2;road_0_2_0_0;road_0_2_0_0;road_0_2_0_0;road_0_2_0_1;road_0_2_0_1;road_0_2_0_1;road_0_2_0_2;road_0_2_0_2;road_0_2_0_2,GGGrrrrrrGGGGGGrrrGGGrrrrrrGGGGGGrrr
170,intersection_1_3,road_1_4_3_0;road_1_4_3_0;road_1_4_3_0;road_1_4_3_1;road_1_4_3_1;road_1_4_3_1;road_1_4_3_2;road_1_4_3_2;road_1_4_3_2;road_2_3_2_0;road_2_3_2_0;road_2_3_2_0;road_2_3_2_1;road_2_3_2_1;road_2_3_2_1;road_2_3_2_2;road_2_3_2_2;road_2_3_2_2;road_1_2_1_0;road_1_2_1_0;road_1_2_1_0;road_1_2_1_1;road_1_2_1_1;road_1_2_1_1;road_1_2_1_2;road_1_2_1_2;road_1_2_1_2;road_0_3_0_0;road_0_3_0_0;road_0_3_0_0;road_0_3_0_1;road_0_3_0_1;road_0_3_0_1;road_0_3_0_2;road_0_3_0_2;road_0_3_0_2,GGGrrrrrrGGGGGGrrrGGGrrrrrrGGGGGGrrr
170,intersection_1_4,road_1_5_3_0;road_1_5_3_0;road_1_5_3_0;road_1_5_3_1;road_1_5_3_1;road_1_5_3_1;road_1_5_3_2;road_1_5_3_2;road_1_5_3_2;road_2_4_2_0;road_2_4_2_0;road_2_4_2_0;road_2_4_2_1;road_2_4_2_1;road_2_4_2_1;road_2_4_2_2;road_2_4_2_2;road_2_4_2_2;road_1_3_1_0;road_1_3_1_0;road_1_3_1_0;road_1_3_1_1;road_1_3_1_1;road_1_3_1_1;road_1_3_1_2;road_1_3_1_2;road_1_3_1_2;road_0_4_0_0;road_0_4_0_0;road_0_4_0_0;road_0_4_0_1;road_0_4_0_1;road_0_4_0_1;road_0_4_0_2;road_0_4_0_2;road_0_4_0_2,GGGGGGrrrGGGrrrrrrGGGGGGrrrGGGrrrrrr
170,intersection_2_1,road_2_2_3_0;road_2_2_3_0;road_2_2_3_0;road_2_2_3_1;road_2_2_3_1;road_2_2_3_1;road_2_2_3_2;road_2_2_3_2;road_2_2_3_2;road_3_1_2_0;road_3_1_2_0;road_3_1_2_0;road_3_1_2_1;road_3_1_2_1;road_3_1_2_1;road_3_1_2_2;road_3_1_2_2;road_3_1_2_2;road_2_0_1_0;road_2_0_1_0;road_2_0_1_0;road_2_0_1_1;road_2_0_1_1;road_2_0_1_1;road_2_0_1_2;road_2_0_1_2;road_2_0_1_2;road_1_1_0_0;road_1_1_0_0;road_1_1_0_0;road_1_1_0_1;road_1_1_0_1;road_1_1_0_1;road_1_1_0_2;road_1_1_0_2;road_1_1_0_2,GGGrrrrrrGGGGGGrrrGGGrrrrrrGGGGGGrrr
170,intersection_2_2,road_2_3_3_0;road_2_3_3_0;road_2_3_3_0;road_2_3_3_1;road_2_3_3_1;road_2_3_3_1;road_2_3_3_2;road_2_3_3_2;road_2_3_3_2;road_3_2_2_0;road_3_2_2_0;road_3_2_2_0;road_3_2_2_1;road_3_2_2_1;road_3_2_2_1;road_3_2_2_2;road_3_2_2_2;road_3_2_2_2;road_2_1_1_0;road_2_1_1_0;road_2_1_1_0;road_2_1_1_1;road_2_1_1_1;road_2_1_1_1;road_2_1_1_2;road_2_1_1_2;road_2_1_1_2;road_1_2_0_0;road_1_2_0_0;road_1_2_0_0;road_1_2_0_1;road_1_2_0_1;road_1_2_0_1;road_1_2_0_2;road_1_2_0_2;road_1_2_0_2,GGGrrrrrrGGGGGGrrrGGGrrrrrrGGGGGGrrr
170,intersection_2_3,road_2_4_3_0;road_2_4_3_0;road_2_4_3_0;road_2_4_3_1;road_2_4_3_1;road_2_4_3_1;road_2_4_3_2;road_2_4_3_2;road_2_4_3_2;road_3_3_2_0;road_3_3_2_0;road_3_3_2_0;road_3_3_2_1;road_3_3_2_1;road_3_3_2_1;road_3_3_2_2;road_3_3_2_2;road_3_3_2_2;road_2_2_1_0;road_2_2_1_0;road_2_2_1_0;road_2_2_1_1;road_2_2_1_1;road_2_2_1_1;road_2_2_1_2;road_2_2_1_2;road_2_2_1_2;road_1_3_0_0;road_1_3_0_0;road_1_3_0_0;road_1_3_0_1;road_1_3_0_1;road_1_3_0_1;road_1_3_0_2;road_1_3_0_2;road_1_3_0_2,GGGrrrrrrGGGGGGrrrGGGrrrrrrGGGGGGrrr
170,intersection_2_4,road_2_5_3_0;road_2_5_3_0;road_2_5_3_0;road_2_5_3_1;road_2_5_3_1;road_2_5_3_1;road_2_5_3_2;road_2_5_3_2;road_2_5_3_2;road_3_4_2_0;road_3_4_2_0;road_3_4_2_0;road_3_4_2_1;road_3_4_2_1;road_3_4_2_1;road_3_4_2_2;road_3_4_2_2;road_3_4_2_2;road_2_3_1_0;road_2_3_1_0;road_2_3_1_0;road_2_3_1_1;road_2_3_1_1;road_2_3_1_1;road_2_3_1_2;road_2_3_1_2;road_2_3_1_2;road_1_4_0_0;road_1_4_0_0;road_1_4_0_0;road_1_4_0_1;road_1_4_0_1;road_1_4_0_1;road_1_4_0_2;road_1_4_0_2;road_1_4_0_2,GGGrrrrrrGGGGGGrrrGGGrrrrrrGGGGGGrrr
170,intersection_3_1,road_3_2_3_0;road_3_2_3_0;road_3_2_3_0;road_3_2_3_1;road_3_2_3_1;road_3_2_3_1;road_3_2_3_2;road_3_2_3_2;road_3_2_3_2;road_4_1_2_0;road_4_1_2_0;road_4_1_2_0;road_4_1_2_1;road_4_1_2_1;road_4_1_2_1;road_4_1_2_2;road_4_1_2_2;road_4_1_2_2;road_3_0_1_0;road_3_0_1_0;road_3_0_1_0;road_3_0_1_1;road_3_0_1_1;road_3_0_1_1;road_3_0_1_2;road_3_0_1_2;road_3_0_1_2;road_2_1_0_0;road_2_1_0_0;road_2_1_0_0;road_2_1_0_1;road_2_1_0_1;road_2_1_0_1;road_2_1_0_2;road_2_1_0_2;road_2_1_0_2,GGGrrrrrrGGGGGGrrrGGGrrrrrrGGGGGGrrr
170,intersection_3_2,road_3_3_3_0;road_3_3_3_0;road_3_3_3_0;road_3_3_3_1;road_3_3_3_1;road_3_3_3_1;road_3_3_3_2;road_3_3_3_2;road_3_3_3_2;road_4_2_2_0;road_4_2_2_0;road_4_2_2_0;road_4_2_2_1;road_4_2_2_1;road_4_2_2_1;road_4_2_2_2;road_4_2_2_2;road_4_2_2_2;road_3_1_1_0;road_3_1_1_0;road_3_1_1_0;road_3_1_1_1;road_3_1_1_1;road_3_1_1_1;road_3_1_1_2;road_3_1_1_2;road_3_1_1_2;road_2_2_0_0;road_2_2_0_0;road_2_2_0_0;road_2_2_0_1;road_2_2_0_1;road_2_2_0_1;road_2_2_0_2;road_2_2_0_2;road_2_2_0_2,GGGrrrrrrGGGGGGrrrGGGrrrrrrGGGGGGrrr
170,intersection_3_3,road_3_4_3_0;road_3_4_3_0;road_3_4_3_0;road_3_4_3_1;road_3_4_3_1;road_3_4_3_1;road_3_4_3_2;road_3_4_3_2;road_3_4_3_2;road_4_3_2_0;road_4_3_2_0;road_4_3_2_0;road_4_3_2_1;road_4_3_2_1;road_4_3_2_1;road_4_3_2_2;road_4_3_2_2;road_4_3_2_2;road_3_2_1_0;road_3_2_1_0;road_3_2_1_0;road_3_2_1_1;road_3_2_1_1;road_3_2_1_1;road_3_2_1_2;road_3_2_1_2;road_3_2_1_2;road_2_3_0_0;road_2_3_0_0;road_2_3_0_0;road_2_3_0_1;road_2_3_0_1;road_2_3_0_1;road_2_3_0_2;road_2_3_0_2;road_2_3_0_2,GGGrrrrrrGGGGGGrrrGGGrrrrrrGGGGGGrrr
170,intersection_3_4,road_3_5_3_0;road_3_5_3_0;road_3_5_3_0;road_3_5_3_1;road_3_5_3_1;road_3_5_3_1;road_3_5_3_2;road_3_5_3_2;road_3_5_3_2;road_4_4_2_0;road_4_4_2_0;road_4_4_2_0;road_4_4_2_1;road_4_4_2_1;road_4_4_2_1;road_4_4_2_2;road_4_4_2_2;road_4_4_2_2;road_3_3_1_0;road_3_3_1_0;road_3_3_1_0;road_3_3_1_1;road_3_3_1_1;road_3_3_1_1;road_3_3_1_2;road_3_3_1_2;road_3_3_1_2;road_2_4_0_0;road_2_4_0_0;road_2_4_0_0;road_2_4_0_1;road_2_4_0_1;road_2_4_0_1;road_2_4_0_2;road_2_4_0_2;road_2_4_0_2,GGGrrrrrrGGGGGGrrrGGGrrrrrrGGGGGGrrr
170,intersection_4_1,road_4_2_3_0;road_4_2_3_0;road_4_2_3_0;road_4_2_3_1;road_4_2_3_1;road_4_2_3_1;road_4_2_3_2;road_4_2_3_2;road_4_2_3_2;road_5_1_2_0;road_5_1_2_0;road_5_1_2_0;road_5_1_2_1;road_5_1_2_1;road_5_1_2_1;road_5_1_2_2;road_5_1_2_2;road_5_1_2_2;road_4_0_1_0;road_4_0_1_0;road_4_0_1_0;road_4_0_1_1;road_4_0_1_1;road_4_0_1_1;road_4_0_1_2;road_4_0_1_2;road_4_0_1_2;road_3_1_0_0;road_3_1_0_0;road_3_1_0_0;road_3_1_0_1;road_3_1_0_1;road_3_1_0_1;road_3_1_0_2;road_3_1_0_2;road_3_1_0_2,GGGrrrrrrGGGGGGrrrGGGrrrrrrGGGGGGrrr
170,intersection_4_2,road_4_3_3_0;road_4_3_3_0;road_4_3_3_0;road_4_3_3_1;road_4_3_3_1;road_4_3_3_1;road_4_3_3_2;road_4_3_3_2;road_4_3_3_2;road_5_2_2_0;road_5_2_2_0;road_5_2_2_0;road_5_2_2_1;road_5_2_2_1;road_5_2_2_1;road_5_2_2_2;road_5_2_2_2;road_5_2_2_2;road_4_1_1_0;road_4_1_1_0;road_4_1_1_0;road_4_1_1_1;road_4_1_1_1;road_4_1_1_1;road_4_1_1_2;road_4_1_1_2;road_4_1_1_2;road_3_2_0_0;road_3_2_0_0;road_3_2_0_0;road_3_2_0_1;road_3_2_0_1;road_3_2_0_1;road_3_2_0_2;road_3_2_0_2;road_3_2_0_2,GGGrrrrrrGGGGGGrrrGGGrrrrrrGGGGGGrrr
170,intersection_4_3,road_4_4_3_0;road_4_4_3_0;road_4_4_3_0;road_4_4_3_1;road_4_4_3_1;road_4_4_3_1;road_4_4_3_2;road_4_4_3_2;road_4_4_3_2;road_5_3_2_0;road_5_3_2_0;road_5_3_2_0;road_5_3_2_1;road_5_3_2_1;road_5_3_2_1;road_5_3_2_2;road_5_3_2_2;road_5_3_2_2;road_4_2_1_0;road_4_2_1_0;road_4_2_1_0;road_4_2_1_1;road_4_2_1_1;road_4_2_1_1;road_4_2_1_2;road_4_2_1_2;road_4_2_1_2;road_3_3_0_0;road_3_3_0_0;road_3_3_0_0;road_3_3_0_1;road_3_3_0_1;road_3_3_0_1;road_3_3_0_2;road_3_3_0_2;road_3_3_0_2,GGGrrrGGGGGGrrrrrrGGGrrrGGGGGGrrrrrr
170,intersection_4_4,road_4_5_3_0;road_4_5_3_0;road_4_5_3_0;road_4_5_3_1;road_4_5_3_1;road_4_5_3_1;road_4_5_3_2;road_4_5_3_2;road_4_5_3_2;road_5_4_2_0;road_5_4_2_0;road_5_4_2_0;road_5_4_2_1;road_5_4_2_1;road_5_4_2_1;road_5_4_2_2;road_5_4_2_2;road_5_4_2_2;road_4_3_1_0;road_4_3_1_0;road_4_3_1_0;road_4_3_1_1;road_4_3_1_1;road_4_3_1_1;road_4_3_1_2;road_4_3_1_2;road_4_3_1_2;road_3_4_0_0;road_3_4_0_0;road_3_4_0_0;road_3_4_0_1;road_3_4_0_1;road_3_4_0_1;road_3_4_0_2;road_3_4_0_2;road_3_4_0_2,GGGrrrGGGGGGrrrrrrGGGrrrGGGGGGrrrrrr
180,intersection_1_1,road_1_2_3_0;road_1_2_3_0;road_1_2_3_0;road_1_2_3_1;road_1_2_3_1;road_1_2_3_1;road_1_2_3_2;road_1_2_3_2;road_1_2_3_2;road_2_1_2_0;road_2_1_2_0;road_2_1_2_0;road_2_1_2_1;road_2_1_2_1;road_2_1_2_1;road_2_1_2_2;road_2_1_2_2;road_2_1_2_2;road_1_0_1_0;road_1_0_1_0;road_1_0_1_0;road_1_0_1_1;road_1_0_1_1;road_1_0_1_1;road_1_0_1_2;road_1_0_1_2;road_1_0_1_2;road_0_1_0_0;road_0_1_0_0;road_0_1_0_0;road_0_1_0_1;road_0_1_0_1;road_0_1_0_1;road_0_1_0_2;road_0_1_0_2;road_0_1_0_2,GGGrrrrrrGGGrrrGGGGGGrrrrrrGGGrrrGGG
180,intersection_1_2,road_1_3_3_0;road_1_3_3_0;road_1_3_3_0;road_1_3_3_1;road_1_3_3_1;road_1_3_3_1;road_1_3_3_2;road_1_3_3_2;road_1_3_3_2;road_2_2_2_0;road_2_2_2_0;road_2_2_2_0;road_2_2_2_1;road_2_2_2_1;road_2_2_2_1;road_2_2_2_2;road_2_2_2_2;road_2_2_2_2;road_1_1_1_0;road_1_1_1_0;road_1_1_1_0;road_1_1_1_1;road_1_1_1_1;road_1_1_1_1;road_1_1_1_2;road_1_1_1_2;road_1_1_1_2;road_0_2_0_0;road_0_2_0_0;road_0_2_0_0;road_0_2_0_1;road_0_2_0_1;road_0_2_0_1;road_0_2_0_2;road_0_2_0_2;road_0_2_0_2,GGGrrrrrrGGGGGGrrrGGGrrrrrrGGGGGGrrr
180,intersection_1_3,road_1_4_3_0;road_1_4_3_0;road_1_4_3_0;road_1_4_3_1;road_1_4_3_1;road_1_4_3_1;road_1_4_3_2;road_1_4_3_2;road_1_4_3_2;road_2_3_2_0;road_2_3_2_0;road_2_3_2_0;road_2_3_2_1;road_2_3_2_1;road_2_3_2_1;road_2_3_2_2;road_2_3_2_2;road_2_3_2_2;road_1_2_1_0;road_1_2_1_0;road_1_2_1_0;road_1_2_1_1;road_1_2_1_1;road_1_2_1_1;road_1_2_1_2;road_1_2_1_2;road_1_2_1_2;road_0_3_0_0;road_0_3_0_0;road_0_3_0_0;road_0_3_0_1;road_0_3_0_1;road_0_3_0_1;road_0_3_0_2;road_0_3_0_2;road_0_3_0_2,GGGrrrrrrGGGGGGrrrGGGrrrrrrGGGGGGrrr
180,intersection_1_4,road_1_5_3_0;road_1_5_3_0;road_1_5_3_0;road_1_5_3_1;road_1_5_3_1;road_1_5_3_1;road_1_5_3_2;road_1_5_3_2;road_1_5_3_2;road_2_4_2_0;road_2_4_2_0;road_2_4_2_0;road_2_4_2_1;road_2_4_2_1;road_2_4_2_1;road_2_4_2_2;road_2_4_2_2;road_2_4_2_2;road_1_3_1_0;road_1_3_1_0;road_1_3_1_0;road_1_3_1_1;road_1_3_1_1;road_1_3_1_1;road_1_3_1_2;road_1_3_1_2;road_1_3_1_2;road_0_4_0_0;road_0_4_0_0;road_0_4_0_0;road_0_4_0_1;road_0_4_0_1;road_0_4_0_1;road_0_4_0_2;road_0_4_0_2;road_0_4_0_2,GGGGGGrrrGGGrrrrrrGGGGGGrrrGGGrrrrrr
180,intersection_2_1,road_2_2_3_0;road_2_2_3_0;road_2_2_3_0;road_2_2_3_1;road_2_2_3_1;road_2_2_3_1;road_2_2_3_2;road_2_2_3_2;road_2_2_3_2;road_3_1_2_0;road_3_1_2_0;road_3_1_2_0;road_3_1_2_1;road_3_1_2_1;road_3_1_2_1;road_3_1_2_2;road_3_1_2_2;road_3_1_2_2;road_2_0_1_0;road_2_0_1_0;road_2_0_1_0;road_2_0_1_1;road_2_0_1_1;road_2_0_1_1;road_2_0_1_2;road_2_0_1_2;road_2_0_1_2;road_1_1_0_0;road_1_1_0_0;road_1_1_0_0;road_1_1_0_1;road_1_1_0_1;road_1_1_0_1;road_1_1_0_2;road_1_1_0_2;road_1_1_0_2,GGGrrrrrrGGGGGGrrrGGGrrrrrrGGGGGGrrr
180,intersection_2_2,road_2_3_3_0;road_2_3_3_0;road_2_3_3_0;road_2_3_3_1;road_2_3_3_1;road_2_3_3_1;road_2_3_3_2;road_2_3_3_2;road_2_3_3_2;road_3_2_2_0;road_3_2_2_0;road_3_2_2_0;road_3_2_2_1;road_3_2_2_1;road_3_2_2_1;road_3_2_2_2;road_3_2_2_2;road_3_2_2_2;road_2_1_1_0;road_2_1_1_0;road_2_1_1_0;road_2_1_1_1;road_2_1_1_1;road_2_1_1_1;road_2_1_1_2;road_2_1_1_2;road_2_1_1_2;road_1_2_0_0;road_1_2_0_0;road_1_2_0_0;road_1_2_0_1;road_1_2_0_1;road_1_2_0_1;road_1_2_0_2;road_1_2_0_2;road_1_2_0_2,GGGrrrrrrGGGGGGrrrGGGrrrrrrGGGGGGrrr
180,intersection_2_3,road_2_4_3_0;road_2_4_3_0;road_2_4_3_0;road_2_4_3_1;road_2_4_3_1;road_2_4_3_1;road_2_4_3_2;road_2_4_3_2;road_2_4_3_2;road_3_3_2_0;road_3_3_2_0;road_3_3_2_0;road_3_3_2_1;road_3_3_2_1;road_3_3_2_1;road_3_3_2_2;road_3_3_2_2;road_3_3_2_2;road_2_2_1_0;road_2_2_1_0;road_2_2_1_0;road_2_2_1_1;road_2_2_1_1;road_2_2_1_1;road_2_2_1_2;road_2_2_1_2;road_2_2_1_2;road_1_3_0_0;road_1_3_0_0;road_1_3_0_0;road_1_3_0_1;road_1_3_0_1;road_1_3_0_1;road_1_3_0_2;road_1_3_0_2;road_1_3_0_2,GGGrrrrrrGGGGGGrrrGGGrrrrrrGGGGGGrrr
180,intersection_2_4,road_2_5_3_0;road_2_5_3_0;road_2_5_3_0;road_2_5_3_1;road_2_5_3_1;road_2_5_3_1;road_2_5_3_2;road_2_5_3_2;road_2_5_3_2;road_3_4_2_0;road_3_4_2_0;road_3_4_2_0;road_3_4_2_1;road_3_4_2_1;road_3_4_2_1;road_3_4_2_2;road_3_4_2_2;road_3_4_2_2;road_2_3_1_0;road_2_3_1_0;road_2_3_1_0;road_2_3_1_1;road_2_3_1_1;road_2_3_1_1;road_2_3_1_2;road_2_3_1_2;road_2_3_1_2;road_1_4_0_0;road_1_4_0_0;road_1_4_0_0;road_1_4_0_1;road_1_4_0_1;road_1_4_0_1;road_1_4_0_2;road_1_4_0_2;road_1_4_0_2,GGGrrrrrrGGGGGGrrrGGGrrrrrrGGGGGGrrr
180,intersection_3_1,road_3_2_3_0;road_3_2_3_0;road_3_2_3_0;road_3_2_3_1;road_3_2_3_1;road_3_2_3_1;road_3_2_3_2;road_3_2_3_2;road_3_2_3_2;road_4_1_2_0;road_4_1_2_0;road_4_1_2_0;road_4_1_2_1;road_4_1_2_1;road_4_1_2_1;road_4_1_2_2;road_4_1_2_2;road_4_1_2_2;road_3_0_1_0;road_3_0_1_0;road_3_0_1_0;road_3_0_1_1;road_3_0_1_1;road_3_0_1_1;road_3_0_1_2;road_3_0_1_2;road_3_0_1_2;road_2_1_0_0;road_2_1_0_0;road_2_1_0_0;road_2_1_0_1;road_2_1_0_1;road_2_1_0_1;road_2_1_0_2;road_2_1_0_2;road_2_1_0_2,GGGrrrrrrGGGGGGrrrGGGrrrrrrGGGGGGrrr
180,intersection_3_2,road_3_3_3_0;road_3_3_3_0;road_3_3_3_0;road_3_3_3_1;road_3_3_3_1;road_3_3_3_1;road_3_3_3_2;road_3_3_3_2;road_3_3_3_2;road_4_2_2_0;road_4_2_2_0;road_4_2_2_0;road_4_2_2_1;road_4_2_2_1;road_4_2_2_1;road_4_2_2_2;road_4_2_2_2;road_4_2_2_2;road_3_1_1_0;road_3_1_1_0;road_3_1_1_0;road_3_1_1_1;road_3_1_1_1;road_3_1_1_1;road_3_1_1_2;road_3_1_1_2;road_3_1_1_2;road_2_2_0_0;road_2_2_0_0;road_2_2_0_0;road_2_2_0_1;road_2_2_0_1;road_2_2_0_1;road_2_2_0_2;road_2_2_0_2;road_2_2_0_2,GGGrrrrrrGGGGGGrrrGGGrrrrrrGGGGGGrrr
180,intersection_3_3,road_3_4_3_0;road_3_4_3_0;road_3_4_3_0;road_3_4_3_1;road_3_4_3_1;road_3_4_3_1;road_3_4_3_2;road_3_4_3_2;road_3_4_3_2;road_4_3_2_0;road_4_3_2_0;road_4_3_2_0;road_4_3_2_1;road_4_3_2_1;road_4_3_2_1;road_4_3_2_2;road_4_3_2_2;road_4_3_2_2;road_3_2_1_0;road_3_2_1_0;road_3_2_1_0;road_3_2_1_1;road_3_2_1_1;road_3_2_1_1;road_3_2_1_2;road_3_2_1_2;road_3_2_1_2;road_2_3_0_0;road_2_3_0_0;road_2_3_0_0;road_2_3_0_1;road_2_3_0_1;road_2_3_0_1;road_2_3_0_2;road_2_3_0_2;road_2_3_0_2,GGGrrrrrrGGGGGGrrrGGGrrrrrrGGGGGGrrr
180,intersection_3_4,road_3_5_3_0;road_3_5_3_0;road_3_5_3_0;road_3_5_3_1;road_3_5_3_1;road_3_5_3_1;road_3_5_3_2;road_3_5_3_2;road_3_5_3_2;road_4_4_2_0;road_4_4_2_0;road_4_4_2_0;road_4_4_2_1;road_4_4_2_1;road_4_4_2_1;road_4_4_2_2;road_4_4_2_2;road_4_4_2_2;road_3_3_1_0;road_3_3_1_0;road_3_3_1_0;road_3_3_1_1;road_3_3_1_1;road_3_3_1_1;road_3_3_1_2;road_3_3_1_2;road_3_3_1_2;road_2_4_0_0;road_2_4_0_0;road_2_4_0_0;road_2_4_0_1;road_2_4_0_1;road_2_4_0_1;road_2_4_0_2;road_2_4_0_2;road_2_4_0_2,GGGrrrrrrGGGGGGrrrGGGrrrrrrGGGGGGrrr
180,intersection_4_1,road_4_2_3_0;road_4_2_3_0;road_4_2_3_0;road_4_2_3_1;road_4_2_3_1;road_4_2_3_1;road_4_2_3_2;road_4_2_3_2;road_4_2_3_2;road_5_1_2_0;road_5_1_2_0;road_5_1_2_0;road_5_1_2_1;road_5_1_2_1;road_5_1_2_1;road_5_1_2_2;road_5_1_2_2;road_5_1_2_2;road_4_0_1_0;road_4_0_1_0;road_4_0_1_0;road_4_0_1_1;road_4_0_1_1;road_4_0_1_1;road_4_0_1_2;road_4_0_1_2;road_4_0_1_2;road_3_1_0_0;road_3_1_0_0;road_3_1_0_0;road_3_1_0_1;road_3_1_0_1;road_3_1_0_1;road_3_1_0_2;road_3_1_0_2;road_3_1_0_2,GGGrrrrrrGGGGGGrrrGGGrrrrrrGGGGGGrrr
180,intersection_4_2,road_4_3_3_0;road_4_3_3_0;road_4_3_3_0;road_4_3_3_1;road_4_3_3_1;road_4_3_3_1;road_4_3_3_2;road_4_3_3_2;road_4_3_3_2;road_5_2_2_0;road_5_2_2_0;road_5_2_2_0;road_5_2_2_1;road_5_2_2_1;road_5_2_2_1;road_5_2_2_2;road_5_2_2_2;road_5_2_2_2;road_4_1_1_0;road_4_1_1_0;road_4_1_1_0;road_4_1_1_1;road_4_1_1_1;road_4_1_1_1;road_4_1_1_2;road_4_1_1_2;road_4_1_1_2;road_3_2_0_0;road_3_2_0_0;road_3_2_0_0;road_3_2_0_1;road_3_2_0_1;road_3_2_0_1;road_3_2_0_2;road_3_2_0_2;road_3_2_0_2,GGGrrrrrrGGGGGGrrrGGGrrrrrrGGGGGGrrr
180,intersection_4_3,road_4_4_3_0;road_4_4_3_0;road_4_4_3_0;road_4_4_3_1;road_4_4_3_1;road_4_4_3_1;road_4_4_3_2;road_4_4_3_2;road_4_4_3_2;road_5_3_2_0;road_5_3_2_0;road_5_3_2_0;road_5_3_2_1;road_5_3_2_1;road_5_3_2_1;road_5_3_2_2;road_5_3_2_2;road_5_3_2_2;road_4_2_1_0;road_4_2_1_0;road_4_2_1_0;road_4_2_1_1;road_4_2_1_1;road_4_2_1_1;road_4_2_1_2;road_4_2_1_2;road_4_2_1_2;road_3_3_0_0;road_3_3_0_0;road_3_3_0_0;road_3_3_0_1;road_3_3_0_1;road_3_3_0_1;road_3_3_0_2;road_3_3_0_2;road_3_3_0_2,GGGrrrGGGGGGrrrrrrGGGrrrGGGGGGrrrrrr
180,intersection_4_4,road_4_5_3_0;road_4_5_3_0;road_4_5_3_0;road_4_5_3_1;road_4_5_3_1;road_4_5_3_1;road_4_5_3_2;road_4_5_3_2;road_4_5_3_2;road_5_4_2_0;road_5_4_2_0;road_5_4_2_0;road_5_4_2_1;road_5_4_2_1;road_5_4_2_1;road_5_4_2_2;road_5_4_2_2;road_5_4_2_2;road_4_3_1_0;road_4_3_1_0;road_4_3_1_0;road_4_3_1_1;road_4_3_1_1;road_4_3_1_1;road_4_3_1_2;road_4_3_1_2;road_4_3_1_2;road_3_4_0_0;road_3_4_0_0;road_3_4_0_0;road_3_4_0_1;road_3_4_0_1;road_3_4_0_1;road_3_4_0_2;road_3_4_0_2;road_3_4_0_2,GGGrrrGGGGGGrrrrrrGGGrrrGGGGGGrrrrrr
190,intersection_1_1,road_1_2_3_0;road_1_2_3_0;road_1_2_3_0;road_1_2_3_1;road_1_2_3_1;road_1_2_3_1;road_1_2_3_2;road_1_2_3_2;road_1_2_3_2;road_2_1_2_0;road_2_1_2_0;road_2_1_2_0;road_2_1_2_1;road_2_1_2_1;road_2_1_2_1;road_2_1_2_2;road_2_1_2_2;road_2_1_2_2;road_1_0_1_0;road_1_0_1_0;road_1_0_1_0;road_1_0_1_1;road_1_0_1_1;road_1_0_1_1;road_1_0_1_2;road_1_0_1_2;road_1_0_1_2;road_0_1_0_0;road_0_1_0_0;road_0_1_0_0;road_0_1_0_1;road_0_1_0_1;road_0_1_0_1;road_0_1_0_2;road_0_1_0_2;road_0_1_0_2,GGGrrrrrrGGGrrrGGGGGGrrrrrrGGGrrrGGG
190,intersection_1_2,road_1_3_3_0;road_1_3_3_0;road_1_3_3_0;road_1_3_3_1;road_1_3_3_1;road_1_3_3_1;road_1_3_3_2;road_1_3_3_2;road_1_3_3_2;road_2_2_2_0;road_2_2_2_0;road_2_2_2_0;road_2_2_2_1;road_2_2_2_1;road_2_2_2_1;road_2_2_2_2;road_2_2_2_2;road_2_2_2_2;road_1_1_1_0;road_1_1_1_0;road_1_1_1_0;road_1_1_1_1;road_1_1_1_1;road_1_1_1_1;road_1_1_1_2;road_1_1_1_2;road_1_1_1_2;road_0_2_0_0;road_0_2_0_0;road_0_2_0_0;road_0_2_0_1;road_0_2_0_1;road_0_2_0_1;road_0_2_0_2;road_0_2_0_2;road_0_2_0_2,GGGrrrrrrGGGGGGrrrGGGrrrrrrGGGGGGrrr
190,intersection_1_3,road_1_4_3_0;road_1_4_3_0;road_1_4_3_0;road_1_4_3_1;road_1_4_3_1;road_1_4_3_1;road_1_4_3_2;road_1_4_3_2;road_1_4_3_2;road_2_3_2_0;road_2_3_2_0;road_2_3_2_0;road_2_3_2_1;road_2_3_2_1;road_2_3_2_1;road_2_3_2_2;road_2_3_2_2;road_2_3_2_2;road_1_2_1_0;road_1_2_1_0;road_1_2_1_0;road_1_2_1_1;road_1_2_1_1;road_1_2_1_1;road_1_2_1_2;road_1_2_1_2;road_1_2_1_2;road_0_3_0_0;road_0_3_0_0;road_0_3_0_0;road_0_3_0_1;road_0_3_0_1;road_0_3_0_1;road_0_3_0_2;road_0_3_0_2;road_0_3_0_2,GGGrrrrrrGGGGGGrrrGGGrrrrrrGGGGGGrrr
190,intersection_1_4,road_1_5_3_0;road_1_5_3_0;road_1_5_3_0;road_1_5_3_1;road_1_5_3_1;road_1_5_3_1;road_1_5_3_2;road_1_5_3_2;road_1_5_3_2;road_2_4_2_0;road_2_4_2_0;road_2_4_2_0;road_2_4_2_1;road_2_4_2_1;road_2_4_2_1;road_2_4_2_2;road_2_4_2_2;road_2_4_2_2;road_1_3_1_0;road_1_3_1_0;road_1_3_1_0;road_1_3_1_1;road_1_3_1_1;road_1_3_1_1;road_1_3_1_2;road_1_3_1_2;road_1_3_1_2;road_0_4_0_0;road_0_4_0_0;road_0_4_0_0;road_0_4_0_1;road_0_4_0_1;road_0_4_0_1;road_0_4_0_2;road_0_4_0_2;road_0_4_0_2,GGGGGGrrrGGGrrrrrrGGGGGGrrrGGGrrrrrr
190,intersection_2_1,road_2_2_3_0;road_2_2_3_0;road_2_2_3_0;road_2_2_3_1;road_2_2_3_1;road_2_2_3_1;road_2_2_3_2;road_2_2_3_2;road_2_2_3_2;road_3_1_2_0;road_3_1_2_0;road_3_1_2_0;road_3_1_2_1;road_3_1_2_1;road_3_1_2_1;road_3_1_2_2;road_3_1_2_2;road_3_1_2_2;road_2_0_1_0;road_2_0_1_0;road_2_0_1_0;road_2_0_1_1;road_2_0_1_1;road_2_0_1_1;road_2_0_1_2;road_2_0_1_2;road_2_0_1_2;road_1_1_0_0;road_1_1_0_0;road_1_1_0_0;road_1_1_0_1;road_1_1_0_1;road_1_1_0_1;road_1_1_0_2;road_1_1_0_2;road_1_1_0_2,GGGrrrrrrGGGGGGrrrGGGrrrrrrGGGGGGrrr
190,intersection_2_2,road_2_3_3_0;road_2_3_3_0;road_2_3_3_0;road_2_3_3_1;road_2_3_3_1;road_2_3_3_1;road_2_3_3_2;road_2_3_3_2;road_2_3_3_2;road_3_2_2_0;road_3_2_2_0;road_3_2_2_0;road_3_2_2_1;road_3_2_2_1;road_3_2_2_1;road_3_2_2_2;road_3_2_2_2;road_3_2_2_2;road_2_1_1_0;road_2_1_1_0;road_2_1_1_0;road_2_1_1_1;road_2_1_1_1;road_2_1_1_1;road_2_1_1_2;road_2_1_1_2;road_2_1_1_2;road_1_2_0_0;road_1_2_0_0;road_1_2_0_0;road_1_2_0_1;road_1_2_0_1;road_1_2_0_1;road_1_2_0_2;road_1_2_0_2;road_1_2_0_2,GGGrrrrrrGGGGGGrrrGGGrrrrrrGGGGGGrrr
190,intersection_2_3,road_2_4_3_0;road_2_4_3_0;road_2_4_3_0;road_2_4_3_1;road_2_4_3_1;road_2_4_3_1;road_2_4_3_2;road_2_4_3_2;road_2_4_3_2;road_3_3_2_0;road_3_3_2_0;road_3_3_2_0;road_3_3_2_1;road_3_3_2_1;road_3_3_2_1;road_3_3_2_2;road_3_3_2_2;road_3_3_2_2;road_2_2_1_0;road_2_2_1_0;road_2_2_1_0;road_2_2_1_1;road_2_2_1_1;road_2_2_1_1;road_2_2_1_2;road_2_2_1_2;road_2_2_1_2;road_1_3_0_0;road_1_3_0_0;road_1_3_0_0;road_1_3_0_1;road_1_3_0_1;road_1_3_0_1;road_1_3_0_2;road_1_3_0_2;road_1_3_0_2,GGGrrrrrrGGGGGGrrrGGGrrrrrrGGGGGGrrr
190,intersection_2_4,road_2_5_3_0;road_2_5_3_0;road_2_5_3_0;road_2_5_3_1;road_2_5_3_1;road_2_5_3_1;road_2_5_3_2;road_2_5_3_2;road_2_5_3_2;road_3_4_2_0;road_3_4_2_0;road_3_4_2_0;road_3_4_2_1;road_3_4_2_1;road_3_4_2_1;road_3_4_2_2;road_3_4_2_2;road_3_4_2_2;road_2_3_1_0;road_2_3_1_0;road_2_3_1_0;road_2_3_1_1;road_2_3_1_1;road_2_3_1_1;road_2_3_1_2;road_2_3_1_2;road_2_3_1_2;road_1_4_0_0;road_1_4_0_0;road_1_4_0_0;road_1_4_0_1;road_1_4_0_1;road_1_4_0_1;road_1_4_0_2;road_1_4_0_2;road_1_4_0_2,GGGrrrrrrGGGGGGrrrGGGrrrrrrGGGGGGrrr
190,intersection_3_1,road_3_2_3_0;road_3_2_3_0;road_3_2_3_0;road_3_2_3_1;road_3_2_3_1;road_3_2_3_1;road_3_2_3_2;road_3_2_3_2;road_3_2_3_2;road_4_1_2_0;road_4_1_2_0;road_4_1_2_0;road_4_1_2_1;road_4_1_2_1;road_4_1_2_1;road_4_1_2_2;road_4_1_2_2;road_4_1_2_2;road_3_0_1_0;road_3_0_1_0;road_3_0_1_0;road_3_0_1_1;road_3_0_1_1;road_3_0_1_1;road_3_0_1_2;road_3_0_1_2;road_3_0_1_2;road_2_1_0_0;road_2_1_0_0;road_2_1_0_0;road_2_1_0_1;road_2_1_0_1;road_2_1_0_1;road_2_1_0_2;road_2_1_0_2;road_2_1_0_2,GGGrrrrrrGGGGGGrrrGGGrrrrrrGGGGGGrrr
190,intersection_3_2,road_3_3_3_0;road_3_3_3_0;road_3_3_3_0;road_3_3_3_1;road_3_3_3_1;road_3_3_3_1;road_3_3_3_2;road_3_3_3_2;road_3_3_3_2;road_4_2_2_0;road_4_2_2_0;road_4_2_2_0;road_4_2_2_1;road_4_2_2_1;road_4_2_2_1;road_4_2_2_2;road_4_2_2_2;road_4_2_2_2;road_3_1_1_0;road_3_1_1_0;road_3_1_1_0;road_3_1_1_1;road_3_1_1_1;road_3_1_1_1;road_3_1_1_2;road_3_1_1_2;road_3_1_1_2;road_2_2_0_0;road_2_2_0_0;road_2_2_0_0;road_2_2_0_1;road_2_2_0_1;road_2_2_0_1;road_2_2_0_2;road_2_2_0_2;road_2_2_0_2,GGGrrrrrrGGGGGGrrrGGGrrrrrrGGGGGGrrr
190,intersection_3_3,road_3_4_3_0;road_3_4_3_0;road_3_4_3_0;road_3_4_3_1;road_3_4_3_1;road_3_4_3_1;road_3_4_3_2;road_3_4_3_2;road_3_4_3_2;road_4_3_2_0;road_4_3_2_0;road_4_3_2_0;road_4_3_2_1;road_4_3_2_1;road_4_3_2_1;road_4_3_2_2;road_4_3_2_2;road_4_3_2_2;road_3_2_1_0;road_3_2_1_0;road_3_2_1_0;road_3_2_1_1;road_3_2_1_1;road_3_2_1_1;road_3_2_1_2;road_3_2_1_2;road_3_2_1_2;road_2_3_0_0;road_2_3_0_0;road_2_3_0_0;road_2_3_0_1;road_2_3_0_1;road_2_3_0_1;road_2_3_0_2;road_2_3_0_2;road_2_3_0_2,GGGrrrrrrGGGGGGrrrGGGrrrrrrGGGGGGrrr
190,intersection_3_4,road_3_5_3_0;road_3_5_3_0;road_3_5_3_0;road_3_5_3_1;road_3_5_3_1;road_3_5_3_1;road_3_5_3_2;road_3_5_3_2;road_3_5_3_2;road_4_4_2_0;road_4_4_2_0;road_4_4_2_0;road_4_4_2_1;road_4_4_2_1;road_4_4_2_1;road_4_4_2_2;road_4_4_2_2;road_4_4_2_2;road_3_3_1_0;road_3_3_1_0;road_3_3_1_0;road_3_3_1_1;road_3_3_1_1;road_3_3_1_1;road_3_3_1_2;road_3_3_1_2;road_3_3_1_2;road_2_4_0_0;road_2_4_0_0;road_2_4_0_0;road_2_4_0_1;road_2_4_0_1;road_2_4_0_1;road_2_4_0_2;road_2_4_0_2;road_2_4_0_2,GGGrrrrrrGGGGGGrrrGGGrrrrrrGGGGGGrrr
190,intersection_4_1,road_4_2_3_0;road_4_2_3_0;road_4_2_3_0;road_4_2_3_1;road_4_2_3_1;road_4_2_3_1;road_4_2_3_2;road_4_2_3_2;road_4_2_3_2;road_5_1_2_0;road_5_1_2_0;road_5_1_2_0;road_5_1_2_1;road_5_1_2_1;road_5_1_2_1;road_5_1_2_2;road_5_1_2_2;road_5_1_2_2;road_4_0_1_0;road_4_0_1_0;road_4_0_1_0;road_4_0_1_1;road_4_0_1_1;road_4_0_1_1;road_4_0_1_2;road_4_0_1_2;road_4_0_1_2;road_3_1_0_0;road_3_1_0_0;road_3_1_0_0;road_3_1_0_1;road_3_1_0_1;road_3_1_0_1;road_3_1_0_2;road_3_1_0_2;road_3_1_0_2,GGGrrrrrrGGGGGGrrrGGGrrrrrrGGGGGGrrr
190,intersection_4_2,road_4_3_3_0;road_4_3_3_0;road_4_3_3_0;road_4_3_3_1;road_4_3_3_1;road_4_3_3_1;road_4_3_3_2;road_4_3_3_2;road_4_3_3_2;road_5_2_2_0;road_5_2_2_0;road_5_2_2_0;road_5_2_2_1;road_5_2_2_1;road_5_2_2_1;road_5_2_2_2;road_5_2_2_2;road_5_2_2_2;road_4_1_1_0;road_4_1_1_0;road_4_1_1_0;road_4_1_1_1;road_4_1_1_1;road_4_1_1_1;road_4_1_1_2;road_4_1_1_2;road_4_1_1_2;road_3_2_0_0;road_3_2_0_0;road_3_2_0_0;road_3_2_0_1;road_3_2_0_1;road_3_2_0_1;road_3_2_0_2;road_3_2_0_2;road_3_2_0_2,GGGrrrrrrGGGGGGrrrGGGrrrrrrGGGGGGrrr
190,intersection_4_3,road_4_4_3_0;road_4_4_3_0;road_4_4_3_0;road_4_4_3_1;road_4_4_3_1;road_4_4_3_1;road_4_4_3_2;road_4_4_3_2;road_4_4_3_2;road_5_3_2_0;road_5_3_2_0;road_5_3_2_0;road_5_3_2_1;road_5_3_2_1;road_5_3_2_1;road_5_3_2_2;road_5_3_2_2;road_5_3_2_2;road_4_2_1_0;road_4_2_1_0;road_4_2_1_0;road_4_2_1_1;road_4_2_1_1;road_4_2_1_1;road_4_2_1_2;road_4_2_1_2;road_4_2_1_2;road_3_3_0_0;road_3_3_0_0;road_3_3_0_0;road_3_3_0_1;road_3_3_0_1;road_3_3_0_1;road_3_3_0_2;road_3_3_0_2;road_3_3_0_2,GGGrrrGGGGGGrrrrrrGGGrrrGGGGGGrrrrrr
190,intersection_4_4,road_4_5_3_0;road_4_5_3_0;road_4_5_3_0;road_4_5_3_1;road_4_5_3_1;road_4_5_3_1;road_4_5_3_2;road_4_5_3_2;road_4_5_3_2;road_5_4_2_0;road_5_4_2_0;road_5_4_2_0;road_5_4_2_1;road_5_4_2_1;road_5_4_2_1;road_5_4_2_2;road_5_4_2_2;road_5_4_2_2;road_4_3_1_0;road_4_3_1_0;road_4_3_1_0;road_4_3_1_1;road_4_3_1_1;road_4_3_1_1;road_4_3_1_2;road_4_3_1_2;road_4_3_1_2;road_3_4_0_0;road_3_4_0_0;road_3_4_0_0;road_3_4_0_1;road_3_4_0_1;road_3_4_0_1;road_3_4_0_2;road_3_4_0_2;road_3_4_0_2,GGGrrrGGGGGGrrrrrrGGGrrrGGGGGGrrrrrr
200,intersection_1_1,road_1_2_3_0;road_1_2_3_0;road_1_2_3_0;road_1_2_3_1;road_1_2_3_1;road_1_2_3_1;road_1_2_3_2;road_1_2_3_2;road_1_2_3_2;road_2_1_2_0;road_2_1_2_0;road_2_1_2_0;road_2_1_2_1;road_2_1_2_1;road_2_1_2_1;road_2_1_2_2;road_2_1_2_2;road_2_1_2_2;road_1_0_1_0;road_1_0_1_0;road_1_0_1_0;road_1_0_1_1;road_1_0_1_1;road_1_0_1_1;road_1_0_1_2;road_1_0_1_2;road_1_0_1_2;road_0_1_0_0;road_0_1_0_0;road_0_1_0_0;road_0_1_0_1;road_0_1_0_1;road_0_1_0_1;road_0_1_0_2;road_0_1_0_2;road_0_1_0_2,GGGrrrrrrGGGrrrGGGGGGrrrrrrGGGrrrGGG
200,intersection_1_2,road_1_3_3_0;road_1_3_3_0;road_1_3_3_0;road_1_3_3_1;road_1_3_3_1;road_1_3_3_1;road_1_3_3_2;road_1_3_3_2;road_1_3_3_2;road_2_2_2_0;road_2_2_2_0;road_2_2_2_0;road_2_2_2_1;road_2_2_2_1;road_2_2_2_1;road_2_2_2_2;road_2_2_2_2;road_2_2_2_2;road_1_1_1_0;road_1_1_1_0;road_1_1_1_0;road_1_1_1_1;road_1_1_1_1;road_1_1_1_1;road_1_1_1_2;road_1_1_1_2;road_1_1_1_2;road_0_2_0_0;road_0_2_0_0;road_0_2_0_0;road_0_2_0_1;road_0_2_0_1;road_0_2_0_1;road_0_2_0_2;road_0_2_0_2;road_0_2_0_2,GGGrrrrrrGGGGGGrrrGGGrrrrrrGGGGGGrrr
200,intersection_1_3,road_1_4_3_0;road_1_4_3_0;road_1_4_3_0;road_1_4_3_1;road_1_4_3_1;road_1_4_3_1;road_1_4_3_2;road_1_4_3_2;road_1_4_3_2;road_2_3_2_0;road_2_3_2_0;road_2_3_2_0;road_2_3_2_1;road_2_3_2_1;road_2_3_2_1;road_2_3_2_2;road_2_3_2_2;road_2_3_2_2;road_1_2_1_0;road_1_2_1_0;road_1_2_1_0;road_1_2_1_1;road_1_2_1_1;road_1_2_1_1;road_1_2_1_2;road_1_2_1_2;road_1_2_1_2;road_0_3_0_0;road_0_3_0_0;road_0_3_0_0;road_0_3_0_1;road_0_3_0_1;road_0_3_0_1;road_0_3_0_2;road_0_3_0_2;road_0_3_0_2,GGGrrrrrrGGGGGGrrrGGGrrrrrrGGGGGGrrr
200,intersection_1_4,road_1_5_3_0;road_1_5_3_0;road_1_5_3_0;road_1_5_3_1;road_1_5_3_1;road_1_5_3_1;road_1_5_3_2;road_1_5_3_2;road_1_5_3_2;road_2_4_2_0;road_2_4_2_0;road_2_4_2_0;road_2_4_2_1;road_2_4_2_1;road_2_4_2_1;road_2_4_2_2;road_2_4_2_2;road_2_4_2_2;road_1_3_1_0;road_1_3_1_0;road_1_3_1_0;road_1_3_1_1;road_1_3_1_1;road_1_3_1_1;road_1_3_1_2;road_1_3_1_2;road_1_3_1_2;road_0_4_0_0;road_0_4_0_0;road_0_4_0_0;road_0_4_0_1;road_0_4_0_1;road_0_4_0_1;road_0_4_0_2;road_0_4_0_2;road_0_4_0_2,GGGGGGrrrGGGrrrrrrGGGGGGrrrGGGrrrrrr
200,intersection_2_1,road_2_2_3_0;road_2_2_3_0;road_2_2_3_0;road_2_2_3_1;road_2_2_3_1;road_2_2_3_1;road_2_2_3_2;road_2_2_3_2;road_2_2_3_2;road_3_1_2_0;road_3_1_2_0;road_3_1_2_0;road_3_1_2_1;road_3_1_2_1;road_3_1_2_1;road_3_1_2_2;road_3_1_2_2;road_3_1_2_2;road_2_0_1_0;road_2_0_1_0;road_2_0_1_0;road_2_0_1_1;road_2_0_1_1;road_2_0_1_1;road_2_0_1_2;road_2_0_1_2;road_2_0_1_2;road_1_1_0_0;road_1_1_0_0;road_1_1_0_0;road_1_1_0_1;road_1_1_0_1;road_1_1_0_1;road_1_1_0_2;road_1_1_0_2;road_1_1_0_2,GGGrrrrrrGGGGGGrrrGGGrrrrrrGGGGGGrrr
200,intersection_2_2,road_2_3_3_0;road_2_3_3_0;road_2_3_3_0;road_2_3_3_1;road_2_3_3_1;road_2_3_3_1;road_2_3_3_2;road_2_3_3_2;road_2_3_3_2;road_3_2_2_0;road_3_2_2_0;road_3_2_2_0;road_3_2_2_1;road_3_2_2_1;road_3_2_2_1;road_3_2_2_2;road_3_2_2_2;road_3_2_2_2;road_2_1_1_0;road_2_1_1_0;road_2_1_1_0;road_2_1_1_1;road_2_1_1_1;road_2_1_1_1;road_2_1_1_2;road_2_1_1_2;road_2_1_1_2;road_1_2_0_0;road_1_2_0_0;road_1_2_0_0;road_1_2_0_1;road_1_2_0_1;road_1_2_0_1;road_1_2_0_2;road_1_2_0_2;road_1_2_0_2,GGGrrrrrrGGGGGGrrrGGGrrrrrrGGGGGGrrr
200,intersection_2_3,road_2_4_3_0;road_2_4_3_0;road_2_4_3_0;road_2_4_3_1;road_2_4_3_1;road_2_4_3_1;road_2_4_3_2;road_2_4_3_2;road_2_4_3_2;road_3_3_2_0;road_3_3_2_0;road_3_3_2_0;road_3_3_2_1;road_3_3_2_1;road_3_3_2_1;road_3_3_2_2;road_3_3_2_2;road_3_3_2_2;road_2_2_1_0;road_2_2_1_0;road_2_2_1_0;road_2_2_1_1;road_2_2_1_1;road_2_2_1_1;road_2_2_1_2;road_2_2_1_2;road_2_2_1_2;road_1_3_0_0;road_1_3_0_0;road_1_3_0_0;road_1_3_0_1;road_1_3_0_1;road_1_3_0_1;road_1_3_0_2;road_1_3_0_2;road_1_3_0_2,GGGrrrrrrGGGGGGrrrGGGrrrrrrGGGGGGrrr
200,intersection_2_4,road_2_5_3_0;road_2_5_3_0;road_2_5_3_0;road_2_5_3_1;road_2_5_3_1;road_2_5_3_1;road_2_5_3_2;road_2_5_3_2;road_2_5_3_2;road_3_4_2_0;road_3_4_2_0;road_3_4_2_0;road_3_4_2_1;road_3_4_2_1;road_3_4_2_1;road_3_4_2_2;road_3_4_2_2;road_3_4_2_2;road_2_3_1_0;road_2_3_1_0;road_2_3_1_0;road_2_3_1_1;road_2_3_1_1;road_2_3_1_1;road_2_3_1_2;road_2_3_1_2;road_2_3_1_2;road_1_4_0_0;road_1_4_0_0;road_1_4_0_0;road_1_4_0_1;road_1_4_0_1;road_1_4_0_1;road_1_4_0_2;road_1_4_0_2;road_1_4_0_2,GGGrrrrrrGGGGGGrrrGGGrrrrrrGGGGGGrrr
200,intersection_3_1,road_3_2_3_0;road_3_2_3_0;road_3_2_3_0;road_3_2_3_1;road_3_2_3_1;road_3_2_3_1;road_3_2_3_2;road_3_2_3_2;road_3_2_3_2;road_4_1_2_0;road_4_1_2_0;road_4_1_2_0;road_4_1_2_1;road_4_1_2_1;road_4_1_2_1;road_4_1_2_2;road_4_1_2_2;road_4_1_2_2;road_3_0_1_0;road_3_0_1_0;road_3_0_1_0;road_3_0_1_1;road_3_0_1_1;road_3_0_1_1;road_3_0_1_2;road_3_0_1_2;road_3_0_1_2;road_2_1_0_0;road_2_1_0_0;road_2_1_0_0;road_2_1_0_1;road_2_1_0_1;road_2_1_0_1;road_2_1_0_2;road_2_1_0_2;road_2_1_0_2,GGGrrrrrrGGGGGGrrrGGGrrrrrrGGGGGGrrr
200,intersection_3_2,road_3_3_3_0;road_3_3_3_0;road_3_3_3_0;road_3_3_3_1;road_3_3_3_1;road_3_3_3_1;road_3_3_3_2;road_3_3_3_2;road_3_3_3_2;road_4_2_2_0;road_4_2_2_0;road_4_2_2_0;road_4_2_2_1;road_4_2_2_1;road_4_2_2_1;road_4_2_2_2;road_4_2_2_2;road_4_2_2_2;road_3_1_1_0;road_3_1_1_0;road_3_1_1_0;road_3_1_1_1;road_3_1_1_1;road_3_1_1_1;road_3_1_1_2;road_3_1_1_2;road_3_1_1_2;road_2_2_0_0;road_2_2_0_0;road_2_2_0_0;road_2_2_0_1;road_2_2_0_1;road_2_2_0_1;road_2_2_0_2;road_2_2_0_2;road_2_2_0_2,GGGrrrrrrGGGGGGrrrGGGrrrrrrGGGGGGrrr
200,intersection_3_3,road_3_4_3_0;road_3_4_3_0;road_3_4_3_0;road_3_4_3_1;road_3_4_3_1;road_3_4_3_1;road_3_4_3_2;road_3_4_3_2;road_3_4_3_2;road_4_3_2_0;road_4_3_2_0;road_4_3_2_0;road_4_3_2_1;road_4_3_2_1;road_4_3_2_1;road_4_3_2_2;road_4_3_2_2;road_4_3_2_2;road_3_2_1_0;road_3_2_1_0;road_3_2_1_0;road_3_2_1_1;road_3_2_1_1;road_3_2_1_1;road_3_2_1_2;road_3_2_1_2;road_3_2_1_2;road_2_3_0_0;road_2_3_0_0;road_2_3_0_0;road_2_3_0_1;road_2_3_0_1;road_2_3_0_1;road_2_3_0_2;road_2_3_0_2;road_2_3_0_2,GGGrrrrrrGGGGGGrrrGGGrrrrrrGGGGGGrrr
200,intersection_3_4,road_3_5_3_0;road_3_5_3_0;road_3_5_3_0;road_3_5_3_1;road_3_5_3_1;road_3_5_3_1;road_3_5_3_2;road_3_5_3_2;road_3_5_3_2;road_4_4_2_0;road_4_4_2_0;road_4_4_2_0;road_4_4_2_1;road_4_4_2_1;road_4_4_2_1;road_4_4_2_2;road_4_4_2_2;road_4_4_2_2;road_3_3_1_0;road_3_3_1_0;road_3_3_1_0;road_3_3_1_1;road_3_3_1_1;road_3_3_1_1;road_3_3_1_2;road_3_3_1_2;road_3_3_1_2;road_2_4_0_0;road_2_4_0_0;road_2_4_0_0;road_2_4_0_1;road_2_4_0_1;road_2_4_0_1;road_2_4_0_2;road_2_4_0_2;road_2_4_0_2,GGGrrrrrrGGGGGGrrrGGGrrrrrrGGGGGGrrr
200,intersection_4_1,road_4_2_3_0;road_4_2_3_0;road_4_2_3_0;road_4_2_3_1;road_4_2_3_1;road_4_2_3_1;road_4_2_3_2;road_4_2_3_2;road_4_2_3_2;road_5_1_2_0;road_5_1_2_0;road_5_1_2_0;road_5_1_2_1;road_5_1_2_1;road_5_1_2_1;road_5_1_2_2;road_5_1_2_2;road_5_1_2_2;road_4_0_1_0;road_4_0_1_0;road_4_0_1_0;road_4_0_1_1;road_4_0_1_1;road_4_0_1_1;road_4_0_1_2;road_4_0_1_2;road_4_0_1_2;road_3_1_0_0;road_3_1_0_0;road_3_1_0_0;road_3_1_0_1;road_3_1_0_1;road_3_1_0_1;road_3_1_0_2;road_3_1_0_2;road_3_1_0_2,GGGrrrrrrGGGGGGrrrGGGrrrrrrGGGGGGrrr
200,intersection_4_2,road_4_3_3_0;road_4_3_3_0;road_4_3_3_0;road_4_3_3_1;road_4_3_3_1;road_4_3_3_1;road_4_3_3_2;road_4_3_3_2;road_4_3_3_2;road_5_2_2_0;road_5_2_2_0;road_5_2_2_0;road_5_2_2_1;road_5_2_2_1;road_5_2_2_1;road_5_2_2_2;road_5_2_2_2;road_5_2_2_2;road_4_1_1_0;road_4_1_1_0;road_4_1_1_0;road_4_1_1_1;road_4_1_1_1;road_4_1_1_1;road_4_1_1_2;road_4_1_1_2;road_4_1_1_2;road_3_2_0_0;road_3_2_0_0;road_3_2_0_0;road_3_2_0_1;road_3_2_0_1;road_3_2_0_1;road_3_2_0_2;road_3_2_0_2;road_3_2_0_2,GGGrrrrrrGGGGGGrrrGGGrrrrrrGGGGGGrrr
200,intersection_4_3,road_4_4_3_0;road_4_4_3_0;road_4_4_3_0;road_4_4_3_1;road_4_4_3_1;road_4_4_3_1;road_4_4_3_2;road_4_4_3_2;road_4_4_3_2;road_5_3_2_0;road_5_3_2_0;road_5_3_2_0;road_5_3_2_1;road_5_3_2_1;road_5_3_2_1;road_5_3_2_2;road_5_3_2_2;road_5_3_2_2;road_4_2_1_0;road_4_2_1_0;road_4_2_1_0;road_4_2_1_1;road_4_2_1_1;road_4_2_1_1;road_4_2_1_2;road_4_2_1_2;road_4_2_1_2;road_3_3_0_0;road_3_3_0_0;road_3_3_0_0;road_3_3_0_1;road_3_3_0_1;road_3_3_0_1;road_3_3_0_2;road_3_3_0_2;road_3_3_0_2,GGGrrrGGGGGGrrrrrrGGGrrrGGGGGGrrrrrr
200,intersection_4_4,road_4_5_3_0;road_4_5_3_0;road_4_5_3_0;road_4_5_3_1;road_4_5_3_1;road_4_5_3_1;road_4_5_3_2;road_4_5_3_2;road_4_5_3_2;road_5_4_2_0;road_5_4_2_0;road_5_4_2_0;road_5_4_2_1;road_5_4_2_1;road_5_4_2_1;road_5_4_2_2;road_5_4_2_2;road_5_4_2_2;road_4_3_1_0;road_4_3_1_0;road_4_3_1_0;road_4_3_1_1;road_4_3_1_1;road_4_3_1_1;road_4_3_1_2;road_4_3_1_2;road_4_3_1_2;road_3_4_0_0;road_3_4_0_0;road_3_4_0_0;road_3_4_0_1;road_3_4_0_1;road_3_4_0_1;road_3_4_0_2;road_3_4_0_2;road_3_4_0_2,GGGrrrGGGGGGrrrrrrGGGrrrGGGGGGrrrrrr
210,intersection_1_1,road_1_2_3_0;road_1_2_3_0;road_1_2_3_0;road_1_2_3_1;road_1_2_3_1;road_1_2_3_1;road_1_2_3_2;road_1_2_3_2;road_1_2_3_2;road_2_1_2_0;road_2_1_2_0;road_2_1_2_0;road_2_1_2_1;road_2_1_2_1;road_2_1_2_1;road_2_1_2_2;road_2_1_2_2;road_2_1_2_2;road_1_0_1_0;road_1_0_1_0;road_1_0_1_0;road_1_0_1_1;road_1_0_1_1;road_1_0_1_1;road_1_0_1_2;road_1_0_1_2;road_1_0_1_2;road_0_1_0_0;road_0_1_0_0;road_0_1_0_0;road_0_1_0_1;road_0_1_0_1;road_0_1_0_1;road_0_1_0_2;road_0_1_0_2;road_0_1_0_2,GGGrrrrrrGGGrrrGGGGGGrrrrrrGGGrrrGGG
210,intersection_1_2,road_1_3_3_0;road_1_3_3_0;road_1_3_3_0;road_1_3_3_1;road_1_3_3_1;road_1_3_3_1;road_1_3_3_2;road_1_3_3_2;road_1_3_3_2;road_2_2_2_0;road_2_2_2_0;road_2_2_2_0;road_2_2_2_1;road_2_2_2_1;road_2_2_2_1;road_2_2_2_2;road_2_2_2_2;road_2_2_2_2;road_1_1_1_0;road_1_1_1_0;road_1_1_1_0;road_1_1_1_1;road_1_1_1_1;road_1_1_1_1;road_1_1_1_2;road_1_1_1_2;road_1_1_1_2;road_0_2_0_0;road_0_2_0_0;road_0_2_0_0;road_0_2_0_1;road_0_2_0_1;road_0_2_0_1;road_0_2_0_2;road_0_2_0_2;road_0_2_0_2,GGGrrrrrrGGGGGGrrrGGGrrrrrrGGGGGGrrr
210,intersection_1_3,road_1_4_3_0;road_1_4_3_0;road_1_4_3_0;road_1_4_3_1;road_1_4_3_1;road_1_4_3_1;road_1_4_3_2;road_1_4_3_2;road_1_4_3_2;road_2_3_2_0;road_2_3_2_0;road_2_3_2_0;road_2_3_2_1;road_2_3_2_1;road_2_3_2_1;road_2_3_2_2;road_2_3_2_2;road_2_3_2_2;road_1_2_1_0;road_1_2_1_0;road_1_2_1_0;road_1_2_1_1;road_1_2_1_1;road_1_2_1_1;road_1_2_1_2;road_1_2_1_2;road_1_2_1_2;road_0_3_0_0;road_0_3_0_0;road_0_3_0_0;road_0_3_0_1;road_0_3_0_1;road_0_3_0_1;road_0_3_0_2;road_0_3_0_2;road_0_3_0_2,GGGrrrrrrGGGGGGrrrGGGrrrrrrGGGGGGrrr
210,intersection_1_4,road_1_5_3_0;road_1_5_3_0;road_1_5_3_0;road_1_5_3_1;road_1_5_3_1;road_1_5_3_1;road_1_5_3_2;road_1_5_3_2;road_1_5_3_2;road_2_4_2_0;road_2_4_2_0;road_2_4_2_0;road_2_4_2_1;road_2_4_2_1;road_2_4_2_1;road_2_4_2_2;road_2_4_2_2;road_2_4_2_2;road_1_3_1_0;road_1_3_1_0;road_1_3_1_0;road_1_3_1_1;road_1_3_1_1;road_1_3_1_1;road_1_3_1_2;road_1_3_1_2;road_1_3_1_2;road_0_4_0_0;road_0_4_0_0;road_0_4_0_0;road_0_4_0_1;road_0_4_0_1;road_0_4_0_1;road_0_4_0_2;road_0_4_0_2;road_0_4_0_2,GGGGGGrrrGGGrrrrrrGGGGGGrrrGGGrrrrrr
210,intersection_2_1,road_2_2_3_0;road_2_2_3_0;road_2_2_3_0;road_2_2_3_1;road_2_2_3_1;road_2_2_3_1;road_2_2_3_2;road_2_2_3_2;road_2_2_3_2;road_3_1_2_0;road_3_1_2_0;road_3_1_2_0;road_3_1_2_1;road_3_1_2_1;road_3_1_2_1;road_3_1_2_2;road_3_1_2_2;road_3_1_2_2;road_2_0_1_0;road_2_0_1_0;road_2_0_1_0;road_2_0_1_1;road_2_0_1_1;road_2_0_1_1;road_2_0_1_2;road_2_0_1_2;road_2_0_1_2;road_1_1_0_0;road_1_1_0_0;road_1_1_0_0;road_1_1_0_1;road_1_1_0_1;road_1_1_0_1;road_1_1_0_2;road_1_1_0_2;road_1_1_0_2,GGGrrrrrrGGGGGGrrrGGGrrrrrrGGGGGGrrr
210,intersection_2_2,road_2_3_3_0;road_2_3_3_0;road_2_3_3_0;road_2_3_3_1;road_2_3_3_1;road_2_3_3_1;road_2_3_3_2;road_2_3_3_2;road_2_3_3_2;road_3_2_2_0;road_3_2_2_0;road_3_2_2_0;road_3_2_2_1;road_3_2_2_1;road_3_2_2_1;road_3_2_2_2;road_3_2_2_2;road_3_2_2_2;road_2_1_1_0;road_2_1_1_0;road_2_1_1_0;road_2_1_1_1;road_2_1_1_1;road_2_1_1_1;road_2_1_1_2;road_2_1_1_2;road_2_1_1_2;road_1_2_0_0;road_1_2_0_0;road_1_2_0_0;road_1_2_0_1;road_1_2_0_1;road_1_2_0_1;road_1_2_0_2;road_1_2_0_2;road_1_2_0_2,GGGrrrrrrGGGGGGrrrGGGrrrrrrGGGGGGrrr
210,intersection_2_3,road_2_4_3_0;road_2_4_3_0;road_2_4_3_0;road_2_4_3_1;road_2_4_3_1;road_2_4_3_1;road_2_4_3_2;road_2_4_3_2;road_2_4_3_2;road_3_3_2_0;road_3_3_2_0;road_3_3_2_0;road_3_3_2_1;road_3_3_2_1;road_3_3_2_1;road_3_3_2_2;road_3_3_2_2;road_3_3_2_2;road_2_2_1_0;road_2_2_1_0;road_2_2_1_0;road_2_2_1_1;road_2_2_1_1;road_2_2_1_1;road_2_2_1_2;road_2_2_1_2;road_2_2_1_2;road_1_3_0_0;road_1_3_0_0;road_1_3_0_0;road_1_3_0_1;road_1_3_0_1;road_1_3_0_1;road_1_3_0_2;road_1_3_0_2;road_1_3_0_2,GGGrrrrrrGGGGGGrrrGGGrrrrrrGGGGGGrrr
210,intersection_2_4,road_2_5_3_0;road_2_5_3_0;road_2_5_3_0;road_2_5_3_1;road_2_5_3_1;road_2_5_3_1;road_2_5_3_2;road_2_5_3_2;road_2_5_3_2;road_3_4_2_0;road_3_4_2_0;road_3_4_2_0;road_3_4_2_1;road_3_4_2_1;road_3_4_2_1;road_3_4_2_2;road_3_4_2_2;road_3_4_2_2;road_2_3_1_0;road_2_3_1_0;road_2_3_1_0;road_2_3_1_1;road_2_3_1_1;road_2_3_1_1;road_2_3_1_2;road_2_3_1_2;road_2_3_1_2;road_1_4_0_0;road_1_4_0_0;road_1_4_0_0;road_1_4_0_1;road_1_4_0_1;road_1_4_0_1;road_1_4_0_2;road_1_4_0_2;road_1_4_0_2,GGGrrrrrrGGGGGGrrrGGGrrrrrrGGGGGGrrr
210,intersection_3_1,road_3_2_3_0;road_3_2_3_0;road_3_2_3_0;road_3_2_3_1;road_3_2_3_1;road_3_2_3_1;road_3_2_3_2;road_3_2_3_2;road_3_2_3_2;road_4_1_2_0;road_4_1_2_0;road_4_1_2_0;road_4_1_2_1;road_4_1_2_1;road_4_1_2_1;road_4_1_2_2;road_4_1_2_2;road_4_1_2_2;road_3_0_1_0;road_3_0_1_0;road_3_0_1_0;road_3_0_1_1;road_3_0_1_1;road_3_0_1_1;road_3_0_1_2;road_3_0_1_2;road_3_0_1_2;road_2_1_0_0;road_2_1_0_0;road_2_1_0_0;road_2_1_0_1;road_2_1_0_1;road_2_1_0_1;road_2_1_0_2;road_2_1_0_2;road_2_1_0_2,GGGrrrrrrGGGGGGrrrGGGrrrrrrGGGGGGrrr
210,intersection_3_2,road_3_3_3_0;road_3_3_3_0;road_3_3_3_0;road_3_3_3_1;road_3_3_3_1;road_3_3_3_1;road_3_3_3_2;road_3_3_3_2;road_3_3_3_2;road_4_2_2_0;road_4_2_2_0;road_4_2_2_0;road_4_2_2_1;road_4_2_2_1;road_4_2_2_1;road_4_2_2_2;road_4_2_2_2;road_4_2_2_2;road_3_1_1_0;road_3_1_1_0;road_3_1_1_0;road_3_1_1_1;road_3_1_1_1;road_3_1_1_1;road_3_1_1_2;road_3_1_1_2;road_3_1_1_2;road_2_2_0_0;road_2_2_0_0;road_2_2_0_0;road_2_2_0_1;road_2_2_0_1;road_2_2_0_1;road_2_2_0_2;road_2_2_0_2;road_2_2_0_2,GGGrrrrrrGGGGGGrrrGGGrrrrrrGGGGGGrrr
210,intersection_3_3,road_3_4_3_0;road_3_4_3_0;road_3_4_3_0;road_3_4_3_1;road_3_4_3_1;road_3_4_3_1;road_3_4_3_2;road_3_4_3_2;road_3_4_3_2;road_4_3_2_0;road_4_3_2_0;road_4_3_2_0;road_4_3_2_1;road_4_3_2_1;road_4_3_2_1;road_4_3_2_2;road_4_3_2_2;road_4_3_2_2;road_3_2_1_0;road_3_2_1_0;road_3_2_1_0;road_3_2_1_1;road_3_2_1_1;road_3_2_1_1;road_3_2_1_2;road_3_2_1_2;road_3_2_1_2;road_2_3_0_0;road_2_3_0_0;road_2_3_0_0;road_2_3_0_1;road_2_3_0_1;road_2_3_0_1;road_2_3_0_2;road_2_3_0_2;road_2_3_0_2,GGGrrrrrrGGGGGGrrrGGGrrrrrrGGGGGGrrr
210,intersection_3_4,road_3_5_3_0;road_3_5_3_0;road_3_5_3_0;road_3_5_3_1;road_3_5_3_1;road_3_5_3_1;road_3_5_3_2;road_3_5_3_2;road_3_5_3_2;road_4_4_2_0;road_4_4_2_0;road_4_4_2_0;road_4_4_2_1;road_4_4_2_1;road_4_4_2_1;road_4_4_2_2;road_4_4_2_2;road_4_4_2_2;road_3_3_1_0;road_3_3_1_0;road_3_3_1_0;road_3_3_1_1;road_3_3_1_1;road_3_3_1_1;road_3_3_1_2;road_3_3_1_2;road_3_3_1_2;road_2_4_0_0;road_2_4_0_0;road_2_4_0_0;road_2_4_0_1;road_2_4_0_1;road_2_4_0_1;road_2_4_0_2;road_2_4_0_2;road_2_4_0_2,GGGrrrrrrGGGGGGrrrGGGrrrrrrGGGGGGrrr
210,intersection_4_1,road_4_2_3_0;road_4_2_3_0;road_4_2_3_0;road_4_2_3_1;road_4_2_3_1;road_4_2_3_1;road_4_2_3_2;road_4_2_3_2;road_4_2_3_2;road_5_1_2_0;road_5_1_2_0;road_5_1_2_0;road_5_1_2_1;road_5_1_2_1;road_5_1_2_1;road_5_1_2_2;road_5_1_2_2;road_5_1_2_2;road_4_0_1_0;road_4_0_1_0;road_4_0_1_0;road_4_0_1_1;road_4_0_1_1;road_4_0_1_1;road_4_0_1_2;road_4_0_1_2;road_4_0_1_2;road_3_1_0_0;road_3_1_0_0;road_3_1_0_0;road_3_1_0_1;road_3_1_0_1;road_3_1_0_1;road_3_1_0_2;road_3_1_0_2;road_3_1_0_2,GGGrrrrrrGGGGGGrrrGGGrrrrrrGGGGGGrrr
210,intersection_4_2,road_4_3_3_0;road_4_3_3_0;road_4_3_3_0;road_4_3_3_1;road_4_3_3_1;road_4_3_3_1;road_4_3_3_2;road_4_3_3_2;road_4_3_3_2;road_5_2_2_0;road_5_2_2_0;road_5_2_2_0;road_5_2_2_1;road_5_2_2_1;road_5_2_2_1;road_5_2_2_2;road_5_2_2_2;road_5_2_2_2;road_4_1_1_0;road_4_1_1_0;road_4_1_1_0;road_4_1_1_1;road_4_1_1_1;road_4_1_1_1;road_4_1_1_2;road_4_1_1_2;road_4_1_1_2;road_3_2_0_0;road_3_2_0_0;road_3_2_0_0;road_3_2_0_1;road_3_2_0_1;road_3_2_0_1;road_3_2_0_2;road_3_2_0_2;road_3_2_0_2,GGGrrrrrrGGGGGGrrrGGGrrrrrrGGGGGGrrr
210,intersection_4_3,road_4_4_3_0;road_4_4_3_0;road_4_4_3_0;road_4_4_3_1;road_4_4_3_1;road_4_4_3_1;road_4_4_3_2;road_4_4_3_2;road_4_4_3_2;road_5_3_2_0;road_5_3_2_0;road_5_3_2_0;road_5_3_2_1;road_5_3_2_1;road_5_3_2_1;road_5_3_2_2;road_5_3_2_2;road_5_3_2_2;road_4_2_1_0;road_4_2_1_0;road_4_2_1_0;road_4_2_1_1;road_4_2_1_1;road_4_2_1_1;road_4_2_1_2;road_4_2_1_2;road_4_2_1_2;road_3_3_0_0;road_3_3_0_0;road_3_3_0_0;road_3_3_0_1;road_3_3_0_1;road_3_3_0_1;road_3_3_0_2;road_3_3_0_2;road_3_3_0_2,GGGrrrGGGGGGrrrrrrGGGrrrGGGGGGrrrrrr
210,intersection_4_4,road_4_5_3_0;road_4_5_3_0;road_4_5_3_0;road_4_5_3_1;road_4_5_3_1;road_4_5_3_1;road_4_5_3_2;road_4_5_3_2;road_4_5_3_2;road_5_4_2_0;road_5_4_2_0;road_5_4_2_0;road_5_4_2_1;road_5_4_2_1;road_5_4_2_1;road_5_4_2_2;road_5_4_2_2;road_5_4_2_2;road_4_3_1_0;road_4_3_1_0;road_4_3_1_0;road_4_3_1_1;road_4_3_1_1;road_4_3_1_1;road_4_3_1_2;road_4_3_1_2;road_4_3_1_2;road_3_4_0_0;road_3_4_0_0;road_3_4_0_0;road_3_4_0_1;road_3_4_0_1;road_3_4_0_1;road_3_4_0_2;road_3_4_0_2;road_3_4_0_2,GGGrrrGGGGGGrrrrrrGGGrrrGGGGGGrrrrrr
220,intersection_1_1,road_1_2_3_0;road_1_2_3_0;road_1_2_3_0;road_1_2_3_1;road_1_2_3_1;road_1_2_3_1;road_1_2_3_2;road_1_2_3_2;road_1_2_3_2;road_2_1_2_0;road_2_1_2_0;road_2_1_2_0;road_2_1_2_1;road_2_1_2_1;road_2_1_2_1;road_2_1_2_2;road_2_1_2_2;road_2_1_2_2;road_1_0_1_0;road_1_0_1_0;road_1_0_1_0;road_1_0_1_1;road_1_0_1_1;road_1_0_1_1;road_1_0_1_2;road_1_0_1_2;road_1_0_1_2;road_0_1_0_0;road_0_1_0_0;road_0_1_0_0;road_0_1_0_1;road_0_1_0_1;road_0_1_0_1;road_0_1_0_2;road_0_1_0_2;road_0_1_0_2,GGGrrrGGGGGGrrrrrrGGGrrrGGGGGGrrrrrr
220,intersection_1_2,road_1_3_3_0;road_1_3_3_0;road_1_3_3_0;road_1_3_3_1;road_1_3_3_1;road_1_3_3_1;road_1_3_3_2;road_1_3_3_2;road_1_3_3_2;road_2_2_2_0;road_2_2_2_0;road_2_2_2_0;road_2_2_2_1;road_2_2_2_1;road_2_2_2_1;road_2_2_2_2;road_2_2_2_2;road_2_2_2_2;road_1_1_1_0;road_1_1_1_0;road_1_1_1_0;road_1_1_1_1;road_1_1_1_1;road_1_1_1_1;road_1_1_1_2;road_1_1_1_2;road_1_1_1_2;road_0_2_0_0;road_0_2_0_0;road_0_2_0_0;road_0_2_0_1;road_0_2_0_1;road_0_2_0_1;road_0_2_0_2;road_0_2_0_2;road_0_2_0_2,GGGrrrrrrGGGGGGrrrGGGrrrrrrGGGGGGrrr
220,intersection_1_3,road_1_4_3_0;road_1_4_3_0;road_1_4_3_0;road_1_4_3_1;road_1_4_3_1;road_1_4_3_1;road_1_4_3_2;road_1_4_3_2;road_1_4_3_2;road_2_3_2_0;road_2_3_2_0;road_2_3_2_0;road_2_3_2_1;road_2_3_2_1;road_2_3_2_1;road_2_3_2_2;road_2_3_2_2;road_2_3_2_2;road_1_2_1_0;road_1_2_1_0;road_1_2_1_0;road_1_2_1_1;road_1_2_1_1;road_1_2_1_1;road_1_2_1_2;road_1_2_1_2;road_1_2_1_2;road_0_3_0_0;road_0_3_0_0;road_0_3_0_0;road_0_3_0_1;road_0_3_0_1;road_0_3_0_1;road_0_3_0_2;road_0_3_0_2;road_0_3_0_2,GGGrrrrrrGGGGGGrrrGGGrrrrrrGGGGGGrrr
220,intersection_1_4,road_1_5_3_0;road_1_5_3_0;road_1_5_3_0;road_1_5_3_1;road_1_5_3_1;road_1_5_3_1;road_1_5_3_2;road_1_5_3_2;road_1_5_3_2;road_2_4_2_0;road_2_4_2_0;road_2_4_2_0;road_2_4_2_1;road_2_4_2_1;road_2_4_2_1;road_2_4_2_2;road_2_4_2_2;road_2_4_2_2;road_1_3_1_0;road_1_3_1_0;road_1_3_1_0;road_1_3_1_1;road_1_3_1_1;road_1_3_1_1;road_1_3_1_2;road_1_3_1_2;road_1_3_1_2;road_0_4_0_0;road_0_4_0_0;road_0_4_0_0;road_0_4_0_1;road_0_4_0_1;road_0_4_0_1;road_0_4_0_2;road_0_4_0_2;road_0_4_0_2,GGGGGGrrrGGGrrrrrrGGGGGGrrrGGGrrrrrr
220,intersection_2_1,road_2_2_3_0;road_2_2_3_0;road_2_2_3_0;road_2_2_3_1;road_2_2_3_1;road_2_2_3_1;road_2_2_3_2;road_2_2_3_2;road_2_2_3_2;road_3_1_2_0;road_3_1_2_0;road_3_1_2_0;road_3_1_2_1;road_3_1_2_1;road_3_1_2_1;road_3_1_2_2;road_3_1_2_2;road_3_1_2_2;road_2_0_1_0;road_2_0_1_0;road_2_0_1_0;road_2_0_1_1;road_2_0_1_1;road_2_0_1_1;road_2_0_1_2;road_2_0_1_2;road_2_0_1_2;road_1_1_0_0;road_1_1_0_0;road_1_1_0_0;road_1_1_0_1;road_1_1_0_1;road_1_1_0_1;road_1_1_0_2;road_1_1_0_2;road_1_1_0_2,GGGrrrrrrGGGGGGrrrGGGrrrrrrGGGGGGrrr
220,intersection_2_2,road_2_3_3_0;road_2_3_3_0;road_2_3_3_0;road_2_3_3_1;road_2_3_3_1;road_2_3_3_1;road_2_3_3_2;road_2_3_3_2;road_2_3_3_2;road_3_2_2_0;road_3_2_2_0;road_3_2_2_0;road_3_2_2_1;road_3_2_2_1;road_3_2_2_1;road_3_2_2_2;road_3_2_2_2;road_3_2_2_2;road_2_1_1_0;road_2_1_1_0;road_2_1_1_0;road_2_1_1_1;road_2_1_1_1;road_2_1_1_1;road_2_1_1_2;road_2_1_1_2;road_2_1_1_2;road_1_2_0_0;road_1_2_0_0;road_1_2_0_0;road_1_2_0_1;road_1_2_0_1;road_1_2_0_1;road_1_2_0_2;road_1_2_0_2;road_1_2_0_2,GGGrrrrrrGGGGGGrrrGGGrrrrrrGGGGGGrrr
220,intersection_2_3,road_2_4_3_0;road_2_4_3_0;road_2_4_3_0;road_2_4_3_1;road_2_4_3_1;road_2_4_3_1;road_2_4_3_2;road_2_4_3_2;road_2_4_3_2;road_3_3_2_0;road_3_3_2_0;road_3_3_2_0;road_3_3_2_1;road_3_3_2_1;road_3_3_2_1;road_3_3_2_2;road_3_3_2_2;road_3_3_2_2;road_2_2_1_0;road_2_2_1_0;road_2_2_1_0;road_2_2_1_1;road_2_2_1_1;road_2_2_1_1;road_2_2_1_2;road_2_2_1_2;road_2_2_1_2;road_1_3_0_0;road_1_3_0_0;road_1_3_0_0;road_1_3_0_1;road_1_3_0_1;road_1_3_0_1;road_1_3_0_2;road_1_3_0_2;road_1_3_0_2,GGGrrrrrrGGGGGGrrrGGGrrrrrrGGGGGGrrr
220,intersection_2_4,road_2_5_3_0;road_2_5_3_0;road_2_5_3_0;road_2_5_3_1;road_2_5_3_1;road_2_5_3_1;road_2_5_3_2;road_2_5_3_2;road_2_5_3_2;road_3_4_2_0;road_3_4_2_0;road_3_4_2_0;road_3_4_2_1;road_3_4_2_1;road_3_4_2_1;road_3_4_2_2;road_3_4_2_2;road_3_4_2_2;road_2_3_1_0;road_2_3_1_0;road_2_3_1_0;road_2_3_1_1;road_2_3_1_1;road_2_3_1_1;road_2_3_1_2;road_2_3_1_2;road_2_3_1_2;road_1_4_0_0;road_1_4_0_0;road_1_4_0_0;road_1_4_0_1;road_1_4_0_1;road_1_4_0_1;road_1_4_0_2;road_1_4_0_2;road_1_4_0_2,GGGrrrrrrGGGGGGrrrGGGrrrrrrGGGGGGrrr
220,intersection_3_1,road_3_2_3_0;road_3_2_3_0;road_3_2_3_0;road_3_2_3_1;road_3_2_3_1;road_3_2_3_1;road_3_2_3_2;road_3_2_3_2;road_3_2_3_2;road_4_1_2_0;road_4_1_2_0;road_4_1_2_0;road_4_1_2_1;road_4_1_2_1;road_4_1_2_1;road_4_1_2_2;road_4_1_2_2;road_4_1_2_2;road_3_0_1_0;road_3_0_1_0;road_3_0_1_0;road_3_0_1_1;road_3_0_1_1;road_3_0_1_1;road_3_0_1_2;road_3_0_1_2;road_3_0_1_2;road_2_1_0_0;road_2_1_0_0;road_2_1_0_0;road_2_1_0_1;road_2_1_0_1;road_2_1_0_1;road_2_1_0_2;road_2_1_0_2;road_2_1_0_2,GGGrrrrrrGGGGGGrrrGGGrrrrrrGGGGGGrrr
220,intersection_3_2,road_3_3_3_0;road_3_3_3_0;road_3_3_3_0;road_3_3_3_1;road_3_3_3_1;road_3_3_3_1;road_3_3_3_2;road_3_3_3_2;road_3_3_3_2;road_4_2_2_0;road_4_2_2_0;road_4_2_2_0;road_4_2_2_1;road_4_2_2_1;road_4_2_2_1;road_4_2_2_2;road_4_2_2_2;road_4_2_2_2;road_3_1_1_0;road_3_1_1_0;road_3_1_1_0;road_3_1_1_1;road_3_1_1_1;road_3_1_1_1;road_3_1_1_2;road_3_1_1_2;road_3_1_1_2;road_2_2_0_0;road_2_2_0_0;road_2_2_0_0;road_2_2_0_1;road_2_2_0_1;road_2_2_0_1;road_2_2_0_2;road_2_2_0_2;road_2_2_0_2,GGGrrrrrrGGGGGGrrrGGGrrrrrrGGGGGGrrr
220,intersection_3_3,road_3_4_3_0;road_3_4_3_0;road_3_4_3_0;road_3_4_3_1;road_3_4_3_1;road_3_4_3_1;road_3_4_3_2;road_3_4_3_2;road_3_4_3_2;road_4_3_2_0;road_4_3_2_0;road_4_3_2_0;road_4_3_2_1;road_4_3_2_1;road_4_3_2_1;road_4_3_2_2;road_4_3_2_2;road_4_3_2_2;road_3_2_1_0;road_3_2_1_0;road_3_2_1_0;road_3_2_1_1;road_3_2_1_1;road_3_2_1_1;road_3_2_1_2;road_3_2_1_2;road_3_2_1_2;road_2_3_0_0;road_2_3_0_0;road_2_3_0_0;road_2_3_0_1;road_2_3_0_1;road_2_3_0_1;road_2_3_0_2;road_2_3_0_2;road_2_3_0_2,GGGrrrrrrGGGGGGrrrGGGrrrrrrGGGGGGrrr
220,intersection_3_4,road_3_5_3_0;road_3_5_3_0;road_3_5_3_0;road_3_5_3_1;road_3_5_3_1;road_3_5_3_1;road_3_5_3_2;road_3_5_3_2;road_3_5_3_2;road_4_4_2_0;road_4_4_2_0;road_4_4_2_0;road_4_4_2_1;road_4_4_2_1;road_4_4_2_1;road_4_4_2_2;road_4_4_2_2;road_4_4_2_2;road_3_3_1_0;road_3_3_1_0;road_3_3_1_0;road_3_3_1_1;road_3_3_1_1;road_3_3_1_1;road_3_3_1_2;road_3_3_1_2;road_3_3_1_2;road_2_4_0_0;road_2_4_0_0;road_2_4_0_0;road_2_4_0_1;road_2_4_0_1;road_2_4_0_1;road_2_4_0_2;road_2_4_0_2;road_2_4_0_2,GGGrrrrrrGGGGGGrrrGGGrrrrrrGGGGGGrrr
220,intersection_4_1,road_4_2_3_0;road_4_2_3_0;road_4_2_3_0;road_4_2_3_1;road_4_2_3_1;road_4_2_3_1;road_4_2_3_2;road_4_2_3_2;road_4_2_3_2;road_5_1_2_0;road_5_1_2_0;road_5_1_2_0;road_5_1_2_1;road_5_1_2_1;road_5_1_2_1;road_5_1_2_2;road_5_1_2_2;road_5_1_2_2;road_4_0_1_0;road_4_0_1_0;road_4_0_1_0;road_4_0_1_1;road_4_0_1_1;road_4_0_1_1;road_4_0_1_2;road_4_0_1_2;road_4_0_1_2;road_3_1_0_0;road_3_1_0_0;road_3_1_0_0;road_3_1_0_1;road_3_1_0_1;road_3_1_0_1;road_3_1_0_2;road_3_1_0_2;road_3_1_0_2,GGGrrrrrrGGGGGGrrrGGGrrrrrrGGGGGGrrr
220,intersection_4_2,road_4_3_3_0;road_4_3_3_0;road_4_3_3_0;road_4_3_3_1;road_4_3_3_1;road_4_3_3_1;road_4_3_3_2;road_4_3_3_2;road_4_3_3_2;road_5_2_2_0;road_5_2_2_0;road_5_2_2_0;road_5_2_2_1;road_5_2_2_1;road_5_2_2_1;road_5_2_2_2;road_5_2_2_2;road_5_2_2_2;road_4_1_1_0;road_4_1_1_0;road_4_1_1_0;road_4_1_1_1;road_4_1_1_1;road_4_1_1_1;road_4_1_1_2;road_4_1_1_2;road_4_1_1_2;road_3_2_0_0;road_3_2_0_0;road_3_2_0_0;road_3_2_0_1;road_3_2_0_1;road_3_2_0_1;road_3_2_0_2;road_3_2_0_2;road_3_2_0_2,GGGrrrrrrGGGGGGrrrGGGrrrrrrGGGGGGrrr
220,intersection_4_3,road_4_4_3_0;road_4_4_3_0;road_4_4_3_0;road_4_4_3_1;road_4_4_3_1;road_4_4_3_1;road_4_4_3_2;road_4_4_3_2;road_4_4_3_2;road_5_3_2_0;road_5_3_2_0;road_5_3_2_0;road_5_3_2_1;road_5_3_2_1;road_5_3_2_1;road_5_3_2_2;road_5_3_2_2;road_5_3_2_2;road_4_2_1_0;road_4_2_1_0;road_4_2_1_0;road_4_2_1_1;road_4_2_1_1;road_4_2_1_1;road_4_2_1_2;road_4_2_1_2;road_4_2_1_2;road_3_3_0_0;road_3_3_0_0;road_3_3_0_0;road_3_3_0_1;road_3_3_0_1;road_3_3_0_1;road_3_3_0_2;road_3_3_0_2;road_3_3_0_2,GGGrrrGGGGGGrrrrrrGGGrrrGGGGGGrrrrrr
220,intersection_4_4,road_4_5_3_0;road_4_5_3_0;road_4_5_3_0;road_4_5_3_1;road_4_5_3_1;road_4_5_3_1;road_4_5_3_2;road_4_5_3_2;road_4_5_3_2;road_5_4_2_0;road_5_4_2_0;road_5_4_2_0;road_5_4_2_1;road_5_4_2_1;road_5_4_2_1;road_5_4_2_2;road_5_4_2_2;road_5_4_2_2;road_4_3_1_0;road_4_3_1_0;road_4_3_1_0;road_4_3_1_1;road_4_3_1_1;road_4_3_1_1;road_4_3_1_2;road_4_3_1_2;road_4_3_1_2;road_3_4_0_0;road_3_4_0_0;road_3_4_0_0;road_3_4_0_1;road_3_4_0_1;road_3_4_0_1;road_3_4_0_2;road_3_4_0_2;road_3_4_0_2,GGGrrrGGGGGGrrrrrrGGGrrrGGGGGGrrrrrr
230,intersection_1_1,road_1_2_3_0;road_1_2_3_0;road_1_2_3_0;road_1_2_3_1;road_1_2_3_1;road_1_2_3_1;road_1_2_3_2;road_1_2_3_2;road_1_2_3_2;road_2_1_2_0;road_2_1_2_0;road_2_1_2_0;road_2_1_2_1;road_2_1_2_1;road_2_1_2_1;road_2_1_2_2;road_2_1_2_2;road_2_1_2_2;road_1_0_1_0;road_1_0_1_0;road_1_0_1_0;road_1_0_1_1;road_1_0_1_1;road_1_0_1_1;road_1_0_1_2;road_1_0_1_2;road_1_0_1_2;road_0_1_0_0;road_0_1_0_0;road_0_1_0_0;road_0_1_0_1;road_0_1_0_1;road_0_1_0_1;road_0_1_0_2;road_0_1_0_2;road_0_1_0_2,GGGrrrGGGGGGrrrrrrGGGrrrGGGGGGrrrrrr
230,intersection_1_2,road_1_3_3_0;road_1_3_3_0;road_1_3_3_0;road_1_3_3_1;road_1_3_3_1;road_1_3_3_1;road_1_3_3_2;road_1_3_3_2;road_1_3_3_2;road_2_2_2_0;road_2_2_2_0;road_2_2_2_0;road_2_2_2_1;road_2_2_2_1;road_2_2_2_1;road_2_2_2_2;road_2_2_2_2;road_2_2_2_2;road_1_1_1_0;road_1_1_1_0;road_1_1_1_0;road_1_1_1_1;road_1_1_1_1;road_1_1_1_1;road_1_1_1_2;road_1_1_1_2;road_1_1_1_2;road_0_2_0_0;road_0_2_0_0;road_0_2_0_0;road_0_2_0_1;road_0_2_0_1;road_0_2_0_1;road_0_2_0_2;road_0_2_0_2;road_0_2_0_2,GGGrrrrrrGGGGGGrrrGGGrrrrrrGGGGGGrrr
230,intersection_1_3,road_1_4_3_0;road_1_4_3_0;road_1_4_3_0;road_1_4_3_1;road_1_4_3_1;road_1_4_3_1;road_1_4_3_2;road_1_4_3_2;road_1_4_3_2;road_2_3_2_0;road_2_3_2_0;road_2_3_2_0;road_2_3_2_1;road_2_3_2_1;road_2_3_2_1;road_2_3_2_2;road_2_3_2_2;road_2_3_2_2;road_1_2_1_0;road_1_2_1_0;road_1_2_1_0;road_1_2_1_1;road_1_2_1_1;road_1_2_1_1;road_1_2_1_2;road_1_2_1_2;road_1_2_1_2;road_0_3_0_0;road_0_3_0_0;road_0_3_0_0;road_0_3_0_1;road_0_3_0_1;road_0_3_0_1;road_0_3_0_2;road_0_3_0_2;road_0_3_0_2,GGGrrrrrrGGGGGGrrrGGGrrrrrrGGGGGGrrr
230,intersection_1_4,road_1_5_3_0;road_1_5_3_0;road_1_5_3_0;road_1_5_3_1;road_1_5_3_1;road_1_5_3_1;road_1_5_3_2;road_1_5_3_2;road_1_5_3_2;road_2_4_2_0;road_2_4_2_0;road_2_4_2_0;road_2_4_2_1;road_2_4_2_1;road_2_4_2_1;road_2_4_2_2;road_2_4_2_2;road_2_4_2_2;road_1_3_1_0;road_1_3_1_0;road_1_3_1_0;road_1_3_1_1;road_1_3_1_1;road_1_3_1_1;road_1_3_1_2;road_1_3_1_2;road_1_3_1_2;road_0_4_0_0;road_0_4_0_0;road_0_4_0_0;road_0_4_0_1;road_0_4_0_1;road_0_4_0_1;road_0_4_0_2;road_0_4_0_2;road_0_4_0_2,GGGGGGrrrGGGrrrrrrGGGGGGrrrGGGrrrrrr
230,intersection_2_1,road_2_2_3_0;road_2_2_3_0;road_2_2_3_0;road_2_2_3_1;road_2_2_3_1;road_2_2_3_1;road_2_2_3_2;road_2_2_3_2;road_2_2_3_2;road_3_1_2_0;road_3_1_2_0;road_3_1_2_0;road_3_1_2_1;road_3_1_2_1;road_3_1_2_1;road_3_1_2_2;road_3_1_2_2;road_3_1_2_2;road_2_0_1_0;road_2_0_1_0;road_2_0_1_0;road_2_0_1_1;road_2_0_1_1;road_2_0_1_1;road_2_0_1_2;road_2_0_1_2;road_2_0_1_2;road_1_1_0_0;road_1_1_0_0;road_1_1_0_0;road_1_1_0_1;road_1_1_0_1;road_1_1_0_1;road_1_1_0_2;road_1_1_0_2;road_1_1_0_2,GGGrrrrrrGGGGGGrrrGGGrrrrrrGGGGGGrrr
230,intersection_2_2,road_2_3_3_0;road_2_3_3_0;road_2_3_3_0;road_2_3_3_1;road_2_3_3_1;road_2_3_3_1;road_2_3_3_2;road_2_3_3_2;road_2_3_3_2;road_3_2_2_0;road_3_2_2_0;road_3_2_2_0;road_3_2_2_1;road_3_2_2_1;road_3_2_2_1;road_3_2_2_2;road_3_2_2_2;road_3_2_2_2;road_2_1_1_0;road_2_1_1_0;road_2_1_1_0;road_2_1_1_1;road_2_1_1_1;road_2_1_1_1;road_2_1_1_2;road_2_1_1_2;road_2_1_1_2;road_1_2_0_0;road_1_2_0_0;road_1_2_0_0;road_1_2_0_1;road_1_2_0_1;road_1_2_0_1;road_1_2_0_2;road_1_2_0_2;road_1_2_0_2,GGGrrrrrrGGGGGGrrrGGGrrrrrrGGGGGGrrr
230,intersection_2_3,road_2_4_3_0;road_2_4_3_0;road_2_4_3_0;road_2_4_3_1;road_2_4_3_1;road_2_4_3_1;road_2_4_3_2;road_2_4_3_2;road_2_4_3_2;road_3_3_2_0;road_3_3_2_0;road_3_3_2_0;road_3_3_2_1;road_3_3_2_1;road_3_3_2_1;road_3_3_2_2;road_3_3_2_2;road_3_3_2_2;road_2_2_1_0;road_2_2_1_0;road_2_2_1_0;road_2_2_1_1;road_2_2_1_1;road_2_2_1_1;road_2_2_1_2;road_2_2_1_2;road_2_2_1_2;road_1_3_0_0;road_1_3_0_0;road_1_3_0_0;road_1_3_0_1;road_1_3_0_1;road_1_3_0_1;road_1_3_0_2;road_1_3_0_2;road_1_3_0_2,GGGrrrrrrGGGGGGrrrGGGrrrrrrGGGGGGrrr
230,intersection_2_4,road_2_5_3_0;road_2_5_3_0;road_2_5_3_0;road_2_5_3_1;road_2_5_3_1;road_2_5_3_1;road_2_5_3_2;road_2_5_3_2;road_2_5_3_2;road_3_4_2_0;road_3_4_2_0;road_3_4_2_0;road_3_4_2_1;road_3_4_2_1;road_3_4_2_1;road_3_4_2_2;road_3_4_2_2;road_3_4_2_2;road_2_3_1_0;road_2_3_1_0;road_2_3_1_0;road_2_3_1_1;road_2_3_1_1;road_2_3_1_1;road_2_3_1_2;road_2_3_1_2;road_2_3_1_2;road_1_4_0_0;road_1_4_0_0;road_1_4_0_0;road_1_4_0_1;road_1_4_0_1;road_1_4_0_1;road_1_4_0_2;road_1_4_0_2;road_1_4_0_2,GGGrrrrrrGGGGGGrrrGGGrrrrrrGGGGGGrrr
230,intersection_3_1,road_3_2_3_0;road_3_2_3_0;road_3_2_3_0;road_3_2_3_1;road_3_2_3_1;road_3_2_3_1;road_3_2_3_2;road_3_2_3_2;road_3_2_3_2;road_4_1_2_0;road_4_1_2_0;road_4_1_2_0;road_4_1_2_1;road_4_1_2_1;road_4_1_2_1;road_4_1_2_2;road_4_1_2_2;road_4_1_2_2;road_3_0_1_0;road_3_0_1_0;road_3_0_1_0;road_3_0_1_1;road_3_0_1_1;road_3_0_1_1;road_3_0_1_2;road_3_0_1_2;road_3_0_1_2;road_2_1_0_0;road_2_1_0_0;road_2_1_0_0;road_2_1_0_1;road_2_1_0_1;road_2_1_0_1;road_2_1_0_2;road_2_1_0_2;road_2_1_0_2,GGGrrrrrrGGGGGGrrrGGGrrrrrrGGGGGGrrr
230,intersection_3_2,road_3_3_3_0;road_3_3_3_0;road_3_3_3_0;road_3_3_3_1;road_3_3_3_1;road_3_3_3_1;road_3_3_3_2;road_3_3_3_2;road_3_3_3_2;road_4_2_2_0;road_4_2_2_0;road_4_2_2_0;road_4_2_2_1;road_4_2_2_1;road_4_2_2_1;road_4_2_2_2;road_4_2_2_2;road_4_2_2_2;road_3_1_1_0;road_3_1_1_0;road_3_1_1_0;road_3_1_1_1;road_3_1_1_1;road_3_1_1_1;road_3_1_1_2;road_3_1_1_2;road_3_1_1_2;road_2_2_0_0;road_2_2_0_0;road_2_2_0_0;road_2_2_0_1;road_2_2_0_1;road_2_2_0_1;road_2_2_0_2;road_2_2_0_2;road_2_2_0_2,GGGrrrrrrGGGGGGrrrGGGrrrrrrGGGGGGrrr
230,intersection_3_3,road_3_4_3_0;road_3_4_3_0;road_3_4_3_0;road_3_4_3_1;road_3_4_3_1;road_3_4_3_1;road_3_4_3_2;road_3_4_3_2;road_3_4_3_2;road_4_3_2_0;road_4_3_2_0;road_4_3_2_0;road_4_3_2_1;road_4_3_2_1;road_4_3_2_1;road_4_3_2_2;road_4_3_2_2;road_4_3_2_2;road_3_2_1_0;road_3_2_1_0;road_3_2_1_0;road_3_2_1_1;road_3_2_1_1;road_3_2_1_1;road_3_2_1_2;road_3_2_1_2;road_3_2_1_2;road_2_3_0_0;road_2_3_0_0;road_2_3_0_0;road_2_3_0_1;road_2_3_0_1;road_2_3_0_1;road_2_3_0_2;road_2_3_0_2;road_2_3_0_2,GGGrrrrrrGGGGGGrrrGGGrrrrrrGGGGGGrrr
230,intersection_3_4,road_3_5_3_0;road_3_5_3_0;road_3_5_3_0;road_3_5_3_1;road_3_5_3_1;road_3_5_3_1;road_3_5_3_2;road_3_5_3_2;road_3_5_3_2;road_4_4_2_0;road_4_4_2_0;road_4_4_2_0;road_4_4_2_1;road_4_4_2_1;road_4_4_2_1;road_4_4_2_2;road_4_4_2_2;road_4_4_2_2;road_3_3_1_0;road_3_3_1_0;road_3_3_1_0;road_3_3_1_1;road_3_3_1_1;road_3_3_1_1;road_3_3_1_2;road_3_3_1_2;road_3_3_1_2;road_2_4_0_0;road_2_4_0_0;road_2_4_0_0;road_2_4_0_1;road_2_4_0_1;road_2_4_0_1;road_2_4_0_2;road_2_4_0_2;road_2_4_0_2,GGGrrrrrrGGGGGGrrrGGGrrrrrrGGGGGGrrr
230,intersection_4_1,road_4_2_3_0;road_4_2_3_0;road_4_2_3_0;road_4_2_3_1;road_4_2_3_1;road_4_2_3_1;road_4_2_3_2;road_4_2_3_2;road_4_2_3_2;road_5_1_2_0;road_5_1_2_0;road_5_1_2_0;road_5_1_2_1;road_5_1_2_1;road_5_1_2_1;road_5_1_2_2;road_5_1_2_2;road_5_1_2_2;road_4_0_1_0;road_4_0_1_0;road_4_0_1_0;road_4_0_1_1;road_4_0_1_1;road_4_0_1_1;road_4_0_1_2;road_4_0_1_2;road_4_0_1_2;road_3_1_0_0;road_3_1_0_0;road_3_1_0_0;road_3_1_0_1;road_3_1_0_1;road_3_1_0_1;road_3_1_0_2;road_3_1_0_2;road_3_1_0_2,GGGrrrrrrGGGGGGrrrGGGrrrrrrGGGGGGrrr
230,intersection_4_2,road_4_3_3_0;road_4_3_3_0;road_4_3_3_0;road_4_3_3_1;road_4_3_3_1;road_4_3_3_1;road_4_3_3_2;road_4_3_3_2;road_4_3_3_2;road_5_2_2_0;road_5_2_2_0;road_5_2_2_0;road_5_2_2_1;road_5_2_2_1;road_5_2_2_1;road_5_2_2_2;road_5_2_2_2;road_5_2_2_2;road_4_1_1_0;road_4_1_1_0;road_4_1_1_0;road_4_1_1_1;road_4_1_1_1;road_4_1_1_1;road_4_1_1_2;road_4_1_1_2;road_4_1_1_2;road_3_2_0_0;road_3_2_0_0;road_3_2_0_0;road_3_2_0_1;road_3_2_0_1;road_3_2_0_1;road_3_2_0_2;road_3_2_0_2;road_3_2_0_2,GGGrrrrrrGGGGGGrrrGGGrrrrrrGGGGGGrrr
230,intersection_4_3,road_4_4_3_0;road_4_4_3_0;road_4_4_3_0;road_4_4_3_1;road_4_4_3_1;road_4_4_3_1;road_4_4_3_2;road_4_4_3_2;road_4_4_3_2;road_5_3_2_0;road_5_3_2_0;road_5_3_2_0;road_5_3_2_1;road_5_3_2_1;road_5_3_2_1;road_5_3_2_2;road_5_3_2_2;road_5_3_2_2;road_4_2_1_0;road_4_2_1_0;road_4_2_1_0;road_4_2_1_1;road_4_2_1_1;road_4_2_1_1;road_4_2_1_2;road_4_2_1_2;road_4_2_1_2;road_3_3_0_0;road_3_3_0_0;road_3_3_0_0;road_3_3_0_1;road_3_3_0_1;road_3_3_0_1;road_3_3_0_2;road_3_3_0_2;road_3_3_0_2,GGGrrrGGGGGGrrrrrrGGGrrrGGGGGGrrrrrr
230,intersection_4_4,road_4_5_3_0;road_4_5_3_0;road_4_5_3_0;road_4_5_3_1;road_4_5_3_1;road_4_5_3_1;road_4_5_3_2;road_4_5_3_2;road_4_5_3_2;road_5_4_2_0;road_5_4_2_0;road_5_4_2_0;road_5_4_2_1;road_5_4_2_1;road_5_4_2_1;road_5_4_2_2;road_5_4_2_2;road_5_4_2_2;road_4_3_1_0;road_4_3_1_0;road_4_3_1_0;road_4_3_1_1;road_4_3_1_1;road_4_3_1_1;road_4_3_1_2;road_4_3_1_2;road_4_3_1_2;road_3_4_0_0;road_3_4_0_0;road_3_4_0_0;road_3_4_0_1;road_3_4_0_1;road_3_4_0_1;road_3_4_0_2;road_3_4_0_2;road_3_4_0_2,GGGrrrGGGGGGrrrrrrGGGrrrGGGGGGrrrrrr
240,intersection_1_1,road_1_2_3_0;road_1_2_3_0;road_1_2_3_0;road_1_2_3_1;road_1_2_3_1;road_1_2_3_1;road_1_2_3_2;road_1_2_3_2;road_1_2_3_2;road_2_1_2_0;road_2_1_2_0;road_2_1_2_0;road_2_1_2_1;road_2_1_2_1;road_2_1_2_1;road_2_1_2_2;road_2_1_2_2;road_2_1_2_2;road_1_0_1_0;road_1_0_1_0;road_1_0_1_0;road_1_0_1_1;road_1_0_1_1;road_1_0_1_1;road_1_0_1_2;road_1_0_1_2;road_1_0_1_2;road_0_1_0_0;road_0_1_0_0;road_0_1_0_0;road_0_1_0_1;road_0_1_0_1;road_0_1_0_1;road_0_1_0_2;road_0_1_0_2;road_0_1_0_2,GGGrrrGGGGGGrrrrrrGGGrrrGGGGGGrrrrrr
240,intersection_1_2,road_1_3_3_0;road_1_3_3_0;road_1_3_3_0;road_1_3_3_1;road_1_3_3_1;road_1_3_3_1;road_1_3_3_2;road_1_3_3_2;road_1_3_3_2;road_2_2_2_0;road_2_2_2_0;road_2_2_2_0;road_2_2_2_1;road_2_2_2_1;road_2_2_2_1;road_2_2_2_2;road_2_2_2_2;road_2_2_2_2;road_1_1_1_0;road_1_1_1_0;road_1_1_1_0;road_1_1_1_1;road_1_1_1_1;road_1_1_1_1;road_1_1_1_2;road_1_1_1_2;road_1_1_1_2;road_0_2_0_0;road_0_2_0_0;road_0_2_0_0;road_0_2_0_1;road_0_2_0_1;road_0_2_0_1;road_0_2_0_2;road_0_2_0_2;road_0_2_0_2,GGGrrrrrrGGGGGGrrrGGGrrrrrrGGGGGGrrr
240,intersection_1_3,road_1_4_3_0;road_1_4_3_0;road_1_4_3_0;road_1_4_3_1;road_1_4_3_1;road_1_4_3_1;road_1_4_3_2;road_1_4_3_2;road_1_4_3_2;road_2_3_2_0;road_2_3_2_0;road_2_3_2_0;road_2_3_2_1;road_2_3_2_1;road_2_3_2_1;road_2_3_2_2;road_2_3_2_2;road_2_3_2_2;road_1_2_1_0;road_1_2_1_0;road_1_2_1_0;road_1_2_1_1;road_1_2_1_1;road_1_2_1_1;road_1_2_1_2;road_1_2_1_2;road_1_2_1_2;road_0_3_0_0;road_0_3_0_0;road_0_3_0_0;road_0_3_0_1;road_0_3_0_1;road_0_3_0_1;road_0_3_0_2;road_0_3_0_2;road_0_3_0_2,GGGrrrrrrGGGGGGrrrGGGrrrrrrGGGGGGrrr
240,intersection_1_4,road_1_5_3_0;road_1_5_3_0;road_1_5_3_0;road_1_5_3_1;road_1_5_3_1;road_1_5_3_1;road_1_5_3_2;road_1_5_3_2;road_1_5_3_2;road_2_4_2_0;road_2_4_2_0;road_2_4_2_0;road_2_4_2_1;road_2_4_2_1;road_2_4_2_1;road_2_4_2_2;road_2_4_2_2;road_2_4_2_2;road_1_3_1_0;road_1_3_1_0;road_1_3_1_0;road_1_3_1_1;road_1_3_1_1;road_1_3_1_1;road_1_3_1_2;road_1_3_1_2;road_1_3_1_2;road_0_4_0_0;road_0_4_0_0;road_0_4_0_0;road_0_4_0_1;road_0_4_0_1;road_0_4_0_1;road_0_4_0_2;road_0_4_0_2;road_0_4_0_2,GGGGGGrrrGGGrrrrrrGGGGGGrrrGGGrrrrrr
240,intersection_2_1,road_2_2_3_0;road_2_2_3_0;road_2_2_3_0;road_2_2_3_1;road_2_2_3_1;road_2_2_3_1;road_2_2_3_2;road_2_2_3_2;road_2_2_3_2;road_3_1_2_0;road_3_1_2_0;road_3_1_2_0;road_3_1_2_1;road_3_1_2_1;road_3_1_2_1;road_3_1_2_2;road_3_1_2_2;road_3_1_2_2;road_2_0_1_0;road_2_0_1_0;road_2_0_1_0;road_2_0_1_1;road_2_0_1_1;road_2_0_1_1;road_2_0_1_2;road_2_0_1_2;road_2_0_1_2;road_1_1_0_0;road_1_1_0_0;road_1_1_0_0;road_1_1_0_1;road_1_1_0_1;road_1_1_0_1;road_1_1_0_2;road_1_1_0_2;road_1_1_0_2,GGGrrrrrrGGGGGGrrrGGGrrrrrrGGGGGGrrr
240,intersection_2_2,road_2_3_3_0;road_2_3_3_0;road_2_3_3_0;road_2_3_3_1;road_2_3_3_1;road_2_3_3_1;road_2_3_3_2;road_2_3_3_2;road_2_3_3_2;road_3_2_2_0;road_3_2_2_0;road_3_2_2_0;road_3_2_2_1;road_3_2_2_1;road_3_2_2_1;road_3_2_2_2;road_3_2_2_2;road_3_2_2_2;road_2_1_1_0;road_2_1_1_0;road_2_1_1_0;road_2_1_1_1;road_2_1_1_1;road_2_1_1_1;road_2_1_1_2;road_2_1_1_2;road_2_1_1_2;road_1_2_0_0;road_1_2_0_0;road_1_2_0_0;road_1_2_0_1;road_1_2_0_1;road_1_2_0_1;road_1_2_0_2;road_1_2_0_2;road_1_2_0_2,GGGrrrrrrGGGGGGrrrGGGrrrrrrGGGGGGrrr
240,intersection_2_3,road_2_4_3_0;road_2_4_3_0;road_2_4_3_0;road_2_4_3_1;road_2_4_3_1;road_2_4_3_1;road_2_4_3_2;road_2_4_3_2;road_2_4_3_2;road_3_3_2_0;road_3_3_2_0;road_3_3_2_0;road_3_3_2_1;road_3_3_2_1;road_3_3_2_1;road_3_3_2_2;road_3_3_2_2;road_3_3_2_2;road_2_2_1_0;road_2_2_1_0;road_2_2_1_0;road_2_2_1_1;road_2_2_1_1;road_2_2_1_1;road_2_2_1_2;road_2_2_1_2;road_2_2_1_2;road_1_3_0_0;road_1_3_0_0;road_1_3_0_0;road_1_3_0_1;road_1_3_0_1;road_1_3_0_1;road_1_3_0_2;road_1_3_0_2;road_1_3_0_2,GGGrrrrrrGGGGGGrrrGGGrrrrrrGGGGGGrrr
240,intersection_2_4,road_2_5_3_0;road_2_5_3_0;road_2_5_3_0;road_2_5_3_1;road_2_5_3_1;road_2_5_3_1;road_2_5_3_2;road_2_5_3_2;road_2_5_3_2;road_3_4_2_0;road_3_4_2_0;road_3_4_2_0;road_3_4_2_1;road_3_4_2_1;road_3_4_2_1;road_3_4_2_2;road_3_4_2_2;road_3_4_2_2;road_2_3_1_0;road_2_3_1_0;road_2_3_1_0;road_2_3_1_1;road_2_3_1_1;road_2_3_1_1;road_2_3_1_2;road_2_3_1_2;road_2_3_1_2;road_1_4_0_0;road_1_4_0_0;road_1_4_0_0;road_1_4_0_1;road_1_4_0_1;road_1_4_0_1;road_1_4_0_2;road_1_4_0_2;road_1_4_0_2,GGGrrrrrrGGGGGGrrrGGGrrrrrrGGGGGGrrr
240,intersection_3_1,road_3_2_3_0;road_3_2_3_0;road_3_2_3_0;road_3_2_3_1;road_3_2_3_1;road_3_2_3_1;road_3_2_3_2;road_3_2_3_2;road_3_2_3_2;road_4_1_2_0;road_4_1_2_0;road_4_1_2_0;road_4_1_2_1;road_4_1_2_1;road_4_1_2_1;road_4_1_2_2;road_4_1_2_2;road_4_1_2_2;road_3_0_1_0;road_3_0_1_0;road_3_0_1_0;road_3_0_1_1;road_3_0_1_1;road_3_0_1_1;road_3_0_1_2;road_3_0_1_2;road_3_0_1_2;road_2_1_0_0;road_2_1_0_0;road_2_1_0_0;road_2_1_0_1;road_2_1_0_1;road_2_1_0_1;road_2_1_0_2;road_2_1_0_2;road_2_1_0_2,GGGrrrrrrGGGGGGrrrGGGrrrrrrGGGGGGrrr
240,intersection_3_2,road_3_3_3_0;road_3_3_3_0;road_3_3_3_0;road_3_3_3_1;road_3_3_3_1;road_3_3_3_1;road_3_3_3_2;road_3_3_3_2;road_3_3_3_2;road_4_2_2_0;road_4_2_2_0;road_4_2_2_0;road_4_2_2_1;road_4_2_2_1;road_4_2_2_1;road_4_2_2_2;road_4_2_2_2;road_4_2_2_2;road_3_1_1_0;road_3_1_1_0;road_3_1_1_0;road_3_1_1_1;road_3_1_1_1;road_3_1_1_1;road_3_1_1_2;road_3_1_1_2;road_3_1_1_2;road_2_2_0_0;road_2_2_0_0;road_2_2_0_0;road_2_2_0_1;road_2_2_0_1;road_2_2_0_1;road_2_2_0_2;road_2_2_0_2;road_2_2_0_2,GGGrrrrrrGGGGGGrrrGGGrrrrrrGGGGGGrrr
240,intersection_3_3,road_3_4_3_0;road_3_4_3_0;road_3_4_3_0;road_3_4_3_1;road_3_4_3_1;road_3_4_3_1;road_3_4_3_2;road_3_4_3_2;road_3_4_3_2;road_4_3_2_0;road_4_3_2_0;road_4_3_2_0;road_4_3_2_1;road_4_3_2_1;road_4_3_2_1;road_4_3_2_2;road_4_3_2_2;road_4_3_2_2;road_3_2_1_0;road_3_2_1_0;road_3_2_1_0;road_3_2_1_1;road_3_2_1_1;road_3_2_1_1;road_3_2_1_2;road_3_2_1_2;road_3_2_1_2;road_2_3_0_0;road_2_3_0_0;road_2_3_0_0;road_2_3_0_1;road_2_3_0_1;road_2_3_0_1;road_2_3_0_2;road_2_3_0_2;road_2_3_0_2,GGGrrrrrrGGGGGGrrrGGGrrrrrrGGGGGGrrr
240,intersection_3_4,road_3_5_3_0;road_3_5_3_0;road_3_5_3_0;road_3_5_3_1;road_3_5_3_1;road_3_5_3_1;road_3_5_3_2;road_3_5_3_2;road_3_5_3_2;road_4_4_2_0;road_4_4_2_0;road_4_4_2_0;road_4_4_2_1;road_4_4_2_1;road_4_4_2_1;road_4_4_2_2;road_4_4_2_2;road_4_4_2_2;road_3_3_1_0;road_3_3_1_0;road_3_3_1_0;road_3_3_1_1;road_3_3_1_1;road_3_3_1_1;road_3_3_1_2;road_3_3_1_2;road_3_3_1_2;road_2_4_0_0;road_2_4_0_0;road_2_4_0_0;road_2_4_0_1;road_2_4_0_1;road_2_4_0_1;road_2_4_0_2;road_2_4_0_2;road_2_4_0_2,GGGrrrrrrGGGGGGrrrGGGrrrrrrGGGGGGrrr
240,intersection_4_1,road_4_2_3_0;road_4_2_3_0;road_4_2_3_0;road_4_2_3_1;road_4_2_3_1;road_4_2_3_1;road_4_2_3_2;road_4_2_3_2;road_4_2_3_2;road_5_1_2_0;road_5_1_2_0;road_5_1_2_0;road_5_1_2_1;road_5_1_2_1;road_5_1_2_1;road_5_1_2_2;road_5_1_2_2;road_5_1_2_2;road_4_0_1_0;road_4_0_1_0;road_4_0_1_0;road_4_0_1_1;road_4_0_1_1;road_4_0_1_1;road_4_0_1_2;road_4_0_1_2;road_4_0_1_2;road_3_1_0_0;road_3_1_0_0;road_3_1_0_0;road_3_1_0_1;road_3_1_0_1;road_3_1_0_1;road_3_1_0_2;road_3_1_0_2;road_3_1_0_2,GGGrrrrrrGGGGGGrrrGGGrrrrrrGGGGGGrrr
240,intersection_4_2,road_4_3_3_0;road_4_3_3_0;road_4_3_3_0;road_4_3_3_1;road_4_3_3_1;road_4_3_3_1;road_4_3_3_2;road_4_3_3_2;road_4_3_3_2;road_5_2_2_0;road_5_2_2_0;road_5_2_2_0;road_5_2_2_1;road_5_2_2_1;road_5_2_2_1;road_5_2_2_2;road_5_2_2_2;road_5_2_2_2;road_4_1_1_0;road_4_1_1_0;road_4_1_1_0;road_4_1_1_1;road_4_1_1_1;road_4_1_1_1;road_4_1_1_2;road_4_1_1_2;road_4_1_1_2;road_3_2_0_0;road_3_2_0_0;road_3_2_0_0;road_3_2_0_1;road_3_2_0_1;road_3_2_0_1;road_3_2_0_2;road_3_2_0_2;road_3_2_0_2,GGGrrrrrrGGGGGGrrrGGGrrrrrrGGGGGGrrr
240,intersection_4_3,road_4_4_3_0;road_4_4_3_0;road_4_4_3_0;road_4_4_3_1;road_4_4_3_1;road_4_4_3_1;road_4_4_3_2;road_4_4_3_2;road_4_4_3_2;road_5_3_2_0;road_5_3_2_0;road_5_3_2_0;road_5_3_2_1;road_5_3_2_1;road_5_3_2_1;road_5_3_2_2;road_5_3_2_2;road_5_3_2_2;road_4_2_1_0;road_4_2_1_0;road_4_2_1_0;road_4_2_1_1;road_4_2_1_1;road_4_2_1_1;road_4_2_1_2;road_4_2_1_2;road_4_2_1_2;road_3_3_0_0;road_3_3_0_0;road_3_3_0_0;road_3_3_0_1;road_3_3_0_1;road_3_3_0_1;road_3_3_0_2;road_3_3_0_2;road_3_3_0_2,GGGrrrGGGGGGrrrrrrGGGrrrGGGGGGrrrrrr
240,intersection_4_4,road_4_5_3_0;road_4_5_3_0;road_4_5_3_0;road_4_5_3_1;road_4_5_3_1;road_4_5_3_1;road_4_5_3_2;road_4_5_3_2;road_4_5_3_2;road_5_4_2_0;road_5_4_2_0;road_5_4_2_0;road_5_4_2_1;road_5_4_2_1;road_5_4_2_1;road_5_4_2_2;road_5_4_2_2;road_5_4_2_2;road_4_3_1_0;road_4_3_1_0;road_4_3_1_0;road_4_3_1_1;road_4_3_1_1;road_4_3_1_1;road_4_3_1_2;road_4_3_1_2;road_4_3_1_2;road_3_4_0_0;road_3_4_0_0;road_3_4_0_0;road_3_4_0_1;road_3_4_0_1;road_3_4_0_1;road_3_4_0_2;road_3_4_0_2;road_3_4_0_2,GGGrrrGGGGGGrrrrrrGGGrrrGGGGGGrrrrrr
250,intersection_1_1,road_1_2_3_0;road_1_2_3_0;road_1_2_3_0;road_1_2_3_1;road_1_2_3_1;road_1_2_3_1;road_1_2_3_2;road_1_2_3_2;road_1_2_3_2;road_2_1_2_0;road_2_1_2_0;road_2_1_2_0;road_2_1_2_1;road_2_1_2_1;road_2_1_2_1;road_2_1_2_2;road_2_1_2_2;road_2_1_2_2;road_1_0_1_0;road_1_0_1_0;road_1_0_1_0;road_1_0_1_1;road_1_0_1_1;road_1_0_1_1;road_1_0_1_2;road_1_0_1_2;road_1_0_1_2;road_0_1_0_0;road_0_1_0_0;road_0_1_0_0;road_0_1_0_1;road_0_1_0_1;road_0_1_0_1;road_0_1_0_2;road_0_1_0_2;road_0_1_0_2,GGGrrrGGGGGGrrrrrrGGGrrrGGGGGGrrrrrr
250,intersection_1_2,road_1_3_3_0;road_1_3_3_0;road_1_3_3_0;road_1_3_3_1;road_1_3_3_1;road_1_3_3_1;road_1_3_3_2;road_1_3_3_2;road_1_3_3_2;road_2_2_2_0;road_2_2_2_0;road_2_2_2_0;road_2_2_2_1;road_2_2_2_1;road_2_2_2_1;road_2_2_2_2;road_2_2_2_2;road_2_2_2_2;road_1_1_1_0;road_1_1_1_0;road_1_1_1_0;road_1_1_1_1;road_1_1_1_1;road_1_1_1_1;road_1_1_1_2;road_1_1_1_2;road_1_1_1_2;road_0_2_0_0;road_0_2_0_0;road_0_2_0_0;road_0_2_0_1;road_0_2_0_1;road_0_2_0_1;road_0_2_0_2;road_0_2_0_2;road_0_2_0_2,GGGrrrrrrGGGGGGrrrGGGrrrrrrGGGGGGrrr
250,intersection_1_3,road_1_4_3_0;road_1_4_3_0;road_1_4_3_0;road_1_4_3_1;road_1_4_3_1;road_1_4_3_1;road_1_4_3_2;road_1_4_3_2;road_1_4_3_2;road_2_3_2_0;road_2_3_2_0;road_2_3_2_0;road_2_3_2_1;road_2_3_2_1;road_2_3_2_1;road_2_3_2_2;road_2_3_2_2;road_2_3_2_2;road_1_2_1_0;road_1_2_1_0;road_1_2_1_0;road_1_2_1_1;road_1_2_1_1;road_1_2_1_1;road_1_2_1_2;road_1_2_1_2;road_1_2_1_2;road_0_3_0_0;road_0_3_0_0;road_0_3_0_0;road_0_3_0_1;road_0_3_0_1;road_0_3_0_1;road_0_3_0_2;road_0_3_0_2;road_0_3_0_2,GGGrrrrrrGGGGGGrrrGGGrrrrrrGGGGGGrrr
250,intersection_1_4,road_1_5_3_0;road_1_5_3_0;road_1_5_3_0;road_1_5_3_1;road_1_5_3_1;road_1_5_3_1;road_1_5_3_2;road_1_5_3_2;road_1_5_3_2;road_2_4_2_0;road_2_4_2_0;road_2_4_2_0;road_2_4_2_1;road_2_4_2_1;road_2_4_2_1;road_2_4_2_2;road_2_4_2_2;road_2_4_2_2;road_1_3_1_0;road_1_3_1_0;road_1_3_1_0;road_1_3_1_1;road_1_3_1_1;road_1_3_1_1;road_1_3_1_2;road_1_3_1_2;road_1_3_1_2;road_0_4_0_0;road_0_4_0_0;road_0_4_0_0;road_0_4_0_1;road_0_4_0_1;road_0_4_0_1;road_0_4_0_2;road_0_4_0_2;road_0_4_0_2,GGGGGGrrrGGGrrrrrrGGGGGGrrrGGGrrrrrr
250,intersection_2_1,road_2_2_3_0;road_2_2_3_0;road_2_2_3_0;road_2_2_3_1;road_2_2_3_1;road_2_2_3_1;road_2_2_3_2;road_2_2_3_2;road_2_2_3_2;road_3_1_2_0;road_3_1_2_0;road_3_1_2_0;road_3_1_2_1;road_3_1_2_1;road_3_1_2_1;road_3_1_2_2;road_3_1_2_2;road_3_1_2_2;road_2_0_1_0;road_2_0_1_0;road_2_0_1_0;road_2_0_1_1;road_2_0_1_1;road_2_0_1_1;road_2_0_1_2;road_2_0_1_2;road_2_0_1_2;road_1_1_0_0;road_1_1_0_0;road_1_1_0_0;road_1_1_0_1;road_1_1_0_1;road_1_1_0_1;road_1_1_0_2;road_1_1_0_2;road_1_1_0_2,GGGrrrrrrGGGGGGrrrGGGrrrrrrGGGGGGrrr
250,intersection_2_2,road_2_3_3_0;road_2_3_3_0;road_2_3_3_0;road_2_3_3_1;road_2_3_3_1;road_2_3_3_1;road_2_3_3_2;road_2_3_3_2;road_2_3_3_2;road_3_2_2_0;road_3_2_2_0;road_3_2_2_0;road_3_2_2_1;road_3_2_2_1;road_3_2_2_1;road_3_2_2_2;road_3_2_2_2;road_3_2_2_2;road_2_1_1_0;road_2_1_1_0;road_2_1_1_0;road_2_1_1_1;road_2_1_1_1;road_2_1_1_1;road_2_1_1_2;road_2_1_1_2;road_2_1_1_2;road_1_2_0_0;road_1_2_0_0;road_1_2_0_0;road_1_2_0_1;road_1_2_0_1;road_1_2_0_1;road_1_2_0_2;road_1_2_0_2;road_1_2_0_2,GGGrrrrrrGGGGGGrrrGGGrrrrrrGGGGGGrrr
250,intersection_2_3,road_2_4_3_0;road_2_4_3_0;road_2_4_3_0;road_2_4_3_1;road_2_4_3_1;road_2_4_3_1;road_2_4_3_2;road_2_4_3_2;road_2_4_3_2;road_3_3_2_0;road_3_3_2_0;road_3_3_2_0;road_3_3_2_1;road_3_3_2_1;road_3_3_2_1;road_3_3_2_2;road_3_3_2_2;road_3_3_2_2;road_2_2_1_0;road_2_2_1_0;road_2_2_1_0;road_2_2_1_1;road_2_2_1_1;road_2_2_1_1;road_2_2_1_2;road_2_2_1_2;road_2_2_1_2;road_1_3_0_0;road_1_3_0_0;road_1_3_0_0;road_1_3_0_1;road_1_3_0_1;road_1_3_0_1;road_1_3_0_2;road_1_3_0_2;road_1_3_0_2,GGGrrrrrrGGGGGGrrrGGGrrrrrrGGGGGGrrr
250,intersection_2_4,road_2_5_3_0;road_2_5_3_0;road_2_5_3_0;road_2_5_3_1;road_2_5_3_1;road_2_5_3_1;road_2_5_3_2;road_2_5_3_2;road_2_5_3_2;road_3_4_2_0;road_3_4_2_0;road_3_4_2_0;road_3_4_2_1;road_3_4_2_1;road_3_4_2_1;road_3_4_2_2;road_3_4_2_2;road_3_4_2_2;road_2_3_1_0;road_2_3_1_0;road_2_3_1_0;road_2_3_1_1;road_2_3_1_1;road_2_3_1_1;road_2_3_1_2;road_2_3_1_2;road_2_3_1_2;road_1_4_0_0;road_1_4_0_0;road_1_4_0_0;road_1_4_0_1;road_1_4_0_1;road_1_4_0_1;road_1_4_0_2;road_1_4_0_2;road_1_4_0_2,GGGrrrrrrGGGGGGrrrGGGrrrrrrGGGGGGrrr
250,intersection_3_1,road_3_2_3_0;road_3_2_3_0;road_3_2_3_0;road_3_2_3_1;road_3_2_3_1;road_3_2_3_1;road_3_2_3_2;road_3_2_3_2;road_3_2_3_2;road_4_1_2_0;road_4_1_2_0;road_4_1_2_0;road_4_1_2_1;road_4_1_2_1;road_4_1_2_1;road_4_1_2_2;road_4_1_2_2;road_4_1_2_2;road_3_0_1_0;road_3_0_1_0;road_3_0_1_0;road_3_0_1_1;road_3_0_1_1;road_3_0_1_1;road_3_0_1_2;road_3_0_1_2;road_3_0_1_2;road_2_1_0_0;road_2_1_0_0;road_2_1_0_0;road_2_1_0_1;road_2_1_0_1;road_2_1_0_1;road_2_1_0_2;road_2_1_0_2;road_2_1_0_2,GGGrrrrrrGGGGGGrrrGGGrrrrrrGGGGGGrrr
250,intersection_3_2,road_3_3_3_0;road_3_3_3_0;road_3_3_3_0;road_3_3_3_1;road_3_3_3_1;road_3_3_3_1;road_3_3_3_2;road_3_3_3_2;road_3_3_3_2;road_4_2_2_0;road_4_2_2_0;road_4_2_2_0;road_4_2_2_1;road_4_2_2_1;road_4_2_2_1;road_4_2_2_2;road_4_2_2_2;road_4_2_2_2;road_3_1_1_0;road_3_1_1_0;road_3_1_1_0;road_3_1_1_1;road_3_1_1_1;road_3_1_1_1;road_3_1_1_2;road_3_1_1_2;road_3_1_1_2;road_2_2_0_0;road_2_2_0_0;road_2_2_0_0;road_2_2_0_1;road_2_2_0_1;road_2_2_0_1;road_2_2_0_2;road_2_2_0_2;road_2_2_0_2,GGGrrrrrrGGGGGGrrrGGGrrrrrrGGGGGGrrr
250,intersection_3_3,road_3_4_3_0;road_3_4_3_0;road_3_4_3_0;road_3_4_3_1;road_3_4_3_1;road_3_4_3_1;road_3_4_3_2;road_3_4_3_2;road_3_4_3_2;road_4_3_2_0;road_4_3_2_0;road_4_3_2_0;road_4_3_2_1;road_4_3_2_1;road_4_3_2_1;road_4_3_2_2;road_4_3_2_2;road_4_3_2_2;road_3_2_1_0;road_3_2_1_0;road_3_2_1_0;road_3_2_1_1;road_3_2_1_1;road_3_2_1_1;road_3_2_1_2;road_3_2_1_2;road_3_2_1_2;road_2_3_0_0;road_2_3_0_0;road_2_3_0_0;road_2_3_0_1;road_2_3_0_1;road_2_3_0_1;road_2_3_0_2;road_2_3_0_2;road_2_3_0_2,GGGrrrrrrGGGGGGrrrGGGrrrrrrGGGGGGrrr
250,intersection_3_4,road_3_5_3_0;road_3_5_3_0;road_3_5_3_0;road_3_5_3_1;road_3_5_3_1;road_3_5_3_1;road_3_5_3_2;road_3_5_3_2;road_3_5_3_2;road_4_4_2_0;road_4_4_2_0;road_4_4_2_0;road_4_4_2_1;road_4_4_2_1;road_4_4_2_1;road_4_4_2_2;road_4_4_2_2;road_4_4_2_2;road_3_3_1_0;road_3_3_1_0;road_3_3_1_0;road_3_3_1_1;road_3_3_1_1;road_3_3_1_1;road_3_3_1_2;road_3_3_1_2;road_3_3_1_2;road_2_4_0_0;road_2_4_0_0;road_2_4_0_0;road_2_4_0_1;road_2_4_0_1;road_2_4_0_1;road_2_4_0_2;road_2_4_0_2;road_2_4_0_2,GGGrrrrrrGGGGGGrrrGGGrrrrrrGGGGGGrrr
250,intersection_4_1,road_4_2_3_0;road_4_2_3_0;road_4_2_3_0;road_4_2_3_1;road_4_2_3_1;road_4_2_3_1;road_4_2_3_2;road_4_2_3_2;road_4_2_3_2;road_5_1_2_0;road_5_1_2_0;road_5_1_2_0;road_5_1_2_1;road_5_1_2_1;road_5_1_2_1;road_5_1_2_2;road_5_1_2_2;road_5_1_2_2;road_4_0_1_0;road_4_0_1_0;road_4_0_1_0;road_4_0_1_1;road_4_0_1_1;road_4_0_1_1;road_4_0_1_2;road_4_0_1_2;road_4_0_1_2;road_3_1_0_0;road_3_1_0_0;road_3_1_0_0;road_3_1_0_1;road_3_1_0_1;road_3_1_0_1;road_3_1_0_2;road_3_1_0_2;road_3_1_0_2,GGGrrrrrrGGGGGGrrrGGGrrrrrrGGGGGGrrr
250,intersection_4_2,road_4_3_3_0;road_4_3_3_0;road_4_3_3_0;road_4_3_3_1;road_4_3_3_1;road_4_3_3_1;road_4_3_3_2;road_4_3_3_2;road_4_3_3_2;road_5_2_2_0;road_5_2_2_0;road_5_2_2_0;road_5_2_2_1;road_5_2_2_1;road_5_2_2_1;road_5_2_2_2;road_5_2_2_2;road_5_2_2_2;road_4_1_1_0;road_4_1_1_0;road_4_1_1_0;road_4_1_1_1;road_4_1_1_1;road_4_1_1_1;road_4_1_1_2;road_4_1_1_2;road_4_1_1_2;road_3_2_0_0;road_3_2_0_0;road_3_2_0_0;road_3_2_0_1;road_3_2_0_1;road_3_2_0_1;road_3_2_0_2;road_3_2_0_2;road_3_2_0_2,GGGrrrrrrGGGGGGrrrGGGrrrrrrGGGGGGrrr
250,intersection_4_3,road_4_4_3_0;road_4_4_3_0;road_4_4_3_0;road_4_4_3_1;road_4_4_3_1;road_4_4_3_1;road_4_4_3_2;road_4_4_3_2;road_4_4_3_2;road_5_3_2_0;road_5_3_2_0;road_5_3_2_0;road_5_3_2_1;road_5_3_2_1;road_5_3_2_1;road_5_3_2_2;road_5_3_2_2;road_5_3_2_2;road_4_2_1_0;road_4_2_1_0;road_4_2_1_0;road_4_2_1_1;road_4_2_1_1;road_4_2_1_1;road_4_2_1_2;road_4_2_1_2;road_4_2_1_2;road_3_3_0_0;road_3_3_0_0;road_3_3_0_0;road_3_3_0_1;road_3_3_0_1;road_3_3_0_1;road_3_3_0_2;road_3_3_0_2;road_3_3_0_2,GGGrrrGGGGGGrrrrrrGGGrrrGGGGGGrrrrrr
250,intersection_4_4,road_4_5_3_0;road_4_5_3_0;road_4_5_3_0;road_4_5_3_1;road_4_5_3_1;road_4_5_3_1;road_4_5_3_2;road_4_5_3_2;road_4_5_3_2;road_5_4_2_0;road_5_4_2_0;road_5_4_2_0;road_5_4_2_1;road_5_4_2_1;road_5_4_2_1;road_5_4_2_2;road_5_4_2_2;road_5_4_2_2;road_4_3_1_0;road_4_3_1_0;road_4_3_1_0;road_4_3_1_1;road_4_3_1_1;road_4_3_1_1;road_4_3_1_2;road_4_3_1_2;road_4_3_1_2;road_3_4_0_0;road_3_4_0_0;road_3_4_0_0;road_3_4_0_1;road_3_4_0_1;road_3_4_0_1;road_3_4_0_2;road_3_4_0_2;road_3_4_0_2,GGGrrrGGGGGGrrrrrrGGGrrrGGGGGGrrrrrr
260,intersection_1_1,road_1_2_3_0;road_1_2_3_0;road_1_2_3_0;road_1_2_3_1;road_1_2_3_1;road_1_2_3_1;road_1_2_3_2;road_1_2_3_2;road_1_2_3_2;road_2_1_2_0;road_2_1_2_0;road_2_1_2_0;road_2_1_2_1;road_2_1_2_1;road_2_1_2_1;road_2_1_2_2;road_2_1_2_2;road_2_1_2_2;road_1_0_1_0;road_1_0_1_0;road_1_0_1_0;road_1_0_1_1;road_1_0_1_1;road_1_0_1_1;road_1_0_1_2;road_1_0_1_2;road_1_0_1_2;road_0_1_0_0;road_0_1_0_0;road_0_1_0_0;road_0_1_0_1;road_0_1_0_1;road_0_1_0_1;road_0_1_0_2;road_0_1_0_2;road_0_1_0_2,GGGrrrGGGGGGrrrrrrGGGrrrGGGGGGrrrrrr
260,intersection_1_2,road_1_3_3_0;road_1_3_3_0;road_1_3_3_0;road_1_3_3_1;road_1_3_3_1;road_1_3_3_1;road_1_3_3_2;road_1_3_3_2;road_1_3_3_2;road_2_2_2_0;road_2_2_2_0;road_2_2_2_0;road_2_2_2_1;road_2_2_2_1;road_2_2_2_1;road_2_2_2_2;road_2_2_2_2;road_2_2_2_2;road_1_1_1_0;road_1_1_1_0;road_1_1_1_0;road_1_1_1_1;road_1_1_1_1;road_1_1_1_1;road_1_1_1_2;road_1_1_1_2;road_1_1_1_2;road_0_2_0_0;road_0_2_0_0;road_0_2_0_0;road_0_2_0_1;road_0_2_0_1;road_0_2_0_1;road_0_2_0_2;road_0_2_0_2;road_0_2_0_2,GGGrrrrrrGGGGGGrrrGGGrrrrrrGGGGGGrrr
260,intersection_1_3,road_1_4_3_0;road_1_4_3_0;road_1_4_3_0;road_1_4_3_1;road_1_4_3_1;road_1_4_3_1;road_1_4_3_2;road_1_4_3_2;road_1_4_3_2;road_2_3_2_0;road_2_3_2_0;road_2_3_2_0;road_2_3_2_1;road_2_3_2_1;road_2_3_2_1;road_2_3_2_2;road_2_3_2_2;road_2_3_2_2;road_1_2_1_0;road_1_2_1_0;road_1_2_1_0;road_1_2_1_1;road_1_2_1_1;road_1_2_1_1;road_1_2_1_2;road_1_2_1_2;road_1_2_1_2;road_0_3_0_0;road_0_3_0_0;road_0_3_0_0;road_0_3_0_1;road_0_3_0_1;road_0_3_0_1;road_0_3_0_2;road_0_3_0_2;road_0_3_0_2,GGGrrrrrrGGGGGGrrrGGGrrrrrrGGGGGGrrr
260,intersection_1_4,road_1_5_3_0;road_1_5_3_0;road_1_5_3_0;road_1_5_3_1;road_1_5_3_1;road_1_5_3_1;road_1_5_3_2;road_1_5_3_2;road_1_5_3_2;road_2_4_2_0;road_2_4_2_0;road_2_4_2_0;road_2_4_2_1;road_2_4_2_1;road_2_4_2_1;road_2_4_2_2;road_2_4_2_2;road_2_4_2_2;road_1_3_1_0;road_1_3_1_0;road_1_3_1_0;road_1_3_1_1;road_1_3_1_1;road_1_3_1_1;road_1_3_1_2;road_1_3_1_2;road_1_3_1_2;road_0_4_0_0;road_0_4_0_0;road_0_4_0_0;road_0_4_0_1;road_0_4_0_1;road_0_4_0_1;road_0_4_0_2;road_0_4_0_2;road_0_4_0_2,GGGGGGrrrGGGrrrrrrGGGGGGrrrGGGrrrrrr
260,intersection_2_1,road_2_2_3_0;road_2_2_3_0;road_2_2_3_0;road_2_2_3_1;road_2_2_3_1;road_2_2_3_1;road_2_2_3_2;road_2_2_3_2;road_2_2_3_2;road_3_1_2_0;road_3_1_2_0;road_3_1_2_0;road_3_1_2_1;road_3_1_2_1;road_3_1_2_1;road_3_1_2_2;road_3_1_2_2;road_3_1_2_2;road_2_0_1_0;road_2_0_1_0;road_2_0_1_0;road_2_0_1_1;road_2_0_1_1;road_2_0_1_1;road_2_0_1_2;road_2_0_1_2;road_2_0_1_2;road_1_1_0_0;road_1_1_0_0;road_1_1_0_0;road_1_1_0_1;road_1_1_0_1;road_1_1_0_1;road_1_1_0_2;road_1_1_0_2;road_1_1_0_2,GGGrrrrrrGGGGGGrrrGGGrrrrrrGGGGGGrrr
260,intersection_2_2,road_2_3_3_0;road_2_3_3_0;road_2_3_3_0;road_2_3_3_1;road_2_3_3_1;road_2_3_3_1;road_2_3_3_2;road_2_3_3_2;road_2_3_3_2;road_3_2_2_0;road_3_2_2_0;road_3_2_2_0;road_3_2_2_1;road_3_2_2_1;road_3_2_2_1;road_3_2_2_2;road_3_2_2_2;road_3_2_2_2;road_2_1_1_0;road_2_1_1_0;road_2_1_1_0;road_2_1_1_1;road_2_1_1_1;road_2_1_1_1;road_2_1_1_2;road_2_1_1_2;road_2_1_1_2;road_1_2_0_0;road_1_2_0_0;road_1_2_0_0;road_1_2_0_1;road_1_2_0_1;road_1_2_0_1;road_1_2_0_2;road_1_2_0_2;road_1_2_0_2,GGGrrrrrrGGGGGGrrrGGGrrrrrrGGGGGGrrr
260,intersection_2_3,road_2_4_3_0;road_2_4_3_0;road_2_4_3_0;road_2_4_3_1;road_2_4_3_1;road_2_4_3_1;road_2_4_3_2;road_2_4_3_2;road_2_4_3_2;road_3_3_2_0;road_3_3_2_0;road_3_3_2_0;road_3_3_2_1;road_3_3_2_1;road_3_3_2_1;road_3_3_2_2;road_3_3_2_2;road_3_3_2_2;road_2_2_1_0;road_2_2_1_0;road_2_2_1_0;road_2_2_1_1;road_2_2_1_1;road_2_2_1_1;road_2_2_1_2;road_2_2_1_2;road_2_2_1_2;road_1_3_0_0;road_1_3_0_0;road_1_3_0_0;road_1_3_0_1;road_1_3_0_1;road_1_3_0_1;road_1_3_0_2;road_1_3_0_2;road_1_3_0_2,GGGrrrrrrGGGGGGrrrGGGrrrrrrGGGGGGrrr
260,intersection_2_4,road_2_5_3_0;road_2_5_3_0;road_2_5_3_0;road_2_5_3_1;road_2_5_3_1;road_2_5_3_1;road_2_5_3_2;road_2_5_3_2;road_2_5_3_2;road_3_4_2_0;road_3_4_2_0;road_3_4_2_0;road_3_4_2_1;road_3_4_2_1;road_3_4_2_1;road_3_4_2_2;road_3_4_2_2;road_3_4_2_2;road_2_3_1_0;road_2_3_1_0;road_2_3_1_0;road_2_3_1_1;road_2_3_1_1;road_2_3_1_1;road_2_3_1_2;road_2_3_1_2;road_2_3_1_2;road_1_4_0_0;road_1_4_0_0;road_1_4_0_0;road_1_4_0_1;road_1_4_0_1;road_1_4_0_1;road_1_4_0_2;road_1_4_0_2;road_1_4_0_2,GGGrrrrrrGGGGGGrrrGGGrrrrrrGGGGGGrrr
260,intersection_3_1,road_3_2_3_0;road_3_2_3_0;road_3_2_3_0;road_3_2_3_1;road_3_2_3_1;road_3_2_3_1;road_3_2_3_2;road_3_2_3_2;road_3_2_3_2;road_4_1_2_0;road_4_1_2_0;road_4_1_2_0;road_4_1_2_1;road_4_1_2_1;road_4_1_2_1;road_4_1_2_2;road_4_1_2_2;road_4_1_2_2;road_3_0_1_0;road_3_0_1_0;road_3_0_1_0;road_3_0_1_1;road_3_0_1_1;road_3_0_1_1;road_3_0_1_2;road_3_0_1_2;road_3_0_1_2;road_2_1_0_0;road_2_1_0_0;road_2_1_0_0;road_2_1_0_1;road_2_1_0_1;road_2_1_0_1;road_2_1_0_2;road_2_1_0_2;road_2_1_0_2,GGGrrrrrrGGGGGGrrrGGGrrrrrrGGGGGGrrr
260,intersection_3_2,road_3_3_3_0;road_3_3_3_0;road_3_3_3_0;road_3_3_3_1;road_3_3_3_1;road_3_3_3_1;road_3_3_3_2;road_3_3_3_2;road_3_3_3_2;road_4_2_2_0;road_4_2_2_0;road_4_2_2_0;road_4_2_2_1;road_4_2_2_1;road_4_2_2_1;road_4_2_2_2;road_4_2_2_2;road_4_2_2_2;road_3_1_1_0;road_3_1_1_0;road_3_1_1_0;road_3_1_1_1;road_3_1_1_1;road_3_1_1_1;road_3_1_1_2;road_3_1_1_2;road_3_1_1_2;road_2_2_0_0;road_2_2_0_0;road_2_2_0_0;road_2_2_0_1;road_2_2_0_1;road_2_2_0_1;road_2_2_0_2;road_2_2_0_2;road_2_2_0_2,GGGrrrrrrGGGGGGrrrGGGrrrrrrGGGGGGrrr
260,intersection_3_3,road_3_4_3_0;road_3_4_3_0;road_3_4_3_0;road_3_4_3_1;road_3_4_3_1;road_3_4_3_1;road_3_4_3_2;road_3_4_3_2;road_3_4_3_2;road_4_3_2_0;road_4_3_2_0;road_4_3_2_0;road_4_3_2_1;road_4_3_2_1;road_4_3_2_1;road_4_3_2_2;road_4_3_2_2;road_4_3_2_2;road_3_2_1_0;road_3_2_1_0;road_3_2_1_0;road_3_2_1_1;road_3_2_1_1;road_3_2_1_1;road_3_2_1_2;road_3_2_1_2;road_3_2_1_2;road_2_3_0_0;road_2_3_0_0;road_2_3_0_0;road_2_3_0_1;road_2_3_0_1;road_2_3_0_1;road_2_3_0_2;road_2_3_0_2;road_2_3_0_2,GGGrrrrrrGGGGGGrrrGGGrrrrrrGGGGGGrrr
260,intersection_3_4,road_3_5_3_0;road_3_5_3_0;road_3_5_3_0;road_3_5_3_1;road_3_5_3_1;road_3_5_3_1;road_3_5_3_2;road_3_5_3_2;road_3_5_3_2;road_4_4_2_0;road_4_4_2_0;road_4_4_2_0;road_4_4_2_1;road_4_4_2_1;road_4_4_2_1;road_4_4_2_2;road_4_4_2_2;road_4_4_2_2;road_3_3_1_0;road_3_3_1_0;road_3_3_1_0;road_3_3_1_1;road_3_3_1_1;road_3_3_1_1;road_3_3_1_2;road_3_3_1_2;road_3_3_1_2;road_2_4_0_0;road_2_4_0_0;road_2_4_0_0;road_2_4_0_1;road_2_4_0_1;road_2_4_0_1;road_2_4_0_2;road_2_4_0_2;road_2_4_0_2,GGGrrrrrrGGGGGGrrrGGGrrrrrrGGGGGGrrr
260,intersection_4_1,road_4_2_3_0;road_4_2_3_0;road_4_2_3_0;road_4_2_3_1;road_4_2_3_1;road_4_2_3_1;road_4_2_3_2;road_4_2_3_2;road_4_2_3_2;road_5_1_2_0;road_5_1_2_0;road_5_1_2_0;road_5_1_2_1;road_5_1_2_1;road_5_1_2_1;road_5_1_2_2;road_5_1_2_2;road_5_1_2_2;road_4_0_1_0;road_4_0_1_0;road_4_0_1_0;road_4_0_1_1;road_4_0_1_1;road_4_0_1_1;road_4_0_1_2;road_4_0_1_2;road_4_0_1_2;road_3_1_0_0;road_3_1_0_0;road_3_1_0_0;road_3_1_0_1;road_3_1_0_1;road_3_1_0_1;road_3_1_0_2;road_3_1_0_2;road_3_1_0_2,GGGrrrrrrGGGGGGrrrGGGrrrrrrGGGGGGrrr
260,intersection_4_2,road_4_3_3_0;road_4_3_3_0;road_4_3_3_0;road_4_3_3_1;road_4_3_3_1;road_4_3_3_1;road_4_3_3_2;road_4_3_3_2;road_4_3_3_2;road_5_2_2_0;road_5_2_2_0;road_5_2_2_0;road_5_2_2_1;road_5_2_2_1;road_5_2_2_1;road_5_2_2_2;road_5_2_2_2;road_5_2_2_2;road_4_1_1_0;road_4_1_1_0;road_4_1_1_0;road_4_1_1_1;road_4_1_1_1;road_4_1_1_1;road_4_1_1_2;road_4_1_1_2;road_4_1_1_2;road_3_2_0_0;road_3_2_0_0;road_3_2_0_0;road_3_2_0_1;road_3_2_0_1;road_3_2_0_1;road_3_2_0_2;road_3_2_0_2;road_3_2_0_2,GGGrrrrrrGGGGGGrrrGGGrrrrrrGGGGGGrrr
260,intersection_4_3,road_4_4_3_0;road_4_4_3_0;road_4_4_3_0;road_4_4_3_1;road_4_4_3_1;road_4_4_3_1;road_4_4_3_2;road_4_4_3_2;road_4_4_3_2;road_5_3_2_0;road_5_3_2_0;road_5_3_2_0;road_5_3_2_1;road_5_3_2_1;road_5_3_2_1;road_5_3_2_2;road_5_3_2_2;road_5_3_2_2;road_4_2_1_0;road_4_2_1_0;road_4_2_1_0;road_4_2_1_1;road_4_2_1_1;road_4_2_1_1;road_4_2_1_2;road_4_2_1_2;road_4_2_1_2;road_3_3_0_0;road_3_3_0_0;road_3_3_0_0;road_3_3_0_1;road_3_3_0_1;road_3_3_0_1;road_3_3_0_2;road_3_3_0_2;road_3_3_0_2,GGGrrrGGGGGGrrrrrrGGGrrrGGGGGGrrrrrr
260,intersection_4_4,road_4_5_3_0;road_4_5_3_0;road_4_5_3_0;road_4_5_3_1;road_4_5_3_1;road_4_5_3_1;road_4_5_3_2;road_4_5_3_2;road_4_5_3_2;road_5_4_2_0;road_5_4_2_0;road_5_4_2_0;road_5_4_2_1;road_5_4_2_1;road_5_4_2_1;road_5_4_2_2;road_5_4_2_2;road_5_4_2_2;road_4_3_1_0;road_4_3_1_0;road_4_3_1_0;road_4_3_1_1;road_4_3_1_1;road_4_3_1_1;road_4_3_1_2;road_4_3_1_2;road_4_3_1_2;road_3_4_0_0;road_3_4_0_0;road_3_4_0_0;road_3_4_0_1;road_3_4_0_1;road_3_4_0_1;road_3_4_0_2;road_3_4_0_2;road_3_4_0_2,GGGrrrGGGGGGrrrrrrGGGrrrGGGGGGrrrrrr
270,intersection_1_1,road_1_2_3_0;road_1_2_3_0;road_1_2_3_0;road_1_2_3_1;road_1_2_3_1;road_1_2_3_1;road_1_2_3_2;road_1_2_3_2;road_1_2_3_2;road_2_1_2_0;road_2_1_2_0;road_2_1_2_0;road_2_1_2_1;road_2_1_2_1;road_2_1_2_1;road_2_1_2_2;road_2_1_2_2;road_2_1_2_2;road_1_0_1_0;road_1_0_1_0;road_1_0_1_0;road_1_0_1_1;road_1_0_1_1;road_1_0_1_1;road_1_0_1_2;road_1_0_1_2;road_1_0_1_2;road_0_1_0_0;road_0_1_0_0;road_0_1_0_0;road_0_1_0_1;road_0_1_0_1;road_0_1_0_1;road_0_1_0_2;road_0_1_0_2;road_0_1_0_2,GGGrrrGGGGGGrrrrrrGGGrrrGGGGGGrrrrrr
270,intersection_1_2,road_1_3_3_0;road_1_3_3_0;road_1_3_3_0;road_1_3_3_1;road_1_3_3_1;road_1_3_3_1;road_1_3_3_2;road_1_3_3_2;road_1_3_3_2;road_2_2_2_0;road_2_2_2_0;road_2_2_2_0;road_2_2_2_1;road_2_2_2_1;road_2_2_2_1;road_2_2_2_2;road_2_2_2_2;road_2_2_2_2;road_1_1_1_0;road_1_1_1_0;road_1_1_1_0;road_1_1_1_1;road_1_1_1_1;road_1_1_1_1;road_1_1_1_2;road_1_1_1_2;road_1_1_1_2;road_0_2_0_0;road_0_2_0_0;road_0_2_0_0;road_0_2_0_1;road_0_2_0_1;road_0_2_0_1;road_0_2_0_2;road_0_2_0_2;road_0_2_0_2,GGGrrrrrrGGGGGGrrrGGGrrrrrrGGGGGGrrr
270,intersection_1_3,road_1_4_3_0;road_1_4_3_0;road_1_4_3_0;road_1_4_3_1;road_1_4_3_1;road_1_4_3_1;road_1_4_3_2;road_1_4_3_2;road_1_4_3_2;road_2_3_2_0;road_2_3_2_0;road_2_3_2_0;road_2_3_2_1;road_2_3_2_1;road_2_3_2_1;road_2_3_2_2;road_2_3_2_2;road_2_3_2_2;road_1_2_1_0;road_1_2_1_0;road_1_2_1_0;road_1_2_1_1;road_1_2_1_1;road_1_2_1_1;road_1_2_1_2;road_1_2_1_2;road_1_2_1_2;road_0_3_0_0;road_0_3_0_0;road_0_3_0_0;road_0_3_0_1;road_0_3_0_1;road_0_3_0_1;road_0_3_0_2;road_0_3_0_2;road_0_3_0_2,GGGrrrrrrGGGGGGrrrGGGrrrrrrGGGGGGrrr
270,intersection_1_4,road_1_5_3_0;road_1_5_3_0;road_1_5_3_0;road_1_5_3_1;road_1_5_3_1;road_1_5_3_1;road_1_5_3_2;road_1_5_3_2;road_1_5_3_2;road_2_4_2_0;road_2_4_2_0;road_2_4_2_0;road_2_4_2_1;road_2_4_2_1;road_2_4_2_1;road_2_4_2_2;road_2_4_2_2;road_2_4_2_2;road_1_3_1_0;road_1_3_1_0;road_1_3_1_0;road_1_3_1_1;road_1_3_1_1;road_1_3_1_1;road_1_3_1_2;road_1_3_1_2;road_1_3_1_2;road_0_4_0_0;road_0_4_0_0;road_0_4_0_0;road_0_4_0_1;road_0_4_0_1;road_0_4_0_1;road_0_4_0_2;road_0_4_0_2;road_0_4_0_2,GGGGGGrrrGGGrrrrrrGGGGGGrrrGGGrrrrrr
270,intersection_2_1,road_2_2_3_0;road_2_2_3_0;road_2_2_3_0;road_2_2_3_1;road_2_2_3_1;road_2_2_3_1;road_2_2_3_2;road_2_2_3_2;road_2_2_3_2;road_3_1_2_0;road_3_1_2_0;road_3_1_2_0;road_3_1_2_1;road_3_1_2_1;road_3_1_2_1;road_3_1_2_2;road_3_1_2_2;road_3_1_2_2;road_2_0_1_0;road_2_0_1_0;road_2_0_1_0;road_2_0_1_1;road_2_0_1_1;road_2_0_1_1;road_2_0_1_2;road_2_0_1_2;road_2_0_1_2;road_1_1_0_0;road_1_1_0_0;road_1_1_0_0;road_1_1_0_1;road_1_1_0_1;road_1_1_0_1;road_1_1_0_2;road_1_1_0_2;road_1_1_0_2,GGGrrrrrrGGGGGGrrrGGGrrrrrrGGGGGGrrr
270,intersection_2_2,road_2_3_3_0;road_2_3_3_0;road_2_3_3_0;road_2_3_3_1;road_2_3_3_1;road_2_3_3_1;road_2_3_3_2;road_2_3_3_2;road_2_3_3_2;road_3_2_2_0;road_3_2_2_0;road_3_2_2_0;road_3_2_2_1;road_3_2_2_1;road_3_2_2_1;road_3_2_2_2;road_3_2_2_2;road_3_2_2_2;road_2_1_1_0;road_2_1_1_0;road_2_1_1_0;road_2_1_1_1;road_2_1_1_1;road_2_1_1_1;road_2_1_1_2;road_2_1_1_2;road_2_1_1_2;road_1_2_0_0;road_1_2_0_0;road_1_2_0_0;road_1_2_0_1;road_1_2_0_1;road_1_2_0_1;road_1_2_0_2;road_1_2_0_2;road_1_2_0_2,GGGrrrrrrGGGGGGrrrGGGrrrrrrGGGGGGrrr
270,intersection_2_3,road_2_4_3_0;road_2_4_3_0;road_2_4_3_0;road_2_4_3_1;road_2_4_3_1;road_2_4_3_1;road_2_4_3_2;road_2_4_3_2;road_2_4_3_2;road_3_3_2_0;road_3_3_2_0;road_3_3_2_0;road_3_3_2_1;road_3_3_2_1;road_3_3_2_1;road_3_3_2_2;road_3_3_2_2;road_3_3_2_2;road_2_2_1_0;road_2_2_1_0;road_2_2_1_0;road_2_2_1_1;road_2_2_1_1;road_2_2_1_1;road_2_2_1_2;road_2_2_1_2;road_2_2_1_2;road_1_3_0_0;road_1_3_0_0;road_1_3_0_0;road_1_3_0_1;road_1_3_0_1;road_1_3_0_1;road_1_3_0_2;road_1_3_0_2;road_1_3_0_2,GGGrrrrrrGGGGGGrrrGGGrrrrrrGGGGGGrrr
270,intersection_2_4,road_2_5_3_0;road_2_5_3_0;road_2_5_3_0;road_2_5_3_1;road_2_5_3_1;road_2_5_3_1;road_2_5_3_2;road_2_5_3_2;road_2_5_3_2;road_3_4_2_0;road_3_4_2_0;road_3_4_2_0;road_3_4_2_1;road_3_4_2_1;road_3_4_2_1;road_3_4_2_2;road_3_4_2_2;road_3_4_2_2;road_2_3_1_0;road_2_3_1_0;road_2_3_1_0;road_2_3_1_1;road_2_3_1_1;road_2_3_1_1;road_2_3_1_2;road_2_3_1_2;road_2_3_1_2;road_1_4_0_0;road_1_4_0_0;road_1_4_0_0;road_1_4_0_1;road_1_4_0_1;road_1_4_0_1;road_1_4_0_2;road_1_4_0_2;road_1_4_0_2,GGGrrrrrrGGGGGGrrrGGGrrrrrrGGGGGGrrr
270,intersection_3_1,road_3_2_3_0;road_3_2_3_0;road_3_2_3_0;road_3_2_3_1;road_3_2_3_1;road_3_2_3_1;road_3_2_3_2;road_3_2_3_2;road_3_2_3_2;road_4_1_2_0;road_4_1_2_0;road_4_1_2_0;road_4_1_2_1;road_4_1_2_1;road_4_1_2_1;road_4_1_2_2;road_4_1_2_2;road_4_1_2_2;road_3_0_1_0;road_3_0_1_0;road_3_0_1_0;road_3_0_1_1;road_3_0_1_1;road_3_0_1_1;road_3_0_1_2;road_3_0_1_2;road_3_0_1_2;road_2_1_0_0;road_2_1_0_0;road_2_1_0_0;road_2_1_0_1;road_2_1_0_1;road_2_1_0_1;road_2_1_0_2;road_2_1_0_2;road_2_1_0_2,GGGrrrrrrGGGGGGrrrGGGrrrrrrGGGGGGrrr
270,intersection_3_2,road_3_3_3_0;road_3_3_3_0;road_3_3_3_0;road_3_3_3_1;road_3_3_3_1;road_3_3_3_1;road_3_3_3_2;road_3_3_3_2;road_3_3_3_2;road_4_2_2_0;road_4_2_2_0;road_4_2_2_0;road_4_2_2_1;road_4_2_2_1;road_4_2_2_1;road_4_2_2_2;road_4_2_2_2;road_4_2_2_2;road_3_1_1_0;road_3_1_1_0;road_3_1_1_0;road_3_1_1_1;road_3_1_1_1;road_3_1_1_1;road_3_1_1_2;road_3_1_1_2;road_3_1_1_2;road_2_2_0_0;road_2_2_0_0;road_2_2_0_0;road_2_2_0_1;road_2_2_0_1;road_2_2_0_1;road_2_2_0_2;road_2_2_0_2;road_2_2_0_2,GGGrrrrrrGGGGGGrrrGGGrrrrrrGGGGGGrrr
270,intersection_3_3,road_3_4_3_0;road_3_4_3_0;road_3_4_3_0;road_3_4_3_1;road_3_4_3_1;road_3_4_3_1;road_3_4_3_2;road_3_4_3_2;road_3_4_3_2;road_4_3_2_0;road_4_3_2_0;road_4_3_2_0;road_4_3_2_1;road_4_3_2_1;road_4_3_2_1;road_4_3_2_2;road_4_3_2_2;road_4_3_2_2;road_3_2_1_0;road_3_2_1_0;road_3_2_1_0;road_3_2_1_1;road_3_2_1_1;road_3_2_1_1;road_3_2_1_2;road_3_2_1_2;road_3_2_1_2;road_2_3_0_0;road_2_3_0_0;road_2_3_0_0;road_2_3_0_1;road_2_3_0_1;road_2_3_0_1;road_2_3_0_2;road_2_3_0_2;road_2_3_0_2,GGGrrrrrrGGGGGGrrrGGGrrrrrrGGGGGGrrr
270,intersection_3_4,road_3_5_3_0;road_3_5_3_0;road_3_5_3_0;road_3_5_3_1;road_3_5_3_1;road_3_5_3_1;road_3_5_3_2;road_3_5_3_2;road_3_5_3_2;road_4_4_2_0;road_4_4_2_0;road_4_4_2_0;road_4_4_2_1;road_4_4_2_1;road_4_4_2_1;road_4_4_2_2;road_4_4_2_2;road_4_4_2_2;road_3_3_1_0;road_3_3_1_0;road_3_3_1_0;road_3_3_1_1;road_3_3_1_1;road_3_3_1_1;road_3_3_1_2;road_3_3_1_2;road_3_3_1_2;road_2_4_0_0;road_2_4_0_0;road_2_4_0_0;road_2_4_0_1;road_2_4_0_1;road_2_4_0_1;road_2_4_0_2;road_2_4_0_2;road_2_4_0_2,GGGrrrrrrGGGGGGrrrGGGrrrrrrGGGGGGrrr
270,intersection_4_1,road_4_2_3_0;road_4_2_3_0;road_4_2_3_0;road_4_2_3_1;road_4_2_3_1;road_4_2_3_1;road_4_2_3_2;road_4_2_3_2;road_4_2_3_2;road_5_1_2_0;road_5_1_2_0;road_5_1_2_0;road_5_1_2_1;road_5_1_2_1;road_5_1_2_1;road_5_1_2_2;road_5_1_2_2;road_5_1_2_2;road_4_0_1_0;road_4_0_1_0;road_4_0_1_0;road_4_0_1_1;road_4_0_1_1;road_4_0_1_1;road_4_0_1_2;road_4_0_1_2;road_4_0_1_2;road_3_1_0_0;road_3_1_0_0;road_3_1_0_0;road_3_1_0_1;road_3_1_0_1;road_3_1_0_1;road_3_1_0_2;road_3_1_0_2;road_3_1_0_2,GGGrrrrrrGGGGGGrrrGGGrrrrrrGGGGGGrrr
270,intersection_4_2,road_4_3_3_0;road_4_3_3_0;road_4_3_3_0;road_4_3_3_1;road_4_3_3_1;road_4_3_3_1;road_4_3_3_2;road_4_3_3_2;road_4_3_3_2;road_5_2_2_0;road_5_2_2_0;road_5_2_2_0;road_5_2_2_1;road_5_2_2_1;road_5_2_2_1;road_5_2_2_2;road_5_2_2_2;road_5_2_2_2;road_4_1_1_0;road_4_1_1_0;road_4_1_1_0;road_4_1_1_1;road_4_1_1_1;road_4_1_1_1;road_4_1_1_2;road_4_1_1_2;road_4_1_1_2;road_3_2_0_0;road_3_2_0_0;road_3_2_0_0;road_3_2_0_1;road_3_2_0_1;road_3_2_0_1;road_3_2_0_2;road_3_2_0_2;road_3_2_0_2,GGGrrrrrrGGGGGGrrrGGGrrrrrrGGGGGGrrr
270,intersection_4_3,road_4_4_3_0;road_4_4_3_0;road_4_4_3_0;road_4_4_3_1;road_4_4_3_1;road_4_4_3_1;road_4_4_3_2;road_4_4_3_2;road_4_4_3_2;road_5_3_2_0;road_5_3_2_0;road_5_3_2_0;road_5_3_2_1;road_5_3_2_1;road_5_3_2_1;road_5_3_2_2;road_5_3_2_2;road_5_3_2_2;road_4_2_1_0;road_4_2_1_0;road_4_2_1_0;road_4_2_1_1;road_4_2_1_1;road_4_2_1_1;road_4_2_1_2;road_4_2_1_2;road_4_2_1_2;road_3_3_0_0;road_3_3_0_0;road_3_3_0_0;road_3_3_0_1;road_3_3_0_1;road_3_3_0_1;road_3_3_0_2;road_3_3_0_2;road_3_3_0_2,GGGrrrGGGGGGrrrrrrGGGrrrGGGGGGrrrrrr
270,intersection_4_4,road_4_5_3_0;road_4_5_3_0;road_4_5_3_0;road_4_5_3_1;road_4_5_3_1;road_4_5_3_1;road_4_5_3_2;road_4_5_3_2;road_4_5_3_2;road_5_4_2_0;road_5_4_2_0;road_5_4_2_0;road_5_4_2_1;road_5_4_2_1;road_5_4_2_1;road_5_4_2_2;road_5_4_2_2;road_5_4_2_2;road_4_3_1_0;road_4_3_1_0;road_4_3_1_0;road_4_3_1_1;road_4_3_1_1;road_4_3_1_1;road_4_3_1_2;road_4_3_1_2;road_4_3_1_2;road_3_4_0_0;road_3_4_0_0;road_3_4_0_0;road_3_4_0_1;road_3_4_0_1;road_3_4_0_1;road_3_4_0_2;road_3_4_0_2;road_3_4_0_2,GGGrrrGGGGGGrrrrrrGGGrrrGGGGGGrrrrrr
280,intersection_1_1,road_1_2_3_0;road_1_2_3_0;road_1_2_3_0;road_1_2_3_1;road_1_2_3_1;road_1_2_3_1;road_1_2_3_2;road_1_2_3_2;road_1_2_3_2;road_2_1_2_0;road_2_1_2_0;road_2_1_2_0;road_2_1_2_1;road_2_1_2_1;road_2_1_2_1;road_2_1_2_2;road_2_1_2_2;road_2_1_2_2;road_1_0_1_0;road_1_0_1_0;road_1_0_1_0;road_1_0_1_1;road_1_0_1_1;road_1_0_1_1;road_1_0_1_2;road_1_0_1_2;road_1_0_1_2;road_0_1_0_0;road_0_1_0_0;road_0_1_0_0;road_0_1_0_1;road_0_1_0_1;road_0_1_0_1;road_0_1_0_2;road_0_1_0_2;road_0_1_0_2,GGGrrrGGGGGGrrrrrrGGGrrrGGGGGGrrrrrr
280,intersection_1_2,road_1_3_3_0;road_1_3_3_0;road_1_3_3_0;road_1_3_3_1;road_1_3_3_1;road_1_3_3_1;road_1_3_3_2;road_1_3_3_2;road_1_3_3_2;road_2_2_2_0;road_2_2_2_0;road_2_2_2_0;road_2_2_2_1;road_2_2_2_1;road_2_2_2_1;road_2_2_2_2;road_2_2_2_2;road_2_2_2_2;road_1_1_1_0;road_1_1_1_0;road_1_1_1_0;road_1_1_1_1;road_1_1_1_1;road_1_1_1_1;road_1_1_1_2;road_1_1_1_2;road_1_1_1_2;road_0_2_0_0;road_0_2_0_0;road_0_2_0_0;road_0_2_0_1;road_0_2_0_1;road_0_2_0_1;road_0_2_0_2;road_0_2_0_2;road_0_2_0_2,GGGrrrrrrGGGGGGrrrGGGrrrrrrGGGGGGrrr
280,intersection_1_3,road_1_4_3_0;road_1_4_3_0;road_1_4_3_0;road_1_4_3_1;road_1_4_3_1;road_1_4_3_1;road_1_4_3_2;road_1_4_3_2;road_1_4_3_2;road_2_3_2_0;road_2_3_2_0;road_2_3_2_0;road_2_3_2_1;road_2_3_2_1;road_2_3_2_1;road_2_3_2_2;road_2_3_2_2;road_2_3_2_2;road_1_2_1_0;road_1_2_1_0;road_1_2_1_0;road_1_2_1_1;road_1_2_1_1;road_1_2_1_1;road_1_2_1_2;road_1_2_1_2;road_1_2_1_2;road_0_3_0_0;road_0_3_0_0;road_0_3_0_0;road_0_3_0_1;road_0_3_0_1;road_0_3_0_1;road_0_3_0_2;road_0_3_0_2;road_0_3_0_2,GGGrrrrrrGGGGGGrrrGGGrrrrrrGGGGGGrrr
280,intersection_1_4,road_1_5_3_0;road_1_5_3_0;road_1_5_3_0;road_1_5_3_1;road_1_5_3_1;road_1_5_3_1;road_1_5_3_2;road_1_5_3_2;road_1_5_3_2;road_2_4_2_0;road_2_4_2_0;road_2_4_2_0;road_2_4_2_1;road_2_4_2_1;road_2_4_2_1;road_2_4_2_2;road_2_4_2_2;road_2_4_2_2;road_1_3_1_0;road_1_3_1_0;road_1_3_1_0;road_1_3_1_1;road_1_3_1_1;road_1_3_1_1;road_1_3_1_2;road_1_3_1_2;road_1_3_1_2;road_0_4_0_0;road_0_4_0_0;road_0_4_0_0;road_0_4_0_1;road_0_4_0_1;road_0_4_0_1;road_0_4_0_2;road_0_4_0_2;road_0_4_0_2,GGGGGGrrrGGGrrrrrrGGGGGGrrrGGGrrrrrr
280,intersection_2_1,road_2_2_3_0;road_2_2_3_0;road_2_2_3_0;road_2_2_3_1;road_2_2_3_1;road_2_2_3_1;road_2_2_3_2;road_2_2_3_2;road_2_2_3_2;road_3_1_2_0;road_3_1_2_0;road_3_1_2_0;road_3_1_2_1;road_3_1_2_1;road_3_1_2_1;road_3_1_2_2;road_3_1_2_2;road_3_1_2_2;road_2_0_1_0;road_2_0_1_0;road_2_0_1_0;road_2_0_1_1;road_2_0_1_1;road_2_0_1_1;road_2_0_1_2;road_2_0_1_2;road_2_0_1_2;road_1_1_0_0;road_1_1_0_0;road_1_1_0_0;road_1_1_0_1;road_1_1_0_1;road_1_1_0_1;road_1_1_0_2;road_1_1_0_2;road_1_1_0_2,GGGrrrrrrGGGGGGrrrGGGrrrrrrGGGGGGrrr
280,intersection_2_2,road_2_3_3_0;road_2_3_3_0;road_2_3_3_0;road_2_3_3_1;road_2_3_3_1;road_2_3_3_1;road_2_3_3_2;road_2_3_3_2;road_2_3_3_2;road_3_2_2_0;road_3_2_2_0;road_3_2_2_0;road_3_2_2_1;road_3_2_2_1;road_3_2_2_1;road_3_2_2_2;road_3_2_2_2;road_3_2_2_2;road_2_1_1_0;road_2_1_1_0;road_2_1_1_0;road_2_1_1_1;road_2_1_1_1;road_2_1_1_1;road_2_1_1_2;road_2_1_1_2;road_2_1_1_2;road_1_2_0_0;road_1_2_0_0;road_1_2_0_0;road_1_2_0_1;road_1_2_0_1;road_1_2_0_1;road_1_2_0_2;road_1_2_0_2;road_1_2_0_2,GGGrrrrrrGGGGGGrrrGGGrrrrrrGGGGGGrrr
280,intersection_2_3,road_2_4_3_0;road_2_4_3_0;road_2_4_3_0;road_2_4_3_1;road_2_4_3_1;road_2_4_3_1;road_2_4_3_2;road_2_4_3_2;road_2_4_3_2;road_3_3_2_0;road_3_3_2_0;road_3_3_2_0;road_3_3_2_1;road_3_3_2_1;road_3_3_2_1;road_3_3_2_2;road_3_3_2_2;road_3_3_2_2;road_2_2_1_0;road_2_2_1_0;road_2_2_1_0;road_2_2_1_1;road_2_2_1_1;road_2_2_1_1;road_2_2_1_2;road_2_2_1_2;road_2_2_1_2;road_1_3_0_0;road_1_3_0_0;road_1_3_0_0;road_1_3_0_1;road_1_3_0_1;road_1_3_0_1;road_1_3_0_2;road_1_3_0_2;road_1_3_0_2,GGGrrrrrrGGGGGGrrrGGGrrrrrrGGGGGGrrr
280,intersection_2_4,road_2_5_3_0;road_2_5_3_0;road_2_5_3_0;road_2_5_3_1;road_2_5_3_1;road_2_5_3_1;road_2_5_3_2;road_2_5_3_2;road_2_5_3_2;road_3_4_2_0;road_3_4_2_0;road_3_4_2_0;road_3_4_2_1;road_3_4_2_1;road_3_4_2_1;road_3_4_2_2;road_3_4_2_2;road_3_4_2_2;road_2_3_1_0;road_2_3_1_0;road_2_3_1_0;road_2_3_1_1;road_2_3_1_1;road_2_3_1_1;road_2_3_1_2;road_2_3_1_2;road_2_3_1_2;road_1_4_0_0;road_1_4_0_0;road_1_4_0_0;road_1_4_0_1;road_1_4_0_1;road_1_4_0_1;road_1_4_0_2;road_1_4_0_2;road_1_4_0_2,GGGrrrrrrGGGGGGrrrGGGrrrrrrGGGGGGrrr
280,intersection_3_1,road_3_2_3_0;road_3_2_3_0;road_3_2_3_0;road_3_2_3_1;road_3_2_3_1;road_3_2_3_1;road_3_2_3_2;road_3_2_3_2;road_3_2_3_2;road_4_1_2_0;road_4_1_2_0;road_4_1_2_0;road_4_1_2_1;road_4_1_2_1;road_4_1_2_1;road_4_1_2_2;road_4_1_2_2;road_4_1_2_2;road_3_0_1_0;road_3_0_1_0;road_3_0_1_0;road_3_0_1_1;road_3_0_1_1;road_3_0_1_1;road_3_0_1_2;road_3_0_1_2;road_3_0_1_2;road_2_1_0_0;road_2_1_0_0;road_2_1_0_0;road_2_1_0_1;road_2_1_0_1;road_2_1_0_1;road_2_1_0_2;road_2_1_0_2;road_2_1_0_2,GGGrrrrrrGGGGGGrrrGGGrrrrrrGGGGGGrrr
280,intersection_3_2,road_3_3_3_0;road_3_3_3_0;road_3_3_3_0;road_3_3_3_1;road_3_3_3_1;road_3_3_3_1;road_3_3_3_2;road_3_3_3_2;road_3_3_3_2;road_4_2_2_0;road_4_2_2_0;road_4_2_2_0;road_4_2_2_1;road_4_2_2_1;road_4_2_2_1;road_4_2_2_2;road_4_2_2_2;road_4_2_2_2;road_3_1_1_0;road_3_1_1_0;road_3_1_1_0;road_3_1_1_1;road_3_1_1_1;road_3_1_1_1;road_3_1_1_2;road_3_1_1_2;road_3_1_1_2;road_2_2_0_0;road_2_2_0_0;road_2_2_0_0;road_2_2_0_1;road_2_2_0_1;road_2_2_0_1;road_2_2_0_2;road_2_2_0_2;road_2_2_0_2,GGGrrrrrrGGGrrrrrrGGGrrrrrrGGGGGGGGG
280,intersection_3_3,road_3_4_3_0;road_3_4_3_0;road_3_4_3_0;road_3_4_3_1;road_3_4_3_1;road_3_4_3_1;road_3_4_3_2;road_3_4_3_2;road_3_4_3_2;road_4_3_2_0;road_4_3_2_0;road_4_3_2_0;road_4_3_2_1;road_4_3_2_1;road_4_3_2_1;road_4_3_2_2;road_4_3_2_2;road_4_3_2_2;road_3_2_1_0;road_3_2_1_0;road_3_2_1_0;road_3_2_1_1;road_3_2_1_1;road_3_2_1_1;road_3_2_1_2;road_3_2_1_2;road_3_2_1_2;road_2_3_0_0;road_2_3_0_0;road_2_3_0_0;road_2_3_0_1;road_2_3_0_1;road_2_3_0_1;road_2_3_0_2;road_2_3_0_2;road_2_3_0_2,GGGrrrrrrGGGGGGrrrGGGrrrrrrGGGGGGrrr
280,intersection_3_4,road_3_5_3_0;road_3_5_3_0;road_3_5_3_0;road_3_5_3_1;road_3_5_3_1;road_3_5_3_1;road_3_5_3_2;road_3_5_3_2;road_3_5_3_2;road_4_4_2_0;road_4_4_2_0;road_4_4_2_0;road_4_4_2_1;road_4_4_2_1;road_4_4_2_1;road_4_4_2_2;road_4_4_2_2;road_4_4_2_2;road_3_3_1_0;road_3_3_1_0;road_3_3_1_0;road_3_3_1_1;road_3_3_1_1;road_3_3_1_1;road_3_3_1_2;road_3_3_1_2;road_3_3_1_2;road_2_4_0_0;road_2_4_0_0;road_2_4_0_0;road_2_4_0_1;road_2_4_0_1;road_2_4_0_1;road_2_4_0_2;road_2_4_0_2;road_2_4_0_2,GGGrrrrrrGGGGGGrrrGGGrrrrrrGGGGGGrrr
280,intersection_4_1,road_4_2_3_0;road_4_2_3_0;road_4_2_3_0;road_4_2_3_1;road_4_2_3_1;road_4_2_3_1;road_4_2_3_2;road_4_2_3_2;road_4_2_3_2;road_5_1_2_0;road_5_1_2_0;road_5_1_2_0;road_5_1_2_1;road_5_1_2_1;road_5_1_2_1;road_5_1_2_2;road_5_1_2_2;road_5_1_2_2;road_4_0_1_0;road_4_0_1_0;road_4_0_1_0;road_4_0_1_1;road_4_0_1_1;road_4_0_1_1;road_4_0_1_2;road_4_0_1_2;road_4_0_1_2;road_3_1_0_0;road_3_1_0_0;road_3_1_0_0;road_3_1_0_1;road_3_1_0_1;road_3_1_0_1;road_3_1_0_2;road_3_1_0_2;road_3_1_0_2,GGGrrrrrrGGGGGGrrrGGGrrrrrrGGGGGGrrr
280,intersection_4_2,road_4_3_3_0;road_4_3_3_0;road_4_3_3_0;road_4_3_3_1;road_4_3_3_1;road_4_3_3_1;road_4_3_3_2;road_4_3_3_2;road_4_3_3_2;road_5_2_2_0;road_5_2_2_0;road_5_2_2_0;road_5_2_2_1;road_5_2_2_1;road_5_2_2_1;road_5_2_2_2;road_5_2_2_2;road_5_2_2_2;road_4_1_1_0;road_4_1_1_0;road_4_1_1_0;road_4_1_1_1;road_4_1_1_1;road_4_1_1_1;road_4_1_1_2;road_4_1_1_2;road_4_1_1_2;road_3_2_0_0;road_3_2_0_0;road_3_2_0_0;road_3_2_0_1;road_3_2_0_1;road_3_2_0_1;road_3_2_0_2;road_3_2_0_2;road_3_2_0_2,GGGrrrrrrGGGGGGrrrGGGrrrrrrGGGGGGrrr
280,intersection_4_3,road_4_4_3_0;road_4_4_3_0;road_4_4_3_0;road_4_4_3_1;road_4_4_3_1;road_4_4_3_1;road_4_4_3_2;road_4_4_3_2;road_4_4_3_2;road_5_3_2_0;road_5_3_2_0;road_5_3_2_0;road_5_3_2_1;road_5_3_2_1;road_5_3_2_1;road_5_3_2_2;road_5_3_2_2;road_5_3_2_2;road_4_2_1_0;road_4_2_1_0;road_4_2_1_0;road_4_2_1_1;road_4_2_1_1;road_4_2_1_1;road_4_2_1_2;road_4_2_1_2;road_4_2_1_2;road_3_3_0_0;road_3_3_0_0;road_3_3_0_0;road_3_3_0_1;road_3_3_0_1;road_3_3_0_1;road_3_3_0_2;road_3_3_0_2;road_3_3_0_2,GGGrrrGGGGGGrrrrrrGGGrrrGGGGGGrrrrrr
280,intersection_4_4,road_4_5_3_0;road_4_5_3_0;road_4_5_3_0;road_4_5_3_1;road_4_5_3_1;road_4_5_3_1;road_4_5_3_2;road_4_5_3_2;road_4_5_3_2;road_5_4_2_0;road_5_4_2_0;road_5_4_2_0;road_5_4_2_1;road_5_4_2_1;road_5_4_2_1;road_5_4_2_2;road_5_4_2_2;road_5_4_2_2;road_4_3_1_0;road_4_3_1_0;road_4_3_1_0;road_4_3_1_1;road_4_3_1_1;road_4_3_1_1;road_4_3_1_2;road_4_3_1_2;road_4_3_1_2;road_3_4_0_0;road_3_4_0_0;road_3_4_0_0;road_3_4_0_1;road_3_4_0_1;road_3_4_0_1;road_3_4_0_2;road_3_4_0_2;road_3_4_0_2,GGGrrrGGGGGGrrrrrrGGGrrrGGGGGGrrrrrr
290,intersection_1_1,road_1_2_3_0;road_1_2_3_0;road_1_2_3_0;road_1_2_3_1;road_1_2_3_1;road_1_2_3_1;road_1_2_3_2;road_1_2_3_2;road_1_2_3_2;road_2_1_2_0;road_2_1_2_0;road_2_1_2_0;road_2_1_2_1;road_2_1_2_1;road_2_1_2_1;road_2_1_2_2;road_2_1_2_2;road_2_1_2_2;road_1_0_1_0;road_1_0_1_0;road_1_0_1_0;road_1_0_1_1;road_1_0_1_1;road_1_0_1_1;road_1_0_1_2;road_1_0_1_2;road_1_0_1_2;road_0_1_0_0;road_0_1_0_0;road_0_1_0_0;road_0_1_0_1;road_0_1_0_1;road_0_1_0_1;road_0_1_0_2;road_0_1_0_2;road_0_1_0_2,GGGrrrGGGGGGrrrrrrGGGrrrGGGGGGrrrrrr
290,intersection_1_2,road_1_3_3_0;road_1_3_3_0;road_1_3_3_0;road_1_3_3_1;road_1_3_3_1;road_1_3_3_1;road_1_3_3_2;road_1_3_3_2;road_1_3_3_2;road_2_2_2_0;road_2_2_2_0;road_2_2_2_0;road_2_2_2_1;road_2_2_2_1;road_2_2_2_1;road_2_2_2_2;road_2_2_2_2;road_2_2_2_2;road_1_1_1_0;road_1_1_1_0;road_1_1_1_0;road_1_1_1_1;road_1_1_1_1;road_1_1_1_1;road_1_1_1_2;road_1_1_1_2;road_1_1_1_2;road_0_2_0_0;road_0_2_0_0;road_0_2_0_0;road_0_2_0_1;road_0_2_0_1;road_0_2_0_1;road_0_2_0_2;road_0_2_0_2;road_0_2_0_2,GGGrrrrrrGGGGGGrrrGGGrrrrrrGGGGGGrrr
290,intersection_1_3,road_1_4_3_0;road_1_4_3_0;road_1_4_3_0;road_1_4_3_1;road_1_4_3_1;road_1_4_3_1;road_1_4_3_2;road_1_4_3_2;road_1_4_3_2;road_2_3_2_0;road_2_3_2_0;road_2_3_2_0;road_2_3_2_1;road_2_3_2_1;road_2_3_2_1;road_2_3_2_2;road_2_3_2_2;road_2_3_2_2;road_1_2_1_0;road_1_2_1_0;road_1_2_1_0;road_1_2_1_1;road_1_2_1_1;road_1_2_1_1;road_1_2_1_2;road_1_2_1_2;road_1_2_1_2;road_0_3_0_0;road_0_3_0_0;road_0_3_0_0;road_0_3_0_1;road_0_3_0_1;road_0_3_0_1;road_0_3_0_2;road_0_3_0_2;road_0_3_0_2,GGGrrrrrrGGGGGGrrrGGGrrrrrrGGGGGGrrr
290,intersection_1_4,road_1_5_3_0;road_1_5_3_0;road_1_5_3_0;road_1_5_3_1;road_1_5_3_1;road_1_5_3_1;road_1_5_3_2;road_1_5_3_2;road_1_5_3_2;road_2_4_2_0;road_2_4_2_0;road_2_4_2_0;road_2_4_2_1;road_2_4_2_1;road_2_4_2_1;road_2_4_2_2;road_2_4_2_2;road_2_4_2_2;road_1_3_1_0;road_1_3_1_0;road_1_3_1_0;road_1_3_1_1;road_1_3_1_1;road_1_3_1_1;road_1_3_1_2;road_1_3_1_2;road_1_3_1_2;road_0_4_0_0;road_0_4_0_0;road_0_4_0_0;road_0_4_0_1;road_0_4_0_1;road_0_4_0_1;road_0_4_0_2;road_0_4_0_2;road_0_4_0_2,GGGGGGrrrGGGrrrrrrGGGGGGrrrGGGrrrrrr
290,intersection_2_1,road_2_2_3_0;road_2_2_3_0;road_2_2_3_0;road_2_2_3_1;road_2_2_3_1;road_2_2_3_1;road_2_2_3_2;road_2_2_3_2;road_2_2_3_2;road_3_1_2_0;road_3_1_2_0;road_3_1_2_0;road_3_1_2_1;road_3_1_2_1;road_3_1_2_1;road_3_1_2_2;road_3_1_2_2;road_3_1_2_2;road_2_0_1_0;road_2_0_1_0;road_2_0_1_0;road_2_0_1_1;road_2_0_1_1;road_2_0_1_1;road_2_0_1_2;road_2_0_1_2;road_2_0_1_2;road_1_1_0_0;road_1_1_0_0;road_1_1_0_0;road_1_1_0_1;road_1_1_0_1;road_1_1_0_1;road_1_1_0_2;road_1_1_0_2;road_1_1_0_2,GGGrrrrrrGGGGGGrrrGGGrrrrrrGGGGGGrrr
290,intersection_2_2,road_2_3_3_0;road_2_3_3_0;road_2_3_3_0;road_2_3_3_1;road_2_3_3_1;road_2_3_3_1;road_2_3_3_2;road_2_3_3_2;road_2_3_3_2;road_3_2_2_0;road_3_2_2_0;road_3_2_2_0;road_3_2_2_1;road_3_2_2_1;road_3_2_2_1;road_3_2_2_2;road_3_2_2_2;road_3_2_2_2;road_2_1_1_0;road_2_1_1_0;road_2_1_1_0;road_2_1_1_1;road_2_1_1_1;road_2_1_1_1;road_2_1_1_2;road_2_1_1_2;road_2_1_1_2;road_1_2_0_0;road_1_2_0_0;road_1_2_0_0;road_1_2_0_1;road_1_2_0_1;road_1_2_0_1;road_1_2_0_2;road_1_2_0_2;road_1_2_0_2,GGGrrrrrrGGGGGGrrrGGGrrrrrrGGGGGGrrr
290,intersection_2_3,road_2_4_3_0;road_2_4_3_0;road_2_4_3_0;road_2_4_3_1;road_2_4_3_1;road_2_4_3_1;road_2_4_3_2;road_2_4_3_2;road_2_4_3_2;road_3_3_2_0;road_3_3_2_0;road_3_3_2_0;road_3_3_2_1;road_3_3_2_1;road_3_3_2_1;road_3_3_2_2;road_3_3_2_2;road_3_3_2_2;road_2_2_1_0;road_2_2_1_0;road_2_2_1_0;road_2_2_1_1;road_2_2_1_1;road_2_2_1_1;road_2_2_1_2;road_2_2_1_2;road_2_2_1_2;road_1_3_0_0;road_1_3_0_0;road_1_3_0_0;road_1_3_0_1;road_1_3_0_1;road_1_3_0_1;road_1_3_0_2;road_1_3_0_2;road_1_3_0_2,GGGrrrrrrGGGGGGrrrGGGrrrrrrGGGGGGrrr
290,intersection_2_4,road_2_5_3_0;road_2_5_3_0;road_2_5_3_0;road_2_5_3_1;road_2_5_3_1;road_2_5_3_1;road_2_5_3_2;road_2_5_3_2;road_2_5_3_2;road_3_4_2_0;road_3_4_2_0;road_3_4_2_0;road_3_4_2_1;road_3_4_2_1;road_3_4_2_1;road_3_4_2_2;road_3_4_2_2;road_3_4_2_2;road_2_3_1_0;road_2_3_1_0;road_2_3_1_0;road_2_3_1_1;road_2_3_1_1;road_2_3_1_1;road_2_3_1_2;road_2_3_1_2;road_2_3_1_2;road_1_4_0_0;road_1_4_0_0;road_1_4_0_0;road_1_4_0_1;road_1_4_0_1;road_1_4_0_1;road_1_4_0_2;road_1_4_0_2;road_1_4_0_2,GGGrrrrrrGGGGGGrrrGGGrrrrrrGGGGGGrrr
290,intersection_3_1,road_3_2_3_0;road_3_2_3_0;road_3_2_3_0;road_3_2_3_1;road_3_2_3_1;road_3_2_3_1;road_3_2_3_2;road_3_2_3_2;road_3_2_3_2;road_4_1_2_0;road_4_1_2_0;road_4_1_2_0;road_4_1_2_1;road_4_1_2_1;road_4_1_2_1;road_4_1_2_2;road_4_1_2_2;road_4_1_2_2;road_3_0_1_0;road_3_0_1_0;road_3_0_1_0;road_3_0_1_1;road_3_0_1_1;road_3_0_1_1;road_3_0_1_2;road_3_0_1_2;road_3_0_1_2;road_2_1_0_0;road_2_1_0_0;road_2_1_0_0;road_2_1_0_1;road_2_1_0_1;road_2_1_0_1;road_2_1_0_2;road_2_1_0_2;road_2_1_0_2,GGGrrrrrrGGGGGGrrrGGGrrrrrrGGGGGGrrr
290,intersection_3_2,road_3_3_3_0;road_3_3_3_0;road_3_3_3_0;road_3_3_3_1;road_3_3_3_1;road_3_3_3_1;road_3_3_3_2;road_3_3_3_2;road_3_3_3_2;road_4_2_2_0;road_4_2_2_0;road_4_2_2_0;road_4_2_2_1;road_4_2_2_1;road_4_2_2_1;road_4_2_2_2;road_4_2_2_2;road_4_2_2_2;road_3_1_1_0;road_3_1_1_0;road_3_1_1_0;road_3_1_1_1;road_3_1_1_1;road_3_1_1_1;road_3_1_1_2;road_3_1_1_2;road_3_1_1_2;road_2_2_0_0;road_2_2_0_0;road_2_2_0_0;road_2_2_0_1;road_2_2_0_1;road_2_2_0_1;road_2_2_0_2;road_2_2_0_2;road_2_2_0_2,GGGrrrrrrGGGrrrrrrGGGrrrrrrGGGGGGGGG
290,intersection_3_3,road_3_4_3_0;road_3_4_3_0;road_3_4_3_0;road_3_4_3_1;road_3_4_3_1;road_3_4_3_1;road_3_4_3_2;road_3_4_3_2;road_3_4_3_2;road_4_3_2_0;road_4_3_2_0;road_4_3_2_0;road_4_3_2_1;road_4_3_2_1;road_4_3_2_1;road_4_3_2_2;road_4_3_2_2;road_4_3_2_2;road_3_2_1_0;road_3_2_1_0;road_3_2_1_0;road_3_2_1_1;road_3_2_1_1;road_3_2_1_1;road_3_2_1_2;road_3_2_1_2;road_3_2_1_2;road_2_3_0_0;road_2_3_0_0;road_2_3_0_0;road_2_3_0_1;road_2_3_0_1;road_2_3_0_1;road_2_3_0_2;road_2_3_0_2;road_2_3_0_2,GGGrrrrrrGGGGGGrrrGGGrrrrrrGGGGGGrrr
290,intersection_3_4,road_3_5_3_0;road_3_5_3_0;road_3_5_3_0;road_3_5_3_1;road_3_5_3_1;road_3_5_3_1;road_3_5_3_2;road_3_5_3_2;road_3_5_3_2;road_4_4_2_0;road_4_4_2_0;road_4_4_2_0;road_4_4_2_1;road_4_4_2_1;road_4_4_2_1;road_4_4_2_2;road_4_4_2_2;road_4_4_2_2;road_3_3_1_0;road_3_3_1_0;road_3_3_1_0;road_3_3_1_1;road_3_3_1_1;road_3_3_1_1;road_3_3_1_2;road_3_3_1_2;road_3_3_1_2;road_2_4_0_0;road_2_4_0_0;road_2_4_0_0;road_2_4_0_1;road_2_4_0_1;road_2_4_0_1;road_2_4_0_2;road_2_4_0_2;road_2_4_0_2,GGGrrrrrrGGGGGGrrrGGGrrrrrrGGGGGGrrr
290,intersection_4_1,road_4_2_3_0;road_4_2_3_0;road_4_2_3_0;road_4_2_3_1;road_4_2_3_1;road_4_2_3_1;road_4_2_3_2;road_4_2_3_2;road_4_2_3_2;road_5_1_2_0;road_5_1_2_0;road_5_1_2_0;road_5_1_2_1;road_5_1_2_1;road_5_1_2_1;road_5_1_2_2;road_5_1_2_2;road_5_1_2_2;road_4_0_1_0;road_4_0_1_0;road_4_0_1_0;road_4_0_1_1;road_4_0_1_1;road_4_0_1_1;road_4_0_1_2;road_4_0_1_2;road_4_0_1_2;road_3_1_0_0;road_3_1_0_0;road_3_1_0_0;road_3_1_0_1;road_3_1_0_1;road_3_1_0_1;road_3_1_0_2;road_3_1_0_2;road_3_1_0_2,GGGrrrrrrGGGGGGrrrGGGrrrrrrGGGGGGrrr
290,intersection_4_2,road_4_3_3_0;road_4_3_3_0;road_4_3_3_0;road_4_3_3_1;road_4_3_3_1;road_4_3_3_1;road_4_3_3_2;road_4_3_3_2;road_4_3_3_2;road_5_2_2_0;road_5_2_2_0;road_5_2_2_0;road_5_2_2_1;road_5_2_2_1;road_5_2_2_1;road_5_2_2_2;road_5_2_2_2;road_5_2_2_2;road_4_1_1_0;road_4_1_1_0;road_4_1_1_0;road_4_1_1_1;road_4_1_1_1;road_4_1_1_1;road_4_1_1_2;road_4_1_1_2;road_4_1_1_2;road_3_2_0_0;road_3_2_0_0;road_3_2_0_0;road_3_2_0_1;road_3_2_0_1;road_3_2_0_1;road_3_2_0_2;road_3_2_0_2;road_3_2_0_2,GGGrrrrrrGGGGGGrrrGGGrrrrrrGGGGGGrrr
290,intersection_4_3,road_4_4_3_0;road_4_4_3_0;road_4_4_3_0;road_4_4_3_1;road_4_4_3_1;road_4_4_3_1;road_4_4_3_2;road_4_4_3_2;road_4_4_3_2;road_5_3_2_0;road_5_3_2_0;road_5_3_2_0;road_5_3_2_1;road_5_3_2_1;road_5_3_2_1;road_5_3_2_2;road_5_3_2_2;road_5_3_2_2;road_4_2_1_0;road_4_2_1_0;road_4_2_1_0;road_4_2_1_1;road_4_2_1_1;road_4_2_1_1;road_4_2_1_2;road_4_2_1_2;road_4_2_1_2;road_3_3_0_0;road_3_3_0_0;road_3_3_0_0;road_3_3_0_1;road_3_3_0_1;road_3_3_0_1;road_3_3_0_2;road_3_3_0_2;road_3_3_0_2,GGGrrrGGGGGGrrrrrrGGGrrrGGGGGGrrrrrr
290,intersection_4_4,road_4_5_3_0;road_4_5_3_0;road_4_5_3_0;road_4_5_3_1;road_4_5_3_1;road_4_5_3_1;road_4_5_3_2;road_4_5_3_2;road_4_5_3_2;road_5_4_2_0;road_5_4_2_0;road_5_4_2_0;road_5_4_2_1;road_5_4_2_1;road_5_4_2_1;road_5_4_2_2;road_5_4_2_2;road_5_4_2_2;road_4_3_1_0;road_4_3_1_0;road_4_3_1_0;road_4_3_1_1;road_4_3_1_1;road_4_3_1_1;road_4_3_1_2;road_4_3_1_2;road_4_3_1_2;road_3_4_0_0;road_3_4_0_0;road_3_4_0_0;road_3_4_0_1;road_3_4_0_1;road_3_4_0_1;road_3_4_0_2;road_3_4_0_2;road_3_4_0_2,GGGrrrGGGGGGrrrrrrGGGrrrGGGGGGrrrrrr
300,intersection_1_1,road_1_2_3_0;road_1_2_3_0;road_1_2_3_0;road_1_2_3_1;road_1_2_3_1;road_1_2_3_1;road_1_2_3_2;road_1_2_3_2;road_1_2_3_2;road_2_1_2_0;road_2_1_2_0;road_2_1_2_0;road_2_1_2_1;road_2_1_2_1;road_2_1_2_1;road_2_1_2_2;road_2_1_2_2;road_2_1_2_2;road_1_0_1_0;road_1_0_1_0;road_1_0_1_0;road_1_0_1_1;road_1_0_1_1;road_1_0_1_1;road_1_0_1_2;road_1_0_1_2;road_1_0_1_2;road_0_1_0_0;road_0_1_0_0;road_0_1_0_0;road_0_1_0_1;road_0_1_0_1;road_0_1_0_1;road_0_1_0_2;road_0_1_0_2;road_0_1_0_2,GGGrrrGGGGGGrrrrrrGGGrrrGGGGGGrrrrrr
300,intersection_1_2,road_1_3_3_0;road_1_3_3_0;road_1_3_3_0;road_1_3_3_1;road_1_3_3_1;road_1_3_3_1;road_1_3_3_2;road_1_3_3_2;road_1_3_3_2;road_2_2_2_0;road_2_2_2_0;road_2_2_2_0;road_2_2_2_1;road_2_2_2_1;road_2_2_2_1;road_2_2_2_2;road_2_2_2_2;road_2_2_2_2;road_1_1_1_0;road_1_1_1_0;road_1_1_1_0;road_1_1_1_1;road_1_1_1_1;road_1_1_1_1;road_1_1_1_2;road_1_1_1_2;road_1_1_1_2;road_0_2_0_0;road_0_2_0_0;road_0_2_0_0;road_0_2_0_1;road_0_2_0_1;road_0_2_0_1;road_0_2_0_2;road_0_2_0_2;road_0_2_0_2,GGGrrrrrrGGGGGGrrrGGGrrrrrrGGGGGGrrr
300,intersection_1_3,road_1_4_3_0;road_1_4_3_0;road_1_4_3_0;road_1_4_3_1;road_1_4_3_1;road_1_4_3_1;road_1_4_3_2;road_1_4_3_2;road_1_4_3_2;road_2_3_2_0;road_2_3_2_0;road_2_3_2_0;road_2_3_2_1;road_2_3_2_1;road_2_3_2_1;road_2_3_2_2;road_2_3_2_2;road_2_3_2_2;road_1_2_1_0;road_1_2_1_0;road_1_2_1_0;road_1_2_1_1;road_1_2_1_1;road_1_2_1_1;road_1_2_1_2;road_1_2_1_2;road_1_2_1_2;road_0_3_0_0;road_0_3_0_0;road_0_3_0_0;road_0_3_0_1;road_0_3_0_1;road_0_3_0_1;road_0_3_0_2;road_0_3_0_2;road_0_3_0_2,GGGrrrrrrGGGGGGrrrGGGrrrrrrGGGGGGrrr
300,intersection_1_4,road_1_5_3_0;road_1_5_3_0;road_1_5_3_0;road_1_5_3_1;road_1_5_3_1;road_1_5_3_1;road_1_5_3_2;road_1_5_3_2;road_1_5_3_2;road_2_4_2_0;road_2_4_2_0;road_2_4_2_0;road_2_4_2_1;road_2_4_2_1;road_2_4_2_1;road_2_4_2_2;road_2_4_2_2;road_2_4_2_2;road_1_3_1_0;road_1_3_1_0;road_1_3_1_0;road_1_3_1_1;road_1_3_1_1;road_1_3_1_1;road_1_3_1_2;road_1_3_1_2;road_1_3_1_2;road_0_4_0_0;road_0_4_0_0;road_0_4_0_0;road_0_4_0_1;road_0_4_0_1;road_0_4_0_1;road_0_4_0_2;road_0_4_0_2;road_0_4_0_2,GGGGGGrrrGGGrrrrrrGGGGGGrrrGGGrrrrrr
300,intersection_2_1,road_2_2_3_0;road_2_2_3_0;road_2_2_3_0;road_2_2_3_1;road_2_2_3_1;road_2_2_3_1;road_2_2_3_2;road_2_2_3_2;road_2_2_3_2;road_3_1_2_0;road_3_1_2_0;road_3_1_2_0;road_3_1_2_1;road_3_1_2_1;road_3_1_2_1;road_3_1_2_2;road_3_1_2_2;road_3_1_2_2;road_2_0_1_0;road_2_0_1_0;road_2_0_1_0;road_2_0_1_1;road_2_0_1_1;road_2_0_1_1;road_2_0_1_2;road_2_0_1_2;road_2_0_1_2;road_1_1_0_0;road_1_1_0_0;road_1_1_0_0;road_1_1_0_1;road_1_1_0_1;road_1_1_0_1;road_1_1_0_2;road_1_1_0_2;road_1_1_0_2,GGGrrrrrrGGGGGGrrrGGGrrrrrrGGGGGGrrr
300,intersection_2_2,road_2_3_3_0;road_2_3_3_0;road_2_3_3_0;road_2_3_3_1;road_2_3_3_1;road_2_3_3_1;road_2_3_3_2;road_2_3_3_2;road_2_3_3_2;road_3_2_2_0;road_3_2_2_0;road_3_2_2_0;road_3_2_2_1;road_3_2_2_1;road_3_2_2_1;road_3_2_2_2;road_3_2_2_2;road_3_2_2_2;road_2_1_1_0;road_2_1_1_0;road_2_1_1_0;road_2_1_1_1;road_2_1_1_1;road_2_1_1_1;road_2_1_1_2;road_2_1_1_2;road_2_1_1_2;road_1_2_0_0;road_1_2_0_0;road_1_2_0_0;road_1_2_0_1;road_1_2_0_1;road_1_2_0_1;road_1_2_0_2;road_1_2_0_2;road_1_2_0_2,GGGrrrrrrGGGGGGrrrGGGrrrrrrGGGGGGrrr
300,intersection_2_3,road_2_4_3_0;road_2_4_3_0;road_2_4_3_0;road_2_4_3_1;road_2_4_3_1;road_2_4_3_1;road_2_4_3_2;road_2_4_3_2;road_2_4_3_2;road_3_3_2_0;road_3_3_2_0;road_3_3_2_0;road_3_3_2_1;road_3_3_2_1;road_3_3_2_1;road_3_3_2_2;road_3_3_2_2;road_3_3_2_2;road_2_2_1_0;road_2_2_1_0;road_2_2_1_0;road_2_2_1_1;road_2_2_1_1;road_2_2_1_1;road_2_2_1_2;road_2_2_1_2;road_2_2_1_2;road_1_3_0_0;road_1_3_0_0;road_1_3_0_0;road_1_3_0_1;road_1_3_0_1;road_1_3_0_1;road_1_3_0_2;road_1_3_0_2;road_1_3_0_2,GGGrrrrrrGGGGGGrrrGGGrrrrrrGGGGGGrrr
300,intersection_2_4,road_2_5_3_0;road_2_5_3_0;road_2_5_3_0;road_2_5_3_1;road_2_5_3_1;road_2_5_3_1;road_2_5_3_2;road_2_5_3_2;road_2_5_3_2;road_3_4_2_0;road_3_4_2_0;road_3_4_2_0;road_3_4_2_1;road_3_4_2_1;road_3_4_2_1;road_3_4_2_2;road_3_4_2_2;road_3_4_2_2;road_2_3_1_0;road_2_3_1_0;road_2_3_1_0;road_2_3_1_1;road_2_3_1_1;road_2_3_1_1;road_2_3_1_2;road_2_3_1_2;road_2_3_1_2;road_1_4_0_0;road_1_4_0_0;road_1_4_0_0;road_1_4_0_1;road_1_4_0_1;road_1_4_0_1;road_1_4_0_2;road_1_4_0_2;road_1_4_0_2,GGGrrrrrrGGGGGGrrrGGGrrrrrrGGGGGGrrr
300,intersection_3_1,road_3_2_3_0;road_3_2_3_0;road_3_2_3_0;road_3_2_3_1;road_3_2_3_1;road_3_2_3_1;road_3_2_3_2;road_3_2_3_2;road_3_2_3_2;road_4_1_2_0;road_4_1_2_0;road_4_1_2_0;road_4_1_2_1;road_4_1_2_1;road_4_1_2_1;road_4_1_2_2;road_4_1_2_2;road_4_1_2_2;road_3_0_1_0;road_3_0_1_0;road_3_0_1_0;road_3_0_1_1;road_3_0_1_1;road_3_0_1_1;road_3_0_1_2;road_3_0_1_2;road_3_0_1_2;road_2_1_0_0;road_2_1_0_0;road_2_1_0_0;road_2_1_0_1;road_2_1_0_1;road_2_1_0_1;road_2_1_0_2;road_2_1_0_2;road_2_1_0_2,GGGrrrrrrGGGGGGrrrGGGrrrrrrGGGGGGrrr
300,intersection_3_2,road_3_3_3_0;road_3_3_3_0;road_3_3_3_0;road_3_3_3_1;road_3_3_3_1;road_3_3_3_1;road_3_3_3_2;road_3_3_3_2;road_3_3_3_2;road_4_2_2_0;road_4_2_2_0;road_4_2_2_0;road_4_2_2_1;road_4_2_2_1;road_4_2_2_1;road_4_2_2_2;road_4_2_2_2;road_4_2_2_2;road_3_1_1_0;road_3_1_1_0;road_3_1_1_0;road_3_1_1_1;road_3_1_1_1;road_3_1_1_1;road_3_1_1_2;road_3_1_1_2;road_3_1_1_2;road_2_2_0_0;road_2_2_0_0;road_2_2_0_0;road_2_2_0_1;road_2_2_0_1;road_2_2_0_1;road_2_2_0_2;road_2_2_0_2;road_2_2_0_2,GGGrrrGGGGGGrrrrrrGGGrrrGGGGGGrrrrrr
300,intersection_3_3,road_3_4_3_0;road_3_4_3_0;road_3_4_3_0;road_3_4_3_1;road_3_4_3_1;road_3_4_3_1;road_3_4_3_2;road_3_4_3_2;road_3_4_3_2;road_4_3_2_0;road_4_3_2_0;road_4_3_2_0;road_4_3_2_1;road_4_3_2_1;road_4_3_2_1;road_4_3_2_2;road_4_3_2_2;road_4_3_2_2;road_3_2_1_0;road_3_2_1_0;road_3_2_1_0;road_3_2_1_1;road_3_2_1_1;road_3_2_1_1;road_3_2_1_2;road_3_2_1_2;road_3_2_1_2;road_2_3_0_0;road_2_3_0_0;road_2_3_0_0;road_2_3_0_1;road_2_3_0_1;road_2_3_0_1;road_2_3_0_2;road_2_3_0_2;road_2_3_0_2,GGGrrrrrrGGGGGGrrrGGGrrrrrrGGGGGGrrr
300,intersection_3_4,road_3_5_3_0;road_3_5_3_0;road_3_5_3_0;road_3_5_3_1;road_3_5_3_1;road_3_5_3_1;road_3_5_3_2;road_3_5_3_2;road_3_5_3_2;road_4_4_2_0;road_4_4_2_0;road_4_4_2_0;road_4_4_2_1;road_4_4_2_1;road_4_4_2_1;road_4_4_2_2;road_4_4_2_2;road_4_4_2_2;road_3_3_1_0;road_3_3_1_0;road_3_3_1_0;road_3_3_1_1;road_3_3_1_1;road_3_3_1_1;road_3_3_1_2;road_3_3_1_2;road_3_3_1_2;road_2_4_0_0;road_2_4_0_0;road_2_4_0_0;road_2_4_0_1;road_2_4_0_1;road_2_4_0_1;road_2_4_0_2;road_2_4_0_2;road_2_4_0_2,GGGrrrrrrGGGGGGrrrGGGrrrrrrGGGGGGrrr
300,intersection_4_1,road_4_2_3_0;road_4_2_3_0;road_4_2_3_0;road_4_2_3_1;road_4_2_3_1;road_4_2_3_1;road_4_2_3_2;road_4_2_3_2;road_4_2_3_2;road_5_1_2_0;road_5_1_2_0;road_5_1_2_0;road_5_1_2_1;road_5_1_2_1;road_5_1_2_1;road_5_1_2_2;road_5_1_2_2;road_5_1_2_2;road_4_0_1_0;road_4_0_1_0;road_4_0_1_0;road_4_0_1_1;road_4_0_1_1;road_4_0_1_1;road_4_0_1_2;road_4_0_1_2;road_4_0_1_2;road_3_1_0_0;road_3_1_0_0;road_3_1_0_0;road_3_1_0_1;road_3_1_0_1;road_3_1_0_1;road_3_1_0_2;road_3_1_0_2;road_3_1_0_2,GGGrrrrrrGGGGGGrrrGGGrrrrrrGGGGGGrrr
300,intersection_4_2,road_4_3_3_0;road_4_3_3_0;road_4_3_3_0;road_4_3_3_1;road_4_3_3_1;road_4_3_3_1;road_4_3_3_2;road_4_3_3_2;road_4_3_3_2;road_5_2_2_0;road_5_2_2_0;road_5_2_2_0;road_5_2_2_1;road_5_2_2_1;road_5_2_2_1;road_5_2_2_2;road_5_2_2_2;road_5_2_2_2;road_4_1_1_0;road_4_1_1_0;road_4_1_1_0;road_4_1_1_1;road_4_1_1_1;road_4_1_1_1;road_4_1_1_2;road_4_1_1_2;road_4_1_1_2;road_3_2_0_0;road_3_2_0_0;road_3_2_0_0;road_3_2_0_1;road_3_2_0_1;road_3_2_0_1;road_3_2_0_2;road_3_2_0_2;road_3_2_0_2,GGGrrrrrrGGGGGGrrrGGGrrrrrrGGGGGGrrr
300,intersection_4_3,road_4_4_3_0;road_4_4_3_0;road_4_4_3_0;road_4_4_3_1;road_4_4_3_1;road_4_4_3_1;road_4_4_3_2;road_4_4_3_2;road_4_4_3_2;road_5_3_2_0;road_5_3_2_0;road_5_3_2_0;road_5_3_2_1;road_5_3_2_1;road_5_3_2_1;road_5_3_2_2;road_5_3_2_2;road_5_3_2_2;road_4_2_1_0;road_4_2_1_0;road_4_2_1_0;road_4_2_1_1;road_4_2_1_1;road_4_2_1_1;road_4_2_1_2;road_4_2_1_2;road_4_2_1_2;road_3_3_0_0;road_3_3_0_0;road_3_3_0_0;road_3_3_0_1;road_3_3_0_1;road_3_3_0_1;road_3_3_0_2;road_3_3_0_2;road_3_3_0_2,GGGrrrGGGGGGrrrrrrGGGrrrGGGGGGrrrrrr
300,intersection_4_4,road_4_5_3_0;road_4_5_3_0;road_4_5_3_0;road_4_5_3_1;road_4_5_3_1;road_4_5_3_1;road_4_5_3_2;road_4_5_3_2;road_4_5_3_2;road_5_4_2_0;road_5_4_2_0;road_5_4_2_0;road_5_4_2_1;road_5_4_2_1;road_5_4_2_1;road_5_4_2_2;road_5_4_2_2;road_5_4_2_2;road_4_3_1_0;road_4_3_1_0;road_4_3_1_0;road_4_3_1_1;road_4_3_1_1;road_4_3_1_1;road_4_3_1_2;road_4_3_1_2;road_4_3_1_2;road_3_4_0_0;road_3_4_0_0;road_3_4_0_0;road_3_4_0_1;road_3_4_0_1;road_3_4_0_1;road_3_4_0_2;road_3_4_0_2;road_3_4_0_2,GGGrrrGGGGGGrrrrrrGGGrrrGGGGGGrrrrrr
310,intersection_1_1,road_1_2_3_0;road_1_2_3_0;road_1_2_3_0;road_1_2_3_1;road_1_2_3_1;road_1_2_3_1;road_1_2_3_2;road_1_2_3_2;road_1_2_3_2;road_2_1_2_0;road_2_1_2_0;road_2_1_2_0;road_2_1_2_1;road_2_1_2_1;road_2_1_2_1;road_2_1_2_2;road_2_1_2_2;road_2_1_2_2;road_1_0_1_0;road_1_0_1_0;road_1_0_1_0;road_1_0_1_1;road_1_0_1_1;road_1_0_1_1;road_1_0_1_2;road_1_0_1_2;road_1_0_1_2;road_0_1_0_0;road_0_1_0_0;road_0_1_0_0;road_0_1_0_1;road_0_1_0_1;road_0_1_0_1;road_0_1_0_2;road_0_1_0_2;road_0_1_0_2,GGGrrrGGGGGGrrrrrrGGGrrrGGGGGGrrrrrr
310,intersection_1_2,road_1_3_3_0;road_1_3_3_0;road_1_3_3_0;road_1_3_3_1;road_1_3_3_1;road_1_3_3_1;road_1_3_3_2;road_1_3_3_2;road_1_3_3_2;road_2_2_2_0;road_2_2_2_0;road_2_2_2_0;road_2_2_2_1;road_2_2_2_1;road_2_2_2_1;road_2_2_2_2;road_2_2_2_2;road_2_2_2_2;road_1_1_1_0;road_1_1_1_0;road_1_1_1_0;road_1_1_1_1;road_1_1_1_1;road_1_1_1_1;road_1_1_1_2;road_1_1_1_2;road_1_1_1_2;road_0_2_0_0;road_0_2_0_0;road_0_2_0_0;road_0_2_0_1;road_0_2_0_1;road_0_2_0_1;road_0_2_0_2;road_0_2_0_2;road_0_2_0_2,GGGrrrrrrGGGGGGrrrGGGrrrrrrGGGGGGrrr
310,intersection_1_3,road_1_4_3_0;road_1_4_3_0;road_1_4_3_0;road_1_4_3_1;road_1_4_3_1;road_1_4_3_1;road_1_4_3_2;road_1_4_3_2;road_1_4_3_2;road_2_3_2_0;road_2_3_2_0;road_2_3_2_0;road_2_3_2_1;road_2_3_2_1;road_2_3_2_1;road_2_3_2_2;road_2_3_2_2;road_2_3_2_2;road_1_2_1_0;road_1_2_1_0;road_1_2_1_0;road_1_2_1_1;road_1_2_1_1;road_1_2_1_1;road_1_2_1_2;road_1_2_1_2;road_1_2_1_2;road_0_3_0_0;road_0_3_0_0;road_0_3_0_0;road_0_3_0_1;road_0_3_0_1;road_0_3_0_1;road_0_3_0_2;road_0_3_0_2;road_0_3_0_2,GGGrrrrrrGGGGGGrrrGGGrrrrrrGGGGGGrrr
310,intersection_1_4,road_1_5_3_0;road_1_5_3_0;road_1_5_3_0;road_1_5_3_1;road_1_5_3_1;road_1_5_3_1;road_1_5_3_2;road_1_5_3_2;road_1_5_3_2;road_2_4_2_0;road_2_4_2_0;road_2_4_2_0;road_2_4_2_1;road_2_4_2_1;road_2_4_2_1;road_2_4_2_2;road_2_4_2_2;road_2_4_2_2;road_1_3_1_0;road_1_3_1_0;road_1_3_1_0;road_1_3_1_1;road_1_3_1_1;road_1_3_1_1;road_1_3_1_2;road_1_3_1_2;road_1_3_1_2;road_0_4_0_0;road_0_4_0_0;road_0_4_0_0;road_0_4_0_1;road_0_4_0_1;road_0_4_0_1;road_0_4_0_2;road_0_4_0_2;road_0_4_0_2,GGGGGGrrrGGGrrrrrrGGGGGGrrrGGGrrrrrr
310,intersection_2_1,road_2_2_3_0;road_2_2_3_0;road_2_2_3_0;road_2_2_3_1;road_2_2_3_1;road_2_2_3_1;road_2_2_3_2;road_2_2_3_2;road_2_2_3_2;road_3_1_2_0;road_3_1_2_0;road_3_1_2_0;road_3_1_2_1;road_3_1_2_1;road_3_1_2_1;road_3_1_2_2;road_3_1_2_2;road_3_1_2_2;road_2_0_1_0;road_2_0_1_0;road_2_0_1_0;road_2_0_1_1;road_2_0_1_1;road_2_0_1_1;road_2_0_1_2;road_2_0_1_2;road_2_0_1_2;road_1_1_0_0;road_1_1_0_0;road_1_1_0_0;road_1_1_0_1;road_1_1_0_1;road_1_1_0_1;road_1_1_0_2;road_1_1_0_2;road_1_1_0_2,GGGrrrrrrGGGGGGrrrGGGrrrrrrGGGGGGrrr
310,intersection_2_2,road_2_3_3_0;road_2_3_3_0;road_2_3_3_0;road_2_3_3_1;road_2_3_3_1;road_2_3_3_1;road_2_3_3_2;road_2_3_3_2;road_2_3_3_2;road_3_2_2_0;road_3_2_2_0;road_3_2_2_0;road_3_2_2_1;road_3_2_2_1;road_3_2_2_1;road_3_2_2_2;road_3_2_2_2;road_3_2_2_2;road_2_1_1_0;road_2_1_1_0;road_2_1_1_0;road_2_1_1_1;road_2_1_1_1;road_2_1_1_1;road_2_1_1_2;road_2_1_1_2;road_2_1_1_2;road_1_2_0_0;road_1_2_0_0;road_1_2_0_0;road_1_2_0_1;road_1_2_0_1;road_1_2_0_1;road_1_2_0_2;road_1_2_0_2;road_1_2_0_2,GGGrrrrrrGGGGGGrrrGGGrrrrrrGGGGGGrrr
310,intersection_2_3,road_2_4_3_0;road_2_4_3_0;road_2_4_3_0;road_2_4_3_1;road_2_4_3_1;road_2_4_3_1;road_2_4_3_2;road_2_4_3_2;road_2_4_3_2;road_3_3_2_0;road_3_3_2_0;road_3_3_2_0;road_3_3_2_1;road_3_3_2_1;road_3_3_2_1;road_3_3_2_2;road_3_3_2_2;road_3_3_2_2;road_2_2_1_0;road_2_2_1_0;road_2_2_1_0;road_2_2_1_1;road_2_2_1_1;road_2_2_1_1;road_2_2_1_2;road_2_2_1_2;road_2_2_1_2;road_1_3_0_0;road_1_3_0_0;road_1_3_0_0;road_1_3_0_1;road_1_3_0_1;road_1_3_0_1;road_1_3_0_2;road_1_3_0_2;road_1_3_0_2,GGGrrrrrrGGGGGGrrrGGGrrrrrrGGGGGGrrr
310,intersection_2_4,road_2_5_3_0;road_2_5_3_0;road_2_5_3_0;road_2_5_3_1;road_2_5_3_1;road_2_5_3_1;road_2_5_3_2;road_2_5_3_2;road_2_5_3_2;road_3_4_2_0;road_3_4_2_0;road_3_4_2_0;road_3_4_2_1;road_3_4_2_1;road_3_4_2_1;road_3_4_2_2;road_3_4_2_2;road_3_4_2_2;road_2_3_1_0;road_2_3_1_0;road_2_3_1_0;road_2_3_1_1;road_2_3_1_1;road_2_3_1_1;road_2_3_1_2;road_2_3_1_2;road_2_3_1_2;road_1_4_0_0;road_1_4_0_0;road_1_4_0_0;road_1_4_0_1;road_1_4_0_1;road_1_4_0_1;road_1_4_0_2;road_1_4_0_2;road_1_4_0_2,GGGrrrrrrGGGGGGrrrGGGrrrrrrGGGGGGrrr
310,intersection_3_1,road_3_2_3_0;road_3_2_3_0;road_3_2_3_0;road_3_2_3_1;road_3_2_3_1;road_3_2_3_1;road_3_2_3_2;road_3_2_3_2;road_3_2_3_2;road_4_1_2_0;road_4_1_2_0;road_4_1_2_0;road_4_1_2_1;road_4_1_2_1;road_4_1_2_1;road_4_1_2_2;road_4_1_2_2;road_4_1_2_2;road_3_0_1_0;road_3_0_1_0;road_3_0_1_0;road_3_0_1_1;road_3_0_1_1;road_3_0_1_1;road_3_0_1_2;road_3_0_1_2;road_3_0_1_2;road_2_1_0_0;road_2_1_0_0;road_2_1_0_0;road_2_1_0_1;road_2_1_0_1;road_2_1_0_1;road_2_1_0_2;road_2_1_0_2;road_2_1_0_2,GGGrrrrrrGGGGGGrrrGGGrrrrrrGGGGGGrrr
310,intersection_3_2,road_3_3_3_0;road_3_3_3_0;road_3_3_3_0;road_3_3_3_1;road_3_3_3_1;road_3_3_3_1;road_3_3_3_2;road_3_3_3_2;road_3_3_3_2;road_4_2_2_0;road_4_2_2_0;road_4_2_2_0;road_4_2_2_1;road_4_2_2_1;road_4_2_2_1;road_4_2_2_2;road_4_2_2_2;road_4_2_2_2;road_3_1_1_0;road_3_1_1_0;road_3_1_1_0;road_3_1_1_1;road_3_1_1_1;road_3_1_1_1;road_3_1_1_2;road_3_1_1_2;road_3_1_1_2;road_2_2_0_0;road_2_2_0_0;road_2_2_0_0;road_2_2_0_1;road_2_2_0_1;road_2_2_0_1;road_2_2_0_2;road_2_2_0_2;road_2_2_0_2,GGGrrrGGGGGGrrrrrrGGGrrrGGGGGGrrrrrr
310,intersection_3_3,road_3_4_3_0;road_3_4_3_0;road_3_4_3_0;road_3_4_3_1;road_3_4_3_1;road_3_4_3_1;road_3_4_3_2;road_3_4_3_2;road_3_4_3_2;road_4_3_2_0;road_4_3_2_0;road_4_3_2_0;road_4_3_2_1;road_4_3_2_1;road_4_3_2_1;road_4_3_2_2;road_4_3_2_2;road_4_3_2_2;road_3_2_1_0;road_3_2_1_0;road_3_2_1_0;road_3_2_1_1;road_3_2_1_1;road_3_2_1_1;road_3_2_1_2;road_3_2_1_2;road_3_2_1_2;road_2_3_0_0;road_2_3_0_0;road_2_3_0_0;road_2_3_0_1;road_2_3_0_1;road_2_3_0_1;road_2_3_0_2;road_2_3_0_2;road_2_3_0_2,GGGrrrrrrGGGGGGrrrGGGrrrrrrGGGGGGrrr
310,intersection_3_4,road_3_5_3_0;road_3_5_3_0;road_3_5_3_0;road_3_5_3_1;road_3_5_3_1;road_3_5_3_1;road_3_5_3_2;road_3_5_3_2;road_3_5_3_2;road_4_4_2_0;road_4_4_2_0;road_4_4_2_0;road_4_4_2_1;road_4_4_2_1;road_4_4_2_1;road_4_4_2_2;road_4_4_2_2;road_4_4_2_2;road_3_3_1_0;road_3_3_1_0;road_3_3_1_0;road_3_3_1_1;road_3_3_1_1;road_3_3_1_1;road_3_3_1_2;road_3_3_1_2;road_3_3_1_2;road_2_4_0_0;road_2_4_0_0;road_2_4_0_0;road_2_4_0_1;road_2_4_0_1;road_2_4_0_1;road_2_4_0_2;road_2_4_0_2;road_2_4_0_2,GGGrrrrrrGGGGGGrrrGGGrrrrrrGGGGGGrrr
310,intersection_4_1,road_4_2_3_0;road_4_2_3_0;road_4_2_3_0;road_4_2_3_1;road_4_2_3_1;road_4_2_3_1;road_4_2_3_2;road_4_2_3_2;road_4_2_3_2;road_5_1_2_0;road_5_1_2_0;road_5_1_2_0;road_5_1_2_1;road_5_1_2_1;road_5_1_2_1;road_5_1_2_2;road_5_1_2_2;road_5_1_2_2;road_4_0_1_0;road_4_0_1_0;road_4_0_1_0;road_4_0_1_1;road_4_0_1_1;road_4_0_1_1;road_4_0_1_2;road_4_0_1_2;road_4_0_1_2;road_3_1_0_0;road_3_1_0_0;road_3_1_0_0;road_3_1_0_1;road_3_1_0_1;road_3_1_0_1;road_3_1_0_2;road_3_1_0_2;road_3_1_0_2,GGGrrrrrrGGGGGGrrrGGGrrrrrrGGGGGGrrr
310,intersection_4_2,road_4_3_3_0;road_4_3_3_0;road_4_3_3_0;road_4_3_3_1;road_4_3_3_1;road_4_3_3_1;road_4_3_3_2;road_4_3_3_2;road_4_3_3_2;road_5_2_2_0;road_5_2_2_0;road_5_2_2_0;road_5_2_2_1;road_5_2_2_1;road_5_2_2_1;road_5_2_2_2;road_5_2_2_2;road_5_2_2_2;road_4_1_1_0;road_4_1_1_0;road_4_1_1_0;road_4_1_1_1;road_4_1_1_1;road_4_1_1_1;road_4_1_1_2;road_4_1_1_2;road_4_1_1_2;road_3_2_0_0;road_3_2_0_0;road_3_2_0_0;road_3_2_0_1;road_3_2_0_1;road_3_2_0_1;road_3_2_0_2;road_3_2_0_2;road_3_2_0_2,GGGrrrrrrGGGGGGrrrGGGrrrrrrGGGGGGrrr
310,intersection_4_3,road_4_4_3_0;road_4_4_3_0;road_4_4_3_0;road_4_4_3_1;road_4_4_3_1;road_4_4_3_1;road_4_4_3_2;road_4_4_3_2;road_4_4_3_2;road_5_3_2_0;road_5_3_2_0;road_5_3_2_0;road_5_3_2_1;road_5_3_2_1;road_5_3_2_1;road_5_3_2_2;road_5_3_2_2;road_5_3_2_2;road_4_2_1_0;road_4_2_1_0;road_4_2_1_0;road_4_2_1_1;road_4_2_1_1;road_4_2_1_1;road_4_2_1_2;road_4_2_1_2;road_4_2_1_2;road_3_3_0_0;road_3_3_0_0;road_3_3_0_0;road_3_3_0_1;road_3_3_0_1;road_3_3_0_1;road_3_3_0_2;road_3_3_0_2;road_3_3_0_2,GGGrrrGGGGGGrrrrrrGGGrrrGGGGGGrrrrrr
310,intersection_4_4,road_4_5_3_0;road_4_5_3_0;road_4_5_3_0;road_4_5_3_1;road_4_5_3_1;road_4_5_3_1;road_4_5_3_2;road_4_5_3_2;road_4_5_3_2;road_5_4_2_0;road_5_4_2_0;road_5_4_2_0;road_5_4_2_1;road_5_4_2_1;road_5_4_2_1;road_5_4_2_2;road_5_4_2_2;road_5_4_2_2;road_4_3_1_0;road_4_3_1_0;road_4_3_1_0;road_4_3_1_1;road_4_3_1_1;road_4_3_1_1;road_4_3_1_2;road_4_3_1_2;road_4_3_1_2;road_3_4_0_0;road_3_4_0_0;road_3_4_0_0;road_3_4_0_1;road_3_4_0_1;road_3_4_0_1;road_3_4_0_2;road_3_4_0_2;road_3_4_0_2,GGGrrrGGGGGGrrrrrrGGGrrrGGGGGGrrrrrr
320,intersection_1_1,road_1_2_3_0;road_1_2_3_0;road_1_2_3_0;road_1_2_3_1;road_1_2_3_1;road_1_2_3_1;road_1_2_3_2;road_1_2_3_2;road_1_2_3_2;road_2_1_2_0;road_2_1_2_0;road_2_1_2_0;road_2_1_2_1;road_2_1_2_1;road_2_1_2_1;road_2_1_2_2;road_2_1_2_2;road_2_1_2_2;road_1_0_1_0;road_1_0_1_0;road_1_0_1_0;road_1_0_1_1;road_1_0_1_1;road_1_0_1_1;road_1_0_1_2;road_1_0_1_2;road_1_0_1_2;road_0_1_0_0;road_0_1_0_0;road_0_1_0_0;road_0_1_0_1;road_0_1_0_1;road_0_1_0_1;road_0_1_0_2;road_0_1_0_2;road_0_1_0_2,GGGrrrGGGGGGrrrrrrGGGrrrGGGGGGrrrrrr
320,intersection_1_2,road_1_3_3_0;road_1_3_3_0;road_1_3_3_0;road_1_3_3_1;road_1_3_3_1;road_1_3_3_1;road_1_3_3_2;road_1_3_3_2;road_1_3_3_2;road_2_2_2_0;road_2_2_2_0;road_2_2_2_0;road_2_2_2_1;road_2_2_2_1;road_2_2_2_1;road_2_2_2_2;road_2_2_2_2;road_2_2_2_2;road_1_1_1_0;road_1_1_1_0;road_1_1_1_0;road_1_1_1_1;road_1_1_1_1;road_1_1_1_1;road_1_1_1_2;road_1_1_1_2;road_1_1_1_2;road_0_2_0_0;road_0_2_0_0;road_0_2_0_0;road_0_2_0_1;road_0_2_0_1;road_0_2_0_1;road_0_2_0_2;road_0_2_0_2;road_0_2_0_2,GGGrrrrrrGGGGGGrrrGGGrrrrrrGGGGGGrrr
320,intersection_1_3,road_1_4_3_0;road_1_4_3_0;road_1_4_3_0;road_1_4_3_1;road_1_4_3_1;road_1_4_3_1;road_1_4_3_2;road_1_4_3_2;road_1_4_3_2;road_2_3_2_0;road_2_3_2_0;road_2_3_2_0;road_2_3_2_1;road_2_3_2_1;road_2_3_2_1;road_2_3_2_2;road_2_3_2_2;road_2_3_2_2;road_1_2_1_0;road_1_2_1_0;road_1_2_1_0;road_1_2_1_1;road_1_2_1_1;road_1_2_1_1;road_1_2_1_2;road_1_2_1_2;road_1_2_1_2;road_0_3_0_0;road_0_3_0_0;road_0_3_0_0;road_0_3_0_1;road_0_3_0_1;road_0_3_0_1;road_0_3_0_2;road_0_3_0_2;road_0_3_0_2,GGGrrrrrrGGGGGGrrrGGGrrrrrrGGGGGGrrr
320,intersection_1_4,road_1_5_3_0;road_1_5_3_0;road_1_5_3_0;road_1_5_3_1;road_1_5_3_1;road_1_5_3_1;road_1_5_3_2;road_1_5_3_2;road_1_5_3_2;road_2_4_2_0;road_2_4_2_0;road_2_4_2_0;road_2_4_2_1;road_2_4_2_1;road_2_4_2_1;road_2_4_2_2;road_2_4_2_2;road_2_4_2_2;road_1_3_1_0;road_1_3_1_0;road_1_3_1_0;road_1_3_1_1;road_1_3_1_1;road_1_3_1_1;road_1_3_1_2;road_1_3_1_2;road_1_3_1_2;road_0_4_0_0;road_0_4_0_0;road_0_4_0_0;road_0_4_0_1;road_0_4_0_1;road_0_4_0_1;road_0_4_0_2;road_0_4_0_2;road_0_4_0_2,GGGGGGrrrGGGrrrrrrGGGGGGrrrGGGrrrrrr
320,intersection_2_1,road_2_2_3_0;road_2_2_3_0;road_2_2_3_0;road_2_2_3_1;road_2_2_3_1;road_2_2_3_1;road_2_2_3_2;road_2_2_3_2;road_2_2_3_2;road_3_1_2_0;road_3_1_2_0;road_3_1_2_0;road_3_1_2_1;road_3_1_2_1;road_3_1_2_1;road_3_1_2_2;road_3_1_2_2;road_3_1_2_2;road_2_0_1_0;road_2_0_1_0;road_2_0_1_0;road_2_0_1_1;road_2_0_1_1;road_2_0_1_1;road_2_0_1_2;road_2_0_1_2;road_2_0_1_2;road_1_1_0_0;road_1_1_0_0;road_1_1_0_0;road_1_1_0_1;road_1_1_0_1;road_1_1_0_1;road_1_1_0_2;road_1_1_0_2;road_1_1_0_2,GGGrrrrrrGGGGGGrrrGGGrrrrrrGGGGGGrrr
320,intersection_2_2,road_2_3_3_0;road_2_3_3_0;road_2_3_3_0;road_2_3_3_1;road_2_3_3_1;road_2_3_3_1;road_2_3_3_2;road_2_3_3_2;road_2_3_3_2;road_3_2_2_0;road_3_2_2_0;road_3_2_2_0;road_3_2_2_1;road_3_2_2_1;road_3_2_2_1;road_3_2_2_2;road_3_2_2_2;road_3_2_2_2;road_2_1_1_0;road_2_1_1_0;road_2_1_1_0;road_2_1_1_1;road_2_1_1_1;road_2_1_1_1;road_2_1_1_2;road_2_1_1_2;road_2_1_1_2;road_1_2_0_0;road_1_2_0_0;road_1_2_0_0;road_1_2_0_1;road_1_2_0_1;road_1_2_0_1;road_1_2_0_2;road_1_2_0_2;road_1_2_0_2,GGGrrrrrrGGGGGGrrrGGGrrrrrrGGGGGGrrr
320,intersection_2_3,road_2_4_3_0;road_2_4_3_0;road_2_4_3_0;road_2_4_3_1;road_2_4_3_1;road_2_4_3_1;road_2_4_3_2;road_2_4_3_2;road_2_4_3_2;road_3_3_2_0;road_3_3_2_0;road_3_3_2_0;road_3_3_2_1;road_3_3_2_1;road_3_3_2_1;road_3_3_2_2;road_3_3_2_2;road_3_3_2_2;road_2_2_1_0;road_2_2_1_0;road_2_2_1_0;road_2_2_1_1;road_2_2_1_1;road_2_2_1_1;road_2_2_1_2;road_2_2_1_2;road_2_2_1_2;road_1_3_0_0;road_1_3_0_0;road_1_3_0_0;road_1_3_0_1;road_1_3_0_1;road_1_3_0_1;road_1_3_0_2;road_1_3_0_2;road_1_3_0_2,GGGrrrrrrGGGGGGrrrGGGrrrrrrGGGGGGrrr
320,intersection_2_4,road_2_5_3_0;road_2_5_3_0;road_2_5_3_0;road_2_5_3_1;road_2_5_3_1;road_2_5_3_1;road_2_5_3_2;road_2_5_3_2;road_2_5_3_2;road_3_4_2_0;road_3_4_2_0;road_3_4_2_0;road_3_4_2_1;road_3_4_2_1;road_3_4_2_1;road_3_4_2_2;road_3_4_2_2;road_3_4_2_2;road_2_3_1_0;road_2_3_1_0;road_2_3_1_0;road_2_3_1_1;road_2_3_1_1;road_2_3_1_1;road_2_3_1_2;road_2_3_1_2;road_2_3_1_2;road_1_4_0_0;road_1_4_0_0;road_1_4_0_0;road_1_4_0_1;road_1_4_0_1;road_1_4_0_1;road_1_4_0_2;road_1_4_0_2;road_1_4_0_2,GGGrrrrrrGGGGGGrrrGGGrrrrrrGGGGGGrrr
320,intersection_3_1,road_3_2_3_0;road_3_2_3_0;road_3_2_3_0;road_3_2_3_1;road_3_2_3_1;road_3_2_3_1;road_3_2_3_2;road_3_2_3_2;road_3_2_3_2;road_4_1_2_0;road_4_1_2_0;road_4_1_2_0;road_4_1_2_1;road_4_1_2_1;road_4_1_2_1;road_4_1_2_2;road_4_1_2_2;road_4_1_2_2;road_3_0_1_0;road_3_0_1_0;road_3_0_1_0;road_3_0_1_1;road_3_0_1_1;road_3_0_1_1;road_3_0_1_2;road_3_0_1_2;road_3_0_1_2;road_2_1_0_0;road_2_1_0_0;road_2_1_0_0;road_2_1_0_1;road_2_1_0_1;road_2_1_0_1;road_2_1_0_2;road_2_1_0_2;road_2_1_0_2,GGGrrrrrrGGGGGGrrrGGGrrrrrrGGGGGGrrr
320,intersection_3_2,road_3_3_3_0;road_3_3_3_0;road_3_3_3_0;road_3_3_3_1;road_3_3_3_1;road_3_3_3_1;road_3_3_3_2;road_3_3_3_2;road_3_3_3_2;road_4_2_2_0;road_4_2_2_0;road_4_2_2_0;road_4_2_2_1;road_4_2_2_1;road_4_2_2_1;road_4_2_2_2;road_4_2_2_2;road_4_2_2_2;road_3_1_1_0;road_3_1_1_0;road_3_1_1_0;road_3_1_1_1;road_3_1_1_1;road_3_1_1_1;road_3_1_1_2;road_3_1_1_2;road_3_1_1_2;road_2_2_0_0;road_2_2_0_0;road_2_2_0_0;road_2_2_0_1;road_2_2_0_1;road_2_2_0_1;road_2_2_0_2;road_2_2_0_2;road_2_2_0_2,GGGrrrGGGGGGrrrrrrGGGrrrGGGGGGrrrrrr
320,intersection_3_3,road_3_4_3_0;road_3_4_3_0;road_3_4_3_0;road_3_4_3_1;road_3_4_3_1;road_3_4_3_1;road_3_4_3_2;road_3_4_3_2;road_3_4_3_2;road_4_3_2_0;road_4_3_2_0;road_4_3_2_0;road_4_3_2_1;road_4_3_2_1;road_4_3_2_1;road_4_3_2_2;road_4_3_2_2;road_4_3_2_2;road_3_2_1_0;road_3_2_1_0;road_3_2_1_0;road_3_2_1_1;road_3_2_1_1;road_3_2_1_1;road_3_2_1_2;road_3_2_1_2;road_3_2_1_2;road_2_3_0_0;road_2_3_0_0;road_2_3_0_0;road_2_3_0_1;road_2_3_0_1;road_2_3_0_1;road_2_3_0_2;road_2_3_0_2;road_2_3_0_2,GGGrrrrrrGGGGGGrrrGGGrrrrrrGGGGGGrrr
320,intersection_3_4,road_3_5_3_0;road_3_5_3_0;road_3_5_3_0;road_3_5_3_1;road_3_5_3_1;road_3_5_3_1;road_3_5_3_2;road_3_5_3_2;road_3_5_3_2;road_4_4_2_0;road_4_4_2_0;road_4_4_2_0;road_4_4_2_1;road_4_4_2_1;road_4_4_2_1;road_4_4_2_2;road_4_4_2_2;road_4_4_2_2;road_3_3_1_0;road_3_3_1_0;road_3_3_1_0;road_3_3_1_1;road_3_3_1_1;road_3_3_1_1;road_3_3_1_2;road_3_3_1_2;road_3_3_1_2;road_2_4_0_0;road_2_4_0_0;road_2_4_0_0;road_2_4_0_1;road_2_4_0_1;road_2_4_0_1;road_2_4_0_2;road_2_4_0_2;road_2_4_0_2,GGGrrrrrrGGGGGGrrrGGGrrrrrrGGGGGGrrr
320,intersection_4_1,road_4_2_3_0;road_4_2_3_0;road_4_2_3_0;road_4_2_3_1;road_4_2_3_1;road_4_2_3_1;road_4_2_3_2;road_4_2_3_2;road_4_2_3_2;road_5_1_2_0;road_5_1_2_0;road_5_1_2_0;road_5_1_2_1;road_5_1_2_1;road_5_1_2_1;road_5_1_2_2;road_5_1_2_2;road_5_1_2_2;road_4_0_1_0;road_4_0_1_0;road_4_0_1_0;road_4_0_1_1;road_4_0_1_1;road_4_0_1_1;road_4_0_1_2;road_4_0_1_2;road_4_0_1_2;road_3_1_0_0;road_3_1_0_0;road_3_1_0_0;road_3_1_0_1;road_3_1_0_1;road_3_1_0_1;road_3_1_0_2;road_3_1_0_2;road_3_1_0_2,GGGrrrrrrGGGGGGrrrGGGrrrrrrGGGGGGrrr
320,intersection_4_2,road_4_3_3_0;road_4_3_3_0;road_4_3_3_0;road_4_3_3_1;road_4_3_3_1;road_4_3_3_1;road_4_3_3_2;road_4_3_3_2;road_4_3_3_2;road_5_2_2_0;road_5_2_2_0;road_5_2_2_0;road_5_2_2_1;road_5_2_2_1;road_5_2_2_1;road_5_2_2_2;road_5_2_2_2;road_5_2_2_2;road_4_1_1_0;road_4_1_1_0;road_4_1_1_0;road_4_1_1_1;road_4_1_1_1;road_4_1_1_1;road_4_1_1_2;road_4_1_1_2;road_4_1_1_2;road_3_2_0_0;road_3_2_0_0;road_3_2_0_0;road_3_2_0_1;road_3_2_0_1;road_3_2_0_1;road_3_2_0_2;road_3_2_0_2;road_3_2_0_2,GGGrrrrrrGGGGGGrrrGGGrrrrrrGGGGGGrrr
320,intersection_4_3,road_4_4_3_0;road_4_4_3_0;road_4_4_3_0;road_4_4_3_1;road_4_4_3_1;road_4_4_3_1;road_4_4_3_2;road_4_4_3_2;road_4_4_3_2;road_5_3_2_0;road_5_3_2_0;road_5_3_2_0;road_5_3_2_1;road_5_3_2_1;road_5_3_2_1;road_5_3_2_2;road_5_3_2_2;road_5_3_2_2;road_4_2_1_0;road_4_2_1_0;road_4_2_1_0;road_4_2_1_1;road_4_2_1_1;road_4_2_1_1;road_4_2_1_2;road_4_2_1_2;road_4_2_1_2;road_3_3_0_0;road_3_3_0_0;road_3_3_0_0;road_3_3_0_1;road_3_3_0_1;road_3_3_0_1;road_3_3_0_2;road_3_3_0_2;road_3_3_0_2,GGGrrrGGGGGGrrrrrrGGGrrrGGGGGGrrrrrr
320,intersection_4_4,road_4_5_3_0;road_4_5_3_0;road_4_5_3_0;road_4_5_3_1;road_4_5_3_1;road_4_5_3_1;road_4_5_3_2;road_4_5_3_2;road_4_5_3_2;road_5_4_2_0;road_5_4_2_0;road_5_4_2_0;road_5_4_2_1;road_5_4_2_1;road_5_4_2_1;road_5_4_2_2;road_5_4_2_2;road_5_4_2_2;road_4_3_1_0;road_4_3_1_0;road_4_3_1_0;road_4_3_1_1;road_4_3_1_1;road_4_3_1_1;road_4_3_1_2;road_4_3_1_2;road_4_3_1_2;road_3_4_0_0;road_3_4_0_0;road_3_4_0_0;road_3_4_0_1;road_3_4_0_1;road_3_4_0_1;road_3_4_0_2;road_3_4_0_2;road_3_4_0_2,GGGrrrGGGGGGrrrrrrGGGrrrGGGGGGrrrrrr
330,intersection_1_1,road_1_2_3_0;road_1_2_3_0;road_1_2_3_0;road_1_2_3_1;road_1_2_3_1;road_1_2_3_1;road_1_2_3_2;road_1_2_3_2;road_1_2_3_2;road_2_1_2_0;road_2_1_2_0;road_2_1_2_0;road_2_1_2_1;road_2_1_2_1;road_2_1_2_1;road_2_1_2_2;road_2_1_2_2;road_2_1_2_2;road_1_0_1_0;road_1_0_1_0;road_1_0_1_0;road_1_0_1_1;road_1_0_1_1;road_1_0_1_1;road_1_0_1_2;road_1_0_1_2;road_1_0_1_2;road_0_1_0_0;road_0_1_0_0;road_0_1_0_0;road_0_1_0_1;road_0_1_0_1;road_0_1_0_1;road_0_1_0_2;road_0_1_0_2;road_0_1_0_2,GGGrrrGGGGGGrrrrrrGGGrrrGGGGGGrrrrrr
330,intersection_1_2,road_1_3_3_0;road_1_3_3_0;road_1_3_3_0;road_1_3_3_1;road_1_3_3_1;road_1_3_3_1;road_1_3_3_2;road_1_3_3_2;road_1_3_3_2;road_2_2_2_0;road_2_2_2_0;road_2_2_2_0;road_2_2_2_1;road_2_2_2_1;road_2_2_2_1;road_2_2_2_2;road_2_2_2_2;road_2_2_2_2;road_1_1_1_0;road_1_1_1_0;road_1_1_1_0;road_1_1_1_1;road_1_1_1_1;road_1_1_1_1;road_1_1_1_2;road_1_1_1_2;road_1_1_1_2;road_0_2_0_0;road_0_2_0_0;road_0_2_0_0;road_0_2_0_1;road_0_2_0_1;road_0_2_0_1;road_0_2_0_2;road_0_2_0_2;road_0_2_0_2,GGGrrrrrrGGGGGGrrrGGGrrrrrrGGGGGGrrr
330,intersection_1_3,road_1_4_3_0;road_1_4_3_0;road_1_4_3_0;road_1_4_3_1;road_1_4_3_1;road_1_4_3_1;road_1_4_3_2;road_1_4_3_2;road_1_4_3_2;road_2_3_2_0;road_2_3_2_0;road_2_3_2_0;road_2_3_2_1;road_2_3_2_1;road_2_3_2_1;road_2_3_2_2;road_2_3_2_2;road_2_3_2_2;road_1_2_1_0;road_1_2_1_0;road_1_2_1_0;road_1_2_1_1;road_1_2_1_1;road_1_2_1_1;road_1_2_1_2;road_1_2_1_2;road_1_2_1_2;road_0_3_0_0;road_0_3_0_0;road_0_3_0_0;road_0_3_0_1;road_0_3_0_1;road_0_3_0_1;road_0_3_0_2;road_0_3_0_2;road_0_3_0_2,GGGrrrrrrGGGGGGrrrGGGrrrrrrGGGGGGrrr
330,intersection_1_4,road_1_5_3_0;road_1_5_3_0;road_1_5_3_0;road_1_5_3_1;road_1_5_3_1;road_1_5_3_1;road_1_5_3_2;road_1_5_3_2;road_1_5_3_2;road_2_4_2_0;road_2_4_2_0;road_2_4_2_0;road_2_4_2_1;road_2_4_2_1;road_2_4_2_1;road_2_4_2_2;road_2_4_2_2;road_2_4_2_2;road_1_3_1_0;road_1_3_1_0;road_1_3_1_0;road_1_3_1_1;road_1_3_1_1;road_1_3_1_1;road_1_3_1_2;road_1_3_1_2;road_1_3_1_2;road_0_4_0_0;road_0_4_0_0;road_0_4_0_0;road_0_4_0_1;road_0_4_0_1;road_0_4_0_1;road_0_4_0_2;road_0_4_0_2;road_0_4_0_2,GGGGGGrrrGGGrrrrrrGGGGGGrrrGGGrrrrrr
330,intersection_2_1,road_2_2_3_0;road_2_2_3_0;road_2_2_3_0;road_2_2_3_1;road_2_2_3_1;road_2_2_3_1;road_2_2_3_2;road_2_2_3_2;road_2_2_3_2;road_3_1_2_0;road_3_1_2_0;road_3_1_2_0;road_3_1_2_1;road_3_1_2_1;road_3_1_2_1;road_3_1_2_2;road_3_1_2_2;road_3_1_2_2;road_2_0_1_0;road_2_0_1_0;road_2_0_1_0;road_2_0_1_1;road_2_0_1_1;road_2_0_1_1;road_2_0_1_2;road_2_0_1_2;road_2_0_1_2;road_1_1_0_0;road_1_1_0_0;road_1_1_0_0;road_1_1_0_1;road_1_1_0_1;road_1_1_0_1;road_1_1_0_2;road_1_1_0_2;road_1_1_0_2,GGGrrrrrrGGGGGGrrrGGGrrrrrrGGGGGGrrr
330,intersection_2_2,road_2_3_3_0;road_2_3_3_0;road_2_3_3_0;road_2_3_3_1;road_2_3_3_1;road_2_3_3_1;road_2_3_3_2;road_2_3_3_2;road_2_3_3_2;road_3_2_2_0;road_3_2_2_0;road_3_2_2_0;road_3_2_2_1;road_3_2_2_1;road_3_2_2_1;road_3_2_2_2;road_3_2_2_2;road_3_2_2_2;road_2_1_1_0;road_2_1_1_0;road_2_1_1_0;road_2_1_1_1;road_2_1_1_1;road_2_1_1_1;road_2_1_1_2;road_2_1_1_2;road_2_1_1_2;road_1_2_0_0;road_1_2_0_0;road_1_2_0_0;road_1_2_0_1;road_1_2_0_1;road_1_2_0_1;road_1_2_0_2;road_1_2_0_2;road_1_2_0_2,GGGrrrrrrGGGGGGrrrGGGrrrrrrGGGGGGrrr
330,intersection_2_3,road_2_4_3_0;road_2_4_3_0;road_2_4_3_0;road_2_4_3_1;road_2_4_3_1;road_2_4_3_1;road_2_4_3_2;road_2_4_3_2;road_2_4_3_2;road_3_3_2_0;road_3_3_2_0;road_3_3_2_0;road_3_3_2_1;road_3_3_2_1;road_3_3_2_1;road_3_3_2_2;road_3_3_2_2;road_3_3_2_2;road_2_2_1_0;road_2_2_1_0;road_2_2_1_0;road_2_2_1_1;road_2_2_1_1;road_2_2_1_1;road_2_2_1_2;road_2_2_1_2;road_2_2_1_2;road_1_3_0_0;road_1_3_0_0;road_1_3_0_0;road_1_3_0_1;road_1_3_0_1;road_1_3_0_1;road_1_3_0_2;road_1_3_0_2;road_1_3_0_2,GGGrrrrrrGGGGGGrrrGGGrrrrrrGGGGGGrrr
330,intersection_2_4,road_2_5_3_0;road_2_5_3_0;road_2_5_3_0;road_2_5_3_1;road_2_5_3_1;road_2_5_3_1;road_2_5_3_2;road_2_5_3_2;road_2_5_3_2;road_3_4_2_0;road_3_4_2_0;road_3_4_2_0;road_3_4_2_1;road_3_4_2_1;road_3_4_2_1;road_3_4_2_2;road_3_4_2_2;road_3_4_2_2;road_2_3_1_0;road_2_3_1_0;road_2_3_1_0;road_2_3_1_1;road_2_3_1_1;road_2_3_1_1;road_2_3_1_2;road_2_3_1_2;road_2_3_1_2;road_1_4_0_0;road_1_4_0_0;road_1_4_0_0;road_1_4_0_1;road_1_4_0_1;road_1_4_0_1;road_1_4_0_2;road_1_4_0_2;road_1_4_0_2,GGGrrrrrrGGGGGGrrrGGGrrrrrrGGGGGGrrr
330,intersection_3_1,road_3_2_3_0;road_3_2_3_0;road_3_2_3_0;road_3_2_3_1;road_3_2_3_1;road_3_2_3_1;road_3_2_3_2;road_3_2_3_2;road_3_2_3_2;road_4_1_2_0;road_4_1_2_0;road_4_1_2_0;road_4_1_2_1;road_4_1_2_1;road_4_1_2_1;road_4_1_2_2;road_4_1_2_2;road_4_1_2_2;road_3_0_1_0;road_3_0_1_0;road_3_0_1_0;road_3_0_1_1;road_3_0_1_1;road_3_0_1_1;road_3_0_1_2;road_3_0_1_2;road_3_0_1_2;road_2_1_0_0;road_2_1_0_0;road_2_1_0_0;road_2_1_0_1;road_2_1_0_1;road_2_1_0_1;road_2_1_0_2;road_2_1_0_2;road_2_1_0_2,GGGrrrrrrGGGGGGrrrGGGrrrrrrGGGGGGrrr
330,intersection_3_2,road_3_3_3_0;road_3_3_3_0;road_3_3_3_0;road_3_3_3_1;road_3_3_3_1;road_3_3_3_1;road_3_3_3_2;road_3_3_3_2;road_3_3_3_2;road_4_2_2_0;road_4_2_2_0;road_4_2_2_0;road_4_2_2_1;road_4_2_2_1;road_4_2_2_1;road_4_2_2_2;road_4_2_2_2;road_4_2_2_2;road_3_1_1_0;road_3_1_1_0;road_3_1_1_0;road_3_1_1_1;road_3_1_1_1;road_3_1_1_1;road_3_1_1_2;road_3_1_1_2;road_3_1_1_2;road_2_2_0_0;road_2_2_0_0;road_2_2_0_0;road_2_2_0_1;road_2_2_0_1;road_2_2_0_1;road_2_2_0_2;road_2_2_0_2;road_2_2_0_2,GGGrrrGGGGGGrrrrrrGGGrrrGGGGGGrrrrrr
330,intersection_3_3,road_3_4_3_0;road_3_4_3_0;road_3_4_3_0;road_3_4_3_1;road_3_4_3_1;road_3_4_3_1;road_3_4_3_2;road_3_4_3_2;road_3_4_3_2;road_4_3_2_0;road_4_3_2_0;road_4_3_2_0;road_4_3_2_1;road_4_3_2_1;road_4_3_2_1;road_4_3_2_2;road_4_3_2_2;road_4_3_2_2;road_3_2_1_0;road_3_2_1_0;road_3_2_1_0;road_3_2_1_1;road_3_2_1_1;road_3_2_1_1;road_3_2_1_2;road_3_2_1_2;road_3_2_1_2;road_2_3_0_0;road_2_3_0_0;road_2_3_0_0;road_2_3_0_1;road_2_3_0_1;road_2_3_0_1;road_2_3_0_2;road_2_3_0_2;road_2_3_0_2,GGGrrrrrrGGGGGGrrrGGGrrrrrrGGGGGGrrr
330,intersection_3_4,road_3_5_3_0;road_3_5_3_0;road_3_5_3_0;road_3_5_3_1;road_3_5_3_1;road_3_5_3_1;road_3_5_3_2;road_3_5_3_2;road_3_5_3_2;road_4_4_2_0;road_4_4_2_0;road_4_4_2_0;road_4_4_2_1;road_4_4_2_1;road_4_4_2_1;road_4_4_2_2;road_4_4_2_2;road_4_4_2_2;road_3_3_1_0;road_3_3_1_0;road_3_3_1_0;road_3_3_1_1;road_3_3_1_1;road_3_3_1_1;road_3_3_1_2;road_3_3_1_2;road_3_3_1_2;road_2_4_0_0;road_2_4_0_0;road_2_4_0_0;road_2_4_0_1;road_2_4_0_1;road_2_4_0_1;road_2_4_0_2;road_2_4_0_2;road_2_4_0_2,GGGrrrrrrGGGGGGrrrGGGrrrrrrGGGGGGrrr
330,intersection_4_1,road_4_2_3_0;road_4_2_3_0;road_4_2_3_0;road_4_2_3_1;road_4_2_3_1;road_4_2_3_1;road_4_2_3_2;road_4_2_3_2;road_4_2_3_2;road_5_1_2_0;road_5_1_2_0;road_5_1_2_0;road_5_1_2_1;road_5_1_2_1;road_5_1_2_1;road_5_1_2_2;road_5_1_2_2;road_5_1_2_2;road_4_0_1_0;road_4_0_1_0;road_4_0_1_0;road_4_0_1_1;road_4_0_1_1;road_4_0_1_1;road_4_0_1_2;road_4_0_1_2;road_4_0_1_2;road_3_1_0_0;road_3_1_0_0;road_3_1_0_0;road_3_1_0_1;road_3_1_0_1;road_3_1_0_1;road_3_1_0_2;road_3_1_0_2;road_3_1_0_2,GGGrrrrrrGGGGGGrrrGGGrrrrrrGGGGGGrrr
330,intersection_4_2,road_4_3_3_0;road_4_3_3_0;road_4_3_3_0;road_4_3_3_1;road_4_3_3_1;road_4_3_3_1;road_4_3_3_2;road_4_3_3_2;road_4_3_3_2;road_5_2_2_0;road_5_2_2_0;road_5_2_2_0;road_5_2_2_1;road_5_2_2_1;road_5_2_2_1;road_5_2_2_2;road_5_2_2_2;road_5_2_2_2;road_4_1_1_0;road_4_1_1_0;road_4_1_1_0;road_4_1_1_1;road_4_1_1_1;road_4_1_1_1;road_4_1_1_2;road_4_1_1_2;road_4_1_1_2;road_3_2_0_0;road_3_2_0_0;road_3_2_0_0;road_3_2_0_1;road_3_2_0_1;road_3_2_0_1;road_3_2_0_2;road_3_2_0_2;road_3_2_0_2,GGGrrrrrrGGGGGGrrrGGGrrrrrrGGGGGGrrr
330,intersection_4_3,road_4_4_3_0;road_4_4_3_0;road_4_4_3_0;road_4_4_3_1;road_4_4_3_1;road_4_4_3_1;road_4_4_3_2;road_4_4_3_2;road_4_4_3_2;road_5_3_2_0;road_5_3_2_0;road_5_3_2_0;road_5_3_2_1;road_5_3_2_1;road_5_3_2_1;road_5_3_2_2;road_5_3_2_2;road_5_3_2_2;road_4_2_1_0;road_4_2_1_0;road_4_2_1_0;road_4_2_1_1;road_4_2_1_1;road_4_2_1_1;road_4_2_1_2;road_4_2_1_2;road_4_2_1_2;road_3_3_0_0;road_3_3_0_0;road_3_3_0_0;road_3_3_0_1;road_3_3_0_1;road_3_3_0_1;road_3_3_0_2;road_3_3_0_2;road_3_3_0_2,GGGrrrGGGGGGrrrrrrGGGrrrGGGGGGrrrrrr
330,intersection_4_4,road_4_5_3_0;road_4_5_3_0;road_4_5_3_0;road_4_5_3_1;road_4_5_3_1;road_4_5_3_1;road_4_5_3_2;road_4_5_3_2;road_4_5_3_2;road_5_4_2_0;road_5_4_2_0;road_5_4_2_0;road_5_4_2_1;road_5_4_2_1;road_5_4_2_1;road_5_4_2_2;road_5_4_2_2;road_5_4_2_2;road_4_3_1_0;road_4_3_1_0;road_4_3_1_0;road_4_3_1_1;road_4_3_1_1;road_4_3_1_1;road_4_3_1_2;road_4_3_1_2;road_4_3_1_2;road_3_4_0_0;road_3_4_0_0;road_3_4_0_0;road_3_4_0_1;road_3_4_0_1;road_3_4_0_1;road_3_4_0_2;road_3_4_0_2;road_3_4_0_2,GGGrrrGGGGGGrrrrrrGGGrrrGGGGGGrrrrrr
340,intersection_1_1,road_1_2_3_0;road_1_2_3_0;road_1_2_3_0;road_1_2_3_1;road_1_2_3_1;road_1_2_3_1;road_1_2_3_2;road_1_2_3_2;road_1_2_3_2;road_2_1_2_0;road_2_1_2_0;road_2_1_2_0;road_2_1_2_1;road_2_1_2_1;road_2_1_2_1;road_2_1_2_2;road_2_1_2_2;road_2_1_2_2;road_1_0_1_0;road_1_0_1_0;road_1_0_1_0;road_1_0_1_1;road_1_0_1_1;road_1_0_1_1;road_1_0_1_2;road_1_0_1_2;road_1_0_1_2;road_0_1_0_0;road_0_1_0_0;road_0_1_0_0;road_0_1_0_1;road_0_1_0_1;road_0_1_0_1;road_0_1_0_2;road_0_1_0_2;road_0_1_0_2,GGGrrrGGGGGGrrrrrrGGGrrrGGGGGGrrrrrr
340,intersection_1_2,road_1_3_3_0;road_1_3_3_0;road_1_3_3_0;road_1_3_3_1;road_1_3_3_1;road_1_3_3_1;road_1_3_3_2;road_1_3_3_2;road_1_3_3_2;road_2_2_2_0;road_2_2_2_0;road_2_2_2_0;road_2_2_2_1;road_2_2_2_1;road_2_2_2_1;road_2_2_2_2;road_2_2_2_2;road_2_2_2_2;road_1_1_1_0;road_1_1_1_0;road_1_1_1_0;road_1_1_1_1;road_1_1_1_1;road_1_1_1_1;road_1_1_1_2;road_1_1_1_2;road_1_1_1_2;road_0_2_0_0;road_0_2_0_0;road_0_2_0_0;road_0_2_0_1;road_0_2_0_1;road_0_2_0_1;road_0_2_0_2;road_0_2_0_2;road_0_2_0_2,GGGrrrrrrGGGGGGrrrGGGrrrrrrGGGGGGrrr
340,intersection_1_3,road_1_4_3_0;road_1_4_3_0;road_1_4_3_0;road_1_4_3_1;road_1_4_3_1;road_1_4_3_1;road_1_4_3_2;road_1_4_3_2;road_1_4_3_2;road_2_3_2_0;road_2_3_2_0;road_2_3_2_0;road_2_3_2_1;road_2_3_2_1;road_2_3_2_1;road_2_3_2_2;road_2_3_2_2;road_2_3_2_2;road_1_2_1_0;road_1_2_1_0;road_1_2_1_0;road_1_2_1_1;road_1_2_1_1;road_1_2_1_1;road_1_2_1_2;road_1_2_1_2;road_1_2_1_2;road_0_3_0_0;road_0_3_0_0;road_0_3_0_0;road_0_3_0_1;road_0_3_0_1;road_0_3_0_1;road_0_3_0_2;road_0_3_0_2;road_0_3_0_2,GGGrrrrrrGGGGGGrrrGGGrrrrrrGGGGGGrrr
340,intersection_1_4,road_1_5_3_0;road_1_5_3_0;road_1_5_3_0;road_1_5_3_1;road_1_5_3_1;road_1_5_3_1;road_1_5_3_2;road_1_5_3_2;road_1_5_3_2;road_2_4_2_0;road_2_4_2_0;road_2_4_2_0;road_2_4_2_1;road_2_4_2_1;road_2_4_2_1;road_2_4_2_2;road_2_4_2_2;road_2_4_2_2;road_1_3_1_0;road_1_3_1_0;road_1_3_1_0;road_1_3_1_1;road_1_3_1_1;road_1_3_1_1;road_1_3_1_2;road_1_3_1_2;road_1_3_1_2;road_0_4_0_0;road_0_4_0_0;road_0_4_0_0;road_0_4_0_1;road_0_4_0_1;road_0_4_0_1;road_0_4_0_2;road_0_4_0_2;road_0_4_0_2,GGGGGGrrrGGGrrrrrrGGGGGGrrrGGGrrrrrr
340,intersection_2_1,road_2_2_3_0;road_2_2_3_0;road_2_2_3_0;road_2_2_3_1;road_2_2_3_1;road_2_2_3_1;road_2_2_3_2;road_2_2_3_2;road_2_2_3_2;road_3_1_2_0;road_3_1_2_0;road_3_1_2_0;road_3_1_2_1;road_3_1_2_1;road_3_1_2_1;road_3_1_2_2;road_3_1_2_2;road_3_1_2_2;road_2_0_1_0;road_2_0_1_0;road_2_0_1_0;road_2_0_1_1;road_2_0_1_1;road_2_0_1_1;road_2_0_1_2;road_2_0_1_2;road_2_0_1_2;road_1_1_0_0;road_1_1_0_0;road_1_1_0_0;road_1_1_0_1;road_1_1_0_1;road_1_1_0_1;road_1_1_0_2;road_1_1_0_2;road_1_1_0_2,GGGrrrrrrGGGGGGrrrGGGrrrrrrGGGGGGrrr
340,intersection_2_2,road_2_3_3_0;road_2_3_3_0;road_2_3_3_0;road_2_3_3_1;road_2_3_3_1;road_2_3_3_1;road_2_3_3_2;road_2_3_3_2;road_2_3_3_2;road_3_2_2_0;road_3_2_2_0;road_3_2_2_0;road_3_2_2_1;road_3_2_2_1;road_3_2_2_1;road_3_2_2_2;road_3_2_2_2;road_3_2_2_2;road_2_1_1_0;road_2_1_1_0;road_2_1_1_0;road_2_1_1_1;road_2_1_1_1;road_2_1_1_1;road_2_1_1_2;road_2_1_1_2;road_2_1_1_2;road_1_2_0_0;road_1_2_0_0;road_1_2_0_0;road_1_2_0_1;road_1_2_0_1;road_1_2_0_1;road_1_2_0_2;road_1_2_0_2;road_1_2_0_2,GGGrrrrrrGGGGGGrrrGGGrrrrrrGGGGGGrrr
340,intersection_2_3,road_2_4_3_0;road_2_4_3_0;road_2_4_3_0;road_2_4_3_1;road_2_4_3_1;road_2_4_3_1;road_2_4_3_2;road_2_4_3_2;road_2_4_3_2;road_3_3_2_0;road_3_3_2_0;road_3_3_2_0;road_3_3_2_1;road_3_3_2_1;road_3_3_2_1;road_3_3_2_2;road_3_3_2_2;road_3_3_2_2;road_2_2_1_0;road_2_2_1_0;road_2_2_1_0;road_2_2_1_1;road_2_2_1_1;road_2_2_1_1;road_2_2_1_2;road_2_2_1_2;road_2_2_1_2;road_1_3_0_0;road_1_3_0_0;road_1_3_0_0;road_1_3_0_1;road_1_3_0_1;road_1_3_0_1;road_1_3_0_2;road_1_3_0_2;road_1_3_0_2,GGGrrrrrrGGGGGGrrrGGGrrrrrrGGGGGGrrr
340,intersection_2_4,road_2_5_3_0;road_2_5_3_0;road_2_5_3_0;road_2_5_3_1;road_2_5_3_1;road_2_5_3_1;road_2_5_3_2;road_2_5_3_2;road_2_5_3_2;road_3_4_2_0;road_3_4_2_0;road_3_4_2_0;road_3_4_2_1;road_3_4_2_1;road_3_4_2_1;road_3_4_2_2;road_3_4_2_2;road_3_4_2_2;road_2_3_1_0;road_2_3_1_0;road_2_3_1_0;road_2_3_1_1;road_2_3_1_1;road_2_3_1_1;road_2_3_1_2;road_2_3_1_2;road_2_3_1_2;road_1_4_0_0;road_1_4_0_0;road_1_4_0_0;road_1_4_0_1;road_1_4_0_1;road_1_4_0_1;road_1_4_0_2;road_1_4_0_2;road_1_4_0_2,GGGrrrrrrGGGGGGrrrGGGrrrrrrGGGGGGrrr
340,intersection_3_1,road_3_2_3_0;road_3_2_3_0;road_3_2_3_0;road_3_2_3_1;road_3_2_3_1;road_3_2_3_1;road_3_2_3_2;road_3_2_3_2;road_3_2_3_2;road_4_1_2_0;road_4_1_2_0;road_4_1_2_0;road_4_1_2_1;road_4_1_2_1;road_4_1_2_1;road_4_1_2_2;road_4_1_2_2;road_4_1_2_2;road_3_0_1_0;road_3_0_1_0;road_3_0_1_0;road_3_0_1_1;road_3_0_1_1;road_3_0_1_1;road_3_0_1_2;road_3_0_1_2;road_3_0_1_2;road_2_1_0_0;road_2_1_0_0;road_2_1_0_0;road_2_1_0_1;road_2_1_0_1;road_2_1_0_1;road_2_1_0_2;road_2_1_0_2;road_2_1_0_2,GGGrrrrrrGGGGGGrrrGGGrrrrrrGGGGGGrrr
340,intersection_3_2,road_3_3_3_0;road_3_3_3_0;road_3_3_3_0;road_3_3_3_1;road_3_3_3_1;road_3_3_3_1;road_3_3_3_2;road_3_3_3_2;road_3_3_3_2;road_4_2_2_0;road_4_2_2_0;road_4_2_2_0;road_4_2_2_1;road_4_2_2_1;road_4_2_2_1;road_4_2_2_2;road_4_2_2_2;road_4_2_2_2;road_3_1_1_0;road_3_1_1_0;road_3_1_1_0;road_3_1_1_1;road_3_1_1_1;road_3_1_1_1;road_3_1_1_2;road_3_1_1_2;road_3_1_1_2;road_2_2_0_0;road_2_2_0_0;road_2_2_0_0;road_2_2_0_1;road_2_2_0_1;road_2_2_0_1;road_2_2_0_2;road_2_2_0_2;road_2_2_0_2,GGGrrrGGGGGGrrrrrrGGGrrrGGGGGGrrrrrr
340,intersection_3_3,road_3_4_3_0;road_3_4_3_0;road_3_4_3_0;road_3_4_3_1;road_3_4_3_1;road_3_4_3_1;road_3_4_3_2;road_3_4_3_2;road_3_4_3_2;road_4_3_2_0;road_4_3_2_0;road_4_3_2_0;road_4_3_2_1;road_4_3_2_1;road_4_3_2_1;road_4_3_2_2;road_4_3_2_2;road_4_3_2_2;road_3_2_1_0;road_3_2_1_0;road_3_2_1_0;road_3_2_1_1;road_3_2_1_1;road_3_2_1_1;road_3_2_1_2;road_3_2_1_2;road_3_2_1_2;road_2_3_0_0;road_2_3_0_0;road_2_3_0_0;road_2_3_0_1;road_2_3_0_1;road_2_3_0_1;road_2_3_0_2;road_2_3_0_2;road_2_3_0_2,GGGrrrrrrGGGGGGrrrGGGrrrrrrGGGGGGrrr
340,intersection_3_4,road_3_5_3_0;road_3_5_3_0;road_3_5_3_0;road_3_5_3_1;road_3_5_3_1;road_3_5_3_1;road_3_5_3_2;road_3_5_3_2;road_3_5_3_2;road_4_4_2_0;road_4_4_2_0;road_4_4_2_0;road_4_4_2_1;road_4_4_2_1;road_4_4_2_1;road_4_4_2_2;road_4_4_2_2;road_4_4_2_2;road_3_3_1_0;road_3_3_1_0;road_3_3_1_0;road_3_3_1_1;road_3_3_1_1;road_3_3_1_1;road_3_3_1_2;road_3_3_1_2;road_3_3_1_2;road_2_4_0_0;road_2_4_0_0;road_2_4_0_0;road_2_4_0_1;road_2_4_0_1;road_2_4_0_1;road_2_4_0_2;road_2_4_0_2;road_2_4_0_2,GGGrrrrrrGGGGGGrrrGGGrrrrrrGGGGGGrrr
340,intersection_4_1,road_4_2_3_0;road_4_2_3_0;road_4_2_3_0;road_4_2_3_1;road_4_2_3_1;road_4_2_3_1;road_4_2_3_2;road_4_2_3_2;road_4_2_3_2;road_5_1_2_0;road_5_1_2_0;road_5_1_2_0;road_5_1_2_1;road_5_1_2_1;road_5_1_2_1;road_5_1_2_2;road_5_1_2_2;road_5_1_2_2;road_4_0_1_0;road_4_0_1_0;road_4_0_1_0;road_4_0_1_1;road_4_0_1_1;road_4_0_1_1;road_4_0_1_2;road_4_0_1_2;road_4_0_1_2;road_3_1_0_0;road_3_1_0_0;road_3_1_0_0;road_3_1_0_1;road_3_1_0_1;road_3_1_0_1;road_3_1_0_2;road_3_1_0_2;road_3_1_0_2,GGGrrrrrrGGGGGGrrrGGGrrrrrrGGGGGGrrr
340,intersection_4_2,road_4_3_3_0;road_4_3_3_0;road_4_3_3_0;road_4_3_3_1;road_4_3_3_1;road_4_3_3_1;road_4_3_3_2;road_4_3_3_2;road_4_3_3_2;road_5_2_2_0;road_5_2_2_0;road_5_2_2_0;road_5_2_2_1;road_5_2_2_1;road_5_2_2_1;road_5_2_2_2;road_5_2_2_2;road_5_2_2_2;road_4_1_1_0;road_4_1_1_0;road_4_1_1_0;road_4_1_1_1;road_4_1_1_1;road_4_1_1_1;road_4_1_1_2;road_4_1_1_2;road_4_1_1_2;road_3_2_0_0;road_3_2_0_0;road_3_2_0_0;road_3_2_0_1;road_3_2_0_1;road_3_2_0_1;road_3_2_0_2;road_3_2_0_2;road_3_2_0_2,GGGrrrrrrGGGGGGrrrGGGrrrrrrGGGGGGrrr
340,intersection_4_3,road_4_4_3_0;road_4_4_3_0;road_4_4_3_0;road_4_4_3_1;road_4_4_3_1;road_4_4_3_1;road_4_4_3_2;road_4_4_3_2;road_4_4_3_2;road_5_3_2_0;road_5_3_2_0;road_5_3_2_0;road_5_3_2_1;road_5_3_2_1;road_5_3_2_1;road_5_3_2_2;road_5_3_2_2;road_5_3_2_2;road_4_2_1_0;road_4_2_1_0;road_4_2_1_0;road_4_2_1_1;road_4_2_1_1;road_4_2_1_1;road_4_2_1_2;road_4_2_1_2;road_4_2_1_2;road_3_3_0_0;road_3_3_0_0;road_3_3_0_0;road_3_3_0_1;road_3_3_0_1;road_3_3_0_1;road_3_3_0_2;road_3_3_0_2;road_3_3_0_2,GGGrrrGGGGGGrrrrrrGGGrrrGGGGGGrrrrrr
340,intersection_4_4,road_4_5_3_0;road_4_5_3_0;road_4_5_3_0;road_4_5_3_1;road_4_5_3_1;road_4_5_3_1;road_4_5_3_2;road_4_5_3_2;road_4_5_3_2;road_5_4_2_0;road_5_4_2_0;road_5_4_2_0;road_5_4_2_1;road_5_4_2_1;road_5_4_2_1;road_5_4_2_2;road_5_4_2_2;road_5_4_2_2;road_4_3_1_0;road_4_3_1_0;road_4_3_1_0;road_4_3_1_1;road_4_3_1_1;road_4_3_1_1;road_4_3_1_2;road_4_3_1_2;road_4_3_1_2;road_3_4_0_0;road_3_4_0_0;road_3_4_0_0;road_3_4_0_1;road_3_4_0_1;road_3_4_0_1;road_3_4_0_2;road_3_4_0_2;road_3_4_0_2,GGGrrrGGGGGGrrrrrrGGGrrrGGGGGGrrrrrr
350,intersection_1_1,road_1_2_3_0;road_1_2_3_0;road_1_2_3_0;road_1_2_3_1;road_1_2_3_1;road_1_2_3_1;road_1_2_3_2;road_1_2_3_2;road_1_2_3_2;road_2_1_2_0;road_2_1_2_0;road_2_1_2_0;road_2_1_2_1;road_2_1_2_1;road_2_1_2_1;road_2_1_2_2;road_2_1_2_2;road_2_1_2_2;road_1_0_1_0;road_1_0_1_0;road_1_0_1_0;road_1_0_1_1;road_1_0_1_1;road_1_0_1_1;road_1_0_1_2;road_1_0_1_2;road_1_0_1_2;road_0_1_0_0;road_0_1_0_0;road_0_1_0_0;road_0_1_0_1;road_0_1_0_1;road_0_1_0_1;road_0_1_0_2;road_0_1_0_2;road_0_1_0_2,GGGrrrGGGGGGrrrrrrGGGrrrGGGGGGrrrrrr
350,intersection_1_2,road_1_3_3_0;road_1_3_3_0;road_1_3_3_0;road_1_3_3_1;road_1_3_3_1;road_1_3_3_1;road_1_3_3_2;road_1_3_3_2;road_1_3_3_2;road_2_2_2_0;road_2_2_2_0;road_2_2_2_0;road_2_2_2_1;road_2_2_2_1;road_2_2_2_1;road_2_2_2_2;road_2_2_2_2;road_2_2_2_2;road_1_1_1_0;road_1_1_1_0;road_1_1_1_0;road_1_1_1_1;road_1_1_1_1;road_1_1_1_1;road_1_1_1_2;road_1_1_1_2;road_1_1_1_2;road_0_2_0_0;road_0_2_0_0;road_0_2_0_0;road_0_2_0_1;road_0_2_0_1;road_0_2_0_1;road_0_2_0_2;road_0_2_0_2;road_0_2_0_2,GGGrrrrrrGGGGGGrrrGGGrrrrrrGGGGGGrrr
350,intersection_1_3,road_1_4_3_0;road_1_4_3_0;road_1_4_3_0;road_1_4_3_1;road_1_4_3_1;road_1_4_3_1;road_1_4_3_2;road_1_4_3_2;road_1_4_3_2;road_2_3_2_0;road_2_3_2_0;road_2_3_2_0;road_2_3_2_1;road_2_3_2_1;road_2_3_2_1;road_2_3_2_2;road_2_3_2_2;road_2_3_2_2;road_1_2_1_0;road_1_2_1_0;road_1_2_1_0;road_1_2_1_1;road_1_2_1_1;road_1_2_1_1;road_1_2_1_2;road_1_2_1_2;road_1_2_1_2;road_0_3_0_0;road_0_3_0_0;road_0_3_0_0;road_0_3_0_1;road_0_3_0_1;road_0_3_0_1;road_0_3_0_2;road_0_3_0_2;road_0_3_0_2,GGGrrrrrrGGGGGGrrrGGGrrrrrrGGGGGGrrr
350,intersection_1_4,road_1_5_3_0;road_1_5_3_0;road_1_5_3_0;road_1_5_3_1;road_1_5_3_1;road_1_5_3_1;road_1_5_3_2;road_1_5_3_2;road_1_5_3_2;road_2_4_2_0;road_2_4_2_0;road_2_4_2_0;road_2_4_2_1;road_2_4_2_1;road_2_4_2_1;road_2_4_2_2;road_2_4_2_2;road_2_4_2_2;road_1_3_1_0;road_1_3_1_0;road_1_3_1_0;road_1_3_1_1;road_1_3_1_1;road_1_3_1_1;road_1_3_1_2;road_1_3_1_2;road_1_3_1_2;road_0_4_0_0;road_0_4_0_0;road_0_4_0_0;road_0_4_0_1;road_0_4_0_1;road_0_4_0_1;road_0_4_0_2;road_0_4_0_2;road_0_4_0_2,GGGGGGrrrGGGrrrrrrGGGGGGrrrGGGrrrrrr
350,intersection_2_1,road_2_2_3_0;road_2_2_3_0;road_2_2_3_0;road_2_2_3_1;road_2_2_3_1;road_2_2_3_1;road_2_2_3_2;road_2_2_3_2;road_2_2_3_2;road_3_1_2_0;road_3_1_2_0;road_3_1_2_0;road_3_1_2_1;road_3_1_2_1;road_3_1_2_1;road_3_1_2_2;road_3_1_2_2;road_3_1_2_2;road_2_0_1_0;road_2_0_1_0;road_2_0_1_0;road_2_0_1_1;road_2_0_1_1;road_2_0_1_1;road_2_0_1_2;road_2_0_1_2;road_2_0_1_2;road_1_1_0_0;road_1_1_0_0;road_1_1_0_0;road_1_1_0_1;road_1_1_0_1;road_1_1_0_1;road_1_1_0_2;road_1_1_0_2;road_1_1_0_2,GGGrrrrrrGGGGGGrrrGGGrrrrrrGGGGGGrrr
350,intersection_2_2,road_2_3_3_0;road_2_3_3_0;road_2_3_3_0;road_2_3_3_1;road_2_3_3_1;road_2_3_3_1;road_2_3_3_2;road_2_3_3_2;road_2_3_3_2;road_3_2_2_0;road_3_2_2_0;road_3_2_2_0;road_3_2_2_1;road_3_2_2_1;road_3_2_2_1;road_3_2_2_2;road_3_2_2_2;road_3_2_2_2;road_2_1_1_0;road_2_1_1_0;road_2_1_1_0;road_2_1_1_1;road_2_1_1_1;road_2_1_1_1;road_2_1_1_2;road_2_1_1_2;road_2_1_1_2;road_1_2_0_0;road_1_2_0_0;road_1_2_0_0;road_1_2_0_1;road_1_2_0_1;road_1_2_0_1;road_1_2_0_2;road_1_2_0_2;road_1_2_0_2,GGGrrrrrrGGGGGGrrrGGGrrrrrrGGGGGGrrr
350,intersection_2_3,road_2_4_3_0;road_2_4_3_0;road_2_4_3_0;road_2_4_3_1;road_2_4_3_1;road_2_4_3_1;road_2_4_3_2;road_2_4_3_2;road_2_4_3_2;road_3_3_2_0;road_3_3_2_0;road_3_3_2_0;road_3_3_2_1;road_3_3_2_1;road_3_3_2_1;road_3_3_2_2;road_3_3_2_2;road_3_3_2_2;road_2_2_1_0;road_2_2_1_0;road_2_2_1_0;road_2_2_1_1;road_2_2_1_1;road_2_2_1_1;road_2_2_1_2;road_2_2_1_2;road_2_2_1_2;road_1_3_0_0;road_1_3_0_0;road_1_3_0_0;road_1_3_0_1;road_1_3_0_1;road_1_3_0_1;road_1_3_0_2;road_1_3_0_2;road_1_3_0_2,GGGrrrrrrGGGGGGrrrGGGrrrrrrGGGGGGrrr
350,intersection_2_4,road_2_5_3_0;road_2_5_3_0;road_2_5_3_0;road_2_5_3_1;road_2_5_3_1;road_2_5_3_1;road_2_5_3_2;road_2_5_3_2;road_2_5_3_2;road_3_4_2_0;road_3_4_2_0;road_3_4_2_0;road_3_4_2_1;road_3_4_2_1;road_3_4_2_1;road_3_4_2_2;road_3_4_2_2;road_3_4_2_2;road_2_3_1_0;road_2_3_1_0;road_2_3_1_0;road_2_3_1_1;road_2_3_1_1;road_2_3_1_1;road_2_3_1_2;road_2_3_1_2;road_2_3_1_2;road_1_4_0_0;road_1_4_0_0;road_1_4_0_0;road_1_4_0_1;road_1_4_0_1;road_1_4_0_1;road_1_4_0_2;road_1_4_0_2;road_1_4_0_2,GGGrrrrrrGGGGGGrrrGGGrrrrrrGGGGGGrrr
350,intersection_3_1,road_3_2_3_0;road_3_2_3_0;road_3_2_3_0;road_3_2_3_1;road_3_2_3_1;road_3_2_3_1;road_3_2_3_2;road_3_2_3_2;road_3_2_3_2;road_4_1_2_0;road_4_1_2_0;road_4_1_2_0;road_4_1_2_1;road_4_1_2_1;road_4_1_2_1;road_4_1_2_2;road_4_1_2_2;road_4_1_2_2;road_3_0_1_0;road_3_0_1_0;road_3_0_1_0;road_3_0_1_1;road_3_0_1_1;road_3_0_1_1;road_3_0_1_2;road_3_0_1_2;road_3_0_1_2;road_2_1_0_0;road_2_1_0_0;road_2_1_0_0;road_2_1_0_1;road_2_1_0_1;road_2_1_0_1;road_2_1_0_2;road_2_1_0_2;road_2_1_0_2,GGGrrrrrrGGGGGGrrrGGGrrrrrrGGGGGGrrr
350,intersection_3_2,road_3_3_3_0;road_3_3_3_0;road_3_3_3_0;road_3_3_3_1;road_3_3_3_1;road_3_3_3_1;road_3_3_3_2;road_3_3_3_2;road_3_3_3_2;road_4_2_2_0;road_4_2_2_0;road_4_2_2_0;road_4_2_2_1;road_4_2_2_1;road_4_2_2_1;road_4_2_2_2;road_4_2_2_2;road_4_2_2_2;road_3_1_1_0;road_3_1_1_0;road_3_1_1_0;road_3_1_1_1;road_3_1_1_1;road_3_1_1_1;road_3_1_1_2;road_3_1_1_2;road_3_1_1_2;road_2_2_0_0;road_2_2_0_0;road_2_2_0_0;road_2_2_0_1;road_2_2_0_1;road_2_2_0_1;road_2_2_0_2;road_2_2_0_2;road_2_2_0_2,GGGrrrGGGGGGrrrrrrGGGrrrGGGGGGrrrrrr
350,intersection_3_3,road_3_4_3_0;road_3_4_3_0;road_3_4_3_0;road_3_4_3_1;road_3_4_3_1;road_3_4_3_1;road_3_4_3_2;road_3_4_3_2;road_3_4_3_2;road_4_3_2_0;road_4_3_2_0;road_4_3_2_0;road_4_3_2_1;road_4_3_2_1;road_4_3_2_1;road_4_3_2_2;road_4_3_2_2;road_4_3_2_2;road_3_2_1_0;road_3_2_1_0;road_3_2_1_0;road_3_2_1_1;road_3_2_1_1;road_3_2_1_1;road_3_2_1_2;road_3_2_1_2;road_3_2_1_2;road_2_3_0_0;road_2_3_0_0;road_2_3_0_0;road_2_3_0_1;road_2_3_0_1;road_2_3_0_1;road_2_3_0_2;road_2_3_0_2;road_2_3_0_2,GGGrrrrrrGGGGGGrrrGGGrrrrrrGGGGGGrrr
350,intersection_3_4,road_3_5_3_0;road_3_5_3_0;road_3_5_3_0;road_3_5_3_1;road_3_5_3_1;road_3_5_3_1;road_3_5_3_2;road_3_5_3_2;road_3_5_3_2;road_4_4_2_0;road_4_4_2_0;road_4_4_2_0;road_4_4_2_1;road_4_4_2_1;road_4_4_2_1;road_4_4_2_2;road_4_4_2_2;road_4_4_2_2;road_3_3_1_0;road_3_3_1_0;road_3_3_1_0;road_3_3_1_1;road_3_3_1_1;road_3_3_1_1;road_3_3_1_2;road_3_3_1_2;road_3_3_1_2;road_2_4_0_0;road_2_4_0_0;road_2_4_0_0;road_2_4_0_1;road_2_4_0_1;road_2_4_0_1;road_2_4_0_2;road_2_4_0_2;road_2_4_0_2,GGGrrrrrrGGGGGGrrrGGGrrrrrrGGGGGGrrr
350,intersection_4_1,road_4_2_3_0;road_4_2_3_0;road_4_2_3_0;road_4_2_3_1;road_4_2_3_1;road_4_2_3_1;road_4_2_3_2;road_4_2_3_2;road_4_2_3_2;road_5_1_2_0;road_5_1_2_0;road_5_1_2_0;road_5_1_2_1;road_5_1_2_1;road_5_1_2_1;road_5_1_2_2;road_5_1_2_2;road_5_1_2_2;road_4_0_1_0;road_4_0_1_0;road_4_0_1_0;road_4_0_1_1;road_4_0_1_1;road_4_0_1_1;road_4_0_1_2;road_4_0_1_2;road_4_0_1_2;road_3_1_0_0;road_3_1_0_0;road_3_1_0_0;road_3_1_0_1;road_3_1_0_1;road_3_1_0_1;road_3_1_0_2;road_3_1_0_2;road_3_1_0_2,GGGrrrrrrGGGGGGrrrGGGrrrrrrGGGGGGrrr
350,intersection_4_2,road_4_3_3_0;road_4_3_3_0;road_4_3_3_0;road_4_3_3_1;road_4_3_3_1;road_4_3_3_1;road_4_3_3_2;road_4_3_3_2;road_4_3_3_2;road_5_2_2_0;road_5_2_2_0;road_5_2_2_0;road_5_2_2_1;road_5_2_2_1;road_5_2_2_1;road_5_2_2_2;road_5_2_2_2;road_5_2_2_2;road_4_1_1_0;road_4_1_1_0;road_4_1_1_0;road_4_1_1_1;road_4_1_1_1;road_4_1_1_1;road_4_1_1_2;road_4_1_1_2;road_4_1_1_2;road_3_2_0_0;road_3_2_0_0;road_3_2_0_0;road_3_2_0_1;road_3_2_0_1;road_3_2_0_1;road_3_2_0_2;road_3_2_0_2;road_3_2_0_2,GGGrrrrrrGGGGGGrrrGGGrrrrrrGGGGGGrrr
350,intersection_4_3,road_4_4_3_0;road_4_4_3_0;road_4_4_3_0;road_4_4_3_1;road_4_4_3_1;road_4_4_3_1;road_4_4_3_2;road_4_4_3_2;road_4_4_3_2;road_5_3_2_0;road_5_3_2_0;road_5_3_2_0;road_5_3_2_1;road_5_3_2_1;road_5_3_2_1;road_5_3_2_2;road_5_3_2_2;road_5_3_2_2;road_4_2_1_0;road_4_2_1_0;road_4_2_1_0;road_4_2_1_1;road_4_2_1_1;road_4_2_1_1;road_4_2_1_2;road_4_2_1_2;road_4_2_1_2;road_3_3_0_0;road_3_3_0_0;road_3_3_0_0;road_3_3_0_1;road_3_3_0_1;road_3_3_0_1;road_3_3_0_2;road_3_3_0_2;road_3_3_0_2,GGGrrrGGGGGGrrrrrrGGGrrrGGGGGGrrrrrr
350,intersection_4_4,road_4_5_3_0;road_4_5_3_0;road_4_5_3_0;road_4_5_3_1;road_4_5_3_1;road_4_5_3_1;road_4_5_3_2;road_4_5_3_2;road_4_5_3_2;road_5_4_2_0;road_5_4_2_0;road_5_4_2_0;road_5_4_2_1;road_5_4_2_1;road_5_4_2_1;road_5_4_2_2;road_5_4_2_2;road_5_4_2_2;road_4_3_1_0;road_4_3_1_0;road_4_3_1_0;road_4_3_1_1;road_4_3_1_1;road_4_3_1_1;road_4_3_1_2;road_4_3_1_2;road_4_3_1_2;road_3_4_0_0;road_3_4_0_0;road_3_4_0_0;road_3_4_0_1;road_3_4_0_1;road_3_4_0_1;road_3_4_0_2;road_3_4_0_2;road_3_4_0_2,GGGrrrGGGGGGrrrrrrGGGrrrGGGGGGrrrrrr
360,intersection_1_1,road_1_2_3_0;road_1_2_3_0;road_1_2_3_0;road_1_2_3_1;road_1_2_3_1;road_1_2_3_1;road_1_2_3_2;road_1_2_3_2;road_1_2_3_2;road_2_1_2_0;road_2_1_2_0;road_2_1_2_0;road_2_1_2_1;road_2_1_2_1;road_2_1_2_1;road_2_1_2_2;road_2_1_2_2;road_2_1_2_2;road_1_0_1_0;road_1_0_1_0;road_1_0_1_0;road_1_0_1_1;road_1_0_1_1;road_1_0_1_1;road_1_0_1_2;road_1_0_1_2;road_1_0_1_2;road_0_1_0_0;road_0_1_0_0;road_0_1_0_0;road_0_1_0_1;road_0_1_0_1;road_0_1_0_1;road_0_1_0_2;road_0_1_0_2;road_0_1_0_2,GGGrrrGGGGGGrrrrrrGGGrrrGGGGGGrrrrrr
360,intersection_1_2,road_1_3_3_0;road_1_3_3_0;road_1_3_3_0;road_1_3_3_1;road_1_3_3_1;road_1_3_3_1;road_1_3_3_2;road_1_3_3_2;road_1_3_3_2;road_2_2_2_0;road_2_2_2_0;road_2_2_2_0;road_2_2_2_1;road_2_2_2_1;road_2_2_2_1;road_2_2_2_2;road_2_2_2_2;road_2_2_2_2;road_1_1_1_0;road_1_1_1_0;road_1_1_1_0;road_1_1_1_1;road_1_1_1_1;road_1_1_1_1;road_1_1_1_2;road_1_1_1_2;road_1_1_1_2;road_0_2_0_0;road_0_2_0_0;road_0_2_0_0;road_0_2_0_1;road_0_2_0_1;road_0_2_0_1;road_0_2_0_2;road_0_2_0_2;road_0_2_0_2,GGGrrrrrrGGGGGGrrrGGGrrrrrrGGGGGGrrr
360,intersection_1_3,road_1_4_3_0;road_1_4_3_0;road_1_4_3_0;road_1_4_3_1;road_1_4_3_1;road_1_4_3_1;road_1_4_3_2;road_1_4_3_2;road_1_4_3_2;road_2_3_2_0;road_2_3_2_0;road_2_3_2_0;road_2_3_2_1;road_2_3_2_1;road_2_3_2_1;road_2_3_2_2;road_2_3_2_2;road_2_3_2_2;road_1_2_1_0;road_1_2_1_0;road_1_2_1_0;road_1_2_1_1;road_1_2_1_1;road_1_2_1_1;road_1_2_1_2;road_1_2_1_2;road_1_2_1_2;road_0_3_0_0;road_0_3_0_0;road_0_3_0_0;road_0_3_0_1;road_0_3_0_1;road_0_3_0_1;road_0_3_0_2;road_0_3_0_2;road_0_3_0_2,GGGrrrrrrGGGGGGrrrGGGrrrrrrGGGGGGrrr
360,intersection_1_4,road_1_5_3_0;road_1_5_3_0;road_1_5_3_0;road_1_5_3_1;road_1_5_3_1;road_1_5_3_1;road_1_5_3_2;road_1_5_3_2;road_1_5_3_2;road_2_4_2_0;road_2_4_2_0;road_2_4_2_0;road_2_4_2_1;road_2_4_2_1;road_2_4_2_1;road_2_4_2_2;road_2_4_2_2;road_2_4_2_2;road_1_3_1_0;road_1_3_1_0;road_1_3_1_0;road_1_3_1_1;road_1_3_1_1;road_1_3_1_1;road_1_3_1_2;road_1_3_1_2;road_1_3_1_2;road_0_4_0_0;road_0_4_0_0;road_0_4_0_0;road_0_4_0_1;road_0_4_0_1;road_0_4_0_1;road_0_4_0_2;road_0_4_0_2;road_0_4_0_2,GGGGGGrrrGGGrrrrrrGGGGGGrrrGGGrrrrrr
360,intersection_2_1,road_2_2_3_0;road_2_2_3_0;road_2_2_3_0;road_2_2_3_1;road_2_2_3_1;road_2_2_3_1;road_2_2_3_2;road_2_2_3_2;road_2_2_3_2;road_3_1_2_0;road_3_1_2_0;road_3_1_2_0;road_3_1_2_1;road_3_1_2_1;road_3_1_2_1;road_3_1_2_2;road_3_1_2_2;road_3_1_2_2;road_2_0_1_0;road_2_0_1_0;road_2_0_1_0;road_2_0_1_1;road_2_0_1_1;road_2_0_1_1;road_2_0_1_2;road_2_0_1_2;road_2_0_1_2;road_1_1_0_0;road_1_1_0_0;road_1_1_0_0;road_1_1_0_1;road_1_1_0_1;road_1_1_0_1;road_1_1_0_2;road_1_1_0_2;road_1_1_0_2,GGGrrrrrrGGGGGGrrrGGGrrrrrrGGGGGGrrr
360,intersection_2_2,road_2_3_3_0;road_2_3_3_0;road_2_3_3_0;road_2_3_3_1;road_2_3_3_1;road_2_3_3_1;road_2_3_3_2;road_2_3_3_2;road_2_3_3_2;road_3_2_2_0;road_3_2_2_0;road_3_2_2_0;road_3_2_2_1;road_3_2_2_1;road_3_2_2_1;road_3_2_2_2;road_3_2_2_2;road_3_2_2_2;road_2_1_1_0;road_2_1_1_0;road_2_1_1_0;road_2_1_1_1;road_2_1_1_1;road_2_1_1_1;road_2_1_1_2;road_2_1_1_2;road_2_1_1_2;road_1_2_0_0;road_1_2_0_0;road_1_2_0_0;road_1_2_0_1;road_1_2_0_1;road_1_2_0_1;road_1_2_0_2;road_1_2_0_2;road_1_2_0_2,GGGrrrrrrGGGGGGrrrGGGrrrrrrGGGGGGrrr
360,intersection_2_3,road_2_4_3_0;road_2_4_3_0;road_2_4_3_0;road_2_4_3_1;road_2_4_3_1;road_2_4_3_1;road_2_4_3_2;road_2_4_3_2;road_2_4_3_2;road_3_3_2_0;road_3_3_2_0;road_3_3_2_0;road_3_3_2_1;road_3_3_2_1;road_3_3_2_1;road_3_3_2_2;road_3_3_2_2;road_3_3_2_2;road_2_2_1_0;road_2_2_1_0;road_2_2_1_0;road_2_2_1_1;road_2_2_1_1;road_2_2_1_1;road_2_2_1_2;road_2_2_1_2;road_2_2_1_2;road_1_3_0_0;road_1_3_0_0;road_1_3_0_0;road_1_3_0_1;road_1_3_0_1;road_1_3_0_1;road_1_3_0_2;road_1_3_0_2;road_1_3_0_2,GGGrrrrrrGGGGGGrrrGGGrrrrrrGGGGGGrrr
360,intersection_2_4,road_2_5_3_0;road_2_5_3_0;road_2_5_3_0;road_2_5_3_1;road_2_5_3_1;road_2_5_3_1;road_2_5_3_2;road_2_5_3_2;road_2_5_3_2;road_3_4_2_0;road_3_4_2_0;road_3_4_2_0;road_3_4_2_1;road_3_4_2_1;road_3_4_2_1;road_3_4_2_2;road_3_4_2_2;road_3_4_2_2;road_2_3_1_0;road_2_3_1_0;road_2_3_1_0;road_2_3_1_1;road_2_3_1_1;road_2_3_1_1;road_2_3_1_2;road_2_3_1_2;road_2_3_1_2;road_1_4_0_0;road_1_4_0_0;road_1_4_0_0;road_1_4_0_1;road_1_4_0_1;road_1_4_0_1;road_1_4_0_2;road_1_4_0_2;road_1_4_0_2,GGGrrrrrrGGGGGGrrrGGGrrrrrrGGGGGGrrr
360,intersection_3_1,road_3_2_3_0;road_3_2_3_0;road_3_2_3_0;road_3_2_3_1;road_3_2_3_1;road_3_2_3_1;road_3_2_3_2;road_3_2_3_2;road_3_2_3_2;road_4_1_2_0;road_4_1_2_0;road_4_1_2_0;road_4_1_2_1;road_4_1_2_1;road_4_1_2_1;road_4_1_2_2;road_4_1_2_2;road_4_1_2_2;road_3_0_1_0;road_3_0_1_0;road_3_0_1_0;road_3_0_1_1;road_3_0_1_1;road_3_0_1_1;road_3_0_1_2;road_3_0_1_2;road_3_0_1_2;road_2_1_0_0;road_2_1_0_0;road_2_1_0_0;road_2_1_0_1;road_2_1_0_1;road_2_1_0_1;road_2_1_0_2;road_2_1_0_2;road_2_1_0_2,GGGrrrrrrGGGGGGrrrGGGrrrrrrGGGGGGrrr
360,intersection_3_2,road_3_3_3_0;road_3_3_3_0;road_3_3_3_0;road_3_3_3_1;road_3_3_3_1;road_3_3_3_1;road_3_3_3_2;road_3_3_3_2;road_3_3_3_2;road_4_2_2_0;road_4_2_2_0;road_4_2_2_0;road_4_2_2_1;road_4_2_2_1;road_4_2_2_1;road_4_2_2_2;road_4_2_2_2;road_4_2_2_2;road_3_1_1_0;road_3_1_1_0;road_3_1_1_0;road_3_1_1_1;road_3_1_1_1;road_3_1_1_1;road_3_1_1_2;road_3_1_1_2;road_3_1_1_2;road_2_2_0_0;road_2_2_0_0;road_2_2_0_0;road_2_2_0_1;road_2_2_0_1;road_2_2_0_1;road_2_2_0_2;road_2_2_0_2;road_2_2_0_2,GGGrrrGGGGGGrrrrrrGGGrrrGGGGGGrrrrrr
360,intersection_3_3,road_3_4_3_0;road_3_4_3_0;road_3_4_3_0;road_3_4_3_1;road_3_4_3_1;road_3_4_3_1;road_3_4_3_2;road_3_4_3_2;road_3_4_3_2;road_4_3_2_0;road_4_3_2_0;road_4_3_2_0;road_4_3_2_1;road_4_3_2_1;road_4_3_2_1;road_4_3_2_2;road_4_3_2_2;road_4_3_2_2;road_3_2_1_0;road_3_2_1_0;road_3_2_1_0;road_3_2_1_1;road_3_2_1_1;road_3_2_1_1;road_3_2_1_2;road_3_2_1_2;road_3_2_1_2;road_2_3_0_0;road_2_3_0_0;road_2_3_0_0;road_2_3_0_1;road_2_3_0_1;road_2_3_0_1;road_2_3_0_2;road_2_3_0_2;road_2_3_0_2,GGGrrrrrrGGGGGGrrrGGGrrrrrrGGGGGGrrr
360,intersection_3_4,road_3_5_3_0;road_3_5_3_0;road_3_5_3_0;road_3_5_3_1;road_3_5_3_1;road_3_5_3_1;road_3_5_3_2;road_3_5_3_2;road_3_5_3_2;road_4_4_2_0;road_4_4_2_0;road_4_4_2_0;road_4_4_2_1;road_4_4_2_1;road_4_4_2_1;road_4_4_2_2;road_4_4_2_2;road_4_4_2_2;road_3_3_1_0;road_3_3_1_0;road_3_3_1_0;road_3_3_1_1;road_3_3_1_1;road_3_3_1_1;road_3_3_1_2;road_3_3_1_2;road_3_3_1_2;road_2_4_0_0;road_2_4_0_0;road_2_4_0_0;road_2_4_0_1;road_2_4_0_1;road_2_4_0_1;road_2_4_0_2;road_2_4_0_2;road_2_4_0_2,GGGrrrrrrGGGGGGrrrGGGrrrrrrGGGGGGrrr
360,intersection_4_1,road_4_2_3_0;road_4_2_3_0;road_4_2_3_0;road_4_2_3_1;road_4_2_3_1;road_4_2_3_1;road_4_2_3_2;road_4_2_3_2;road_4_2_3_2;road_5_1_2_0;road_5_1_2_0;road_5_1_2_0;road_5_1_2_1;road_5_1_2_1;road_5_1_2_1;road_5_1_2_2;road_5_1_2_2;road_5_1_2_2;road_4_0_1_0;road_4_0_1_0;road_4_0_1_0;road_4_0_1_1;road_4_0_1_1;road_4_0_1_1;road_4_0_1_2;road_4_0_1_2;road_4_0_1_2;road_3_1_0_0;road_3_1_0_0;road_3_1_0_0;road_3_1_0_1;road_3_1_0_1;road_3_1_0_1;road_3_1_0_2;road_3_1_0_2;road_3_1_0_2,GGGrrrrrrGGGGGGrrrGGGrrrrrrGGGGGGrrr
360,intersection_4_2,road_4_3_3_0;road_4_3_3_0;road_4_3_3_0;road_4_3_3_1;road_4_3_3_1;road_4_3_3_1;road_4_3_3_2;road_4_3_3_2;road_4_3_3_2;road_5_2_2_0;road_5_2_2_0;road_5_2_2_0;road_5_2_2_1;road_5_2_2_1;road_5_2_2_1;road_5_2_2_2;road_5_2_2_2;road_5_2_2_2;road_4_1_1_0;road_4_1_1_0;road_4_1_1_0;road_4_1_1_1;road_4_1_1_1;road_4_1_1_1;road_4_1_1_2;road_4_1_1_2;road_4_1_1_2;road_3_2_0_0;road_3_2_0_0;road_3_2_0_0;road_3_2_0_1;road_3_2_0_1;road_3_2_0_1;road_3_2_0_2;road_3_2_0_2;road_3_2_0_2,GGGrrrrrrGGGGGGrrrGGGrrrrrrGGGGGGrrr
360,intersection_4_3,road_4_4_3_0;road_4_4_3_0;road_4_4_3_0;road_4_4_3_1;road_4_4_3_1;road_4_4_3_1;road_4_4_3_2;road_4_4_3_2;road_4_4_3_2;road_5_3_2_0;road_5_3_2_0;road_5_3_2_0;road_5_3_2_1;road_5_3_2_1;road_5_3_2_1;road_5_3_2_2;road_5_3_2_2;road_5_3_2_2;road_4_2_1_0;road_4_2_1_0;road_4_2_1_0;road_4_2_1_1;road_4_2_1_1;road_4_2_1_1;road_4_2_1_2;road_4_2_1_2;road_4_2_1_2;road_3_3_0_0;road_3_3_0_0;road_3_3_0_0;road_3_3_0_1;road_3_3_0_1;road_3_3_0_1;road_3_3_0_2;road_3_3_0_2;road_3_3_0_2,GGGrrrGGGGGGrrrrrrGGGrrrGGGGGGrrrrrr
360,intersection_4_4,road_4_5_3_0;road_4_5_3_0;road_4_5_3_0;road_4_5_3_1;road_4_5_3_1;road_4_5_3_1;road_4_5_3_2;road_4_5_3_2;road_4_5_3_2;road_5_4_2_0;road_5_4_2_0;road_5_4_2_0;road_5_4_2_1;road_5_4_2_1;road_5_4_2_1;road_5_4_2_2;road_5_4_2_2;road_5_4_2_2;road_4_3_1_0;road_4_3_1_0;road_4_3_1_0;road_4_3_1_1;road_4_3_1_1;road_4_3_1_1;road_4_3_1_2;road_4_3_1_2;road_4_3_1_2;road_3_4_0_0;road_3_4_0_0;road_3_4_0_0;road_3_4_0_1;road_3_4_0_1;road_3_4_0_1;road_3_4_0_2;road_3_4_0_2;road_3_4_0_2,GGGrrrGGGGGGrrrrrrGGGrrrGGGGGGrrrrrr
370,intersection_1_1,road_1_2_3_0;road_1_2_3_0;road_1_2_3_0;road_1_2_3_1;road_1_2_3_1;road_1_2_3_1;road_1_2_3_2;road_1_2_3_2;road_1_2_3_2;road_2_1_2_0;road_2_1_2_0;road_2_1_2_0;road_2_1_2_1;road_2_1_2_1;road_2_1_2_1;road_2_1_2_2;road_2_1_2_2;road_2_1_2_2;road_1_0_1_0;road_1_0_1_0;road_1_0_1_0;road_1_0_1_1;road_1_0_1_1;road_1_0_1_1;road_1_0_1_2;road_1_0_1_2;road_1_0_1_2;road_0_1_0_0;road_0_1_0_0;road_0_1_0_0;road_0_1_0_1;road_0_1_0_1;road_0_1_0_1;road_0_1_0_2;road_0_1_0_2;road_0_1_0_2,GGGrrrGGGGGGrrrrrrGGGrrrGGGGGGrrrrrr
370,intersection_1_2,road_1_3_3_0;road_1_3_3_0;road_1_3_3_0;road_1_3_3_1;road_1_3_3_1;road_1_3_3_1;road_1_3_3_2;road_1_3_3_2;road_1_3_3_2;road_2_2_2_0;road_2_2_2_0;road_2_2_2_0;road_2_2_2_1;road_2_2_2_1;road_2_2_2_1;road_2_2_2_2;road_2_2_2_2;road_2_2_2_2;road_1_1_1_0;road_1_1_1_0;road_1_1_1_0;road_1_1_1_1;road_1_1_1_1;road_1_1_1_1;road_1_1_1_2;road_1_1_1_2;road_1_1_1_2;road_0_2_0_0;road_0_2_0_0;road_0_2_0_0;road_0_2_0_1;road_0_2_0_1;road_0_2_0_1;road_0_2_0_2;road_0_2_0_2;road_0_2_0_2,GGGGGGGGGGGGrrrrrrGGGrrrrrrGGGrrrrrr
370,intersection_1_3,road_1_4_3_0;road_1_4_3_0;road_1_4_3_0;road_1_4_3_1;road_1_4_3_1;road_1_4_3_1;road_1_4_3_2;road_1_4_3_2;road_1_4_3_2;road_2_3_2_0;road_2_3_2_0;road_2_3_2_0;road_2_3_2_1;road_2_3_2_1;road_2_3_2_1;road_2_3_2_2;road_2_3_2_2;road_2_3_2_2;road_1_2_1_0;road_1_2_1_0;road_1_2_1_0;road_1_2_1_1;road_1_2_1_1;road_1_2_1_1;road_1_2_1_2;road_1_2_1_2;road_1_2_1_2;road_0_3_0_0;road_0_3_0_0;road_0_3_0_0;road_0_3_0_1;road_0_3_0_1;road_0_3_0_1;road_0_3_0_2;road_0_3_0_2;road_0_3_0_2,GGGrrrrrrGGGGGGrrrGGGrrrrrrGGGGGGrrr
370,intersection_1_4,road_1_5_3_0;road_1_5_3_0;road_1_5_3_0;road_1_5_3_1;road_1_5_3_1;road_1_5_3_1;road_1_5_3_2;road_1_5_3_2;road_1_5_3_2;road_2_4_2_0;road_2_4_2_0;road_2_4_2_0;road_2_4_2_1;road_2_4_2_1;road_2_4_2_1;road_2_4_2_2;road_2_4_2_2;road_2_4_2_2;road_1_3_1_0;road_1_3_1_0;road_1_3_1_0;road_1_3_1_1;road_1_3_1_1;road_1_3_1_1;road_1_3_1_2;road_1_3_1_2;road_1_3_1_2;road_0_4_0_0;road_0_4_0_0;road_0_4_0_0;road_0_4_0_1;road_0_4_0_1;road_0_4_0_1;road_0_4_0_2;road_0_4_0_2;road_0_4_0_2,GGGGGGrrrGGGrrrrrrGGGGGGrrrGGGrrrrrr
370,intersection_2_1,road_2_2_3_0;road_2_2_3_0;road_2_2_3_0;road_2_2_3_1;road_2_2_3_1;road_2_2_3_1;road_2_2_3_2;road_2_2_3_2;road_2_2_3_2;road_3_1_2_0;road_3_1_2_0;road_3_1_2_0;road_3_1_2_1;road_3_1_2_1;road_3_1_2_1;road_3_1_2_2;road_3_1_2_2;road_3_1_2_2;road_2_0_1_0;road_2_0_1_0;road_2_0_1_0;road_2_0_1_1;road_2_0_1_1;road_2_0_1_1;road_2_0_1_2;road_2_0_1_2;road_2_0_1_2;road_1_1_0_0;road_1_1_0_0;road_1_1_0_0;road_1_1_0_1;road_1_1_0_1;road_1_1_0_1;road_1_1_0_2;road_1_1_0_2;road_1_1_0_2,GGGrrrrrrGGGGGGrrrGGGrrrrrrGGGGGGrrr
370,intersection_2_2,road_2_3_3_0;road_2_3_3_0;road_2_3_3_0;road_2_3_3_1;road_2_3_3_1;road_2_3_3_1;road_2_3_3_2;road_2_3_3_2;road_2_3_3_2;road_3_2_2_0;road_3_2_2_0;road_3_2_2_0;road_3_2_2_1;road_3_2_2_1;road_3_2_2_1;road_3_2_2_2;road_3_2_2_2;road_3_2_2_2;road_2_1_1_0;road_2_1_1_0;road_2_1_1_0;road_2_1_1_1;road_2_1_1_1;road_2_1_1_1;road_2_1_1_2;road_2_1_1_2;road_2_1_1_2;road_1_2_0_0;road_1_2_0_0;road_1_2_0_0;road_1_2_0_1;road_1_2_0_1;road_1_2_0_1;road_1_2_0_2;road_1_2_0_2;road_1_2_0_2,GGGrrrrrrGGGGGGrrrGGGrrrrrrGGGGGGrrr
370,intersection_2_3,road_2_4_3_0;road_2_4_3_0;road_2_4_3_0;road_2_4_3_1;road_2_4_3_1;road_2_4_3_1;road_2_4_3_2;road_2_4_3_2;road_2_4_3_2;road_3_3_2_0;road_3_3_2_0;road_3_3_2_0;road_3_3_2_1;road_3_3_2_1;road_3_3_2_1;road_3_3_2_2;road_3_3_2_2;road_3_3_2_2;road_2_2_1_0;road_2_2_1_0;road_2_2_1_0;road_2_2_1_1;road_2_2_1_1;road_2_2_1_1;road_2_2_1_2;road_2_2_1_2;road_2_2_1_2;road_1_3_0_0;road_1_3_0_0;road_1_3_0_0;road_1_3_0_1;road_1_3_0_1;road_1_3_0_1;road_1_3_0_2;road_1_3_0_2;road_1_3_0_2,GGGrrrrrrGGGGGGrrrGGGrrrrrrGGGGGGrrr
370,intersection_2_4,road_2_5_3_0;road_2_5_3_0;road_2_5_3_0;road_2_5_3_1;road_2_5_3_1;road_2_5_3_1;road_2_5_3_2;road_2_5_3_2;road_2_5_3_2;road_3_4_2_0;road_3_4_2_0;road_3_4_2_0;road_3_4_2_1;road_3_4_2_1;road_3_4_2_1;road_3_4_2_2;road_3_4_2_2;road_3_4_2_2;road_2_3_1_0;road_2_3_1_0;road_2_3_1_0;road_2_3_1_1;road_2_3_1_1;road_2_3_1_1;road_2_3_1_2;road_2_3_1_2;road_2_3_1_2;road_1_4_0_0;road_1_4_0_0;road_1_4_0_0;road_1_4_0_1;road_1_4_0_1;road_1_4_0_1;road_1_4_0_2;road_1_4_0_2;road_1_4_0_2,GGGrrrrrrGGGGGGrrrGGGrrrrrrGGGGGGrrr
370,intersection_3_1,road_3_2_3_0;road_3_2_3_0;road_3_2_3_0;road_3_2_3_1;road_3_2_3_1;road_3_2_3_1;road_3_2_3_2;road_3_2_3_2;road_3_2_3_2;road_4_1_2_0;road_4_1_2_0;road_4_1_2_0;road_4_1_2_1;road_4_1_2_1;road_4_1_2_1;road_4_1_2_2;road_4_1_2_2;road_4_1_2_2;road_3_0_1_0;road_3_0_1_0;road_3_0_1_0;road_3_0_1_1;road_3_0_1_1;road_3_0_1_1;road_3_0_1_2;road_3_0_1_2;road_3_0_1_2;road_2_1_0_0;road_2_1_0_0;road_2_1_0_0;road_2_1_0_1;road_2_1_0_1;road_2_1_0_1;road_2_1_0_2;road_2_1_0_2;road_2_1_0_2,GGGrrrrrrGGGGGGrrrGGGrrrrrrGGGGGGrrr
370,intersection_3_2,road_3_3_3_0;road_3_3_3_0;road_3_3_3_0;road_3_3_3_1;road_3_3_3_1;road_3_3_3_1;road_3_3_3_2;road_3_3_3_2;road_3_3_3_2;road_4_2_2_0;road_4_2_2_0;road_4_2_2_0;road_4_2_2_1;road_4_2_2_1;road_4_2_2_1;road_4_2_2_2;road_4_2_2_2;road_4_2_2_2;road_3_1_1_0;road_3_1_1_0;road_3_1_1_0;road_3_1_1_1;road_3_1_1_1;road_3_1_1_1;road_3_1_1_2;road_3_1_1_2;road_3_1_1_2;road_2_2_0_0;road_2_2_0_0;road_2_2_0_0;road_2_2_0_1;road_2_2_0_1;road_2_2_0_1;road_2_2_0_2;road_2_2_0_2;road_2_2_0_2,GGGrrrGGGGGGrrrrrrGGGrrrGGGGGGrrrrrr
370,intersection_3_3,road_3_4_3_0;road_3_4_3_0;road_3_4_3_0;road_3_4_3_1;road_3_4_3_1;road_3_4_3_1;road_3_4_3_2;road_3_4_3_2;road_3_4_3_2;road_4_3_2_0;road_4_3_2_0;road_4_3_2_0;road_4_3_2_1;road_4_3_2_1;road_4_3_2_1;road_4_3_2_2;road_4_3_2_2;road_4_3_2_2;road_3_2_1_0;road_3_2_1_0;road_3_2_1_0;road_3_2_1_1;road_3_2_1_1;road_3_2_1_1;road_3_2_1_2;road_3_2_1_2;road_3_2_1_2;road_2_3_0_0;road_2_3_0_0;road_2_3_0_0;road_2_3_0_1;road_2_3_0_1;road_2_3_0_1;road_2_3_0_2;road_2_3_0_2;road_2_3_0_2,GGGrrrrrrGGGGGGrrrGGGrrrrrrGGGGGGrrr
370,intersection_3_4,road_3_5_3_0;road_3_5_3_0;road_3_5_3_0;road_3_5_3_1;road_3_5_3_1;road_3_5_3_1;road_3_5_3_2;road_3_5_3_2;road_3_5_3_2;road_4_4_2_0;road_4_4_2_0;road_4_4_2_0;road_4_4_2_1;road_4_4_2_1;road_4_4_2_1;road_4_4_2_2;road_4_4_2_2;road_4_4_2_2;road_3_3_1_0;road_3_3_1_0;road_3_3_1_0;road_3_3_1_1;road_3_3_1_1;road_3_3_1_1;road_3_3_1_2;road_3_3_1_2;road_3_3_1_2;road_2_4_0_0;road_2_4_0_0;road_2_4_0_0;road_2_4_0_1;road_2_4_0_1;road_2_4_0_1;road_2_4_0_2;road_2_4_0_2;road_2_4_0_2,GGGrrrrrrGGGGGGrrrGGGrrrrrrGGGGGGrrr
370,intersection_4_1,road_4_2_3_0;road_4_2_3_0;road_4_2_3_0;road_4_2_3_1;road_4_2_3_1;road_4_2_3_1;road_4_2_3_2;road_4_2_3_2;road_4_2_3_2;road_5_1_2_0;road_5_1_2_0;road_5_1_2_0;road_5_1_2_1;road_5_1_2_1;road_5_1_2_1;road_5_1_2_2;road_5_1_2_2;road_5_1_2_2;road_4_0_1_0;road_4_0_1_0;road_4_0_1_0;road_4_0_1_1;road_4_0_1_1;road_4_0_1_1;road_4_0_1_2;road_4_0_1_2;road_4_0_1_2;road_3_1_0_0;road_3_1_0_0;road_3_1_0_0;road_3_1_0_1;road_3_1_0_1;road_3_1_0_1;road_3_1_0_2;road_3_1_0_2;road_3_1_0_2,GGGrrrrrrGGGGGGrrrGGGrrrrrrGGGGGGrrr
370,intersection_4_2,road_4_3_3_0;road_4_3_3_0;road_4_3_3_0;road_4_3_3_1;road_4_3_3_1;road_4_3_3_1;road_4_3_3_2;road_4_3_3_2;road_4_3_3_2;road_5_2_2_0;road_5_2_2_0;road_5_2_2_0;road_5_2_2_1;road_5_2_2_1;road_5_2_2_1;road_5_2_2_2;road_5_2_2_2;road_5_2_2_2;road_4_1_1_0;road_4_1_1_0;road_4_1_1_0;road_4_1_1_1;road_4_1_1_1;road_4_1_1_1;road_4_1_1_2;road_4_1_1_2;road_4_1_1_2;road_3_2_0_0;road_3_2_0_0;road_3_2_0_0;road_3_2_0_1;road_3_2_0_1;road_3_2_0_1;road_3_2_0_2;road_3_2_0_2;road_3_2_0_2,GGGrrrrrrGGGrrrrrrGGGrrrrrrGGGGGGGGG
370,intersection_4_3,road_4_4_3_0;road_4_4_3_0;road_4_4_3_0;road_4_4_3_1;road_4_4_3_1;road_4_4_3_1;road_4_4_3_2;road_4_4_3_2;road_4_4_3_2;road_5_3_2_0;road_5_3_2_0;road_5_3_2_0;road_5_3_2_1;road_5_3_2_1;road_5_3_2_1;road_5_3_2_2;road_5_3_2_2;road_5_3_2_2;road_4_2_1_0;road_4_2_1_0;road_4_2_1_0;road_4_2_1_1;road_4_2_1_1;road_4_2_1_1;road_4_2_1_2;road_4_2_1_2;road_4_2_1_2;road_3_3_0_0;road_3_3_0_0;road_3_3_0_0;road_3_3_0_1;road_3_3_0_1;road_3_3_0_1;road_3_3_0_2;road_3_3_0_2;road_3_3_0_2,GGGrrrGGGGGGrrrrrrGGGrrrGGGGGGrrrrrr
370,intersection_4_4,road_4_5_3_0;road_4_5_3_0;road_4_5_3_0;road_4_5_3_1;road_4_5_3_1;road_4_5_3_1;road_4_5_3_2;road_4_5_3_2;road_4_5_3_2;road_5_4_2_0;road_5_4_2_0;road_5_4_2_0;road_5_4_2_1;road_5_4_2_1;road_5_4_2_1;road_5_4_2_2;road_5_4_2_2;road_5_4_2_2;road_4_3_1_0;road_4_3_1_0;road_4_3_1_0;road_4_3_1_1;road_4_3_1_1;road_4_3_1_1;road_4_3_1_2;road_4_3_1_2;road_4_3_1_2;road_3_4_0_0;road_3_4_0_0;road_3_4_0_0;road_3_4_0_1;road_3_4_0_1;road_3_4_0_1;road_3_4_0_2;road_3_4_0_2;road_3_4_0_2,GGGrrrGGGGGGrrrrrrGGGrrrGGGGGGrrrrrr
380,intersection_1_1,road_1_2_3_0;road_1_2_3_0;road_1_2_3_0;road_1_2_3_1;road_1_2_3_1;road_1_2_3_1;road_1_2_3_2;road_1_2_3_2;road_1_2_3_2;road_2_1_2_0;road_2_1_2_0;road_2_1_2_0;road_2_1_2_1;road_2_1_2_1;road_2_1_2_1;road_2_1_2_2;road_2_1_2_2;road_2_1_2_2;road_1_0_1_0;road_1_0_1_0;road_1_0_1_0;road_1_0_1_1;road_1_0_1_1;road_1_0_1_1;road_1_0_1_2;road_1_0_1_2;road_1_0_1_2;road_0_1_0_0;road_0_1_0_0;road_0_1_0_0;road_0_1_0_1;road_0_1_0_1;road_0_1_0_1;road_0_1_0_2;road_0_1_0_2;road_0_1_0_2,GGGrrrGGGGGGrrrrrrGGGrrrGGGGGGrrrrrr
380,intersection_1_2,road_1_3_3_0;road_1_3_3_0;road_1_3_3_0;road_1_3_3_1;road_1_3_3_1;road_1_3_3_1;road_1_3_3_2;road_1_3_3_2;road_1_3_3_2;road_2_2_2_0;road_2_2_2_0;road_2_2_2_0;road_2_2_2_1;road_2_2_2_1;road_2_2_2_1;road_2_2_2_2;road_2_2_2_2;road_2_2_2_2;road_1_1_1_0;road_1_1_1_0;road_1_1_1_0;road_1_1_1_1;road_1_1_1_1;road_1_1_1_1;road_1_1_1_2;road_1_1_1_2;road_1_1_1_2;road_0_2_0_0;road_0_2_0_0;road_0_2_0_0;road_0_2_0_1;road_0_2_0_1;road_0_2_0_1;road_0_2_0_2;road_0_2_0_2;road_0_2_0_2,GGGGGGGGGGGGrrrrrrGGGrrrrrrGGGrrrrrr
380,intersection_1_3,road_1_4_3_0;road_1_4_3_0;road_1_4_3_0;road_1_4_3_1;road_1_4_3_1;road_1_4_3_1;road_1_4_3_2;road_1_4_3_2;road_1_4_3_2;road_2_3_2_0;road_2_3_2_0;road_2_3_2_0;road_2_3_2_1;road_2_3_2_1;road_2_3_2_1;road_2_3_2_2;road_2_3_2_2;road_2_3_2_2;road_1_2_1_0;road_1_2_1_0;road_1_2_1_0;road_1_2_1_1;road_1_2_1_1;road_1_2_1_1;road_1_2_1_2;road_1_2_1_2;road_1_2_1_2;road_0_3_0_0;road_0_3_0_0;road_0_3_0_0;road_0_3_0_1;road_0_3_0_1;road_0_3_0_1;road_0_3_0_2;road_0_3_0_2;road_0_3_0_2,GGGrrrrrrGGGGGGrrrGGGrrrrrrGGGGGGrrr
380,intersection_1_4,road_1_5_3_0;road_1_5_3_0;road_1_5_3_0;road_1_5_3_1;road_1_5_3_1;road_1_5_3_1;road_1_5_3_2;road_1_5_3_2;road_1_5_3_2;road_2_4_2_0;road_2_4_2_0;road_2_4_2_0;road_2_4_2_1;road_2_4_2_1;road_2_4_2_1;road_2_4_2_2;road_2_4_2_2;road_2_4_2_2;road_1_3_1_0;road_1_3_1_0;road_1_3_1_0;road_1_3_1_1;road_1_3_1_1;road_1_3_1_1;road_1_3_1_2;road_1_3_1_2;road_1_3_1_2;road_0_4_0_0;road_0_4_0_0;road_0_4_0_0;road_0_4_0_1;road_0_4_0_1;road_0_4_0_1;road_0_4_0_2;road_0_4_0_2;road_0_4_0_2,GGGGGGrrrGGGrrrrrrGGGGGGrrrGGGrrrrrr
380,intersection_2_1,road_2_2_3_0;road_2_2_3_0;road_2_2_3_0;road_2_2_3_1;road_2_2_3_1;road_2_2_3_1;road_2_2_3_2;road_2_2_3_2;road_2_2_3_2;road_3_1_2_0;road_3_1_2_0;road_3_1_2_0;road_3_1_2_1;road_3_1_2_1;road_3_1_2_1;road_3_1_2_2;road_3_1_2_2;road_3_1_2_2;road_2_0_1_0;road_2_0_1_0;road_2_0_1_0;road_2_0_1_1;road_2_0_1_1;road_2_0_1_1;road_2_0_1_2;road_2_0_1_2;road_2_0_1_2;road_1_1_0_0;road_1_1_0_0;road_1_1_0_0;road_1_1_0_1;road_1_1_0_1;road_1_1_0_1;road_1_1_0_2;road_1_1_0_2;road_1_1_0_2,GGGrrrrrrGGGGGGrrrGGGrrrrrrGGGGGGrrr
380,intersection_2_2,road_2_3_3_0;road_2_3_3_0;road_2_3_3_0;road_2_3_3_1;road_2_3_3_1;road_2_3_3_1;road_2_3_3_2;road_2_3_3_2;road_2_3_3_2;road_3_2_2_0;road_3_2_2_0;road_3_2_2_0;road_3_2_2_1;road_3_2_2_1;road_3_2_2_1;road_3_2_2_2;road_3_2_2_2;road_3_2_2_2;road_2_1_1_0;road_2_1_1_0;road_2_1_1_0;road_2_1_1_1;road_2_1_1_1;road_2_1_1_1;road_2_1_1_2;road_2_1_1_2;road_2_1_1_2;road_1_2_0_0;road_1_2_0_0;road_1_2_0_0;road_1_2_0_1;road_1_2_0_1;road_1_2_0_1;road_1_2_0_2;road_1_2_0_2;road_1_2_0_2,GGGrrrrrrGGGGGGrrrGGGrrrrrrGGGGGGrrr
380,intersection_2_3,road_2_4_3_0;road_2_4_3_0;road_2_4_3_0;road_2_4_3_1;road_2_4_3_1;road_2_4_3_1;road_2_4_3_2;road_2_4_3_2;road_2_4_3_2;road_3_3_2_0;road_3_3_2_0;road_3_3_2_0;road_3_3_2_1;road_3_3_2_1;road_3_3_2_1;road_3_3_2_2;road_3_3_2_2;road_3_3_2_2;road_2_2_1_0;road_2_2_1_0;road_2_2_1_0;road_2_2_1_1;road_2_2_1_1;road_2_2_1_1;road_2_2_1_2;road_2_2_1_2;road_2_2_1_2;road_1_3_0_0;road_1_3_0_0;road_1_3_0_0;road_1_3_0_1;road_1_3_0_1;road_1_3_0_1;road_1_3_0_2;road_1_3_0_2;road_1_3_0_2,GGGrrrrrrGGGGGGrrrGGGrrrrrrGGGGGGrrr
380,intersection_2_4,road_2_5_3_0;road_2_5_3_0;road_2_5_3_0;road_2_5_3_1;road_2_5_3_1;road_2_5_3_1;road_2_5_3_2;road_2_5_3_2;road_2_5_3_2;road_3_4_2_0;road_3_4_2_0;road_3_4_2_0;road_3_4_2_1;road_3_4_2_1;road_3_4_2_1;road_3_4_2_2;road_3_4_2_2;road_3_4_2_2;road_2_3_1_0;road_2_3_1_0;road_2_3_1_0;road_2_3_1_1;road_2_3_1_1;road_2_3_1_1;road_2_3_1_2;road_2_3_1_2;road_2_3_1_2;road_1_4_0_0;road_1_4_0_0;road_1_4_0_0;road_1_4_0_1;road_1_4_0_1;road_1_4_0_1;road_1_4_0_2;road_1_4_0_2;road_1_4_0_2,GGGrrrrrrGGGGGGrrrGGGrrrrrrGGGGGGrrr
380,intersection_3_1,road_3_2_3_0;road_3_2_3_0;road_3_2_3_0;road_3_2_3_1;road_3_2_3_1;road_3_2_3_1;road_3_2_3_2;road_3_2_3_2;road_3_2_3_2;road_4_1_2_0;road_4_1_2_0;road_4_1_2_0;road_4_1_2_1;road_4_1_2_1;road_4_1_2_1;road_4_1_2_2;road_4_1_2_2;road_4_1_2_2;road_3_0_1_0;road_3_0_1_0;road_3_0_1_0;road_3_0_1_1;road_3_0_1_1;road_3_0_1_1;road_3_0_1_2;road_3_0_1_2;road_3_0_1_2;road_2_1_0_0;road_2_1_0_0;road_2_1_0_0;road_2_1_0_1;road_2_1_0_1;road_2_1_0_1;road_2_1_0_2;road_2_1_0_2;road_2_1_0_2,GGGrrrrrrGGGGGGrrrGGGrrrrrrGGGGGGrrr
380,intersection_3_2,road_3_3_3_0;road_3_3_3_0;road_3_3_3_0;road_3_3_3_1;road_3_3_3_1;road_3_3_3_1;road_3_3_3_2;road_3_3_3_2;road_3_3_3_2;road_4_2_2_0;road_4_2_2_0;road_4_2_2_0;road_4_2_2_1;road_4_2_2_1;road_4_2_2_1;road_4_2_2_2;road_4_2_2_2;road_4_2_2_2;road_3_1_1_0;road_3_1_1_0;road_3_1_1_0;road_3_1_1_1;road_3_1_1_1;road_3_1_1_1;road_3_1_1_2;road_3_1_1_2;road_3_1_1_2;road_2_2_0_0;road_2_2_0_0;road_2_2_0_0;road_2_2_0_1;road_2_2_0_1;road_2_2_0_1;road_2_2_0_2;road_2_2_0_2;road_2_2_0_2,GGGrrrGGGGGGrrrrrrGGGrrrGGGGGGrrrrrr
380,intersection_3_3,road_3_4_3_0;road_3_4_3_0;road_3_4_3_0;road_3_4_3_1;road_3_4_3_1;road_3_4_3_1;road_3_4_3_2;road_3_4_3_2;road_3_4_3_2;road_4_3_2_0;road_4_3_2_0;road_4_3_2_0;road_4_3_2_1;road_4_3_2_1;road_4_3_2_1;road_4_3_2_2;road_4_3_2_2;road_4_3_2_2;road_3_2_1_0;road_3_2_1_0;road_3_2_1_0;road_3_2_1_1;road_3_2_1_1;road_3_2_1_1;road_3_2_1_2;road_3_2_1_2;road_3_2_1_2;road_2_3_0_0;road_2_3_0_0;road_2_3_0_0;road_2_3_0_1;road_2_3_0_1;road_2_3_0_1;road_2_3_0_2;road_2_3_0_2;road_2_3_0_2,GGGrrrrrrGGGGGGrrrGGGrrrrrrGGGGGGrrr
380,intersection_3_4,road_3_5_3_0;road_3_5_3_0;road_3_5_3_0;road_3_5_3_1;road_3_5_3_1;road_3_5_3_1;road_3_5_3_2;road_3_5_3_2;road_3_5_3_2;road_4_4_2_0;road_4_4_2_0;road_4_4_2_0;road_4_4_2_1;road_4_4_2_1;road_4_4_2_1;road_4_4_2_2;road_4_4_2_2;road_4_4_2_2;road_3_3_1_0;road_3_3_1_0;road_3_3_1_0;road_3_3_1_1;road_3_3_1_1;road_3_3_1_1;road_3_3_1_2;road_3_3_1_2;road_3_3_1_2;road_2_4_0_0;road_2_4_0_0;road_2_4_0_0;road_2_4_0_1;road_2_4_0_1;road_2_4_0_1;road_2_4_0_2;road_2_4_0_2;road_2_4_0_2,GGGrrrrrrGGGGGGrrrGGGrrrrrrGGGGGGrrr
380,intersection_4_1,road_4_2_3_0;road_4_2_3_0;road_4_2_3_0;road_4_2_3_1;road_4_2_3_1;road_4_2_3_1;road_4_2_3_2;road_4_2_3_2;road_4_2_3_2;road_5_1_2_0;road_5_1_2_0;road_5_1_2_0;road_5_1_2_1;road_5_1_2_1;road_5_1_2_1;road_5_1_2_2;road_5_1_2_2;road_5_1_2_2;road_4_0_1_0;road_4_0_1_0;road_4_0_1_0;road_4_0_1_1;road_4_0_1_1;road_4_0_1_1;road_4_0_1_2;road_4_0_1_2;road_4_0_1_2;road_3_1_0_0;road_3_1_0_0;road_3_1_0_0;road_3_1_0_1;road_3_1_0_1;road_3_1_0_1;road_3_1_0_2;road_3_1_0_2;road_3_1_0_2,GGGrrrrrrGGGGGGrrrGGGrrrrrrGGGGGGrrr
380,intersection_4_2,road_4_3_3_0;road_4_3_3_0;road_4_3_3_0;road_4_3_3_1;road_4_3_3_1;road_4_3_3_1;road_4_3_3_2;road_4_3_3_2;road_4_3_3_2;road_5_2_2_0;road_5_2_2_0;road_5_2_2_0;road_5_2_2_1;road_5_2_2_1;road_5_2_2_1;road_5_2_2_2;road_5_2_2_2;road_5_2_2_2;road_4_1_1_0;road_4_1_1_0;road_4_1_1_0;road_4_1_1_1;road_4_1_1_1;road_4_1_1_1;road_4_1_1_2;road_4_1_1_2;road_4_1_1_2;road_3_2_0_0;road_3_2_0_0;road_3_2_0_0;road_3_2_0_1;road_3_2_0_1;road_3_2_0_1;road_3_2_0_2;road_3_2_0_2;road_3_2_0_2,GGGrrrGGGGGGrrrrrrGGGrrrGGGGGGrrrrrr
380,intersection_4_3,road_4_4_3_0;road_4_4_3_0;road_4_4_3_0;road_4_4_3_1;road_4_4_3_1;road_4_4_3_1;road_4_4_3_2;road_4_4_3_2;road_4_4_3_2;road_5_3_2_0;road_5_3_2_0;road_5_3_2_0;road_5_3_2_1;road_5_3_2_1;road_5_3_2_1;road_5_3_2_2;road_5_3_2_2;road_5_3_2_2;road_4_2_1_0;road_4_2_1_0;road_4_2_1_0;road_4_2_1_1;road_4_2_1_1;road_4_2_1_1;road_4_2_1_2;road_4_2_1_2;road_4_2_1_2;road_3_3_0_0;road_3_3_0_0;road_3_3_0_0;road_3_3_0_1;road_3_3_0_1;road_3_3_0_1;road_3_3_0_2;road_3_3_0_2;road_3_3_0_2,GGGrrrGGGGGGrrrrrrGGGrrrGGGGGGrrrrrr
380,intersection_4_4,road_4_5_3_0;road_4_5_3_0;road_4_5_3_0;road_4_5_3_1;road_4_5_3_1;road_4_5_3_1;road_4_5_3_2;road_4_5_3_2;road_4_5_3_2;road_5_4_2_0;road_5_4_2_0;road_5_4_2_0;road_5_4_2_1;road_5_4_2_1;road_5_4_2_1;road_5_4_2_2;road_5_4_2_2;road_5_4_2_2;road_4_3_1_0;road_4_3_1_0;road_4_3_1_0;road_4_3_1_1;road_4_3_1_1;road_4_3_1_1;road_4_3_1_2;road_4_3_1_2;road_4_3_1_2;road_3_4_0_0;road_3_4_0_0;road_3_4_0_0;road_3_4_0_1;road_3_4_0_1;road_3_4_0_1;road_3_4_0_2;road_3_4_0_2;road_3_4_0_2,GGGrrrGGGGGGrrrrrrGGGrrrGGGGGGrrrrrr
390,intersection_1_1,road_1_2_3_0;road_1_2_3_0;road_1_2_3_0;road_1_2_3_1;road_1_2_3_1;road_1_2_3_1;road_1_2_3_2;road_1_2_3_2;road_1_2_3_2;road_2_1_2_0;road_2_1_2_0;road_2_1_2_0;road_2_1_2_1;road_2_1_2_1;road_2_1_2_1;road_2_1_2_2;road_2_1_2_2;road_2_1_2_2;road_1_0_1_0;road_1_0_1_0;road_1_0_1_0;road_1_0_1_1;road_1_0_1_1;road_1_0_1_1;road_1_0_1_2;road_1_0_1_2;road_1_0_1_2;road_0_1_0_0;road_0_1_0_0;road_0_1_0_0;road_0_1_0_1;road_0_1_0_1;road_0_1_0_1;road_0_1_0_2;road_0_1_0_2;road_0_1_0_2,GGGrrrGGGGGGrrrrrrGGGrrrGGGGGGrrrrrr
390,intersection_1_2,road_1_3_3_0;road_1_3_3_0;road_1_3_3_0;road_1_3_3_1;road_1_3_3_1;road_1_3_3_1;road_1_3_3_2;road_1_3_3_2;road_1_3_3_2;road_2_2_2_0;road_2_2_2_0;road_2_2_2_0;road_2_2_2_1;road_2_2_2_1;road_2_2_2_1;road_2_2_2_2;road_2_2_2_2;road_2_2_2_2;road_1_1_1_0;road_1_1_1_0;road_1_1_1_0;road_1_1_1_1;road_1_1_1_1;road_1_1_1_1;road_1_1_1_2;road_1_1_1_2;road_1_1_1_2;road_0_2_0_0;road_0_2_0_0;road_0_2_0_0;road_0_2_0_1;road_0_2_0_1;road_0_2_0_1;road_0_2_0_2;road_0_2_0_2;road_0_2_0_2,GGGGGGGGGGGGrrrrrrGGGrrrrrrGGGrrrrrr
390,intersection_1_3,road_1_4_3_0;road_1_4_3_0;road_1_4_3_0;road_1_4_3_1;road_1_4_3_1;road_1_4_3_1;road_1_4_3_2;road_1_4_3_2;road_1_4_3_2;road_2_3_2_0;road_2_3_2_0;road_2_3_2_0;road_2_3_2_1;road_2_3_2_1;road_2_3_2_1;road_2_3_2_2;road_2_3_2_2;road_2_3_2_2;road_1_2_1_0;road_1_2_1_0;road_1_2_1_0;road_1_2_1_1;road_1_2_1_1;road_1_2_1_1;road_1_2_1_2;road_1_2_1_2;road_1_2_1_2;road_0_3_0_0;road_0_3_0_0;road_0_3_0_0;road_0_3_0_1;road_0_3_0_1;road_0_3_0_1;road_0_3_0_2;road_0_3_0_2;road_0_3_0_2,GGGrrrrrrGGGGGGrrrGGGrrrrrrGGGGGGrrr
390,intersection_1_4,road_1_5_3_0;road_1_5_3_0;road_1_5_3_0;road_1_5_3_1;road_1_5_3_1;road_1_5_3_1;road_1_5_3_2;road_1_5_3_2;road_1_5_3_2;road_2_4_2_0;road_2_4_2_0;road_2_4_2_0;road_2_4_2_1;road_2_4_2_1;road_2_4_2_1;road_2_4_2_2;road_2_4_2_2;road_2_4_2_2;road_1_3_1_0;road_1_3_1_0;road_1_3_1_0;road_1_3_1_1;road_1_3_1_1;road_1_3_1_1;road_1_3_1_2;road_1_3_1_2;road_1_3_1_2;road_0_4_0_0;road_0_4_0_0;road_0_4_0_0;road_0_4_0_1;road_0_4_0_1;road_0_4_0_1;road_0_4_0_2;road_0_4_0_2;road_0_4_0_2,GGGGGGrrrGGGrrrrrrGGGGGGrrrGGGrrrrrr
390,intersection_2_1,road_2_2_3_0;road_2_2_3_0;road_2_2_3_0;road_2_2_3_1;road_2_2_3_1;road_2_2_3_1;road_2_2_3_2;road_2_2_3_2;road_2_2_3_2;road_3_1_2_0;road_3_1_2_0;road_3_1_2_0;road_3_1_2_1;road_3_1_2_1;road_3_1_2_1;road_3_1_2_2;road_3_1_2_2;road_3_1_2_2;road_2_0_1_0;road_2_0_1_0;road_2_0_1_0;road_2_0_1_1;road_2_0_1_1;road_2_0_1_1;road_2_0_1_2;road_2_0_1_2;road_2_0_1_2;road_1_1_0_0;road_1_1_0_0;road_1_1_0_0;road_1_1_0_1;road_1_1_0_1;road_1_1_0_1;road_1_1_0_2;road_1_1_0_2;road_1_1_0_2,GGGrrrrrrGGGGGGrrrGGGrrrrrrGGGGGGrrr
390,intersection_2_2,road_2_3_3_0;road_2_3_3_0;road_2_3_3_0;road_2_3_3_1;road_2_3_3_1;road_2_3_3_1;road_2_3_3_2;road_2_3_3_2;road_2_3_3_2;road_3_2_2_0;road_3_2_2_0;road_3_2_2_0;road_3_2_2_1;road_3_2_2_1;road_3_2_2_1;road_3_2_2_2;road_3_2_2_2;road_3_2_2_2;road_2_1_1_0;road_2_1_1_0;road_2_1_1_0;road_2_1_1_1;road_2_1_1_1;road_2_1_1_1;road_2_1_1_2;road_2_1_1_2;road_2_1_1_2;road_1_2_0_0;road_1_2_0_0;road_1_2_0_0;road_1_2_0_1;road_1_2_0_1;road_1_2_0_1;road_1_2_0_2;road_1_2_0_2;road_1_2_0_2,GGGrrrrrrGGGGGGrrrGGGrrrrrrGGGGGGrrr
390,intersection_2_3,road_2_4_3_0;road_2_4_3_0;road_2_4_3_0;road_2_4_3_1;road_2_4_3_1;road_2_4_3_1;road_2_4_3_2;road_2_4_3_2;road_2_4_3_2;road_3_3_2_0;road_3_3_2_0;road_3_3_2_0;road_3_3_2_1;road_3_3_2_1;road_3_3_2_1;road_3_3_2_2;road_3_3_2_2;road_3_3_2_2;road_2_2_1_0;road_2_2_1_0;road_2_2_1_0;road_2_2_1_1;road_2_2_1_1;road_2_2_1_1;road_2_2_1_2;road_2_2_1_2;road_2_2_1_2;road_1_3_0_0;road_1_3_0_0;road_1_3_0_0;road_1_3_0_1;road_1_3_0_1;road_1_3_0_1;road_1_3_0_2;road_1_3_0_2;road_1_3_0_2,GGGrrrrrrGGGGGGrrrGGGrrrrrrGGGGGGrrr
390,intersection_2_4,road_2_5_3_0;road_2_5_3_0;road_2_5_3_0;road_2_5_3_1;road_2_5_3_1;road_2_5_3_1;road_2_5_3_2;road_2_5_3_2;road_2_5_3_2;road_3_4_2_0;road_3_4_2_0;road_3_4_2_0;road_3_4_2_1;road_3_4_2_1;road_3_4_2_1;road_3_4_2_2;road_3_4_2_2;road_3_4_2_2;road_2_3_1_0;road_2_3_1_0;road_2_3_1_0;road_2_3_1_1;road_2_3_1_1;road_2_3_1_1;road_2_3_1_2;road_2_3_1_2;road_2_3_1_2;road_1_4_0_0;road_1_4_0_0;road_1_4_0_0;road_1_4_0_1;road_1_4_0_1;road_1_4_0_1;road_1_4_0_2;road_1_4_0_2;road_1_4_0_2,GGGrrrrrrGGGGGGrrrGGGrrrrrrGGGGGGrrr
390,intersection_3_1,road_3_2_3_0;road_3_2_3_0;road_3_2_3_0;road_3_2_3_1;road_3_2_3_1;road_3_2_3_1;road_3_2_3_2;road_3_2_3_2;road_3_2_3_2;road_4_1_2_0;road_4_1_2_0;road_4_1_2_0;road_4_1_2_1;road_4_1_2_1;road_4_1_2_1;road_4_1_2_2;road_4_1_2_2;road_4_1_2_2;road_3_0_1_0;road_3_0_1_0;road_3_0_1_0;road_3_0_1_1;road_3_0_1_1;road_3_0_1_1;road_3_0_1_2;road_3_0_1_2;road_3_0_1_2;road_2_1_0_0;road_2_1_0_0;road_2_1_0_0;road_2_1_0_1;road_2_1_0_1;road_2_1_0_1;road_2_1_0_2;road_2_1_0_2;road_2_1_0_2,GGGrrrrrrGGGGGGrrrGGGrrrrrrGGGGGGrrr
390,intersection_3_2,road_3_3_3_0;road_3_3_3_0;road_3_3_3_0;road_3_3_3_1;road_3_3_3_1;road_3_3_3_1;road_3_3_3_2;road_3_3_3_2;road_3_3_3_2;road_4_2_2_0;road_4_2_2_0;road_4_2_2_0;road_4_2_2_1;road_4_2_2_1;road_4_2_2_1;road_4_2_2_2;road_4_2_2_2;road_4_2_2_2;road_3_1_1_0;road_3_1_1_0;road_3_1_1_0;road_3_1_1_1;road_3_1_1_1;road_3_1_1_1;road_3_1_1_2;road_3_1_1_2;road_3_1_1_2;road_2_2_0_0;road_2_2_0_0;road_2_2_0_0;road_2_2_0_1;road_2_2_0_1;road_2_2_0_1;road_2_2_0_2;road_2_2_0_2;road_2_2_0_2,GGGrrrGGGGGGrrrrrrGGGrrrGGGGGGrrrrrr
390,intersection_3_3,road_3_4_3_0;road_3_4_3_0;road_3_4_3_0;road_3_4_3_1;road_3_4_3_1;road_3_4_3_1;road_3_4_3_2;road_3_4_3_2;road_3_4_3_2;road_4_3_2_0;road_4_3_2_0;road_4_3_2_0;road_4_3_2_1;road_4_3_2_1;road_4_3_2_1;road_4_3_2_2;road_4_3_2_2;road_4_3_2_2;road_3_2_1_0;road_3_2_1_0;road_3_2_1_0;road_3_2_1_1;road_3_2_1_1;road_3_2_1_1;road_3_2_1_2;road_3_2_1_2;road_3_2_1_2;road_2_3_0_0;road_2_3_0_0;road_2_3_0_0;road_2_3_0_1;road_2_3_0_1;road_2_3_0_1;road_2_3_0_2;road_2_3_0_2;road_2_3_0_2,GGGrrrrrrGGGGGGrrrGGGrrrrrrGGGGGGrrr
390,intersection_3_4,road_3_5_3_0;road_3_5_3_0;road_3_5_3_0;road_3_5_3_1;road_3_5_3_1;road_3_5_3_1;road_3_5_3_2;road_3_5_3_2;road_3_5_3_2;road_4_4_2_0;road_4_4_2_0;road_4_4_2_0;road_4_4_2_1;road_4_4_2_1;road_4_4_2_1;road_4_4_2_2;road_4_4_2_2;road_4_4_2_2;road_3_3_1_0;road_3_3_1_0;road_3_3_1_0;road_3_3_1_1;road_3_3_1_1;road_3_3_1_1;road_3_3_1_2;road_3_3_1_2;road_3_3_1_2;road_2_4_0_0;road_2_4_0_0;road_2_4_0_0;road_2_4_0_1;road_2_4_0_1;road_2_4_0_1;road_2_4_0_2;road_2_4_0_2;road_2_4_0_2,GGGrrrrrrGGGGGGrrrGGGrrrrrrGGGGGGrrr
390,intersection_4_1,road_4_2_3_0;road_4_2_3_0;road_4_2_3_0;road_4_2_3_1;road_4_2_3_1;road_4_2_3_1;road_4_2_3_2;road_4_2_3_2;road_4_2_3_2;road_5_1_2_0;road_5_1_2_0;road_5_1_2_0;road_5_1_2_1;road_5_1_2_1;road_5_1_2_1;road_5_1_2_2;road_5_1_2_2;road_5_1_2_2;road_4_0_1_0;road_4_0_1_0;road_4_0_1_0;road_4_0_1_1;road_4_0_1_1;road_4_0_1_1;road_4_0_1_2;road_4_0_1_2;road_4_0_1_2;road_3_1_0_0;road_3_1_0_0;road_3_1_0_0;road_3_1_0_1;road_3_1_0_1;road_3_1_0_1;road_3_1_0_2;road_3_1_0_2;road_3_1_0_2,GGGrrrrrrGGGGGGrrrGGGrrrrrrGGGGGGrrr
390,intersection_4_2,road_4_3_3_0;road_4_3_3_0;road_4_3_3_0;road_4_3_3_1;road_4_3_3_1;road_4_3_3_1;road_4_3_3_2;road_4_3_3_2;road_4_3_3_2;road_5_2_2_0;road_5_2_2_0;road_5_2_2_0;road_5_2_2_1;road_5_2_2_1;road_5_2_2_1;road_5_2_2_2;road_5_2_2_2;road_5_2_2_2;road_4_1_1_0;road_4_1_1_0;road_4_1_1_0;road_4_1_1_1;road_4_1_1_1;road_4_1_1_1;road_4_1_1_2;road_4_1_1_2;road_4_1_1_2;road_3_2_0_0;road_3_2_0_0;road_3_2_0_0;road_3_2_0_1;road_3_2_0_1;road_3_2_0_1;road_3_2_0_2;road_3_2_0_2;road_3_2_0_2,GGGrrrGGGGGGrrrrrrGGGrrrGGGGGGrrrrrr
390,intersection_4_3,road_4_4_3_0;road_4_4_3_0;road_4_4_3_0;road_4_4_3_1;road_4_4_3_1;road_4_4_3_1;road_4_4_3_2;road_4_4_3_2;road_4_4_3_2;road_5_3_2_0;road_5_3_2_0;road_5_3_2_0;road_5_3_2_1;road_5_3_2_1;road_5_3_2_1;road_5_3_2_2;road_5_3_2_2;road_5_3_2_2;road_4_2_1_0;road_4_2_1_0;road_4_2_1_0;road_4_2_1_1;road_4_2_1_1;road_4_2_1_1;road_4_2_1_2;road_4_2_1_2;road_4_2_1_2;road_3_3_0_0;road_3_3_0_0;road_3_3_0_0;road_3_3_0_1;road_3_3_0_1;road_3_3_0_1;road_3_3_0_2;road_3_3_0_2;road_3_3_0_2,GGGrrrGGGGGGrrrrrrGGGrrrGGGGGGrrrrrr
390,intersection_4_4,road_4_5_3_0;road_4_5_3_0;road_4_5_3_0;road_4_5_3_1;road_4_5_3_1;road_4_5_3_1;road_4_5_3_2;road_4_5_3_2;road_4_5_3_2;road_5_4_2_0;road_5_4_2_0;road_5_4_2_0;road_5_4_2_1;road_5_4_2_1;road_5_4_2_1;road_5_4_2_2;road_5_4_2_2;road_5_4_2_2;road_4_3_1_0;road_4_3_1_0;road_4_3_1_0;road_4_3_1_1;road_4_3_1_1;road_4_3_1_1;road_4_3_1_2;road_4_3_1_2;road_4_3_1_2;road_3_4_0_0;road_3_4_0_0;road_3_4_0_0;road_3_4_0_1;road_3_4_0_1;road_3_4_0_1;road_3_4_0_2;road_3_4_0_2;road_3_4_0_2,GGGrrrGGGGGGrrrrrrGGGrrrGGGGGGrrrrrr
400,intersection_1_1,road_1_2_3_0;road_1_2_3_0;road_1_2_3_0;road_1_2_3_1;road_1_2_3_1;road_1_2_3_1;road_1_2_3_2;road_1_2_3_2;road_1_2_3_2;road_2_1_2_0;road_2_1_2_0;road_2_1_2_0;road_2_1_2_1;road_2_1_2_1;road_2_1_2_1;road_2_1_2_2;road_2_1_2_2;road_2_1_2_2;road_1_0_1_0;road_1_0_1_0;road_1_0_1_0;road_1_0_1_1;road_1_0_1_1;road_1_0_1_1;road_1_0_1_2;road_1_0_1_2;road_1_0_1_2;road_0_1_0_0;road_0_1_0_0;road_0_1_0_0;road_0_1_0_1;road_0_1_0_1;road_0_1_0_1;road_0_1_0_2;road_0_1_0_2;road_0_1_0_2,GGGrrrGGGGGGrrrrrrGGGrrrGGGGGGrrrrrr
400,intersection_1_2,road_1_3_3_0;road_1_3_3_0;road_1_3_3_0;road_1_3_3_1;road_1_3_3_1;road_1_3_3_1;road_1_3_3_2;road_1_3_3_2;road_1_3_3_2;road_2_2_2_0;road_2_2_2_0;road_2_2_2_0;road_2_2_2_1;road_2_2_2_1;road_2_2_2_1;road_2_2_2_2;road_2_2_2_2;road_2_2_2_2;road_1_1_1_0;road_1_1_1_0;road_1_1_1_0;road_1_1_1_1;road_1_1_1_1;road_1_1_1_1;road_1_1_1_2;road_1_1_1_2;road_1_1_1_2;road_0_2_0_0;road_0_2_0_0;road_0_2_0_0;road_0_2_0_1;road_0_2_0_1;road_0_2_0_1;road_0_2_0_2;road_0_2_0_2;road_0_2_0_2,GGGGGGGGGGGGrrrrrrGGGrrrrrrGGGrrrrrr
400,intersection_1_3,road_1_4_3_0;road_1_4_3_0;road_1_4_3_0;road_1_4_3_1;road_1_4_3_1;road_1_4_3_1;road_1_4_3_2;road_1_4_3_2;road_1_4_3_2;road_2_3_2_0;road_2_3_2_0;road_2_3_2_0;road_2_3_2_1;road_2_3_2_1;road_2_3_2_1;road_2_3_2_2;road_2_3_2_2;road_2_3_2_2;road_1_2_1_0;road_1_2_1_0;road_1_2_1_0;road_1_2_1_1;road_1_2_1_1;road_1_2_1_1;road_1_2_1_2;road_1_2_1_2;road_1_2_1_2;road_0_3_0_0;road_0_3_0_0;road_0_3_0_0;road_0_3_0_1;road_0_3_0_1;road_0_3_0_1;road_0_3_0_2;road_0_3_0_2;road_0_3_0_2,GGGrrrrrrGGGGGGrrrGGGrrrrrrGGGGGGrrr
400,intersection_1_4,road_1_5_3_0;road_1_5_3_0;road_1_5_3_0;road_1_5_3_1;road_1_5_3_1;road_1_5_3_1;road_1_5_3_2;road_1_5_3_2;road_1_5_3_2;road_2_4_2_0;road_2_4_2_0;road_2_4_2_0;road_2_4_2_1;road_2_4_2_1;road_2_4_2_1;road_2_4_2_2;road_2_4_2_2;road_2_4_2_2;road_1_3_1_0;road_1_3_1_0;road_1_3_1_0;road_1_3_1_1;road_1_3_1_1;road_1_3_1_1;road_1_3_1_2;road_1_3_1_2;road_1_3_1_2;road_0_4_0_0;road_0_4_0_0;road_0_4_0_0;road_0_4_0_1;road_0_4_0_1;road_0_4_0_1;road_0_4_0_2;road_0_4_0_2;road_0_4_0_2,GGGrrrrrrGGGGGGGGGGGGrrrrrrGGGrrrrrr
400,intersection_2_1,road_2_2_3_0;road_2_2_3_0;road_2_2_3_0;road_2_2_3_1;road_2_2_3_1;road_2_2_3_1;road_2_2_3_2;road_2_2_3_2;road_2_2_3_2;road_3_1_2_0;road_3_1_2_0;road_3_1_2_0;road_3_1_2_1;road_3_1_2_1;road_3_1_2_1;road_3_1_2_2;road_3_1_2_2;road_3_1_2_2;road_2_0_1_0;road_2_0_1_0;road_2_0_1_0;road_2_0_1_1;road_2_0_1_1;road_2_0_1_1;road_2_0_1_2;road_2_0_1_2;road_2_0_1_2;road_1_1_0_0;road_1_1_0_0;road_1_1_0_0;road_1_1_0_1;road_1_1_0_1;road_1_1_0_1;road_1_1_0_2;road_1_1_0_2;road_1_1_0_2,GGGrrrrrrGGGGGGrrrGGGrrrrrrGGGGGGrrr
400,intersection_2_2,road_2_3_3_0;road_2_3_3_0;road_2_3_3_0;road_2_3_3_1;road_2_3_3_1;road_2_3_3_1;road_2_3_3_2;road_2_3_3_2;road_2_3_3_2;road_3_2_2_0;road_3_2_2_0;road_3_2_2_0;road_3_2_2_1;road_3_2_2_1;road_3_2_2_1;road_3_2_2_2;road_3_2_2_2;road_3_2_2_2;road_2_1_1_0;road_2_1_1_0;road_2_1_1_0;road_2_1_1_1;road_2_1_1_1;road_2_1_1_1;road_2_1_1_2;road_2_1_1_2;road_2_1_1_2;road_1_2_0_0;road_1_2_0_0;road_1_2_0_0;road_1_2_0_1;road_1_2_0_1;road_1_2_0_1;road_1_2_0_2;road_1_2_0_2;road_1_2_0_2,GGGrrrrrrGGGGGGrrrGGGrrrrrrGGGGGGrrr
400,intersection_2_3,road_2_4_3_0;road_2_4_3_0;road_2_4_3_0;road_2_4_3_1;road_2_4_3_1;road_2_4_3_1;road_2_4_3_2;road_2_4_3_2;road_2_4_3_2;road_3_3_2_0;road_3_3_2_0;road_3_3_2_0;road_3_3_2_1;road_3_3_2_1;road_3_3_2_1;road_3_3_2_2;road_3_3_2_2;road_3_3_2_2;road_2_2_1_0;road_2_2_1_0;road_2_2_1_0;road_2_2_1_1;road_2_2_1_1;road_2_2_1_1;road_2_2_1_2;road_2_2_1_2;road_2_2_1_2;road_1_3_0_0;road_1_3_0_0;road_1_3_0_0;road_1_3_0_1;road_1_3_0_1;road_1_3_0_1;road_1_3_0_2;road_1_3_0_2;road_1_3_0_2,GGGrrrrrrGGGGGGrrrGGGrrrrrrGGGGGGrrr
400,intersection_2_4,road_2_5_3_0;road_2_5_3_0;road_2_5_3_0;road_2_5_3_1;road_2_5_3_1;road_2_5_3_1;road_2_5_3_2;road_2_5_3_2;road_2_5_3_2;road_3_4_2_0;road_3_4_2_0;road_3_4_2_0;road_3_4_2_1;road_3_4_2_1;road_3_4_2_1;road_3_4_2_2;road_3_4_2_2;road_3_4_2_2;road_2_3_1_0;road_2_3_1_0;road_2_3_1_0;road_2_3_1_1;road_2_3_1_1;road_2_3_1_1;road_2_3_1_2;road_2_3_1_2;road_2_3_1_2;road_1_4_0_0;road_1_4_0_0;road_1_4_0_0;road_1_4_0_1;road_1_4_0_1;road_1_4_0_1;road_1_4_0_2;road_1_4_0_2;road_1_4_0_2,GGGrrrrrrGGGGGGrrrGGGrrrrrrGGGGGGrrr
400,intersection_3_1,road_3_2_3_0;road_3_2_3_0;road_3_2_3_0;road_3_2_3_1;road_3_2_3_1;road_3_2_3_1;road_3_2_3_2;road_3_2_3_2;road_3_2_3_2;road_4_1_2_0;road_4_1_2_0;road_4_1_2_0;road_4_1_2_1;road_4_1_2_1;road_4_1_2_1;road_4_1_2_2;road_4_1_2_2;road_4_1_2_2;road_3_0_1_0;road_3_0_1_0;road_3_0_1_0;road_3_0_1_1;road_3_0_1_1;road_3_0_1_1;road_3_0_1_2;road_3_0_1_2;road_3_0_1_2;road_2_1_0_0;road_2_1_0_0;road_2_1_0_0;road_2_1_0_1;road_2_1_0_1;road_2_1_0_1;road_2_1_0_2;road_2_1_0_2;road_2_1_0_2,GGGrrrrrrGGGGGGrrrGGGrrrrrrGGGGGGrrr
400,intersection_3_2,road_3_3_3_0;road_3_3_3_0;road_3_3_3_0;road_3_3_3_1;road_3_3_3_1;road_3_3_3_1;road_3_3_3_2;road_3_3_3_2;road_3_3_3_2;road_4_2_2_0;road_4_2_2_0;road_4_2_2_0;road_4_2_2_1;road_4_2_2_1;road_4_2_2_1;road_4_2_2_2;road_4_2_2_2;road_4_2_2_2;road_3_1_1_0;road_3_1_1_0;road_3_1_1_0;road_3_1_1_1;road_3_1_1_1;road_3_1_1_1;road_3_1_1_2;road_3_1_1_2;road_3_1_1_2;road_2_2_0_0;road_2_2_0_0;road_2_2_0_0;road_2_2_0_1;road_2_2_0_1;road_2_2_0_1;road_2_2_0_2;road_2_2_0_2;road_2_2_0_2,GGGrrrGGGGGGrrrrrrGGGrrrGGGGGGrrrrrr
400,intersection_3_3,road_3_4_3_0;road_3_4_3_0;road_3_4_3_0;road_3_4_3_1;road_3_4_3_1;road_3_4_3_1;road_3_4_3_2;road_3_4_3_2;road_3_4_3_2;road_4_3_2_0;road_4_3_2_0;road_4_3_2_0;road_4_3_2_1;road_4_3_2_1;road_4_3_2_1;road_4_3_2_2;road_4_3_2_2;road_4_3_2_2;road_3_2_1_0;road_3_2_1_0;road_3_2_1_0;road_3_2_1_1;road_3_2_1_1;road_3_2_1_1;road_3_2_1_2;road_3_2_1_2;road_3_2_1_2;road_2_3_0_0;road_2_3_0_0;road_2_3_0_0;road_2_3_0_1;road_2_3_0_1;road_2_3_0_1;road_2_3_0_2;road_2_3_0_2;road_2_3_0_2,GGGrrrrrrGGGGGGrrrGGGrrrrrrGGGGGGrrr
400,intersection_3_4,road_3_5_3_0;road_3_5_3_0;road_3_5_3_0;road_3_5_3_1;road_3_5_3_1;road_3_5_3_1;road_3_5_3_2;road_3_5_3_2;road_3_5_3_2;road_4_4_2_0;road_4_4_2_0;road_4_4_2_0;road_4_4_2_1;road_4_4_2_1;road_4_4_2_1;road_4_4_2_2;road_4_4_2_2;road_4_4_2_2;road_3_3_1_0;road_3_3_1_0;road_3_3_1_0;road_3_3_1_1;road_3_3_1_1;road_3_3_1_1;road_3_3_1_2;road_3_3_1_2;road_3_3_1_2;road_2_4_0_0;road_2_4_0_0;road_2_4_0_0;road_2_4_0_1;road_2_4_0_1;road_2_4_0_1;road_2_4_0_2;road_2_4_0_2;road_2_4_0_2,GGGrrrrrrGGGGGGrrrGGGrrrrrrGGGGGGrrr
400,intersection_4_1,road_4_2_3_0;road_4_2_3_0;road_4_2_3_0;road_4_2_3_1;road_4_2_3_1;road_4_2_3_1;road_4_2_3_2;road_4_2_3_2;road_4_2_3_2;road_5_1_2_0;road_5_1_2_0;road_5_1_2_0;road_5_1_2_1;road_5_1_2_1;road_5_1_2_1;road_5_1_2_2;road_5_1_2_2;road_5_1_2_2;road_4_0_1_0;road_4_0_1_0;road_4_0_1_0;road_4_0_1_1;road_4_0_1_1;road_4_0_1_1;road_4_0_1_2;road_4_0_1_2;road_4_0_1_2;road_3_1_0_0;road_3_1_0_0;road_3_1_0_0;road_3_1_0_1;road_3_1_0_1;road_3_1_0_1;road_3_1_0_2;road_3_1_0_2;road_3_1_0_2,GGGrrrrrrGGGGGGrrrGGGrrrrrrGGGGGGrrr
400,intersection_4_2,road_4_3_3_0;road_4_3_3_0;road_4_3_3_0;road_4_3_3_1;road_4_3_3_1;road_4_3_3_1;road_4_3_3_2;road_4_3_3_2;road_4_3_3_2;road_5_2_2_0;road_5_2_2_0;road_5_2_2_0;road_5_2_2_1;road_5_2_2_1;road_5_2_2_1;road_5_2_2_2;road_5_2_2_2;road_5_2_2_2;road_4_1_1_0;road_4_1_1_0;road_4_1_1_0;road_4_1_1_1;road_4_1_1_1;road_4_1_1_1;road_4_1_1_2;road_4_1_1_2;road_4_1_1_2;road_3_2_0_0;road_3_2_0_0;road_3_2_0_0;road_3_2_0_1;road_3_2_0_1;road_3_2_0_1;road_3_2_0_2;road_3_2_0_2;road_3_2_0_2,GGGrrrGGGGGGrrrrrrGGGrrrGGGGGGrrrrrr
400,intersection_4_3,road_4_4_3_0;road_4_4_3_0;road_4_4_3_0;road_4_4_3_1;road_4_4_3_1;road_4_4_3_1;road_4_4_3_2;road_4_4_3_2;road_4_4_3_2;road_5_3_2_0;road_5_3_2_0;road_5_3_2_0;road_5_3_2_1;road_5_3_2_1;road_5_3_2_1;road_5_3_2_2;road_5_3_2_2;road_5_3_2_2;road_4_2_1_0;road_4_2_1_0;road_4_2_1_0;road_4_2_1_1;road_4_2_1_1;road_4_2_1_1;road_4_2_1_2;road_4_2_1_2;road_4_2_1_2;road_3_3_0_0;road_3_3_0_0;road_3_3_0_0;road_3_3_0_1;road_3_3_0_1;road_3_3_0_1;road_3_3_0_2;road_3_3_0_2;road_3_3_0_2,GGGrrrGGGGGGrrrrrrGGGrrrGGGGGGrrrrrr
400,intersection_4_4,road_4_5_3_0;road_4_5_3_0;road_4_5_3_0;road_4_5_3_1;road_4_5_3_1;road_4_5_3_1;road_4_5_3_2;road_4_5_3_2;road_4_5_3_2;road_5_4_2_0;road_5_4_2_0;road_5_4_2_0;road_5_4_2_1;road_5_4_2_1;road_5_4_2_1;road_5_4_2_2;road_5_4_2_2;road_5_4_2_2;road_4_3_1_0;road_4_3_1_0;road_4_3_1_0;road_4_3_1_1;road_4_3_1_1;road_4_3_1_1;road_4_3_1_2;road_4_3_1_2;road_4_3_1_2;road_3_4_0_0;road_3_4_0_0;road_3_4_0_0;road_3_4_0_1;road_3_4_0_1;road_3_4_0_1;road_3_4_0_2;road_3_4_0_2;road_3_4_0_2,GGGrrrGGGGGGrrrrrrGGGrrrGGGGGGrrrrrr
410,intersection_1_1,road_1_2_3_0;road_1_2_3_0;road_1_2_3_0;road_1_2_3_1;road_1_2_3_1;road_1_2_3_1;road_1_2_3_2;road_1_2_3_2;road_1_2_3_2;road_2_1_2_0;road_2_1_2_0;road_2_1_2_0;road_2_1_2_1;road_2_1_2_1;road_2_1_2_1;road_2_1_2_2;road_2_1_2_2;road_2_1_2_2;road_1_0_1_0;road_1_0_1_0;road_1_0_1_0;road_1_0_1_1;road_1_0_1_1;road_1_0_1_1;road_1_0_1_2;road_1_0_1_2;road_1_0_1_2;road_0_1_0_0;road_0_1_0_0;road_0_1_0_0;road_0_1_0_1;road_0_1_0_1;road_0_1_0_1;road_0_1_0_2;road_0_1_0_2;road_0_1_0_2,GGGrrrrrrGGGGGGGGGGGGrrrrrrGGGrrrrrr
410,intersection_1_2,road_1_3_3_0;road_1_3_3_0;road_1_3_3_0;road_1_3_3_1;road_1_3_3_1;road_1_3_3_1;road_1_3_3_2;road_1_3_3_2;road_1_3_3_2;road_2_2_2_0;road_2_2_2_0;road_2_2_2_0;road_2_2_2_1;road_2_2_2_1;road_2_2_2_1;road_2_2_2_2;road_2_2_2_2;road_2_2_2_2;road_1_1_1_0;road_1_1_1_0;road_1_1_1_0;road_1_1_1_1;road_1_1_1_1;road_1_1_1_1;road_1_1_1_2;road_1_1_1_2;road_1_1_1_2;road_0_2_0_0;road_0_2_0_0;road_0_2_0_0;road_0_2_0_1;road_0_2_0_1;road_0_2_0_1;road_0_2_0_2;road_0_2_0_2;road_0_2_0_2,GGGGGGGGGGGGrrrrrrGGGrrrrrrGGGrrrrrr
410,intersection_1_3,road_1_4_3_0;road_1_4_3_0;road_1_4_3_0;road_1_4_3_1;road_1_4_3_1;road_1_4_3_1;road_1_4_3_2;road_1_4_3_2;road_1_4_3_2;road_2_3_2_0;road_2_3_2_0;road_2_3_2_0;road_2_3_2_1;road_2_3_2_1;road_2_3_2_1;road_2_3_2_2;road_2_3_2_2;road_2_3_2_2;road_1_2_1_0;road_1_2_1_0;road_1_2_1_0;road_1_2_1_1;road_1_2_1_1;road_1_2_1_1;road_1_2_1_2;road_1_2_1_2;road_1_2_1_2;road_0_3_0_0;road_0_3_0_0;road_0_3_0_0;road_0_3_0_1;road_0_3_0_1;road_0_3_0_1;road_0_3_0_2;road_0_3_0_2;road_0_3_0_2,GGGrrrrrrGGGGGGrrrGGGrrrrrrGGGGGGrrr
410,intersection_1_4,road_1_5_3_0;road_1_5_3_0;road_1_5_3_0;road_1_5_3_1;road_1_5_3_1;road_1_5_3_1;road_1_5_3_2;road_1_5_3_2;road_1_5_3_2;road_2_4_2_0;road_2_4_2_0;road_2_4_2_0;road_2_4_2_1;road_2_4_2_1;road_2_4_2_1;road_2_4_2_2;road_2_4_2_2;road_2_4_2_2;road_1_3_1_0;road_1_3_1_0;road_1_3_1_0;road_1_3_1_1;road_1_3_1_1;road_1_3_1_1;road_1_3_1_2;road_1_3_1_2;road_1_3_1_2;road_0_4_0_0;road_0_4_0_0;road_0_4_0_0;road_0_4_0_1;road_0_4_0_1;road_0_4_0_1;road_0_4_0_2;road_0_4_0_2;road_0_4_0_2,GGGGGGGGGGGGrrrrrrGGGrrrrrrGGGrrrrrr
410,intersection_2_1,road_2_2_3_0;road_2_2_3_0;road_2_2_3_0;road_2_2_3_1;road_2_2_3_1;road_2_2_3_1;road_2_2_3_2;road_2_2_3_2;road_2_2_3_2;road_3_1_2_0;road_3_1_2_0;road_3_1_2_0;road_3_1_2_1;road_3_1_2_1;road_3_1_2_1;road_3_1_2_2;road_3_1_2_2;road_3_1_2_2;road_2_0_1_0;road_2_0_1_0;road_2_0_1_0;road_2_0_1_1;road_2_0_1_1;road_2_0_1_1;road_2_0_1_2;road_2_0_1_2;road_2_0_1_2;road_1_1_0_0;road_1_1_0_0;road_1_1_0_0;road_1_1_0_1;road_1_1_0_1;road_1_1_0_1;road_1_1_0_2;road_1_1_0_2;road_1_1_0_2,GGGrrrrrrGGGGGGrrrGGGrrrrrrGGGGGGrrr
410,intersection_2_2,road_2_3_3_0;road_2_3_3_0;road_2_3_3_0;road_2_3_3_1;road_2_3_3_1;road_2_3_3_1;road_2_3_3_2;road_2_3_3_2;road_2_3_3_2;road_3_2_2_0;road_3_2_2_0;road_3_2_2_0;road_3_2_2_1;road_3_2_2_1;road_3_2_2_1;road_3_2_2_2;road_3_2_2_2;road_3_2_2_2;road_2_1_1_0;road_2_1_1_0;road_2_1_1_0;road_2_1_1_1;road_2_1_1_1;road_2_1_1_1;road_2_1_1_2;road_2_1_1_2;road_2_1_1_2;road_1_2_0_0;road_1_2_0_0;road_1_2_0_0;road_1_2_0_1;road_1_2_0_1;road_1_2_0_1;road_1_2_0_2;road_1_2_0_2;road_1_2_0_2,GGGrrrrrrGGGGGGrrrGGGrrrrrrGGGGGGrrr
410,intersection_2_3,road_2_4_3_0;road_2_4_3_0;road_2_4_3_0;road_2_4_3_1;road_2_4_3_1;road_2_4_3_1;road_2_4_3_2;road_2_4_3_2;road_2_4_3_2;road_3_3_2_0;road_3_3_2_0;road_3_3_2_0;road_3_3_2_1;road_3_3_2_1;road_3_3_2_1;road_3_3_2_2;road_3_3_2_2;road_3_3_2_2;road_2_2_1_0;road_2_2_1_0;road_2_2_1_0;road_2_2_1_1;road_2_2_1_1;road_2_2_1_1;road_2_2_1_2;road_2_2_1_2;road_2_2_1_2;road_1_3_0_0;road_1_3_0_0;road_1_3_0_0;road_1_3_0_1;road_1_3_0_1;road_1_3_0_1;road_1_3_0_2;road_1_3_0_2;road_1_3_0_2,GGGrrrrrrGGGGGGrrrGGGrrrrrrGGGGGGrrr
410,intersection_2_4,road_2_5_3_0;road_2_5_3_0;road_2_5_3_0;road_2_5_3_1;road_2_5_3_1;road_2_5_3_1;road_2_5_3_2;road_2_5_3_2;road_2_5_3_2;road_3_4_2_0;road_3_4_2_0;road_3_4_2_0;road_3_4_2_1;road_3_4_2_1;road_3_4_2_1;road_3_4_2_2;road_3_4_2_2;road_3_4_2_2;road_2_3_1_0;road_2_3_1_0;road_2_3_1_0;road_2_3_1_1;road_2_3_1_1;road_2_3_1_1;road_2_3_1_2;road_2_3_1_2;road_2_3_1_2;road_1_4_0_0;road_1_4_0_0;road_1_4_0_0;road_1_4_0_1;road_1_4_0_1;road_1_4_0_1;road_1_4_0_2;road_1_4_0_2;road_1_4_0_2,GGGrrrrrrGGGGGGrrrGGGrrrrrrGGGGGGrrr
410,intersection_3_1,road_3_2_3_0;road_3_2_3_0;road_3_2_3_0;road_3_2_3_1;road_3_2_3_1;road_3_2_3_1;road_3_2_3_2;road_3_2_3_2;road_3_2_3_2;road_4_1_2_0;road_4_1_2_0;road_4_1_2_0;road_4_1_2_1;road_4_1_2_1;road_4_1_2_1;road_4_1_2_2;road_4_1_2_2;road_4_1_2_2;road_3_0_1_0;road_3_0_1_0;road_3_0_1_0;road_3_0_1_1;road_3_0_1_1;road_3_0_1_1;road_3_0_1_2;road_3_0_1_2;road_3_0_1_2;road_2_1_0_0;road_2_1_0_0;road_2_1_0_0;road_2_1_0_1;road_2_1_0_1;road_2_1_0_1;road_2_1_0_2;road_2_1_0_2;road_2_1_0_2,GGGrrrrrrGGGGGGrrrGGGrrrrrrGGGGGGrrr
410,intersection_3_2,road_3_3_3_0;road_3_3_3_0;road_3_3_3_0;road_3_3_3_1;road_3_3_3_1;road_3_3_3_1;road_3_3_3_2;road_3_3_3_2;road_3_3_3_2;road_4_2_2_0;road_4_2_2_0;road_4_2_2_0;road_4_2_2_1;road_4_2_2_1;road_4_2_2_1;road_4_2_2_2;road_4_2_2_2;road_4_2_2_2;road_3_1_1_0;road_3_1_1_0;road_3_1_1_0;road_3_1_1_1;road_3_1_1_1;road_3_1_1_1;road_3_1_1_2;road_3_1_1_2;road_3_1_1_2;road_2_2_0_0;road_2_2_0_0;road_2_2_0_0;road_2_2_0_1;road_2_2_0_1;road_2_2_0_1;road_2_2_0_2;road_2_2_0_2;road_2_2_0_2,GGGrrrGGGGGGrrrrrrGGGrrrGGGGGGrrrrrr
410,intersection_3_3,road_3_4_3_0;road_3_4_3_0;road_3_4_3_0;road_3_4_3_1;road_3_4_3_1;road_3_4_3_1;road_3_4_3_2;road_3_4_3_2;road_3_4_3_2;road_4_3_2_0;road_4_3_2_0;road_4_3_2_0;road_4_3_2_1;road_4_3_2_1;road_4_3_2_1;road_4_3_2_2;road_4_3_2_2;road_4_3_2_2;road_3_2_1_0;road_3_2_1_0;road_3_2_1_0;road_3_2_1_1;road_3_2_1_1;road_3_2_1_1;road_3_2_1_2;road_3_2_1_2;road_3_2_1_2;road_2_3_0_0;road_2_3_0_0;road_2_3_0_0;road_2_3_0_1;road_2_3_0_1;road_2_3_0_1;road_2_3_0_2;road_2_3_0_2;road_2_3_0_2,GGGrrrrrrGGGGGGrrrGGGrrrrrrGGGGGGrrr
410,intersection_3_4,road_3_5_3_0;road_3_5_3_0;road_3_5_3_0;road_3_5_3_1;road_3_5_3_1;road_3_5_3_1;road_3_5_3_2;road_3_5_3_2;road_3_5_3_2;road_4_4_2_0;road_4_4_2_0;road_4_4_2_0;road_4_4_2_1;road_4_4_2_1;road_4_4_2_1;road_4_4_2_2;road_4_4_2_2;road_4_4_2_2;road_3_3_1_0;road_3_3_1_0;road_3_3_1_0;road_3_3_1_1;road_3_3_1_1;road_3_3_1_1;road_3_3_1_2;road_3_3_1_2;road_3_3_1_2;road_2_4_0_0;road_2_4_0_0;road_2_4_0_0;road_2_4_0_1;road_2_4_0_1;road_2_4_0_1;road_2_4_0_2;road_2_4_0_2;road_2_4_0_2,GGGrrrrrrGGGGGGrrrGGGrrrrrrGGGGGGrrr
410,intersection_4_1,road_4_2_3_0;road_4_2_3_0;road_4_2_3_0;road_4_2_3_1;road_4_2_3_1;road_4_2_3_1;road_4_2_3_2;road_4_2_3_2;road_4_2_3_2;road_5_1_2_0;road_5_1_2_0;road_5_1_2_0;road_5_1_2_1;road_5_1_2_1;road_5_1_2_1;road_5_1_2_2;road_5_1_2_2;road_5_1_2_2;road_4_0_1_0;road_4_0_1_0;road_4_0_1_0;road_4_0_1_1;road_4_0_1_1;road_4_0_1_1;road_4_0_1_2;road_4_0_1_2;road_4_0_1_2;road_3_1_0_0;road_3_1_0_0;road_3_1_0_0;road_3_1_0_1;road_3_1_0_1;road_3_1_0_1;road_3_1_0_2;road_3_1_0_2;road_3_1_0_2,GGGrrrrrrGGGGGGrrrGGGrrrrrrGGGGGGrrr
410,intersection_4_2,road_4_3_3_0;road_4_3_3_0;road_4_3_3_0;road_4_3_3_1;road_4_3_3_1;road_4_3_3_1;road_4_3_3_2;road_4_3_3_2;road_4_3_3_2;road_5_2_2_0;road_5_2_2_0;road_5_2_2_0;road_5_2_2_1;road_5_2_2_1;road_5_2_2_1;road_5_2_2_2;road_5_2_2_2;road_5_2_2_2;road_4_1_1_0;road_4_1_1_0;road_4_1_1_0;road_4_1_1_1;road_4_1_1_1;road_4_1_1_1;road_4_1_1_2;road_4_1_1_2;road_4_1_1_2;road_3_2_0_0;road_3_2_0_0;road_3_2_0_0;road_3_2_0_1;road_3_2_0_1;road_3_2_0_1;road_3_2_0_2;road_3_2_0_2;road_3_2_0_2,GGGrrrGGGGGGrrrrrrGGGrrrGGGGGGrrrrrr
410,intersection_4_3,road_4_4_3_0;road_4_4_3_0;road_4_4_3_0;road_4_4_3_1;road_4_4_3_1;road_4_4_3_1;road_4_4_3_2;road_4_4_3_2;road_4_4_3_2;road_5_3_2_0;road_5_3_2_0;road_5_3_2_0;road_5_3_2_1;road_5_3_2_1;road_5_3_2_1;road_5_3_2_2;road_5_3_2_2;road_5_3_2_2;road_4_2_1_0;road_4_2_1_0;road_4_2_1_0;road_4_2_1_1;road_4_2_1_1;road_4_2_1_1;road_4_2_1_2;road_4_2_1_2;road_4_2_1_2;road_3_3_0_0;road_3_3_0_0;road_3_3_0_0;road_3_3_0_1;road_3_3_0_1;road_3_3_0_1;road_3_3_0_2;road_3_3_0_2;road_3_3_0_2,GGGrrrGGGGGGrrrrrrGGGrrrGGGGGGrrrrrr
410,intersection_4_4,road_4_5_3_0;road_4_5_3_0;road_4_5_3_0;road_4_5_3_1;road_4_5_3_1;road_4_5_3_1;road_4_5_3_2;road_4_5_3_2;road_4_5_3_2;road_5_4_2_0;road_5_4_2_0;road_5_4_2_0;road_5_4_2_1;road_5_4_2_1;road_5_4_2_1;road_5_4_2_2;road_5_4_2_2;road_5_4_2_2;road_4_3_1_0;road_4_3_1_0;road_4_3_1_0;road_4_3_1_1;road_4_3_1_1;road_4_3_1_1;road_4_3_1_2;road_4_3_1_2;road_4_3_1_2;road_3_4_0_0;road_3_4_0_0;road_3_4_0_0;road_3_4_0_1;road_3_4_0_1;road_3_4_0_1;road_3_4_0_2;road_3_4_0_2;road_3_4_0_2,GGGrrrGGGGGGrrrrrrGGGrrrGGGGGGrrrrrr
420,intersection_1_1,road_1_2_3_0;road_1_2_3_0;road_1_2_3_0;road_1_2_3_1;road_1_2_3_1;road_1_2_3_1;road_1_2_3_2;road_1_2_3_2;road_1_2_3_2;road_2_1_2_0;road_2_1_2_0;road_2_1_2_0;road_2_1_2_1;road_2_1_2_1;road_2_1_2_1;road_2_1_2_2;road_2_1_2_2;road_2_1_2_2;road_1_0_1_0;road_1_0_1_0;road_1_0_1_0;road_1_0_1_1;road_1_0_1_1;road_1_0_1_1;road_1_0_1_2;road_1_0_1_2;road_1_0_1_2;road_0_1_0_0;road_0_1_0_0;road_0_1_0_0;road_0_1_0_1;road_0_1_0_1;road_0_1_0_1;road_0_1_0_2;road_0_1_0_2;road_0_1_0_2,GGGrrrGGGGGGrrrrrrGGGrrrGGGGGGrrrrrr
420,intersection_1_2,road_1_3_3_0;road_1_3_3_0;road_1_3_3_0;road_1_3_3_1;road_1_3_3_1;road_1_3_3_1;road_1_3_3_2;road_1_3_3_2;road_1_3_3_2;road_2_2_2_0;road_2_2_2_0;road_2_2_2_0;road_2_2_2_1;road_2_2_2_1;road_2_2_2_1;road_2_2_2_2;road_2_2_2_2;road_2_2_2_2;road_1_1_1_0;road_1_1_1_0;road_1_1_1_0;road_1_1_1_1;road_1_1_1_1;road_1_1_1_1;road_1_1_1_2;road_1_1_1_2;road_1_1_1_2;road_0_2_0_0;road_0_2_0_0;road_0_2_0_0;road_0_2_0_1;road_0_2_0_1;road_0_2_0_1;road_0_2_0_2;road_0_2_0_2;road_0_2_0_2,GGGGGGGGGGGGrrrrrrGGGrrrrrrGGGrrrrrr
420,intersection_1_3,road_1_4_3_0;road_1_4_3_0;road_1_4_3_0;road_1_4_3_1;road_1_4_3_1;road_1_4_3_1;road_1_4_3_2;road_1_4_3_2;road_1_4_3_2;road_2_3_2_0;road_2_3_2_0;road_2_3_2_0;road_2_3_2_1;road_2_3_2_1;road_2_3_2_1;road_2_3_2_2;road_2_3_2_2;road_2_3_2_2;road_1_2_1_0;road_1_2_1_0;road_1_2_1_0;road_1_2_1_1;road_1_2_1_1;road_1_2_1_1;road_1_2_1_2;road_1_2_1_2;road_1_2_1_2;road_0_3_0_0;road_0_3_0_0;road_0_3_0_0;road_0_3_0_1;road_0_3_0_1;road_0_3_0_1;road_0_3_0_2;road_0_3_0_2;road_0_3_0_2,GGGrrrrrrGGGGGGrrrGGGrrrrrrGGGGGGrrr
420,intersection_1_4,road_1_5_3_0;road_1_5_3_0;road_1_5_3_0;road_1_5_3_1;road_1_5_3_1;road_1_5_3_1;road_1_5_3_2;road_1_5_3_2;road_1_5_3_2;road_2_4_2_0;road_2_4_2_0;road_2_4_2_0;road_2_4_2_1;road_2_4_2_1;road_2_4_2_1;road_2_4_2_2;road_2_4_2_2;road_2_4_2_2;road_1_3_1_0;road_1_3_1_0;road_1_3_1_0;road_1_3_1_1;road_1_3_1_1;road_1_3_1_1;road_1_3_1_2;road_1_3_1_2;road_1_3_1_2;road_0_4_0_0;road_0_4_0_0;road_0_4_0_0;road_0_4_0_1;road_0_4_0_1;road_0_4_0_1;road_0_4_0_2;road_0_4_0_2;road_0_4_0_2,GGGGGGGGGGGGrrrrrrGGGrrrrrrGGGrrrrrr
420,intersection_2_1,road_2_2_3_0;road_2_2_3_0;road_2_2_3_0;road_2_2_3_1;road_2_2_3_1;road_2_2_3_1;road_2_2_3_2;road_2_2_3_2;road_2_2_3_2;road_3_1_2_0;road_3_1_2_0;road_3_1_2_0;road_3_1_2_1;road_3_1_2_1;road_3_1_2_1;road_3_1_2_2;road_3_1_2_2;road_3_1_2_2;road_2_0_1_0;road_2_0_1_0;road_2_0_1_0;road_2_0_1_1;road_2_0_1_1;road_2_0_1_1;road_2_0_1_2;road_2_0_1_2;road_2_0_1_2;road_1_1_0_0;road_1_1_0_0;road_1_1_0_0;road_1_1_0_1;road_1_1_0_1;road_1_1_0_1;road_1_1_0_2;road_1_1_0_2;road_1_1_0_2,GGGrrrrrrGGGGGGrrrGGGrrrrrrGGGGGGrrr
420,intersection_2_2,road_2_3_3_0;road_2_3_3_0;road_2_3_3_0;road_2_3_3_1;road_2_3_3_1;road_2_3_3_1;road_2_3_3_2;road_2_3_3_2;road_2_3_3_2;road_3_2_2_0;road_3_2_2_0;road_3_2_2_0;road_3_2_2_1;road_3_2_2_1;road_3_2_2_1;road_3_2_2_2;road_3_2_2_2;road_3_2_2_2;road_2_1_1_0;road_2_1_1_0;road_2_1_1_0;road_2_1_1_1;road_2_1_1_1;road_2_1_1_1;road_2_1_1_2;road_2_1_1_2;road_2_1_1_2;road_1_2_0_0;road_1_2_0_0;road_1_2_0_0;road_1_2_0_1;road_1_2_0_1;road_1_2_0_1;road_1_2_0_2;road_1_2_0_2;road_1_2_0_2,GGGrrrrrrGGGGGGrrrGGGrrrrrrGGGGGGrrr
420,intersection_2_3,road_2_4_3_0;road_2_4_3_0;road_2_4_3_0;road_2_4_3_1;road_2_4_3_1;road_2_4_3_1;road_2_4_3_2;road_2_4_3_2;road_2_4_3_2;road_3_3_2_0;road_3_3_2_0;road_3_3_2_0;road_3_3_2_1;road_3_3_2_1;road_3_3_2_1;road_3_3_2_2;road_3_3_2_2;road_3_3_2_2;road_2_2_1_0;road_2_2_1_0;road_2_2_1_0;road_2_2_1_1;road_2_2_1_1;road_2_2_1_1;road_2_2_1_2;road_2_2_1_2;road_2_2_1_2;road_1_3_0_0;road_1_3_0_0;road_1_3_0_0;road_1_3_0_1;road_1_3_0_1;road_1_3_0_1;road_1_3_0_2;road_1_3_0_2;road_1_3_0_2,GGGrrrrrrGGGGGGrrrGGGrrrrrrGGGGGGrrr
420,intersection_2_4,road_2_5_3_0;road_2_5_3_0;road_2_5_3_0;road_2_5_3_1;road_2_5_3_1;road_2_5_3_1;road_2_5_3_2;road_2_5_3_2;road_2_5_3_2;road_3_4_2_0;road_3_4_2_0;road_3_4_2_0;road_3_4_2_1;road_3_4_2_1;road_3_4_2_1;road_3_4_2_2;road_3_4_2_2;road_3_4_2_2;road_2_3_1_0;road_2_3_1_0;road_2_3_1_0;road_2_3_1_1;road_2_3_1_1;road_2_3_1_1;road_2_3_1_2;road_2_3_1_2;road_2_3_1_2;road_1_4_0_0;road_1_4_0_0;road_1_4_0_0;road_1_4_0_1;road_1_4_0_1;road_1_4_0_1;road_1_4_0_2;road_1_4_0_2;road_1_4_0_2,GGGrrrrrrGGGGGGrrrGGGrrrrrrGGGGGGrrr
420,intersection_3_1,road_3_2_3_0;road_3_2_3_0;road_3_2_3_0;road_3_2_3_1;road_3_2_3_1;road_3_2_3_1;road_3_2_3_2;road_3_2_3_2;road_3_2_3_2;road_4_1_2_0;road_4_1_2_0;road_4_1_2_0;road_4_1_2_1;road_4_1_2_1;road_4_1_2_1;road_4_1_2_2;road_4_1_2_2;road_4_1_2_2;road_3_0_1_0;road_3_0_1_0;road_3_0_1_0;road_3_0_1_1;road_3_0_1_1;road_3_0_1_1;road_3_0_1_2;road_3_0_1_2;road_3_0_1_2;road_2_1_0_0;road_2_1_0_0;road_2_1_0_0;road_2_1_0_1;road_2_1_0_1;road_2_1_0_1;road_2_1_0_2;road_2_1_0_2;road_2_1_0_2,GGGrrrrrrGGGGGGrrrGGGrrrrrrGGGGGGrrr
420,intersection_3_2,road_3_3_3_0;road_3_3_3_0;road_3_3_3_0;road_3_3_3_1;road_3_3_3_1;road_3_3_3_1;road_3_3_3_2;road_3_3_3_2;road_3_3_3_2;road_4_2_2_0;road_4_2_2_0;road_4_2_2_0;road_4_2_2_1;road_4_2_2_1;road_4_2_2_1;road_4_2_2_2;road_4_2_2_2;road_4_2_2_2;road_3_1_1_0;road_3_1_1_0;road_3_1_1_0;road_3_1_1_1;road_3_1_1_1;road_3_1_1_1;road_3_1_1_2;road_3_1_1_2;road_3_1_1_2;road_2_2_0_0;road_2_2_0_0;road_2_2_0_0;road_2_2_0_1;road_2_2_0_1;road_2_2_0_1;road_2_2_0_2;road_2_2_0_2;road_2_2_0_2,GGGrrrGGGGGGrrrrrrGGGrrrGGGGGGrrrrrr
420,intersection_3_3,road_3_4_3_0;road_3_4_3_0;road_3_4_3_0;road_3_4_3_1;road_3_4_3_1;road_3_4_3_1;road_3_4_3_2;road_3_4_3_2;road_3_4_3_2;road_4_3_2_0;road_4_3_2_0;road_4_3_2_0;road_4_3_2_1;road_4_3_2_1;road_4_3_2_1;road_4_3_2_2;road_4_3_2_2;road_4_3_2_2;road_3_2_1_0;road_3_2_1_0;road_3_2_1_0;road_3_2_1_1;road_3_2_1_1;road_3_2_1_1;road_3_2_1_2;road_3_2_1_2;road_3_2_1_2;road_2_3_0_0;road_2_3_0_0;road_2_3_0_0;road_2_3_0_1;road_2_3_0_1;road_2_3_0_1;road_2_3_0_2;road_2_3_0_2;road_2_3_0_2,GGGrrrrrrGGGGGGrrrGGGrrrrrrGGGGGGrrr
420,intersection_3_4,road_3_5_3_0;road_3_5_3_0;road_3_5_3_0;road_3_5_3_1;road_3_5_3_1;road_3_5_3_1;road_3_5_3_2;road_3_5_3_2;road_3_5_3_2;road_4_4_2_0;road_4_4_2_0;road_4_4_2_0;road_4_4_2_1;road_4_4_2_1;road_4_4_2_1;road_4_4_2_2;road_4_4_2_2;road_4_4_2_2;road_3_3_1_0;road_3_3_1_0;road_3_3_1_0;road_3_3_1_1;road_3_3_1_1;road_3_3_1_1;road_3_3_1_2;road_3_3_1_2;road_3_3_1_2;road_2_4_0_0;road_2_4_0_0;road_2_4_0_0;road_2_4_0_1;road_2_4_0_1;road_2_4_0_1;road_2_4_0_2;road_2_4_0_2;road_2_4_0_2,GGGrrrrrrGGGGGGrrrGGGrrrrrrGGGGGGrrr
420,intersection_4_1,road_4_2_3_0;road_4_2_3_0;road_4_2_3_0;road_4_2_3_1;road_4_2_3_1;road_4_2_3_1;road_4_2_3_2;road_4_2_3_2;road_4_2_3_2;road_5_1_2_0;road_5_1_2_0;road_5_1_2_0;road_5_1_2_1;road_5_1_2_1;road_5_1_2_1;road_5_1_2_2;road_5_1_2_2;road_5_1_2_2;road_4_0_1_0;road_4_0_1_0;road_4_0_1_0;road_4_0_1_1;road_4_0_1_1;road_4_0_1_1;road_4_0_1_2;road_4_0_1_2;road_4_0_1_2;road_3_1_0_0;road_3_1_0_0;road_3_1_0_0;road_3_1_0_1;road_3_1_0_1;road_3_1_0_1;road_3_1_0_2;road_3_1_0_2;road_3_1_0_2,GGGrrrrrrGGGGGGrrrGGGrrrrrrGGGGGGrrr
420,intersection_4_2,road_4_3_3_0;road_4_3_3_0;road_4_3_3_0;road_4_3_3_1;road_4_3_3_1;road_4_3_3_1;road_4_3_3_2;road_4_3_3_2;road_4_3_3_2;road_5_2_2_0;road_5_2_2_0;road_5_2_2_0;road_5_2_2_1;road_5_2_2_1;road_5_2_2_1;road_5_2_2_2;road_5_2_2_2;road_5_2_2_2;road_4_1_1_0;road_4_1_1_0;road_4_1_1_0;road_4_1_1_1;road_4_1_1_1;road_4_1_1_1;road_4_1_1_2;road_4_1_1_2;road_4_1_1_2;road_3_2_0_0;road_3_2_0_0;road_3_2_0_0;road_3_2_0_1;road_3_2_0_1;road_3_2_0_1;road_3_2_0_2;road_3_2_0_2;road_3_2_0_2,GGGrrrGGGGGGrrrrrrGGGrrrGGGGGGrrrrrr
420,intersection_4_3,road_4_4_3_0;road_4_4_3_0;road_4_4_3_0;road_4_4_3_1;road_4_4_3_1;road_4_4_3_1;road_4_4_3_2;road_4_4_3_2;road_4_4_3_2;road_5_3_2_0;road_5_3_2_0;road_5_3_2_0;road_5_3_2_1;road_5_3_2_1;road_5_3_2_1;road_5_3_2_2;road_5_3_2_2;road_5_3_2_2;road_4_2_1_0;road_4_2_1_0;road_4_2_1_0;road_4_2_1_1;road_4_2_1_1;road_4_2_1_1;road_4_2_1_2;road_4_2_1_2;road_4_2_1_2;road_3_3_0_0;road_3_3_0_0;road_3_3_0_0;road_3_3_0_1;road_3_3_0_1;road_3_3_0_1;road_3_3_0_2;road_3_3_0_2;road_3_3_0_2,GGGrrrGGGGGGrrrrrrGGGrrrGGGGGGrrrrrr
420,intersection_4_4,road_4_5_3_0;road_4_5_3_0;road_4_5_3_0;road_4_5_3_1;road_4_5_3_1;road_4_5_3_1;road_4_5_3_2;road_4_5_3_2;road_4_5_3_2;road_5_4_2_0;road_5_4_2_0;road_5_4_2_0;road_5_4_2_1;road_5_4_2_1;road_5_4_2_1;road_5_4_2_2;road_5_4_2_2;road_5_4_2_2;road_4_3_1_0;road_4_3_1_0;road_4_3_1_0;road_4_3_1_1;road_4_3_1_1;road_4_3_1_1;road_4_3_1_2;road_4_3_1_2;road_4_3_1_2;road_3_4_0_0;road_3_4_0_0;road_3_4_0_0;road_3_4_0_1;road_3_4_0_1;road_3_4_0_1;road_3_4_0_2;road_3_4_0_2;road_3_4_0_2,GGGrrrGGGGGGrrrrrrGGGrrrGGGGGGrrrrrr
430,intersection_1_1,road_1_2_3_0;road_1_2_3_0;road_1_2_3_0;road_1_2_3_1;road_1_2_3_1;road_1_2_3_1;road_1_2_3_2;road_1_2_3_2;road_1_2_3_2;road_2_1_2_0;road_2_1_2_0;road_2_1_2_0;road_2_1_2_1;road_2_1_2_1;road_2_1_2_1;road_2_1_2_2;road_2_1_2_2;road_2_1_2_2;road_1_0_1_0;road_1_0_1_0;road_1_0_1_0;road_1_0_1_1;road_1_0_1_1;road_1_0_1_1;road_1_0_1_2;road_1_0_1_2;road_1_0_1_2;road_0_1_0_0;road_0_1_0_0;road_0_1_0_0;road_0_1_0_1;road_0_1_0_1;road_0_1_0_1;road_0_1_0_2;road_0_1_0_2;road_0_1_0_2,GGGrrrrrrGGGGGGGGGGGGrrrrrrGGGrrrrrr
430,intersection_1_2,road_1_3_3_0;road_1_3_3_0;road_1_3_3_0;road_1_3_3_1;road_1_3_3_1;road_1_3_3_1;road_1_3_3_2;road_1_3_3_2;road_1_3_3_2;road_2_2_2_0;road_2_2_2_0;road_2_2_2_0;road_2_2_2_1;road_2_2_2_1;road_2_2_2_1;road_2_2_2_2;road_2_2_2_2;road_2_2_2_2;road_1_1_1_0;road_1_1_1_0;road_1_1_1_0;road_1_1_1_1;road_1_1_1_1;road_1_1_1_1;road_1_1_1_2;road_1_1_1_2;road_1_1_1_2;road_0_2_0_0;road_0_2_0_0;road_0_2_0_0;road_0_2_0_1;road_0_2_0_1;road_0_2_0_1;road_0_2_0_2;road_0_2_0_2;road_0_2_0_2,GGGGGGGGGGGGrrrrrrGGGrrrrrrGGGrrrrrr
430,intersection_1_3,road_1_4_3_0;road_1_4_3_0;road_1_4_3_0;road_1_4_3_1;road_1_4_3_1;road_1_4_3_1;road_1_4_3_2;road_1_4_3_2;road_1_4_3_2;road_2_3_2_0;road_2_3_2_0;road_2_3_2_0;road_2_3_2_1;road_2_3_2_1;road_2_3_2_1;road_2_3_2_2;road_2_3_2_2;road_2_3_2_2;road_1_2_1_0;road_1_2_1_0;road_1_2_1_0;road_1_2_1_1;road_1_2_1_1;road_1_2_1_1;road_1_2_1_2;road_1_2_1_2;road_1_2_1_2;road_0_3_0_0;road_0_3_0_0;road_0_3_0_0;road_0_3_0_1;road_0_3_0_1;road_0_3_0_1;road_0_3_0_2;road_0_3_0_2;road_0_3_0_2,GGGrrrrrrGGGGGGrrrGGGrrrrrrGGGGGGrrr
430,intersection_1_4,road_1_5_3_0;road_1_5_3_0;road_1_5_3_0;road_1_5_3_1;road_1_5_3_1;road_1_5_3_1;road_1_5_3_2;road_1_5_3_2;road_1_5_3_2;road_2_4_2_0;road_2_4_2_0;road_2_4_2_0;road_2_4_2_1;road_2_4_2_1;road_2_4_2_1;road_2_4_2_2;road_2_4_2_2;road_2_4_2_2;road_1_3_1_0;road_1_3_1_0;road_1_3_1_0;road_1_3_1_1;road_1_3_1_1;road_1_3_1_1;road_1_3_1_2;road_1_3_1_2;road_1_3_1_2;road_0_4_0_0;road_0_4_0_0;road_0_4_0_0;road_0_4_0_1;road_0_4_0_1;road_0_4_0_1;road_0_4_0_2;road_0_4_0_2;road_0_4_0_2,GGGGGGGGGGGGrrrrrrGGGrrrrrrGGGrrrrrr
430,intersection_2_1,road_2_2_3_0;road_2_2_3_0;road_2_2_3_0;road_2_2_3_1;road_2_2_3_1;road_2_2_3_1;road_2_2_3_2;road_2_2_3_2;road_2_2_3_2;road_3_1_2_0;road_3_1_2_0;road_3_1_2_0;road_3_1_2_1;road_3_1_2_1;road_3_1_2_1;road_3_1_2_2;road_3_1_2_2;road_3_1_2_2;road_2_0_1_0;road_2_0_1_0;road_2_0_1_0;road_2_0_1_1;road_2_0_1_1;road_2_0_1_1;road_2_0_1_2;road_2_0_1_2;road_2_0_1_2;road_1_1_0_0;road_1_1_0_0;road_1_1_0_0;road_1_1_0_1;road_1_1_0_1;road_1_1_0_1;road_1_1_0_2;road_1_1_0_2;road_1_1_0_2,GGGrrrrrrGGGGGGrrrGGGrrrrrrGGGGGGrrr
430,intersection_2_2,road_2_3_3_0;road_2_3_3_0;road_2_3_3_0;road_2_3_3_1;road_2_3_3_1;road_2_3_3_1;road_2_3_3_2;road_2_3_3_2;road_2_3_3_2;road_3_2_2_0;road_3_2_2_0;road_3_2_2_0;road_3_2_2_1;road_3_2_2_1;road_3_2_2_1;road_3_2_2_2;road_3_2_2_2;road_3_2_2_2;road_2_1_1_0;road_2_1_1_0;road_2_1_1_0;road_2_1_1_1;road_2_1_1_1;road_2_1_1_1;road_2_1_1_2;road_2_1_1_2;road_2_1_1_2;road_1_2_0_0;road_1_2_0_0;road_1_2_0_0;road_1_2_0_1;road_1_2_0_1;road_1_2_0_1;road_1_2_0_2;road_1_2_0_2;road_1_2_0_2,GGGrrrrrrGGGGGGrrrGGGrrrrrrGGGGGGrrr
430,intersection_2_3,road_2_4_3_0;road_2_4_3_0;road_2_4_3_0;road_2_4_3_1;road_2_4_3_1;road_2_4_3_1;road_2_4_3_2;road_2_4_3_2;road_2_4_3_2;road_3_3_2_0;road_3_3_2_0;road_3_3_2_0;road_3_3_2_1;road_3_3_2_1;road_3_3_2_1;road_3_3_2_2;road_3_3_2_2;road_3_3_2_2;road_2_2_1_0;road_2_2_1_0;road_2_2_1_0;road_2_2_1_1;road_2_2_1_1;road_2_2_1_1;road_2_2_1_2;road_2_2_1_2;road_2_2_1_2;road_1_3_0_0;road_1_3_0_0;road_1_3_0_0;road_1_3_0_1;road_1_3_0_1;road_1_3_0_1;road_1_3_0_2;road_1_3_0_2;road_1_3_0_2,GGGrrrrrrGGGGGGrrrGGGrrrrrrGGGGGGrrr
430,intersection_2_4,road_2_5_3_0;road_2_5_3_0;road_2_5_3_0;road_2_5_3_1;road_2_5_3_1;road_2_5_3_1;road_2_5_3_2;road_2_5_3_2;road_2_5_3_2;road_3_4_2_0;road_3_4_2_0;road_3_4_2_0;road_3_4_2_1;road_3_4_2_1;road_3_4_2_1;road_3_4_2_2;road_3_4_2_2;road_3_4_2_2;road_2_3_1_0;road_2_3_1_0;road_2_3_1_0;road_2_3_1_1;road_2_3_1_1;road_2_3_1_1;road_2_3_1_2;road_2_3_1_2;road_2_3_1_2;road_1_4_0_0;road_1_4_0_0;road_1_4_0_0;road_1_4_0_1;road_1_4_0_1;road_1_4_0_1;road_1_4_0_2;road_1_4_0_2;road_1_4_0_2,GGGrrrrrrGGGGGGrrrGGGrrrrrrGGGGGGrrr
430,intersection_3_1,road_3_2_3_0;road_3_2_3_0;road_3_2_3_0;road_3_2_3_1;road_3_2_3_1;road_3_2_3_1;road_3_2_3_2;road_3_2_3_2;road_3_2_3_2;road_4_1_2_0;road_4_1_2_0;road_4_1_2_0;road_4_1_2_1;road_4_1_2_1;road_4_1_2_1;road_4_1_2_2;road_4_1_2_2;road_4_1_2_2;road_3_0_1_0;road_3_0_1_0;road_3_0_1_0;road_3_0_1_1;road_3_0_1_1;road_3_0_1_1;road_3_0_1_2;road_3_0_1_2;road_3_0_1_2;road_2_1_0_0;road_2_1_0_0;road_2_1_0_0;road_2_1_0_1;road_2_1_0_1;road_2_1_0_1;road_2_1_0_2;road_2_1_0_2;road_2_1_0_2,GGGrrrrrrGGGGGGrrrGGGrrrrrrGGGGGGrrr
430,intersection_3_2,road_3_3_3_0;road_3_3_3_0;road_3_3_3_0;road_3_3_3_1;road_3_3_3_1;road_3_3_3_1;road_3_3_3_2;road_3_3_3_2;road_3_3_3_2;road_4_2_2_0;road_4_2_2_0;road_4_2_2_0;road_4_2_2_1;road_4_2_2_1;road_4_2_2_1;road_4_2_2_2;road_4_2_2_2;road_4_2_2_2;road_3_1_1_0;road_3_1_1_0;road_3_1_1_0;road_3_1_1_1;road_3_1_1_1;road_3_1_1_1;road_3_1_1_2;road_3_1_1_2;road_3_1_1_2;road_2_2_0_0;road_2_2_0_0;road_2_2_0_0;road_2_2_0_1;road_2_2_0_1;road_2_2_0_1;road_2_2_0_2;road_2_2_0_2;road_2_2_0_2,GGGrrrGGGGGGrrrrrrGGGrrrGGGGGGrrrrrr
430,intersection_3_3,road_3_4_3_0;road_3_4_3_0;road_3_4_3_0;road_3_4_3_1;road_3_4_3_1;road_3_4_3_1;road_3_4_3_2;road_3_4_3_2;road_3_4_3_2;road_4_3_2_0;road_4_3_2_0;road_4_3_2_0;road_4_3_2_1;road_4_3_2_1;road_4_3_2_1;road_4_3_2_2;road_4_3_2_2;road_4_3_2_2;road_3_2_1_0;road_3_2_1_0;road_3_2_1_0;road_3_2_1_1;road_3_2_1_1;road_3_2_1_1;road_3_2_1_2;road_3_2_1_2;road_3_2_1_2;road_2_3_0_0;road_2_3_0_0;road_2_3_0_0;road_2_3_0_1;road_2_3_0_1;road_2_3_0_1;road_2_3_0_2;road_2_3_0_2;road_2_3_0_2,GGGrrrrrrGGGGGGrrrGGGrrrrrrGGGGGGrrr
430,intersection_3_4,road_3_5_3_0;road_3_5_3_0;road_3_5_3_0;road_3_5_3_1;road_3_5_3_1;road_3_5_3_1;road_3_5_3_2;road_3_5_3_2;road_3_5_3_2;road_4_4_2_0;road_4_4_2_0;road_4_4_2_0;road_4_4_2_1;road_4_4_2_1;road_4_4_2_1;road_4_4_2_2;road_4_4_2_2;road_4_4_2_2;road_3_3_1_0;road_3_3_1_0;road_3_3_1_0;road_3_3_1_1;road_3_3_1_1;road_3_3_1_1;road_3_3_1_2;road_3_3_1_2;road_3_3_1_2;road_2_4_0_0;road_2_4_0_0;road_2_4_0_0;road_2_4_0_1;road_2_4_0_1;road_2_4_0_1;road_2_4_0_2;road_2_4_0_2;road_2_4_0_2,GGGrrrrrrGGGGGGrrrGGGrrrrrrGGGGGGrrr
430,intersection_4_1,road_4_2_3_0;road_4_2_3_0;road_4_2_3_0;road_4_2_3_1;road_4_2_3_1;road_4_2_3_1;road_4_2_3_2;road_4_2_3_2;road_4_2_3_2;road_5_1_2_0;road_5_1_2_0;road_5_1_2_0;road_5_1_2_1;road_5_1_2_1;road_5_1_2_1;road_5_1_2_2;road_5_1_2_2;road_5_1_2_2;road_4_0_1_0;road_4_0_1_0;road_4_0_1_0;road_4_0_1_1;road_4_0_1_1;road_4_0_1_1;road_4_0_1_2;road_4_0_1_2;road_4_0_1_2;road_3_1_0_0;road_3_1_0_0;road_3_1_0_0;road_3_1_0_1;road_3_1_0_1;road_3_1_0_1;road_3_1_0_2;road_3_1_0_2;road_3_1_0_2,GGGrrrrrrGGGGGGrrrGGGrrrrrrGGGGGGrrr
430,intersection_4_2,road_4_3_3_0;road_4_3_3_0;road_4_3_3_0;road_4_3_3_1;road_4_3_3_1;road_4_3_3_1;road_4_3_3_2;road_4_3_3_2;road_4_3_3_2;road_5_2_2_0;road_5_2_2_0;road_5_2_2_0;road_5_2_2_1;road_5_2_2_1;road_5_2_2_1;road_5_2_2_2;road_5_2_2_2;road_5_2_2_2;road_4_1_1_0;road_4_1_1_0;road_4_1_1_0;road_4_1_1_1;road_4_1_1_1;road_4_1_1_1;road_4_1_1_2;road_4_1_1_2;road_4_1_1_2;road_3_2_0_0;road_3_2_0_0;road_3_2_0_0;road_3_2_0_1;road_3_2_0_1;road_3_2_0_1;road_3_2_0_2;road_3_2_0_2;road_3_2_0_2,GGGrrrGGGGGGrrrrrrGGGrrrGGGGGGrrrrrr
430,intersection_4_3,road_4_4_3_0;road_4_4_3_0;road_4_4_3_0;road_4_4_3_1;road_4_4_3_1;road_4_4_3_1;road_4_4_3_2;road_4_4_3_2;road_4_4_3_2;road_5_3_2_0;road_5_3_2_0;road_5_3_2_0;road_5_3_2_1;road_5_3_2_1;road_5_3_2_1;road_5_3_2_2;road_5_3_2_2;road_5_3_2_2;road_4_2_1_0;road_4_2_1_0;road_4_2_1_0;road_4_2_1_1;road_4_2_1_1;road_4_2_1_1;road_4_2_1_2;road_4_2_1_2;road_4_2_1_2;road_3_3_0_0;road_3_3_0_0;road_3_3_0_0;road_3_3_0_1;road_3_3_0_1;road_3_3_0_1;road_3_3_0_2;road_3_3_0_2;road_3_3_0_2,GGGrrrGGGGGGrrrrrrGGGrrrGGGGGGrrrrrr
430,intersection_4_4,road_4_5_3_0;road_4_5_3_0;road_4_5_3_0;road_4_5_3_1;road_4_5_3_1;road_4_5_3_1;road_4_5_3_2;road_4_5_3_2;road_4_5_3_2;road_5_4_2_0;road_5_4_2_0;road_5_4_2_0;road_5_4_2_1;road_5_4_2_1;road_5_4_2_1;road_5_4_2_2;road_5_4_2_2;road_5_4_2_2;road_4_3_1_0;road_4_3_1_0;road_4_3_1_0;road_4_3_1_1;road_4_3_1_1;road_4_3_1_1;road_4_3_1_2;road_4_3_1_2;road_4_3_1_2;road_3_4_0_0;road_3_4_0_0;road_3_4_0_0;road_3_4_0_1;road_3_4_0_1;road_3_4_0_1;road_3_4_0_2;road_3_4_0_2;road_3_4_0_2,GGGrrrGGGGGGrrrrrrGGGrrrGGGGGGrrrrrr
440,intersection_1_1,road_1_2_3_0;road_1_2_3_0;road_1_2_3_0;road_1_2_3_1;road_1_2_3_1;road_1_2_3_1;road_1_2_3_2;road_1_2_3_2;road_1_2_3_2;road_2_1_2_0;road_2_1_2_0;road_2_1_2_0;road_2_1_2_1;road_2_1_2_1;road_2_1_2_1;road_2_1_2_2;road_2_1_2_2;road_2_1_2_2;road_1_0_1_0;road_1_0_1_0;road_1_0_1_0;road_1_0_1_1;road_1_0_1_1;road_1_0_1_1;road_1_0_1_2;road_1_0_1_2;road_1_0_1_2;road_0_1_0_0;road_0_1_0_0;road_0_1_0_0;road_0_1_0_1;road_0_1_0_1;road_0_1_0_1;road_0_1_0_2;road_0_1_0_2;road_0_1_0_2,GGGrrrGGGGGGrrrrrrGGGrrrGGGGGGrrrrrr
440,intersection_1_2,road_1_3_3_0;road_1_3_3_0;road_1_3_3_0;road_1_3_3_1;road_1_3_3_1;road_1_3_3_1;road_1_3_3_2;road_1_3_3_2;road_1_3_3_2;road_2_2_2_0;road_2_2_2_0;road_2_2_2_0;road_2_2_2_1;road_2_2_2_1;road_2_2_2_1;road_2_2_2_2;road_2_2_2_2;road_2_2_2_2;road_1_1_1_0;road_1_1_1_0;road_1_1_1_0;road_1_1_1_1;road_1_1_1_1;road_1_1_1_1;road_1_1_1_2;road_1_1_1_2;road_1_1_1_2;road_0_2_0_0;road_0_2_0_0;road_0_2_0_0;road_0_2_0_1;road_0_2_0_1;road_0_2_0_1;road_0_2_0_2;road_0_2_0_2;road_0_2_0_2,GGGGGGGGGGGGrrrrrrGGGrrrrrrGGGrrrrrr
440,intersection_1_3,road_1_4_3_0;road_1_4_3_0;road_1_4_3_0;road_1_4_3_1;road_1_4_3_1;road_1_4_3_1;road_1_4_3_2;road_1_4_3_2;road_1_4_3_2;road_2_3_2_0;road_2_3_2_0;road_2_3_2_0;road_2_3_2_1;road_2_3_2_1;road_2_3_2_1;road_2_3_2_2;road_2_3_2_2;road_2_3_2_2;road_1_2_1_0;road_1_2_1_0;road_1_2_1_0;road_1_2_1_1;road_1_2_1_1;road_1_2_1_1;road_1_2_1_2;road_1_2_1_2;road_1_2_1_2;road_0_3_0_0;road_0_3_0_0;road_0_3_0_0;road_0_3_0_1;road_0_3_0_1;road_0_3_0_1;road_0_3_0_2;road_0_3_0_2;road_0_3_0_2,GGGrrrrrrGGGGGGrrrGGGrrrrrrGGGGGGrrr
440,intersection_1_4,road_1_5_3_0;road_1_5_3_0;road_1_5_3_0;road_1_5_3_1;road_1_5_3_1;road_1_5_3_1;road_1_5_3_2;road_1_5_3_2;road_1_5_3_2;road_2_4_2_0;road_2_4_2_0;road_2_4_2_0;road_2_4_2_1;road_2_4_2_1;road_2_4_2_1;road_2_4_2_2;road_2_4_2_2;road_2_4_2_2;road_1_3_1_0;road_1_3_1_0;road_1_3_1_0;road_1_3_1_1;road_1_3_1_1;road_1_3_1_1;road_1_3_1_2;road_1_3_1_2;road_1_3_1_2;road_0_4_0_0;road_0_4_0_0;road_0_4_0_0;road_0_4_0_1;road_0_4_0_1;road_0_4_0_1;road_0_4_0_2;road_0_4_0_2;road_0_4_0_2,GGGGGGGGGGGGrrrrrrGGGrrrrrrGGGrrrrrr
440,intersection_2_1,road_2_2_3_0;road_2_2_3_0;road_2_2_3_0;road_2_2_3_1;road_2_2_3_1;road_2_2_3_1;road_2_2_3_2;road_2_2_3_2;road_2_2_3_2;road_3_1_2_0;road_3_1_2_0;road_3_1_2_0;road_3_1_2_1;road_3_1_2_1;road_3_1_2_1;road_3_1_2_2;road_3_1_2_2;road_3_1_2_2;road_2_0_1_0;road_2_0_1_0;road_2_0_1_0;road_2_0_1_1;road_2_0_1_1;road_2_0_1_1;road_2_0_1_2;road_2_0_1_2;road_2_0_1_2;road_1_1_0_0;road_1_1_0_0;road_1_1_0_0;road_1_1_0_1;road_1_1_0_1;road_1_1_0_1;road_1_1_0_2;road_1_1_0_2;road_1_1_0_2,GGGrrrrrrGGGGGGrrrGGGrrrrrrGGGGGGrrr
440,intersection_2_2,road_2_3_3_0;road_2_3_3_0;road_2_3_3_0;road_2_3_3_1;road_2_3_3_1;road_2_3_3_1;road_2_3_3_2;road_2_3_3_2;road_2_3_3_2;road_3_2_2_0;road_3_2_2_0;road_3_2_2_0;road_3_2_2_1;road_3_2_2_1;road_3_2_2_1;road_3_2_2_2;road_3_2_2_2;road_3_2_2_2;road_2_1_1_0;road_2_1_1_0;road_2_1_1_0;road_2_1_1_1;road_2_1_1_1;road_2_1_1_1;road_2_1_1_2;road_2_1_1_2;road_2_1_1_2;road_1_2_0_0;road_1_2_0_0;road_1_2_0_0;road_1_2_0_1;road_1_2_0_1;road_1_2_0_1;road_1_2_0_2;road_1_2_0_2;road_1_2_0_2,GGGrrrrrrGGGGGGrrrGGGrrrrrrGGGGGGrrr
440,intersection_2_3,road_2_4_3_0;road_2_4_3_0;road_2_4_3_0;road_2_4_3_1;road_2_4_3_1;road_2_4_3_1;road_2_4_3_2;road_2_4_3_2;road_2_4_3_2;road_3_3_2_0;road_3_3_2_0;road_3_3_2_0;road_3_3_2_1;road_3_3_2_1;road_3_3_2_1;road_3_3_2_2;road_3_3_2_2;road_3_3_2_2;road_2_2_1_0;road_2_2_1_0;road_2_2_1_0;road_2_2_1_1;road_2_2_1_1;road_2_2_1_1;road_2_2_1_2;road_2_2_1_2;road_2_2_1_2;road_1_3_0_0;road_1_3_0_0;road_1_3_0_0;road_1_3_0_1;road_1_3_0_1;road_1_3_0_1;road_1_3_0_2;road_1_3_0_2;road_1_3_0_2,GGGrrrrrrGGGGGGrrrGGGrrrrrrGGGGGGrrr
440,intersection_2_4,road_2_5_3_0;road_2_5_3_0;road_2_5_3_0;road_2_5_3_1;road_2_5_3_1;road_2_5_3_1;road_2_5_3_2;road_2_5_3_2;road_2_5_3_2;road_3_4_2_0;road_3_4_2_0;road_3_4_2_0;road_3_4_2_1;road_3_4_2_1;road_3_4_2_1;road_3_4_2_2;road_3_4_2_2;road_3_4_2_2;road_2_3_1_0;road_2_3_1_0;road_2_3_1_0;road_2_3_1_1;road_2_3_1_1;road_2_3_1_1;road_2_3_1_2;road_2_3_1_2;road_2_3_1_2;road_1_4_0_0;road_1_4_0_0;road_1_4_0_0;road_1_4_0_1;road_1_4_0_1;road_1_4_0_1;road_1_4_0_2;road_1_4_0_2;road_1_4_0_2,GGGrrrrrrGGGGGGrrrGGGrrrrrrGGGGGGrrr
440,intersection_3_1,road_3_2_3_0;road_3_2_3_0;road_3_2_3_0;road_3_2_3_1;road_3_2_3_1;road_3_2_3_1;road_3_2_3_2;road_3_2_3_2;road_3_2_3_2;road_4_1_2_0;road_4_1_2_0;road_4_1_2_0;road_4_1_2_1;road_4_1_2_1;road_4_1_2_1;road_4_1_2_2;road_4_1_2_2;road_4_1_2_2;road_3_0_1_0;road_3_0_1_0;road_3_0_1_0;road_3_0_1_1;road_3_0_1_1;road_3_0_1_1;road_3_0_1_2;road_3_0_1_2;road_3_0_1_2;road_2_1_0_0;road_2_1_0_0;road_2_1_0_0;road_2_1_0_1;road_2_1_0_1;road_2_1_0_1;road_2_1_0_2;road_2_1_0_2;road_2_1_0_2,GGGrrrrrrGGGGGGrrrGGGrrrrrrGGGGGGrrr
440,intersection_3_2,road_3_3_3_0;road_3_3_3_0;road_3_3_3_0;road_3_3_3_1;road_3_3_3_1;road_3_3_3_1;road_3_3_3_2;road_3_3_3_2;road_3_3_3_2;road_4_2_2_0;road_4_2_2_0;road_4_2_2_0;road_4_2_2_1;road_4_2_2_1;road_4_2_2_1;road_4_2_2_2;road_4_2_2_2;road_4_2_2_2;road_3_1_1_0;road_3_1_1_0;road_3_1_1_0;road_3_1_1_1;road_3_1_1_1;road_3_1_1_1;road_3_1_1_2;road_3_1_1_2;road_3_1_1_2;road_2_2_0_0;road_2_2_0_0;road_2_2_0_0;road_2_2_0_1;road_2_2_0_1;road_2_2_0_1;road_2_2_0_2;road_2_2_0_2;road_2_2_0_2,GGGrrrGGGGGGrrrrrrGGGrrrGGGGGGrrrrrr
440,intersection_3_3,road_3_4_3_0;road_3_4_3_0;road_3_4_3_0;road_3_4_3_1;road_3_4_3_1;road_3_4_3_1;road_3_4_3_2;road_3_4_3_2;road_3_4_3_2;road_4_3_2_0;road_4_3_2_0;road_4_3_2_0;road_4_3_2_1;road_4_3_2_1;road_4_3_2_1;road_4_3_2_2;road_4_3_2_2;road_4_3_2_2;road_3_2_1_0;road_3_2_1_0;road_3_2_1_0;road_3_2_1_1;road_3_2_1_1;road_3_2_1_1;road_3_2_1_2;road_3_2_1_2;road_3_2_1_2;road_2_3_0_0;road_2_3_0_0;road_2_3_0_0;road_2_3_0_1;road_2_3_0_1;road_2_3_0_1;road_2_3_0_2;road_2_3_0_2;road_2_3_0_2,GGGrrrrrrGGGGGGrrrGGGrrrrrrGGGGGGrrr
440,intersection_3_4,road_3_5_3_0;road_3_5_3_0;road_3_5_3_0;road_3_5_3_1;road_3_5_3_1;road_3_5_3_1;road_3_5_3_2;road_3_5_3_2;road_3_5_3_2;road_4_4_2_0;road_4_4_2_0;road_4_4_2_0;road_4_4_2_1;road_4_4_2_1;road_4_4_2_1;road_4_4_2_2;road_4_4_2_2;road_4_4_2_2;road_3_3_1_0;road_3_3_1_0;road_3_3_1_0;road_3_3_1_1;road_3_3_1_1;road_3_3_1_1;road_3_3_1_2;road_3_3_1_2;road_3_3_1_2;road_2_4_0_0;road_2_4_0_0;road_2_4_0_0;road_2_4_0_1;road_2_4_0_1;road_2_4_0_1;road_2_4_0_2;road_2_4_0_2;road_2_4_0_2,GGGrrrrrrGGGGGGrrrGGGrrrrrrGGGGGGrrr
440,intersection_4_1,road_4_2_3_0;road_4_2_3_0;road_4_2_3_0;road_4_2_3_1;road_4_2_3_1;road_4_2_3_1;road_4_2_3_2;road_4_2_3_2;road_4_2_3_2;road_5_1_2_0;road_5_1_2_0;road_5_1_2_0;road_5_1_2_1;road_5_1_2_1;road_5_1_2_1;road_5_1_2_2;road_5_1_2_2;road_5_1_2_2;road_4_0_1_0;road_4_0_1_0;road_4_0_1_0;road_4_0_1_1;road_4_0_1_1;road_4_0_1_1;road_4_0_1_2;road_4_0_1_2;road_4_0_1_2;road_3_1_0_0;road_3_1_0_0;road_3_1_0_0;road_3_1_0_1;road_3_1_0_1;road_3_1_0_1;road_3_1_0_2;road_3_1_0_2;road_3_1_0_2,GGGrrrrrrGGGGGGrrrGGGrrrrrrGGGGGGrrr
440,intersection_4_2,road_4_3_3_0;road_4_3_3_0;road_4_3_3_0;road_4_3_3_1;road_4_3_3_1;road_4_3_3_1;road_4_3_3_2;road_4_3_3_2;road_4_3_3_2;road_5_2_2_0;road_5_2_2_0;road_5_2_2_0;road_5_2_2_1;road_5_2_2_1;road_5_2_2_1;road_5_2_2_2;road_5_2_2_2;road_5_2_2_2;road_4_1_1_0;road_4_1_1_0;road_4_1_1_0;road_4_1_1_1;road_4_1_1_1;road_4_1_1_1;road_4_1_1_2;road_4_1_1_2;road_4_1_1_2;road_3_2_0_0;road_3_2_0_0;road_3_2_0_0;road_3_2_0_1;road_3_2_0_1;road_3_2_0_1;road_3_2_0_2;road_3_2_0_2;road_3_2_0_2,GGGrrrGGGGGGrrrrrrGGGrrrGGGGGGrrrrrr
440,intersection_4_3,road_4_4_3_0;road_4_4_3_0;road_4_4_3_0;road_4_4_3_1;road_4_4_3_1;road_4_4_3_1;road_4_4_3_2;road_4_4_3_2;road_4_4_3_2;road_5_3_2_0;road_5_3_2_0;road_5_3_2_0;road_5_3_2_1;road_5_3_2_1;road_5_3_2_1;road_5_3_2_2;road_5_3_2_2;road_5_3_2_2;road_4_2_1_0;road_4_2_1_0;road_4_2_1_0;road_4_2_1_1;road_4_2_1_1;road_4_2_1_1;road_4_2_1_2;road_4_2_1_2;road_4_2_1_2;road_3_3_0_0;road_3_3_0_0;road_3_3_0_0;road_3_3_0_1;road_3_3_0_1;road_3_3_0_1;road_3_3_0_2;road_3_3_0_2;road_3_3_0_2,GGGrrrGGGGGGrrrrrrGGGrrrGGGGGGrrrrrr
440,intersection_4_4,road_4_5_3_0;road_4_5_3_0;road_4_5_3_0;road_4_5_3_1;road_4_5_3_1;road_4_5_3_1;road_4_5_3_2;road_4_5_3_2;road_4_5_3_2;road_5_4_2_0;road_5_4_2_0;road_5_4_2_0;road_5_4_2_1;road_5_4_2_1;road_5_4_2_1;road_5_4_2_2;road_5_4_2_2;road_5_4_2_2;road_4_3_1_0;road_4_3_1_0;road_4_3_1_0;road_4_3_1_1;road_4_3_1_1;road_4_3_1_1;road_4_3_1_2;road_4_3_1_2;road_4_3_1_2;road_3_4_0_0;road_3_4_0_0;road_3_4_0_0;road_3_4_0_1;road_3_4_0_1;road_3_4_0_1;road_3_4_0_2;road_3_4_0_2;road_3_4_0_2,GGGrrrGGGGGGrrrrrrGGGrrrGGGGGGrrrrrr
450,intersection_1_1,road_1_2_3_0;road_1_2_3_0;road_1_2_3_0;road_1_2_3_1;road_1_2_3_1;road_1_2_3_1;road_1_2_3_2;road_1_2_3_2;road_1_2_3_2;road_2_1_2_0;road_2_1_2_0;road_2_1_2_0;road_2_1_2_1;road_2_1_2_1;road_2_1_2_1;road_2_1_2_2;road_2_1_2_2;road_2_1_2_2;road_1_0_1_0;road_1_0_1_0;road_1_0_1_0;road_1_0_1_1;road_1_0_1_1;road_1_0_1_1;road_1_0_1_2;road_1_0_1_2;road_1_0_1_2;road_0_1_0_0;road_0_1_0_0;road_0_1_0_0;road_0_1_0_1;road_0_1_0_1;road_0_1_0_1;road_0_1_0_2;road_0_1_0_2;road_0_1_0_2,GGGrrrGGGGGGrrrrrrGGGrrrGGGGGGrrrrrr
450,intersection_1_2,road_1_3_3_0;road_1_3_3_0;road_1_3_3_0;road_1_3_3_1;road_1_3_3_1;road_1_3_3_1;road_1_3_3_2;road_1_3_3_2;road_1_3_3_2;road_2_2_2_0;road_2_2_2_0;road_2_2_2_0;road_2_2_2_1;road_2_2_2_1;road_2_2_2_1;road_2_2_2_2;road_2_2_2_2;road_2_2_2_2;road_1_1_1_0;road_1_1_1_0;road_1_1_1_0;road_1_1_1_1;road_1_1_1_1;road_1_1_1_1;road_1_1_1_2;road_1_1_1_2;road_1_1_1_2;road_0_2_0_0;road_0_2_0_0;road_0_2_0_0;road_0_2_0_1;road_0_2_0_1;road_0_2_0_1;road_0_2_0_2;road_0_2_0_2;road_0_2_0_2,GGGGGGGGGGGGrrrrrrGGGrrrrrrGGGrrrrrr
450,intersection_1_3,road_1_4_3_0;road_1_4_3_0;road_1_4_3_0;road_1_4_3_1;road_1_4_3_1;road_1_4_3_1;road_1_4_3_2;road_1_4_3_2;road_1_4_3_2;road_2_3_2_0;road_2_3_2_0;road_2_3_2_0;road_2_3_2_1;road_2_3_2_1;road_2_3_2_1;road_2_3_2_2;road_2_3_2_2;road_2_3_2_2;road_1_2_1_0;road_1_2_1_0;road_1_2_1_0;road_1_2_1_1;road_1_2_1_1;road_1_2_1_1;road_1_2_1_2;road_1_2_1_2;road_1_2_1_2;road_0_3_0_0;road_0_3_0_0;road_0_3_0_0;road_0_3_0_1;road_0_3_0_1;road_0_3_0_1;road_0_3_0_2;road_0_3_0_2;road_0_3_0_2,GGGrrrrrrGGGGGGrrrGGGrrrrrrGGGGGGrrr
450,intersection_1_4,road_1_5_3_0;road_1_5_3_0;road_1_5_3_0;road_1_5_3_1;road_1_5_3_1;road_1_5_3_1;road_1_5_3_2;road_1_5_3_2;road_1_5_3_2;road_2_4_2_0;road_2_4_2_0;road_2_4_2_0;road_2_4_2_1;road_2_4_2_1;road_2_4_2_1;road_2_4_2_2;road_2_4_2_2;road_2_4_2_2;road_1_3_1_0;road_1_3_1_0;road_1_3_1_0;road_1_3_1_1;road_1_3_1_1;road_1_3_1_1;road_1_3_1_2;road_1_3_1_2;road_1_3_1_2;road_0_4_0_0;road_0_4_0_0;road_0_4_0_0;road_0_4_0_1;road_0_4_0_1;road_0_4_0_1;road_0_4_0_2;road_0_4_0_2;road_0_4_0_2,GGGGGGGGGGGGrrrrrrGGGrrrrrrGGGrrrrrr
450,intersection_2_1,road_2_2_3_0;road_2_2_3_0;road_2_2_3_0;road_2_2_3_1;road_2_2_3_1;road_2_2_3_1;road_2_2_3_2;road_2_2_3_2;road_2_2_3_2;road_3_1_2_0;road_3_1_2_0;road_3_1_2_0;road_3_1_2_1;road_3_1_2_1;road_3_1_2_1;road_3_1_2_2;road_3_1_2_2;road_3_1_2_2;road_2_0_1_0;road_2_0_1_0;road_2_0_1_0;road_2_0_1_1;road_2_0_1_1;road_2_0_1_1;road_2_0_1_2;road_2_0_1_2;road_2_0_1_2;road_1_1_0_0;road_1_1_0_0;road_1_1_0_0;road_1_1_0_1;road_1_1_0_1;road_1_1_0_1;road_1_1_0_2;road_1_1_0_2;road_1_1_0_2,GGGrrrrrrGGGGGGrrrGGGrrrrrrGGGGGGrrr
450,intersection_2_2,road_2_3_3_0;road_2_3_3_0;road_2_3_3_0;road_2_3_3_1;road_2_3_3_1;road_2_3_3_1;road_2_3_3_2;road_2_3_3_2;road_2_3_3_2;road_3_2_2_0;road_3_2_2_0;road_3_2_2_0;road_3_2_2_1;road_3_2_2_1;road_3_2_2_1;road_3_2_2_2;road_3_2_2_2;road_3_2_2_2;road_2_1_1_0;road_2_1_1_0;road_2_1_1_0;road_2_1_1_1;road_2_1_1_1;road_2_1_1_1;road_2_1_1_2;road_2_1_1_2;road_2_1_1_2;road_1_2_0_0;road_1_2_0_0;road_1_2_0_0;road_1_2_0_1;road_1_2_0_1;road_1_2_0_1;road_1_2_0_2;road_1_2_0_2;road_1_2_0_2,GGGrrrrrrGGGGGGrrrGGGrrrrrrGGGGGGrrr
450,intersection_2_3,road_2_4_3_0;road_2_4_3_0;road_2_4_3_0;road_2_4_3_1;road_2_4_3_1;road_2_4_3_1;road_2_4_3_2;road_2_4_3_2;road_2_4_3_2;road_3_3_2_0;road_3_3_2_0;road_3_3_2_0;road_3_3_2_1;road_3_3_2_1;road_3_3_2_1;road_3_3_2_2;road_3_3_2_2;road_3_3_2_2;road_2_2_1_0;road_2_2_1_0;road_2_2_1_0;road_2_2_1_1;road_2_2_1_1;road_2_2_1_1;road_2_2_1_2;road_2_2_1_2;road_2_2_1_2;road_1_3_0_0;road_1_3_0_0;road_1_3_0_0;road_1_3_0_1;road_1_3_0_1;road_1_3_0_1;road_1_3_0_2;road_1_3_0_2;road_1_3_0_2,GGGrrrrrrGGGGGGrrrGGGrrrrrrGGGGGGrrr
450,intersection_2_4,road_2_5_3_0;road_2_5_3_0;road_2_5_3_0;road_2_5_3_1;road_2_5_3_1;road_2_5_3_1;road_2_5_3_2;road_2_5_3_2;road_2_5_3_2;road_3_4_2_0;road_3_4_2_0;road_3_4_2_0;road_3_4_2_1;road_3_4_2_1;road_3_4_2_1;road_3_4_2_2;road_3_4_2_2;road_3_4_2_2;road_2_3_1_0;road_2_3_1_0;road_2_3_1_0;road_2_3_1_1;road_2_3_1_1;road_2_3_1_1;road_2_3_1_2;road_2_3_1_2;road_2_3_1_2;road_1_4_0_0;road_1_4_0_0;road_1_4_0_0;road_1_4_0_1;road_1_4_0_1;road_1_4_0_1;road_1_4_0_2;road_1_4_0_2;road_1_4_0_2,GGGrrrrrrGGGGGGrrrGGGrrrrrrGGGGGGrrr
450,intersection_3_1,road_3_2_3_0;road_3_2_3_0;road_3_2_3_0;road_3_2_3_1;road_3_2_3_1;road_3_2_3_1;road_3_2_3_2;road_3_2_3_2;road_3_2_3_2;road_4_1_2_0;road_4_1_2_0;road_4_1_2_0;road_4_1_2_1;road_4_1_2_1;road_4_1_2_1;road_4_1_2_2;road_4_1_2_2;road_4_1_2_2;road_3_0_1_0;road_3_0_1_0;road_3_0_1_0;road_3_0_1_1;road_3_0_1_1;road_3_0_1_1;road_3_0_1_2;road_3_0_1_2;road_3_0_1_2;road_2_1_0_0;road_2_1_0_0;road_2_1_0_0;road_2_1_0_1;road_2_1_0_1;road_2_1_0_1;road_2_1_0_2;road_2_1_0_2;road_2_1_0_2,GGGrrrrrrGGGGGGrrrGGGrrrrrrGGGGGGrrr
450,intersection_3_2,road_3_3_3_0;road_3_3_3_0;road_3_3_3_0;road_3_3_3_1;road_3_3_3_1;road_3_3_3_1;road_3_3_3_2;road_3_3_3_2;road_3_3_3_2;road_4_2_2_0;road_4_2_2_0;road_4_2_2_0;road_4_2_2_1;road_4_2_2_1;road_4_2_2_1;road_4_2_2_2;road_4_2_2_2;road_4_2_2_2;road_3_1_1_0;road_3_1_1_0;road_3_1_1_0;road_3_1_1_1;road_3_1_1_1;road_3_1_1_1;road_3_1_1_2;road_3_1_1_2;road_3_1_1_2;road_2_2_0_0;road_2_2_0_0;road_2_2_0_0;road_2_2_0_1;road_2_2_0_1;road_2_2_0_1;road_2_2_0_2;road_2_2_0_2;road_2_2_0_2,GGGrrrGGGGGGrrrrrrGGGrrrGGGGGGrrrrrr
450,intersection_3_3,road_3_4_3_0;road_3_4_3_0;road_3_4_3_0;road_3_4_3_1;road_3_4_3_1;road_3_4_3_1;road_3_4_3_2;road_3_4_3_2;road_3_4_3_2;road_4_3_2_0;road_4_3_2_0;road_4_3_2_0;road_4_3_2_1;road_4_3_2_1;road_4_3_2_1;road_4_3_2_2;road_4_3_2_2;road_4_3_2_2;road_3_2_1_0;road_3_2_1_0;road_3_2_1_0;road_3_2_1_1;road_3_2_1_1;road_3_2_1_1;road_3_2_1_2;road_3_2_1_2;road_3_2_1_2;road_2_3_0_0;road_2_3_0_0;road_2_3_0_0;road_2_3_0_1;road_2_3_0_1;road_2_3_0_1;road_2_3_0_2;road_2_3_0_2;road_2_3_0_2,GGGrrrrrrGGGGGGrrrGGGrrrrrrGGGGGGrrr
450,intersection_3_4,road_3_5_3_0;road_3_5_3_0;road_3_5_3_0;road_3_5_3_1;road_3_5_3_1;road_3_5_3_1;road_3_5_3_2;road_3_5_3_2;road_3_5_3_2;road_4_4_2_0;road_4_4_2_0;road_4_4_2_0;road_4_4_2_1;road_4_4_2_1;road_4_4_2_1;road_4_4_2_2;road_4_4_2_2;road_4_4_2_2;road_3_3_1_0;road_3_3_1_0;road_3_3_1_0;road_3_3_1_1;road_3_3_1_1;road_3_3_1_1;road_3_3_1_2;road_3_3_1_2;road_3_3_1_2;road_2_4_0_0;road_2_4_0_0;road_2_4_0_0;road_2_4_0_1;road_2_4_0_1;road_2_4_0_1;road_2_4_0_2;road_2_4_0_2;road_2_4_0_2,GGGrrrrrrGGGGGGrrrGGGrrrrrrGGGGGGrrr
450,intersection_4_1,road_4_2_3_0;road_4_2_3_0;road_4_2_3_0;road_4_2_3_1;road_4_2_3_1;road_4_2_3_1;road_4_2_3_2;road_4_2_3_2;road_4_2_3_2;road_5_1_2_0;road_5_1_2_0;road_5_1_2_0;road_5_1_2_1;road_5_1_2_1;road_5_1_2_1;road_5_1_2_2;road_5_1_2_2;road_5_1_2_2;road_4_0_1_0;road_4_0_1_0;road_4_0_1_0;road_4_0_1_1;road_4_0_1_1;road_4_0_1_1;road_4_0_1_2;road_4_0_1_2;road_4_0_1_2;road_3_1_0_0;road_3_1_0_0;road_3_1_0_0;road_3_1_0_1;road_3_1_0_1;road_3_1_0_1;road_3_1_0_2;road_3_1_0_2;road_3_1_0_2,GGGrrrrrrGGGGGGrrrGGGrrrrrrGGGGGGrrr
450,intersection_4_2,road_4_3_3_0;road_4_3_3_0;road_4_3_3_0;road_4_3_3_1;road_4_3_3_1;road_4_3_3_1;road_4_3_3_2;road_4_3_3_2;road_4_3_3_2;road_5_2_2_0;road_5_2_2_0;road_5_2_2_0;road_5_2_2_1;road_5_2_2_1;road_5_2_2_1;road_5_2_2_2;road_5_2_2_2;road_5_2_2_2;road_4_1_1_0;road_4_1_1_0;road_4_1_1_0;road_4_1_1_1;road_4_1_1_1;road_4_1_1_1;road_4_1_1_2;road_4_1_1_2;road_4_1_1_2;road_3_2_0_0;road_3_2_0_0;road_3_2_0_0;road_3_2_0_1;road_3_2_0_1;road_3_2_0_1;road_3_2_0_2;road_3_2_0_2;road_3_2_0_2,GGGrrrGGGGGGrrrrrrGGGrrrGGGGGGrrrrrr
450,intersection_4_3,road_4_4_3_0;road_4_4_3_0;road_4_4_3_0;road_4_4_3_1;road_4_4_3_1;road_4_4_3_1;road_4_4_3_2;road_4_4_3_2;road_4_4_3_2;road_5_3_2_0;road_5_3_2_0;road_5_3_2_0;road_5_3_2_1;road_5_3_2_1;road_5_3_2_1;road_5_3_2_2;road_5_3_2_2;road_5_3_2_2;road_4_2_1_0;road_4_2_1_0;road_4_2_1_0;road_4_2_1_1;road_4_2_1_1;road_4_2_1_1;road_4_2_1_2;road_4_2_1_2;road_4_2_1_2;road_3_3_0_0;road_3_3_0_0;road_3_3_0_0;road_3_3_0_1;road_3_3_0_1;road_3_3_0_1;road_3_3_0_2;road_3_3_0_2;road_3_3_0_2,GGGrrrGGGGGGrrrrrrGGGrrrGGGGGGrrrrrr
450,intersection_4_4,road_4_5_3_0;road_4_5_3_0;road_4_5_3_0;road_4_5_3_1;road_4_5_3_1;road_4_5_3_1;road_4_5_3_2;road_4_5_3_2;road_4_5_3_2;road_5_4_2_0;road_5_4_2_0;road_5_4_2_0;road_5_4_2_1;road_5_4_2_1;road_5_4_2_1;road_5_4_2_2;road_5_4_2_2;road_5_4_2_2;road_4_3_1_0;road_4_3_1_0;road_4_3_1_0;road_4_3_1_1;road_4_3_1_1;road_4_3_1_1;road_4_3_1_2;road_4_3_1_2;road_4_3_1_2;road_3_4_0_0;road_3_4_0_0;road_3_4_0_0;road_3_4_0_1;road_3_4_0_1;road_3_4_0_1;road_3_4_0_2;road_3_4_0_2;road_3_4_0_2,GGGrrrGGGGGGrrrrrrGGGrrrGGGGGGrrrrrr
460,intersection_1_1,road_1_2_3_0;road_1_2_3_0;road_1_2_3_0;road_1_2_3_1;road_1_2_3_1;road_1_2_3_1;road_1_2_3_2;road_1_2_3_2;road_1_2_3_2;road_2_1_2_0;road_2_1_2_0;road_2_1_2_0;road_2_1_2_1;road_2_1_2_1;road_2_1_2_1;road_2_1_2_2;road_2_1_2_2;road_2_1_2_2;road_1_0_1_0;road_1_0_1_0;road_1_0_1_0;road_1_0_1_1;road_1_0_1_1;road_1_0_1_1;road_1_0_1_2;road_1_0_1_2;road_1_0_1_2;road_0_1_0_0;road_0_1_0_0;road_0_1_0_0;road_0_1_0_1;road_0_1_0_1;road_0_1_0_1;road_0_1_0_2;road_0_1_0_2;road_0_1_0_2,GGGrrrGGGGGGrrrrrrGGGrrrGGGGGGrrrrrr
460,intersection_1_2,road_1_3_3_0;road_1_3_3_0;road_1_3_3_0;road_1_3_3_1;road_1_3_3_1;road_1_3_3_1;road_1_3_3_2;road_1_3_3_2;road_1_3_3_2;road_2_2_2_0;road_2_2_2_0;road_2_2_2_0;road_2_2_2_1;road_2_2_2_1;road_2_2_2_1;road_2_2_2_2;road_2_2_2_2;road_2_2_2_2;road_1_1_1_0;road_1_1_1_0;road_1_1_1_0;road_1_1_1_1;road_1_1_1_1;road_1_1_1_1;road_1_1_1_2;road_1_1_1_2;road_1_1_1_2;road_0_2_0_0;road_0_2_0_0;road_0_2_0_0;road_0_2_0_1;road_0_2_0_1;road_0_2_0_1;road_0_2_0_2;road_0_2_0_2;road_0_2_0_2,GGGGGGGGGGGGrrrrrrGGGrrrrrrGGGrrrrrr
460,intersection_1_3,road_1_4_3_0;road_1_4_3_0;road_1_4_3_0;road_1_4_3_1;road_1_4_3_1;road_1_4_3_1;road_1_4_3_2;road_1_4_3_2;road_1_4_3_2;road_2_3_2_0;road_2_3_2_0;road_2_3_2_0;road_2_3_2_1;road_2_3_2_1;road_2_3_2_1;road_2_3_2_2;road_2_3_2_2;road_2_3_2_2;road_1_2_1_0;road_1_2_1_0;road_1_2_1_0;road_1_2_1_1;road_1_2_1_1;road_1_2_1_1;road_1_2_1_2;road_1_2_1_2;road_1_2_1_2;road_0_3_0_0;road_0_3_0_0;road_0_3_0_0;road_0_3_0_1;road_0_3_0_1;road_0_3_0_1;road_0_3_0_2;road_0_3_0_2;road_0_3_0_2,GGGrrrrrrGGGGGGrrrGGGrrrrrrGGGGGGrrr
460,intersection_1_4,road_1_5_3_0;road_1_5_3_0;road_1_5_3_0;road_1_5_3_1;road_1_5_3_1;road_1_5_3_1;road_1_5_3_2;road_1_5_3_2;road_1_5_3_2;road_2_4_2_0;road_2_4_2_0;road_2_4_2_0;road_2_4_2_1;road_2_4_2_1;road_2_4_2_1;road_2_4_2_2;road_2_4_2_2;road_2_4_2_2;road_1_3_1_0;road_1_3_1_0;road_1_3_1_0;road_1_3_1_1;road_1_3_1_1;road_1_3_1_1;road_1_3_1_2;road_1_3_1_2;road_1_3_1_2;road_0_4_0_0;road_0_4_0_0;road_0_4_0_0;road_0_4_0_1;road_0_4_0_1;road_0_4_0_1;road_0_4_0_2;road_0_4_0_2;road_0_4_0_2,GGGGGGGGGGGGrrrrrrGGGrrrrrrGGGrrrrrr
460,intersection_2_1,road_2_2_3_0;road_2_2_3_0;road_2_2_3_0;road_2_2_3_1;road_2_2_3_1;road_2_2_3_1;road_2_2_3_2;road_2_2_3_2;road_2_2_3_2;road_3_1_2_0;road_3_1_2_0;road_3_1_2_0;road_3_1_2_1;road_3_1_2_1;road_3_1_2_1;road_3_1_2_2;road_3_1_2_2;road_3_1_2_2;road_2_0_1_0;road_2_0_1_0;road_2_0_1_0;road_2_0_1_1;road_2_0_1_1;road_2_0_1_1;road_2_0_1_2;road_2_0_1_2;road_2_0_1_2;road_1_1_0_0;road_1_1_0_0;road_1_1_0_0;road_1_1_0_1;road_1_1_0_1;road_1_1_0_1;road_1_1_0_2;road_1_1_0_2;road_1_1_0_2,GGGrrrrrrGGGGGGrrrGGGrrrrrrGGGGGGrrr
460,intersection_2_2,road_2_3_3_0;road_2_3_3_0;road_2_3_3_0;road_2_3_3_1;road_2_3_3_1;road_2_3_3_1;road_2_3_3_2;road_2_3_3_2;road_2_3_3_2;road_3_2_2_0;road_3_2_2_0;road_3_2_2_0;road_3_2_2_1;road_3_2_2_1;road_3_2_2_1;road_3_2_2_2;road_3_2_2_2;road_3_2_2_2;road_2_1_1_0;road_2_1_1_0;road_2_1_1_0;road_2_1_1_1;road_2_1_1_1;road_2_1_1_1;road_2_1_1_2;road_2_1_1_2;road_2_1_1_2;road_1_2_0_0;road_1_2_0_0;road_1_2_0_0;road_1_2_0_1;road_1_2_0_1;road_1_2_0_1;road_1_2_0_2;road_1_2_0_2;road_1_2_0_2,GGGrrrrrrGGGGGGrrrGGGrrrrrrGGGGGGrrr
460,intersection_2_3,road_2_4_3_0;road_2_4_3_0;road_2_4_3_0;road_2_4_3_1;road_2_4_3_1;road_2_4_3_1;road_2_4_3_2;road_2_4_3_2;road_2_4_3_2;road_3_3_2_0;road_3_3_2_0;road_3_3_2_0;road_3_3_2_1;road_3_3_2_1;road_3_3_2_1;road_3_3_2_2;road_3_3_2_2;road_3_3_2_2;road_2_2_1_0;road_2_2_1_0;road_2_2_1_0;road_2_2_1_1;road_2_2_1_1;road_2_2_1_1;road_2_2_1_2;road_2_2_1_2;road_2_2_1_2;road_1_3_0_0;road_1_3_0_0;road_1_3_0_0;road_1_3_0_1;road_1_3_0_1;road_1_3_0_1;road_1_3_0_2;road_1_3_0_2;road_1_3_0_2,GGGrrrrrrGGGGGGrrrGGGrrrrrrGGGGGGrrr
460,intersection_2_4,road_2_5_3_0;road_2_5_3_0;road_2_5_3_0;road_2_5_3_1;road_2_5_3_1;road_2_5_3_1;road_2_5_3_2;road_2_5_3_2;road_2_5_3_2;road_3_4_2_0;road_3_4_2_0;road_3_4_2_0;road_3_4_2_1;road_3_4_2_1;road_3_4_2_1;road_3_4_2_2;road_3_4_2_2;road_3_4_2_2;road_2_3_1_0;road_2_3_1_0;road_2_3_1_0;road_2_3_1_1;road_2_3_1_1;road_2_3_1_1;road_2_3_1_2;road_2_3_1_2;road_2_3_1_2;road_1_4_0_0;road_1_4_0_0;road_1_4_0_0;road_1_4_0_1;road_1_4_0_1;road_1_4_0_1;road_1_4_0_2;road_1_4_0_2;road_1_4_0_2,GGGrrrrrrGGGGGGrrrGGGrrrrrrGGGGGGrrr
460,intersection_3_1,road_3_2_3_0;road_3_2_3_0;road_3_2_3_0;road_3_2_3_1;road_3_2_3_1;road_3_2_3_1;road_3_2_3_2;road_3_2_3_2;road_3_2_3_2;road_4_1_2_0;road_4_1_2_0;road_4_1_2_0;road_4_1_2_1;road_4_1_2_1;road_4_1_2_1;road_4_1_2_2;road_4_1_2_2;road_4_1_2_2;road_3_0_1_0;road_3_0_1_0;road_3_0_1_0;road_3_0_1_1;road_3_0_1_1;road_3_0_1_1;road_3_0_1_2;road_3_0_1_2;road_3_0_1_2;road_2_1_0_0;road_2_1_0_0;road_2_1_0_0;road_2_1_0_1;road_2_1_0_1;road_2_1_0_1;road_2_1_0_2;road_2_1_0_2;road_2_1_0_2,GGGrrrrrrGGGGGGrrrGGGrrrrrrGGGGGGrrr
460,intersection_3_2,road_3_3_3_0;road_3_3_3_0;road_3_3_3_0;road_3_3_3_1;road_3_3_3_1;road_3_3_3_1;road_3_3_3_2;road_3_3_3_2;road_3_3_3_2;road_4_2_2_0;road_4_2_2_0;road_4_2_2_0;road_4_2_2_1;road_4_2_2_1;road_4_2_2_1;road_4_2_2_2;road_4_2_2_2;road_4_2_2_2;road_3_1_1_0;road_3_1_1_0;road_3_1_1_0;road_3_1_1_1;road_3_1_1_1;road_3_1_1_1;road_3_1_1_2;road_3_1_1_2;road_3_1_1_2;road_2_2_0_0;road_2_2_0_0;road_2_2_0_0;road_2_2_0_1;road_2_2_0_1;road_2_2_0_1;road_2_2_0_2;road_2_2_0_2;road_2_2_0_2,GGGrrrGGGGGGrrrrrrGGGrrrGGGGGGrrrrrr
460,intersection_3_3,road_3_4_3_0;road_3_4_3_0;road_3_4_3_0;road_3_4_3_1;road_3_4_3_1;road_3_4_3_1;road_3_4_3_2;road_3_4_3_2;road_3_4_3_2;road_4_3_2_0;road_4_3_2_0;road_4_3_2_0;road_4_3_2_1;road_4_3_2_1;road_4_3_2_1;road_4_3_2_2;road_4_3_2_2;road_4_3_2_2;road_3_2_1_0;road_3_2_1_0;road_3_2_1_0;road_3_2_1_1;road_3_2_1_1;road_3_2_1_1;road_3_2_1_2;road_3_2_1_2;road_3_2_1_2;road_2_3_0_0;road_2_3_0_0;road_2_3_0_0;road_2_3_0_1;road_2_3_0_1;road_2_3_0_1;road_2_3_0_2;road_2_3_0_2;road_2_3_0_2,GGGrrrrrrGGGGGGrrrGGGrrrrrrGGGGGGrrr
460,intersection_3_4,road_3_5_3_0;road_3_5_3_0;road_3_5_3_0;road_3_5_3_1;road_3_5_3_1;road_3_5_3_1;road_3_5_3_2;road_3_5_3_2;road_3_5_3_2;road_4_4_2_0;road_4_4_2_0;road_4_4_2_0;road_4_4_2_1;road_4_4_2_1;road_4_4_2_1;road_4_4_2_2;road_4_4_2_2;road_4_4_2_2;road_3_3_1_0;road_3_3_1_0;road_3_3_1_0;road_3_3_1_1;road_3_3_1_1;road_3_3_1_1;road_3_3_1_2;road_3_3_1_2;road_3_3_1_2;road_2_4_0_0;road_2_4_0_0;road_2_4_0_0;road_2_4_0_1;road_2_4_0_1;road_2_4_0_1;road_2_4_0_2;road_2_4_0_2;road_2_4_0_2,GGGrrrrrrGGGGGGrrrGGGrrrrrrGGGGGGrrr
460,intersection_4_1,road_4_2_3_0;road_4_2_3_0;road_4_2_3_0;road_4_2_3_1;road_4_2_3_1;road_4_2_3_1;road_4_2_3_2;road_4_2_3_2;road_4_2_3_2;road_5_1_2_0;road_5_1_2_0;road_5_1_2_0;road_5_1_2_1;road_5_1_2_1;road_5_1_2_1;road_5_1_2_2;road_5_1_2_2;road_5_1_2_2;road_4_0_1_0;road_4_0_1_0;road_4_0_1_0;road_4_0_1_1;road_4_0_1_1;road_4_0_1_1;road_4_0_1_2;road_4_0_1_2;road_4_0_1_2;road_3_1_0_0;road_3_1_0_0;road_3_1_0_0;road_3_1_0_1;road_3_1_0_1;road_3_1_0_1;road_3_1_0_2;road_3_1_0_2;road_3_1_0_2,GGGrrrrrrGGGGGGrrrGGGrrrrrrGGGGGGrrr
460,intersection_4_2,road_4_3_3_0;road_4_3_3_0;road_4_3_3_0;road_4_3_3_1;road_4_3_3_1;road_4_3_3_1;road_4_3_3_2;road_4_3_3_2;road_4_3_3_2;road_5_2_2_0;road_5_2_2_0;road_5_2_2_0;road_5_2_2_1;road_5_2_2_1;road_5_2_2_1;road_5_2_2_2;road_5_2_2_2;road_5_2_2_2;road_4_1_1_0;road_4_1_1_0;road_4_1_1_0;road_4_1_1_1;road_4_1_1_1;road_4_1_1_1;road_4_1_1_2;road_4_1_1_2;road_4_1_1_2;road_3_2_0_0;road_3_2_0_0;road_3_2_0_0;road_3_2_0_1;road_3_2_0_1;road_3_2_0_1;road_3_2_0_2;road_3_2_0_2;road_3_2_0_2,GGGrrrGGGGGGrrrrrrGGGrrrGGGGGGrrrrrr
460,intersection_4_3,road_4_4_3_0;road_4_4_3_0;road_4_4_3_0;road_4_4_3_1;road_4_4_3_1;road_4_4_3_1;road_4_4_3_2;road_4_4_3_2;road_4_4_3_2;road_5_3_2_0;road_5_3_2_0;road_5_3_2_0;road_5_3_2_1;road_5_3_2_1;road_5_3_2_1;road_5_3_2_2;road_5_3_2_2;road_5_3_2_2;road_4_2_1_0;road_4_2_1_0;road_4_2_1_0;road_4_2_1_1;road_4_2_1_1;road_4_2_1_1;road_4_2_1_2;road_4_2_1_2;road_4_2_1_2;road_3_3_0_0;road_3_3_0_0;road_3_3_0_0;road_3_3_0_1;road_3_3_0_1;road_3_3_0_1;road_3_3_0_2;road_3_3_0_2;road_3_3_0_2,GGGrrrGGGGGGrrrrrrGGGrrrGGGGGGrrrrrr
460,intersection_4_4,road_4_5_3_0;road_4_5_3_0;road_4_5_3_0;road_4_5_3_1;road_4_5_3_1;road_4_5_3_1;road_4_5_3_2;road_4_5_3_2;road_4_5_3_2;road_5_4_2_0;road_5_4_2_0;road_5_4_2_0;road_5_4_2_1;road_5_4_2_1;road_5_4_2_1;road_5_4_2_2;road_5_4_2_2;road_5_4_2_2;road_4_3_1_0;road_4_3_1_0;road_4_3_1_0;road_4_3_1_1;road_4_3_1_1;road_4_3_1_1;road_4_3_1_2;road_4_3_1_2;road_4_3_1_2;road_3_4_0_0;road_3_4_0_0;road_3_4_0_0;road_3_4_0_1;road_3_4_0_1;road_3_4_0_1;road_3_4_0_2;road_3_4_0_2;road_3_4_0_2,GGGrrrGGGGGGrrrrrrGGGrrrGGGGGGrrrrrr
470,intersection_1_1,road_1_2_3_0;road_1_2_3_0;road_1_2_3_0;road_1_2_3_1;road_1_2_3_1;road_1_2_3_1;road_1_2_3_2;road_1_2_3_2;road_1_2_3_2;road_2_1_2_0;road_2_1_2_0;road_2_1_2_0;road_2_1_2_1;road_2_1_2_1;road_2_1_2_1;road_2_1_2_2;road_2_1_2_2;road_2_1_2_2;road_1_0_1_0;road_1_0_1_0;road_1_0_1_0;road_1_0_1_1;road_1_0_1_1;road_1_0_1_1;road_1_0_1_2;road_1_0_1_2;road_1_0_1_2;road_0_1_0_0;road_0_1_0_0;road_0_1_0_0;road_0_1_0_1;road_0_1_0_1;road_0_1_0_1;road_0_1_0_2;road_0_1_0_2;road_0_1_0_2,GGGrrrGGGGGGrrrrrrGGGrrrGGGGGGrrrrrr
470,intersection_1_2,road_1_3_3_0;road_1_3_3_0;road_1_3_3_0;road_1_3_3_1;road_1_3_3_1;road_1_3_3_1;road_1_3_3_2;road_1_3_3_2;road_1_3_3_2;road_2_2_2_0;road_2_2_2_0;road_2_2_2_0;road_2_2_2_1;road_2_2_2_1;road_2_2_2_1;road_2_2_2_2;road_2_2_2_2;road_2_2_2_2;road_1_1_1_0;road_1_1_1_0;road_1_1_1_0;road_1_1_1_1;road_1_1_1_1;road_1_1_1_1;road_1_1_1_2;road_1_1_1_2;road_1_1_1_2;road_0_2_0_0;road_0_2_0_0;road_0_2_0_0;road_0_2_0_1;road_0_2_0_1;road_0_2_0_1;road_0_2_0_2;road_0_2_0_2;road_0_2_0_2,GGGGGGGGGGGGrrrrrrGGGrrrrrrGGGrrrrrr
470,intersection_1_3,road_1_4_3_0;road_1_4_3_0;road_1_4_3_0;road_1_4_3_1;road_1_4_3_1;road_1_4_3_1;road_1_4_3_2;road_1_4_3_2;road_1_4_3_2;road_2_3_2_0;road_2_3_2_0;road_2_3_2_0;road_2_3_2_1;road_2_3_2_1;road_2_3_2_1;road_2_3_2_2;road_2_3_2_2;road_2_3_2_2;road_1_2_1_0;road_1_2_1_0;road_1_2_1_0;road_1_2_1_1;road_1_2_1_1;road_1_2_1_1;road_1_2_1_2;road_1_2_1_2;road_1_2_1_2;road_0_3_0_0;road_0_3_0_0;road_0_3_0_0;road_0_3_0_1;road_0_3_0_1;road_0_3_0_1;road_0_3_0_2;road_0_3_0_2;road_0_3_0_2,GGGrrrrrrGGGGGGrrrGGGrrrrrrGGGGGGrrr
470,intersection_1_4,road_1_5_3_0;road_1_5_3_0;road_1_5_3_0;road_1_5_3_1;road_1_5_3_1;road_1_5_3_1;road_1_5_3_2;road_1_5_3_2;road_1_5_3_2;road_2_4_2_0;road_2_4_2_0;road_2_4_2_0;road_2_4_2_1;road_2_4_2_1;road_2_4_2_1;road_2_4_2_2;road_2_4_2_2;road_2_4_2_2;road_1_3_1_0;road_1_3_1_0;road_1_3_1_0;road_1_3_1_1;road_1_3_1_1;road_1_3_1_1;road_1_3_1_2;road_1_3_1_2;road_1_3_1_2;road_0_4_0_0;road_0_4_0_0;road_0_4_0_0;road_0_4_0_1;road_0_4_0_1;road_0_4_0_1;road_0_4_0_2;road_0_4_0_2;road_0_4_0_2,GGGGGGGGGGGGrrrrrrGGGrrrrrrGGGrrrrrr
470,intersection_2_1,road_2_2_3_0;road_2_2_3_0;road_2_2_3_0;road_2_2_3_1;road_2_2_3_1;road_2_2_3_1;road_2_2_3_2;road_2_2_3_2;road_2_2_3_2;road_3_1_2_0;road_3_1_2_0;road_3_1_2_0;road_3_1_2_1;road_3_1_2_1;road_3_1_2_1;road_3_1_2_2;road_3_1_2_2;road_3_1_2_2;road_2_0_1_0;road_2_0_1_0;road_2_0_1_0;road_2_0_1_1;road_2_0_1_1;road_2_0_1_1;road_2_0_1_2;road_2_0_1_2;road_2_0_1_2;road_1_1_0_0;road_1_1_0_0;road_1_1_0_0;road_1_1_0_1;road_1_1_0_1;road_1_1_0_1;road_1_1_0_2;road_1_1_0_2;road_1_1_0_2,GGGrrrrrrGGGGGGrrrGGGrrrrrrGGGGGGrrr
470,intersection_2_2,road_2_3_3_0;road_2_3_3_0;road_2_3_3_0;road_2_3_3_1;road_2_3_3_1;road_2_3_3_1;road_2_3_3_2;road_2_3_3_2;road_2_3_3_2;road_3_2_2_0;road_3_2_2_0;road_3_2_2_0;road_3_2_2_1;road_3_2_2_1;road_3_2_2_1;road_3_2_2_2;road_3_2_2_2;road_3_2_2_2;road_2_1_1_0;road_2_1_1_0;road_2_1_1_0;road_2_1_1_1;road_2_1_1_1;road_2_1_1_1;road_2_1_1_2;road_2_1_1_2;road_2_1_1_2;road_1_2_0_0;road_1_2_0_0;road_1_2_0_0;road_1_2_0_1;road_1_2_0_1;road_1_2_0_1;road_1_2_0_2;road_1_2_0_2;road_1_2_0_2,GGGrrrrrrGGGGGGrrrGGGrrrrrrGGGGGGrrr
470,intersection_2_3,road_2_4_3_0;road_2_4_3_0;road_2_4_3_0;road_2_4_3_1;road_2_4_3_1;road_2_4_3_1;road_2_4_3_2;road_2_4_3_2;road_2_4_3_2;road_3_3_2_0;road_3_3_2_0;road_3_3_2_0;road_3_3_2_1;road_3_3_2_1;road_3_3_2_1;road_3_3_2_2;road_3_3_2_2;road_3_3_2_2;road_2_2_1_0;road_2_2_1_0;road_2_2_1_0;road_2_2_1_1;road_2_2_1_1;road_2_2_1_1;road_2_2_1_2;road_2_2_1_2;road_2_2_1_2;road_1_3_0_0;road_1_3_0_0;road_1_3_0_0;road_1_3_0_1;road_1_3_0_1;road_1_3_0_1;road_1_3_0_2;road_1_3_0_2;road_1_3_0_2,GGGrrrrrrGGGGGGrrrGGGrrrrrrGGGGGGrrr
470,intersection_2_4,road_2_5_3_0;road_2_5_3_0;road_2_5_3_0;road_2_5_3_1;road_2_5_3_1;road_2_5_3_1;road_2_5_3_2;road_2_5_3_2;road_2_5_3_2;road_3_4_2_0;road_3_4_2_0;road_3_4_2_0;road_3_4_2_1;road_3_4_2_1;road_3_4_2_1;road_3_4_2_2;road_3_4_2_2;road_3_4_2_2;road_2_3_1_0;road_2_3_1_0;road_2_3_1_0;road_2_3_1_1;road_2_3_1_1;road_2_3_1_1;road_2_3_1_2;road_2_3_1_2;road_2_3_1_2;road_1_4_0_0;road_1_4_0_0;road_1_4_0_0;road_1_4_0_1;road_1_4_0_1;road_1_4_0_1;road_1_4_0_2;road_1_4_0_2;road_1_4_0_2,GGGrrrrrrGGGGGGrrrGGGrrrrrrGGGGGGrrr
470,intersection_3_1,road_3_2_3_0;road_3_2_3_0;road_3_2_3_0;road_3_2_3_1;road_3_2_3_1;road_3_2_3_1;road_3_2_3_2;road_3_2_3_2;road_3_2_3_2;road_4_1_2_0;road_4_1_2_0;road_4_1_2_0;road_4_1_2_1;road_4_1_2_1;road_4_1_2_1;road_4_1_2_2;road_4_1_2_2;road_4_1_2_2;road_3_0_1_0;road_3_0_1_0;road_3_0_1_0;road_3_0_1_1;road_3_0_1_1;road_3_0_1_1;road_3_0_1_2;road_3_0_1_2;road_3_0_1_2;road_2_1_0_0;road_2_1_0_0;road_2_1_0_0;road_2_1_0_1;road_2_1_0_1;road_2_1_0_1;road_2_1_0_2;road_2_1_0_2;road_2_1_0_2,GGGrrrrrrGGGGGGrrrGGGrrrrrrGGGGGGrrr
470,intersection_3_2,road_3_3_3_0;road_3_3_3_0;road_3_3_3_0;road_3_3_3_1;road_3_3_3_1;road_3_3_3_1;road_3_3_3_2;road_3_3_3_2;road_3_3_3_2;road_4_2_2_0;road_4_2_2_0;road_4_2_2_0;road_4_2_2_1;road_4_2_2_1;road_4_2_2_1;road_4_2_2_2;road_4_2_2_2;road_4_2_2_2;road_3_1_1_0;road_3_1_1_0;road_3_1_1_0;road_3_1_1_1;road_3_1_1_1;road_3_1_1_1;road_3_1_1_2;road_3_1_1_2;road_3_1_1_2;road_2_2_0_0;road_2_2_0_0;road_2_2_0_0;road_2_2_0_1;road_2_2_0_1;road_2_2_0_1;road_2_2_0_2;road_2_2_0_2;road_2_2_0_2,GGGrrrGGGGGGrrrrrrGGGrrrGGGGGGrrrrrr
470,intersection_3_3,road_3_4_3_0;road_3_4_3_0;road_3_4_3_0;road_3_4_3_1;road_3_4_3_1;road_3_4_3_1;road_3_4_3_2;road_3_4_3_2;road_3_4_3_2;road_4_3_2_0;road_4_3_2_0;road_4_3_2_0;road_4_3_2_1;road_4_3_2_1;road_4_3_2_1;road_4_3_2_2;road_4_3_2_2;road_4_3_2_2;road_3_2_1_0;road_3_2_1_0;road_3_2_1_0;road_3_2_1_1;road_3_2_1_1;road_3_2_1_1;road_3_2_1_2;road_3_2_1_2;road_3_2_1_2;road_2_3_0_0;road_2_3_0_0;road_2_3_0_0;road_2_3_0_1;road_2_3_0_1;road_2_3_0_1;road_2_3_0_2;road_2_3_0_2;road_2_3_0_2,GGGrrrrrrGGGGGGrrrGGGrrrrrrGGGGGGrrr
470,intersection_3_4,road_3_5_3_0;road_3_5_3_0;road_3_5_3_0;road_3_5_3_1;road_3_5_3_1;road_3_5_3_1;road_3_5_3_2;road_3_5_3_2;road_3_5_3_2;road_4_4_2_0;road_4_4_2_0;road_4_4_2_0;road_4_4_2_1;road_4_4_2_1;road_4_4_2_1;road_4_4_2_2;road_4_4_2_2;road_4_4_2_2;road_3_3_1_0;road_3_3_1_0;road_3_3_1_0;road_3_3_1_1;road_3_3_1_1;road_3_3_1_1;road_3_3_1_2;road_3_3_1_2;road_3_3_1_2;road_2_4_0_0;road_2_4_0_0;road_2_4_0_0;road_2_4_0_1;road_2_4_0_1;road_2_4_0_1;road_2_4_0_2;road_2_4_0_2;road_2_4_0_2,GGGrrrrrrGGGGGGrrrGGGrrrrrrGGGGGGrrr
470,intersection_4_1,road_4_2_3_0;road_4_2_3_0;road_4_2_3_0;road_4_2_3_1;road_4_2_3_1;road_4_2_3_1;road_4_2_3_2;road_4_2_3_2;road_4_2_3_2;road_5_1_2_0;road_5_1_2_0;road_5_1_2_0;road_5_1_2_1;road_5_1_2_1;road_5_1_2_1;road_5_1_2_2;road_5_1_2_2;road_5_1_2_2;road_4_0_1_0;road_4_0_1_0;road_4_0_1_0;road_4_0_1_1;road_4_0_1_1;road_4_0_1_1;road_4_0_1_2;road_4_0_1_2;road_4_0_1_2;road_3_1_0_0;road_3_1_0_0;road_3_1_0_0;road_3_1_0_1;road_3_1_0_1;road_3_1_0_1;road_3_1_0_2;road_3_1_0_2;road_3_1_0_2,GGGrrrrrrGGGGGGrrrGGGrrrrrrGGGGGGrrr
470,intersection_4_2,road_4_3_3_0;road_4_3_3_0;road_4_3_3_0;road_4_3_3_1;road_4_3_3_1;road_4_3_3_1;road_4_3_3_2;road_4_3_3_2;road_4_3_3_2;road_5_2_2_0;road_5_2_2_0;road_5_2_2_0;road_5_2_2_1;road_5_2_2_1;road_5_2_2_1;road_5_2_2_2;road_5_2_2_2;road_5_2_2_2;road_4_1_1_0;road_4_1_1_0;road_4_1_1_0;road_4_1_1_1;road_4_1_1_1;road_4_1_1_1;road_4_1_1_2;road_4_1_1_2;road_4_1_1_2;road_3_2_0_0;road_3_2_0_0;road_3_2_0_0;road_3_2_0_1;road_3_2_0_1;road_3_2_0_1;road_3_2_0_2;road_3_2_0_2;road_3_2_0_2,GGGrrrGGGGGGrrrrrrGGGrrrGGGGGGrrrrrr
470,intersection_4_3,road_4_4_3_0;road_4_4_3_0;road_4_4_3_0;road_4_4_3_1;road_4_4_3_1;road_4_4_3_1;road_4_4_3_2;road_4_4_3_2;road_4_4_3_2;road_5_3_2_0;road_5_3_2_0;road_5_3_2_0;road_5_3_2_1;road_5_3_2_1;road_5_3_2_1;road_5_3_2_2;road_5_3_2_2;road_5_3_2_2;road_4_2_1_0;road_4_2_1_0;road_4_2_1_0;road_4_2_1_1;road_4_2_1_1;road_4_2_1_1;road_4_2_1_2;road_4_2_1_2;road_4_2_1_2;road_3_3_0_0;road_3_3_0_0;road_3_3_0_0;road_3_3_0_1;road_3_3_0_1;road_3_3_0_1;road_3_3_0_2;road_3_3_0_2;road_3_3_0_2,GGGrrrGGGGGGrrrrrrGGGrrrGGGGGGrrrrrr
470,intersection_4_4,road_4_5_3_0;road_4_5_3_0;road_4_5_3_0;road_4_5_3_1;road_4_5_3_1;road_4_5_3_1;road_4_5_3_2;road_4_5_3_2;road_4_5_3_2;road_5_4_2_0;road_5_4_2_0;road_5_4_2_0;road_5_4_2_1;road_5_4_2_1;road_5_4_2_1;road_5_4_2_2;road_5_4_2_2;road_5_4_2_2;road_4_3_1_0;road_4_3_1_0;road_4_3_1_0;road_4_3_1_1;road_4_3_1_1;road_4_3_1_1;road_4_3_1_2;road_4_3_1_2;road_4_3_1_2;road_3_4_0_0;road_3_4_0_0;road_3_4_0_0;road_3_4_0_1;road_3_4_0_1;road_3_4_0_1;road_3_4_0_2;road_3_4_0_2;road_3_4_0_2,GGGrrrGGGGGGrrrrrrGGGrrrGGGGGGrrrrrr
480,intersection_1_1,road_1_2_3_0;road_1_2_3_0;road_1_2_3_0;road_1_2_3_1;road_1_2_3_1;road_1_2_3_1;road_1_2_3_2;road_1_2_3_2;road_1_2_3_2;road_2_1_2_0;road_2_1_2_0;road_2_1_2_0;road_2_1_2_1;road_2_1_2_1;road_2_1_2_1;road_2_1_2_2;road_2_1_2_2;road_2_1_2_2;road_1_0_1_0;road_1_0_1_0;road_1_0_1_0;road_1_0_1_1;road_1_0_1_1;road_1_0_1_1;road_1_0_1_2;road_1_0_1_2;road_1_0_1_2;road_0_1_0_0;road_0_1_0_0;road_0_1_0_0;road_0_1_0_1;road_0_1_0_1;road_0_1_0_1;road_0_1_0_2;road_0_1_0_2;road_0_1_0_2,GGGrrrGGGGGGrrrrrrGGGrrrGGGGGGrrrrrr
480,intersection_1_2,road_1_3_3_0;road_1_3_3_0;road_1_3_3_0;road_1_3_3_1;road_1_3_3_1;road_1_3_3_1;road_1_3_3_2;road_1_3_3_2;road_1_3_3_2;road_2_2_2_0;road_2_2_2_0;road_2_2_2_0;road_2_2_2_1;road_2_2_2_1;road_2_2_2_1;road_2_2_2_2;road_2_2_2_2;road_2_2_2_2;road_1_1_1_0;road_1_1_1_0;road_1_1_1_0;road_1_1_1_1;road_1_1_1_1;road_1_1_1_1;road_1_1_1_2;road_1_1_1_2;road_1_1_1_2;road_0_2_0_0;road_0_2_0_0;road_0_2_0_0;road_0_2_0_1;road_0_2_0_1;road_0_2_0_1;road_0_2_0_2;road_0_2_0_2;road_0_2_0_2,GGGGGGGGGGGGrrrrrrGGGrrrrrrGGGrrrrrr
480,intersection_1_3,road_1_4_3_0;road_1_4_3_0;road_1_4_3_0;road_1_4_3_1;road_1_4_3_1;road_1_4_3_1;road_1_4_3_2;road_1_4_3_2;road_1_4_3_2;road_2_3_2_0;road_2_3_2_0;road_2_3_2_0;road_2_3_2_1;road_2_3_2_1;road_2_3_2_1;road_2_3_2_2;road_2_3_2_2;road_2_3_2_2;road_1_2_1_0;road_1_2_1_0;road_1_2_1_0;road_1_2_1_1;road_1_2_1_1;road_1_2_1_1;road_1_2_1_2;road_1_2_1_2;road_1_2_1_2;road_0_3_0_0;road_0_3_0_0;road_0_3_0_0;road_0_3_0_1;road_0_3_0_1;road_0_3_0_1;road_0_3_0_2;road_0_3_0_2;road_0_3_0_2,GGGrrrrrrGGGGGGrrrGGGrrrrrrGGGGGGrrr
480,intersection_1_4,road_1_5_3_0;road_1_5_3_0;road_1_5_3_0;road_1_5_3_1;road_1_5_3_1;road_1_5_3_1;road_1_5_3_2;road_1_5_3_2;road_1_5_3_2;road_2_4_2_0;road_2_4_2_0;road_2_4_2_0;road_2_4_2_1;road_2_4_2_1;road_2_4_2_1;road_2_4_2_2;road_2_4_2_2;road_2_4_2_2;road_1_3_1_0;road_1_3_1_0;road_1_3_1_0;road_1_3_1_1;road_1_3_1_1;road_1_3_1_1;road_1_3_1_2;road_1_3_1_2;road_1_3_1_2;road_0_4_0_0;road_0_4_0_0;road_0_4_0_0;road_0_4_0_1;road_0_4_0_1;road_0_4_0_1;road_0_4_0_2;road_0_4_0_2;road_0_4_0_2,GGGGGGGGGGGGrrrrrrGGGrrrrrrGGGrrrrrr
480,intersection_2_1,road_2_2_3_0;road_2_2_3_0;road_2_2_3_0;road_2_2_3_1;road_2_2_3_1;road_2_2_3_1;road_2_2_3_2;road_2_2_3_2;road_2_2_3_2;road_3_1_2_0;road_3_1_2_0;road_3_1_2_0;road_3_1_2_1;road_3_1_2_1;road_3_1_2_1;road_3_1_2_2;road_3_1_2_2;road_3_1_2_2;road_2_0_1_0;road_2_0_1_0;road_2_0_1_0;road_2_0_1_1;road_2_0_1_1;road_2_0_1_1;road_2_0_1_2;road_2_0_1_2;road_2_0_1_2;road_1_1_0_0;road_1_1_0_0;road_1_1_0_0;road_1_1_0_1;road_1_1_0_1;road_1_1_0_1;road_1_1_0_2;road_1_1_0_2;road_1_1_0_2,GGGrrrrrrGGGGGGrrrGGGrrrrrrGGGGGGrrr
480,intersection_2_2,road_2_3_3_0;road_2_3_3_0;road_2_3_3_0;road_2_3_3_1;road_2_3_3_1;road_2_3_3_1;road_2_3_3_2;road_2_3_3_2;road_2_3_3_2;road_3_2_2_0;road_3_2_2_0;road_3_2_2_0;road_3_2_2_1;road_3_2_2_1;road_3_2_2_1;road_3_2_2_2;road_3_2_2_2;road_3_2_2_2;road_2_1_1_0;road_2_1_1_0;road_2_1_1_0;road_2_1_1_1;road_2_1_1_1;road_2_1_1_1;road_2_1_1_2;road_2_1_1_2;road_2_1_1_2;road_1_2_0_0;road_1_2_0_0;road_1_2_0_0;road_1_2_0_1;road_1_2_0_1;road_1_2_0_1;road_1_2_0_2;road_1_2_0_2;road_1_2_0_2,GGGrrrrrrGGGGGGrrrGGGrrrrrrGGGGGGrrr
480,intersection_2_3,road_2_4_3_0;road_2_4_3_0;road_2_4_3_0;road_2_4_3_1;road_2_4_3_1;road_2_4_3_1;road_2_4_3_2;road_2_4_3_2;road_2_4_3_2;road_3_3_2_0;road_3_3_2_0;road_3_3_2_0;road_3_3_2_1;road_3_3_2_1;road_3_3_2_1;road_3_3_2_2;road_3_3_2_2;road_3_3_2_2;road_2_2_1_0;road_2_2_1_0;road_2_2_1_0;road_2_2_1_1;road_2_2_1_1;road_2_2_1_1;road_2_2_1_2;road_2_2_1_2;road_2_2_1_2;road_1_3_0_0;road_1_3_0_0;road_1_3_0_0;road_1_3_0_1;road_1_3_0_1;road_1_3_0_1;road_1_3_0_2;road_1_3_0_2;road_1_3_0_2,GGGrrrrrrGGGGGGrrrGGGrrrrrrGGGGGGrrr
480,intersection_2_4,road_2_5_3_0;road_2_5_3_0;road_2_5_3_0;road_2_5_3_1;road_2_5_3_1;road_2_5_3_1;road_2_5_3_2;road_2_5_3_2;road_2_5_3_2;road_3_4_2_0;road_3_4_2_0;road_3_4_2_0;road_3_4_2_1;road_3_4_2_1;road_3_4_2_1;road_3_4_2_2;road_3_4_2_2;road_3_4_2_2;road_2_3_1_0;road_2_3_1_0;road_2_3_1_0;road_2_3_1_1;road_2_3_1_1;road_2_3_1_1;road_2_3_1_2;road_2_3_1_2;road_2_3_1_2;road_1_4_0_0;road_1_4_0_0;road_1_4_0_0;road_1_4_0_1;road_1_4_0_1;road_1_4_0_1;road_1_4_0_2;road_1_4_0_2;road_1_4_0_2,GGGrrrrrrGGGGGGrrrGGGrrrrrrGGGGGGrrr
480,intersection_3_1,road_3_2_3_0;road_3_2_3_0;road_3_2_3_0;road_3_2_3_1;road_3_2_3_1;road_3_2_3_1;road_3_2_3_2;road_3_2_3_2;road_3_2_3_2;road_4_1_2_0;road_4_1_2_0;road_4_1_2_0;road_4_1_2_1;road_4_1_2_1;road_4_1_2_1;road_4_1_2_2;road_4_1_2_2;road_4_1_2_2;road_3_0_1_0;road_3_0_1_0;road_3_0_1_0;road_3_0_1_1;road_3_0_1_1;road_3_0_1_1;road_3_0_1_2;road_3_0_1_2;road_3_0_1_2;road_2_1_0_0;road_2_1_0_0;road_2_1_0_0;road_2_1_0_1;road_2_1_0_1;road_2_1_0_1;road_2_1_0_2;road_2_1_0_2;road_2_1_0_2,GGGrrrrrrGGGGGGrrrGGGrrrrrrGGGGGGrrr
480,intersection_3_2,road_3_3_3_0;road_3_3_3_0;road_3_3_3_0;road_3_3_3_1;road_3_3_3_1;road_3_3_3_1;road_3_3_3_2;road_3_3_3_2;road_3_3_3_2;road_4_2_2_0;road_4_2_2_0;road_4_2_2_0;road_4_2_2_1;road_4_2_2_1;road_4_2_2_1;road_4_2_2_2;road_4_2_2_2;road_4_2_2_2;road_3_1_1_0;road_3_1_1_0;road_3_1_1_0;road_3_1_1_1;road_3_1_1_1;road_3_1_1_1;road_3_1_1_2;road_3_1_1_2;road_3_1_1_2;road_2_2_0_0;road_2_2_0_0;road_2_2_0_0;road_2_2_0_1;road_2_2_0_1;road_2_2_0_1;road_2_2_0_2;road_2_2_0_2;road_2_2_0_2,GGGrrrGGGGGGrrrrrrGGGrrrGGGGGGrrrrrr
480,intersection_3_3,road_3_4_3_0;road_3_4_3_0;road_3_4_3_0;road_3_4_3_1;road_3_4_3_1;road_3_4_3_1;road_3_4_3_2;road_3_4_3_2;road_3_4_3_2;road_4_3_2_0;road_4_3_2_0;road_4_3_2_0;road_4_3_2_1;road_4_3_2_1;road_4_3_2_1;road_4_3_2_2;road_4_3_2_2;road_4_3_2_2;road_3_2_1_0;road_3_2_1_0;road_3_2_1_0;road_3_2_1_1;road_3_2_1_1;road_3_2_1_1;road_3_2_1_2;road_3_2_1_2;road_3_2_1_2;road_2_3_0_0;road_2_3_0_0;road_2_3_0_0;road_2_3_0_1;road_2_3_0_1;road_2_3_0_1;road_2_3_0_2;road_2_3_0_2;road_2_3_0_2,GGGrrrrrrGGGGGGrrrGGGrrrrrrGGGGGGrrr
480,intersection_3_4,road_3_5_3_0;road_3_5_3_0;road_3_5_3_0;road_3_5_3_1;road_3_5_3_1;road_3_5_3_1;road_3_5_3_2;road_3_5_3_2;road_3_5_3_2;road_4_4_2_0;road_4_4_2_0;road_4_4_2_0;road_4_4_2_1;road_4_4_2_1;road_4_4_2_1;road_4_4_2_2;road_4_4_2_2;road_4_4_2_2;road_3_3_1_0;road_3_3_1_0;road_3_3_1_0;road_3_3_1_1;road_3_3_1_1;road_3_3_1_1;road_3_3_1_2;road_3_3_1_2;road_3_3_1_2;road_2_4_0_0;road_2_4_0_0;road_2_4_0_0;road_2_4_0_1;road_2_4_0_1;road_2_4_0_1;road_2_4_0_2;road_2_4_0_2;road_2_4_0_2,GGGrrrrrrGGGGGGrrrGGGrrrrrrGGGGGGrrr
480,intersection_4_1,road_4_2_3_0;road_4_2_3_0;road_4_2_3_0;road_4_2_3_1;road_4_2_3_1;road_4_2_3_1;road_4_2_3_2;road_4_2_3_2;road_4_2_3_2;road_5_1_2_0;road_5_1_2_0;road_5_1_2_0;road_5_1_2_1;road_5_1_2_1;road_5_1_2_1;road_5_1_2_2;road_5_1_2_2;road_5_1_2_2;road_4_0_1_0;road_4_0_1_0;road_4_0_1_0;road_4_0_1_1;road_4_0_1_1;road_4_0_1_1;road_4_0_1_2;road_4_0_1_2;road_4_0_1_2;road_3_1_0_0;road_3_1_0_0;road_3_1_0_0;road_3_1_0_1;road_3_1_0_1;road_3_1_0_1;road_3_1_0_2;road_3_1_0_2;road_3_1_0_2,GGGrrrrrrGGGGGGrrrGGGrrrrrrGGGGGGrrr
480,intersection_4_2,road_4_3_3_0;road_4_3_3_0;road_4_3_3_0;road_4_3_3_1;road_4_3_3_1;road_4_3_3_1;road_4_3_3_2;road_4_3_3_2;road_4_3_3_2;road_5_2_2_0;road_5_2_2_0;road_5_2_2_0;road_5_2_2_1;road_5_2_2_1;road_5_2_2_1;road_5_2_2_2;road_5_2_2_2;road_5_2_2_2;road_4_1_1_0;road_4_1_1_0;road_4_1_1_0;road_4_1_1_1;road_4_1_1_1;road_4_1_1_1;road_4_1_1_2;road_4_1_1_2;road_4_1_1_2;road_3_2_0_0;road_3_2_0_0;road_3_2_0_0;road_3_2_0_1;road_3_2_0_1;road_3_2_0_1;road_3_2_0_2;road_3_2_0_2;road_3_2_0_2,GGGrrrGGGGGGrrrrrrGGGrrrGGGGGGrrrrrr
480,intersection_4_3,road_4_4_3_0;road_4_4_3_0;road_4_4_3_0;road_4_4_3_1;road_4_4_3_1;road_4_4_3_1;road_4_4_3_2;road_4_4_3_2;road_4_4_3_2;road_5_3_2_0;road_5_3_2_0;road_5_3_2_0;road_5_3_2_1;road_5_3_2_1;road_5_3_2_1;road_5_3_2_2;road_5_3_2_2;road_5_3_2_2;road_4_2_1_0;road_4_2_1_0;road_4_2_1_0;road_4_2_1_1;road_4_2_1_1;road_4_2_1_1;road_4_2_1_2;road_4_2_1_2;road_4_2_1_2;road_3_3_0_0;road_3_3_0_0;road_3_3_0_0;road_3_3_0_1;road_3_3_0_1;road_3_3_0_1;road_3_3_0_2;road_3_3_0_2;road_3_3_0_2,GGGrrrGGGGGGrrrrrrGGGrrrGGGGGGrrrrrr
480,intersection_4_4,road_4_5_3_0;road_4_5_3_0;road_4_5_3_0;road_4_5_3_1;road_4_5_3_1;road_4_5_3_1;road_4_5_3_2;road_4_5_3_2;road_4_5_3_2;road_5_4_2_0;road_5_4_2_0;road_5_4_2_0;road_5_4_2_1;road_5_4_2_1;road_5_4_2_1;road_5_4_2_2;road_5_4_2_2;road_5_4_2_2;road_4_3_1_0;road_4_3_1_0;road_4_3_1_0;road_4_3_1_1;road_4_3_1_1;road_4_3_1_1;road_4_3_1_2;road_4_3_1_2;road_4_3_1_2;road_3_4_0_0;road_3_4_0_0;road_3_4_0_0;road_3_4_0_1;road_3_4_0_1;road_3_4_0_1;road_3_4_0_2;road_3_4_0_2;road_3_4_0_2,GGGrrrGGGGGGrrrrrrGGGrrrGGGGGGrrrrrr
490,intersection_1_1,road_1_2_3_0;road_1_2_3_0;road_1_2_3_0;road_1_2_3_1;road_1_2_3_1;road_1_2_3_1;road_1_2_3_2;road_1_2_3_2;road_1_2_3_2;road_2_1_2_0;road_2_1_2_0;road_2_1_2_0;road_2_1_2_1;road_2_1_2_1;road_2_1_2_1;road_2_1_2_2;road_2_1_2_2;road_2_1_2_2;road_1_0_1_0;road_1_0_1_0;road_1_0_1_0;road_1_0_1_1;road_1_0_1_1;road_1_0_1_1;road_1_0_1_2;road_1_0_1_2;road_1_0_1_2;road_0_1_0_0;road_0_1_0_0;road_0_1_0_0;road_0_1_0_1;road_0_1_0_1;road_0_1_0_1;road_0_1_0_2;road_0_1_0_2;road_0_1_0_2,GGGrrrrrrGGGGGGGGGGGGrrrrrrGGGrrrrrr
490,intersection_1_2,road_1_3_3_0;road_1_3_3_0;road_1_3_3_0;road_1_3_3_1;road_1_3_3_1;road_1_3_3_1;road_1_3_3_2;road_1_3_3_2;road_1_3_3_2;road_2_2_2_0;road_2_2_2_0;road_2_2_2_0;road_2_2_2_1;road_2_2_2_1;road_2_2_2_1;road_2_2_2_2;road_2_2_2_2;road_2_2_2_2;road_1_1_1_0;road_1_1_1_0;road_1_1_1_0;road_1_1_1_1;road_1_1_1_1;road_1_1_1_1;road_1_1_1_2;road_1_1_1_2;road_1_1_1_2;road_0_2_0_0;road_0_2_0_0;road_0_2_0_0;road_0_2_0_1;road_0_2_0_1;road_0_2_0_1;road_0_2_0_2;road_0_2_0_2;road_0_2_0_2,GGGGGGGGGGGGrrrrrrGGGrrrrrrGGGrrrrrr
490,intersection_1_3,road_1_4_3_0;road_1_4_3_0;road_1_4_3_0;road_1_4_3_1;road_1_4_3_1;road_1_4_3_1;road_1_4_3_2;road_1_4_3_2;road_1_4_3_2;road_2_3_2_0;road_2_3_2_0;road_2_3_2_0;road_2_3_2_1;road_2_3_2_1;road_2_3_2_1;road_2_3_2_2;road_2_3_2_2;road_2_3_2_2;road_1_2_1_0;road_1_2_1_0;road_1_2_1_0;road_1_2_1_1;road_1_2_1_1;road_1_2_1_1;road_1_2_1_2;road_1_2_1_2;road_1_2_1_2;road_0_3_0_0;road_0_3_0_0;road_0_3_0_0;road_0_3_0_1;road_0_3_0_1;road_0_3_0_1;road_0_3_0_2;road_0_3_0_2;road_0_3_0_2,GGGrrrrrrGGGGGGrrrGGGrrrrrrGGGGGGrrr
490,intersection_1_4,road_1_5_3_0;road_1_5_3_0;road_1_5_3_0;road_1_5_3_1;road_1_5_3_1;road_1_5_3_1;road_1_5_3_2;road_1_5_3_2;road_1_5_3_2;road_2_4_2_0;road_2_4_2_0;road_2_4_2_0;road_2_4_2_1;road_2_4_2_1;road_2_4_2_1;road_2_4_2_2;road_2_4_2_2;road_2_4_2_2;road_1_3_1_0;road_1_3_1_0;road_1_3_1_0;road_1_3_1_1;road_1_3_1_1;road_1_3_1_1;road_1_3_1_2;road_1_3_1_2;road_1_3_1_2;road_0_4_0_0;road_0_4_0_0;road_0_4_0_0;road_0_4_0_1;road_0_4_0_1;road_0_4_0_1;road_0_4_0_2;road_0_4_0_2;road_0_4_0_2,GGGGGGGGGGGGrrrrrrGGGrrrrrrGGGrrrrrr
490,intersection_2_1,road_2_2_3_0;road_2_2_3_0;road_2_2_3_0;road_2_2_3_1;road_2_2_3_1;road_2_2_3_1;road_2_2_3_2;road_2_2_3_2;road_2_2_3_2;road_3_1_2_0;road_3_1_2_0;road_3_1_2_0;road_3_1_2_1;road_3_1_2_1;road_3_1_2_1;road_3_1_2_2;road_3_1_2_2;road_3_1_2_2;road_2_0_1_0;road_2_0_1_0;road_2_0_1_0;road_2_0_1_1;road_2_0_1_1;road_2_0_1_1;road_2_0_1_2;road_2_0_1_2;road_2_0_1_2;road_1_1_0_0;road_1_1_0_0;road_1_1_0_0;road_1_1_0_1;road_1_1_0_1;road_1_1_0_1;road_1_1_0_2;road_1_1_0_2;road_1_1_0_2,GGGrrrrrrGGGGGGrrrGGGrrrrrrGGGGGGrrr
490,intersection_2_2,road_2_3_3_0;road_2_3_3_0;road_2_3_3_0;road_2_3_3_1;road_2_3_3_1;road_2_3_3_1;road_2_3_3_2;road_2_3_3_2;road_2_3_3_2;road_3_2_2_0;road_3_2_2_0;road_3_2_2_0;road_3_2_2_1;road_3_2_2_1;road_3_2_2_1;road_3_2_2_2;road_3_2_2_2;road_3_2_2_2;road_2_1_1_0;road_2_1_1_0;road_2_1_1_0;road_2_1_1_1;road_2_1_1_1;road_2_1_1_1;road_2_1_1_2;road_2_1_1_2;road_2_1_1_2;road_1_2_0_0;road_1_2_0_0;road_1_2_0_0;road_1_2_0_1;road_1_2_0_1;road_1_2_0_1;road_1_2_0_2;road_1_2_0_2;road_1_2_0_2,GGGrrrrrrGGGGGGrrrGGGrrrrrrGGGGGGrrr
490,intersection_2_3,road_2_4_3_0;road_2_4_3_0;road_2_4_3_0;road_2_4_3_1;road_2_4_3_1;road_2_4_3_1;road_2_4_3_2;road_2_4_3_2;road_2_4_3_2;road_3_3_2_0;road_3_3_2_0;road_3_3_2_0;road_3_3_2_1;road_3_3_2_1;road_3_3_2_1;road_3_3_2_2;road_3_3_2_2;road_3_3_2_2;road_2_2_1_0;road_2_2_1_0;road_2_2_1_0;road_2_2_1_1;road_2_2_1_1;road_2_2_1_1;road_2_2_1_2;road_2_2_1_2;road_2_2_1_2;road_1_3_0_0;road_1_3_0_0;road_1_3_0_0;road_1_3_0_1;road_1_3_0_1;road_1_3_0_1;road_1_3_0_2;road_1_3_0_2;road_1_3_0_2,GGGrrrrrrGGGGGGrrrGGGrrrrrrGGGGGGrrr
490,intersection_2_4,road_2_5_3_0;road_2_5_3_0;road_2_5_3_0;road_2_5_3_1;road_2_5_3_1;road_2_5_3_1;road_2_5_3_2;road_2_5_3_2;road_2_5_3_2;road_3_4_2_0;road_3_4_2_0;road_3_4_2_0;road_3_4_2_1;road_3_4_2_1;road_3_4_2_1;road_3_4_2_2;road_3_4_2_2;road_3_4_2_2;road_2_3_1_0;road_2_3_1_0;road_2_3_1_0;road_2_3_1_1;road_2_3_1_1;road_2_3_1_1;road_2_3_1_2;road_2_3_1_2;road_2_3_1_2;road_1_4_0_0;road_1_4_0_0;road_1_4_0_0;road_1_4_0_1;road_1_4_0_1;road_1_4_0_1;road_1_4_0_2;road_1_4_0_2;road_1_4_0_2,GGGrrrrrrGGGGGGrrrGGGrrrrrrGGGGGGrrr
490,intersection_3_1,road_3_2_3_0;road_3_2_3_0;road_3_2_3_0;road_3_2_3_1;road_3_2_3_1;road_3_2_3_1;road_3_2_3_2;road_3_2_3_2;road_3_2_3_2;road_4_1_2_0;road_4_1_2_0;road_4_1_2_0;road_4_1_2_1;road_4_1_2_1;road_4_1_2_1;road_4_1_2_2;road_4_1_2_2;road_4_1_2_2;road_3_0_1_0;road_3_0_1_0;road_3_0_1_0;road_3_0_1_1;road_3_0_1_1;road_3_0_1_1;road_3_0_1_2;road_3_0_1_2;road_3_0_1_2;road_2_1_0_0;road_2_1_0_0;road_2_1_0_0;road_2_1_0_1;road_2_1_0_1;road_2_1_0_1;road_2_1_0_2;road_2_1_0_2;road_2_1_0_2,GGGrrrrrrGGGGGGrrrGGGrrrrrrGGGGGGrrr
490,intersection_3_2,road_3_3_3_0;road_3_3_3_0;road_3_3_3_0;road_3_3_3_1;road_3_3_3_1;road_3_3_3_1;road_3_3_3_2;road_3_3_3_2;road_3_3_3_2;road_4_2_2_0;road_4_2_2_0;road_4_2_2_0;road_4_2_2_1;road_4_2_2_1;road_4_2_2_1;road_4_2_2_2;road_4_2_2_2;road_4_2_2_2;road_3_1_1_0;road_3_1_1_0;road_3_1_1_0;road_3_1_1_1;road_3_1_1_1;road_3_1_1_1;road_3_1_1_2;road_3_1_1_2;road_3_1_1_2;road_2_2_0_0;road_2_2_0_0;road_2_2_0_0;road_2_2_0_1;road_2_2_0_1;road_2_2_0_1;road_2_2_0_2;road_2_2_0_2;road_2_2_0_2,GGGrrrGGGGGGrrrrrrGGGrrrGGGGGGrrrrrr
490,intersection_3_3,road_3_4_3_0;road_3_4_3_0;road_3_4_3_0;road_3_4_3_1;road_3_4_3_1;road_3_4_3_1;road_3_4_3_2;road_3_4_3_2;road_3_4_3_2;road_4_3_2_0;road_4_3_2_0;road_4_3_2_0;road_4_3_2_1;road_4_3_2_1;road_4_3_2_1;road_4_3_2_2;road_4_3_2_2;road_4_3_2_2;road_3_2_1_0;road_3_2_1_0;road_3_2_1_0;road_3_2_1_1;road_3_2_1_1;road_3_2_1_1;road_3_2_1_2;road_3_2_1_2;road_3_2_1_2;road_2_3_0_0;road_2_3_0_0;road_2_3_0_0;road_2_3_0_1;road_2_3_0_1;road_2_3_0_1;road_2_3_0_2;road_2_3_0_2;road_2_3_0_2,GGGrrrrrrGGGGGGrrrGGGrrrrrrGGGGGGrrr
490,intersection_3_4,road_3_5_3_0;road_3_5_3_0;road_3_5_3_0;road_3_5_3_1;road_3_5_3_1;road_3_5_3_1;road_3_5_3_2;road_3_5_3_2;road_3_5_3_2;road_4_4_2_0;road_4_4_2_0;road_4_4_2_0;road_4_4_2_1;road_4_4_2_1;road_4_4_2_1;road_4_4_2_2;road_4_4_2_2;road_4_4_2_2;road_3_3_1_0;road_3_3_1_0;road_3_3_1_0;road_3_3_1_1;road_3_3_1_1;road_3_3_1_1;road_3_3_1_2;road_3_3_1_2;road_3_3_1_2;road_2_4_0_0;road_2_4_0_0;road_2_4_0_0;road_2_4_0_1;road_2_4_0_1;road_2_4_0_1;road_2_4_0_2;road_2_4_0_2;road_2_4_0_2,GGGrrrrrrGGGGGGrrrGGGrrrrrrGGGGGGrrr
490,intersection_4_1,road_4_2_3_0;road_4_2_3_0;road_4_2_3_0;road_4_2_3_1;road_4_2_3_1;road_4_2_3_1;road_4_2_3_2;road_4_2_3_2;road_4_2_3_2;road_5_1_2_0;road_5_1_2_0;road_5_1_2_0;road_5_1_2_1;road_5_1_2_1;road_5_1_2_1;road_5_1_2_2;road_5_1_2_2;road_5_1_2_2;road_4_0_1_0;road_4_0_1_0;road_4_0_1_0;road_4_0_1_1;road_4_0_1_1;road_4_0_1_1;road_4_0_1_2;road_4_0_1_2;road_4_0_1_2;road_3_1_0_0;road_3_1_0_0;road_3_1_0_0;road_3_1_0_1;road_3_1_0_1;road_3_1_0_1;road_3_1_0_2;road_3_1_0_2;road_3_1_0_2,GGGrrrrrrGGGGGGrrrGGGrrrrrrGGGGGGrrr
490,intersection_4_2,road_4_3_3_0;road_4_3_3_0;road_4_3_3_0;road_4_3_3_1;road_4_3_3_1;road_4_3_3_1;road_4_3_3_2;road_4_3_3_2;road_4_3_3_2;road_5_2_2_0;road_5_2_2_0;road_5_2_2_0;road_5_2_2_1;road_5_2_2_1;road_5_2_2_1;road_5_2_2_2;road_5_2_2_2;road_5_2_2_2;road_4_1_1_0;road_4_1_1_0;road_4_1_1_0;road_4_1_1_1;road_4_1_1_1;road_4_1_1_1;road_4_1_1_2;road_4_1_1_2;road_4_1_1_2;road_3_2_0_0;road_3_2_0_0;road_3_2_0_0;road_3_2_0_1;road_3_2_0_1;road_3_2_0_1;road_3_2_0_2;road_3_2_0_2;road_3_2_0_2,GGGrrrGGGGGGrrrrrrGGGrrrGGGGGGrrrrrr
490,intersection_4_3,road_4_4_3_0;road_4_4_3_0;road_4_4_3_0;road_4_4_3_1;road_4_4_3_1;road_4_4_3_1;road_4_4_3_2;road_4_4_3_2;road_4_4_3_2;road_5_3_2_0;road_5_3_2_0;road_5_3_2_0;road_5_3_2_1;road_5_3_2_1;road_5_3_2_1;road_5_3_2_2;road_5_3_2_2;road_5_3_2_2;road_4_2_1_0;road_4_2_1_0;road_4_2_1_0;road_4_2_1_1;road_4_2_1_1;road_4_2_1_1;road_4_2_1_2;road_4_2_1_2;road_4_2_1_2;road_3_3_0_0;road_3_3_0_0;road_3_3_0_0;road_3_3_0_1;road_3_3_0_1;road_3_3_0_1;road_3_3_0_2;road_3_3_0_2;road_3_3_0_2,GGGrrrGGGGGGrrrrrrGGGrrrGGGGGGrrrrrr
490,intersection_4_4,road_4_5_3_0;road_4_5_3_0;road_4_5_3_0;road_4_5_3_1;road_4_5_3_1;road_4_5_3_1;road_4_5_3_2;road_4_5_3_2;road_4_5_3_2;road_5_4_2_0;road_5_4_2_0;road_5_4_2_0;road_5_4_2_1;road_5_4_2_1;road_5_4_2_1;road_5_4_2_2;road_5_4_2_2;road_5_4_2_2;road_4_3_1_0;road_4_3_1_0;road_4_3_1_0;road_4_3_1_1;road_4_3_1_1;road_4_3_1_1;road_4_3_1_2;road_4_3_1_2;road_4_3_1_2;road_3_4_0_0;road_3_4_0_0;road_3_4_0_0;road_3_4_0_1;road_3_4_0_1;road_3_4_0_1;road_3_4_0_2;road_3_4_0_2;road_3_4_0_2,GGGrrrGGGGGGrrrrrrGGGrrrGGGGGGrrrrrr
500,intersection_1_1,road_1_2_3_0;road_1_2_3_0;road_1_2_3_0;road_1_2_3_1;road_1_2_3_1;road_1_2_3_1;road_1_2_3_2;road_1_2_3_2;road_1_2_3_2;road_2_1_2_0;road_2_1_2_0;road_2_1_2_0;road_2_1_2_1;road_2_1_2_1;road_2_1_2_1;road_2_1_2_2;road_2_1_2_2;road_2_1_2_2;road_1_0_1_0;road_1_0_1_0;road_1_0_1_0;road_1_0_1_1;road_1_0_1_1;road_1_0_1_1;road_1_0_1_2;road_1_0_1_2;road_1_0_1_2;road_0_1_0_0;road_0_1_0_0;road_0_1_0_0;road_0_1_0_1;road_0_1_0_1;road_0_1_0_1;road_0_1_0_2;road_0_1_0_2;road_0_1_0_2,GGGrrrGGGGGGrrrrrrGGGrrrGGGGGGrrrrrr
500,intersection_1_2,road_1_3_3_0;road_1_3_3_0;road_1_3_3_0;road_1_3_3_1;road_1_3_3_1;road_1_3_3_1;road_1_3_3_2;road_1_3_3_2;road_1_3_3_2;road_2_2_2_0;road_2_2_2_0;road_2_2_2_0;road_2_2_2_1;road_2_2_2_1;road_2_2_2_1;road_2_2_2_2;road_2_2_2_2;road_2_2_2_2;road_1_1_1_0;road_1_1_1_0;road_1_1_1_0;road_1_1_1_1;road_1_1_1_1;road_1_1_1_1;road_1_1_1_2;road_1_1_1_2;road_1_1_1_2;road_0_2_0_0;road_0_2_0_0;road_0_2_0_0;road_0_2_0_1;road_0_2_0_1;road_0_2_0_1;road_0_2_0_2;road_0_2_0_2;road_0_2_0_2,GGGGGGGGGGGGrrrrrrGGGrrrrrrGGGrrrrrr
500,intersection_1_3,road_1_4_3_0;road_1_4_3_0;road_1_4_3_0;road_1_4_3_1;road_1_4_3_1;road_1_4_3_1;road_1_4_3_2;road_1_4_3_2;road_1_4_3_2;road_2_3_2_0;road_2_3_2_0;road_2_3_2_0;road_2_3_2_1;road_2_3_2_1;road_2_3_2_1;road_2_3_2_2;road_2_3_2_2;road_2_3_2_2;road_1_2_1_0;road_1_2_1_0;road_1_2_1_0;road_1_2_1_1;road_1_2_1_1;road_1_2_1_1;road_1_2_1_2;road_1_2_1_2;road_1_2_1_2;road_0_3_0_0;road_0_3_0_0;road_0_3_0_0;road_0_3_0_1;road_0_3_0_1;road_0_3_0_1;road_0_3_0_2;road_0_3_0_2;road_0_3_0_2,GGGrrrrrrGGGGGGrrrGGGrrrrrrGGGGGGrrr
500,intersection_1_4,road_1_5_3_0;road_1_5_3_0;road_1_5_3_0;road_1_5_3_1;road_1_5_3_1;road_1_5_3_1;road_1_5_3_2;road_1_5_3_2;road_1_5_3_2;road_2_4_2_0;road_2_4_2_0;road_2_4_2_0;road_2_4_2_1;road_2_4_2_1;road_2_4_2_1;road_2_4_2_2;road_2_4_2_2;road_2_4_2_2;road_1_3_1_0;road_1_3_1_0;road_1_3_1_0;road_1_3_1_1;road_1_3_1_1;road_1_3_1_1;road_1_3_1_2;road_1_3_1_2;road_1_3_1_2;road_0_4_0_0;road_0_4_0_0;road_0_4_0_0;road_0_4_0_1;road_0_4_0_1;road_0_4_0_1;road_0_4_0_2;road_0_4_0_2;road_0_4_0_2,GGGGGGGGGGGGrrrrrrGGGrrrrrrGGGrrrrrr
500,intersection_2_1,road_2_2_3_0;road_2_2_3_0;road_2_2_3_0;road_2_2_3_1;road_2_2_3_1;road_2_2_3_1;road_2_2_3_2;road_2_2_3_2;road_2_2_3_2;road_3_1_2_0;road_3_1_2_0;road_3_1_2_0;road_3_1_2_1;road_3_1_2_1;road_3_1_2_1;road_3_1_2_2;road_3_1_2_2;road_3_1_2_2;road_2_0_1_0;road_2_0_1_0;road_2_0_1_0;road_2_0_1_1;road_2_0_1_1;road_2_0_1_1;road_2_0_1_2;road_2_0_1_2;road_2_0_1_2;road_1_1_0_0;road_1_1_0_0;road_1_1_0_0;road_1_1_0_1;road_1_1_0_1;road_1_1_0_1;road_1_1_0_2;road_1_1_0_2;road_1_1_0_2,GGGrrrrrrGGGGGGrrrGGGrrrrrrGGGGGGrrr
500,intersection_2_2,road_2_3_3_0;road_2_3_3_0;road_2_3_3_0;road_2_3_3_1;road_2_3_3_1;road_2_3_3_1;road_2_3_3_2;road_2_3_3_2;road_2_3_3_2;road_3_2_2_0;road_3_2_2_0;road_3_2_2_0;road_3_2_2_1;road_3_2_2_1;road_3_2_2_1;road_3_2_2_2;road_3_2_2_2;road_3_2_2_2;road_2_1_1_0;road_2_1_1_0;road_2_1_1_0;road_2_1_1_1;road_2_1_1_1;road_2_1_1_1;road_2_1_1_2;road_2_1_1_2;road_2_1_1_2;road_1_2_0_0;road_1_2_0_0;road_1_2_0_0;road_1_2_0_1;road_1_2_0_1;road_1_2_0_1;road_1_2_0_2;road_1_2_0_2;road_1_2_0_2,GGGrrrrrrGGGGGGrrrGGGrrrrrrGGGGGGrrr
500,intersection_2_3,road_2_4_3_0;road_2_4_3_0;road_2_4_3_0;road_2_4_3_1;road_2_4_3_1;road_2_4_3_1;road_2_4_3_2;road_2_4_3_2;road_2_4_3_2;road_3_3_2_0;road_3_3_2_0;road_3_3_2_0;road_3_3_2_1;road_3_3_2_1;road_3_3_2_1;road_3_3_2_2;road_3_3_2_2;road_3_3_2_2;road_2_2_1_0;road_2_2_1_0;road_2_2_1_0;road_2_2_1_1;road_2_2_1_1;road_2_2_1_1;road_2_2_1_2;road_2_2_1_2;road_2_2_1_2;road_1_3_0_0;road_1_3_0_0;road_1_3_0_0;road_1_3_0_1;road_1_3_0_1;road_1_3_0_1;road_1_3_0_2;road_1_3_0_2;road_1_3_0_2,GGGrrrrrrGGGGGGrrrGGGrrrrrrGGGGGGrrr
500,intersection_2_4,road_2_5_3_0;road_2_5_3_0;road_2_5_3_0;road_2_5_3_1;road_2_5_3_1;road_2_5_3_1;road_2_5_3_2;road_2_5_3_2;road_2_5_3_2;road_3_4_2_0;road_3_4_2_0;road_3_4_2_0;road_3_4_2_1;road_3_4_2_1;road_3_4_2_1;road_3_4_2_2;road_3_4_2_2;road_3_4_2_2;road_2_3_1_0;road_2_3_1_0;road_2_3_1_0;road_2_3_1_1;road_2_3_1_1;road_2_3_1_1;road_2_3_1_2;road_2_3_1_2;road_2_3_1_2;road_1_4_0_0;road_1_4_0_0;road_1_4_0_0;road_1_4_0_1;road_1_4_0_1;road_1_4_0_1;road_1_4_0_2;road_1_4_0_2;road_1_4_0_2,GGGrrrrrrGGGGGGrrrGGGrrrrrrGGGGGGrrr
500,intersection_3_1,road_3_2_3_0;road_3_2_3_0;road_3_2_3_0;road_3_2_3_1;road_3_2_3_1;road_3_2_3_1;road_3_2_3_2;road_3_2_3_2;road_3_2_3_2;road_4_1_2_0;road_4_1_2_0;road_4_1_2_0;road_4_1_2_1;road_4_1_2_1;road_4_1_2_1;road_4_1_2_2;road_4_1_2_2;road_4_1_2_2;road_3_0_1_0;road_3_0_1_0;road_3_0_1_0;road_3_0_1_1;road_3_0_1_1;road_3_0_1_1;road_3_0_1_2;road_3_0_1_2;road_3_0_1_2;road_2_1_0_0;road_2_1_0_0;road_2_1_0_0;road_2_1_0_1;road_2_1_0_1;road_2_1_0_1;road_2_1_0_2;road_2_1_0_2;road_2_1_0_2,GGGrrrrrrGGGGGGrrrGGGrrrrrrGGGGGGrrr
500,intersection_3_2,road_3_3_3_0;road_3_3_3_0;road_3_3_3_0;road_3_3_3_1;road_3_3_3_1;road_3_3_3_1;road_3_3_3_2;road_3_3_3_2;road_3_3_3_2;road_4_2_2_0;road_4_2_2_0;road_4_2_2_0;road_4_2_2_1;road_4_2_2_1;road_4_2_2_1;road_4_2_2_2;road_4_2_2_2;road_4_2_2_2;road_3_1_1_0;road_3_1_1_0;road_3_1_1_0;road_3_1_1_1;road_3_1_1_1;road_3_1_1_1;road_3_1_1_2;road_3_1_1_2;road_3_1_1_2;road_2_2_0_0;road_2_2_0_0;road_2_2_0_0;road_2_2_0_1;road_2_2_0_1;road_2_2_0_1;road_2_2_0_2;road_2_2_0_2;road_2_2_0_2,GGGrrrGGGGGGrrrrrrGGGrrrGGGGGGrrrrrr
500,intersection_3_3,road_3_4_3_0;road_3_4_3_0;road_3_4_3_0;road_3_4_3_1;road_3_4_3_1;road_3_4_3_1;road_3_4_3_2;road_3_4_3_2;road_3_4_3_2;road_4_3_2_0;road_4_3_2_0;road_4_3_2_0;road_4_3_2_1;road_4_3_2_1;road_4_3_2_1;road_4_3_2_2;road_4_3_2_2;road_4_3_2_2;road_3_2_1_0;road_3_2_1_0;road_3_2_1_0;road_3_2_1_1;road_3_2_1_1;road_3_2_1_1;road_3_2_1_2;road_3_2_1_2;road_3_2_1_2;road_2_3_0_0;road_2_3_0_0;road_2_3_0_0;road_2_3_0_1;road_2_3_0_1;road_2_3_0_1;road_2_3_0_2;road_2_3_0_2;road_2_3_0_2,GGGrrrrrrGGGGGGrrrGGGrrrrrrGGGGGGrrr
500,intersection_3_4,road_3_5_3_0;road_3_5_3_0;road_3_5_3_0;road_3_5_3_1;road_3_5_3_1;road_3_5_3_1;road_3_5_3_2;road_3_5_3_2;road_3_5_3_2;road_4_4_2_0;road_4_4_2_0;road_4_4_2_0;road_4_4_2_1;road_4_4_2_1;road_4_4_2_1;road_4_4_2_2;road_4_4_2_2;road_4_4_2_2;road_3_3_1_0;road_3_3_1_0;road_3_3_1_0;road_3_3_1_1;road_3_3_1_1;road_3_3_1_1;road_3_3_1_2;road_3_3_1_2;road_3_3_1_2;road_2_4_0_0;road_2_4_0_0;road_2_4_0_0;road_2_4_0_1;road_2_4_0_1;road_2_4_0_1;road_2_4_0_2;road_2_4_0_2;road_2_4_0_2,GGGrrrrrrGGGGGGrrrGGGrrrrrrGGGGGGrrr
500,intersection_4_1,road_4_2_3_0;road_4_2_3_0;road_4_2_3_0;road_4_2_3_1;road_4_2_3_1;road_4_2_3_1;road_4_2_3_2;road_4_2_3_2;road_4_2_3_2;road_5_1_2_0;road_5_1_2_0;road_5_1_2_0;road_5_1_2_1;road_5_1_2_1;road_5_1_2_1;road_5_1_2_2;road_5_1_2_2;road_5_1_2_2;road_4_0_1_0;road_4_0_1_0;road_4_0_1_0;road_4_0_1_1;road_4_0_1_1;road_4_0_1_1;road_4_0_1_2;road_4_0_1_2;road_4_0_1_2;road_3_1_0_0;road_3_1_0_0;road_3_1_0_0;road_3_1_0_1;road_3_1_0_1;road_3_1_0_1;road_3_1_0_2;road_3_1_0_2;road_3_1_0_2,GGGrrrrrrGGGGGGrrrGGGrrrrrrGGGGGGrrr
500,intersection_4_2,road_4_3_3_0;road_4_3_3_0;road_4_3_3_0;road_4_3_3_1;road_4_3_3_1;road_4_3_3_1;road_4_3_3_2;road_4_3_3_2;road_4_3_3_2;road_5_2_2_0;road_5_2_2_0;road_5_2_2_0;road_5_2_2_1;road_5_2_2_1;road_5_2_2_1;road_5_2_2_2;road_5_2_2_2;road_5_2_2_2;road_4_1_1_0;road_4_1_1_0;road_4_1_1_0;road_4_1_1_1;road_4_1_1_1;road_4_1_1_1;road_4_1_1_2;road_4_1_1_2;road_4_1_1_2;road_3_2_0_0;road_3_2_0_0;road_3_2_0_0;road_3_2_0_1;road_3_2_0_1;road_3_2_0_1;road_3_2_0_2;road_3_2_0_2;road_3_2_0_2,GGGrrrGGGGGGrrrrrrGGGrrrGGGGGGrrrrrr
500,intersection_4_3,road_4_4_3_0;road_4_4_3_0;road_4_4_3_0;road_4_4_3_1;road_4_4_3_1;road_4_4_3_1;road_4_4_3_2;road_4_4_3_2;road_4_4_3_2;road_5_3_2_0;road_5_3_2_0;road_5_3_2_0;road_5_3_2_1;road_5_3_2_1;road_5_3_2_1;road_5_3_2_2;road_5_3_2_2;road_5_3_2_2;road_4_2_1_0;road_4_2_1_0;road_4_2_1_0;road_4_2_1_1;road_4_2_1_1;road_4_2_1_1;road_4_2_1_2;road_4_2_1_2;road_4_2_1_2;road_3_3_0_0;road_3_3_0_0;road_3_3_0_0;road_3_3_0_1;road_3_3_0_1;road_3_3_0_1;road_3_3_0_2;road_3_3_0_2;road_3_3_0_2,GGGrrrGGGGGGrrrrrrGGGrrrGGGGGGrrrrrr
500,intersection_4_4,road_4_5_3_0;road_4_5_3_0;road_4_5_3_0;road_4_5_3_1;road_4_5_3_1;road_4_5_3_1;road_4_5_3_2;road_4_5_3_2;road_4_5_3_2;road_5_4_2_0;road_5_4_2_0;road_5_4_2_0;road_5_4_2_1;road_5_4_2_1;road_5_4_2_1;road_5_4_2_2;road_5_4_2_2;road_5_4_2_2;road_4_3_1_0;road_4_3_1_0;road_4_3_1_0;road_4_3_1_1;road_4_3_1_1;road_4_3_1_1;road_4_3_1_2;road_4_3_1_2;road_4_3_1_2;road_3_4_0_0;road_3_4_0_0;road_3_4_0_0;road_3_4_0_1;road_3_4_0_1;road_3_4_0_1;road_3_4_0_2;road_3_4_0_2;road_3_4_0_2,GGGrrrGGGGGGrrrrrrGGGrrrGGGGGGrrrrrr
510,intersection_1_1,road_1_2_3_0;road_1_2_3_0;road_1_2_3_0;road_1_2_3_1;road_1_2_3_1;road_1_2_3_1;road_1_2_3_2;road_1_2_3_2;road_1_2_3_2;road_2_1_2_0;road_2_1_2_0;road_2_1_2_0;road_2_1_2_1;road_2_1_2_1;road_2_1_2_1;road_2_1_2_2;road_2_1_2_2;road_2_1_2_2;road_1_0_1_0;road_1_0_1_0;road_1_0_1_0;road_1_0_1_1;road_1_0_1_1;road_1_0_1_1;road_1_0_1_2;road_1_0_1_2;road_1_0_1_2;road_0_1_0_0;road_0_1_0_0;road_0_1_0_0;road_0_1_0_1;road_0_1_0_1;road_0_1_0_1;road_0_1_0_2;road_0_1_0_2;road_0_1_0_2,GGGrrrGGGGGGrrrrrrGGGrrrGGGGGGrrrrrr
510,intersection_1_2,road_1_3_3_0;road_1_3_3_0;road_1_3_3_0;road_1_3_3_1;road_1_3_3_1;road_1_3_3_1;road_1_3_3_2;road_1_3_3_2;road_1_3_3_2;road_2_2_2_0;road_2_2_2_0;road_2_2_2_0;road_2_2_2_1;road_2_2_2_1;road_2_2_2_1;road_2_2_2_2;road_2_2_2_2;road_2_2_2_2;road_1_1_1_0;road_1_1_1_0;road_1_1_1_0;road_1_1_1_1;road_1_1_1_1;road_1_1_1_1;road_1_1_1_2;road_1_1_1_2;road_1_1_1_2;road_0_2_0_0;road_0_2_0_0;road_0_2_0_0;road_0_2_0_1;road_0_2_0_1;road_0_2_0_1;road_0_2_0_2;road_0_2_0_2;road_0_2_0_2,GGGGGGGGGGGGrrrrrrGGGrrrrrrGGGrrrrrr
510,intersection_1_3,road_1_4_3_0;road_1_4_3_0;road_1_4_3_0;road_1_4_3_1;road_1_4_3_1;road_1_4_3_1;road_1_4_3_2;road_1_4_3_2;road_1_4_3_2;road_2_3_2_0;road_2_3_2_0;road_2_3_2_0;road_2_3_2_1;road_2_3_2_1;road_2_3_2_1;road_2_3_2_2;road_2_3_2_2;road_2_3_2_2;road_1_2_1_0;road_1_2_1_0;road_1_2_1_0;road_1_2_1_1;road_1_2_1_1;road_1_2_1_1;road_1_2_1_2;road_1_2_1_2;road_1_2_1_2;road_0_3_0_0;road_0_3_0_0;road_0_3_0_0;road_0_3_0_1;road_0_3_0_1;road_0_3_0_1;road_0_3_0_2;road_0_3_0_2;road_0_3_0_2,GGGrrrrrrGGGGGGrrrGGGrrrrrrGGGGGGrrr
510,intersection_1_4,road_1_5_3_0;road_1_5_3_0;road_1_5_3_0;road_1_5_3_1;road_1_5_3_1;road_1_5_3_1;road_1_5_3_2;road_1_5_3_2;road_1_5_3_2;road_2_4_2_0;road_2_4_2_0;road_2_4_2_0;road_2_4_2_1;road_2_4_2_1;road_2_4_2_1;road_2_4_2_2;road_2_4_2_2;road_2_4_2_2;road_1_3_1_0;road_1_3_1_0;road_1_3_1_0;road_1_3_1_1;road_1_3_1_1;road_1_3_1_1;road_1_3_1_2;road_1_3_1_2;road_1_3_1_2;road_0_4_0_0;road_0_4_0_0;road_0_4_0_0;road_0_4_0_1;road_0_4_0_1;road_0_4_0_1;road_0_4_0_2;road_0_4_0_2;road_0_4_0_2,GGGGGGGGGGGGrrrrrrGGGrrrrrrGGGrrrrrr
510,intersection_2_1,road_2_2_3_0;road_2_2_3_0;road_2_2_3_0;road_2_2_3_1;road_2_2_3_1;road_2_2_3_1;road_2_2_3_2;road_2_2_3_2;road_2_2_3_2;road_3_1_2_0;road_3_1_2_0;road_3_1_2_0;road_3_1_2_1;road_3_1_2_1;road_3_1_2_1;road_3_1_2_2;road_3_1_2_2;road_3_1_2_2;road_2_0_1_0;road_2_0_1_0;road_2_0_1_0;road_2_0_1_1;road_2_0_1_1;road_2_0_1_1;road_2_0_1_2;road_2_0_1_2;road_2_0_1_2;road_1_1_0_0;road_1_1_0_0;road_1_1_0_0;road_1_1_0_1;road_1_1_0_1;road_1_1_0_1;road_1_1_0_2;road_1_1_0_2;road_1_1_0_2,GGGrrrrrrGGGGGGrrrGGGrrrrrrGGGGGGrrr
510,intersection_2_2,road_2_3_3_0;road_2_3_3_0;road_2_3_3_0;road_2_3_3_1;road_2_3_3_1;road_2_3_3_1;road_2_3_3_2;road_2_3_3_2;road_2_3_3_2;road_3_2_2_0;road_3_2_2_0;road_3_2_2_0;road_3_2_2_1;road_3_2_2_1;road_3_2_2_1;road_3_2_2_2;road_3_2_2_2;road_3_2_2_2;road_2_1_1_0;road_2_1_1_0;road_2_1_1_0;road_2_1_1_1;road_2_1_1_1;road_2_1_1_1;road_2_1_1_2;road_2_1_1_2;road_2_1_1_2;road_1_2_0_0;road_1_2_0_0;road_1_2_0_0;road_1_2_0_1;road_1_2_0_1;road_1_2_0_1;road_1_2_0_2;road_1_2_0_2;road_1_2_0_2,GGGrrrrrrGGGGGGrrrGGGrrrrrrGGGGGGrrr
510,intersection_2_3,road_2_4_3_0;road_2_4_3_0;road_2_4_3_0;road_2_4_3_1;road_2_4_3_1;road_2_4_3_1;road_2_4_3_2;road_2_4_3_2;road_2_4_3_2;road_3_3_2_0;road_3_3_2_0;road_3_3_2_0;road_3_3_2_1;road_3_3_2_1;road_3_3_2_1;road_3_3_2_2;road_3_3_2_2;road_3_3_2_2;road_2_2_1_0;road_2_2_1_0;road_2_2_1_0;road_2_2_1_1;road_2_2_1_1;road_2_2_1_1;road_2_2_1_2;road_2_2_1_2;road_2_2_1_2;road_1_3_0_0;road_1_3_0_0;road_1_3_0_0;road_1_3_0_1;road_1_3_0_1;road_1_3_0_1;road_1_3_0_2;road_1_3_0_2;road_1_3_0_2,GGGrrrrrrGGGGGGrrrGGGrrrrrrGGGGGGrrr
510,intersection_2_4,road_2_5_3_0;road_2_5_3_0;road_2_5_3_0;road_2_5_3_1;road_2_5_3_1;road_2_5_3_1;road_2_5_3_2;road_2_5_3_2;road_2_5_3_2;road_3_4_2_0;road_3_4_2_0;road_3_4_2_0;road_3_4_2_1;road_3_4_2_1;road_3_4_2_1;road_3_4_2_2;road_3_4_2_2;road_3_4_2_2;road_2_3_1_0;road_2_3_1_0;road_2_3_1_0;road_2_3_1_1;road_2_3_1_1;road_2_3_1_1;road_2_3_1_2;road_2_3_1_2;road_2_3_1_2;road_1_4_0_0;road_1_4_0_0;road_1_4_0_0;road_1_4_0_1;road_1_4_0_1;road_1_4_0_1;road_1_4_0_2;road_1_4_0_2;road_1_4_0_2,GGGrrrrrrGGGGGGrrrGGGrrrrrrGGGGGGrrr
510,intersection_3_1,road_3_2_3_0;road_3_2_3_0;road_3_2_3_0;road_3_2_3_1;road_3_2_3_1;road_3_2_3_1;road_3_2_3_2;road_3_2_3_2;road_3_2_3_2;road_4_1_2_0;road_4_1_2_0;road_4_1_2_0;road_4_1_2_1;road_4_1_2_1;road_4_1_2_1;road_4_1_2_2;road_4_1_2_2;road_4_1_2_2;road_3_0_1_0;road_3_0_1_0;road_3_0_1_0;road_3_0_1_1;road_3_0_1_1;road_3_0_1_1;road_3_0_1_2;road_3_0_1_2;road_3_0_1_2;road_2_1_0_0;road_2_1_0_0;road_2_1_0_0;road_2_1_0_1;road_2_1_0_1;road_2_1_0_1;road_2_1_0_2;road_2_1_0_2;road_2_1_0_2,GGGrrrrrrGGGGGGrrrGGGrrrrrrGGGGGGrrr
510,intersection_3_2,road_3_3_3_0;road_3_3_3_0;road_3_3_3_0;road_3_3_3_1;road_3_3_3_1;road_3_3_3_1;road_3_3_3_2;road_3_3_3_2;road_3_3_3_2;road_4_2_2_0;road_4_2_2_0;road_4_2_2_0;road_4_2_2_1;road_4_2_2_1;road_4_2_2_1;road_4_2_2_2;road_4_2_2_2;road_4_2_2_2;road_3_1_1_0;road_3_1_1_0;road_3_1_1_0;road_3_1_1_1;road_3_1_1_1;road_3_1_1_1;road_3_1_1_2;road_3_1_1_2;road_3_1_1_2;road_2_2_0_0;road_2_2_0_0;road_2_2_0_0;road_2_2_0_1;road_2_2_0_1;road_2_2_0_1;road_2_2_0_2;road_2_2_0_2;road_2_2_0_2,GGGrrrGGGGGGrrrrrrGGGrrrGGGGGGrrrrrr
510,intersection_3_3,road_3_4_3_0;road_3_4_3_0;road_3_4_3_0;road_3_4_3_1;road_3_4_3_1;road_3_4_3_1;road_3_4_3_2;road_3_4_3_2;road_3_4_3_2;road_4_3_2_0;road_4_3_2_0;road_4_3_2_0;road_4_3_2_1;road_4_3_2_1;road_4_3_2_1;road_4_3_2_2;road_4_3_2_2;road_4_3_2_2;road_3_2_1_0;road_3_2_1_0;road_3_2_1_0;road_3_2_1_1;road_3_2_1_1;road_3_2_1_1;road_3_2_1_2;road_3_2_1_2;road_3_2_1_2;road_2_3_0_0;road_2_3_0_0;road_2_3_0_0;road_2_3_0_1;road_2_3_0_1;road_2_3_0_1;road_2_3_0_2;road_2_3_0_2;road_2_3_0_2,GGGrrrrrrGGGGGGrrrGGGrrrrrrGGGGGGrrr
510,intersection_3_4,road_3_5_3_0;road_3_5_3_0;road_3_5_3_0;road_3_5_3_1;road_3_5_3_1;road_3_5_3_1;road_3_5_3_2;road_3_5_3_2;road_3_5_3_2;road_4_4_2_0;road_4_4_2_0;road_4_4_2_0;road_4_4_2_1;road_4_4_2_1;road_4_4_2_1;road_4_4_2_2;road_4_4_2_2;road_4_4_2_2;road_3_3_1_0;road_3_3_1_0;road_3_3_1_0;road_3_3_1_1;road_3_3_1_1;road_3_3_1_1;road_3_3_1_2;road_3_3_1_2;road_3_3_1_2;road_2_4_0_0;road_2_4_0_0;road_2_4_0_0;road_2_4_0_1;road_2_4_0_1;road_2_4_0_1;road_2_4_0_2;road_2_4_0_2;road_2_4_0_2,GGGrrrrrrGGGGGGrrrGGGrrrrrrGGGGGGrrr
510,intersection_4_1,road_4_2_3_0;road_4_2_3_0;road_4_2_3_0;road_4_2_3_1;road_4_2_3_1;road_4_2_3_1;road_4_2_3_2;road_4_2_3_2;road_4_2_3_2;road_5_1_2_0;road_5_1_2_0;road_5_1_2_0;road_5_1_2_1;road_5_1_2_1;road_5_1_2_1;road_5_1_2_2;road_5_1_2_2;road_5_1_2_2;road_4_0_1_0;road_4_0_1_0;road_4_0_1_0;road_4_0_1_1;road_4_0_1_1;road_4_0_1_1;road_4_0_1_2;road_4_0_1_2;road_4_0_1_2;road_3_1_0_0;road_3_1_0_0;road_3_1_0_0;road_3_1_0_1;road_3_1_0_1;road_3_1_0_1;road_3_1_0_2;road_3_1_0_2;road_3_1_0_2,GGGrrrrrrGGGGGGrrrGGGrrrrrrGGGGGGrrr
510,intersection_4_2,road_4_3_3_0;road_4_3_3_0;road_4_3_3_0;road_4_3_3_1;road_4_3_3_1;road_4_3_3_1;road_4_3_3_2;road_4_3_3_2;road_4_3_3_2;road_5_2_2_0;road_5_2_2_0;road_5_2_2_0;road_5_2_2_1;road_5_2_2_1;road_5_2_2_1;road_5_2_2_2;road_5_2_2_2;road_5_2_2_2;road_4_1_1_0;road_4_1_1_0;road_4_1_1_0;road_4_1_1_1;road_4_1_1_1;road_4_1_1_1;road_4_1_1_2;road_4_1_1_2;road_4_1_1_2;road_3_2_0_0;road_3_2_0_0;road_3_2_0_0;road_3_2_0_1;road_3_2_0_1;road_3_2_0_1;road_3_2_0_2;road_3_2_0_2;road_3_2_0_2,GGGrrrGGGGGGrrrrrrGGGrrrGGGGGGrrrrrr
510,intersection_4_3,road_4_4_3_0;road_4_4_3_0;road_4_4_3_0;road_4_4_3_1;road_4_4_3_1;road_4_4_3_1;road_4_4_3_2;road_4_4_3_2;road_4_4_3_2;road_5_3_2_0;road_5_3_2_0;road_5_3_2_0;road_5_3_2_1;road_5_3_2_1;road_5_3_2_1;road_5_3_2_2;road_5_3_2_2;road_5_3_2_2;road_4_2_1_0;road_4_2_1_0;road_4_2_1_0;road_4_2_1_1;road_4_2_1_1;road_4_2_1_1;road_4_2_1_2;road_4_2_1_2;road_4_2_1_2;road_3_3_0_0;road_3_3_0_0;road_3_3_0_0;road_3_3_0_1;road_3_3_0_1;road_3_3_0_1;road_3_3_0_2;road_3_3_0_2;road_3_3_0_2,GGGrrrGGGGGGrrrrrrGGGrrrGGGGGGrrrrrr
510,intersection_4_4,road_4_5_3_0;road_4_5_3_0;road_4_5_3_0;road_4_5_3_1;road_4_5_3_1;road_4_5_3_1;road_4_5_3_2;road_4_5_3_2;road_4_5_3_2;road_5_4_2_0;road_5_4_2_0;road_5_4_2_0;road_5_4_2_1;road_5_4_2_1;road_5_4_2_1;road_5_4_2_2;road_5_4_2_2;road_5_4_2_2;road_4_3_1_0;road_4_3_1_0;road_4_3_1_0;road_4_3_1_1;road_4_3_1_1;road_4_3_1_1;road_4_3_1_2;road_4_3_1_2;road_4_3_1_2;road_3_4_0_0;road_3_4_0_0;road_3_4_0_0;road_3_4_0_1;road_3_4_0_1;road_3_4_0_1;road_3_4_0_2;road_3_4_0_2;road_3_4_0_2,GGGrrrGGGGGGrrrrrrGGGrrrGGGGGGrrrrrr
520,intersection_1_1,road_1_2_3_0;road_1_2_3_0;road_1_2_3_0;road_1_2_3_1;road_1_2_3_1;road_1_2_3_1;road_1_2_3_2;road_1_2_3_2;road_1_2_3_2;road_2_1_2_0;road_2_1_2_0;road_2_1_2_0;road_2_1_2_1;road_2_1_2_1;road_2_1_2_1;road_2_1_2_2;road_2_1_2_2;road_2_1_2_2;road_1_0_1_0;road_1_0_1_0;road_1_0_1_0;road_1_0_1_1;road_1_0_1_1;road_1_0_1_1;road_1_0_1_2;road_1_0_1_2;road_1_0_1_2;road_0_1_0_0;road_0_1_0_0;road_0_1_0_0;road_0_1_0_1;road_0_1_0_1;road_0_1_0_1;road_0_1_0_2;road_0_1_0_2;road_0_1_0_2,GGGrrrGGGGGGrrrrrrGGGrrrGGGGGGrrrrrr
520,intersection_1_2,road_1_3_3_0;road_1_3_3_0;road_1_3_3_0;road_1_3_3_1;road_1_3_3_1;road_1_3_3_1;road_1_3_3_2;road_1_3_3_2;road_1_3_3_2;road_2_2_2_0;road_2_2_2_0;road_2_2_2_0;road_2_2_2_1;road_2_2_2_1;road_2_2_2_1;road_2_2_2_2;road_2_2_2_2;road_2_2_2_2;road_1_1_1_0;road_1_1_1_0;road_1_1_1_0;road_1_1_1_1;road_1_1_1_1;road_1_1_1_1;road_1_1_1_2;road_1_1_1_2;road_1_1_1_2;road_0_2_0_0;road_0_2_0_0;road_0_2_0_0;road_0_2_0_1;road_0_2_0_1;road_0_2_0_1;road_0_2_0_2;road_0_2_0_2;road_0_2_0_2,GGGGGGGGGGGGrrrrrrGGGrrrrrrGGGrrrrrr
520,intersection_1_3,road_1_4_3_0;road_1_4_3_0;road_1_4_3_0;road_1_4_3_1;road_1_4_3_1;road_1_4_3_1;road_1_4_3_2;road_1_4_3_2;road_1_4_3_2;road_2_3_2_0;road_2_3_2_0;road_2_3_2_0;road_2_3_2_1;road_2_3_2_1;road_2_3_2_1;road_2_3_2_2;road_2_3_2_2;road_2_3_2_2;road_1_2_1_0;road_1_2_1_0;road_1_2_1_0;road_1_2_1_1;road_1_2_1_1;road_1_2_1_1;road_1_2_1_2;road_1_2_1_2;road_1_2_1_2;road_0_3_0_0;road_0_3_0_0;road_0_3_0_0;road_0_3_0_1;road_0_3_0_1;road_0_3_0_1;road_0_3_0_2;road_0_3_0_2;road_0_3_0_2,GGGrrrrrrGGGGGGrrrGGGrrrrrrGGGGGGrrr
520,intersection_1_4,road_1_5_3_0;road_1_5_3_0;road_1_5_3_0;road_1_5_3_1;road_1_5_3_1;road_1_5_3_1;road_1_5_3_2;road_1_5_3_2;road_1_5_3_2;road_2_4_2_0;road_2_4_2_0;road_2_4_2_0;road_2_4_2_1;road_2_4_2_1;road_2_4_2_1;road_2_4_2_2;road_2_4_2_2;road_2_4_2_2;road_1_3_1_0;road_1_3_1_0;road_1_3_1_0;road_1_3_1_1;road_1_3_1_1;road_1_3_1_1;road_1_3_1_2;road_1_3_1_2;road_1_3_1_2;road_0_4_0_0;road_0_4_0_0;road_0_4_0_0;road_0_4_0_1;road_0_4_0_1;road_0_4_0_1;road_0_4_0_2;road_0_4_0_2;road_0_4_0_2,GGGGGGGGGGGGrrrrrrGGGrrrrrrGGGrrrrrr
520,intersection_2_1,road_2_2_3_0;road_2_2_3_0;road_2_2_3_0;road_2_2_3_1;road_2_2_3_1;road_2_2_3_1;road_2_2_3_2;road_2_2_3_2;road_2_2_3_2;road_3_1_2_0;road_3_1_2_0;road_3_1_2_0;road_3_1_2_1;road_3_1_2_1;road_3_1_2_1;road_3_1_2_2;road_3_1_2_2;road_3_1_2_2;road_2_0_1_0;road_2_0_1_0;road_2_0_1_0;road_2_0_1_1;road_2_0_1_1;road_2_0_1_1;road_2_0_1_2;road_2_0_1_2;road_2_0_1_2;road_1_1_0_0;road_1_1_0_0;road_1_1_0_0;road_1_1_0_1;road_1_1_0_1;road_1_1_0_1;road_1_1_0_2;road_1_1_0_2;road_1_1_0_2,GGGrrrrrrGGGGGGrrrGGGrrrrrrGGGGGGrrr
520,intersection_2_2,road_2_3_3_0;road_2_3_3_0;road_2_3_3_0;road_2_3_3_1;road_2_3_3_1;road_2_3_3_1;road_2_3_3_2;road_2_3_3_2;road_2_3_3_2;road_3_2_2_0;road_3_2_2_0;road_3_2_2_0;road_3_2_2_1;road_3_2_2_1;road_3_2_2_1;road_3_2_2_2;road_3_2_2_2;road_3_2_2_2;road_2_1_1_0;road_2_1_1_0;road_2_1_1_0;road_2_1_1_1;road_2_1_1_1;road_2_1_1_1;road_2_1_1_2;road_2_1_1_2;road_2_1_1_2;road_1_2_0_0;road_1_2_0_0;road_1_2_0_0;road_1_2_0_1;road_1_2_0_1;road_1_2_0_1;road_1_2_0_2;road_1_2_0_2;road_1_2_0_2,GGGrrrrrrGGGGGGrrrGGGrrrrrrGGGGGGrrr
520,intersection_2_3,road_2_4_3_0;road_2_4_3_0;road_2_4_3_0;road_2_4_3_1;road_2_4_3_1;road_2_4_3_1;road_2_4_3_2;road_2_4_3_2;road_2_4_3_2;road_3_3_2_0;road_3_3_2_0;road_3_3_2_0;road_3_3_2_1;road_3_3_2_1;road_3_3_2_1;road_3_3_2_2;road_3_3_2_2;road_3_3_2_2;road_2_2_1_0;road_2_2_1_0;road_2_2_1_0;road_2_2_1_1;road_2_2_1_1;road_2_2_1_1;road_2_2_1_2;road_2_2_1_2;road_2_2_1_2;road_1_3_0_0;road_1_3_0_0;road_1_3_0_0;road_1_3_0_1;road_1_3_0_1;road_1_3_0_1;road_1_3_0_2;road_1_3_0_2;road_1_3_0_2,GGGrrrrrrGGGGGGrrrGGGrrrrrrGGGGGGrrr
520,intersection_2_4,road_2_5_3_0;road_2_5_3_0;road_2_5_3_0;road_2_5_3_1;road_2_5_3_1;road_2_5_3_1;road_2_5_3_2;road_2_5_3_2;road_2_5_3_2;road_3_4_2_0;road_3_4_2_0;road_3_4_2_0;road_3_4_2_1;road_3_4_2_1;road_3_4_2_1;road_3_4_2_2;road_3_4_2_2;road_3_4_2_2;road_2_3_1_0;road_2_3_1_0;road_2_3_1_0;road_2_3_1_1;road_2_3_1_1;road_2_3_1_1;road_2_3_1_2;road_2_3_1_2;road_2_3_1_2;road_1_4_0_0;road_1_4_0_0;road_1_4_0_0;road_1_4_0_1;road_1_4_0_1;road_1_4_0_1;road_1_4_0_2;road_1_4_0_2;road_1_4_0_2,GGGrrrrrrGGGGGGrrrGGGrrrrrrGGGGGGrrr
520,intersection_3_1,road_3_2_3_0;road_3_2_3_0;road_3_2_3_0;road_3_2_3_1;road_3_2_3_1;road_3_2_3_1;road_3_2_3_2;road_3_2_3_2;road_3_2_3_2;road_4_1_2_0;road_4_1_2_0;road_4_1_2_0;road_4_1_2_1;road_4_1_2_1;road_4_1_2_1;road_4_1_2_2;road_4_1_2_2;road_4_1_2_2;road_3_0_1_0;road_3_0_1_0;road_3_0_1_0;road_3_0_1_1;road_3_0_1_1;road_3_0_1_1;road_3_0_1_2;road_3_0_1_2;road_3_0_1_2;road_2_1_0_0;road_2_1_0_0;road_2_1_0_0;road_2_1_0_1;road_2_1_0_1;road_2_1_0_1;road_2_1_0_2;road_2_1_0_2;road_2_1_0_2,GGGrrrrrrGGGGGGrrrGGGrrrrrrGGGGGGrrr
520,intersection_3_2,road_3_3_3_0;road_3_3_3_0;road_3_3_3_0;road_3_3_3_1;road_3_3_3_1;road_3_3_3_1;road_3_3_3_2;road_3_3_3_2;road_3_3_3_2;road_4_2_2_0;road_4_2_2_0;road_4_2_2_0;road_4_2_2_1;road_4_2_2_1;road_4_2_2_1;road_4_2_2_2;road_4_2_2_2;road_4_2_2_2;road_3_1_1_0;road_3_1_1_0;road_3_1_1_0;road_3_1_1_1;road_3_1_1_1;road_3_1_1_1;road_3_1_1_2;road_3_1_1_2;road_3_1_1_2;road_2_2_0_0;road_2_2_0_0;road_2_2_0_0;road_2_2_0_1;road_2_2_0_1;road_2_2_0_1;road_2_2_0_2;road_2_2_0_2;road_2_2_0_2,GGGrrrGGGGGGrrrrrrGGGrrrGGGGGGrrrrrr
520,intersection_3_3,road_3_4_3_0;road_3_4_3_0;road_3_4_3_0;road_3_4_3_1;road_3_4_3_1;road_3_4_3_1;road_3_4_3_2;road_3_4_3_2;road_3_4_3_2;road_4_3_2_0;road_4_3_2_0;road_4_3_2_0;road_4_3_2_1;road_4_3_2_1;road_4_3_2_1;road_4_3_2_2;road_4_3_2_2;road_4_3_2_2;road_3_2_1_0;road_3_2_1_0;road_3_2_1_0;road_3_2_1_1;road_3_2_1_1;road_3_2_1_1;road_3_2_1_2;road_3_2_1_2;road_3_2_1_2;road_2_3_0_0;road_2_3_0_0;road_2_3_0_0;road_2_3_0_1;road_2_3_0_1;road_2_3_0_1;road_2_3_0_2;road_2_3_0_2;road_2_3_0_2,GGGrrrrrrGGGGGGrrrGGGrrrrrrGGGGGGrrr
520,intersection_3_4,road_3_5_3_0;road_3_5_3_0;road_3_5_3_0;road_3_5_3_1;road_3_5_3_1;road_3_5_3_1;road_3_5_3_2;road_3_5_3_2;road_3_5_3_2;road_4_4_2_0;road_4_4_2_0;road_4_4_2_0;road_4_4_2_1;road_4_4_2_1;road_4_4_2_1;road_4_4_2_2;road_4_4_2_2;road_4_4_2_2;road_3_3_1_0;road_3_3_1_0;road_3_3_1_0;road_3_3_1_1;road_3_3_1_1;road_3_3_1_1;road_3_3_1_2;road_3_3_1_2;road_3_3_1_2;road_2_4_0_0;road_2_4_0_0;road_2_4_0_0;road_2_4_0_1;road_2_4_0_1;road_2_4_0_1;road_2_4_0_2;road_2_4_0_2;road_2_4_0_2,GGGrrrrrrGGGGGGrrrGGGrrrrrrGGGGGGrrr
520,intersection_4_1,road_4_2_3_0;road_4_2_3_0;road_4_2_3_0;road_4_2_3_1;road_4_2_3_1;road_4_2_3_1;road_4_2_3_2;road_4_2_3_2;road_4_2_3_2;road_5_1_2_0;road_5_1_2_0;road_5_1_2_0;road_5_1_2_1;road_5_1_2_1;road_5_1_2_1;road_5_1_2_2;road_5_1_2_2;road_5_1_2_2;road_4_0_1_0;road_4_0_1_0;road_4_0_1_0;road_4_0_1_1;road_4_0_1_1;road_4_0_1_1;road_4_0_1_2;road_4_0_1_2;road_4_0_1_2;road_3_1_0_0;road_3_1_0_0;road_3_1_0_0;road_3_1_0_1;road_3_1_0_1;road_3_1_0_1;road_3_1_0_2;road_3_1_0_2;road_3_1_0_2,GGGrrrrrrGGGGGGrrrGGGrrrrrrGGGGGGrrr
520,intersection_4_2,road_4_3_3_0;road_4_3_3_0;road_4_3_3_0;road_4_3_3_1;road_4_3_3_1;road_4_3_3_1;road_4_3_3_2;road_4_3_3_2;road_4_3_3_2;road_5_2_2_0;road_5_2_2_0;road_5_2_2_0;road_5_2_2_1;road_5_2_2_1;road_5_2_2_1;road_5_2_2_2;road_5_2_2_2;road_5_2_2_2;road_4_1_1_0;road_4_1_1_0;road_4_1_1_0;road_4_1_1_1;road_4_1_1_1;road_4_1_1_1;road_4_1_1_2;road_4_1_1_2;road_4_1_1_2;road_3_2_0_0;road_3_2_0_0;road_3_2_0_0;road_3_2_0_1;road_3_2_0_1;road_3_2_0_1;road_3_2_0_2;road_3_2_0_2;road_3_2_0_2,GGGrrrGGGGGGrrrrrrGGGrrrGGGGGGrrrrrr
520,intersection_4_3,road_4_4_3_0;road_4_4_3_0;road_4_4_3_0;road_4_4_3_1;road_4_4_3_1;road_4_4_3_1;road_4_4_3_2;road_4_4_3_2;road_4_4_3_2;road_5_3_2_0;road_5_3_2_0;road_5_3_2_0;road_5_3_2_1;road_5_3_2_1;road_5_3_2_1;road_5_3_2_2;road_5_3_2_2;road_5_3_2_2;road_4_2_1_0;road_4_2_1_0;road_4_2_1_0;road_4_2_1_1;road_4_2_1_1;road_4_2_1_1;road_4_2_1_2;road_4_2_1_2;road_4_2_1_2;road_3_3_0_0;road_3_3_0_0;road_3_3_0_0;road_3_3_0_1;road_3_3_0_1;road_3_3_0_1;road_3_3_0_2;road_3_3_0_2;road_3_3_0_2,GGGrrrGGGGGGrrrrrrGGGrrrGGGGGGrrrrrr
520,intersection_4_4,road_4_5_3_0;road_4_5_3_0;road_4_5_3_0;road_4_5_3_1;road_4_5_3_1;road_4_5_3_1;road_4_5_3_2;road_4_5_3_2;road_4_5_3_2;road_5_4_2_0;road_5_4_2_0;road_5_4_2_0;road_5_4_2_1;road_5_4_2_1;road_5_4_2_1;road_5_4_2_2;road_5_4_2_2;road_5_4_2_2;road_4_3_1_0;road_4_3_1_0;road_4_3_1_0;road_4_3_1_1;road_4_3_1_1;road_4_3_1_1;road_4_3_1_2;road_4_3_1_2;road_4_3_1_2;road_3_4_0_0;road_3_4_0_0;road_3_4_0_0;road_3_4_0_1;road_3_4_0_1;road_3_4_0_1;road_3_4_0_2;road_3_4_0_2;road_3_4_0_2,GGGrrrGGGGGGrrrrrrGGGrrrGGGGGGrrrrrr
530,intersection_1_1,road_1_2_3_0;road_1_2_3_0;road_1_2_3_0;road_1_2_3_1;road_1_2_3_1;road_1_2_3_1;road_1_2_3_2;road_1_2_3_2;road_1_2_3_2;road_2_1_2_0;road_2_1_2_0;road_2_1_2_0;road_2_1_2_1;road_2_1_2_1;road_2_1_2_1;road_2_1_2_2;road_2_1_2_2;road_2_1_2_2;road_1_0_1_0;road_1_0_1_0;road_1_0_1_0;road_1_0_1_1;road_1_0_1_1;road_1_0_1_1;road_1_0_1_2;road_1_0_1_2;road_1_0_1_2;road_0_1_0_0;road_0_1_0_0;road_0_1_0_0;road_0_1_0_1;road_0_1_0_1;road_0_1_0_1;road_0_1_0_2;road_0_1_0_2;road_0_1_0_2,GGGrrrrrrGGGGGGGGGGGGrrrrrrGGGrrrrrr
530,intersection_1_2,road_1_3_3_0;road_1_3_3_0;road_1_3_3_0;road_1_3_3_1;road_1_3_3_1;road_1_3_3_1;road_1_3_3_2;road_1_3_3_2;road_1_3_3_2;road_2_2_2_0;road_2_2_2_0;road_2_2_2_0;road_2_2_2_1;road_2_2_2_1;road_2_2_2_1;road_2_2_2_2;road_2_2_2_2;road_2_2_2_2;road_1_1_1_0;road_1_1_1_0;road_1_1_1_0;road_1_1_1_1;road_1_1_1_1;road_1_1_1_1;road_1_1_1_2;road_1_1_1_2;road_1_1_1_2;road_0_2_0_0;road_0_2_0_0;road_0_2_0_0;road_0_2_0_1;road_0_2_0_1;road_0_2_0_1;road_0_2_0_2;road_0_2_0_2;road_0_2_0_2,GGGGGGGGGGGGrrrrrrGGGrrrrrrGGGrrrrrr
530,intersection_1_3,road_1_4_3_0;road_1_4_3_0;road_1_4_3_0;road_1_4_3_1;road_1_4_3_1;road_1_4_3_1;road_1_4_3_2;road_1_4_3_2;road_1_4_3_2;road_2_3_2_0;road_2_3_2_0;road_2_3_2_0;road_2_3_2_1;road_2_3_2_1;road_2_3_2_1;road_2_3_2_2;road_2_3_2_2;road_2_3_2_2;road_1_2_1_0;road_1_2_1_0;road_1_2_1_0;road_1_2_1_1;road_1_2_1_1;road_1_2_1_1;road_1_2_1_2;road_1_2_1_2;road_1_2_1_2;road_0_3_0_0;road_0_3_0_0;road_0_3_0_0;road_0_3_0_1;road_0_3_0_1;road_0_3_0_1;road_0_3_0_2;road_0_3_0_2;road_0_3_0_2,GGGrrrrrrGGGGGGrrrGGGrrrrrrGGGGGGrrr
530,intersection_1_4,road_1_5_3_0;road_1_5_3_0;road_1_5_3_0;road_1_5_3_1;road_1_5_3_1;road_1_5_3_1;road_1_5_3_2;road_1_5_3_2;road_1_5_3_2;road_2_4_2_0;road_2_4_2_0;road_2_4_2_0;road_2_4_2_1;road_2_4_2_1;road_2_4_2_1;road_2_4_2_2;road_2_4_2_2;road_2_4_2_2;road_1_3_1_0;road_1_3_1_0;road_1_3_1_0;road_1_3_1_1;road_1_3_1_1;road_1_3_1_1;road_1_3_1_2;road_1_3_1_2;road_1_3_1_2;road_0_4_0_0;road_0_4_0_0;road_0_4_0_0;road_0_4_0_1;road_0_4_0_1;road_0_4_0_1;road_0_4_0_2;road_0_4_0_2;road_0_4_0_2,GGGGGGGGGGGGrrrrrrGGGrrrrrrGGGrrrrrr
530,intersection_2_1,road_2_2_3_0;road_2_2_3_0;road_2_2_3_0;road_2_2_3_1;road_2_2_3_1;road_2_2_3_1;road_2_2_3_2;road_2_2_3_2;road_2_2_3_2;road_3_1_2_0;road_3_1_2_0;road_3_1_2_0;road_3_1_2_1;road_3_1_2_1;road_3_1_2_1;road_3_1_2_2;road_3_1_2_2;road_3_1_2_2;road_2_0_1_0;road_2_0_1_0;road_2_0_1_0;road_2_0_1_1;road_2_0_1_1;road_2_0_1_1;road_2_0_1_2;road_2_0_1_2;road_2_0_1_2;road_1_1_0_0;road_1_1_0_0;road_1_1_0_0;road_1_1_0_1;road_1_1_0_1;road_1_1_0_1;road_1_1_0_2;road_1_1_0_2;road_1_1_0_2,GGGrrrrrrGGGGGGrrrGGGrrrrrrGGGGGGrrr
530,intersection_2_2,road_2_3_3_0;road_2_3_3_0;road_2_3_3_0;road_2_3_3_1;road_2_3_3_1;road_2_3_3_1;road_2_3_3_2;road_2_3_3_2;road_2_3_3_2;road_3_2_2_0;road_3_2_2_0;road_3_2_2_0;road_3_2_2_1;road_3_2_2_1;road_3_2_2_1;road_3_2_2_2;road_3_2_2_2;road_3_2_2_2;road_2_1_1_0;road_2_1_1_0;road_2_1_1_0;road_2_1_1_1;road_2_1_1_1;road_2_1_1_1;road_2_1_1_2;road_2_1_1_2;road_2_1_1_2;road_1_2_0_0;road_1_2_0_0;road_1_2_0_0;road_1_2_0_1;road_1_2_0_1;road_1_2_0_1;road_1_2_0_2;road_1_2_0_2;road_1_2_0_2,GGGrrrrrrGGGGGGrrrGGGrrrrrrGGGGGGrrr
530,intersection_2_3,road_2_4_3_0;road_2_4_3_0;road_2_4_3_0;road_2_4_3_1;road_2_4_3_1;road_2_4_3_1;road_2_4_3_2;road_2_4_3_2;road_2_4_3_2;road_3_3_2_0;road_3_3_2_0;road_3_3_2_0;road_3_3_2_1;road_3_3_2_1;road_3_3_2_1;road_3_3_2_2;road_3_3_2_2;road_3_3_2_2;road_2_2_1_0;road_2_2_1_0;road_2_2_1_0;road_2_2_1_1;road_2_2_1_1;road_2_2_1_1;road_2_2_1_2;road_2_2_1_2;road_2_2_1_2;road_1_3_0_0;road_1_3_0_0;road_1_3_0_0;road_1_3_0_1;road_1_3_0_1;road_1_3_0_1;road_1_3_0_2;road_1_3_0_2;road_1_3_0_2,GGGrrrrrrGGGGGGrrrGGGrrrrrrGGGGGGrrr
530,intersection_2_4,road_2_5_3_0;road_2_5_3_0;road_2_5_3_0;road_2_5_3_1;road_2_5_3_1;road_2_5_3_1;road_2_5_3_2;road_2_5_3_2;road_2_5_3_2;road_3_4_2_0;road_3_4_2_0;road_3_4_2_0;road_3_4_2_1;road_3_4_2_1;road_3_4_2_1;road_3_4_2_2;road_3_4_2_2;road_3_4_2_2;road_2_3_1_0;road_2_3_1_0;road_2_3_1_0;road_2_3_1_1;road_2_3_1_1;road_2_3_1_1;road_2_3_1_2;road_2_3_1_2;road_2_3_1_2;road_1_4_0_0;road_1_4_0_0;road_1_4_0_0;road_1_4_0_1;road_1_4_0_1;road_1_4_0_1;road_1_4_0_2;road_1_4_0_2;road_1_4_0_2,GGGrrrrrrGGGGGGrrrGGGrrrrrrGGGGGGrrr
530,intersection_3_1,road_3_2_3_0;road_3_2_3_0;road_3_2_3_0;road_3_2_3_1;road_3_2_3_1;road_3_2_3_1;road_3_2_3_2;road_3_2_3_2;road_3_2_3_2;road_4_1_2_0;road_4_1_2_0;road_4_1_2_0;road_4_1_2_1;road_4_1_2_1;road_4_1_2_1;road_4_1_2_2;road_4_1_2_2;road_4_1_2_2;road_3_0_1_0;road_3_0_1_0;road_3_0_1_0;road_3_0_1_1;road_3_0_1_1;road_3_0_1_1;road_3_0_1_2;road_3_0_1_2;road_3_0_1_2;road_2_1_0_0;road_2_1_0_0;road_2_1_0_0;road_2_1_0_1;road_2_1_0_1;road_2_1_0_1;road_2_1_0_2;road_2_1_0_2;road_2_1_0_2,GGGrrrrrrGGGGGGrrrGGGrrrrrrGGGGGGrrr
530,intersection_3_2,road_3_3_3_0;road_3_3_3_0;road_3_3_3_0;road_3_3_3_1;road_3_3_3_1;road_3_3_3_1;road_3_3_3_2;road_3_3_3_2;road_3_3_3_2;road_4_2_2_0;road_4_2_2_0;road_4_2_2_0;road_4_2_2_1;road_4_2_2_1;road_4_2_2_1;road_4_2_2_2;road_4_2_2_2;road_4_2_2_2;road_3_1_1_0;road_3_1_1_0;road_3_1_1_0;road_3_1_1_1;road_3_1_1_1;road_3_1_1_1;road_3_1_1_2;road_3_1_1_2;road_3_1_1_2;road_2_2_0_0;road_2_2_0_0;road_2_2_0_0;road_2_2_0_1;road_2_2_0_1;road_2_2_0_1;road_2_2_0_2;road_2_2_0_2;road_2_2_0_2,GGGrrrGGGGGGrrrrrrGGGrrrGGGGGGrrrrrr
530,intersection_3_3,road_3_4_3_0;road_3_4_3_0;road_3_4_3_0;road_3_4_3_1;road_3_4_3_1;road_3_4_3_1;road_3_4_3_2;road_3_4_3_2;road_3_4_3_2;road_4_3_2_0;road_4_3_2_0;road_4_3_2_0;road_4_3_2_1;road_4_3_2_1;road_4_3_2_1;road_4_3_2_2;road_4_3_2_2;road_4_3_2_2;road_3_2_1_0;road_3_2_1_0;road_3_2_1_0;road_3_2_1_1;road_3_2_1_1;road_3_2_1_1;road_3_2_1_2;road_3_2_1_2;road_3_2_1_2;road_2_3_0_0;road_2_3_0_0;road_2_3_0_0;road_2_3_0_1;road_2_3_0_1;road_2_3_0_1;road_2_3_0_2;road_2_3_0_2;road_2_3_0_2,GGGrrrrrrGGGGGGrrrGGGrrrrrrGGGGGGrrr
530,intersection_3_4,road_3_5_3_0;road_3_5_3_0;road_3_5_3_0;road_3_5_3_1;road_3_5_3_1;road_3_5_3_1;road_3_5_3_2;road_3_5_3_2;road_3_5_3_2;road_4_4_2_0;road_4_4_2_0;road_4_4_2_0;road_4_4_2_1;road_4_4_2_1;road_4_4_2_1;road_4_4_2_2;road_4_4_2_2;road_4_4_2_2;road_3_3_1_0;road_3_3_1_0;road_3_3_1_0;road_3_3_1_1;road_3_3_1_1;road_3_3_1_1;road_3_3_1_2;road_3_3_1_2;road_3_3_1_2;road_2_4_0_0;road_2_4_0_0;road_2_4_0_0;road_2_4_0_1;road_2_4_0_1;road_2_4_0_1;road_2_4_0_2;road_2_4_0_2;road_2_4_0_2,GGGrrrrrrGGGGGGrrrGGGrrrrrrGGGGGGrrr
530,intersection_4_1,road_4_2_3_0;road_4_2_3_0;road_4_2_3_0;road_4_2_3_1;road_4_2_3_1;road_4_2_3_1;road_4_2_3_2;road_4_2_3_2;road_4_2_3_2;road_5_1_2_0;road_5_1_2_0;road_5_1_2_0;road_5_1_2_1;road_5_1_2_1;road_5_1_2_1;road_5_1_2_2;road_5_1_2_2;road_5_1_2_2;road_4_0_1_0;road_4_0_1_0;road_4_0_1_0;road_4_0_1_1;road_4_0_1_1;road_4_0_1_1;road_4_0_1_2;road_4_0_1_2;road_4_0_1_2;road_3_1_0_0;road_3_1_0_0;road_3_1_0_0;road_3_1_0_1;road_3_1_0_1;road_3_1_0_1;road_3_1_0_2;road_3_1_0_2;road_3_1_0_2,GGGrrrrrrGGGGGGrrrGGGrrrrrrGGGGGGrrr
530,intersection_4_2,road_4_3_3_0;road_4_3_3_0;road_4_3_3_0;road_4_3_3_1;road_4_3_3_1;road_4_3_3_1;road_4_3_3_2;road_4_3_3_2;road_4_3_3_2;road_5_2_2_0;road_5_2_2_0;road_5_2_2_0;road_5_2_2_1;road_5_2_2_1;road_5_2_2_1;road_5_2_2_2;road_5_2_2_2;road_5_2_2_2;road_4_1_1_0;road_4_1_1_0;road_4_1_1_0;road_4_1_1_1;road_4_1_1_1;road_4_1_1_1;road_4_1_1_2;road_4_1_1_2;road_4_1_1_2;road_3_2_0_0;road_3_2_0_0;road_3_2_0_0;road_3_2_0_1;road_3_2_0_1;road_3_2_0_1;road_3_2_0_2;road_3_2_0_2;road_3_2_0_2,GGGrrrGGGGGGrrrrrrGGGrrrGGGGGGrrrrrr
530,intersection_4_3,road_4_4_3_0;road_4_4_3_0;road_4_4_3_0;road_4_4_3_1;road_4_4_3_1;road_4_4_3_1;road_4_4_3_2;road_4_4_3_2;road_4_4_3_2;road_5_3_2_0;road_5_3_2_0;road_5_3_2_0;road_5_3_2_1;road_5_3_2_1;road_5_3_2_1;road_5_3_2_2;road_5_3_2_2;road_5_3_2_2;road_4_2_1_0;road_4_2_1_0;road_4_2_1_0;road_4_2_1_1;road_4_2_1_1;road_4_2_1_1;road_4_2_1_2;road_4_2_1_2;road_4_2_1_2;road_3_3_0_0;road_3_3_0_0;road_3_3_0_0;road_3_3_0_1;road_3_3_0_1;road_3_3_0_1;road_3_3_0_2;road_3_3_0_2;road_3_3_0_2,GGGrrrGGGGGGrrrrrrGGGrrrGGGGGGrrrrrr
530,intersection_4_4,road_4_5_3_0;road_4_5_3_0;road_4_5_3_0;road_4_5_3_1;road_4_5_3_1;road_4_5_3_1;road_4_5_3_2;road_4_5_3_2;road_4_5_3_2;road_5_4_2_0;road_5_4_2_0;road_5_4_2_0;road_5_4_2_1;road_5_4_2_1;road_5_4_2_1;road_5_4_2_2;road_5_4_2_2;road_5_4_2_2;road_4_3_1_0;road_4_3_1_0;road_4_3_1_0;road_4_3_1_1;road_4_3_1_1;road_4_3_1_1;road_4_3_1_2;road_4_3_1_2;road_4_3_1_2;road_3_4_0_0;road_3_4_0_0;road_3_4_0_0;road_3_4_0_1;road_3_4_0_1;road_3_4_0_1;road_3_4_0_2;road_3_4_0_2;road_3_4_0_2,GGGrrrGGGGGGrrrrrrGGGrrrGGGGGGrrrrrr
540,intersection_1_1,road_1_2_3_0;road_1_2_3_0;road_1_2_3_0;road_1_2_3_1;road_1_2_3_1;road_1_2_3_1;road_1_2_3_2;road_1_2_3_2;road_1_2_3_2;road_2_1_2_0;road_2_1_2_0;road_2_1_2_0;road_2_1_2_1;road_2_1_2_1;road_2_1_2_1;road_2_1_2_2;road_2_1_2_2;road_2_1_2_2;road_1_0_1_0;road_1_0_1_0;road_1_0_1_0;road_1_0_1_1;road_1_0_1_1;road_1_0_1_1;road_1_0_1_2;road_1_0_1_2;road_1_0_1_2;road_0_1_0_0;road_0_1_0_0;road_0_1_0_0;road_0_1_0_1;road_0_1_0_1;road_0_1_0_1;road_0_1_0_2;road_0_1_0_2;road_0_1_0_2,GGGrrrrrrGGGGGGGGGGGGrrrrrrGGGrrrrrr
540,intersection_1_2,road_1_3_3_0;road_1_3_3_0;road_1_3_3_0;road_1_3_3_1;road_1_3_3_1;road_1_3_3_1;road_1_3_3_2;road_1_3_3_2;road_1_3_3_2;road_2_2_2_0;road_2_2_2_0;road_2_2_2_0;road_2_2_2_1;road_2_2_2_1;road_2_2_2_1;road_2_2_2_2;road_2_2_2_2;road_2_2_2_2;road_1_1_1_0;road_1_1_1_0;road_1_1_1_0;road_1_1_1_1;road_1_1_1_1;road_1_1_1_1;road_1_1_1_2;road_1_1_1_2;road_1_1_1_2;road_0_2_0_0;road_0_2_0_0;road_0_2_0_0;road_0_2_0_1;road_0_2_0_1;road_0_2_0_1;road_0_2_0_2;road_0_2_0_2;road_0_2_0_2,GGGGGGGGGGGGrrrrrrGGGrrrrrrGGGrrrrrr
540,intersection_1_3,road_1_4_3_0;road_1_4_3_0;road_1_4_3_0;road_1_4_3_1;road_1_4_3_1;road_1_4_3_1;road_1_4_3_2;road_1_4_3_2;road_1_4_3_2;road_2_3_2_0;road_2_3_2_0;road_2_3_2_0;road_2_3_2_1;road_2_3_2_1;road_2_3_2_1;road_2_3_2_2;road_2_3_2_2;road_2_3_2_2;road_1_2_1_0;road_1_2_1_0;road_1_2_1_0;road_1_2_1_1;road_1_2_1_1;road_1_2_1_1;road_1_2_1_2;road_1_2_1_2;road_1_2_1_2;road_0_3_0_0;road_0_3_0_0;road_0_3_0_0;road_0_3_0_1;road_0_3_0_1;road_0_3_0_1;road_0_3_0_2;road_0_3_0_2;road_0_3_0_2,GGGrrrrrrGGGGGGrrrGGGrrrrrrGGGGGGrrr
540,intersection_1_4,road_1_5_3_0;road_1_5_3_0;road_1_5_3_0;road_1_5_3_1;road_1_5_3_1;road_1_5_3_1;road_1_5_3_2;road_1_5_3_2;road_1_5_3_2;road_2_4_2_0;road_2_4_2_0;road_2_4_2_0;road_2_4_2_1;road_2_4_2_1;road_2_4_2_1;road_2_4_2_2;road_2_4_2_2;road_2_4_2_2;road_1_3_1_0;road_1_3_1_0;road_1_3_1_0;road_1_3_1_1;road_1_3_1_1;road_1_3_1_1;road_1_3_1_2;road_1_3_1_2;road_1_3_1_2;road_0_4_0_0;road_0_4_0_0;road_0_4_0_0;road_0_4_0_1;road_0_4_0_1;road_0_4_0_1;road_0_4_0_2;road_0_4_0_2;road_0_4_0_2,GGGGGGGGGGGGrrrrrrGGGrrrrrrGGGrrrrrr
540,intersection_2_1,road_2_2_3_0;road_2_2_3_0;road_2_2_3_0;road_2_2_3_1;road_2_2_3_1;road_2_2_3_1;road_2_2_3_2;road_2_2_3_2;road_2_2_3_2;road_3_1_2_0;road_3_1_2_0;road_3_1_2_0;road_3_1_2_1;road_3_1_2_1;road_3_1_2_1;road_3_1_2_2;road_3_1_2_2;road_3_1_2_2;road_2_0_1_0;road_2_0_1_0;road_2_0_1_0;road_2_0_1_1;road_2_0_1_1;road_2_0_1_1;road_2_0_1_2;road_2_0_1_2;road_2_0_1_2;road_1_1_0_0;road_1_1_0_0;road_1_1_0_0;road_1_1_0_1;road_1_1_0_1;road_1_1_0_1;road_1_1_0_2;road_1_1_0_2;road_1_1_0_2,GGGrrrrrrGGGGGGrrrGGGrrrrrrGGGGGGrrr
540,intersection_2_2,road_2_3_3_0;road_2_3_3_0;road_2_3_3_0;road_2_3_3_1;road_2_3_3_1;road_2_3_3_1;road_2_3_3_2;road_2_3_3_2;road_2_3_3_2;road_3_2_2_0;road_3_2_2_0;road_3_2_2_0;road_3_2_2_1;road_3_2_2_1;road_3_2_2_1;road_3_2_2_2;road_3_2_2_2;road_3_2_2_2;road_2_1_1_0;road_2_1_1_0;road_2_1_1_0;road_2_1_1_1;road_2_1_1_1;road_2_1_1_1;road_2_1_1_2;road_2_1_1_2;road_2_1_1_2;road_1_2_0_0;road_1_2_0_0;road_1_2_0_0;road_1_2_0_1;road_1_2_0_1;road_1_2_0_1;road_1_2_0_2;road_1_2_0_2;road_1_2_0_2,GGGrrrrrrGGGGGGrrrGGGrrrrrrGGGGGGrrr
540,intersection_2_3,road_2_4_3_0;road_2_4_3_0;road_2_4_3_0;road_2_4_3_1;road_2_4_3_1;road_2_4_3_1;road_2_4_3_2;road_2_4_3_2;road_2_4_3_2;road_3_3_2_0;road_3_3_2_0;road_3_3_2_0;road_3_3_2_1;road_3_3_2_1;road_3_3_2_1;road_3_3_2_2;road_3_3_2_2;road_3_3_2_2;road_2_2_1_0;road_2_2_1_0;road_2_2_1_0;road_2_2_1_1;road_2_2_1_1;road_2_2_1_1;road_2_2_1_2;road_2_2_1_2;road_2_2_1_2;road_1_3_0_0;road_1_3_0_0;road_1_3_0_0;road_1_3_0_1;road_1_3_0_1;road_1_3_0_1;road_1_3_0_2;road_1_3_0_2;road_1_3_0_2,GGGrrrrrrGGGGGGrrrGGGrrrrrrGGGGGGrrr
540,intersection_2_4,road_2_5_3_0;road_2_5_3_0;road_2_5_3_0;road_2_5_3_1;road_2_5_3_1;road_2_5_3_1;road_2_5_3_2;road_2_5_3_2;road_2_5_3_2;road_3_4_2_0;road_3_4_2_0;road_3_4_2_0;road_3_4_2_1;road_3_4_2_1;road_3_4_2_1;road_3_4_2_2;road_3_4_2_2;road_3_4_2_2;road_2_3_1_0;road_2_3_1_0;road_2_3_1_0;road_2_3_1_1;road_2_3_1_1;road_2_3_1_1;road_2_3_1_2;road_2_3_1_2;road_2_3_1_2;road_1_4_0_0;road_1_4_0_0;road_1_4_0_0;road_1_4_0_1;road_1_4_0_1;road_1_4_0_1;road_1_4_0_2;road_1_4_0_2;road_1_4_0_2,GGGrrrrrrGGGGGGrrrGGGrrrrrrGGGGGGrrr
540,intersection_3_1,road_3_2_3_0;road_3_2_3_0;road_3_2_3_0;road_3_2_3_1;road_3_2_3_1;road_3_2_3_1;road_3_2_3_2;road_3_2_3_2;road_3_2_3_2;road_4_1_2_0;road_4_1_2_0;road_4_1_2_0;road_4_1_2_1;road_4_1_2_1;road_4_1_2_1;road_4_1_2_2;road_4_1_2_2;road_4_1_2_2;road_3_0_1_0;road_3_0_1_0;road_3_0_1_0;road_3_0_1_1;road_3_0_1_1;road_3_0_1_1;road_3_0_1_2;road_3_0_1_2;road_3_0_1_2;road_2_1_0_0;road_2_1_0_0;road_2_1_0_0;road_2_1_0_1;road_2_1_0_1;road_2_1_0_1;road_2_1_0_2;road_2_1_0_2;road_2_1_0_2,GGGrrrrrrGGGGGGrrrGGGrrrrrrGGGGGGrrr
540,intersection_3_2,road_3_3_3_0;road_3_3_3_0;road_3_3_3_0;road_3_3_3_1;road_3_3_3_1;road_3_3_3_1;road_3_3_3_2;road_3_3_3_2;road_3_3_3_2;road_4_2_2_0;road_4_2_2_0;road_4_2_2_0;road_4_2_2_1;road_4_2_2_1;road_4_2_2_1;road_4_2_2_2;road_4_2_2_2;road_4_2_2_2;road_3_1_1_0;road_3_1_1_0;road_3_1_1_0;road_3_1_1_1;road_3_1_1_1;road_3_1_1_1;road_3_1_1_2;road_3_1_1_2;road_3_1_1_2;road_2_2_0_0;road_2_2_0_0;road_2_2_0_0;road_2_2_0_1;road_2_2_0_1;road_2_2_0_1;road_2_2_0_2;road_2_2_0_2;road_2_2_0_2,GGGrrrGGGGGGrrrrrrGGGrrrGGGGGGrrrrrr
540,intersection_3_3,road_3_4_3_0;road_3_4_3_0;road_3_4_3_0;road_3_4_3_1;road_3_4_3_1;road_3_4_3_1;road_3_4_3_2;road_3_4_3_2;road_3_4_3_2;road_4_3_2_0;road_4_3_2_0;road_4_3_2_0;road_4_3_2_1;road_4_3_2_1;road_4_3_2_1;road_4_3_2_2;road_4_3_2_2;road_4_3_2_2;road_3_2_1_0;road_3_2_1_0;road_3_2_1_0;road_3_2_1_1;road_3_2_1_1;road_3_2_1_1;road_3_2_1_2;road_3_2_1_2;road_3_2_1_2;road_2_3_0_0;road_2_3_0_0;road_2_3_0_0;road_2_3_0_1;road_2_3_0_1;road_2_3_0_1;road_2_3_0_2;road_2_3_0_2;road_2_3_0_2,GGGrrrrrrGGGGGGrrrGGGrrrrrrGGGGGGrrr
540,intersection_3_4,road_3_5_3_0;road_3_5_3_0;road_3_5_3_0;road_3_5_3_1;road_3_5_3_1;road_3_5_3_1;road_3_5_3_2;road_3_5_3_2;road_3_5_3_2;road_4_4_2_0;road_4_4_2_0;road_4_4_2_0;road_4_4_2_1;road_4_4_2_1;road_4_4_2_1;road_4_4_2_2;road_4_4_2_2;road_4_4_2_2;road_3_3_1_0;road_3_3_1_0;road_3_3_1_0;road_3_3_1_1;road_3_3_1_1;road_3_3_1_1;road_3_3_1_2;road_3_3_1_2;road_3_3_1_2;road_2_4_0_0;road_2_4_0_0;road_2_4_0_0;road_2_4_0_1;road_2_4_0_1;road_2_4_0_1;road_2_4_0_2;road_2_4_0_2;road_2_4_0_2,GGGrrrrrrGGGGGGrrrGGGrrrrrrGGGGGGrrr
540,intersection_4_1,road_4_2_3_0;road_4_2_3_0;road_4_2_3_0;road_4_2_3_1;road_4_2_3_1;road_4_2_3_1;road_4_2_3_2;road_4_2_3_2;road_4_2_3_2;road_5_1_2_0;road_5_1_2_0;road_5_1_2_0;road_5_1_2_1;road_5_1_2_1;road_5_1_2_1;road_5_1_2_2;road_5_1_2_2;road_5_1_2_2;road_4_0_1_0;road_4_0_1_0;road_4_0_1_0;road_4_0_1_1;road_4_0_1_1;road_4_0_1_1;road_4_0_1_2;road_4_0_1_2;road_4_0_1_2;road_3_1_0_0;road_3_1_0_0;road_3_1_0_0;road_3_1_0_1;road_3_1_0_1;road_3_1_0_1;road_3_1_0_2;road_3_1_0_2;road_3_1_0_2,GGGrrrrrrGGGGGGrrrGGGrrrrrrGGGGGGrrr
540,intersection_4_2,road_4_3_3_0;road_4_3_3_0;road_4_3_3_0;road_4_3_3_1;road_4_3_3_1;road_4_3_3_1;road_4_3_3_2;road_4_3_3_2;road_4_3_3_2;road_5_2_2_0;road_5_2_2_0;road_5_2_2_0;road_5_2_2_1;road_5_2_2_1;road_5_2_2_1;road_5_2_2_2;road_5_2_2_2;road_5_2_2_2;road_4_1_1_0;road_4_1_1_0;road_4_1_1_0;road_4_1_1_1;road_4_1_1_1;road_4_1_1_1;road_4_1_1_2;road_4_1_1_2;road_4_1_1_2;road_3_2_0_0;road_3_2_0_0;road_3_2_0_0;road_3_2_0_1;road_3_2_0_1;road_3_2_0_1;road_3_2_0_2;road_3_2_0_2;road_3_2_0_2,GGGrrrGGGGGGrrrrrrGGGrrrGGGGGGrrrrrr
540,intersection_4_3,road_4_4_3_0;road_4_4_3_0;road_4_4_3_0;road_4_4_3_1;road_4_4_3_1;road_4_4_3_1;road_4_4_3_2;road_4_4_3_2;road_4_4_3_2;road_5_3_2_0;road_5_3_2_0;road_5_3_2_0;road_5_3_2_1;road_5_3_2_1;road_5_3_2_1;road_5_3_2_2;road_5_3_2_2;road_5_3_2_2;road_4_2_1_0;road_4_2_1_0;road_4_2_1_0;road_4_2_1_1;road_4_2_1_1;road_4_2_1_1;road_4_2_1_2;road_4_2_1_2;road_4_2_1_2;road_3_3_0_0;road_3_3_0_0;road_3_3_0_0;road_3_3_0_1;road_3_3_0_1;road_3_3_0_1;road_3_3_0_2;road_3_3_0_2;road_3_3_0_2,GGGrrrGGGGGGrrrrrrGGGrrrGGGGGGrrrrrr
540,intersection_4_4,road_4_5_3_0;road_4_5_3_0;road_4_5_3_0;road_4_5_3_1;road_4_5_3_1;road_4_5_3_1;road_4_5_3_2;road_4_5_3_2;road_4_5_3_2;road_5_4_2_0;road_5_4_2_0;road_5_4_2_0;road_5_4_2_1;road_5_4_2_1;road_5_4_2_1;road_5_4_2_2;road_5_4_2_2;road_5_4_2_2;road_4_3_1_0;road_4_3_1_0;road_4_3_1_0;road_4_3_1_1;road_4_3_1_1;road_4_3_1_1;road_4_3_1_2;road_4_3_1_2;road_4_3_1_2;road_3_4_0_0;road_3_4_0_0;road_3_4_0_0;road_3_4_0_1;road_3_4_0_1;road_3_4_0_1;road_3_4_0_2;road_3_4_0_2;road_3_4_0_2,GGGrrrGGGGGGrrrrrrGGGrrrGGGGGGrrrrrr
550,intersection_1_1,road_1_2_3_0;road_1_2_3_0;road_1_2_3_0;road_1_2_3_1;road_1_2_3_1;road_1_2_3_1;road_1_2_3_2;road_1_2_3_2;road_1_2_3_2;road_2_1_2_0;road_2_1_2_0;road_2_1_2_0;road_2_1_2_1;road_2_1_2_1;road_2_1_2_1;road_2_1_2_2;road_2_1_2_2;road_2_1_2_2;road_1_0_1_0;road_1_0_1_0;road_1_0_1_0;road_1_0_1_1;road_1_0_1_1;road_1_0_1_1;road_1_0_1_2;road_1_0_1_2;road_1_0_1_2;road_0_1_0_0;road_0_1_0_0;road_0_1_0_0;road_0_1_0_1;road_0_1_0_1;road_0_1_0_1;road_0_1_0_2;road_0_1_0_2;road_0_1_0_2,GGGrrrGGGGGGrrrrrrGGGrrrGGGGGGrrrrrr
550,intersection_1_2,road_1_3_3_0;road_1_3_3_0;road_1_3_3_0;road_1_3_3_1;road_1_3_3_1;road_1_3_3_1;road_1_3_3_2;road_1_3_3_2;road_1_3_3_2;road_2_2_2_0;road_2_2_2_0;road_2_2_2_0;road_2_2_2_1;road_2_2_2_1;road_2_2_2_1;road_2_2_2_2;road_2_2_2_2;road_2_2_2_2;road_1_1_1_0;road_1_1_1_0;road_1_1_1_0;road_1_1_1_1;road_1_1_1_1;road_1_1_1_1;road_1_1_1_2;road_1_1_1_2;road_1_1_1_2;road_0_2_0_0;road_0_2_0_0;road_0_2_0_0;road_0_2_0_1;road_0_2_0_1;road_0_2_0_1;road_0_2_0_2;road_0_2_0_2;road_0_2_0_2,GGGGGGGGGGGGrrrrrrGGGrrrrrrGGGrrrrrr
550,intersection_1_3,road_1_4_3_0;road_1_4_3_0;road_1_4_3_0;road_1_4_3_1;road_1_4_3_1;road_1_4_3_1;road_1_4_3_2;road_1_4_3_2;road_1_4_3_2;road_2_3_2_0;road_2_3_2_0;road_2_3_2_0;road_2_3_2_1;road_2_3_2_1;road_2_3_2_1;road_2_3_2_2;road_2_3_2_2;road_2_3_2_2;road_1_2_1_0;road_1_2_1_0;road_1_2_1_0;road_1_2_1_1;road_1_2_1_1;road_1_2_1_1;road_1_2_1_2;road_1_2_1_2;road_1_2_1_2;road_0_3_0_0;road_0_3_0_0;road_0_3_0_0;road_0_3_0_1;road_0_3_0_1;road_0_3_0_1;road_0_3_0_2;road_0_3_0_2;road_0_3_0_2,GGGrrrrrrGGGGGGrrrGGGrrrrrrGGGGGGrrr
550,intersection_1_4,road_1_5_3_0;road_1_5_3_0;road_1_5_3_0;road_1_5_3_1;road_1_5_3_1;road_1_5_3_1;road_1_5_3_2;road_1_5_3_2;road_1_5_3_2;road_2_4_2_0;road_2_4_2_0;road_2_4_2_0;road_2_4_2_1;road_2_4_2_1;road_2_4_2_1;road_2_4_2_2;road_2_4_2_2;road_2_4_2_2;road_1_3_1_0;road_1_3_1_0;road_1_3_1_0;road_1_3_1_1;road_1_3_1_1;road_1_3_1_1;road_1_3_1_2;road_1_3_1_2;road_1_3_1_2;road_0_4_0_0;road_0_4_0_0;road_0_4_0_0;road_0_4_0_1;road_0_4_0_1;road_0_4_0_1;road_0_4_0_2;road_0_4_0_2;road_0_4_0_2,GGGGGGGGGGGGrrrrrrGGGrrrrrrGGGrrrrrr
550,intersection_2_1,road_2_2_3_0;road_2_2_3_0;road_2_2_3_0;road_2_2_3_1;road_2_2_3_1;road_2_2_3_1;road_2_2_3_2;road_2_2_3_2;road_2_2_3_2;road_3_1_2_0;road_3_1_2_0;road_3_1_2_0;road_3_1_2_1;road_3_1_2_1;road_3_1_2_1;road_3_1_2_2;road_3_1_2_2;road_3_1_2_2;road_2_0_1_0;road_2_0_1_0;road_2_0_1_0;road_2_0_1_1;road_2_0_1_1;road_2_0_1_1;road_2_0_1_2;road_2_0_1_2;road_2_0_1_2;road_1_1_0_0;road_1_1_0_0;road_1_1_0_0;road_1_1_0_1;road_1_1_0_1;road_1_1_0_1;road_1_1_0_2;road_1_1_0_2;road_1_1_0_2,GGGrrrrrrGGGGGGrrrGGGrrrrrrGGGGGGrrr
550,intersection_2_2,road_2_3_3_0;road_2_3_3_0;road_2_3_3_0;road_2_3_3_1;road_2_3_3_1;road_2_3_3_1;road_2_3_3_2;road_2_3_3_2;road_2_3_3_2;road_3_2_2_0;road_3_2_2_0;road_3_2_2_0;road_3_2_2_1;road_3_2_2_1;road_3_2_2_1;road_3_2_2_2;road_3_2_2_2;road_3_2_2_2;road_2_1_1_0;road_2_1_1_0;road_2_1_1_0;road_2_1_1_1;road_2_1_1_1;road_2_1_1_1;road_2_1_1_2;road_2_1_1_2;road_2_1_1_2;road_1_2_0_0;road_1_2_0_0;road_1_2_0_0;road_1_2_0_1;road_1_2_0_1;road_1_2_0_1;road_1_2_0_2;road_1_2_0_2;road_1_2_0_2,GGGrrrrrrGGGGGGrrrGGGrrrrrrGGGGGGrrr
550,intersection_2_3,road_2_4_3_0;road_2_4_3_0;road_2_4_3_0;road_2_4_3_1;road_2_4_3_1;road_2_4_3_1;road_2_4_3_2;road_2_4_3_2;road_2_4_3_2;road_3_3_2_0;road_3_3_2_0;road_3_3_2_0;road_3_3_2_1;road_3_3_2_1;road_3_3_2_1;road_3_3_2_2;road_3_3_2_2;road_3_3_2_2;road_2_2_1_0;road_2_2_1_0;road_2_2_1_0;road_2_2_1_1;road_2_2_1_1;road_2_2_1_1;road_2_2_1_2;road_2_2_1_2;road_2_2_1_2;road_1_3_0_0;road_1_3_0_0;road_1_3_0_0;road_1_3_0_1;road_1_3_0_1;road_1_3_0_1;road_1_3_0_2;road_1_3_0_2;road_1_3_0_2,GGGrrrrrrGGGGGGrrrGGGrrrrrrGGGGGGrrr
550,intersection_2_4,road_2_5_3_0;road_2_5_3_0;road_2_5_3_0;road_2_5_3_1;road_2_5_3_1;road_2_5_3_1;road_2_5_3_2;road_2_5_3_2;road_2_5_3_2;road_3_4_2_0;road_3_4_2_0;road_3_4_2_0;road_3_4_2_1;road_3_4_2_1;road_3_4_2_1;road_3_4_2_2;road_3_4_2_2;road_3_4_2_2;road_2_3_1_0;road_2_3_1_0;road_2_3_1_0;road_2_3_1_1;road_2_3_1_1;road_2_3_1_1;road_2_3_1_2;road_2_3_1_2;road_2_3_1_2;road_1_4_0_0;road_1_4_0_0;road_1_4_0_0;road_1_4_0_1;road_1_4_0_1;road_1_4_0_1;road_1_4_0_2;road_1_4_0_2;road_1_4_0_2,GGGrrrrrrGGGGGGrrrGGGrrrrrrGGGGGGrrr
550,intersection_3_1,road_3_2_3_0;road_3_2_3_0;road_3_2_3_0;road_3_2_3_1;road_3_2_3_1;road_3_2_3_1;road_3_2_3_2;road_3_2_3_2;road_3_2_3_2;road_4_1_2_0;road_4_1_2_0;road_4_1_2_0;road_4_1_2_1;road_4_1_2_1;road_4_1_2_1;road_4_1_2_2;road_4_1_2_2;road_4_1_2_2;road_3_0_1_0;road_3_0_1_0;road_3_0_1_0;road_3_0_1_1;road_3_0_1_1;road_3_0_1_1;road_3_0_1_2;road_3_0_1_2;road_3_0_1_2;road_2_1_0_0;road_2_1_0_0;road_2_1_0_0;road_2_1_0_1;road_2_1_0_1;road_2_1_0_1;road_2_1_0_2;road_2_1_0_2;road_2_1_0_2,GGGrrrrrrGGGGGGrrrGGGrrrrrrGGGGGGrrr
550,intersection_3_2,road_3_3_3_0;road_3_3_3_0;road_3_3_3_0;road_3_3_3_1;road_3_3_3_1;road_3_3_3_1;road_3_3_3_2;road_3_3_3_2;road_3_3_3_2;road_4_2_2_0;road_4_2_2_0;road_4_2_2_0;road_4_2_2_1;road_4_2_2_1;road_4_2_2_1;road_4_2_2_2;road_4_2_2_2;road_4_2_2_2;road_3_1_1_0;road_3_1_1_0;road_3_1_1_0;road_3_1_1_1;road_3_1_1_1;road_3_1_1_1;road_3_1_1_2;road_3_1_1_2;road_3_1_1_2;road_2_2_0_0;road_2_2_0_0;road_2_2_0_0;road_2_2_0_1;road_2_2_0_1;road_2_2_0_1;road_2_2_0_2;road_2_2_0_2;road_2_2_0_2,GGGrrrGGGGGGrrrrrrGGGrrrGGGGGGrrrrrr
550,intersection_3_3,road_3_4_3_0;road_3_4_3_0;road_3_4_3_0;road_3_4_3_1;road_3_4_3_1;road_3_4_3_1;road_3_4_3_2;road_3_4_3_2;road_3_4_3_2;road_4_3_2_0;road_4_3_2_0;road_4_3_2_0;road_4_3_2_1;road_4_3_2_1;road_4_3_2_1;road_4_3_2_2;road_4_3_2_2;road_4_3_2_2;road_3_2_1_0;road_3_2_1_0;road_3_2_1_0;road_3_2_1_1;road_3_2_1_1;road_3_2_1_1;road_3_2_1_2;road_3_2_1_2;road_3_2_1_2;road_2_3_0_0;road_2_3_0_0;road_2_3_0_0;road_2_3_0_1;road_2_3_0_1;road_2_3_0_1;road_2_3_0_2;road_2_3_0_2;road_2_3_0_2,GGGrrrrrrGGGGGGrrrGGGrrrrrrGGGGGGrrr
550,intersection_3_4,road_3_5_3_0;road_3_5_3_0;road_3_5_3_0;road_3_5_3_1;road_3_5_3_1;road_3_5_3_1;road_3_5_3_2;road_3_5_3_2;road_3_5_3_2;road_4_4_2_0;road_4_4_2_0;road_4_4_2_0;road_4_4_2_1;road_4_4_2_1;road_4_4_2_1;road_4_4_2_2;road_4_4_2_2;road_4_4_2_2;road_3_3_1_0;road_3_3_1_0;road_3_3_1_0;road_3_3_1_1;road_3_3_1_1;road_3_3_1_1;road_3_3_1_2;road_3_3_1_2;road_3_3_1_2;road_2_4_0_0;road_2_4_0_0;road_2_4_0_0;road_2_4_0_1;road_2_4_0_1;road_2_4_0_1;road_2_4_0_2;road_2_4_0_2;road_2_4_0_2,GGGrrrrrrGGGGGGrrrGGGrrrrrrGGGGGGrrr
550,intersection_4_1,road_4_2_3_0;road_4_2_3_0;road_4_2_3_0;road_4_2_3_1;road_4_2_3_1;road_4_2_3_1;road_4_2_3_2;road_4_2_3_2;road_4_2_3_2;road_5_1_2_0;road_5_1_2_0;road_5_1_2_0;road_5_1_2_1;road_5_1_2_1;road_5_1_2_1;road_5_1_2_2;road_5_1_2_2;road_5_1_2_2;road_4_0_1_0;road_4_0_1_0;road_4_0_1_0;road_4_0_1_1;road_4_0_1_1;road_4_0_1_1;road_4_0_1_2;road_4_0_1_2;road_4_0_1_2;road_3_1_0_0;road_3_1_0_0;road_3_1_0_0;road_3_1_0_1;road_3_1_0_1;road_3_1_0_1;road_3_1_0_2;road_3_1_0_2;road_3_1_0_2,GGGrrrrrrGGGGGGrrrGGGrrrrrrGGGGGGrrr
550,intersection_4_2,road_4_3_3_0;road_4_3_3_0;road_4_3_3_0;road_4_3_3_1;road_4_3_3_1;road_4_3_3_1;road_4_3_3_2;road_4_3_3_2;road_4_3_3_2;road_5_2_2_0;road_5_2_2_0;road_5_2_2_0;road_5_2_2_1;road_5_2_2_1;road_5_2_2_1;road_5_2_2_2;road_5_2_2_2;road_5_2_2_2;road_4_1_1_0;road_4_1_1_0;road_4_1_1_0;road_4_1_1_1;road_4_1_1_1;road_4_1_1_1;road_4_1_1_2;road_4_1_1_2;road_4_1_1_2;road_3_2_0_0;road_3_2_0_0;road_3_2_0_0;road_3_2_0_1;road_3_2_0_1;road_3_2_0_1;road_3_2_0_2;road_3_2_0_2;road_3_2_0_2,GGGrrrGGGGGGrrrrrrGGGrrrGGGGGGrrrrrr
550,intersection_4_3,road_4_4_3_0;road_4_4_3_0;road_4_4_3_0;road_4_4_3_1;road_4_4_3_1;road_4_4_3_1;road_4_4_3_2;road_4_4_3_2;road_4_4_3_2;road_5_3_2_0;road_5_3_2_0;road_5_3_2_0;road_5_3_2_1;road_5_3_2_1;road_5_3_2_1;road_5_3_2_2;road_5_3_2_2;road_5_3_2_2;road_4_2_1_0;road_4_2_1_0;road_4_2_1_0;road_4_2_1_1;road_4_2_1_1;road_4_2_1_1;road_4_2_1_2;road_4_2_1_2;road_4_2_1_2;road_3_3_0_0;road_3_3_0_0;road_3_3_0_0;road_3_3_0_1;road_3_3_0_1;road_3_3_0_1;road_3_3_0_2;road_3_3_0_2;road_3_3_0_2,GGGrrrGGGGGGrrrrrrGGGrrrGGGGGGrrrrrr
550,intersection_4_4,road_4_5_3_0;road_4_5_3_0;road_4_5_3_0;road_4_5_3_1;road_4_5_3_1;road_4_5_3_1;road_4_5_3_2;road_4_5_3_2;road_4_5_3_2;road_5_4_2_0;road_5_4_2_0;road_5_4_2_0;road_5_4_2_1;road_5_4_2_1;road_5_4_2_1;road_5_4_2_2;road_5_4_2_2;road_5_4_2_2;road_4_3_1_0;road_4_3_1_0;road_4_3_1_0;road_4_3_1_1;road_4_3_1_1;road_4_3_1_1;road_4_3_1_2;road_4_3_1_2;road_4_3_1_2;road_3_4_0_0;road_3_4_0_0;road_3_4_0_0;road_3_4_0_1;road_3_4_0_1;road_3_4_0_1;road_3_4_0_2;road_3_4_0_2;road_3_4_0_2,GGGrrrGGGGGGrrrrrrGGGrrrGGGGGGrrrrrr
560,intersection_1_1,road_1_2_3_0;road_1_2_3_0;road_1_2_3_0;road_1_2_3_1;road_1_2_3_1;road_1_2_3_1;road_1_2_3_2;road_1_2_3_2;road_1_2_3_2;road_2_1_2_0;road_2_1_2_0;road_2_1_2_0;road_2_1_2_1;road_2_1_2_1;road_2_1_2_1;road_2_1_2_2;road_2_1_2_2;road_2_1_2_2;road_1_0_1_0;road_1_0_1_0;road_1_0_1_0;road_1_0_1_1;road_1_0_1_1;road_1_0_1_1;road_1_0_1_2;road_1_0_1_2;road_1_0_1_2;road_0_1_0_0;road_0_1_0_0;road_0_1_0_0;road_0_1_0_1;road_0_1_0_1;road_0_1_0_1;road_0_1_0_2;road_0_1_0_2;road_0_1_0_2,GGGrrrrrrGGGGGGGGGGGGrrrrrrGGGrrrrrr
560,intersection_1_2,road_1_3_3_0;road_1_3_3_0;road_1_3_3_0;road_1_3_3_1;road_1_3_3_1;road_1_3_3_1;road_1_3_3_2;road_1_3_3_2;road_1_3_3_2;road_2_2_2_0;road_2_2_2_0;road_2_2_2_0;road_2_2_2_1;road_2_2_2_1;road_2_2_2_1;road_2_2_2_2;road_2_2_2_2;road_2_2_2_2;road_1_1_1_0;road_1_1_1_0;road_1_1_1_0;road_1_1_1_1;road_1_1_1_1;road_1_1_1_1;road_1_1_1_2;road_1_1_1_2;road_1_1_1_2;road_0_2_0_0;road_0_2_0_0;road_0_2_0_0;road_0_2_0_1;road_0_2_0_1;road_0_2_0_1;road_0_2_0_2;road_0_2_0_2;road_0_2_0_2,GGGGGGGGGGGGrrrrrrGGGrrrrrrGGGrrrrrr
560,intersection_1_3,road_1_4_3_0;road_1_4_3_0;road_1_4_3_0;road_1_4_3_1;road_1_4_3_1;road_1_4_3_1;road_1_4_3_2;road_1_4_3_2;road_1_4_3_2;road_2_3_2_0;road_2_3_2_0;road_2_3_2_0;road_2_3_2_1;road_2_3_2_1;road_2_3_2_1;road_2_3_2_2;road_2_3_2_2;road_2_3_2_2;road_1_2_1_0;road_1_2_1_0;road_1_2_1_0;road_1_2_1_1;road_1_2_1_1;road_1_2_1_1;road_1_2_1_2;road_1_2_1_2;road_1_2_1_2;road_0_3_0_0;road_0_3_0_0;road_0_3_0_0;road_0_3_0_1;road_0_3_0_1;road_0_3_0_1;road_0_3_0_2;road_0_3_0_2;road_0_3_0_2,GGGrrrrrrGGGGGGrrrGGGrrrrrrGGGGGGrrr
560,intersection_1_4,road_1_5_3_0;road_1_5_3_0;road_1_5_3_0;road_1_5_3_1;road_1_5_3_1;road_1_5_3_1;road_1_5_3_2;road_1_5_3_2;road_1_5_3_2;road_2_4_2_0;road_2_4_2_0;road_2_4_2_0;road_2_4_2_1;road_2_4_2_1;road_2_4_2_1;road_2_4_2_2;road_2_4_2_2;road_2_4_2_2;road_1_3_1_0;road_1_3_1_0;road_1_3_1_0;road_1_3_1_1;road_1_3_1_1;road_1_3_1_1;road_1_3_1_2;road_1_3_1_2;road_1_3_1_2;road_0_4_0_0;road_0_4_0_0;road_0_4_0_0;road_0_4_0_1;road_0_4_0_1;road_0_4_0_1;road_0_4_0_2;road_0_4_0_2;road_0_4_0_2,GGGGGGGGGGGGrrrrrrGGGrrrrrrGGGrrrrrr
560,intersection_2_1,road_2_2_3_0;road_2_2_3_0;road_2_2_3_0;road_2_2_3_1;road_2_2_3_1;road_2_2_3_1;road_2_2_3_2;road_2_2_3_2;road_2_2_3_2;road_3_1_2_0;road_3_1_2_0;road_3_1_2_0;road_3_1_2_1;road_3_1_2_1;road_3_1_2_1;road_3_1_2_2;road_3_1_2_2;road_3_1_2_2;road_2_0_1_0;road_2_0_1_0;road_2_0_1_0;road_2_0_1_1;road_2_0_1_1;road_2_0_1_1;road_2_0_1_2;road_2_0_1_2;road_2_0_1_2;road_1_1_0_0;road_1_1_0_0;road_1_1_0_0;road_1_1_0_1;road_1_1_0_1;road_1_1_0_1;road_1_1_0_2;road_1_1_0_2;road_1_1_0_2,GGGrrrrrrGGGGGGrrrGGGrrrrrrGGGGGGrrr
560,intersection_2_2,road_2_3_3_0;road_2_3_3_0;road_2_3_3_0;road_2_3_3_1;road_2_3_3_1;road_2_3_3_1;road_2_3_3_2;road_2_3_3_2;road_2_3_3_2;road_3_2_2_0;road_3_2_2_0;road_3_2_2_0;road_3_2_2_1;road_3_2_2_1;road_3_2_2_1;road_3_2_2_2;road_3_2_2_2;road_3_2_2_2;road_2_1_1_0;road_2_1_1_0;road_2_1_1_0;road_2_1_1_1;road_2_1_1_1;road_2_1_1_1;road_2_1_1_2;road_2_1_1_2;road_2_1_1_2;road_1_2_0_0;road_1_2_0_0;road_1_2_0_0;road_1_2_0_1;road_1_2_0_1;road_1_2_0_1;road_1_2_0_2;road_1_2_0_2;road_1_2_0_2,GGGrrrrrrGGGGGGrrrGGGrrrrrrGGGGGGrrr
560,intersection_2_3,road_2_4_3_0;road_2_4_3_0;road_2_4_3_0;road_2_4_3_1;road_2_4_3_1;road_2_4_3_1;road_2_4_3_2;road_2_4_3_2;road_2_4_3_2;road_3_3_2_0;road_3_3_2_0;road_3_3_2_0;road_3_3_2_1;road_3_3_2_1;road_3_3_2_1;road_3_3_2_2;road_3_3_2_2;road_3_3_2_2;road_2_2_1_0;road_2_2_1_0;road_2_2_1_0;road_2_2_1_1;road_2_2_1_1;road_2_2_1_1;road_2_2_1_2;road_2_2_1_2;road_2_2_1_2;road_1_3_0_0;road_1_3_0_0;road_1_3_0_0;road_1_3_0_1;road_1_3_0_1;road_1_3_0_1;road_1_3_0_2;road_1_3_0_2;road_1_3_0_2,GGGrrrrrrGGGGGGrrrGGGrrrrrrGGGGGGrrr
560,intersection_2_4,road_2_5_3_0;road_2_5_3_0;road_2_5_3_0;road_2_5_3_1;road_2_5_3_1;road_2_5_3_1;road_2_5_3_2;road_2_5_3_2;road_2_5_3_2;road_3_4_2_0;road_3_4_2_0;road_3_4_2_0;road_3_4_2_1;road_3_4_2_1;road_3_4_2_1;road_3_4_2_2;road_3_4_2_2;road_3_4_2_2;road_2_3_1_0;road_2_3_1_0;road_2_3_1_0;road_2_3_1_1;road_2_3_1_1;road_2_3_1_1;road_2_3_1_2;road_2_3_1_2;road_2_3_1_2;road_1_4_0_0;road_1_4_0_0;road_1_4_0_0;road_1_4_0_1;road_1_4_0_1;road_1_4_0_1;road_1_4_0_2;road_1_4_0_2;road_1_4_0_2,GGGrrrrrrGGGGGGrrrGGGrrrrrrGGGGGGrrr
560,intersection_3_1,road_3_2_3_0;road_3_2_3_0;road_3_2_3_0;road_3_2_3_1;road_3_2_3_1;road_3_2_3_1;road_3_2_3_2;road_3_2_3_2;road_3_2_3_2;road_4_1_2_0;road_4_1_2_0;road_4_1_2_0;road_4_1_2_1;road_4_1_2_1;road_4_1_2_1;road_4_1_2_2;road_4_1_2_2;road_4_1_2_2;road_3_0_1_0;road_3_0_1_0;road_3_0_1_0;road_3_0_1_1;road_3_0_1_1;road_3_0_1_1;road_3_0_1_2;road_3_0_1_2;road_3_0_1_2;road_2_1_0_0;road_2_1_0_0;road_2_1_0_0;road_2_1_0_1;road_2_1_0_1;road_2_1_0_1;road_2_1_0_2;road_2_1_0_2;road_2_1_0_2,GGGrrrrrrGGGGGGrrrGGGrrrrrrGGGGGGrrr
560,intersection_3_2,road_3_3_3_0;road_3_3_3_0;road_3_3_3_0;road_3_3_3_1;road_3_3_3_1;road_3_3_3_1;road_3_3_3_2;road_3_3_3_2;road_3_3_3_2;road_4_2_2_0;road_4_2_2_0;road_4_2_2_0;road_4_2_2_1;road_4_2_2_1;road_4_2_2_1;road_4_2_2_2;road_4_2_2_2;road_4_2_2_2;road_3_1_1_0;road_3_1_1_0;road_3_1_1_0;road_3_1_1_1;road_3_1_1_1;road_3_1_1_1;road_3_1_1_2;road_3_1_1_2;road_3_1_1_2;road_2_2_0_0;road_2_2_0_0;road_2_2_0_0;road_2_2_0_1;road_2_2_0_1;road_2_2_0_1;road_2_2_0_2;road_2_2_0_2;road_2_2_0_2,GGGrrrGGGGGGrrrrrrGGGrrrGGGGGGrrrrrr
560,intersection_3_3,road_3_4_3_0;road_3_4_3_0;road_3_4_3_0;road_3_4_3_1;road_3_4_3_1;road_3_4_3_1;road_3_4_3_2;road_3_4_3_2;road_3_4_3_2;road_4_3_2_0;road_4_3_2_0;road_4_3_2_0;road_4_3_2_1;road_4_3_2_1;road_4_3_2_1;road_4_3_2_2;road_4_3_2_2;road_4_3_2_2;road_3_2_1_0;road_3_2_1_0;road_3_2_1_0;road_3_2_1_1;road_3_2_1_1;road_3_2_1_1;road_3_2_1_2;road_3_2_1_2;road_3_2_1_2;road_2_3_0_0;road_2_3_0_0;road_2_3_0_0;road_2_3_0_1;road_2_3_0_1;road_2_3_0_1;road_2_3_0_2;road_2_3_0_2;road_2_3_0_2,GGGrrrrrrGGGGGGrrrGGGrrrrrrGGGGGGrrr
560,intersection_3_4,road_3_5_3_0;road_3_5_3_0;road_3_5_3_0;road_3_5_3_1;road_3_5_3_1;road_3_5_3_1;road_3_5_3_2;road_3_5_3_2;road_3_5_3_2;road_4_4_2_0;road_4_4_2_0;road_4_4_2_0;road_4_4_2_1;road_4_4_2_1;road_4_4_2_1;road_4_4_2_2;road_4_4_2_2;road_4_4_2_2;road_3_3_1_0;road_3_3_1_0;road_3_3_1_0;road_3_3_1_1;road_3_3_1_1;road_3_3_1_1;road_3_3_1_2;road_3_3_1_2;road_3_3_1_2;road_2_4_0_0;road_2_4_0_0;road_2_4_0_0;road_2_4_0_1;road_2_4_0_1;road_2_4_0_1;road_2_4_0_2;road_2_4_0_2;road_2_4_0_2,GGGrrrrrrGGGGGGrrrGGGrrrrrrGGGGGGrrr
560,intersection_4_1,road_4_2_3_0;road_4_2_3_0;road_4_2_3_0;road_4_2_3_1;road_4_2_3_1;road_4_2_3_1;road_4_2_3_2;road_4_2_3_2;road_4_2_3_2;road_5_1_2_0;road_5_1_2_0;road_5_1_2_0;road_5_1_2_1;road_5_1_2_1;road_5_1_2_1;road_5_1_2_2;road_5_1_2_2;road_5_1_2_2;road_4_0_1_0;road_4_0_1_0;road_4_0_1_0;road_4_0_1_1;road_4_0_1_1;road_4_0_1_1;road_4_0_1_2;road_4_0_1_2;road_4_0_1_2;road_3_1_0_0;road_3_1_0_0;road_3_1_0_0;road_3_1_0_1;road_3_1_0_1;road_3_1_0_1;road_3_1_0_2;road_3_1_0_2;road_3_1_0_2,GGGrrrrrrGGGGGGrrrGGGrrrrrrGGGGGGrrr
560,intersection_4_2,road_4_3_3_0;road_4_3_3_0;road_4_3_3_0;road_4_3_3_1;road_4_3_3_1;road_4_3_3_1;road_4_3_3_2;road_4_3_3_2;road_4_3_3_2;road_5_2_2_0;road_5_2_2_0;road_5_2_2_0;road_5_2_2_1;road_5_2_2_1;road_5_2_2_1;road_5_2_2_2;road_5_2_2_2;road_5_2_2_2;road_4_1_1_0;road_4_1_1_0;road_4_1_1_0;road_4_1_1_1;road_4_1_1_1;road_4_1_1_1;road_4_1_1_2;road_4_1_1_2;road_4_1_1_2;road_3_2_0_0;road_3_2_0_0;road_3_2_0_0;road_3_2_0_1;road_3_2_0_1;road_3_2_0_1;road_3_2_0_2;road_3_2_0_2;road_3_2_0_2,GGGrrrGGGGGGrrrrrrGGGrrrGGGGGGrrrrrr
560,intersection_4_3,road_4_4_3_0;road_4_4_3_0;road_4_4_3_0;road_4_4_3_1;road_4_4_3_1;road_4_4_3_1;road_4_4_3_2;road_4_4_3_2;road_4_4_3_2;road_5_3_2_0;road_5_3_2_0;road_5_3_2_0;road_5_3_2_1;road_5_3_2_1;road_5_3_2_1;road_5_3_2_2;road_5_3_2_2;road_5_3_2_2;road_4_2_1_0;road_4_2_1_0;road_4_2_1_0;road_4_2_1_1;road_4_2_1_1;road_4_2_1_1;road_4_2_1_2;road_4_2_1_2;road_4_2_1_2;road_3_3_0_0;road_3_3_0_0;road_3_3_0_0;road_3_3_0_1;road_3_3_0_1;road_3_3_0_1;road_3_3_0_2;road_3_3_0_2;road_3_3_0_2,GGGrrrGGGGGGrrrrrrGGGrrrGGGGGGrrrrrr
560,intersection_4_4,road_4_5_3_0;road_4_5_3_0;road_4_5_3_0;road_4_5_3_1;road_4_5_3_1;road_4_5_3_1;road_4_5_3_2;road_4_5_3_2;road_4_5_3_2;road_5_4_2_0;road_5_4_2_0;road_5_4_2_0;road_5_4_2_1;road_5_4_2_1;road_5_4_2_1;road_5_4_2_2;road_5_4_2_2;road_5_4_2_2;road_4_3_1_0;road_4_3_1_0;road_4_3_1_0;road_4_3_1_1;road_4_3_1_1;road_4_3_1_1;road_4_3_1_2;road_4_3_1_2;road_4_3_1_2;road_3_4_0_0;road_3_4_0_0;road_3_4_0_0;road_3_4_0_1;road_3_4_0_1;road_3_4_0_1;road_3_4_0_2;road_3_4_0_2;road_3_4_0_2,GGGrrrGGGGGGrrrrrrGGGrrrGGGGGGrrrrrr
570,intersection_1_1,road_1_2_3_0;road_1_2_3_0;road_1_2_3_0;road_1_2_3_1;road_1_2_3_1;road_1_2_3_1;road_1_2_3_2;road_1_2_3_2;road_1_2_3_2;road_2_1_2_0;road_2_1_2_0;road_2_1_2_0;road_2_1_2_1;road_2_1_2_1;road_2_1_2_1;road_2_1_2_2;road_2_1_2_2;road_2_1_2_2;road_1_0_1_0;road_1_0_1_0;road_1_0_1_0;road_1_0_1_1;road_1_0_1_1;road_1_0_1_1;road_1_0_1_2;road_1_0_1_2;road_1_0_1_2;road_0_1_0_0;road_0_1_0_0;road_0_1_0_0;road_0_1_0_1;road_0_1_0_1;road_0_1_0_1;road_0_1_0_2;road_0_1_0_2;road_0_1_0_2,GGGrrrrrrGGGGGGGGGGGGrrrrrrGGGrrrrrr
570,intersection_1_2,road_1_3_3_0;road_1_3_3_0;road_1_3_3_0;road_1_3_3_1;road_1_3_3_1;road_1_3_3_1;road_1_3_3_2;road_1_3_3_2;road_1_3_3_2;road_2_2_2_0;road_2_2_2_0;road_2_2_2_0;road_2_2_2_1;road_2_2_2_1;road_2_2_2_1;road_2_2_2_2;road_2_2_2_2;road_2_2_2_2;road_1_1_1_0;road_1_1_1_0;road_1_1_1_0;road_1_1_1_1;road_1_1_1_1;road_1_1_1_1;road_1_1_1_2;road_1_1_1_2;road_1_1_1_2;road_0_2_0_0;road_0_2_0_0;road_0_2_0_0;road_0_2_0_1;road_0_2_0_1;road_0_2_0_1;road_0_2_0_2;road_0_2_0_2;road_0_2_0_2,GGGGGGGGGGGGrrrrrrGGGrrrrrrGGGrrrrrr
570,intersection_1_3,road_1_4_3_0;road_1_4_3_0;road_1_4_3_0;road_1_4_3_1;road_1_4_3_1;road_1_4_3_1;road_1_4_3_2;road_1_4_3_2;road_1_4_3_2;road_2_3_2_0;road_2_3_2_0;road_2_3_2_0;road_2_3_2_1;road_2_3_2_1;road_2_3_2_1;road_2_3_2_2;road_2_3_2_2;road_2_3_2_2;road_1_2_1_0;road_1_2_1_0;road_1_2_1_0;road_1_2_1_1;road_1_2_1_1;road_1_2_1_1;road_1_2_1_2;road_1_2_1_2;road_1_2_1_2;road_0_3_0_0;road_0_3_0_0;road_0_3_0_0;road_0_3_0_1;road_0_3_0_1;road_0_3_0_1;road_0_3_0_2;road_0_3_0_2;road_0_3_0_2,GGGrrrrrrGGGGGGrrrGGGrrrrrrGGGGGGrrr
570,intersection_1_4,road_1_5_3_0;road_1_5_3_0;road_1_5_3_0;road_1_5_3_1;road_1_5_3_1;road_1_5_3_1;road_1_5_3_2;road_1_5_3_2;road_1_5_3_2;road_2_4_2_0;road_2_4_2_0;road_2_4_2_0;road_2_4_2_1;road_2_4_2_1;road_2_4_2_1;road_2_4_2_2;road_2_4_2_2;road_2_4_2_2;road_1_3_1_0;road_1_3_1_0;road_1_3_1_0;road_1_3_1_1;road_1_3_1_1;road_1_3_1_1;road_1_3_1_2;road_1_3_1_2;road_1_3_1_2;road_0_4_0_0;road_0_4_0_0;road_0_4_0_0;road_0_4_0_1;road_0_4_0_1;road_0_4_0_1;road_0_4_0_2;road_0_4_0_2;road_0_4_0_2,GGGGGGGGGGGGrrrrrrGGGrrrrrrGGGrrrrrr
570,intersection_2_1,road_2_2_3_0;road_2_2_3_0;road_2_2_3_0;road_2_2_3_1;road_2_2_3_1;road_2_2_3_1;road_2_2_3_2;road_2_2_3_2;road_2_2_3_2;road_3_1_2_0;road_3_1_2_0;road_3_1_2_0;road_3_1_2_1;road_3_1_2_1;road_3_1_2_1;road_3_1_2_2;road_3_1_2_2;road_3_1_2_2;road_2_0_1_0;road_2_0_1_0;road_2_0_1_0;road_2_0_1_1;road_2_0_1_1;road_2_0_1_1;road_2_0_1_2;road_2_0_1_2;road_2_0_1_2;road_1_1_0_0;road_1_1_0_0;road_1_1_0_0;road_1_1_0_1;road_1_1_0_1;road_1_1_0_1;road_1_1_0_2;road_1_1_0_2;road_1_1_0_2,GGGrrrrrrGGGGGGrrrGGGrrrrrrGGGGGGrrr
570,intersection_2_2,road_2_3_3_0;road_2_3_3_0;road_2_3_3_0;road_2_3_3_1;road_2_3_3_1;road_2_3_3_1;road_2_3_3_2;road_2_3_3_2;road_2_3_3_2;road_3_2_2_0;road_3_2_2_0;road_3_2_2_0;road_3_2_2_1;road_3_2_2_1;road_3_2_2_1;road_3_2_2_2;road_3_2_2_2;road_3_2_2_2;road_2_1_1_0;road_2_1_1_0;road_2_1_1_0;road_2_1_1_1;road_2_1_1_1;road_2_1_1_1;road_2_1_1_2;road_2_1_1_2;road_2_1_1_2;road_1_2_0_0;road_1_2_0_0;road_1_2_0_0;road_1_2_0_1;road_1_2_0_1;road_1_2_0_1;road_1_2_0_2;road_1_2_0_2;road_1_2_0_2,GGGrrrrrrGGGGGGrrrGGGrrrrrrGGGGGGrrr
570,intersection_2_3,road_2_4_3_0;road_2_4_3_0;road_2_4_3_0;road_2_4_3_1;road_2_4_3_1;road_2_4_3_1;road_2_4_3_2;road_2_4_3_2;road_2_4_3_2;road_3_3_2_0;road_3_3_2_0;road_3_3_2_0;road_3_3_2_1;road_3_3_2_1;road_3_3_2_1;road_3_3_2_2;road_3_3_2_2;road_3_3_2_2;road_2_2_1_0;road_2_2_1_0;road_2_2_1_0;road_2_2_1_1;road_2_2_1_1;road_2_2_1_1;road_2_2_1_2;road_2_2_1_2;road_2_2_1_2;road_1_3_0_0;road_1_3_0_0;road_1_3_0_0;road_1_3_0_1;road_1_3_0_1;road_1_3_0_1;road_1_3_0_2;road_1_3_0_2;road_1_3_0_2,GGGrrrrrrGGGGGGrrrGGGrrrrrrGGGGGGrrr
570,intersection_2_4,road_2_5_3_0;road_2_5_3_0;road_2_5_3_0;road_2_5_3_1;road_2_5_3_1;road_2_5_3_1;road_2_5_3_2;road_2_5_3_2;road_2_5_3_2;road_3_4_2_0;road_3_4_2_0;road_3_4_2_0;road_3_4_2_1;road_3_4_2_1;road_3_4_2_1;road_3_4_2_2;road_3_4_2_2;road_3_4_2_2;road_2_3_1_0;road_2_3_1_0;road_2_3_1_0;road_2_3_1_1;road_2_3_1_1;road_2_3_1_1;road_2_3_1_2;road_2_3_1_2;road_2_3_1_2;road_1_4_0_0;road_1_4_0_0;road_1_4_0_0;road_1_4_0_1;road_1_4_0_1;road_1_4_0_1;road_1_4_0_2;road_1_4_0_2;road_1_4_0_2,GGGrrrrrrGGGGGGrrrGGGrrrrrrGGGGGGrrr
570,intersection_3_1,road_3_2_3_0;road_3_2_3_0;road_3_2_3_0;road_3_2_3_1;road_3_2_3_1;road_3_2_3_1;road_3_2_3_2;road_3_2_3_2;road_3_2_3_2;road_4_1_2_0;road_4_1_2_0;road_4_1_2_0;road_4_1_2_1;road_4_1_2_1;road_4_1_2_1;road_4_1_2_2;road_4_1_2_2;road_4_1_2_2;road_3_0_1_0;road_3_0_1_0;road_3_0_1_0;road_3_0_1_1;road_3_0_1_1;road_3_0_1_1;road_3_0_1_2;road_3_0_1_2;road_3_0_1_2;road_2_1_0_0;road_2_1_0_0;road_2_1_0_0;road_2_1_0_1;road_2_1_0_1;road_2_1_0_1;road_2_1_0_2;road_2_1_0_2;road_2_1_0_2,GGGrrrrrrGGGGGGrrrGGGrrrrrrGGGGGGrrr
570,intersection_3_2,road_3_3_3_0;road_3_3_3_0;road_3_3_3_0;road_3_3_3_1;road_3_3_3_1;road_3_3_3_1;road_3_3_3_2;road_3_3_3_2;road_3_3_3_2;road_4_2_2_0;road_4_2_2_0;road_4_2_2_0;road_4_2_2_1;road_4_2_2_1;road_4_2_2_1;road_4_2_2_2;road_4_2_2_2;road_4_2_2_2;road_3_1_1_0;road_3_1_1_0;road_3_1_1_0;road_3_1_1_1;road_3_1_1_1;road_3_1_1_1;road_3_1_1_2;road_3_1_1_2;road_3_1_1_2;road_2_2_0_0;road_2_2_0_0;road_2_2_0_0;road_2_2_0_1;road_2_2_0_1;road_2_2_0_1;road_2_2_0_2;road_2_2_0_2;road_2_2_0_2,GGGrrrGGGGGGrrrrrrGGGrrrGGGGGGrrrrrr
570,intersection_3_3,road_3_4_3_0;road_3_4_3_0;road_3_4_3_0;road_3_4_3_1;road_3_4_3_1;road_3_4_3_1;road_3_4_3_2;road_3_4_3_2;road_3_4_3_2;road_4_3_2_0;road_4_3_2_0;road_4_3_2_0;road_4_3_2_1;road_4_3_2_1;road_4_3_2_1;road_4_3_2_2;road_4_3_2_2;road_4_3_2_2;road_3_2_1_0;road_3_2_1_0;road_3_2_1_0;road_3_2_1_1;road_3_2_1_1;road_3_2_1_1;road_3_2_1_2;road_3_2_1_2;road_3_2_1_2;road_2_3_0_0;road_2_3_0_0;road_2_3_0_0;road_2_3_0_1;road_2_3_0_1;road_2_3_0_1;road_2_3_0_2;road_2_3_0_2;road_2_3_0_2,GGGrrrrrrGGGGGGrrrGGGrrrrrrGGGGGGrrr
570,intersection_3_4,road_3_5_3_0;road_3_5_3_0;road_3_5_3_0;road_3_5_3_1;road_3_5_3_1;road_3_5_3_1;road_3_5_3_2;road_3_5_3_2;road_3_5_3_2;road_4_4_2_0;road_4_4_2_0;road_4_4_2_0;road_4_4_2_1;road_4_4_2_1;road_4_4_2_1;road_4_4_2_2;road_4_4_2_2;road_4_4_2_2;road_3_3_1_0;road_3_3_1_0;road_3_3_1_0;road_3_3_1_1;road_3_3_1_1;road_3_3_1_1;road_3_3_1_2;road_3_3_1_2;road_3_3_1_2;road_2_4_0_0;road_2_4_0_0;road_2_4_0_0;road_2_4_0_1;road_2_4_0_1;road_2_4_0_1;road_2_4_0_2;road_2_4_0_2;road_2_4_0_2,GGGrrrrrrGGGGGGrrrGGGrrrrrrGGGGGGrrr
570,intersection_4_1,road_4_2_3_0;road_4_2_3_0;road_4_2_3_0;road_4_2_3_1;road_4_2_3_1;road_4_2_3_1;road_4_2_3_2;road_4_2_3_2;road_4_2_3_2;road_5_1_2_0;road_5_1_2_0;road_5_1_2_0;road_5_1_2_1;road_5_1_2_1;road_5_1_2_1;road_5_1_2_2;road_5_1_2_2;road_5_1_2_2;road_4_0_1_0;road_4_0_1_0;road_4_0_1_0;road_4_0_1_1;road_4_0_1_1;road_4_0_1_1;road_4_0_1_2;road_4_0_1_2;road_4_0_1_2;road_3_1_0_0;road_3_1_0_0;road_3_1_0_0;road_3_1_0_1;road_3_1_0_1;road_3_1_0_1;road_3_1_0_2;road_3_1_0_2;road_3_1_0_2,GGGrrrrrrGGGGGGrrrGGGrrrrrrGGGGGGrrr
570,intersection_4_2,road_4_3_3_0;road_4_3_3_0;road_4_3_3_0;road_4_3_3_1;road_4_3_3_1;road_4_3_3_1;road_4_3_3_2;road_4_3_3_2;road_4_3_3_2;road_5_2_2_0;road_5_2_2_0;road_5_2_2_0;road_5_2_2_1;road_5_2_2_1;road_5_2_2_1;road_5_2_2_2;road_5_2_2_2;road_5_2_2_2;road_4_1_1_0;road_4_1_1_0;road_4_1_1_0;road_4_1_1_1;road_4_1_1_1;road_4_1_1_1;road_4_1_1_2;road_4_1_1_2;road_4_1_1_2;road_3_2_0_0;road_3_2_0_0;road_3_2_0_0;road_3_2_0_1;road_3_2_0_1;road_3_2_0_1;road_3_2_0_2;road_3_2_0_2;road_3_2_0_2,GGGrrrGGGGGGrrrrrrGGGrrrGGGGGGrrrrrr
570,intersection_4_3,road_4_4_3_0;road_4_4_3_0;road_4_4_3_0;road_4_4_3_1;road_4_4_3_1;road_4_4_3_1;road_4_4_3_2;road_4_4_3_2;road_4_4_3_2;road_5_3_2_0;road_5_3_2_0;road_5_3_2_0;road_5_3_2_1;road_5_3_2_1;road_5_3_2_1;road_5_3_2_2;road_5_3_2_2;road_5_3_2_2;road_4_2_1_0;road_4_2_1_0;road_4_2_1_0;road_4_2_1_1;road_4_2_1_1;road_4_2_1_1;road_4_2_1_2;road_4_2_1_2;road_4_2_1_2;road_3_3_0_0;road_3_3_0_0;road_3_3_0_0;road_3_3_0_1;road_3_3_0_1;road_3_3_0_1;road_3_3_0_2;road_3_3_0_2;road_3_3_0_2,GGGrrrGGGGGGrrrrrrGGGrrrGGGGGGrrrrrr
570,intersection_4_4,road_4_5_3_0;road_4_5_3_0;road_4_5_3_0;road_4_5_3_1;road_4_5_3_1;road_4_5_3_1;road_4_5_3_2;road_4_5_3_2;road_4_5_3_2;road_5_4_2_0;road_5_4_2_0;road_5_4_2_0;road_5_4_2_1;road_5_4_2_1;road_5_4_2_1;road_5_4_2_2;road_5_4_2_2;road_5_4_2_2;road_4_3_1_0;road_4_3_1_0;road_4_3_1_0;road_4_3_1_1;road_4_3_1_1;road_4_3_1_1;road_4_3_1_2;road_4_3_1_2;road_4_3_1_2;road_3_4_0_0;road_3_4_0_0;road_3_4_0_0;road_3_4_0_1;road_3_4_0_1;road_3_4_0_1;road_3_4_0_2;road_3_4_0_2;road_3_4_0_2,GGGrrrGGGGGGrrrrrrGGGrrrGGGGGGrrrrrr
580,intersection_1_1,road_1_2_3_0;road_1_2_3_0;road_1_2_3_0;road_1_2_3_1;road_1_2_3_1;road_1_2_3_1;road_1_2_3_2;road_1_2_3_2;road_1_2_3_2;road_2_1_2_0;road_2_1_2_0;road_2_1_2_0;road_2_1_2_1;road_2_1_2_1;road_2_1_2_1;road_2_1_2_2;road_2_1_2_2;road_2_1_2_2;road_1_0_1_0;road_1_0_1_0;road_1_0_1_0;road_1_0_1_1;road_1_0_1_1;road_1_0_1_1;road_1_0_1_2;road_1_0_1_2;road_1_0_1_2;road_0_1_0_0;road_0_1_0_0;road_0_1_0_0;road_0_1_0_1;road_0_1_0_1;road_0_1_0_1;road_0_1_0_2;road_0_1_0_2;road_0_1_0_2,GGGrrrrrrGGGGGGGGGGGGrrrrrrGGGrrrrrr
580,intersection_1_2,road_1_3_3_0;road_1_3_3_0;road_1_3_3_0;road_1_3_3_1;road_1_3_3_1;road_1_3_3_1;road_1_3_3_2;road_1_3_3_2;road_1_3_3_2;road_2_2_2_0;road_2_2_2_0;road_2_2_2_0;road_2_2_2_1;road_2_2_2_1;road_2_2_2_1;road_2_2_2_2;road_2_2_2_2;road_2_2_2_2;road_1_1_1_0;road_1_1_1_0;road_1_1_1_0;road_1_1_1_1;road_1_1_1_1;road_1_1_1_1;road_1_1_1_2;road_1_1_1_2;road_1_1_1_2;road_0_2_0_0;road_0_2_0_0;road_0_2_0_0;road_0_2_0_1;road_0_2_0_1;road_0_2_0_1;road_0_2_0_2;road_0_2_0_2;road_0_2_0_2,GGGGGGGGGGGGrrrrrrGGGrrrrrrGGGrrrrrr
580,intersection_1_3,road_1_4_3_0;road_1_4_3_0;road_1_4_3_0;road_1_4_3_1;road_1_4_3_1;road_1_4_3_1;road_1_4_3_2;road_1_4_3_2;road_1_4_3_2;road_2_3_2_0;road_2_3_2_0;road_2_3_2_0;road_2_3_2_1;road_2_3_2_1;road_2_3_2_1;road_2_3_2_2;road_2_3_2_2;road_2_3_2_2;road_1_2_1_0;road_1_2_1_0;road_1_2_1_0;road_1_2_1_1;road_1_2_1_1;road_1_2_1_1;road_1_2_1_2;road_1_2_1_2;road_1_2_1_2;road_0_3_0_0;road_0_3_0_0;road_0_3_0_0;road_0_3_0_1;road_0_3_0_1;road_0_3_0_1;road_0_3_0_2;road_0_3_0_2;road_0_3_0_2,GGGrrrrrrGGGGGGrrrGGGrrrrrrGGGGGGrrr
580,intersection_1_4,road_1_5_3_0;road_1_5_3_0;road_1_5_3_0;road_1_5_3_1;road_1_5_3_1;road_1_5_3_1;road_1_5_3_2;road_1_5_3_2;road_1_5_3_2;road_2_4_2_0;road_2_4_2_0;road_2_4_2_0;road_2_4_2_1;road_2_4_2_1;road_2_4_2_1;road_2_4_2_2;road_2_4_2_2;road_2_4_2_2;road_1_3_1_0;road_1_3_1_0;road_1_3_1_0;road_1_3_1_1;road_1_3_1_1;road_1_3_1_1;road_1_3_1_2;road_1_3_1_2;road_1_3_1_2;road_0_4_0_0;road_0_4_0_0;road_0_4_0_0;road_0_4_0_1;road_0_4_0_1;road_0_4_0_1;road_0_4_0_2;road_0_4_0_2;road_0_4_0_2,GGGGGGGGGGGGrrrrrrGGGrrrrrrGGGrrrrrr
580,intersection_2_1,road_2_2_3_0;road_2_2_3_0;road_2_2_3_0;road_2_2_3_1;road_2_2_3_1;road_2_2_3_1;road_2_2_3_2;road_2_2_3_2;road_2_2_3_2;road_3_1_2_0;road_3_1_2_0;road_3_1_2_0;road_3_1_2_1;road_3_1_2_1;road_3_1_2_1;road_3_1_2_2;road_3_1_2_2;road_3_1_2_2;road_2_0_1_0;road_2_0_1_0;road_2_0_1_0;road_2_0_1_1;road_2_0_1_1;road_2_0_1_1;road_2_0_1_2;road_2_0_1_2;road_2_0_1_2;road_1_1_0_0;road_1_1_0_0;road_1_1_0_0;road_1_1_0_1;road_1_1_0_1;road_1_1_0_1;road_1_1_0_2;road_1_1_0_2;road_1_1_0_2,GGGrrrrrrGGGGGGrrrGGGrrrrrrGGGGGGrrr
580,intersection_2_2,road_2_3_3_0;road_2_3_3_0;road_2_3_3_0;road_2_3_3_1;road_2_3_3_1;road_2_3_3_1;road_2_3_3_2;road_2_3_3_2;road_2_3_3_2;road_3_2_2_0;road_3_2_2_0;road_3_2_2_0;road_3_2_2_1;road_3_2_2_1;road_3_2_2_1;road_3_2_2_2;road_3_2_2_2;road_3_2_2_2;road_2_1_1_0;road_2_1_1_0;road_2_1_1_0;road_2_1_1_1;road_2_1_1_1;road_2_1_1_1;road_2_1_1_2;road_2_1_1_2;road_2_1_1_2;road_1_2_0_0;road_1_2_0_0;road_1_2_0_0;road_1_2_0_1;road_1_2_0_1;road_1_2_0_1;road_1_2_0_2;road_1_2_0_2;road_1_2_0_2,GGGrrrrrrGGGGGGrrrGGGrrrrrrGGGGGGrrr
580,intersection_2_3,road_2_4_3_0;road_2_4_3_0;road_2_4_3_0;road_2_4_3_1;road_2_4_3_1;road_2_4_3_1;road_2_4_3_2;road_2_4_3_2;road_2_4_3_2;road_3_3_2_0;road_3_3_2_0;road_3_3_2_0;road_3_3_2_1;road_3_3_2_1;road_3_3_2_1;road_3_3_2_2;road_3_3_2_2;road_3_3_2_2;road_2_2_1_0;road_2_2_1_0;road_2_2_1_0;road_2_2_1_1;road_2_2_1_1;road_2_2_1_1;road_2_2_1_2;road_2_2_1_2;road_2_2_1_2;road_1_3_0_0;road_1_3_0_0;road_1_3_0_0;road_1_3_0_1;road_1_3_0_1;road_1_3_0_1;road_1_3_0_2;road_1_3_0_2;road_1_3_0_2,GGGrrrrrrGGGGGGrrrGGGrrrrrrGGGGGGrrr
580,intersection_2_4,road_2_5_3_0;road_2_5_3_0;road_2_5_3_0;road_2_5_3_1;road_2_5_3_1;road_2_5_3_1;road_2_5_3_2;road_2_5_3_2;road_2_5_3_2;road_3_4_2_0;road_3_4_2_0;road_3_4_2_0;road_3_4_2_1;road_3_4_2_1;road_3_4_2_1;road_3_4_2_2;road_3_4_2_2;road_3_4_2_2;road_2_3_1_0;road_2_3_1_0;road_2_3_1_0;road_2_3_1_1;road_2_3_1_1;road_2_3_1_1;road_2_3_1_2;road_2_3_1_2;road_2_3_1_2;road_1_4_0_0;road_1_4_0_0;road_1_4_0_0;road_1_4_0_1;road_1_4_0_1;road_1_4_0_1;road_1_4_0_2;road_1_4_0_2;road_1_4_0_2,GGGrrrrrrGGGGGGrrrGGGrrrrrrGGGGGGrrr
580,intersection_3_1,road_3_2_3_0;road_3_2_3_0;road_3_2_3_0;road_3_2_3_1;road_3_2_3_1;road_3_2_3_1;road_3_2_3_2;road_3_2_3_2;road_3_2_3_2;road_4_1_2_0;road_4_1_2_0;road_4_1_2_0;road_4_1_2_1;road_4_1_2_1;road_4_1_2_1;road_4_1_2_2;road_4_1_2_2;road_4_1_2_2;road_3_0_1_0;road_3_0_1_0;road_3_0_1_0;road_3_0_1_1;road_3_0_1_1;road_3_0_1_1;road_3_0_1_2;road_3_0_1_2;road_3_0_1_2;road_2_1_0_0;road_2_1_0_0;road_2_1_0_0;road_2_1_0_1;road_2_1_0_1;road_2_1_0_1;road_2_1_0_2;road_2_1_0_2;road_2_1_0_2,GGGrrrrrrGGGGGGrrrGGGrrrrrrGGGGGGrrr
580,intersection_3_2,road_3_3_3_0;road_3_3_3_0;road_3_3_3_0;road_3_3_3_1;road_3_3_3_1;road_3_3_3_1;road_3_3_3_2;road_3_3_3_2;road_3_3_3_2;road_4_2_2_0;road_4_2_2_0;road_4_2_2_0;road_4_2_2_1;road_4_2_2_1;road_4_2_2_1;road_4_2_2_2;road_4_2_2_2;road_4_2_2_2;road_3_1_1_0;road_3_1_1_0;road_3_1_1_0;road_3_1_1_1;road_3_1_1_1;road_3_1_1_1;road_3_1_1_2;road_3_1_1_2;road_3_1_1_2;road_2_2_0_0;road_2_2_0_0;road_2_2_0_0;road_2_2_0_1;road_2_2_0_1;road_2_2_0_1;road_2_2_0_2;road_2_2_0_2;road_2_2_0_2,GGGrrrGGGGGGrrrrrrGGGrrrGGGGGGrrrrrr
580,intersection_3_3,road_3_4_3_0;road_3_4_3_0;road_3_4_3_0;road_3_4_3_1;road_3_4_3_1;road_3_4_3_1;road_3_4_3_2;road_3_4_3_2;road_3_4_3_2;road_4_3_2_0;road_4_3_2_0;road_4_3_2_0;road_4_3_2_1;road_4_3_2_1;road_4_3_2_1;road_4_3_2_2;road_4_3_2_2;road_4_3_2_2;road_3_2_1_0;road_3_2_1_0;road_3_2_1_0;road_3_2_1_1;road_3_2_1_1;road_3_2_1_1;road_3_2_1_2;road_3_2_1_2;road_3_2_1_2;road_2_3_0_0;road_2_3_0_0;road_2_3_0_0;road_2_3_0_1;road_2_3_0_1;road_2_3_0_1;road_2_3_0_2;road_2_3_0_2;road_2_3_0_2,GGGrrrrrrGGGGGGrrrGGGrrrrrrGGGGGGrrr
580,intersection_3_4,road_3_5_3_0;road_3_5_3_0;road_3_5_3_0;road_3_5_3_1;road_3_5_3_1;road_3_5_3_1;road_3_5_3_2;road_3_5_3_2;road_3_5_3_2;road_4_4_2_0;road_4_4_2_0;road_4_4_2_0;road_4_4_2_1;road_4_4_2_1;road_4_4_2_1;road_4_4_2_2;road_4_4_2_2;road_4_4_2_2;road_3_3_1_0;road_3_3_1_0;road_3_3_1_0;road_3_3_1_1;road_3_3_1_1;road_3_3_1_1;road_3_3_1_2;road_3_3_1_2;road_3_3_1_2;road_2_4_0_0;road_2_4_0_0;road_2_4_0_0;road_2_4_0_1;road_2_4_0_1;road_2_4_0_1;road_2_4_0_2;road_2_4_0_2;road_2_4_0_2,GGGrrrrrrGGGGGGrrrGGGrrrrrrGGGGGGrrr
580,intersection_4_1,road_4_2_3_0;road_4_2_3_0;road_4_2_3_0;road_4_2_3_1;road_4_2_3_1;road_4_2_3_1;road_4_2_3_2;road_4_2_3_2;road_4_2_3_2;road_5_1_2_0;road_5_1_2_0;road_5_1_2_0;road_5_1_2_1;road_5_1_2_1;road_5_1_2_1;road_5_1_2_2;road_5_1_2_2;road_5_1_2_2;road_4_0_1_0;road_4_0_1_0;road_4_0_1_0;road_4_0_1_1;road_4_0_1_1;road_4_0_1_1;road_4_0_1_2;road_4_0_1_2;road_4_0_1_2;road_3_1_0_0;road_3_1_0_0;road_3_1_0_0;road_3_1_0_1;road_3_1_0_1;road_3_1_0_1;road_3_1_0_2;road_3_1_0_2;road_3_1_0_2,GGGrrrrrrGGGGGGrrrGGGrrrrrrGGGGGGrrr
580,intersection_4_2,road_4_3_3_0;road_4_3_3_0;road_4_3_3_0;road_4_3_3_1;road_4_3_3_1;road_4_3_3_1;road_4_3_3_2;road_4_3_3_2;road_4_3_3_2;road_5_2_2_0;road_5_2_2_0;road_5_2_2_0;road_5_2_2_1;road_5_2_2_1;road_5_2_2_1;road_5_2_2_2;road_5_2_2_2;road_5_2_2_2;road_4_1_1_0;road_4_1_1_0;road_4_1_1_0;road_4_1_1_1;road_4_1_1_1;road_4_1_1_1;road_4_1_1_2;road_4_1_1_2;road_4_1_1_2;road_3_2_0_0;road_3_2_0_0;road_3_2_0_0;road_3_2_0_1;road_3_2_0_1;road_3_2_0_1;road_3_2_0_2;road_3_2_0_2;road_3_2_0_2,GGGrrrGGGGGGrrrrrrGGGrrrGGGGGGrrrrrr
580,intersection_4_3,road_4_4_3_0;road_4_4_3_0;road_4_4_3_0;road_4_4_3_1;road_4_4_3_1;road_4_4_3_1;road_4_4_3_2;road_4_4_3_2;road_4_4_3_2;road_5_3_2_0;road_5_3_2_0;road_5_3_2_0;road_5_3_2_1;road_5_3_2_1;road_5_3_2_1;road_5_3_2_2;road_5_3_2_2;road_5_3_2_2;road_4_2_1_0;road_4_2_1_0;road_4_2_1_0;road_4_2_1_1;road_4_2_1_1;road_4_2_1_1;road_4_2_1_2;road_4_2_1_2;road_4_2_1_2;road_3_3_0_0;road_3_3_0_0;road_3_3_0_0;road_3_3_0_1;road_3_3_0_1;road_3_3_0_1;road_3_3_0_2;road_3_3_0_2;road_3_3_0_2,GGGrrrGGGGGGrrrrrrGGGrrrGGGGGGrrrrrr
580,intersection_4_4,road_4_5_3_0;road_4_5_3_0;road_4_5_3_0;road_4_5_3_1;road_4_5_3_1;road_4_5_3_1;road_4_5_3_2;road_4_5_3_2;road_4_5_3_2;road_5_4_2_0;road_5_4_2_0;road_5_4_2_0;road_5_4_2_1;road_5_4_2_1;road_5_4_2_1;road_5_4_2_2;road_5_4_2_2;road_5_4_2_2;road_4_3_1_0;road_4_3_1_0;road_4_3_1_0;road_4_3_1_1;road_4_3_1_1;road_4_3_1_1;road_4_3_1_2;road_4_3_1_2;road_4_3_1_2;road_3_4_0_0;road_3_4_0_0;road_3_4_0_0;road_3_4_0_1;road_3_4_0_1;road_3_4_0_1;road_3_4_0_2;road_3_4_0_2;road_3_4_0_2,GGGrrrGGGGGGrrrrrrGGGrrrGGGGGGrrrrrr
590,intersection_1_1,road_1_2_3_0;road_1_2_3_0;road_1_2_3_0;road_1_2_3_1;road_1_2_3_1;road_1_2_3_1;road_1_2_3_2;road_1_2_3_2;road_1_2_3_2;road_2_1_2_0;road_2_1_2_0;road_2_1_2_0;road_2_1_2_1;road_2_1_2_1;road_2_1_2_1;road_2_1_2_2;road_2_1_2_2;road_2_1_2_2;road_1_0_1_0;road_1_0_1_0;road_1_0_1_0;road_1_0_1_1;road_1_0_1_1;road_1_0_1_1;road_1_0_1_2;road_1_0_1_2;road_1_0_1_2;road_0_1_0_0;road_0_1_0_0;road_0_1_0_0;road_0_1_0_1;road_0_1_0_1;road_0_1_0_1;road_0_1_0_2;road_0_1_0_2;road_0_1_0_2,GGGrrrrrrGGGGGGGGGGGGrrrrrrGGGrrrrrr
590,intersection_1_2,road_1_3_3_0;road_1_3_3_0;road_1_3_3_0;road_1_3_3_1;road_1_3_3_1;road_1_3_3_1;road_1_3_3_2;road_1_3_3_2;road_1_3_3_2;road_2_2_2_0;road_2_2_2_0;road_2_2_2_0;road_2_2_2_1;road_2_2_2_1;road_2_2_2_1;road_2_2_2_2;road_2_2_2_2;road_2_2_2_2;road_1_1_1_0;road_1_1_1_0;road_1_1_1_0;road_1_1_1_1;road_1_1_1_1;road_1_1_1_1;road_1_1_1_2;road_1_1_1_2;road_1_1_1_2;road_0_2_0_0;road_0_2_0_0;road_0_2_0_0;road_0_2_0_1;road_0_2_0_1;road_0_2_0_1;road_0_2_0_2;road_0_2_0_2;road_0_2_0_2,GGGGGGGGGGGGrrrrrrGGGrrrrrrGGGrrrrrr
590,intersection_1_3,road_1_4_3_0;road_1_4_3_0;road_1_4_3_0;road_1_4_3_1;road_1_4_3_1;road_1_4_3_1;road_1_4_3_2;road_1_4_3_2;road_1_4_3_2;road_2_3_2_0;road_2_3_2_0;road_2_3_2_0;road_2_3_2_1;road_2_3_2_1;road_2_3_2_1;road_2_3_2_2;road_2_3_2_2;road_2_3_2_2;road_1_2_1_0;road_1_2_1_0;road_1_2_1_0;road_1_2_1_1;road_1_2_1_1;road_1_2_1_1;road_1_2_1_2;road_1_2_1_2;road_1_2_1_2;road_0_3_0_0;road_0_3_0_0;road_0_3_0_0;road_0_3_0_1;road_0_3_0_1;road_0_3_0_1;road_0_3_0_2;road_0_3_0_2;road_0_3_0_2,GGGrrrrrrGGGGGGrrrGGGrrrrrrGGGGGGrrr
590,intersection_1_4,road_1_5_3_0;road_1_5_3_0;road_1_5_3_0;road_1_5_3_1;road_1_5_3_1;road_1_5_3_1;road_1_5_3_2;road_1_5_3_2;road_1_5_3_2;road_2_4_2_0;road_2_4_2_0;road_2_4_2_0;road_2_4_2_1;road_2_4_2_1;road_2_4_2_1;road_2_4_2_2;road_2_4_2_2;road_2_4_2_2;road_1_3_1_0;road_1_3_1_0;road_1_3_1_0;road_1_3_1_1;road_1_3_1_1;road_1_3_1_1;road_1_3_1_2;road_1_3_1_2;road_1_3_1_2;road_0_4_0_0;road_0_4_0_0;road_0_4_0_0;road_0_4_0_1;road_0_4_0_1;road_0_4_0_1;road_0_4_0_2;road_0_4_0_2;road_0_4_0_2,GGGGGGGGGGGGrrrrrrGGGrrrrrrGGGrrrrrr
590,intersection_2_1,road_2_2_3_0;road_2_2_3_0;road_2_2_3_0;road_2_2_3_1;road_2_2_3_1;road_2_2_3_1;road_2_2_3_2;road_2_2_3_2;road_2_2_3_2;road_3_1_2_0;road_3_1_2_0;road_3_1_2_0;road_3_1_2_1;road_3_1_2_1;road_3_1_2_1;road_3_1_2_2;road_3_1_2_2;road_3_1_2_2;road_2_0_1_0;road_2_0_1_0;road_2_0_1_0;road_2_0_1_1;road_2_0_1_1;road_2_0_1_1;road_2_0_1_2;road_2_0_1_2;road_2_0_1_2;road_1_1_0_0;road_1_1_0_0;road_1_1_0_0;road_1_1_0_1;road_1_1_0_1;road_1_1_0_1;road_1_1_0_2;road_1_1_0_2;road_1_1_0_2,GGGrrrrrrGGGGGGrrrGGGrrrrrrGGGGGGrrr
590,intersection_2_2,road_2_3_3_0;road_2_3_3_0;road_2_3_3_0;road_2_3_3_1;road_2_3_3_1;road_2_3_3_1;road_2_3_3_2;road_2_3_3_2;road_2_3_3_2;road_3_2_2_0;road_3_2_2_0;road_3_2_2_0;road_3_2_2_1;road_3_2_2_1;road_3_2_2_1;road_3_2_2_2;road_3_2_2_2;road_3_2_2_2;road_2_1_1_0;road_2_1_1_0;road_2_1_1_0;road_2_1_1_1;road_2_1_1_1;road_2_1_1_1;road_2_1_1_2;road_2_1_1_2;road_2_1_1_2;road_1_2_0_0;road_1_2_0_0;road_1_2_0_0;road_1_2_0_1;road_1_2_0_1;road_1_2_0_1;road_1_2_0_2;road_1_2_0_2;road_1_2_0_2,GGGrrrrrrGGGGGGrrrGGGrrrrrrGGGGGGrrr
590,intersection_2_3,road_2_4_3_0;road_2_4_3_0;road_2_4_3_0;road_2_4_3_1;road_2_4_3_1;road_2_4_3_1;road_2_4_3_2;road_2_4_3_2;road_2_4_3_2;road_3_3_2_0;road_3_3_2_0;road_3_3_2_0;road_3_3_2_1;road_3_3_2_1;road_3_3_2_1;road_3_3_2_2;road_3_3_2_2;road_3_3_2_2;road_2_2_1_0;road_2_2_1_0;road_2_2_1_0;road_2_2_1_1;road_2_2_1_1;road_2_2_1_1;road_2_2_1_2;road_2_2_1_2;road_2_2_1_2;road_1_3_0_0;road_1_3_0_0;road_1_3_0_0;road_1_3_0_1;road_1_3_0_1;road_1_3_0_1;road_1_3_0_2;road_1_3_0_2;road_1_3_0_2,GGGrrrrrrGGGGGGrrrGGGrrrrrrGGGGGGrrr
590,intersection_2_4,road_2_5_3_0;road_2_5_3_0;road_2_5_3_0;road_2_5_3_1;road_2_5_3_1;road_2_5_3_1;road_2_5_3_2;road_2_5_3_2;road_2_5_3_2;road_3_4_2_0;road_3_4_2_0;road_3_4_2_0;road_3_4_2_1;road_3_4_2_1;road_3_4_2_1;road_3_4_2_2;road_3_4_2_2;road_3_4_2_2;road_2_3_1_0;road_2_3_1_0;road_2_3_1_0;road_2_3_1_1;road_2_3_1_1;road_2_3_1_1;road_2_3_1_2;road_2_3_1_2;road_2_3_1_2;road_1_4_0_0;road_1_4_0_0;road_1_4_0_0;road_1_4_0_1;road_1_4_0_1;road_1_4_0_1;road_1_4_0_2;road_1_4_0_2;road_1_4_0_2,GGGrrrrrrGGGGGGrrrGGGrrrrrrGGGGGGrrr
590,intersection_3_1,road_3_2_3_0;road_3_2_3_0;road_3_2_3_0;road_3_2_3_1;road_3_2_3_1;road_3_2_3_1;road_3_2_3_2;road_3_2_3_2;road_3_2_3_2;road_4_1_2_0;road_4_1_2_0;road_4_1_2_0;road_4_1_2_1;road_4_1_2_1;road_4_1_2_1;road_4_1_2_2;road_4_1_2_2;road_4_1_2_2;road_3_0_1_0;road_3_0_1_0;road_3_0_1_0;road_3_0_1_1;road_3_0_1_1;road_3_0_1_1;road_3_0_1_2;road_3_0_1_2;road_3_0_1_2;road_2_1_0_0;road_2_1_0_0;road_2_1_0_0;road_2_1_0_1;road_2_1_0_1;road_2_1_0_1;road_2_1_0_2;road_2_1_0_2;road_2_1_0_2,GGGrrrrrrGGGGGGrrrGGGrrrrrrGGGGGGrrr
590,intersection_3_2,road_3_3_3_0;road_3_3_3_0;road_3_3_3_0;road_3_3_3_1;road_3_3_3_1;road_3_3_3_1;road_3_3_3_2;road_3_3_3_2;road_3_3_3_2;road_4_2_2_0;road_4_2_2_0;road_4_2_2_0;road_4_2_2_1;road_4_2_2_1;road_4_2_2_1;road_4_2_2_2;road_4_2_2_2;road_4_2_2_2;road_3_1_1_0;road_3_1_1_0;road_3_1_1_0;road_3_1_1_1;road_3_1_1_1;road_3_1_1_1;road_3_1_1_2;road_3_1_1_2;road_3_1_1_2;road_2_2_0_0;road_2_2_0_0;road_2_2_0_0;road_2_2_0_1;road_2_2_0_1;road_2_2_0_1;road_2_2_0_2;road_2_2_0_2;road_2_2_0_2,GGGrrrGGGGGGrrrrrrGGGrrrGGGGGGrrrrrr
590,intersection_3_3,road_3_4_3_0;road_3_4_3_0;road_3_4_3_0;road_3_4_3_1;road_3_4_3_1;road_3_4_3_1;road_3_4_3_2;road_3_4_3_2;road_3_4_3_2;road_4_3_2_0;road_4_3_2_0;road_4_3_2_0;road_4_3_2_1;road_4_3_2_1;road_4_3_2_1;road_4_3_2_2;road_4_3_2_2;road_4_3_2_2;road_3_2_1_0;road_3_2_1_0;road_3_2_1_0;road_3_2_1_1;road_3_2_1_1;road_3_2_1_1;road_3_2_1_2;road_3_2_1_2;road_3_2_1_2;road_2_3_0_0;road_2_3_0_0;road_2_3_0_0;road_2_3_0_1;road_2_3_0_1;road_2_3_0_1;road_2_3_0_2;road_2_3_0_2;road_2_3_0_2,GGGrrrrrrGGGGGGrrrGGGrrrrrrGGGGGGrrr
590,intersection_3_4,road_3_5_3_0;road_3_5_3_0;road_3_5_3_0;road_3_5_3_1;road_3_5_3_1;road_3_5_3_1;road_3_5_3_2;road_3_5_3_2;road_3_5_3_2;road_4_4_2_0;road_4_4_2_0;road_4_4_2_0;road_4_4_2_1;road_4_4_2_1;road_4_4_2_1;road_4_4_2_2;road_4_4_2_2;road_4_4_2_2;road_3_3_1_0;road_3_3_1_0;road_3_3_1_0;road_3_3_1_1;road_3_3_1_1;road_3_3_1_1;road_3_3_1_2;road_3_3_1_2;road_3_3_1_2;road_2_4_0_0;road_2_4_0_0;road_2_4_0_0;road_2_4_0_1;road_2_4_0_1;road_2_4_0_1;road_2_4_0_2;road_2_4_0_2;road_2_4_0_2,GGGrrrrrrGGGGGGrrrGGGrrrrrrGGGGGGrrr
590,intersection_4_1,road_4_2_3_0;road_4_2_3_0;road_4_2_3_0;road_4_2_3_1;road_4_2_3_1;road_4_2_3_1;road_4_2_3_2;road_4_2_3_2;road_4_2_3_2;road_5_1_2_0;road_5_1_2_0;road_5_1_2_0;road_5_1_2_1;road_5_1_2_1;road_5_1_2_1;road_5_1_2_2;road_5_1_2_2;road_5_1_2_2;road_4_0_1_0;road_4_0_1_0;road_4_0_1_0;road_4_0_1_1;road_4_0_1_1;road_4_0_1_1;road_4_0_1_2;road_4_0_1_2;road_4_0_1_2;road_3_1_0_0;road_3_1_0_0;road_3_1_0_0;road_3_1_0_1;road_3_1_0_1;road_3_1_0_1;road_3_1_0_2;road_3_1_0_2;road_3_1_0_2,GGGrrrrrrGGGGGGrrrGGGrrrrrrGGGGGGrrr
590,intersection_4_2,road_4_3_3_0;road_4_3_3_0;road_4_3_3_0;road_4_3_3_1;road_4_3_3_1;road_4_3_3_1;road_4_3_3_2;road_4_3_3_2;road_4_3_3_2;road_5_2_2_0;road_5_2_2_0;road_5_2_2_0;road_5_2_2_1;road_5_2_2_1;road_5_2_2_1;road_5_2_2_2;road_5_2_2_2;road_5_2_2_2;road_4_1_1_0;road_4_1_1_0;road_4_1_1_0;road_4_1_1_1;road_4_1_1_1;road_4_1_1_1;road_4_1_1_2;road_4_1_1_2;road_4_1_1_2;road_3_2_0_0;road_3_2_0_0;road_3_2_0_0;road_3_2_0_1;road_3_2_0_1;road_3_2_0_1;road_3_2_0_2;road_3_2_0_2;road_3_2_0_2,GGGrrrGGGGGGrrrrrrGGGrrrGGGGGGrrrrrr
590,intersection_4_3,road_4_4_3_0;road_4_4_3_0;road_4_4_3_0;road_4_4_3_1;road_4_4_3_1;road_4_4_3_1;road_4_4_3_2;road_4_4_3_2;road_4_4_3_2;road_5_3_2_0;road_5_3_2_0;road_5_3_2_0;road_5_3_2_1;road_5_3_2_1;road_5_3_2_1;road_5_3_2_2;road_5_3_2_2;road_5_3_2_2;road_4_2_1_0;road_4_2_1_0;road_4_2_1_0;road_4_2_1_1;road_4_2_1_1;road_4_2_1_1;road_4_2_1_2;road_4_2_1_2;road_4_2_1_2;road_3_3_0_0;road_3_3_0_0;road_3_3_0_0;road_3_3_0_1;road_3_3_0_1;road_3_3_0_1;road_3_3_0_2;road_3_3_0_2;road_3_3_0_2,GGGrrrGGGGGGrrrrrrGGGrrrGGGGGGrrrrrr
590,intersection_4_4,road_4_5_3_0;road_4_5_3_0;road_4_5_3_0;road_4_5_3_1;road_4_5_3_1;road_4_5_3_1;road_4_5_3_2;road_4_5_3_2;road_4_5_3_2;road_5_4_2_0;road_5_4_2_0;road_5_4_2_0;road_5_4_2_1;road_5_4_2_1;road_5_4_2_1;road_5_4_2_2;road_5_4_2_2;road_5_4_2_2;road_4_3_1_0;road_4_3_1_0;road_4_3_1_0;road_4_3_1_1;road_4_3_1_1;road_4_3_1_1;road_4_3_1_2;road_4_3_1_2;road_4_3_1_2;road_3_4_0_0;road_3_4_0_0;road_3_4_0_0;road_3_4_0_1;road_3_4_0_1;road_3_4_0_1;road_3_4_0_2;road_3_4_0_2;road_3_4_0_2,GGGrrrGGGGGGrrrrrrGGGrrrGGGGGGrrrrrr
