sim_time,agent_idx,step,lane,gradient,cumulative_fake_before_this_step,fake_vehicles_this_step
0,0,0,road_1_2_3_0,0.0,0,0
0,0,0,road_1_2_3_1,-0.00016070512356236577,0,0
0,0,0,road_1_2_3_2,-0.00016070531273726374,0,0
0,0,0,road_2_1_2_0,0.0,0,0
0,0,0,road_2_1_2_1,0.0003069000376854092,0,3
0,0,0,road_2_1_2_2,-0.0002681637997739017,0,0
0,0,0,road_1_0_1_0,0.0,0,0
0,0,0,road_1_0_1_1,-0.0001607051963219419,0,0
0,0,0,road_1_0_1_2,-0.00016070541460067034,0,0
0,0,0,road_0_1_0_0,0.0,0,0
0,0,0,road_0_1_0_1,0.00030690000858157873,0,3
0,0,0,road_0_1_0_2,-0.00026816397439688444,0,0
0,0,0,road_1_3_3_0,0.0,0,0
0,0,0,road_1_3_3_1,-0.00016070512356236577,0,0
0,0,0,road_1_3_3_2,-0.00016070531273726374,0,0
0,0,0,road_2_2_2_0,0.0,0,0
0,0,0,road_2_2_2_1,0.0003069000376854092,0,3
0,0,0,road_2_2_2_2,-0.0002681637997739017,0,0
0,0,0,road_1_1_1_0,0.0,0,0
0,0,0,road_1_1_1_1,-0.0001607051963219419,0,0
0,0,0,road_1_1_1_2,-0.00016070541460067034,0,0
0,0,0,road_0_2_0_0,0.0,0,0
0,0,0,road_0_2_0_1,0.00030690000858157873,0,3
0,0,0,road_0_2_0_2,-0.00026816397439688444,0,0
0,0,0,road_1_4_3_0,0.0,0,0
0,0,0,road_1_4_3_1,-0.00016070512356236577,0,0
0,0,0,road_1_4_3_2,-0.00016070531273726374,0,0
0,0,0,road_2_3_2_0,0.0,0,0
0,0,0,road_2_3_2_1,0.0003069000376854092,0,3
0,0,0,road_2_3_2_2,-0.0002681637997739017,0,0
0,0,0,road_1_2_1_0,0.0,0,0
0,0,0,road_1_2_1_1,-0.0001607051963219419,0,0
0,0,0,road_1_2_1_2,-0.00016070541460067034,0,0
0,0,0,road_0_3_0_0,0.0,0,0
0,0,0,road_0_3_0_1,0.00030690000858157873,0,3
0,0,0,road_0_3_0_2,-0.00026816397439688444,0,0
0,0,0,road_1_5_3_0,0.0,0,0
0,0,0,road_1_5_3_1,-0.00016070512356236577,0,0
0,0,0,road_1_5_3_2,-0.00016070531273726374,0,0
0,0,0,road_2_4_2_0,0.0,0,0
0,0,0,road_2_4_2_1,0.0003069000376854092,0,3
0,0,0,road_2_4_2_2,-0.0002681637997739017,0,0
0,0,0,road_1_3_1_0,0.0,0,0
0,0,0,road_1_3_1_1,-0.0001607051963219419,0,0
0,0,0,road_1_3_1_2,-0.00016070541460067034,0,0
0,0,0,road_0_4_0_0,0.0,0,0
0,0,0,road_0_4_0_1,0.00030690000858157873,0,3
0,0,0,road_0_4_0_2,-0.00026816397439688444,0,0
0,0,0,road_2_2_3_0,0.0,0,0
0,0,0,road_2_2_3_1,-0.00016070512356236577,0,0
0,0,0,road_2_2_3_2,-0.00016070531273726374,0,0
0,0,0,road_3_1_2_0,0.0,0,0
0,0,0,road_3_1_2_1,0.0003069000376854092,0,3
0,0,0,road_3_1_2_2,-0.0002681637997739017,0,0
0,0,0,road_2_0_1_0,0.0,0,0
0,0,0,road_2_0_1_1,-0.0001607051963219419,0,0
0,0,0,road_2_0_1_2,-0.00016070541460067034,0,0
0,0,0,road_1_1_0_0,0.0,0,0
0,0,0,road_1_1_0_1,0.00030690000858157873,0,3
0,0,0,road_1_1_0_2,-0.00026816397439688444,0,0
0,0,0,road_2_3_3_0,0.0,0,0
0,0,0,road_2_3_3_1,-0.00016070512356236577,0,0
0,0,0,road_2_3_3_2,-0.00016070531273726374,0,0
0,0,0,road_3_2_2_0,0.0,0,0
0,0,0,road_3_2_2_1,0.0003069000376854092,0,3
0,0,0,road_3_2_2_2,-0.0002681637997739017,0,0
0,0,0,road_2_1_1_0,0.0,0,0
0,0,0,road_2_1_1_1,-0.0001607051963219419,0,0
0,0,0,road_2_1_1_2,-0.00016070541460067034,0,0
0,0,0,road_1_2_0_0,0.0,0,0
0,0,0,road_1_2_0_1,0.00030690000858157873,0,3
0,0,0,road_1_2_0_2,-0.00026816397439688444,0,0
0,0,0,road_2_4_3_0,0.0,0,0
0,0,0,road_2_4_3_1,-0.00016070512356236577,0,0
0,0,0,road_2_4_3_2,-0.00016070531273726374,0,0
0,0,0,road_3_3_2_0,0.0,0,0
0,0,0,road_3_3_2_1,0.0003069000376854092,0,3
0,0,0,road_3_3_2_2,-0.0002681637997739017,0,0
0,0,0,road_2_2_1_0,0.0,0,0
0,0,0,road_2_2_1_1,-0.0001607051963219419,0,0
0,0,0,road_2_2_1_2,-0.00016070541460067034,0,0
0,0,0,road_1_3_0_0,0.0,0,0
0,0,0,road_1_3_0_1,0.00030690000858157873,0,3
0,0,0,road_1_3_0_2,-0.00026816397439688444,0,0
0,0,0,road_2_5_3_0,0.0,0,0
0,0,0,road_2_5_3_1,-0.00016070512356236577,0,0
0,0,0,road_2_5_3_2,-0.00016070531273726374,0,0
0,0,0,road_3_4_2_0,0.0,0,0
0,0,0,road_3_4_2_1,0.0003069000376854092,0,3
0,0,0,road_3_4_2_2,-0.0002681637997739017,0,0
0,0,0,road_2_3_1_0,0.0,0,0
0,0,0,road_2_3_1_1,-0.0001607051963219419,0,0
0,0,0,road_2_3_1_2,-0.00016070541460067034,0,0
0,0,0,road_1_4_0_0,0.0,0,0
0,0,0,road_1_4_0_1,0.00030690000858157873,0,3
0,0,0,road_1_4_0_2,-0.00026816397439688444,0,0
0,0,0,road_3_2_3_0,0.0,0,0
0,0,0,road_3_2_3_1,-0.00016070512356236577,0,0
0,0,0,road_3_2_3_2,-0.00016070531273726374,0,0
0,0,0,road_4_1_2_0,0.0,0,0
0,0,0,road_4_1_2_1,0.0003069000376854092,0,3
0,0,0,road_4_1_2_2,-0.0002681637997739017,0,0
0,0,0,road_3_0_1_0,0.0,0,0
0,0,0,road_3_0_1_1,-0.0001607051963219419,0,0
0,0,0,road_3_0_1_2,-0.00016070541460067034,0,0
0,0,0,road_2_1_0_0,0.0,0,0
0,0,0,road_2_1_0_1,0.00030690000858157873,0,3
0,0,0,road_2_1_0_2,-0.00026816397439688444,0,0
0,0,0,road_3_3_3_0,0.0,0,0
0,0,0,road_3_3_3_1,-0.00016070512356236577,0,0
0,0,0,road_3_3_3_2,-0.00016070531273726374,0,0
0,0,0,road_4_2_2_0,0.0,0,0
0,0,0,road_4_2_2_1,0.0003069000376854092,0,3
0,0,0,road_4_2_2_2,-0.0002681637997739017,0,0
0,0,0,road_3_1_1_0,0.0,0,0
0,0,0,road_3_1_1_1,-0.0001607051963219419,0,0
0,0,0,road_3_1_1_2,-0.00016070541460067034,0,0
0,0,0,road_2_2_0_0,0.0,0,0
0,0,0,road_2_2_0_1,0.00030690000858157873,0,3
0,0,0,road_2_2_0_2,-0.00026816397439688444,0,0
0,0,0,road_3_4_3_0,0.0,0,0
0,0,0,road_3_4_3_1,-0.00016070512356236577,0,0
0,0,0,road_3_4_3_2,-0.00016070531273726374,0,0
0,0,0,road_4_3_2_0,0.0,0,0
0,0,0,road_4_3_2_1,0.0003069000376854092,0,3
0,0,0,road_4_3_2_2,-0.0002681637997739017,0,0
0,0,0,road_3_2_1_0,0.0,0,0
0,0,0,road_3_2_1_1,-0.0001607051963219419,0,0
0,0,0,road_3_2_1_2,-0.00016070541460067034,0,0
0,0,0,road_2_3_0_0,0.0,0,0
0,0,0,road_2_3_0_1,0.00030690000858157873,0,3
0,0,0,road_2_3_0_2,-0.00026816397439688444,0,0
0,0,0,road_3_5_3_0,0.0,0,0
0,0,0,road_3_5_3_1,-0.00016070512356236577,0,0
0,0,0,road_3_5_3_2,-0.00016070531273726374,0,0
0,0,0,road_4_4_2_0,0.0,0,0
0,0,0,road_4_4_2_1,0.0003069000376854092,0,3
0,0,0,road_4_4_2_2,-0.0002681637997739017,0,0
0,0,0,road_3_3_1_0,0.0,0,0
0,0,0,road_3_3_1_1,-0.0001607051963219419,0,0
0,0,0,road_3_3_1_2,-0.00016070541460067034,0,0
0,0,0,road_2_4_0_0,0.0,0,0
0,0,0,road_2_4_0_1,0.00030690000858157873,0,3
0,0,0,road_2_4_0_2,-0.00026816397439688444,0,0
0,0,0,road_4_2_3_0,0.0,0,0
0,0,0,road_4_2_3_1,-0.00016070512356236577,0,0
0,0,0,road_4_2_3_2,-0.00016070531273726374,0,0
0,0,0,road_5_1_2_0,0.0,0,0
0,0,0,road_5_1_2_1,0.0003069000376854092,0,3
0,0,0,road_5_1_2_2,-0.0002681637997739017,0,0
0,0,0,road_4_0_1_0,0.0,0,0
0,0,0,road_4_0_1_1,-0.0001607051963219419,0,0
0,0,0,road_4_0_1_2,-0.00016070541460067034,0,0
0,0,0,road_3_1_0_0,0.0,0,0
0,0,0,road_3_1_0_1,0.00030690000858157873,0,3
0,0,0,road_3_1_0_2,-0.00026816397439688444,0,0
0,0,0,road_4_3_3_0,0.0,0,0
0,0,0,road_4_3_3_1,-0.00016070512356236577,0,0
0,0,0,road_4_3_3_2,-0.00016070531273726374,0,0
0,0,0,road_5_2_2_0,0.0,0,0
0,0,0,road_5_2_2_1,0.0003069000376854092,0,3
0,0,0,road_5_2_2_2,-0.0002681637997739017,0,0
0,0,0,road_4_1_1_0,0.0,0,0
0,0,0,road_4_1_1_1,-0.0001607051963219419,0,0
0,0,0,road_4_1_1_2,-0.00016070541460067034,0,0
0,0,0,road_3_2_0_0,0.0,0,0
0,0,0,road_3_2_0_1,0.00030690000858157873,0,3
0,0,0,road_3_2_0_2,-0.00026816397439688444,0,0
0,0,0,road_4_4_3_0,0.0,0,0
0,0,0,road_4_4_3_1,-0.00016070512356236577,0,0
0,0,0,road_4_4_3_2,-0.00016070531273726374,0,0
0,0,0,road_5_3_2_0,0.0,0,0
0,0,0,road_5_3_2_1,0.0003069000376854092,0,3
0,0,0,road_5_3_2_2,-0.0002681637997739017,0,0
0,0,0,road_4_2_1_0,0.0,0,0
0,0,0,road_4_2_1_1,-0.0001607051963219419,0,0
0,0,0,road_4_2_1_2,-0.00016070541460067034,0,0
0,0,0,road_3_3_0_0,0.0,0,0
0,0,0,road_3_3_0_1,0.00030690000858157873,0,3
0,0,0,road_3_3_0_2,-0.00026816397439688444,0,0
0,0,0,road_4_5_3_0,0.0,0,0
0,0,0,road_4_5_3_1,-0.00016070512356236577,0,0
0,0,0,road_4_5_3_2,-0.00016070531273726374,0,0
0,0,0,road_5_4_2_0,0.0,0,0
0,0,0,road_5_4_2_1,0.0003069000376854092,0,3
0,0,0,road_5_4_2_2,-0.0002681637997739017,0,0
0,0,0,road_4_3_1_0,0.0,0,0
0,0,0,road_4_3_1_1,-0.0001607051963219419,0,0
0,0,0,road_4_3_1_2,-0.00016070541460067034,0,0
0,0,0,road_3_4_0_0,0.0,0,0
0,0,0,road_3_4_0_1,0.00030690000858157873,0,3
0,0,0,road_3_4_0_2,-0.00026816397439688444,0,0
0,0,1,road_1_2_3_0,0.0,0,0
0,0,1,road_1_2_3_1,-0.0003232968447264284,0,0
0,0,1,road_1_2_3_2,-0.0003232967865187675,0,0
0,0,1,road_2_1_2_0,0.0,0,0
0,0,1,road_2_1_2_1,-0.006982168648391962,3,0
0,0,1,road_2_1_2_2,-0.00017046823631972075,0,0
0,0,1,road_1_0_1_0,0.0,0,0
0,0,1,road_1_0_1_1,-0.0003232969029340893,0,0
0,0,1,road_1_0_1_2,-0.00032329693203791976,0,0
0,0,1,road_0_1_0_0,0.0,0,0
0,0,1,road_0_1_0_1,-0.006982168182730675,3,0
0,0,1,road_0_1_0_2,-0.00017046817811205983,0,0
0,0,1,road_1_3_3_0,0.0,0,0
0,0,1,road_1_3_3_1,-0.0003232968447264284,0,0
0,0,1,road_1_3_3_2,-0.0003232967865187675,0,0
0,0,1,road_2_2_2_0,0.0,0,0
0,0,1,road_2_2_2_1,-0.006982168648391962,3,0
0,0,1,road_2_2_2_2,-0.00017046823631972075,0,0
0,0,1,road_1_1_1_0,0.0,0,0
0,0,1,road_1_1_1_1,-0.0003232969029340893,0,0
0,0,1,road_1_1_1_2,-0.00032329693203791976,0,0
0,0,1,road_0_2_0_0,0.0,0,0
0,0,1,road_0_2_0_1,-0.006982168182730675,3,0
0,0,1,road_0_2_0_2,-0.00017046817811205983,0,0
0,0,1,road_1_4_3_0,0.0,0,0
0,0,1,road_1_4_3_1,-0.0003232968447264284,0,0
0,0,1,road_1_4_3_2,-0.0003232967865187675,0,0
0,0,1,road_2_3_2_0,0.0,0,0
0,0,1,road_2_3_2_1,-0.006982168648391962,3,0
0,0,1,road_2_3_2_2,-0.00017046823631972075,0,0
0,0,1,road_1_2_1_0,0.0,0,0
0,0,1,road_1_2_1_1,-0.0003232969029340893,0,0
0,0,1,road_1_2_1_2,-0.00032329693203791976,0,0
0,0,1,road_0_3_0_0,0.0,0,0
0,0,1,road_0_3_0_1,-0.006982168182730675,3,0
0,0,1,road_0_3_0_2,-0.00017046817811205983,0,0
0,0,1,road_1_5_3_0,0.0,0,0
0,0,1,road_1_5_3_1,-0.0003232968447264284,0,0
0,0,1,road_1_5_3_2,-0.0003232967865187675,0,0
0,0,1,road_2_4_2_0,0.0,0,0
0,0,1,road_2_4_2_1,-0.006982168648391962,3,0
0,0,1,road_2_4_2_2,-0.00017046823631972075,0,0
0,0,1,road_1_3_1_0,0.0,0,0
0,0,1,road_1_3_1_1,-0.0003232969029340893,0,0
0,0,1,road_1_3_1_2,-0.00032329693203791976,0,0
0,0,1,road_0_4_0_0,0.0,0,0
0,0,1,road_0_4_0_1,-0.006982168182730675,3,0
0,0,1,road_0_4_0_2,-0.00017046817811205983,0,0
0,0,1,road_2_2_3_0,0.0,0,0
0,0,1,road_2_2_3_1,-0.0003232968447264284,0,0
0,0,1,road_2_2_3_2,-0.0003232967865187675,0,0
0,0,1,road_3_1_2_0,0.0,0,0
0,0,1,road_3_1_2_1,-0.006982168648391962,3,0
0,0,1,road_3_1_2_2,-0.00017046823631972075,0,0
0,0,1,road_2_0_1_0,0.0,0,0
0,0,1,road_2_0_1_1,-0.0003232969029340893,0,0
0,0,1,road_2_0_1_2,-0.00032329693203791976,0,0
0,0,1,road_1_1_0_0,0.0,0,0
0,0,1,road_1_1_0_1,-0.006982168182730675,3,0
0,0,1,road_1_1_0_2,-0.00017046817811205983,0,0
0,0,1,road_2_3_3_0,0.0,0,0
0,0,1,road_2_3_3_1,-0.0003232968447264284,0,0
0,0,1,road_2_3_3_2,-0.0003232967865187675,0,0
0,0,1,road_3_2_2_0,0.0,0,0
0,0,1,road_3_2_2_1,-0.006982168648391962,3,0
0,0,1,road_3_2_2_2,-0.00017046823631972075,0,0
0,0,1,road_2_1_1_0,0.0,0,0
0,0,1,road_2_1_1_1,-0.0003232969029340893,0,0
0,0,1,road_2_1_1_2,-0.00032329693203791976,0,0
0,0,1,road_1_2_0_0,0.0,0,0
0,0,1,road_1_2_0_1,-0.006982168182730675,3,0
0,0,1,road_1_2_0_2,-0.00017046817811205983,0,0
0,0,1,road_2_4_3_0,0.0,0,0
0,0,1,road_2_4_3_1,-0.0003232968447264284,0,0
0,0,1,road_2_4_3_2,-0.0003232967865187675,0,0
0,0,1,road_3_3_2_0,0.0,0,0
0,0,1,road_3_3_2_1,-0.006982168648391962,3,0
0,0,1,road_3_3_2_2,-0.00017046823631972075,0,0
0,0,1,road_2_2_1_0,0.0,0,0
0,0,1,road_2_2_1_1,-0.0003232969029340893,0,0
0,0,1,road_2_2_1_2,-0.00032329693203791976,0,0
0,0,1,road_1_3_0_0,0.0,0,0
0,0,1,road_1_3_0_1,-0.006982168182730675,3,0
0,0,1,road_1_3_0_2,-0.00017046817811205983,0,0
0,0,1,road_2_5_3_0,0.0,0,0
0,0,1,road_2_5_3_1,-0.0003232968447264284,0,0
0,0,1,road_2_5_3_2,-0.0003232967865187675,0,0
0,0,1,road_3_4_2_0,0.0,0,0
0,0,1,road_3_4_2_1,-0.006982168648391962,3,0
0,0,1,road_3_4_2_2,-0.00017046823631972075,0,0
0,0,1,road_2_3_1_0,0.0,0,0
0,0,1,road_2_3_1_1,-0.0003232969029340893,0,0
0,0,1,road_2_3_1_2,-0.00032329693203791976,0,0
0,0,1,road_1_4_0_0,0.0,0,0
0,0,1,road_1_4_0_1,-0.006982168182730675,3,0
0,0,1,road_1_4_0_2,-0.00017046817811205983,0,0
0,0,1,road_3_2_3_0,0.0,0,0
0,0,1,road_3_2_3_1,-0.0003232968447264284,0,0
0,0,1,road_3_2_3_2,-0.0003232967865187675,0,0
0,0,1,road_4_1_2_0,0.0,0,0
0,0,1,road_4_1_2_1,-0.006982168648391962,3,0
0,0,1,road_4_1_2_2,-0.00017046823631972075,0,0
0,0,1,road_3_0_1_0,0.0,0,0
0,0,1,road_3_0_1_1,-0.0003232969029340893,0,0
0,0,1,road_3_0_1_2,-0.00032329693203791976,0,0
0,0,1,road_2_1_0_0,0.0,0,0
0,0,1,road_2_1_0_1,-0.006982168182730675,3,0
0,0,1,road_2_1_0_2,-0.00017046817811205983,0,0
0,0,1,road_3_3_3_0,0.0,0,0
0,0,1,road_3_3_3_1,-0.0003232968447264284,0,0
0,0,1,road_3_3_3_2,-0.0003232967865187675,0,0
0,0,1,road_4_2_2_0,0.0,0,0
0,0,1,road_4_2_2_1,-0.006982168648391962,3,0
0,0,1,road_4_2_2_2,-0.00017046823631972075,0,0
0,0,1,road_3_1_1_0,0.0,0,0
0,0,1,road_3_1_1_1,-0.0003232969029340893,0,0
0,0,1,road_3_1_1_2,-0.00032329693203791976,0,0
0,0,1,road_2_2_0_0,0.0,0,0
0,0,1,road_2_2_0_1,-0.006982168182730675,3,0
0,0,1,road_2_2_0_2,-0.00017046817811205983,0,0
0,0,1,road_3_4_3_0,0.0,0,0
0,0,1,road_3_4_3_1,-0.0003232968447264284,0,0
0,0,1,road_3_4_3_2,-0.0003232967865187675,0,0
0,0,1,road_4_3_2_0,0.0,0,0
0,0,1,road_4_3_2_1,-0.006982168648391962,3,0
0,0,1,road_4_3_2_2,-0.00017046823631972075,0,0
0,0,1,road_3_2_1_0,0.0,0,0
0,0,1,road_3_2_1_1,-0.0003232969029340893,0,0
0,0,1,road_3_2_1_2,-0.00032329693203791976,0,0
0,0,1,road_2_3_0_0,0.0,0,0
0,0,1,road_2_3_0_1,-0.006982168182730675,3,0
0,0,1,road_2_3_0_2,-0.00017046817811205983,0,0
0,0,1,road_3_5_3_0,0.0,0,0
0,0,1,road_3_5_3_1,-0.0003232968447264284,0,0
0,0,1,road_3_5_3_2,-0.0003232967865187675,0,0
0,0,1,road_4_4_2_0,0.0,0,0
0,0,1,road_4_4_2_1,-0.006982168648391962,3,0
0,0,1,road_4_4_2_2,-0.00017046823631972075,0,0
0,0,1,road_3_3_1_0,0.0,0,0
0,0,1,road_3_3_1_1,-0.0003232969029340893,0,0
0,0,1,road_3_3_1_2,-0.00032329693203791976,0,0
0,0,1,road_2_4_0_0,0.0,0,0
0,0,1,road_2_4_0_1,-0.006982168182730675,3,0
0,0,1,road_2_4_0_2,-0.00017046817811205983,0,0
0,0,1,road_4_2_3_0,0.0,0,0
0,0,1,road_4_2_3_1,-0.0003232968447264284,0,0
0,0,1,road_4_2_3_2,-0.0003232967865187675,0,0
0,0,1,road_5_1_2_0,0.0,0,0
0,0,1,road_5_1_2_1,-0.006982168648391962,3,0
0,0,1,road_5_1_2_2,-0.00017046823631972075,0,0
0,0,1,road_4_0_1_0,0.0,0,0
0,0,1,road_4_0_1_1,-0.0003232969029340893,0,0
0,0,1,road_4_0_1_2,-0.00032329693203791976,0,0
0,0,1,road_3_1_0_0,0.0,0,0
0,0,1,road_3_1_0_1,-0.006982168182730675,3,0
0,0,1,road_3_1_0_2,-0.00017046817811205983,0,0
0,0,1,road_4_3_3_0,0.0,0,0
0,0,1,road_4_3_3_1,-0.0003232968447264284,0,0
0,0,1,road_4_3_3_2,-0.0003232967865187675,0,0
0,0,1,road_5_2_2_0,0.0,0,0
0,0,1,road_5_2_2_1,-0.006982168648391962,3,0
0,0,1,road_5_2_2_2,-0.00017046823631972075,0,0
0,0,1,road_4_1_1_0,0.0,0,0
0,0,1,road_4_1_1_1,-0.0003232969029340893,0,0
0,0,1,road_4_1_1_2,-0.00032329693203791976,0,0
0,0,1,road_3_2_0_0,0.0,0,0
0,0,1,road_3_2_0_1,-0.006982168182730675,3,0
0,0,1,road_3_2_0_2,-0.00017046817811205983,0,0
0,0,1,road_4_4_3_0,0.0,0,0
0,0,1,road_4_4_3_1,-0.0003232968447264284,0,0
0,0,1,road_4_4_3_2,-0.0003232967865187675,0,0
0,0,1,road_5_3_2_0,0.0,0,0
0,0,1,road_5_3_2_1,-0.006982168648391962,3,0
0,0,1,road_5_3_2_2,-0.00017046823631972075,0,0
0,0,1,road_4_2_1_0,0.0,0,0
0,0,1,road_4_2_1_1,-0.0003232969029340893,0,0
0,0,1,road_4_2_1_2,-0.00032329693203791976,0,0
0,0,1,road_3_3_0_0,0.0,0,0
0,0,1,road_3_3_0_1,-0.006982168182730675,3,0
0,0,1,road_3_3_0_2,-0.00017046817811205983,0,0
0,0,1,road_4_5_3_0,0.0,0,0
0,0,1,road_4_5_3_1,-0.0003232968447264284,0,0
0,0,1,road_4_5_3_2,-0.0003232967865187675,0,0
0,0,1,road_5_4_2_0,0.0,0,0
0,0,1,road_5_4_2_1,-0.006982168648391962,3,0
0,0,1,road_5_4_2_2,-0.00017046823631972075,0,0
0,0,1,road_4_3_1_0,0.0,0,0
0,0,1,road_4_3_1_1,-0.0003232969029340893,0,0
0,0,1,road_4_3_1_2,-0.00032329693203791976,0,0
0,0,1,road_3_4_0_0,0.0,0,0
0,0,1,road_3_4_0_1,-0.006982168182730675,3,0
0,0,1,road_3_4_0_2,-0.00017046817811205983,0,0
200,0,0,road_1_2_3_0,0.0,0,0
200,0,0,road_1_2_3_1,0.0008876482606865466,0,3
200,0,0,road_1_2_3_2,-1.887069083750248e-05,0,0
200,0,0,road_2_1_2_0,0.0,0,0
200,0,0,road_2_1_2_1,0.003452821634709835,0,3
200,0,0,road_2_1_2_2,-0.0001282663142774254,0,0
200,0,0,road_1_0_1_0,0.0,0,0
200,0,0,road_1_0_1_1,0.0025582052767276764,0,3
200,0,0,road_1_0_1_2,0.001916894456371665,0,3
200,0,0,road_0_1_0_0,0.0,0,0
200,0,0,road_0_1_0_1,0.0001546109124319628,0,3
200,0,0,road_0_1_0_2,-0.003977666608989239,0,0
200,0,0,road_1_3_3_0,0.0,0,0
200,0,0,road_1_3_3_1,-0.00015364031423814595,0,0
200,0,0,road_1_3_3_2,-0.00015364045975729823,0,0
200,0,0,road_2_2_2_0,0.0,0,0
200,0,0,road_2_2_2_1,0.0003193664597347379,0,3
200,0,0,road_2_2_2_2,-0.0005485005094669759,0,0
200,0,0,road_1_1_1_0,0.0,0,0
200,0,0,road_1_1_1_1,-0.0001536404888611287,0,0
200,0,0,road_1_1_1_2,-0.0001536404888611287,0,0
200,0,0,road_0_2_0_0,0.0,0,0
200,0,0,road_0_2_0_1,0.0003065990167669952,0,3
200,0,0,road_0_2_0_2,-0.0005318562616594136,0,0
200,0,0,road_1_4_3_0,0.0,0,0
200,0,0,road_1_4_3_1,-0.0007158849621191621,0,0
200,0,0,road_1_4_3_2,-0.007483291439712048,0,0
200,0,0,road_2_3_2_0,0.0,0,0
200,0,0,road_2_3_2_1,0.0016487868269905448,0,3
200,0,0,road_2_3_2_2,0.0001186104491353035,0,3
200,0,0,road_1_2_1_0,0.0,0,0
200,0,0,road_1_2_1_1,0.0025819968432188034,0,3
200,0,0,road_1_2_1_2,-0.0003687545540742576,0,0
200,0,0,road_0_3_0_0,0.0,0,0
200,0,0,road_0_3_0_1,0.0016487869434058666,0,3
200,0,0,road_0_3_0_2,0.00011861062375828624,0,3
200,0,0,road_1_5_3_0,0.0,0,0
200,0,0,road_1_5_3_1,0.001544036203995347,0,3
200,0,0,road_1_5_3_2,0.0004790426173713058,0,3
200,0,0,road_2_4_2_0,0.0,0,0
200,0,0,road_2_4_2_1,0.003116276115179062,0,3
200,0,0,road_2_4_2_2,-0.000496036431286484,0,0
200,0,0,road_1_3_1_0,0.0,0,0
200,0,0,road_1_3_1_1,0.0012669891584664583,0,3
200,0,0,road_1_3_1_2,4.4733445974998176e-05,0,3
200,0,0,road_0_4_0_0,0.0,0,0
200,0,0,road_0_4_0_1,8.806621735857334e-06,0,3
200,0,0,road_0_4_0_2,-0.0067862411960959435,0,0
200,0,0,road_2_2_3_0,0.0,0,0
200,0,0,road_2_2_3_1,-0.00016070512356236577,0,0
200,0,0,road_2_2_3_2,-0.00016070531273726374,0,0
200,0,0,road_3_1_2_0,0.0,0,0
200,0,0,road_3_1_2_1,0.0003069000376854092,0,3
200,0,0,road_3_1_2_2,-0.0002681637997739017,0,0
200,0,0,road_2_0_1_0,0.0,0,0
200,0,0,road_2_0_1_1,-0.0001607051963219419,0,0
200,0,0,road_2_0_1_2,-0.00016070541460067034,0,0
200,0,0,road_1_1_0_0,0.0,0,0
200,0,0,road_1_1_0_1,0.00030690000858157873,0,3
200,0,0,road_1_1_0_2,-0.00026816397439688444,0,0
200,0,0,road_2_3_3_0,0.0,0,0
200,0,0,road_2_3_3_1,-0.00016070512356236577,0,0
200,0,0,road_2_3_3_2,-0.00016070531273726374,0,0
200,0,0,road_3_2_2_0,0.0,0,0
200,0,0,road_3_2_2_1,0.0003069000376854092,0,3
200,0,0,road_3_2_2_2,-0.0002681637997739017,0,0
200,0,0,road_2_1_1_0,0.0,0,0
200,0,0,road_2_1_1_1,-0.0001607051963219419,0,0
200,0,0,road_2_1_1_2,-0.00016070541460067034,0,0
200,0,0,road_1_2_0_0,0.0,0,0
200,0,0,road_1_2_0_1,0.00030690000858157873,0,3
200,0,0,road_1_2_0_2,-0.00026816397439688444,0,0
200,0,0,road_2_4_3_0,0.0,0,0
200,0,0,road_2_4_3_1,-0.00016070512356236577,0,0
200,0,0,road_2_4_3_2,-0.00016070531273726374,0,0
200,0,0,road_3_3_2_0,0.0,0,0
200,0,0,road_3_3_2_1,0.0003069000376854092,0,3
200,0,0,road_3_3_2_2,-0.0002681637997739017,0,0
200,0,0,road_2_2_1_0,0.0,0,0
200,0,0,road_2_2_1_1,-0.0001607051963219419,0,0
200,0,0,road_2_2_1_2,-0.00016070541460067034,0,0
200,0,0,road_1_3_0_0,0.0,0,0
200,0,0,road_1_3_0_1,0.00030690000858157873,0,3
200,0,0,road_1_3_0_2,-0.00026816397439688444,0,0
200,0,0,road_2_5_3_0,0.0,0,0
200,0,0,road_2_5_3_1,-0.00016070512356236577,0,0
200,0,0,road_2_5_3_2,-0.00016070531273726374,0,0
200,0,0,road_3_4_2_0,0.0,0,0
200,0,0,road_3_4_2_1,0.0003069000376854092,0,3
200,0,0,road_3_4_2_2,-0.0002681637997739017,0,0
200,0,0,road_2_3_1_0,0.0,0,0
200,0,0,road_2_3_1_1,-0.0001607051963219419,0,0
200,0,0,road_2_3_1_2,-0.00016070541460067034,0,0
200,0,0,road_1_4_0_0,0.0,0,0
200,0,0,road_1_4_0_1,0.00030690000858157873,0,3
200,0,0,road_1_4_0_2,-0.00026816397439688444,0,0
200,0,0,road_3_2_3_0,0.0,0,0
200,0,0,road_3_2_3_1,-0.00016070512356236577,0,0
200,0,0,road_3_2_3_2,-0.00016070531273726374,0,0
200,0,0,road_4_1_2_0,0.0,0,0
200,0,0,road_4_1_2_1,0.0003069000376854092,0,3
200,0,0,road_4_1_2_2,-0.0002681637997739017,0,0
200,0,0,road_3_0_1_0,0.0,0,0
200,0,0,road_3_0_1_1,-0.0001607051963219419,0,0
200,0,0,road_3_0_1_2,-0.00016070541460067034,0,0
200,0,0,road_2_1_0_0,0.0,0,0
200,0,0,road_2_1_0_1,0.00030690000858157873,0,3
200,0,0,road_2_1_0_2,-0.00026816397439688444,0,0
200,0,0,road_3_3_3_0,0.0,0,0
200,0,0,road_3_3_3_1,-0.00016070512356236577,0,0
200,0,0,road_3_3_3_2,-0.00016070531273726374,0,0
200,0,0,road_4_2_2_0,0.0,0,0
200,0,0,road_4_2_2_1,0.0003069000376854092,0,3
200,0,0,road_4_2_2_2,-0.0002681637997739017,0,0
200,0,0,road_3_1_1_0,0.0,0,0
200,0,0,road_3_1_1_1,-0.0001607051963219419,0,0
200,0,0,road_3_1_1_2,-0.00016070541460067034,0,0
200,0,0,road_2_2_0_0,0.0,0,0
200,0,0,road_2_2_0_1,0.00030690000858157873,0,3
200,0,0,road_2_2_0_2,-0.00026816397439688444,0,0
200,0,0,road_3_4_3_0,0.0,0,0
200,0,0,road_3_4_3_1,-0.00016070512356236577,0,0
200,0,0,road_3_4_3_2,-0.00016070531273726374,0,0
200,0,0,road_4_3_2_0,0.0,0,0
200,0,0,road_4_3_2_1,0.0003069000376854092,0,3
200,0,0,road_4_3_2_2,-0.0002681637997739017,0,0
200,0,0,road_3_2_1_0,0.0,0,0
200,0,0,road_3_2_1_1,-0.0001607051963219419,0,0
200,0,0,road_3_2_1_2,-0.00016070541460067034,0,0
200,0,0,road_2_3_0_0,0.0,0,0
200,0,0,road_2_3_0_1,0.00030690000858157873,0,3
200,0,0,road_2_3_0_2,-0.00026816397439688444,0,0
200,0,0,road_3_5_3_0,0.0,0,0
200,0,0,road_3_5_3_1,-0.00016070512356236577,0,0
200,0,0,road_3_5_3_2,-0.00016070531273726374,0,0
200,0,0,road_4_4_2_0,0.0,0,0
200,0,0,road_4_4_2_1,0.0003069000376854092,0,3
200,0,0,road_4_4_2_2,-0.0002681637997739017,0,0
200,0,0,road_3_3_1_0,0.0,0,0
200,0,0,road_3_3_1_1,-0.0001607051963219419,0,0
200,0,0,road_3_3_1_2,-0.00016070541460067034,0,0
200,0,0,road_2_4_0_0,0.0,0,0
200,0,0,road_2_4_0_1,0.00030690000858157873,0,3
200,0,0,road_2_4_0_2,-0.00026816397439688444,0,0
200,0,0,road_4_2_3_0,0.0,0,0
200,0,0,road_4_2_3_1,0.003559014294296503,0,3
200,0,0,road_4_2_3_2,7.492330041714013e-05,0,2
200,0,0,road_5_1_2_0,0.0,0,0
200,0,0,road_5_1_2_1,0.0015976218273863196,0,3
200,0,0,road_5_1_2_2,0.0002672012196853757,0,3
200,0,0,road_4_0_1_0,0.0,0,0
200,0,0,road_4_0_1_1,0.0003749449970200658,0,3
200,0,0,road_4_0_1_2,-0.0035724644549191,0,0
200,0,0,road_3_1_0_0,0.0,0,0
200,0,0,road_3_1_0_1,0.0015976214781403542,0,3
200,0,0,road_3_1_0_2,0.0002672008122317493,0,3
200,0,0,road_4_3_3_0,0.0,0,0
200,0,0,road_4_3_3_1,-0.00020551163470372558,0,0
200,0,0,road_4_3_3_2,-0.0002055114891845733,0,0
200,0,0,road_5_2_2_0,0.0,0,0
200,0,0,road_5_2_2_1,-0.0014256539288908243,0,0
200,0,0,road_5_2_2_2,-0.0005707085365429521,0,0
200,0,0,road_4_1_1_0,0.0,0,0
200,0,0,road_4_1_1_1,-0.00020551160559989512,0,0
200,0,0,road_4_1_1_2,-0.00020551146008074284,0,0
200,0,0,road_3_2_0_0,0.0,0,0
200,0,0,road_3_2_0_1,2.2057138266973197e-05,0,3
200,0,0,road_3_2_0_2,0.0005193614633753896,0,3
200,0,0,road_4_4_3_0,0.0,0,0
200,0,0,road_4_4_3_1,0.0001851033593993634,0,3
200,0,0,road_4_4_3_2,0.001733099459670484,0,3
200,0,0,road_5_3_2_0,0.0,0,0
200,0,0,road_5_3_2_1,-0.0045800963416695595,0,0
200,0,0,road_5_3_2_2,-0.00875457376241684,0,0
200,0,0,road_4_2_1_0,0.0,0,0
200,0,0,road_4_2_1_1,0.00018510312656871974,0,3
200,0,0,road_4_2_1_2,0.0017330991104245186,0,3
200,0,0,road_3_3_0_0,0.0,0,0
200,0,0,road_3_3_0_1,-0.0005943089490756392,0,0
200,0,0,road_3_3_0_2,-0.0003643485251814127,0,0
200,0,0,road_4_5_3_0,0.0,0,0
200,0,0,road_4_5_3_1,0.0005872793844901025,0,3
200,0,0,road_4_5_3_2,0.0015923120081424713,0,3
200,0,0,road_5_4_2_0,0.0,0,0
200,0,0,road_5_4_2_1,6.297067739069462e-05,0,3
200,0,0,road_5_4_2_2,-0.003085947595536709,0,0
200,0,0,road_4_3_1_0,0.0,0,0
200,0,0,road_4_3_1_1,0.003492994699627161,0,3
200,0,0,road_4_3_1_2,0.0026889590080827475,0,3
200,0,0,road_3_4_0_0,0.0,0,0
200,0,0,road_3_4_0_1,0.0031535052694380283,0,3
200,0,0,road_3_4_0_2,-5.200770101509988e-05,0,0
200,0,1,road_1_2_3_0,0.0,0,0
200,0,1,road_1_2_3_1,0.00030035257805138826,3,0
200,0,1,road_1_2_3_2,0.001826473162509501,0,3
200,0,1,road_2_1_2_0,0.0,0,0
200,0,1,road_2_1_2_1,-0.0018127886578440666,3,0
200,0,1,road_2_1_2_2,0.0011560915736481547,0,3
200,0,1,road_1_0_1_0,0.0,0,0
200,0,1,road_1_0_1_1,-0.0008362404187209904,3,0
200,0,1,road_1_0_1_2,-0.0008127579931169748,3,0
200,0,1,road_0_1_0_0,0.0,0,0
200,0,1,road_0_1_0_1,0.00028406764613464475,3,0
200,0,1,road_0_1_0_2,0.0035283423494547606,0,3
200,0,1,road_1_3_3_0,0.0,0,0
200,0,1,road_1_3_3_1,-0.00040219188667833805,0,0
200,0,1,road_1_3_3_2,-0.0004021917993668467,0,0
200,0,1,road_2_2_2_0,0.0,0,0
200,0,1,road_2_2_2_1,-0.006480805575847626,3,0
200,0,1,road_2_2_2_2,0.0005351656000129879,0,3
200,0,1,road_1_1_1_0,0.0,0,0
200,0,1,road_1_1_1_1,-0.00040219182847067714,0,0
200,0,1,road_1_1_1_2,-0.0004021917120553553,0,0
200,0,1,road_0_2_0_0,0.0,0,0
200,0,1,road_0_2_0_1,-0.005060349125415087,3,0
200,0,1,road_0_2_0_2,0.0016792967217043042,0,3
200,0,1,road_1_4_3_0,0.0,0,0
200,0,1,road_1_4_3_1,-0.0012189303524792194,0,0
200,0,1,road_1_4_3_2,-0.002390689682215452,0,0
200,0,1,road_2_3_2_0,0.0,0,0
200,0,1,road_2_3_2_1,0.002478360664099455,3,0
200,0,1,road_2_3_2_2,0.003338113659992814,3,0
200,0,1,road_1_2_1_0,0.0,0,0
200,0,1,road_1_2_1_1,-0.0011589861242100596,3,0
200,0,1,road_1_2_1_2,0.00021597149316221476,0,3
200,0,1,road_0_3_0_0,0.0,0,0
200,0,1,road_0_3_0_1,0.0024783597327768803,3,0
200,0,1,road_0_3_0_2,0.0033381127286702394,3,0
200,0,1,road_1_5_3_0,0.0,0,0
200,0,1,road_1_5_3_1,0.002003319561481476,3,0
200,0,1,road_1_5_3_2,0.003054616507142782,3,0
200,0,1,road_2_4_2_0,0.0,0,0
200,0,1,road_2_4_2_1,-0.001192338764667511,3,0
200,0,1,road_2_4_2_2,7.149117300286889e-05,0,3
200,0,1,road_1_3_1_0,0.0,0,0
200,0,1,road_1_3_1_1,0.0022842776961624622,3,0
200,0,1,road_1_3_1_2,0.0030654435977339745,3,0
200,0,1,road_0_4_0_0,0.0,0,0
200,0,1,road_0_4_0_1,-1.5875122699071653e-05,3,0
200,0,1,road_0_4_0_2,-0.0027200316544622183,0,0
200,0,1,road_2_2_3_0,0.0,0,0
200,0,1,road_2_2_3_1,-0.0003232968447264284,0,0
200,0,1,road_2_2_3_2,-0.0003232967865187675,0,0
200,0,1,road_3_1_2_0,0.0,0,0
200,0,1,road_3_1_2_1,-0.006982168648391962,3,0
200,0,1,road_3_1_2_2,-0.00017046823631972075,0,0
200,0,1,road_2_0_1_0,0.0,0,0
200,0,1,road_2_0_1_1,-0.0003232969029340893,0,0
200,0,1,road_2_0_1_2,-0.00032329693203791976,0,0
200,0,1,road_1_1_0_0,0.0,0,0
200,0,1,road_1_1_0_1,-0.006982168182730675,3,0
200,0,1,road_1_1_0_2,-0.00017046817811205983,0,0
200,0,1,road_2_3_3_0,0.0,0,0
200,0,1,road_2_3_3_1,-0.0003232968447264284,0,0
200,0,1,road_2_3_3_2,-0.0003232967865187675,0,0
200,0,1,road_3_2_2_0,0.0,0,0
200,0,1,road_3_2_2_1,-0.006982168648391962,3,0
200,0,1,road_3_2_2_2,-0.00017046823631972075,0,0
200,0,1,road_2_1_1_0,0.0,0,0
200,0,1,road_2_1_1_1,-0.0003232969029340893,0,0
200,0,1,road_2_1_1_2,-0.00032329693203791976,0,0
200,0,1,road_1_2_0_0,0.0,0,0
200,0,1,road_1_2_0_1,-0.006982168182730675,3,0
200,0,1,road_1_2_0_2,-0.00017046817811205983,0,0
200,0,1,road_2_4_3_0,0.0,0,0
200,0,1,road_2_4_3_1,-0.0003232968447264284,0,0
200,0,1,road_2_4_3_2,-0.0003232967865187675,0,0
200,0,1,road_3_3_2_0,0.0,0,0
200,0,1,road_3_3_2_1,-0.006982168648391962,3,0
200,0,1,road_3_3_2_2,-0.00017046823631972075,0,0
200,0,1,road_2_2_1_0,0.0,0,0
200,0,1,road_2_2_1_1,-0.0003232969029340893,0,0
200,0,1,road_2_2_1_2,-0.00032329693203791976,0,0
200,0,1,road_1_3_0_0,0.0,0,0
200,0,1,road_1_3_0_1,-0.006982168182730675,3,0
200,0,1,road_1_3_0_2,-0.00017046817811205983,0,0
200,0,1,road_2_5_3_0,0.0,0,0
200,0,1,road_2_5_3_1,-0.0003232968447264284,0,0
200,0,1,road_2_5_3_2,-0.0003232967865187675,0,0
200,0,1,road_3_4_2_0,0.0,0,0
200,0,1,road_3_4_2_1,-0.006982168648391962,3,0
200,0,1,road_3_4_2_2,-0.00017046823631972075,0,0
200,0,1,road_2_3_1_0,0.0,0,0
200,0,1,road_2_3_1_1,-0.0003232969029340893,0,0
200,0,1,road_2_3_1_2,-0.00032329693203791976,0,0
200,0,1,road_1_4_0_0,0.0,0,0
200,0,1,road_1_4_0_1,-0.006982168182730675,3,0
200,0,1,road_1_4_0_2,-0.00017046817811205983,0,0
200,0,1,road_3_2_3_0,0.0,0,0
200,0,1,road_3_2_3_1,-0.0003232968447264284,0,0
200,0,1,road_3_2_3_2,-0.0003232967865187675,0,0
200,0,1,road_4_1_2_0,0.0,0,0
200,0,1,road_4_1_2_1,-0.006982168648391962,3,0
200,0,1,road_4_1_2_2,-0.00017046823631972075,0,0
200,0,1,road_3_0_1_0,0.0,0,0
200,0,1,road_3_0_1_1,-0.0003232969029340893,0,0
200,0,1,road_3_0_1_2,-0.00032329693203791976,0,0
200,0,1,road_2_1_0_0,0.0,0,0
200,0,1,road_2_1_0_1,-0.006982168182730675,3,0
200,0,1,road_2_1_0_2,-0.00017046817811205983,0,0
200,0,1,road_3_3_3_0,0.0,0,0
200,0,1,road_3_3_3_1,-0.0003232968447264284,0,0
200,0,1,road_3_3_3_2,-0.0003232967865187675,0,0
200,0,1,road_4_2_2_0,0.0,0,0
200,0,1,road_4_2_2_1,-0.006982168648391962,3,0
200,0,1,road_4_2_2_2,-0.00017046823631972075,0,0
200,0,1,road_3_1_1_0,0.0,0,0
200,0,1,road_3_1_1_1,-0.0003232969029340893,0,0
200,0,1,road_3_1_1_2,-0.00032329693203791976,0,0
200,0,1,road_2_2_0_0,0.0,0,0
200,0,1,road_2_2_0_1,-0.006982168182730675,3,0
200,0,1,road_2_2_0_2,-0.00017046817811205983,0,0
200,0,1,road_3_4_3_0,0.0,0,0
200,0,1,road_3_4_3_1,-0.0003232968447264284,0,0
200,0,1,road_3_4_3_2,-0.0003232967865187675,0,0
200,0,1,road_4_3_2_0,0.0,0,0
200,0,1,road_4_3_2_1,-0.006982168648391962,3,0
200,0,1,road_4_3_2_2,-0.00017046823631972075,0,0
200,0,1,road_3_2_1_0,0.0,0,0
200,0,1,road_3_2_1_1,-0.0003232969029340893,0,0
200,0,1,road_3_2_1_2,-0.00032329693203791976,0,0
200,0,1,road_2_3_0_0,0.0,0,0
200,0,1,road_2_3_0_1,-0.006982168182730675,3,0
200,0,1,road_2_3_0_2,-0.00017046817811205983,0,0
200,0,1,road_3_5_3_0,0.0,0,0
200,0,1,road_3_5_3_1,-0.0003232968447264284,0,0
200,0,1,road_3_5_3_2,-0.0003232967865187675,0,0
200,0,1,road_4_4_2_0,0.0,0,0
200,0,1,road_4_4_2_1,-0.006982168648391962,3,0
200,0,1,road_4_4_2_2,-0.00017046823631972075,0,0
200,0,1,road_3_3_1_0,0.0,0,0
200,0,1,road_3_3_1_1,-0.0003232969029340893,0,0
200,0,1,road_3_3_1_2,-0.00032329693203791976,0,0
200,0,1,road_2_4_0_0,0.0,0,0
200,0,1,road_2_4_0_1,-0.006982168182730675,3,0
200,0,1,road_2_4_0_2,-0.00017046817811205983,0,0
200,0,1,road_4_2_3_0,0.0,0,0
200,0,1,road_4_2_3_1,-0.0012636880856007338,3,0
200,0,1,road_4_2_3_2,-0.0030280104838311672,2,0
200,0,1,road_5_1_2_0,0.0,0,0
200,0,1,road_5_1_2_1,0.003031269647181034,3,0
200,0,1,road_5_1_2_2,0.002773852087557316,3,0
200,0,1,road_4_0_1_0,0.0,0,0
200,0,1,road_4_0_1_1,-0.0005749923293478787,3,0
200,0,1,road_4_0_1_2,-0.0030874740332365036,0,0
200,0,1,road_3_1_0_0,0.0,0,0
200,0,1,road_3_1_0_1,0.0030312701128423214,3,0
200,0,1,road_3_1_0_2,0.0027738530188798904,3,0
200,0,1,road_4_3_3_0,0.0,0,0
200,0,1,road_4_3_3_1,-0.00039554701652377844,0,0
200,0,1,road_4_3_3_2,-0.00039554727845825255,0,0
200,0,1,road_5_2_2_0,0.0,0,0
200,0,1,road_5_2_2_1,0.003303977195173502,0,3
200,0,1,road_5_2_2_2,0.00015739724040031433,0,3
200,0,1,road_4_1_1_0,0.0,0,0
200,0,1,road_4_1_1_1,-0.000395546987419948,0,0
200,0,1,road_4_1_1_2,-0.00039554707473143935,0,0
200,0,1,road_3_2_0_0,0.0,0,0
200,0,1,road_3_2_0_1,-0.0011857704957947135,3,0
200,0,1,road_3_2_0_2,-0.006634924560785294,3,0
200,0,1,road_4_4_3_0,0.0,0,0
200,0,1,road_4_4_3_1,0.003655178938060999,3,0
200,0,1,road_4_4_3_2,0.002110364381223917,3,0
200,0,1,road_5_3_2_0,0.0,0,0
200,0,1,road_5_3_2_1,-5.355208850232884e-05,0,0
200,0,1,road_5_3_2_2,-0.0016906210221350193,0,0
200,0,1,road_4_2_1_0,0.0,0,0
200,0,1,road_4_2_1_1,0.0036551784723997116,3,0
200,0,1,road_4_2_1_2,0.0021103641483932734,3,0
200,0,1,road_3_3_0_0,0.0,0,0
200,0,1,road_3_3_0_1,0.00047318084398284554,0,3
200,0,1,road_3_3_0_2,-0.00035010819556191564,0,0
200,0,1,road_4_5_3_0,0.0,0,0
200,0,1,road_4_5_3_1,0.002916503930464387,3,0
200,0,1,road_4_5_3_2,0.0023601846769452095,3,0
200,0,1,road_5_4_2_0,0.0,0,0
200,0,1,road_5_4_2_1,-9.212355507770553e-05,3,0
200,0,1,road_5_4_2_2,-0.0008960773120634258,0,0
200,0,1,road_4_3_1_0,0.0,0,0
200,0,1,road_4_3_1_1,0.0018144350033253431,3,0
200,0,1,road_4_3_1_2,0.0024125955533236265,3,0
200,0,1,road_3_4_0_0,0.0,0,0
200,0,1,road_3_4_0_1,-0.001170875271782279,3,0
200,0,1,road_3_4_0_2,0.00014032190665602684,0,3
200,0,2,road_1_2_3_0,0.0,0,0
200,0,2,road_1_2_3_1,-0.0026889792643487453,3,0
200,0,2,road_1_2_3_2,-0.0034356864634901285,3,0
200,0,2,road_2_1_2_0,0.0,0,0
200,0,2,road_2_1_2_1,0.0027916468679904938,3,0
200,0,2,road_2_1_2_2,0.0038157831877470016,3,0
200,0,2,road_1_0_1_0,0.0,0,0
200,0,2,road_1_0_1_1,-0.0010749601060524583,3,0
200,0,2,road_1_0_1_2,-0.003504043212160468,3,0
200,0,2,road_0_1_0_0,0.0,0,0
200,0,2,road_0_1_0_1,0.00028973151347599924,3,0
200,0,2,road_0_1_0_2,0.004283729009330273,3,0
200,0,2,road_1_3_3_0,0.0,0,0
200,0,2,road_1_3_3_1,-0.0005890749162063003,0,0
200,0,2,road_1_3_3_2,-0.0005890749162063003,0,0
200,0,2,road_2_2_2_0,0.0,0,0
200,0,2,road_2_2_2_1,0.00045745744137093425,3,0
200,0,2,road_2_2_2_2,0.0038131738547235727,3,0
200,0,2,road_1_1_1_0,0.0,0,0
200,0,2,road_1_1_1_1,-0.0005890751490369439,0,0
200,0,2,road_1_1_1_2,-0.0005890752072446048,0,0
200,0,2,road_0_2_0_0,0.0,0,0
200,0,2,road_0_2_0_1,0.0004888662369921803,3,0
200,0,2,road_0_2_0_2,0.0030021988786756992,3,0
200,0,2,road_1_4_3_0,0.0,0,0
200,0,2,road_1_4_3_1,-0.001468362403102219,0,0
200,0,2,road_1_4_3_2,-0.0015287549467757344,0,0
200,0,2,road_2_3_2_0,0.0,0,0
200,0,2,road_2_3_2_1,0.003532878588885069,3,0
200,0,2,road_2_3_2_2,0.0030749922152608633,3,0
200,0,2,road_1_2_1_0,0.0,0,0
200,0,2,road_1_2_1_1,-0.0027522589080035686,3,0
200,0,2,road_1_2_1_2,-0.000832492602057755,3,0
200,0,2,road_0_3_0_0,0.0,0,0
200,0,2,road_0_3_0_1,0.0035328783560544252,3,0
200,0,2,road_0_3_0_2,0.003074991051107645,3,0
200,0,2,road_1_5_3_0,0.0,0,0
200,0,2,road_1_5_3_1,0.0029106521978974342,3,0
200,0,2,road_1_5_3_2,0.0027786102145910263,3,0
200,0,2,road_2_4_2_0,0.0,0,0
200,0,2,road_2_4_2_1,-0.002604798413813114,3,0
200,0,2,road_2_4_2_2,-0.0009635275928303599,3,0
200,0,2,road_1_3_1_0,0.0,0,0
200,0,2,road_1_3_1_1,0.0033137048594653606,3,0
200,0,2,road_1_3_1_2,0.0027675051242113113,3,0
200,0,2,road_0_4_0_0,0.0,0,0
200,0,2,road_0_4_0_1,-1.7739323084242642e-05,3,0
200,0,2,road_0_4_0_2,-0.0017953008646145463,0,0
200,0,2,road_2_2_3_0,0.0,0,0
200,0,2,road_2_2_3_1,-0.0003232968447264284,0,0
200,0,2,road_2_2_3_2,-0.0003232967865187675,0,0
200,0,2,road_3_1_2_0,0.0,0,0
200,0,2,road_3_1_2_1,-0.006982168648391962,3,0
200,0,2,road_3_1_2_2,-0.00017046823631972075,0,0
200,0,2,road_2_0_1_0,0.0,0,0
200,0,2,road_2_0_1_1,-0.0003232969029340893,0,0
200,0,2,road_2_0_1_2,-0.00032329693203791976,0,0
200,0,2,road_1_1_0_0,0.0,0,0
200,0,2,road_1_1_0_1,-0.006982168182730675,3,0
200,0,2,road_1_1_0_2,-0.00017046817811205983,0,0
200,0,2,road_2_3_3_0,0.0,0,0
200,0,2,road_2_3_3_1,-0.0003232968447264284,0,0
200,0,2,road_2_3_3_2,-0.0003232967865187675,0,0
200,0,2,road_3_2_2_0,0.0,0,0
200,0,2,road_3_2_2_1,-0.006982168648391962,3,0
200,0,2,road_3_2_2_2,-0.00017046823631972075,0,0
200,0,2,road_2_1_1_0,0.0,0,0
200,0,2,road_2_1_1_1,-0.0003232969029340893,0,0
200,0,2,road_2_1_1_2,-0.00032329693203791976,0,0
200,0,2,road_1_2_0_0,0.0,0,0
200,0,2,road_1_2_0_1,-0.006982168182730675,3,0
200,0,2,road_1_2_0_2,-0.00017046817811205983,0,0
200,0,2,road_2_4_3_0,0.0,0,0
200,0,2,road_2_4_3_1,-0.0003232968447264284,0,0
200,0,2,road_2_4_3_2,-0.0003232967865187675,0,0
200,0,2,road_3_3_2_0,0.0,0,0
200,0,2,road_3_3_2_1,-0.006982168648391962,3,0
200,0,2,road_3_3_2_2,-0.00017046823631972075,0,0
200,0,2,road_2_2_1_0,0.0,0,0
200,0,2,road_2_2_1_1,-0.0003232969029340893,0,0
200,0,2,road_2_2_1_2,-0.00032329693203791976,0,0
200,0,2,road_1_3_0_0,0.0,0,0
200,0,2,road_1_3_0_1,-0.006982168182730675,3,0
200,0,2,road_1_3_0_2,-0.00017046817811205983,0,0
200,0,2,road_2_5_3_0,0.0,0,0
200,0,2,road_2_5_3_1,-0.0003232968447264284,0,0
200,0,2,road_2_5_3_2,-0.0003232967865187675,0,0
200,0,2,road_3_4_2_0,0.0,0,0
200,0,2,road_3_4_2_1,-0.006982168648391962,3,0
200,0,2,road_3_4_2_2,-0.00017046823631972075,0,0
200,0,2,road_2_3_1_0,0.0,0,0
200,0,2,road_2_3_1_1,-0.0003232969029340893,0,0
200,0,2,road_2_3_1_2,-0.00032329693203791976,0,0
200,0,2,road_1_4_0_0,0.0,0,0
200,0,2,road_1_4_0_1,-0.006982168182730675,3,0
200,0,2,road_1_4_0_2,-0.00017046817811205983,0,0
200,0,2,road_3_2_3_0,0.0,0,0
200,0,2,road_3_2_3_1,-0.0003232968447264284,0,0
200,0,2,road_3_2_3_2,-0.0003232967865187675,0,0
200,0,2,road_4_1_2_0,0.0,0,0
200,0,2,road_4_1_2_1,-0.006982168648391962,3,0
200,0,2,road_4_1_2_2,-0.00017046823631972075,0,0
200,0,2,road_3_0_1_0,0.0,0,0
200,0,2,road_3_0_1_1,-0.0003232969029340893,0,0
200,0,2,road_3_0_1_2,-0.00032329693203791976,0,0
200,0,2,road_2_1_0_0,0.0,0,0
200,0,2,road_2_1_0_1,-0.006982168182730675,3,0
200,0,2,road_2_1_0_2,-0.00017046817811205983,0,0
200,0,2,road_3_3_3_0,0.0,0,0
200,0,2,road_3_3_3_1,-0.0003232968447264284,0,0
200,0,2,road_3_3_3_2,-0.0003232967865187675,0,0
200,0,2,road_4_2_2_0,0.0,0,0
200,0,2,road_4_2_2_1,-0.006982168648391962,3,0
200,0,2,road_4_2_2_2,-0.00017046823631972075,0,0
200,0,2,road_3_1_1_0,0.0,0,0
200,0,2,road_3_1_1_1,-0.0003232969029340893,0,0
200,0,2,road_3_1_1_2,-0.00032329693203791976,0,0
200,0,2,road_2_2_0_0,0.0,0,0
200,0,2,road_2_2_0_1,-0.006982168182730675,3,0
200,0,2,road_2_2_0_2,-0.00017046817811205983,0,0
200,0,2,road_3_4_3_0,0.0,0,0
200,0,2,road_3_4_3_1,-0.0003232968447264284,0,0
200,0,2,road_3_4_3_2,-0.0003232967865187675,0,0
200,0,2,road_4_3_2_0,0.0,0,0
200,0,2,road_4_3_2_1,-0.006982168648391962,3,0
200,0,2,road_4_3_2_2,-0.00017046823631972075,0,0
200,0,2,road_3_2_1_0,0.0,0,0
200,0,2,road_3_2_1_1,-0.0003232969029340893,0,0
200,0,2,road_3_2_1_2,-0.00032329693203791976,0,0
200,0,2,road_2_3_0_0,0.0,0,0
200,0,2,road_2_3_0_1,-0.006982168182730675,3,0
200,0,2,road_2_3_0_2,-0.00017046817811205983,0,0
200,0,2,road_3_5_3_0,0.0,0,0
200,0,2,road_3_5_3_1,-0.0003232968447264284,0,0
200,0,2,road_3_5_3_2,-0.0003232967865187675,0,0
200,0,2,road_4_4_2_0,0.0,0,0
200,0,2,road_4_4_2_1,-0.006982168648391962,3,0
200,0,2,road_4_4_2_2,-0.00017046823631972075,0,0
200,0,2,road_3_3_1_0,0.0,0,0
200,0,2,road_3_3_1_1,-0.0003232969029340893,0,0
200,0,2,road_3_3_1_2,-0.00032329693203791976,0,0
200,0,2,road_2_4_0_0,0.0,0,0
200,0,2,road_2_4_0_1,-0.006982168182730675,3,0
200,0,2,road_2_4_0_2,-0.00017046817811205983,0,0
200,0,2,road_4_2_3_0,0.0,0,0
200,0,2,road_4_2_3_1,-0.0012636880856007338,3,0
200,0,2,road_4_2_3_2,-0.0030280104838311672,2,0
200,0,2,road_5_1_2_0,0.0,0,0
200,0,2,road_5_1_2_1,0.003031269647181034,3,0
200,0,2,road_5_1_2_2,0.002773852087557316,3,0
200,0,2,road_4_0_1_0,0.0,0,0
200,0,2,road_4_0_1_1,-0.0005749923293478787,3,0
200,0,2,road_4_0_1_2,-0.0030874740332365036,0,0
200,0,2,road_3_1_0_0,0.0,0,0
200,0,2,road_3_1_0_1,0.0030312701128423214,3,0
200,0,2,road_3_1_0_2,0.0027738530188798904,3,0
200,0,2,road_4_3_3_0,0.0,0,0
200,0,2,road_4_3_3_1,-0.0005862834514118731,0,0
200,0,2,road_4_3_3_2,-0.0005862834514118731,0,0
200,0,2,road_5_2_2_0,0.0,0,0
200,0,2,road_5_2_2_1,0.00043188920244574547,3,0
200,0,2,road_5_2_2_2,0.003934225533157587,3,0
200,0,2,road_4_1_1_0,0.0,0,0
200,0,2,road_4_1_1_1,-0.000586283509619534,0,0
200,0,2,road_4_1_1_2,-0.000586283509619534,0,0
200,0,2,road_3_2_0_0,0.0,0,0
200,0,2,road_3_2_0_1,0.0005111816572025418,3,0
200,0,2,road_3_2_0_2,0.003938914742320776,3,0
200,0,2,road_4_4_3_0,0.0,0,0
200,0,2,road_4_4_3_1,0.0033917338587343693,3,0
200,0,2,road_4_4_3_2,0.002532246755436063,3,0
200,0,2,road_5_3_2_0,0.0,0,0
200,0,2,road_5_3_2_1,-0.0016071887221187353,0,0
200,0,2,road_5_3_2_2,-0.0024404129944741726,0,0
200,0,2,road_4_2_1_0,0.0,0,0
200,0,2,road_4_2_1_1,0.0033917338587343693,3,0
200,0,2,road_4_2_1_2,0.002532246522605419,3,0
200,0,2,road_3_3_0_0,0.0,0,0
200,0,2,road_3_3_0_1,-0.0012359839165583253,3,0
200,0,2,road_3_3_0_2,0.00022046611411496997,0,3
200,0,2,road_4_5_3_0,0.0,0,0
200,0,2,road_4_5_3_1,0.0026647821068763733,3,0
200,0,2,road_4_5_3_2,0.003327277023345232,3,0
200,0,2,road_5_4_2_0,0.0,0,0
200,0,2,road_5_4_2_1,-0.0001009669722407125,3,0
200,0,2,road_5_4_2_2,-0.00015325401909649372,0,0
200,0,2,road_4_3_1_0,0.0,0,0
200,0,2,road_4_3_1_1,0.0016590097220614552,3,0
200,0,2,road_4_3_1_2,0.0033563831821084023,3,0
200,0,2,road_3_4_0_0,0.0,0,0
200,0,2,road_3_4_0_1,-0.002728482009842992,3,0
200,0,2,road_3_4_0_2,-0.0008747584652155638,3,0
200,0,3,road_1_2_3_0,0.0,0,0
200,0,3,road_1_2_3_1,-0.0026889792643487453,3,0
200,0,3,road_1_2_3_2,-0.0034356864634901285,3,0
200,0,3,road_2_1_2_0,0.0,0,0
200,0,3,road_2_1_2_1,0.0027916468679904938,3,0
200,0,3,road_2_1_2_2,0.0038157831877470016,3,0
200,0,3,road_1_0_1_0,0.0,0,0
200,0,3,road_1_0_1_1,-0.0010749601060524583,3,0
200,0,3,road_1_0_1_2,-0.003504043212160468,3,0
200,0,3,road_0_1_0_0,0.0,0,0
200,0,3,road_0_1_0_1,0.00028973151347599924,3,0
200,0,3,road_0_1_0_2,0.004283729009330273,3,0
200,0,3,road_1_3_3_0,0.0,0,0
200,0,3,road_1_3_3_1,-0.0005890749162063003,0,0
200,0,3,road_1_3_3_2,-0.0005890749162063003,0,0
200,0,3,road_2_2_2_0,0.0,0,0
200,0,3,road_2_2_2_1,0.00045745744137093425,3,0
200,0,3,road_2_2_2_2,0.0038131738547235727,3,0
200,0,3,road_1_1_1_0,0.0,0,0
200,0,3,road_1_1_1_1,-0.0005890751490369439,0,0
200,0,3,road_1_1_1_2,-0.0005890752072446048,0,0
200,0,3,road_0_2_0_0,0.0,0,0
200,0,3,road_0_2_0_1,0.0004888662369921803,3,0
200,0,3,road_0_2_0_2,0.0030021988786756992,3,0
200,0,3,road_1_4_3_0,0.0,0,0
200,0,3,road_1_4_3_1,-0.001468362403102219,0,0
200,0,3,road_1_4_3_2,-0.0015287549467757344,0,0
200,0,3,road_2_3_2_0,0.0,0,0
200,0,3,road_2_3_2_1,0.003532878588885069,3,0
200,0,3,road_2_3_2_2,0.0030749922152608633,3,0
200,0,3,road_1_2_1_0,0.0,0,0
200,0,3,road_1_2_1_1,-0.0027522589080035686,3,0
200,0,3,road_1_2_1_2,-0.000832492602057755,3,0
200,0,3,road_0_3_0_0,0.0,0,0
200,0,3,road_0_3_0_1,0.0035328783560544252,3,0
200,0,3,road_0_3_0_2,0.003074991051107645,3,0
200,0,3,road_1_5_3_0,0.0,0,0
200,0,3,road_1_5_3_1,0.0029106521978974342,3,0
200,0,3,road_1_5_3_2,0.0027786102145910263,3,0
200,0,3,road_2_4_2_0,0.0,0,0
200,0,3,road_2_4_2_1,-0.002604798413813114,3,0
200,0,3,road_2_4_2_2,-0.0009635275928303599,3,0
200,0,3,road_1_3_1_0,0.0,0,0
200,0,3,road_1_3_1_1,0.0033137048594653606,3,0
200,0,3,road_1_3_1_2,0.0027675051242113113,3,0
200,0,3,road_0_4_0_0,0.0,0,0
200,0,3,road_0_4_0_1,-1.7739323084242642e-05,3,0
200,0,3,road_0_4_0_2,-0.0017953008646145463,0,0
200,0,3,road_2_2_3_0,0.0,0,0
200,0,3,road_2_2_3_1,-0.0003232968447264284,0,0
200,0,3,road_2_2_3_2,-0.0003232967865187675,0,0
200,0,3,road_3_1_2_0,0.0,0,0
200,0,3,road_3_1_2_1,-0.006982168648391962,3,0
200,0,3,road_3_1_2_2,-0.00017046823631972075,0,0
200,0,3,road_2_0_1_0,0.0,0,0
200,0,3,road_2_0_1_1,-0.0003232969029340893,0,0
200,0,3,road_2_0_1_2,-0.00032329693203791976,0,0
200,0,3,road_1_1_0_0,0.0,0,0
200,0,3,road_1_1_0_1,-0.006982168182730675,3,0
200,0,3,road_1_1_0_2,-0.00017046817811205983,0,0
200,0,3,road_2_3_3_0,0.0,0,0
200,0,3,road_2_3_3_1,-0.0003232968447264284,0,0
200,0,3,road_2_3_3_2,-0.0003232967865187675,0,0
200,0,3,road_3_2_2_0,0.0,0,0
200,0,3,road_3_2_2_1,-0.006982168648391962,3,0
200,0,3,road_3_2_2_2,-0.00017046823631972075,0,0
200,0,3,road_2_1_1_0,0.0,0,0
200,0,3,road_2_1_1_1,-0.0003232969029340893,0,0
200,0,3,road_2_1_1_2,-0.00032329693203791976,0,0
200,0,3,road_1_2_0_0,0.0,0,0
200,0,3,road_1_2_0_1,-0.006982168182730675,3,0
200,0,3,road_1_2_0_2,-0.00017046817811205983,0,0
200,0,3,road_2_4_3_0,0.0,0,0
200,0,3,road_2_4_3_1,-0.0003232968447264284,0,0
200,0,3,road_2_4_3_2,-0.0003232967865187675,0,0
200,0,3,road_3_3_2_0,0.0,0,0
200,0,3,road_3_3_2_1,-0.006982168648391962,3,0
200,0,3,road_3_3_2_2,-0.00017046823631972075,0,0
200,0,3,road_2_2_1_0,0.0,0,0
200,0,3,road_2_2_1_1,-0.0003232969029340893,0,0
200,0,3,road_2_2_1_2,-0.00032329693203791976,0,0
200,0,3,road_1_3_0_0,0.0,0,0
200,0,3,road_1_3_0_1,-0.006982168182730675,3,0
200,0,3,road_1_3_0_2,-0.00017046817811205983,0,0
200,0,3,road_2_5_3_0,0.0,0,0
200,0,3,road_2_5_3_1,-0.0003232968447264284,0,0
200,0,3,road_2_5_3_2,-0.0003232967865187675,0,0
200,0,3,road_3_4_2_0,0.0,0,0
200,0,3,road_3_4_2_1,-0.006982168648391962,3,0
200,0,3,road_3_4_2_2,-0.00017046823631972075,0,0
200,0,3,road_2_3_1_0,0.0,0,0
200,0,3,road_2_3_1_1,-0.0003232969029340893,0,0
200,0,3,road_2_3_1_2,-0.00032329693203791976,0,0
200,0,3,road_1_4_0_0,0.0,0,0
200,0,3,road_1_4_0_1,-0.006982168182730675,3,0
200,0,3,road_1_4_0_2,-0.00017046817811205983,0,0
200,0,3,road_3_2_3_0,0.0,0,0
200,0,3,road_3_2_3_1,-0.0003232968447264284,0,0
200,0,3,road_3_2_3_2,-0.0003232967865187675,0,0
200,0,3,road_4_1_2_0,0.0,0,0
200,0,3,road_4_1_2_1,-0.006982168648391962,3,0
200,0,3,road_4_1_2_2,-0.00017046823631972075,0,0
200,0,3,road_3_0_1_0,0.0,0,0
200,0,3,road_3_0_1_1,-0.0003232969029340893,0,0
200,0,3,road_3_0_1_2,-0.00032329693203791976,0,0
200,0,3,road_2_1_0_0,0.0,0,0
200,0,3,road_2_1_0_1,-0.006982168182730675,3,0
200,0,3,road_2_1_0_2,-0.00017046817811205983,0,0
200,0,3,road_3_3_3_0,0.0,0,0
200,0,3,road_3_3_3_1,-0.0003232968447264284,0,0
200,0,3,road_3_3_3_2,-0.0003232967865187675,0,0
200,0,3,road_4_2_2_0,0.0,0,0
200,0,3,road_4_2_2_1,-0.006982168648391962,3,0
200,0,3,road_4_2_2_2,-0.00017046823631972075,0,0
200,0,3,road_3_1_1_0,0.0,0,0
200,0,3,road_3_1_1_1,-0.0003232969029340893,0,0
200,0,3,road_3_1_1_2,-0.00032329693203791976,0,0
200,0,3,road_2_2_0_0,0.0,0,0
200,0,3,road_2_2_0_1,-0.006982168182730675,3,0
200,0,3,road_2_2_0_2,-0.00017046817811205983,0,0
200,0,3,road_3_4_3_0,0.0,0,0
200,0,3,road_3_4_3_1,-0.0003232968447264284,0,0
200,0,3,road_3_4_3_2,-0.0003232967865187675,0,0
200,0,3,road_4_3_2_0,0.0,0,0
200,0,3,road_4_3_2_1,-0.006982168648391962,3,0
200,0,3,road_4_3_2_2,-0.00017046823631972075,0,0
200,0,3,road_3_2_1_0,0.0,0,0
200,0,3,road_3_2_1_1,-0.0003232969029340893,0,0
200,0,3,road_3_2_1_2,-0.00032329693203791976,0,0
200,0,3,road_2_3_0_0,0.0,0,0
200,0,3,road_2_3_0_1,-0.006982168182730675,3,0
200,0,3,road_2_3_0_2,-0.00017046817811205983,0,0
200,0,3,road_3_5_3_0,0.0,0,0
200,0,3,road_3_5_3_1,-0.0003232968447264284,0,0
200,0,3,road_3_5_3_2,-0.0003232967865187675,0,0
200,0,3,road_4_4_2_0,0.0,0,0
200,0,3,road_4_4_2_1,-0.006982168648391962,3,0
200,0,3,road_4_4_2_2,-0.00017046823631972075,0,0
200,0,3,road_3_3_1_0,0.0,0,0
200,0,3,road_3_3_1_1,-0.0003232969029340893,0,0
200,0,3,road_3_3_1_2,-0.00032329693203791976,0,0
200,0,3,road_2_4_0_0,0.0,0,0
200,0,3,road_2_4_0_1,-0.006982168182730675,3,0
200,0,3,road_2_4_0_2,-0.00017046817811205983,0,0
200,0,3,road_4_2_3_0,0.0,0,0
200,0,3,road_4_2_3_1,-0.0012636880856007338,3,0
200,0,3,road_4_2_3_2,-0.0030280104838311672,2,0
200,0,3,road_5_1_2_0,0.0,0,0
200,0,3,road_5_1_2_1,0.003031269647181034,3,0
200,0,3,road_5_1_2_2,0.002773852087557316,3,0
200,0,3,road_4_0_1_0,0.0,0,0
200,0,3,road_4_0_1_1,-0.0005749923293478787,3,0
200,0,3,road_4_0_1_2,-0.0030874740332365036,0,0
200,0,3,road_3_1_0_0,0.0,0,0
200,0,3,road_3_1_0_1,0.0030312701128423214,3,0
200,0,3,road_3_1_0_2,0.0027738530188798904,3,0
200,0,3,road_4_3_3_0,0.0,0,0
200,0,3,road_4_3_3_1,-0.0005862834514118731,0,0
200,0,3,road_4_3_3_2,-0.0005862834514118731,0,0
200,0,3,road_5_2_2_0,0.0,0,0
200,0,3,road_5_2_2_1,0.00043188920244574547,3,0
200,0,3,road_5_2_2_2,0.003934225533157587,3,0
200,0,3,road_4_1_1_0,0.0,0,0
200,0,3,road_4_1_1_1,-0.000586283509619534,0,0
200,0,3,road_4_1_1_2,-0.000586283509619534,0,0
200,0,3,road_3_2_0_0,0.0,0,0
200,0,3,road_3_2_0_1,0.0005111816572025418,3,0
200,0,3,road_3_2_0_2,0.003938914742320776,3,0
200,0,3,road_4_4_3_0,0.0,0,0
200,0,3,road_4_4_3_1,0.003147339913994074,3,0
200,0,3,road_4_4_3_2,0.0036085662432014942,3,0
200,0,3,road_5_3_2_0,0.0,0,0
200,0,3,road_5_3_2_1,-0.001856872346252203,0,0
200,0,3,road_5_3_2_2,-0.0013646222651004791,0,0
200,0,3,road_4_2_1_0,0.0,0,0
200,0,3,road_4_2_1_1,0.003147339215502143,3,0
200,0,3,road_4_2_1_2,0.0036085648462176323,3,0
200,0,3,road_3_3_0_0,0.0,0,0
200,0,3,road_3_3_0_1,-0.0028678779490292072,3,0
200,0,3,road_3_3_0_2,-0.0008179962169378996,3,0
200,0,3,road_4_5_3_0,0.0,0,0
200,0,3,road_4_5_3_1,0.0026647821068763733,3,0
200,0,3,road_4_5_3_2,0.003327277023345232,3,0
200,0,3,road_5_4_2_0,0.0,0,0
200,0,3,road_5_4_2_1,-0.0001009669722407125,3,0
200,0,3,road_5_4_2_2,-0.00015325401909649372,0,0
200,0,3,road_4_3_1_0,0.0,0,0
200,0,3,road_4_3_1_1,0.0016590097220614552,3,0
200,0,3,road_4_3_1_2,0.0033563831821084023,3,0
200,0,3,road_3_4_0_0,0.0,0,0
200,0,3,road_3_4_0_1,-0.002728482009842992,3,0
200,0,3,road_3_4_0_2,-0.0008747584652155638,3,0
400,0,0,road_1_2_3_0,0.0,0,0
400,0,0,road_1_2_3_1,0.00016088131815195084,0,3
400,0,0,road_1_2_3_2,0.002031615236774087,0,3
400,0,0,road_2_1_2_0,0.0,0,0
400,0,0,road_2_1_2_1,0.002994856331497431,0,3
400,0,0,road_2_1_2_2,-0.0007511073490604758,0,0
400,0,0,road_1_0_1_0,0.0,0,0
400,0,0,road_1_0_1_1,-0.0005875946371816099,0,0
400,0,0,road_1_0_1_2,0.0002858186198864132,0,3
400,0,0,road_0_1_0_0,0.0,0,0
400,0,0,road_0_1_0_1,4.627368616638705e-05,0,3
400,0,0,road_0_1_0_2,-0.003941772505640984,0,0
400,0,0,road_1_3_3_0,0.0,0,0
400,0,0,road_1_3_3_1,0.0018011641222983599,0,3
400,0,0,road_1_3_3_2,0.0018433613004162908,0,3
400,0,0,road_2_2_2_0,0.0,0,0
400,0,0,road_2_2_2_1,-0.0003653209132608026,0,0
400,0,0,road_2_2_2_2,-0.00033579213777557015,0,0
400,0,0,road_1_1_1_0,0.0,0,0
400,0,0,road_1_1_1_1,1.2996802979614586e-05,0,3
400,0,0,road_1_1_1_2,5.2727729780599475e-05,0,3
400,0,0,road_0_2_0_0,0.0,0,0
400,0,0,road_0_2_0_1,-0.0017071269685402513,0,0
400,0,0,road_0_2_0_2,-0.0020381652284413576,0,0
400,0,0,road_1_4_3_0,0.0,0,0
400,0,0,road_1_4_3_1,4.624663051799871e-05,0,2
400,0,0,road_1_4_3_2,-0.0046345884911715984,0,0
400,0,0,road_2_3_2_0,0.0,0,0
400,0,0,road_2_3_2_1,0.002143251011148095,0,3
400,0,0,road_2_3_2_2,0.001373759936541319,0,3
400,0,0,road_1_2_1_0,0.0,0,0
400,0,0,road_1_2_1_1,0.003727815579622984,0,3
400,0,0,road_1_2_1_2,0.00033429896575398743,0,3
400,0,0,road_0_3_0_0,0.0,0,0
400,0,0,road_0_3_0_1,0.002030362607911229,0,3
400,0,0,road_0_3_0_2,0.0012899442808702588,0,3
400,0,0,road_1_5_3_0,0.0,0,0
400,0,0,road_1_5_3_1,-0.0010775867849588394,0,0
400,0,0,road_1_5_3_2,-0.0005410301382653415,0,0
400,0,0,road_2_4_2_0,0.0,0,0
400,0,0,road_2_4_2_1,-0.0006820897106081247,0,0
400,0,0,road_2_4_2_2,-0.0006485714693553746,0,0
400,0,0,road_1_3_1_0,0.0,0,0
400,0,0,road_1_3_1_1,0.0001027180696837604,0,3
400,0,0,road_1_3_1_2,-9.644555393606424e-05,0,0
400,0,0,road_0_4_0_0,0.0,0,0
400,0,0,road_0_4_0_1,-1.7286914953729138e-05,0,0
400,0,0,road_0_4_0_2,-0.000662909762468189,0,0
400,0,0,road_2_2_3_0,0.0,0,0
400,0,0,road_2_2_3_1,-0.00025824992917478085,0,0
400,0,0,road_2_2_3_2,-0.00024193490389734507,0,0
400,0,0,road_3_1_2_0,0.0,0,0
400,0,0,road_3_1_2_1,3.420343273319304e-05,0,3
400,0,0,road_3_1_2_2,0.0005269972025416791,0,3
400,0,0,road_2_0_1_0,0.0,0,0
400,0,0,road_2_0_1_1,-0.00024193459830712527,0,0
400,0,0,road_2_0_1_2,-0.00020607252372428775,0,0
400,0,0,road_1_1_0_0,0.0,0,0
400,0,0,road_1_1_0_1,-0.0015167242381721735,0,0
400,0,0,road_1_1_0_2,-0.0006100938189774752,0,0
400,0,0,road_2_3_3_0,0.0,0,0
400,0,0,road_2_3_3_1,-0.0001985088165383786,0,0
400,0,0,road_2_3_3_2,-0.00019850894750561565,0,0
400,0,0,road_3_2_2_0,0.0,0,0
400,0,0,road_3_2_2_1,2.642683102749288e-05,0,3
400,0,0,road_3_2_2_2,0.0006590834818780422,0,3
400,0,0,road_2_1_1_0,0.0,0,0
400,0,0,road_2_1_1_1,-0.00019850875833071768,0,0
400,0,0,road_2_1_1_2,-0.00019850893295370042,0,0
400,0,0,road_1_2_0_0,0.0,0,0
400,0,0,road_1_2_0_1,-0.001389485434629023,0,0
400,0,0,road_1_2_0_2,-0.00038219496491365135,0,0
400,0,0,road_2_4_3_0,0.0,0,0
400,0,0,road_2_4_3_1,-0.00029645400354638696,0,0
400,0,0,road_2_4_3_2,-0.00016176664212252945,0,0
400,0,0,road_3_3_2_0,0.0,0,0
400,0,0,road_3_3_2_1,0.0003491208190098405,0,3
400,0,0,road_3_3_2_2,-0.00031388478237204254,0,0
400,0,0,road_2_2_1_0,0.0,0,0
400,0,0,road_2_2_1_1,-0.0004008596879430115,0,0
400,0,0,road_2_2_1_2,-0.0002964540326502174,0,0
400,0,0,road_1_3_0_0,0.0,0,0
400,0,0,road_1_3_0_1,0.00034912070259451866,0,3
400,0,0,road_1_3_0_2,-0.00031388489878736436,0,0
400,0,0,road_2_5_3_0,0.0,0,0
400,0,0,road_2_5_3_1,-0.00016070512356236577,0,0
400,0,0,road_2_5_3_2,-0.00016070531273726374,0,0
400,0,0,road_3_4_2_0,0.0,0,0
400,0,0,road_3_4_2_1,0.0003069000376854092,0,3
400,0,0,road_3_4_2_2,-0.0002681637997739017,0,0
400,0,0,road_2_3_1_0,0.0,0,0
400,0,0,road_2_3_1_1,-0.0001607051963219419,0,0
400,0,0,road_2_3_1_2,-0.00016070541460067034,0,0
400,0,0,road_1_4_0_0,0.0,0,0
400,0,0,road_1_4_0_1,0.00030690000858157873,0,3
400,0,0,road_1_4_0_2,-0.00026816397439688444,0,0
400,0,0,road_3_2_3_0,0.0,0,0
400,0,0,road_3_2_3_1,-0.00020551146008074284,0,0
400,0,0,road_3_2_3_2,-0.00020551147463265806,0,0
400,0,0,road_4_1_2_0,0.0,0,0
400,0,0,road_4_1_2_1,2.2057007299736142e-05,0,3
400,0,0,road_4_1_2_2,0.0005193614633753896,0,3
400,0,0,road_3_0_1_0,0.0,0,0
400,0,0,road_3_0_1_1,-0.00020551127090584487,0,0
400,0,0,road_3_0_1_2,-0.00020551131456159055,0,0
400,0,0,road_2_1_0_0,0.0,0,0
400,0,0,road_2_1_0_1,-0.0014256539288908243,0,0
400,0,0,road_2_1_0_2,-0.0005707087693735957,0,0
400,0,0,road_3_3_3_0,0.0,0,0
400,0,0,road_3_3_3_1,0.0001245859602931887,0,3
400,0,0,road_3_3_3_2,0.0018131789984181523,0,3
400,0,0,road_4_2_2_0,0.0,0,0
400,0,0,road_4_2_2_1,-0.0014332015998661518,0,0
400,0,0,road_4_2_2_2,-0.0003146920062135905,0,0
400,0,0,road_3_1_1_0,0.0,0,0
400,0,0,road_3_1_1_1,0.00012458604760468006,0,3
400,0,0,road_3_1_1_2,0.001813179231248796,0,3
400,0,0,road_2_2_0_0,0.0,0,0
400,0,0,road_2_2_0_1,-0.0017432291060686111,0,0
400,0,0,road_2_2_0_2,-0.000283361499896273,0,0
400,0,0,road_3_4_3_0,0.0,0,0
400,0,0,road_3_4_3_1,-0.00016070512356236577,0,0
400,0,0,road_3_4_3_2,-0.00016070531273726374,0,0
400,0,0,road_4_3_2_0,0.0,0,0
400,0,0,road_4_3_2_1,0.0003069000376854092,0,3
400,0,0,road_4_3_2_2,-0.0002681637997739017,0,0
400,0,0,road_3_2_1_0,0.0,0,0
400,0,0,road_3_2_1_1,-0.0001607051963219419,0,0
400,0,0,road_3_2_1_2,-0.00016070541460067034,0,0
400,0,0,road_2_3_0_0,0.0,0,0
400,0,0,road_2_3_0_1,0.00030690000858157873,0,3
400,0,0,road_2_3_0_2,-0.00026816397439688444,0,0
400,0,0,road_3_5_3_0,0.0,0,0
400,0,0,road_3_5_3_1,-0.00016070512356236577,0,0
400,0,0,road_3_5_3_2,-0.00016070531273726374,0,0
400,0,0,road_4_4_2_0,0.0,0,0
400,0,0,road_4_4_2_1,0.0003069000376854092,0,3
400,0,0,road_4_4_2_2,-0.0002681637997739017,0,0
400,0,0,road_3_3_1_0,0.0,0,0
400,0,0,road_3_3_1_1,-0.0001607051963219419,0,0
400,0,0,road_3_3_1_2,-0.00016070541460067034,0,0
400,0,0,road_2_4_0_0,0.0,0,0
400,0,0,road_2_4_0_1,0.00030690000858157873,0,3
400,0,0,road_2_4_0_2,-0.00026816397439688444,0,0
400,0,0,road_4_2_3_0,0.0,0,0
400,0,0,road_4_2_3_1,0.0030634307768195868,0,3
400,0,0,road_4_2_3_2,0.00017638184363022447,0,3
400,0,0,road_5_1_2_0,0.0,0,0
400,0,0,road_5_1_2_1,0.001971140969544649,0,3
400,0,0,road_5_1_2_2,0.0006668739952147007,0,3
400,0,0,road_4_0_1_0,0.0,0,0
400,0,0,road_4_0_1_1,0.00012239968054927886,0,2
400,0,0,road_4_0_1_2,-0.002700431039556861,0,0
400,0,0,road_3_1_0_0,0.0,0,0
400,0,0,road_3_1_0_1,0.001971140503883362,0,3
400,0,0,road_3_1_0_2,0.0006668735877610743,0,3
400,0,0,road_4_3_3_0,0.0,0,0
400,0,0,road_4_3_3_1,9.628623956814408e-05,0,3
400,0,0,road_4_3_3_2,0.0018493484240025282,0,3
400,0,0,road_5_2_2_0,0.0,0,0
400,0,0,road_5_2_2_1,-0.0013483156217262149,0,0
400,0,0,road_5_2_2_2,-0.00042020395630970597,0,0
400,0,0,road_4_1_1_0,0.0,0,0
400,0,0,road_4_1_1_1,9.628623956814408e-05,0,3
400,0,0,road_4_1_1_2,0.0018493484240025282,0,3
400,0,0,road_3_2_0_0,0.0,0,0
400,0,0,road_3_2_0_1,-0.00038079917430877686,0,0
400,0,0,road_3_2_0_2,0.00018197503231931478,0,3
400,0,0,road_4_4_3_0,0.0,0,0
400,0,0,road_4_4_3_1,0.000858475046698004,0,3
400,0,0,road_4_4_3_2,0.0016566729173064232,0,3
400,0,0,road_5_3_2_0,0.0,0,0
400,0,0,road_5_3_2_1,8.067328599281609e-05,0,3
400,0,0,road_5_3_2_2,-0.006507106125354767,0,0
400,0,0,road_4_2_1_0,0.0,0,0
400,0,0,road_4_2_1_1,0.00121378805488348,0,3
400,0,0,road_4_2_1_2,0.0019997567869722843,0,3
400,0,0,road_3_3_0_0,0.0,0,0
400,0,0,road_3_3_0_1,0.0031204828992486,0,3
400,0,0,road_3_3_0_2,-0.00045589287765324116,0,0
400,0,0,road_4_5_3_0,0.0,0,0
400,0,0,road_4_5_3_1,0.0015828830655664206,0,3
400,0,0,road_4_5_3_2,0.0017913018818944693,0,3
400,0,0,road_5_4_2_0,0.0,0,0
400,0,0,road_5_4_2_1,1.4841119082120713e-05,0,3
400,0,0,road_5_4_2_2,-0.004186050500720739,0,0
400,0,0,road_4_3_1_0,0.0,0,0
400,0,0,road_4_3_1_1,0.0028711927589029074,0,3
400,0,0,road_4_3_1_2,0.0020796526223421097,0,3
400,0,0,road_3_4_0_0,0.0,0,0
400,0,0,road_3_4_0_1,0.0030919676646590233,0,3
400,0,0,road_3_4_0_2,-0.00044977079960517585,0,0
400,0,1,road_1_2_3_0,0.0,0,0
400,0,1,road_1_2_3_1,-0.0019395602867007256,3,0
400,0,1,road_1_2_3_2,-0.0027815927751362324,3,0
400,0,1,road_2_1_2_0,0.0,0,0
400,0,1,road_2_1_2_1,-0.004416788928210735,3,0
400,0,1,road_2_1_2_2,-0.00041647296166047454,0,0
400,0,1,road_1_0_1_0,0.0,0,0
400,0,1,road_1_0_1_1,-0.0007053454173728824,0,0
400,0,1,road_1_0_1_2,-0.002995755523443222,3,0
400,0,1,road_0_1_0_0,0.0,0,0
400,0,1,road_0_1_0_1,2.8173297323519364e-05,3,0
400,0,1,road_0_1_0_2,0.005167163908481598,0,3
400,0,1,road_1_3_3_0,0.0,0,0
400,0,1,road_1_3_3_1,0.0019627613946795464,3,0
400,0,1,road_1_3_3_2,0.001982801826670766,3,0
400,0,1,road_2_2_2_0,0.0,0,0
400,0,1,road_2_2_2_1,0.0012244210811331868,0,3
400,0,1,road_2_2_2_2,0.00019768545462284237,0,3
400,0,1,road_1_1_1_0,0.0,0,0
400,0,1,road_1_1_1_1,0.0027108180802315474,3,0
400,0,1,road_1_1_1_2,0.0034903124906122684,3,0
400,0,1,road_0_2_0_0,0.0,0,0
400,0,1,road_0_2_0_1,0.0026690205559134483,0,3
400,0,1,road_0_2_0_2,0.0013569651637226343,0,3
400,0,1,road_1_4_3_0,0.0,0,0
400,0,1,road_1_4_3_1,-4.459793126443401e-05,2,0
400,0,1,road_1_4_3_2,-0.002787815872579813,0,0
400,0,1,road_2_3_2_0,0.0,0,0
400,0,1,road_2_3_2_1,0.0031298170797526836,3,0
400,0,1,road_2_3_2_2,0.0018041349248960614,3,0
400,0,1,road_1_2_1_0,0.0,0,0
400,0,1,road_1_2_1_1,-0.0019830134697258472,3,0
400,0,1,road_1_2_1_2,-0.002674567513167858,3,0
400,0,1,road_0_3_0_0,0.0,0,0
400,0,1,road_0_3_0_1,0.0030961930751800537,3,0
400,0,1,road_0_3_0_2,0.002259766450151801,3,0
400,0,1,road_1_5_3_0,0.0,0,0
400,0,1,road_1_5_3_1,-0.0007107588462531567,0,0
400,0,1,road_1_5_3_2,-0.000328324967995286,0,0
400,0,1,road_2_4_2_0,0.0,0,0
400,0,1,road_2_4_2_1,-0.00040375784737989306,0,0
400,0,1,road_2_4_2_2,-0.0003625986282713711,0,0
400,0,1,road_1_3_1_0,0.0,0,0
400,0,1,road_1_3_1_1,-0.00202726642601192,3,0
400,0,1,road_1_3_1_2,-0.0004384053754620254,0,0
400,0,1,road_0_4_0_0,0.0,0,0
400,0,1,road_0_4_0_1,-1.9072966097155586e-05,0,0
400,0,1,road_0_4_0_2,-0.0007493532029911876,0,0
400,0,1,road_2_2_3_0,0.0,0,0
400,0,1,road_2_2_3_1,0.0008782650111243129,0,3
400,0,1,road_2_2_3_2,0.00026711574173532426,0,3
400,0,1,road_3_1_2_0,0.0,0,0
400,0,1,road_3_1_2_1,-0.0010822135955095291,3,0
400,0,1,road_3_1_2_2,-0.006443031132221222,3,0
400,0,1,road_2_0_1_0,0.0,0,0
400,0,1,road_2_0_1_1,0.0002671157999429852,0,3
400,0,1,road_2_0_1_2,-0.00039467355236411095,0,0
400,0,1,road_1_1_0_0,0.0,0,0
400,0,1,road_1_1_0_1,0.003332959022372961,0,3
400,0,1,road_1_1_0_2,0.00016606805729679763,0,3
400,0,1,road_2_3_3_0,0.0,0,0
400,0,1,road_2_3_3_1,-0.00039452710188925266,0,0
400,0,1,road_2_3_3_2,-0.0003945269563701004,0,0
400,0,1,road_3_2_2_0,0.0,0,0
400,0,1,road_3_2_2_1,-0.0007697574328631163,3,0
400,0,1,road_3_2_2_2,-0.006377221550792456,3,0
400,0,1,road_2_1_1_0,0.0,0,0
400,0,1,road_2_1_1_1,-0.0003945271309930831,0,0
400,0,1,road_2_1_1_2,-0.0003945269563701004,0,0
400,0,1,road_1_2_0_0,0.0,0,0
400,0,1,road_1_2_0_1,0.00428682379424572,0,3
400,0,1,road_1_2_0_2,0.0013943450758233666,0,3
400,0,1,road_2_4_3_0,0.0,0,0
400,0,1,road_2_4_3_1,0.00035607037716545165,0,3
400,0,1,road_2_4_3_2,-0.00032283811015076935,0,0
400,0,1,road_3_3_2_0,0.0,0,0
400,0,1,road_3_3_2_1,-0.007197131402790546,3,0
400,0,1,road_3_3_2_2,-0.0004452136345207691,0,0
400,0,1,road_2_2_1_0,0.0,0,0
400,0,1,road_2_2_1_1,0.0009727054857648909,0,3
400,0,1,road_2_2_1_2,0.00035607031895779073,0,3
400,0,1,road_1_3_0_0,0.0,0,0
400,0,1,road_1_3_0_1,-0.007197132334113121,3,0
400,0,1,road_1_3_0_2,-0.00044521380914375186,0,0
400,0,1,road_2_5_3_0,0.0,0,0
400,0,1,road_2_5_3_1,-0.0003232968447264284,0,0
400,0,1,road_2_5_3_2,-0.0003232967865187675,0,0
400,0,1,road_3_4_2_0,0.0,0,0
400,0,1,road_3_4_2_1,-0.006982168648391962,3,0
400,0,1,road_3_4_2_2,-0.00017046823631972075,0,0
400,0,1,road_2_3_1_0,0.0,0,0
400,0,1,road_2_3_1_1,-0.0003232969029340893,0,0
400,0,1,road_2_3_1_2,-0.00032329693203791976,0,0
400,0,1,road_1_4_0_0,0.0,0,0
400,0,1,road_1_4_0_1,-0.006982168182730675,3,0
400,0,1,road_1_4_0_2,-0.00017046817811205983,0,0
400,0,1,road_3_2_3_0,0.0,0,0
400,0,1,road_3_2_3_1,-0.0003955470456276089,0,0
400,0,1,road_3_2_3_2,-0.0003955469583161175,0,0
400,0,1,road_4_1_2_0,0.0,0,0
400,0,1,road_4_1_2_1,-0.0011857704957947135,3,0
400,0,1,road_4_1_2_2,-0.006634925026446581,3,0
400,0,1,road_3_0_1_0,0.0,0,0
400,0,1,road_3_0_1_1,-0.00039554707473143935,0,0
400,0,1,road_3_0_1_2,-0.0003955469583161175,0,0
400,0,1,road_2_1_0_0,0.0,0,0
400,0,1,road_2_1_0_1,0.0033039776608347893,0,3
400,0,1,road_2_1_0_2,0.0001573974877828732,0,3
400,0,1,road_3_3_3_0,0.0,0,0
400,0,1,road_3_3_3_1,0.0037198092322796583,3,0
400,0,1,road_3_3_3_2,0.0016342060407623649,3,0
400,0,1,road_4_2_2_0,0.0,0,0
400,0,1,road_4_2_2_1,0.0018051047809422016,0,3
400,0,1,road_4_2_2_2,8.44618771225214e-05,0,3
400,0,1,road_3_1_1_0,0.0,0,0
400,0,1,road_3_1_1_1,0.003719808766618371,3,0
400,0,1,road_3_1_1_2,0.0016342056915163994,3,0
400,0,1,road_2_2_0_0,0.0,0,0
400,0,1,road_2_2_0_1,0.0014298129826784134,0,3
400,0,1,road_2_2_0_2,-0.0002584411995485425,0,0
400,0,1,road_3_4_3_0,0.0,0,0
400,0,1,road_3_4_3_1,-0.0003232968447264284,0,0
400,0,1,road_3_4_3_2,-0.0003232967865187675,0,0
400,0,1,road_4_3_2_0,0.0,0,0
400,0,1,road_4_3_2_1,-0.006982168648391962,3,0
400,0,1,road_4_3_2_2,-0.00017046823631972075,0,0
400,0,1,road_3_2_1_0,0.0,0,0
400,0,1,road_3_2_1_1,-0.0003232969029340893,0,0
400,0,1,road_3_2_1_2,-0.00032329693203791976,0,0
400,0,1,road_2_3_0_0,0.0,0,0
400,0,1,road_2_3_0_1,-0.006982168182730675,3,0
400,0,1,road_2_3_0_2,-0.00017046817811205983,0,0
400,0,1,road_3_5_3_0,0.0,0,0
400,0,1,road_3_5_3_1,-0.0003232968447264284,0,0
400,0,1,road_3_5_3_2,-0.0003232967865187675,0,0
400,0,1,road_4_4_2_0,0.0,0,0
400,0,1,road_4_4_2_1,-0.006982168648391962,3,0
400,0,1,road_4_4_2_2,-0.00017046823631972075,0,0
400,0,1,road_3_3_1_0,0.0,0,0
400,0,1,road_3_3_1_1,-0.0003232969029340893,0,0
400,0,1,road_3_3_1_2,-0.00032329693203791976,0,0
400,0,1,road_2_4_0_0,0.0,0,0
400,0,1,road_2_4_0_1,-0.006982168182730675,3,0
400,0,1,road_2_4_0_2,-0.00017046817811205983,0,0
400,0,1,road_4_2_3_0,0.0,0,0
400,0,1,road_4_2_3_1,-0.002723115496337414,3,0
400,0,1,road_4_2_3_2,-0.002561328699812293,3,0
400,0,1,road_5_1_2_0,0.0,0,0
400,0,1,road_5_1_2_1,0.0030362133402377367,3,0
400,0,1,road_5_1_2_2,0.0024733240716159344,3,0
400,0,1,road_4_0_1_0,0.0,0,0
400,0,1,road_4_0_1_1,-0.00012987526133656502,2,0
400,0,1,road_4_0_1_2,-0.0019874311983585358,0,0
400,0,1,road_3_1_0_0,0.0,0,0
400,0,1,road_3_1_0_1,0.0030362126417458057,3,0
400,0,1,road_3_1_0_2,0.0024733233731240034,3,0
400,0,1,road_4_3_3_0,0.0,0,0
400,0,1,road_4_3_3_1,0.003471061587333679,3,0
400,0,1,road_4_3_3_2,0.002933769952505827,3,0
400,0,1,road_5_2_2_0,0.0,0,0
400,0,1,road_5_2_2_1,0.0017368125263601542,0,3
400,0,1,road_5_2_2_2,0.0017981798155233264,0,3
400,0,1,road_4_1_1_0,0.0,0,0
400,0,1,road_4_1_1_1,0.003471061820164323,3,0
400,0,1,road_4_1_1_2,0.002933769952505827,3,0
400,0,1,road_3_2_0_0,0.0,0,0
400,0,1,road_3_2_0_1,0.0014271300751715899,0,3
400,0,1,road_3_2_0_2,0.001762638334184885,3,0
400,0,1,road_4_4_3_0,0.0,0,0
400,0,1,road_4_4_3_1,0.002905367175117135,3,0
400,0,1,road_4_4_3_2,0.0022645066492259502,3,0
400,0,1,road_5_3_2_0,0.0,0,0
400,0,1,road_5_3_2_1,-0.00013476976891979575,3,0
400,0,1,road_5_3_2_2,-0.0027552847750484943,0,0
400,0,1,road_4_2_1_0,0.0,0,0
400,0,1,road_4_2_1_1,0.002316489815711975,3,0
400,0,1,road_4_2_1_2,0.0023159044794738293,3,0
400,0,1,road_3_3_0_0,0.0,0,0
400,0,1,road_3_3_0_1,-0.0012562030460685492,3,0
400,0,1,road_3_3_0_2,6.803340511396527e-05,0,3
400,0,1,road_4_5_3_0,0.0,0,0
400,0,1,road_4_5_3_1,0.0027794125489890575,3,0
400,0,1,road_4_5_3_2,0.002625283319503069,3,0
400,0,1,road_5_4_2_0,0.0,0,0
400,0,1,road_5_4_2_1,-1.017500017042039e-05,3,0
400,0,1,road_5_4_2_2,-0.0014813378220424056,0,0
400,0,1,road_4_3_1_0,0.0,0,0
400,0,1,road_4_3_1_1,0.001348024234175682,3,0
400,0,1,road_4_3_1_2,0.002662526909261942,3,0
400,0,1,road_3_4_0_0,0.0,0,0
400,0,1,road_3_4_0_1,-0.0014813373563811183,3,0
400,0,1,road_3_4_0_2,0.00034512527054175735,0,3
400,0,2,road_1_2_3_0,0.0,0,0
400,0,2,road_1_2_3_1,-0.0019989837892353535,3,0
400,0,2,road_1_2_3_2,-0.0027280286885797977,3,0
400,0,2,road_2_1_2_0,0.0,0,0
400,0,2,road_2_1_2_1,0.007795960642397404,3,0
400,0,2,road_2_1_2_2,-0.0018442156724631786,0,0
400,0,2,road_1_0_1_0,0.0,0,0
400,0,2,road_1_0_1_1,-0.0007499060593545437,0,0
400,0,2,road_1_0_1_2,-0.0030935080721974373,3,0
400,0,2,road_0_1_0_0,0.0,0,0
400,0,2,road_0_1_0_1,3.993462451035157e-05,3,0
400,0,2,road_0_1_0_2,-0.001984966918826103,3,0
400,0,2,road_1_3_3_0,0.0,0,0
400,0,2,road_1_3_3_1,0.003220083424821496,3,0
400,0,2,road_1_3_3_2,0.0031534736044704914,3,0
400,0,2,road_2_2_2_0,0.0,0,0
400,0,2,road_2_2_2_1,-0.0021952963434159756,3,0
400,0,2,road_2_2_2_2,-0.0029228096827864647,3,0
400,0,2,road_1_1_1_0,0.0,0,0
400,0,2,road_1_1_1_1,0.0018951534293591976,3,0
400,0,2,road_1_1_1_2,0.002339416416361928,3,0
400,0,2,road_0_2_0_0,0.0,0,0
400,0,2,road_0_2_0_1,-0.0013658801326528192,3,0
400,0,2,road_0_2_0_2,-0.0017860522493720055,3,0
400,0,2,road_1_4_3_0,0.0,0,0
400,0,2,road_1_4_3_1,-4.459793126443401e-05,2,0
400,0,2,road_1_4_3_2,-0.002787815872579813,0,0
400,0,2,road_2_3_2_0,0.0,0,0
400,0,2,road_2_3_2_1,0.0031298170797526836,3,0
400,0,2,road_2_3_2_2,0.0018041349248960614,3,0
400,0,2,road_1_2_1_0,0.0,0,0
400,0,2,road_1_2_1_1,-0.0019830134697258472,3,0
400,0,2,road_1_2_1_2,-0.002674567513167858,3,0
400,0,2,road_0_3_0_0,0.0,0,0
400,0,2,road_0_3_0_1,0.0030961930751800537,3,0
400,0,2,road_0_3_0_2,0.002259766450151801,3,0
400,0,2,road_1_5_3_0,0.0,0,0
400,0,2,road_1_5_3_1,-0.0007107588462531567,0,0
400,0,2,road_1_5_3_2,-0.000328324967995286,0,0
400,0,2,road_2_4_2_0,0.0,0,0
400,0,2,road_2_4_2_1,-0.00040375784737989306,0,0
400,0,2,road_2_4_2_2,-0.0003625986282713711,0,0
400,0,2,road_1_3_1_0,0.0,0,0
400,0,2,road_1_3_1_1,-0.00202726642601192,3,0
400,0,2,road_1_3_1_2,-0.0004384053754620254,0,0
400,0,2,road_0_4_0_0,0.0,0,0
400,0,2,road_0_4_0_1,-1.9072966097155586e-05,0,0
400,0,2,road_0_4_0_2,-0.0007493532029911876,0,0
400,0,2,road_2_2_3_0,0.0,0,0
400,0,2,road_2_2_3_1,-0.00196614908054471,3,0
400,0,2,road_2_2_3_2,-0.0012205051025375724,3,0
400,0,2,road_3_1_2_0,0.0,0,0
400,0,2,road_3_1_2_1,0.003026647260412574,3,0
400,0,2,road_3_1_2_2,0.0032889684662222862,3,0
400,0,2,road_2_0_1_0,0.0,0,0
400,0,2,road_2_0_1_1,-0.0012205056846141815,3,0
400,0,2,road_2_0_1_2,0.0005448757437989116,0,3
400,0,2,road_1_1_0_0,0.0,0,0
400,0,2,road_1_1_0_1,0.0025880346074700356,3,0
400,0,2,road_1_1_0_2,0.0032649561762809753,3,0
400,0,2,road_2_3_3_0,0.0,0,0
400,0,2,road_2_3_3_1,-0.0006046804483048618,0,0
400,0,2,road_2_3_3_2,-0.0006046804483048618,0,0
400,0,2,road_3_2_2_0,0.0,0,0
400,0,2,road_3_2_2_1,0.0005092553328722715,3,0
400,0,2,road_3_2_2_2,0.00385773042216897,3,0
400,0,2,road_2_1_1_0,0.0,0,0
400,0,2,road_2_1_1_1,-0.0006046803900972009,0,0
400,0,2,road_2_1_1_2,-0.0006046804483048618,0,0
400,0,2,road_1_2_0_0,0.0,0,0
400,0,2,road_1_2_0_1,0.00047406164230778813,3,0
400,0,2,road_1_2_0_2,0.0030483489390462637,3,0
400,0,2,road_2_4_3_0,0.0,0,0
400,0,2,road_2_4_3_1,-0.00032944517442956567,3,0
400,0,2,road_2_4_3_2,0.0009594726143404841,0,3
400,0,2,road_3_3_2_0,0.0,0,0
400,0,2,road_3_3_2_1,-0.00578989926725626,3,0
400,0,2,road_3_3_2_2,-0.0012016906403005123,0,0
400,0,2,road_2_2_1_0,0.0,0,0
400,0,2,road_2_2_1_1,-0.001565584447234869,3,0
400,0,2,road_2_2_1_2,-0.0003294452908448875,3,0
400,0,2,road_1_3_0_0,0.0,0,0
400,0,2,road_1_3_0_1,-0.005789899732917547,3,0
400,0,2,road_1_3_0_2,-0.0012016907567158341,0,0
400,0,2,road_2_5_3_0,0.0,0,0
400,0,2,road_2_5_3_1,-0.0003232968447264284,0,0
400,0,2,road_2_5_3_2,-0.0003232967865187675,0,0
400,0,2,road_3_4_2_0,0.0,0,0
400,0,2,road_3_4_2_1,-0.006982168648391962,3,0
400,0,2,road_3_4_2_2,-0.00017046823631972075,0,0
400,0,2,road_2_3_1_0,0.0,0,0
400,0,2,road_2_3_1_1,-0.0003232969029340893,0,0
400,0,2,road_2_3_1_2,-0.00032329693203791976,0,0
400,0,2,road_1_4_0_0,0.0,0,0
400,0,2,road_1_4_0_1,-0.006982168182730675,3,0
400,0,2,road_1_4_0_2,-0.00017046817811205983,0,0
400,0,2,road_3_2_3_0,0.0,0,0
400,0,2,road_3_2_3_1,-0.0005862833932042122,0,0
400,0,2,road_3_2_3_2,-0.0005862833932042122,0,0
400,0,2,road_4_1_2_0,0.0,0,0
400,0,2,road_4_1_2_1,0.0005111825303174555,3,0
400,0,2,road_4_1_2_2,0.003938916139304638,3,0
400,0,2,road_3_0_1_0,0.0,0,0
400,0,2,road_3_0_1_1,-0.0005862833349965513,0,0
400,0,2,road_3_0_1_2,-0.0005862834514118731,0,0
400,0,2,road_2_1_0_0,0.0,0,0
400,0,2,road_2_1_0_1,0.0004318901337683201,3,0
400,0,2,road_2_1_0_2,0.003934227395802736,3,0
400,0,2,road_3_3_3_0,0.0,0,0
400,0,2,road_3_3_3_1,0.003007872262969613,3,0
400,0,2,road_3_3_3_2,0.0028873677365481853,3,0
400,0,2,road_4_2_2_0,0.0,0,0
400,0,2,road_4_2_2_1,-0.0013453821884468198,3,0
400,0,2,road_4_2_2_2,-0.001707599963992834,3,0
400,0,2,road_3_1_1_0,0.0,0,0
400,0,2,road_3_1_1_1,0.003007871564477682,3,0
400,0,2,road_3_1_1_2,0.0028873668052256107,3,0
400,0,2,road_2_2_0_0,0.0,0,0
400,0,2,road_2_2_0_1,-0.0009822869906201959,3,0
400,0,2,road_2_2_0_2,0.0001862288045231253,0,3
400,0,2,road_3_4_3_0,0.0,0,0
400,0,2,road_3_4_3_1,-0.0003232968447264284,0,0
400,0,2,road_3_4_3_2,-0.0003232967865187675,0,0
400,0,2,road_4_3_2_0,0.0,0,0
400,0,2,road_4_3_2_1,-0.006982168648391962,3,0
400,0,2,road_4_3_2_2,-0.00017046823631972075,0,0
400,0,2,road_3_2_1_0,0.0,0,0
400,0,2,road_3_2_1_1,-0.0003232969029340893,0,0
400,0,2,road_3_2_1_2,-0.00032329693203791976,0,0
400,0,2,road_2_3_0_0,0.0,0,0
400,0,2,road_2_3_0_1,-0.006982168182730675,3,0
400,0,2,road_2_3_0_2,-0.00017046817811205983,0,0
400,0,2,road_3_5_3_0,0.0,0,0
400,0,2,road_3_5_3_1,-0.0003232968447264284,0,0
400,0,2,road_3_5_3_2,-0.0003232967865187675,0,0
400,0,2,road_4_4_2_0,0.0,0,0
400,0,2,road_4_4_2_1,-0.006982168648391962,3,0
400,0,2,road_4_4_2_2,-0.00017046823631972075,0,0
400,0,2,road_3_3_1_0,0.0,0,0
400,0,2,road_3_3_1_1,-0.0003232969029340893,0,0
400,0,2,road_3_3_1_2,-0.00032329693203791976,0,0
400,0,2,road_2_4_0_0,0.0,0,0
400,0,2,road_2_4_0_1,-0.006982168182730675,3,0
400,0,2,road_2_4_0_2,-0.00017046817811205983,0,0
400,0,2,road_4_2_3_0,0.0,0,0
400,0,2,road_4_2_3_1,-0.002723115496337414,3,0
400,0,2,road_4_2_3_2,-0.002561328699812293,3,0
400,0,2,road_5_1_2_0,0.0,0,0
400,0,2,road_5_1_2_1,0.0030362133402377367,3,0
400,0,2,road_5_1_2_2,0.0024733240716159344,3,0
400,0,2,road_4_0_1_0,0.0,0,0
400,0,2,road_4_0_1_1,-0.00012987526133656502,2,0
400,0,2,road_4_0_1_2,-0.0019874311983585358,0,0
400,0,2,road_3_1_0_0,0.0,0,0
400,0,2,road_3_1_0_1,0.0030362126417458057,3,0
400,0,2,road_3_1_0_2,0.0024733233731240034,3,0
400,0,2,road_4_3_3_0,0.0,0,0
400,0,2,road_4_3_3_1,0.0026950358878821135,3,0
400,0,2,road_4_3_3_2,0.003288356587290764,3,0
400,0,2,road_5_2_2_0,0.0,0,0
400,0,2,road_5_2_2_1,-0.0011178288841620088,3,0
400,0,2,road_5_2_2_2,-0.0022371874656528234,3,0
400,0,2,road_4_1_1_0,0.0,0,0
400,0,2,road_4_1_1_1,0.0026950358878821135,3,0
400,0,2,road_4_1_1_2,0.003288356587290764,3,0
400,0,2,road_3_2_0_0,0.0,0,0
400,0,2,road_3_2_0_1,-0.002917150966823101,3,0
400,0,2,road_3_2_0_2,-0.002840884495526552,3,0
400,0,2,road_4_4_3_0,0.0,0,0
400,0,2,road_4_4_3_1,0.002627541543915868,3,0
400,0,2,road_4_4_3_2,0.0032753213308751583,3,0
400,0,2,road_5_3_2_0,0.0,0,0
400,0,2,road_5_3_2_1,-0.0001463679946027696,3,0
400,0,2,road_5_3_2_2,-0.0015157375019043684,0,0
400,0,2,road_4_2_1_0,0.0,0,0
400,0,2,road_4_2_1_1,0.0021001198329031467,3,0
400,0,2,road_4_2_1_2,0.003326469101011753,3,0
400,0,2,road_3_3_0_0,0.0,0,0
400,0,2,road_3_3_0_1,-0.0026637674309313297,3,0
400,0,2,road_3_3_0_2,-0.0007821457693353295,3,0
400,0,2,road_4_5_3_0,0.0,0,0
400,0,2,road_4_5_3_1,0.002502976218238473,3,0
400,0,2,road_4_5_3_2,0.003394506638869643,3,0
400,0,2,road_5_4_2_0,0.0,0,0
400,0,2,road_5_4_2_1,-1.1445163181633689e-05,3,0
400,0,2,road_5_4_2_2,-0.002990980865433812,0,0
400,0,2,road_4_3_1_0,0.0,0,0
400,0,2,road_4_3_1_1,0.0012512424727901816,3,0
400,0,2,road_4_3_1_2,0.0034700860269367695,3,0
400,0,2,road_3_4_0_0,0.0,0,0
400,0,2,road_3_4_0_1,-0.0029909806326031685,3,0
400,0,2,road_3_4_0_2,-0.0027116225101053715,3,0
400,0,3,road_1_2_3_0,0.0,0,0
400,0,3,road_1_2_3_1,-0.0019989837892353535,3,0
400,0,3,road_1_2_3_2,-0.0027280286885797977,3,0
400,0,3,road_2_1_2_0,0.0,0,0
400,0,3,road_2_1_2_1,0.007795960642397404,3,0
400,0,3,road_2_1_2_2,-0.0018442156724631786,0,0
400,0,3,road_1_0_1_0,0.0,0,0
400,0,3,road_1_0_1_1,-0.0007499060593545437,0,0
400,0,3,road_1_0_1_2,-0.0030935080721974373,3,0
400,0,3,road_0_1_0_0,0.0,0,0
400,0,3,road_0_1_0_1,3.993462451035157e-05,3,0
400,0,3,road_0_1_0_2,-0.001984966918826103,3,0
400,0,3,road_1_3_3_0,0.0,0,0
400,0,3,road_1_3_3_1,0.003220083424821496,3,0
400,0,3,road_1_3_3_2,0.0031534736044704914,3,0
400,0,3,road_2_2_2_0,0.0,0,0
400,0,3,road_2_2_2_1,-0.0021952963434159756,3,0
400,0,3,road_2_2_2_2,-0.0029228096827864647,3,0
400,0,3,road_1_1_1_0,0.0,0,0
400,0,3,road_1_1_1_1,0.0018951534293591976,3,0
400,0,3,road_1_1_1_2,0.002339416416361928,3,0
400,0,3,road_0_2_0_0,0.0,0,0
400,0,3,road_0_2_0_1,-0.0013658801326528192,3,0
400,0,3,road_0_2_0_2,-0.0017860522493720055,3,0
400,0,3,road_1_4_3_0,0.0,0,0
400,0,3,road_1_4_3_1,-4.459793126443401e-05,2,0
400,0,3,road_1_4_3_2,-0.002787815872579813,0,0
400,0,3,road_2_3_2_0,0.0,0,0
400,0,3,road_2_3_2_1,0.0031298170797526836,3,0
400,0,3,road_2_3_2_2,0.0018041349248960614,3,0
400,0,3,road_1_2_1_0,0.0,0,0
400,0,3,road_1_2_1_1,-0.0019830134697258472,3,0
400,0,3,road_1_2_1_2,-0.002674567513167858,3,0
400,0,3,road_0_3_0_0,0.0,0,0
400,0,3,road_0_3_0_1,0.0030961930751800537,3,0
400,0,3,road_0_3_0_2,0.002259766450151801,3,0
400,0,3,road_1_5_3_0,0.0,0,0
400,0,3,road_1_5_3_1,-0.0007107588462531567,0,0
400,0,3,road_1_5_3_2,-0.000328324967995286,0,0
400,0,3,road_2_4_2_0,0.0,0,0
400,0,3,road_2_4_2_1,-0.00040375784737989306,0,0
400,0,3,road_2_4_2_2,-0.0003625986282713711,0,0
400,0,3,road_1_3_1_0,0.0,0,0
400,0,3,road_1_3_1_1,-0.00202726642601192,3,0
400,0,3,road_1_3_1_2,-0.0004384053754620254,0,0
400,0,3,road_0_4_0_0,0.0,0,0
400,0,3,road_0_4_0_1,-1.9072966097155586e-05,0,0
400,0,3,road_0_4_0_2,-0.0007493532029911876,0,0
400,0,3,road_2_2_3_0,0.0,0,0
400,0,3,road_2_2_3_1,-0.002652919851243496,3,0
400,0,3,road_2_2_3_2,-0.0032647759653627872,3,0
400,0,3,road_3_1_2_0,0.0,0,0
400,0,3,road_3_1_2_1,0.003911009058356285,3,0
400,0,3,road_3_1_2_2,0.003101303707808256,3,0
400,0,3,road_2_0_1_0,0.0,0,0
400,0,3,road_2_0_1_1,-0.0032647764310240746,3,0
400,0,3,road_2_0_1_2,-0.0030982866883277893,3,0
400,0,3,road_1_1_0_0,0.0,0,0
400,0,3,road_1_1_0_1,0.0033320002257823944,3,0
400,0,3,road_1_1_0_2,0.0030792769975960255,3,0
400,0,3,road_2_3_3_0,0.0,0,0
400,0,3,road_2_3_3_1,-0.0006046804483048618,0,0
400,0,3,road_2_3_3_2,-0.0006046804483048618,0,0
400,0,3,road_3_2_2_0,0.0,0,0
400,0,3,road_3_2_2_1,0.0005092553328722715,3,0
400,0,3,road_3_2_2_2,0.00385773042216897,3,0
400,0,3,road_2_1_1_0,0.0,0,0
400,0,3,road_2_1_1_1,-0.0006046803900972009,0,0
400,0,3,road_2_1_1_2,-0.0006046804483048618,0,0
400,0,3,road_1_2_0_0,0.0,0,0
400,0,3,road_1_2_0_1,0.00047406164230778813,3,0
400,0,3,road_1_2_0_2,0.0030483489390462637,3,0
400,0,3,road_2_4_3_0,0.0,0,0
400,0,3,road_2_4_3_1,-0.002651006681844592,3,0
400,0,3,road_2_4_3_2,-0.0024982052855193615,3,0
400,0,3,road_3_3_2_0,0.0,0,0
400,0,3,road_3_3_2_1,-0.005086176097393036,3,0
400,0,3,road_3_3_2_2,-0.0013789285439997911,0,0
400,0,3,road_2_2_1_0,0.0,0,0
400,0,3,road_2_2_1_1,-0.002177528105676174,3,0
400,0,3,road_2_2_1_2,-0.002651007380336523,3,0
400,0,3,road_1_3_0_0,0.0,0,0
400,0,3,road_1_3_0_1,-0.005086176097393036,3,0
400,0,3,road_1_3_0_2,-0.0013789285439997911,0,0
400,0,3,road_2_5_3_0,0.0,0,0
400,0,3,road_2_5_3_1,-0.0003232968447264284,0,0
400,0,3,road_2_5_3_2,-0.0003232967865187675,0,0
400,0,3,road_3_4_2_0,0.0,0,0
400,0,3,road_3_4_2_1,-0.006982168648391962,3,0
400,0,3,road_3_4_2_2,-0.00017046823631972075,0,0
400,0,3,road_2_3_1_0,0.0,0,0
400,0,3,road_2_3_1_1,-0.0003232969029340893,0,0
400,0,3,road_2_3_1_2,-0.00032329693203791976,0,0
400,0,3,road_1_4_0_0,0.0,0,0
400,0,3,road_1_4_0_1,-0.006982168182730675,3,0
400,0,3,road_1_4_0_2,-0.00017046817811205983,0,0
400,0,3,road_3_2_3_0,0.0,0,0
400,0,3,road_3_2_3_1,-0.0005862833932042122,0,0
400,0,3,road_3_2_3_2,-0.0005862833932042122,0,0
400,0,3,road_4_1_2_0,0.0,0,0
400,0,3,road_4_1_2_1,0.0005111825303174555,3,0
400,0,3,road_4_1_2_2,0.003938916139304638,3,0
400,0,3,road_3_0_1_0,0.0,0,0
400,0,3,road_3_0_1_1,-0.0005862833349965513,0,0
400,0,3,road_3_0_1_2,-0.0005862834514118731,0,0
400,0,3,road_2_1_0_0,0.0,0,0
400,0,3,road_2_1_0_1,0.0004318901337683201,3,0
400,0,3,road_2_1_0_2,0.003934227395802736,3,0
400,0,3,road_3_3_3_0,0.0,0,0
400,0,3,road_3_3_3_1,0.002654808107763529,3,0
400,0,3,road_3_3_3_2,0.0032114977948367596,3,0
400,0,3,road_4_2_2_0,0.0,0,0
400,0,3,road_4_2_2_1,-0.0013915677554905415,3,0
400,0,3,road_4_2_2_2,-0.002891360316425562,3,0
400,0,3,road_3_1_1_0,0.0,0,0
400,0,3,road_3_1_1_1,0.0026548083405941725,3,0
400,0,3,road_3_1_1_2,0.003211497562006116,3,0
400,0,3,road_2_2_0_0,0.0,0,0
400,0,3,road_2_2_0_1,-0.0017981386044993997,3,0
400,0,3,road_2_2_0_2,-0.0029394912999123335,3,0
400,0,3,road_3_4_3_0,0.0,0,0
400,0,3,road_3_4_3_1,-0.0003232968447264284,0,0
400,0,3,road_3_4_3_2,-0.0003232967865187675,0,0
400,0,3,road_4_3_2_0,0.0,0,0
400,0,3,road_4_3_2_1,-0.006982168648391962,3,0
400,0,3,road_4_3_2_2,-0.00017046823631972075,0,0
400,0,3,road_3_2_1_0,0.0,0,0
400,0,3,road_3_2_1_1,-0.0003232969029340893,0,0
400,0,3,road_3_2_1_2,-0.00032329693203791976,0,0
400,0,3,road_2_3_0_0,0.0,0,0
400,0,3,road_2_3_0_1,-0.006982168182730675,3,0
400,0,3,road_2_3_0_2,-0.00017046817811205983,0,0
400,0,3,road_3_5_3_0,0.0,0,0
400,0,3,road_3_5_3_1,-0.0003232968447264284,0,0
400,0,3,road_3_5_3_2,-0.0003232967865187675,0,0
400,0,3,road_4_4_2_0,0.0,0,0
400,0,3,road_4_4_2_1,-0.006982168648391962,3,0
400,0,3,road_4_4_2_2,-0.00017046823631972075,0,0
400,0,3,road_3_3_1_0,0.0,0,0
400,0,3,road_3_3_1_1,-0.0003232969029340893,0,0
400,0,3,road_3_3_1_2,-0.00032329693203791976,0,0
400,0,3,road_2_4_0_0,0.0,0,0
400,0,3,road_2_4_0_1,-0.006982168182730675,3,0
400,0,3,road_2_4_0_2,-0.00017046817811205983,0,0
400,0,3,road_4_2_3_0,0.0,0,0
400,0,3,road_4_2_3_1,-0.002723115496337414,3,0
400,0,3,road_4_2_3_2,-0.002561328699812293,3,0
400,0,3,road_5_1_2_0,0.0,0,0
400,0,3,road_5_1_2_1,0.0030362133402377367,3,0
400,0,3,road_5_1_2_2,0.0024733240716159344,3,0
400,0,3,road_4_0_1_0,0.0,0,0
400,0,3,road_4_0_1_1,-0.00012987526133656502,2,0
400,0,3,road_4_0_1_2,-0.0019874311983585358,0,0
400,0,3,road_3_1_0_0,0.0,0,0
400,0,3,road_3_1_0_1,0.0030362126417458057,3,0
400,0,3,road_3_1_0_2,0.0024733233731240034,3,0
400,0,3,road_4_3_3_0,0.0,0,0
400,0,3,road_4_3_3_1,0.0026950358878821135,3,0
400,0,3,road_4_3_3_2,0.003288356587290764,3,0
400,0,3,road_5_2_2_0,0.0,0,0
400,0,3,road_5_2_2_1,-0.0011178288841620088,3,0
400,0,3,road_5_2_2_2,-0.0022371874656528234,3,0
400,0,3,road_4_1_1_0,0.0,0,0
400,0,3,road_4_1_1_1,0.0026950358878821135,3,0
400,0,3,road_4_1_1_2,0.003288356587290764,3,0
400,0,3,road_3_2_0_0,0.0,0,0
400,0,3,road_3_2_0_1,-0.002917150966823101,3,0
400,0,3,road_3_2_0_2,-0.002840884495526552,3,0
400,0,3,road_4_4_3_0,0.0,0,0
400,0,3,road_4_4_3_1,0.002627541543915868,3,0
400,0,3,road_4_4_3_2,0.0032753213308751583,3,0
400,0,3,road_5_3_2_0,0.0,0,0
400,0,3,road_5_3_2_1,-0.0001463679946027696,3,0
400,0,3,road_5_3_2_2,-0.0015157375019043684,0,0
400,0,3,road_4_2_1_0,0.0,0,0
400,0,3,road_4_2_1_1,0.0021001198329031467,3,0
400,0,3,road_4_2_1_2,0.003326469101011753,3,0
400,0,3,road_3_3_0_0,0.0,0,0
400,0,3,road_3_3_0_1,-0.0026637674309313297,3,0
400,0,3,road_3_3_0_2,-0.0007821457693353295,3,0
400,0,3,road_4_5_3_0,0.0,0,0
400,0,3,road_4_5_3_1,0.002502976218238473,3,0
400,0,3,road_4_5_3_2,0.003394506638869643,3,0
400,0,3,road_5_4_2_0,0.0,0,0
400,0,3,road_5_4_2_1,-1.1445163181633689e-05,3,0
400,0,3,road_5_4_2_2,-0.002990980865433812,0,0
400,0,3,road_4_3_1_0,0.0,0,0
400,0,3,road_4_3_1_1,0.0012512424727901816,3,0
400,0,3,road_4_3_1_2,0.0034700860269367695,3,0
400,0,3,road_3_4_0_0,0.0,0,0
400,0,3,road_3_4_0_1,-0.0029909806326031685,3,0
400,0,3,road_3_4_0_2,-0.0027116225101053715,3,0
600,0,0,road_1_2_3_0,0.0,0,0
600,0,0,road_1_2_3_1,-0.0026295287534594536,0,0
600,0,0,road_1_2_3_2,-0.00035194717929698527,0,0
600,0,0,road_2_1_2_0,0.0,0,0
600,0,0,road_2_1_2_1,6.46570697426796e-05,0,3
600,0,0,road_2_1_2_2,0.00024107866920530796,0,3
600,0,0,road_1_0_1_0,0.0,0,0
600,0,0,road_1_0_1_1,0.00015666792751289904,0,3
600,0,0,road_1_0_1_2,0.0031601721420884132,0,3
600,0,0,road_0_1_0_0,0.0,0,0
600,0,0,road_0_1_0_1,-1.975832310563419e-05,0,0
600,0,0,road_0_1_0_2,-0.002334355842322111,0,0
600,0,0,road_1_3_3_0,0.0,0,0
600,0,0,road_1_3_3_1,0.0027050913777202368,0,3
600,0,0,road_1_3_3_2,0.0016062071081250906,0,3
600,0,0,road_2_2_2_0,0.0,0,0
600,0,0,road_2_2_2_1,-0.003161968430504203,0,0
600,0,0,road_2_2_2_2,0.0006569625111296773,0,3
600,0,0,road_1_1_1_0,0.0,0,0
600,0,0,road_1_1_1_1,0.00349052669480443,0,3
600,0,0,road_1_1_1_2,0.0005835909396409988,0,3
600,0,0,road_0_2_0_0,0.0,0,0
600,0,0,road_0_2_0_1,0.00019476976012811065,0,2
600,0,0,road_0_2_0_2,0.0037094810977578163,0,3
600,0,0,road_1_4_3_0,0.0,0,0
600,0,0,road_1_4_3_1,2.0096191292395815e-05,0,2
600,0,0,road_1_4_3_2,-0.0002658796729519963,0,0
600,0,0,road_2_3_2_0,0.0,0,0
600,0,0,road_2_3_2_1,0.002873130375519395,0,3
600,0,0,road_2_3_2_2,0.0022784811444580555,0,3
600,0,0,road_1_2_1_0,0.0,0,0
600,0,0,road_1_2_1_1,0.007453032303601503,0,3
600,0,0,road_1_2_1_2,0.0021603042259812355,0,3
600,0,0,road_0_3_0_0,0.0,0,0
600,0,0,road_0_3_0_1,0.0020058881491422653,0,3
600,0,0,road_0_3_0_2,0.0012880210997536778,0,3
600,0,0,road_1_5_3_0,0.0,0,0
600,0,0,road_1_5_3_1,0.0023569248151034117,0,3
600,0,0,road_1_5_3_2,0.001583889126777649,0,3
600,0,0,road_2_4_2_0,0.0,0,0
600,0,0,road_2_4_2_1,0.0037342312280088663,0,3
600,0,0,road_2_4_2_2,0.004038644023239613,0,3
600,0,0,road_1_3_1_0,0.0,0,0
600,0,0,road_1_3_1_1,0.002384630963206291,0,3
600,0,0,road_1_3_1_2,0.0012010331265628338,0,2
600,0,0,road_0_4_0_0,0.0,0,0
600,0,0,road_0_4_0_1,2.6218031052849256e-05,0,0
600,0,0,road_0_4_0_2,0.001380946603603661,0,3
600,0,0,road_2_2_3_0,0.0,0,0
600,0,0,road_2_2_3_1,-0.00040085960063152015,0,0
600,0,0,road_2_2_3_2,-0.0002964539162348956,0,0
600,0,0,road_3_1_2_0,0.0,0,0
600,0,0,road_3_1_2_1,0.0003491210227366537,0,3
600,0,0,road_3_1_2_2,-0.00031388478237204254,0,0
600,0,0,road_2_0_1_0,0.0,0,0
600,0,0,road_2_0_1_1,-0.00029645400354638696,0,0
600,0,0,road_2_0_1_2,-0.00016176670033019036,0,0
600,0,0,road_1_1_0_0,0.0,0,0
600,0,0,road_1_1_0_1,0.00034912090632133186,0,3
600,0,0,road_1_1_0_2,-0.0003138848696835339,0,0
600,0,0,road_2_3_3_0,0.0,0,0
600,0,0,road_2_3_3_1,-0.00015364031423814595,0,0
600,0,0,road_2_3_3_2,-0.00015364045975729823,0,0
600,0,0,road_3_2_2_0,0.0,0,0
600,0,0,road_3_2_2_1,0.0003193664597347379,0,3
600,0,0,road_3_2_2_2,-0.0005485005094669759,0,0
600,0,0,road_2_1_1_0,0.0,0,0
600,0,0,road_2_1_1_1,-0.0001536404888611287,0,0
600,0,0,road_2_1_1_2,-0.0001536404888611287,0,0
600,0,0,road_1_2_0_0,0.0,0,0
600,0,0,road_1_2_0_1,0.0003065990167669952,0,3
600,0,0,road_1_2_0_2,-0.0005318562616594136,0,0
600,0,0,road_2_4_3_0,0.0,0,0
600,0,0,road_2_4_3_1,-0.00029645441100001335,0,0
600,0,0,road_2_4_3_2,-0.0004008602409157902,0,0
600,0,0,road_3_3_2_0,0.0,0,0
600,0,0,road_3_3_2_1,0.0003491203242447227,0,3
600,0,0,road_3_3_2_2,-0.0003138856263831258,0,0
600,0,0,road_2_2_1_0,0.0,0,0
600,0,0,road_2_2_1_1,-0.00016176690405700356,0,0
600,0,0,road_2_2_1_2,-0.0002964544983115047,0,0
600,0,0,road_1_3_0_0,0.0,0,0
600,0,0,road_1_3_0_1,0.00034912029514089227,0,3
600,0,0,road_1_3_0_2,-0.00031388550996780396,0,0
600,0,0,road_2_5_3_0,0.0,0,0
600,0,0,road_2_5_3_1,-0.00016070512356236577,0,0
600,0,0,road_2_5_3_2,-0.00016070531273726374,0,0
600,0,0,road_3_4_2_0,0.0,0,0
600,0,0,road_3_4_2_1,0.0003069000376854092,0,3
600,0,0,road_3_4_2_2,-0.0002681637997739017,0,0
600,0,0,road_2_3_1_0,0.0,0,0
600,0,0,road_2_3_1_1,-0.0001607051963219419,0,0
600,0,0,road_2_3_1_2,-0.00016070541460067034,0,0
600,0,0,road_1_4_0_0,0.0,0,0
600,0,0,road_1_4_0_1,0.00030690000858157873,0,3
600,0,0,road_1_4_0_2,-0.00026816397439688444,0,0
600,0,0,road_3_2_3_0,0.0,0,0
600,0,0,road_3_2_3_1,-0.00016070512356236577,0,0
600,0,0,road_3_2_3_2,-0.00016070531273726374,0,0
600,0,0,road_4_1_2_0,0.0,0,0
600,0,0,road_4_1_2_1,0.0003069000376854092,0,3
600,0,0,road_4_1_2_2,-0.0002681637997739017,0,0
600,0,0,road_3_0_1_0,0.0,0,0
600,0,0,road_3_0_1_1,-0.0001607051963219419,0,0
600,0,0,road_3_0_1_2,-0.00016070541460067034,0,0
600,0,0,road_2_1_0_0,0.0,0,0
600,0,0,road_2_1_0_1,0.00030690000858157873,0,3
600,0,0,road_2_1_0_2,-0.00026816397439688444,0,0
600,0,0,road_3_3_3_0,0.0,0,0
600,0,0,road_3_3_3_1,3.504741471260786e-05,0,3
600,0,0,road_3_3_3_2,0.0017106123268604279,0,3
600,0,0,road_4_2_2_0,0.0,0,0
600,0,0,road_4_2_2_1,-0.00748007046058774,0,0
600,0,0,road_4_2_2_2,-0.00031979166669771075,0,0
600,0,0,road_3_1_1_0,0.0,0,0
600,0,0,road_3_1_1_1,3.5047472920268774e-05,0,3
600,0,0,road_3_1_1_2,0.0017106123268604279,0,3
600,0,0,road_2_2_0_0,0.0,0,0
600,0,0,road_2_2_0_1,-0.004733405541628599,0,0
600,0,0,road_2_2_0_2,-0.0004104858380742371,0,0
600,0,0,road_3_4_3_0,0.0,0,0
600,0,0,road_3_4_3_1,-0.00016070512356236577,0,0
600,0,0,road_3_4_3_2,-0.00016070531273726374,0,0
600,0,0,road_4_3_2_0,0.0,0,0
600,0,0,road_4_3_2_1,0.0003069000376854092,0,3
600,0,0,road_4_3_2_2,-0.0002681637997739017,0,0
600,0,0,road_3_2_1_0,0.0,0,0
600,0,0,road_3_2_1_1,-0.0001607051963219419,0,0
600,0,0,road_3_2_1_2,-0.00016070541460067034,0,0
600,0,0,road_2_3_0_0,0.0,0,0
600,0,0,road_2_3_0_1,0.00030690000858157873,0,3
600,0,0,road_2_3_0_2,-0.00026816397439688444,0,0
600,0,0,road_3_5_3_0,0.0,0,0
600,0,0,road_3_5_3_1,-0.00016070512356236577,0,0
600,0,0,road_3_5_3_2,-0.00016070531273726374,0,0
600,0,0,road_4_4_2_0,0.0,0,0
600,0,0,road_4_4_2_1,0.0003069000376854092,0,3
600,0,0,road_4_4_2_2,-0.0002681637997739017,0,0
600,0,0,road_3_3_1_0,0.0,0,0
600,0,0,road_3_3_1_1,-0.0001607051963219419,0,0
600,0,0,road_3_3_1_2,-0.00016070541460067034,0,0
600,0,0,road_2_4_0_0,0.0,0,0
600,0,0,road_2_4_0_1,0.00030690000858157873,0,3
600,0,0,road_2_4_0_2,-0.00026816397439688444,0,0
600,0,0,road_4_2_3_0,0.0,0,0
600,0,0,road_4_2_3_1,0.0030622181948274374,0,3
600,0,0,road_4_2_3_2,0.0013734776293858886,0,3
600,0,0,road_5_1_2_0,0.0,0,0
600,0,0,road_5_1_2_1,0.0019812732934951782,0,3
600,0,0,road_5_1_2_2,0.0006768147577531636,0,3
600,0,0,road_4_0_1_0,0.0,0,0
600,0,0,road_4_0_1_1,4.2418654629727826e-05,0,2
600,0,0,road_4_0_1_2,-0.0006911996169947088,0,0
600,0,0,road_3_1_0_0,0.0,0,0
600,0,0,road_3_1_0_1,0.0019812725950032473,0,3
600,0,0,road_3_1_0_2,0.0006768142920918763,0,3
600,0,0,road_4_3_3_0,0.0,0,0
600,0,0,road_4_3_3_1,0.0034448872320353985,0,3
600,0,0,road_4_3_3_2,0.00261292839422822,0,3
600,0,0,road_5_2_2_0,0.0,0,0
600,0,0,road_5_2_2_1,0.00012043757305946201,0,3
600,0,0,road_5_2_2_2,-0.006260924972593784,0,0
600,0,0,road_4_1_1_0,0.0,0,0
600,0,0,road_4_1_1_1,0.0005901335971429944,0,3
600,0,0,road_4_1_1_2,0.0015243773814290762,0,3
600,0,0,road_3_2_0_0,0.0,0,0
600,0,0,road_3_2_0_1,0.0031510484404861927,0,3
600,0,0,road_3_2_0_2,-0.0004265931202098727,0,0
600,0,0,road_4_4_3_0,0.0,0,0
600,0,0,road_4_4_3_1,0.0015675987815484405,0,3
600,0,0,road_4_4_3_2,0.0017775839660316706,0,3
600,0,0,road_5_3_2_0,0.0,0,0
600,0,0,road_5_3_2_1,9.263465472031385e-05,0,3
600,0,0,road_5_3_2_2,-0.004250550642609596,0,0
600,0,0,road_4_2_1_0,0.0,0,0
600,0,0,road_4_2_1_1,0.0028587044216692448,0,3
600,0,0,road_4_2_1_2,0.002070304471999407,0,3
600,0,0,road_3_3_0_0,0.0,0,0
600,0,0,road_3_3_0_1,0.003081505186855793,0,3
600,0,0,road_3_3_0_2,-0.0004523847019299865,0,0
600,0,0,road_4_5_3_0,0.0,0,0
600,0,0,road_4_5_3_1,0.002746984362602234,0,3
600,0,0,road_4_5_3_2,-0.000627115077804774,0,0
600,0,0,road_5_4_2_0,0.0,0,0
600,0,0,road_5_4_2_1,-1.5819645341252908e-05,0,0
600,0,0,road_5_4_2_2,-0.0006066750502213836,0,0
600,0,0,road_4_3_1_0,0.0,0,0
600,0,0,road_4_3_1_1,-0.00015884691674727947,0,0
600,0,0,road_4_3_1_2,-0.0038641076534986496,0,0
600,0,0,road_3_4_0_0,0.0,0,0
600,0,0,road_3_4_0_1,-0.0012472884263843298,0,0
600,0,0,road_3_4_0_2,-0.00010895519517362118,0,0
600,0,1,road_1_2_3_0,0.0,0,0
600,0,1,road_1_2_3_1,-0.002643678802996874,0,0
600,0,1,road_1_2_3_2,5.879503441974521e-05,0,3
600,0,1,road_2_1_2_0,0.0,0,0
600,0,1,road_2_1_2_1,-0.0035079894587397575,3,0
600,0,1,road_2_1_2_2,-0.0021710824221372604,3,0
600,0,1,road_1_0_1_0,0.0,0,0
600,0,1,road_1_0_1_1,9.91023043752648e-05,3,0
600,0,1,road_1_0_1_2,0.004327740520238876,3,0
600,0,1,road_0_1_0_0,0.0,0,0
600,0,1,road_0_1_0_1,-2.2970778445596807e-05,0,0
600,0,1,road_0_1_0_2,-0.0024231586139649153,0,0
600,0,1,road_1_3_3_0,0.0,0,0
600,0,1,road_1_3_3_1,0.0033030491322278976,3,0
600,0,1,road_1_3_3_2,0.0032698004506528378,3,0
600,0,1,road_2_2_2_0,0.0,0,0
600,0,1,road_2_2_2_1,-0.00011607457417994738,0,0
600,0,1,road_2_2_2_2,-0.001210161717608571,3,0
600,0,1,road_1_1_1_0,0.0,0,0
600,0,1,road_1_1_1_1,0.00163834891282022,3,0
600,0,1,road_1_1_1_2,0.002626315923407674,3,0
600,0,1,road_0_2_0_0,0.0,0,0
600,0,1,road_0_2_0_1,-0.0004153270274400711,2,0
600,0,1,road_0_2_0_2,-0.002316682133823633,3,0
600,0,1,road_1_4_3_0,0.0,0,0
600,0,1,road_1_4_3_1,-1.0760704753920436e-05,2,0
600,0,1,road_1_4_3_2,-0.0017225652700290084,0,0
600,0,1,road_2_3_2_0,0.0,0,0
600,0,1,road_2_3_2_1,0.002745585050433874,3,0
600,0,1,road_2_3_2_2,0.0016135838814079762,3,0
600,0,1,road_1_2_1_0,0.0,0,0
600,0,1,road_1_2_1_1,-0.0020605814643204212,3,0
600,0,1,road_1_2_1_2,-0.002504792995750904,3,0
600,0,1,road_0_3_0_0,0.0,0,0
600,0,1,road_0_3_0_1,0.002698988653719425,3,0
600,0,1,road_0_3_0_2,0.001997144427150488,3,0
600,0,1,road_1_5_3_0,0.0,0,0
600,0,1,road_1_5_3_1,0.0022660810500383377,3,0
600,0,1,road_1_5_3_2,0.002515289466828108,3,0
600,0,1,road_2_4_2_0,0.0,0,0
600,0,1,road_2_4_2_1,-0.0021025510504841805,3,0
600,0,1,road_2_4_2_2,-0.0020570512861013412,3,0
600,0,1,road_1_3_1_0,0.0,0,0
600,0,1,road_1_3_1_1,0.00444037513807416,3,0
600,0,1,road_1_3_1_2,0.005666743032634258,2,1
600,0,1,road_0_4_0_0,0.0,0,0
600,0,1,road_0_4_0_1,-1.4162699699227232e-05,0,0
600,0,1,road_0_4_0_2,-0.00039303809171542525,3,0
600,0,1,road_2_2_3_0,0.0,0,0
600,0,1,road_2_2_3_1,0.0009727057768031955,0,3
600,0,1,road_2_2_3_2,0.00035607058089226484,0,3
600,0,1,road_3_1_2_0,0.0,0,0
600,0,1,road_3_1_2_1,-0.007197129540145397,3,0
600,0,1,road_3_1_2_2,-0.00044521308154799044,0,0
600,0,1,road_2_0_1_0,0.0,0,0
600,0,1,road_2_0_1_1,0.0003560708137229085,0,3
600,0,1,road_2_0_1_2,-0.00032283758628182113,0,0
600,0,1,road_1_1_0_0,0.0,0,0
600,0,1,road_1_1_0_1,-0.0071971300058066845,3,0
600,0,1,road_1_1_0_2,-0.0004452132270671427,0,0
600,0,1,road_2_3_3_0,0.0,0,0
600,0,1,road_2_3_3_1,-0.00040219188667833805,0,0
600,0,1,road_2_3_3_2,-0.0004021917993668467,0,0
600,0,1,road_3_2_2_0,0.0,0,0
600,0,1,road_3_2_2_1,-0.006480805575847626,3,0
600,0,1,road_3_2_2_2,0.0005351656000129879,0,3
600,0,1,road_2_1_1_0,0.0,0,0
600,0,1,road_2_1_1_1,-0.00040219182847067714,0,0
600,0,1,road_2_1_1_2,-0.0004021917120553553,0,0
600,0,1,road_1_2_0_0,0.0,0,0
600,0,1,road_1_2_0_1,-0.005060349125415087,3,0
600,0,1,road_1_2_0_2,0.0016792967217043042,0,3
600,0,1,road_2_4_3_0,0.0,0,0
600,0,1,road_2_4_3_1,0.0003560703480616212,0,3
600,0,1,road_2_4_3_2,0.0009727055439725518,0,3
600,0,1,road_3_3_2_0,0.0,0,0
600,0,1,road_3_3_2_1,-0.0071971300058066845,3,0
600,0,1,road_3_3_2_2,-0.00044521334348246455,0,0
600,0,1,road_2_2_1_0,0.0,0,0
600,0,1,road_2_2_1_1,-0.00032283784821629524,0,0
600,0,1,road_2_2_1_2,0.00035607052268460393,0,3
600,0,1,road_1_3_0_0,0.0,0,0
600,0,1,road_1_3_0_1,-0.007197130471467972,3,0
600,0,1,road_1_3_0_2,-0.00044521328527480364,0,0
600,0,1,road_2_5_3_0,0.0,0,0
600,0,1,road_2_5_3_1,-0.0003232968447264284,0,0
600,0,1,road_2_5_3_2,-0.0003232967865187675,0,0
600,0,1,road_3_4_2_0,0.0,0,0
600,0,1,road_3_4_2_1,-0.006982168648391962,3,0
600,0,1,road_3_4_2_2,-0.00017046823631972075,0,0
600,0,1,road_2_3_1_0,0.0,0,0
600,0,1,road_2_3_1_1,-0.0003232969029340893,0,0
600,0,1,road_2_3_1_2,-0.00032329693203791976,0,0
600,0,1,road_1_4_0_0,0.0,0,0
600,0,1,road_1_4_0_1,-0.006982168182730675,3,0
600,0,1,road_1_4_0_2,-0.00017046817811205983,0,0
600,0,1,road_3_2_3_0,0.0,0,0
600,0,1,road_3_2_3_1,-0.0003232968447264284,0,0
600,0,1,road_3_2_3_2,-0.0003232967865187675,0,0
600,0,1,road_4_1_2_0,0.0,0,0
600,0,1,road_4_1_2_1,-0.006982168648391962,3,0
600,0,1,road_4_1_2_2,-0.00017046823631972075,0,0
600,0,1,road_3_0_1_0,0.0,0,0
600,0,1,road_3_0_1_1,-0.0003232969029340893,0,0
600,0,1,road_3_0_1_2,-0.00032329693203791976,0,0
600,0,1,road_2_1_0_0,0.0,0,0
600,0,1,road_2_1_0_1,-0.006982168182730675,3,0
600,0,1,road_2_1_0_2,-0.00017046817811205983,0,0
600,0,1,road_3_3_3_0,0.0,0,0
600,0,1,road_3_3_3_1,0.0036627277731895447,3,0
600,0,1,road_3_3_3_2,0.001953460741788149,3,0
600,0,1,road_4_2_2_0,0.0,0,0
600,0,1,road_4_2_2_1,-0.002367423614487052,0,0
600,0,1,road_4_2_2_2,-0.000302243628539145,0,0
600,0,1,road_3_1_1_0,0.0,0,0
600,0,1,road_3_1_1_1,0.0036627273075282574,3,0
600,0,1,road_3_1_1_2,0.001953460741788149,3,0
600,0,1,road_2_2_0_0,0.0,0,0
600,0,1,road_2_2_0_1,-7.695520616834983e-05,0,0
600,0,1,road_2_2_0_2,0.00086408038623631,0,3
600,0,1,road_3_4_3_0,0.0,0,0
600,0,1,road_3_4_3_1,-0.0003232968447264284,0,0
600,0,1,road_3_4_3_2,-0.0003232967865187675,0,0
600,0,1,road_4_3_2_0,0.0,0,0
600,0,1,road_4_3_2_1,-0.006982168648391962,3,0
600,0,1,road_4_3_2_2,-0.00017046823631972075,0,0
600,0,1,road_3_2_1_0,0.0,0,0
600,0,1,road_3_2_1_1,-0.0003232969029340893,0,0
600,0,1,road_3_2_1_2,-0.00032329693203791976,0,0
600,0,1,road_2_3_0_0,0.0,0,0
600,0,1,road_2_3_0_1,-0.006982168182730675,3,0
600,0,1,road_2_3_0_2,-0.00017046817811205983,0,0
600,0,1,road_3_5_3_0,0.0,0,0
600,0,1,road_3_5_3_1,-0.0003232968447264284,0,0
600,0,1,road_3_5_3_2,-0.0003232967865187675,0,0
600,0,1,road_4_4_2_0,0.0,0,0
600,0,1,road_4_4_2_1,-0.006982168648391962,3,0
600,0,1,road_4_4_2_2,-0.00017046823631972075,0,0
600,0,1,road_3_3_1_0,0.0,0,0
600,0,1,road_3_3_1_1,-0.0003232969029340893,0,0
600,0,1,road_3_3_1_2,-0.00032329693203791976,0,0
600,0,1,road_2_4_0_0,0.0,0,0
600,0,1,road_2_4_0_1,-0.006982168182730675,3,0
600,0,1,road_2_4_0_2,-0.00017046817811205983,0,0
600,0,1,road_4_2_3_0,0.0,0,0
600,0,1,road_4_2_3_1,-0.0026391353458166122,3,0
600,0,1,road_4_2_3_2,-0.0025282958522439003,3,0
600,0,1,road_5_1_2_0,0.0,0,0
600,0,1,road_5_1_2_1,0.003009296488016844,3,0
600,0,1,road_5_1_2_2,0.002450191415846348,3,0
600,0,1,road_4_0_1_0,0.0,0,0
600,0,1,road_4_0_1_1,-2.7437368771643378e-05,2,0
600,0,1,road_4_0_1_2,-0.001861439784988761,0,0
600,0,1,road_3_1_0_0,0.0,0,0
600,0,1,road_3_1_0_1,0.003009296953678131,3,0
600,0,1,road_3_1_0_2,0.0024501916486769915,3,0
600,0,1,road_4_3_3_0,0.0,0,0
600,0,1,road_4_3_3_1,0.0017683091573417187,3,0
600,0,1,road_4_3_3_2,0.0023476139176636934,3,0
600,0,1,road_5_2_2_0,0.0,0,0
600,0,1,road_5_2_2_1,-0.00017189153004437685,3,0
600,0,1,road_5_2_2_2,-0.0029217470437288284,0,0
600,0,1,road_4_1_1_0,0.0,0,0
600,0,1,road_4_1_1_1,0.00285964529030025,3,0
600,0,1,road_4_1_1_2,0.0023229806683957577,3,0
600,0,1,road_3_2_0_0,0.0,0,0
600,0,1,road_3_2_0_1,-0.0013476936146616936,3,0
600,0,1,road_3_2_0_2,1.557153882458806e-05,0,3
600,0,1,road_4_4_3_0,0.0,0,0
600,0,1,road_4_4_3_1,0.0027947635389864445,3,0
600,0,1,road_4_4_3_2,0.0026395609602332115,3,0
600,0,1,road_5_3_2_0,0.0,0,0
600,0,1,road_5_3_2_1,-7.437590829795226e-05,3,0
600,0,1,road_5_3_2_2,-0.001489234040491283,0,0
600,0,1,road_4_2_1_0,0.0,0,0
600,0,1,road_4_2_1_1,0.0013554668985307217,3,0
600,0,1,road_4_2_1_2,0.0026769915129989386,3,0
600,0,1,road_3_3_0_0,0.0,0,0
600,0,1,road_3_3_0_1,-0.0014892336912453175,3,0
600,0,1,road_3_3_0_2,0.0003476683050394058,0,3
600,0,1,road_4_5_3_0,0.0,0,0
600,0,1,road_4_5_3_1,-0.003244181862100959,3,0
600,0,1,road_4_5_3_2,-0.0022438003215938807,0,0
600,0,1,road_5_4_2_0,0.0,0,0
600,0,1,road_5_4_2_1,-1.4093252502789255e-05,0,0
600,0,1,road_5_4_2_2,-0.002025952097028494,0,0
600,0,1,road_4_3_1_0,0.0,0,0
600,0,1,road_4_3_1_1,0.001192753785289824,0,3
600,0,1,road_4_3_1_2,0.0008126687607727945,0,3
600,0,1,road_3_4_0_0,0.0,0,0
600,0,1,road_3_4_0_1,-0.0013052434660494328,0,0
600,0,1,road_3_4_0_2,-0.0014015741180628538,0,0
600,0,2,road_1_2_3_0,0.0,0,0
600,0,2,road_1_2_3_1,-0.0025707550812512636,0,0
600,0,2,road_1_2_3_2,-0.003348998259752989,3,0
600,0,2,road_2_1_2_0,0.0,0,0
600,0,2,road_2_1_2_1,0.004776548128575087,3,0
600,0,2,road_2_1_2_2,0.003371879458427429,3,0
600,0,2,road_1_0_1_0,0.0,0,0
600,0,2,road_1_0_1_1,-0.00010323968308512121,3,0
600,0,2,road_1_0_1_2,-0.0025707550812512636,3,0
600,0,2,road_0_1_0_0,0.0,0,0
600,0,2,road_0_1_0_1,2.3847960619605146e-05,0,3
600,0,2,road_0_1_0_2,0.0025844103656709194,0,3
600,0,2,road_1_3_3_0,0.0,0,0
600,0,2,road_1_3_3_1,0.0033030491322278976,3,0
600,0,2,road_1_3_3_2,0.0032698004506528378,3,0
600,0,2,road_2_2_2_0,0.0,0,0
600,0,2,road_2_2_2_1,-0.00011607457417994738,0,0
600,0,2,road_2_2_2_2,-0.001210161717608571,3,0
600,0,2,road_1_1_1_0,0.0,0,0
600,0,2,road_1_1_1_1,0.00163834891282022,3,0
600,0,2,road_1_1_1_2,0.002626315923407674,3,0
600,0,2,road_0_2_0_0,0.0,0,0
600,0,2,road_0_2_0_1,-0.0004153270274400711,2,0
600,0,2,road_0_2_0_2,-0.002316682133823633,3,0
600,0,2,road_1_4_3_0,0.0,0,0
600,0,2,road_1_4_3_1,-1.0760704753920436e-05,2,0
600,0,2,road_1_4_3_2,-0.0017225652700290084,0,0
600,0,2,road_2_3_2_0,0.0,0,0
600,0,2,road_2_3_2_1,0.002745585050433874,3,0
600,0,2,road_2_3_2_2,0.0016135838814079762,3,0
600,0,2,road_1_2_1_0,0.0,0,0
600,0,2,road_1_2_1_1,-0.0020605814643204212,3,0
600,0,2,road_1_2_1_2,-0.002504792995750904,3,0
600,0,2,road_0_3_0_0,0.0,0,0
600,0,2,road_0_3_0_1,0.002698988653719425,3,0
600,0,2,road_0_3_0_2,0.001997144427150488,3,0
600,0,2,road_1_5_3_0,0.0,0,0
600,0,2,road_1_5_3_1,0.0022394272964447737,3,0
600,0,2,road_1_5_3_2,0.002413747366517782,3,0
600,0,2,road_2_4_2_0,0.0,0,0
600,0,2,road_2_4_2_1,-0.002177458256483078,3,0
600,0,2,road_2_4_2_2,-0.0021662283688783646,3,0
600,0,2,road_1_3_1_0,0.0,0,0
600,0,2,road_1_3_1_1,0.0020773576106876135,3,0
600,0,2,road_1_3_1_2,0.002042630687355995,3,0
600,0,2,road_0_4_0_0,0.0,0,0
600,0,2,road_0_4_0_1,-1.4404724424821325e-05,0,0
600,0,2,road_0_4_0_2,-0.00040544773219153285,3,0
600,0,2,road_2_2_3_0,0.0,0,0
600,0,2,road_2_2_3_1,-0.001565584447234869,3,0
600,0,2,road_2_2_3_2,-0.00032944526174105704,3,0
600,0,2,road_3_1_2_0,0.0,0,0
600,0,2,road_3_1_2_1,-0.005789899732917547,3,0
600,0,2,road_3_1_2_2,-0.001201690873131156,0,0
600,0,2,road_2_0_1_0,0.0,0,0
600,0,2,road_2_0_1_1,-0.00032944546546787024,3,0
600,0,2,road_2_0_1_2,0.0009594724979251623,0,3
600,0,2,road_1_1_0_0,0.0,0,0
600,0,2,road_1_1_0_1,-0.005789899732917547,3,0
600,0,2,road_1_1_0_2,-0.0012016909895464778,0,0
600,0,2,road_2_3_3_0,0.0,0,0
600,0,2,road_2_3_3_1,-0.0005890749162063003,0,0
600,0,2,road_2_3_3_2,-0.0005890749162063003,0,0
600,0,2,road_3_2_2_0,0.0,0,0
600,0,2,road_3_2_2_1,0.00045745744137093425,3,0
600,0,2,road_3_2_2_2,0.0038131738547235727,3,0
600,0,2,road_2_1_1_0,0.0,0,0
600,0,2,road_2_1_1_1,-0.0005890751490369439,0,0
600,0,2,road_2_1_1_2,-0.0005890752072446048,0,0
600,0,2,road_1_2_0_0,0.0,0,0
600,0,2,road_1_2_0_1,0.0004888662369921803,3,0
600,0,2,road_1_2_0_2,0.0030021988786756992,3,0
600,0,2,road_2_4_3_0,0.0,0,0
600,0,2,road_2_4_3_1,-0.0003294453490525484,3,0
600,0,2,road_2_4_3_2,-0.0015655851457268,3,0
600,0,2,road_3_3_2_0,0.0,0,0
600,0,2,road_3_3_2_1,-0.0057899001985788345,3,0
600,0,2,road_3_3_2_2,-0.0012016909895464778,0,0
600,0,2,road_2_2_1_0,0.0,0,0
600,0,2,road_2_2_1_1,0.0009594723815098405,0,3
600,0,2,road_2_2_1_2,-0.00032944613485597074,3,0
600,0,2,road_1_3_0_0,0.0,0,0
600,0,2,road_1_3_0_1,-0.005789901129901409,3,0
600,0,2,road_1_3_0_2,-0.001201690873131156,0,0
600,0,2,road_2_5_3_0,0.0,0,0
600,0,2,road_2_5_3_1,-0.0003232968447264284,0,0
600,0,2,road_2_5_3_2,-0.0003232967865187675,0,0
600,0,2,road_3_4_2_0,0.0,0,0
600,0,2,road_3_4_2_1,-0.006982168648391962,3,0
600,0,2,road_3_4_2_2,-0.00017046823631972075,0,0
600,0,2,road_2_3_1_0,0.0,0,0
600,0,2,road_2_3_1_1,-0.0003232969029340893,0,0
600,0,2,road_2_3_1_2,-0.00032329693203791976,0,0
600,0,2,road_1_4_0_0,0.0,0,0
600,0,2,road_1_4_0_1,-0.006982168182730675,3,0
600,0,2,road_1_4_0_2,-0.00017046817811205983,0,0
600,0,2,road_3_2_3_0,0.0,0,0
600,0,2,road_3_2_3_1,-0.0003232968447264284,0,0
600,0,2,road_3_2_3_2,-0.0003232967865187675,0,0
600,0,2,road_4_1_2_0,0.0,0,0
600,0,2,road_4_1_2_1,-0.006982168648391962,3,0
600,0,2,road_4_1_2_2,-0.00017046823631972075,0,0
600,0,2,road_3_0_1_0,0.0,0,0
600,0,2,road_3_0_1_1,-0.0003232969029340893,0,0
600,0,2,road_3_0_1_2,-0.00032329693203791976,0,0
600,0,2,road_2_1_0_0,0.0,0,0
600,0,2,road_2_1_0_1,-0.006982168182730675,3,0
600,0,2,road_2_1_0_2,-0.00017046817811205983,0,0
600,0,2,road_3_3_3_0,0.0,0,0
600,0,2,road_3_3_3_1,0.0034540006890892982,3,0
600,0,2,road_3_3_3_2,0.0024931849911808968,3,0
600,0,2,road_4_2_2_0,0.0,0,0
600,0,2,road_4_2_2_1,-0.003404738614335656,0,0
600,0,2,road_4_2_2_2,0.00034722176496870816,0,3
600,0,2,road_3_1_1_0,0.0,0,0
600,0,2,road_3_1_1_1,0.0034539999905973673,3,0
600,0,2,road_3_1_1_2,0.0024931845255196095,3,0
600,0,2,road_2_2_0_0,0.0,0,0
600,0,2,road_2_2_0_1,-0.0025209819432348013,0,0
600,0,2,road_2_2_0_2,-0.0008312383433803916,3,0
600,0,2,road_3_4_3_0,0.0,0,0
600,0,2,road_3_4_3_1,-0.0003232968447264284,0,0
600,0,2,road_3_4_3_2,-0.0003232967865187675,0,0
600,0,2,road_4_3_2_0,0.0,0,0
600,0,2,road_4_3_2_1,-0.006982168648391962,3,0
600,0,2,road_4_3_2_2,-0.00017046823631972075,0,0
600,0,2,road_3_2_1_0,0.0,0,0
600,0,2,road_3_2_1_1,-0.0003232969029340893,0,0
600,0,2,road_3_2_1_2,-0.00032329693203791976,0,0
600,0,2,road_2_3_0_0,0.0,0,0
600,0,2,road_2_3_0_1,-0.006982168182730675,3,0
600,0,2,road_2_3_0_2,-0.00017046817811205983,0,0
600,0,2,road_3_5_3_0,0.0,0,0
600,0,2,road_3_5_3_1,-0.0003232968447264284,0,0
600,0,2,road_3_5_3_2,-0.0003232967865187675,0,0
600,0,2,road_4_4_2_0,0.0,0,0
600,0,2,road_4_4_2_1,-0.006982168648391962,3,0
600,0,2,road_4_4_2_2,-0.00017046823631972075,0,0
600,0,2,road_3_3_1_0,0.0,0,0
600,0,2,road_3_3_1_1,-0.0003232969029340893,0,0
600,0,2,road_3_3_1_2,-0.00032329693203791976,0,0
600,0,2,road_2_4_0_0,0.0,0,0
600,0,2,road_2_4_0_1,-0.006982168182730675,3,0
600,0,2,road_2_4_0_2,-0.00017046817811205983,0,0
600,0,2,road_4_2_3_0,0.0,0,0
600,0,2,road_4_2_3_1,-0.0026391353458166122,3,0
600,0,2,road_4_2_3_2,-0.0025282958522439003,3,0
600,0,2,road_5_1_2_0,0.0,0,0
600,0,2,road_5_1_2_1,0.003009296488016844,3,0
600,0,2,road_5_1_2_2,0.002450191415846348,3,0
600,0,2,road_4_0_1_0,0.0,0,0
600,0,2,road_4_0_1_1,-2.7437368771643378e-05,2,0
600,0,2,road_4_0_1_2,-0.001861439784988761,0,0
600,0,2,road_3_1_0_0,0.0,0,0
600,0,2,road_3_1_0_1,0.003009296953678131,3,0
600,0,2,road_3_1_0_2,0.0024501916486769915,3,0
600,0,2,road_4_3_3_0,0.0,0,0
600,0,2,road_4_3_3_1,0.0016426302026957273,3,0
600,0,2,road_4_3_3_2,0.0034263869747519493,3,0
600,0,2,road_5_2_2_0,0.0,0,0
600,0,2,road_5_2_2_1,-0.00018732641183305532,3,0
600,0,2,road_5_2_2_2,-0.0015782029367983341,0,0
600,0,2,road_4_1_1_0,0.0,0,0
600,0,2,road_4_1_1_1,0.002607866423204541,3,0
600,0,2,road_4_1_1_2,0.003356036264449358,3,0
600,0,2,road_3_2_0_0,0.0,0,0
600,0,2,road_3_2_0_1,-0.0027676925528794527,3,0
600,0,2,road_3_2_0_2,-0.000809856690466404,3,0
600,0,2,road_4_4_3_0,0.0,0,0
600,0,2,road_4_4_3_1,0.0025218003429472446,3,0
600,0,2,road_4_4_3_2,0.0034126327373087406,3,0
600,0,2,road_5_3_2_0,0.0,0,0
600,0,2,road_5_3_2_1,-8.500819239998236e-05,3,0
600,0,2,road_5_3_2_2,-0.003038260620087385,0,0
600,0,2,road_4_2_1_0,0.0,0,0
600,0,2,road_4_2_1_1,0.001260375720448792,3,0
600,0,2,road_4_2_1_2,0.0034886300563812256,3,0
600,0,2,road_3_3_0_0,0.0,0,0
600,0,2,road_3_3_0_1,-0.003038260154426098,3,0
600,0,2,road_3_3_0_2,-0.0027329353615641594,3,0
600,0,2,road_4_5_3_0,0.0,0,0
600,0,2,road_4_5_3_1,-0.0011726313969120383,3,0
600,0,2,road_4_5_3_2,-0.00010876095620915294,0,0
600,0,2,road_5_4_2_0,0.0,0,0
600,0,2,road_5_4_2_1,1.7363425286021084e-05,0,3
600,0,2,road_5_4_2_2,-0.0007311160443350673,0,0
600,0,2,road_4_3_1_0,0.0,0,0
600,0,2,road_4_3_1_1,-0.0010236031375825405,3,0
600,0,2,road_4_3_1_2,-0.002678263932466507,3,0
600,0,2,road_3_4_0_0,0.0,0,0
600,0,2,road_3_4_0_1,0.002705540508031845,0,3
600,0,2,road_3_4_0_2,0.0003780110855586827,0,3
600,0,3,road_1_2_3_0,0.0,0,0
600,0,3,road_1_2_3_1,0.002672480884939432,0,3
600,0,3,road_1_2_3_2,0.0029996586963534355,3,0
600,0,3,road_2_1_2_0,0.0,0,0
600,0,3,road_2_1_2_1,-0.0026345010846853256,3,0
600,0,3,road_2_1_2_2,-0.0021768934093415737,3,0
600,0,3,road_1_0_1_0,0.0,0,0
600,0,3,road_1_0_1_1,8.014683407964185e-05,3,0
600,0,3,road_1_0_1_2,0.001708461088128388,3,0
600,0,3,road_0_1_0_0,0.0,0,0
600,0,3,road_0_1_0_1,-7.637423550477251e-06,3,0
600,0,3,road_0_1_0_2,-0.0010800957679748535,3,0
600,0,3,road_1_3_3_0,0.0,0,0
600,0,3,road_1_3_3_1,0.0033030491322278976,3,0
600,0,3,road_1_3_3_2,0.0032698004506528378,3,0
600,0,3,road_2_2_2_0,0.0,0,0
600,0,3,road_2_2_2_1,-0.00011607457417994738,0,0
600,0,3,road_2_2_2_2,-0.001210161717608571,3,0
600,0,3,road_1_1_1_0,0.0,0,0
600,0,3,road_1_1_1_1,0.00163834891282022,3,0
600,0,3,road_1_1_1_2,0.002626315923407674,3,0
600,0,3,road_0_2_0_0,0.0,0,0
600,0,3,road_0_2_0_1,-0.0004153270274400711,2,0
600,0,3,road_0_2_0_2,-0.002316682133823633,3,0
600,0,3,road_1_4_3_0,0.0,0,0
600,0,3,road_1_4_3_1,-1.0760704753920436e-05,2,0
600,0,3,road_1_4_3_2,-0.0017225652700290084,0,0
600,0,3,road_2_3_2_0,0.0,0,0
600,0,3,road_2_3_2_1,0.002745585050433874,3,0
600,0,3,road_2_3_2_2,0.0016135838814079762,3,0
600,0,3,road_1_2_1_0,0.0,0,0
600,0,3,road_1_2_1_1,-0.0020605814643204212,3,0
600,0,3,road_1_2_1_2,-0.002504792995750904,3,0
600,0,3,road_0_3_0_0,0.0,0,0
600,0,3,road_0_3_0_1,0.002698988653719425,3,0
600,0,3,road_0_3_0_2,0.001997144427150488,3,0
600,0,3,road_1_5_3_0,0.0,0,0
600,0,3,road_1_5_3_1,0.0022394272964447737,3,0
600,0,3,road_1_5_3_2,0.002413747366517782,3,0
600,0,3,road_2_4_2_0,0.0,0,0
600,0,3,road_2_4_2_1,-0.002177458256483078,3,0
600,0,3,road_2_4_2_2,-0.0021662283688783646,3,0
600,0,3,road_1_3_1_0,0.0,0,0
600,0,3,road_1_3_1_1,0.0020773576106876135,3,0
600,0,3,road_1_3_1_2,0.002042630687355995,3,0
600,0,3,road_0_4_0_0,0.0,0,0
600,0,3,road_0_4_0_1,-1.4404724424821325e-05,0,0
600,0,3,road_0_4_0_2,-0.00040544773219153285,3,0
600,0,3,road_2_2_3_0,0.0,0,0
600,0,3,road_2_2_3_1,-0.002177528338506818,3,0
600,0,3,road_2_2_3_2,-0.0026510076131671667,3,0
600,0,3,road_3_1_2_0,0.0,0,0
600,0,3,road_3_1_2_1,-0.005086176097393036,3,0
600,0,3,road_3_1_2_2,-0.0013789288932457566,0,0
600,0,3,road_2_0_1_0,0.0,0,0
600,0,3,road_2_0_1_1,-0.0026510064490139484,3,0
600,0,3,road_2_0_1_2,-0.002498205751180649,3,0
600,0,3,road_1_1_0_0,0.0,0,0
600,0,3,road_1_1_0_1,-0.005086176097393036,3,0
600,0,3,road_1_1_0_2,-0.0013789288932457566,0,0
600,0,3,road_2_3_3_0,0.0,0,0
600,0,3,road_2_3_3_1,-0.0005890749162063003,0,0
600,0,3,road_2_3_3_2,-0.0005890749162063003,0,0
600,0,3,road_3_2_2_0,0.0,0,0
600,0,3,road_3_2_2_1,0.00045745744137093425,3,0
600,0,3,road_3_2_2_2,0.0038131738547235727,3,0
600,0,3,road_2_1_1_0,0.0,0,0
600,0,3,road_2_1_1_1,-0.0005890751490369439,0,0
600,0,3,road_2_1_1_2,-0.0005890752072446048,0,0
600,0,3,road_1_2_0_0,0.0,0,0
600,0,3,road_1_2_0_1,0.0004888662369921803,3,0
600,0,3,road_1_2_0_2,0.0030021988786756992,3,0
600,0,3,road_2_4_3_0,0.0,0,0
600,0,3,road_2_4_3_1,-0.0026510085444897413,3,0
600,0,3,road_2_4_3_2,-0.0021775292698293924,3,0
600,0,3,road_3_3_2_0,0.0,0,0
600,0,3,road_3_3_2_1,-0.005086176097393036,3,0
600,0,3,road_3_3_2_2,-0.0013789291260764003,0,0
600,0,3,road_2_2_1_0,0.0,0,0
600,0,3,road_2_2_1_1,-0.0024982066825032234,3,0
600,0,3,road_2_2_1_2,-0.0026510078459978104,3,0
600,0,3,road_1_3_0_0,0.0,0,0
600,0,3,road_1_3_0_1,-0.005086176097393036,3,0
600,0,3,road_1_3_0_2,-0.001378929242491722,0,0
600,0,3,road_2_5_3_0,0.0,0,0
600,0,3,road_2_5_3_1,-0.0003232968447264284,0,0
600,0,3,road_2_5_3_2,-0.0003232967865187675,0,0
600,0,3,road_3_4_2_0,0.0,0,0
600,0,3,road_3_4_2_1,-0.006982168648391962,3,0
600,0,3,road_3_4_2_2,-0.00017046823631972075,0,0
600,0,3,road_2_3_1_0,0.0,0,0
600,0,3,road_2_3_1_1,-0.0003232969029340893,0,0
600,0,3,road_2_3_1_2,-0.00032329693203791976,0,0
600,0,3,road_1_4_0_0,0.0,0,0
600,0,3,road_1_4_0_1,-0.006982168182730675,3,0
600,0,3,road_1_4_0_2,-0.00017046817811205983,0,0
600,0,3,road_3_2_3_0,0.0,0,0
600,0,3,road_3_2_3_1,-0.0003232968447264284,0,0
600,0,3,road_3_2_3_2,-0.0003232967865187675,0,0
600,0,3,road_4_1_2_0,0.0,0,0
600,0,3,road_4_1_2_1,-0.006982168648391962,3,0
600,0,3,road_4_1_2_2,-0.00017046823631972075,0,0
600,0,3,road_3_0_1_0,0.0,0,0
600,0,3,road_3_0_1_1,-0.0003232969029340893,0,0
600,0,3,road_3_0_1_2,-0.00032329693203791976,0,0
600,0,3,road_2_1_0_0,0.0,0,0
600,0,3,road_2_1_0_1,-0.006982168182730675,3,0
600,0,3,road_2_1_0_2,-0.00017046817811205983,0,0
600,0,3,road_3_3_3_0,0.0,0,0
600,0,3,road_3_3_3_1,0.003238286590203643,3,0
600,0,3,road_3_3_3_2,0.003602040931582451,3,0
600,0,3,road_4_2_2_0,0.0,0,0
600,0,3,road_4_2_2_1,-0.0023767640814185143,0,0
600,0,3,road_4_2_2_2,-0.0007351684616878629,3,0
600,0,3,road_3_1_1_0,0.0,0,0
600,0,3,road_3_1_1_1,0.0032382868230342865,3,0
600,0,3,road_3_1_1_2,0.0036020404659211636,3,0
600,0,3,road_2_2_0_0,0.0,0,0
600,0,3,road_2_2_0_1,-0.0029788941610604525,0,0
600,0,3,road_2_2_0_2,-0.0027480360586196184,3,0
600,0,3,road_3_4_3_0,0.0,0,0
600,0,3,road_3_4_3_1,-0.0003232968447264284,0,0
600,0,3,road_3_4_3_2,-0.0003232967865187675,0,0
600,0,3,road_4_3_2_0,0.0,0,0
600,0,3,road_4_3_2_1,-0.006982168648391962,3,0
600,0,3,road_4_3_2_2,-0.00017046823631972075,0,0
600,0,3,road_3_2_1_0,0.0,0,0
600,0,3,road_3_2_1_1,-0.0003232969029340893,0,0
600,0,3,road_3_2_1_2,-0.00032329693203791976,0,0
600,0,3,road_2_3_0_0,0.0,0,0
600,0,3,road_2_3_0_1,-0.006982168182730675,3,0
600,0,3,road_2_3_0_2,-0.00017046817811205983,0,0
600,0,3,road_3_5_3_0,0.0,0,0
600,0,3,road_3_5_3_1,-0.0003232968447264284,0,0
600,0,3,road_3_5_3_2,-0.0003232967865187675,0,0
600,0,3,road_4_4_2_0,0.0,0,0
600,0,3,road_4_4_2_1,-0.006982168648391962,3,0
600,0,3,road_4_4_2_2,-0.00017046823631972075,0,0
600,0,3,road_3_3_1_0,0.0,0,0
600,0,3,road_3_3_1_1,-0.0003232969029340893,0,0
600,0,3,road_3_3_1_2,-0.00032329693203791976,0,0
600,0,3,road_2_4_0_0,0.0,0,0
600,0,3,road_2_4_0_1,-0.006982168182730675,3,0
600,0,3,road_2_4_0_2,-0.00017046817811205983,0,0
600,0,3,road_4_2_3_0,0.0,0,0
600,0,3,road_4_2_3_1,-0.0026391353458166122,3,0
600,0,3,road_4_2_3_2,-0.0025282958522439003,3,0
600,0,3,road_5_1_2_0,0.0,0,0
600,0,3,road_5_1_2_1,0.003009296488016844,3,0
600,0,3,road_5_1_2_2,0.002450191415846348,3,0
600,0,3,road_4_0_1_0,0.0,0,0
600,0,3,road_4_0_1_1,-2.7437368771643378e-05,2,0
600,0,3,road_4_0_1_2,-0.001861439784988761,0,0
600,0,3,road_3_1_0_0,0.0,0,0
600,0,3,road_3_1_0_1,0.003009296953678131,3,0
600,0,3,road_3_1_0_2,0.0024501916486769915,3,0
600,0,3,road_4_3_3_0,0.0,0,0
600,0,3,road_4_3_3_1,0.0016426302026957273,3,0
600,0,3,road_4_3_3_2,0.0034263869747519493,3,0
600,0,3,road_5_2_2_0,0.0,0,0
600,0,3,road_5_2_2_1,-0.00018732641183305532,3,0
600,0,3,road_5_2_2_2,-0.0015782029367983341,0,0
600,0,3,road_4_1_1_0,0.0,0,0
600,0,3,road_4_1_1_1,0.002607866423204541,3,0
600,0,3,road_4_1_1_2,0.003356036264449358,3,0
600,0,3,road_3_2_0_0,0.0,0,0
600,0,3,road_3_2_0_1,-0.0027676925528794527,3,0
600,0,3,road_3_2_0_2,-0.000809856690466404,3,0
600,0,3,road_4_4_3_0,0.0,0,0
600,0,3,road_4_4_3_1,0.0025218003429472446,3,0
600,0,3,road_4_4_3_2,0.0034126327373087406,3,0
600,0,3,road_5_3_2_0,0.0,0,0
600,0,3,road_5_3_2_1,-8.500819239998236e-05,3,0
600,0,3,road_5_3_2_2,-0.003038260620087385,0,0
600,0,3,road_4_2_1_0,0.0,0,0
600,0,3,road_4_2_1_1,0.001260375720448792,3,0
600,0,3,road_4_2_1_2,0.0034886300563812256,3,0
600,0,3,road_3_3_0_0,0.0,0,0
600,0,3,road_3_3_0_1,-0.003038260154426098,3,0
600,0,3,road_3_3_0_2,-0.0027329353615641594,3,0
600,0,3,road_4_5_3_0,0.0,0,0
600,0,3,road_4_5_3_1,0.0070622763596475124,3,0
600,0,3,road_4_5_3_2,0.0013719865819439292,0,3
600,0,3,road_5_4_2_0,0.0,0,0
600,0,3,road_5_4_2_1,-9.50104458752321e-06,3,0
600,0,3,road_5_4_2_2,-0.0024487068876624107,0,0
600,0,3,road_4_3_1_0,0.0,0,0
600,0,3,road_4_3_1_1,0.0006309150485321879,3,0
600,0,3,road_4_3_1_2,0.000923239509575069,3,0
600,0,3,road_3_4_0_0,0.0,0,0
600,0,3,road_3_4_0_1,-0.0029739830642938614,3,0
600,0,3,road_3_4_0_2,-0.002845213282853365,3,0
800,0,0,road_1_2_3_0,0.0,0,0
800,0,0,road_1_2_3_1,-0.0009540669852867723,0,0
800,0,0,road_1_2_3_2,-0.0006509448867291212,0,0
800,0,0,road_2_1_2_0,0.0,0,0
800,0,0,road_2_1_2_1,0.0015953496331349015,0,3
800,0,0,road_2_1_2_2,0.001165888854302466,0,3
800,0,0,road_1_0_1_0,0.0,0,0
800,0,0,road_1_0_1_1,-6.980517355259508e-05,0,0
800,0,0,road_1_0_1_2,-0.0032903882674872875,0,0
800,0,0,road_0_1_0_0,0.0,0,0
800,0,0,road_0_1_0_1,1.5822346540517174e-05,0,3
800,0,0,road_0_1_0_2,0.0009347070590592921,0,3
800,0,0,road_1_3_3_0,0.0,0,0
800,0,0,road_1_3_3_1,0.0015410399064421654,0,3
800,0,0,road_1_3_3_2,0.00047856708988547325,0,3
800,0,0,road_2_2_2_0,0.0,0,0
800,0,0,road_2_2_2_1,0.0032012946903705597,0,3
800,0,0,road_2_2_2_2,-1.4027347788214684e-05,0,0
800,0,0,road_1_1_1_0,0.0,0,0
800,0,0,road_1_1_1_1,0.0012544330675154924,0,3
800,0,0,road_1_1_1_2,3.62791761290282e-05,0,3
800,0,0,road_0_2_0_0,0.0,0,0
800,0,0,road_0_2_0_1,3.975545769208111e-05,0,3
800,0,0,road_0_2_0_2,-0.0033051830250769854,0,0
800,0,0,road_1_4_3_0,0.0,0,0
800,0,0,road_1_4_3_1,-1.581445030751638e-05,0,0
800,0,0,road_1_4_3_2,-0.0010402507614344358,0,3
800,0,0,road_2_3_2_0,0.0,0,0
800,0,0,road_2_3_2_1,-0.0006386687164194882,0,0
800,0,0,road_2_3_2_2,-0.00042537099216133356,0,0
800,0,0,road_1_2_1_0,0.0,0,0
800,0,0,road_1_2_1_1,-0.001040250645019114,0,0
800,0,0,road_1_2_1_2,-0.0005854775663465261,0,0
800,0,0,road_0_3_0_0,0.0,0,0
800,0,0,road_0_3_0_1,-0.0006386685417965055,0,0
800,0,0,road_0_3_0_2,-0.0004253711085766554,0,0
800,0,0,road_1_5_3_0,0.0,0,0
800,0,0,road_1_5_3_1,0.00240746745839715,0,3
800,0,0,road_1_5_3_2,0.001614295644685626,0,3
800,0,0,road_2_4_2_0,0.0,0,0
800,0,0,road_2_4_2_1,0.003777550533413887,0,3
800,0,0,road_2_4_2_2,0.00384595082141459,0,3
800,0,0,road_1_3_1_0,0.0,0,0
800,0,0,road_1_3_1_1,0.002441548742353916,0,3
800,0,0,road_1_3_1_2,0.001227980712428689,0,3
800,0,0,road_0_4_0_0,0.0,0,0
800,0,0,road_0_4_0_1,2.859359301510267e-05,0,0
800,0,0,road_0_4_0_2,0.0005328572588041425,0,2
800,0,0,road_2_2_3_0,0.0,0,0
800,0,0,road_2_2_3_1,-0.0002362532541155815,0,0
800,0,0,road_2_2_3_2,-0.0002266829542350024,0,0
800,0,0,road_3_1_2_0,0.0,0,0
800,0,0,road_3_1_2_1,0.0004931538132950664,0,3
800,0,0,road_3_1_2_2,-0.0003724394482560456,0,0
800,0,0,road_2_0_1_0,0.0,0,0
800,0,0,road_2_0_1_1,-0.00022668276506010443,0,0
800,0,0,road_2_0_1_2,-0.00019909179536625743,0,0
800,0,0,road_1_1_0_0,0.0,0,0
800,0,0,road_1_1_0_1,0.0005212416290305555,0,3
800,0,0,road_1_1_0_2,-0.0003563574282452464,0,0
800,0,0,road_2_3_3_0,0.0,0,0
800,0,0,road_2_3_3_1,-0.00016070512356236577,0,0
800,0,0,road_2_3_3_2,-0.00016070531273726374,0,0
800,0,0,road_3_2_2_0,0.0,0,0
800,0,0,road_3_2_2_1,0.0003069000376854092,0,3
800,0,0,road_3_2_2_2,-0.0002681637997739017,0,0
800,0,0,road_2_1_1_0,0.0,0,0
800,0,0,road_2_1_1_1,-0.0001607051963219419,0,0
800,0,0,road_2_1_1_2,-0.00016070541460067034,0,0
800,0,0,road_1_2_0_0,0.0,0,0
800,0,0,road_1_2_0_1,0.00030690000858157873,0,3
800,0,0,road_1_2_0_2,-0.00026816397439688444,0,0
800,0,0,road_2_4_3_0,0.0,0,0
800,0,0,road_2_4_3_1,-0.00026500801322981715,0,0
800,0,0,road_2_4_3_2,0.0002743939694482833,0,3
800,0,0,road_3_3_2_0,0.0,0,0
800,0,0,road_3_3_2_1,0.0010536052286624908,0,3
800,0,0,road_3_3_2_2,0.00011408294813008979,0,3
800,0,0,road_2_2_1_0,0.0,0,0
800,0,0,road_2_2_1_1,-0.001974832033738494,0,0
800,0,0,road_2_2_1_2,-0.0004460886702872813,0,0
800,0,0,road_1_3_0_0,0.0,0,0
800,0,0,road_1_3_0_1,0.0010536049958318472,0,3
800,0,0,road_1_3_0_2,0.00011408267891965806,0,3
800,0,0,road_2_5_3_0,0.0,0,0
800,0,0,road_2_5_3_1,-0.00029645400354638696,0,0
800,0,0,road_2_5_3_2,-0.00016176664212252945,0,0
800,0,0,road_3_4_2_0,0.0,0,0
800,0,0,road_3_4_2_1,0.0003491208190098405,0,3
800,0,0,road_3_4_2_2,-0.00031388478237204254,0,0
800,0,0,road_2_3_1_0,0.0,0,0
800,0,0,road_2_3_1_1,-0.0004008596879430115,0,0
800,0,0,road_2_3_1_2,-0.0002964540326502174,0,0
800,0,0,road_1_4_0_0,0.0,0,0
800,0,0,road_1_4_0_1,0.00034912070259451866,0,3
800,0,0,road_1_4_0_2,-0.00031388489878736436,0,0
800,0,0,road_3_2_3_0,0.0,0,0
800,0,0,road_3_2_3_1,-0.00016070512356236577,0,0
800,0,0,road_3_2_3_2,-0.00016070531273726374,0,0
800,0,0,road_4_1_2_0,0.0,0,0
800,0,0,road_4_1_2_1,0.0003069000376854092,0,3
800,0,0,road_4_1_2_2,-0.0002681637997739017,0,0
800,0,0,road_3_0_1_0,0.0,0,0
800,0,0,road_3_0_1_1,-0.0001607051963219419,0,0
800,0,0,road_3_0_1_2,-0.00016070541460067034,0,0
800,0,0,road_2_1_0_0,0.0,0,0
800,0,0,road_2_1_0_1,0.00030690000858157873,0,3
800,0,0,road_2_1_0_2,-0.00026816397439688444,0,0
800,0,0,road_3_3_3_0,0.0,0,0
800,0,0,road_3_3_3_1,3.504741471260786e-05,0,3
800,0,0,road_3_3_3_2,0.0017106123268604279,0,3
800,0,0,road_4_2_2_0,0.0,0,0
800,0,0,road_4_2_2_1,-0.00748007046058774,0,0
800,0,0,road_4_2_2_2,-0.00031979166669771075,0,0
800,0,0,road_3_1_1_0,0.0,0,0
800,0,0,road_3_1_1_1,3.5047472920268774e-05,0,3
800,0,0,road_3_1_1_2,0.0017106123268604279,0,3
800,0,0,road_2_2_0_0,0.0,0,0
800,0,0,road_2_2_0_1,-0.004733405541628599,0,0
800,0,0,road_2_2_0_2,-0.0004104858380742371,0,0
800,0,0,road_3_4_3_0,0.0,0,0
800,0,0,road_3_4_3_1,-0.00024193499120883644,0,0
800,0,0,road_3_4_3_2,-0.00020607274200301617,0,0
800,0,0,road_4_3_2_0,0.0,0,0
800,0,0,road_4_3_2_1,-0.0015167249366641045,0,0
800,0,0,road_4_3_2_2,-0.000610094575677067,0,0
800,0,0,road_3_2_1_0,0.0,0,0
800,0,0,road_3_2_1_1,-0.0002582501620054245,0,0
800,0,0,road_3_2_1_2,-0.00024193499120883644,0,0
800,0,0,road_2_3_0_0,0.0,0,0
800,0,0,road_2_3_0_1,3.4203476388938725e-05,0,3
800,0,0,road_2_3_0_2,0.0005269972025416791,0,3
800,0,0,road_3_5_3_0,0.0,0,0
800,0,0,road_3_5_3_1,-0.00016070512356236577,0,0
800,0,0,road_3_5_3_2,-0.00016070531273726374,0,0
800,0,0,road_4_4_2_0,0.0,0,0
800,0,0,road_4_4_2_1,0.0003069000376854092,0,3
800,0,0,road_4_4_2_2,-0.0002681637997739017,0,0
800,0,0,road_3_3_1_0,0.0,0,0
800,0,0,road_3_3_1_1,-0.0001607051963219419,0,0
800,0,0,road_3_3_1_2,-0.00016070541460067034,0,0
800,0,0,road_2_4_0_0,0.0,0,0
800,0,0,road_2_4_0_1,0.00030690000858157873,0,3
800,0,0,road_2_4_0_2,-0.00026816397439688444,0,0
800,0,0,road_4_2_3_0,0.0,0,0
800,0,0,road_4_2_3_1,0.0037390943616628647,0,3
800,0,0,road_4_2_3_2,0.0003201714134775102,0,3
800,0,0,road_5_1_2_0,0.0,0,0
800,0,0,road_5_1_2_1,0.0020168214105069637,0,3
800,0,0,road_5_1_2_2,0.0006970192771404982,0,3
800,0,0,road_4_0_1_0,0.0,0,0
800,0,0,road_4_0_1_1,9.70608653005911e-06,0,2
800,0,0,road_4_0_1_2,-0.004719250835478306,0,0
800,0,0,road_3_1_0_0,0.0,0,0
800,0,0,road_3_1_0_1,0.0020168214105069637,0,3
800,0,0,road_3_1_0_2,0.0006970191607251763,0,3
800,0,0,road_4_3_3_0,0.0,0,0
800,0,0,road_4_3_3_1,0.004336485639214516,0,3
800,0,0,road_4_3_3_2,0.00267306761816144,0,3
800,0,0,road_5_2_2_0,0.0,0,0
800,0,0,road_5_2_2_1,3.387839751667343e-05,0,2
800,0,0,road_5_2_2_2,-0.00548503827303648,0,0
800,0,0,road_4_1_1_0,0.0,0,0
800,0,0,road_4_1_1_1,0.0012914141407236457,0,3
800,0,0,road_4_1_1_2,0.0018767538713291287,0,3
800,0,0,road_3_2_0_0,0.0,0,0
800,0,0,road_3_2_0_1,0.0037859161384403706,0,3
800,0,0,road_3_2_0_2,0.0004540004883892834,0,3
800,0,0,road_4_4_3_0,0.0,0,0
800,0,0,road_4_4_3_1,-0.0011873894836753607,0,0
800,0,0,road_4_4_3_2,-0.0005422098911367357,0,0
800,0,0,road_5_3_2_0,0.0,0,0
800,0,0,road_5_3_2_1,-3.0504390451824293e-05,0,0
800,0,0,road_5_3_2_2,-0.0006772212218493223,0,0
800,0,0,road_4_2_1_0,0.0,0,0
800,0,0,road_4_2_1_1,-0.004719106946140528,0,0
800,0,0,road_4_2_1_2,-0.0031954292207956314,0,0
800,0,0,road_3_3_0_0,0.0,0,0
800,0,0,road_3_3_0_1,-0.0005327175604179502,0,0
800,0,0,road_3_3_0_2,0.0004980767844244838,0,3
800,0,0,road_4_5_3_0,0.0,0,0
800,0,0,road_4_5_3_1,0.0031308038160204887,0,3
800,0,0,road_4_5_3_2,-0.0003758734092116356,0,0
800,0,0,road_5_4_2_0,0.0,0,0
800,0,0,road_5_4_2_1,-1.9802539100055583e-05,0,0
800,0,0,road_5_4_2_2,-0.0012547119986265898,0,0
800,0,0,road_4_3_1_0,0.0,0,0
800,0,0,road_4_3_1_1,0.00028615209157578647,0,3
800,0,0,road_4_3_1_2,-0.003573206253349781,0,0
800,0,0,road_3_4_0_0,0.0,0,0
800,0,0,road_3_4_0_1,-0.0007358428556472063,0,0
800,0,0,road_3_4_0_2,0.0001501437509432435,0,3
800,0,1,road_1_2_3_0,0.0,0,0
800,0,1,road_1_2_3_1,-0.0005591645603999496,0,0
800,0,1,road_1_2_3_2,4.059600178152323e-05,0,3
800,0,1,road_2_1_2_0,0.0,0,0
800,0,1,road_2_1_2_1,-0.0017977372044697404,3,0
800,0,1,road_2_1_2_2,-0.0023749126121401787,3,0
800,0,1,road_1_0_1_0,0.0,0,0
800,0,1,road_1_0_1_1,6.490399391623214e-05,0,3
800,0,1,road_1_0_1_2,0.009509889408946037,0,3
800,0,1,road_0_1_0_0,0.0,0,0
800,0,1,road_0_1_0_1,-6.1028654272377025e-06,3,0
800,0,1,road_0_1_0_2,-0.0006552394479513168,3,0
800,0,1,road_1_3_3_0,0.0,0,0
800,0,1,road_1_3_3_1,0.0020780866034328938,3,0
800,0,1,road_1_3_3_2,0.003159322077408433,3,0
800,0,1,road_2_2_2_0,0.0,0,0
800,0,1,road_2_2_2_1,-0.0011110990308225155,3,0
800,0,1,road_2_2_2_2,-7.324697799049318e-05,0,0
800,0,1,road_1_1_1_0,0.0,0,0
800,0,1,road_1_1_1_1,0.002385608619078994,3,0
800,0,1,road_1_1_1_2,0.003146100789308548,3,0
800,0,1,road_0_2_0_0,0.0,0,0
800,0,1,road_0_2_0_1,-8.957572572398931e-05,3,0
800,0,1,road_0_2_0_2,-0.0010918964399024844,0,0
800,0,1,road_1_4_3_0,0.0,0,0
800,0,1,road_1_4_3_1,-1.6021207557059824e-05,0,0
800,0,1,road_1_4_3_2,-0.0007074966561049223,3,0
800,0,1,road_2_3_2_0,0.0,0,0
800,0,1,road_2_3_2_1,-0.0012048729695379734,0,0
800,0,1,road_2_3_2_2,-0.0008491300977766514,0,0
800,0,1,road_1_2_1_0,0.0,0,0
800,0,1,road_1_2_1_1,-0.0017304292414337397,0,3
800,0,1,road_1_2_1_2,-0.0013742558658123016,0,0
800,0,1,road_0_3_0_0,0.0,0,0
800,0,1,road_0_3_0_1,-0.0012048736680299044,0,0
800,0,1,road_0_3_0_2,-0.000849130330607295,0,0
800,0,1,road_1_5_3_0,0.0,0,0
800,0,1,road_1_5_3_1,0.002187608741223812,3,0
800,0,1,road_1_5_3_2,0.002378359204158187,3,0
800,0,1,road_2_4_2_0,0.0,0,0
800,0,1,road_2_4_2_1,-0.0021041615400463343,3,0
800,0,1,road_2_4_2_2,-0.002210368402302265,3,0
800,0,1,road_1_3_1_0,0.0,0,0
800,0,1,road_1_3_1_1,0.0020087528973817825,3,0
800,0,1,road_1_3_1_2,0.002014906844124198,3,0
800,0,1,road_0_4_0_0,0.0,0,0
800,0,1,road_0_4_0_1,-1.3462153219734319e-05,0,0
800,0,1,road_0_4_0_2,-0.00017546364688314497,2,0
800,0,1,road_2_2_3_0,0.0,0,0
800,0,1,road_2_2_3_1,0.0002829638833645731,0,3
800,0,1,road_2_2_3_2,-9.075884008780122e-05,0,0
800,0,1,road_3_1_2_0,0.0,0,0
800,0,1,road_3_1_2_1,-0.003185051027685404,3,0
800,0,1,road_3_1_2_2,0.0013573409523814917,0,3
800,0,1,road_2_0_1_0,0.0,0,0
800,0,1,road_2_0_1_1,-9.075902926269919e-05,0,0
800,0,1,road_2_0_1_2,-0.0004833606362808496,0,0
800,0,1,road_1_1_0_0,0.0,0,0
800,0,1,road_1_1_0_1,-0.0037323825526982546,3,0
800,0,1,road_1_1_0_2,0.0016435188008472323,0,3
800,0,1,road_2_3_3_0,0.0,0,0
800,0,1,road_2_3_3_1,-0.0003232968447264284,0,0
800,0,1,road_2_3_3_2,-0.0003232967865187675,0,0
800,0,1,road_3_2_2_0,0.0,0,0
800,0,1,road_3_2_2_1,-0.006982168648391962,3,0
800,0,1,road_3_2_2_2,-0.00017046823631972075,0,0
800,0,1,road_2_1_1_0,0.0,0,0
800,0,1,road_2_1_1_1,-0.0003232969029340893,0,0
800,0,1,road_2_1_1_2,-0.00032329693203791976,0,0
800,0,1,road_1_2_0_0,0.0,0,0
800,0,1,road_1_2_0_1,-0.006982168182730675,3,0
800,0,1,road_1_2_0_2,-0.00017046817811205983,0,0
800,0,1,road_2_4_3_0,0.0,0,0
800,0,1,road_2_4_3_1,0.0004615057841874659,0,3
800,0,1,road_2_4_3_2,0.0009801653213799,3,0
800,0,1,road_3_3_2_0,0.0,0,0
800,0,1,road_3_3_2_1,0.0013520570937544107,3,0
800,0,1,road_3_3_2_2,0.003693836508318782,3,0
800,0,1,road_2_2_1_0,0.0,0,0
800,0,1,road_2_2_1_1,-0.00038473200402222574,0,0
800,0,1,road_2_2_1_2,0.0004615054640453309,0,3
800,0,1,road_1_3_0_0,0.0,0,0
800,0,1,road_1_3_0_1,0.0013520574430003762,3,0
800,0,1,road_1_3_0_2,0.0036938367411494255,3,0
800,0,1,road_2_5_3_0,0.0,0,0
800,0,1,road_2_5_3_1,0.00035607037716545165,0,3
800,0,1,road_2_5_3_2,-0.00032283811015076935,0,0
800,0,1,road_3_4_2_0,0.0,0,0
800,0,1,road_3_4_2_1,-0.007197131402790546,3,0
800,0,1,road_3_4_2_2,-0.0004452136345207691,0,0
800,0,1,road_2_3_1_0,0.0,0,0
800,0,1,road_2_3_1_1,0.0009727054857648909,0,3
800,0,1,road_2_3_1_2,0.00035607031895779073,0,3
800,0,1,road_1_4_0_0,0.0,0,0
800,0,1,road_1_4_0_1,-0.007197132334113121,3,0
800,0,1,road_1_4_0_2,-0.00044521380914375186,0,0
800,0,1,road_3_2_3_0,0.0,0,0
800,0,1,road_3_2_3_1,-0.0003232968447264284,0,0
800,0,1,road_3_2_3_2,-0.0003232967865187675,0,0
800,0,1,road_4_1_2_0,0.0,0,0
800,0,1,road_4_1_2_1,-0.006982168648391962,3,0
800,0,1,road_4_1_2_2,-0.00017046823631972075,0,0
800,0,1,road_3_0_1_0,0.0,0,0
800,0,1,road_3_0_1_1,-0.0003232969029340893,0,0
800,0,1,road_3_0_1_2,-0.00032329693203791976,0,0
800,0,1,road_2_1_0_0,0.0,0,0
800,0,1,road_2_1_0_1,-0.006982168182730675,3,0
800,0,1,road_2_1_0_2,-0.00017046817811205983,0,0
800,0,1,road_3_3_3_0,0.0,0,0
800,0,1,road_3_3_3_1,0.0036627277731895447,3,0
800,0,1,road_3_3_3_2,0.001953460741788149,3,0
800,0,1,road_4_2_2_0,0.0,0,0
800,0,1,road_4_2_2_1,-0.002367423614487052,0,0
800,0,1,road_4_2_2_2,-0.000302243628539145,0,0
800,0,1,road_3_1_1_0,0.0,0,0
800,0,1,road_3_1_1_1,0.0036627273075282574,3,0
800,0,1,road_3_1_1_2,0.001953460741788149,3,0
800,0,1,road_2_2_0_0,0.0,0,0
800,0,1,road_2_2_0_1,-7.695520616834983e-05,0,0
800,0,1,road_2_2_0_2,0.00086408038623631,0,3
800,0,1,road_3_4_3_0,0.0,0,0
800,0,1,road_3_4_3_1,0.0002671160036697984,0,3
800,0,1,road_3_4_3_2,-0.00039467320311814547,0,0
800,0,1,road_4_3_2_0,0.0,0,0
800,0,1,road_4_3_2_1,0.0033329594880342484,0,3
800,0,1,road_4_3_2_2,0.00016606837743893266,0,3
800,0,1,road_3_2_1_0,0.0,0,0
800,0,1,road_3_2_1_1,0.0008782653021626174,0,3
800,0,1,road_3_2_1_2,0.00026711620739661157,0,3
800,0,1,road_2_3_0_0,0.0,0,0
800,0,1,road_2_3_0_1,-0.0010822120821103454,3,0
800,0,1,road_2_3_0_2,-0.006443030200898647,3,0
800,0,1,road_3_5_3_0,0.0,0,0
800,0,1,road_3_5_3_1,-0.0003232968447264284,0,0
800,0,1,road_3_5_3_2,-0.0003232967865187675,0,0
800,0,1,road_4_4_2_0,0.0,0,0
800,0,1,road_4_4_2_1,-0.006982168648391962,3,0
800,0,1,road_4_4_2_2,-0.00017046823631972075,0,0
800,0,1,road_3_3_1_0,0.0,0,0
800,0,1,road_3_3_1_1,-0.0003232969029340893,0,0
800,0,1,road_3_3_1_2,-0.00032329693203791976,0,0
800,0,1,road_2_4_0_0,0.0,0,0
800,0,1,road_2_4_0_1,-0.006982168182730675,3,0
800,0,1,road_2_4_0_2,-0.00017046817811205983,0,0
800,0,1,road_4_2_3_0,0.0,0,0
800,0,1,road_4_2_3_1,-0.0018563451012596488,3,0
800,0,1,road_4_2_3_2,-0.002522286493331194,3,0
800,0,1,road_5_1_2_0,0.0,0,0
800,0,1,road_5_1_2_1,0.0030035232193768024,3,0
800,0,1,road_5_1_2_2,0.0024446514435112476,3,0
800,0,1,road_4_0_1_0,0.0,0,0
800,0,1,road_4_0_1_1,-8.806365258351434e-06,2,0
800,0,1,road_4_0_1_2,-0.0026327683590352535,0,0
800,0,1,road_3_1_0_0,0.0,0,0
800,0,1,road_3_1_0_1,0.0030035236850380898,3,0
800,0,1,road_3_1_0_2,0.0024446516763418913,3,0
800,0,1,road_4_3_3_0,0.0,0,0
800,0,1,road_4_3_3_1,0.001651170663535595,3,0
800,0,1,road_4_3_3_2,0.0034018950536847115,3,0
800,0,1,road_5_2_2_0,0.0,0,0
800,0,1,road_5_2_2_1,-3.223375460947864e-05,2,0
800,0,1,road_5_2_2_2,-0.002262029331177473,0,0
800,0,1,road_4_1_1_0,0.0,0,0
800,0,1,road_4_1_1_1,0.0020980199333280325,3,0
800,0,1,road_4_1_1_2,0.0033837435767054558,3,0
800,0,1,road_3_2_0_0,0.0,0,0
800,0,1,road_3_2_0_1,-0.0021860727574676275,3,0
800,0,1,road_3_2_0_2,-0.0016531744040548801,3,0
800,0,1,road_4_4_3_0,0.0,0,0
800,0,1,road_4_4_3_1,-0.0010360863525420427,0,0
800,0,1,road_4_4_3_2,-0.0014796119648963213,0,0
800,0,1,road_5_3_2_0,0.0,0,0
800,0,1,road_5_3_2_1,-2.5577592168701813e-05,0,0
800,0,1,road_5_3_2_2,-0.001692705787718296,0,0
800,0,1,road_4_2_1_0,0.0,0,0
800,0,1,road_4_2_1_1,-0.0019538754131644964,0,0
800,0,1,road_4_2_1_2,-0.0014663515612483025,0,0
800,0,1,road_3_3_0_0,0.0,0,0
800,0,1,road_3_3_0_1,-0.0011447955621406436,0,0
800,0,1,road_3_3_0_2,-0.0023756721056997776,3,0
800,0,1,road_4_5_3_0,0.0,0,0
800,0,1,road_4_5_3_1,-0.0041046468541026115,3,0
800,0,1,road_4_5_3_2,-0.0019549503922462463,0,0
800,0,1,road_5_4_2_0,0.0,0,0
800,0,1,road_5_4_2_1,-1.5094115042302292e-05,0,0
800,0,1,road_5_4_2_2,-0.0015313822077587247,0,0
800,0,1,road_4_3_1_0,0.0,0,0
800,0,1,road_4_3_1_1,0.0004415191651787609,3,0
800,0,1,road_4_3_1_2,0.0017563995206728578,0,3
800,0,1,road_3_4_0_0,0.0,0,0
800,0,1,road_3_4_0_1,-0.0014354202430695295,0,0
800,0,1,road_3_4_0_2,-0.0029993827920407057,3,0
800,0,2,road_1_2_3_0,0.0,0,0
800,0,2,road_1_2_3_1,-0.0013298008125275373,0,0
800,0,2,road_1_2_3_2,-0.003191537456586957,3,0
800,0,2,road_2_1_2_0,0.0,0,0
800,0,2,road_2_1_2_1,0.004196173511445522,3,0
800,0,2,road_2_1_2_2,0.0034071439877152443,3,0
800,0,2,road_1_0_1_0,0.0,0,0
800,0,2,road_1_0_1_1,-4.3885549530386925e-05,3,0
800,0,2,road_1_0_1_2,-0.002261483110487461,3,0
800,0,2,road_0_1_0_0,0.0,0,0
800,0,2,road_0_1_0_1,1.0989533620886505e-05,3,0
800,0,2,road_0_1_0_2,0.0008032219484448433,3,0
800,0,2,road_1_3_3_0,0.0,0,0
800,0,2,road_1_3_3_1,0.0020780866034328938,3,0
800,0,2,road_1_3_3_2,0.003159322077408433,3,0
800,0,2,road_2_2_2_0,0.0,0,0
800,0,2,road_2_2_2_1,-0.0011110990308225155,3,0
800,0,2,road_2_2_2_2,-7.324697799049318e-05,0,0
800,0,2,road_1_1_1_0,0.0,0,0
800,0,2,road_1_1_1_1,0.002385608619078994,3,0
800,0,2,road_1_1_1_2,0.003146100789308548,3,0
800,0,2,road_0_2_0_0,0.0,0,0
800,0,2,road_0_2_0_1,-8.957572572398931e-05,3,0
800,0,2,road_0_2_0_2,-0.0010918964399024844,0,0
800,0,2,road_1_4_3_0,0.0,0,0
800,0,2,road_1_4_3_1,-1.6072035577963106e-05,0,0
800,0,2,road_1_4_3_2,-0.0006836886750534177,3,0
800,0,2,road_2_3_2_0,0.0,0,0
800,0,2,road_2_3_2_1,-0.0011718036839738488,0,0
800,0,2,road_2_3_2_2,-0.0008759425836615264,0,0
800,0,2,road_1_2_1_0,0.0,0,0
800,0,2,road_1_2_1_1,-0.0006836885586380959,3,0
800,0,2,road_1_2_1_2,-0.0008825305267237127,0,0
800,0,2,road_0_3_0_0,0.0,0,0
800,0,2,road_0_3_0_1,-0.0011718039168044925,0,3
800,0,2,road_0_3_0_2,-0.000875942874699831,0,0
800,0,2,road_1_5_3_0,0.0,0,0
800,0,2,road_1_5_3_1,0.002187608741223812,3,0
800,0,2,road_1_5_3_2,0.002378359204158187,3,0
800,0,2,road_2_4_2_0,0.0,0,0
800,0,2,road_2_4_2_1,-0.0021041615400463343,3,0
800,0,2,road_2_4_2_2,-0.002210368402302265,3,0
800,0,2,road_1_3_1_0,0.0,0,0
800,0,2,road_1_3_1_1,0.0020087528973817825,3,0
800,0,2,road_1_3_1_2,0.002014906844124198,3,0
800,0,2,road_0_4_0_0,0.0,0,0
800,0,2,road_0_4_0_1,-1.3462153219734319e-05,0,0
800,0,2,road_0_4_0_2,-0.00017546364688314497,2,0
800,0,2,road_2_2_3_0,0.0,0,0
800,0,2,road_2_2_3_1,-0.002354198135435581,3,0
800,0,2,road_2_2_3_2,-0.00042479197145439684,0,0
800,0,2,road_3_1_2_0,0.0,0,0
800,0,2,road_3_1_2_1,-0.00168463378213346,3,0
800,0,2,road_3_1_2_2,-0.002441341057419777,3,0
800,0,2,road_2_0_1_0,0.0,0,0
800,0,2,road_2_0_1_1,-0.0001844686921685934,0,0
800,0,2,road_2_0_1_2,0.001160371582955122,0,3
800,0,2,road_1_1_0_0,0.0,0,0
800,0,2,road_1_1_0_1,-0.0022346179466694593,3,0
800,0,2,road_1_1_0_2,-0.0018943387549370527,3,0
800,0,2,road_2_3_3_0,0.0,0,0
800,0,2,road_2_3_3_1,-0.0003232968447264284,0,0
800,0,2,road_2_3_3_2,-0.0003232967865187675,0,0
800,0,2,road_3_2_2_0,0.0,0,0
800,0,2,road_3_2_2_1,-0.006982168648391962,3,0
800,0,2,road_3_2_2_2,-0.00017046823631972075,0,0
800,0,2,road_2_1_1_0,0.0,0,0
800,0,2,road_2_1_1_1,-0.0003232969029340893,0,0
800,0,2,road_2_1_1_2,-0.00032329693203791976,0,0
800,0,2,road_1_2_0_0,0.0,0,0
800,0,2,road_1_2_0_1,-0.006982168182730675,3,0
800,0,2,road_1_2_0_2,-0.00017046817811205983,0,0
800,0,2,road_2_4_3_0,0.0,0,0
800,0,2,road_2_4_3_1,-0.00035153425415046513,3,0
800,0,2,road_2_4_3_2,-0.0019519145134836435,3,0
800,0,2,road_3_3_2_0,0.0,0,0
800,0,2,road_3_3_2_1,0.003658090718090534,3,0
800,0,2,road_3_3_2_2,0.0033443341962993145,3,0
800,0,2,road_2_2_1_0,0.0,0,0
800,0,2,road_2_2_1_1,0.0015323878033086658,0,3
800,0,2,road_2_2_1_2,-0.0003515347489155829,3,0
800,0,2,road_1_3_0_0,0.0,0,0
800,0,2,road_1_3_0_1,0.003658090252429247,3,0
800,0,2,road_1_3_0_2,0.003344333730638027,3,0
800,0,2,road_2_5_3_0,0.0,0,0
800,0,2,road_2_5_3_1,-0.00032944517442956567,3,0
800,0,2,road_2_5_3_2,0.0009594726143404841,0,3
800,0,2,road_3_4_2_0,0.0,0,0
800,0,2,road_3_4_2_1,-0.00578989926725626,3,0
800,0,2,road_3_4_2_2,-0.0012016906403005123,0,0
800,0,2,road_2_3_1_0,0.0,0,0
800,0,2,road_2_3_1_1,-0.001565584447234869,3,0
800,0,2,road_2_3_1_2,-0.0003294452908448875,3,0
800,0,2,road_1_4_0_0,0.0,0,0
800,0,2,road_1_4_0_1,-0.005789899732917547,3,0
800,0,2,road_1_4_0_2,-0.0012016907567158341,0,0
800,0,2,road_3_2_3_0,0.0,0,0
800,0,2,road_3_2_3_1,-0.0003232968447264284,0,0
800,0,2,road_3_2_3_2,-0.0003232967865187675,0,0
800,0,2,road_4_1_2_0,0.0,0,0
800,0,2,road_4_1_2_1,-0.006982168648391962,3,0
800,0,2,road_4_1_2_2,-0.00017046823631972075,0,0
800,0,2,road_3_0_1_0,0.0,0,0
800,0,2,road_3_0_1_1,-0.0003232969029340893,0,0
800,0,2,road_3_0_1_2,-0.00032329693203791976,0,0
800,0,2,road_2_1_0_0,0.0,0,0
800,0,2,road_2_1_0_1,-0.006982168182730675,3,0
800,0,2,road_2_1_0_2,-0.00017046817811205983,0,0
800,0,2,road_3_3_3_0,0.0,0,0
800,0,2,road_3_3_3_1,0.0034540006890892982,3,0
800,0,2,road_3_3_3_2,0.0024931849911808968,3,0
800,0,2,road_4_2_2_0,0.0,0,0
800,0,2,road_4_2_2_1,-0.003404738614335656,0,0
800,0,2,road_4_2_2_2,0.00034722176496870816,0,3
800,0,2,road_3_1_1_0,0.0,0,0
800,0,2,road_3_1_1_1,0.0034539999905973673,3,0
800,0,2,road_3_1_1_2,0.0024931845255196095,3,0
800,0,2,road_2_2_0_0,0.0,0,0
800,0,2,road_2_2_0_1,-0.0025209819432348013,0,0
800,0,2,road_2_2_0_2,-0.0008312383433803916,3,0
800,0,2,road_3_4_3_0,0.0,0,0
800,0,2,road_3_4_3_1,-0.0012205054517835379,3,0
800,0,2,road_3_4_3_2,0.0005448751035146415,0,3
800,0,2,road_4_3_2_0,0.0,0,0
800,0,2,road_4_3_2_1,0.002588033676147461,3,0
800,0,2,road_4_3_2_2,0.0032649559434503317,3,0
800,0,2,road_3_2_1_0,0.0,0,0
800,0,2,road_3_2_1_1,-0.0019661488477140665,3,0
800,0,2,road_3_2_1_2,-0.0012205054517835379,3,0
800,0,2,road_2_3_0_0,0.0,0,0
800,0,2,road_2_3_0_1,0.0030266456305980682,3,0
800,0,2,road_2_3_0_2,0.0032889684662222862,3,0
800,0,2,road_3_5_3_0,0.0,0,0
800,0,2,road_3_5_3_1,-0.0003232968447264284,0,0
800,0,2,road_3_5_3_2,-0.0003232967865187675,0,0
800,0,2,road_4_4_2_0,0.0,0,0
800,0,2,road_4_4_2_1,-0.006982168648391962,3,0
800,0,2,road_4_4_2_2,-0.00017046823631972075,0,0
800,0,2,road_3_3_1_0,0.0,0,0
800,0,2,road_3_3_1_1,-0.0003232969029340893,0,0
800,0,2,road_3_3_1_2,-0.00032329693203791976,0,0
800,0,2,road_2_4_0_0,0.0,0,0
800,0,2,road_2_4_0_1,-0.006982168182730675,3,0
800,0,2,road_2_4_0_2,-0.00017046817811205983,0,0
800,0,2,road_4_2_3_0,0.0,0,0
800,0,2,road_4_2_3_1,-0.0018563451012596488,3,0
800,0,2,road_4_2_3_2,-0.002522286493331194,3,0
800,0,2,road_5_1_2_0,0.0,0,0
800,0,2,road_5_1_2_1,0.0030035232193768024,3,0
800,0,2,road_5_1_2_2,0.0024446514435112476,3,0
800,0,2,road_4_0_1_0,0.0,0,0
800,0,2,road_4_0_1_1,-8.806365258351434e-06,2,0
800,0,2,road_4_0_1_2,-0.0026327683590352535,0,0
800,0,2,road_3_1_0_0,0.0,0,0
800,0,2,road_3_1_0_1,0.0030035236850380898,3,0
800,0,2,road_3_1_0_2,0.0024446516763418913,3,0
800,0,2,road_4_3_3_0,0.0,0,0
800,0,2,road_4_3_3_1,0.001651170663535595,3,0
800,0,2,road_4_3_3_2,0.0034018950536847115,3,0
800,0,2,road_5_2_2_0,0.0,0,0
800,0,2,road_5_2_2_1,-3.223375460947864e-05,2,0
800,0,2,road_5_2_2_2,-0.002262029331177473,0,0
800,0,2,road_4_1_1_0,0.0,0,0
800,0,2,road_4_1_1_1,0.0020980199333280325,3,0
800,0,2,road_4_1_1_2,0.0033837435767054558,3,0
800,0,2,road_3_2_0_0,0.0,0,0
800,0,2,road_3_2_0_1,-0.0021860727574676275,3,0
800,0,2,road_3_2_0_2,-0.0016531744040548801,3,0
800,0,2,road_4_4_3_0,0.0,0,0
800,0,2,road_4_4_3_1,-0.0010360863525420427,0,0
800,0,2,road_4_4_3_2,-0.0014796119648963213,0,0
800,0,2,road_5_3_2_0,0.0,0,0
800,0,2,road_5_3_2_1,-2.5577592168701813e-05,0,0
800,0,2,road_5_3_2_2,-0.001692705787718296,0,0
800,0,2,road_4_2_1_0,0.0,0,0
800,0,2,road_4_2_1_1,-0.0019538754131644964,0,0
800,0,2,road_4_2_1_2,-0.0014663515612483025,0,0
800,0,2,road_3_3_0_0,0.0,0,0
800,0,2,road_3_3_0_1,-0.0011447955621406436,0,0
800,0,2,road_3_3_0_2,-0.0023756721056997776,3,0
800,0,2,road_4_5_3_0,0.0,0,0
800,0,2,road_4_5_3_1,0.0046401722356677055,3,0
800,0,2,road_4_5_3_2,0.003344837110489607,0,3
800,0,2,road_5_4_2_0,0.0,0,0
800,0,2,road_5_4_2_1,-2.358875826757867e-05,0,0
800,0,2,road_5_4_2_2,-0.0024897842667996883,0,0
800,0,2,road_4_3_1_0,0.0,0,0
800,0,2,road_4_3_1_1,0.0005850893794558942,3,0
800,0,2,road_4_3_1_2,0.003541970159858465,3,0
800,0,2,road_3_4_0_0,0.0,0,0
800,0,2,road_3_4_0_1,0.0002545924508012831,0,3
800,0,2,road_3_4_0_2,-0.0004770095692947507,3,0
800,0,3,road_1_2_3_0,0.0,0,0
800,0,3,road_1_2_3_1,-0.0013298008125275373,0,0
800,0,3,road_1_2_3_2,-0.003191537456586957,3,0
800,0,3,road_2_1_2_0,0.0,0,0
800,0,3,road_2_1_2_1,0.004196173511445522,3,0
800,0,3,road_2_1_2_2,0.0034071439877152443,3,0
800,0,3,road_1_0_1_0,0.0,0,0
800,0,3,road_1_0_1_1,-4.3885549530386925e-05,3,0
800,0,3,road_1_0_1_2,-0.002261483110487461,3,0
800,0,3,road_0_1_0_0,0.0,0,0
800,0,3,road_0_1_0_1,1.0989533620886505e-05,3,0
800,0,3,road_0_1_0_2,0.0008032219484448433,3,0
800,0,3,road_1_3_3_0,0.0,0,0
800,0,3,road_1_3_3_1,0.0020780866034328938,3,0
800,0,3,road_1_3_3_2,0.003159322077408433,3,0
800,0,3,road_2_2_2_0,0.0,0,0
800,0,3,road_2_2_2_1,-0.0011110990308225155,3,0
800,0,3,road_2_2_2_2,-7.324697799049318e-05,0,0
800,0,3,road_1_1_1_0,0.0,0,0
800,0,3,road_1_1_1_1,0.002385608619078994,3,0
800,0,3,road_1_1_1_2,0.003146100789308548,3,0
800,0,3,road_0_2_0_0,0.0,0,0
800,0,3,road_0_2_0_1,-8.957572572398931e-05,3,0
800,0,3,road_0_2_0_2,-0.0010918964399024844,0,0
800,0,3,road_1_4_3_0,0.0,0,0
800,0,3,road_1_4_3_1,-1.4875773558742367e-05,0,0
800,0,3,road_1_4_3_2,-0.0006467781495302916,3,0
800,0,3,road_2_3_2_0,0.0,0,0
800,0,3,road_2_3_2_1,-0.0032550019677728415,0,0
800,0,3,road_2_3_2_2,-0.0008533535874448717,0,0
800,0,3,road_1_2_1_0,0.0,0,0
800,0,3,road_1_2_1_1,-0.0006467780331149697,3,0
800,0,3,road_1_2_1_2,-0.000831347017083317,0,0
800,0,3,road_0_3_0_0,0.0,0,0
800,0,3,road_0_3_0_1,-0.005062185227870941,3,0
800,0,3,road_0_3_0_2,-0.001107310177758336,0,0
800,0,3,road_1_5_3_0,0.0,0,0
800,0,3,road_1_5_3_1,0.002187608741223812,3,0
800,0,3,road_1_5_3_2,0.002378359204158187,3,0
800,0,3,road_2_4_2_0,0.0,0,0
800,0,3,road_2_4_2_1,-0.0021041615400463343,3,0
800,0,3,road_2_4_2_2,-0.002210368402302265,3,0
800,0,3,road_1_3_1_0,0.0,0,0
800,0,3,road_1_3_1_1,0.0020087528973817825,3,0
800,0,3,road_1_3_1_2,0.002014906844124198,3,0
800,0,3,road_0_4_0_0,0.0,0,0
800,0,3,road_0_4_0_1,-1.3462153219734319e-05,0,0
800,0,3,road_0_4_0_2,-0.00017546364688314497,2,0
800,0,3,road_2_2_3_0,0.0,0,0
800,0,3,road_2_2_3_1,-0.0016707365866750479,3,0
800,0,3,road_2_2_3_2,-0.0010540520306676626,0,0
800,0,3,road_3_1_2_0,0.0,0,0
800,0,3,road_3_1_2_1,-0.0019196753855794668,3,0
800,0,3,road_3_1_2_2,-0.002670349320396781,3,0
800,0,3,road_2_0_1_0,0.0,0,0
800,0,3,road_2_0_1_1,-0.0006701834499835968,0,0
800,0,3,road_2_0_1_2,0.0002661445178091526,3,0
800,0,3,road_1_1_0_0,0.0,0,0
800,0,3,road_1_1_0_1,-0.002503376454114914,3,0
800,0,3,road_1_1_0_2,-0.002073508920148015,3,0
800,0,3,road_2_3_3_0,0.0,0,0
800,0,3,road_2_3_3_1,-0.0003232968447264284,0,0
800,0,3,road_2_3_3_2,-0.0003232967865187675,0,0
800,0,3,road_3_2_2_0,0.0,0,0
800,0,3,road_3_2_2_1,-0.006982168648391962,3,0
800,0,3,road_3_2_2_2,-0.00017046823631972075,0,0
800,0,3,road_2_1_1_0,0.0,0,0
800,0,3,road_2_1_1_1,-0.0003232969029340893,0,0
800,0,3,road_2_1_1_2,-0.00032329693203791976,0,0
800,0,3,road_1_2_0_0,0.0,0,0
800,0,3,road_1_2_0_1,-0.006982168182730675,3,0
800,0,3,road_1_2_0_2,-0.00017046817811205983,0,0
800,0,3,road_2_4_3_0,0.0,0,0
800,0,3,road_2_4_3_1,-0.003153614467009902,3,0
800,0,3,road_2_4_3_2,-0.0028590818401426077,3,0
800,0,3,road_3_3_2_0,0.0,0,0
800,0,3,road_3_3_2_1,0.0035814731381833553,3,0
800,0,3,road_3_3_2_2,0.0029699737206101418,3,0
800,0,3,road_2_2_1_0,0.0,0,0
800,0,3,road_2_2_1_1,-0.0020728688687086105,3,0
800,0,3,road_2_2_1_2,-0.003153615165501833,3,0
800,0,3,road_1_3_0_0,0.0,0,0
800,0,3,road_1_3_0_1,0.0035814722068607807,3,0
800,0,3,road_1_3_0_2,0.0029699732549488544,3,0
800,0,3,road_2_5_3_0,0.0,0,0
800,0,3,road_2_5_3_1,-0.002651006681844592,3,0
800,0,3,road_2_5_3_2,-0.0024982052855193615,3,0
800,0,3,road_3_4_2_0,0.0,0,0
800,0,3,road_3_4_2_1,-0.005086176097393036,3,0
800,0,3,road_3_4_2_2,-0.0013789285439997911,0,0
800,0,3,road_2_3_1_0,0.0,0,0
800,0,3,road_2_3_1_1,-0.002177528105676174,3,0
800,0,3,road_2_3_1_2,-0.002651007380336523,3,0
800,0,3,road_1_4_0_0,0.0,0,0
800,0,3,road_1_4_0_1,-0.005086176097393036,3,0
800,0,3,road_1_4_0_2,-0.0013789285439997911,0,0
800,0,3,road_3_2_3_0,0.0,0,0
800,0,3,road_3_2_3_1,-0.0003232968447264284,0,0
800,0,3,road_3_2_3_2,-0.0003232967865187675,0,0
800,0,3,road_4_1_2_0,0.0,0,0
800,0,3,road_4_1_2_1,-0.006982168648391962,3,0
800,0,3,road_4_1_2_2,-0.00017046823631972075,0,0
800,0,3,road_3_0_1_0,0.0,0,0
800,0,3,road_3_0_1_1,-0.0003232969029340893,0,0
800,0,3,road_3_0_1_2,-0.00032329693203791976,0,0
800,0,3,road_2_1_0_0,0.0,0,0
800,0,3,road_2_1_0_1,-0.006982168182730675,3,0
800,0,3,road_2_1_0_2,-0.00017046817811205983,0,0
800,0,3,road_3_3_3_0,0.0,0,0
800,0,3,road_3_3_3_1,0.003238286590203643,3,0
800,0,3,road_3_3_3_2,0.003602040931582451,3,0
800,0,3,road_4_2_2_0,0.0,0,0
800,0,3,road_4_2_2_1,-0.0023767640814185143,0,0
800,0,3,road_4_2_2_2,-0.0007351684616878629,3,0
800,0,3,road_3_1_1_0,0.0,0,0
800,0,3,road_3_1_1_1,0.0032382868230342865,3,0
800,0,3,road_3_1_1_2,0.0036020404659211636,3,0
800,0,3,road_2_2_0_0,0.0,0,0
800,0,3,road_2_2_0_1,-0.0029788941610604525,0,0
800,0,3,road_2_2_0_2,-0.0027480360586196184,3,0
800,0,3,road_3_4_3_0,0.0,0,0
800,0,3,road_3_4_3_1,-0.003264772240072489,3,0
800,0,3,road_3_4_3_2,-0.0030982831958681345,3,0
800,0,3,road_4_3_2_0,0.0,0,0
800,0,3,road_4_3_2_1,0.0033320023212581873,3,0
800,0,3,road_4_3_2_2,0.003079280722886324,3,0
800,0,3,road_3_2_1_0,0.0,0,0
800,0,3,road_3_2_1_1,-0.0026529161259531975,3,0
800,0,3,road_3_2_1_2,-0.003264772240072489,3,0
800,0,3,road_2_3_0_0,0.0,0,0
800,0,3,road_2_3_0_1,0.003911011386662722,3,0
800,0,3,road_2_3_0_2,0.0031013060361146927,3,0
800,0,3,road_3_5_3_0,0.0,0,0
800,0,3,road_3_5_3_1,-0.0003232968447264284,0,0
800,0,3,road_3_5_3_2,-0.0003232967865187675,0,0
800,0,3,road_4_4_2_0,0.0,0,0
800,0,3,road_4_4_2_1,-0.006982168648391962,3,0
800,0,3,road_4_4_2_2,-0.00017046823631972075,0,0
800,0,3,road_3_3_1_0,0.0,0,0
800,0,3,road_3_3_1_1,-0.0003232969029340893,0,0
800,0,3,road_3_3_1_2,-0.00032329693203791976,0,0
800,0,3,road_2_4_0_0,0.0,0,0
800,0,3,road_2_4_0_1,-0.006982168182730675,3,0
800,0,3,road_2_4_0_2,-0.00017046817811205983,0,0
800,0,3,road_4_2_3_0,0.0,0,0
800,0,3,road_4_2_3_1,-0.0018563451012596488,3,0
800,0,3,road_4_2_3_2,-0.002522286493331194,3,0
800,0,3,road_5_1_2_0,0.0,0,0
800,0,3,road_5_1_2_1,0.0030035232193768024,3,0
800,0,3,road_5_1_2_2,0.0024446514435112476,3,0
800,0,3,road_4_0_1_0,0.0,0,0
800,0,3,road_4_0_1_1,-8.806365258351434e-06,2,0
800,0,3,road_4_0_1_2,-0.0026327683590352535,0,0
800,0,3,road_3_1_0_0,0.0,0,0
800,0,3,road_3_1_0_1,0.0030035236850380898,3,0
800,0,3,road_3_1_0_2,0.0024446516763418913,3,0
800,0,3,road_4_3_3_0,0.0,0,0
800,0,3,road_4_3_3_1,0.001651170663535595,3,0
800,0,3,road_4_3_3_2,0.0034018950536847115,3,0
800,0,3,road_5_2_2_0,0.0,0,0
800,0,3,road_5_2_2_1,-3.223375460947864e-05,2,0
800,0,3,road_5_2_2_2,-0.002262029331177473,0,0
800,0,3,road_4_1_1_0,0.0,0,0
800,0,3,road_4_1_1_1,0.0020980199333280325,3,0
800,0,3,road_4_1_1_2,0.0033837435767054558,3,0
800,0,3,road_3_2_0_0,0.0,0,0
800,0,3,road_3_2_0_1,-0.0021860727574676275,3,0
800,0,3,road_3_2_0_2,-0.0016531744040548801,3,0
800,0,3,road_4_4_3_0,0.0,0,0
800,0,3,road_4_4_3_1,-0.0010360863525420427,0,0
800,0,3,road_4_4_3_2,-0.0014796119648963213,0,0
800,0,3,road_5_3_2_0,0.0,0,0
800,0,3,road_5_3_2_1,-2.5577592168701813e-05,0,0
800,0,3,road_5_3_2_2,-0.001692705787718296,0,0
800,0,3,road_4_2_1_0,0.0,0,0
800,0,3,road_4_2_1_1,-0.0019538754131644964,0,0
800,0,3,road_4_2_1_2,-0.0014663515612483025,0,0
800,0,3,road_3_3_0_0,0.0,0,0
800,0,3,road_3_3_0_1,-0.0011447955621406436,0,0
800,0,3,road_3_3_0_2,-0.0023756721056997776,3,0
800,0,3,road_4_5_3_0,0.0,0,0
800,0,3,road_4_5_3_1,0.002424371661618352,3,0
800,0,3,road_4_5_3_2,0.003119471250101924,3,0
800,0,3,road_5_4_2_0,0.0,0,0
800,0,3,road_5_4_2_1,-2.0008614228572696e-05,0,0
800,0,3,road_5_4_2_2,-0.002236540662124753,0,0
800,0,3,road_4_3_1_0,0.0,0,0
800,0,3,road_4_3_1_1,0.00046809844207018614,3,0
800,0,3,road_4_3_1_2,0.003543979488313198,3,0
800,0,3,road_3_4_0_0,0.0,0,0
800,0,3,road_3_4_0_1,-0.0020769492257386446,3,0
800,0,3,road_3_4_0_2,-0.002909993752837181,3,0
1000,0,0,road_1_2_3_0,0.0,0,0
1000,0,0,road_1_2_3_1,-0.0007528905989602208,0,0
1000,0,0,road_1_2_3_2,-0.0010852187406271696,0,0
1000,0,0,road_2_1_2_0,0.0,0,0
1000,0,0,road_2_1_2_1,0.001535589573904872,0,3
1000,0,0,road_2_1_2_2,0.0011528355535119772,0,3
1000,0,0,road_1_0_1_0,0.0,0,0
1000,0,0,road_1_0_1_1,-1.7252588804694824e-05,0,0
1000,0,0,road_1_0_1_2,-0.00339978514239192,0,0
1000,0,0,road_0_1_0_0,0.0,0,0
1000,0,0,road_0_1_0_1,2.029813731496688e-05,0,3
1000,0,0,road_0_1_0_2,0.0005081598646938801,0,3
1000,0,0,road_1_3_3_0,0.0,0,0
1000,0,0,road_1_3_3_1,0.0017062060069292784,0,3
1000,0,0,road_1_3_3_2,8.313555736094713e-05,0,3
1000,0,0,road_2_2_2_0,0.0,0,0
1000,0,0,road_2_2_2_1,0.003224501386284828,0,3
1000,0,0,road_2_2_2_2,-7.646635640412569e-05,0,0
1000,0,0,road_1_1_1_0,0.0,0,0
1000,0,0,road_1_1_1_1,0.001706206239759922,0,3
1000,0,0,road_1_1_1_2,8.313573198392987e-05,0,3
1000,0,0,road_0_2_0_0,0.0,0,0
1000,0,0,road_0_2_0_1,8.035921382543165e-06,0,3
1000,0,0,road_0_2_0_2,-0.003587407059967518,0,0
1000,0,0,road_1_4_3_0,0.0,0,0
1000,0,0,road_1_4_3_1,-1.3633911294164136e-05,0,0
1000,0,0,road_1_4_3_2,-0.0003445987240411341,0,0
1000,0,0,road_2_3_2_0,0.0,0,0
1000,0,0,road_2_3_2_1,-0.0011819439241662621,0,0
1000,0,0,road_2_3_2_2,-0.000821462192106992,0,0
1000,0,0,road_1_2_1_0,0.0,0,0
1000,0,0,road_1_2_1_1,-0.0016022170893847942,0,3
1000,0,0,road_1_2_1_2,-0.0013492598664015532,0,0
1000,0,0,road_0_3_0_0,0.0,0,0
1000,0,0,road_0_3_0_1,-0.0011819439241662621,0,0
1000,0,0,road_0_3_0_2,-0.0008214623085223138,0,0
1000,0,0,road_1_5_3_0,0.0,0,0
1000,0,0,road_1_5_3_1,-0.0007419498288072646,0,0
1000,0,0,road_1_5_3_2,0.0021098507568240166,0,3
1000,0,0,road_2_4_2_0,0.0,0,0
1000,0,0,road_2_4_2_1,-0.0012404733570292592,0,0
1000,0,0,road_2_4_2_2,-0.0012414171360433102,0,0
1000,0,0,road_1_3_1_0,0.0,0,0
1000,0,0,road_1_3_1_1,-0.00410732626914978,0,0
1000,0,0,road_1_3_1_2,-0.0004340943996794522,0,0
1000,0,0,road_0_4_0_0,0.0,0,0
1000,0,0,road_0_4_0_1,-1.753587457642425e-05,0,0
1000,0,0,road_0_4_0_2,-0.00014371595170814544,0,0
1000,0,0,road_2_2_3_0,0.0,0,0
1000,0,0,road_2_2_3_1,-0.0006024852627888322,0,0
1000,0,0,road_2_2_3_2,0.00024110398953780532,0,3
1000,0,0,road_3_1_2_0,0.0,0,0
1000,0,0,road_3_1_2_1,-0.00037966269883327186,0,0
1000,0,0,road_3_1_2_2,2.170484367525205e-05,0,3
1000,0,0,road_2_0_1_0,0.0,0,0
1000,0,0,road_2_0_1_1,-0.0006340751424431801,0,0
1000,0,0,road_2_0_1_2,0.0002426758874207735,0,3
1000,0,0,road_1_1_0_0,0.0,0,0
1000,0,0,road_1_1_0_1,2.1704625396523625e-05,0,3
1000,0,0,road_1_1_0_2,0.0008553293300792575,0,3
1000,0,0,road_2_3_3_0,0.0,0,0
1000,0,0,road_2_3_3_1,-0.00015364031423814595,0,0
1000,0,0,road_2_3_3_2,-0.00015364045975729823,0,0
1000,0,0,road_3_2_2_0,0.0,0,0
1000,0,0,road_3_2_2_1,0.0003193664597347379,0,3
1000,0,0,road_3_2_2_2,-0.0005485005094669759,0,0
1000,0,0,road_2_1_1_0,0.0,0,0
1000,0,0,road_2_1_1_1,-0.0001536404888611287,0,0
1000,0,0,road_2_1_1_2,-0.0001536404888611287,0,0
1000,0,0,road_1_2_0_0,0.0,0,0
1000,0,0,road_1_2_0_1,0.0003065990167669952,0,3
1000,0,0,road_1_2_0_2,-0.0005318562616594136,0,0
1000,0,0,road_2_4_3_0,0.0,0,0
1000,0,0,road_2_4_3_1,3.44652944477275e-05,0,3
1000,0,0,road_2_4_3_2,-0.0002731702115852386,0,0
1000,0,0,road_3_3_2_0,0.0,0,0
1000,0,0,road_3_3_2_1,0.0003091495018452406,0,3
1000,0,0,road_3_3_2_2,-0.0006140593905001879,0,0
1000,0,0,road_2_2_1_0,0.0,0,0
1000,0,0,road_2_2_1_1,3.446522168815136e-05,0,3
1000,0,0,road_2_2_1_2,-0.00027317029889672995,0,0
1000,0,0,road_1_3_0_0,0.0,0,0
1000,0,0,road_1_3_0_1,0.00030720452195964754,0,3
1000,0,0,road_1_3_0_2,-0.0005848927539773285,0,0
1000,0,0,road_2_5_3_0,0.0,0,0
1000,0,0,road_2_5_3_1,-0.00016070512356236577,0,0
1000,0,0,road_2_5_3_2,-0.00016070531273726374,0,0
1000,0,0,road_3_4_2_0,0.0,0,0
1000,0,0,road_3_4_2_1,0.0003069000376854092,0,3
1000,0,0,road_3_4_2_2,-0.0002681637997739017,0,0
1000,0,0,road_2_3_1_0,0.0,0,0
1000,0,0,road_2_3_1_1,-0.0001607051963219419,0,0
1000,0,0,road_2_3_1_2,-0.00016070541460067034,0,0
1000,0,0,road_1_4_0_0,0.0,0,0
1000,0,0,road_1_4_0_1,0.00030690000858157873,0,3
1000,0,0,road_1_4_0_2,-0.00026816397439688444,0,0
1000,0,0,road_3_2_3_0,0.0,0,0
1000,0,0,road_3_2_3_1,-0.00016070512356236577,0,0
1000,0,0,road_3_2_3_2,-0.00016070531273726374,0,0
1000,0,0,road_4_1_2_0,0.0,0,0
1000,0,0,road_4_1_2_1,0.0003069000376854092,0,3
1000,0,0,road_4_1_2_2,-0.0002681637997739017,0,0
1000,0,0,road_3_0_1_0,0.0,0,0
1000,0,0,road_3_0_1_1,-0.0001607051963219419,0,0
1000,0,0,road_3_0_1_2,-0.00016070541460067034,0,0
1000,0,0,road_2_1_0_0,0.0,0,0
1000,0,0,road_2_1_0_1,0.00030690000858157873,0,3
1000,0,0,road_2_1_0_2,-0.00026816397439688444,0,0
1000,0,0,road_3_3_3_0,0.0,0,0
1000,0,0,road_3_3_3_1,0.00011594071111176163,0,3
1000,0,0,road_3_3_3_2,0.0014089075848460197,0,3
1000,0,0,road_4_2_2_0,0.0,0,0
1000,0,0,road_4_2_2_1,-0.00034873938420787454,0,0
1000,0,0,road_4_2_2_2,0.00020091657643206418,0,3
1000,0,0,road_3_1_1_0,0.0,0,0
1000,0,0,road_3_1_1_1,0.00011594074021559209,0,3
1000,0,0,road_3_1_1_2,0.0014089075848460197,0,3
1000,0,0,road_2_2_0_0,0.0,0,0
1000,0,0,road_2_2_0_1,-0.0013711190549656749,0,0
1000,0,0,road_2_2_0_2,-0.00028746764292009175,0,0
1000,0,0,road_3_4_3_0,0.0,0,0
1000,0,0,road_3_4_3_1,-0.00029645400354638696,0,0
1000,0,0,road_3_4_3_2,-0.00016176664212252945,0,0
1000,0,0,road_4_3_2_0,0.0,0,0
1000,0,0,road_4_3_2_1,0.0003491208190098405,0,3
1000,0,0,road_4_3_2_2,-0.00031388478237204254,0,0
1000,0,0,road_3_2_1_0,0.0,0,0
1000,0,0,road_3_2_1_1,-0.0004008596879430115,0,0
1000,0,0,road_3_2_1_2,-0.0002964540326502174,0,0
1000,0,0,road_2_3_0_0,0.0,0,0
1000,0,0,road_2_3_0_1,0.00034912070259451866,0,3
1000,0,0,road_2_3_0_2,-0.00031388489878736436,0,0
1000,0,0,road_3_5_3_0,0.0,0,0
1000,0,0,road_3_5_3_1,-0.00029645400354638696,0,0
1000,0,0,road_3_5_3_2,-0.00016176664212252945,0,0
1000,0,0,road_4_4_2_0,0.0,0,0
1000,0,0,road_4_4_2_1,0.0003491208190098405,0,3
1000,0,0,road_4_4_2_2,-0.00031388478237204254,0,0
1000,0,0,road_3_3_1_0,0.0,0,0
1000,0,0,road_3_3_1_1,-0.0004008596879430115,0,0
1000,0,0,road_3_3_1_2,-0.0002964540326502174,0,0
1000,0,0,road_2_4_0_0,0.0,0,0
1000,0,0,road_2_4_0_1,0.00034912070259451866,0,3
1000,0,0,road_2_4_0_2,-0.00031388489878736436,0,0
1000,0,0,road_4_2_3_0,0.0,0,0
1000,0,0,road_4_2_3_1,0.003637605346739292,0,3
1000,0,0,road_4_2_3_2,0.005141230765730143,0,3
1000,0,0,road_5_1_2_0,0.0,0,0
1000,0,0,road_5_1_2_1,0.00197027949616313,0,3
1000,0,0,road_5_1_2_2,0.0012868752237409353,0,3
1000,0,0,road_4_0_1_0,0.0,0,0
1000,0,0,road_4_0_1_1,2.5312971047242172e-05,0,0
1000,0,0,road_4_0_1_2,0.0028115385212004185,0,3
1000,0,0,road_3_1_0_0,0.0,0,0
1000,0,0,road_3_1_0_1,0.0019702790305018425,0,3
1000,0,0,road_3_1_0_2,0.0012868748744949698,0,2
1000,0,0,road_4_3_3_0,0.0,0,0
1000,0,0,road_4_3_3_1,-0.0016578615177422762,0,0
1000,0,0,road_4_3_3_2,-0.00021271276636980474,0,0
1000,0,0,road_5_2_2_0,0.0,0,0
1000,0,0,road_5_2_2_1,-1.791252361726947e-05,0,0
1000,0,0,road_5_2_2_2,-0.0010297988774254918,0,0
1000,0,0,road_4_1_1_0,0.0,0,0
1000,0,0,road_4_1_1_1,-0.0007816526922397316,0,0
1000,0,0,road_4_1_1_2,9.404805314261466e-05,0,3
1000,0,0,road_3_2_0_0,0.0,0,0
1000,0,0,road_3_2_0_1,-0.0010297996923327446,0,0
1000,0,0,road_3_2_0_2,-0.0008438533986918628,0,0
1000,0,0,road_4_4_3_0,0.0,0,0
1000,0,0,road_4_4_3_1,0.0028735448140650988,0,3
1000,0,0,road_4_4_3_2,-0.0005610873340629041,0,0
1000,0,0,road_5_3_2_0,0.0,0,0
1000,0,0,road_5_3_2_1,-1.6822370525915176e-05,0,0
1000,0,0,road_5_3_2_2,-0.0007824826752766967,0,0
1000,0,0,road_4_2_1_0,0.0,0,0
1000,0,0,road_4_2_1_1,0.0002893447526730597,0,3
1000,0,0,road_4_2_1_2,-0.0040467060171067715,0,0
1000,0,0,road_3_3_0_0,0.0,0,0
1000,0,0,road_3_3_0_1,-0.0007862054044380784,0,0
1000,0,0,road_3_3_0_2,-0.0006939971353858709,0,0
1000,0,0,road_4_5_3_0,0.0,0,0
1000,0,0,road_4_5_3_1,0.0031601558439433575,0,3
1000,0,0,road_4_5_3_2,-0.00046496273716911674,0,0
1000,0,0,road_5_4_2_0,0.0,0,0
1000,0,0,road_5_4_2_1,-2.2311865905066952e-05,0,0
1000,0,0,road_5_4_2_2,-0.0008484255522489548,0,0
1000,0,0,road_4_3_1_0,0.0,0,0
1000,0,0,road_4_3_1_1,0.0001784036576282233,0,3
1000,0,0,road_4_3_1_2,-0.003978424705564976,0,0
1000,0,0,road_3_4_0_0,0.0,0,0
1000,0,0,road_3_4_0_1,-0.0013456597225740552,0,0
1000,0,0,road_3_4_0_2,-0.0008508125902153552,0,0
1000,0,1,road_1_2_3_0,0.0,0,0
1000,0,1,road_1_2_3_1,0.0006557311862707138,0,3
1000,0,1,road_1_2_3_2,0.00289227906614542,0,3
1000,0,1,road_2_1_2_0,0.0,0,0
1000,0,1,road_2_1_2_1,-0.0017602868610993028,3,0
1000,0,1,road_2_1_2_2,-0.002010433468967676,3,0
1000,0,1,road_1_0_1_0,0.0,0,0
1000,0,1,road_1_0_1_1,1.5605408407282084e-05,0,3
1000,0,1,road_1_0_1_2,0.01057357806712389,0,3
1000,0,1,road_0_1_0_0,0.0,0,0
1000,0,1,road_0_1_0_1,-7.5146522249269765e-06,3,0
1000,0,1,road_0_1_0_2,-0.00030879280529916286,3,0
1000,0,1,road_1_3_3_0,0.0,0,0
1000,0,1,road_1_3_3_1,0.0022362202871590853,3,0
1000,0,1,road_1_3_3_2,0.0031599849462509155,3,0
1000,0,1,road_2_2_2_0,0.0,0,0
1000,0,1,road_2_2_2_1,-0.0010401754407212138,3,0
1000,0,1,road_2_2_2_2,0.0002671502879820764,0,3
1000,0,1,road_1_1_1_0,0.0,0,0
1000,0,1,road_1_1_1_1,0.002236220519989729,3,0
1000,0,1,road_1_1_1_2,0.003159984713420272,3,0
1000,0,1,road_0_2_0_0,0.0,0,0
1000,0,1,road_0_2_0_1,-2.3940800019772723e-05,3,0
1000,0,1,road_0_2_0_2,-0.0007285105530172586,0,0
1000,0,1,road_1_4_3_0,0.0,0,0
1000,0,1,road_1_4_3_1,-1.4533369721903e-05,0,0
1000,0,1,road_1_4_3_2,-0.00033216123119927943,0,0
1000,0,1,road_2_3_2_0,0.0,0,0
1000,0,1,road_2_3_2_1,-0.0011467610020190477,0,3
1000,0,1,road_2_3_2_2,-0.0008493022178299725,0,0
1000,0,1,road_1_2_1_0,0.0,0,0
1000,0,1,road_1_2_1_1,-0.0006572700222022831,3,0
1000,0,1,road_1_2_1_2,-0.000852414988912642,0,0
1000,0,1,road_0_3_0_0,0.0,0,0
1000,0,1,road_0_3_0_1,-0.0011467610020190477,0,0
1000,0,1,road_0_3_0_2,-0.0008493022178299725,0,0
1000,0,1,road_1_5_3_0,0.0,0,0
1000,0,1,road_1_5_3_1,0.0011499456595629454,0,3
1000,0,1,road_1_5_3_2,-0.002955144038423896,3,0
1000,0,1,road_2_4_2_0,0.0,0,0
1000,0,1,road_2_4_2_1,-0.0012817899696528912,0,0
1000,0,1,road_2_4_2_2,-0.0012823292054235935,0,0
1000,0,1,road_1_3_1_0,0.0,0,0
1000,0,1,road_1_3_1_1,0.0013470984995365143,0,3
1000,0,1,road_1_3_1_2,-0.0015937992138788104,0,0
1000,0,1,road_0_4_0_0,0.0,0,0
1000,0,1,road_0_4_0_1,-1.8749007722362876e-05,0,0
1000,0,1,road_0_4_0_2,-0.0001538424112368375,0,0
1000,0,1,road_2_2_3_0,0.0,0,0
1000,0,1,road_2_2_3_1,0.0015707029961049557,0,3
1000,0,1,road_2_2_3_2,-0.001865327125415206,3,0
1000,0,1,road_3_1_2_0,0.0,0,0
1000,0,1,road_3_1_2_1,0.0023666894994676113,0,3
1000,0,1,road_3_1_2_2,0.00030389183666557074,3,0
1000,0,1,road_2_0_1_0,0.0,0,0
1000,0,1,road_2_0_1_1,-0.00075515330536291,0,0
1000,0,1,road_2_0_1_2,-0.0049088564701378345,3,0
1000,0,1,road_1_1_0_0,0.0,0,0
1000,0,1,road_1_1_0_1,0.00030389250605367124,3,0
1000,0,1,road_1_1_0_2,-0.0015430354978889227,3,0
1000,0,1,road_2_3_3_0,0.0,0,0
1000,0,1,road_2_3_3_1,-0.00040219188667833805,0,0
1000,0,1,road_2_3_3_2,-0.0004021917993668467,0,0
1000,0,1,road_3_2_2_0,0.0,0,0
1000,0,1,road_3_2_2_1,-0.006480805575847626,3,0
1000,0,1,road_3_2_2_2,0.0005351656000129879,0,3
1000,0,1,road_2_1_1_0,0.0,0,0
1000,0,1,road_2_1_1_1,-0.00040219182847067714,0,0
1000,0,1,road_2_1_1_2,-0.0004021917120553553,0,0
1000,0,1,road_1_2_0_0,0.0,0,0
1000,0,1,road_1_2_0_1,-0.005060349125415087,3,0
1000,0,1,road_1_2_0_2,0.0016792967217043042,0,3
1000,0,1,road_2_4_3_0,0.0,0,0
1000,0,1,road_2_4_3_1,0.0008067060261964798,3,0
1000,0,1,road_2_4_3_2,0.0011082557030022144,0,3
1000,0,1,road_3_3_2_0,0.0,0,0
1000,0,1,road_3_3_2_1,-0.005278030410408974,3,0
1000,0,1,road_3_3_2_2,-0.000415019690990448,0,0
1000,0,1,road_2_2_1_0,0.0,0,0
1000,0,1,road_2_2_1_1,0.000806705909781158,3,0
1000,0,1,road_2_2_1_2,0.0011082554701715708,0,3
1000,0,1,road_1_3_0_0,0.0,0,0
1000,0,1,road_1_3_0_1,-0.0029570029582828283,3,0
1000,0,1,road_1_3_0_2,0.0014415159821510315,0,3
1000,0,1,road_2_5_3_0,0.0,0,0
1000,0,1,road_2_5_3_1,-0.0003232968447264284,0,0
1000,0,1,road_2_5_3_2,-0.0003232967865187675,0,0
1000,0,1,road_3_4_2_0,0.0,0,0
1000,0,1,road_3_4_2_1,-0.006982168648391962,3,0
1000,0,1,road_3_4_2_2,-0.00017046823631972075,0,0
1000,0,1,road_2_3_1_0,0.0,0,0
1000,0,1,road_2_3_1_1,-0.0003232969029340893,0,0
1000,0,1,road_2_3_1_2,-0.00032329693203791976,0,0
1000,0,1,road_1_4_0_0,0.0,0,0
1000,0,1,road_1_4_0_1,-0.006982168182730675,3,0
1000,0,1,road_1_4_0_2,-0.00017046817811205983,0,0
1000,0,1,road_3_2_3_0,0.0,0,0
1000,0,1,road_3_2_3_1,-0.0003232968447264284,0,0
1000,0,1,road_3_2_3_2,-0.0003232967865187675,0,0
1000,0,1,road_4_1_2_0,0.0,0,0
1000,0,1,road_4_1_2_1,-0.006982168648391962,3,0
1000,0,1,road_4_1_2_2,-0.00017046823631972075,0,0
1000,0,1,road_3_0_1_0,0.0,0,0
1000,0,1,road_3_0_1_1,-0.0003232969029340893,0,0
1000,0,1,road_3_0_1_2,-0.00032329693203791976,0,0
1000,0,1,road_2_1_0_0,0.0,0,0
1000,0,1,road_2_1_0_1,-0.006982168182730675,3,0
1000,0,1,road_2_1_0_2,-0.00017046817811205983,0,0
1000,0,1,road_3_3_3_0,0.0,0,0
1000,0,1,road_3_3_3_1,0.003511164803057909,3,0
1000,0,1,road_3_3_3_2,0.002565426519140601,3,0
1000,0,1,road_4_2_2_0,0.0,0,0
1000,0,1,road_4_2_2_1,0.0022766978945583105,0,3
1000,0,1,road_4_2_2_2,0.0018488719360902905,3,0
1000,0,1,road_3_1_1_0,0.0,0,0
1000,0,1,road_3_1_1_1,0.0035111638717353344,3,0
1000,0,1,road_3_1_1_2,0.002565425354987383,3,0
1000,0,1,road_2_2_0_0,0.0,0,0
1000,0,1,road_2_2_0_1,0.001848872285336256,0,3
1000,0,1,road_2_2_0_2,0.0007382178446277976,0,3
1000,0,1,road_3_4_3_0,0.0,0,0
1000,0,1,road_3_4_3_1,0.00035607037716545165,0,3
1000,0,1,road_3_4_3_2,-0.00032283811015076935,0,0
1000,0,1,road_4_3_2_0,0.0,0,0
1000,0,1,road_4_3_2_1,-0.007197131402790546,3,0
1000,0,1,road_4_3_2_2,-0.0004452136345207691,0,0
1000,0,1,road_3_2_1_0,0.0,0,0
1000,0,1,road_3_2_1_1,0.0009727054857648909,0,3
1000,0,1,road_3_2_1_2,0.00035607031895779073,0,3
1000,0,1,road_2_3_0_0,0.0,0,0
1000,0,1,road_2_3_0_1,-0.007197132334113121,3,0
1000,0,1,road_2_3_0_2,-0.00044521380914375186,0,0
1000,0,1,road_3_5_3_0,0.0,0,0
1000,0,1,road_3_5_3_1,0.00035607037716545165,0,3
1000,0,1,road_3_5_3_2,-0.00032283811015076935,0,0
1000,0,1,road_4_4_2_0,0.0,0,0
1000,0,1,road_4_4_2_1,-0.007197131402790546,3,0
1000,0,1,road_4_4_2_2,-0.0004452136345207691,0,0
1000,0,1,road_3_3_1_0,0.0,0,0
1000,0,1,road_3_3_1_1,0.0009727054857648909,0,3
1000,0,1,road_3_3_1_2,0.00035607031895779073,0,3
1000,0,1,road_2_4_0_0,0.0,0,0
1000,0,1,road_2_4_0_1,-0.007197132334113121,3,0
1000,0,1,road_2_4_0_2,-0.00044521380914375186,0,0
1000,0,1,road_4_2_3_0,0.0,0,0
1000,0,1,road_4_2_3_1,-0.0013218782842159271,3,0
1000,0,1,road_4_2_3_2,-0.0019636673387140036,3,0
1000,0,1,road_5_1_2_0,0.0,0,0
1000,0,1,road_5_1_2_1,0.0019354363903403282,3,0
1000,0,1,road_5_1_2_2,0.004172356799244881,3,0
1000,0,1,road_4_0_1_0,0.0,0,0
1000,0,1,road_4_0_1_1,-1.519335182820214e-05,0,0
1000,0,1,road_4_0_1_2,-0.0007362524047493935,3,0
1000,0,1,road_3_1_0_0,0.0,0,0
1000,0,1,road_3_1_0_1,0.0013694616500288248,3,0
1000,0,1,road_3_1_0_2,0.004475806839764118,2,1
1000,0,1,road_4_3_3_0,0.0,0,0
1000,0,1,road_4_3_3_1,-0.0019967835396528244,0,0
1000,0,1,road_4_3_3_2,-0.004514031577855349,0,0
1000,0,1,road_5_2_2_0,0.0,0,0
1000,0,1,road_5_2_2_1,-1.7171363651868887e-05,0,0
1000,0,1,road_5_2_2_2,-0.00021149883104953915,0,0
1000,0,1,road_4_1_1_0,0.0,0,0
1000,0,1,road_4_1_1_1,0.0006001549190841615,0,3
1000,0,1,road_4_1_1_2,-0.004868194926530123,3,0
1000,0,1,road_3_2_0_0,0.0,0,0
1000,0,1,road_3_2_0_1,-0.00021149877284187824,0,0
1000,0,1,road_3_2_0_2,0.0007546322885900736,0,3
1000,0,1,road_4_4_3_0,0.0,0,0
1000,0,1,road_4_4_3_1,-0.003031492931768298,3,0
1000,0,1,road_4_4_3_2,-0.0016227917512878776,0,0
1000,0,1,road_5_3_2_0,0.0,0,0
1000,0,1,road_5_3_2_1,-1.702045847196132e-05,0,0
1000,0,1,road_5_3_2_2,-0.0008458249503746629,0,0
1000,0,1,road_4_2_1_0,0.0,0,0
1000,0,1,road_4_2_1_1,0.0004389176319818944,3,0
1000,0,1,road_4_2_1_2,0.0017935666255652905,0,3
1000,0,1,road_3_3_0_0,0.0,0,0
1000,0,1,road_3_3_0_1,-0.0010361039312556386,0,0
1000,0,1,road_3_3_0_2,-0.0010968437418341637,0,0
1000,0,1,road_4_5_3_0,0.0,0,0
1000,0,1,road_4_5_3_1,-0.0020371992141008377,3,0
1000,0,1,road_4_5_3_2,-0.0009770265314728022,0,0
1000,0,1,road_5_4_2_0,0.0,0,0
1000,0,1,road_5_4_2_1,2.7001509806723334e-05,0,3
1000,0,1,road_5_4_2_2,-0.00032565800938755274,0,0
1000,0,1,road_4_3_1_0,0.0,0,0
1000,0,1,road_4_3_1_1,-0.00030689130653627217,3,0
1000,0,1,road_4_3_1_2,-0.0014859699876978993,0,0
1000,0,1,road_3_4_0_0,0.0,0,0
1000,0,1,road_3_4_0_1,0.003940167836844921,0,3
1000,0,1,road_3_4_0_2,0.0009629967389628291,0,3
1000,0,2,road_1_2_3_0,0.0,0,0
1000,0,2,road_1_2_3_1,-0.00036856235237792134,3,0
1000,0,2,road_1_2_3_2,-0.0020515406504273415,3,0
1000,0,2,road_2_1_2_0,0.0,0,0
1000,0,2,road_2_1_2_1,0.004096729680895805,3,0
1000,0,2,road_2_1_2_2,0.00364755280315876,3,0
1000,0,2,road_1_0_1_0,0.0,0,0
1000,0,2,road_1_0_1_1,-9.00732175068697e-06,3,0
1000,0,2,road_1_0_1_2,-0.0018359615933150053,3,0
1000,0,2,road_0_1_0_0,0.0,0,0
1000,0,2,road_0_1_0_1,1.3580162885773461e-05,3,0
1000,0,2,road_0_1_0_2,0.00048227113438770175,3,0
1000,0,2,road_1_3_3_0,0.0,0,0
1000,0,2,road_1_3_3_1,0.0031579937785863876,3,0
1000,0,2,road_1_3_3_2,0.002850458724424243,3,0
1000,0,2,road_2_2_2_0,0.0,0,0
1000,0,2,road_2_2_2_1,-0.0024979370646178722,3,0
1000,0,2,road_2_2_2_2,-0.0005665047210641205,3,0
1000,0,2,road_1_1_1_0,0.0,0,0
1000,0,2,road_1_1_1_1,0.0031579933129251003,3,0
1000,0,2,road_1_1_1_2,0.0028504584915935993,3,0
1000,0,2,road_0_2_0_0,0.0,0,0
1000,0,2,road_0_2_0_1,-2.6019319193437696e-05,3,0
1000,0,2,road_0_2_0_2,3.158283652737737e-05,0,3
1000,0,2,road_1_4_3_0,0.0,0,0
1000,0,2,road_1_4_3_1,-1.3310726899362635e-05,0,0
1000,0,2,road_1_4_3_2,-0.0003071097598876804,0,0
1000,0,2,road_2_3_2_0,0.0,0,0
1000,0,2,road_2_3_2_1,-0.005043154116719961,3,0
1000,0,2,road_2_3_2_2,-0.0010450431145727634,0,0
1000,0,2,road_1_2_1_0,0.0,0,0
1000,0,2,road_1_2_1_1,-0.0006197011680342257,3,0
1000,0,2,road_1_2_1_2,-0.0007918684277683496,0,0
1000,0,2,road_0_3_0_0,0.0,0,0
1000,0,2,road_0_3_0_1,-0.0032602204009890556,0,0
1000,0,2,road_0_3_0_2,-0.0008258328307420015,0,0
1000,0,2,road_1_5_3_0,0.0,0,0
1000,0,2,road_1_5_3_1,-0.0009158026659861207,3,0
1000,0,2,road_1_5_3_2,-0.0017475900240242481,3,0
1000,0,2,road_2_4_2_0,0.0,0,0
1000,0,2,road_2_4_2_1,0.004599328618496656,0,3
1000,0,2,road_2_4_2_2,0.0045985751785337925,0,3
1000,0,2,road_1_3_1_0,0.0,0,0
1000,0,2,road_1_3_1_1,-0.00268421764485538,3,0
1000,0,2,road_1_3_1_2,-0.0006746783619746566,0,0
1000,0,2,road_0_4_0_0,0.0,0,0
1000,0,2,road_0_4_0_1,2.402024438197259e-05,0,3
1000,0,2,road_0_4_0_2,0.00019861108739860356,0,3
1000,0,2,road_2_2_3_0,0.0,0,0
1000,0,2,road_2_2_3_1,0.004330074414610863,3,0
1000,0,2,road_2_2_3_2,0.0023344838991761208,3,0
1000,0,2,road_3_1_2_0,0.0,0,0
1000,0,2,road_3_1_2_1,-0.002257893793284893,3,0
1000,0,2,road_3_1_2_2,-0.0030744443647563457,3,0
1000,0,2,road_2_0_1_0,0.0,0,0
1000,0,2,road_2_0_1_1,-0.00012615052401088178,0,0
1000,0,2,road_2_0_1_2,-0.0037021790631115437,3,0
1000,0,2,road_1_1_0_0,0.0,0,0
1000,0,2,road_1_1_0_1,-0.003074443433433771,3,0
1000,0,2,road_1_1_0_2,-0.0019592633470892906,3,0
1000,0,2,road_2_3_3_0,0.0,0,0
1000,0,2,road_2_3_3_1,-0.0005890749162063003,0,0
1000,0,2,road_2_3_3_2,-0.0005890749162063003,0,0
1000,0,2,road_3_2_2_0,0.0,0,0
1000,0,2,road_3_2_2_1,0.00045745744137093425,3,0
1000,0,2,road_3_2_2_2,0.0038131738547235727,3,0
1000,0,2,road_2_1_1_0,0.0,0,0
1000,0,2,road_2_1_1_1,-0.0005890751490369439,0,0
1000,0,2,road_2_1_1_2,-0.0005890752072446048,0,0
1000,0,2,road_1_2_0_0,0.0,0,0
1000,0,2,road_1_2_0_1,0.0004888662369921803,3,0
1000,0,2,road_1_2_0_2,0.0030021988786756992,3,0
1000,0,2,road_2_4_3_0,0.0,0,0
1000,0,2,road_2_4_3_1,-0.0024520158767700195,3,0
1000,0,2,road_2_4_3_2,-0.0030201806221157312,3,0
1000,0,2,road_3_3_2_0,0.0,0,0
1000,0,2,road_3_3_2_1,-0.003636044915765524,3,0
1000,0,2,road_3_3_2_2,-1.9153812900185585e-05,0,0
1000,0,2,road_2_2_1_0,0.0,0,0
1000,0,2,road_2_2_1_1,-0.002452015643939376,3,0
1000,0,2,road_2_2_1_2,-0.0030201799236238003,3,0
1000,0,2,road_1_3_0_0,0.0,0,0
1000,0,2,road_1_3_0_1,0.002452635206282139,3,0
1000,0,2,road_1_3_0_2,0.004491970408707857,3,0
1000,0,2,road_2_5_3_0,0.0,0,0
1000,0,2,road_2_5_3_1,-0.0003232968447264284,0,0
1000,0,2,road_2_5_3_2,-0.0003232967865187675,0,0
1000,0,2,road_3_4_2_0,0.0,0,0
1000,0,2,road_3_4_2_1,-0.006982168648391962,3,0
1000,0,2,road_3_4_2_2,-0.00017046823631972075,0,0
1000,0,2,road_2_3_1_0,0.0,0,0
1000,0,2,road_2_3_1_1,-0.0003232969029340893,0,0
1000,0,2,road_2_3_1_2,-0.00032329693203791976,0,0
1000,0,2,road_1_4_0_0,0.0,0,0
1000,0,2,road_1_4_0_1,-0.006982168182730675,3,0
1000,0,2,road_1_4_0_2,-0.00017046817811205983,0,0
1000,0,2,road_3_2_3_0,0.0,0,0
1000,0,2,road_3_2_3_1,-0.0003232968447264284,0,0
1000,0,2,road_3_2_3_2,-0.0003232967865187675,0,0
1000,0,2,road_4_1_2_0,0.0,0,0
1000,0,2,road_4_1_2_1,-0.006982168648391962,3,0
1000,0,2,road_4_1_2_2,-0.00017046823631972075,0,0
1000,0,2,road_3_0_1_0,0.0,0,0
1000,0,2,road_3_0_1_1,-0.0003232969029340893,0,0
1000,0,2,road_3_0_1_2,-0.00032329693203791976,0,0
1000,0,2,road_2_1_0_0,0.0,0,0
1000,0,2,road_2_1_0_1,-0.006982168182730675,3,0
1000,0,2,road_2_1_0_2,-0.00017046817811205983,0,0
1000,0,2,road_3_3_3_0,0.0,0,0
1000,0,2,road_3_3_3_1,0.002762890886515379,3,0
1000,0,2,road_3_3_3_2,0.003359223250299692,3,0
1000,0,2,road_4_2_2_0,0.0,0,0
1000,0,2,road_4_2_2_1,-0.0023000244982540607,3,0
1000,0,2,road_4_2_2_2,-0.00291992025449872,3,0
1000,0,2,road_3_1_1_0,0.0,0,0
1000,0,2,road_3_1_1_1,0.0027628904208540916,3,0
1000,0,2,road_3_1_1_2,0.003359223250299692,3,0
1000,0,2,road_2_2_0_0,0.0,0,0
1000,0,2,road_2_2_0_1,-0.0014501218684017658,3,0
1000,0,2,road_2_2_0_2,-0.0030116133857518435,3,0
1000,0,2,road_3_4_3_0,0.0,0,0
1000,0,2,road_3_4_3_1,-0.00032944517442956567,3,0
1000,0,2,road_3_4_3_2,0.0009594726143404841,0,3
1000,0,2,road_4_3_2_0,0.0,0,0
1000,0,2,road_4_3_2_1,-0.00578989926725626,3,0
1000,0,2,road_4_3_2_2,-0.0012016906403005123,0,0
1000,0,2,road_3_2_1_0,0.0,0,0
1000,0,2,road_3_2_1_1,-0.001565584447234869,3,0
1000,0,2,road_3_2_1_2,-0.0003294452908448875,3,0
1000,0,2,road_2_3_0_0,0.0,0,0
1000,0,2,road_2_3_0_1,-0.005789899732917547,3,0
1000,0,2,road_2_3_0_2,-0.0012016907567158341,0,0
1000,0,2,road_3_5_3_0,0.0,0,0
1000,0,2,road_3_5_3_1,-0.00032944517442956567,3,0
1000,0,2,road_3_5_3_2,0.0009594726143404841,0,3
1000,0,2,road_4_4_2_0,0.0,0,0
1000,0,2,road_4_4_2_1,-0.00578989926725626,3,0
1000,0,2,road_4_4_2_2,-0.0012016906403005123,0,0
1000,0,2,road_3_3_1_0,0.0,0,0
1000,0,2,road_3_3_1_1,-0.001565584447234869,3,0
1000,0,2,road_3_3_1_2,-0.0003294452908448875,3,0
1000,0,2,road_2_4_0_0,0.0,0,0
1000,0,2,road_2_4_0_1,-0.005789899732917547,3,0
1000,0,2,road_2_4_0_2,-0.0012016907567158341,0,0
1000,0,2,road_4_2_3_0,0.0,0,0
1000,0,2,road_4_2_3_1,-0.0013762119924649596,3,0
1000,0,2,road_4_2_3_2,-0.0020322389900684357,3,0
1000,0,2,road_5_1_2_0,0.0,0,0
1000,0,2,road_5_1_2_1,0.002272706013172865,3,0
1000,0,2,road_5_1_2_2,0.0020830570720136166,3,0
1000,0,2,road_4_0_1_0,0.0,0,0
1000,0,2,road_4_0_1_1,-1.5594401702401228e-05,0,0
1000,0,2,road_4_0_1_2,-0.0007501278887502849,3,0
1000,0,2,road_3_1_0_0,0.0,0,0
1000,0,2,road_3_1_0_1,0.0022727055475115776,3,0
1000,0,2,road_3_1_0_2,0.0020830563735216856,3,0
1000,0,2,road_4_3_3_0,0.0,0,0
1000,0,2,road_4_3_3_1,0.005509053356945515,0,3
1000,0,2,road_4_3_3_2,0.003941349685192108,0,3
1000,0,2,road_5_2_2_0,0.0,0,0
1000,0,2,road_5_2_2_1,-1.9792807506746612e-05,0,0
1000,0,2,road_5_2_2_2,0.0005499179824255407,0,3
1000,0,2,road_4_1_1_0,0.0,0,0
1000,0,2,road_4_1_1_1,0.0010166174033656716,3,0
1000,0,2,road_4_1_1_2,0.002917893696576357,3,0
1000,0,2,road_3_2_0_0,0.0,0,0
1000,0,2,road_3_2_0_1,0.0005499176913872361,0,3
1000,0,2,road_3_2_0_2,0.0031435987912118435,3,0
1000,0,2,road_4_4_3_0,0.0,0,0
1000,0,2,road_4_4_3_1,-0.0016538235358893871,3,0
1000,0,2,road_4_4_3_2,-0.0006240318762138486,0,0
1000,0,2,road_5_3_2_0,0.0,0,0
1000,0,2,road_5_3_2_1,1.9164861441822723e-05,0,3
1000,0,2,road_5_3_2_2,0.0007684839656576514,0,3
1000,0,2,road_4_2_1_0,0.0,0,0
1000,0,2,road_4_2_1_1,-0.0005371762672439218,3,0
1000,0,2,road_4_2_1_2,-0.002929522655904293,3,0
1000,0,2,road_3_3_0_0,0.0,0,0
1000,0,2,road_3_3_0_1,0.0033101250883191824,0,3
1000,0,2,road_3_3_0_2,0.003155243583023548,0,3
1000,0,2,road_4_5_3_0,0.0,0,0
1000,0,2,road_4_5_3_1,-0.004448619671165943,3,0
1000,0,2,road_4_5_3_2,-0.001962912268936634,0,0
1000,0,2,road_5_4_2_0,0.0,0,0
1000,0,2,road_5_4_2_1,-9.312962902185973e-06,3,0
1000,0,2,road_5_4_2_2,-0.0009225363610312343,0,0
1000,0,2,road_4_3_1_0,0.0,0,0
1000,0,2,road_4_3_1_1,0.0002595671103335917,3,0
1000,0,2,road_4_3_1_2,0.0017641056329011917,0,3
1000,0,2,road_3_4_0_0,0.0,0,0
1000,0,2,road_3_4_0_1,-0.002918910002335906,3,0
1000,0,2,road_3_4_0_2,-0.002759759547188878,3,0
1000,0,3,road_1_2_3_0,0.0,0,0
1000,0,3,road_1_2_3_1,-0.00036856235237792134,3,0
1000,0,3,road_1_2_3_2,-0.0020515406504273415,3,0
1000,0,3,road_2_1_2_0,0.0,0,0
1000,0,3,road_2_1_2_1,0.004096729680895805,3,0
1000,0,3,road_2_1_2_2,0.00364755280315876,3,0
1000,0,3,road_1_0_1_0,0.0,0,0
1000,0,3,road_1_0_1_1,-9.00732175068697e-06,3,0
1000,0,3,road_1_0_1_2,-0.0018359615933150053,3,0
1000,0,3,road_0_1_0_0,0.0,0,0
1000,0,3,road_0_1_0_1,1.3580162885773461e-05,3,0
1000,0,3,road_0_1_0_2,0.00048227113438770175,3,0
1000,0,3,road_1_3_3_0,0.0,0,0
1000,0,3,road_1_3_3_1,0.0030075940303504467,3,0
1000,0,3,road_1_3_3_2,0.002448558807373047,3,0
1000,0,3,road_2_2_2_0,0.0,0,0
1000,0,3,road_2_2_2_1,-0.002637256868183613,3,0
1000,0,3,road_2_2_2_2,-0.002526520984247327,3,0
1000,0,3,road_1_1_1_0,0.0,0,0
1000,0,3,road_1_1_1_1,0.0030075940303504467,3,0
1000,0,3,road_1_1_1_2,0.002448559273034334,3,0
1000,0,3,road_0_2_0_0,0.0,0,0
1000,0,3,road_0_2_0_1,-2.21613281610189e-05,3,0
1000,0,3,road_0_2_0_2,-0.0018599358154460788,3,0
1000,0,3,road_1_4_3_0,0.0,0,0
1000,0,3,road_1_4_3_1,-1.3310726899362635e-05,0,0
1000,0,3,road_1_4_3_2,-0.0003071097598876804,0,0
1000,0,3,road_2_3_2_0,0.0,0,0
1000,0,3,road_2_3_2_1,-0.005043154116719961,3,0
1000,0,3,road_2_3_2_2,-0.0010450431145727634,0,0
1000,0,3,road_1_2_1_0,0.0,0,0
1000,0,3,road_1_2_1_1,-0.0006197011680342257,3,0
1000,0,3,road_1_2_1_2,-0.0007918684277683496,0,0
1000,0,3,road_0_3_0_0,0.0,0,0
1000,0,3,road_0_3_0_1,-0.0032602204009890556,0,0
1000,0,3,road_0_3_0_2,-0.0008258328307420015,0,0
1000,0,3,road_1_5_3_0,0.0,0,0
1000,0,3,road_1_5_3_1,0.0006539849564433098,3,0
1000,0,3,road_1_5_3_2,-0.002361567225307226,3,0
1000,0,3,road_2_4_2_0,0.0,0,0
1000,0,3,road_2_4_2_1,-0.002221284434199333,3,0
1000,0,3,road_2_4_2_2,-0.0022104992531239986,3,0
1000,0,3,road_1_3_1_0,0.0,0,0
1000,0,3,road_1_3_1_1,0.002191188745200634,3,0
1000,0,3,road_1_3_1_2,-0.002429873449727893,0,0
1000,0,3,road_0_4_0_0,0.0,0,0
1000,0,3,road_0_4_0_1,-7.6209371400182135e-06,3,0
1000,0,3,road_0_4_0_2,-6.724573177052662e-05,3,0
1000,0,3,road_2_2_3_0,0.0,0,0
1000,0,3,road_2_2_3_1,0.004330074414610863,3,0
1000,0,3,road_2_2_3_2,0.0023344838991761208,3,0
1000,0,3,road_3_1_2_0,0.0,0,0
1000,0,3,road_3_1_2_1,-0.002257893793284893,3,0
1000,0,3,road_3_1_2_2,-0.0030744443647563457,3,0
1000,0,3,road_2_0_1_0,0.0,0,0
1000,0,3,road_2_0_1_1,-0.00012615052401088178,0,0
1000,0,3,road_2_0_1_2,-0.0037021790631115437,3,0
1000,0,3,road_1_1_0_0,0.0,0,0
1000,0,3,road_1_1_0_1,-0.003074443433433771,3,0
1000,0,3,road_1_1_0_2,-0.0019592633470892906,3,0
1000,0,3,road_2_3_3_0,0.0,0,0
1000,0,3,road_2_3_3_1,-0.0005890749162063003,0,0
1000,0,3,road_2_3_3_2,-0.0005890749162063003,0,0
1000,0,3,road_3_2_2_0,0.0,0,0
1000,0,3,road_3_2_2_1,0.00045745744137093425,3,0
1000,0,3,road_3_2_2_2,0.0038131738547235727,3,0
1000,0,3,road_2_1_1_0,0.0,0,0
1000,0,3,road_2_1_1_1,-0.0005890751490369439,0,0
1000,0,3,road_2_1_1_2,-0.0005890752072446048,0,0
1000,0,3,road_1_2_0_0,0.0,0,0
1000,0,3,road_1_2_0_1,0.0004888662369921803,3,0
1000,0,3,road_1_2_0_2,0.0030021988786756992,3,0
1000,0,3,road_2_4_3_0,0.0,0,0
1000,0,3,road_2_4_3_1,-0.0024520158767700195,3,0
1000,0,3,road_2_4_3_2,-0.0030201806221157312,3,0
1000,0,3,road_3_3_2_0,0.0,0,0
1000,0,3,road_3_3_2_1,-0.003636044915765524,3,0
1000,0,3,road_3_3_2_2,-1.9153812900185585e-05,0,0
1000,0,3,road_2_2_1_0,0.0,0,0
1000,0,3,road_2_2_1_1,-0.002452015643939376,3,0
1000,0,3,road_2_2_1_2,-0.0030201799236238003,3,0
1000,0,3,road_1_3_0_0,0.0,0,0
1000,0,3,road_1_3_0_1,0.002452635206282139,3,0
1000,0,3,road_1_3_0_2,0.004491970408707857,3,0
1000,0,3,road_2_5_3_0,0.0,0,0
1000,0,3,road_2_5_3_1,-0.0003232968447264284,0,0
1000,0,3,road_2_5_3_2,-0.0003232967865187675,0,0
1000,0,3,road_3_4_2_0,0.0,0,0
1000,0,3,road_3_4_2_1,-0.006982168648391962,3,0
1000,0,3,road_3_4_2_2,-0.00017046823631972075,0,0
1000,0,3,road_2_3_1_0,0.0,0,0
1000,0,3,road_2_3_1_1,-0.0003232969029340893,0,0
1000,0,3,road_2_3_1_2,-0.00032329693203791976,0,0
1000,0,3,road_1_4_0_0,0.0,0,0
1000,0,3,road_1_4_0_1,-0.006982168182730675,3,0
1000,0,3,road_1_4_0_2,-0.00017046817811205983,0,0
1000,0,3,road_3_2_3_0,0.0,0,0
1000,0,3,road_3_2_3_1,-0.0003232968447264284,0,0
1000,0,3,road_3_2_3_2,-0.0003232967865187675,0,0
1000,0,3,road_4_1_2_0,0.0,0,0
1000,0,3,road_4_1_2_1,-0.006982168648391962,3,0
1000,0,3,road_4_1_2_2,-0.00017046823631972075,0,0
1000,0,3,road_3_0_1_0,0.0,0,0
1000,0,3,road_3_0_1_1,-0.0003232969029340893,0,0
1000,0,3,road_3_0_1_2,-0.00032329693203791976,0,0
1000,0,3,road_2_1_0_0,0.0,0,0
1000,0,3,road_2_1_0_1,-0.006982168182730675,3,0
1000,0,3,road_2_1_0_2,-0.00017046817811205983,0,0
1000,0,3,road_3_3_3_0,0.0,0,0
1000,0,3,road_3_3_3_1,0.002762890886515379,3,0
1000,0,3,road_3_3_3_2,0.003359223250299692,3,0
1000,0,3,road_4_2_2_0,0.0,0,0
1000,0,3,road_4_2_2_1,-0.0023000244982540607,3,0
1000,0,3,road_4_2_2_2,-0.00291992025449872,3,0
1000,0,3,road_3_1_1_0,0.0,0,0
1000,0,3,road_3_1_1_1,0.0027628904208540916,3,0
1000,0,3,road_3_1_1_2,0.003359223250299692,3,0
1000,0,3,road_2_2_0_0,0.0,0,0
1000,0,3,road_2_2_0_1,-0.0014501218684017658,3,0
1000,0,3,road_2_2_0_2,-0.0030116133857518435,3,0
1000,0,3,road_3_4_3_0,0.0,0,0
1000,0,3,road_3_4_3_1,-0.002651006681844592,3,0
1000,0,3,road_3_4_3_2,-0.0024982052855193615,3,0
1000,0,3,road_4_3_2_0,0.0,0,0
1000,0,3,road_4_3_2_1,-0.005086176097393036,3,0
1000,0,3,road_4_3_2_2,-0.0013789285439997911,0,0
1000,0,3,road_3_2_1_0,0.0,0,0
1000,0,3,road_3_2_1_1,-0.002177528105676174,3,0
1000,0,3,road_3_2_1_2,-0.002651007380336523,3,0
1000,0,3,road_2_3_0_0,0.0,0,0
1000,0,3,road_2_3_0_1,-0.005086176097393036,3,0
1000,0,3,road_2_3_0_2,-0.0013789285439997911,0,0
1000,0,3,road_3_5_3_0,0.0,0,0
1000,0,3,road_3_5_3_1,-0.002651006681844592,3,0
1000,0,3,road_3_5_3_2,-0.0024982052855193615,3,0
1000,0,3,road_4_4_2_0,0.0,0,0
1000,0,3,road_4_4_2_1,-0.005086176097393036,3,0
1000,0,3,road_4_4_2_2,-0.0013789285439997911,0,0
1000,0,3,road_3_3_1_0,0.0,0,0
1000,0,3,road_3_3_1_1,-0.002177528105676174,3,0
1000,0,3,road_3_3_1_2,-0.002651007380336523,3,0
1000,0,3,road_2_4_0_0,0.0,0,0
1000,0,3,road_2_4_0_1,-0.005086176097393036,3,0
1000,0,3,road_2_4_0_2,-0.0013789285439997911,0,0
1000,0,3,road_4_2_3_0,0.0,0,0
1000,0,3,road_4_2_3_1,-0.0013762119924649596,3,0
1000,0,3,road_4_2_3_2,-0.0020322389900684357,3,0
1000,0,3,road_5_1_2_0,0.0,0,0
1000,0,3,road_5_1_2_1,0.002272706013172865,3,0
1000,0,3,road_5_1_2_2,0.0020830570720136166,3,0
1000,0,3,road_4_0_1_0,0.0,0,0
1000,0,3,road_4_0_1_1,-1.5594401702401228e-05,0,0
1000,0,3,road_4_0_1_2,-0.0007501278887502849,3,0
1000,0,3,road_3_1_0_0,0.0,0,0
1000,0,3,road_3_1_0_1,0.0022727055475115776,3,0
1000,0,3,road_3_1_0_2,0.0020830563735216856,3,0
1000,0,3,road_4_3_3_0,0.0,0,0
1000,0,3,road_4_3_3_1,0.00143935636151582,3,0
1000,0,3,road_4_3_3_2,0.0032337429001927376,3,0
1000,0,3,road_5_2_2_0,0.0,0,0
1000,0,3,road_5_2_2_1,-1.8192895367974415e-05,0,0
1000,0,3,road_5_2_2_2,-0.0020593469962477684,3,0
1000,0,3,road_4_1_1_0,0.0,0,0
1000,0,3,road_4_1_1_1,0.0018081020098179579,3,0
1000,0,3,road_4_1_1_2,0.003198600374162197,3,0
1000,0,3,road_3_2_0_0,0.0,0,0
1000,0,3,road_3_2_0_1,-0.0020593469962477684,3,0
1000,0,3,road_3_2_0_2,-0.002762419171631336,3,0
1000,0,3,road_4_4_3_0,0.0,0,0
1000,0,3,road_4_4_3_1,-0.0024096444249153137,3,0
1000,0,3,road_4_4_3_2,-0.002423057798296213,0,0
1000,0,3,road_5_3_2_0,0.0,0,0
1000,0,3,road_5_3_2_1,-5.818310910399305e-06,3,0
1000,0,3,road_5_3_2_2,-0.00036443883436731994,3,0
1000,0,3,road_4_2_1_0,0.0,0,0
1000,0,3,road_4_2_1_1,0.0003811560454778373,3,0
1000,0,3,road_4_2_1_2,0.0025023999623954296,3,0
1000,0,3,road_3_3_0_0,0.0,0,0
1000,0,3,road_3_3_0_1,-0.0015817750245332718,3,0
1000,0,3,road_3_3_0_2,-0.0022592656314373016,3,0
1000,0,3,road_4_5_3_0,0.0,0,0
1000,0,3,road_4_5_3_1,0.00669479463249445,3,0
1000,0,3,road_4_5_3_2,0.0011805155081674457,0,3
1000,0,3,road_5_4_2_0,0.0,0,0
1000,0,3,road_5_4_2_1,-9.69919710769318e-06,3,0
1000,0,3,road_5_4_2_2,-0.0009607354877516627,0,0
1000,0,3,road_4_3_1_0,0.0,0,0
1000,0,3,road_4_3_1_1,0.000239309694734402,3,0
1000,0,3,road_4_3_1_2,0.0013197528896853328,3,0
1000,0,3,road_3_4_0_0,0.0,0,0
1000,0,3,road_3_4_0_1,-0.0025876557920128107,3,0
1000,0,3,road_3_4_0_2,-0.0023984124418348074,3,0
1200,0,0,road_1_2_3_0,0.0,0,0
1200,0,0,road_1_2_3_1,0.00039633974665775895,0,3
1200,0,0,road_1_2_3_2,0.003378866706043482,0,3
1200,0,0,road_2_1_2_0,0.0,0,0
1200,0,0,road_2_1_2_1,-0.0007704606978222728,0,0
1200,0,0,road_2_1_2_2,-0.0007740906439721584,0,0
1200,0,0,road_1_0_1_0,0.0,0,0
1200,0,0,road_1_0_1_1,1.7473272237111814e-05,0,3
1200,0,0,road_1_0_1_2,0.01071715448051691,0,3
1200,0,0,road_0_1_0_0,0.0,0,0
1200,0,0,road_0_1_0_1,-1.663746115809772e-05,0,0
1200,0,0,road_0_1_0_2,-0.00016891404811758548,0,0
1200,0,0,road_1_3_3_0,0.0,0,0
1200,0,0,road_1_3_3_1,0.001267602201551199,0,3
1200,0,0,road_1_3_3_2,4.468848055694252e-05,0,3
1200,0,0,road_2_2_2_0,0.0,0,0
1200,0,0,road_2_2_2_1,0.0031172866001725197,0,3
1200,0,0,road_2_2_2_2,-0.00049592275172472,0,0
1200,0,0,road_1_1_1_0,0.0,0,0
1200,0,0,road_1_1_1_1,0.0015446412144228816,0,3
1200,0,0,road_1_1_1_2,0.0004790234088432044,0,3
1200,0,0,road_0_2_0_0,0.0,0,0
1200,0,0,road_0_2_0_1,4.700904355559032e-06,0,3
1200,0,0,road_0_2_0_2,-0.0067848386242985725,0,0
1200,0,0,road_1_4_3_0,0.0,0,0
1200,0,0,road_1_4_3_1,-1.6820897144498304e-05,0,0
1200,0,0,road_1_4_3_2,-0.0002935208613052964,0,0
1200,0,0,road_2_3_2_0,0.0,0,0
1200,0,0,road_2_3_2_1,-0.001253318740054965,0,0
1200,0,0,road_2_3_2_2,-0.0008920783293433487,0,0
1200,0,0,road_1_2_1_0,0.0,0,0
1200,0,0,road_1_2_1_1,-0.001319196424447,0,3
1200,0,0,road_1_2_1_2,-0.001077556051313877,0,0
1200,0,0,road_0_3_0_0,0.0,0,0
1200,0,0,road_0_3_0_1,-0.0012533192057162523,0,0
1200,0,0,road_0_3_0_2,-0.0008920784457586706,0,0
1200,0,0,road_1_5_3_0,0.0,0,0
1200,0,0,road_1_5_3_1,0.00014796557661611587,0,3
1200,0,0,road_1_5_3_2,-0.002722459379583597,0,0
1200,0,0,road_2_4_2_0,0.0,0,0
1200,0,0,road_2_4_2_1,-0.0014613806270062923,0,0
1200,0,0,road_2_4_2_2,-0.0014616424450650811,0,0
1200,0,0,road_1_3_1_0,0.0,0,0
1200,0,0,road_1_3_1_1,0.0020365077070891857,0,3
1200,0,0,road_1_3_1_2,-0.001428500167094171,0,0
1200,0,0,road_0_4_0_0,0.0,0,0
1200,0,0,road_0_4_0_1,-1.6428004528279416e-05,0,0
1200,0,0,road_0_4_0_2,-7.253662624862045e-05,0,0
1200,0,0,road_2_2_3_0,0.0,0,0
1200,0,0,road_2_2_3_1,9.628632687963545e-05,0,3
1200,0,0,road_2_2_3_2,0.0018493483075872064,0,3
1200,0,0,road_3_1_2_0,0.0,0,0
1200,0,0,road_3_1_2_1,-0.00038079958176240325,0,0
1200,0,0,road_3_1_2_2,0.0001819749450078234,0,3
1200,0,0,road_2_0_1_0,0.0,0,0
1200,0,0,road_2_0_1_1,9.62865015026182e-05,0,3
1200,0,0,road_2_0_1_2,0.0018493484240025282,0,3
1200,0,0,road_1_1_0_0,0.0,0,0
1200,0,0,road_1_1_0_1,-0.0013483160873875022,0,0
1200,0,0,road_1_1_0_2,-0.00042020430555567145,0,0
1200,0,0,road_2_3_3_0,0.0,0,0
1200,0,0,road_2_3_3_1,0.0010714661329984665,0,3
1200,0,0,road_2_3_3_2,0.00011744839139282703,0,3
1200,0,0,road_3_2_2_0,0.0,0,0
1200,0,0,road_3_2_2_1,-0.00026905705453827977,0,0
1200,0,0,road_3_2_2_2,0.0002028487215284258,0,3
1200,0,0,road_2_1_1_0,0.0,0,0
1200,0,0,road_2_1_1_1,0.0010714665986597538,0,3
1200,0,0,road_2_1_1_2,0.00011744872608687729,0,3
1200,0,0,road_1_2_0_0,0.0,0,0
1200,0,0,road_1_2_0_1,-0.0019806998316198587,0,0
1200,0,0,road_1_2_0_2,-0.00048413252807222307,0,0
1200,0,0,road_2_4_3_0,0.0,0,0
1200,0,0,road_2_4_3_1,9.527189831715077e-05,0,3
1200,0,0,road_2_4_3_2,-0.00021387598826549947,0,0
1200,0,0,road_3_3_2_0,0.0,0,0
1200,0,0,road_3_3_2_1,-0.0016209478490054607,0,0
1200,0,0,road_3_3_2_2,-0.0005945676239207387,0,0
1200,0,0,road_2_2_1_0,0.0,0,0
1200,0,0,road_2_2_1_1,0.0007546808337792754,0,3
1200,0,0,road_2_2_1_2,9.527208749204874e-05,0,3
1200,0,0,road_1_3_0_0,0.0,0,0
1200,0,0,road_1_3_0_1,6.261150701902807e-06,0,3
1200,0,0,road_1_3_0_2,0.0005491999909281731,0,3
1200,0,0,road_2_5_3_0,0.0,0,0
1200,0,0,road_2_5_3_1,8.613249519839883e-05,0,3
1200,0,0,road_2_5_3_2,-0.0002773112792056054,0,0
1200,0,0,road_3_4_2_0,0.0,0,0
1200,0,0,road_3_4_2_1,0.0006717605283483863,0,3
1200,0,0,road_3_4_2_2,0.0006912621902301908,0,3
1200,0,0,road_2_3_1_0,0.0,0,0
1200,0,0,road_2_3_1_1,0.0008073634817264974,0,3
1200,0,0,road_2_3_1_2,8.613266982138157e-05,0,3
1200,0,0,road_1_4_0_0,0.0,0,0
1200,0,0,road_1_4_0_1,-0.001989543903619051,0,0
1200,0,0,road_1_4_0_2,-0.0009677141206339002,0,0
1200,0,0,road_3_2_3_0,0.0,0,0
1200,0,0,road_3_2_3_1,-0.00015363986312877387,0,0
1200,0,0,road_3_2_3_2,-0.00015363996499218047,0,0
1200,0,0,road_4_1_2_0,0.0,0,0
1200,0,0,road_4_1_2_1,0.0003065997443627566,0,3
1200,0,0,road_4_1_2_2,-0.0005318556213751435,0,0
1200,0,0,road_3_0_1_0,0.0,0,0
1200,0,0,road_3_0_1_1,-0.00015363974671345204,0,0
1200,0,0,road_3_0_1_2,-0.00015363995044026524,0,0
1200,0,0,road_2_1_0_0,0.0,0,0
1200,0,0,road_2_1_0_1,0.00031936721643432975,0,3
1200,0,0,road_2_1_0_2,-0.0005484996945597231,0,0
1200,0,0,road_3_3_3_0,0.0,0,0
1200,0,0,road_3_3_3_1,0.00011594071111176163,0,3
1200,0,0,road_3_3_3_2,0.0014089075848460197,0,3
1200,0,0,road_4_2_2_0,0.0,0,0
1200,0,0,road_4_2_2_1,-0.00034873938420787454,0,0
1200,0,0,road_4_2_2_2,0.00020091657643206418,0,3
1200,0,0,road_3_1_1_0,0.0,0,0
1200,0,0,road_3_1_1_1,0.00011594074021559209,0,3
1200,0,0,road_3_1_1_2,0.0014089075848460197,0,3
1200,0,0,road_2_2_0_0,0.0,0,0
1200,0,0,road_2_2_0_1,-0.0013711190549656749,0,0
1200,0,0,road_2_2_0_2,-0.00028746764292009175,0,0
1200,0,0,road_3_4_3_0,0.0,0,0
1200,0,0,road_3_4_3_1,-0.00015364031423814595,0,0
1200,0,0,road_3_4_3_2,-0.00015364045975729823,0,0
1200,0,0,road_4_3_2_0,0.0,0,0
1200,0,0,road_4_3_2_1,0.0003193664597347379,0,3
1200,0,0,road_4_3_2_2,-0.0005485005094669759,0,0
1200,0,0,road_3_2_1_0,0.0,0,0
1200,0,0,road_3_2_1_1,-0.0001536404888611287,0,0
1200,0,0,road_3_2_1_2,-0.0001536404888611287,0,0
1200,0,0,road_2_3_0_0,0.0,0,0
1200,0,0,road_2_3_0_1,0.0003065990167669952,0,3
1200,0,0,road_2_3_0_2,-0.0005318562616594136,0,0
1200,0,0,road_3_5_3_0,0.0,0,0
1200,0,0,road_3_5_3_1,-0.00016070512356236577,0,0
1200,0,0,road_3_5_3_2,-0.00016070531273726374,0,0
1200,0,0,road_4_4_2_0,0.0,0,0
1200,0,0,road_4_4_2_1,0.0003069000376854092,0,3
1200,0,0,road_4_4_2_2,-0.0002681637997739017,0,0
1200,0,0,road_3_3_1_0,0.0,0,0
1200,0,0,road_3_3_1_1,-0.0001607051963219419,0,0
1200,0,0,road_3_3_1_2,-0.00016070541460067034,0,0
1200,0,0,road_2_4_0_0,0.0,0,0
1200,0,0,road_2_4_0_1,0.00030690000858157873,0,3
1200,0,0,road_2_4_0_2,-0.00026816397439688444,0,0
1200,0,0,road_4_2_3_0,0.0,0,0
1200,0,0,road_4_2_3_1,0.003638016525655985,0,3
1200,0,0,road_4_2_3_2,0.0051415832713246346,0,3
1200,0,0,road_5_1_2_0,0.0,0,0
1200,0,0,road_5_1_2_1,0.001970582641661167,0,3
1200,0,0,road_5_1_2_2,0.0012869657948613167,0,3
1200,0,0,road_4_0_1_0,0.0,0,0
1200,0,0,road_4_0_1_1,2.046742883976549e-05,0,0
1200,0,0,road_4_0_1_2,0.0028119883500039577,0,3
1200,0,0,road_3_1_0_0,0.0,0,0
1200,0,0,road_3_1_0_1,0.001970582641661167,0,3
1200,0,0,road_3_1_0_2,0.001286965562030673,0,2
1200,0,0,road_4_3_3_0,0.0,0,0
1200,0,0,road_4_3_3_1,0.0036533158272504807,0,3
1200,0,0,road_4_3_3_2,0.0019902242347598076,0,3
1200,0,0,road_5_2_2_0,0.0,0,0
1200,0,0,road_5_2_2_1,1.4474941963271704e-05,0,2
1200,0,0,road_5_2_2_2,-0.003982548601925373,0,0
1200,0,0,road_4_1_1_0,0.0,0,0
1200,0,0,road_4_1_1_1,0.002410593442618847,0,3
1200,0,0,road_4_1_1_2,0.0019073907751590014,0,3
1200,0,0,road_3_2_0_0,0.0,0,0
1200,0,0,road_3_2_0_1,0.003616904839873314,0,3
1200,0,0,road_3_2_0_2,0.00019768571655731648,0,3
1200,0,0,road_4_4_3_0,0.0,0,0
1200,0,0,road_4_4_3_1,0.0028729881159961224,0,3
1200,0,0,road_4_4_3_2,-0.0006441219011321664,0,0
1200,0,0,road_5_3_2_0,0.0,0,0
1200,0,0,road_5_3_2_1,-1.871082713478245e-05,0,0
1200,0,0,road_5_3_2_2,-0.0008546288590878248,0,0
1200,0,0,road_4_2_1_0,0.0,0,0
1200,0,0,road_4_2_1_1,0.00017185948672704399,0,3
1200,0,0,road_4_2_1_2,-0.0041457293555140495,0,0
1200,0,0,road_3_3_0_0,0.0,0,0
1200,0,0,road_3_3_0_1,-0.0008030044846236706,0,0
1200,0,0,road_3_3_0_2,-0.0003177920007146895,0,0
1200,0,0,road_4_5_3_0,0.0,0,0
1200,0,0,road_4_5_3_1,0.0031555667519569397,0,3
1200,0,0,road_4_5_3_2,-0.00043639729847200215,0,0
1200,0,0,road_5_4_2_0,0.0,0,0
1200,0,0,road_5_4_2_1,-1.559351949254051e-05,0,0
1200,0,0,road_5_4_2_2,-0.00041115321801044047,0,0
1200,0,0,road_4_3_1_0,0.0,0,0
1200,0,0,road_4_3_1_1,0.00012064925977028906,0,3
1200,0,0,road_4_3_1_2,-0.003958995454013348,0,0
1200,0,0,road_3_4_0_0,0.0,0,0
1200,0,0,road_3_4_0_1,-0.001307522295974195,0,0
1200,0,0,road_3_4_0_2,-0.0012326077558100224,0,0
1200,0,1,road_1_2_3_0,0.0,0,0
1200,0,1,road_1_2_3_1,-0.00017656965064816177,3,0
1200,0,1,road_1_2_3_2,-0.0022768464405089617,3,0
1200,0,1,road_2_1_2_0,0.0,0,0
1200,0,1,road_2_1_2_1,0.002112730871886015,0,3
1200,0,1,road_2_1_2_2,0.002109694294631481,0,3
1200,0,1,road_1_0_1_0,0.0,0,0
1200,0,1,road_1_0_1_1,-6.220809154910967e-06,3,0
1200,0,1,road_1_0_1_2,-0.001183229498565197,3,0
1200,0,1,road_0_1_0_0,0.0,0,0
1200,0,1,road_0_1_0_1,1.4240553355193697e-05,0,3
1200,0,1,road_0_1_0_2,0.00014583385200239718,0,3
1200,0,1,road_1_3_3_0,0.0,0,0
1200,0,1,road_1_3_3_1,0.002282696543261409,3,0
1200,0,1,road_1_3_3_2,0.0030638021416962147,3,0
1200,0,1,road_2_2_2_0,0.0,0,0
1200,0,1,road_2_2_2_1,-0.0011894801864400506,3,0
1200,0,1,road_2_2_2_2,7.111739250831306e-05,0,3
1200,0,1,road_1_1_1_0,0.0,0,0
1200,0,1,road_1_1_1_1,0.0020020687952637672,3,0
1200,0,1,road_1_1_1_2,0.003052924992516637,3,0
1200,0,1,road_0_2_0_0,0.0,0,0
1200,0,1,road_0_2_0_1,-7.772281605866738e-06,3,0
1200,0,1,road_0_2_0_2,-0.0027184798382222652,0,0
1200,0,1,road_1_4_3_0,0.0,0,0
1200,0,1,road_1_4_3_1,-1.4191037735145073e-05,0,0
1200,0,1,road_1_4_3_2,-0.00028036482399329543,0,0
1200,0,1,road_2_3_2_0,0.0,0,0
1200,0,1,road_2_3_2_1,-0.0010646613081917167,0,3
1200,0,1,road_2_3_2_2,-0.0008239856106229126,0,0
1200,0,1,road_1_2_1_0,0.0,0,0
1200,0,1,road_1_2_1_1,-0.0004909455892629921,3,0
1200,0,1,road_1_2_1_2,-0.0008187806815840304,0,0
1200,0,1,road_0_3_0_0,0.0,0,0
1200,0,1,road_0_3_0_1,-0.0010646611917763948,0,0
1200,0,1,road_0_3_0_2,-0.0008239854942075908,0,0
1200,0,1,road_1_5_3_0,0.0,0,0
1200,0,1,road_1_5_3_1,-9.145870717475191e-05,3,0
1200,0,1,road_1_5_3_2,-0.0019275888334959745,0,0
1200,0,1,road_2_4_2_0,0.0,0,0
1200,0,1,road_2_4_2_1,0.004383795894682407,0,3
1200,0,1,road_2_4_2_2,0.004383507650345564,0,3
1200,0,1,road_1_3_1_0,0.0,0,0
1200,0,1,road_1_3_1_1,-0.0028598124627023935,3,0
1200,0,1,road_1_3_1_2,-0.0006392346112988889,0,0
1200,0,1,road_0_4_0_0,0.0,0,0
1200,0,1,road_0_4_0_1,1.820898432924878e-05,0,3
1200,0,1,road_0_4_0_2,8.065236761467531e-05,0,3
1200,0,1,road_2_2_3_0,0.0,0,0
1200,0,1,road_2_2_3_1,0.003471062984317541,3,0
1200,0,1,road_2_2_3_2,0.002933770650997758,3,0
1200,0,1,road_3_1_2_0,0.0,0,0
1200,0,1,road_3_1_2_1,0.0014271303080022335,0,3
1200,0,1,road_3_1_2_2,0.0017626391490921378,3,0
1200,0,1,road_2_0_1_0,0.0,0,0
1200,0,1,road_2_0_1_1,0.003471062984317541,3,0
1200,0,1,road_2_0_1_2,0.0029337708838284016,3,0
1200,0,1,road_1_1_0_0,0.0,0,0
1200,0,1,road_1_1_0_1,0.0017368125263601542,0,3
1200,0,1,road_1_1_0_2,0.0017981801647692919,0,3
1200,0,1,road_2_3_3_0,0.0,0,0
1200,0,1,road_2_3_3_1,0.0015862801810726523,3,0
1200,0,1,road_2_3_3_2,0.003659895621240139,3,0
1200,0,1,road_3_2_2_0,0.0,0,0
1200,0,1,road_3_2_2_1,0.000464720738818869,0,3
1200,0,1,road_3_2_2_2,0.0019916961900889874,3,0
1200,0,1,road_2_1_1_0,0.0,0,0
1200,0,1,road_2_1_1_1,0.0015862799482420087,3,0
1200,0,1,road_2_1_1_2,0.0036598946899175644,3,0
1200,0,1,road_1_2_0_0,0.0,0,0
1200,0,1,road_1_2_0_1,-0.0005818195641040802,0,0
1200,0,1,road_1_2_0_2,0.0011657205177471042,0,3
1200,0,1,road_2_4_3_0,0.0,0,0
1200,0,1,road_2_4_3_1,-0.000440356059698388,3,0
1200,0,1,road_2_4_3_2,0.001106558134779334,0,3
1200,0,1,road_3_3_2_0,0.0,0,0
1200,0,1,road_3_3_2_1,0.0031556410249322653,0,3
1200,0,1,road_3_3_2_2,-0.00028900225879624486,0,0
1200,0,1,road_2_2_1_0,0.0,0,0
1200,0,1,road_2_2_1_1,-0.0013704780722036958,3,0
1200,0,1,road_2_2_1_2,-0.00044035579776391387,3,0
1200,0,1,road_1_3_0_0,0.0,0,0
1200,0,1,road_1_3_0_1,0.0012312482576817274,3,0
1200,0,1,road_1_3_0_2,-0.00471804104745388,3,0
1200,0,1,road_2_5_3_0,0.0,0,0
1200,0,1,road_2_5_3_1,-0.0007563667022623122,3,0
1200,0,1,road_2_5_3_2,0.0008779536583460867,0,3
1200,0,1,road_3_4_2_0,0.0,0,0
1200,0,1,road_3_4_2_1,0.00032415325404144824,3,0
1200,0,1,road_3_4_2_2,-0.005069310311228037,3,0
1200,0,1,road_2_3_1_0,0.0,0,0
1200,0,1,road_2_3_1_1,-0.001557090668939054,3,0
1200,0,1,road_2_3_1_2,-0.0007563667604699731,3,0
1200,0,1,road_1_4_0_0,0.0,0,0
1200,0,1,road_1_4_0_1,0.004949111025780439,0,3
1200,0,1,road_1_4_0_2,-0.0009083712357096374,0,0
1200,0,1,road_3_2_3_0,0.0,0,0
1200,0,1,road_3_2_3_1,-0.0004021920613013208,0,0
1200,0,1,road_3_2_3_2,-0.0004021920030936599,0,0
1200,0,1,road_4_1_2_0,0.0,0,0
1200,0,1,road_4_1_2_1,-0.005060350522398949,3,0
1200,0,1,road_4_1_2_2,0.0016792963724583387,0,3
1200,0,1,road_3_0_1_0,0.0,0,0
1200,0,1,road_3_0_1_1,-0.0004021921195089817,0,0
1200,0,1,road_3_0_1_2,-0.00040219203219749033,0,0
1200,0,1,road_2_1_0_0,0.0,0,0
1200,0,1,road_2_1_0_1,-0.0064808065071702,3,0
1200,0,1,road_2_1_0_2,0.0005351653089746833,0,3
1200,0,1,road_3_3_3_0,0.0,0,0
1200,0,1,road_3_3_3_1,0.003511164803057909,3,0
1200,0,1,road_3_3_3_2,0.002565426519140601,3,0
1200,0,1,road_4_2_2_0,0.0,0,0
1200,0,1,road_4_2_2_1,0.0022766978945583105,0,3
1200,0,1,road_4_2_2_2,0.0018488719360902905,3,0
1200,0,1,road_3_1_1_0,0.0,0,0
1200,0,1,road_3_1_1_1,0.0035111638717353344,3,0
1200,0,1,road_3_1_1_2,0.002565425354987383,3,0
1200,0,1,road_2_2_0_0,0.0,0,0
1200,0,1,road_2_2_0_1,0.001848872285336256,0,3
1200,0,1,road_2_2_0_2,0.0007382178446277976,0,3
1200,0,1,road_3_4_3_0,0.0,0,0
1200,0,1,road_3_4_3_1,-0.00040219188667833805,0,0
1200,0,1,road_3_4_3_2,-0.0004021917993668467,0,0
1200,0,1,road_4_3_2_0,0.0,0,0
1200,0,1,road_4_3_2_1,-0.006480805575847626,3,0
1200,0,1,road_4_3_2_2,0.0005351656000129879,0,3
1200,0,1,road_3_2_1_0,0.0,0,0
1200,0,1,road_3_2_1_1,-0.00040219182847067714,0,0
1200,0,1,road_3_2_1_2,-0.0004021917120553553,0,0
1200,0,1,road_2_3_0_0,0.0,0,0
1200,0,1,road_2_3_0_1,-0.005060349125415087,3,0
1200,0,1,road_2_3_0_2,0.0016792967217043042,0,3
1200,0,1,road_3_5_3_0,0.0,0,0
1200,0,1,road_3_5_3_1,-0.0003232968447264284,0,0
1200,0,1,road_3_5_3_2,-0.0003232967865187675,0,0
1200,0,1,road_4_4_2_0,0.0,0,0
1200,0,1,road_4_4_2_1,-0.006982168648391962,3,0
1200,0,1,road_4_4_2_2,-0.00017046823631972075,0,0
1200,0,1,road_3_3_1_0,0.0,0,0
1200,0,1,road_3_3_1_1,-0.0003232969029340893,0,0
1200,0,1,road_3_3_1_2,-0.00032329693203791976,0,0
1200,0,1,road_2_4_0_0,0.0,0,0
1200,0,1,road_2_4_0_1,-0.006982168182730675,3,0
1200,0,1,road_2_4_0_2,-0.00017046817811205983,0,0
1200,0,1,road_4_2_3_0,0.0,0,0
1200,0,1,road_4_2_3_1,-0.0013210589531809092,3,0
1200,0,1,road_4_2_3_2,-0.0019626538269221783,3,0
1200,0,1,road_5_1_2_0,0.0,0,0
1200,0,1,road_5_1_2_1,0.001934519736096263,3,0
1200,0,1,road_5_1_2_2,0.004172169603407383,3,0
1200,0,1,road_4_0_1_0,0.0,0,0
1200,0,1,road_4_0_1_1,-1.226693802891532e-05,0,0
1200,0,1,road_4_0_1_2,-0.0007359012961387634,3,0
1200,0,1,road_3_1_0_0,0.0,0,0
1200,0,1,road_3_1_0_1,0.0013686323072761297,3,0
1200,0,1,road_3_1_0_2,0.004475676454603672,2,1
1200,0,1,road_4_3_3_0,0.0,0,0
1200,0,1,road_4_3_3_1,0.0012686062837019563,3,0
1200,0,1,road_4_3_3_2,0.003469366580247879,3,0
1200,0,1,road_5_2_2_0,0.0,0,0
1200,0,1,road_5_2_2_1,-1.0686796485970262e-05,2,0
1200,0,1,road_5_2_2_2,-0.0031287067104130983,0,0
1200,0,1,road_4_1_1_0,0.0,0,0
1200,0,1,road_4_1_1_1,0.0020260526798665524,3,0
1200,0,1,road_4_1_1_2,0.003430220065638423,3,0
1200,0,1,road_3_2_0_0,0.0,0,0
1200,0,1,road_3_2_0_1,-0.0022590754088014364,3,0
1200,0,1,road_3_2_0_2,-0.002999815158545971,3,0
1200,0,1,road_4_4_3_0,0.0,0,0
1200,0,1,road_4_4_3_1,-0.0027256482280790806,3,0
1200,0,1,road_4_4_3_2,-0.001625996083021164,0,0
1200,0,1,road_5_3_2_0,0.0,0,0
1200,0,1,road_5_3_2_1,-1.8613736756378785e-05,0,0
1200,0,1,road_5_3_2_2,-0.0008867194992490113,0,0
1200,0,1,road_4_2_1_0,0.0,0,0
1200,0,1,road_4_2_1_1,0.0002738207986112684,3,0
1200,0,1,road_4_2_1_2,0.0018155681900680065,0,3
1200,0,1,road_3_3_0_0,0.0,0,0
1200,0,1,road_3_3_0_1,-0.0010402161860838532,0,0
1200,0,1,road_3_3_0_2,-0.0006497257272712886,0,0
1200,0,1,road_4_5_3_0,0.0,0,0
1200,0,1,road_4_5_3_1,-0.0020190784707665443,3,0
1200,0,1,road_4_5_3_2,-0.000935095944441855,0,0
1200,0,1,road_5_4_2_0,0.0,0,0
1200,0,1,road_5_4_2_1,1.8383650967734866e-05,0,3
1200,0,1,road_5_4_2_2,0.0003852100344374776,0,3
1200,0,1,road_4_3_1_0,0.0,0,0
1200,0,1,road_4_3_1_1,-0.00021005496091675013,3,0
1200,0,1,road_4_3_1_2,-0.0014914372004568577,0,0
1200,0,1,road_3_4_0_0,0.0,0,0
1200,0,1,road_3_4_0_1,0.004092452581971884,0,3
1200,0,1,road_3_4_0_2,0.0035971568431705236,0,3
1200,0,2,road_1_2_3_0,0.0,0,0
1200,0,2,road_1_2_3_1,-0.00022124276438262314,3,0
1200,0,2,road_1_2_3_2,-0.0029299971647560596,3,0
1200,0,2,road_2_1_2_0,0.0,0,0
1200,0,2,road_2_1_2_1,0.004203943535685539,3,0
1200,0,2,road_2_1_2_2,0.0042034778743982315,3,0
1200,0,2,road_1_0_1_0,0.0,0,0
1200,0,2,road_1_0_1_1,-9.712100109027233e-06,3,0
1200,0,2,road_1_0_1_2,-0.001988695003092289,3,0
1200,0,2,road_0_1_0_0,0.0,0,0
1200,0,2,road_0_1_0_1,1.137861909228377e-05,3,0
1200,0,2,road_0_1_0_2,0.00013265885354485363,3,0
1200,0,2,road_1_3_3_0,0.0,0,0
1200,0,2,road_1_3_3_1,0.003311670385301113,3,0
1200,0,2,road_1_3_3_2,0.0027654841542243958,3,0
1200,0,2,road_2_2_2_0,0.0,0,0
1200,0,2,road_2_2_2_1,-0.0026028314605355263,3,0
1200,0,2,road_2_2_2_2,-0.0009627242106944323,3,0
1200,0,2,road_1_1_1_0,0.0,0,0
1200,0,2,road_1_1_1_1,0.002909040078520775,3,0
1200,0,2,road_1_1_1_2,0.002776541281491518,3,0
1200,0,2,road_0_2_0_0,0.0,0,0
1200,0,2,road_0_2_0_1,-8.761790013522841e-06,3,0
1200,0,2,road_0_2_0_2,-0.0017939067911356688,0,0
1200,0,2,road_1_4_3_0,0.0,0,0
1200,0,2,road_1_4_3_1,-1.2276502275199164e-05,0,0
1200,0,2,road_1_4_3_2,-0.00024353619664907455,0,0
1200,0,2,road_2_3_2_0,0.0,0,0
1200,0,2,road_2_3_2_1,-0.005031809210777283,3,0
1200,0,2,road_2_3_2_2,-0.0010082052322104573,0,0
1200,0,2,road_1_2_1_0,0.0,0,0
1200,0,2,road_1_2_1_1,-0.00045849347952753305,3,0
1200,0,2,road_1_2_1_2,-0.00075973488856107,0,0
1200,0,2,road_0_3_0_0,0.0,0,0
1200,0,2,road_0_3_0_1,-0.0032565193250775337,0,0
1200,0,2,road_0_3_0_2,-0.0008008587174117565,0,0
1200,0,2,road_1_5_3_0,0.0,0,0
1200,0,2,road_1_5_3_1,7.375025597866625e-05,3,0
1200,0,2,road_1_5_3_2,-0.0021506173070520163,0,0
1200,0,2,road_2_4_2_0,0.0,0,0
1200,0,2,road_2_4_2_1,-0.0024295207113027573,3,0
1200,0,2,road_2_4_2_2,-0.0024295474868267775,3,0
1200,0,2,road_1_3_1_0,0.0,0,0
1200,0,2,road_1_3_1_1,0.002864605514332652,3,0
1200,0,2,road_1_3_1_2,-0.0023658776190131903,0,0
1200,0,2,road_0_4_0_0,0.0,0,0
1200,0,2,road_0_4_0_1,-6.816195764258737e-06,3,0
1200,0,2,road_0_4_0_2,-3.20863546221517e-05,3,0
1200,0,2,road_2_2_3_0,0.0,0,0
1200,0,2,road_2_2_3_1,0.0026950370520353317,3,0
1200,0,2,road_2_2_3_2,0.0032883579842746258,3,0
1200,0,2,road_3_1_2_0,0.0,0,0
1200,0,2,road_3_1_2_1,-0.00291715026833117,3,0
1200,0,2,road_3_1_2_2,-0.002840884029865265,3,0
1200,0,2,road_2_0_1_0,0.0,0,0
1200,0,2,road_2_0_1_1,0.0026950365863740444,3,0
1200,0,2,road_2_0_1_2,0.003288357751443982,3,0
1200,0,2,road_1_1_0_0,0.0,0,0
1200,0,2,road_1_1_0_1,-0.0011178284185007215,3,0
1200,0,2,road_1_1_0_2,-0.00223718723282218,3,0
1200,0,2,road_2_3_3_0,0.0,0,0
1200,0,2,road_2_3_3_1,0.003602042328566313,3,0
1200,0,2,road_2_3_3_2,0.0032382896170020103,3,0
1200,0,2,road_3_2_2_0,0.0,0,0
1200,0,2,road_3_2_2_1,-0.0007351665408350527,3,0
1200,0,2,road_3_2_2_2,-0.002748033031821251,3,0
1200,0,2,road_2_1_1_0,0.0,0,0
1200,0,2,road_2_1_1_1,0.0036020425613969564,3,0
1200,0,2,road_2_1_1_2,0.0032382896170020103,3,0
1200,0,2,road_1_2_0_0,0.0,0,0
1200,0,2,road_1_2_0_1,-0.0023767624516040087,0,0
1200,0,2,road_1_2_0_2,-0.002978892531245947,3,0
1200,0,2,road_2_4_3_0,0.0,0,0
1200,0,2,road_2_4_3_1,-0.0030574288684874773,3,0
1200,0,2,road_2_4_3_2,-0.002756240777671337,3,0
1200,0,2,road_3_3_2_0,0.0,0,0
1200,0,2,road_3_3_2_1,5.4724281653761864e-05,3,0
1200,0,2,road_3_3_2_2,0.0011338349431753159,0,3
1200,0,2,road_2_2_1_0,0.0,0,0
1200,0,2,road_2_2_1_1,-0.0020232805982232094,3,0
1200,0,2,road_2_2_1_2,-0.003057430498301983,3,0
1200,0,2,road_1_3_0_0,0.0,0,0
1200,0,2,road_1_3_0_1,0.002638153964653611,3,0
1200,0,2,road_1_3_0_2,0.004175338428467512,3,0
1200,0,2,road_2_5_3_0,0.0,0,0
1200,0,2,road_2_5_3_1,-0.003139264415949583,3,0
1200,0,2,road_2_5_3_2,-0.0028090118430554867,3,0
1200,0,2,road_3_4_2_0,0.0,0,0
1200,0,2,road_3_4_2_1,0.0024553320836275816,3,0
1200,0,2,road_3_4_2_2,-0.0037991278804838657,3,0
1200,0,2,road_2_3_1_0,0.0,0,0
1200,0,2,road_2_3_1_1,-0.002093120478093624,3,0
1200,0,2,road_2_3_1_2,-0.003139264415949583,3,0
1200,0,2,road_1_4_0_0,0.0,0,0
1200,0,2,road_1_4_0_1,0.002730683423578739,3,0
1200,0,2,road_1_4_0_2,-0.001025601988658309,0,0
1200,0,2,road_3_2_3_0,0.0,0,0
1200,0,2,road_3_2_3_1,-0.0005890751490369439,0,0
1200,0,2,road_3_2_3_2,-0.0005890752072446048,0,0
1200,0,2,road_4_1_2_0,0.0,0,0
1200,0,2,road_4_1_2_1,0.000488865771330893,3,0
1200,0,2,road_4_1_2_2,0.003002198413014412,3,0
1200,0,2,road_3_0_1_0,0.0,0,0
1200,0,2,road_3_0_1_1,-0.0005890752072446048,0,0
1200,0,2,road_3_0_1_2,-0.0005890752654522657,0,0
1200,0,2,road_2_1_0_0,0.0,0,0
1200,0,2,road_2_1_0_1,0.0004574569466058165,3,0
1200,0,2,road_2_1_0_2,0.0038131731562316418,3,0
1200,0,2,road_3_3_3_0,0.0,0,0
1200,0,2,road_3_3_3_1,0.002762890886515379,3,0
1200,0,2,road_3_3_3_2,0.003359223250299692,3,0
1200,0,2,road_4_2_2_0,0.0,0,0
1200,0,2,road_4_2_2_1,-0.0023000244982540607,3,0
1200,0,2,road_4_2_2_2,-0.00291992025449872,3,0
1200,0,2,road_3_1_1_0,0.0,0,0
1200,0,2,road_3_1_1_1,0.0027628904208540916,3,0
1200,0,2,road_3_1_1_2,0.003359223250299692,3,0
1200,0,2,road_2_2_0_0,0.0,0,0
1200,0,2,road_2_2_0_1,-0.0014501218684017658,3,0
1200,0,2,road_2_2_0_2,-0.0030116133857518435,3,0
1200,0,2,road_3_4_3_0,0.0,0,0
1200,0,2,road_3_4_3_1,-0.0005890749162063003,0,0
1200,0,2,road_3_4_3_2,-0.0005890749162063003,0,0
1200,0,2,road_4_3_2_0,0.0,0,0
1200,0,2,road_4_3_2_1,0.00045745744137093425,3,0
1200,0,2,road_4_3_2_2,0.0038131738547235727,3,0
1200,0,2,road_3_2_1_0,0.0,0,0
1200,0,2,road_3_2_1_1,-0.0005890751490369439,0,0
1200,0,2,road_3_2_1_2,-0.0005890752072446048,0,0
1200,0,2,road_2_3_0_0,0.0,0,0
1200,0,2,road_2_3_0_1,0.0004888662369921803,3,0
1200,0,2,road_2_3_0_2,0.0030021988786756992,3,0
1200,0,2,road_3_5_3_0,0.0,0,0
1200,0,2,road_3_5_3_1,-0.0003232968447264284,0,0
1200,0,2,road_3_5_3_2,-0.0003232967865187675,0,0
1200,0,2,road_4_4_2_0,0.0,0,0
1200,0,2,road_4_4_2_1,-0.006982168648391962,3,0
1200,0,2,road_4_4_2_2,-0.00017046823631972075,0,0
1200,0,2,road_3_3_1_0,0.0,0,0
1200,0,2,road_3_3_1_1,-0.0003232969029340893,0,0
1200,0,2,road_3_3_1_2,-0.00032329693203791976,0,0
1200,0,2,road_2_4_0_0,0.0,0,0
1200,0,2,road_2_4_0_1,-0.006982168182730675,3,0
1200,0,2,road_2_4_0_2,-0.00017046817811205983,0,0
1200,0,2,road_4_2_3_0,0.0,0,0
1200,0,2,road_4_2_3_1,-0.0013753777602687478,3,0
1200,0,2,road_4_2_3_2,-0.0020311889238655567,3,0
1200,0,2,road_5_1_2_0,0.0,0,0
1200,0,2,road_5_1_2_1,0.002271716482937336,3,0
1200,0,2,road_5_1_2_2,0.002082102233543992,3,0
1200,0,2,road_4_0_1_0,0.0,0,0
1200,0,2,road_4_0_1_1,-1.2590872756845783e-05,0,0
1200,0,2,road_4_0_1_2,-0.0007497704937122762,3,0
1200,0,2,road_3_1_0_0,0.0,0,0
1200,0,2,road_3_1_0_1,0.0022717162501066923,3,0
1200,0,2,road_3_1_0_2,0.0020821017678827047,3,0
1200,0,2,road_4_3_3_0,0.0,0,0
1200,0,2,road_4_3_3_1,0.0012686062837019563,3,0
1200,0,2,road_4_3_3_2,0.003469366580247879,3,0
1200,0,2,road_5_2_2_0,0.0,0,0
1200,0,2,road_5_2_2_1,-1.0686796485970262e-05,2,0
1200,0,2,road_5_2_2_2,-0.0031287067104130983,0,0
1200,0,2,road_4_1_1_0,0.0,0,0
1200,0,2,road_4_1_1_1,0.0020260526798665524,3,0
1200,0,2,road_4_1_1_2,0.003430220065638423,3,0
1200,0,2,road_3_2_0_0,0.0,0,0
1200,0,2,road_3_2_0_1,-0.0022590754088014364,3,0
1200,0,2,road_3_2_0_2,-0.002999815158545971,3,0
1200,0,2,road_4_4_3_0,0.0,0,0
1200,0,2,road_4_4_3_1,-0.0019352538511157036,3,0
1200,0,2,road_4_4_3_2,-0.0005996099207550287,0,0
1200,0,2,road_5_3_2_0,0.0,0,0
1200,0,2,road_5_3_2_1,2.1359623133321293e-05,0,3
1200,0,2,road_5_3_2_2,-0.0003572826972231269,0,0
1200,0,2,road_4_2_1_0,0.0,0,0
1200,0,2,road_4_2_1_1,-0.0003169644623994827,3,0
1200,0,2,road_4_2_1_2,-0.0027807189617305994,3,0
1200,0,2,road_3_3_0_0,0.0,0,0
1200,0,2,road_3_3_0_1,0.0031007470097392797,0,3
1200,0,2,road_3_3_0_2,0.0004665303276851773,0,3
1200,0,2,road_4_5_3_0,0.0,0,0
1200,0,2,road_4_5_3_1,-0.004578514490276575,3,0
1200,0,2,road_4_5_3_2,-0.001867380109615624,0,0
1200,0,2,road_5_4_2_0,0.0,0,0
1200,0,2,road_5_4_2_1,-6.525443495775107e-06,3,0
1200,0,2,road_5_4_2_2,-0.00020874381880275905,3,0
1200,0,2,road_4_3_1_0,0.0,0,0
1200,0,2,road_4_3_1_1,0.000153977787704207,3,0
1200,0,2,road_4_3_1_2,0.0018240048084408045,0,3
1200,0,2,road_3_4_0_0,0.0,0,0
1200,0,2,road_3_4_0_1,-0.002663540421053767,3,0
1200,0,2,road_3_4_0_2,-0.0027523967437446117,3,0
1200,0,3,road_1_2_3_0,0.0,0,0
1200,0,3,road_1_2_3_1,-0.00022124276438262314,3,0
1200,0,3,road_1_2_3_2,-0.0029299971647560596,3,0
1200,0,3,road_2_1_2_0,0.0,0,0
1200,0,3,road_2_1_2_1,0.004203943535685539,3,0
1200,0,3,road_2_1_2_2,0.0042034778743982315,3,0
1200,0,3,road_1_0_1_0,0.0,0,0
1200,0,3,road_1_0_1_1,-9.712100109027233e-06,3,0
1200,0,3,road_1_0_1_2,-0.001988695003092289,3,0
1200,0,3,road_0_1_0_0,0.0,0,0
1200,0,3,road_0_1_0_1,1.137861909228377e-05,3,0
1200,0,3,road_0_1_0_2,0.00013265885354485363,3,0
1200,0,3,road_1_3_3_0,0.0,0,0
1200,0,3,road_1_3_3_1,0.003311670385301113,3,0
1200,0,3,road_1_3_3_2,0.0027654841542243958,3,0
1200,0,3,road_2_2_2_0,0.0,0,0
1200,0,3,road_2_2_2_1,-0.0026028314605355263,3,0
1200,0,3,road_2_2_2_2,-0.0009627242106944323,3,0
1200,0,3,road_1_1_1_0,0.0,0,0
1200,0,3,road_1_1_1_1,0.002909040078520775,3,0
1200,0,3,road_1_1_1_2,0.002776541281491518,3,0
1200,0,3,road_0_2_0_0,0.0,0,0
1200,0,3,road_0_2_0_1,-8.761790013522841e-06,3,0
1200,0,3,road_0_2_0_2,-0.0017939067911356688,0,0
1200,0,3,road_1_4_3_0,0.0,0,0
1200,0,3,road_1_4_3_1,-1.2276502275199164e-05,0,0
1200,0,3,road_1_4_3_2,-0.00024353619664907455,0,0
1200,0,3,road_2_3_2_0,0.0,0,0
1200,0,3,road_2_3_2_1,-0.005031809210777283,3,0
1200,0,3,road_2_3_2_2,-0.0010082052322104573,0,0
1200,0,3,road_1_2_1_0,0.0,0,0
1200,0,3,road_1_2_1_1,-0.00045849347952753305,3,0
1200,0,3,road_1_2_1_2,-0.00075973488856107,0,0
1200,0,3,road_0_3_0_0,0.0,0,0
1200,0,3,road_0_3_0_1,-0.0032565193250775337,0,0
1200,0,3,road_0_3_0_2,-0.0008008587174117565,0,0
1200,0,3,road_1_5_3_0,0.0,0,0
1200,0,3,road_1_5_3_1,7.375025597866625e-05,3,0
1200,0,3,road_1_5_3_2,-0.0021506173070520163,0,0
1200,0,3,road_2_4_2_0,0.0,0,0
1200,0,3,road_2_4_2_1,-0.0024295207113027573,3,0
1200,0,3,road_2_4_2_2,-0.0024295474868267775,3,0
1200,0,3,road_1_3_1_0,0.0,0,0
1200,0,3,road_1_3_1_1,0.002864605514332652,3,0
1200,0,3,road_1_3_1_2,-0.0023658776190131903,0,0
1200,0,3,road_0_4_0_0,0.0,0,0
1200,0,3,road_0_4_0_1,-6.816195764258737e-06,3,0
1200,0,3,road_0_4_0_2,-3.20863546221517e-05,3,0
1200,0,3,road_2_2_3_0,0.0,0,0
1200,0,3,road_2_2_3_1,0.0026950370520353317,3,0
1200,0,3,road_2_2_3_2,0.0032883579842746258,3,0
1200,0,3,road_3_1_2_0,0.0,0,0
1200,0,3,road_3_1_2_1,-0.00291715026833117,3,0
1200,0,3,road_3_1_2_2,-0.002840884029865265,3,0
1200,0,3,road_2_0_1_0,0.0,0,0
1200,0,3,road_2_0_1_1,0.0026950365863740444,3,0
1200,0,3,road_2_0_1_2,0.003288357751443982,3,0
1200,0,3,road_1_1_0_0,0.0,0,0
1200,0,3,road_1_1_0_1,-0.0011178284185007215,3,0
1200,0,3,road_1_1_0_2,-0.00223718723282218,3,0
1200,0,3,road_2_3_3_0,0.0,0,0
1200,0,3,road_2_3_3_1,0.003602042328566313,3,0
1200,0,3,road_2_3_3_2,0.0032382896170020103,3,0
1200,0,3,road_3_2_2_0,0.0,0,0
1200,0,3,road_3_2_2_1,-0.0007351665408350527,3,0
1200,0,3,road_3_2_2_2,-0.002748033031821251,3,0
1200,0,3,road_2_1_1_0,0.0,0,0
1200,0,3,road_2_1_1_1,0.0036020425613969564,3,0
1200,0,3,road_2_1_1_2,0.0032382896170020103,3,0
1200,0,3,road_1_2_0_0,0.0,0,0
1200,0,3,road_1_2_0_1,-0.0023767624516040087,0,0
1200,0,3,road_1_2_0_2,-0.002978892531245947,3,0
1200,0,3,road_2_4_3_0,0.0,0,0
1200,0,3,road_2_4_3_1,-0.0032925549894571304,3,0
1200,0,3,road_2_4_3_2,-0.0029897447675466537,3,0
1200,0,3,road_3_3_2_0,0.0,0,0
1200,0,3,road_3_3_2_1,0.0031966781243681908,3,0
1200,0,3,road_3_3_2_2,0.0029650444630533457,3,0
1200,0,3,road_2_2_1_0,0.0,0,0
1200,0,3,road_2_2_1_1,-0.0021614073775708675,3,0
1200,0,3,road_2_2_1_2,-0.0032925563864409924,3,0
1200,0,3,road_1_3_0_0,0.0,0,0
1200,0,3,road_1_3_0_1,0.0037246947176754475,3,0
1200,0,3,road_1_3_0_2,0.002987888175994158,3,0
1200,0,3,road_2_5_3_0,0.0,0,0
1200,0,3,road_2_5_3_1,-0.003139264415949583,3,0
1200,0,3,road_2_5_3_2,-0.0028090118430554867,3,0
1200,0,3,road_3_4_2_0,0.0,0,0
1200,0,3,road_3_4_2_1,0.0024553320836275816,3,0
1200,0,3,road_3_4_2_2,-0.0037991278804838657,3,0
1200,0,3,road_2_3_1_0,0.0,0,0
1200,0,3,road_2_3_1_1,-0.002093120478093624,3,0
1200,0,3,road_2_3_1_2,-0.003139264415949583,3,0
1200,0,3,road_1_4_0_0,0.0,0,0
1200,0,3,road_1_4_0_1,0.002730683423578739,3,0
1200,0,3,road_1_4_0_2,-0.001025601988658309,0,0
1200,0,3,road_3_2_3_0,0.0,0,0
1200,0,3,road_3_2_3_1,-0.0005890751490369439,0,0
1200,0,3,road_3_2_3_2,-0.0005890752072446048,0,0
1200,0,3,road_4_1_2_0,0.0,0,0
1200,0,3,road_4_1_2_1,0.000488865771330893,3,0
1200,0,3,road_4_1_2_2,0.003002198413014412,3,0
1200,0,3,road_3_0_1_0,0.0,0,0
1200,0,3,road_3_0_1_1,-0.0005890752072446048,0,0
1200,0,3,road_3_0_1_2,-0.0005890752654522657,0,0
1200,0,3,road_2_1_0_0,0.0,0,0
1200,0,3,road_2_1_0_1,0.0004574569466058165,3,0
1200,0,3,road_2_1_0_2,0.0038131731562316418,3,0
1200,0,3,road_3_3_3_0,0.0,0,0
1200,0,3,road_3_3_3_1,0.002762890886515379,3,0
1200,0,3,road_3_3_3_2,0.003359223250299692,3,0
1200,0,3,road_4_2_2_0,0.0,0,0
1200,0,3,road_4_2_2_1,-0.0023000244982540607,3,0
1200,0,3,road_4_2_2_2,-0.00291992025449872,3,0
1200,0,3,road_3_1_1_0,0.0,0,0
1200,0,3,road_3_1_1_1,0.0027628904208540916,3,0
1200,0,3,road_3_1_1_2,0.003359223250299692,3,0
1200,0,3,road_2_2_0_0,0.0,0,0
1200,0,3,road_2_2_0_1,-0.0014501218684017658,3,0
1200,0,3,road_2_2_0_2,-0.0030116133857518435,3,0
1200,0,3,road_3_4_3_0,0.0,0,0
1200,0,3,road_3_4_3_1,-0.0005890749162063003,0,0
1200,0,3,road_3_4_3_2,-0.0005890749162063003,0,0
1200,0,3,road_4_3_2_0,0.0,0,0
1200,0,3,road_4_3_2_1,0.00045745744137093425,3,0
1200,0,3,road_4_3_2_2,0.0038131738547235727,3,0
1200,0,3,road_3_2_1_0,0.0,0,0
1200,0,3,road_3_2_1_1,-0.0005890751490369439,0,0
1200,0,3,road_3_2_1_2,-0.0005890752072446048,0,0
1200,0,3,road_2_3_0_0,0.0,0,0
1200,0,3,road_2_3_0_1,0.0004888662369921803,3,0
1200,0,3,road_2_3_0_2,0.0030021988786756992,3,0
1200,0,3,road_3_5_3_0,0.0,0,0
1200,0,3,road_3_5_3_1,-0.0003232968447264284,0,0
1200,0,3,road_3_5_3_2,-0.0003232967865187675,0,0
1200,0,3,road_4_4_2_0,0.0,0,0
1200,0,3,road_4_4_2_1,-0.006982168648391962,3,0
1200,0,3,road_4_4_2_2,-0.00017046823631972075,0,0
1200,0,3,road_3_3_1_0,0.0,0,0
1200,0,3,road_3_3_1_1,-0.0003232969029340893,0,0
1200,0,3,road_3_3_1_2,-0.00032329693203791976,0,0
1200,0,3,road_2_4_0_0,0.0,0,0
1200,0,3,road_2_4_0_1,-0.006982168182730675,3,0
1200,0,3,road_2_4_0_2,-0.00017046817811205983,0,0
1200,0,3,road_4_2_3_0,0.0,0,0
1200,0,3,road_4_2_3_1,-0.0013753777602687478,3,0
1200,0,3,road_4_2_3_2,-0.0020311889238655567,3,0
1200,0,3,road_5_1_2_0,0.0,0,0
1200,0,3,road_5_1_2_1,0.002271716482937336,3,0
1200,0,3,road_5_1_2_2,0.002082102233543992,3,0
1200,0,3,road_4_0_1_0,0.0,0,0
1200,0,3,road_4_0_1_1,-1.2590872756845783e-05,0,0
1200,0,3,road_4_0_1_2,-0.0007497704937122762,3,0
1200,0,3,road_3_1_0_0,0.0,0,0
1200,0,3,road_3_1_0_1,0.0022717162501066923,3,0
1200,0,3,road_3_1_0_2,0.0020821017678827047,3,0
1200,0,3,road_4_3_3_0,0.0,0,0
1200,0,3,road_4_3_3_1,0.0012686062837019563,3,0
1200,0,3,road_4_3_3_2,0.003469366580247879,3,0
1200,0,3,road_5_2_2_0,0.0,0,0
1200,0,3,road_5_2_2_1,-1.0686796485970262e-05,2,0
1200,0,3,road_5_2_2_2,-0.0031287067104130983,0,0
1200,0,3,road_4_1_1_0,0.0,0,0
1200,0,3,road_4_1_1_1,0.0020260526798665524,3,0
1200,0,3,road_4_1_1_2,0.003430220065638423,3,0
1200,0,3,road_3_2_0_0,0.0,0,0
1200,0,3,road_3_2_0_1,-0.0022590754088014364,3,0
1200,0,3,road_3_2_0_2,-0.002999815158545971,3,0
1200,0,3,road_4_4_3_0,0.0,0,0
1200,0,3,road_4_4_3_1,-0.0021440545096993446,3,0
1200,0,3,road_4_4_3_2,-0.0023790986742824316,0,0
1200,0,3,road_5_3_2_0,0.0,0,0
1200,0,3,road_5_3_2_1,-6.674362339254003e-06,3,0
1200,0,3,road_5_3_2_2,-0.000982225756160915,0,0
1200,0,3,road_4_2_1_0,0.0,0,0
1200,0,3,road_4_2_1_1,0.00025474789435975254,3,0
1200,0,3,road_4_2_1_2,0.0028572622686624527,3,0
1200,0,3,road_3_3_0_0,0.0,0,0
1200,0,3,road_3_3_0_1,-0.001758205471560359,3,0
1200,0,3,road_3_3_0_2,-0.00254541402682662,3,0
1200,0,3,road_4_5_3_0,0.0,0,0
1200,0,3,road_4_5_3_1,0.006709686946123838,3,0
1200,0,3,road_4_5_3_2,0.0011310875415802002,0,3
1200,0,3,road_5_4_2_0,0.0,0,0
1200,0,3,road_5_4_2_1,-6.59224633636768e-06,3,0
1200,0,3,road_5_4_2_2,-0.0001906099496409297,3,0
1200,0,3,road_4_3_1_0,0.0,0,0
1200,0,3,road_4_3_1_1,0.00016105102258734405,3,0
1200,0,3,road_4_3_1_2,0.0012911588419228792,3,0
1200,0,3,road_3_4_0_0,0.0,0,0
1200,0,3,road_3_4_0_1,-0.0023162488359957933,3,0
1200,0,3,road_3_4_0_2,-0.0021712034940719604,3,0
1400,0,0,road_1_2_3_0,0.0,0,0
1400,0,0,road_1_2_3_1,-0.0004093725001439452,0,0
1400,0,0,road_1_2_3_2,-0.0015680455835536122,0,0
1400,0,0,road_2_1_2_0,0.0,0,0
1400,0,0,road_2_1_2_1,0.0018321839161217213,0,3
1400,0,0,road_2_1_2_2,0.001830931520089507,0,3
1400,0,0,road_1_0_1_0,0.0,0,0
1400,0,0,road_1_0_1_1,-1.7635065887589008e-05,0,0
1400,0,0,road_1_0_1_2,-0.0032484661787748337,0,0
1400,0,0,road_0_1_0_0,0.0,0,0
1400,0,0,road_0_1_0_1,1.6683754438417964e-05,0,3
1400,0,0,road_0_1_0_2,9.12613031687215e-05,0,3
1400,0,0,road_1_3_3_0,0.0,0,0
1400,0,0,road_1_3_3_1,0.0019835084676742554,0,3
1400,0,0,road_1_3_3_2,0.0006771061453036964,0,3
1400,0,0,road_2_2_2_0,0.0,0,0
1400,0,0,road_2_2_2_1,0.0030651879496872425,0,3
1400,0,0,road_2_2_2_2,0.0013746351469308138,0,3
1400,0,0,road_1_1_1_0,0.0,0,0
1400,0,0,road_1_1_1_1,0.0019835084676742554,0,3
1400,0,0,road_1_1_1_2,0.0006771063199266791,0,3
1400,0,0,road_0_2_0_0,0.0,0,0
1400,0,0,road_0_2_0_1,1.4772922440897673e-05,0,2
1400,0,0,road_0_2_0_2,-0.0006884685717523098,0,0
1400,0,0,road_1_4_3_0,0.0,0,0
1400,0,0,road_1_4_3_1,-2.016719190578442e-05,0,0
1400,0,0,road_1_4_3_2,-0.0003442837332841009,0,0
1400,0,0,road_2_3_2_0,0.0,0,0
1400,0,0,road_2_3_2_1,-0.0013217570958659053,0,0
1400,0,0,road_2_3_2_2,-0.0008946455200202763,0,0
1400,0,0,road_1_2_1_0,0.0,0,0
1400,0,0,road_1_2_1_1,-0.0013295136159285903,0,3
1400,0,0,road_1_2_1_2,-0.0010966096306219697,0,0
1400,0,0,road_0_3_0_0,0.0,0,0
1400,0,0,road_0_3_0_1,-0.0013217574451118708,0,0
1400,0,0,road_0_3_0_2,-0.000894645694643259,0,0
1400,0,0,road_1_5_3_0,0.0,0,0
1400,0,0,road_1_5_3_1,4.206940866424702e-05,0,3
1400,0,0,road_1_5_3_2,-0.002709589898586273,0,0
1400,0,0,road_2_4_2_0,0.0,0,0
1400,0,0,road_2_4_2_1,-0.0014743239153176546,0,0
1400,0,0,road_2_4_2_2,-0.0014745226362720132,0,0
1400,0,0,road_1_3_1_0,0.0,0,0
1400,0,0,road_1_3_1_1,0.0020414297468960285,0,3
1400,0,0,road_1_3_1_2,-0.0014297649031504989,0,0
1400,0,0,road_0_4_0_0,0.0,0,0
1400,0,0,road_0_4_0_1,-1.6573052562307566e-05,0,0
1400,0,0,road_0_4_0_2,-5.928235987084918e-05,0,0
1400,0,0,road_2_2_3_0,0.0,0,0
1400,0,0,road_2_2_3_1,0.003467907663434744,0,3
1400,0,0,road_2_2_3_2,0.0026862905360758305,0,3
1400,0,0,road_3_1_2_0,0.0,0,0
1400,0,0,road_3_1_2_1,0.003772012423723936,0,3
1400,0,0,road_3_1_2_2,0.0006919737788848579,0,3
1400,0,0,road_2_0_1_0,0.0,0,0
1400,0,0,road_2_0_1_1,0.000574242789298296,0,3
1400,0,0,road_2_0_1_2,0.001592349261045456,0,3
1400,0,0,road_1_1_0_0,0.0,0,0
1400,0,0,road_1_1_0_1,0.00032059475779533386,0,2
1400,0,0,road_1_1_0_2,-0.00309943500906229,0,0
1400,0,0,road_2_3_3_0,0.0,0,0
1400,0,0,road_2_3_3_1,0.0010536049958318472,0,3
1400,0,0,road_2_3_3_2,0.00011408289719838649,0,3
1400,0,0,road_3_2_2_0,0.0,0,0
1400,0,0,road_3_2_2_1,-0.0004460881173145026,0,0
1400,0,0,road_3_2_2_2,0.00027439402765594423,0,3
1400,0,0,road_2_1_1_0,0.0,0,0
1400,0,0,road_2_1_1_1,0.0010536049958318472,0,3
1400,0,0,road_2_1_1_2,0.00011408293357817456,0,3
1400,0,0,road_1_2_0_0,0.0,0,0
1400,0,0,road_1_2_0_1,-0.001974831335246563,0,0
1400,0,0,road_1_2_0_2,-0.0002650078968144953,0,0
1400,0,0,road_2_4_3_0,0.0,0,0
1400,0,0,road_2_4_3_1,-3.099448076682165e-05,0,0
1400,0,0,road_2_4_3_2,-0.0003081177710555494,0,0
1400,0,0,road_3_3_2_0,0.0,0,0
1400,0,0,road_3_3_2_1,-0.003064144402742386,0,0
1400,0,0,road_3_3_2_2,7.120645750546828e-05,0,3
1400,0,0,road_2_2_1_0,0.0,0,0
1400,0,0,road_2_2_1_1,0.00039655971340835094,0,3
1400,0,0,road_2_2_1_2,-3.0994247936178e-05,0,0
1400,0,0,road_1_3_0_0,0.0,0,0
1400,0,0,road_1_3_0_1,-0.0022265594452619553,0,0
1400,0,0,road_1_3_0_2,-0.00018786831060424447,0,0
1400,0,0,road_2_5_3_0,0.0,0,0
1400,0,0,road_2_5_3_1,-0.00043613958405330777,0,0
1400,0,0,road_2_5_3_2,-0.0004361395549494773,0,0
1400,0,0,road_3_4_2_0,0.0,0,0
1400,0,0,road_3_4_2_1,0.0006297430954873562,0,3
1400,0,0,road_3_4_2_2,0.0011558724800124764,0,3
1400,0,0,road_2_3_1_0,0.0,0,0
1400,0,0,road_2_3_1_1,-0.0001131430544774048,0,0
1400,0,0,road_2_3_1_2,-0.00011314309813315049,0,0
1400,0,0,road_1_4_0_0,0.0,0,0
1400,0,0,road_1_4_0_1,-0.002450917148962617,0,0
1400,0,0,road_1_4_0_2,-0.0007519261562265456,0,0
1400,0,0,road_3_2_3_0,0.0,0,0
1400,0,0,road_3_2_3_1,-0.00016070512356236577,0,0
1400,0,0,road_3_2_3_2,-0.00016070531273726374,0,0
1400,0,0,road_4_1_2_0,0.0,0,0
1400,0,0,road_4_1_2_1,0.0003069000376854092,0,3
1400,0,0,road_4_1_2_2,-0.0002681637997739017,0,0
1400,0,0,road_3_0_1_0,0.0,0,0
1400,0,0,road_3_0_1_1,-0.0001607051963219419,0,0
1400,0,0,road_3_0_1_2,-0.00016070541460067034,0,0
1400,0,0,road_2_1_0_0,0.0,0,0
1400,0,0,road_2_1_0_1,0.00030690000858157873,0,3
1400,0,0,road_2_1_0_2,-0.00026816397439688444,0,0
1400,0,0,road_3_3_3_0,0.0,0,0
1400,0,0,road_3_3_3_1,0.00011744848598027602,0,3
1400,0,0,road_3_3_3_2,0.0010714661329984665,0,3
1400,0,0,road_4_2_2_0,0.0,0,0
1400,0,0,road_4_2_2_1,-0.00048413261538371444,0,0
1400,0,0,road_4_2_2_2,0.00020284908532630652,0,3
1400,0,0,road_3_1_1_0,0.0,0,0
1400,0,0,road_3_1_1_1,0.00011744840594474226,0,3
1400,0,0,road_3_1_1_2,0.0010714661329984665,0,3
1400,0,0,road_2_2_0_0,0.0,0,0
1400,0,0,road_2_2_0_1,-0.001980699598789215,0,0
1400,0,0,road_2_2_0_2,-0.00026905658887699246,0,0
1400,0,0,road_3_4_3_0,0.0,0,0
1400,0,0,road_3_4_3_1,-0.00016070512356236577,0,0
1400,0,0,road_3_4_3_2,-0.00016070531273726374,0,0
1400,0,0,road_4_3_2_0,0.0,0,0
1400,0,0,road_4_3_2_1,0.0003069000376854092,0,3
1400,0,0,road_4_3_2_2,-0.0002681637997739017,0,0
1400,0,0,road_3_2_1_0,0.0,0,0
1400,0,0,road_3_2_1_1,-0.0001607051963219419,0,0
1400,0,0,road_3_2_1_2,-0.00016070541460067034,0,0
1400,0,0,road_2_3_0_0,0.0,0,0
1400,0,0,road_2_3_0_1,0.00030690000858157873,0,3
1400,0,0,road_2_3_0_2,-0.00026816397439688444,0,0
1400,0,0,road_3_5_3_0,0.0,0,0
1400,0,0,road_3_5_3_1,-0.00016070512356236577,0,0
1400,0,0,road_3_5_3_2,-0.00016070531273726374,0,0
1400,0,0,road_4_4_2_0,0.0,0,0
1400,0,0,road_4_4_2_1,0.0003069000376854092,0,3
1400,0,0,road_4_4_2_2,-0.0002681637997739017,0,0
1400,0,0,road_3_3_1_0,0.0,0,0
1400,0,0,road_3_3_1_1,-0.0001607051963219419,0,0
1400,0,0,road_3_3_1_2,-0.00016070541460067034,0,0
1400,0,0,road_2_4_0_0,0.0,0,0
1400,0,0,road_2_4_0_1,0.00030690000858157873,0,3
1400,0,0,road_2_4_0_2,-0.00026816397439688444,0,0
1400,0,0,road_4_2_3_0,0.0,0,0
1400,0,0,road_4_2_3_1,0.0030651879496872425,0,3
1400,0,0,road_4_2_3_2,0.0013746353797614574,0,3
1400,0,0,road_5_1_2_0,0.0,0,0
1400,0,0,road_5_1_2_1,0.0019835084676742554,0,3
1400,0,0,road_5_1_2_2,0.00067710637813434,0,3
1400,0,0,road_4_0_1_0,0.0,0,0
1400,0,0,road_4_0_1_1,1.4772918802918866e-05,0,2
1400,0,0,road_4_0_1_2,-0.0006884686881676316,0,0
1400,0,0,road_3_1_0_0,0.0,0,0
1400,0,0,road_3_1_0_1,0.0019835084676742554,0,3
1400,0,0,road_3_1_0_2,0.0006771062035113573,0,3
1400,0,0,road_4_3_3_0,0.0,0,0
1400,0,0,road_4_3_3_1,0.0036533158272504807,0,3
1400,0,0,road_4_3_3_2,0.0019902242347598076,0,3
1400,0,0,road_5_2_2_0,0.0,0,0
1400,0,0,road_5_2_2_1,1.4474941963271704e-05,0,2
1400,0,0,road_5_2_2_2,-0.003982548601925373,0,0
1400,0,0,road_4_1_1_0,0.0,0,0
1400,0,0,road_4_1_1_1,0.002410593442618847,0,3
1400,0,0,road_4_1_1_2,0.0019073907751590014,0,3
1400,0,0,road_3_2_0_0,0.0,0,0
1400,0,0,road_3_2_0_1,0.003616904839873314,0,3
1400,0,0,road_3_2_0_2,0.00019768571655731648,0,3
1400,0,0,road_4_4_3_0,0.0,0,0
1400,0,0,road_4_4_3_1,0.002969853114336729,0,3
1400,0,0,road_4_4_3_2,-0.000586603011470288,0,0
1400,0,0,road_5_3_2_0,0.0,0,0
1400,0,0,road_5_3_2_1,-1.8529251974541694e-05,0,0
1400,0,0,road_5_3_2_2,-0.0008765202364884317,0,0
1400,0,0,road_4_2_1_0,0.0,0,0
1400,0,0,road_4_2_1_1,6.531437247758731e-05,0,3
1400,0,0,road_4_2_1_2,-0.0038921707309782505,0,0
1400,0,0,road_3_3_0_0,0.0,0,0
1400,0,0,road_3_3_0_1,-0.0013884562067687511,0,0
1400,0,0,road_3_3_0_2,-0.000885397894307971,0,0
1400,0,0,road_4_5_3_0,0.0,0,0
1400,0,0,road_4_5_3_1,0.003134452737867832,0,3
1400,0,0,road_4_5_3_2,-0.00039533895323984325,0,0
1400,0,0,road_5_4_2_0,0.0,0,0
1400,0,0,road_5_4_2_1,-1.5187489225354511e-05,0,0
1400,0,0,road_5_4_2_2,-0.00022374904074240476,0,0
1400,0,0,road_4_3_1_0,0.0,0,0
1400,0,0,road_4_3_1_1,0.0001444396621081978,0,3
1400,0,0,road_4_3_1_2,-0.004054524004459381,0,0
1400,0,0,road_3_4_0_0,0.0,0,0
1400,0,0,road_3_4_0_1,-0.0007095566834323108,0,0
1400,0,0,road_3_4_0_2,-0.0007438679458573461,0,0
1400,0,1,road_1_2_3_0,0.0,0,0
1400,0,1,road_1_2_3_1,0.0003646411933004856,0,3
1400,0,1,road_1_2_3_2,0.002890855073928833,0,3
1400,0,1,road_2_1_2_0,0.0,0,0
1400,0,1,road_2_1_2_1,-0.001884841127321124,3,0
1400,0,1,road_2_1_2_2,-0.001885077334009111,3,0
1400,0,1,road_1_0_1_0,0.0,0,0
1400,0,1,road_1_0_1_1,1.7896545614348724e-05,0,3
1400,0,1,road_1_0_1_2,0.008268647827208042,0,3
1400,0,1,road_0_1_0_0,0.0,0,0
1400,0,1,road_0_1_0_1,-6.1869614000897855e-06,3,0
1400,0,1,road_0_1_0_2,-3.496812132652849e-05,3,0
1400,0,1,road_1_3_3_0,0.0,0,0
1400,0,1,road_1_3_3_1,0.0030035225208848715,3,0
1400,0,1,road_1_3_3_2,0.0024446514435112476,3,0
1400,0,1,road_2_2_2_0,0.0,0,0
1400,0,1,road_2_2_2_1,-0.002632768824696541,3,0
1400,0,1,road_2_2_2_2,-0.002522286493331194,3,0
1400,0,1,road_1_1_1_0,0.0,0,0
1400,0,1,road_1_1_1_1,0.003003522288054228,3,0
1400,0,1,road_1_1_1_2,0.002444650512188673,3,0
1400,0,1,road_0_2_0_0,0.0,0,0
1400,0,1,road_0_2_0_1,-8.806368896330241e-06,2,0
1400,0,1,road_0_2_0_2,-0.0018563457997515798,0,0
1400,0,1,road_1_4_3_0,0.0,0,0
1400,0,1,road_1_4_3_1,-1.6891781342565082e-05,0,0
1400,0,1,road_1_4_3_2,-0.00032604410080239177,0,0
1400,0,1,road_2_3_2_0,0.0,0,0
1400,0,1,road_2_3_2_1,-0.0011324564693495631,0,3
1400,0,1,road_2_3_2_2,-0.0008266732911579311,0,0
1400,0,1,road_1_2_1_0,0.0,0,0
1400,0,1,road_1_2_1_1,-0.0004956880584359169,3,0
1400,0,1,road_1_2_1_2,-0.0008276660228148103,0,0
1400,0,1,road_0_3_0_0,0.0,0,0
1400,0,1,road_0_3_0_1,-0.0011324563529342413,0,0
1400,0,1,road_0_3_0_2,-0.0008266730001196265,0,0
1400,0,1,road_1_5_3_0,0.0,0,0
1400,0,1,road_1_5_3_1,-2.462943666614592e-05,3,0
1400,0,1,road_1_5_3_2,-0.0018557350849732757,0,0
1400,0,1,road_2_4_2_0,0.0,0,0
1400,0,1,road_2_4_2_1,0.004375554155558348,0,3
1400,0,1,road_2_4_2_2,0.0043753357604146,0,3
1400,0,1,road_1_3_1_0,0.0,0,0
1400,0,1,road_1_3_1_1,-0.002801815513521433,3,0
1400,0,1,road_1_3_1_2,-0.0006366624729707837,0,0
1400,0,1,road_0_4_0_0,0.0,0,0
1400,0,1,road_0_4_0_1,1.8124954294762574e-05,0,3
1400,0,1,road_0_4_0_2,6.498756556538865e-05,0,3
1400,0,1,road_2_2_3_0,0.0,0,0
1400,0,1,road_2_2_3_1,0.0016767075285315514,3,0
1400,0,1,road_2_2_3_2,0.0034224805422127247,3,0
1400,0,1,road_3_1_2_0,0.0,0,0
1400,0,1,road_3_1_2_1,-0.002434303518384695,3,0
1400,0,1,road_3_1_2_2,-0.0012658312916755676,3,0
1400,0,1,road_2_0_1_0,0.0,0,0
1400,0,1,road_2_0_1_1,0.002692903159186244,3,0
1400,0,1,road_2_0_1_2,0.003392469137907028,3,0
1400,0,1,road_1_1_0_0,0.0,0,0
1400,0,1,road_1_1_0_1,-0.0007755067199468613,2,0
1400,0,1,road_1_1_0_2,-6.461003795266151e-05,0,0
1400,0,1,road_2_3_3_0,0.0,0,0
1400,0,1,road_2_3_3_1,0.0013520545326173306,3,0
1400,0,1,road_2_3_3_2,0.003693835809826851,3,0
1400,0,1,road_3_2_2_0,0.0,0,0
1400,0,1,road_3_2_2_1,0.0004615051147993654,0,3
1400,0,1,road_3_2_2_2,0.0009801648557186127,3,0
1400,0,1,road_2_1_1_0,0.0,0,0
1400,0,1,road_2_1_1_1,0.001352054299786687,3,0
1400,0,1,road_2_1_1_2,0.00369383511133492,3,0
1400,0,1,road_1_2_0_0,0.0,0,0
1400,0,1,road_1_2_0_1,-0.0003847329644486308,0,0
1400,0,1,road_1_2_0_2,0.00046150549314916134,0,3
1400,0,1,road_2_4_3_0,0.0,0,0
1400,0,1,road_2_4_3_1,0.00033278961200267076,0,3
1400,0,1,road_2_4_3_2,-0.00045214593410491943,0,0
1400,0,1,road_3_3_2_0,0.0,0,0
1400,0,1,road_3_3_2_1,0.000421131873736158,0,3
1400,0,1,road_3_3_2_2,-0.0021991380490362644,3,0
1400,0,1,road_2_2_1_0,0.0,0,0
1400,0,1,road_2_2_1_1,0.0009170062839984894,3,0
1400,0,1,road_2_2_1_2,0.0003327892627567053,0,3
1400,0,1,road_1_3_0_0,0.0,0,0
1400,0,1,road_1_3_0_1,-0.00012029010395053774,0,0
1400,0,1,road_1_3_0_2,-0.001782495528459549,0,0
1400,0,1,road_2_5_3_0,0.0,0,0
1400,0,1,road_2_5_3_1,0.00023316788428928703,0,3
1400,0,1,road_2_5_3_2,0.00023316804436035454,0,3
1400,0,1,road_3_4_2_0,0.0,0,0
1400,0,1,road_3_4_2_1,-0.0008243575575761497,3,0
1400,0,1,road_3_4_2_2,-0.006232154555618763,3,0
1400,0,1,road_2_3_1_0,0.0,0,0
1400,0,1,road_2_3_1_1,0.000473469466669485,0,3
1400,0,1,road_2_3_1_2,0.00047346961218863726,0,3
1400,0,1,road_1_4_0_0,0.0,0,0
1400,0,1,road_1_4_0_1,0.00604038592427969,0,3
1400,0,1,road_1_4_0_2,0.00017368010594509542,0,3
1400,0,1,road_3_2_3_0,0.0,0,0
1400,0,1,road_3_2_3_1,-0.0003232968447264284,0,0
1400,0,1,road_3_2_3_2,-0.0003232967865187675,0,0
1400,0,1,road_4_1_2_0,0.0,0,0
1400,0,1,road_4_1_2_1,-0.006982168648391962,3,0
1400,0,1,road_4_1_2_2,-0.00017046823631972075,0,0
1400,0,1,road_3_0_1_0,0.0,0,0
1400,0,1,road_3_0_1_1,-0.0003232969029340893,0,0
1400,0,1,road_3_0_1_2,-0.00032329693203791976,0,0
1400,0,1,road_2_1_0_0,0.0,0,0
1400,0,1,road_2_1_0_1,-0.006982168182730675,3,0
1400,0,1,road_2_1_0_2,-0.00017046817811205983,0,0
1400,0,1,road_3_3_3_0,0.0,0,0
1400,0,1,road_3_3_3_1,0.0036598946899175644,3,0
1400,0,1,road_3_3_3_2,0.0015862820437178016,3,0
1400,0,1,road_4_2_2_0,0.0,0,0
1400,0,1,road_4_2_2_1,0.0011657208669930696,0,3
1400,0,1,road_4_2_2_2,0.0019916966557502747,3,0
1400,0,1,road_3_1_1_0,0.0,0,0
1400,0,1,road_3_1_1_1,0.003659894224256277,3,0
1400,0,1,road_3_1_1_2,0.001586281810887158,3,0
1400,0,1,road_2_2_0_0,0.0,0,0
1400,0,1,road_2_2_0_1,-0.0005818190984427929,0,0
1400,0,1,road_2_2_0_2,0.0004647209425456822,0,3
1400,0,1,road_3_4_3_0,0.0,0,0
1400,0,1,road_3_4_3_1,-0.0003232968447264284,0,0
1400,0,1,road_3_4_3_2,-0.0003232967865187675,0,0
1400,0,1,road_4_3_2_0,0.0,0,0
1400,0,1,road_4_3_2_1,-0.006982168648391962,3,0
1400,0,1,road_4_3_2_2,-0.00017046823631972075,0,0
1400,0,1,road_3_2_1_0,0.0,0,0
1400,0,1,road_3_2_1_1,-0.0003232969029340893,0,0
1400,0,1,road_3_2_1_2,-0.00032329693203791976,0,0
1400,0,1,road_2_3_0_0,0.0,0,0
1400,0,1,road_2_3_0_1,-0.006982168182730675,3,0
1400,0,1,road_2_3_0_2,-0.00017046817811205983,0,0
1400,0,1,road_3_5_3_0,0.0,0,0
1400,0,1,road_3_5_3_1,-0.0003232968447264284,0,0
1400,0,1,road_3_5_3_2,-0.0003232967865187675,0,0
1400,0,1,road_4_4_2_0,0.0,0,0
1400,0,1,road_4_4_2_1,-0.006982168648391962,3,0
1400,0,1,road_4_4_2_2,-0.00017046823631972075,0,0
1400,0,1,road_3_3_1_0,0.0,0,0
1400,0,1,road_3_3_1_1,-0.0003232969029340893,0,0
1400,0,1,road_3_3_1_2,-0.00032329693203791976,0,0
1400,0,1,road_2_4_0_0,0.0,0,0
1400,0,1,road_2_4_0_1,-0.006982168182730675,3,0
1400,0,1,road_2_4_0_2,-0.00017046817811205983,0,0
1400,0,1,road_4_2_3_0,0.0,0,0
1400,0,1,road_4_2_3_1,-0.0026327683590352535,3,0
1400,0,1,road_4_2_3_2,-0.0025222862605005503,3,0
1400,0,1,road_5_1_2_0,0.0,0,0
1400,0,1,road_5_1_2_1,0.0030035236850380898,3,0
1400,0,1,road_5_1_2_2,0.0024446509778499603,3,0
1400,0,1,road_4_0_1_0,0.0,0,0
1400,0,1,road_4_0_1_1,-8.806364348856732e-06,2,0
1400,0,1,road_4_0_1_2,-0.0018563453340902925,0,0
1400,0,1,road_3_1_0_0,0.0,0,0
1400,0,1,road_3_1_0_1,0.0030035232193768024,3,0
1400,0,1,road_3_1_0_2,0.0024446507450193167,3,0
1400,0,1,road_4_3_3_0,0.0,0,0
1400,0,1,road_4_3_3_1,0.0012686062837019563,3,0
1400,0,1,road_4_3_3_2,0.003469366580247879,3,0
1400,0,1,road_5_2_2_0,0.0,0,0
1400,0,1,road_5_2_2_1,-1.0686796485970262e-05,2,0
1400,0,1,road_5_2_2_2,-0.0031287067104130983,0,0
1400,0,1,road_4_1_1_0,0.0,0,0
1400,0,1,road_4_1_1_1,0.0020260526798665524,3,0
1400,0,1,road_4_1_1_2,0.003430220065638423,3,0
1400,0,1,road_3_2_0_0,0.0,0,0
1400,0,1,road_3_2_0_1,-0.0022590754088014364,3,0
1400,0,1,road_3_2_0_2,-0.002999815158545971,3,0
1400,0,1,road_4_4_3_0,0.0,0,0
1400,0,1,road_4_4_3_1,-0.0015318775549530983,3,0
1400,0,1,road_4_4_3_2,-0.0008646264323033392,0,0
1400,0,1,road_5_3_2_0,0.0,0,0
1400,0,1,road_5_3_2_1,2.1446667233249173e-05,0,3
1400,0,1,road_5_3_2_2,-0.00034425861667841673,0,0
1400,0,1,road_4_2_1_0,0.0,0,0
1400,0,1,road_4_2_1_1,-0.00010125126573257148,3,0
1400,0,1,road_4_2_1_2,-0.001434065867215395,0,0
1400,0,1,road_3_3_0_0,0.0,0,0
1400,0,1,road_3_3_0_1,0.003905224148184061,0,3
1400,0,1,road_3_3_0_2,0.0009443272138014436,0,3
1400,0,1,road_4_5_3_0,0.0,0,0
1400,0,1,road_4_5_3_1,-0.004336325451731682,3,0
1400,0,1,road_4_5_3_2,-0.0019730166532099247,0,0
1400,0,1,road_5_4_2_0,0.0,0,0
1400,0,1,road_5_4_2_1,-1.533429531264119e-05,0,0
1400,0,1,road_5_4_2_2,-0.00024038710398599505,0,0
1400,0,1,road_4_3_1_0,0.0,0,0
1400,0,1,road_4_3_1_1,0.00023878406500443816,3,0
1400,0,1,road_4_3_1_2,0.0019535322207957506,0,3
1400,0,1,road_3_4_0_0,0.0,0,0
1400,0,1,road_3_4_0_1,-0.0008997575496323407,0,0
1400,0,1,road_3_4_0_2,-0.001060765702277422,0,0
1400,0,2,road_1_2_3_0,0.0,0,0
1400,0,2,road_1_2_3_1,-0.00021186633966863155,3,0
1400,0,2,road_1_2_3_2,-0.002811165526509285,3,0
1400,0,2,road_2_1_2_0,0.0,0,0
1400,0,2,road_2_1_2_1,0.004118046257644892,3,0
1400,0,2,road_2_1_2_2,0.004117813892662525,3,0
1400,0,2,road_1_0_1_0,0.0,0,0
1400,0,2,road_1_0_1_1,-9.167507414531428e-06,3,0
1400,0,2,road_1_0_1_2,-0.0014736775774508715,3,0
1400,0,2,road_0_1_0_0,0.0,0,0
1400,0,2,road_0_1_0_1,1.1099118637503125e-05,3,0
1400,0,2,road_0_1_0_2,6.882382149342448e-05,3,0
1400,0,2,road_1_3_3_0,0.0,0,0
1400,0,2,road_1_3_3_1,0.0030035225208848715,3,0
1400,0,2,road_1_3_3_2,0.0024446514435112476,3,0
1400,0,2,road_2_2_2_0,0.0,0,0
1400,0,2,road_2_2_2_1,-0.002632768824696541,3,0
1400,0,2,road_2_2_2_2,-0.002522286493331194,3,0
1400,0,2,road_1_1_1_0,0.0,0,0
1400,0,2,road_1_1_1_1,0.003003522288054228,3,0
1400,0,2,road_1_1_1_2,0.002444650512188673,3,0
1400,0,2,road_0_2_0_0,0.0,0,0
1400,0,2,road_0_2_0_1,-8.806368896330241e-06,2,0
1400,0,2,road_0_2_0_2,-0.0018563457997515798,0,0
1400,0,2,road_1_4_3_0,0.0,0,0
1400,0,2,road_1_4_3_1,-1.5356983567471616e-05,0,0
1400,0,2,road_1_4_3_2,-0.0003009751671925187,0,0
1400,0,2,road_2_3_2_0,0.0,0,0
1400,0,2,road_2_3_2_1,-0.005036199931055307,3,0
1400,0,2,road_2_3_2_2,-0.0010149821173399687,0,0
1400,0,2,road_1_2_1_0,0.0,0,0
1400,0,2,road_1_2_1_1,-0.0004632966301869601,3,0
1400,0,2,road_1_2_1_2,-0.0007685187156312168,0,0
1400,0,2,road_0_3_0_0,0.0,0,0
1400,0,2,road_0_3_0_1,-0.0032578858081251383,0,0
1400,0,2,road_0_3_0_2,-0.0008031781762838364,0,0
1400,0,2,road_1_5_3_0,0.0,0,0
1400,0,2,road_1_5_3_1,2.1741185264545493e-05,3,0
1400,0,2,road_1_5_3_2,-0.0020695230923593044,0,0
1400,0,2,road_2_4_2_0,0.0,0,0
1400,0,2,road_2_4_2_1,-0.0024453941732645035,3,0
1400,0,2,road_2_4_2_2,-0.0024454148951917887,3,0
1400,0,2,road_1_3_1_0,0.0,0,0
1400,0,2,road_1_3_1_1,0.00293199485167861,3,0
1400,0,2,road_1_3_1_2,-0.0023620021529495716,0,0
1400,0,2,road_0_4_0_0,0.0,0,0
1400,0,2,road_0_4_0_1,-6.86426983520505e-06,3,0
1400,0,2,road_0_4_0_2,-2.6130708647542633e-05,3,0
1400,0,2,road_2_2_3_0,0.0,0,0
1400,0,2,road_2_2_3_1,0.0016767075285315514,3,0
1400,0,2,road_2_2_3_2,0.0034224805422127247,3,0
1400,0,2,road_3_1_2_0,0.0,0,0
1400,0,2,road_3_1_2_1,-0.002434303518384695,3,0
1400,0,2,road_3_1_2_2,-0.0012658312916755676,3,0
1400,0,2,road_2_0_1_0,0.0,0,0
1400,0,2,road_2_0_1_1,0.002692903159186244,3,0
1400,0,2,road_2_0_1_2,0.003392469137907028,3,0
1400,0,2,road_1_1_0_0,0.0,0,0
1400,0,2,road_1_1_0_1,-0.0007755067199468613,2,0
1400,0,2,road_1_1_0_2,-6.461003795266151e-05,0,0
1400,0,2,road_2_3_3_0,0.0,0,0
1400,0,2,road_2_3_3_1,0.0036580911837518215,3,0
1400,0,2,road_2_3_3_2,0.003344335127621889,3,0
1400,0,2,road_3_2_2_0,0.0,0,0
1400,0,2,road_3_2_2_1,-0.00035153375938534737,3,0
1400,0,2,road_3_2_2_2,-0.001951912883669138,3,0
1400,0,2,road_2_1_1_0,0.0,0,0
1400,0,2,road_2_1_1_1,0.003658090252429247,3,0
1400,0,2,road_2_1_1_2,0.0033443348947912455,3,0
1400,0,2,road_1_2_0_0,0.0,0,0
1400,0,2,road_1_2_0_1,0.0015323872212320566,0,3
1400,0,2,road_1_2_0_2,-0.00035153375938534737,3,0
1400,0,2,road_2_4_3_0,0.0,0,0
1400,0,2,road_2_4_3_1,-0.0021680304780602455,3,0
1400,0,2,road_2_4_3_2,-0.0008524991571903229,0,0
1400,0,2,road_3_3_2_0,0.0,0,0
1400,0,2,road_3_3_2_1,0.001449543866328895,3,0
1400,0,2,road_3_3_2_2,-0.0034562237560749054,3,0
1400,0,2,road_2_2_1_0,0.0,0,0
1400,0,2,road_2_2_1_1,-0.0011497330851852894,3,0
1400,0,2,road_2_2_1_2,-0.002168030012398958,3,0
1400,0,2,road_1_3_0_0,0.0,0,0
1400,0,2,road_1_3_0_1,0.0006145634688436985,0,3
1400,0,2,road_1_3_0_2,-0.002418478252366185,0,0
1400,0,2,road_2_5_3_0,0.0,0,0
1400,0,2,road_2_5_3_1,-0.003486792789772153,3,0
1400,0,2,road_2_5_3_2,-0.0034867923241108656,3,0
1400,0,2,road_3_4_2_0,0.0,0,0
1400,0,2,road_3_4_2_1,0.003957460634410381,3,0
1400,0,2,road_3_4_2_2,0.0038661090657114983,3,0
1400,0,2,road_2_3_1_0,0.0,0,0
1400,0,2,road_2_3_1_1,-0.00278963940218091,3,0
1400,0,2,road_2_3_1_2,-0.002789638936519623,3,0
1400,0,2,road_1_4_0_0,0.0,0,0
1400,0,2,road_1_4_0_1,0.0014434269396588206,3,0
1400,0,2,road_1_4_0_2,0.0028889114037156105,3,0
1400,0,2,road_3_2_3_0,0.0,0,0
1400,0,2,road_3_2_3_1,-0.0003232968447264284,0,0
1400,0,2,road_3_2_3_2,-0.0003232967865187675,0,0
1400,0,2,road_4_1_2_0,0.0,0,0
1400,0,2,road_4_1_2_1,-0.006982168648391962,3,0
1400,0,2,road_4_1_2_2,-0.00017046823631972075,0,0
1400,0,2,road_3_0_1_0,0.0,0,0
1400,0,2,road_3_0_1_1,-0.0003232969029340893,0,0
1400,0,2,road_3_0_1_2,-0.00032329693203791976,0,0
1400,0,2,road_2_1_0_0,0.0,0,0
1400,0,2,road_2_1_0_1,-0.006982168182730675,3,0
1400,0,2,road_2_1_0_2,-0.00017046817811205983,0,0
1400,0,2,road_3_3_3_0,0.0,0,0
1400,0,2,road_3_3_3_1,0.0032382868230342865,3,0
1400,0,2,road_3_3_3_2,0.003602040931582451,3,0
1400,0,2,road_4_2_2_0,0.0,0,0
1400,0,2,road_4_2_2_1,-0.002978894393891096,3,0
1400,0,2,road_4_2_2_2,-0.0027480365242809057,3,0
1400,0,2,road_3_1_1_0,0.0,0,0
1400,0,2,road_3_1_1_1,0.003238286357372999,3,0
1400,0,2,road_3_1_1_2,0.0036020404659211636,3,0
1400,0,2,road_2_2_0_0,0.0,0,0
1400,0,2,road_2_2_0_1,-0.0023767645470798016,0,0
1400,0,2,road_2_2_0_2,-0.0007351692183874547,3,0
1400,0,2,road_3_4_3_0,0.0,0,0
1400,0,2,road_3_4_3_1,-0.0003232968447264284,0,0
1400,0,2,road_3_4_3_2,-0.0003232967865187675,0,0
1400,0,2,road_4_3_2_0,0.0,0,0
1400,0,2,road_4_3_2_1,-0.006982168648391962,3,0
1400,0,2,road_4_3_2_2,-0.00017046823631972075,0,0
1400,0,2,road_3_2_1_0,0.0,0,0
1400,0,2,road_3_2_1_1,-0.0003232969029340893,0,0
1400,0,2,road_3_2_1_2,-0.00032329693203791976,0,0
1400,0,2,road_2_3_0_0,0.0,0,0
1400,0,2,road_2_3_0_1,-0.006982168182730675,3,0
1400,0,2,road_2_3_0_2,-0.00017046817811205983,0,0
1400,0,2,road_3_5_3_0,0.0,0,0
1400,0,2,road_3_5_3_1,-0.0003232968447264284,0,0
1400,0,2,road_3_5_3_2,-0.0003232967865187675,0,0
1400,0,2,road_4_4_2_0,0.0,0,0
1400,0,2,road_4_4_2_1,-0.006982168648391962,3,0
1400,0,2,road_4_4_2_2,-0.00017046823631972075,0,0
1400,0,2,road_3_3_1_0,0.0,0,0
1400,0,2,road_3_3_1_1,-0.0003232969029340893,0,0
1400,0,2,road_3_3_1_2,-0.00032329693203791976,0,0
1400,0,2,road_2_4_0_0,0.0,0,0
1400,0,2,road_2_4_0_1,-0.006982168182730675,3,0
1400,0,2,road_2_4_0_2,-0.00017046817811205983,0,0
1400,0,2,road_4_2_3_0,0.0,0,0
1400,0,2,road_4_2_3_1,-0.0026327683590352535,3,0
1400,0,2,road_4_2_3_2,-0.0025222862605005503,3,0
1400,0,2,road_5_1_2_0,0.0,0,0
1400,0,2,road_5_1_2_1,0.0030035236850380898,3,0
1400,0,2,road_5_1_2_2,0.0024446509778499603,3,0
1400,0,2,road_4_0_1_0,0.0,0,0
1400,0,2,road_4_0_1_1,-8.806364348856732e-06,2,0
1400,0,2,road_4_0_1_2,-0.0018563453340902925,0,0
1400,0,2,road_3_1_0_0,0.0,0,0
1400,0,2,road_3_1_0_1,0.0030035232193768024,3,0
1400,0,2,road_3_1_0_2,0.0024446507450193167,3,0
1400,0,2,road_4_3_3_0,0.0,0,0
1400,0,2,road_4_3_3_1,0.0012686062837019563,3,0
1400,0,2,road_4_3_3_2,0.003469366580247879,3,0
1400,0,2,road_5_2_2_0,0.0,0,0
1400,0,2,road_5_2_2_1,-1.0686796485970262e-05,2,0
1400,0,2,road_5_2_2_2,-0.0031287067104130983,0,0
1400,0,2,road_4_1_1_0,0.0,0,0
1400,0,2,road_4_1_1_1,0.0020260526798665524,3,0
1400,0,2,road_4_1_1_2,0.003430220065638423,3,0
1400,0,2,road_3_2_0_0,0.0,0,0
1400,0,2,road_3_2_0_1,-0.0022590754088014364,3,0
1400,0,2,road_3_2_0_2,-0.002999815158545971,3,0
1400,0,2,road_4_4_3_0,0.0,0,0
1400,0,2,road_4_4_3_1,-0.003031483618542552,3,0
1400,0,2,road_4_4_3_2,-0.0015824877191334963,0,0
1400,0,2,road_5_3_2_0,0.0,0,0
1400,0,2,road_5_3_2_1,-7.819311576895416e-06,3,0
1400,0,2,road_5_3_2_2,-0.0009680151124484837,0,0
1400,0,2,road_4_2_1_0,0.0,0,0
1400,0,2,road_4_2_1_1,7.827621448086575e-05,3,0
1400,0,2,road_4_2_1_2,0.0017326939851045609,0,3
1400,0,2,road_3_3_0_0,0.0,0,0
1400,0,2,road_3_3_0_1,-0.0030797692015767097,3,0
1400,0,2,road_3_3_0_2,-0.0029189118649810553,3,0
1400,0,2,road_4_5_3_0,0.0,0,0
1400,0,2,road_4_5_3_1,-0.001510106842033565,3,0
1400,0,2,road_4_5_3_2,-0.0001909954589791596,0,0
1400,0,2,road_5_4_2_0,0.0,0,0
1400,0,2,road_5_4_2_1,1.9522052753018215e-05,0,3
1400,0,2,road_5_4_2_2,0.00029853428713977337,0,3
1400,0,2,road_4_3_1_0,0.0,0,0
1400,0,2,road_4_3_1_1,-0.0002976006071548909,3,0
1400,0,2,road_4_3_1_2,-0.0029564262367784977,3,0
1400,0,2,road_3_4_0_0,0.0,0,0
1400,0,2,road_3_4_0_1,0.0038023979868739843,0,3
1400,0,2,road_3_4_0_2,0.004143915604799986,0,3
1400,0,3,road_1_2_3_0,0.0,0,0
1400,0,3,road_1_2_3_1,-0.00021186633966863155,3,0
1400,0,3,road_1_2_3_2,-0.002811165526509285,3,0
1400,0,3,road_2_1_2_0,0.0,0,0
1400,0,3,road_2_1_2_1,0.004118046257644892,3,0
1400,0,3,road_2_1_2_2,0.004117813892662525,3,0
1400,0,3,road_1_0_1_0,0.0,0,0
1400,0,3,road_1_0_1_1,-9.167507414531428e-06,3,0
1400,0,3,road_1_0_1_2,-0.0014736775774508715,3,0
1400,0,3,road_0_1_0_0,0.0,0,0
1400,0,3,road_0_1_0_1,1.1099118637503125e-05,3,0
1400,0,3,road_0_1_0_2,6.882382149342448e-05,3,0
1400,0,3,road_1_3_3_0,0.0,0,0
1400,0,3,road_1_3_3_1,0.0030035225208848715,3,0
1400,0,3,road_1_3_3_2,0.0024446514435112476,3,0
1400,0,3,road_2_2_2_0,0.0,0,0
1400,0,3,road_2_2_2_1,-0.002632768824696541,3,0
1400,0,3,road_2_2_2_2,-0.002522286493331194,3,0
1400,0,3,road_1_1_1_0,0.0,0,0
1400,0,3,road_1_1_1_1,0.003003522288054228,3,0
1400,0,3,road_1_1_1_2,0.002444650512188673,3,0
1400,0,3,road_0_2_0_0,0.0,0,0
1400,0,3,road_0_2_0_1,-8.806368896330241e-06,2,0
1400,0,3,road_0_2_0_2,-0.0018563457997515798,0,0
1400,0,3,road_1_4_3_0,0.0,0,0
1400,0,3,road_1_4_3_1,-1.5356983567471616e-05,0,0
1400,0,3,road_1_4_3_2,-0.0003009751671925187,0,0
1400,0,3,road_2_3_2_0,0.0,0,0
1400,0,3,road_2_3_2_1,-0.005036199931055307,3,0
1400,0,3,road_2_3_2_2,-0.0010149821173399687,0,0
1400,0,3,road_1_2_1_0,0.0,0,0
1400,0,3,road_1_2_1_1,-0.0004632966301869601,3,0
1400,0,3,road_1_2_1_2,-0.0007685187156312168,0,0
1400,0,3,road_0_3_0_0,0.0,0,0
1400,0,3,road_0_3_0_1,-0.0032578858081251383,0,0
1400,0,3,road_0_3_0_2,-0.0008031781762838364,0,0
1400,0,3,road_1_5_3_0,0.0,0,0
1400,0,3,road_1_5_3_1,2.1741185264545493e-05,3,0
1400,0,3,road_1_5_3_2,-0.0020695230923593044,0,0
1400,0,3,road_2_4_2_0,0.0,0,0
1400,0,3,road_2_4_2_1,-0.0024453941732645035,3,0
1400,0,3,road_2_4_2_2,-0.0024454148951917887,3,0
1400,0,3,road_1_3_1_0,0.0,0,0
1400,0,3,road_1_3_1_1,0.00293199485167861,3,0
1400,0,3,road_1_3_1_2,-0.0023620021529495716,0,0
1400,0,3,road_0_4_0_0,0.0,0,0
1400,0,3,road_0_4_0_1,-6.86426983520505e-06,3,0
1400,0,3,road_0_4_0_2,-2.6130708647542633e-05,3,0
1400,0,3,road_2_2_3_0,0.0,0,0
1400,0,3,road_2_2_3_1,0.0016767075285315514,3,0
1400,0,3,road_2_2_3_2,0.0034224805422127247,3,0
1400,0,3,road_3_1_2_0,0.0,0,0
1400,0,3,road_3_1_2_1,-0.002434303518384695,3,0
1400,0,3,road_3_1_2_2,-0.0012658312916755676,3,0
1400,0,3,road_2_0_1_0,0.0,0,0
1400,0,3,road_2_0_1_1,0.002692903159186244,3,0
1400,0,3,road_2_0_1_2,0.003392469137907028,3,0
1400,0,3,road_1_1_0_0,0.0,0,0
1400,0,3,road_1_1_0_1,-0.0007755067199468613,2,0
1400,0,3,road_1_1_0_2,-6.461003795266151e-05,0,0
1400,0,3,road_2_3_3_0,0.0,0,0
1400,0,3,road_2_3_3_1,0.0035814675502479076,3,0
1400,0,3,road_2_3_3_2,0.0029699699953198433,3,0
1400,0,3,road_3_2_2_0,0.0,0,0
1400,0,3,road_3_2_2_1,-0.0031536193564534187,3,0
1400,0,3,road_3_2_2_2,-0.0028590853326022625,3,0
1400,0,3,road_2_1_1_0,0.0,0,0
1400,0,3,road_2_1_1_1,0.003581468015909195,3,0
1400,0,3,road_2_1_1_2,0.0029699704609811306,3,0
1400,0,3,road_1_2_0_0,0.0,0,0
1400,0,3,road_1_2_0_1,-0.0020728716626763344,3,0
1400,0,3,road_1_2_0_2,-0.0031536188907921314,3,0
1400,0,3,road_2_4_3_0,0.0,0,0
1400,0,3,road_2_4_3_1,-0.0011250476818531752,3,0
1400,0,3,road_2_4_3_2,0.0006741037941537797,0,3
1400,0,3,road_3_3_2_0,0.0,0,0
1400,0,3,road_3_3_2_1,0.0017825274262577295,3,0
1400,0,3,road_3_3_2_2,0.005142714828252792,3,0
1400,0,3,road_2_2_1_0,0.0,0,0
1400,0,3,road_2_2_1_1,-0.0013591721653938293,3,0
1400,0,3,road_2_2_1_2,-0.0011250480310991406,3,0
1400,0,3,road_1_3_0_0,0.0,0,0
1400,0,3,road_1_3_0_1,0.002690310589969158,3,0
1400,0,3,road_1_3_0_2,0.003625214332714677,0,3
1400,0,3,road_2_5_3_0,0.0,0,0
1400,0,3,road_2_5_3_1,-0.003486792789772153,3,0
1400,0,3,road_2_5_3_2,-0.0034867923241108656,3,0
1400,0,3,road_3_4_2_0,0.0,0,0
1400,0,3,road_3_4_2_1,0.003957460634410381,3,0
1400,0,3,road_3_4_2_2,0.0038661090657114983,3,0
1400,0,3,road_2_3_1_0,0.0,0,0
1400,0,3,road_2_3_1_1,-0.00278963940218091,3,0
1400,0,3,road_2_3_1_2,-0.002789638936519623,3,0
1400,0,3,road_1_4_0_0,0.0,0,0
1400,0,3,road_1_4_0_1,0.0014434269396588206,3,0
1400,0,3,road_1_4_0_2,0.0028889114037156105,3,0
1400,0,3,road_3_2_3_0,0.0,0,0
1400,0,3,road_3_2_3_1,-0.0003232968447264284,0,0
1400,0,3,road_3_2_3_2,-0.0003232967865187675,0,0
1400,0,3,road_4_1_2_0,0.0,0,0
1400,0,3,road_4_1_2_1,-0.006982168648391962,3,0
1400,0,3,road_4_1_2_2,-0.00017046823631972075,0,0
1400,0,3,road_3_0_1_0,0.0,0,0
1400,0,3,road_3_0_1_1,-0.0003232969029340893,0,0
1400,0,3,road_3_0_1_2,-0.00032329693203791976,0,0
1400,0,3,road_2_1_0_0,0.0,0,0
1400,0,3,road_2_1_0_1,-0.006982168182730675,3,0
1400,0,3,road_2_1_0_2,-0.00017046817811205983,0,0
1400,0,3,road_3_3_3_0,0.0,0,0
1400,0,3,road_3_3_3_1,0.0032382868230342865,3,0
1400,0,3,road_3_3_3_2,0.003602040931582451,3,0
1400,0,3,road_4_2_2_0,0.0,0,0
1400,0,3,road_4_2_2_1,-0.002978894393891096,3,0
1400,0,3,road_4_2_2_2,-0.0027480365242809057,3,0
1400,0,3,road_3_1_1_0,0.0,0,0
1400,0,3,road_3_1_1_1,0.003238286357372999,3,0
1400,0,3,road_3_1_1_2,0.0036020404659211636,3,0
1400,0,3,road_2_2_0_0,0.0,0,0
1400,0,3,road_2_2_0_1,-0.0023767645470798016,0,0
1400,0,3,road_2_2_0_2,-0.0007351692183874547,3,0
1400,0,3,road_3_4_3_0,0.0,0,0
1400,0,3,road_3_4_3_1,-0.0003232968447264284,0,0
1400,0,3,road_3_4_3_2,-0.0003232967865187675,0,0
1400,0,3,road_4_3_2_0,0.0,0,0
1400,0,3,road_4_3_2_1,-0.006982168648391962,3,0
1400,0,3,road_4_3_2_2,-0.00017046823631972075,0,0
1400,0,3,road_3_2_1_0,0.0,0,0
1400,0,3,road_3_2_1_1,-0.0003232969029340893,0,0
1400,0,3,road_3_2_1_2,-0.00032329693203791976,0,0
1400,0,3,road_2_3_0_0,0.0,0,0
1400,0,3,road_2_3_0_1,-0.006982168182730675,3,0
1400,0,3,road_2_3_0_2,-0.00017046817811205983,0,0
1400,0,3,road_3_5_3_0,0.0,0,0
1400,0,3,road_3_5_3_1,-0.0003232968447264284,0,0
1400,0,3,road_3_5_3_2,-0.0003232967865187675,0,0
1400,0,3,road_4_4_2_0,0.0,0,0
1400,0,3,road_4_4_2_1,-0.006982168648391962,3,0
1400,0,3,road_4_4_2_2,-0.00017046823631972075,0,0
1400,0,3,road_3_3_1_0,0.0,0,0
1400,0,3,road_3_3_1_1,-0.0003232969029340893,0,0
1400,0,3,road_3_3_1_2,-0.00032329693203791976,0,0
1400,0,3,road_2_4_0_0,0.0,0,0
1400,0,3,road_2_4_0_1,-0.006982168182730675,3,0
1400,0,3,road_2_4_0_2,-0.00017046817811205983,0,0
1400,0,3,road_4_2_3_0,0.0,0,0
1400,0,3,road_4_2_3_1,-0.0026327683590352535,3,0
1400,0,3,road_4_2_3_2,-0.0025222862605005503,3,0
1400,0,3,road_5_1_2_0,0.0,0,0
1400,0,3,road_5_1_2_1,0.0030035236850380898,3,0
1400,0,3,road_5_1_2_2,0.0024446509778499603,3,0
1400,0,3,road_4_0_1_0,0.0,0,0
1400,0,3,road_4_0_1_1,-8.806364348856732e-06,2,0
1400,0,3,road_4_0_1_2,-0.0018563453340902925,0,0
1400,0,3,road_3_1_0_0,0.0,0,0
1400,0,3,road_3_1_0_1,0.0030035232193768024,3,0
1400,0,3,road_3_1_0_2,0.0024446507450193167,3,0
1400,0,3,road_4_3_3_0,0.0,0,0
1400,0,3,road_4_3_3_1,0.0012686062837019563,3,0
1400,0,3,road_4_3_3_2,0.003469366580247879,3,0
1400,0,3,road_5_2_2_0,0.0,0,0
1400,0,3,road_5_2_2_1,-1.0686796485970262e-05,2,0
1400,0,3,road_5_2_2_2,-0.0031287067104130983,0,0
1400,0,3,road_4_1_1_0,0.0,0,0
1400,0,3,road_4_1_1_1,0.0020260526798665524,3,0
1400,0,3,road_4_1_1_2,0.003430220065638423,3,0
1400,0,3,road_3_2_0_0,0.0,0,0
1400,0,3,road_3_2_0_1,-0.0022590754088014364,3,0
1400,0,3,road_3_2_0_2,-0.002999815158545971,3,0
1400,0,3,road_4_4_3_0,0.0,0,0
1400,0,3,road_4_4_3_1,-0.002010360127314925,3,0
1400,0,3,road_4_4_3_2,-0.0023289520759135485,0,0
1400,0,3,road_5_3_2_0,0.0,0,0
1400,0,3,road_5_3_2_1,-8.186329978343565e-06,3,0
1400,0,3,road_5_3_2_2,-0.0010788461659103632,0,0
1400,0,3,road_4_2_1_0,0.0,0,0
1400,0,3,road_4_2_1_1,9.926163329510018e-05,3,0
1400,0,3,road_4_2_1_2,0.003098537912592292,3,0
1400,0,3,road_3_3_0_0,0.0,0,0
1400,0,3,road_3_3_0_1,-0.0027784432750195265,3,0
1400,0,3,road_3_3_0_2,-0.0027619916945695877,3,0
1400,0,3,road_4_5_3_0,0.0,0,0
1400,0,3,road_4_5_3_1,0.006585012190043926,3,0
1400,0,3,road_4_5_3_2,0.0011695512803271413,0,3
1400,0,3,road_5_4_2_0,0.0,0,0
1400,0,3,road_5_4_2_1,-6.5251902015006635e-06,3,0
1400,0,3,road_5_4_2_2,-0.00010053024016087875,3,0
1400,0,3,road_4_3_1_0,0.0,0,0
1400,0,3,road_4_3_1_1,0.00017009457224048674,3,0
1400,0,3,road_4_3_1_2,0.001027515041641891,3,0
1400,0,3,road_3_4_0_0,0.0,0,0
1400,0,3,road_3_4_0_1,-0.0017815126338973641,3,0
1400,0,3,road_3_4_0_2,-0.00212759617716074,3,0
1600,0,0,road_1_2_3_0,0.0,0,0
1600,0,0,road_1_2_3_1,-0.0003319639654364437,0,0
1600,0,0,road_1_2_3_2,-0.0015603494830429554,0,0
1600,0,0,road_2_1_2_0,0.0,0,0
1600,0,0,road_2_1_2_1,0.0018316543428227305,0,3
1600,0,0,road_2_1_2_2,0.001830395427532494,0,3
1600,0,0,road_1_0_1_0,0.0,0,0
1600,0,0,road_1_0_1_1,-1.750401861499995e-05,0,0
1600,0,0,road_1_0_1_2,-0.0032322455663233995,0,0
1600,0,0,road_0_1_0_0,0.0,0,0
1600,0,0,road_0_1_0_1,1.6565387340961024e-05,0,3
1600,0,0,road_0_1_0_2,9.061629680218175e-05,0,3
1600,0,0,road_1_3_3_0,0.0,0,0
1600,0,0,road_1_3_3_1,0.0019832290709018707,0,3
1600,0,0,road_1_3_3_2,0.0006770699401386082,0,3
1600,0,0,road_2_2_2_0,0.0,0,0
1600,0,0,road_2_2_2_1,0.003064817748963833,0,3
1600,0,0,road_2_2_2_2,0.0013744906755164266,0,3
1600,0,0,road_1_1_1_0,0.0,0,0
1600,0,0,road_1_1_1_1,0.0019832293037325144,0,3
1600,0,0,road_1_1_1_2,0.000677070114761591,0,3
1600,0,0,road_0_2_0_0,0.0,0,0
1600,0,0,road_0_2_0_1,1.826714287744835e-05,0,2
1600,0,0,road_0_2_0_2,-0.00068880949402228,0,0
1600,0,0,road_1_4_3_0,0.0,0,0
1600,0,0,road_1_4_3_1,-1.3633911294164136e-05,0,0
1600,0,0,road_1_4_3_2,-0.0003445987240411341,0,0
1600,0,0,road_2_3_2_0,0.0,0,0
1600,0,0,road_2_3_2_1,-0.0011819439241662621,0,0
1600,0,0,road_2_3_2_2,-0.000821462192106992,0,0
1600,0,0,road_1_2_1_0,0.0,0,0
1600,0,0,road_1_2_1_1,-0.0016022170893847942,0,3
1600,0,0,road_1_2_1_2,-0.0013492598664015532,0,0
1600,0,0,road_0_3_0_0,0.0,0,0
1600,0,0,road_0_3_0_1,-0.0011819439241662621,0,0
1600,0,0,road_0_3_0_2,-0.0008214623085223138,0,0
1600,0,0,road_1_5_3_0,0.0,0,0
1600,0,0,road_1_5_3_1,1.8958469809149392e-05,0,3
1600,0,0,road_1_5_3_2,0.00082752964226529,0,3
1600,0,0,road_2_4_2_0,0.0,0,0
1600,0,0,road_2_4_2_1,-0.00170232099480927,0,0
1600,0,0,road_2_4_2_2,-0.0019094098825007677,0,0
1600,0,0,road_1_3_1_0,0.0,0,0
1600,0,0,road_1_3_1_1,0.0015901080332696438,0,3
1600,0,0,road_1_3_1_2,0.0012733531184494495,0,3
1600,0,0,road_0_4_0_0,0.0,0,0
1600,0,0,road_0_4_0_1,-1.6446712834294885e-05,0,0
1600,0,0,road_0_4_0_2,-2.5484738216619007e-05,0,0
1600,0,0,road_2_2_3_0,0.0,0,0
1600,0,0,road_2_2_3_1,0.0010603389237076044,0,3
1600,0,0,road_2_2_3_2,0.002011042321100831,0,3
1600,0,0,road_3_1_2_0,0.0,0,0
1600,0,0,road_3_1_2_1,-0.006744758225977421,0,0
1600,0,0,road_3_1_2_2,0.00028661504620686173,0,3
1600,0,0,road_2_0_1_0,0.0,0,0
1600,0,0,road_2_0_1_1,0.0006910873344168067,0,3
1600,0,0,road_2_0_1_2,0.0016598016954958439,0,3
1600,0,0,road_1_1_0_0,0.0,0,0
1600,0,0,road_1_1_0_1,0.00018096678832080215,0,2
1600,0,0,road_1_1_0_2,0.0037668461445719004,0,3
1600,0,0,road_2_3_3_0,0.0,0,0
1600,0,0,road_2_3_3_1,0.0010536049958318472,0,3
1600,0,0,road_2_3_3_2,0.00011408289719838649,0,3
1600,0,0,road_3_2_2_0,0.0,0,0
1600,0,0,road_3_2_2_1,-0.0004460881173145026,0,0
1600,0,0,road_3_2_2_2,0.00027439402765594423,0,3
1600,0,0,road_2_1_1_0,0.0,0,0
1600,0,0,road_2_1_1_1,0.0010536049958318472,0,3
1600,0,0,road_2_1_1_2,0.00011408293357817456,0,3
1600,0,0,road_1_2_0_0,0.0,0,0
1600,0,0,road_1_2_0_1,-0.001974831335246563,0,0
1600,0,0,road_1_2_0_2,-0.0002650078968144953,0,0
1600,0,0,road_2_4_3_0,0.0,0,0
1600,0,0,road_2_4_3_1,0.00040628184797242284,0,3
1600,0,0,road_2_4_3_2,0.0009467388154007494,0,3
1600,0,0,road_3_3_2_0,0.0,0,0
1600,0,0,road_3_3_2_1,0.00022184794943314046,0,3
1600,0,0,road_3_3_2_2,-0.00044991233153268695,0,0
1600,0,0,road_2_2_1_0,0.0,0,0
1600,0,0,road_2_2_1_1,-0.002239564899355173,0,0
1600,0,0,road_2_2_1_2,-0.0006650035502389073,0,0
1600,0,0,road_1_3_0_0,0.0,0,0
1600,0,0,road_1_3_0_1,0.001064514392055571,0,3
1600,0,0,road_1_3_0_2,-5.239806341705844e-05,0,0
1600,0,0,road_2_5_3_0,0.0,0,0
1600,0,0,road_2_5_3_1,0.00011697688023559749,0,3
1600,0,0,road_2_5_3_2,0.00011697682202793658,0,3
1600,0,0,road_3_4_2_0,0.0,0,0
1600,0,0,road_3_4_2_1,-0.00043684657430276275,0,0
1600,0,0,road_3_4_2_2,0.0001299663563258946,0,3
1600,0,0,road_2_3_1_0,0.0,0,0
1600,0,0,road_2_3_1_1,0.0014230941887944937,0,3
1600,0,0,road_2_3_1_2,0.0014230941887944937,0,3
1600,0,0,road_1_4_0_0,0.0,0,0
1600,0,0,road_1_4_0_1,-0.0011967209866270423,0,0
1600,0,0,road_1_4_0_2,-0.00041001749923452735,0,0
1600,0,0,road_3_2_3_0,0.0,0,0
1600,0,0,road_3_2_3_1,-0.00016070512356236577,0,0
1600,0,0,road_3_2_3_2,-0.00016070531273726374,0,0
1600,0,0,road_4_1_2_0,0.0,0,0
1600,0,0,road_4_1_2_1,0.0003069000376854092,0,3
1600,0,0,road_4_1_2_2,-0.0002681637997739017,0,0
1600,0,0,road_3_0_1_0,0.0,0,0
1600,0,0,road_3_0_1_1,-0.0001607051963219419,0,0
1600,0,0,road_3_0_1_2,-0.00016070541460067034,0,0
1600,0,0,road_2_1_0_0,0.0,0,0
1600,0,0,road_2_1_0_1,0.00030690000858157873,0,3
1600,0,0,road_2_1_0_2,-0.00026816397439688444,0,0
1600,0,0,road_3_3_3_0,0.0,0,0
1600,0,0,road_3_3_3_1,0.00012458623677957803,0,3
1600,0,0,road_3_3_3_2,0.0018131794640794396,0,3
1600,0,0,road_4_2_2_0,0.0,0,0
1600,0,0,road_4_2_2_1,-0.0017432284075766802,0,0
1600,0,0,road_4_2_2_2,-0.000283361179754138,0,0
1600,0,0,road_3_1_1_0,0.0,0,0
1600,0,0,road_3_1_1_1,0.00012458639685064554,0,3
1600,0,0,road_3_1_1_2,0.0018131795804947615,0,3
1600,0,0,road_2_2_0_0,0.0,0,0
1600,0,0,road_2_2_0_1,-0.0014332006685435772,0,0
1600,0,0,road_2_2_0_2,-0.00031469156965613365,0,0
1600,0,0,road_3_4_3_0,0.0,0,0
1600,0,0,road_3_4_3_1,-0.00016070512356236577,0,0
1600,0,0,road_3_4_3_2,-0.00016070531273726374,0,0
1600,0,0,road_4_3_2_0,0.0,0,0
1600,0,0,road_4_3_2_1,0.0003069000376854092,0,3
1600,0,0,road_4_3_2_2,-0.0002681637997739017,0,0
1600,0,0,road_3_2_1_0,0.0,0,0
1600,0,0,road_3_2_1_1,-0.0001607051963219419,0,0
1600,0,0,road_3_2_1_2,-0.00016070541460067034,0,0
1600,0,0,road_2_3_0_0,0.0,0,0
1600,0,0,road_2_3_0_1,0.00030690000858157873,0,3
1600,0,0,road_2_3_0_2,-0.00026816397439688444,0,0
1600,0,0,road_3_5_3_0,0.0,0,0
1600,0,0,road_3_5_3_1,-0.00026500801322981715,0,0
1600,0,0,road_3_5_3_2,0.0002743939694482833,0,3
1600,0,0,road_4_4_2_0,0.0,0,0
1600,0,0,road_4_4_2_1,0.0010536052286624908,0,3
1600,0,0,road_4_4_2_2,0.00011408294813008979,0,3
1600,0,0,road_3_3_1_0,0.0,0,0
1600,0,0,road_3_3_1_1,-0.001974832033738494,0,0
1600,0,0,road_3_3_1_2,-0.0004460886702872813,0,0
1600,0,0,road_2_4_0_0,0.0,0,0
1600,0,0,road_2_4_0_1,0.0010536049958318472,0,3
1600,0,0,road_2_4_0_2,0.00011408267891965806,0,3
1600,0,0,road_4_2_3_0,0.0,0,0
1600,0,0,road_4_2_3_1,0.003158879466354847,0,3
1600,0,0,road_4_2_3_2,-0.0003800702397711575,0,0
1600,0,0,road_5_1_2_0,0.0,0,0
1600,0,0,road_5_1_2_1,0.001977662555873394,0,3
1600,0,0,road_5_1_2_2,0.0006857134867459536,0,3
1600,0,0,road_4_0_1_0,0.0,0,0
1600,0,0,road_4_0_1_1,1.0093005585076753e-05,0,3
1600,0,0,road_4_0_1_2,-0.0047203972935676575,0,0
1600,0,0,road_3_1_0_0,0.0,0,0
1600,0,0,road_3_1_0_1,0.0019776620902121067,0,3
1600,0,0,road_3_1_0_2,0.0006857131374999881,0,3
1600,0,0,road_4_3_3_0,0.0,0,0
1600,0,0,road_4_3_3_1,0.004353862255811691,0,3
1600,0,0,road_4_3_3_2,0.0026083961129188538,0,3
1600,0,0,road_5_2_2_0,0.0,0,0
1600,0,0,road_5_2_2_1,1.8630633348948322e-05,0,2
1600,0,0,road_5_2_2_2,-0.0039939871057868,0,0
1600,0,0,road_4_1_1_0,0.0,0,0
1600,0,0,road_4_1_1_1,0.00153695372864604,0,3
1600,0,0,road_4_1_1_2,0.001974245999008417,0,3
1600,0,0,road_3_2_0_0,0.0,0,0
1600,0,0,road_3_2_0_1,0.007552003487944603,0,3
1600,0,0,road_3_2_0_2,0.0003956670989282429,0,3
1600,0,0,road_4_4_3_0,0.0,0,0
1600,0,0,road_4_4_3_1,0.0029786499217152596,0,3
1600,0,0,road_4_4_3_2,-0.0005396889755502343,0,0
1600,0,0,road_5_3_2_0,0.0,0,0
1600,0,0,road_5_3_2_1,-1.851856359280646e-05,0,0
1600,0,0,road_5_3_2_2,-0.0011333050206303596,0,0
1600,0,0,road_4_2_1_0,0.0,0,0
1600,0,0,road_4_2_1_1,6.1024606111459434e-05,0,3
1600,0,0,road_4_2_1_2,-0.00391688896343112,0,0
1600,0,0,road_3_3_0_0,0.0,0,0
1600,0,0,road_3_3_0_1,-0.0008708609966561198,0,0
1600,0,0,road_3_3_0_2,-0.0007186662405729294,0,0
1600,0,0,road_4_5_3_0,0.0,0,0
1600,0,0,road_4_5_3_1,0.003132177982479334,0,3
1600,0,0,road_4_5_3_2,-0.0003990701225120574,0,0
1600,0,0,road_5_4_2_0,0.0,0,0
1600,0,0,road_5_4_2_1,-2.0729235984617844e-05,0,0
1600,0,0,road_5_4_2_2,-0.00010889316763496026,0,0
1600,0,0,road_4_3_1_0,0.0,0,0
1600,0,0,road_4_3_1_1,5.701701593352482e-05,0,3
1600,0,0,road_4_3_1_2,-0.0043321396224200726,0,0
1600,0,0,road_3_4_0_0,0.0,0,0
1600,0,0,road_3_4_0_1,-0.000711925677023828,0,0
1600,0,0,road_3_4_0_2,-0.0007416350999847054,0,0
1600,0,1,road_1_2_3_0,0.0,0,0
1600,0,1,road_1_2_3_1,0.00029896406340412796,0,3
1600,0,1,road_1_2_3_2,0.002897137776017189,0,3
1600,0,1,road_2_1_2_0,0.0,0,0
1600,0,1,road_2_1_2_1,-0.0019039360340684652,3,0
1600,0,1,road_2_1_2_2,-0.001904174336232245,3,0
1600,0,1,road_1_0_1_0,0.0,0,0
1600,0,1,road_1_0_1_1,1.8014970919466577e-05,0,3
1600,0,1,road_1_0_1_2,0.008282555267214775,0,3
1600,0,1,road_0_1_0_0,0.0,0,0
1600,0,1,road_0_1_0_1,-6.247452347452054e-06,3,0
1600,0,1,road_0_1_0_2,-3.532104892656207e-05,3,0
1600,0,1,road_1_3_3_0,0.0,0,0
1600,0,1,road_1_3_3_1,0.0030042105354368687,3,0
1600,0,1,road_1_3_3_2,0.0024453101214021444,3,0
1600,0,1,road_2_2_2_0,0.0,0,0
1600,0,1,road_2_2_2_1,-0.0026335231959819794,3,0
1600,0,1,road_2_2_2_2,-0.002522998722270131,3,0
1600,0,1,road_1_1_1_0,0.0,0,0
1600,0,1,road_1_1_1_1,0.0030042100697755814,3,0
1600,0,1,road_1_1_1_2,0.0024453101214021444,3,0
1600,0,1,road_0_2_0_0,0.0,0,0
1600,0,1,road_0_2_0_1,-1.1666707905533258e-05,2,0
1600,0,1,road_0_2_0_2,-0.0018569494131952524,0,0
1600,0,1,road_1_4_3_0,0.0,0,0
1600,0,1,road_1_4_3_1,-1.4533369721903e-05,0,0
1600,0,1,road_1_4_3_2,-0.00033216123119927943,0,0
1600,0,1,road_2_3_2_0,0.0,0,0
1600,0,1,road_2_3_2_1,-0.0011467610020190477,0,3
1600,0,1,road_2_3_2_2,-0.0008493022178299725,0,0
1600,0,1,road_1_2_1_0,0.0,0,0
1600,0,1,road_1_2_1_1,-0.0006572700222022831,3,0
1600,0,1,road_1_2_1_2,-0.000852414988912642,0,0
1600,0,1,road_0_3_0_0,0.0,0,0
1600,0,1,road_0_3_0_1,-0.0011467610020190477,0,0
1600,0,1,road_0_3_0_2,-0.0008493022178299725,0,0
1600,0,1,road_1_5_3_0,0.0,0,0
1600,0,1,road_1_5_3_1,-6.638988907070598e-06,3,0
1600,0,1,road_1_5_3_2,-0.0006392006180249155,3,0
1600,0,1,road_2_4_2_0,0.0,0,0
1600,0,1,road_2_4_2_1,0.0030293960589915514,0,3
1600,0,1,road_2_4_2_2,0.003301826771348715,0,3
1600,0,1,road_1_3_1_0,0.0,0,0
1600,0,1,road_1_3_1_1,-0.0010746438056230545,3,0
1600,0,1,road_1_3_1_2,-0.0020699314773082733,3,0
1600,0,1,road_0_4_0_0,0.0,0,0
1600,0,1,road_0_4_0_1,1.58730945258867e-05,0,3
1600,0,1,road_0_4_0_2,2.396174386376515e-05,0,3
1600,0,1,road_2_2_3_0,0.0,0,0
1600,0,1,road_2_2_3_1,0.0020860161166638136,3,0
1600,0,1,road_2_2_3_2,0.0033120978623628616,3,0
1600,0,1,road_3_1_2_0,0.0,0,0
1600,0,1,road_3_1_2_1,-0.001954123377799988,0,0
1600,0,1,road_3_1_2_2,-0.0014199926517903805,3,0
1600,0,1,road_2_0_1_0,0.0,0,0
1600,0,1,road_2_0_1_1,0.002609946997836232,3,0
1600,0,1,road_2_0_1_2,0.0032612779177725315,3,0
1600,0,1,road_1_1_0_0,0.0,0,0
1600,0,1,road_1_1_0_1,-0.0006112249684520066,2,0
1600,0,1,road_1_1_0_2,-0.002303181914612651,3,0
1600,0,1,road_2_3_3_0,0.0,0,0
1600,0,1,road_2_3_3_1,0.0013520545326173306,3,0
1600,0,1,road_2_3_3_2,0.003693835809826851,3,0
1600,0,1,road_3_2_2_0,0.0,0,0
1600,0,1,road_3_2_2_1,0.0004615051147993654,0,3
1600,0,1,road_3_2_2_2,0.0009801648557186127,3,0
1600,0,1,road_2_1_1_0,0.0,0,0
1600,0,1,road_2_1_1_1,0.001352054299786687,3,0
1600,0,1,road_2_1_1_2,0.00369383511133492,3,0
1600,0,1,road_1_2_0_0,0.0,0,0
1600,0,1,road_1_2_0_1,-0.0003847329644486308,0,0
1600,0,1,road_1_2_0_2,0.00046150549314916134,0,3
1600,0,1,road_2_4_3_0,0.0,0,0
1600,0,1,road_2_4_3_1,-0.002409666543826461,3,0
1600,0,1,road_2_4_3_2,-1.0708958143368363e-05,3,0
1600,0,1,road_3_3_2_0,0.0,0,0
1600,0,1,road_3_3_2_1,-0.0037282961420714855,3,0
1600,0,1,road_3_3_2_2,-0.0010485791135579348,0,0
1600,0,1,road_2_2_1_0,0.0,0,0
1600,0,1,road_2_2_1_1,-0.0006087406072765589,0,0
1600,0,1,road_2_2_1_2,0.0016251194756478071,0,3
1600,0,1,road_1_3_0_0,0.0,0,0
1600,0,1,road_1_3_0_1,0.0007588720764033496,3,0
1600,0,1,road_1_3_0_2,0.0029902569949626923,0,3
1600,0,1,road_2_5_3_0,0.0,0,0
1600,0,1,road_2_5_3_1,0.003408568911254406,3,0
1600,0,1,road_2_5_3_2,0.003408568911254406,3,0
1600,0,1,road_3_4_2_0,0.0,0,0
1600,0,1,road_3_4_2_1,0.002175598870962858,0,3
1600,0,1,road_3_4_2_2,0.002081915270537138,3,0
1600,0,1,road_2_3_1_0,0.0,0,0
1600,0,1,road_2_3_1_1,0.0032260837033391,3,0
1600,0,1,road_2_3_1_2,0.003226084169000387,3,0
1600,0,1,road_1_4_0_0,0.0,0,0
1600,0,1,road_1_4_0_1,0.0020819150377064943,0,3
1600,0,1,road_1_4_0_2,0.002175598870962858,0,3
1600,0,1,road_3_2_3_0,0.0,0,0
1600,0,1,road_3_2_3_1,-0.0003232968447264284,0,0
1600,0,1,road_3_2_3_2,-0.0003232967865187675,0,0
1600,0,1,road_4_1_2_0,0.0,0,0
1600,0,1,road_4_1_2_1,-0.006982168648391962,3,0
1600,0,1,road_4_1_2_2,-0.00017046823631972075,0,0
1600,0,1,road_3_0_1_0,0.0,0,0
1600,0,1,road_3_0_1_1,-0.0003232969029340893,0,0
1600,0,1,road_3_0_1_2,-0.00032329693203791976,0,0
1600,0,1,road_2_1_0_0,0.0,0,0
1600,0,1,road_2_1_0_1,-0.006982168182730675,3,0
1600,0,1,road_2_1_0_2,-0.00017046817811205983,0,0
1600,0,1,road_3_3_3_0,0.0,0,0
1600,0,1,road_3_3_3_1,0.003719806205481291,3,0
1600,0,1,road_3_3_3_2,0.0016342028975486755,3,0
1600,0,1,road_4_2_2_0,0.0,0,0
1600,0,1,road_4_2_2_1,0.001429811236448586,0,3
1600,0,1,road_4_2_2_2,-0.0002584418107289821,0,0
1600,0,1,road_3_1_1_0,0.0,0,0
1600,0,1,road_3_1_1_1,0.003719805972650647,3,0
1600,0,1,road_3_1_1_2,0.0016342020826414227,3,0
1600,0,1,road_2_2_0_0,0.0,0,0
1600,0,1,road_2_2_0_1,0.001805103849619627,0,3
1600,0,1,road_2_2_0_2,8.446138235740364e-05,0,3
1600,0,1,road_3_4_3_0,0.0,0,0
1600,0,1,road_3_4_3_1,-0.0003232968447264284,0,0
1600,0,1,road_3_4_3_2,-0.0003232967865187675,0,0
1600,0,1,road_4_3_2_0,0.0,0,0
1600,0,1,road_4_3_2_1,-0.006982168648391962,3,0
1600,0,1,road_4_3_2_2,-0.00017046823631972075,0,0
1600,0,1,road_3_2_1_0,0.0,0,0
1600,0,1,road_3_2_1_1,-0.0003232969029340893,0,0
1600,0,1,road_3_2_1_2,-0.00032329693203791976,0,0
1600,0,1,road_2_3_0_0,0.0,0,0
1600,0,1,road_2_3_0_1,-0.006982168182730675,3,0
1600,0,1,road_2_3_0_2,-0.00017046817811205983,0,0
1600,0,1,road_3_5_3_0,0.0,0,0
1600,0,1,road_3_5_3_1,0.0004615057841874659,0,3
1600,0,1,road_3_5_3_2,0.0009801653213799,3,0
1600,0,1,road_4_4_2_0,0.0,0,0
1600,0,1,road_4_4_2_1,0.0013520570937544107,3,0
1600,0,1,road_4_4_2_2,0.003693836508318782,3,0
1600,0,1,road_3_3_1_0,0.0,0,0
1600,0,1,road_3_3_1_1,-0.00038473200402222574,0,0
1600,0,1,road_3_3_1_2,0.0004615054640453309,0,3
1600,0,1,road_2_4_0_0,0.0,0,0
1600,0,1,road_2_4_0_1,0.0013520574430003762,3,0
1600,0,1,road_2_4_0_2,0.0036938367411494255,3,0
1600,0,1,road_4_2_3_0,0.0,0,0
1600,0,1,road_4_2_3_1,-0.0012918577995151281,3,0
1600,0,1,road_4_2_3_2,0.0003627259866334498,0,3
1600,0,1,road_5_1_2_0,0.0,0,0
1600,0,1,road_5_1_2_1,0.0024085454642772675,3,0
1600,0,1,road_5_1_2_2,0.0028926890809088945,3,0
1600,0,1,road_4_0_1_0,0.0,0,0
1600,0,1,road_4_0_1_1,-9.157416570815258e-06,3,0
1600,0,1,road_4_0_1_2,-0.001291857217438519,0,0
1600,0,1,road_3_1_0_0,0.0,0,0
1600,0,1,road_3_1_0_1,0.0024085447657853365,3,0
1600,0,1,road_3_1_0_2,0.002892688848078251,3,0
1600,0,1,road_4_3_3_0,0.0,0,0
1600,0,1,road_4_3_3_1,0.0014759700279682875,3,0
1600,0,1,road_4_3_3_2,0.003124861977994442,3,0
1600,0,1,road_5_2_2_0,0.0,0,0
1600,0,1,road_5_2_2_1,-1.746450834616553e-05,2,0
1600,0,1,road_5_2_2_2,-0.0029007175471633673,0,0
1600,0,1,road_4_1_1_0,0.0,0,0
1600,0,1,road_4_1_1_1,0.0018643555231392384,3,0
1600,0,1,road_4_1_1_2,0.0031023884657770395,3,0
1600,0,1,road_3_2_0_0,0.0,0,0
1600,0,1,road_3_2_0_1,-0.0022746517788618803,3,0
1600,0,1,road_3_2_0_2,-0.002901052590459585,3,0
1600,0,1,road_4_4_3_0,0.0,0,0
1600,0,1,road_4_4_3_1,-0.0015772138722240925,3,0
1600,0,1,road_4_4_3_2,-0.0008259445312432945,0,0
1600,0,1,road_5_3_2_0,0.0,0,0
1600,0,1,road_5_3_2_1,2.144792233593762e-05,0,3
1600,0,1,road_5_3_2_2,0.0011278798338025808,0,3
1600,0,1,road_4_2_1_0,0.0,0,0
1600,0,1,road_4_2_1_1,-8.519968105247244e-05,3,0
1600,0,1,road_4_2_1_2,-0.001409368822351098,0,0
1600,0,1,road_3_3_0_0,0.0,0,0
1600,0,1,road_3_3_0_1,0.003465991234406829,0,3
1600,0,1,road_3_3_0_2,0.0026292952243238688,0,3
1600,0,1,road_4_5_3_0,0.0,0,0
1600,0,1,road_4_5_3_1,-0.004316823557019234,3,0
1600,0,1,road_4_5_3_2,-0.0019637816585600376,0,0
1600,0,1,road_5_4_2_0,0.0,0,0
1600,0,1,road_5_4_2_1,-1.8925758922705427e-05,0,0
1600,0,1,road_5_4_2_2,-0.00010530419967835769,0,0
1600,0,1,road_4_3_1_0,0.0,0,0
1600,0,1,road_4_3_1_1,0.00010456891322974116,3,0
1600,0,1,road_4_3_1_2,0.0019665886647999287,0,3
1600,0,1,road_3_4_0_0,0.0,0,0
1600,0,1,road_3_4_0_1,-0.0008951477357186377,0,0
1600,0,1,road_3_4_0_2,-0.0010563761461526155,0,0
1600,0,2,road_1_2_3_0,0.0,0,0
1600,0,2,road_1_2_3_1,-0.00017169192142318934,3,0
1600,0,2,road_1_2_3_2,-0.002800570335239172,3,0
1600,0,2,road_2_1_2_0,0.0,0,0
1600,0,2,road_2_1_2_1,0.0041070664301514626,3,0
1600,0,2,road_2_1_2_2,0.004106833133846521,3,0
1600,0,2,road_1_0_1_0,0.0,0,0
1600,0,2,road_1_0_1_1,-9.132410013990011e-06,3,0
1600,0,2,road_1_0_1_2,-0.0014679307350888848,3,0
1600,0,2,road_0_1_0_0,0.0,0,0
1600,0,2,road_0_1_0_1,1.1065615581173915e-05,3,0
1600,0,2,road_0_1_0_2,6.862769077997655e-05,3,0
1600,0,2,road_1_3_3_0,0.0,0,0
1600,0,2,road_1_3_3_1,0.0030042105354368687,3,0
1600,0,2,road_1_3_3_2,0.0024453101214021444,3,0
1600,0,2,road_2_2_2_0,0.0,0,0
1600,0,2,road_2_2_2_1,-0.0026335231959819794,3,0
1600,0,2,road_2_2_2_2,-0.002522998722270131,3,0
1600,0,2,road_1_1_1_0,0.0,0,0
1600,0,2,road_1_1_1_1,0.0030042100697755814,3,0
1600,0,2,road_1_1_1_2,0.0024453101214021444,3,0
1600,0,2,road_0_2_0_0,0.0,0,0
1600,0,2,road_0_2_0_1,-1.1666707905533258e-05,2,0
1600,0,2,road_0_2_0_2,-0.0018569494131952524,0,0
1600,0,2,road_1_4_3_0,0.0,0,0
1600,0,2,road_1_4_3_1,-1.3310726899362635e-05,0,0
1600,0,2,road_1_4_3_2,-0.0003071097598876804,0,0
1600,0,2,road_2_3_2_0,0.0,0,0
1600,0,2,road_2_3_2_1,-0.005043154116719961,3,0
1600,0,2,road_2_3_2_2,-0.0010450431145727634,0,0
1600,0,2,road_1_2_1_0,0.0,0,0
1600,0,2,road_1_2_1_1,-0.0006197011680342257,3,0
1600,0,2,road_1_2_1_2,-0.0007918684277683496,0,0
1600,0,2,road_0_3_0_0,0.0,0,0
1600,0,2,road_0_3_0_1,-0.0032602204009890556,0,0
1600,0,2,road_0_3_0_2,-0.0008258328307420015,0,0
1600,0,2,road_1_5_3_0,0.0,0,0
1600,0,2,road_1_5_3_1,9.627407052903436e-06,3,0
1600,0,2,road_1_5_3_2,0.0008352045551873744,3,0
1600,0,2,road_2_4_2_0,0.0,0,0
1600,0,2,road_2_4_2_1,-0.0019129543798044324,3,0
1600,0,2,road_2_4_2_2,-0.002934602554887533,3,0
1600,0,2,road_1_3_1_0,0.0,0,0
1600,0,2,road_1_3_1_1,0.002648764755576849,3,0
1600,0,2,road_1_3_1_2,0.0034380729775875807,3,0
1600,0,2,road_0_4_0_0,0.0,0,0
1600,0,2,road_0_4_0_1,-7.782356078678276e-06,3,0
1600,0,2,road_0_4_0_2,-1.462767249904573e-05,3,0
1600,0,2,road_2_2_3_0,0.0,0,0
1600,0,2,road_2_2_3_1,0.0020860161166638136,3,0
1600,0,2,road_2_2_3_2,0.0033120978623628616,3,0
1600,0,2,road_3_1_2_0,0.0,0,0
1600,0,2,road_3_1_2_1,-0.001954123377799988,0,0
1600,0,2,road_3_1_2_2,-0.0014199926517903805,3,0
1600,0,2,road_2_0_1_0,0.0,0,0
1600,0,2,road_2_0_1_1,0.002609946997836232,3,0
1600,0,2,road_2_0_1_2,0.0032612779177725315,3,0
1600,0,2,road_1_1_0_0,0.0,0,0
1600,0,2,road_1_1_0_1,-0.0006112249684520066,2,0
1600,0,2,road_1_1_0_2,-0.002303181914612651,3,0
1600,0,2,road_2_3_3_0,0.0,0,0
1600,0,2,road_2_3_3_1,0.0036580911837518215,3,0
1600,0,2,road_2_3_3_2,0.003344335127621889,3,0
1600,0,2,road_3_2_2_0,0.0,0,0
1600,0,2,road_3_2_2_1,-0.00035153375938534737,3,0
1600,0,2,road_3_2_2_2,-0.001951912883669138,3,0
1600,0,2,road_2_1_1_0,0.0,0,0
1600,0,2,road_2_1_1_1,0.003658090252429247,3,0
1600,0,2,road_2_1_1_2,0.0033443348947912455,3,0
1600,0,2,road_1_2_0_0,0.0,0,0
1600,0,2,road_1_2_0_1,0.0015323872212320566,0,3
1600,0,2,road_1_2_0_2,-0.00035153375938534737,3,0
1600,0,2,road_2_4_3_0,0.0,0,0
1600,0,2,road_2_4_3_1,0.0029168473556637764,3,0
1600,0,2,road_2_4_3_2,0.0029168473556637764,3,0
1600,0,2,road_3_3_2_0,0.0,0,0
1600,0,2,road_3_3_2_1,-0.00030469021294265985,3,0
1600,0,2,road_3_3_2_2,0.0009822193533182144,0,3
1600,0,2,road_2_2_1_0,0.0,0,0
1600,0,2,road_2_2_1_1,0.003064527874812484,0,3
1600,0,2,road_2_2_1_2,0.0030645281076431274,3,0
1600,0,2,road_1_3_0_0,0.0,0,0
1600,0,2,road_1_3_0_1,-0.0012872291263192892,3,0
1600,0,2,road_1_3_0_2,-0.0015643618535250425,3,0
1600,0,2,road_2_5_3_0,0.0,0,0
1600,0,2,road_2_5_3_1,0.0026920062955468893,3,0
1600,0,2,road_2_5_3_2,0.0026920062955468893,3,0
1600,0,2,road_3_4_2_0,0.0,0,0
1600,0,2,road_3_4_2_1,-0.0029183849692344666,3,0
1600,0,2,road_3_4_2_2,-0.0021971212700009346,3,0
1600,0,2,road_2_3_1_0,0.0,0,0
1600,0,2,road_2_3_1_1,0.0032909316942095757,3,0
1600,0,2,road_2_3_1_2,0.0032909319270402193,3,0
1600,0,2,road_1_4_0_0,0.0,0,0
1600,0,2,road_1_4_0_1,-0.0011268694652244449,3,0
1600,0,2,road_1_4_0_2,-0.002918386831879616,3,0
1600,0,2,road_3_2_3_0,0.0,0,0
1600,0,2,road_3_2_3_1,-0.0003232968447264284,0,0
1600,0,2,road_3_2_3_2,-0.0003232967865187675,0,0
1600,0,2,road_4_1_2_0,0.0,0,0
1600,0,2,road_4_1_2_1,-0.006982168648391962,3,0
1600,0,2,road_4_1_2_2,-0.00017046823631972075,0,0
1600,0,2,road_3_0_1_0,0.0,0,0
1600,0,2,road_3_0_1_1,-0.0003232969029340893,0,0
1600,0,2,road_3_0_1_2,-0.00032329693203791976,0,0
1600,0,2,road_2_1_0_0,0.0,0,0
1600,0,2,road_2_1_0_1,-0.006982168182730675,3,0
1600,0,2,road_2_1_0_2,-0.00017046817811205983,0,0
1600,0,2,road_3_3_3_0,0.0,0,0
1600,0,2,road_3_3_3_1,0.003007871098816395,3,0
1600,0,2,road_3_3_3_2,0.002887365873903036,3,0
1600,0,2,road_4_2_2_0,0.0,0,0
1600,0,2,road_4_2_2_1,-0.000982288271188736,3,0
1600,0,2,road_4_2_2_2,0.00018622813513502479,0,3
1600,0,2,road_3_1_1_0,0.0,0,0
1600,0,2,road_3_1_1_1,0.003007870400324464,3,0
1600,0,2,road_3_1_1_2,0.0028873656410723925,3,0
1600,0,2,road_2_2_0_0,0.0,0,0
1600,0,2,road_2_2_0_1,-0.0013453831197693944,3,0
1600,0,2,road_2_2_0_2,-0.0017076008953154087,3,0
1600,0,2,road_3_4_3_0,0.0,0,0
1600,0,2,road_3_4_3_1,-0.0003232968447264284,0,0
1600,0,2,road_3_4_3_2,-0.0003232967865187675,0,0
1600,0,2,road_4_3_2_0,0.0,0,0
1600,0,2,road_4_3_2_1,-0.006982168648391962,3,0
1600,0,2,road_4_3_2_2,-0.00017046823631972075,0,0
1600,0,2,road_3_2_1_0,0.0,0,0
1600,0,2,road_3_2_1_1,-0.0003232969029340893,0,0
1600,0,2,road_3_2_1_2,-0.00032329693203791976,0,0
1600,0,2,road_2_3_0_0,0.0,0,0
1600,0,2,road_2_3_0_1,-0.006982168182730675,3,0
1600,0,2,road_2_3_0_2,-0.00017046817811205983,0,0
1600,0,2,road_3_5_3_0,0.0,0,0
1600,0,2,road_3_5_3_1,-0.00035153425415046513,3,0
1600,0,2,road_3_5_3_2,-0.0019519145134836435,3,0
1600,0,2,road_4_4_2_0,0.0,0,0
1600,0,2,road_4_4_2_1,0.003658090718090534,3,0
1600,0,2,road_4_4_2_2,0.0033443341962993145,3,0
1600,0,2,road_3_3_1_0,0.0,0,0
1600,0,2,road_3_3_1_1,0.0015323878033086658,0,3
1600,0,2,road_3_3_1_2,-0.0003515347489155829,3,0
1600,0,2,road_2_4_0_0,0.0,0,0
1600,0,2,road_2_4_0_1,0.003658090252429247,3,0
1600,0,2,road_2_4_0_2,0.003344333730638027,3,0
1600,0,2,road_4_2_3_0,0.0,0,0
1600,0,2,road_4_2_3_1,-0.002654773648828268,3,0
1600,0,2,road_4_2_3_2,-0.002404214348644018,3,0
1600,0,2,road_5_1_2_0,0.0,0,0
1600,0,2,road_5_1_2_1,0.0031259963288903236,3,0
1600,0,2,road_5_1_2_2,0.002559239510446787,3,0
1600,0,2,road_4_0_1_0,0.0,0,0
1600,0,2,road_4_0_1_1,-1.0174455383094028e-05,3,0
1600,0,2,road_4_0_1_2,-0.0026547731831669807,0,0
1600,0,2,road_3_1_0_0,0.0,0,0
1600,0,2,road_3_1_0_1,0.003125995397567749,3,0
1600,0,2,road_3_1_0_2,0.002559238811954856,3,0
1600,0,2,road_4_3_3_0,0.0,0,0
1600,0,2,road_4_3_3_1,0.0014759700279682875,3,0
1600,0,2,road_4_3_3_2,0.003124861977994442,3,0
1600,0,2,road_5_2_2_0,0.0,0,0
1600,0,2,road_5_2_2_1,-1.746450834616553e-05,2,0
1600,0,2,road_5_2_2_2,-0.0029007175471633673,0,0
1600,0,2,road_4_1_1_0,0.0,0,0
1600,0,2,road_4_1_1_1,0.0018643555231392384,3,0
1600,0,2,road_4_1_1_2,0.0031023884657770395,3,0
1600,0,2,road_3_2_0_0,0.0,0,0
1600,0,2,road_3_2_0_1,-0.0022746517788618803,3,0
1600,0,2,road_3_2_0_2,-0.002901052590459585,3,0
1600,0,2,road_4_4_3_0,0.0,0,0
1600,0,2,road_4_4_3_1,-0.0031249141320586205,3,0
1600,0,2,road_4_4_3_2,-0.0014195255935192108,0,0
1600,0,2,road_5_3_2_0,0.0,0,0
1600,0,2,road_5_3_2_1,-6.721578301949194e-06,3,0
1600,0,2,road_5_3_2_2,-0.00045906222658231854,3,0
1600,0,2,road_4_2_1_0,0.0,0,0
1600,0,2,road_4_2_1_1,5.731934288633056e-05,3,0
1600,0,2,road_4_2_1_2,0.001833327580243349,0,3
1600,0,2,road_3_3_0_0,0.0,0,0
1600,0,2,road_3_3_0_1,-0.0022547519765794277,3,0
1600,0,2,road_3_3_0_2,-0.0017145461170002818,3,0
1600,0,2,road_4_5_3_0,0.0,0,0
1600,0,2,road_4_5_3_1,-0.001492312178015709,3,0
1600,0,2,road_4_5_3_2,-0.00019152398454025388,0,0
1600,0,2,road_5_4_2_0,0.0,0,0
1600,0,2,road_5_4_2_1,2.4104350814013742e-05,0,3
1600,0,2,road_5_4_2_2,0.00012950599193572998,0,3
1600,0,2,road_4_3_1_0,0.0,0,0
1600,0,2,road_4_3_1_1,-0.0001289980427827686,3,0
1600,0,2,road_4_3_1_2,-0.0029272453393787146,3,0
1600,0,2,road_3_4_0_0,0.0,0,0
1600,0,2,road_3_4_0_1,0.0038021199870854616,0,3
1600,0,2,road_3_4_0_2,0.00414310023188591,0,3
1600,0,3,road_1_2_3_0,0.0,0,0
1600,0,3,road_1_2_3_1,-0.00017169192142318934,3,0
1600,0,3,road_1_2_3_2,-0.002800570335239172,3,0
1600,0,3,road_2_1_2_0,0.0,0,0
1600,0,3,road_2_1_2_1,0.0041070664301514626,3,0
1600,0,3,road_2_1_2_2,0.004106833133846521,3,0
1600,0,3,road_1_0_1_0,0.0,0,0
1600,0,3,road_1_0_1_1,-9.132410013990011e-06,3,0
1600,0,3,road_1_0_1_2,-0.0014679307350888848,3,0
1600,0,3,road_0_1_0_0,0.0,0,0
1600,0,3,road_0_1_0_1,1.1065615581173915e-05,3,0
1600,0,3,road_0_1_0_2,6.862769077997655e-05,3,0
1600,0,3,road_1_3_3_0,0.0,0,0
1600,0,3,road_1_3_3_1,0.0030042105354368687,3,0
1600,0,3,road_1_3_3_2,0.0024453101214021444,3,0
1600,0,3,road_2_2_2_0,0.0,0,0
1600,0,3,road_2_2_2_1,-0.0026335231959819794,3,0
1600,0,3,road_2_2_2_2,-0.002522998722270131,3,0
1600,0,3,road_1_1_1_0,0.0,0,0
1600,0,3,road_1_1_1_1,0.0030042100697755814,3,0
1600,0,3,road_1_1_1_2,0.0024453101214021444,3,0
1600,0,3,road_0_2_0_0,0.0,0,0
1600,0,3,road_0_2_0_1,-1.1666707905533258e-05,2,0
1600,0,3,road_0_2_0_2,-0.0018569494131952524,0,0
1600,0,3,road_1_4_3_0,0.0,0,0
1600,0,3,road_1_4_3_1,-1.3310726899362635e-05,0,0
1600,0,3,road_1_4_3_2,-0.0003071097598876804,0,0
1600,0,3,road_2_3_2_0,0.0,0,0
1600,0,3,road_2_3_2_1,-0.005043154116719961,3,0
1600,0,3,road_2_3_2_2,-0.0010450431145727634,0,0
1600,0,3,road_1_2_1_0,0.0,0,0
1600,0,3,road_1_2_1_1,-0.0006197011680342257,3,0
1600,0,3,road_1_2_1_2,-0.0007918684277683496,0,0
1600,0,3,road_0_3_0_0,0.0,0,0
1600,0,3,road_0_3_0_1,-0.0032602204009890556,0,0
1600,0,3,road_0_3_0_2,-0.0008258328307420015,0,0
1600,0,3,road_1_5_3_0,0.0,0,0
1600,0,3,road_1_5_3_1,9.627407052903436e-06,3,0
1600,0,3,road_1_5_3_2,0.0008352045551873744,3,0
1600,0,3,road_2_4_2_0,0.0,0,0
1600,0,3,road_2_4_2_1,-0.0019129543798044324,3,0
1600,0,3,road_2_4_2_2,-0.002934602554887533,3,0
1600,0,3,road_1_3_1_0,0.0,0,0
1600,0,3,road_1_3_1_1,0.002648764755576849,3,0
1600,0,3,road_1_3_1_2,0.0034380729775875807,3,0
1600,0,3,road_0_4_0_0,0.0,0,0
1600,0,3,road_0_4_0_1,-7.782356078678276e-06,3,0
1600,0,3,road_0_4_0_2,-1.462767249904573e-05,3,0
1600,0,3,road_2_2_3_0,0.0,0,0
1600,0,3,road_2_2_3_1,0.0020860161166638136,3,0
1600,0,3,road_2_2_3_2,0.0033120978623628616,3,0
1600,0,3,road_3_1_2_0,0.0,0,0
1600,0,3,road_3_1_2_1,-0.001954123377799988,0,0
1600,0,3,road_3_1_2_2,-0.0014199926517903805,3,0
1600,0,3,road_2_0_1_0,0.0,0,0
1600,0,3,road_2_0_1_1,0.002609946997836232,3,0
1600,0,3,road_2_0_1_2,0.0032612779177725315,3,0
1600,0,3,road_1_1_0_0,0.0,0,0
1600,0,3,road_1_1_0_1,-0.0006112249684520066,2,0
1600,0,3,road_1_1_0_2,-0.002303181914612651,3,0
1600,0,3,road_2_3_3_0,0.0,0,0
1600,0,3,road_2_3_3_1,0.0035814675502479076,3,0
1600,0,3,road_2_3_3_2,0.0029699699953198433,3,0
1600,0,3,road_3_2_2_0,0.0,0,0
1600,0,3,road_3_2_2_1,-0.0031536193564534187,3,0
1600,0,3,road_3_2_2_2,-0.0028590853326022625,3,0
1600,0,3,road_2_1_1_0,0.0,0,0
1600,0,3,road_2_1_1_1,0.003581468015909195,3,0
1600,0,3,road_2_1_1_2,0.0029699704609811306,3,0
1600,0,3,road_1_2_0_0,0.0,0,0
1600,0,3,road_1_2_0_1,-0.0020728716626763344,3,0
1600,0,3,road_1_2_0_2,-0.0031536188907921314,3,0
1600,0,3,road_2_4_3_0,0.0,0,0
1600,0,3,road_2_4_3_1,0.0037148576229810715,3,0
1600,0,3,road_2_4_3_2,0.0036336989142000675,3,0
1600,0,3,road_3_3_2_0,0.0,0,0
1600,0,3,road_3_3_2_1,-0.002569984644651413,3,0
1600,0,3,road_3_3_2_2,-0.003267202991992235,3,0
1600,0,3,road_2_2_1_0,0.0,0,0
1600,0,3,road_2_2_1_1,0.0013547815615311265,3,0
1600,0,3,road_2_2_1_2,0.002712826244533062,3,0
1600,0,3,road_1_3_0_0,0.0,0,0
1600,0,3,road_1_3_0_1,-0.0016183113912120461,3,0
1600,0,3,road_1_3_0_2,-0.003365585347637534,3,0
1600,0,3,road_2_5_3_0,0.0,0,0
1600,0,3,road_2_5_3_1,0.0026920062955468893,3,0
1600,0,3,road_2_5_3_2,0.0026920062955468893,3,0
1600,0,3,road_3_4_2_0,0.0,0,0
1600,0,3,road_3_4_2_1,-0.0029183849692344666,3,0
1600,0,3,road_3_4_2_2,-0.0021971212700009346,3,0
1600,0,3,road_2_3_1_0,0.0,0,0
1600,0,3,road_2_3_1_1,0.0032909316942095757,3,0
1600,0,3,road_2_3_1_2,0.0032909319270402193,3,0
1600,0,3,road_1_4_0_0,0.0,0,0
1600,0,3,road_1_4_0_1,-0.0011268694652244449,3,0
1600,0,3,road_1_4_0_2,-0.002918386831879616,3,0
1600,0,3,road_3_2_3_0,0.0,0,0
1600,0,3,road_3_2_3_1,-0.0003232968447264284,0,0
1600,0,3,road_3_2_3_2,-0.0003232967865187675,0,0
1600,0,3,road_4_1_2_0,0.0,0,0
1600,0,3,road_4_1_2_1,-0.006982168648391962,3,0
1600,0,3,road_4_1_2_2,-0.00017046823631972075,0,0
1600,0,3,road_3_0_1_0,0.0,0,0
1600,0,3,road_3_0_1_1,-0.0003232969029340893,0,0
1600,0,3,road_3_0_1_2,-0.00032329693203791976,0,0
1600,0,3,road_2_1_0_0,0.0,0,0
1600,0,3,road_2_1_0_1,-0.006982168182730675,3,0
1600,0,3,road_2_1_0_2,-0.00017046817811205983,0,0
1600,0,3,road_3_3_3_0,0.0,0,0
1600,0,3,road_3_3_3_1,0.0026548076421022415,3,0
1600,0,3,road_3_3_3_2,0.0032114977948367596,3,0
1600,0,3,road_4_2_2_0,0.0,0,0
1600,0,3,road_4_2_2_1,-0.0017981391865760088,3,0
1600,0,3,road_4_2_2_2,-0.0029394926968961954,3,0
1600,0,3,road_3_1_1_0,0.0,0,0
1600,0,3,road_3_1_1_1,0.002654808107763529,3,0
1600,0,3,road_3_1_1_2,0.0032114977948367596,3,0
1600,0,3,road_2_2_0_0,0.0,0,0
1600,0,3,road_2_2_0_1,-0.0013915679883211851,3,0
1600,0,3,road_2_2_0_2,-0.002891361713409424,3,0
1600,0,3,road_3_4_3_0,0.0,0,0
1600,0,3,road_3_4_3_1,-0.0003232968447264284,0,0
1600,0,3,road_3_4_3_2,-0.0003232967865187675,0,0
1600,0,3,road_4_3_2_0,0.0,0,0
1600,0,3,road_4_3_2_1,-0.006982168648391962,3,0
1600,0,3,road_4_3_2_2,-0.00017046823631972075,0,0
1600,0,3,road_3_2_1_0,0.0,0,0
1600,0,3,road_3_2_1_1,-0.0003232969029340893,0,0
1600,0,3,road_3_2_1_2,-0.00032329693203791976,0,0
1600,0,3,road_2_3_0_0,0.0,0,0
1600,0,3,road_2_3_0_1,-0.006982168182730675,3,0
1600,0,3,road_2_3_0_2,-0.00017046817811205983,0,0
1600,0,3,road_3_5_3_0,0.0,0,0
1600,0,3,road_3_5_3_1,-0.003153614467009902,3,0
1600,0,3,road_3_5_3_2,-0.0028590818401426077,3,0
1600,0,3,road_4_4_2_0,0.0,0,0
1600,0,3,road_4_4_2_1,0.0035814731381833553,3,0
1600,0,3,road_4_4_2_2,0.0029699737206101418,3,0
1600,0,3,road_3_3_1_0,0.0,0,0
1600,0,3,road_3_3_1_1,-0.0020728688687086105,3,0
1600,0,3,road_3_3_1_2,-0.003153615165501833,3,0
1600,0,3,road_2_4_0_0,0.0,0,0
1600,0,3,road_2_4_0_1,0.0035814722068607807,3,0
1600,0,3,road_2_4_0_2,0.0029699732549488544,3,0
1600,0,3,road_4_2_3_0,0.0,0,0
1600,0,3,road_4_2_3_1,-0.002654773648828268,3,0
1600,0,3,road_4_2_3_2,-0.002404214348644018,3,0
1600,0,3,road_5_1_2_0,0.0,0,0
1600,0,3,road_5_1_2_1,0.0031259963288903236,3,0
1600,0,3,road_5_1_2_2,0.002559239510446787,3,0
1600,0,3,road_4_0_1_0,0.0,0,0
1600,0,3,road_4_0_1_1,-1.0174455383094028e-05,3,0
1600,0,3,road_4_0_1_2,-0.0026547731831669807,0,0
1600,0,3,road_3_1_0_0,0.0,0,0
1600,0,3,road_3_1_0_1,0.003125995397567749,3,0
1600,0,3,road_3_1_0_2,0.002559238811954856,3,0
1600,0,3,road_4_3_3_0,0.0,0,0
1600,0,3,road_4_3_3_1,0.0014759700279682875,3,0
1600,0,3,road_4_3_3_2,0.003124861977994442,3,0
1600,0,3,road_5_2_2_0,0.0,0,0
1600,0,3,road_5_2_2_1,-1.746450834616553e-05,2,0
1600,0,3,road_5_2_2_2,-0.0029007175471633673,0,0
1600,0,3,road_4_1_1_0,0.0,0,0
1600,0,3,road_4_1_1_1,0.0018643555231392384,3,0
1600,0,3,road_4_1_1_2,0.0031023884657770395,3,0
1600,0,3,road_3_2_0_0,0.0,0,0
1600,0,3,road_3_2_0_1,-0.0022746517788618803,3,0
1600,0,3,road_3_2_0_2,-0.002901052590459585,3,0
1600,0,3,road_4_4_3_0,0.0,0,0
1600,0,3,road_4_4_3_1,-0.0021406516898423433,3,0
1600,0,3,road_4_4_3_2,-0.0023713200353085995,0,0
1600,0,3,road_5_3_2_0,0.0,0,0
1600,0,3,road_5_3_2_1,-7.051547527225921e-06,3,0
1600,0,3,road_5_3_2_2,-0.0004805522912647575,3,0
1600,0,3,road_4_2_1_0,0.0,0,0
1600,0,3,road_4_2_1_1,7.438127795467153e-05,3,0
1600,0,3,road_4_2_1_2,0.002868946874514222,3,0
1600,0,3,road_3_3_0_0,0.0,0,0
1600,0,3,road_3_3_0_1,-0.002448833314701915,3,0
1600,0,3,road_3_3_0_2,-0.0018486303742974997,3,0
1600,0,3,road_4_5_3_0,0.0,0,0
1600,0,3,road_4_5_3_1,0.0066145798191428185,3,0
1600,0,3,road_4_5_3_2,0.0011741418857127428,0,3
1600,0,3,road_5_4_2_0,0.0,0,0
1600,0,3,road_5_4_2_1,-7.795501005603e-06,3,0
1600,0,3,road_5_4_2_2,-4.406617154018022e-05,3,0
1600,0,3,road_4_3_1_0,0.0,0,0
1600,0,3,road_4_3_1_1,8.070305921137333e-05,3,0
1600,0,3,road_4_3_1_2,0.0011731910053640604,3,0
1600,0,3,road_3_4_0_0,0.0,0,0
1600,0,3,road_3_4_0_1,-0.0016813712427392602,3,0
1600,0,3,road_3_4_0_2,-0.002121630124747753,3,0
1800,0,0,road_1_2_3_0,0.0,0,0
1800,0,0,road_1_2_3_1,-0.0002688074018806219,0,0
1800,0,0,road_1_2_3_2,-0.001552889822050929,0,0
1800,0,0,road_2_1_2_0,0.0,0,0
1800,0,0,road_2_1_2_1,0.0018304302357137203,0,3
1800,0,0,road_2_1_2_2,0.0018287963466718793,0,3
1800,0,0,road_1_0_1_0,0.0,0,0
1800,0,0,road_1_0_1_1,-1.7362286598654464e-05,0,0
1800,0,0,road_1_0_1_2,-0.0032156098168343306,0,0
1800,0,0,road_0_1_0_0,0.0,0,0
1800,0,0,road_0_1_0_1,1.643534233153332e-05,0,3
1800,0,0,road_0_1_0_2,0.00011093035573139787,0,3
1800,0,0,road_1_3_3_0,0.0,0,0
1800,0,0,road_1_3_3_1,0.0015867514302954078,0,3
1800,0,0,road_1_3_3_2,0.0006405931198969483,0,3
1800,0,0,road_2_2_2_0,0.0,0,0
1800,0,0,road_2_2_2_1,0.0031519033946096897,0,3
1800,0,0,road_2_2_2_2,-0.00042626657523214817,0,0
1800,0,0,road_1_1_1_0,0.0,0,0
1800,0,0,road_1_1_1_1,0.0015059957513585687,0,3
1800,0,0,road_1_1_1_2,0.0006416328833438456,0,3
1800,0,0,road_0_2_0_0,0.0,0,0
1800,0,0,road_0_2_0_1,8.356755643035285e-06,0,3
1800,0,0,road_0_2_0_2,-0.004736544564366341,0,0
1800,0,0,road_1_4_3_0,0.0,0,0
1800,0,0,road_1_4_3_1,-1.6223300917772576e-05,0,0
1800,0,0,road_1_4_3_2,-0.0004218954418320209,0,0
1800,0,0,road_2_3_2_0,0.0,0,0
1800,0,0,road_2_3_2_1,-0.0011859482619911432,0,3
1800,0,0,road_2_3_2_2,-0.0008724421495571733,0,0
1800,0,0,road_1_2_1_0,0.0,0,0
1800,0,0,road_1_2_1_1,-0.0009293155744671822,0,0
1800,0,0,road_1_2_1_2,-0.000904619344510138,0,0
1800,0,0,road_0_3_0_0,0.0,0,0
1800,0,0,road_0_3_0_1,-0.0011859479127451777,0,0
1800,0,0,road_0_3_0_2,-0.0008724419749341905,0,0
1800,0,0,road_1_5_3_0,0.0,0,0
1800,0,0,road_1_5_3_1,1.581467586220242e-05,0,3
1800,0,0,road_1_5_3_2,0.00048000572132878006,0,3
1800,0,0,road_2_4_2_0,0.0,0,0
1800,0,0,road_2_4_2_1,-0.003192369593307376,0,0
1800,0,0,road_2_4_2_2,-0.001112047815695405,0,0
1800,0,0,road_1_3_1_0,0.0,0,0
1800,0,0,road_1_3_1_1,0.0016525785904377699,0,3
1800,0,0,road_1_3_1_2,0.0012476108968257904,0,3
1800,0,0,road_0_4_0_0,0.0,0,0
1800,0,0,road_0_4_0_1,-1.6590247469139285e-05,0,0
1800,0,0,road_0_4_0_2,-1.7236208805115893e-05,0,0
1800,0,0,road_2_2_3_0,0.0,0,0
1800,0,0,road_2_2_3_1,0.0006452491506934166,0,3
1800,0,0,road_2_2_3_2,0.0016984129324555397,0,3
1800,0,0,road_3_1_2_0,0.0,0,0
1800,0,0,road_3_1_2_1,-0.0036084663588553667,0,0
1800,0,0,road_3_1_2_2,-4.987575812265277e-05,0,0
1800,0,0,road_2_0_1_0,0.0,0,0
1800,0,0,road_2_0_1_1,0.0006869406206533313,0,3
1800,0,0,road_2_0_1_2,0.0017089738976210356,0,3
1800,0,0,road_1_1_0_0,0.0,0,0
1800,0,0,road_1_1_0_1,7.771150558255613e-05,0,3
1800,0,0,road_1_1_0_2,0.0032910569570958614,0,3
1800,0,0,road_2_3_3_0,0.0,0,0
1800,0,0,road_2_3_3_1,0.00048625963972881436,0,3
1800,0,0,road_2_3_3_2,-0.00039260205812752247,0,0
1800,0,0,road_3_2_2_0,0.0,0,0
1800,0,0,road_3_2_2_1,-0.00021898921113461256,0,0
1800,0,0,road_3_2_2_2,-0.00021898919658269733,0,0
1800,0,0,road_2_1_1_0,0.0,0,0
1800,0,0,road_2_1_1_1,0.0005140494904480875,0,3
1800,0,0,road_2_1_1_2,-0.00037442566826939583,0,0
1800,0,0,road_1_2_0_0,0.0,0,0
1800,0,0,road_1_2_0_1,7.353095861617476e-05,0,3
1800,0,0,road_1_2_0_2,7.353090040851384e-05,0,3
1800,0,0,road_2_4_3_0,0.0,0,0
1800,0,0,road_2_4_3_1,0.0009842326398938894,0,3
1800,0,0,road_2_4_3_2,-0.0004619393730536103,0,0
1800,0,0,road_3_3_2_0,0.0,0,0
1800,0,0,road_3_3_2_1,-0.00012894495739601552,0,0
1800,0,0,road_3_3_2_2,0.0007516422774642706,0,3
1800,0,0,road_2_2_1_0,0.0,0,0
1800,0,0,road_2_2_1_1,0.0025877822190523148,0,3
1800,0,0,road_2_2_1_2,0.0005908961175009608,0,3
1800,0,0,road_1_3_0_0,0.0,0,0
1800,0,0,road_1_3_0_1,-0.001995392609387636,0,0
1800,0,0,road_1_3_0_2,4.001529305242002e-05,0,3
1800,0,0,road_2_5_3_0,0.0,0,0
1800,0,0,road_2_5_3_1,6.440383003791794e-05,0,3
1800,0,0,road_2_5_3_2,6.44037063466385e-05,0,3
1800,0,0,road_3_4_2_0,0.0,0,0
1800,0,0,road_3_4_2_1,0.00017634448886383325,0,3
1800,0,0,road_3_4_2_2,0.0003313309862278402,0,3
1800,0,0,road_2_3_1_0,0.0,0,0
1800,0,0,road_2_3_1_1,0.001222628983668983,0,3
1800,0,0,road_2_3_1_2,0.0012226288672536612,0,3
1800,0,0,road_1_4_0_0,0.0,0,0
1800,0,0,road_1_4_0_1,-0.001273073721677065,0,0
1800,0,0,road_1_4_0_2,-0.001239580917172134,0,0
1800,0,0,road_3_2_3_0,0.0,0,0
1800,0,0,road_3_2_3_1,-0.00016070512356236577,0,0
1800,0,0,road_3_2_3_2,-0.00016070531273726374,0,0
1800,0,0,road_4_1_2_0,0.0,0,0
1800,0,0,road_4_1_2_1,0.0003069000376854092,0,3
1800,0,0,road_4_1_2_2,-0.0002681637997739017,0,0
1800,0,0,road_3_0_1_0,0.0,0,0
1800,0,0,road_3_0_1_1,-0.0001607051963219419,0,0
1800,0,0,road_3_0_1_2,-0.00016070541460067034,0,0
1800,0,0,road_2_1_0_0,0.0,0,0
1800,0,0,road_2_1_0_1,0.00030690000858157873,0,3
1800,0,0,road_2_1_0_2,-0.00026816397439688444,0,0
1800,0,0,road_3_3_3_0,0.0,0,0
1800,0,0,road_3_3_3_1,-2.486637094989419e-05,0,0
1800,0,0,road_3_3_3_2,0.0017235551495105028,0,3
1800,0,0,road_4_2_2_0,0.0,0,0
1800,0,0,road_4_2_2_1,-0.007304053753614426,0,0
1800,0,0,road_4_2_2_2,-0.0003163939109072089,0,0
1800,0,0,road_3_1_1_0,0.0,0,0
1800,0,0,road_3_1_1_1,0.00013725965982303023,0,3
1800,0,0,road_3_1_1_2,0.0018410146003589034,0,3
1800,0,0,road_2_2_0_0,0.0,0,0
1800,0,0,road_2_2_0_1,-0.004630286246538162,0,0
1800,0,0,road_2_2_0_2,-0.00040709160384722054,0,0
1800,0,0,road_3_4_3_0,0.0,0,0
1800,0,0,road_3_4_3_1,-0.00020551146008074284,0,0
1800,0,0,road_3_4_3_2,-0.00020551147463265806,0,0
1800,0,0,road_4_3_2_0,0.0,0,0
1800,0,0,road_4_3_2_1,2.2057007299736142e-05,0,3
1800,0,0,road_4_3_2_2,0.0005193614633753896,0,3
1800,0,0,road_3_2_1_0,0.0,0,0
1800,0,0,road_3_2_1_1,-0.00020551127090584487,0,0
1800,0,0,road_3_2_1_2,-0.00020551131456159055,0,0
1800,0,0,road_2_3_0_0,0.0,0,0
1800,0,0,road_2_3_0_1,-0.0014256539288908243,0,0
1800,0,0,road_2_3_0_2,-0.0005707087693735957,0,0
1800,0,0,road_3_5_3_0,0.0,0,0
1800,0,0,road_3_5_3_1,-0.00026500801322981715,0,0
1800,0,0,road_3_5_3_2,0.0002743939694482833,0,3
1800,0,0,road_4_4_2_0,0.0,0,0
1800,0,0,road_4_4_2_1,0.0010536052286624908,0,3
1800,0,0,road_4_4_2_2,0.00011408294813008979,0,3
1800,0,0,road_3_3_1_0,0.0,0,0
1800,0,0,road_3_3_1_1,-0.001974832033738494,0,0
1800,0,0,road_3_3_1_2,-0.0004460886702872813,0,0
1800,0,0,road_2_4_0_0,0.0,0,0
1800,0,0,road_2_4_0_1,0.0010536049958318472,0,3
1800,0,0,road_2_4_0_2,0.00011408267891965806,0,3
1800,0,0,road_4_2_3_0,0.0,0,0
1800,0,0,road_4_2_3_1,0.0037390943616628647,0,3
1800,0,0,road_4_2_3_2,0.0003201714134775102,0,3
1800,0,0,road_5_1_2_0,0.0,0,0
1800,0,0,road_5_1_2_1,0.0020168214105069637,0,3
1800,0,0,road_5_1_2_2,0.0006970192771404982,0,3
1800,0,0,road_4_0_1_0,0.0,0,0
1800,0,0,road_4_0_1_1,9.70608653005911e-06,0,2
1800,0,0,road_4_0_1_2,-0.004719250835478306,0,0
1800,0,0,road_3_1_0_0,0.0,0,0
1800,0,0,road_3_1_0_1,0.0020168214105069637,0,3
1800,0,0,road_3_1_0_2,0.0006970191607251763,0,3
1800,0,0,road_4_3_3_0,0.0,0,0
1800,0,0,road_4_3_3_1,0.004372160881757736,0,3
1800,0,0,road_4_3_3_2,0.002664787694811821,0,3
1800,0,0,road_5_2_2_0,0.0,0,0
1800,0,0,road_5_2_2_1,1.3197774933360051e-05,0,2
1800,0,0,road_5_2_2_2,-0.004122220445424318,0,0
1800,0,0,road_4_1_1_0,0.0,0,0
1800,0,0,road_4_1_1_1,0.0015241650398820639,0,3
1800,0,0,road_4_1_1_2,0.0020324033685028553,0,3
1800,0,0,road_3_2_0_0,0.0,0,0
1800,0,0,road_3_2_0_1,0.0036791611928492785,0,3
1800,0,0,road_3_2_0_2,0.000355481228325516,0,3
1800,0,0,road_4_4_3_0,0.0,0,0
1800,0,0,road_4_4_3_1,0.003142834175378084,0,3
1800,0,0,road_4_4_3_2,-0.0005562882870435715,0,0
1800,0,0,road_5_3_2_0,0.0,0,0
1800,0,0,road_5_3_2_1,-2.1057241610833444e-05,0,0
1800,0,0,road_5_3_2_2,-0.001250243978574872,0,0
1800,0,0,road_4_2_1_0,0.0,0,0
1800,0,0,road_4_2_1_1,4.870792690780945e-05,0,3
1800,0,0,road_4_2_1_2,-0.004148178733885288,0,0
1800,0,0,road_3_3_0_0,0.0,0,0
1800,0,0,road_3_3_0_1,-0.0009508277871645987,0,0
1800,0,0,road_3_3_0_2,-0.00040743371937423944,0,0
1800,0,0,road_4_5_3_0,0.0,0,0
1800,0,0,road_4_5_3_1,0.0031319898553192616,0,3
1800,0,0,road_4_5_3_2,-0.00039883831050246954,0,0
1800,0,0,road_5_4_2_0,0.0,0,0
1800,0,0,road_5_4_2_1,-1.674021768849343e-05,0,0
1800,0,0,road_5_4_2_2,-0.00010884791117860004,0,0
1800,0,0,road_4_3_1_0,0.0,0,0
1800,0,0,road_4_3_1_1,5.695929939975031e-05,0,3
1800,0,0,road_4_3_1_2,-0.004332050681114197,0,0
1800,0,0,road_3_4_0_0,0.0,0,0
1800,0,0,road_3_4_0_1,-0.0007114234031178057,0,0
1800,0,0,road_3_4_0_2,-0.0007411297410726547,0,0
1800,0,1,road_1_2_3_0,0.0,0,0
1800,0,1,road_1_2_3_1,0.0002466845908202231,0,3
1800,0,1,road_1_2_3_2,0.0029164582956582308,0,3
1800,0,1,road_2_1_2_0,0.0,0,0
1800,0,1,road_2_1_2_1,-0.001917110988870263,3,0
1800,0,1,road_2_1_2_2,-0.0019174187909811735,3,0
1800,0,1,road_1_0_1_0,0.0,0,0
1800,0,1,road_1_0_1_1,1.8129756426787935e-05,0,3
1800,0,1,road_1_0_1_2,0.00829562172293663,0,3
1800,0,1,road_0_1_0_0,0.0,0,0
1800,0,1,road_0_1_0_1,-6.30624435871141e-06,3,0
1800,0,1,road_0_1_0_2,-4.405460640555248e-05,3,0
1800,0,1,road_1_3_3_0,0.0,0,0
1800,0,1,road_1_3_3_1,0.002521988470107317,3,0
1800,0,1,road_1_3_3_2,0.002868689363822341,3,0
1800,0,1,road_2_2_2_0,0.0,0,0
1800,0,1,road_2_2_2_1,-0.0013462065253406763,3,0
1800,0,1,road_2_2_2_2,0.0003795464290305972,0,3
1800,0,1,road_1_1_1_0,0.0,0,0
1800,0,1,road_1_1_1_1,0.0022375364787876606,3,0
1800,0,1,road_1_1_1_2,0.002878432162106037,3,0
1800,0,1,road_0_2_0_0,0.0,0,0
1800,0,1,road_0_2_0_1,-7.70638416724978e-06,3,0
1800,0,1,road_0_2_0_2,-0.001346206059679389,0,0
1800,0,1,road_1_4_3_0,0.0,0,0
1800,0,1,road_1_4_3_1,-1.467044603487011e-05,0,0
1800,0,1,road_1_4_3_2,-0.00039191145333461463,0,0
1800,0,1,road_2_3_2_0,0.0,0,0
1800,0,1,road_2_3_2_1,-0.0050567323341965675,3,0
1800,0,1,road_2_3_2_2,-0.0010682380525395274,0,0
1800,0,1,road_1_2_1_0,0.0,0,0
1800,0,1,road_1_2_1_1,-0.0008624237379990518,0,0
1800,0,1,road_1_2_1_2,-0.0008421281236223876,0,0
1800,0,1,road_0_3_0_0,0.0,0,0
1800,0,1,road_0_3_0_1,-0.0032762044575065374,0,0
1800,0,1,road_0_3_0_2,-0.000848894938826561,0,0
1800,0,1,road_1_5_3_0,0.0,0,0
1800,0,1,road_1_5_3_1,-6.498692982859211e-06,3,0
1800,0,1,road_1_5_3_2,-0.0003286176943220198,3,0
1800,0,1,road_2_4_2_0,0.0,0,0
1800,0,1,road_2_4_2_1,0.010667736642062664,0,3
1800,0,1,road_2_4_2_2,0.003258582204580307,0,3
1800,0,1,road_1_3_1_0,0.0,0,0
1800,0,1,road_1_3_1_1,-0.0018927378114312887,3,0
1800,0,1,road_1_3_1_2,-0.0021396102383732796,3,0
1800,0,1,road_0_4_0_0,0.0,0,0
1800,0,1,road_0_4_0_1,1.6528252672287636e-05,0,3
1800,0,1,road_0_4_0_2,1.5881161743891425e-05,0,3
1800,0,1,road_2_2_3_0,0.0,0,0
1800,0,1,road_2_2_3_1,0.0023909960873425007,3,0
1800,0,1,road_2_2_3_2,0.002395452931523323,3,0
1800,0,1,road_3_1_2_0,0.0,0,0
1800,0,1,road_3_1_2_1,-0.0009025291074067354,0,0
1800,0,1,road_3_1_2_2,0.00016704807057976723,0,3
1800,0,1,road_2_0_1_0,0.0,0,0
1800,0,1,road_2_0_1_1,0.0030127603095024824,3,0
1800,0,1,road_2_0_1_2,0.0023540279362350702,3,0
1800,0,1,road_1_1_0_0,0.0,0,0
1800,0,1,road_1_1_0_1,-0.0003040292067453265,3,0
1800,0,1,road_1_1_0_2,-0.0010082002263516188,3,0
1800,0,1,road_2_3_3_0,0.0,0,0
1800,0,1,road_2_3_3_1,-0.0014477677177637815,3,0
1800,0,1,road_2_3_3_2,0.0010904375230893493,0,3
1800,0,1,road_3_2_2_0,0.0,0,0
1800,0,1,road_3_2_2_1,0.0010913980659097433,0,3
1800,0,1,road_3_2_2_2,0.0010913985315710306,0,3
1800,0,1,road_2_1_1_0,0.0,0,0
1800,0,1,road_2_1_1_1,-0.002268633572384715,3,0
1800,0,1,road_2_1_1_2,0.001138086779974401,0,3
1800,0,1,road_1_2_0_0,0.0,0,0
1800,0,1,road_1_2_0_1,0.000768551486544311,3,0
1800,0,1,road_1_2_0_2,0.0007685518357902765,3,0
1800,0,1,road_2_4_3_0,0.0,0,0
1800,0,1,road_2_4_3_1,-6.018875865265727e-05,3,0
1800,0,1,road_2_4_3_2,0.0012879075948148966,0,3
1800,0,1,road_3_3_2_0,0.0,0,0
1800,0,1,road_3_3_2_1,0.002156951231881976,0,3
1800,0,1,road_3_3_2_2,-0.0006213936721906066,3,0
1800,0,1,road_2_2_1_0,0.0,0,0
1800,0,1,road_2_2_1_1,-0.0009898991556838155,3,0
1800,0,1,road_2_2_1_2,-0.0011159698478877544,3,0
1800,0,1,road_1_3_0_0,0.0,0,0
1800,0,1,road_1_3_0_1,0.005423964001238346,0,3
1800,0,1,road_1_3_0_2,0.002138589508831501,3,0
1800,0,1,road_2_5_3_0,0.0,0,0
1800,0,1,road_2_5_3_1,-0.002828983822837472,3,0
1800,0,1,road_2_5_3_2,-0.0028289835900068283,3,0
1800,0,1,road_3_4_2_0,0.0,0,0
1800,0,1,road_3_4_2_1,0.0031815350521355867,3,0
1800,0,1,road_3_4_2_2,0.0056303683668375015,3,0
1800,0,1,road_2_3_1_0,0.0,0,0
1800,0,1,road_2_3_1_1,-0.00298104016110301,3,0
1800,0,1,road_2_3_1_2,-0.0029810399282723665,3,0
1800,0,1,road_1_4_0_0,0.0,0,0
1800,0,1,road_1_4_0_1,-0.0017548445612192154,0,0
1800,0,1,road_1_4_0_2,0.00010066974209621549,0,3
1800,0,1,road_3_2_3_0,0.0,0,0
1800,0,1,road_3_2_3_1,-0.0003232968447264284,0,0
1800,0,1,road_3_2_3_2,-0.0003232967865187675,0,0
1800,0,1,road_4_1_2_0,0.0,0,0
1800,0,1,road_4_1_2_1,-0.006982168648391962,3,0
1800,0,1,road_4_1_2_2,-0.00017046823631972075,0,0
1800,0,1,road_3_0_1_0,0.0,0,0
1800,0,1,road_3_0_1_1,-0.0003232969029340893,0,0
1800,0,1,road_3_0_1_2,-0.00032329693203791976,0,0
1800,0,1,road_2_1_0_0,0.0,0,0
1800,0,1,road_2_1_0_1,-0.006982168182730675,3,0
1800,0,1,road_2_1_0_2,-0.00017046817811205983,0,0
1800,0,1,road_3_3_3_0,0.0,0,0
1800,0,1,road_3_3_3_1,0.0006241841474547982,0,3
1800,0,1,road_3_3_3_2,-0.005078805144876242,3,0
1800,0,1,road_4_2_2_0,0.0,0,0
1800,0,1,road_4_2_2_1,-0.0020630345679819584,0,0
1800,0,1,road_4_2_2_2,-0.0002143249730579555,0,0
1800,0,1,road_3_1_1_0,0.0,0,0
1800,0,1,road_3_1_1_1,0.005329174920916557,3,0
1800,0,1,road_3_1_1_2,0.0007849374087527394,3,0
1800,0,1,road_2_2_0_0,0.0,0,0
1800,0,1,road_2_2_0_1,0.00020181143190711737,0,3
1800,0,1,road_2_2_0_2,0.001055954722687602,0,3
1800,0,1,road_3_4_3_0,0.0,0,0
1800,0,1,road_3_4_3_1,-0.0003955470456276089,0,0
1800,0,1,road_3_4_3_2,-0.0003955469583161175,0,0
1800,0,1,road_4_3_2_0,0.0,0,0
1800,0,1,road_4_3_2_1,-0.0011857704957947135,3,0
1800,0,1,road_4_3_2_2,-0.006634925026446581,3,0
1800,0,1,road_3_2_1_0,0.0,0,0
1800,0,1,road_3_2_1_1,-0.00039554707473143935,0,0
1800,0,1,road_3_2_1_2,-0.0003955469583161175,0,0
1800,0,1,road_2_3_0_0,0.0,0,0
1800,0,1,road_2_3_0_1,0.0033039776608347893,0,3
1800,0,1,road_2_3_0_2,0.0001573974877828732,0,3
1800,0,1,road_3_5_3_0,0.0,0,0
1800,0,1,road_3_5_3_1,0.0004615057841874659,0,3
1800,0,1,road_3_5_3_2,0.0009801653213799,3,0
1800,0,1,road_4_4_2_0,0.0,0,0
1800,0,1,road_4_4_2_1,0.0013520570937544107,3,0
1800,0,1,road_4_4_2_2,0.003693836508318782,3,0
1800,0,1,road_3_3_1_0,0.0,0,0
1800,0,1,road_3_3_1_1,-0.00038473200402222574,0,0
1800,0,1,road_3_3_1_2,0.0004615054640453309,0,3
1800,0,1,road_2_4_0_0,0.0,0,0
1800,0,1,road_2_4_0_1,0.0013520574430003762,3,0
1800,0,1,road_2_4_0_2,0.0036938367411494255,3,0
1800,0,1,road_4_2_3_0,0.0,0,0
1800,0,1,road_4_2_3_1,-0.0018563451012596488,3,0
1800,0,1,road_4_2_3_2,-0.002522286493331194,3,0
1800,0,1,road_5_1_2_0,0.0,0,0
1800,0,1,road_5_1_2_1,0.0030035232193768024,3,0
1800,0,1,road_5_1_2_2,0.0024446514435112476,3,0
1800,0,1,road_4_0_1_0,0.0,0,0
1800,0,1,road_4_0_1_1,-8.806365258351434e-06,2,0
1800,0,1,road_4_0_1_2,-0.0026327683590352535,0,0
1800,0,1,road_3_1_0_0,0.0,0,0
1800,0,1,road_3_1_0_1,0.0030035236850380898,3,0
1800,0,1,road_3_1_0_2,0.0024446516763418913,3,0
1800,0,1,road_4_3_3_0,0.0,0,0
1800,0,1,road_4_3_3_1,0.0015309033915400505,3,0
1800,0,1,road_4_3_3_2,0.0033782487735152245,3,0
1800,0,1,road_5_2_2_0,0.0,0,0
1800,0,1,road_5_2_2_1,-1.0323491551389452e-05,2,0
1800,0,1,road_5_2_2_2,-0.0030370859894901514,0,0
1800,0,1,road_4_1_1_0,0.0,0,0
1800,0,1,road_4_1_1_1,0.0019233301281929016,3,0
1800,0,1,road_4_1_1_2,0.003341331146657467,3,0
1800,0,1,road_3_2_0_0,0.0,0,0
1800,0,1,road_3_2_0_1,-0.002185743534937501,3,0
1800,0,1,road_3_2_0_2,-0.002917187288403511,3,0
1800,0,1,road_4_4_3_0,0.0,0,0
1800,0,1,road_4_4_3_1,-0.00090521399397403,3,0
1800,0,1,road_4_4_3_2,0.00019048512331210077,0,3
1800,0,1,road_5_3_2_0,0.0,0,0
1800,0,1,road_5_3_2_1,2.0438554201973602e-05,0,3
1800,0,1,road_5_3_2_2,-0.0005166188348084688,0,0
1800,0,1,road_4_2_1_0,0.0,0,0
1800,0,1,road_4_2_1_1,-6.076061981730163e-05,3,0
1800,0,1,road_4_2_1_2,-0.0009061212185770273,0,0
1800,0,1,road_3_3_0_0,0.0,0,0
1800,0,1,road_3_3_0_1,0.0032960032112896442,0,3
1800,0,1,road_3_3_0_2,0.000442301738075912,0,3
1800,0,1,road_4_5_3_0,0.0,0,0
1800,0,1,road_4_5_3_1,-0.0043170154094696045,3,0
1800,0,1,road_4_5_3_2,-0.001963480142876506,0,0
1800,0,1,road_5_4_2_0,0.0,0,0
1800,0,1,road_5_4_2_1,-1.528337634226773e-05,0,0
1800,0,1,road_5_4_2_2,-0.00010525776451686397,0,0
1800,0,1,road_4_3_1_0,0.0,0,0
1800,0,1,road_4_3_1_1,0.00010453060531290248,3,0
1800,0,1,road_4_3_1_2,0.0019664843566715717,0,3
1800,0,1,road_3_4_0_0,0.0,0,0
1800,0,1,road_3_4_0_1,-0.0008946290472522378,0,0
1800,0,1,road_3_4_0_2,-0.0010558412177488208,0,0
1800,0,2,road_1_2_3_0,0.0,0,0
1800,0,2,road_1_2_3_1,-0.0001389325043419376,3,0
1800,0,2,road_1_2_3_2,-0.0027887318283319473,3,0
1800,0,2,road_2_1_2_0,0.0,0,0
1800,0,2,road_2_1_2_1,0.004094714764505625,3,0
1800,0,2,road_2_1_2_2,0.004094414878636599,3,0
1800,0,2,road_1_0_1_0,0.0,0,0
1800,0,2,road_1_0_1_1,-9.093206244870089e-06,3,0
1800,0,2,road_1_0_1_2,-0.0014615197433158755,3,0
1800,0,2,road_0_1_0_0,0.0,0,0
1800,0,2,road_0_1_0_1,1.1028042536054272e-05,3,0
1800,0,2,road_0_1_0_2,8.453182817902416e-05,3,0
1800,0,2,road_1_3_3_0,0.0,0,0
1800,0,2,road_1_3_3_1,0.0032664723694324493,3,0
1800,0,2,road_1_3_3_2,0.002555915853008628,3,0
1800,0,2,road_2_2_2_0,0.0,0,0
1800,0,2,road_2_2_2_1,-0.00279034860432148,3,0
1800,0,2,road_2_2_2_2,-0.002531027188524604,3,0
1800,0,2,road_1_1_1_0,0.0,0,0
1800,0,2,road_1_1_1_1,0.0028673710767179728,3,0
1800,0,2,road_1_1_1_2,0.0025636281352490187,3,0
1800,0,2,road_0_2_0_0,0.0,0,0
1800,0,2,road_0_2_0_1,-8.62013712321641e-06,3,0
1800,0,2,road_0_2_0_2,-0.0027903481386601925,0,0
1800,0,2,road_1_4_3_0,0.0,0,0
1800,0,2,road_1_4_3_1,-1.467044603487011e-05,0,0
1800,0,2,road_1_4_3_2,-0.00039191145333461463,0,0
1800,0,2,road_2_3_2_0,0.0,0,0
1800,0,2,road_2_3_2_1,-0.0050567323341965675,3,0
1800,0,2,road_2_3_2_2,-0.0010682380525395274,0,0
1800,0,2,road_1_2_1_0,0.0,0,0
1800,0,2,road_1_2_1_1,-0.0008624237379990518,0,0
1800,0,2,road_1_2_1_2,-0.0008421281236223876,0,0
1800,0,2,road_0_3_0_0,0.0,0,0
1800,0,2,road_0_3_0_1,-0.0032762044575065374,0,0
1800,0,2,road_0_3_0_2,-0.000848894938826561,0,0
1800,0,2,road_1_5_3_0,0.0,0,0
1800,0,2,road_1_5_3_1,1.0783051038742997e-05,3,0
1800,0,2,road_1_5_3_2,0.00048286968376487494,3,0
1800,0,2,road_2_4_2_0,0.0,0,0
1800,0,2,road_2_4_2_1,-0.0018878667615354061,3,0
1800,0,2,road_2_4_2_2,-0.002807268174365163,3,0
1800,0,2,road_1_3_1_0,0.0,0,0
1800,0,2,road_1_3_1_1,0.00405844347551465,3,0
1800,0,2,road_1_3_1_2,0.0036846515722572803,3,0
1800,0,2,road_0_4_0_0,0.0,0,0
1800,0,2,road_0_4_0_1,-9.129861609835643e-06,3,0
1800,0,2,road_0_4_0_2,-8.336788596352562e-06,3,0
1800,0,2,road_2_2_3_0,0.0,0,0
1800,0,2,road_2_2_3_1,0.0021620825864374638,3,0
1800,0,2,road_2_2_3_2,0.0033140061423182487,3,0
1800,0,2,road_3_1_2_0,0.0,0,0
1800,0,2,road_3_1_2_1,-0.00017051375471055508,0,0
1800,0,2,road_3_1_2_2,-0.0008647067006677389,3,0
1800,0,2,road_2_0_1_0,0.0,0,0
1800,0,2,road_2_0_1_1,0.0027471170760691166,3,0
1800,0,2,road_2_0_1_2,0.0033135605044662952,3,0
1800,0,2,road_1_1_0_0,0.0,0,0
1800,0,2,road_1_1_0_1,-0.00033448293106630445,3,0
1800,0,2,road_1_1_0_2,-0.0025863400660455227,3,0
1800,0,2,road_2_3_3_0,0.0,0,0
1800,0,2,road_2_3_3_1,0.003308350220322609,3,0
1800,0,2,road_2_3_3_2,0.0029678340069949627,3,0
1800,0,2,road_3_2_2_0,0.0,0,0
1800,0,2,road_3_2_2_1,-0.0034328969195485115,3,0
1800,0,2,road_3_2_2_2,-0.003432895289734006,3,0
1800,0,2,road_2_1_1_0,0.0,0,0
1800,0,2,road_2_1_1_1,0.003869426203891635,3,0
1800,0,2,road_2_1_1_2,0.0023458278737962246,3,0
1800,0,2,road_1_2_0_0,0.0,0,0
1800,0,2,road_1_2_0_1,-0.0027427729219198227,3,0
1800,0,2,road_1_2_0_2,-0.002742771990597248,3,0
1800,0,2,road_2_4_3_0,0.0,0,0
1800,0,2,road_2_4_3_1,-0.0026172460056841373,3,0
1800,0,2,road_2_4_3_2,-0.0033272551372647285,3,0
1800,0,2,road_3_3_2_0,0.0,0,0
1800,0,2,road_3_3_2_1,0.0022733977530151606,3,0
1800,0,2,road_3_3_2_2,0.003745367517694831,3,0
1800,0,2,road_2_2_1_0,0.0,0,0
1800,0,2,road_2_2_1_1,-0.001297102076932788,3,0
1800,0,2,road_2_2_1_2,-0.0033882642164826393,3,0
1800,0,2,road_1_3_0_0,0.0,0,0
1800,0,2,road_1_3_0_1,0.0014232435496523976,3,0
1800,0,2,road_1_3_0_2,0.003787713125348091,3,0
1800,0,2,road_2_5_3_0,0.0,0,0
1800,0,2,road_2_5_3_1,0.0029699718579649925,3,0
1800,0,2,road_2_5_3_2,0.0029699711594730616,3,0
1800,0,2,road_3_4_2_0,0.0,0,0
1800,0,2,road_3_4_2_1,-0.0031536167953163385,3,0
1800,0,2,road_3_4_2_2,-0.002859083702787757,3,0
1800,0,2,road_2_3_1_0,0.0,0,0
1800,0,2,road_2_3_1_1,0.0035814715083688498,3,0
1800,0,2,road_2_3_1_2,0.003581470809876919,3,0
1800,0,2,road_1_4_0_0,0.0,0,0
1800,0,2,road_1_4_0_1,-0.002072869800031185,0,0
1800,0,2,road_1_4_0_2,-0.003153617028146982,3,0
1800,0,2,road_3_2_3_0,0.0,0,0
1800,0,2,road_3_2_3_1,-0.0003232968447264284,0,0
1800,0,2,road_3_2_3_2,-0.0003232967865187675,0,0
1800,0,2,road_4_1_2_0,0.0,0,0
1800,0,2,road_4_1_2_1,-0.006982168648391962,3,0
1800,0,2,road_4_1_2_2,-0.00017046823631972075,0,0
1800,0,2,road_3_0_1_0,0.0,0,0
1800,0,2,road_3_0_1_1,-0.0003232969029340893,0,0
1800,0,2,road_3_0_1_2,-0.00032329693203791976,0,0
1800,0,2,road_2_1_0_0,0.0,0,0
1800,0,2,road_2_1_0_1,-0.006982168182730675,3,0
1800,0,2,road_2_1_0_2,-0.00017046817811205983,0,0
1800,0,2,road_3_3_3_0,0.0,0,0
1800,0,2,road_3_3_3_1,0.0031058748718351126,3,0
1800,0,2,road_3_3_3_2,0.0024574892595410347,3,0
1800,0,2,road_4_2_2_0,0.0,0,0
1800,0,2,road_4_2_2_1,-0.0028956402093172073,0,0
1800,0,2,road_4_2_2_2,0.0001748378563206643,0,3
1800,0,2,road_3_1_1_0,0.0,0,0
1800,0,2,road_3_1_1_1,0.0024582771584391594,3,0
1800,0,2,road_3_1_1_2,0.0024924783501774073,3,0
1800,0,2,road_2_2_0_0,0.0,0,0
1800,0,2,road_2_2_0_1,-0.0010904526570811868,3,0
1800,0,2,road_2_2_0_2,-0.0011538744438439608,3,0
1800,0,2,road_3_4_3_0,0.0,0,0
1800,0,2,road_3_4_3_1,-0.0005862833932042122,0,0
1800,0,2,road_3_4_3_2,-0.0005862833932042122,0,0
1800,0,2,road_4_3_2_0,0.0,0,0
1800,0,2,road_4_3_2_1,0.0005111825303174555,3,0
1800,0,2,road_4_3_2_2,0.003938916139304638,3,0
1800,0,2,road_3_2_1_0,0.0,0,0
1800,0,2,road_3_2_1_1,-0.0005862833349965513,0,0
1800,0,2,road_3_2_1_2,-0.0005862834514118731,0,0
1800,0,2,road_2_3_0_0,0.0,0,0
1800,0,2,road_2_3_0_1,0.0004318901337683201,3,0
1800,0,2,road_2_3_0_2,0.003934227395802736,3,0
1800,0,2,road_3_5_3_0,0.0,0,0
1800,0,2,road_3_5_3_1,-0.00035153425415046513,3,0
1800,0,2,road_3_5_3_2,-0.0019519145134836435,3,0
1800,0,2,road_4_4_2_0,0.0,0,0
1800,0,2,road_4_4_2_1,0.003658090718090534,3,0
1800,0,2,road_4_4_2_2,0.0033443341962993145,3,0
1800,0,2,road_3_3_1_0,0.0,0,0
1800,0,2,road_3_3_1_1,0.0015323878033086658,0,3
1800,0,2,road_3_3_1_2,-0.0003515347489155829,3,0
1800,0,2,road_2_4_0_0,0.0,0,0
1800,0,2,road_2_4_0_1,0.003658090252429247,3,0
1800,0,2,road_2_4_0_2,0.003344333730638027,3,0
1800,0,2,road_4_2_3_0,0.0,0,0
1800,0,2,road_4_2_3_1,-0.0018563451012596488,3,0
1800,0,2,road_4_2_3_2,-0.002522286493331194,3,0
1800,0,2,road_5_1_2_0,0.0,0,0
1800,0,2,road_5_1_2_1,0.0030035232193768024,3,0
1800,0,2,road_5_1_2_2,0.0024446514435112476,3,0
1800,0,2,road_4_0_1_0,0.0,0,0
1800,0,2,road_4_0_1_1,-8.806365258351434e-06,2,0
1800,0,2,road_4_0_1_2,-0.0026327683590352535,0,0
1800,0,2,road_3_1_0_0,0.0,0,0
1800,0,2,road_3_1_0_1,0.0030035236850380898,3,0
1800,0,2,road_3_1_0_2,0.0024446516763418913,3,0
1800,0,2,road_4_3_3_0,0.0,0,0
1800,0,2,road_4_3_3_1,0.0015309033915400505,3,0
1800,0,2,road_4_3_3_2,0.0033782487735152245,3,0
1800,0,2,road_5_2_2_0,0.0,0,0
1800,0,2,road_5_2_2_1,-1.0323491551389452e-05,2,0
1800,0,2,road_5_2_2_2,-0.0030370859894901514,0,0
1800,0,2,road_4_1_1_0,0.0,0,0
1800,0,2,road_4_1_1_1,0.0019233301281929016,3,0
1800,0,2,road_4_1_1_2,0.003341331146657467,3,0
1800,0,2,road_3_2_0_0,0.0,0,0
1800,0,2,road_3_2_0_1,-0.002185743534937501,3,0
1800,0,2,road_3_2_0_2,-0.002917187288403511,3,0
1800,0,2,road_4_4_3_0,0.0,0,0
1800,0,2,road_4_4_3_1,0.0010861296905204654,3,0
1800,0,2,road_4_4_3_2,0.0015401362907141447,3,0
1800,0,2,road_5_3_2_0,0.0,0,0
1800,0,2,road_5_3_2_1,-6.718824351992225e-06,3,0
1800,0,2,road_5_3_2_2,-0.001247393898665905,0,0
1800,0,2,road_4_2_1_0,0.0,0,0
1800,0,2,road_4_2_1_1,3.8236743421293795e-05,3,0
1800,0,2,road_4_2_1_2,-0.0005755254533141851,0,0
1800,0,2,road_3_3_0_0,0.0,0,0
1800,0,2,road_3_3_0_1,-0.0016003206837922335,3,0
1800,0,2,road_3_3_0_2,-0.0018026204779744148,3,0
1800,0,2,road_4_5_3_0,0.0,0,0
1800,0,2,road_4_5_3_1,-0.0014926685253158212,3,0
1800,0,2,road_4_5_3_2,-0.00019150623120367527,0,0
1800,0,2,road_5_4_2_0,0.0,0,0
1800,0,2,road_5_4_2_1,1.9476248780847527e-05,0,3
1800,0,2,road_5_4_2_2,0.00012955072452314198,0,3
1800,0,2,road_4_3_1_0,0.0,0,0
1800,0,2,road_4_3_1_1,-0.00012904619507025927,3,0
1800,0,2,road_4_3_1_2,-0.002928281668573618,3,0
1800,0,2,road_3_4_0_0,0.0,0,0
1800,0,2,road_3_4_0_1,0.003802636405453086,0,3
1800,0,2,road_3_4_0_2,0.004143637139350176,0,3
1800,0,3,road_1_2_3_0,0.0,0,0
1800,0,3,road_1_2_3_1,-0.0001389325043419376,3,0
1800,0,3,road_1_2_3_2,-0.0027887318283319473,3,0
1800,0,3,road_2_1_2_0,0.0,0,0
1800,0,3,road_2_1_2_1,0.004094714764505625,3,0
1800,0,3,road_2_1_2_2,0.004094414878636599,3,0
1800,0,3,road_1_0_1_0,0.0,0,0
1800,0,3,road_1_0_1_1,-9.093206244870089e-06,3,0
1800,0,3,road_1_0_1_2,-0.0014615197433158755,3,0
1800,0,3,road_0_1_0_0,0.0,0,0
1800,0,3,road_0_1_0_1,1.1028042536054272e-05,3,0
1800,0,3,road_0_1_0_2,8.453182817902416e-05,3,0
1800,0,3,road_1_3_3_0,0.0,0,0
1800,0,3,road_1_3_3_1,0.0032664723694324493,3,0
1800,0,3,road_1_3_3_2,0.002555915853008628,3,0
1800,0,3,road_2_2_2_0,0.0,0,0
1800,0,3,road_2_2_2_1,-0.00279034860432148,3,0
1800,0,3,road_2_2_2_2,-0.002531027188524604,3,0
1800,0,3,road_1_1_1_0,0.0,0,0
1800,0,3,road_1_1_1_1,0.0028673710767179728,3,0
1800,0,3,road_1_1_1_2,0.0025636281352490187,3,0
1800,0,3,road_0_2_0_0,0.0,0,0
1800,0,3,road_0_2_0_1,-8.62013712321641e-06,3,0
1800,0,3,road_0_2_0_2,-0.0027903481386601925,0,0
1800,0,3,road_1_4_3_0,0.0,0,0
1800,0,3,road_1_4_3_1,-1.467044603487011e-05,0,0
1800,0,3,road_1_4_3_2,-0.00039191145333461463,0,0
1800,0,3,road_2_3_2_0,0.0,0,0
1800,0,3,road_2_3_2_1,-0.0050567323341965675,3,0
1800,0,3,road_2_3_2_2,-0.0010682380525395274,0,0
1800,0,3,road_1_2_1_0,0.0,0,0
1800,0,3,road_1_2_1_1,-0.0008624237379990518,0,0
1800,0,3,road_1_2_1_2,-0.0008421281236223876,0,0
1800,0,3,road_0_3_0_0,0.0,0,0
1800,0,3,road_0_3_0_1,-0.0032762044575065374,0,0
1800,0,3,road_0_3_0_2,-0.000848894938826561,0,0
1800,0,3,road_1_5_3_0,0.0,0,0
1800,0,3,road_1_5_3_1,1.0783051038742997e-05,3,0
1800,0,3,road_1_5_3_2,0.00048286968376487494,3,0
1800,0,3,road_2_4_2_0,0.0,0,0
1800,0,3,road_2_4_2_1,-0.0018878667615354061,3,0
1800,0,3,road_2_4_2_2,-0.002807268174365163,3,0
1800,0,3,road_1_3_1_0,0.0,0,0
1800,0,3,road_1_3_1_1,0.00405844347551465,3,0
1800,0,3,road_1_3_1_2,0.0036846515722572803,3,0
1800,0,3,road_0_4_0_0,0.0,0,0
1800,0,3,road_0_4_0_1,-9.129861609835643e-06,3,0
1800,0,3,road_0_4_0_2,-8.336788596352562e-06,3,0
1800,0,3,road_2_2_3_0,0.0,0,0
1800,0,3,road_2_2_3_1,0.0021620825864374638,3,0
1800,0,3,road_2_2_3_2,0.0033140061423182487,3,0
1800,0,3,road_3_1_2_0,0.0,0,0
1800,0,3,road_3_1_2_1,-0.00017051375471055508,0,0
1800,0,3,road_3_1_2_2,-0.0008647067006677389,3,0
1800,0,3,road_2_0_1_0,0.0,0,0
1800,0,3,road_2_0_1_1,0.0027471170760691166,3,0
1800,0,3,road_2_0_1_2,0.0033135605044662952,3,0
1800,0,3,road_1_1_0_0,0.0,0,0
1800,0,3,road_1_1_0_1,-0.00033448293106630445,3,0
1800,0,3,road_1_1_0_2,-0.0025863400660455227,3,0
1800,0,3,road_2_3_3_0,0.0,0,0
1800,0,3,road_2_3_3_1,0.003308350220322609,3,0
1800,0,3,road_2_3_3_2,0.0029678340069949627,3,0
1800,0,3,road_3_2_2_0,0.0,0,0
1800,0,3,road_3_2_2_1,-0.0034328969195485115,3,0
1800,0,3,road_3_2_2_2,-0.003432895289734006,3,0
1800,0,3,road_2_1_1_0,0.0,0,0
1800,0,3,road_2_1_1_1,0.003869426203891635,3,0
1800,0,3,road_2_1_1_2,0.0023458278737962246,3,0
1800,0,3,road_1_2_0_0,0.0,0,0
1800,0,3,road_1_2_0_1,-0.0027427729219198227,3,0
1800,0,3,road_1_2_0_2,-0.002742771990597248,3,0
1800,0,3,road_2_4_3_0,0.0,0,0
1800,0,3,road_2_4_3_1,-0.0026172460056841373,3,0
1800,0,3,road_2_4_3_2,-0.0033272551372647285,3,0
1800,0,3,road_3_3_2_0,0.0,0,0
1800,0,3,road_3_3_2_1,0.0022733977530151606,3,0
1800,0,3,road_3_3_2_2,0.003745367517694831,3,0
1800,0,3,road_2_2_1_0,0.0,0,0
1800,0,3,road_2_2_1_1,-0.001297102076932788,3,0
1800,0,3,road_2_2_1_2,-0.0033882642164826393,3,0
1800,0,3,road_1_3_0_0,0.0,0,0
1800,0,3,road_1_3_0_1,0.0014232435496523976,3,0
1800,0,3,road_1_3_0_2,0.003787713125348091,3,0
1800,0,3,road_2_5_3_0,0.0,0,0
1800,0,3,road_2_5_3_1,0.0029699718579649925,3,0
1800,0,3,road_2_5_3_2,0.0029699711594730616,3,0
1800,0,3,road_3_4_2_0,0.0,0,0
1800,0,3,road_3_4_2_1,-0.0031536167953163385,3,0
1800,0,3,road_3_4_2_2,-0.002859083702787757,3,0
1800,0,3,road_2_3_1_0,0.0,0,0
1800,0,3,road_2_3_1_1,0.0035814715083688498,3,0
1800,0,3,road_2_3_1_2,0.003581470809876919,3,0
1800,0,3,road_1_4_0_0,0.0,0,0
1800,0,3,road_1_4_0_1,-0.002072869800031185,0,0
1800,0,3,road_1_4_0_2,-0.003153617028146982,3,0
1800,0,3,road_3_2_3_0,0.0,0,0
1800,0,3,road_3_2_3_1,-0.0003232968447264284,0,0
1800,0,3,road_3_2_3_2,-0.0003232967865187675,0,0
1800,0,3,road_4_1_2_0,0.0,0,0
1800,0,3,road_4_1_2_1,-0.006982168648391962,3,0
1800,0,3,road_4_1_2_2,-0.00017046823631972075,0,0
1800,0,3,road_3_0_1_0,0.0,0,0
1800,0,3,road_3_0_1_1,-0.0003232969029340893,0,0
1800,0,3,road_3_0_1_2,-0.00032329693203791976,0,0
1800,0,3,road_2_1_0_0,0.0,0,0
1800,0,3,road_2_1_0_1,-0.006982168182730675,3,0
1800,0,3,road_2_1_0_2,-0.00017046817811205983,0,0
1800,0,3,road_3_3_3_0,0.0,0,0
1800,0,3,road_3_3_3_1,0.0028737070970237255,3,0
1800,0,3,road_3_3_3_2,0.003522714599967003,3,0
1800,0,3,road_4_2_2_0,0.0,0,0
1800,0,3,road_4_2_2_1,-0.0017375763272866607,0,0
1800,0,3,road_4_2_2_2,-0.0008469419553875923,3,0
1800,0,3,road_3_1_1_0,0.0,0,0
1800,0,3,road_3_1_1_1,0.0022774802055209875,3,0
1800,0,3,road_3_1_1_2,0.0035576196387410164,3,0
1800,0,3,road_2_2_0_0,0.0,0,0
1800,0,3,road_2_2_0_1,-0.0012394454097375274,3,0
1800,0,3,road_2_2_0_2,-0.00279184989631176,3,0
1800,0,3,road_3_4_3_0,0.0,0,0
1800,0,3,road_3_4_3_1,-0.0005862833932042122,0,0
1800,0,3,road_3_4_3_2,-0.0005862833932042122,0,0
1800,0,3,road_4_3_2_0,0.0,0,0
1800,0,3,road_4_3_2_1,0.0005111825303174555,3,0
1800,0,3,road_4_3_2_2,0.003938916139304638,3,0
1800,0,3,road_3_2_1_0,0.0,0,0
1800,0,3,road_3_2_1_1,-0.0005862833349965513,0,0
1800,0,3,road_3_2_1_2,-0.0005862834514118731,0,0
1800,0,3,road_2_3_0_0,0.0,0,0
1800,0,3,road_2_3_0_1,0.0004318901337683201,3,0
1800,0,3,road_2_3_0_2,0.003934227395802736,3,0
1800,0,3,road_3_5_3_0,0.0,0,0
1800,0,3,road_3_5_3_1,-0.003153614467009902,3,0
1800,0,3,road_3_5_3_2,-0.0028590818401426077,3,0
1800,0,3,road_4_4_2_0,0.0,0,0
1800,0,3,road_4_4_2_1,0.0035814731381833553,3,0
1800,0,3,road_4_4_2_2,0.0029699737206101418,3,0
1800,0,3,road_3_3_1_0,0.0,0,0
1800,0,3,road_3_3_1_1,-0.0020728688687086105,3,0
1800,0,3,road_3_3_1_2,-0.003153615165501833,3,0
1800,0,3,road_2_4_0_0,0.0,0,0
1800,0,3,road_2_4_0_1,0.0035814722068607807,3,0
1800,0,3,road_2_4_0_2,0.0029699732549488544,3,0
1800,0,3,road_4_2_3_0,0.0,0,0
1800,0,3,road_4_2_3_1,-0.0018563451012596488,3,0
1800,0,3,road_4_2_3_2,-0.002522286493331194,3,0
1800,0,3,road_5_1_2_0,0.0,0,0
1800,0,3,road_5_1_2_1,0.0030035232193768024,3,0
1800,0,3,road_5_1_2_2,0.0024446514435112476,3,0
1800,0,3,road_4_0_1_0,0.0,0,0
1800,0,3,road_4_0_1_1,-8.806365258351434e-06,2,0
1800,0,3,road_4_0_1_2,-0.0026327683590352535,0,0
1800,0,3,road_3_1_0_0,0.0,0,0
1800,0,3,road_3_1_0_1,0.0030035236850380898,3,0
1800,0,3,road_3_1_0_2,0.0024446516763418913,3,0
1800,0,3,road_4_3_3_0,0.0,0,0
1800,0,3,road_4_3_3_1,0.0015309033915400505,3,0
1800,0,3,road_4_3_3_2,0.0033782487735152245,3,0
1800,0,3,road_5_2_2_0,0.0,0,0
1800,0,3,road_5_2_2_1,-1.0323491551389452e-05,2,0
1800,0,3,road_5_2_2_2,-0.0030370859894901514,0,0
1800,0,3,road_4_1_1_0,0.0,0,0
1800,0,3,road_4_1_1_1,0.0019233301281929016,3,0
1800,0,3,road_4_1_1_2,0.003341331146657467,3,0
1800,0,3,road_3_2_0_0,0.0,0,0
1800,0,3,road_3_2_0_1,-0.002185743534937501,3,0
1800,0,3,road_3_2_0_2,-0.002917187288403511,3,0
1800,0,3,road_4_4_3_0,0.0,0,0
1800,0,3,road_4_4_3_1,0.0010861296905204654,3,0
1800,0,3,road_4_4_3_2,0.0015401362907141447,3,0
1800,0,3,road_5_3_2_0,0.0,0,0
1800,0,3,road_5_3_2_1,-6.718824351992225e-06,3,0
1800,0,3,road_5_3_2_2,-0.001247393898665905,0,0
1800,0,3,road_4_2_1_0,0.0,0,0
1800,0,3,road_4_2_1_1,3.8236743421293795e-05,3,0
1800,0,3,road_4_2_1_2,-0.0005755254533141851,0,0
1800,0,3,road_3_3_0_0,0.0,0,0
1800,0,3,road_3_3_0_1,-0.0016003206837922335,3,0
1800,0,3,road_3_3_0_2,-0.0018026204779744148,3,0
1800,0,3,road_4_5_3_0,0.0,0,0
1800,0,3,road_4_5_3_1,0.006614315323531628,3,0
1800,0,3,road_4_5_3_2,0.0011741035850718617,0,3
1800,0,3,road_5_4_2_0,0.0,0,0
1800,0,3,road_5_4_2_1,-6.29241912974976e-06,3,0
1800,0,3,road_5_4_2_2,-4.4054871978005394e-05,3,0
1800,0,3,road_4_3_1_0,0.0,0,0
1800,0,3,road_4_3_1_1,8.067811722867191e-05,3,0
1800,0,3,road_4_3_1_2,0.0011726374505087733,3,0
1800,0,3,road_3_4_0_0,0.0,0,0
1800,0,3,road_3_4_0_1,-0.0016809396911412477,3,0
1800,0,3,road_3_4_0_2,-0.0021211165003478527,3,0
2000,0,0,road_1_2_3_0,0.0,0,0
2000,0,0,road_1_2_3_1,-0.00030681287171319127,0,0
2000,0,0,road_1_2_3_2,-0.002542016329243779,0,0
2000,0,0,road_2_1_2_0,0.0,0,0
2000,0,0,road_2_1_2_1,0.0021117697469890118,0,3
2000,0,0,road_2_1_2_2,0.002111236099153757,0,3
2000,0,0,road_1_0_1_0,0.0,0,0
2000,0,0,road_1_0_1_1,-1.572705696162302e-05,0,0
2000,0,0,road_1_0_1_2,-0.0027912738732993603,0,0
2000,0,0,road_0_1_0_0,0.0,0,0
2000,0,0,road_0_1_0_1,1.5598776371916756e-05,0,3
2000,0,0,road_0_1_0_2,4.524782343651168e-05,0,3
2000,0,0,road_1_3_3_0,0.0,0,0
2000,0,0,road_1_3_3_1,0.0019835084676742554,0,3
2000,0,0,road_1_3_3_2,0.0006771061453036964,0,3
2000,0,0,road_2_2_2_0,0.0,0,0
2000,0,0,road_2_2_2_1,0.0030651879496872425,0,3
2000,0,0,road_2_2_2_2,0.0013746351469308138,0,3
2000,0,0,road_1_1_1_0,0.0,0,0
2000,0,0,road_1_1_1_1,0.0019835084676742554,0,3
2000,0,0,road_1_1_1_2,0.0006771063199266791,0,3
2000,0,0,road_0_2_0_0,0.0,0,0
2000,0,0,road_0_2_0_1,1.4772922440897673e-05,0,2
2000,0,0,road_0_2_0_2,-0.0006884685717523098,0,0
2000,0,0,road_1_4_3_0,0.0,0,0
2000,0,0,road_1_4_3_1,-2.0720575776067562e-05,0,0
2000,0,0,road_1_4_3_2,-0.0005315518355928361,0,0
2000,0,0,road_2_3_2_0,0.0,0,0
2000,0,0,road_2_3_2_1,-0.0011863773688673973,0,0
2000,0,0,road_2_3_2_2,-0.0008735967567190528,0,0
2000,0,0,road_1_2_1_0,0.0,0,0
2000,0,0,road_1_2_1_1,-0.0009404444717802107,0,0
2000,0,0,road_1_2_1_2,-0.0008985644089989364,0,0
2000,0,0,road_0_3_0_0,0.0,0,0
2000,0,0,road_0_3_0_1,-0.001186377601698041,0,3
2000,0,0,road_0_3_0_2,-0.0008735969313420355,0,0
2000,0,0,road_1_5_3_0,0.0,0,0
2000,0,0,road_1_5_3_1,-1.8760281818686053e-05,0,0
2000,0,0,road_1_5_3_2,-0.0007551464368589222,0,0
2000,0,0,road_2_4_2_0,0.0,0,0
2000,0,0,road_2_4_2_1,0.002972420072183013,0,3
2000,0,0,road_2_4_2_2,0.0032251025550067425,0,3
2000,0,0,road_1_3_1_0,0.0,0,0
2000,0,0,road_1_3_1_1,-0.0013104422250762582,0,0
2000,0,0,road_1_3_1_2,-0.0012630932033061981,0,0
2000,0,0,road_0_4_0_0,0.0,0,0
2000,0,0,road_0_4_0_1,1.821688056224957e-05,0,3
2000,0,0,road_0_4_0_2,2.2085758246248588e-05,0,3
2000,0,0,road_2_2_3_0,0.0,0,0
2000,0,0,road_2_2_3_1,0.000644946179818362,0,3
2000,0,0,road_2_2_3_2,0.0017038426594808698,0,3
2000,0,0,road_3_1_2_0,0.0,0,0
2000,0,0,road_3_1_2_1,0.0032994220964610577,0,3
2000,0,0,road_3_1_2_2,-4.680015263147652e-05,0,0
2000,0,0,road_2_0_1_0,0.0,0,0
2000,0,0,road_2_0_1_1,0.0006865882314741611,0,3
2000,0,0,road_2_0_1_2,0.0017145156161859632,0,3
2000,0,0,road_1_1_0_0,0.0,0,0
2000,0,0,road_1_1_0_1,7.238791295094416e-05,0,3
2000,0,0,road_1_1_0_2,-0.003597578499466181,0,0
2000,0,0,road_2_3_3_0,0.0,0,0
2000,0,0,road_2_3_3_1,0.0003491210227366537,0,3
2000,0,0,road_2_3_3_2,-0.00031388457864522934,0,0
2000,0,0,road_3_2_2_0,0.0,0,0
2000,0,0,road_3_2_2_1,-0.00029645388713106513,0,0
2000,0,0,road_3_2_2_2,-0.0004008595715276897,0,0
2000,0,0,road_2_1_1_0,0.0,0,0
2000,0,0,road_2_1_1_1,0.00034912090632133186,0,3
2000,0,0,road_2_1_1_2,-0.00031388469506055117,0,0
2000,0,0,road_1_2_0_0,0.0,0,0
2000,0,0,road_1_2_0_1,-0.00016176655481103808,0,0
2000,0,0,road_1_2_0_2,-0.0002964538289234042,0,0
2000,0,0,road_2_4_3_0,0.0,0,0
2000,0,0,road_2_4_3_1,0.0009670228464528918,0,3
2000,0,0,road_2_4_3_2,0.0003661690861918032,0,3
2000,0,0,road_3_3_2_0,0.0,0,0
2000,0,0,road_3_3_2_1,-0.0002354272874072194,0,0
2000,0,0,road_3_3_2_2,0.00022238324163481593,0,3
2000,0,0,road_2_2_1_0,0.0,0,0
2000,0,0,road_2_2_1_1,0.0008209958905354142,0,3
2000,0,0,road_2_2_1_2,-9.994134597945958e-05,0,0
2000,0,0,road_1_3_0_0,0.0,0,0
2000,0,0,road_1_3_0_1,-0.005032848566770554,0,0
2000,0,0,road_1_3_0_2,-0.003680843859910965,0,0
2000,0,0,road_2_5_3_0,0.0,0,0
2000,0,0,road_2_5_3_1,0.00020544708240777254,0,3
2000,0,0,road_2_5_3_2,0.00020544693688862026,0,3
2000,0,0,road_3_4_2_0,0.0,0,0
2000,0,0,road_3_4_2_1,-0.0005382946110330522,0,0
2000,0,0,road_3_4_2_2,-0.00042491863132454455,0,0
2000,0,0,road_2_3_1_0,0.0,0,0
2000,0,0,road_2_3_1_1,0.0017444822005927563,0,3
2000,0,0,road_2_3_1_2,0.0017444819677621126,0,3
2000,0,0,road_1_4_0_0,0.0,0,0
2000,0,0,road_1_4_0_1,-0.005636126734316349,0,0
2000,0,0,road_1_4_0_2,-0.007026740349829197,0,0
2000,0,0,road_3_2_3_0,0.0,0,0
2000,0,0,road_3_2_3_1,-0.00015363986312877387,0,0
2000,0,0,road_3_2_3_2,-0.00015363996499218047,0,0
2000,0,0,road_4_1_2_0,0.0,0,0
2000,0,0,road_4_1_2_1,0.0003065997443627566,0,3
2000,0,0,road_4_1_2_2,-0.0005318556213751435,0,0
2000,0,0,road_3_0_1_0,0.0,0,0
2000,0,0,road_3_0_1_1,-0.00015363974671345204,0,0
2000,0,0,road_3_0_1_2,-0.00015363995044026524,0,0
2000,0,0,road_2_1_0_0,0.0,0,0
2000,0,0,road_2_1_0_1,0.00031936721643432975,0,3
2000,0,0,road_2_1_0_2,-0.0005484996945597231,0,0
2000,0,0,road_3_3_3_0,0.0,0,0
2000,0,0,road_3_3_3_1,0.00012458623677957803,0,3
2000,0,0,road_3_3_3_2,0.0018131794640794396,0,3
2000,0,0,road_4_2_2_0,0.0,0,0
2000,0,0,road_4_2_2_1,-0.0017432284075766802,0,0
2000,0,0,road_4_2_2_2,-0.000283361179754138,0,0
2000,0,0,road_3_1_1_0,0.0,0,0
2000,0,0,road_3_1_1_1,0.00012458639685064554,0,3
2000,0,0,road_3_1_1_2,0.0018131795804947615,0,3
2000,0,0,road_2_2_0_0,0.0,0,0
2000,0,0,road_2_2_0_1,-0.0014332006685435772,0,0
2000,0,0,road_2_2_0_2,-0.00031469156965613365,0,0
2000,0,0,road_3_4_3_0,0.0,0,0
2000,0,0,road_3_4_3_1,-0.00029645400354638696,0,0
2000,0,0,road_3_4_3_2,-0.00016176664212252945,0,0
2000,0,0,road_4_3_2_0,0.0,0,0
2000,0,0,road_4_3_2_1,0.0003491208190098405,0,3
2000,0,0,road_4_3_2_2,-0.00031388478237204254,0,0
2000,0,0,road_3_2_1_0,0.0,0,0
2000,0,0,road_3_2_1_1,-0.0004008596879430115,0,0
2000,0,0,road_3_2_1_2,-0.0002964540326502174,0,0
2000,0,0,road_2_3_0_0,0.0,0,0
2000,0,0,road_2_3_0_1,0.00034912070259451866,0,3
2000,0,0,road_2_3_0_2,-0.00031388489878736436,0,0
2000,0,0,road_3_5_3_0,0.0,0,0
2000,0,0,road_3_5_3_1,8.613250975031406e-05,0,3
2000,0,0,road_3_5_3_2,-0.00027731116279028356,0,0
2000,0,0,road_4_4_2_0,0.0,0,0
2000,0,0,road_4_4_2_1,-0.0019895441364496946,0,0
2000,0,0,road_4_4_2_2,-0.000967714237049222,0,0
2000,0,0,road_3_3_1_0,0.0,0,0
2000,0,0,road_3_3_1_1,0.0008073629578575492,0,3
2000,0,0,road_3_3_1_2,8.613265526946634e-05,0,3
2000,0,0,road_2_4_0_0,0.0,0,0
2000,0,0,road_2_4_0_1,0.0006717607611790299,0,3
2000,0,0,road_2_4_0_2,0.0006912625394761562,0,3
2000,0,0,road_4_2_3_0,0.0,0,0
2000,0,0,road_4_2_3_1,0.003878505900502205,0,3
2000,0,0,road_4_2_3_2,0.00042434612987563014,0,3
2000,0,0,road_5_1_2_0,0.0,0,0
2000,0,0,road_5_1_2_1,0.0016757105477154255,0,3
2000,0,0,road_5_1_2_2,9.625506936572492e-05,0,3
2000,0,0,road_4_0_1_0,0.0,0,0
2000,0,0,road_4_0_1_1,5.176083504920825e-06,0,2
2000,0,0,road_4_0_1_2,-0.006860023830085993,0,0
2000,0,0,road_3_1_0_0,0.0,0,0
2000,0,0,road_3_1_0_1,0.0016757100820541382,0,3
2000,0,0,road_3_1_0_2,9.625470556784421e-05,0,3
2000,0,0,road_4_3_3_0,0.0,0,0
2000,0,0,road_4_3_3_1,0.0028287654276937246,0,3
2000,0,0,road_4_3_3_2,0.0020831660367548466,0,3
2000,0,0,road_5_2_2_0,0.0,0,0
2000,0,0,road_5_2_2_1,8.712941053090617e-06,0,3
2000,0,0,road_5_2_2_2,-0.005976065993309021,0,0
2000,0,0,road_4_1_1_0,0.0,0,0
2000,0,0,road_4_1_1_1,0.0011256011202931404,0,3
2000,0,0,road_4_1_1_2,0.0014490848407149315,0,3
2000,0,0,road_3_2_0_0,0.0,0,0
2000,0,0,road_3_2_0_1,0.0030311034061014652,0,3
2000,0,0,road_3_2_0_2,-0.000542022637091577,0,0
2000,0,0,road_4_4_3_0,0.0,0,0
2000,0,0,road_4_4_3_1,0.003347046673297882,0,3
2000,0,0,road_4_4_3_2,-0.00019192899344488978,0,0
2000,0,0,road_5_3_2_0,0.0,0,0
2000,0,0,road_5_3_2_1,-2.123785270669032e-05,0,0
2000,0,0,road_5_3_2_2,-0.0006519622984342277,0,0
2000,0,0,road_4_2_1_0,0.0,0,0
2000,0,0,road_4_2_1_1,4.517092020250857e-05,0,3
2000,0,0,road_4_2_1_2,-0.0037254970520734787,0,0
2000,0,0,road_3_3_0_0,0.0,0,0
2000,0,0,road_3_3_0_1,-0.0008029008167795837,0,0
2000,0,0,road_3_3_0_2,-0.0007211986230686307,0,0
2000,0,0,road_4_5_3_0,0.0,0,0
2000,0,0,road_4_5_3_1,0.0031005381606519222,0,3
2000,0,0,road_4_5_3_2,-0.00042106432374566793,0,0
2000,0,0,road_5_4_2_0,0.0,0,0
2000,0,0,road_5_4_2_1,-1.6761992810643278e-05,0,0
2000,0,0,road_5_4_2_2,-7.172852201620117e-05,0,0
2000,0,0,road_4_3_1_0,0.0,0,0
2000,0,0,road_4_3_1_1,4.702921796706505e-05,0,3
2000,0,0,road_4_3_1_2,-0.004330460447818041,0,0
2000,0,0,road_3_4_0_0,0.0,0,0
2000,0,0,road_3_4_0_1,-0.000709693762473762,0,0
2000,0,0,road_3_4_0_2,-0.000739086652174592,0,0
2000,0,1,road_1_2_3_0,0.0,0,0
2000,0,1,road_1_2_3_1,0.0003143625217489898,0,3
2000,0,1,road_1_2_3_2,0.0028286988381296396,0,3
2000,0,1,road_2_1_2_0,0.0,0,0
2000,0,1,road_2_1_2_1,-0.0034987078979611397,3,0
2000,0,1,road_2_1_2_2,-0.003498791716992855,3,0
2000,0,1,road_1_0_1_0,0.0,0,0
2000,0,1,road_1_0_1_1,1.7220674635609612e-05,0,3
2000,0,1,road_1_0_1_2,0.002194443717598915,0,3
2000,0,1,road_0_1_0_0,0.0,0,0
2000,0,1,road_0_1_0_1,-1.0772939276648685e-05,3,0
2000,0,1,road_0_1_0_2,-3.3731837902450934e-05,3,0
2000,0,1,road_1_3_3_0,0.0,0,0
2000,0,1,road_1_3_3_1,0.0030035225208848715,3,0
2000,0,1,road_1_3_3_2,0.0024446514435112476,3,0
2000,0,1,road_2_2_2_0,0.0,0,0
2000,0,1,road_2_2_2_1,-0.002632768824696541,3,0
2000,0,1,road_2_2_2_2,-0.002522286493331194,3,0
2000,0,1,road_1_1_1_0,0.0,0,0
2000,0,1,road_1_1_1_1,0.003003522288054228,3,0
2000,0,1,road_1_1_1_2,0.002444650512188673,3,0
2000,0,1,road_0_2_0_0,0.0,0,0
2000,0,1,road_0_2_0_1,-8.806368896330241e-06,2,0
2000,0,1,road_0_2_0_2,-0.0018563457997515798,0,0
2000,0,1,road_1_4_3_0,0.0,0,0
2000,0,1,road_1_4_3_1,-1.8812082998920232e-05,0,0
2000,0,1,road_1_4_3_2,-0.0004995965864509344,0,0
2000,0,1,road_2_3_2_0,0.0,0,0
2000,0,1,road_2_3_2_1,-0.003266842570155859,0,0
2000,0,1,road_2_3_2_2,-0.0008513123611919582,0,0
2000,0,1,road_1_2_1_0,0.0,0,0
2000,0,1,road_1_2_1_1,-0.0008740734774619341,0,0
2000,0,1,road_1_2_1_2,-0.0008469360182061791,0,0
2000,0,1,road_0_3_0_0,0.0,0,0
2000,0,1,road_0_3_0_1,-0.005063424818217754,3,0
2000,0,1,road_0_3_0_2,-0.0010927568655461073,0,0
2000,0,1,road_1_5_3_0,0.0,0,0
2000,0,1,road_1_5_3_1,1.2869294550910126e-05,0,3
2000,0,1,road_1_5_3_2,0.0003567647363524884,0,3
2000,0,1,road_2_4_2_0,0.0,0,0
2000,0,1,road_2_4_2_1,-0.0014965103473514318,3,0
2000,0,1,road_2_4_2_2,-0.0023247147910296917,3,0
2000,0,1,road_1_3_1_0,0.0,0,0
2000,0,1,road_1_3_1_1,0.001725484849885106,0,3
2000,0,1,road_1_3_1_2,0.0013425080105662346,0,3
2000,0,1,road_0_4_0_0,0.0,0,0
2000,0,1,road_0_4_0_1,-6.0419529290811624e-06,3,0
2000,0,1,road_0_4_0_2,-8.780118150752969e-06,3,0
2000,0,1,road_2_2_3_0,0.0,0,0
2000,0,1,road_2_2_3_1,0.0023867981508374214,3,0
2000,0,1,road_2_2_3_2,0.0023862274829298258,3,0
2000,0,1,road_3_1_2_0,0.0,0,0
2000,0,1,road_3_1_2_1,-0.0011555824894458055,3,0
2000,0,1,road_3_1_2_2,0.0001657539396546781,0,3
2000,0,1,road_2_0_1_0,0.0,0,0
2000,0,1,road_2_0_1_1,0.002988493535667658,3,0
2000,0,1,road_2_0_1_2,0.0023287846706807613,3,0
2000,0,1,road_1_1_0_0,0.0,0,0
2000,0,1,road_1_1_0_1,-0.00021090246445965022,3,0
2000,0,1,road_1_1_0_2,-0.0008885379647836089,0,0
2000,0,1,road_2_3_3_0,0.0,0,0
2000,0,1,road_2_3_3_1,-0.007197130937129259,3,0
2000,0,1,road_2_3_3_2,-0.00044521313975565135,0,0
2000,0,1,road_3_2_2_0,0.0,0,0
2000,0,1,road_3_2_2_1,0.0003560707264114171,0,3
2000,0,1,road_3_2_2_2,0.0009727060678415,0,3
2000,0,1,road_2_1_1_0,0.0,0,0
2000,0,1,road_2_1_1_1,-0.007197130937129259,3,0
2000,0,1,road_2_1_1_2,-0.0004452131688594818,0,0
2000,0,1,road_1_2_0_0,0.0,0,0
2000,0,1,road_1_2_0_1,-0.0003228376153856516,0,0
2000,0,1,road_1_2_0_2,0.00035607098834589124,0,3
2000,0,1,road_2_4_3_0,0.0,0,0
2000,0,1,road_2_4_3_1,-0.0019662068225443363,3,0
2000,0,1,road_2_4_3_2,-0.001978835789486766,3,0
2000,0,1,road_3_3_2_0,0.0,0,0
2000,0,1,road_3_3_2_1,-0.0012485996121540666,0,0
2000,0,1,road_3_3_2_2,-0.005800916813313961,3,0
2000,0,1,road_2_2_1_0,0.0,0,0
2000,0,1,road_2_2_1_1,-0.0014987972099334002,3,0
2000,0,1,road_2_2_1_2,-0.001157524879090488,0,0
2000,0,1,road_1_3_0_0,0.0,0,0
2000,0,1,road_1_3_0_1,-0.00017099545220844448,0,0
2000,0,1,road_1_3_0_2,-0.0018769886810332537,0,0
2000,0,1,road_2_5_3_0,0.0,0,0
2000,0,1,road_2_5_3_1,0.003537165466696024,3,0
2000,0,1,road_2_5_3_2,0.0035371638368815184,3,0
2000,0,1,road_3_4_2_0,0.0,0,0
2000,0,1,road_3_4_2_1,0.0007411233964376152,0,3
2000,0,1,road_3_4_2_2,-2.2428721422329545e-05,0,0
2000,0,1,road_2_3_1_0,0.0,0,0
2000,0,1,road_2_3_1_1,0.00241104862652719,3,0
2000,0,1,road_2_3_1_2,0.0024110469967126846,3,0
2000,0,1,road_1_4_0_0,0.0,0,0
2000,0,1,road_1_4_0_1,0.0003208159760106355,0,3
2000,0,1,road_1_4_0_2,-0.0005673045525327325,0,0
2000,0,1,road_3_2_3_0,0.0,0,0
2000,0,1,road_3_2_3_1,-0.0004021920613013208,0,0
2000,0,1,road_3_2_3_2,-0.0004021920030936599,0,0
2000,0,1,road_4_1_2_0,0.0,0,0
2000,0,1,road_4_1_2_1,-0.005060350522398949,3,0
2000,0,1,road_4_1_2_2,0.0016792963724583387,0,3
2000,0,1,road_3_0_1_0,0.0,0,0
2000,0,1,road_3_0_1_1,-0.0004021921195089817,0,0
2000,0,1,road_3_0_1_2,-0.00040219203219749033,0,0
2000,0,1,road_2_1_0_0,0.0,0,0
2000,0,1,road_2_1_0_1,-0.0064808065071702,3,0
2000,0,1,road_2_1_0_2,0.0005351653089746833,0,3
2000,0,1,road_3_3_3_0,0.0,0,0
2000,0,1,road_3_3_3_1,0.003719806205481291,3,0
2000,0,1,road_3_3_3_2,0.0016342028975486755,3,0
2000,0,1,road_4_2_2_0,0.0,0,0
2000,0,1,road_4_2_2_1,0.001429811236448586,0,3
2000,0,1,road_4_2_2_2,-0.0002584418107289821,0,0
2000,0,1,road_3_1_1_0,0.0,0,0
2000,0,1,road_3_1_1_1,0.003719805972650647,3,0
2000,0,1,road_3_1_1_2,0.0016342020826414227,3,0
2000,0,1,road_2_2_0_0,0.0,0,0
2000,0,1,road_2_2_0_1,0.001805103849619627,0,3
2000,0,1,road_2_2_0_2,8.446138235740364e-05,0,3
2000,0,1,road_3_4_3_0,0.0,0,0
2000,0,1,road_3_4_3_1,0.00035607037716545165,0,3
2000,0,1,road_3_4_3_2,-0.00032283811015076935,0,0
2000,0,1,road_4_3_2_0,0.0,0,0
2000,0,1,road_4_3_2_1,-0.007197131402790546,3,0
2000,0,1,road_4_3_2_2,-0.0004452136345207691,0,0
2000,0,1,road_3_2_1_0,0.0,0,0
2000,0,1,road_3_2_1_1,0.0009727054857648909,0,3
2000,0,1,road_3_2_1_2,0.00035607031895779073,0,3
2000,0,1,road_2_3_0_0,0.0,0,0
2000,0,1,road_2_3_0_1,-0.007197132334113121,3,0
2000,0,1,road_2_3_0_2,-0.00044521380914375186,0,0
2000,0,1,road_3_5_3_0,0.0,0,0
2000,0,1,road_3_5_3_1,-0.0007563651306554675,3,0
2000,0,1,road_3_5_3_2,0.0008779540657997131,0,3
2000,0,1,road_4_4_2_0,0.0,0,0
2000,0,1,road_4_4_2_1,0.004949113819748163,0,3
2000,0,1,road_4_4_2_2,-0.0009083707118406892,0,0
2000,0,1,road_3_3_1_0,0.0,0,0
2000,0,1,road_3_3_1_1,-0.0015570891555398703,3,0
2000,0,1,road_3_3_1_2,-0.0007563652470707893,3,0
2000,0,1,road_2_4_0_0,0.0,0,0
2000,0,1,road_2_4_0_1,0.00032415578607469797,3,0
2000,0,1,road_2_4_0_2,-0.005069309379905462,3,0
2000,0,1,road_4_2_3_0,0.0,0,0
2000,0,1,road_4_2_3_1,-0.0018714035395532846,3,0
2000,0,1,road_4_2_3_2,-0.0014375156024470925,3,0
2000,0,1,road_5_1_2_0,0.0,0,0
2000,0,1,road_5_1_2_1,0.003045638557523489,3,0
2000,0,1,road_5_1_2_2,0.0026622959412634373,3,0
2000,0,1,road_4_0_1_0,0.0,0,0
2000,0,1,road_4_0_1_1,-8.967935173131991e-06,2,0
2000,0,1,road_4_0_1_2,-0.001978229731321335,0,0
2000,0,1,road_3_1_0_0,0.0,0,0
2000,0,1,road_3_1_0_1,0.0030456376262009144,3,0
2000,0,1,road_3_1_0_2,0.0026622950099408627,3,0
2000,0,1,road_4_3_3_0,0.0,0,0
2000,0,1,road_4_3_3_1,0.0014266030630096793,3,0
2000,0,1,road_4_3_3_2,0.0023885066621005535,3,0
2000,0,1,road_5_2_2_0,0.0,0,0
2000,0,1,road_5_2_2_1,-8.26091127237305e-06,3,0
2000,0,1,road_5_2_2_2,-0.002943558618426323,0,0
2000,0,1,road_4_1_1_0,0.0,0,0
2000,0,1,road_4_1_1_1,0.0029614511877298355,3,0
2000,0,1,road_4_1_1_2,0.0023775508161634207,3,0
2000,0,1,road_3_2_0_0,0.0,0,0
2000,0,1,road_3_2_0_1,-0.0013076113536953926,3,0
2000,0,1,road_3_2_0_2,2.6362220523878932e-05,0,3
2000,0,1,road_4_4_3_0,0.0,0,0
2000,0,1,road_4_4_3_1,-0.002678188495337963,3,0
2000,0,1,road_4_4_3_2,-0.001618554932065308,0,0
2000,0,1,road_5_3_2_0,0.0,0,0
2000,0,1,road_5_3_2_1,-2.0783458239748143e-05,0,0
2000,0,1,road_5_3_2_2,-0.0006756408256478608,0,0
2000,0,1,road_4_2_1_0,0.0,0,0
2000,0,1,road_4_2_1_1,5.205461638979614e-05,3,0
2000,0,1,road_4_2_1_2,0.001826734747737646,0,3
2000,0,1,road_3_3_0_0,0.0,0,0
2000,0,1,road_3_3_0_1,-0.0010479168267920613,0,0
2000,0,1,road_3_3_0_2,-0.0010998742654919624,0,0
2000,0,1,road_4_5_3_0,0.0,0,0
2000,0,1,road_4_5_3_1,-0.004318255465477705,3,0
2000,0,1,road_4_5_3_2,-0.0019619623199105263,0,0
2000,0,1,road_5_4_2_0,0.0,0,0
2000,0,1,road_5_4_2_1,-1.5245987924572546e-05,0,0
2000,0,1,road_5_4_2_2,-6.910714000696316e-05,0,0
2000,0,1,road_4_3_1_0,0.0,0,0
2000,0,1,road_4_3_1_1,8.451441681245342e-05,3,0
2000,0,1,road_4_3_1_2,0.001966301118955016,0,3
2000,0,1,road_3_4_0_0,0.0,0,0
2000,0,1,road_3_4_0_1,-0.0008918211096897721,0,0
2000,0,1,road_3_4_0_2,-0.0010527009144425392,0,0
2000,0,2,road_1_2_3_0,0.0,0,0
2000,0,2,road_1_2_3_1,-0.00016226789739448577,3,0
2000,0,2,road_1_2_3_2,-0.002601815154775977,3,0
2000,0,2,road_2_1_2_0,0.0,0,0
2000,0,2,road_2_1_2_1,0.0038749317172914743,3,0
2000,0,2,road_2_1_2_2,0.0038748274091631174,3,0
2000,0,2,road_1_0_1_0,0.0,0,0
2000,0,2,road_1_0_1_1,-8.878914741217159e-06,3,0
2000,0,2,road_1_0_1_2,-0.0009043710888363421,3,0
2000,0,2,road_0_1_0_0,0.0,0,0
2000,0,2,road_0_1_0_1,1.0881132766371593e-05,3,0
2000,0,2,road_0_1_0_2,3.573840149329044e-05,3,0
2000,0,2,road_1_3_3_0,0.0,0,0
2000,0,2,road_1_3_3_1,0.0030035225208848715,3,0
2000,0,2,road_1_3_3_2,0.0024446514435112476,3,0
2000,0,2,road_2_2_2_0,0.0,0,0
2000,0,2,road_2_2_2_1,-0.002632768824696541,3,0
2000,0,2,road_2_2_2_2,-0.002522286493331194,3,0
2000,0,2,road_1_1_1_0,0.0,0,0
2000,0,2,road_1_1_1_1,0.003003522288054228,3,0
2000,0,2,road_1_1_1_2,0.002444650512188673,3,0
2000,0,2,road_0_2_0_0,0.0,0,0
2000,0,2,road_0_2_0_1,-8.806368896330241e-06,2,0
2000,0,2,road_0_2_0_2,-0.0018563457997515798,0,0
2000,0,2,road_1_4_3_0,0.0,0,0
2000,0,2,road_1_4_3_1,-1.8812082998920232e-05,0,0
2000,0,2,road_1_4_3_2,-0.0004995965864509344,0,0
2000,0,2,road_2_3_2_0,0.0,0,0
2000,0,2,road_2_3_2_1,-0.003266842570155859,0,0
2000,0,2,road_2_3_2_2,-0.0008513123611919582,0,0
2000,0,2,road_1_2_1_0,0.0,0,0
2000,0,2,road_1_2_1_1,-0.0008740734774619341,0,0
2000,0,2,road_1_2_1_2,-0.0008469360182061791,0,0
2000,0,2,road_0_3_0_0,0.0,0,0
2000,0,2,road_0_3_0_1,-0.005063424818217754,3,0
2000,0,2,road_0_3_0_2,-0.0010927568655461073,0,0
2000,0,2,road_1_5_3_0,0.0,0,0
2000,0,2,road_1_5_3_1,1.109799268306233e-05,3,0
2000,0,2,road_1_5_3_2,0.00048074277583509684,3,0
2000,0,2,road_2_4_2_0,0.0,0,0
2000,0,2,road_2_4_2_1,-0.0019039921462535858,3,0
2000,0,2,road_2_4_2_2,-0.0028652120381593704,3,0
2000,0,2,road_1_3_1_0,0.0,0,0
2000,0,2,road_1_3_1_1,0.004293608013540506,3,0
2000,0,2,road_1_3_1_2,0.003824806772172451,3,0
2000,0,2,road_0_4_0_0,0.0,0,0
2000,0,2,road_0_4_0_1,-7.833873496565502e-06,3,0
2000,0,2,road_0_4_0_2,-1.1054140486521646e-05,3,0
2000,0,2,road_2_2_3_0,0.0,0,0
2000,0,2,road_2_2_3_1,0.002154342830181122,3,0
2000,0,2,road_2_2_3_2,0.003299124538898468,3,0
2000,0,2,road_3_1_2_0,0.0,0,0
2000,0,2,road_3_1_2_1,-0.0027175189461559057,3,0
2000,0,2,road_3_1_2_2,-0.0008508007740601897,3,0
2000,0,2,road_2_0_1_0,0.0,0,0
2000,0,2,road_2_0_1_1,0.002718196250498295,3,0
2000,0,2,road_2_0_1_2,0.0032827104441821575,3,0
2000,0,2,road_1_1_0_0,0.0,0,0
2000,0,2,road_1_1_0_1,-0.0002304705121787265,3,0
2000,0,2,road_1_1_0_2,-0.0001578543451614678,0,0
2000,0,2,road_2_3_3_0,0.0,0,0
2000,0,2,road_2_3_3_1,-0.005789901129901409,3,0
2000,0,2,road_2_3_3_2,-0.0012016911059617996,0,0
2000,0,2,road_3_2_2_0,0.0,0,0
2000,0,2,road_3_2_2_1,-0.0003294461639598012,3,0
2000,0,2,road_3_2_2_2,-0.0015655853785574436,3,0
2000,0,2,road_2_1_1_0,0.0,0,0
2000,0,2,road_2_1_1_1,-0.005789901129901409,3,0
2000,0,2,road_2_1_1_2,-0.0012016912223771214,0,0
2000,0,2,road_1_2_0_0,0.0,0,0
2000,0,2,road_1_2_0_1,0.0009594722068868577,0,3
2000,0,2,road_1_2_0_2,-0.000329445960232988,3,0
2000,0,2,road_2_4_3_0,0.0,0,0
2000,0,2,road_2_4_3_1,-0.0019662068225443363,3,0
2000,0,2,road_2_4_3_2,-0.001978835789486766,3,0
2000,0,2,road_3_3_2_0,0.0,0,0
2000,0,2,road_3_3_2_1,-0.0012485996121540666,0,0
2000,0,2,road_3_3_2_2,-0.005800916813313961,3,0
2000,0,2,road_2_2_1_0,0.0,0,0
2000,0,2,road_2_2_1_1,-0.0014987972099334002,3,0
2000,0,2,road_2_2_1_2,-0.001157524879090488,0,0
2000,0,2,road_1_3_0_0,0.0,0,0
2000,0,2,road_1_3_0_1,-0.00017099545220844448,0,0
2000,0,2,road_1_3_0_2,-0.0018769886810332537,0,0
2000,0,2,road_2_5_3_0,0.0,0,0
2000,0,2,road_2_5_3_1,0.003101394046097994,3,0
2000,0,2,road_2_5_3_2,0.00310139381326735,3,0
2000,0,2,road_3_4_2_0,0.0,0,0
2000,0,2,road_3_4_2_1,-0.0013710984494537115,3,0
2000,0,2,road_3_4_2_2,0.0003846171894110739,0,3
2000,0,2,road_2_3_1_0,0.0,0,0
2000,0,2,road_2_3_1_1,0.0026457803323864937,3,0
2000,0,2,road_2_3_1_2,0.0026457803323864937,3,0
2000,0,2,road_1_4_0_0,0.0,0,0
2000,0,2,road_1_4_0_1,-0.00101919611915946,3,0
2000,0,2,road_1_4_0_2,-0.0013710986822843552,0,0
2000,0,2,road_3_2_3_0,0.0,0,0
2000,0,2,road_3_2_3_1,-0.0005890751490369439,0,0
2000,0,2,road_3_2_3_2,-0.0005890752072446048,0,0
2000,0,2,road_4_1_2_0,0.0,0,0
2000,0,2,road_4_1_2_1,0.000488865771330893,3,0
2000,0,2,road_4_1_2_2,0.003002198413014412,3,0
2000,0,2,road_3_0_1_0,0.0,0,0
2000,0,2,road_3_0_1_1,-0.0005890752072446048,0,0
2000,0,2,road_3_0_1_2,-0.0005890752654522657,0,0
2000,0,2,road_2_1_0_0,0.0,0,0
2000,0,2,road_2_1_0_1,0.0004574569466058165,3,0
2000,0,2,road_2_1_0_2,0.0038131731562316418,3,0
2000,0,2,road_3_3_3_0,0.0,0,0
2000,0,2,road_3_3_3_1,0.003007871098816395,3,0
2000,0,2,road_3_3_3_2,0.002887365873903036,3,0
2000,0,2,road_4_2_2_0,0.0,0,0
2000,0,2,road_4_2_2_1,-0.000982288271188736,3,0
2000,0,2,road_4_2_2_2,0.00018622813513502479,0,3
2000,0,2,road_3_1_1_0,0.0,0,0
2000,0,2,road_3_1_1_1,0.003007870400324464,3,0
2000,0,2,road_3_1_1_2,0.0028873656410723925,3,0
2000,0,2,road_2_2_0_0,0.0,0,0
2000,0,2,road_2_2_0_1,-0.0013453831197693944,3,0
2000,0,2,road_2_2_0_2,-0.0017076008953154087,3,0
2000,0,2,road_3_4_3_0,0.0,0,0
2000,0,2,road_3_4_3_1,-0.00032944517442956567,3,0
2000,0,2,road_3_4_3_2,0.0009594726143404841,0,3
2000,0,2,road_4_3_2_0,0.0,0,0
2000,0,2,road_4_3_2_1,-0.00578989926725626,3,0
2000,0,2,road_4_3_2_2,-0.0012016906403005123,0,0
2000,0,2,road_3_2_1_0,0.0,0,0
2000,0,2,road_3_2_1_1,-0.001565584447234869,3,0
2000,0,2,road_3_2_1_2,-0.0003294452908448875,3,0
2000,0,2,road_2_3_0_0,0.0,0,0
2000,0,2,road_2_3_0_1,-0.005789899732917547,3,0
2000,0,2,road_2_3_0_2,-0.0012016907567158341,0,0
2000,0,2,road_3_5_3_0,0.0,0,0
2000,0,2,road_3_5_3_1,-0.003139263018965721,3,0
2000,0,2,road_3_5_3_2,-0.002809010911732912,3,0
2000,0,2,road_4_4_2_0,0.0,0,0
2000,0,2,road_4_4_2_1,0.002730683423578739,3,0
2000,0,2,road_4_4_2_2,-0.0010256015229970217,0,0
2000,0,2,road_3_3_1_0,0.0,0,0
2000,0,2,road_3_3_1_1,-0.002093119313940406,3,0
2000,0,2,road_3_3_1_2,-0.003139262553304434,3,0
2000,0,2,road_2_4_0_0,0.0,0,0
2000,0,2,road_2_4_0_1,0.002455334411934018,3,0
2000,0,2,road_2_4_0_2,-0.0037991260178387165,3,0
2000,0,2,road_4_2_3_0,0.0,0,0
2000,0,2,road_4_2_3_1,-0.0018714035395532846,3,0
2000,0,2,road_4_2_3_2,-0.0014375156024470925,3,0
2000,0,2,road_5_1_2_0,0.0,0,0
2000,0,2,road_5_1_2_1,0.003045638557523489,3,0
2000,0,2,road_5_1_2_2,0.0026622959412634373,3,0
2000,0,2,road_4_0_1_0,0.0,0,0
2000,0,2,road_4_0_1_1,-8.967935173131991e-06,2,0
2000,0,2,road_4_0_1_2,-0.001978229731321335,0,0
2000,0,2,road_3_1_0_0,0.0,0,0
2000,0,2,road_3_1_0_1,0.0030456376262009144,3,0
2000,0,2,road_3_1_0_2,0.0026622950099408627,3,0
2000,0,2,road_4_3_3_0,0.0,0,0
2000,0,2,road_4_3_3_1,0.0013447643723338842,3,0
2000,0,2,road_4_3_3_2,0.0034954464063048363,3,0
2000,0,2,road_5_2_2_0,0.0,0,0
2000,0,2,road_5_2_2_1,-9.348299499833956e-06,3,0
2000,0,2,road_5_2_2_2,-0.0019137354101985693,0,0
2000,0,2,road_4_1_1_0,0.0,0,0
2000,0,2,road_4_1_1_1,0.0027150213718414307,3,0
2000,0,2,road_4_1_1_2,0.0034177531488239765,3,0
2000,0,2,road_3_2_0_0,0.0,0,0
2000,0,2,road_3_2_0_1,-0.002777055837213993,3,0
2000,0,2,road_3_2_0_2,-0.0010261135175824165,3,0
2000,0,2,road_4_4_3_0,0.0,0,0
2000,0,2,road_4_4_3_1,-0.001817767508327961,3,0
2000,0,2,road_4_4_3_2,-0.0006033811951056123,0,0
2000,0,2,road_5_3_2_0,0.0,0,0
2000,0,2,road_5_3_2_1,2.161697921110317e-05,0,3
2000,0,2,road_5_3_2_2,0.0005379453650675714,0,3
2000,0,2,road_4_2_1_0,0.0,0,0
2000,0,2,road_4_2_1_1,-5.6088912970153615e-05,3,0
2000,0,2,road_4_2_1_2,-0.002702864818274975,3,0
2000,0,2,road_3_3_0_0,0.0,0,0
2000,0,2,road_3_3_0_1,0.0031813569366931915,0,3
2000,0,2,road_3_3_0_2,0.0030062077566981316,0,3
2000,0,2,road_4_5_3_0,0.0,0,0
2000,0,2,road_4_5_3_1,-0.0014942095149308443,3,0
2000,0,2,road_4_5_3_2,-0.0001914947060868144,0,0
2000,0,2,road_5_4_2_0,0.0,0,0
2000,0,2,road_5_4_2_1,1.9503080693539232e-05,0,3
2000,0,2,road_5_4_2_2,8.516969683114439e-05,0,3
2000,0,2,road_4_3_1_0,0.0,0,0
2000,0,2,road_4_3_1_1,-0.00010491818829905242,3,0
2000,0,2,road_4_3_1_2,-0.0029324654024094343,3,0
2000,0,2,road_3_4_0_0,0.0,0,0
2000,0,2,road_3_4_0_1,0.0038046827539801598,0,3
2000,0,2,road_3_4_0_2,0.0041460092179477215,0,3
2000,0,3,road_1_2_3_0,0.0,0,0
2000,0,3,road_1_2_3_1,-0.00016226789739448577,3,0
2000,0,3,road_1_2_3_2,-0.002601815154775977,3,0
2000,0,3,road_2_1_2_0,0.0,0,0
2000,0,3,road_2_1_2_1,0.0038749317172914743,3,0
2000,0,3,road_2_1_2_2,0.0038748274091631174,3,0
2000,0,3,road_1_0_1_0,0.0,0,0
2000,0,3,road_1_0_1_1,-8.878914741217159e-06,3,0
2000,0,3,road_1_0_1_2,-0.0009043710888363421,3,0
2000,0,3,road_0_1_0_0,0.0,0,0
2000,0,3,road_0_1_0_1,1.0881132766371593e-05,3,0
2000,0,3,road_0_1_0_2,3.573840149329044e-05,3,0
2000,0,3,road_1_3_3_0,0.0,0,0
2000,0,3,road_1_3_3_1,0.0030035225208848715,3,0
2000,0,3,road_1_3_3_2,0.0024446514435112476,3,0
2000,0,3,road_2_2_2_0,0.0,0,0
2000,0,3,road_2_2_2_1,-0.002632768824696541,3,0
2000,0,3,road_2_2_2_2,-0.002522286493331194,3,0
2000,0,3,road_1_1_1_0,0.0,0,0
2000,0,3,road_1_1_1_1,0.003003522288054228,3,0
2000,0,3,road_1_1_1_2,0.002444650512188673,3,0
2000,0,3,road_0_2_0_0,0.0,0,0
2000,0,3,road_0_2_0_1,-8.806368896330241e-06,2,0
2000,0,3,road_0_2_0_2,-0.0018563457997515798,0,0
2000,0,3,road_1_4_3_0,0.0,0,0
2000,0,3,road_1_4_3_1,-1.8812082998920232e-05,0,0
2000,0,3,road_1_4_3_2,-0.0004995965864509344,0,0
2000,0,3,road_2_3_2_0,0.0,0,0
2000,0,3,road_2_3_2_1,-0.003266842570155859,0,0
2000,0,3,road_2_3_2_2,-0.0008513123611919582,0,0
2000,0,3,road_1_2_1_0,0.0,0,0
2000,0,3,road_1_2_1_1,-0.0008740734774619341,0,0
2000,0,3,road_1_2_1_2,-0.0008469360182061791,0,0
2000,0,3,road_0_3_0_0,0.0,0,0
2000,0,3,road_0_3_0_1,-0.005063424818217754,3,0
2000,0,3,road_0_3_0_2,-0.0010927568655461073,0,0
2000,0,3,road_1_5_3_0,0.0,0,0
2000,0,3,road_1_5_3_1,1.109799268306233e-05,3,0
2000,0,3,road_1_5_3_2,0.00048074277583509684,3,0
2000,0,3,road_2_4_2_0,0.0,0,0
2000,0,3,road_2_4_2_1,-0.0019039921462535858,3,0
2000,0,3,road_2_4_2_2,-0.0028652120381593704,3,0
2000,0,3,road_1_3_1_0,0.0,0,0
2000,0,3,road_1_3_1_1,0.004293608013540506,3,0
2000,0,3,road_1_3_1_2,0.003824806772172451,3,0
2000,0,3,road_0_4_0_0,0.0,0,0
2000,0,3,road_0_4_0_1,-7.833873496565502e-06,3,0
2000,0,3,road_0_4_0_2,-1.1054140486521646e-05,3,0
2000,0,3,road_2_2_3_0,0.0,0,0
2000,0,3,road_2_2_3_1,0.002154342830181122,3,0
2000,0,3,road_2_2_3_2,0.003299124538898468,3,0
2000,0,3,road_3_1_2_0,0.0,0,0
2000,0,3,road_3_1_2_1,-0.0027175189461559057,3,0
2000,0,3,road_3_1_2_2,-0.0008508007740601897,3,0
2000,0,3,road_2_0_1_0,0.0,0,0
2000,0,3,road_2_0_1_1,0.002718196250498295,3,0
2000,0,3,road_2_0_1_2,0.0032827104441821575,3,0
2000,0,3,road_1_1_0_0,0.0,0,0
2000,0,3,road_1_1_0_1,-0.0002304705121787265,3,0
2000,0,3,road_1_1_0_2,-0.0001578543451614678,0,0
2000,0,3,road_2_3_3_0,0.0,0,0
2000,0,3,road_2_3_3_1,-0.0050861770287156105,3,0
2000,0,3,road_2_3_3_2,-0.0013789290096610785,0,0
2000,0,3,road_3_2_2_0,0.0,0,0
2000,0,3,road_3_2_2_1,-0.002651008078828454,3,0
2000,0,3,road_3_2_2_2,-0.0021775290369987488,3,0
2000,0,3,road_2_1_1_0,0.0,0,0
2000,0,3,road_2_1_1_1,-0.0050861770287156105,3,0
2000,0,3,road_2_1_1_2,-0.0013789290096610785,0,0
2000,0,3,road_1_2_0_0,0.0,0,0
2000,0,3,road_1_2_0_1,-0.0024982066825032234,3,0
2000,0,3,road_1_2_0_2,-0.002651007380336523,3,0
2000,0,3,road_2_4_3_0,0.0,0,0
2000,0,3,road_2_4_3_1,-0.0019662068225443363,3,0
2000,0,3,road_2_4_3_2,-0.001978835789486766,3,0
2000,0,3,road_3_3_2_0,0.0,0,0
2000,0,3,road_3_3_2_1,-0.0012485996121540666,0,0
2000,0,3,road_3_3_2_2,-0.005800916813313961,3,0
2000,0,3,road_2_2_1_0,0.0,0,0
2000,0,3,road_2_2_1_1,-0.0014987972099334002,3,0
2000,0,3,road_2_2_1_2,-0.001157524879090488,0,0
2000,0,3,road_1_3_0_0,0.0,0,0
2000,0,3,road_1_3_0_1,-0.00017099545220844448,0,0
2000,0,3,road_1_3_0_2,-0.0018769886810332537,0,0
2000,0,3,road_2_5_3_0,0.0,0,0
2000,0,3,road_2_5_3_1,0.002827087417244911,3,0
2000,0,3,road_2_5_3_2,0.0028270864859223366,3,0
2000,0,3,road_3_4_2_0,0.0,0,0
2000,0,3,road_3_4_2_1,-0.002944719046354294,3,0
2000,0,3,road_3_4_2_2,-0.0027051609940826893,3,0
2000,0,3,road_2_3_1_0,0.0,0,0
2000,0,3,road_2_3_1_1,0.003431344171985984,3,0
2000,0,3,road_2_3_1_2,0.003431342775002122,3,0
2000,0,3,road_1_4_0_0,0.0,0,0
2000,0,3,road_1_4_0_1,-0.0011977610411122441,3,0
2000,0,3,road_1_4_0_2,-0.002944719512015581,0,0
2000,0,3,road_3_2_3_0,0.0,0,0
2000,0,3,road_3_2_3_1,-0.0005890751490369439,0,0
2000,0,3,road_3_2_3_2,-0.0005890752072446048,0,0
2000,0,3,road_4_1_2_0,0.0,0,0
2000,0,3,road_4_1_2_1,0.000488865771330893,3,0
2000,0,3,road_4_1_2_2,0.003002198413014412,3,0
2000,0,3,road_3_0_1_0,0.0,0,0
2000,0,3,road_3_0_1_1,-0.0005890752072446048,0,0
2000,0,3,road_3_0_1_2,-0.0005890752654522657,0,0
2000,0,3,road_2_1_0_0,0.0,0,0
2000,0,3,road_2_1_0_1,0.0004574569466058165,3,0
2000,0,3,road_2_1_0_2,0.0038131731562316418,3,0
2000,0,3,road_3_3_3_0,0.0,0,0
2000,0,3,road_3_3_3_1,0.0026548076421022415,3,0
2000,0,3,road_3_3_3_2,0.0032114977948367596,3,0
2000,0,3,road_4_2_2_0,0.0,0,0
2000,0,3,road_4_2_2_1,-0.0017981391865760088,3,0
2000,0,3,road_4_2_2_2,-0.0029394926968961954,3,0
2000,0,3,road_3_1_1_0,0.0,0,0
2000,0,3,road_3_1_1_1,0.002654808107763529,3,0
2000,0,3,road_3_1_1_2,0.0032114977948367596,3,0
2000,0,3,road_2_2_0_0,0.0,0,0
2000,0,3,road_2_2_0_1,-0.0013915679883211851,3,0
2000,0,3,road_2_2_0_2,-0.002891361713409424,3,0
2000,0,3,road_3_4_3_0,0.0,0,0
2000,0,3,road_3_4_3_1,-0.002651006681844592,3,0
2000,0,3,road_3_4_3_2,-0.0024982052855193615,3,0
2000,0,3,road_4_3_2_0,0.0,0,0
2000,0,3,road_4_3_2_1,-0.005086176097393036,3,0
2000,0,3,road_4_3_2_2,-0.0013789285439997911,0,0
2000,0,3,road_3_2_1_0,0.0,0,0
2000,0,3,road_3_2_1_1,-0.002177528105676174,3,0
2000,0,3,road_3_2_1_2,-0.002651007380336523,3,0
2000,0,3,road_2_3_0_0,0.0,0,0
2000,0,3,road_2_3_0_1,-0.005086176097393036,3,0
2000,0,3,road_2_3_0_2,-0.0013789285439997911,0,0
2000,0,3,road_3_5_3_0,0.0,0,0
2000,0,3,road_3_5_3_1,-0.003139263018965721,3,0
2000,0,3,road_3_5_3_2,-0.002809010911732912,3,0
2000,0,3,road_4_4_2_0,0.0,0,0
2000,0,3,road_4_4_2_1,0.002730683423578739,3,0
2000,0,3,road_4_4_2_2,-0.0010256015229970217,0,0
2000,0,3,road_3_3_1_0,0.0,0,0
2000,0,3,road_3_3_1_1,-0.002093119313940406,3,0
2000,0,3,road_3_3_1_2,-0.003139262553304434,3,0
2000,0,3,road_2_4_0_0,0.0,0,0
2000,0,3,road_2_4_0_1,0.002455334411934018,3,0
2000,0,3,road_2_4_0_2,-0.0037991260178387165,3,0
2000,0,3,road_4_2_3_0,0.0,0,0
2000,0,3,road_4_2_3_1,-0.0018714035395532846,3,0
2000,0,3,road_4_2_3_2,-0.0014375156024470925,3,0
2000,0,3,road_5_1_2_0,0.0,0,0
2000,0,3,road_5_1_2_1,0.003045638557523489,3,0
2000,0,3,road_5_1_2_2,0.0026622959412634373,3,0
2000,0,3,road_4_0_1_0,0.0,0,0
2000,0,3,road_4_0_1_1,-8.967935173131991e-06,2,0
2000,0,3,road_4_0_1_2,-0.001978229731321335,0,0
2000,0,3,road_3_1_0_0,0.0,0,0
2000,0,3,road_3_1_0_1,0.0030456376262009144,3,0
2000,0,3,road_3_1_0_2,0.0026622950099408627,3,0
2000,0,3,road_4_3_3_0,0.0,0,0
2000,0,3,road_4_3_3_1,0.0013447643723338842,3,0
2000,0,3,road_4_3_3_2,0.0034954464063048363,3,0
2000,0,3,road_5_2_2_0,0.0,0,0
2000,0,3,road_5_2_2_1,-9.348299499833956e-06,3,0
2000,0,3,road_5_2_2_2,-0.0019137354101985693,0,0
2000,0,3,road_4_1_1_0,0.0,0,0
2000,0,3,road_4_1_1_1,0.0027150213718414307,3,0
2000,0,3,road_4_1_1_2,0.0034177531488239765,3,0
2000,0,3,road_3_2_0_0,0.0,0,0
2000,0,3,road_3_2_0_1,-0.002777055837213993,3,0
2000,0,3,road_3_2_0_2,-0.0010261135175824165,3,0
2000,0,3,road_4_4_3_0,0.0,0,0
2000,0,3,road_4_4_3_1,-0.0021017594262957573,3,0
2000,0,3,road_4_4_3_2,-0.002393510425463319,0,0
2000,0,3,road_5_3_2_0,0.0,0,0
2000,0,3,road_5_3_2_1,-7.047113740554778e-06,3,0
2000,0,3,road_5_3_2_2,-0.00031157437479123473,3,0
2000,0,3,road_4_2_1_0,0.0,0,0
2000,0,3,road_4_2_1_1,5.1811068260576576e-05,3,0
2000,0,3,road_4_2_1_2,0.0029630549252033234,3,0
2000,0,3,road_3_3_0_0,0.0,0,0
2000,0,3,road_3_3_0_1,-0.0014861980453133583,3,0
2000,0,3,road_3_3_0_2,-0.002324703149497509,3,0
2000,0,3,road_4_5_3_0,0.0,0,0
2000,0,3,road_4_5_3_1,0.006634472869336605,3,0
2000,0,3,road_4_5_3_2,0.0011734281433746219,0,3
2000,0,3,road_5_4_2_0,0.0,0,0
2000,0,3,road_5_4_2_1,-6.118667442933656e-06,3,0
2000,0,3,road_5_4_2_2,-2.882800436054822e-05,3,0
2000,0,3,road_4_3_1_0,0.0,0,0
2000,0,3,road_4_3_1_1,6.787494203308597e-05,3,0
2000,0,3,road_4_3_1_2,0.0012208177940919995,3,0
2000,0,3,road_3_4_0_0,0.0,0,0
2000,0,3,road_3_4_0_1,-0.001613989588804543,3,0
2000,0,3,road_3_4_0_2,-0.002117775846272707,3,0
2200,0,0,road_1_2_3_0,0.0,0,0
2200,0,0,road_1_2_3_1,-0.00024079317518044263,0,0
2200,0,0,road_1_2_3_2,-0.0009751660982146859,0,0
2200,0,0,road_2_1_2_0,0.0,0,0
2200,0,0,road_2_1_2_1,0.0021241572685539722,0,3
2200,0,0,road_2_1_2_2,0.0021237286273390055,0,3
2200,0,0,road_1_0_1_0,0.0,0,0
2200,0,0,road_1_0_1_1,-1.663657349126879e-05,0,0
2200,0,0,road_1_0_1_2,-0.0012728001456707716,0,0
2200,0,0,road_0_1_0_0,0.0,0,0
2200,0,0,road_0_1_0_1,1.491658349550562e-05,0,3
2200,0,0,road_0_1_0_2,3.49936744896695e-05,0,3
2200,0,0,road_1_3_3_0,0.0,0,0
2200,0,0,road_1_3_3_1,0.00160964613314718,0,3
2200,0,0,road_1_3_3_2,0.0006509206141345203,0,3
2200,0,0,road_2_2_2_0,0.0,0,0
2200,0,0,road_2_2_2_1,0.003808162873610854,0,3
2200,0,0,road_2_2_2_2,0.0003851776709780097,0,3
2200,0,0,road_1_1_1_0,0.0,0,0
2200,0,0,road_1_1_1_1,0.0014879527734592557,0,3
2200,0,0,road_1_1_1_2,0.0005981565918773413,0,3
2200,0,0,road_0_2_0_0,0.0,0,0
2200,0,0,road_0_2_0_1,9.720298294269014e-06,0,2
2200,0,0,road_0_2_0_2,-0.0047317915596067905,0,0
2200,0,0,road_1_4_3_0,0.0,0,0
2200,0,0,road_1_4_3_1,-1.6223300917772576e-05,0,0
2200,0,0,road_1_4_3_2,-0.0004218954418320209,0,0
2200,0,0,road_2_3_2_0,0.0,0,0
2200,0,0,road_2_3_2_1,-0.0011859482619911432,0,3
2200,0,0,road_2_3_2_2,-0.0008724421495571733,0,0
2200,0,0,road_1_2_1_0,0.0,0,0
2200,0,0,road_1_2_1_1,-0.0009293155744671822,0,0
2200,0,0,road_1_2_1_2,-0.000904619344510138,0,0
2200,0,0,road_0_3_0_0,0.0,0,0
2200,0,0,road_0_3_0_1,-0.0011859479127451777,0,0
2200,0,0,road_0_3_0_2,-0.0008724419749341905,0,0
2200,0,0,road_1_5_3_0,0.0,0,0
2200,0,0,road_1_5_3_1,-1.6537234841962345e-05,0,0
2200,0,0,road_1_5_3_2,-0.0006553297280333936,0,0
2200,0,0,road_2_4_2_0,0.0,0,0
2200,0,0,road_2_4_2_1,0.0039808666333556175,0,3
2200,0,0,road_2_4_2_2,0.0039808666333556175,0,3
2200,0,0,road_1_3_1_0,0.0,0,0
2200,0,0,road_1_3_1_1,-0.0013445117510855198,0,0
2200,0,0,road_1_3_1_2,-0.001341115916147828,0,0
2200,0,0,road_0_4_0_0,0.0,0,0
2200,0,0,road_0_4_0_1,1.7360318452119827e-05,0,3
2200,0,0,road_0_4_0_2,1.7360318452119827e-05,0,3
2200,0,0,road_2_2_3_0,0.0,0,0
2200,0,0,road_2_2_3_1,0.0010581163223832846,0,3
2200,0,0,road_2_2_3_2,0.002071204362437129,0,3
2200,0,0,road_3_1_2_0,0.0,0,0
2200,0,0,road_3_1_2_1,0.0032152680214494467,0,3
2200,0,0,road_3_1_2_2,-6.570565165020525e-05,0,0
2200,0,0,road_2_0_1_0,0.0,0,0
2200,0,0,road_2_0_1_1,0.0006865639006718993,0,3
2200,0,0,road_2_0_1_2,0.0017187208868563175,0,3
2200,0,0,road_1_1_0_0,0.0,0,0
2200,0,0,road_1_1_0_1,6.835886597400531e-05,0,3
2200,0,0,road_1_1_0_2,-0.003384065581485629,0,0
2200,0,0,road_2_3_3_0,0.0,0,0
2200,0,0,road_2_3_3_1,0.00039136281702667475,0,3
2200,0,0,road_2_3_3_2,-0.00035954557824879885,0,0
2200,0,0,road_3_2_2_0,0.0,0,0
2200,0,0,road_3_2_2_1,-0.0004020780324935913,0,0
2200,0,0,road_3_2_2_2,-0.00043218984501436353,0,0
2200,0,0,road_2_1_1_0,0.0,0,0
2200,0,0,road_2_1_1_1,0.00039136275881901383,0,3
2200,0,0,road_2_1_1_2,-0.0003595456073526293,0,0
2200,0,0,road_1_2_0_0,0.0,0,0
2200,0,0,road_1_2_0_1,-0.00043218981591053307,0,0
2200,0,0,road_1_2_0_2,-0.0004020780907012522,0,0
2200,0,0,road_2_4_3_0,0.0,0,0
2200,0,0,road_2_4_3_1,0.001426107482984662,0,3
2200,0,0,road_2_4_3_2,0.00011930600885534659,0,3
2200,0,0,road_3_3_2_0,0.0,0,0
2200,0,0,road_3_3_2_1,-0.00031701629632152617,0,0
2200,0,0,road_3_3_2_2,0.0001369641104247421,0,3
2200,0,0,road_2_2_1_0,0.0,0,0
2200,0,0,road_2_2_1_1,0.001426107482984662,0,3
2200,0,0,road_2_2_1_2,0.00011930607433896512,0,3
2200,0,0,road_1_3_0_0,0.0,0,0
2200,0,0,road_1_3_0_1,-0.001376038184389472,0,0
2200,0,0,road_1_3_0_2,-0.00035456963814795017,0,0
2200,0,0,road_2_5_3_0,0.0,0,0
2200,0,0,road_2_5_3_1,3.504734922898933e-05,0,3
2200,0,0,road_2_5_3_2,3.504708729451522e-05,0,3
2200,0,0,road_3_4_2_0,0.0,0,0
2200,0,0,road_3_4_2_1,-0.0004104862455278635,0,0
2200,0,0,road_3_4_2_2,-0.00031979207415133715,0,0
2200,0,0,road_2_3_1_0,0.0,0,0
2200,0,0,road_2_3_1_1,0.0017106123268604279,0,3
2200,0,0,road_2_3_1_2,0.001710612210445106,0,3
2200,0,0,road_1_4_0_0,0.0,0,0
2200,0,0,road_1_4_0_1,-0.0047334060072898865,0,0
2200,0,0,road_1_4_0_2,-0.007480070926249027,0,0
2200,0,0,road_3_2_3_0,0.0,0,0
2200,0,0,road_3_2_3_1,-0.00015363986312877387,0,0
2200,0,0,road_3_2_3_2,-0.00015363996499218047,0,0
2200,0,0,road_4_1_2_0,0.0,0,0
2200,0,0,road_4_1_2_1,0.0003065997443627566,0,3
2200,0,0,road_4_1_2_2,-0.0005318556213751435,0,0
2200,0,0,road_3_0_1_0,0.0,0,0
2200,0,0,road_3_0_1_1,-0.00015363974671345204,0,0
2200,0,0,road_3_0_1_2,-0.00015363995044026524,0,0
2200,0,0,road_2_1_0_0,0.0,0,0
2200,0,0,road_2_1_0_1,0.00031936721643432975,0,3
2200,0,0,road_2_1_0_2,-0.0005484996945597231,0,0
2200,0,0,road_3_3_3_0,0.0,0,0
2200,0,0,road_3_3_3_1,7.124575495254248e-05,0,3
2200,0,0,road_3_3_3_2,0.0013695843517780304,0,3
2200,0,0,road_4_2_2_0,0.0,0,0
2200,0,0,road_4_2_2_1,-0.0007823276100680232,0,0
2200,0,0,road_4_2_2_2,-0.0002829447912517935,0,0
2200,0,0,road_3_1_1_0,0.0,0,0
2200,0,0,road_3_1_1_1,5.920413605053909e-05,0,3
2200,0,0,road_3_1_1_2,0.0013632685877382755,0,3
2200,0,0,road_2_2_0_0,0.0,0,0
2200,0,0,road_2_2_0_1,-0.0014048551674932241,0,0
2200,0,0,road_2_2_0_2,-0.00033541355514898896,0,0
2200,0,0,road_3_4_3_0,0.0,0,0
2200,0,0,road_3_4_3_1,-0.001980700297281146,0,0
2200,0,0,road_3_4_3_2,-0.00026905699633061886,0,0
2200,0,0,road_4_3_2_0,0.0,0,0
2200,0,0,road_4_3_2_1,0.0010714660165831447,0,3
2200,0,0,road_4_3_2_2,0.00011744847142836079,0,3
2200,0,0,road_3_2_1_0,0.0,0,0
2200,0,0,road_3_2_1_1,-0.0004841330519411713,0,0
2200,0,0,road_3_2_1_2,0.00020284867787268013,0,3
2200,0,0,road_2_3_0_0,0.0,0,0
2200,0,0,road_2_3_0_1,0.0010714661329984665,0,3
2200,0,0,road_2_3_0_2,0.00011744855146389455,0,3
2200,0,0,road_3_5_3_0,0.0,0,0
2200,0,0,road_3_5_3_1,0.0007885119412094355,0,3
2200,0,0,road_3_5_3_2,0.0007885119994170964,0,3
2200,0,0,road_4_4_2_0,0.0,0,0
2200,0,0,road_4_4_2_1,0.000811439473181963,0,3
2200,0,0,road_4_4_2_2,2.9630820790771395e-05,0,3
2200,0,0,road_3_3_1_0,0.0,0,0
2200,0,0,road_3_3_1_1,-0.0009011876536533237,0,0
2200,0,0,road_3_3_1_2,-0.0009011875954456627,0,0
2200,0,0,road_2_4_0_0,0.0,0,0
2200,0,0,road_2_4_0_1,2.9630216886289418e-05,0,3
2200,0,0,road_2_4_0_2,-0.00036267031100578606,0,0
2200,0,0,road_4_2_3_0,0.0,0,0
2200,0,0,road_4_2_3_1,0.0037325804587453604,0,3
2200,0,0,road_4_2_3_2,0.005096803419291973,0,3
2200,0,0,road_5_1_2_0,0.0,0,0
2200,0,0,road_5_1_2_1,0.0018894380191341043,0,3
2200,0,0,road_5_1_2_2,0.0006881117587909102,0,3
2200,0,0,road_4_0_1_0,0.0,0,0
2200,0,0,road_4_0_1_1,2.5394645490450785e-05,0,0
2200,0,0,road_4_0_1_2,0.003799077123403549,0,3
2200,0,0,road_3_1_0_0,0.0,0,0
2200,0,0,road_3_1_0_1,0.0018894379027187824,0,3
2200,0,0,road_3_1_0_2,0.0006881115259602666,0,2
2200,0,0,road_4_3_3_0,0.0,0,0
2200,0,0,road_4_3_3_1,0.004363365937024355,0,3
2200,0,0,road_4_3_3_2,0.0026438473723828793,0,3
2200,0,0,road_5_2_2_0,0.0,0,0
2200,0,0,road_5_2_2_1,2.456151560181752e-05,0,2
2200,0,0,road_5_2_2_2,-0.0002540236746426672,0,0
2200,0,0,road_4_1_1_0,0.0,0,0
2200,0,0,road_4_1_1_1,0.0014665736816823483,0,3
2200,0,0,road_4_1_1_2,0.0019225315190851688,0,3
2200,0,0,road_3_2_0_0,0.0,0,0
2200,0,0,road_3_2_0_1,0.003623854834586382,0,3
2200,0,0,road_3_2_0_2,0.002094792667776346,0,3
2200,0,0,road_4_4_3_0,0.0,0,0
2200,0,0,road_4_4_3_1,0.0033357690554112196,0,3
2200,0,0,road_4_4_3_2,-0.00020623597083613276,0,0
2200,0,0,road_5_3_2_0,0.0,0,0
2200,0,0,road_5_3_2_1,-1.777110264811199e-05,0,0
2200,0,0,road_5_3_2_2,-0.0008336947648786008,0,0
2200,0,0,road_4_2_1_0,0.0,0,0
2200,0,0,road_4_2_1_1,3.0370301828952506e-05,0,3
2200,0,0,road_4_2_1_2,-0.0037258178927004337,0,0
2200,0,0,road_3_3_0_0,0.0,0,0
2200,0,0,road_3_3_0_1,-0.0008592266822233796,0,0
2200,0,0,road_3_3_0_2,-0.0007818039739504457,0,0
2200,0,0,road_4_5_3_0,0.0,0,0
2200,0,0,road_4_5_3_1,0.0031075901351869106,0,3
2200,0,0,road_4_5_3_2,-0.00045418395893648267,0,0
2200,0,0,road_5_4_2_0,0.0,0,0
2200,0,0,road_5_4_2_1,-1.6739359125494957e-05,0,0
2200,0,0,road_5_4_2_2,-3.9219539758050814e-05,0,0
2200,0,0,road_4_3_1_0,0.0,0,0
2200,0,0,road_4_3_1_1,4.166881990386173e-05,0,3
2200,0,0,road_4_3_1_2,-0.004244734067469835,0,0
2200,0,0,road_3_4_0_0,0.0,0,0
2200,0,0,road_3_4_0_1,-0.0013396898284554482,0,0
2200,0,0,road_3_4_0_2,-0.0013398462906479836,0,0
2200,0,1,road_1_2_3_0,0.0,0,0
2200,0,1,road_1_2_3_1,-0.00030809358577243984,0,0
2200,0,1,road_1_2_3_2,-0.0012004562886431813,0,0
2200,0,1,road_2_1_2_0,0.0,0,0
2200,0,1,road_2_1_2_1,0.00441222358494997,3,0
2200,0,1,road_2_1_2_2,0.004290538374334574,3,0
2200,0,1,road_1_0_1_0,0.0,0,0
2200,0,1,road_1_0_1_1,-2.1221130737103522e-05,0,0
2200,0,1,road_1_0_1_2,-0.0016321266302838922,0,0
2200,0,1,road_0_1_0_0,0.0,0,0
2200,0,1,road_0_1_0_1,1.1658525181701407e-05,3,0
2200,0,1,road_0_1_0_2,2.9797285606036894e-05,3,0
2200,0,1,road_1_3_3_0,0.0,0,0
2200,0,1,road_1_3_3_1,0.003143178764730692,3,0
2200,0,1,road_1_3_3_2,0.002435004338622093,3,0
2200,0,1,road_2_2_2_0,0.0,0,0
2200,0,1,road_2_2_2_1,-0.001970832934603095,3,0
2200,0,1,road_2_2_2_2,-0.002661010716110468,3,0
2200,0,1,road_1_1_1_0,0.0,0,0
2200,0,1,road_1_1_1_1,0.0027597066946327686,3,0
2200,0,1,road_1_1_1_2,0.002423491794615984,3,0
2200,0,1,road_0_2_0_0,0.0,0,0
2200,0,1,road_0_2_0_1,-9.330031389254145e-06,2,0
2200,0,1,road_0_2_0_2,-0.0027734870091080666,0,0
2200,0,1,road_1_4_3_0,0.0,0,0
2200,0,1,road_1_4_3_1,-1.467044603487011e-05,0,0
2200,0,1,road_1_4_3_2,-0.00039191145333461463,0,0
2200,0,1,road_2_3_2_0,0.0,0,0
2200,0,1,road_2_3_2_1,-0.0050567323341965675,3,0
2200,0,1,road_2_3_2_2,-0.0010682380525395274,0,0
2200,0,1,road_1_2_1_0,0.0,0,0
2200,0,1,road_1_2_1_1,-0.0008624237379990518,0,0
2200,0,1,road_1_2_1_2,-0.0008421281236223876,0,0
2200,0,1,road_0_3_0_0,0.0,0,0
2200,0,1,road_0_3_0_1,-0.0032762044575065374,0,0
2200,0,1,road_0_3_0_2,-0.000848894938826561,0,0
2200,0,1,road_1_5_3_0,0.0,0,0
2200,0,1,road_1_5_3_1,1.6079271517810412e-05,0,3
2200,0,1,road_1_5_3_2,0.00044287365744821727,0,3
2200,0,1,road_2_4_2_0,0.0,0,0
2200,0,1,road_2_4_2_1,-0.0029875158797949553,3,0
2200,0,1,road_2_4_2_2,-0.0029875158797949553,3,0
2200,0,1,road_1_3_1_0,0.0,0,0
2200,0,1,road_1_3_1_1,0.0015758499503135681,0,3
2200,0,1,road_1_3_1_2,0.0011421034578233957,0,3
2200,0,1,road_0_4_0_0,0.0,0,0
2200,0,1,road_0_4_0_1,-7.483284207410179e-06,3,0
2200,0,1,road_0_4_0_2,-7.483284207410179e-06,3,0
2200,0,1,road_2_2_3_0,0.0,0,0
2200,0,1,road_2_2_3_1,0.002374039962887764,3,0
2200,0,1,road_2_2_3_2,0.0023710448294878006,3,0
2200,0,1,road_3_1_2_0,0.0,0,0
2200,0,1,road_3_1_2_1,-0.0011194460093975067,3,0
2200,0,1,road_3_1_2_2,0.00016486993990838528,0,3
2200,0,1,road_2_0_1_0,0.0,0,0
2200,0,1,road_2_0_1_1,0.002980200806632638,3,0
2200,0,1,road_2_0_1_2,0.002319674240425229,3,0
2200,0,1,road_1_1_0_0,0.0,0,0
2200,0,1,road_1_1_0_1,-0.00013675756053999066,3,0
2200,0,1,road_1_1_0_2,-0.0008705661748535931,0,0
2200,0,1,road_2_3_3_0,0.0,0,0
2200,0,1,road_2_3_3_1,-0.007409804966300726,3,0
2200,0,1,road_2_3_3_2,-0.0007178427185863256,0,0
2200,0,1,road_3_2_2_0,0.0,0,0
2200,0,1,road_3_2_2_1,0.0009721407550387084,0,3
2200,0,1,road_3_2_2_2,0.0010346310446038842,0,3
2200,0,1,road_2_1_1_0,0.0,0,0
2200,0,1,road_2_1_1_1,-0.007409805431962013,3,0
2200,0,1,road_2_1_1_2,-0.0007178427185863256,0,0
2200,0,1,road_1_2_0_0,0.0,0,0
2200,0,1,road_1_2_0_1,0.0010346309281885624,0,3
2200,0,1,road_1_2_0_2,0.0009721412206999958,0,3
2200,0,1,road_2_4_3_0,0.0,0,0
2200,0,1,road_2_4_3_1,0.003084637224674225,3,0
2200,0,1,road_2_4_3_2,0.00351727195084095,3,0
2200,0,1,road_3_3_2_0,0.0,0,0
2200,0,1,road_3_3_2_1,0.0021101601887494326,0,3
2200,0,1,road_3_3_2_2,0.0025845004711300135,3,0
2200,0,1,road_2_2_1_0,0.0,0,0
2200,0,1,road_2_2_1_1,0.003084636991843581,3,0
2200,0,1,road_2_2_1_2,0.0035172721836715937,3,0
2200,0,1,road_1_3_0_0,0.0,0,0
2200,0,1,road_1_3_0_1,0.0025844997726380825,0,3
2200,0,1,road_1_3_0_2,0.0021101604215800762,0,3
2200,0,1,road_2_5_3_0,0.0,0,0
2200,0,1,road_2_5_3_1,0.003662730799987912,3,0
2200,0,1,road_2_5_3_2,0.003662730101495981,3,0
2200,0,1,road_3_4_2_0,0.0,0,0
2200,0,1,road_3_4_2_1,0.0008640807936899364,0,3
2200,0,1,road_3_4_2_2,-0.0003022432792931795,0,0
2200,0,1,road_2_3_1_0,0.0,0,0
2200,0,1,road_2_3_1_1,0.0019534635357558727,3,0
2200,0,1,road_2_3_1_2,0.0019534635357558727,3,0
2200,0,1,road_1_4_0_0,0.0,0,0
2200,0,1,road_1_4_0_1,-7.695510430494323e-05,0,0
2200,0,1,road_1_4_0_2,-0.0023674240801483393,0,0
2200,0,1,road_3_2_3_0,0.0,0,0
2200,0,1,road_3_2_3_1,-0.0004021920613013208,0,0
2200,0,1,road_3_2_3_2,-0.0004021920030936599,0,0
2200,0,1,road_4_1_2_0,0.0,0,0
2200,0,1,road_4_1_2_1,-0.005060350522398949,3,0
2200,0,1,road_4_1_2_2,0.0016792963724583387,0,3
2200,0,1,road_3_0_1_0,0.0,0,0
2200,0,1,road_3_0_1_1,-0.0004021921195089817,0,0
2200,0,1,road_3_0_1_2,-0.00040219203219749033,0,0
2200,0,1,road_2_1_0_0,0.0,0,0
2200,0,1,road_2_1_0_1,-0.0064808065071702,3,0
2200,0,1,road_2_1_0_2,0.0005351653089746833,0,3
2200,0,1,road_3_3_3_0,0.0,0,0
2200,0,1,road_3_3_3_1,0.0034901434555649757,3,0
2200,0,1,road_3_3_3_2,0.0016432692063972354,3,0
2200,0,1,road_4_2_2_0,0.0,0,0
2200,0,1,road_4_2_2_1,0.0011350405402481556,0,3
2200,0,1,road_4_2_2_2,0.00022125219402369112,0,3
2200,0,1,road_3_1_1_0,0.0,0,0
2200,0,1,road_3_1_1_1,0.0027144080959260464,3,0
2200,0,1,road_3_1_1_2,0.0016245418228209019,3,0
2200,0,1,road_2_2_0_0,0.0,0,0
2200,0,1,road_2_2_0_1,0.0019242241978645325,0,3
2200,0,1,road_2_2_0_2,0.0005937075475230813,0,3
2200,0,1,road_3_4_3_0,0.0,0,0
2200,0,1,road_3_4_3_1,-0.0005818194476887584,0,0
2200,0,1,road_3_4_3_2,0.00046472070971503854,0,3
2200,0,1,road_4_3_2_0,0.0,0,0
2200,0,1,road_4_3_2_1,0.001586281694471836,3,0
2200,0,1,road_4_3_2_2,0.003659895621240139,3,0
2200,0,1,road_3_2_1_0,0.0,0,0
2200,0,1,road_3_2_1_1,0.001165720634162426,0,3
2200,0,1,road_3_2_1_2,0.0019916961900889874,3,0
2200,0,1,road_2_3_0_0,0.0,0,0
2200,0,1,road_2_3_0_1,0.0015862812288105488,3,0
2200,0,1,road_2_3_0_2,0.0036598951555788517,3,0
2200,0,1,road_3_5_3_0,0.0,0,0
2200,0,1,road_3_5_3_1,-0.0013263836735859513,3,0
2200,0,1,road_3_5_3_2,-0.0013263830915093422,3,0
2200,0,1,road_4_4_2_0,0.0,0,0
2200,0,1,road_4_4_2_1,-0.001583938836120069,3,0
2200,0,1,road_4_4_2_2,0.00015737314242869616,3,0
2200,0,1,road_3_3_1_0,0.0,0,0
2200,0,1,road_3_3_1_1,0.0013468058314174414,0,3
2200,0,1,road_3_3_1_2,0.0013468062970787287,0,3
2200,0,1,road_2_4_0_0,0.0,0,0
2200,0,1,road_2_4_0_1,0.0001573743502376601,3,0
2200,0,1,road_2_4_0_2,0.002267588395625353,0,3
2200,0,1,road_4_2_3_0,0.0,0,0
2200,0,1,road_4_2_3_1,-0.001366401556879282,3,0
2200,0,1,road_4_2_3_2,-0.0015469265636056662,3,0
2200,0,1,road_5_1_2_0,0.0,0,0
2200,0,1,road_5_1_2_1,0.001839781180024147,3,0
2200,0,1,road_5_1_2_2,0.004163733683526516,3,0
2200,0,1,road_4_0_1_0,0.0,0,0
2200,0,1,road_4_0_1_1,-1.4635566003562417e-05,0,0
2200,0,1,road_4_0_1_2,-0.0008801438380032778,3,0
2200,0,1,road_3_1_0_0,0.0,0,0
2200,0,1,road_3_1_0_1,0.001279531978070736,3,0
2200,0,1,road_3_1_0_2,0.004471953958272934,2,1
2200,0,1,road_4_3_3_0,0.0,0,0
2200,0,1,road_4_3_3_1,0.001344459829851985,3,0
2200,0,1,road_4_3_3_2,0.003084140829741955,3,0
2200,0,1,road_5_2_2_0,0.0,0,0
2200,0,1,road_5_2_2_1,-1.1068736057495698e-05,2,0
2200,0,1,road_5_2_2_2,-0.0019355072872713208,0,0
2200,0,1,road_4_1_1_0,0.0,0,0
2200,0,1,road_4_1_1_1,0.002126796403899789,3,0
2200,0,1,road_4_1_1_2,0.0030320745427161455,3,0
2200,0,1,road_3_2_0_0,0.0,0,0
2200,0,1,road_3_2_0_1,-0.0019355074036866426,3,0
2200,0,1,road_3_2_0_2,-0.0026140690315514803,3,0
2200,0,1,road_4_4_3_0,0.0,0,0
2200,0,1,road_4_4_3_1,-0.0026519715320318937,3,0
2200,0,1,road_4_4_3_2,-0.0016224464634433389,0,0
2200,0,1,road_5_3_2_0,0.0,0,0
2200,0,1,road_5_3_2_1,-1.7421469237888232e-05,0,0
2200,0,1,road_5_3_2_2,-0.0008654094999656081,0,0
2200,0,1,road_4_2_1_0,0.0,0,0
2200,0,1,road_4_2_1_1,3.459343497524969e-05,3,0
2200,0,1,road_4_2_1_2,0.0018316552741453052,0,3
2200,0,1,road_3_3_0_0,0.0,0,0
2200,0,1,road_3_3_0_1,-0.0010777809657156467,0,0
2200,0,1,road_3_3_0_2,-0.0011325179366394877,0,0
2200,0,1,road_4_5_3_0,0.0,0,0
2200,0,1,road_4_5_3_1,-0.0024547046050429344,3,0
2200,0,1,road_4_5_3_2,0.0012935805134475231,0,3
2200,0,1,road_5_4_2_0,0.0,0,0
2200,0,1,road_5_4_2_1,-1.7843378373072483e-05,0,0
2200,0,1,road_5_4_2_2,-4.181617987342179e-05,0,0
2200,0,1,road_4_3_1_0,0.0,0,0
2200,0,1,road_4_3_1_1,7.04587873769924e-05,3,0
2200,0,1,road_4_3_1_2,0.003676701569929719,0,3
2200,0,1,road_3_4_0_0,0.0,0,0
2200,0,1,road_3_4_0_1,-0.0014148621121421456,0,0
2200,0,1,road_3_4_0_2,-0.0014149558264762163,0,0
2200,0,2,road_1_2_3_0,0.0,0,0
2200,0,2,road_1_2_3_1,-0.00030809358577243984,0,0
2200,0,2,road_1_2_3_2,-0.0012004562886431813,0,0
2200,0,2,road_2_1_2_0,0.0,0,0
2200,0,2,road_2_1_2_1,0.00441222358494997,3,0
2200,0,2,road_2_1_2_2,0.004290538374334574,3,0
2200,0,2,road_1_0_1_0,0.0,0,0
2200,0,2,road_1_0_1_1,-2.1221130737103522e-05,0,0
2200,0,2,road_1_0_1_2,-0.0016321266302838922,0,0
2200,0,2,road_0_1_0_0,0.0,0,0
2200,0,2,road_0_1_0_1,1.1658525181701407e-05,3,0
2200,0,2,road_0_1_0_2,2.9797285606036894e-05,3,0
2200,0,2,road_1_3_3_0,0.0,0,0
2200,0,2,road_1_3_3_1,0.003143178764730692,3,0
2200,0,2,road_1_3_3_2,0.002435004338622093,3,0
2200,0,2,road_2_2_2_0,0.0,0,0
2200,0,2,road_2_2_2_1,-0.001970832934603095,3,0
2200,0,2,road_2_2_2_2,-0.002661010716110468,3,0
2200,0,2,road_1_1_1_0,0.0,0,0
2200,0,2,road_1_1_1_1,0.0027597066946327686,3,0
2200,0,2,road_1_1_1_2,0.002423491794615984,3,0
2200,0,2,road_0_2_0_0,0.0,0,0
2200,0,2,road_0_2_0_1,-9.330031389254145e-06,2,0
2200,0,2,road_0_2_0_2,-0.0027734870091080666,0,0
2200,0,2,road_1_4_3_0,0.0,0,0
2200,0,2,road_1_4_3_1,-1.467044603487011e-05,0,0
2200,0,2,road_1_4_3_2,-0.00039191145333461463,0,0
2200,0,2,road_2_3_2_0,0.0,0,0
2200,0,2,road_2_3_2_1,-0.0050567323341965675,3,0
2200,0,2,road_2_3_2_2,-0.0010682380525395274,0,0
2200,0,2,road_1_2_1_0,0.0,0,0
2200,0,2,road_1_2_1_1,-0.0008624237379990518,0,0
2200,0,2,road_1_2_1_2,-0.0008421281236223876,0,0
2200,0,2,road_0_3_0_0,0.0,0,0
2200,0,2,road_0_3_0_1,-0.0032762044575065374,0,0
2200,0,2,road_0_3_0_2,-0.000848894938826561,0,0
2200,0,2,road_1_5_3_0,0.0,0,0
2200,0,2,road_1_5_3_1,1.3671568922291044e-05,3,0
2200,0,2,road_1_5_3_2,0.0005949328187853098,3,0
2200,0,2,road_2_4_2_0,0.0,0,0
2200,0,2,road_2_4_2_1,-0.0030517412815243006,3,0
2200,0,2,road_2_4_2_2,-0.0030517412815243006,3,0
2200,0,2,road_1_3_1_0,0.0,0,0
2200,0,2,road_1_3_1_1,0.0042881229892373085,3,0
2200,0,2,road_1_3_1_2,0.0038518328219652176,3,0
2200,0,2,road_0_4_0_0,0.0,0,0
2200,0,2,road_0_4_0_1,-9.29329326027073e-06,3,0
2200,0,2,road_0_4_0_2,-9.293292350776028e-06,3,0
2200,0,2,road_2_2_3_0,0.0,0,0
2200,0,2,road_2_2_3_1,0.002138982992619276,3,0
2200,0,2,road_2_2_3_2,0.003279870841652155,3,0
2200,0,2,road_3_1_2_0,0.0,0,0
2200,0,2,road_3_1_2_1,-0.0026703509502112865,3,0
2200,0,2,road_3_1_2_2,-0.0008414472686126828,3,0
2200,0,2,road_2_0_1_0,0.0,0,0
2200,0,2,road_2_0_1_1,0.0027069239877164364,3,0
2200,0,2,road_2_0_1_2,0.0032699434086680412,3,0
2200,0,2,road_1_1_0_0,0.0,0,0
2200,0,2,road_1_1_0_1,-0.00014940618711989373,3,0
2200,0,2,road_1_1_0_2,-0.00014074682258069515,0,0
2200,0,2,road_2_3_3_0,0.0,0,0
2200,0,2,road_2_3_3_1,-0.00508854677900672,3,0
2200,0,2,road_2_3_3_2,-0.0013635605573654175,0,0
2200,0,2,road_3_2_2_0,0.0,0,0
2200,0,2,road_3_2_2_1,-0.002087095519527793,3,0
2200,0,2,road_3_2_2_2,-0.0026873303577303886,3,0
2200,0,2,road_2_1_1_0,0.0,0,0
2200,0,2,road_2_1_1_1,-0.005088546313345432,3,0
2200,0,2,road_2_1_1_2,-0.0013635605573654175,0,0
2200,0,2,road_1_2_0_0,0.0,0,0
2200,0,2,road_1_2_0_1,-0.0026873312890529633,3,0
2200,0,2,road_1_2_0_2,-0.0020870952866971493,3,0
2200,0,2,road_2_4_3_0,0.0,0,0
2200,0,2,road_2_4_3_1,0.003214777447283268,3,0
2200,0,2,road_2_4_3_2,0.0026299855671823025,3,0
2200,0,2,road_3_3_2_0,0.0,0,0
2200,0,2,road_3_3_2_1,-0.002177179791033268,3,0
2200,0,2,road_3_3_2_2,-0.0027626091614365578,3,0
2200,0,2,road_2_2_1_0,0.0,0,0
2200,0,2,road_2_2_1_1,0.0032147769816219807,3,0
2200,0,2,road_2_2_1_2,0.0026299848686903715,3,0
2200,0,2,road_1_3_0_0,0.0,0,0
2200,0,2,road_1_3_0_1,-0.0013572880998253822,3,0
2200,0,2,road_1_3_0_2,-0.002177179791033268,3,0
2200,0,2,road_2_5_3_0,0.0,0,0
2200,0,2,road_2_5_3_1,0.0034540039487183094,3,0
2200,0,2,road_2_5_3_2,0.003454003483057022,3,0
2200,0,2,road_3_4_2_0,0.0,0,0
2200,0,2,road_3_4_2_1,-0.0008312348509207368,3,0
2200,0,2,road_3_4_2_2,0.0003472222888376564,0,3
2200,0,2,road_2_3_1_0,0.0,0,0
2200,0,2,road_2_3_1_1,0.0024931887164711952,3,0
2200,0,2,road_2_3_1_2,0.002493188250809908,3,0
2200,0,2,road_1_4_0_0,0.0,0,0
2200,0,2,road_1_4_0_1,-0.002520978916436434,0,0
2200,0,2,road_1_4_0_2,-0.0034047372173517942,0,0
2200,0,2,road_3_2_3_0,0.0,0,0
2200,0,2,road_3_2_3_1,-0.0005890751490369439,0,0
2200,0,2,road_3_2_3_2,-0.0005890752072446048,0,0
2200,0,2,road_4_1_2_0,0.0,0,0
2200,0,2,road_4_1_2_1,0.000488865771330893,3,0
2200,0,2,road_4_1_2_2,0.003002198413014412,3,0
2200,0,2,road_3_0_1_0,0.0,0,0
2200,0,2,road_3_0_1_1,-0.0005890752072446048,0,0
2200,0,2,road_3_0_1_2,-0.0005890752654522657,0,0
2200,0,2,road_2_1_0_0,0.0,0,0
2200,0,2,road_2_1_0_1,0.0004574569466058165,3,0
2200,0,2,road_2_1_0_2,0.0038131731562316418,3,0
2200,0,2,road_3_3_3_0,0.0,0,0
2200,0,2,road_3_3_3_1,0.002453502267599106,3,0
2200,0,2,road_3_3_3_2,0.0032689550425857306,3,0
2200,0,2,road_4_2_2_0,0.0,0,0
2200,0,2,road_4_2_2_1,-0.0023784697987139225,3,0
2200,0,2,road_4_2_2_2,-0.002338336780667305,3,0
2200,0,2,road_3_1_1_0,0.0,0,0
2200,0,2,road_3_1_1_1,0.001989426091313362,3,0
2200,0,2,road_3_1_1_2,0.003342964919283986,3,0
2200,0,2,road_2_2_0_0,0.0,0,0
2200,0,2,road_2_2_0_1,-0.0014433474279940128,3,0
2200,0,2,road_2_2_0_2,-0.0030009429901838303,3,0
2200,0,2,road_3_4_3_0,0.0,0,0
2200,0,2,road_3_4_3_1,-0.002376760821789503,0,0
2200,0,2,road_3_4_3_2,-0.0007351666572503746,3,0
2200,0,2,road_4_3_2_0,0.0,0,0
2200,0,2,road_4_3_2_1,0.0036020432598888874,3,0
2200,0,2,road_4_3_2_2,0.0032382896170020103,3,0
2200,0,2,road_3_2_1_0,0.0,0,0
2200,0,2,road_3_2_1_1,-0.0029788920655846596,3,0
2200,0,2,road_3_2_1_2,-0.0027480339631438255,3,0
2200,0,2,road_2_3_0_0,0.0,0,0
2200,0,2,road_2_3_0_1,0.0036020432598888874,3,0
2200,0,2,road_2_3_0_2,0.0032382900826632977,3,0
2200,0,2,road_3_5_3_0,0.0,0,0
2200,0,2,road_3_5_3_1,0.003699381835758686,3,0
2200,0,2,road_3_5_3_2,0.0036993816029280424,3,0
2200,0,2,road_4_4_2_0,0.0,0,0
2200,0,2,road_4_4_2_1,-0.0021506152115762234,3,0
2200,0,2,road_4_4_2_2,-0.003447911236435175,3,0
2200,0,2,road_3_3_1_0,0.0,0,0
2200,0,2,road_3_3_1_1,0.0021616306621581316,3,0
2200,0,2,road_3_3_1_2,0.0021616299636662006,3,0
2200,0,2,road_2_4_0_0,0.0,0,0
2200,0,2,road_2_4_0_1,-0.0034479103051126003,3,0
2200,0,2,road_2_4_0_2,-0.0025651820469647646,3,0
2200,0,2,road_4_2_3_0,0.0,0,0
2200,0,2,road_4_2_3_1,-0.0014185768086463213,3,0
2200,0,2,road_4_2_3_2,-0.0016151204472407699,3,0
2200,0,2,road_5_1_2_0,0.0,0,0
2200,0,2,road_5_1_2_1,0.0021692959126085043,3,0
2200,0,2,road_5_1_2_2,0.0020156956743448973,3,0
2200,0,2,road_4_0_1_0,0.0,0,0
2200,0,2,road_4_0_1_1,-1.5012328731245361e-05,0,0
2200,0,2,road_4_0_1_2,-0.0009061653981916606,3,0
2200,0,2,road_3_1_0_0,0.0,0,0
2200,0,2,road_3_1_0_1,0.0021692952141165733,3,0
2200,0,2,road_3_1_0_2,0.0020156947430223227,3,0
2200,0,2,road_4_3_3_0,0.0,0,0
2200,0,2,road_4_3_3_1,0.001344459829851985,3,0
2200,0,2,road_4_3_3_2,0.003084140829741955,3,0
2200,0,2,road_5_2_2_0,0.0,0,0
2200,0,2,road_5_2_2_1,-1.1068736057495698e-05,2,0
2200,0,2,road_5_2_2_2,-0.0019355072872713208,0,0
2200,0,2,road_4_1_1_0,0.0,0,0
2200,0,2,road_4_1_1_1,0.002126796403899789,3,0
2200,0,2,road_4_1_1_2,0.0030320745427161455,3,0
2200,0,2,road_3_2_0_0,0.0,0,0
2200,0,2,road_3_2_0_1,-0.0019355074036866426,3,0
2200,0,2,road_3_2_0_2,-0.0026140690315514803,3,0
2200,0,2,road_4_4_3_0,0.0,0,0
2200,0,2,road_4_4_3_1,-0.0017855791375041008,3,0
2200,0,2,road_4_4_3_2,-0.000593633740209043,0,0
2200,0,2,road_5_3_2_0,0.0,0,0
2200,0,2,road_5_3_2_1,1.8678048945730552e-05,0,3
2200,0,2,road_5_3_2_2,0.0007385356584563851,0,3
2200,0,2,road_4_2_1_0,0.0,0,0
2200,0,2,road_4_2_1_1,-3.5696713894139975e-05,3,0
2200,0,2,road_4_2_1_2,-0.002627110341563821,3,0
2200,0,2,road_3_3_0_0,0.0,0,0
2200,0,2,road_3_3_0_1,0.003235836513340473,0,3
2200,0,2,road_3_3_0_2,0.003059050999581814,0,3
2200,0,2,road_4_5_3_0,0.0,0,0
2200,0,2,road_4_5_3_1,-0.00277402950450778,3,0
2200,0,2,road_4_5_3_2,-0.0026973793283104897,3,0
2200,0,2,road_5_4_2_0,0.0,0,0
2200,0,2,road_5_4_2_1,1.8025486497208476e-05,0,3
2200,0,2,road_5_4_2_2,4.228928446536884e-05,0,3
2200,0,2,road_4_3_1_0,0.0,0,0
2200,0,2,road_4_3_1_1,-9.39783058129251e-05,3,0
2200,0,2,road_4_3_1_2,-0.002821497619152069,3,0
2200,0,2,road_3_4_0_0,0.0,0,0
2200,0,2,road_3_4_0_1,0.004369653761386871,0,3
2200,0,2,road_3_4_0_2,0.004369525704532862,0,3
2200,0,3,road_1_2_3_0,0.0,0,0
2200,0,3,road_1_2_3_1,-0.00030809358577243984,0,0
2200,0,3,road_1_2_3_2,-0.0012004562886431813,0,0
2200,0,3,road_2_1_2_0,0.0,0,0
2200,0,3,road_2_1_2_1,0.00441222358494997,3,0
2200,0,3,road_2_1_2_2,0.004290538374334574,3,0
2200,0,3,road_1_0_1_0,0.0,0,0
2200,0,3,road_1_0_1_1,-2.1221130737103522e-05,0,0
2200,0,3,road_1_0_1_2,-0.0016321266302838922,0,0
2200,0,3,road_0_1_0_0,0.0,0,0
2200,0,3,road_0_1_0_1,1.1658525181701407e-05,3,0
2200,0,3,road_0_1_0_2,2.9797285606036894e-05,3,0
2200,0,3,road_1_3_3_0,0.0,0,0
2200,0,3,road_1_3_3_1,0.003143178764730692,3,0
2200,0,3,road_1_3_3_2,0.002435004338622093,3,0
2200,0,3,road_2_2_2_0,0.0,0,0
2200,0,3,road_2_2_2_1,-0.001970832934603095,3,0
2200,0,3,road_2_2_2_2,-0.002661010716110468,3,0
2200,0,3,road_1_1_1_0,0.0,0,0
2200,0,3,road_1_1_1_1,0.0027597066946327686,3,0
2200,0,3,road_1_1_1_2,0.002423491794615984,3,0
2200,0,3,road_0_2_0_0,0.0,0,0
2200,0,3,road_0_2_0_1,-9.330031389254145e-06,2,0
2200,0,3,road_0_2_0_2,-0.0027734870091080666,0,0
2200,0,3,road_1_4_3_0,0.0,0,0
2200,0,3,road_1_4_3_1,-1.467044603487011e-05,0,0
2200,0,3,road_1_4_3_2,-0.00039191145333461463,0,0
2200,0,3,road_2_3_2_0,0.0,0,0
2200,0,3,road_2_3_2_1,-0.0050567323341965675,3,0
2200,0,3,road_2_3_2_2,-0.0010682380525395274,0,0
2200,0,3,road_1_2_1_0,0.0,0,0
2200,0,3,road_1_2_1_1,-0.0008624237379990518,0,0
2200,0,3,road_1_2_1_2,-0.0008421281236223876,0,0
2200,0,3,road_0_3_0_0,0.0,0,0
2200,0,3,road_0_3_0_1,-0.0032762044575065374,0,0
2200,0,3,road_0_3_0_2,-0.000848894938826561,0,0
2200,0,3,road_1_5_3_0,0.0,0,0
2200,0,3,road_1_5_3_1,1.3671568922291044e-05,3,0
2200,0,3,road_1_5_3_2,0.0005949328187853098,3,0
2200,0,3,road_2_4_2_0,0.0,0,0
2200,0,3,road_2_4_2_1,-0.0030517412815243006,3,0
2200,0,3,road_2_4_2_2,-0.0030517412815243006,3,0
2200,0,3,road_1_3_1_0,0.0,0,0
2200,0,3,road_1_3_1_1,0.0042881229892373085,3,0
2200,0,3,road_1_3_1_2,0.0038518328219652176,3,0
2200,0,3,road_0_4_0_0,0.0,0,0
2200,0,3,road_0_4_0_1,-9.29329326027073e-06,3,0
2200,0,3,road_0_4_0_2,-9.293292350776028e-06,3,0
2200,0,3,road_2_2_3_0,0.0,0,0
2200,0,3,road_2_2_3_1,0.002138982992619276,3,0
2200,0,3,road_2_2_3_2,0.003279870841652155,3,0
2200,0,3,road_3_1_2_0,0.0,0,0
2200,0,3,road_3_1_2_1,-0.0026703509502112865,3,0
2200,0,3,road_3_1_2_2,-0.0008414472686126828,3,0
2200,0,3,road_2_0_1_0,0.0,0,0
2200,0,3,road_2_0_1_1,0.0027069239877164364,3,0
2200,0,3,road_2_0_1_2,0.0032699434086680412,3,0
2200,0,3,road_1_1_0_0,0.0,0,0
2200,0,3,road_1_1_0_1,-0.00014940618711989373,3,0
2200,0,3,road_1_1_0_2,-0.00014074682258069515,0,0
2200,0,3,road_2_3_3_0,0.0,0,0
2200,0,3,road_2_3_3_1,-0.00508854677900672,3,0
2200,0,3,road_2_3_3_2,-0.0013635605573654175,0,0
2200,0,3,road_3_2_2_0,0.0,0,0
2200,0,3,road_3_2_2_1,-0.002087095519527793,3,0
2200,0,3,road_3_2_2_2,-0.0026873303577303886,3,0
2200,0,3,road_2_1_1_0,0.0,0,0
2200,0,3,road_2_1_1_1,-0.005088546313345432,3,0
2200,0,3,road_2_1_1_2,-0.0013635605573654175,0,0
2200,0,3,road_1_2_0_0,0.0,0,0
2200,0,3,road_1_2_0_1,-0.0026873312890529633,3,0
2200,0,3,road_1_2_0_2,-0.0020870952866971493,3,0
2200,0,3,road_2_4_3_0,0.0,0,0
2200,0,3,road_2_4_3_1,0.003214777447283268,3,0
2200,0,3,road_2_4_3_2,0.0026299855671823025,3,0
2200,0,3,road_3_3_2_0,0.0,0,0
2200,0,3,road_3_3_2_1,-0.002177179791033268,3,0
2200,0,3,road_3_3_2_2,-0.0027626091614365578,3,0
2200,0,3,road_2_2_1_0,0.0,0,0
2200,0,3,road_2_2_1_1,0.0032147769816219807,3,0
2200,0,3,road_2_2_1_2,0.0026299848686903715,3,0
2200,0,3,road_1_3_0_0,0.0,0,0
2200,0,3,road_1_3_0_1,-0.0013572880998253822,3,0
2200,0,3,road_1_3_0_2,-0.002177179791033268,3,0
2200,0,3,road_2_5_3_0,0.0,0,0
2200,0,3,road_2_5_3_1,0.003238287288695574,3,0
2200,0,3,road_2_5_3_2,0.0032382868230342865,3,0
2200,0,3,road_3_4_2_0,0.0,0,0
2200,0,3,road_3_4_2_1,-0.002748035592958331,3,0
2200,0,3,road_3_4_2_2,-0.0007351685198955238,3,0
2200,0,3,road_2_3_1_0,0.0,0,0
2200,0,3,road_2_3_1_1,0.0036020418629050255,3,0
2200,0,3,road_2_3_1_2,0.003602040931582451,3,0
2200,0,3,road_1_4_0_0,0.0,0,0
2200,0,3,road_1_4_0_1,-0.002978894393891096,0,0
2200,0,3,road_1_4_0_2,-0.002376765012741089,0,0
2200,0,3,road_3_2_3_0,0.0,0,0
2200,0,3,road_3_2_3_1,-0.0005890751490369439,0,0
2200,0,3,road_3_2_3_2,-0.0005890752072446048,0,0
2200,0,3,road_4_1_2_0,0.0,0,0
2200,0,3,road_4_1_2_1,0.000488865771330893,3,0
2200,0,3,road_4_1_2_2,0.003002198413014412,3,0
2200,0,3,road_3_0_1_0,0.0,0,0
2200,0,3,road_3_0_1_1,-0.0005890752072446048,0,0
2200,0,3,road_3_0_1_2,-0.0005890752654522657,0,0
2200,0,3,road_2_1_0_0,0.0,0,0
2200,0,3,road_2_1_0_1,0.0004574569466058165,3,0
2200,0,3,road_2_1_0_2,0.0038131731562316418,3,0
2200,0,3,road_3_3_3_0,0.0,0,0
2200,0,3,road_3_3_3_1,0.002453502267599106,3,0
2200,0,3,road_3_3_3_2,0.0032689550425857306,3,0
2200,0,3,road_4_2_2_0,0.0,0,0
2200,0,3,road_4_2_2_1,-0.0023784697987139225,3,0
2200,0,3,road_4_2_2_2,-0.002338336780667305,3,0
2200,0,3,road_3_1_1_0,0.0,0,0
2200,0,3,road_3_1_1_1,0.001989426091313362,3,0
2200,0,3,road_3_1_1_2,0.003342964919283986,3,0
2200,0,3,road_2_2_0_0,0.0,0,0
2200,0,3,road_2_2_0_1,-0.0014433474279940128,3,0
2200,0,3,road_2_2_0_2,-0.0030009429901838303,3,0
2200,0,3,road_3_4_3_0,0.0,0,0
2200,0,3,road_3_4_3_1,-0.002376760821789503,0,0
2200,0,3,road_3_4_3_2,-0.0007351666572503746,3,0
2200,0,3,road_4_3_2_0,0.0,0,0
2200,0,3,road_4_3_2_1,0.0036020432598888874,3,0
2200,0,3,road_4_3_2_2,0.0032382896170020103,3,0
2200,0,3,road_3_2_1_0,0.0,0,0
2200,0,3,road_3_2_1_1,-0.0029788920655846596,3,0
2200,0,3,road_3_2_1_2,-0.0027480339631438255,3,0
2200,0,3,road_2_3_0_0,0.0,0,0
2200,0,3,road_2_3_0_1,0.0036020432598888874,3,0
2200,0,3,road_2_3_0_2,0.0032382900826632977,3,0
2200,0,3,road_3_5_3_0,0.0,0,0
2200,0,3,road_3_5_3_1,0.003699381835758686,3,0
2200,0,3,road_3_5_3_2,0.0036993816029280424,3,0
2200,0,3,road_4_4_2_0,0.0,0,0
2200,0,3,road_4_4_2_1,-0.0021506152115762234,3,0
2200,0,3,road_4_4_2_2,-0.003447911236435175,3,0
2200,0,3,road_3_3_1_0,0.0,0,0
2200,0,3,road_3_3_1_1,0.0021616306621581316,3,0
2200,0,3,road_3_3_1_2,0.0021616299636662006,3,0
2200,0,3,road_2_4_0_0,0.0,0,0
2200,0,3,road_2_4_0_1,-0.0034479103051126003,3,0
2200,0,3,road_2_4_0_2,-0.0025651820469647646,3,0
2200,0,3,road_4_2_3_0,0.0,0,0
2200,0,3,road_4_2_3_1,-0.0014185768086463213,3,0
2200,0,3,road_4_2_3_2,-0.0016151204472407699,3,0
2200,0,3,road_5_1_2_0,0.0,0,0
2200,0,3,road_5_1_2_1,0.0021692959126085043,3,0
2200,0,3,road_5_1_2_2,0.0020156956743448973,3,0
2200,0,3,road_4_0_1_0,0.0,0,0
2200,0,3,road_4_0_1_1,-1.5012328731245361e-05,0,0
2200,0,3,road_4_0_1_2,-0.0009061653981916606,3,0
2200,0,3,road_3_1_0_0,0.0,0,0
2200,0,3,road_3_1_0_1,0.0021692952141165733,3,0
2200,0,3,road_3_1_0_2,0.0020156947430223227,3,0
2200,0,3,road_4_3_3_0,0.0,0,0
2200,0,3,road_4_3_3_1,0.001344459829851985,3,0
2200,0,3,road_4_3_3_2,0.003084140829741955,3,0
2200,0,3,road_5_2_2_0,0.0,0,0
2200,0,3,road_5_2_2_1,-1.1068736057495698e-05,2,0
2200,0,3,road_5_2_2_2,-0.0019355072872713208,0,0
2200,0,3,road_4_1_1_0,0.0,0,0
2200,0,3,road_4_1_1_1,0.002126796403899789,3,0
2200,0,3,road_4_1_1_2,0.0030320745427161455,3,0
2200,0,3,road_3_2_0_0,0.0,0,0
2200,0,3,road_3_2_0_1,-0.0019355074036866426,3,0
2200,0,3,road_3_2_0_2,-0.0026140690315514803,3,0
2200,0,3,road_4_4_3_0,0.0,0,0
2200,0,3,road_4_4_3_1,-0.0020824603270739317,3,0
2200,0,3,road_4_4_3_2,-0.0023873201571404934,0,0
2200,0,3,road_5_3_2_0,0.0,0,0
2200,0,3,road_5_3_2_1,-5.784183485957328e-06,3,0
2200,0,3,road_5_3_2_2,-0.00038675364339724183,3,0
2200,0,3,road_4_2_1_0,0.0,0,0
2200,0,3,road_4_2_1_1,3.428770287428051e-05,3,0
2200,0,3,road_4_2_1_2,0.0029941804241389036,3,0
2200,0,3,road_3_3_0_0,0.0,0,0
2200,0,3,road_3_3_0_1,-0.0015103695914149284,3,0
2200,0,3,road_3_3_0_2,-0.0023534938227385283,3,0
2200,0,3,road_4_5_3_0,0.0,0,0
2200,0,3,road_4_5_3_1,0.0022232679184526205,3,0
2200,0,3,road_4_5_3_2,0.002751188585534692,3,0
2200,0,3,road_5_4_2_0,0.0,0,0
2200,0,3,road_5_4_2_1,-7.726806870778091e-06,3,0
2200,0,3,road_5_4_2_2,-1.9410806999076158e-05,3,0
2200,0,3,road_4_3_1_0,0.0,0,0
2200,0,3,road_4_3_1_1,9.193815640173852e-05,3,0
2200,0,3,road_4_3_1_2,0.0034782555885612965,3,0
2200,0,3,road_3_4_0_0,0.0,0,0
2200,0,3,road_3_4_0_1,-0.0025591235607862473,3,0
2200,0,3,road_3_4_0_2,-0.002559133805334568,3,0
2400,0,0,road_1_2_3_0,0.0,0,0
2400,0,0,road_1_2_3_1,-0.00020220009901095182,0,0
2400,0,0,road_1_2_3_2,-0.0012107283109799027,0,0
2400,0,0,road_2_1_2_0,0.0,0,0
2400,0,0,road_2_1_2_1,0.0020099328830838203,0,3
2400,0,0,road_2_1_2_2,0.0020093636121600866,0,3
2400,0,0,road_1_0_1_0,0.0,0,0
2400,0,0,road_1_0_1_1,-1.5223065929603763e-05,0,0
2400,0,0,road_1_0_1_2,-0.0016842434415593743,0,0
2400,0,0,road_0_1_0_0,0.0,0,0
2400,0,0,road_0_1_0_1,1.5377019735751674e-05,0,3
2400,0,0,road_0_1_0_2,4.460666241357103e-05,0,3
2400,0,0,road_1_3_3_0,0.0,0,0
2400,0,0,road_1_3_3_1,0.0020168214105069637,0,3
2400,0,0,road_1_3_3_2,0.0006970192771404982,0,3
2400,0,0,road_2_2_2_0,0.0,0,0
2400,0,0,road_2_2_2_1,0.0037390938960015774,0,3
2400,0,0,road_2_2_2_2,0.0003201714134775102,0,3
2400,0,0,road_1_1_1_0,0.0,0,0
2400,0,0,road_1_1_1_1,0.0020168214105069637,0,3
2400,0,0,road_1_1_1_2,0.0006970195099711418,0,3
2400,0,0,road_0_2_0_0,0.0,0,0
2400,0,0,road_0_2_0_1,9.706090168037917e-06,0,2
2400,0,0,road_0_2_0_2,-0.004719249438494444,0,0
2400,0,0,road_1_4_3_0,0.0,0,0
2400,0,0,road_1_4_3_1,-1.4357248801388778e-05,0,0
2400,0,0,road_1_4_3_2,-0.000512345228344202,0,0
2400,0,0,road_2_3_2_0,0.0,0,0
2400,0,0,road_2_3_2_1,-0.0011422353563830256,0,0
2400,0,0,road_2_3_2_2,-0.000831657787784934,0,0
2400,0,0,road_1_2_1_0,0.0,0,0
2400,0,0,road_1_2_1_1,-0.0005123450537212193,0,0
2400,0,0,road_1_2_1_2,-0.0008503655553795397,0,0
2400,0,0,road_0_3_0_0,0.0,0,0
2400,0,0,road_0_3_0_1,-0.0011422355892136693,0,3
2400,0,0,road_0_3_0_2,-0.0008316579624079168,0,0
2400,0,0,road_1_5_3_0,0.0,0,0
2400,0,0,road_1_5_3_1,-1.6396468708990142e-05,0,0
2400,0,0,road_1_5_3_2,-0.0006573180435225368,0,0
2400,0,0,road_2_4_2_0,0.0,0,0
2400,0,0,road_2_4_2_1,0.0038692208472639322,0,3
2400,0,0,road_2_4_2_2,0.003869221080094576,0,3
2400,0,0,road_1_3_1_0,0.0,0,0
2400,0,0,road_1_3_1_1,-0.0013382640900090337,0,0
2400,0,0,road_1_3_1_2,-0.0012927192728966475,0,0
2400,0,0,road_0_4_0_0,0.0,0,0
2400,0,0,road_0_4_0_1,1.7294707504333928e-05,0,3
2400,0,0,road_0_4_0_2,1.7294707504333928e-05,0,3
2400,0,0,road_2_2_3_0,0.0,0,0
2400,0,0,road_2_2_3_1,0.00348852900788188,0,3
2400,0,0,road_2_2_3_2,0.0026853475719690323,0,3
2400,0,0,road_3_1_2_0,0.0,0,0
2400,0,0,road_3_1_2_1,-0.003090810729190707,0,0
2400,0,0,road_3_1_2_2,-5.392130697146058e-05,0,0
2400,0,0,road_2_0_1_0,0.0,0,0
2400,0,0,road_2_0_1_1,0.000585428555496037,0,3
2400,0,0,road_2_0_1_2,0.0015896650729700923,0,3
2400,0,0,road_1_1_0_0,0.0,0,0
2400,0,0,road_1_1_0_1,8.920949039747939e-05,0,3
2400,0,0,road_1_1_0_2,0.0031478465534746647,0,3
2400,0,0,road_2_3_3_0,0.0,0,0
2400,0,0,road_2_3_3_1,0.0002548593620304018,0,3
2400,0,0,road_2_3_3_2,-0.0006024335161782801,0,0
2400,0,0,road_3_2_2_0,0.0,0,0
2400,0,0,road_3_2_2_1,3.071439277846366e-05,0,3
2400,0,0,road_3_2_2_2,-0.0004080049693584442,0,0
2400,0,0,road_2_1_1_0,0.0,0,0
2400,0,0,road_2_1_1_1,0.0002564308815635741,0,3
2400,0,0,road_2_1_1_2,-0.0006340183899737895,0,0
2400,0,0,road_1_2_0_0,0.0,0,0
2400,0,0,road_1_2_0_1,0.00044099215301685035,0,3
2400,0,0,road_1_2_0_2,3.0714363674633205e-05,0,3
2400,0,0,road_2_4_3_0,0.0,0,0
2400,0,0,road_2_4_3_1,0.0010714662494137883,0,3
2400,0,0,road_2_4_3_2,0.00011744831863325089,0,3
2400,0,0,road_3_3_2_0,0.0,0,0
2400,0,0,road_3_3_2_1,-0.0004841324989683926,0,0
2400,0,0,road_3_3_2_2,0.00020284898346289992,0,3
2400,0,0,road_2_2_1_0,0.0,0,0
2400,0,0,road_2_2_1_1,0.0010714661329984665,0,3
2400,0,0,road_2_2_1_2,0.0001174483768409118,0,3
2400,0,0,road_1_3_0_0,0.0,0,0
2400,0,0,road_1_3_0_1,-0.001980699598789215,0,0
2400,0,0,road_1_3_0_2,-0.00026905658887699246,0,0
2400,0,0,road_2_5_3_0,0.0,0,0
2400,0,0,road_2_5_3_1,0.00020544708240777254,0,3
2400,0,0,road_2_5_3_2,0.00020544693688862026,0,3
2400,0,0,road_3_4_2_0,0.0,0,0
2400,0,0,road_3_4_2_1,-0.0005382946110330522,0,0
2400,0,0,road_3_4_2_2,-0.00042491863132454455,0,0
2400,0,0,road_2_3_1_0,0.0,0,0
2400,0,0,road_2_3_1_1,0.0017444822005927563,0,3
2400,0,0,road_2_3_1_2,0.0017444819677621126,0,3
2400,0,0,road_1_4_0_0,0.0,0,0
2400,0,0,road_1_4_0_1,-0.005636126734316349,0,0
2400,0,0,road_1_4_0_2,-0.007026740349829197,0,0
2400,0,0,road_3_2_3_0,0.0,0,0
2400,0,0,road_3_2_3_1,-0.00016070512356236577,0,0
2400,0,0,road_3_2_3_2,-0.00016070531273726374,0,0
2400,0,0,road_4_1_2_0,0.0,0,0
2400,0,0,road_4_1_2_1,0.0003069000376854092,0,3
2400,0,0,road_4_1_2_2,-0.0002681637997739017,0,0
2400,0,0,road_3_0_1_0,0.0,0,0
2400,0,0,road_3_0_1_1,-0.0001607051963219419,0,0
2400,0,0,road_3_0_1_2,-0.00016070541460067034,0,0
2400,0,0,road_2_1_0_0,0.0,0,0
2400,0,0,road_2_1_0_1,0.00030690000858157873,0,3
2400,0,0,road_2_1_0_2,-0.00026816397439688444,0,0
2400,0,0,road_3_3_3_0,0.0,0,0
2400,0,0,road_3_3_3_1,0.00012784855789504945,0,3
2400,0,0,road_3_3_3_2,0.0018314660992473364,0,3
2400,0,0,road_4_2_2_0,0.0,0,0
2400,0,0,road_4_2_2_1,-0.0019259634427726269,0,0
2400,0,0,road_4_2_2_2,-0.0003288686275482178,0,0
2400,0,0,road_3_1_1_0,0.0,0,0
2400,0,0,road_3_1_1_1,0.00012784857244696468,0,3
2400,0,0,road_3_1_1_2,0.0018314662156626582,0,3
2400,0,0,road_2_2_0_0,0.0,0,0
2400,0,0,road_2_2_0_1,-0.001571850385516882,0,0
2400,0,0,road_2_2_0_2,-0.00037736957892775536,0,0
2400,0,0,road_3_4_3_0,0.0,0,0
2400,0,0,road_3_4_3_1,-0.00040085960063152015,0,0
2400,0,0,road_3_4_3_2,-0.0002964539162348956,0,0
2400,0,0,road_4_3_2_0,0.0,0,0
2400,0,0,road_4_3_2_1,0.0003491210227366537,0,3
2400,0,0,road_4_3_2_2,-0.00031388478237204254,0,0
2400,0,0,road_3_2_1_0,0.0,0,0
2400,0,0,road_3_2_1_1,-0.00029645400354638696,0,0
2400,0,0,road_3_2_1_2,-0.00016176670033019036,0,0
2400,0,0,road_2_3_0_0,0.0,0,0
2400,0,0,road_2_3_0_1,0.00034912090632133186,0,3
2400,0,0,road_2_3_0_2,-0.0003138848696835339,0,0
2400,0,0,road_3_5_3_0,0.0,0,0
2400,0,0,road_3_5_3_1,0.0007175274658948183,0,3
2400,0,0,road_3_5_3_2,0.0007314748363569379,0,3
2400,0,0,road_4_4_2_0,0.0,0,0
2400,0,0,road_4_4_2_1,0.0008050139294937253,0,3
2400,0,0,road_4_4_2_2,2.884248533518985e-05,0,3
2400,0,0,road_3_3_1_0,0.0,0,0
2400,0,0,road_3_3_1_1,-0.001987603958696127,0,0
2400,0,0,road_3_3_1_2,-0.0009079663432203233,0,0
2400,0,0,road_2_4_0_0,0.0,0,0
2400,0,0,road_2_4_0_1,2.8842405299656093e-05,0,3
2400,0,0,road_2_4_0_2,-0.0003608280676417053,0,0
2400,0,0,road_4_2_3_0,0.0,0,0
2400,0,0,road_4_2_3_1,0.007886987179517746,0,3
2400,0,0,road_4_2_3_2,0.0047371345572173595,0,3
2400,0,0,road_5_1_2_0,0.0,0,0
2400,0,0,road_5_1_2_1,0.0018850781489163637,0,3
2400,0,0,road_5_1_2_2,0.0012603884097188711,0,3
2400,0,0,road_4_0_1_0,0.0,0,0
2400,0,0,road_4_0_1_1,2.385209700150881e-05,0,0
2400,0,0,road_4_0_1_2,0.0025582711677998304,0,3
2400,0,0,road_3_1_0_0,0.0,0,0
2400,0,0,road_3_1_0_1,0.0018850774504244328,0,3
2400,0,0,road_3_1_0_2,0.001260387827642262,0,2
2400,0,0,road_4_3_3_0,0.0,0,0
2400,0,0,road_4_3_3_1,0.004194936715066433,0,3
2400,0,0,road_4_3_3_2,0.002601874992251396,0,3
2400,0,0,road_5_2_2_0,0.0,0,0
2400,0,0,road_5_2_2_1,2.6523348424234428e-05,0,0
2400,0,0,road_5_2_2_2,0.0023810674902051687,0,3
2400,0,0,road_4_1_1_0,0.0,0,0
2400,0,0,road_4_1_1_1,0.0014125342713668942,0,2
2400,0,0,road_4_1_1_2,0.0018507431959733367,0,3
2400,0,0,road_3_2_0_0,0.0,0,0
2400,0,0,road_3_2_0_1,0.004051031544804573,0,3
2400,0,0,road_3_2_0_2,0.0051805730909109116,0,3
2400,0,0,road_4_4_3_0,0.0,0,0
2400,0,0,road_4_4_3_1,0.0033388438168913126,0,3
2400,0,0,road_4_4_3_2,-0.00029992213239893317,0,0
2400,0,0,road_5_3_2_0,0.0,0,0
2400,0,0,road_5_3_2_1,-1.8581135009299032e-05,0,0
2400,0,0,road_5_3_2_2,-0.0008669494418427348,0,0
2400,0,0,road_4_2_1_0,0.0,0,0
2400,0,0,road_4_2_1_1,3.0138851798255928e-05,0,3
2400,0,0,road_4_2_1_2,-0.003829989116638899,0,0
2400,0,0,road_3_3_0_0,0.0,0,0
2400,0,0,road_3_3_0_1,-0.002762468531727791,0,0
2400,0,0,road_3_3_0_2,-0.00046851267688907683,0,0
2400,0,0,road_4_5_3_0,0.0,0,0
2400,0,0,road_4_5_3_1,0.0031578242778778076,0,3
2400,0,0,road_4_5_3_2,-0.0004113166651222855,0,0
2400,0,0,road_5_4_2_0,0.0,0,0
2400,0,0,road_5_4_2_1,-1.703591442492325e-05,0,0
2400,0,0,road_5_4_2_2,-2.60953474935377e-05,0,0
2400,0,0,road_4_3_1_0,0.0,0,0
2400,0,0,road_4_3_1_1,3.520207974361256e-05,0,3
2400,0,0,road_4_3_1_2,-0.003926258999854326,0,0
2400,0,0,road_3_4_0_0,0.0,0,0
2400,0,0,road_3_4_0_1,-0.00145376892760396,0,0
2400,0,0,road_3_4_0_2,-0.0014538302784785628,0,0
2400,0,1,road_1_2_3_0,0.0,0,0
2400,0,1,road_1_2_3_1,-0.0002559355925768614,0,0
2400,0,1,road_1_2_3_2,-0.0021269433200359344,0,0
2400,0,1,road_2_1_2_0,0.0,0,0
2400,0,1,road_2_1_2_1,0.004340745508670807,3,0
2400,0,1,road_2_1_2_2,0.004301062785089016,3,0
2400,0,1,road_1_0_1_0,0.0,0,0
2400,0,1,road_1_0_1_1,-2.2690495825372636e-05,0,0
2400,0,1,road_1_0_1_2,-0.0032396481838077307,0,0
2400,0,1,road_0_1_0_0,0.0,0,0
2400,0,1,road_0_1_0_1,1.1935966540477239e-05,3,0
2400,0,1,road_0_1_0_2,3.848112464766018e-05,3,0
2400,0,1,road_1_3_3_0,0.0,0,0
2400,0,1,road_1_3_3_1,0.0030035218223929405,3,0
2400,0,1,road_1_3_3_2,0.0024446509778499603,3,0
2400,0,1,road_2_2_2_0,0.0,0,0
2400,0,1,road_2_2_2_1,-0.0018563460325822234,3,0
2400,0,1,road_2_2_2_2,-0.002522286493331194,3,0
2400,0,1,road_1_1_1_0,0.0,0,0
2400,0,1,road_1_1_1_1,0.0030035218223929405,3,0
2400,0,1,road_1_1_1_2,0.002444650512188673,3,0
2400,0,1,road_0_2_0_0,0.0,0,0
2400,0,1,road_0_2_0_1,-8.806367077340838e-06,2,0
2400,0,1,road_0_2_0_2,-0.002632768824696541,0,0
2400,0,1,road_1_4_3_0,0.0,0,0
2400,0,1,road_1_4_3_1,-1.3115763977111783e-05,0,0
2400,0,1,road_1_4_3_2,-0.0004796317662112415,0,0
2400,0,1,road_2_3_2_0,0.0,0,0
2400,0,1,road_2_3_2_1,-0.0032504680566489697,0,0
2400,0,1,road_2_3_2_2,-0.0008089878829196095,0,0
2400,0,1,road_1_2_1_0,0.0,0,0
2400,0,1,road_1_2_1_1,-0.0004796316788997501,0,0
2400,0,1,road_1_2_1_2,-0.0007991124875843525,0,0
2400,0,1,road_0_3_0_0,0.0,0,0
2400,0,1,road_0_3_0_1,-0.005047505721449852,3,0
2400,0,1,road_0_3_0_2,-0.001046851510182023,0,0
2400,0,1,road_1_5_3_0,0.0,0,0
2400,0,1,road_1_5_3_1,1.3278480764711276e-05,0,3
2400,0,1,road_1_5_3_2,0.00037407432682812214,0,3
2400,0,1,road_2_4_2_0,0.0,0,0
2400,0,1,road_2_4_2_1,-0.0030318698845803738,3,0
2400,0,1,road_2_4_2_2,-0.0030318698845803738,3,0
2400,0,1,road_1_3_1_0,0.0,0,0
2400,0,1,road_1_3_1_1,0.0015799065586179495,0,3
2400,0,1,road_1_3_1_2,0.001193514559417963,0,3
2400,0,1,road_0_4_0_0,0.0,0,0
2400,0,1,road_0_4_0_1,-7.51654715713812e-06,3,0
2400,0,1,road_0_4_0_2,-7.516546247643419e-06,3,0
2400,0,1,road_2_2_3_0,0.0,0,0
2400,0,1,road_2_2_3_1,0.0018210751004517078,3,0
2400,0,1,road_2_2_3_2,0.0024227723479270935,3,0
2400,0,1,road_3_1_2_0,0.0,0,0
2400,0,1,road_3_1_2_1,-0.0008995073148980737,0,0
2400,0,1,road_3_1_2_2,0.0001410188851878047,0,3
2400,0,1,road_2_0_1_0,0.0,0,0
2400,0,1,road_2_0_1_1,0.0029274006374180317,3,0
2400,0,1,road_2_0_1_2,0.0023702934850007296,3,0
2400,0,1,road_1_1_0_0,0.0,0,0
2400,0,1,road_1_1_0_1,-0.0001402392954332754,3,0
2400,0,1,road_1_1_0_2,-0.001175678102299571,3,0
2400,0,1,road_2_3_3_0,0.0,0,0
2400,0,1,road_2_3_3_1,-0.0021786843426525593,3,0
2400,0,1,road_2_3_3_2,0.0013150509912520647,0,3
2400,0,1,road_3_2_2_0,0.0,0,0
2400,0,1,road_3_2_2_1,0.00011984508455498144,3,0
2400,0,1,road_3_2_2_2,0.0023575942032039165,0,3
2400,0,1,road_2_1_1_0,0.0,0,0
2400,0,1,road_2_1_1_1,-0.004841374233365059,3,0
2400,0,1,road_2_1_1_2,-0.0008118210243992507,0,0
2400,0,1,road_1_2_0_0,0.0,0,0
2400,0,1,road_1_2_0_1,-0.002014379482716322,3,0
2400,0,1,road_1_2_0_2,0.00011984554294031113,3,0
2400,0,1,road_2_4_3_0,0.0,0,0
2400,0,1,road_2_4_3_1,0.0015862807631492615,3,0
2400,0,1,road_2_4_3_2,0.0036598953884094954,3,0
2400,0,1,road_3_3_2_0,0.0,0,0
2400,0,1,road_3_3_2_1,0.001165720634162426,0,3
2400,0,1,road_3_3_2_2,0.0019916966557502747,3,0
2400,0,1,road_2_2_1_0,0.0,0,0
2400,0,1,road_2_2_1_1,0.0015862802974879742,3,0
2400,0,1,road_2_2_1_2,0.003659894922748208,3,0
2400,0,1,road_1_3_0_0,0.0,0,0
2400,0,1,road_1_3_0_1,-0.0005818195641040802,0,0
2400,0,1,road_1_3_0_2,0.00046472076792269945,0,3
2400,0,1,road_2_5_3_0,0.0,0,0
2400,0,1,road_2_5_3_1,0.003537165466696024,3,0
2400,0,1,road_2_5_3_2,0.0035371638368815184,3,0
2400,0,1,road_3_4_2_0,0.0,0,0
2400,0,1,road_3_4_2_1,0.0007411233964376152,0,3
2400,0,1,road_3_4_2_2,-2.2428721422329545e-05,0,0
2400,0,1,road_2_3_1_0,0.0,0,0
2400,0,1,road_2_3_1_1,0.00241104862652719,3,0
2400,0,1,road_2_3_1_2,0.0024110469967126846,3,0
2400,0,1,road_1_4_0_0,0.0,0,0
2400,0,1,road_1_4_0_1,0.0003208159760106355,0,3
2400,0,1,road_1_4_0_2,-0.0005673045525327325,0,0
2400,0,1,road_3_2_3_0,0.0,0,0
2400,0,1,road_3_2_3_1,-0.0003232968447264284,0,0
2400,0,1,road_3_2_3_2,-0.0003232967865187675,0,0
2400,0,1,road_4_1_2_0,0.0,0,0
2400,0,1,road_4_1_2_1,-0.006982168648391962,3,0
2400,0,1,road_4_1_2_2,-0.00017046823631972075,0,0
2400,0,1,road_3_0_1_0,0.0,0,0
2400,0,1,road_3_0_1_1,-0.0003232969029340893,0,0
2400,0,1,road_3_0_1_2,-0.00032329693203791976,0,0
2400,0,1,road_2_1_0_0,0.0,0,0
2400,0,1,road_2_1_0_1,-0.006982168182730675,3,0
2400,0,1,road_2_1_0_2,-0.00017046817811205983,0,0
2400,0,1,road_3_3_3_0,0.0,0,0
2400,0,1,road_3_3_3_1,0.003658950561657548,3,0
2400,0,1,road_3_3_3_2,0.00165736791677773,3,0
2400,0,1,road_4_2_2_0,0.0,0,0
2400,0,1,road_4_2_2_1,0.001069634105078876,0,3
2400,0,1,road_4_2_2_2,0.000236505176872015,0,3
2400,0,1,road_3_1_1_0,0.0,0,0
2400,0,1,road_3_1_1_1,0.003658949863165617,3,0
2400,0,1,road_3_1_1_2,0.0016573674511164427,3,0
2400,0,1,road_2_2_0_0,0.0,0,0
2400,0,1,road_2_2_0_1,0.001668461598455906,0,3
2400,0,1,road_2_2_0_2,0.0006562191992998123,0,3
2400,0,1,road_3_4_3_0,0.0,0,0
2400,0,1,road_3_4_3_1,0.0009727057768031955,0,3
2400,0,1,road_3_4_3_2,0.00035607058089226484,0,3
2400,0,1,road_4_3_2_0,0.0,0,0
2400,0,1,road_4_3_2_1,-0.007197129540145397,3,0
2400,0,1,road_4_3_2_2,-0.00044521308154799044,0,0
2400,0,1,road_3_2_1_0,0.0,0,0
2400,0,1,road_3_2_1_1,0.0003560708137229085,0,3
2400,0,1,road_3_2_1_2,-0.00032283758628182113,0,0
2400,0,1,road_2_3_0_0,0.0,0,0
2400,0,1,road_2_3_0_1,-0.0071971300058066845,3,0
2400,0,1,road_2_3_0_2,-0.0004452132270671427,0,0
2400,0,1,road_3_5_3_0,0.0,0,0
2400,0,1,road_3_5_3_1,0.0010803232435137033,3,0
2400,0,1,road_3_5_3_2,-0.0010424366919323802,3,0
2400,0,1,road_4_4_2_0,0.0,0,0
2400,0,1,road_4_4_2_1,-0.0015769163146615028,3,0
2400,0,1,road_4_4_2_2,-1.812577829696238e-05,3,0
2400,0,1,road_3_3_1_0,0.0,0,0
2400,0,1,road_3_3_1_1,0.0044799488969147205,0,3
2400,0,1,road_3_3_1_2,0.001348475692793727,0,3
2400,0,1,road_2_4_0_0,0.0,0,0
2400,0,1,road_2_4_0_1,-1.8125763745047152e-05,3,0
2400,0,1,road_2_4_0_2,0.002153475768864155,0,3
2400,0,1,road_4_2_3_0,0.0,0,0
2400,0,1,road_4_2_3_1,-0.0016040854388847947,3,0
2400,0,1,road_4_2_3_2,-0.0013672985369339585,3,0
2400,0,1,road_5_1_2_0,0.0,0,0
2400,0,1,road_5_1_2_1,0.0016133369645103812,3,0
2400,0,1,road_5_1_2_2,0.004136312752962112,3,0
2400,0,1,road_4_0_1_0,0.0,0,0
2400,0,1,road_4_0_1_1,-1.6911475540837273e-05,0,0
2400,0,1,road_4_0_1_2,-0.0006380872800946236,3,0
2400,0,1,road_3_1_0_0,0.0,0,0
2400,0,1,road_3_1_0_1,0.001066019874997437,3,0
2400,0,1,road_3_1_0_2,0.00445327814668417,2,1
2400,0,1,road_4_3_3_0,0.0,0,0
2400,0,1,road_4_3_3_1,0.0012258270289748907,3,0
2400,0,1,road_4_3_3_2,0.002003068570047617,3,0
2400,0,1,road_5_2_2_0,0.0,0,0
2400,0,1,road_5_2_2_1,-1.2250896361365449e-05,0,0
2400,0,1,road_5_2_2_2,-0.0005816611228510737,3,0
2400,0,1,road_4_1_1_0,0.0,0,0
2400,0,1,road_4_1_1_1,0.0014434661716222763,2,1
2400,0,1,road_4_1_1_2,0.0012623940128833055,3,0
2400,0,1,road_3_2_0_0,0.0,0,0
2400,0,1,road_3_2_0_1,-0.0013904999941587448,3,0
2400,0,1,road_3_2_0_2,-0.0020211944356560707,3,0
2400,0,1,road_4_4_3_0,0.0,0,0
2400,0,1,road_4_4_3_1,-0.0026906519196927547,3,0
2400,0,1,road_4_4_3_2,-0.0016710486961528659,0,0
2400,0,1,road_5_3_2_0,0.0,0,0
2400,0,1,road_5_3_2_1,-1.8267792256665416e-05,0,0
2400,0,1,road_5_3_2_2,-0.0008900283137336373,0,0
2400,0,1,road_4_2_1_0,0.0,0,0
2400,0,1,road_4_2_1_1,3.3752512536011636e-05,3,0
2400,0,1,road_4_2_1_2,0.001769473310559988,0,3
2400,0,1,road_3_3_0_0,0.0,0,0
2400,0,1,road_3_3_0_1,-0.0031168325804173946,0,0
2400,0,1,road_3_3_0_2,-0.0006209181156009436,0,0
2400,0,1,road_4_5_3_0,0.0,0,0
2400,0,1,road_4_5_3_1,-0.0020228757057338953,3,0
2400,0,1,road_4_5_3_2,-0.00019312897347845137,0,0
2400,0,1,road_5_4_2_0,0.0,0,0
2400,0,1,road_5_4_2_1,1.9970622815890238e-05,0,3
2400,0,1,road_5_4_2_2,3.060467861359939e-05,0,3
2400,0,1,road_4_3_1_0,0.0,0,0
2400,0,1,road_4_3_1_1,-5.6728062190813944e-05,3,0
2400,0,1,road_4_3_1_2,-0.0005359611241146922,0,0
2400,0,1,road_3_4_0_0,0.0,0,0
2400,0,1,road_3_4_0_1,0.004424859769642353,0,3
2400,0,1,road_3_4_0_2,0.004424820654094219,0,3
2400,0,2,road_1_2_3_0,0.0,0,0
2400,0,2,road_1_2_3_1,-0.0002559355925768614,0,0
2400,0,2,road_1_2_3_2,-0.0021269433200359344,0,0
2400,0,2,road_2_1_2_0,0.0,0,0
2400,0,2,road_2_1_2_1,0.004340745508670807,3,0
2400,0,2,road_2_1_2_2,0.004301062785089016,3,0
2400,0,2,road_1_0_1_0,0.0,0,0
2400,0,2,road_1_0_1_1,-2.2690495825372636e-05,0,0
2400,0,2,road_1_0_1_2,-0.0032396481838077307,0,0
2400,0,2,road_0_1_0_0,0.0,0,0
2400,0,2,road_0_1_0_1,1.1935966540477239e-05,3,0
2400,0,2,road_0_1_0_2,3.848112464766018e-05,3,0
2400,0,2,road_1_3_3_0,0.0,0,0
2400,0,2,road_1_3_3_1,0.0030035218223929405,3,0
2400,0,2,road_1_3_3_2,0.0024446509778499603,3,0
2400,0,2,road_2_2_2_0,0.0,0,0
2400,0,2,road_2_2_2_1,-0.0018563460325822234,3,0
2400,0,2,road_2_2_2_2,-0.002522286493331194,3,0
2400,0,2,road_1_1_1_0,0.0,0,0
2400,0,2,road_1_1_1_1,0.0030035218223929405,3,0
2400,0,2,road_1_1_1_2,0.002444650512188673,3,0
2400,0,2,road_0_2_0_0,0.0,0,0
2400,0,2,road_0_2_0_1,-8.806367077340838e-06,2,0
2400,0,2,road_0_2_0_2,-0.002632768824696541,0,0
2400,0,2,road_1_4_3_0,0.0,0,0
2400,0,2,road_1_4_3_1,-1.3115763977111783e-05,0,0
2400,0,2,road_1_4_3_2,-0.0004796317662112415,0,0
2400,0,2,road_2_3_2_0,0.0,0,0
2400,0,2,road_2_3_2_1,-0.0032504680566489697,0,0
2400,0,2,road_2_3_2_2,-0.0008089878829196095,0,0
2400,0,2,road_1_2_1_0,0.0,0,0
2400,0,2,road_1_2_1_1,-0.0004796316788997501,0,0
2400,0,2,road_1_2_1_2,-0.0007991124875843525,0,0
2400,0,2,road_0_3_0_0,0.0,0,0
2400,0,2,road_0_3_0_1,-0.005047505721449852,3,0
2400,0,2,road_0_3_0_2,-0.001046851510182023,0,0
2400,0,2,road_1_5_3_0,0.0,0,0
2400,0,2,road_1_5_3_1,1.121842251450289e-05,3,0
2400,0,2,road_1_5_3_2,0.0004993492620997131,3,0
2400,0,2,road_2_4_2_0,0.0,0,0
2400,0,2,road_2_4_2_1,-0.003077481873333454,3,0
2400,0,2,road_2_4_2_2,-0.003077482571825385,3,0
2400,0,2,road_1_3_1_0,0.0,0,0
2400,0,2,road_1_3_1_1,0.0043443599715828896,3,0
2400,0,2,road_1_3_1_2,0.003960280679166317,3,0
2400,0,2,road_0_4_0_0,0.0,0,0
2400,0,2,road_0_4_0_1,-9.371437954541761e-06,3,0
2400,0,2,road_0_4_0_2,-9.371441592520569e-06,3,0
2400,0,2,road_2_2_3_0,0.0,0,0
2400,0,2,road_2_2_3_1,0.001667012576945126,3,0
2400,0,2,road_2_2_3_2,0.003369302488863468,3,0
2400,0,2,road_3_1_2_0,0.0,0,0
2400,0,2,road_3_1_2_1,-0.0001560302043799311,0,0
2400,0,2,road_3_1_2_2,-0.0008810621802695096,3,0
2400,0,2,road_2_0_1_0,0.0,0,0
2400,0,2,road_2_0_1_1,0.002677730517461896,3,0
2400,0,2,road_2_0_1_2,0.003339868038892746,3,0
2400,0,2,road_1_1_0_0,0.0,0,0
2400,0,2,road_1_1_0_1,-0.00015383806021418422,3,0
2400,0,2,road_1_1_0_2,-0.002740564290434122,3,0
2400,0,2,road_2_3_3_0,0.0,0,0
2400,0,2,road_2_3_3_1,0.002317741746082902,3,0
2400,0,2,road_2_3_3_2,0.0043289135210216045,3,0
2400,0,2,road_3_2_2_0,0.0,0,0
2400,0,2,road_3_2_2_1,-0.002342503285035491,3,0
2400,0,2,road_3_2_2_2,-0.0028818827122449875,3,0
2400,0,2,road_2_1_1_0,0.0,0,0
2400,0,2,road_2_1_1_1,-0.0037103972863405943,3,0
2400,0,2,road_2_1_1_2,-0.0001160401152446866,0,0
2400,0,2,road_1_2_0_0,0.0,0,0
2400,0,2,road_1_2_0_1,-0.002451363019645214,3,0
2400,0,2,road_1_2_0_2,-0.00234250258654356,3,0
2400,0,2,road_2_4_3_0,0.0,0,0
2400,0,2,road_2_4_3_1,0.003602040931582451,3,0
2400,0,2,road_2_4_3_2,0.0032382882200181484,3,0
2400,0,2,road_3_3_2_0,0.0,0,0
2400,0,2,road_3_3_2_1,-0.002978892996907234,3,0
2400,0,2,road_3_3_2_2,-0.002748034195974469,3,0
2400,0,2,road_2_2_1_0,0.0,0,0
2400,0,2,road_2_2_1_1,0.003602041397243738,3,0
2400,0,2,road_2_2_1_2,0.003238288452848792,3,0
2400,0,2,road_1_3_0_0,0.0,0,0
2400,0,2,road_1_3_0_1,-0.0023767626844346523,0,0
2400,0,2,road_1_3_0_2,-0.0007351671229116619,3,0
2400,0,2,road_2_5_3_0,0.0,0,0
2400,0,2,road_2_5_3_1,0.003101394046097994,3,0
2400,0,2,road_2_5_3_2,0.00310139381326735,3,0
2400,0,2,road_3_4_2_0,0.0,0,0
2400,0,2,road_3_4_2_1,-0.0013710984494537115,3,0
2400,0,2,road_3_4_2_2,0.0003846171894110739,0,3
2400,0,2,road_2_3_1_0,0.0,0,0
2400,0,2,road_2_3_1_1,0.0026457803323864937,3,0
2400,0,2,road_2_3_1_2,0.0026457803323864937,3,0
2400,0,2,road_1_4_0_0,0.0,0,0
2400,0,2,road_1_4_0_1,-0.00101919611915946,3,0
2400,0,2,road_1_4_0_2,-0.0013710986822843552,0,0
2400,0,2,road_3_2_3_0,0.0,0,0
2400,0,2,road_3_2_3_1,-0.0003232968447264284,0,0
2400,0,2,road_3_2_3_2,-0.0003232967865187675,0,0
2400,0,2,road_4_1_2_0,0.0,0,0
2400,0,2,road_4_1_2_1,-0.006982168648391962,3,0
2400,0,2,road_4_1_2_2,-0.00017046823631972075,0,0
2400,0,2,road_3_0_1_0,0.0,0,0
2400,0,2,road_3_0_1_1,-0.0003232969029340893,0,0
2400,0,2,road_3_0_1_2,-0.00032329693203791976,0,0
2400,0,2,road_2_1_0_0,0.0,0,0
2400,0,2,road_2_1_0_1,-0.006982168182730675,3,0
2400,0,2,road_2_1_0_2,-0.00017046817811205983,0,0
2400,0,2,road_3_3_3_0,0.0,0,0
2400,0,2,road_3_3_3_1,0.0025251777842640877,3,0
2400,0,2,road_3_3_3_2,0.0030759298242628574,3,0
2400,0,2,road_4_2_2_0,0.0,0,0
2400,0,2,road_4_2_2_1,-0.0016634368803352118,3,0
2400,0,2,road_4_2_2_2,-0.0021001705899834633,3,0
2400,0,2,road_3_1_1_0,0.0,0,0
2400,0,2,road_3_1_1_1,0.0025251777842640877,3,0
2400,0,2,road_3_1_1_2,0.0030759298242628574,3,0
2400,0,2,road_2_2_0_0,0.0,0,0
2400,0,2,road_2_2_0_1,-0.0013086034450680017,3,0
2400,0,2,road_2_2_0_2,-0.0027172595728188753,3,0
2400,0,2,road_3_4_3_0,0.0,0,0
2400,0,2,road_3_4_3_1,-0.001565584447234869,3,0
2400,0,2,road_3_4_3_2,-0.00032944526174105704,3,0
2400,0,2,road_4_3_2_0,0.0,0,0
2400,0,2,road_4_3_2_1,-0.005789899732917547,3,0
2400,0,2,road_4_3_2_2,-0.001201690873131156,0,0
2400,0,2,road_3_2_1_0,0.0,0,0
2400,0,2,road_3_2_1_1,-0.00032944546546787024,3,0
2400,0,2,road_3_2_1_2,0.0009594724979251623,0,3
2400,0,2,road_2_3_0_0,0.0,0,0
2400,0,2,road_2_3_0_1,-0.005789899732917547,3,0
2400,0,2,road_2_3_0_2,-0.0012016909895464778,0,0
2400,0,2,road_3_5_3_0,0.0,0,0
2400,0,2,road_3_5_3_1,0.003854891750961542,3,0
2400,0,2,road_3_5_3_2,0.0038129910826683044,3,0
2400,0,2,road_4_4_2_0,0.0,0,0
2400,0,2,road_4_4_2_1,-0.002215925371274352,3,0
2400,0,2,road_4_4_2_2,-0.0035561970435082912,3,0
2400,0,2,road_3_3_1_0,0.0,0,0
2400,0,2,road_3_3_1_1,0.0018179253675043583,3,0
2400,0,2,road_3_3_1_2,0.002286729868501425,3,0
2400,0,2,road_2_4_0_0,0.0,0,0
2400,0,2,road_2_4_0_1,-0.003556195879355073,3,0
2400,0,2,road_2_4_0_2,-0.0026485102716833353,3,0
2400,0,2,road_4_2_3_0,0.0,0,0
2400,0,2,road_4_2_3_1,-0.0016468876274302602,3,0
2400,0,2,road_4_2_3_2,-0.0014279645401984453,3,0
2400,0,2,road_5_1_2_0,0.0,0,0
2400,0,2,road_5_1_2_1,0.0019295485690236092,3,0
2400,0,2,road_5_1_2_2,0.0018838648684322834,3,0
2400,0,2,road_4_0_1_0,0.0,0,0
2400,0,2,road_4_0_1_1,-1.7267522707697935e-05,0,0
2400,0,2,road_4_0_1_2,-0.0006567978416569531,3,0
2400,0,2,road_3_1_0_0,0.0,0,0
2400,0,2,road_3_1_0_1,0.0019295482197776437,3,0
2400,0,2,road_3_1_0_2,0.0018838640535250306,3,0
2400,0,2,road_4_3_3_0,0.0,0,0
2400,0,2,road_4_3_3_1,0.0011539466213434935,3,0
2400,0,2,road_4_3_3_2,0.002434724010527134,3,0
2400,0,2,road_5_2_2_0,0.0,0,0
2400,0,2,road_5_2_2_1,-1.3233103345555719e-05,0,0
2400,0,2,road_5_2_2_2,-0.0006238059140741825,3,0
2400,0,2,road_4_1_1_0,0.0,0,0
2400,0,2,road_4_1_1_1,0.001780970487743616,3,0
2400,0,2,road_4_1_1_2,0.0023524132557213306,3,0
2400,0,2,road_3_2_0_0,0.0,0,0
2400,0,2,road_3_2_0_1,-0.001516473712399602,3,0
2400,0,2,road_3_2_0_2,-0.002184730488806963,3,0
2400,0,2,road_4_4_3_0,0.0,0,0
2400,0,2,road_4_4_3_1,-0.0018206923268735409,3,0
2400,0,2,road_4_4_3_2,-0.0005746653187088668,0,0
2400,0,2,road_5_3_2_0,0.0,0,0
2400,0,2,road_5_3_2_1,2.1836458472535014e-05,0,3
2400,0,2,road_5_3_2_2,-0.00037014175904914737,0,0
2400,0,2,road_4_2_1_0,0.0,0,0
2400,0,2,road_4_2_1_1,-3.69213375961408e-05,3,0
2400,0,2,road_4_2_1_2,-0.002678660675883293,3,0
2400,0,2,road_3_3_0_0,0.0,0,0
2400,0,2,road_3_3_0_1,0.010498441755771637,0,3
2400,0,2,road_3_3_0_2,0.00038585555739700794,0,3
2400,0,2,road_4_5_3_0,0.0,0,0
2400,0,2,road_4_5_3_1,-0.004671826027333736,3,0
2400,0,2,road_4_5_3_2,-0.0017072500195354223,0,0
2400,0,2,road_5_4_2_0,0.0,0,0
2400,0,2,road_5_4_2_1,-6.365889021253679e-06,3,0
2400,0,2,road_5_4_2_2,-1.0351156561227981e-05,3,0
2400,0,2,road_4_3_1_0,0.0,0,0
2400,0,2,road_4_3_1_1,4.498445559875108e-05,3,0
2400,0,2,road_4_3_1_2,0.0018521228339523077,0,3
2400,0,2,road_3_4_0_0,0.0,0,0
2400,0,2,road_3_4_0_1,-0.0021017082035541534,3,0
2400,0,2,road_3_4_0_2,-0.0021017116960138083,3,0
2400,0,3,road_1_2_3_0,0.0,0,0
2400,0,3,road_1_2_3_1,-0.0002559355925768614,0,0
2400,0,3,road_1_2_3_2,-0.0021269433200359344,0,0
2400,0,3,road_2_1_2_0,0.0,0,0
2400,0,3,road_2_1_2_1,0.004340745508670807,3,0
2400,0,3,road_2_1_2_2,0.004301062785089016,3,0
2400,0,3,road_1_0_1_0,0.0,0,0
2400,0,3,road_1_0_1_1,-2.2690495825372636e-05,0,0
2400,0,3,road_1_0_1_2,-0.0032396481838077307,0,0
2400,0,3,road_0_1_0_0,0.0,0,0
2400,0,3,road_0_1_0_1,1.1935966540477239e-05,3,0
2400,0,3,road_0_1_0_2,3.848112464766018e-05,3,0
2400,0,3,road_1_3_3_0,0.0,0,0
2400,0,3,road_1_3_3_1,0.0030035218223929405,3,0
2400,0,3,road_1_3_3_2,0.0024446509778499603,3,0
2400,0,3,road_2_2_2_0,0.0,0,0
2400,0,3,road_2_2_2_1,-0.0018563460325822234,3,0
2400,0,3,road_2_2_2_2,-0.002522286493331194,3,0
2400,0,3,road_1_1_1_0,0.0,0,0
2400,0,3,road_1_1_1_1,0.0030035218223929405,3,0
2400,0,3,road_1_1_1_2,0.002444650512188673,3,0
2400,0,3,road_0_2_0_0,0.0,0,0
2400,0,3,road_0_2_0_1,-8.806367077340838e-06,2,0
2400,0,3,road_0_2_0_2,-0.002632768824696541,0,0
2400,0,3,road_1_4_3_0,0.0,0,0
2400,0,3,road_1_4_3_1,-1.3115763977111783e-05,0,0
2400,0,3,road_1_4_3_2,-0.0004796317662112415,0,0
2400,0,3,road_2_3_2_0,0.0,0,0
2400,0,3,road_2_3_2_1,-0.0032504680566489697,0,0
2400,0,3,road_2_3_2_2,-0.0008089878829196095,0,0
2400,0,3,road_1_2_1_0,0.0,0,0
2400,0,3,road_1_2_1_1,-0.0004796316788997501,0,0
2400,0,3,road_1_2_1_2,-0.0007991124875843525,0,0
2400,0,3,road_0_3_0_0,0.0,0,0
2400,0,3,road_0_3_0_1,-0.005047505721449852,3,0
2400,0,3,road_0_3_0_2,-0.001046851510182023,0,0
2400,0,3,road_1_5_3_0,0.0,0,0
2400,0,3,road_1_5_3_1,1.121842251450289e-05,3,0
2400,0,3,road_1_5_3_2,0.0004993492620997131,3,0
2400,0,3,road_2_4_2_0,0.0,0,0
2400,0,3,road_2_4_2_1,-0.003077481873333454,3,0
2400,0,3,road_2_4_2_2,-0.003077482571825385,3,0
2400,0,3,road_1_3_1_0,0.0,0,0
2400,0,3,road_1_3_1_1,0.0043443599715828896,3,0
2400,0,3,road_1_3_1_2,0.003960280679166317,3,0
2400,0,3,road_0_4_0_0,0.0,0,0
2400,0,3,road_0_4_0_1,-9.371437954541761e-06,3,0
2400,0,3,road_0_4_0_2,-9.371441592520569e-06,3,0
2400,0,3,road_2_2_3_0,0.0,0,0
2400,0,3,road_2_2_3_1,0.001667012576945126,3,0
2400,0,3,road_2_2_3_2,0.003369302488863468,3,0
2400,0,3,road_3_1_2_0,0.0,0,0
2400,0,3,road_3_1_2_1,-0.0001560302043799311,0,0
2400,0,3,road_3_1_2_2,-0.0008810621802695096,3,0
2400,0,3,road_2_0_1_0,0.0,0,0
2400,0,3,road_2_0_1_1,0.002677730517461896,3,0
2400,0,3,road_2_0_1_2,0.003339868038892746,3,0
2400,0,3,road_1_1_0_0,0.0,0,0
2400,0,3,road_1_1_0_1,-0.00015383806021418422,3,0
2400,0,3,road_1_1_0_2,-0.002740564290434122,3,0
2400,0,3,road_2_3_3_0,0.0,0,0
2400,0,3,road_2_3_3_1,0.002317741746082902,3,0
2400,0,3,road_2_3_3_2,0.0043289135210216045,3,0
2400,0,3,road_3_2_2_0,0.0,0,0
2400,0,3,road_3_2_2_1,-0.002342503285035491,3,0
2400,0,3,road_3_2_2_2,-0.0028818827122449875,3,0
2400,0,3,road_2_1_1_0,0.0,0,0
2400,0,3,road_2_1_1_1,-0.0037103972863405943,3,0
2400,0,3,road_2_1_1_2,-0.0001160401152446866,0,0
2400,0,3,road_1_2_0_0,0.0,0,0
2400,0,3,road_1_2_0_1,-0.002451363019645214,3,0
2400,0,3,road_1_2_0_2,-0.00234250258654356,3,0
2400,0,3,road_2_4_3_0,0.0,0,0
2400,0,3,road_2_4_3_1,0.003602040931582451,3,0
2400,0,3,road_2_4_3_2,0.0032382882200181484,3,0
2400,0,3,road_3_3_2_0,0.0,0,0
2400,0,3,road_3_3_2_1,-0.002978892996907234,3,0
2400,0,3,road_3_3_2_2,-0.002748034195974469,3,0
2400,0,3,road_2_2_1_0,0.0,0,0
2400,0,3,road_2_2_1_1,0.003602041397243738,3,0
2400,0,3,road_2_2_1_2,0.003238288452848792,3,0
2400,0,3,road_1_3_0_0,0.0,0,0
2400,0,3,road_1_3_0_1,-0.0023767626844346523,0,0
2400,0,3,road_1_3_0_2,-0.0007351671229116619,3,0
2400,0,3,road_2_5_3_0,0.0,0,0
2400,0,3,road_2_5_3_1,0.002827087417244911,3,0
2400,0,3,road_2_5_3_2,0.0028270864859223366,3,0
2400,0,3,road_3_4_2_0,0.0,0,0
2400,0,3,road_3_4_2_1,-0.002944719046354294,3,0
2400,0,3,road_3_4_2_2,-0.0027051609940826893,3,0
2400,0,3,road_2_3_1_0,0.0,0,0
2400,0,3,road_2_3_1_1,0.003431344171985984,3,0
2400,0,3,road_2_3_1_2,0.003431342775002122,3,0
2400,0,3,road_1_4_0_0,0.0,0,0
2400,0,3,road_1_4_0_1,-0.0011977610411122441,3,0
2400,0,3,road_1_4_0_2,-0.002944719512015581,0,0
2400,0,3,road_3_2_3_0,0.0,0,0
2400,0,3,road_3_2_3_1,-0.0003232968447264284,0,0
2400,0,3,road_3_2_3_2,-0.0003232967865187675,0,0
2400,0,3,road_4_1_2_0,0.0,0,0
2400,0,3,road_4_1_2_1,-0.006982168648391962,3,0
2400,0,3,road_4_1_2_2,-0.00017046823631972075,0,0
2400,0,3,road_3_0_1_0,0.0,0,0
2400,0,3,road_3_0_1_1,-0.0003232969029340893,0,0
2400,0,3,road_3_0_1_2,-0.00032329693203791976,0,0
2400,0,3,road_2_1_0_0,0.0,0,0
2400,0,3,road_2_1_0_1,-0.006982168182730675,3,0
2400,0,3,road_2_1_0_2,-0.00017046817811205983,0,0
2400,0,3,road_3_3_3_0,0.0,0,0
2400,0,3,road_3_3_3_1,0.0025251777842640877,3,0
2400,0,3,road_3_3_3_2,0.0030759298242628574,3,0
2400,0,3,road_4_2_2_0,0.0,0,0
2400,0,3,road_4_2_2_1,-0.0016634368803352118,3,0
2400,0,3,road_4_2_2_2,-0.0021001705899834633,3,0
2400,0,3,road_3_1_1_0,0.0,0,0
2400,0,3,road_3_1_1_1,0.0025251777842640877,3,0
2400,0,3,road_3_1_1_2,0.0030759298242628574,3,0
2400,0,3,road_2_2_0_0,0.0,0,0
2400,0,3,road_2_2_0_1,-0.0013086034450680017,3,0
2400,0,3,road_2_2_0_2,-0.0027172595728188753,3,0
2400,0,3,road_3_4_3_0,0.0,0,0
2400,0,3,road_3_4_3_1,-0.002177528338506818,3,0
2400,0,3,road_3_4_3_2,-0.0026510076131671667,3,0
2400,0,3,road_4_3_2_0,0.0,0,0
2400,0,3,road_4_3_2_1,-0.005086176097393036,3,0
2400,0,3,road_4_3_2_2,-0.0013789288932457566,0,0
2400,0,3,road_3_2_1_0,0.0,0,0
2400,0,3,road_3_2_1_1,-0.0026510064490139484,3,0
2400,0,3,road_3_2_1_2,-0.002498205751180649,3,0
2400,0,3,road_2_3_0_0,0.0,0,0
2400,0,3,road_2_3_0_1,-0.005086176097393036,3,0
2400,0,3,road_2_3_0_2,-0.0013789288932457566,0,0
2400,0,3,road_3_5_3_0,0.0,0,0
2400,0,3,road_3_5_3_1,0.003854891750961542,3,0
2400,0,3,road_3_5_3_2,0.0038129910826683044,3,0
2400,0,3,road_4_4_2_0,0.0,0,0
2400,0,3,road_4_4_2_1,-0.002215925371274352,3,0
2400,0,3,road_4_4_2_2,-0.0035561970435082912,3,0
2400,0,3,road_3_3_1_0,0.0,0,0
2400,0,3,road_3_3_1_1,0.0018179253675043583,3,0
2400,0,3,road_3_3_1_2,0.002286729868501425,3,0
2400,0,3,road_2_4_0_0,0.0,0,0
2400,0,3,road_2_4_0_1,-0.003556195879355073,3,0
2400,0,3,road_2_4_0_2,-0.0026485102716833353,3,0
2400,0,3,road_4_2_3_0,0.0,0,0
2400,0,3,road_4_2_3_1,-0.0016468876274302602,3,0
2400,0,3,road_4_2_3_2,-0.0014279645401984453,3,0
2400,0,3,road_5_1_2_0,0.0,0,0
2400,0,3,road_5_1_2_1,0.0019295485690236092,3,0
2400,0,3,road_5_1_2_2,0.0018838648684322834,3,0
2400,0,3,road_4_0_1_0,0.0,0,0
2400,0,3,road_4_0_1_1,-1.7267522707697935e-05,0,0
2400,0,3,road_4_0_1_2,-0.0006567978416569531,3,0
2400,0,3,road_3_1_0_0,0.0,0,0
2400,0,3,road_3_1_0_1,0.0019295482197776437,3,0
2400,0,3,road_3_1_0_2,0.0018838640535250306,3,0
2400,0,3,road_4_3_3_0,0.0,0,0
2400,0,3,road_4_3_3_1,0.0011539466213434935,3,0
2400,0,3,road_4_3_3_2,0.002434724010527134,3,0
2400,0,3,road_5_2_2_0,0.0,0,0
2400,0,3,road_5_2_2_1,-1.3233103345555719e-05,0,0
2400,0,3,road_5_2_2_2,-0.0006238059140741825,3,0
2400,0,3,road_4_1_1_0,0.0,0,0
2400,0,3,road_4_1_1_1,0.001780970487743616,3,0
2400,0,3,road_4_1_1_2,0.0023524132557213306,3,0
2400,0,3,road_3_2_0_0,0.0,0,0
2400,0,3,road_3_2_0_1,-0.001516473712399602,3,0
2400,0,3,road_3_2_0_2,-0.002184730488806963,3,0
2400,0,3,road_4_4_3_0,0.0,0,0
2400,0,3,road_4_4_3_1,-0.0020131622441112995,3,0
2400,0,3,road_4_4_3_2,-0.0024130495730787516,0,0
2400,0,3,road_5_3_2_0,0.0,0,0
2400,0,3,road_5_3_2_1,-7.746042683720589e-06,3,0
2400,0,3,road_5_3_2_2,-0.0009520648163743317,0,0
2400,0,3,road_4_2_1_0,0.0,0,0
2400,0,3,road_4_2_1_1,3.604386074584909e-05,3,0
2400,0,3,road_4_2_1_2,0.0029918868094682693,3,0
2400,0,3,road_3_3_0_0,0.0,0,0
2400,0,3,road_3_3_0_1,-0.0015690854052081704,3,0
2400,0,3,road_3_3_0_2,-0.0024225679226219654,3,0
2400,0,3,road_4_5_3_0,0.0,0,0
2400,0,3,road_4_5_3_1,0.006658667698502541,3,0
2400,0,3,road_4_5_3_2,0.0010113008320331573,0,3
2400,0,3,road_5_4_2_0,0.0,0,0
2400,0,3,road_5_4_2_1,-6.904375823069131e-06,3,0
2400,0,3,road_5_4_2_2,-1.116817475121934e-05,3,0
2400,0,3,road_4_3_1_0,0.0,0,0
2400,0,3,road_4_3_1_1,4.633190474123694e-05,3,0
2400,0,3,road_4_3_1_2,0.0006095175631344318,3,0
2400,0,3,road_3_4_0_0,0.0,0,0
2400,0,3,road_3_4_0_1,-0.002394252223894,3,0
2400,0,3,road_3_4_0_2,-0.0023942538537085056,3,0
2600,0,0,road_1_2_3_0,0.0,0,0
2600,0,0,road_1_2_3_1,-9.726878488436341e-05,0,0
2600,0,0,road_1_2_3_2,-0.0029487486463040113,0,0
2600,0,0,road_2_1_2_0,0.0,0,0
2600,0,0,road_2_1_2_1,0.002122116507962346,0,3
2600,0,0,road_2_1_2_2,0.0021220380440354347,0,3
2600,0,0,road_1_0_1_0,0.0,0,0
2600,0,0,road_1_0_1_1,-1.549882654217072e-05,0,0
2600,0,0,road_1_0_1_2,-0.0011900358367711306,0,0
2600,0,0,road_0_1_0_0,0.0,0,0
2600,0,0,road_0_1_0_1,1.4236034985515289e-05,0,3
2600,0,0,road_0_1_0_2,1.7625066902837716e-05,0,3
2600,0,0,road_1_3_3_0,0.0,0,0
2600,0,0,road_1_3_3_1,0.0020261812023818493,0,3
2600,0,0,road_1_3_3_2,0.0006890068179927766,0,3
2600,0,0,road_2_2_2_0,0.0,0,0
2600,0,0,road_2_2_2_1,0.003638392547145486,0,3
2600,0,0,road_2_2_2_2,0.0020831814035773277,0,3
2600,0,0,road_1_1_1_0,0.0,0,0
2600,0,0,road_1_1_1_1,0.0020261812023818493,0,3
2600,0,0,road_1_1_1_2,0.0006890069926157594,0,3
2600,0,0,road_0_2_0_0,0.0,0,0
2600,0,0,road_0_2_0_1,1.637328023207374e-05,0,2
2600,0,0,road_0_2_0_2,-0.0006522562471218407,0,0
2600,0,0,road_1_4_3_0,0.0,0,0
2600,0,0,road_1_4_3_1,-1.4686582289868966e-05,0,0
2600,0,0,road_1_4_3_2,-0.0006639905041083694,0,0
2600,0,0,road_2_3_2_0,0.0,0,0
2600,0,0,road_2_3_2_1,-0.0011567410547286272,0,0
2600,0,0,road_2_3_2_2,-0.000852382043376565,0,0
2600,0,0,road_1_2_1_0,0.0,0,0
2600,0,0,road_1_2_1_1,-0.0004103188985027373,0,0
2600,0,0,road_1_2_1_2,-0.0008630930678918958,0,0
2600,0,0,road_0_3_0_0,0.0,0,0
2600,0,0,road_0_3_0_1,-0.0011567412875592709,0,3
2600,0,0,road_0_3_0_2,-0.0008523821597918868,0,0
2600,0,0,road_1_5_3_0,0.0,0,0
2600,0,0,road_1_5_3_1,-1.63899840117665e-05,0,0
2600,0,0,road_1_5_3_2,-0.0006570570985786617,0,0
2600,0,0,road_2_4_2_0,0.0,0,0
2600,0,0,road_2_4_2_1,0.003868591971695423,0,3
2600,0,0,road_2_4_2_2,0.003868566360324621,0,3
2600,0,0,road_1_3_1_0,0.0,0,0
2600,0,0,road_1_3_1_1,-0.0013381682801991701,0,0
2600,0,0,road_1_3_1_2,-0.0012926467461511493,0,0
2600,0,0,road_0_4_0_0,0.0,0,0
2600,0,0,road_0_4_0_1,1.728733695927076e-05,0,3
2600,0,0,road_0_4_0_2,2.1403300706879236e-05,0,3
2600,0,0,road_2_2_3_0,0.0,0,0
2600,0,0,road_2_2_3_1,0.0010581930400803685,0,3
2600,0,0,road_2_2_3_2,0.0020741582848131657,0,3
2600,0,0,road_3_1_2_0,0.0,0,0
2600,0,0,road_3_1_2_1,-0.003379709320142865,0,0
2600,0,0,road_3_1_2_2,-6.400590064004064e-05,0,0
2600,0,0,road_2_0_1_0,0.0,0,0
2600,0,0,road_2_0_1_1,0.0006864906754344702,0,3
2600,0,0,road_2_0_1_2,0.001721613691188395,0,3
2600,0,0,road_1_1_0_0,0.0,0,0
2600,0,0,road_1_1_0_1,4.9463316827313974e-05,0,3
2600,0,0,road_1_1_0_2,0.003220948623493314,0,3
2600,0,0,road_2_3_3_0,0.0,0,0
2600,0,0,road_2_3_3_1,0.0010714662494137883,0,3
2600,0,0,road_2_3_3_2,0.00011744831863325089,0,3
2600,0,0,road_3_2_2_0,0.0,0,0
2600,0,0,road_3_2_2_1,-0.0004841324989683926,0,0
2600,0,0,road_3_2_2_2,0.00020284898346289992,0,3
2600,0,0,road_2_1_1_0,0.0,0,0
2600,0,0,road_2_1_1_1,0.0010714661329984665,0,3
2600,0,0,road_2_1_1_2,0.0001174483768409118,0,3
2600,0,0,road_1_2_0_0,0.0,0,0
2600,0,0,road_1_2_0_1,-0.001980699598789215,0,0
2600,0,0,road_1_2_0_2,-0.00026905658887699246,0,0
2600,0,0,road_2_4_3_0,0.0,0,0
2600,0,0,road_2_4_3_1,0.0010536049958318472,0,3
2600,0,0,road_2_4_3_2,0.00011408289719838649,0,3
2600,0,0,road_3_3_2_0,0.0,0,0
2600,0,0,road_3_3_2_1,-0.0004460881173145026,0,0
2600,0,0,road_3_3_2_2,0.00027439402765594423,0,3
2600,0,0,road_2_2_1_0,0.0,0,0
2600,0,0,road_2_2_1_1,0.0010536049958318472,0,3
2600,0,0,road_2_2_1_2,0.00011408293357817456,0,3
2600,0,0,road_1_3_0_0,0.0,0,0
2600,0,0,road_1_3_0_1,-0.001974831335246563,0,0
2600,0,0,road_1_3_0_2,-0.0002650078968144953,0,0
2600,0,0,road_2_5_3_0,0.0,0,0
2600,0,0,road_2_5_3_1,0.00012397408136166632,0,3
2600,0,0,road_2_5_3_2,0.00012397384853102267,0,3
2600,0,0,road_3_4_2_0,0.0,0,0
2600,0,0,road_3_4_2_1,0.0031593486201018095,0,3
2600,0,0,road_3_4_2_2,0.0003503962652757764,0,3
2600,0,0,road_2_3_1_0,0.0,0,0
2600,0,0,road_2_3_1_1,0.0016673500649631023,0,3
2600,0,0,road_2_3_1_2,0.0016673499485477805,0,3
2600,0,0,road_1_4_0_0,0.0,0,0
2600,0,0,road_1_4_0_1,-0.0009040203876793385,0,0
2600,0,0,road_1_4_0_2,-0.0075011528097093105,0,0
2600,0,0,road_3_2_3_0,0.0,0,0
2600,0,0,road_3_2_3_1,-0.00016070512356236577,0,0
2600,0,0,road_3_2_3_2,-0.00016070531273726374,0,0
2600,0,0,road_4_1_2_0,0.0,0,0
2600,0,0,road_4_1_2_1,0.0003069000376854092,0,3
2600,0,0,road_4_1_2_2,-0.0002681637997739017,0,0
2600,0,0,road_3_0_1_0,0.0,0,0
2600,0,0,road_3_0_1_1,-0.0001607051963219419,0,0
2600,0,0,road_3_0_1_2,-0.00016070541460067034,0,0
2600,0,0,road_2_1_0_0,0.0,0,0
2600,0,0,road_2_1_0_1,0.00030690000858157873,0,3
2600,0,0,road_2_1_0_2,-0.00026816397439688444,0,0
2600,0,0,road_3_3_3_0,0.0,0,0
2600,0,0,road_3_3_3_1,0.00013244965521153063,0,3
2600,0,0,road_3_3_3_2,0.0010191125329583883,0,3
2600,0,0,road_4_2_2_0,0.0,0,0
2600,0,0,road_4_2_2_1,-0.0009161243215203285,0,0
2600,0,0,road_4_2_2_2,-0.000293271237751469,0,0
2600,0,0,road_3_1_1_0,0.0,0,0
2600,0,0,road_3_1_1_1,0.0001324496988672763,0,3
2600,0,0,road_3_1_1_2,0.0010191124165430665,0,3
2600,0,0,road_2_2_0_0,0.0,0,0
2600,0,0,road_2_2_0_1,-0.0020121277775615454,0,0
2600,0,0,road_2_2_0_2,-0.0003294306807219982,0,0
2600,0,0,road_3_4_3_0,0.0,0,0
2600,0,0,road_3_4_3_1,0.0008537389803677797,0,3
2600,0,0,road_3_4_3_2,1.0116062185261399e-05,0,3
2600,0,0,road_4_3_2_0,0.0,0,0
2600,0,0,road_4_3_2_1,0.00023044740373734385,0,3
2600,0,0,road_4_3_2_2,-0.0003381565911695361,0,0
2600,0,0,road_3_2_1_0,0.0,0,0
2600,0,0,road_3_2_1_1,1.0116171324625611e-05,0,3
2600,0,0,road_3_2_1_2,-0.0004016889724880457,0,0
2600,0,0,road_2_3_0_0,0.0,0,0
2600,0,0,road_2_3_0_1,0.00023044744739308953,0,3
2600,0,0,road_2_3_0_2,-0.0003381565911695361,0,0
2600,0,0,road_3_5_3_0,0.0,0,0
2600,0,0,road_3_5_3_1,0.0014089075848460197,0,3
2600,0,0,road_3_5_3_2,0.00011594062380027026,0,3
2600,0,0,road_4_4_2_0,0.0,0,0
2600,0,0,road_4_4_2_1,-0.0013711191713809967,0,0
2600,0,0,road_4_4_2_2,-0.0002874677593354136,0,0
2600,0,0,road_3_3_1_0,0.0,0,0
2600,0,0,road_3_3_1_1,0.0014089075848460197,0,3
2600,0,0,road_3_3_1_2,0.00011594068200793117,0,3
2600,0,0,road_2_4_0_0,0.0,0,0
2600,0,0,road_2_4_0_1,-0.000348739413311705,0,0
2600,0,0,road_2_4_0_2,0.0002009164891205728,0,3
2600,0,0,road_4_2_3_0,0.0,0,0
2600,0,0,road_4_2_3_1,0.007410716265439987,0,3
2600,0,0,road_4_2_3_2,0.005233848001807928,0,3
2600,0,0,road_5_1_2_0,0.0,0,0
2600,0,0,road_5_1_2_1,0.001921194139868021,0,3
2600,0,0,road_5_1_2_2,0.0013156053610146046,0,3
2600,0,0,road_4_0_1_0,0.0,0,0
2600,0,0,road_4_0_1_1,2.237679473182652e-05,0,0
2600,0,0,road_4_0_1_2,0.0029263910837471485,0,3
2600,0,0,road_3_1_0_0,0.0,0,0
2600,0,0,road_3_1_0_1,0.0019211936742067337,0,3
2600,0,0,road_3_1_0_2,0.001315605128183961,0,2
2600,0,0,road_4_3_3_0,0.0,0,0
2600,0,0,road_4_3_3_1,0.004614631645381451,0,3
2600,0,0,road_4_3_3_2,0.0025840033777058125,0,3
2600,0,0,road_5_2_2_0,0.0,0,0
2600,0,0,road_5_2_2_1,2.427013350825291e-05,0,0
2600,0,0,road_5_2_2_2,0.0032583028078079224,0,3
2600,0,0,road_4_1_1_0,0.0,0,0
2600,0,0,road_4_1_1_1,0.002549432683736086,0,2
2600,0,0,road_4_1_1_2,0.00275773205794394,0,3
2600,0,0,road_3_2_0_0,0.0,0,0
2600,0,0,road_3_2_0_1,0.0036109548527747393,0,3
2600,0,0,road_3_2_0_2,0.005136400461196899,0,3
2600,0,0,road_4_4_3_0,0.0,0,0
2600,0,0,road_4_4_3_1,0.0031775636598467827,0,3
2600,0,0,road_4_4_3_2,-0.00042392913019284606,0,0
2600,0,0,road_5_3_2_0,0.0,0,0
2600,0,0,road_5_3_2_1,-2.096651223837398e-05,0,0
2600,0,0,road_5_3_2_2,-0.0006397826364263892,0,0
2600,0,0,road_4_2_1_0,0.0,0,0
2600,0,0,road_4_2_1_1,1.3453784049488604e-05,0,3
2600,0,0,road_4_2_1_2,-0.004037696868181229,0,0
2600,0,0,road_3_3_0_0,0.0,0,0
2600,0,0,road_3_3_0_1,-0.0008009721641428769,0,0
2600,0,0,road_3_3_0_2,-0.0007183961570262909,0,0
2600,0,0,road_4_5_3_0,0.0,0,0
2600,0,0,road_4_5_3_1,0.0031082138884812593,0,3
2600,0,0,road_4_5_3_2,-0.00045736017636954784,0,0
2600,0,0,road_5_4_2_0,0.0,0,0
2600,0,0,road_5_4_2_1,-1.682249603618402e-05,0,0
2600,0,0,road_5_4_2_2,-2.082255741697736e-05,0,0
2600,0,0,road_4_3_1_0,0.0,0,0
2600,0,0,road_4_3_1_1,1.9050279661314562e-05,0,3
2600,0,0,road_4_3_1_2,-0.004242183640599251,0,0
2600,0,0,road_3_4_0_0,0.0,0,0
2600,0,0,road_3_4_0_1,-0.0013463718350976706,0,0
2600,0,0,road_3_4_0_2,-0.0013463998911902308,0,0
2600,0,1,road_1_2_3_0,0.0,0,0
2600,0,1,road_1_2_3_1,-0.00012486793275456876,0,0
2600,0,1,road_1_2_3_2,-0.003737988416105509,0,0
2600,0,1,road_2_1_2_0,0.0,0,0
2600,0,1,road_2_1_2_1,0.004325095098465681,3,0
2600,0,1,road_2_1_2_2,0.004325080197304487,3,0
2600,0,1,road_1_0_1_0,0.0,0,0
2600,0,1,road_1_0_1_1,-2.005546775762923e-05,0,0
2600,0,1,road_1_0_1_2,-0.0015250361757352948,0,0
2600,0,1,road_0_1_0_0,0.0,0,0
2600,0,1,road_0_1_0_1,1.1395725778129417e-05,3,0
2600,0,1,road_0_1_0_2,1.4115475096332375e-05,3,0
2600,0,1,road_1_3_3_0,0.0,0,0
2600,0,1,road_1_3_3_1,0.0028804559260606766,3,0
2600,0,1,road_1_3_3_2,0.002329551847651601,3,0
2600,0,1,road_2_2_2_0,0.0,0,0
2600,0,1,road_2_2_2_1,-0.0017332371789962053,3,0
2600,0,1,road_2_2_2_2,-0.002371679525822401,3,0
2600,0,1,road_1_1_1_0,0.0,0,0
2600,0,1,road_1_1_1_1,0.0028804559260606766,3,0
2600,0,1,road_1_1_1_2,0.0023295520804822445,3,0
2600,0,1,road_0_2_0_0,0.0,0,0
2600,0,1,road_0_2_0_1,-7.417172582790954e-06,2,0
2600,0,1,road_0_2_0_2,-0.0017332364805042744,0,0
2600,0,1,road_1_4_3_0,0.0,0,0
2600,0,1,road_1_4_3_1,-1.3462837159750052e-05,0,0
2600,0,1,road_1_4_3_2,-0.0006265881238505244,0,0
2600,0,1,road_2_3_2_0,0.0,0,0
2600,0,1,road_2_3_2_1,-0.0032618530094623566,0,0
2600,0,1,road_2_3_2_2,-0.0008285013027489185,0,0
2600,0,1,road_1_2_1_0,0.0,0,0
2600,0,1,road_1_2_1_1,-0.00038039984065108,0,0
2600,0,1,road_1_2_1_2,-0.0008024730486795306,0,0
2600,0,1,road_0_3_0_0,0.0,0,0
2600,0,1,road_0_3_0_1,-0.0050483886152505875,3,0
2600,0,1,road_0_3_0_2,-0.0010530049912631512,0,0
2600,0,1,road_1_5_3_0,0.0,0,0
2600,0,1,road_1_5_3_1,1.3281767678563483e-05,0,3
2600,0,1,road_1_5_3_2,0.0003742071276064962,0,3
2600,0,1,road_2_4_2_0,0.0,0,0
2600,0,1,road_2_4_2_1,-0.0030324095860123634,3,0
2600,0,1,road_2_4_2_2,-0.0030324095860123634,3,0
2600,0,1,road_1_3_1_0,0.0,0,0
2600,0,1,road_1_3_1_1,0.001579911564476788,0,3
2600,0,1,road_1_3_1_2,0.0011935068760067225,0,3
2600,0,1,road_0_4_0_0,0.0,0,0
2600,0,1,road_0_4_0_1,-7.518201528000645e-06,3,0
2600,0,1,road_0_4_0_2,-9.311636858910788e-06,3,0
2600,0,1,road_2_2_3_0,0.0,0,0
2600,0,1,road_2_2_3_1,0.0023669444490224123,3,0
2600,0,1,road_2_2_3_2,0.00236092833802104,3,0
2600,0,1,road_3_1_2_0,0.0,0,0
2600,0,1,road_3_1_2_1,-0.0008671602699905634,0,0
2600,0,1,road_3_1_2_2,0.00016427840455435216,0,3
2600,0,1,road_2_0_1_0,0.0,0,0
2600,0,1,road_2_0_1_1,0.002971360692754388,3,0
2600,0,1,road_2_0_1_2,0.0023096257355064154,3,0
2600,0,1,road_1_1_0_0,0.0,0,0
2600,0,1,road_1_1_0_1,-8.908795280149207e-05,3,0
2600,0,1,road_1_1_0_2,-0.0010888557881116867,3,0
2600,0,1,road_2_3_3_0,0.0,0,0
2600,0,1,road_2_3_3_1,0.0015862807631492615,3,0
2600,0,1,road_2_3_3_2,0.0036598953884094954,3,0
2600,0,1,road_3_2_2_0,0.0,0,0
2600,0,1,road_3_2_2_1,0.001165720634162426,0,3
2600,0,1,road_3_2_2_2,0.0019916966557502747,3,0
2600,0,1,road_2_1_1_0,0.0,0,0
2600,0,1,road_2_1_1_1,0.0015862802974879742,3,0
2600,0,1,road_2_1_1_2,0.003659894922748208,3,0
2600,0,1,road_1_2_0_0,0.0,0,0
2600,0,1,road_1_2_0_1,-0.0005818195641040802,0,0
2600,0,1,road_1_2_0_2,0.00046472076792269945,0,3
2600,0,1,road_2_4_3_0,0.0,0,0
2600,0,1,road_2_4_3_1,0.0013520545326173306,3,0
2600,0,1,road_2_4_3_2,0.003693835809826851,3,0
2600,0,1,road_3_3_2_0,0.0,0,0
2600,0,1,road_3_3_2_1,0.0004615051147993654,0,3
2600,0,1,road_3_3_2_2,0.0009801648557186127,3,0
2600,0,1,road_2_2_1_0,0.0,0,0
2600,0,1,road_2_2_1_1,0.001352054299786687,3,0
2600,0,1,road_2_2_1_2,0.00369383511133492,3,0
2600,0,1,road_1_3_0_0,0.0,0,0
2600,0,1,road_1_3_0_1,-0.0003847329644486308,0,0
2600,0,1,road_1_3_0_2,0.00046150549314916134,0,3
2600,0,1,road_2_5_3_0,0.0,0,0
2600,0,1,road_2_5_3_1,0.003027964849025011,3,0
2600,0,1,road_2_5_3_2,0.00302796415053308,3,0
2600,0,1,road_3_4_2_0,0.0,0,0
2600,0,1,road_3_4_2_1,-0.0023563692811876535,3,0
2600,0,1,road_3_4_2_2,-0.001183355925604701,3,0
2600,0,1,road_2_3_1_0,0.0,0,0
2600,0,1,road_2_3_1_1,0.00348372058942914,3,0
2600,0,1,road_2_3_1_2,0.003483719425275922,3,0
2600,0,1,road_1_4_0_0,0.0,0,0
2600,0,1,road_1_4_0_1,-0.0017543904250487685,0,0
2600,0,1,road_1_4_0_2,-0.0013854013523086905,0,0
2600,0,1,road_3_2_3_0,0.0,0,0
2600,0,1,road_3_2_3_1,-0.0003232968447264284,0,0
2600,0,1,road_3_2_3_2,-0.0003232967865187675,0,0
2600,0,1,road_4_1_2_0,0.0,0,0
2600,0,1,road_4_1_2_1,-0.006982168648391962,3,0
2600,0,1,road_4_1_2_2,-0.00017046823631972075,0,0
2600,0,1,road_3_0_1_0,0.0,0,0
2600,0,1,road_3_0_1_1,-0.0003232969029340893,0,0
2600,0,1,road_3_0_1_2,-0.00032329693203791976,0,0
2600,0,1,road_2_1_0_0,0.0,0,0
2600,0,1,road_2_1_0_1,-0.006982168182730675,3,0
2600,0,1,road_2_1_0_2,-0.00017046817811205983,0,0
2600,0,1,road_3_3_3_0,0.0,0,0
2600,0,1,road_3_3_3_1,0.0038595739752054214,3,0
2600,0,1,road_3_3_3_2,0.0006347033777274191,3,0
2600,0,1,road_4_2_2_0,0.0,0,0
2600,0,1,road_4_2_2_1,6.106324144639075e-05,0,3
2600,0,1,road_4_2_2_2,0.0003314244677312672,0,3
2600,0,1,road_3_1_1_0,0.0,0,0
2600,0,1,road_3_1_1_1,0.0038595739752054214,3,0
2600,0,1,road_3_1_1_2,0.0006347032031044364,3,0
2600,0,1,road_2_2_0_0,0.0,0,0
2600,0,1,road_2_2_0_1,-0.0005358837079256773,0,0
2600,0,1,road_2_2_0_2,0.0003297529765404761,0,3
2600,0,1,road_3_4_3_0,0.0,0,0
2600,0,1,road_3_4_3_1,-0.001498935278505087,3,0
2600,0,1,road_3_4_3_2,0.00043801768333651125,3,0
2600,0,1,road_4_3_2_0,0.0,0,0
2600,0,1,road_4_3_2_1,-0.005437759682536125,3,0
2600,0,1,road_4_3_2_2,-0.001216899137943983,0,0
2600,0,1,road_3_2_1_0,0.0,0,0
2600,0,1,road_3_2_1_1,0.00043801902211271226,3,0
2600,0,1,road_3_2_1_2,0.002469357568770647,0,3
2600,0,1,road_2_3_0_0,0.0,0,0
2600,0,1,road_2_3_0_1,-0.005437759682536125,3,0
2600,0,1,road_2_3_0_2,-0.001216899254359305,0,0
2600,0,1,road_3_5_3_0,0.0,0,0
2600,0,1,road_3_5_3_1,0.0025654241908341646,3,0
2600,0,1,road_3_5_3_2,0.003511164104565978,3,0
2600,0,1,road_4_4_2_0,0.0,0,0
2600,0,1,road_4_4_2_1,0.0018488713540136814,0,3
2600,0,1,road_4_4_2_2,0.0007382176700048149,0,3
2600,0,1,road_3_3_1_0,0.0,0,0
2600,0,1,road_3_3_1_1,0.0025654234923422337,3,0
2600,0,1,road_3_3_1_2,0.003511163406074047,3,0
2600,0,1,road_2_4_0_0,0.0,0,0
2600,0,1,road_2_4_0_1,0.002276697661727667,0,3
2600,0,1,road_2_4_0_2,0.0018488718196749687,3,0
2600,0,1,road_4_2_3_0,0.0,0,0
2600,0,1,road_4_2_3_1,-0.0017145893070846796,3,0
2600,0,1,road_4_2_3_2,-0.0019851725082844496,3,0
2600,0,1,road_5_1_2_0,0.0,0,0
2600,0,1,road_5_1_2_1,0.0017096911324188113,3,0
2600,0,1,road_5_1_2_2,0.004147346597164869,3,0
2600,0,1,road_4_0_1_0,0.0,0,0
2600,0,1,road_4_0_1_1,-1.7853562894742936e-05,0,0
2600,0,1,road_4_0_1_2,-0.0006996463635005057,3,0
2600,0,1,road_3_1_0_0,0.0,0,0
2600,0,1,road_3_1_0_1,0.0011526655871421099,3,0
2600,0,1,road_3_1_0_2,0.004455215763300657,2,1
2600,0,1,road_4_3_3_0,0.0,0,0
2600,0,1,road_4_3_3_1,0.001181510160677135,3,0
2600,0,1,road_4_3_3_2,0.002478604670614004,3,0
2600,0,1,road_5_2_2_0,0.0,0,0
2600,0,1,road_5_2_2_1,-1.3749155186815187e-05,0,0
2600,0,1,road_5_2_2_2,-0.0008074414217844605,3,0
2600,0,1,road_4_1_1_0,0.0,0,0
2600,0,1,road_4_1_1_1,0.0018265730468556285,2,1
2600,0,1,road_4_1_1_2,0.0023961649276316166,3,0
2600,0,1,road_3_2_0_0,0.0,0,0
2600,0,1,road_3_2_0_1,-0.0015525177586823702,3,0
2600,0,1,road_3_2_0_2,-0.002254608552902937,3,0
2600,0,1,road_4_4_3_0,0.0,0,0
2600,0,1,road_4_4_3_1,-0.0010492485016584396,3,0
2600,0,1,road_4_4_3_2,-0.00043812920921482146,0,0
2600,0,1,road_5_3_2_0,0.0,0,0
2600,0,1,road_5_3_2_1,2.241270885861013e-05,0,3
2600,0,1,road_5_3_2_2,0.0005692420527338982,0,3
2600,0,1,road_4_2_1_0,0.0,0,0
2600,0,1,road_4_2_1_1,-1.687787880655378e-05,3,0
2600,0,1,road_4_2_1_2,-0.0014415050391107798,0,0
2600,0,1,road_3_3_0_0,0.0,0,0
2600,0,1,road_3_3_0_1,0.003397903870791197,0,3
2600,0,1,road_3_3_0_2,0.003211919916793704,0,3
2600,0,1,road_4_5_3_0,0.0,0,0
2600,0,1,road_4_5_3_1,-0.002423184225335717,3,0
2600,0,1,road_4_5_3_2,0.0012915440602228045,0,3
2600,0,1,road_5_4_2_0,0.0,0,0
2600,0,1,road_5_4_2_1,-1.7881606254377402e-05,0,0
2600,0,1,road_5_4_2_2,-2.2134374376037158e-05,0,0
2600,0,1,road_4_3_1_0,0.0,0,0
2600,0,1,road_4_3_1_1,3.094497151323594e-05,3,0
2600,0,1,road_4_3_1_2,0.003678186796605587,0,3
2600,0,1,road_3_4_0_0,0.0,0,0
2600,0,1,road_3_4_0_1,-0.00141740997787565,0,0
2600,0,1,road_3_4_0_2,-0.0014174263924360275,0,0
2600,0,2,road_1_2_3_0,0.0,0,0
2600,0,2,road_1_2_3_1,-0.00012486793275456876,0,0
2600,0,2,road_1_2_3_2,-0.003737988416105509,0,0
2600,0,2,road_2_1_2_0,0.0,0,0
2600,0,2,road_2_1_2_1,0.004325095098465681,3,0
2600,0,2,road_2_1_2_2,0.004325080197304487,3,0
2600,0,2,road_1_0_1_0,0.0,0,0
2600,0,2,road_1_0_1_1,-2.005546775762923e-05,0,0
2600,0,2,road_1_0_1_2,-0.0015250361757352948,0,0
2600,0,2,road_0_1_0_0,0.0,0,0
2600,0,2,road_0_1_0_1,1.1395725778129417e-05,3,0
2600,0,2,road_0_1_0_2,1.4115475096332375e-05,3,0
2600,0,2,road_1_3_3_0,0.0,0,0
2600,0,2,road_1_3_3_1,0.0028804559260606766,3,0
2600,0,2,road_1_3_3_2,0.002329551847651601,3,0
2600,0,2,road_2_2_2_0,0.0,0,0
2600,0,2,road_2_2_2_1,-0.0017332371789962053,3,0
2600,0,2,road_2_2_2_2,-0.002371679525822401,3,0
2600,0,2,road_1_1_1_0,0.0,0,0
2600,0,2,road_1_1_1_1,0.0028804559260606766,3,0
2600,0,2,road_1_1_1_2,0.0023295520804822445,3,0
2600,0,2,road_0_2_0_0,0.0,0,0
2600,0,2,road_0_2_0_1,-7.417172582790954e-06,2,0
2600,0,2,road_0_2_0_2,-0.0017332364805042744,0,0
2600,0,2,road_1_4_3_0,0.0,0,0
2600,0,2,road_1_4_3_1,-1.3462837159750052e-05,0,0
2600,0,2,road_1_4_3_2,-0.0006265881238505244,0,0
2600,0,2,road_2_3_2_0,0.0,0,0
2600,0,2,road_2_3_2_1,-0.0032618530094623566,0,0
2600,0,2,road_2_3_2_2,-0.0008285013027489185,0,0
2600,0,2,road_1_2_1_0,0.0,0,0
2600,0,2,road_1_2_1_1,-0.00038039984065108,0,0
2600,0,2,road_1_2_1_2,-0.0008024730486795306,0,0
2600,0,2,road_0_3_0_0,0.0,0,0
2600,0,2,road_0_3_0_1,-0.0050483886152505875,3,0
2600,0,2,road_0_3_0_2,-0.0010530049912631512,0,0
2600,0,2,road_1_5_3_0,0.0,0,0
2600,0,2,road_1_5_3_1,1.1220100532227661e-05,3,0
2600,0,2,road_1_5_3_2,0.0004994245246052742,3,0
2600,0,2,road_2_4_2_0,0.0,0,0
2600,0,2,road_2_4_2_1,-0.0030780290253460407,3,0
2600,0,2,road_2_4_2_2,-0.0030780292581766844,3,0
2600,0,2,road_1_3_1_0,0.0,0,0
2600,0,2,road_1_3_1_1,0.0043449122458696365,3,0
2600,0,2,road_1_3_1_2,0.003960807807743549,3,0
2600,0,2,road_0_4_0_0,0.0,0,0
2600,0,2,road_0_4_0_1,-9.373085958941374e-06,3,0
2600,0,2,road_0_4_0_2,-1.160931606136728e-05,3,0
2600,0,2,road_2_2_3_0,0.0,0,0
2600,0,2,road_2_2_3_1,0.0021301698870956898,3,0
2600,0,2,road_2_2_3_2,0.0032670903019607067,3,0
2600,0,2,road_3_1_2_0,0.0,0,0
2600,0,2,road_3_1_2_1,-0.00013802893226966262,0,0
2600,0,2,road_3_1_2_2,-0.0008352202130481601,3,0
2600,0,2,road_2_0_1_0,0.0,0,0
2600,0,2,road_2_0_1_1,0.002696018200367689,3,0
2600,0,2,road_2_0_1_2,0.003257423872128129,3,0
2600,0,2,road_1_1_0_0,0.0,0,0
2600,0,2,road_1_1_0_1,-9.731214231578633e-05,3,0
2600,0,2,road_1_1_0_2,-0.0026328382082283497,3,0
2600,0,2,road_2_3_3_0,0.0,0,0
2600,0,2,road_2_3_3_1,0.003602040931582451,3,0
2600,0,2,road_2_3_3_2,0.0032382882200181484,3,0
2600,0,2,road_3_2_2_0,0.0,0,0
2600,0,2,road_3_2_2_1,-0.002978892996907234,3,0
2600,0,2,road_3_2_2_2,-0.002748034195974469,3,0
2600,0,2,road_2_1_1_0,0.0,0,0
2600,0,2,road_2_1_1_1,0.003602041397243738,3,0
2600,0,2,road_2_1_1_2,0.003238288452848792,3,0
2600,0,2,road_1_2_0_0,0.0,0,0
2600,0,2,road_1_2_0_1,-0.0023767626844346523,0,0
2600,0,2,road_1_2_0_2,-0.0007351671229116619,3,0
2600,0,2,road_2_4_3_0,0.0,0,0
2600,0,2,road_2_4_3_1,0.0036580911837518215,3,0
2600,0,2,road_2_4_3_2,0.003344335127621889,3,0
2600,0,2,road_3_3_2_0,0.0,0,0
2600,0,2,road_3_3_2_1,-0.00035153375938534737,3,0
2600,0,2,road_3_3_2_2,-0.001951912883669138,3,0
2600,0,2,road_2_2_1_0,0.0,0,0
2600,0,2,road_2_2_1_1,0.003658090252429247,3,0
2600,0,2,road_2_2_1_2,0.0033443348947912455,3,0
2600,0,2,road_1_3_0_0,0.0,0,0
2600,0,2,road_1_3_0_1,0.0015323872212320566,0,3
2600,0,2,road_1_3_0_2,-0.00035153375938534737,3,0
2600,0,2,road_2_5_3_0,0.0,0,0
2600,0,2,road_2_5_3_1,0.003027964849025011,3,0
2600,0,2,road_2_5_3_2,0.00302796415053308,3,0
2600,0,2,road_3_4_2_0,0.0,0,0
2600,0,2,road_3_4_2_1,-0.0023563692811876535,3,0
2600,0,2,road_3_4_2_2,-0.001183355925604701,3,0
2600,0,2,road_2_3_1_0,0.0,0,0
2600,0,2,road_2_3_1_1,0.00348372058942914,3,0
2600,0,2,road_2_3_1_2,0.003483719425275922,3,0
2600,0,2,road_1_4_0_0,0.0,0,0
2600,0,2,road_1_4_0_1,-0.0017543904250487685,0,0
2600,0,2,road_1_4_0_2,-0.0013854013523086905,0,0
2600,0,2,road_3_2_3_0,0.0,0,0
2600,0,2,road_3_2_3_1,-0.0003232968447264284,0,0
2600,0,2,road_3_2_3_2,-0.0003232967865187675,0,0
2600,0,2,road_4_1_2_0,0.0,0,0
2600,0,2,road_4_1_2_1,-0.006982168648391962,3,0
2600,0,2,road_4_1_2_2,-0.00017046823631972075,0,0
2600,0,2,road_3_0_1_0,0.0,0,0
2600,0,2,road_3_0_1_1,-0.0003232969029340893,0,0
2600,0,2,road_3_0_1_2,-0.00032329693203791976,0,0
2600,0,2,road_2_1_0_0,0.0,0,0
2600,0,2,road_2_1_0_1,-0.006982168182730675,3,0
2600,0,2,road_2_1_0_2,-0.00017046817811205983,0,0
2600,0,2,road_3_3_3_0,0.0,0,0
2600,0,2,road_3_3_3_1,0.0031160356011241674,3,0
2600,0,2,road_3_3_3_2,0.00343949138186872,3,0
2600,0,2,road_4_2_2_0,0.0,0,0
2600,0,2,road_4_2_2_1,-0.0031465322244912386,3,0
2600,0,2,road_4_2_2_2,-0.002448634710162878,3,0
2600,0,2,road_3_1_1_0,0.0,0,0
2600,0,2,road_3_1_1_1,0.00311603513546288,3,0
2600,0,2,road_3_1_1_2,0.0034394909162074327,3,0
2600,0,2,road_2_2_0_0,0.0,0,0
2600,0,2,road_2_2_0_1,-0.0025894101709127426,0,0
2600,0,2,road_2_2_0_2,-0.0011141251306980848,3,0
2600,0,2,road_3_4_3_0,0.0,0,0
2600,0,2,road_3_4_3_1,-0.0017371156718581915,3,0
2600,0,2,road_3_4_3_2,-0.002729469910264015,3,0
2600,0,2,road_4_3_2_0,0.0,0,0
2600,0,2,road_4_3_2_1,-0.005157677456736565,3,0
2600,0,2,road_4_3_2_2,-0.001351041253656149,0,0
2600,0,2,road_3_2_1_0,0.0,0,0
2600,0,2,road_3_2_1_1,-0.002729469444602728,3,0
2600,0,2,road_3_2_1_2,-0.0020149322226643562,3,0
2600,0,2,road_2_3_0_0,0.0,0,0
2600,0,2,road_2_3_0_1,-0.005157677456736565,3,0
2600,0,2,road_2_3_0_2,-0.0013510417193174362,0,0
2600,0,2,road_3_5_3_0,0.0,0,0
2600,0,2,road_3_5_3_1,0.0033592223189771175,3,0
2600,0,2,road_3_5_3_2,0.0027628918178379536,3,0
2600,0,2,road_4_4_2_0,0.0,0,0
2600,0,2,road_4_4_2_1,-0.0014501221012324095,3,0
2600,0,2,road_4_4_2_2,-0.0030116126872599125,3,0
2600,0,2,road_3_3_1_0,0.0,0,0
2600,0,2,road_3_3_1_1,0.0033592223189771175,3,0
2600,0,2,road_3_3_1_2,0.0027628920506685972,3,0
2600,0,2,road_2_4_0_0,0.0,0,0
2600,0,2,road_2_4_0_1,-0.0023000244982540607,3,0
2600,0,2,road_2_4_0_2,-0.0029199193231761456,3,0
2600,0,2,road_4_2_3_0,0.0,0,0
2600,0,2,road_4_2_3_1,-0.0017624221509322524,3,0
2600,0,2,road_4_2_3_2,-0.0020501408725976944,3,0
2600,0,2,road_5_1_2_0,0.0,0,0
2600,0,2,road_5_1_2_1,0.002037042286247015,3,0
2600,0,2,road_5_1_2_2,0.0019875888247042894,3,0
2600,0,2,road_4_0_1_0,0.0,0,0
2600,0,2,road_4_0_1_1,-1.8238684788229875e-05,0,0
2600,0,2,road_4_0_1_2,-0.0007124852272681892,3,0
2600,0,2,road_3_1_0_0,0.0,0,0
2600,0,2,road_3_1_0_1,0.0020370427519083023,3,0
2600,0,2,road_3_1_0_2,0.0019875895231962204,3,0
2600,0,2,road_4_3_3_0,0.0,0,0
2600,0,2,road_4_3_3_1,0.0012773931957781315,3,0
2600,0,2,road_4_3_3_2,0.002614618744701147,3,0
2600,0,2,road_5_2_2_0,0.0,0,0
2600,0,2,road_5_2_2_1,-1.4647181160398759e-05,0,0
2600,0,2,road_5_2_2_2,-0.0008511016494594514,3,0
2600,0,2,road_4_1_1_0,0.0,0,0
2600,0,2,road_4_1_1_1,0.0015891175717115402,3,0
2600,0,2,road_4_1_1_2,0.0025653252378106117,3,0
2600,0,2,road_3_2_0_0,0.0,0,0
2600,0,2,road_3_2_0_1,-0.0016614574706181884,3,0
2600,0,2,road_3_2_0_2,-0.0023837995249778032,3,0
2600,0,2,road_4_4_3_0,0.0,0,0
2600,0,2,road_4_4_3_1,-0.004563895985484123,3,0
2600,0,2,road_4_4_3_2,-0.0016936403699219227,0,0
2600,0,2,road_5_3_2_0,0.0,0,0
2600,0,2,road_5_3_2_1,-7.160089808166958e-06,3,0
2600,0,2,road_5_3_2_2,-0.00029742816695943475,3,0
2600,0,2,road_4_2_1_0,0.0,0,0
2600,0,2,road_4_2_1_1,1.2066118870279752e-05,3,0
2600,0,2,road_4_2_1_2,0.001987007213756442,0,3
2600,0,2,road_3_3_0_0,0.0,0,0
2600,0,2,road_3_3_0_1,-0.0014177797129377723,3,0
2600,0,2,road_3_3_0_2,-0.002055513672530651,3,0
2600,0,2,road_4_5_3_0,0.0,0,0
2600,0,2,road_4_5_3_1,-0.0027296547777950764,3,0
2600,0,2,road_4_5_3_2,-0.0026886016130447388,3,0
2600,0,2,road_5_4_2_0,0.0,0,0
2600,0,2,road_5_4_2_1,1.796427386580035e-05,0,3
2600,0,2,road_5_4_2_2,2.2240919861360453e-05,0,3
2600,0,2,road_4_3_1_0,0.0,0,0
2600,0,2,road_4_3_1_1,-3.986166848335415e-05,3,0
2600,0,2,road_4_3_1_2,-0.00281098997220397,3,0
2600,0,2,road_3_4_0_0,0.0,0,0
2600,0,2,road_3_4_0_1,0.004364645574241877,0,3
2600,0,2,road_3_4_0_2,0.004364622291177511,0,3
2600,0,3,road_1_2_3_0,0.0,0,0
2600,0,3,road_1_2_3_1,-0.00012486793275456876,0,0
2600,0,3,road_1_2_3_2,-0.003737988416105509,0,0
2600,0,3,road_2_1_2_0,0.0,0,0
2600,0,3,road_2_1_2_1,0.004325095098465681,3,0
2600,0,3,road_2_1_2_2,0.004325080197304487,3,0
2600,0,3,road_1_0_1_0,0.0,0,0
2600,0,3,road_1_0_1_1,-2.005546775762923e-05,0,0
2600,0,3,road_1_0_1_2,-0.0015250361757352948,0,0
2600,0,3,road_0_1_0_0,0.0,0,0
2600,0,3,road_0_1_0_1,1.1395725778129417e-05,3,0
2600,0,3,road_0_1_0_2,1.4115475096332375e-05,3,0
2600,0,3,road_1_3_3_0,0.0,0,0
2600,0,3,road_1_3_3_1,0.0028804559260606766,3,0
2600,0,3,road_1_3_3_2,0.002329551847651601,3,0
2600,0,3,road_2_2_2_0,0.0,0,0
2600,0,3,road_2_2_2_1,-0.0017332371789962053,3,0
2600,0,3,road_2_2_2_2,-0.002371679525822401,3,0
2600,0,3,road_1_1_1_0,0.0,0,0
2600,0,3,road_1_1_1_1,0.0028804559260606766,3,0
2600,0,3,road_1_1_1_2,0.0023295520804822445,3,0
2600,0,3,road_0_2_0_0,0.0,0,0
2600,0,3,road_0_2_0_1,-7.417172582790954e-06,2,0
2600,0,3,road_0_2_0_2,-0.0017332364805042744,0,0
2600,0,3,road_1_4_3_0,0.0,0,0
2600,0,3,road_1_4_3_1,-1.3462837159750052e-05,0,0
2600,0,3,road_1_4_3_2,-0.0006265881238505244,0,0
2600,0,3,road_2_3_2_0,0.0,0,0
2600,0,3,road_2_3_2_1,-0.0032618530094623566,0,0
2600,0,3,road_2_3_2_2,-0.0008285013027489185,0,0
2600,0,3,road_1_2_1_0,0.0,0,0
2600,0,3,road_1_2_1_1,-0.00038039984065108,0,0
2600,0,3,road_1_2_1_2,-0.0008024730486795306,0,0
2600,0,3,road_0_3_0_0,0.0,0,0
2600,0,3,road_0_3_0_1,-0.0050483886152505875,3,0
2600,0,3,road_0_3_0_2,-0.0010530049912631512,0,0
2600,0,3,road_1_5_3_0,0.0,0,0
2600,0,3,road_1_5_3_1,1.1220100532227661e-05,3,0
2600,0,3,road_1_5_3_2,0.0004994245246052742,3,0
2600,0,3,road_2_4_2_0,0.0,0,0
2600,0,3,road_2_4_2_1,-0.0030780290253460407,3,0
2600,0,3,road_2_4_2_2,-0.0030780292581766844,3,0
2600,0,3,road_1_3_1_0,0.0,0,0
2600,0,3,road_1_3_1_1,0.0043449122458696365,3,0
2600,0,3,road_1_3_1_2,0.003960807807743549,3,0
2600,0,3,road_0_4_0_0,0.0,0,0
2600,0,3,road_0_4_0_1,-9.373085958941374e-06,3,0
2600,0,3,road_0_4_0_2,-1.160931606136728e-05,3,0
2600,0,3,road_2_2_3_0,0.0,0,0
2600,0,3,road_2_2_3_1,0.0021301698870956898,3,0
2600,0,3,road_2_2_3_2,0.0032670903019607067,3,0
2600,0,3,road_3_1_2_0,0.0,0,0
2600,0,3,road_3_1_2_1,-0.00013802893226966262,0,0
2600,0,3,road_3_1_2_2,-0.0008352202130481601,3,0
2600,0,3,road_2_0_1_0,0.0,0,0
2600,0,3,road_2_0_1_1,0.002696018200367689,3,0
2600,0,3,road_2_0_1_2,0.003257423872128129,3,0
2600,0,3,road_1_1_0_0,0.0,0,0
2600,0,3,road_1_1_0_1,-9.731214231578633e-05,3,0
2600,0,3,road_1_1_0_2,-0.0026328382082283497,3,0
2600,0,3,road_2_3_3_0,0.0,0,0
2600,0,3,road_2_3_3_1,0.003602040931582451,3,0
2600,0,3,road_2_3_3_2,0.0032382882200181484,3,0
2600,0,3,road_3_2_2_0,0.0,0,0
2600,0,3,road_3_2_2_1,-0.002978892996907234,3,0
2600,0,3,road_3_2_2_2,-0.002748034195974469,3,0
2600,0,3,road_2_1_1_0,0.0,0,0
2600,0,3,road_2_1_1_1,0.003602041397243738,3,0
2600,0,3,road_2_1_1_2,0.003238288452848792,3,0
2600,0,3,road_1_2_0_0,0.0,0,0
2600,0,3,road_1_2_0_1,-0.0023767626844346523,0,0
2600,0,3,road_1_2_0_2,-0.0007351671229116619,3,0
2600,0,3,road_2_4_3_0,0.0,0,0
2600,0,3,road_2_4_3_1,0.0035814675502479076,3,0
2600,0,3,road_2_4_3_2,0.0029699699953198433,3,0
2600,0,3,road_3_3_2_0,0.0,0,0
2600,0,3,road_3_3_2_1,-0.0031536193564534187,3,0
2600,0,3,road_3_3_2_2,-0.0028590853326022625,3,0
2600,0,3,road_2_2_1_0,0.0,0,0
2600,0,3,road_2_2_1_1,0.003581468015909195,3,0
2600,0,3,road_2_2_1_2,0.0029699704609811306,3,0
2600,0,3,road_1_3_0_0,0.0,0,0
2600,0,3,road_1_3_0_1,-0.0020728716626763344,3,0
2600,0,3,road_1_3_0_2,-0.0031536188907921314,3,0
2600,0,3,road_2_5_3_0,0.0,0,0
2600,0,3,road_2_5_3_1,0.003027964849025011,3,0
2600,0,3,road_2_5_3_2,0.00302796415053308,3,0
2600,0,3,road_3_4_2_0,0.0,0,0
2600,0,3,road_3_4_2_1,-0.0023563692811876535,3,0
2600,0,3,road_3_4_2_2,-0.001183355925604701,3,0
2600,0,3,road_2_3_1_0,0.0,0,0
2600,0,3,road_2_3_1_1,0.00348372058942914,3,0
2600,0,3,road_2_3_1_2,0.003483719425275922,3,0
2600,0,3,road_1_4_0_0,0.0,0,0
2600,0,3,road_1_4_0_1,-0.0017543904250487685,0,0
2600,0,3,road_1_4_0_2,-0.0013854013523086905,0,0
2600,0,3,road_3_2_3_0,0.0,0,0
2600,0,3,road_3_2_3_1,-0.0003232968447264284,0,0
2600,0,3,road_3_2_3_2,-0.0003232967865187675,0,0
2600,0,3,road_4_1_2_0,0.0,0,0
2600,0,3,road_4_1_2_1,-0.006982168648391962,3,0
2600,0,3,road_4_1_2_2,-0.00017046823631972075,0,0
2600,0,3,road_3_0_1_0,0.0,0,0
2600,0,3,road_3_0_1_1,-0.0003232969029340893,0,0
2600,0,3,road_3_0_1_2,-0.00032329693203791976,0,0
2600,0,3,road_2_1_0_0,0.0,0,0
2600,0,3,road_2_1_0_1,-0.006982168182730675,3,0
2600,0,3,road_2_1_0_2,-0.00017046817811205983,0,0
2600,0,3,road_3_3_3_0,0.0,0,0
2600,0,3,road_3_3_3_1,0.0031160356011241674,3,0
2600,0,3,road_3_3_3_2,0.00343949138186872,3,0
2600,0,3,road_4_2_2_0,0.0,0,0
2600,0,3,road_4_2_2_1,-0.0031465322244912386,3,0
2600,0,3,road_4_2_2_2,-0.002448634710162878,3,0
2600,0,3,road_3_1_1_0,0.0,0,0
2600,0,3,road_3_1_1_1,0.00311603513546288,3,0
2600,0,3,road_3_1_1_2,0.0034394909162074327,3,0
2600,0,3,road_2_2_0_0,0.0,0,0
2600,0,3,road_2_2_0_1,-0.0025894101709127426,0,0
2600,0,3,road_2_2_0_2,-0.0011141251306980848,3,0
2600,0,3,road_3_4_3_0,0.0,0,0
2600,0,3,road_3_4_3_1,-0.0017371156718581915,3,0
2600,0,3,road_3_4_3_2,-0.002729469910264015,3,0
2600,0,3,road_4_3_2_0,0.0,0,0
2600,0,3,road_4_3_2_1,-0.005157677456736565,3,0
2600,0,3,road_4_3_2_2,-0.001351041253656149,0,0
2600,0,3,road_3_2_1_0,0.0,0,0
2600,0,3,road_3_2_1_1,-0.002729469444602728,3,0
2600,0,3,road_3_2_1_2,-0.0020149322226643562,3,0
2600,0,3,road_2_3_0_0,0.0,0,0
2600,0,3,road_2_3_0_1,-0.005157677456736565,3,0
2600,0,3,road_2_3_0_2,-0.0013510417193174362,0,0
2600,0,3,road_3_5_3_0,0.0,0,0
2600,0,3,road_3_5_3_1,0.0033592223189771175,3,0
2600,0,3,road_3_5_3_2,0.0027628918178379536,3,0
2600,0,3,road_4_4_2_0,0.0,0,0
2600,0,3,road_4_4_2_1,-0.0014501221012324095,3,0
2600,0,3,road_4_4_2_2,-0.0030116126872599125,3,0
2600,0,3,road_3_3_1_0,0.0,0,0
2600,0,3,road_3_3_1_1,0.0033592223189771175,3,0
2600,0,3,road_3_3_1_2,0.0027628920506685972,3,0
2600,0,3,road_2_4_0_0,0.0,0,0
2600,0,3,road_2_4_0_1,-0.0023000244982540607,3,0
2600,0,3,road_2_4_0_2,-0.0029199193231761456,3,0
2600,0,3,road_4_2_3_0,0.0,0,0
2600,0,3,road_4_2_3_1,-0.0017624221509322524,3,0
2600,0,3,road_4_2_3_2,-0.0020501408725976944,3,0
2600,0,3,road_5_1_2_0,0.0,0,0
2600,0,3,road_5_1_2_1,0.002037042286247015,3,0
2600,0,3,road_5_1_2_2,0.0019875888247042894,3,0
2600,0,3,road_4_0_1_0,0.0,0,0
2600,0,3,road_4_0_1_1,-1.8238684788229875e-05,0,0
2600,0,3,road_4_0_1_2,-0.0007124852272681892,3,0
2600,0,3,road_3_1_0_0,0.0,0,0
2600,0,3,road_3_1_0_1,0.0020370427519083023,3,0
2600,0,3,road_3_1_0_2,0.0019875895231962204,3,0
2600,0,3,road_4_3_3_0,0.0,0,0
2600,0,3,road_4_3_3_1,0.0012773931957781315,3,0
2600,0,3,road_4_3_3_2,0.002614618744701147,3,0
2600,0,3,road_5_2_2_0,0.0,0,0
2600,0,3,road_5_2_2_1,-1.4647181160398759e-05,0,0
2600,0,3,road_5_2_2_2,-0.0008511016494594514,3,0
2600,0,3,road_4_1_1_0,0.0,0,0
2600,0,3,road_4_1_1_1,0.0015891175717115402,3,0
2600,0,3,road_4_1_1_2,0.0025653252378106117,3,0
2600,0,3,road_3_2_0_0,0.0,0,0
2600,0,3,road_3_2_0_1,-0.0016614574706181884,3,0
2600,0,3,road_3_2_0_2,-0.0023837995249778032,3,0
2600,0,3,road_4_4_3_0,0.0,0,0
2600,0,3,road_4_4_3_1,0.006697339005768299,3,0
2600,0,3,road_4_4_3_2,0.0011596470139920712,0,3
2600,0,3,road_5_3_2_0,0.0,0,0
2600,0,3,road_5_3_2_1,-8.160332072293386e-06,3,0
2600,0,3,road_5_3_2_2,-0.00030011433409526944,3,0
2600,0,3,road_4_2_1_0,0.0,0,0
2600,0,3,road_4_2_1_1,1.3360579032450914e-05,3,0
2600,0,3,road_4_2_1_2,0.001355351647362113,3,0
2600,0,3,road_3_3_0_0,0.0,0,0
2600,0,3,road_3_3_0_1,-0.0017070916946977377,3,0
2600,0,3,road_3_3_0_2,-0.0022050258703529835,3,0
2600,0,3,road_4_5_3_0,0.0,0,0
2600,0,3,road_4_5_3_1,0.002261403016746044,3,0
2600,0,3,road_4_5_3_2,0.0027642985805869102,3,0
2600,0,3,road_5_4_2_0,0.0,0,0
2600,0,3,road_5_4_2_1,-7.76965589466272e-06,3,0
2600,0,3,road_5_4_2_2,-9.623286132409703e-06,3,0
2600,0,3,road_4_3_1_0,0.0,0,0
2600,0,3,road_4_3_1_1,3.9953352825250477e-05,3,0
2600,0,3,road_4_3_1_2,0.003494725562632084,3,0
2600,0,3,road_3_4_0_0,0.0,0,0
2600,0,3,road_3_4_0_1,-0.002571182092651725,3,0
2600,0,3,road_3_4_0_2,-0.0025711844209581614,3,0
2800,0,0,road_1_2_3_0,0.0,0,0
2800,0,0,road_1_2_3_1,-0.00010120955266756937,0,0
2800,0,0,road_1_2_3_2,-0.0009160154149867594,0,0
2800,0,0,road_2_1_2_0,0.0,0,0
2800,0,0,road_2_1_2_1,0.002124443184584379,0,3
2800,0,0,road_2_1_2_2,0.002124443184584379,0,3
2800,0,0,road_1_0_1_0,0.0,0,0
2800,0,0,road_1_0_1_1,-1.6163405234692618e-05,0,0
2800,0,0,road_1_0_1_2,-0.0012545164208859205,0,0
2800,0,0,road_0_1_0_0,0.0,0,0
2800,0,0,road_0_1_0_1,1.4713333257532213e-05,0,3
2800,0,0,road_0_1_0_2,1.4713334167026915e-05,0,3
2800,0,0,road_1_3_3_0,0.0,0,0
2800,0,0,road_1_3_3_1,0.002052770461887121,0,3
2800,0,0,road_1_3_3_2,0.0012743901461362839,0,3
2800,0,0,road_2_2_2_0,0.0,0,0
2800,0,0,road_2_2_2_1,0.0036253342404961586,0,3
2800,0,0,road_2_2_2_2,0.0021074400283396244,0,3
2800,0,0,road_1_1_1_0,0.0,0,0
2800,0,0,road_1_1_1_1,0.0029157542157918215,0,3
2800,0,0,road_1_1_1_2,0.0022566262632608414,0,3
2800,0,0,road_0_2_0_0,0.0,0,0
2800,0,0,road_0_2_0_1,1.8250328139401972e-05,0,2
2800,0,0,road_0_2_0_2,-0.0003687602875288576,0,0
2800,0,0,road_1_4_3_0,0.0,0,0
2800,0,0,road_1_4_3_1,-1.4300577277026605e-05,0,0
2800,0,0,road_1_4_3_2,-0.0006503945915028453,0,0
2800,0,0,road_2_3_2_0,0.0,0,0
2800,0,0,road_2_3_2_1,-0.0011443241965025663,0,0
2800,0,0,road_2_3_2_2,-0.0008556248503737152,0,0
2800,0,0,road_1_2_1_0,0.0,0,0
2800,0,0,road_1_2_1_1,-0.00039809237932786345,0,0
2800,0,0,road_1_2_1_2,-0.0007722187438048422,0,0
2800,0,0,road_0_3_0_0,0.0,0,0
2800,0,0,road_0_3_0_1,-0.00114432442933321,0,3
2800,0,0,road_0_3_0_2,-0.0008556250249966979,0,0
2800,0,0,road_1_5_3_0,0.0,0,0
2800,0,0,road_1_5_3_1,-2.1167272279853933e-05,0,0
2800,0,0,road_1_5_3_2,-0.0004911734140478075,0,0
2800,0,0,road_2_4_2_0,0.0,0,0
2800,0,0,road_2_4_2_1,0.0037670040037482977,0,3
2800,0,0,road_2_4_2_2,0.0037670040037482977,0,3
2800,0,0,road_1_3_1_0,0.0,0,0
2800,0,0,road_1_3_1_1,-0.0013212974881753325,0,0
2800,0,0,road_1_3_1_2,-0.0013930043205618858,0,0
2800,0,0,road_0_4_0_0,0.0,0,0
2800,0,0,road_0_4_0_1,1.6900086848181672e-05,0,3
2800,0,0,road_0_4_0_2,1.6900086848181672e-05,0,3
2800,0,0,road_2_2_3_0,0.0,0,0
2800,0,0,road_2_2_3_1,0.0010581931564956903,0,3
2800,0,0,road_2_2_3_2,0.0020741582848131657,0,3
2800,0,0,road_3_1_2_0,0.0,0,0
2800,0,0,road_3_1_2_1,0.003220948623493314,0,3
2800,0,0,road_3_1_2_2,-6.400636630132794e-05,0,0
2800,0,0,road_2_0_1_0,0.0,0,0
2800,0,0,road_2_0_1_1,0.0006864910828880966,0,3
2800,0,0,road_2_0_1_2,0.0017216138076037169,0,3
2800,0,0,road_1_1_0_0,0.0,0,0
2800,0,0,road_1_1_0_1,4.9463291361462325e-05,0,3
2800,0,0,road_1_1_0_2,-0.003379709552973509,0,0
2800,0,0,road_2_3_3_0,0.0,0,0
2800,0,0,road_2_3_3_1,0.0010536049958318472,0,3
2800,0,0,road_2_3_3_2,0.00011408289719838649,0,3
2800,0,0,road_3_2_2_0,0.0,0,0
2800,0,0,road_3_2_2_1,-0.0004460881173145026,0,0
2800,0,0,road_3_2_2_2,0.00027439402765594423,0,3
2800,0,0,road_2_1_1_0,0.0,0,0
2800,0,0,road_2_1_1_1,0.0010536049958318472,0,3
2800,0,0,road_2_1_1_2,0.00011408293357817456,0,3
2800,0,0,road_1_2_0_0,0.0,0,0
2800,0,0,road_1_2_0_1,-0.001974831335246563,0,0
2800,0,0,road_1_2_0_2,-0.0002650078968144953,0,0
2800,0,0,road_2_4_3_0,0.0,0,0
2800,0,0,road_2_4_3_1,0.00023044797126203775,0,3
2800,0,0,road_2_4_3_2,-0.0003381556016393006,0,0
2800,0,0,road_3_3_2_0,0.0,0,0
2800,0,0,road_3_3_2_1,1.0116513294633478e-05,0,3
2800,0,0,road_3_3_2_2,-0.0004016885068267584,0,0
2800,0,0,road_2_2_1_0,0.0,0,0
2800,0,0,road_2_2_1_1,0.00023044788395054638,0,3
2800,0,0,road_2_2_1_2,-0.0003381556598469615,0,0
2800,0,0,road_1_3_0_0,0.0,0,0
2800,0,0,road_1_3_0_1,0.0008537402027286589,0,3
2800,0,0,road_1_3_0_2,1.011644781101495e-05,0,3
2800,0,0,road_2_5_3_0,0.0,0,0
2800,0,0,road_2_5_3_1,2.2382300812751055e-05,0,3
2800,0,0,road_2_5_3_2,2.238208253402263e-05,0,3
2800,0,0,road_3_4_2_0,0.0,0,0
2800,0,0,road_3_4_2_1,-0.007917441427707672,0,0
2800,0,0,road_3_4_2_2,-0.0004026270180474967,0,0
2800,0,0,road_2_3_1_0,0.0,0,0
2800,0,0,road_2_3_1_1,0.0016136416234076023,0,3
2800,0,0,road_2_3_1_2,0.0016136415069922805,0,3
2800,0,0,road_1_4_0_0,0.0,0,0
2800,0,0,road_1_4_0_1,-0.004939403384923935,0,0
2800,0,0,road_1_4_0_2,-0.0003134702565148473,0,0
2800,0,0,road_3_2_3_0,0.0,0,0
2800,0,0,road_3_2_3_1,-0.00040085960063152015,0,0
2800,0,0,road_3_2_3_2,-0.0002964539162348956,0,0
2800,0,0,road_4_1_2_0,0.0,0,0
2800,0,0,road_4_1_2_1,0.0003491210227366537,0,3
2800,0,0,road_4_1_2_2,-0.00031388478237204254,0,0
2800,0,0,road_3_0_1_0,0.0,0,0
2800,0,0,road_3_0_1_1,-0.00029645400354638696,0,0
2800,0,0,road_3_0_1_2,-0.00016176670033019036,0,0
2800,0,0,road_2_1_0_0,0.0,0,0
2800,0,0,road_2_1_0_1,0.00034912090632133186,0,3
2800,0,0,road_2_1_0_2,-0.0003138848696835339,0,0
2800,0,0,road_3_3_3_0,0.0,0,0
2800,0,0,road_3_3_3_1,0.0005814260803163052,0,3
2800,0,0,road_3_3_3_2,6.695678166579455e-05,0,3
2800,0,0,road_4_2_2_0,0.0,0,0
2800,0,0,road_4_2_2_1,0.0005336323520168662,0,3
2800,0,0,road_4_2_2_2,0.0005479338578879833,0,3
2800,0,0,road_3_1_1_0,0.0,0,0
2800,0,0,road_3_1_1_1,6.695712363580242e-05,0,3
2800,0,0,road_3_1_1_2,-0.00027883818256668746,0,0
2800,0,0,road_2_2_0_0,0.0,0,0
2800,0,0,road_2_2_0_1,-0.001993293408304453,0,0
2800,0,0,road_2_2_0_2,-0.0009171643760055304,0,0
2800,0,0,road_3_4_3_0,0.0,0,0
2800,0,0,road_3_4_3_1,-0.0006027391063980758,0,0
2800,0,0,road_3_4_3_2,0.00041181608685292304,0,3
2800,0,0,road_4_3_2_0,0.0,0,0
2800,0,0,road_4_3_2_1,-0.0004085456021130085,0,0
2800,0,0,road_4_3_2_2,-0.0003799652913585305,0,0
2800,0,0,road_3_2_1_0,0.0,0,0
2800,0,0,road_3_2_1_1,-0.0006396170938387513,0,0
2800,0,0,road_3_2_1_2,0.0004036093596369028,0,3
2800,0,0,road_2_3_0_0,0.0,0,0
2800,0,0,road_2_3_0_1,-0.0003799655241891742,0,0
2800,0,0,road_2_3_0_2,-0.00040854536928236485,0,0
2800,0,0,road_3_5_3_0,0.0,0,0
2800,0,0,road_3_5_3_1,0.0013915988383814692,0,3
2800,0,0,road_3_5_3_2,0.00011258850281592458,0,3
2800,0,0,road_4_4_2_0,0.0,0,0
2800,0,0,road_4_4_2_1,-0.0013664101716130972,0,0
2800,0,0,road_4_4_2_2,-0.000283292232779786,0,0
2800,0,0,road_3_3_1_0,0.0,0,0
2800,0,0,road_3_3_1_1,0.0013915986055508256,0,3
2800,0,0,road_3_3_1_2,0.00011258832819294184,0,3
2800,0,0,road_2_4_0_0,0.0,0,0
2800,0,0,road_2_4_0_1,-0.0002984444727189839,0,0
2800,0,0,road_2_4_0_2,0.00027148466324433684,0,3
2800,0,0,road_4_2_3_0,0.0,0,0
2800,0,0,road_4_2_3_1,0.007362658157944679,0,3
2800,0,0,road_4_2_3_2,0.00476405955851078,0,3
2800,0,0,road_5_1_2_0,0.0,0,0
2800,0,0,road_5_1_2_1,0.001905406708829105,0,3
2800,0,0,road_5_1_2_2,0.0012505969498306513,0,3
2800,0,0,road_4_0_1_0,0.0,0,0
2800,0,0,road_4_0_1_1,2.99267157970462e-05,0,0
2800,0,0,road_4_0_1_2,0.0021198736503720284,0,3
2800,0,0,road_3_1_0_0,0.0,0,0
2800,0,0,road_3_1_0_1,0.0019054064759984612,0,3
2800,0,0,road_3_1_0_2,0.0012505968334153295,0,2
2800,0,0,road_4_3_3_0,0.0,0,0
2800,0,0,road_4_3_3_1,-0.0023249872028827667,0,3
2800,0,0,road_4_3_3_2,-0.001171362935565412,0,0
2800,0,0,road_5_2_2_0,0.0,0,0
2800,0,0,road_5_2_2_1,-1.6435509678558446e-05,0,0
2800,0,0,road_5_2_2_2,-0.0008281145710498095,0,0
2800,0,0,road_4_1_1_0,0.0,0,0
2800,0,0,road_4_1_1_1,-0.0009028214262798429,0,0
2800,0,0,road_4_1_1_2,-0.0015737211797386408,0,0
2800,0,0,road_3_2_0_0,0.0,0,0
2800,0,0,road_3_2_0_1,-0.002050673123449087,0,0
2800,0,0,road_3_2_0_2,-8.663715561851859e-06,0,0
2800,0,0,road_4_4_3_0,0.0,0,0
2800,0,0,road_4_4_3_1,0.0030396175570786,0,3
2800,0,0,road_4_4_3_2,-0.0004690992063842714,0,0
2800,0,0,road_5_3_2_0,0.0,0,0
2800,0,0,road_5_3_2_1,-1.82073017640505e-05,0,0
2800,0,0,road_5_3_2_2,-0.0005724316579289734,0,0
2800,0,0,road_4_2_1_0,0.0,0,0
2800,0,0,road_4_2_1_1,4.706089839601191e-06,0,3
2800,0,0,road_4_2_1_2,-0.004329347051680088,0,0
2800,0,0,road_3_3_0_0,0.0,0,0
2800,0,0,road_3_3_0_1,-0.0007878371980041265,0,0
2800,0,0,road_3_3_0_2,-0.0007125632837414742,0,0
2800,0,0,road_4_5_3_0,0.0,0,0
2800,0,0,road_4_5_3_1,0.0031584124080836773,0,3
2800,0,0,road_4_5_3_2,-0.0004145831917412579,0,0
2800,0,0,road_5_4_2_0,0.0,0,0
2800,0,0,road_5_4_2_1,-1.7110623957705684e-05,0,0
2800,0,0,road_5_4_2_2,-1.711062759568449e-05,0,0
2800,0,0,road_4_3_1_0,0.0,0,0
2800,0,0,road_4_3_1_1,1.601071016921196e-05,0,3
2800,0,0,road_4_3_1_2,-0.003910989034920931,0,0
2800,0,0,road_3_4_0_0,0.0,0,0
2800,0,0,road_3_4_0_1,-0.0014594396343454719,0,0
2800,0,0,road_3_4_0_2,-0.0014594399835914373,0,0
2800,0,1,road_1_2_3_0,0.0,0,0
2800,0,1,road_1_2_3_1,-0.00012876525579486042,0,0
2800,0,1,road_1_2_3_2,-0.00111092918086797,0,0
2800,0,1,road_2_1_2_0,0.0,0,0
2800,0,1,road_2_1_2_1,0.004373838193714619,3,0
2800,0,1,road_2_1_2_2,0.004373838193714619,3,0
2800,0,1,road_1_0_1_0,0.0,0,0
2800,0,1,road_1_0_1_1,-2.0695573766715825e-05,0,0
2800,0,1,road_1_0_1_2,-0.0016120499931275845,0,0
2800,0,1,road_0_1_0_0,0.0,0,0
2800,0,1,road_0_1_0_1,1.1541574167495128e-05,3,0
2800,0,1,road_0_1_0_2,1.1541574167495128e-05,3,0
2800,0,1,road_1_3_3_0,0.0,0,0
2800,0,1,road_1_3_3_1,0.002957907970994711,3,0
2800,0,1,road_1_3_3_2,0.002118553500622511,3,0
2800,0,1,road_2_2_2_0,0.0,0,0
2800,0,1,road_2_2_2_1,-0.0018477968405932188,3,0
2800,0,1,road_2_2_2_2,-0.0025095068849623203,3,0
2800,0,1,road_1_1_1_0,0.0,0,0
2800,0,1,road_1_1_1_1,0.0029770503751933575,3,0
2800,0,1,road_1_1_1_2,0.0016817665891721845,3,0
2800,0,1,road_0_2_0_0,0.0,0,0
2800,0,1,road_0_2_0_1,-7.971691047714557e-06,2,0
2800,0,1,road_0_2_0_2,-0.0018477966077625751,0,0
2800,0,1,road_1_4_3_0,0.0,0,0
2800,0,1,road_1_4_3_1,-1.308280297962483e-05,0,0
2800,0,1,road_1_4_3_2,-0.0006098268204368651,0,0
2800,0,1,road_2_3_2_0,0.0,0,0
2800,0,1,road_2_3_2_1,-0.0032675922848284245,0,0
2800,0,1,road_2_3_2_2,-0.0008323835791088641,0,0
2800,0,1,road_1_2_1_0,0.0,0,0
2800,0,1,road_1_2_1_1,-0.0003684382245410234,0,0
2800,0,1,road_1_2_1_2,-0.0007071994477882981,0,0
2800,0,1,road_0_3_0_0,0.0,0,0
2800,0,1,road_0_3_0_1,-0.005036667920649052,3,0
2800,0,1,road_0_3_0_2,-0.0010323816677555442,0,0
2800,0,1,road_1_5_3_0,0.0,0,0
2800,0,1,road_1_5_3_1,1.8461394574842416e-05,0,3
2800,0,1,road_1_5_3_2,0.0004196907684672624,0,3
2800,0,1,road_2_4_2_0,0.0,0,0
2800,0,1,road_2_4_2_1,-0.003010475542396307,3,0
2800,0,1,road_2_4_2_2,-0.003010475542396307,3,0
2800,0,1,road_1_3_1_0,0.0,0,0
2800,0,1,road_1_3_1_1,0.0018604352371767163,0,3
2800,0,1,road_1_3_1_2,0.0017897153738886118,0,3
2800,0,1,road_0_4_0_0,0.0,0,0
2800,0,1,road_0_4_0_1,-7.541983904957306e-06,3,0
2800,0,1,road_0_4_0_2,-7.541984814452007e-06,3,0
2800,0,1,road_2_2_3_0,0.0,0,0
2800,0,1,road_2_2_3_1,0.0023669449146836996,3,0
2800,0,1,road_2_2_3_2,0.0023609271738678217,3,0
2800,0,1,road_3_1_2_0,0.0,0,0
2800,0,1,road_3_1_2_1,-0.0010888557881116867,3,0
2800,0,1,road_3_1_2_2,0.00016427884111180902,0,3
2800,0,1,road_2_0_1_0,0.0,0,0
2800,0,1,road_2_0_1_1,0.0029713609255850315,3,0
2800,0,1,road_2_0_1_2,0.0023096236400306225,3,0
2800,0,1,road_1_1_0_0,0.0,0,0
2800,0,1,road_1_1_0_1,-8.908799645723775e-05,3,0
2800,0,1,road_1_1_0_2,-0.0008671608520671725,0,0
2800,0,1,road_2_3_3_0,0.0,0,0
2800,0,1,road_2_3_3_1,0.0013520545326173306,3,0
2800,0,1,road_2_3_3_2,0.003693835809826851,3,0
2800,0,1,road_3_2_2_0,0.0,0,0
2800,0,1,road_3_2_2_1,0.0004615051147993654,0,3
2800,0,1,road_3_2_2_2,0.0009801648557186127,3,0
2800,0,1,road_2_1_1_0,0.0,0,0
2800,0,1,road_2_1_1_1,0.001352054299786687,3,0
2800,0,1,road_2_1_1_2,0.00369383511133492,3,0
2800,0,1,road_1_2_0_0,0.0,0,0
2800,0,1,road_1_2_0_1,-0.0003847329644486308,0,0
2800,0,1,road_1_2_0_2,0.00046150549314916134,0,3
2800,0,1,road_2_4_3_0,0.0,0,0
2800,0,1,road_2_4_3_1,-0.005437762010842562,3,0
2800,0,1,road_2_4_3_2,-0.0012168997200205922,0,0
2800,0,1,road_3_3_2_0,0.0,0,0
2800,0,1,road_3_3_2_1,0.0004380162281449884,3,0
2800,0,1,road_3_3_2_2,0.002469357568770647,0,3
2800,0,1,road_2_2_1_0,0.0,0,0
2800,0,1,road_2_2_1_1,-0.005437762010842562,3,0
2800,0,1,road_2_2_1_2,-0.0012168999528512359,0,0
2800,0,1,road_1_3_0_0,0.0,0,0
2800,0,1,road_1_3_0_1,-0.0014989373739808798,3,0
2800,0,1,road_1_3_0_2,0.00043801727588288486,3,0
2800,0,1,road_2_5_3_0,0.0,0,0
2800,0,1,road_2_5_3_1,0.0036500771529972553,3,0
2800,0,1,road_2_5_3_2,0.0036500769201666117,3,0
2800,0,1,road_3_4_2_0,0.0,0,0
2800,0,1,road_3_4_2_1,-0.0028564180247485638,0,0
2800,0,1,road_3_4_2_2,0.000259629130596295,0,3
2800,0,1,road_2_3_1_0,0.0,0,0
2800,0,1,road_2_3_1_1,0.0020363074727356434,3,0
2800,0,1,road_2_3_1_2,0.002036307007074356,3,0
2800,0,1,road_1_4_0_0,0.0,0,0
2800,0,1,road_1_4_0_1,-0.0006862346199341118,0,0
2800,0,1,road_1_4_0_2,0.001125976094044745,0,3
2800,0,1,road_3_2_3_0,0.0,0,0
2800,0,1,road_3_2_3_1,0.0009727057768031955,0,3
2800,0,1,road_3_2_3_2,0.00035607058089226484,0,3
2800,0,1,road_4_1_2_0,0.0,0,0
2800,0,1,road_4_1_2_1,-0.007197129540145397,3,0
2800,0,1,road_4_1_2_2,-0.00044521308154799044,0,0
2800,0,1,road_3_0_1_0,0.0,0,0
2800,0,1,road_3_0_1_1,0.0003560708137229085,0,3
2800,0,1,road_3_0_1_2,-0.00032283758628182113,0,0
2800,0,1,road_2_1_0_0,0.0,0,0
2800,0,1,road_2_1_0_1,-0.0071971300058066845,3,0
2800,0,1,road_2_1_0_2,-0.0004452132270671427,0,0
2800,0,1,road_3_3_3_0,0.0,0,0
2800,0,1,road_3_3_3_1,-0.0012390811461955309,3,0
2800,0,1,road_3_3_3_2,-0.0007566437125205994,3,0
2800,0,1,road_4_2_2_0,0.0,0,0
2800,0,1,road_4_2_2_1,0.0006279274239204824,3,0
2800,0,1,road_4_2_2_2,-0.0014376073377206922,3,0
2800,0,1,road_3_1_1_0,0.0,0,0
2800,0,1,road_3_1_1_1,-0.0007566443528048694,3,0
2800,0,1,road_3_1_1_2,0.0008816900663077831,0,3
2800,0,1,road_2_2_0_0,0.0,0,0
2800,0,1,road_2_2_0_1,0.004350657574832439,0,3
2800,0,1,road_2_2_0_2,0.001351827522739768,0,3
2800,0,1,road_3_4_3_0,0.0,0,0
2800,0,1,road_3_4_3_1,0.002250680001452565,0,3
2800,0,1,road_3_4_3_2,-0.0038493028841912746,3,0
2800,0,1,road_4_3_2_0,0.0,0,0
2800,0,1,road_4_3_2_1,0.000974663533270359,0,3
2800,0,1,road_4_3_2_2,0.0009167882381007075,0,3
2800,0,1,road_3_2_1_0,0.0,0,0
2800,0,1,road_3_2_1_1,-1.2784686987288296e-05,0,0
2800,0,1,road_3_2_1_2,-0.006907123140990734,3,0
2800,0,1,road_2_3_0_0,0.0,0,0
2800,0,1,road_2_3_0_1,0.0009167884709313512,0,3
2800,0,1,road_2_3_0_2,0.0009746637078933418,0,3
2800,0,1,road_3_5_3_0,0.0,0,0
2800,0,1,road_3_5_3_1,0.002047024667263031,3,0
2800,0,1,road_3_5_3_2,0.0035038739442825317,3,0
2800,0,1,road_4_4_2_0,0.0,0,0
2800,0,1,road_4_4_2_1,0.0009749415330588818,0,3
2800,0,1,road_4_4_2_2,0.0008087199530564249,0,3
2800,0,1,road_3_3_1_0,0.0,0,0
2800,0,1,road_3_3_1_1,0.0020470237359404564,3,0
2800,0,1,road_3_3_1_2,0.003503873012959957,3,0
2800,0,1,road_2_4_0_0,0.0,0,0
2800,0,1,road_2_4_0_1,0.000808719836641103,0,3
2800,0,1,road_2_4_0_2,0.0009749418240971863,3,0
2800,0,1,road_4_2_3_0,0.0,0,0
2800,0,1,road_4_2_3_1,-0.0016890900442376733,3,0
2800,0,1,road_4_2_3_2,-0.0018984240014106035,3,0
2800,0,1,road_5_1_2_0,0.0,0,0
2800,0,1,road_5_1_2_1,0.0016750278882682323,3,0
2800,0,1,road_5_1_2_2,0.004146147985011339,3,0
2800,0,1,road_4_0_1_0,0.0,0,0
2800,0,1,road_4_0_1_1,-2.1545276467804797e-05,0,0
2800,0,1,road_4_0_1_2,-0.0005347108235582709,3,0
2800,0,1,road_3_1_0_0,0.0,0,0
2800,0,1,road_3_1_0_1,0.0011214431142434478,3,0
2800,0,1,road_3_1_0_2,0.004458029288798571,2,1
2800,0,1,road_4_3_3_0,0.0,0,0
2800,0,1,road_4_3_3_1,-0.0006276420899666846,3,0
2800,0,1,road_4_3_3_2,-0.004189947620034218,0,0
2800,0,1,road_5_2_2_0,0.0,0,0
2800,0,1,road_5_2_2_1,-1.586122380103916e-05,0,0
2800,0,1,road_5_2_2_2,-0.000784979376476258,0,0
2800,0,1,road_4_1_1_0,0.0,0,0
2800,0,1,road_4_1_1_1,0.0019974620081484318,0,3
2800,0,1,road_4_1_1_2,-0.0005911341868340969,0,0
2800,0,1,road_3_2_0_0,0.0,0,0
2800,0,1,road_3_2_0_1,-0.002483074087649584,0,0
2800,0,1,road_3_2_0_2,-4.1418708860874176e-05,0,0
2800,0,1,road_4_4_3_0,0.0,0,0
2800,0,1,road_4_4_3_1,-0.0043524145148694515,3,0
2800,0,1,road_4_4_3_2,-0.0020696709398180246,0,0
2800,0,1,road_5_3_2_0,0.0,0,0
2800,0,1,road_5_3_2_1,-1.6222942576860078e-05,0,0
2800,0,1,road_5_3_2_2,-0.0005304475780576468,0,0
2800,0,1,road_4_2_1_0,0.0,0,0
2800,0,1,road_4_2_1_1,7.497812021028949e-06,3,0
2800,0,1,road_4_2_1_2,0.001920899492688477,0,3
2800,0,1,road_3_3_0_0,0.0,0,0
2800,0,1,road_3_3_0_1,-0.0009694328182376921,0,0
2800,0,1,road_3_3_0_2,-0.001013479777611792,0,0
2800,0,1,road_4_5_3_0,0.0,0,0
2800,0,1,road_4_5_3_1,-0.002021915279328823,3,0
2800,0,1,road_4_5_3_2,-0.00019511373830027878,0,0
2800,0,1,road_5_4_2_0,0.0,0,0
2800,0,1,road_5_4_2_1,1.993533624045085e-05,0,3
2800,0,1,road_5_4_2_2,1.993533624045085e-05,0,3
2800,0,1,road_4_3_1_0,0.0,0,0
2800,0,1,road_4_3_1_1,-2.4259541532956064e-05,3,0
2800,0,1,road_4_3_1_2,-0.0005351754371076822,0,0
2800,0,1,road_3_4_0_0,0.0,0,0
2800,0,1,road_3_4_0_1,0.004421656019985676,0,3
2800,0,1,road_3_4_0_2,0.004421656485646963,0,3
2800,0,2,road_1_2_3_0,0.0,0,0
2800,0,2,road_1_2_3_1,-0.00012876525579486042,0,0
2800,0,2,road_1_2_3_2,-0.00111092918086797,0,0
2800,0,2,road_2_1_2_0,0.0,0,0
2800,0,2,road_2_1_2_1,0.004373838193714619,3,0
2800,0,2,road_2_1_2_2,0.004373838193714619,3,0
2800,0,2,road_1_0_1_0,0.0,0,0
2800,0,2,road_1_0_1_1,-2.0695573766715825e-05,0,0
2800,0,2,road_1_0_1_2,-0.0016120499931275845,0,0
2800,0,2,road_0_1_0_0,0.0,0,0
2800,0,2,road_0_1_0_1,1.1541574167495128e-05,3,0
2800,0,2,road_0_1_0_2,1.1541574167495128e-05,3,0
2800,0,2,road_1_3_3_0,0.0,0,0
2800,0,2,road_1_3_3_1,0.002957907970994711,3,0
2800,0,2,road_1_3_3_2,0.002118553500622511,3,0
2800,0,2,road_2_2_2_0,0.0,0,0
2800,0,2,road_2_2_2_1,-0.0018477968405932188,3,0
2800,0,2,road_2_2_2_2,-0.0025095068849623203,3,0
2800,0,2,road_1_1_1_0,0.0,0,0
2800,0,2,road_1_1_1_1,0.0029770503751933575,3,0
2800,0,2,road_1_1_1_2,0.0016817665891721845,3,0
2800,0,2,road_0_2_0_0,0.0,0,0
2800,0,2,road_0_2_0_1,-7.971691047714557e-06,2,0
2800,0,2,road_0_2_0_2,-0.0018477966077625751,0,0
2800,0,2,road_1_4_3_0,0.0,0,0
2800,0,2,road_1_4_3_1,-1.308280297962483e-05,0,0
2800,0,2,road_1_4_3_2,-0.0006098268204368651,0,0
2800,0,2,road_2_3_2_0,0.0,0,0
2800,0,2,road_2_3_2_1,-0.0032675922848284245,0,0
2800,0,2,road_2_3_2_2,-0.0008323835791088641,0,0
2800,0,2,road_1_2_1_0,0.0,0,0
2800,0,2,road_1_2_1_1,-0.0003684382245410234,0,0
2800,0,2,road_1_2_1_2,-0.0007071994477882981,0,0
2800,0,2,road_0_3_0_0,0.0,0,0
2800,0,2,road_0_3_0_1,-0.005036667920649052,3,0
2800,0,2,road_0_3_0_2,-0.0010323816677555442,0,0
2800,0,2,road_1_5_3_0,0.0,0,0
2800,0,2,road_1_5_3_1,1.4036197171662934e-05,3,0
2800,0,2,road_1_5_3_2,0.0003578264731913805,3,0
2800,0,2,road_2_4_2_0,0.0,0,0
2800,0,2,road_2_4_2_1,-0.0030946778133511543,3,0
2800,0,2,road_2_4_2_2,-0.0030946782790124416,3,0
2800,0,2,road_1_3_1_0,0.0,0,0
2800,0,2,road_1_3_1_1,0.004381654784083366,3,0
2800,0,2,road_1_3_1_2,0.004243709146976471,3,0
2800,0,2,road_0_4_0_0,0.0,0,0
2800,0,2,road_0_4_0_1,-9.42524002311984e-06,3,0
2800,0,2,road_0_4_0_2,-9.425240932614543e-06,3,0
2800,0,2,road_2_2_3_0,0.0,0,0
2800,0,2,road_2_2_3_1,0.0021301694214344025,3,0
2800,0,2,road_2_2_3_2,0.0032670896034687757,3,0
2800,0,2,road_3_1_2_0,0.0,0,0
2800,0,2,road_3_1_2_1,-0.002632838673889637,3,0
2800,0,2,road_3_1_2_2,-0.000835220969747752,3,0
2800,0,2,road_2_0_1_0,0.0,0,0
2800,0,2,road_2_0_1_1,0.0026960179675370455,3,0
2800,0,2,road_2_0_1_2,0.003257423173636198,3,0
2800,0,2,road_1_1_0_0,0.0,0,0
2800,0,2,road_1_1_0_1,-9.731212048791349e-05,3,0
2800,0,2,road_1_1_0_2,-0.00013802896137349308,0,0
2800,0,2,road_2_3_3_0,0.0,0,0
2800,0,2,road_2_3_3_1,0.0036580911837518215,3,0
2800,0,2,road_2_3_3_2,0.003344335127621889,3,0
2800,0,2,road_3_2_2_0,0.0,0,0
2800,0,2,road_3_2_2_1,-0.00035153375938534737,3,0
2800,0,2,road_3_2_2_2,-0.001951912883669138,3,0
2800,0,2,road_2_1_1_0,0.0,0,0
2800,0,2,road_2_1_1_1,0.003658090252429247,3,0
2800,0,2,road_2_1_1_2,0.0033443348947912455,3,0
2800,0,2,road_1_2_0_0,0.0,0,0
2800,0,2,road_1_2_0_1,0.0015323872212320566,0,3
2800,0,2,road_1_2_0_2,-0.00035153375938534737,3,0
2800,0,2,road_2_4_3_0,0.0,0,0
2800,0,2,road_2_4_3_1,-0.005157677922397852,3,0
2800,0,2,road_2_4_3_2,-0.0013510414864867926,0,0
2800,0,2,road_3_3_2_0,0.0,0,0
2800,0,2,road_3_3_2_1,-0.0027294692117720842,3,0
2800,0,2,road_3_3_2_2,-0.0020149312913417816,3,0
2800,0,2,road_2_2_1_0,0.0,0,0
2800,0,2,road_2_2_1_1,-0.005157677456736565,3,0
2800,0,2,road_2_2_1_2,-0.0013510416029021144,0,0
2800,0,2,road_1_3_0_0,0.0,0,0
2800,0,2,road_1_3_0_1,-0.0017371152061969042,3,0
2800,0,2,road_1_3_0_2,-0.0027294689789414406,3,0
2800,0,2,road_2_5_3_0,0.0,0,0
2800,0,2,road_2_5_3_1,0.0031160402577370405,3,0
2800,0,2,road_2_5_3_2,0.003116039326414466,3,0
2800,0,2,road_3_4_2_0,0.0,0,0
2800,0,2,road_3_4_2_1,-0.002589405979961157,0,0
2800,0,2,road_3_4_2_2,-0.001114120939746499,3,0
2800,0,2,road_2_3_1_0,0.0,0,0
2800,0,2,road_2_3_1_1,0.0034394944086670876,3,0
2800,0,2,road_2_3_1_2,0.0034394937101751566,3,0
2800,0,2,road_1_4_0_0,0.0,0,0
2800,0,2,road_1_4_0_1,-0.0031465296633541584,0,0
2800,0,2,road_1_4_0_2,-0.002448631916195154,3,0
2800,0,2,road_3_2_3_0,0.0,0,0
2800,0,2,road_3_2_3_1,-0.001565584447234869,3,0
2800,0,2,road_3_2_3_2,-0.00032944526174105704,3,0
2800,0,2,road_4_1_2_0,0.0,0,0
2800,0,2,road_4_1_2_1,-0.005789899732917547,3,0
2800,0,2,road_4_1_2_2,-0.001201690873131156,0,0
2800,0,2,road_3_0_1_0,0.0,0,0
2800,0,2,road_3_0_1_1,-0.00032944546546787024,3,0
2800,0,2,road_3_0_1_2,0.0009594724979251623,0,3
2800,0,2,road_2_1_0_0,0.0,0,0
2800,0,2,road_2_1_0_1,-0.005789899732917547,3,0
2800,0,2,road_2_1_0_2,-0.0012016909895464778,0,0
2800,0,2,road_3_3_3_0,0.0,0,0
2800,0,2,road_3_3_3_1,-0.0017158908303827047,3,0
2800,0,2,road_3_3_3_2,-0.003383949864655733,3,0
2800,0,2,road_4_2_2_0,0.0,0,0
2800,0,2,road_4_2_2_1,0.003918017260730267,3,0
2800,0,2,road_4_2_2_2,0.0038754218257963657,3,0
2800,0,2,road_3_1_1_0,0.0,0,0
2800,0,2,road_3_1_1_1,-0.003383949398994446,3,0
2800,0,2,road_3_1_1_2,-0.0031387158669531345,3,0
2800,0,2,road_2_2_0_0,0.0,0,0
2800,0,2,road_2_2_0_1,0.001862898701801896,3,0
2800,0,2,road_2_2_0_2,0.002343831118196249,3,0
2800,0,2,road_3_4_3_0,0.0,0,0
2800,0,2,road_3_4_3_1,0.004611573182046413,3,0
2800,0,2,road_3_4_3_2,0.0024655365850776434,3,0
2800,0,2,road_4_3_2_0,0.0,0,0
2800,0,2,road_4_3_2_1,-0.0030214115977287292,3,0
2800,0,2,road_4_3_2_2,-0.002341814571991563,3,0
2800,0,2,road_3_2_1_0,0.0,0,0
2800,0,2,road_3_2_1_1,0.0001210589543916285,0,3
2800,0,2,road_3_2_1_2,-0.0036008995957672596,3,0
2800,0,2,road_2_3_0_0,0.0,0,0
2800,0,2,road_2_3_0_1,-0.002341814339160919,3,0
2800,0,2,road_2_3_0_2,-0.0030214115977287292,3,0
2800,0,2,road_3_5_3_0,0.0,0,0
2800,0,2,road_3_5_3_1,0.0035030534490942955,3,0
2800,0,2,road_3_5_3_2,0.002895661862567067,3,0
2800,0,2,road_4_4_2_0,0.0,0,0
2800,0,2,road_4_4_2_1,-0.0015430483035743237,3,0
2800,0,2,road_4_4_2_2,-0.0030187340453267097,3,0
2800,0,2,road_3_3_1_0,0.0,0,0
2800,0,2,road_3_3_1_1,0.003503052983433008,3,0
2800,0,2,road_3_3_1_2,0.002895661164075136,3,0
2800,0,2,road_2_4_0_0,0.0,0,0
2800,0,2,road_2_4_0_1,-0.003018734510987997,3,0
2800,0,2,road_2_4_0_2,-0.0027737454511225224,3,0
2800,0,2,road_4_2_3_0,0.0,0,0
2800,0,2,road_4_2_3_1,-0.0017362898215651512,3,0
2800,0,2,road_4_2_3_2,-0.0019887753296643496,3,0
2800,0,2,road_5_1_2_0,0.0,0,0
2800,0,2,road_5_1_2_1,0.0019991507288068533,3,0
2800,0,2,road_5_1_2_2,0.0019507447723299265,3,0
2800,0,2,road_4_0_1_0,0.0,0,0
2800,0,2,road_4_0_1_1,-2.2010208340361714e-05,0,0
2800,0,2,road_4_0_1_2,-0.0005505077424459159,3,0
2800,0,2,road_3_1_0_0,0.0,0,0
2800,0,2,road_3_1_0_1,0.0019991507288068533,3,0
2800,0,2,road_3_1_0_2,0.0019507450051605701,3,0
2800,0,2,road_4_3_3_0,0.0,0,0
2800,0,2,road_4_3_3_1,0.0011350975837558508,3,0
2800,0,2,road_4_3_3_2,0.0010458071483299136,0,3
2800,0,2,road_5_2_2_0,0.0,0,0
2800,0,2,road_5_2_2_1,-1.539020740892738e-05,0,0
2800,0,2,road_5_2_2_2,-0.0012229288695380092,0,0
2800,0,2,road_4_1_1_0,0.0,0,0
2800,0,2,road_4_1_1_1,-0.002997135277837515,3,0
2800,0,2,road_4_1_1_2,-0.0019112182781100273,0,0
2800,0,2,road_3_2_0_0,0.0,0,0
2800,0,2,road_3_2_0_1,-0.0027286075055599213,0,0
2800,0,2,road_3_2_0_2,-0.0005062106065452099,0,0
2800,0,2,road_4_4_3_0,0.0,0,0
2800,0,2,road_4_4_3_1,-0.0015188283286988735,3,0
2800,0,2,road_4_4_3_2,-0.0002069779729936272,0,0
2800,0,2,road_5_3_2_0,0.0,0,0
2800,0,2,road_5_3_2_1,1.785535459930543e-05,0,3
2800,0,2,road_5_3_2_2,0.0004471968859434128,0,3
2800,0,2,road_4_2_1_0,0.0,0,0
2800,0,2,road_4_2_1_1,-9.048750143847428e-06,3,0
2800,0,2,road_4_2_1_2,-0.002720421412959695,3,0
2800,0,2,road_3_3_0_0,0.0,0,0
2800,0,2,road_3_3_0_1,0.0035810726694762707,0,3
2800,0,2,road_3_3_0_2,0.0034151822328567505,0,3
2800,0,2,road_4_5_3_0,0.0,0,0
2800,0,2,road_4_5_3_1,-0.004669933579862118,3,0
2800,0,2,road_4_5_3_2,-0.0017095671501010656,0,0
2800,0,2,road_5_4_2_0,0.0,0,0
2800,0,2,road_5_4_2_1,-6.387268513208255e-06,3,0
2800,0,2,road_5_4_2_2,-6.387268513208255e-06,3,0
2800,0,2,road_4_3_1_0,0.0,0,0
2800,0,2,road_4_3_1_1,1.926581171574071e-05,3,0
2800,0,2,road_4_3_1_2,0.0018527631182223558,0,3
2800,0,2,road_3_4_0_0,0.0,0,0
2800,0,2,road_3_4_0_1,-0.0021085403859615326,3,0
2800,0,2,road_3_4_0_2,-0.0021085403859615326,3,0
2800,0,3,road_1_2_3_0,0.0,0,0
2800,0,3,road_1_2_3_1,-0.00012876525579486042,0,0
2800,0,3,road_1_2_3_2,-0.00111092918086797,0,0
2800,0,3,road_2_1_2_0,0.0,0,0
2800,0,3,road_2_1_2_1,0.004373838193714619,3,0
2800,0,3,road_2_1_2_2,0.004373838193714619,3,0
2800,0,3,road_1_0_1_0,0.0,0,0
2800,0,3,road_1_0_1_1,-2.0695573766715825e-05,0,0
2800,0,3,road_1_0_1_2,-0.0016120499931275845,0,0
2800,0,3,road_0_1_0_0,0.0,0,0
2800,0,3,road_0_1_0_1,1.1541574167495128e-05,3,0
2800,0,3,road_0_1_0_2,1.1541574167495128e-05,3,0
2800,0,3,road_1_3_3_0,0.0,0,0
2800,0,3,road_1_3_3_1,0.002957907970994711,3,0
2800,0,3,road_1_3_3_2,0.002118553500622511,3,0
2800,0,3,road_2_2_2_0,0.0,0,0
2800,0,3,road_2_2_2_1,-0.0018477968405932188,3,0
2800,0,3,road_2_2_2_2,-0.0025095068849623203,3,0
2800,0,3,road_1_1_1_0,0.0,0,0
2800,0,3,road_1_1_1_1,0.0029770503751933575,3,0
2800,0,3,road_1_1_1_2,0.0016817665891721845,3,0
2800,0,3,road_0_2_0_0,0.0,0,0
2800,0,3,road_0_2_0_1,-7.971691047714557e-06,2,0
2800,0,3,road_0_2_0_2,-0.0018477966077625751,0,0
2800,0,3,road_1_4_3_0,0.0,0,0
2800,0,3,road_1_4_3_1,-1.308280297962483e-05,0,0
2800,0,3,road_1_4_3_2,-0.0006098268204368651,0,0
2800,0,3,road_2_3_2_0,0.0,0,0
2800,0,3,road_2_3_2_1,-0.0032675922848284245,0,0
2800,0,3,road_2_3_2_2,-0.0008323835791088641,0,0
2800,0,3,road_1_2_1_0,0.0,0,0
2800,0,3,road_1_2_1_1,-0.0003684382245410234,0,0
2800,0,3,road_1_2_1_2,-0.0007071994477882981,0,0
2800,0,3,road_0_3_0_0,0.0,0,0
2800,0,3,road_0_3_0_1,-0.005036667920649052,3,0
2800,0,3,road_0_3_0_2,-0.0010323816677555442,0,0
2800,0,3,road_1_5_3_0,0.0,0,0
2800,0,3,road_1_5_3_1,1.4036197171662934e-05,3,0
2800,0,3,road_1_5_3_2,0.0003578264731913805,3,0
2800,0,3,road_2_4_2_0,0.0,0,0
2800,0,3,road_2_4_2_1,-0.0030946778133511543,3,0
2800,0,3,road_2_4_2_2,-0.0030946782790124416,3,0
2800,0,3,road_1_3_1_0,0.0,0,0
2800,0,3,road_1_3_1_1,0.004381654784083366,3,0
2800,0,3,road_1_3_1_2,0.004243709146976471,3,0
2800,0,3,road_0_4_0_0,0.0,0,0
2800,0,3,road_0_4_0_1,-9.42524002311984e-06,3,0
2800,0,3,road_0_4_0_2,-9.425240932614543e-06,3,0
2800,0,3,road_2_2_3_0,0.0,0,0
2800,0,3,road_2_2_3_1,0.0021301694214344025,3,0
2800,0,3,road_2_2_3_2,0.0032670896034687757,3,0
2800,0,3,road_3_1_2_0,0.0,0,0
2800,0,3,road_3_1_2_1,-0.002632838673889637,3,0
2800,0,3,road_3_1_2_2,-0.000835220969747752,3,0
2800,0,3,road_2_0_1_0,0.0,0,0
2800,0,3,road_2_0_1_1,0.0026960179675370455,3,0
2800,0,3,road_2_0_1_2,0.003257423173636198,3,0
2800,0,3,road_1_1_0_0,0.0,0,0
2800,0,3,road_1_1_0_1,-9.731212048791349e-05,3,0
2800,0,3,road_1_1_0_2,-0.00013802896137349308,0,0
2800,0,3,road_2_3_3_0,0.0,0,0
2800,0,3,road_2_3_3_1,0.0035814675502479076,3,0
2800,0,3,road_2_3_3_2,0.0029699699953198433,3,0
2800,0,3,road_3_2_2_0,0.0,0,0
2800,0,3,road_3_2_2_1,-0.0031536193564534187,3,0
2800,0,3,road_3_2_2_2,-0.0028590853326022625,3,0
2800,0,3,road_2_1_1_0,0.0,0,0
2800,0,3,road_2_1_1_1,0.003581468015909195,3,0
2800,0,3,road_2_1_1_2,0.0029699704609811306,3,0
2800,0,3,road_1_2_0_0,0.0,0,0
2800,0,3,road_1_2_0_1,-0.0020728716626763344,3,0
2800,0,3,road_1_2_0_2,-0.0031536188907921314,3,0
2800,0,3,road_2_4_3_0,0.0,0,0
2800,0,3,road_2_4_3_1,-0.005157677922397852,3,0
2800,0,3,road_2_4_3_2,-0.0013510414864867926,0,0
2800,0,3,road_3_3_2_0,0.0,0,0
2800,0,3,road_3_3_2_1,-0.0027294692117720842,3,0
2800,0,3,road_3_3_2_2,-0.0020149312913417816,3,0
2800,0,3,road_2_2_1_0,0.0,0,0
2800,0,3,road_2_2_1_1,-0.005157677456736565,3,0
2800,0,3,road_2_2_1_2,-0.0013510416029021144,0,0
2800,0,3,road_1_3_0_0,0.0,0,0
2800,0,3,road_1_3_0_1,-0.0017371152061969042,3,0
2800,0,3,road_1_3_0_2,-0.0027294689789414406,3,0
2800,0,3,road_2_5_3_0,0.0,0,0
2800,0,3,road_2_5_3_1,0.0031160402577370405,3,0
2800,0,3,road_2_5_3_2,0.003116039326414466,3,0
2800,0,3,road_3_4_2_0,0.0,0,0
2800,0,3,road_3_4_2_1,-0.002589405979961157,0,0
2800,0,3,road_3_4_2_2,-0.001114120939746499,3,0
2800,0,3,road_2_3_1_0,0.0,0,0
2800,0,3,road_2_3_1_1,0.0034394944086670876,3,0
2800,0,3,road_2_3_1_2,0.0034394937101751566,3,0
2800,0,3,road_1_4_0_0,0.0,0,0
2800,0,3,road_1_4_0_1,-0.0031465296633541584,0,0
2800,0,3,road_1_4_0_2,-0.002448631916195154,3,0
2800,0,3,road_3_2_3_0,0.0,0,0
2800,0,3,road_3_2_3_1,-0.002177528338506818,3,0
2800,0,3,road_3_2_3_2,-0.0026510076131671667,3,0
2800,0,3,road_4_1_2_0,0.0,0,0
2800,0,3,road_4_1_2_1,-0.005086176097393036,3,0
2800,0,3,road_4_1_2_2,-0.0013789288932457566,0,0
2800,0,3,road_3_0_1_0,0.0,0,0
2800,0,3,road_3_0_1_1,-0.0026510064490139484,3,0
2800,0,3,road_3_0_1_2,-0.002498205751180649,3,0
2800,0,3,road_2_1_0_0,0.0,0,0
2800,0,3,road_2_1_0_1,-0.005086176097393036,3,0
2800,0,3,road_2_1_0_2,-0.0013789288932457566,0,0
2800,0,3,road_3_3_3_0,0.0,0,0
2800,0,3,road_3_3_3_1,-0.0017158908303827047,3,0
2800,0,3,road_3_3_3_2,-0.003383949864655733,3,0
2800,0,3,road_4_2_2_0,0.0,0,0
2800,0,3,road_4_2_2_1,0.003918017260730267,3,0
2800,0,3,road_4_2_2_2,0.0038754218257963657,3,0
2800,0,3,road_3_1_1_0,0.0,0,0
2800,0,3,road_3_1_1_1,-0.003383949398994446,3,0
2800,0,3,road_3_1_1_2,-0.0031387158669531345,3,0
2800,0,3,road_2_2_0_0,0.0,0,0
2800,0,3,road_2_2_0_1,0.001862898701801896,3,0
2800,0,3,road_2_2_0_2,0.002343831118196249,3,0
2800,0,3,road_3_4_3_0,0.0,0,0
2800,0,3,road_3_4_3_1,0.0022109863348305225,3,0
2800,0,3,road_3_4_3_2,0.0037356531247496605,3,0
2800,0,3,road_4_3_2_0,0.0,0,0
2800,0,3,road_4_3_2_1,-0.003284900914877653,3,0
2800,0,3,road_4_3_2_2,-0.0025396738201379776,3,0
2800,0,3,road_3_2_1_0,0.0,0,0
2800,0,3,road_3_2_1_1,0.0028024627827107906,3,0
2800,0,3,road_3_2_1_2,0.003719570580869913,3,0
2800,0,3,road_2_3_0_0,0.0,0,0
2800,0,3,road_2_3_0_1,-0.0025396738201379776,3,0
2800,0,3,road_2_3_0_2,-0.003284900449216366,3,0
2800,0,3,road_3_5_3_0,0.0,0,0
2800,0,3,road_3_5_3_1,0.0035030534490942955,3,0
2800,0,3,road_3_5_3_2,0.002895661862567067,3,0
2800,0,3,road_4_4_2_0,0.0,0,0
2800,0,3,road_4_4_2_1,-0.0015430483035743237,3,0
2800,0,3,road_4_4_2_2,-0.0030187340453267097,3,0
2800,0,3,road_3_3_1_0,0.0,0,0
2800,0,3,road_3_3_1_1,0.003503052983433008,3,0
2800,0,3,road_3_3_1_2,0.002895661164075136,3,0
2800,0,3,road_2_4_0_0,0.0,0,0
2800,0,3,road_2_4_0_1,-0.003018734510987997,3,0
2800,0,3,road_2_4_0_2,-0.0027737454511225224,3,0
2800,0,3,road_4_2_3_0,0.0,0,0
2800,0,3,road_4_2_3_1,-0.0017362898215651512,3,0
2800,0,3,road_4_2_3_2,-0.0019887753296643496,3,0
2800,0,3,road_5_1_2_0,0.0,0,0
2800,0,3,road_5_1_2_1,0.0019991507288068533,3,0
2800,0,3,road_5_1_2_2,0.0019507447723299265,3,0
2800,0,3,road_4_0_1_0,0.0,0,0
2800,0,3,road_4_0_1_1,-2.2010208340361714e-05,0,0
2800,0,3,road_4_0_1_2,-0.0005505077424459159,3,0
2800,0,3,road_3_1_0_0,0.0,0,0
2800,0,3,road_3_1_0_1,0.0019991507288068533,3,0
2800,0,3,road_3_1_0_2,0.0019507450051605701,3,0
2800,0,3,road_4_3_3_0,0.0,0,0
2800,0,3,road_4_3_3_1,0.0015149266691878438,3,0
2800,0,3,road_4_3_3_2,0.0016256776871159673,3,0
2800,0,3,road_5_2_2_0,0.0,0,0
2800,0,3,road_5_2_2_1,-1.9324443201185204e-05,0,0
2800,0,3,road_5_2_2_2,-0.0023143799044191837,0,0
2800,0,3,road_4_1_1_0,0.0,0,0
2800,0,3,road_4_1_1_1,-0.0020733431447297335,3,0
2800,0,3,road_4_1_1_2,-0.002299654297530651,0,0
2800,0,3,road_3_2_0_0,0.0,0,0
2800,0,3,road_3_2_0_1,-0.0034062492195516825,0,0
2800,0,3,road_3_2_0_2,-0.00126766343601048,0,0
2800,0,3,road_4_4_3_0,0.0,0,0
2800,0,3,road_4_4_3_1,0.00668953824788332,3,0
2800,0,3,road_4_4_3_2,0.0011666212230920792,0,3
2800,0,3,road_5_3_2_0,0.0,0,0
2800,0,3,road_5_3_2_1,-6.519652288261568e-06,3,0
2800,0,3,road_5_3_2_2,-0.00023888968280516565,3,0
2800,0,3,road_4_2_1_0,0.0,0,0
2800,0,3,road_4_2_1_1,6.023675723554334e-06,3,0
2800,0,3,road_4_2_1_2,0.0013501748908311129,3,0
2800,0,3,road_3_3_0_0,0.0,0,0
2800,0,3,road_3_3_0_1,-0.0016925506060943007,3,0
2800,0,3,road_3_3_0_2,-0.0021510119549930096,3,0
2800,0,3,road_4_5_3_0,0.0,0,0
2800,0,3,road_4_5_3_1,0.006663687527179718,3,0
2800,0,3,road_4_5_3_2,0.0010113390162587166,0,3
2800,0,3,road_5_4_2_0,0.0,0,0
2800,0,3,road_5_4_2_1,-6.930094059498515e-06,3,0
2800,0,3,road_5_4_2_2,-6.930093150003813e-06,3,0
2800,0,3,road_4_3_1_0,0.0,0,0
2800,0,3,road_4_3_1_1,1.994239391933661e-05,3,0
2800,0,3,road_4_3_1_2,0.0006202661897987127,3,0
2800,0,3,road_3_4_0_0,0.0,0,0
2800,0,3,road_3_4_0_1,-0.0024026238825172186,3,0
2800,0,3,road_3_4_0_2,-0.002402623649686575,3,0
3000,0,0,road_1_2_3_0,0.0,0,0
3000,0,0,road_1_2_3_1,-2.843886431946885e-05,0,0
3000,0,0,road_1_2_3_2,-0.001035603228956461,0,0
3000,0,0,road_2_1_2_0,0.0,0,0
3000,0,0,road_2_1_2_1,0.002056719735264778,0,3
3000,0,0,road_2_1_2_2,0.002056645229458809,0,3
3000,0,0,road_1_0_1_0,0.0,0,0
3000,0,0,road_1_0_1_1,-1.6122543456731364e-05,0,0
3000,0,0,road_1_0_1_2,-0.0006313930498436093,0,0
3000,0,0,road_0_1_0_0,0.0,0,0
3000,0,0,road_0_1_0_1,1.374001021758886e-05,0,3
3000,0,0,road_0_1_0_2,1.7011021554935724e-05,0,3
3000,0,0,road_1_3_3_0,0.0,0,0
3000,0,0,road_1_3_3_1,0.002009475836530328,0,3
3000,0,0,road_1_3_3_2,0.0012801389675587416,0,3
3000,0,0,road_2_2_2_0,0.0,0,0
3000,0,0,road_2_2_2_1,0.0030803538393229246,0,3
3000,0,0,road_2_2_2_2,0.0013870977563783526,0,3
3000,0,0,road_1_1_1_0,0.0,0,0
3000,0,0,road_1_1_1_1,0.0028991231229156256,0,3
3000,0,0,road_1_1_1_2,0.0022949285339564085,0,3
3000,0,0,road_0_2_0_0,0.0,0,0
3000,0,0,road_0_2_0_1,1.6888128811842762e-05,0,2
3000,0,0,road_0_2_0_2,-0.0004112308379262686,0,0
3000,0,0,road_1_4_3_0,0.0,0,0
3000,0,0,road_1_4_3_1,-1.4150585229799617e-05,0,0
3000,0,0,road_1_4_3_2,-0.00064378249226138,0,0
3000,0,0,road_2_3_2_0,0.0,0,0
3000,0,0,road_2_3_2_1,-0.0011344015365466475,0,3
3000,0,0,road_2_3_2_2,-0.0008524970035068691,0,0
3000,0,0,road_1_2_1_0,0.0,0,0
3000,0,0,road_1_2_1_1,-0.0003222307423129678,0,0
3000,0,0,road_1_2_1_2,-0.0007625751895830035,0,0
3000,0,0,road_0_3_0_0,0.0,0,0
3000,0,0,road_0_3_0_1,-0.001134401303716004,0,0
3000,0,0,road_0_3_0_2,-0.0008524969452992082,0,0
3000,0,0,road_1_5_3_0,0.0,0,0
3000,0,0,road_1_5_3_1,-1.7898830265039578e-05,0,0
3000,0,0,road_1_5_3_2,-0.0005100779817439616,0,0
3000,0,0,road_2_4_2_0,0.0,0,0
3000,0,0,road_2_4_2_1,0.002958786441013217,0,3
3000,0,0,road_2_4_2_2,0.0032030066940933466,0,3
3000,0,0,road_1_3_1_0,0.0,0,0
3000,0,0,road_1_3_1_1,-0.0012933879625052214,0,0
3000,0,0,road_1_3_1_2,-0.0013589899754151702,0,0
3000,0,0,road_0_4_0_0,0.0,0,0
3000,0,0,road_0_4_0_1,1.7842721717897803e-05,0,3
3000,0,0,road_0_4_0_2,1.7438456779927947e-05,0,3
3000,0,0,road_2_2_3_0,0.0,0,0
3000,0,0,road_2_2_3_1,0.0034960471093654633,0,3
3000,0,0,road_2_2_3_2,0.0026914237532764673,0,3
3000,0,0,road_3_1_2_0,0.0,0,0
3000,0,0,road_3_1_2_1,0.003157238243147731,0,3
3000,0,0,road_3_1_2_2,-5.07342629134655e-05,0,0
3000,0,0,road_2_0_1_0,0.0,0,0
3000,0,0,road_2_0_1_1,0.0005885170539841056,0,3
3000,0,0,road_2_0_1_2,0.0015941064339131117,0,3
3000,0,0,road_1_1_0_0,0.0,0,0
3000,0,0,road_1_1_0_1,4.3177489715162665e-05,0,3
3000,0,0,road_1_1_0_2,-0.003082734066992998,0,0
3000,0,0,road_2_3_3_0,0.0,0,0
3000,0,0,road_2_3_3_1,0.0010536049958318472,0,3
3000,0,0,road_2_3_3_2,0.00011408289719838649,0,3
3000,0,0,road_3_2_2_0,0.0,0,0
3000,0,0,road_3_2_2_1,-0.0004460881173145026,0,0
3000,0,0,road_3_2_2_2,0.00027439402765594423,0,3
3000,0,0,road_2_1_1_0,0.0,0,0
3000,0,0,road_2_1_1_1,0.0010536049958318472,0,3
3000,0,0,road_2_1_1_2,0.00011408293357817456,0,3
3000,0,0,road_1_2_0_0,0.0,0,0
3000,0,0,road_1_2_0_1,-0.001974831335246563,0,0
3000,0,0,road_1_2_0_2,-0.0002650078968144953,0,0
3000,0,0,road_2_4_3_0,0.0,0,0
3000,0,0,road_2_4_3_1,0.00023044797126203775,0,3
3000,0,0,road_2_4_3_2,-0.0003381556016393006,0,0
3000,0,0,road_3_3_2_0,0.0,0,0
3000,0,0,road_3_3_2_1,1.0116513294633478e-05,0,3
3000,0,0,road_3_3_2_2,-0.0004016885068267584,0,0
3000,0,0,road_2_2_1_0,0.0,0,0
3000,0,0,road_2_2_1_1,0.00023044788395054638,0,3
3000,0,0,road_2_2_1_2,-0.0003381556598469615,0,0
3000,0,0,road_1_3_0_0,0.0,0,0
3000,0,0,road_1_3_0_1,0.0008537402027286589,0,3
3000,0,0,road_1_3_0_2,1.011644781101495e-05,0,3
3000,0,0,road_2_5_3_0,0.0,0,0
3000,0,0,road_2_5_3_1,0.00013659146497957408,0,3
3000,0,0,road_2_5_3_2,0.00013659136311616749,0,3
3000,0,0,road_3_4_2_0,0.0,0,0
3000,0,0,road_3_4_2_1,0.00036309249117039144,0,3
3000,0,0,road_3_4_2_2,1.4036530046723783e-05,0,3
3000,0,0,road_2_3_1_0,0.0,0,0
3000,0,0,road_2_3_1_1,0.001671403180807829,0,3
3000,0,0,road_2_3_1_2,0.001671403064392507,0,3
3000,0,0,road_1_4_0_0,0.0,0,0
3000,0,0,road_1_4_0_1,-0.0012479916913434863,0,0
3000,0,0,road_1_4_0_2,-0.0018071220256388187,0,0
3000,0,0,road_3_2_3_0,0.0,0,0
3000,0,0,road_3_2_3_1,-0.001974832732230425,0,0
3000,0,0,road_3_2_3_2,-0.00026500836247578263,0,0
3000,0,0,road_4_1_2_0,0.0,0,0
3000,0,0,road_4_1_2_1,0.0010536045301705599,0,3
3000,0,0,road_4_1_2_2,0.00011408250429667532,0,3
3000,0,0,road_3_0_1_0,0.0,0,0
3000,0,0,road_3_0_1_1,-0.0004460890486370772,0,0
3000,0,0,road_3_0_1_2,0.00027439367840997875,0,3
3000,0,0,road_2_1_0_0,0.0,0,0
3000,0,0,road_2_1_0_1,0.0010536045301705599,0,3
3000,0,0,road_2_1_0_2,0.00011408244608901441,0,3
3000,0,0,road_3_3_3_0,0.0,0,0
3000,0,0,road_3_3_3_1,0.0008516715024597943,0,3
3000,0,0,road_3_3_3_2,0.0001445597008569166,0,3
3000,0,0,road_4_2_2_0,0.0,0,0
3000,0,0,road_4_2_2_1,-0.0005670413374900818,0,0
3000,0,0,road_4_2_2_2,-0.0005885487189516425,0,0
3000,0,0,road_3_1_1_0,0.0,0,0
3000,0,0,road_3_1_1_1,0.00014455975906457752,0,3
3000,0,0,road_3_1_1_2,-0.000162781827384606,0,0
3000,0,0,road_2_2_0_0,0.0,0,0
3000,0,0,road_2_2_0_1,0.00018819147953763604,0,3
3000,0,0,road_2_2_0_2,0.00020019990915898234,0,3
3000,0,0,road_3_4_3_0,0.0,0,0
3000,0,0,road_3_4_3_1,2.9155515221646056e-05,0,3
3000,0,0,road_3_4_3_2,-0.0002470801118761301,0,0
3000,0,0,road_4_3_2_0,0.0,0,0
3000,0,0,road_4_3_2_1,-6.189060513861477e-05,0,0
3000,0,0,road_4_3_2_2,0.0005527476314455271,0,3
3000,0,0,road_3_2_1_0,0.0,0,0
3000,0,0,road_3_2_1_1,0.0007158538792282343,0,3
3000,0,0,road_3_2_1_2,9.139208850683644e-05,0,3
3000,0,0,road_2_3_0_0,0.0,0,0
3000,0,0,road_2_3_0_1,-0.0017363643273711205,0,0
3000,0,0,road_2_3_0_2,-0.0006145538063719869,0,0
3000,0,0,road_3_5_3_0,0.0,0,0
3000,0,0,road_3_5_3_1,0.0018493488896638155,0,3
3000,0,0,road_3_5_3_2,9.62864505709149e-05,0,3
3000,0,0,road_4_4_2_0,0.0,0,0
3000,0,0,road_4_4_2_1,-0.0013483158545568585,0,0
3000,0,0,road_4_4_2_2,-0.00038079917430877686,0,0
3000,0,0,road_3_3_1_0,0.0,0,0
3000,0,0,road_3_3_1_1,0.0018493490060791373,0,3
3000,0,0,road_3_3_1_2,9.628638508729637e-05,0,3
3000,0,0,road_2_4_0_0,0.0,0,0
3000,0,0,road_2_4_0_1,-0.0004202040727250278,0,0
3000,0,0,road_2_4_0_2,0.00018197527970187366,0,3
3000,0,0,road_4_2_3_0,0.0,0,0
3000,0,0,road_4_2_3_1,0.007410716265439987,0,3
3000,0,0,road_4_2_3_2,0.005233848001807928,0,3
3000,0,0,road_5_1_2_0,0.0,0,0
3000,0,0,road_5_1_2_1,0.001921194139868021,0,3
3000,0,0,road_5_1_2_2,0.0013156053610146046,0,3
3000,0,0,road_4_0_1_0,0.0,0,0
3000,0,0,road_4_0_1_1,2.237679473182652e-05,0,0
3000,0,0,road_4_0_1_2,0.0029263910837471485,0,3
3000,0,0,road_3_1_0_0,0.0,0,0
3000,0,0,road_3_1_0_1,0.0019211936742067337,0,3
3000,0,0,road_3_1_0_2,0.001315605128183961,0,2
3000,0,0,road_4_3_3_0,0.0,0,0
3000,0,0,road_4_3_3_1,0.0024544773623347282,0,3
3000,0,0,road_4_3_3_2,0.002838423475623131,0,3
3000,0,0,road_5_2_2_0,0.0,0,0
3000,0,0,road_5_2_2_1,2.0603723896783777e-05,0,2
3000,0,0,road_5_2_2_2,-5.4266012739390135e-05,0,0
3000,0,0,road_4_1_1_0,0.0,0,0
3000,0,0,road_4_1_1_1,0.0024544771295040846,0,3
3000,0,0,road_4_1_1_2,0.002838423475623131,0,3
3000,0,0,road_3_2_0_0,0.0,0,0
3000,0,0,road_3_2_0_1,0.003621784970164299,0,3
3000,0,0,road_3_2_0_2,0.002101761754602194,0,3
3000,0,0,road_4_4_3_0,0.0,0,0
3000,0,0,road_4_4_3_1,0.0030196073930710554,0,3
3000,0,0,road_4_4_3_2,-0.0005410127341747284,0,0
3000,0,0,road_5_3_2_0,0.0,0,0
3000,0,0,road_5_3_2_1,-1.714274003461469e-05,0,0
3000,0,0,road_5_3_2_2,-0.0005494372453540564,0,0
3000,0,0,road_4_2_1_0,0.0,0,0
3000,0,0,road_4_2_1_1,4.285350769350771e-06,0,3
3000,0,0,road_4_2_1_2,-0.004423219710588455,0,0
3000,0,0,road_3_3_0_0,0.0,0,0
3000,0,0,road_3_3_0_1,-0.002660978352651,0,0
3000,0,0,road_3_3_0_2,-0.0008119748090393841,0,0
3000,0,0,road_4_5_3_0,0.0,0,0
3000,0,0,road_4_5_3_1,0.002977459691464901,0,3
3000,0,0,road_4_5_3_2,-0.00046799410483799875,0,0
3000,0,0,road_5_4_2_0,0.0,0,0
3000,0,0,road_5_4_2_1,-1.6836595023050904e-05,0,0
3000,0,0,road_5_4_2_2,-1.63251934282016e-05,0,0
3000,0,0,road_4_3_1_0,0.0,0,0
3000,0,0,road_4_3_1_1,6.0711113292200025e-06,0,3
3000,0,0,road_4_3_1_2,-0.004326402209699154,0,0
3000,0,0,road_3_4_0_0,0.0,0,0
3000,0,0,road_3_4_0_1,-0.0007131568272598088,0,0
3000,0,0,road_3_4_0_2,-0.0007429290562868118,0,0
3000,0,1,road_1_2_3_0,0.0,0,0
3000,0,1,road_1_2_3_1,-3.6361681850394234e-05,0,0
3000,0,1,road_1_2_3_2,-0.0013005398213863373,0,0
3000,0,1,road_2_1_2_0,0.0,0,0
3000,0,1,road_2_1_2_1,0.003921196796000004,3,0
3000,0,1,road_2_1_2_2,0.003921182360500097,3,0
3000,0,1,road_1_0_1_0,0.0,0,0
3000,0,1,road_1_0_1_1,-2.0519279132713564e-05,0,0
3000,0,1,road_1_0_1_2,-0.0008068548049777746,0,0
3000,0,1,road_0_1_0_0,0.0,0,0
3000,0,1,road_0_1_0_1,1.0718622434069403e-05,3,0
3000,0,1,road_0_1_0_2,1.3276777281134855e-05,3,0
3000,0,1,road_1_3_3_0,0.0,0,0
3000,0,1,road_1_3_3_1,0.0030853603966534138,3,0
3000,0,1,road_1_3_3_2,0.002248549135401845,3,0
3000,0,1,road_2_2_2_0,0.0,0,0
3000,0,1,road_2_2_2_1,-0.0027760735247284174,3,0
3000,0,1,road_2_2_2_2,-0.00266346731223166,3,0
3000,0,1,road_1_1_1_0,0.0,0,0
3000,0,1,road_1_1_1_1,0.003118962747976184,3,0
3000,0,1,road_1_1_1_2,0.001795436255633831,3,0
3000,0,1,road_0_2_0_0,0.0,0,0
3000,0,1,road_0_2_0_1,-9.342962584923953e-06,2,0
3000,0,1,road_0_2_0_2,-0.0019735959358513355,0,0
3000,0,1,road_1_4_3_0,0.0,0,0
3000,0,1,road_1_4_3_1,-1.2934317055623978e-05,0,0
3000,0,1,road_1_4_3_2,-0.0006031033117324114,0,0
3000,0,1,road_2_3_2_0,0.0,0,0
3000,0,1,road_2_3_2_1,-0.00503153633326292,3,0
3000,0,1,road_2_3_2_2,-0.0010246228193864226,0,0
3000,0,1,road_1_2_1_0,0.0,0,0
3000,0,1,road_1_2_1_1,-0.00029742176411673427,0,0
3000,0,1,road_1_2_1_2,-0.0006977716693654656,0,0
3000,0,1,road_0_3_0_0,0.0,0,0
3000,0,1,road_0_3_0_1,-0.0032658844720572233,0,0
3000,0,1,road_0_3_0_2,-0.0008296667947433889,0,0
3000,0,1,road_1_5_3_0,0.0,0,0
3000,0,1,road_1_5_3_1,1.4170303984428756e-05,0,3
3000,0,1,road_1_5_3_2,0.00040108736720867455,0,3
3000,0,1,road_2_4_2_0,0.0,0,0
3000,0,1,road_2_4_2_1,-0.0015457721892744303,3,0
3000,0,1,road_2_4_2_2,-0.0022915874142199755,3,0
3000,0,1,road_1_3_1_0,0.0,0,0
3000,0,1,road_1_3_1_1,0.0020062231924384832,0,3
3000,0,1,road_1_3_1_2,0.0019428879022598267,0,3
3000,0,1,road_0_4_0_0,0.0,0,0
3000,0,1,road_0_4_0_1,-6.250365004234482e-06,3,0
3000,0,1,road_0_4_0_2,-7.101575192791643e-06,3,0
3000,0,1,road_2_2_3_0,0.0,0,0
3000,0,1,road_2_2_3_1,0.0018238192424178123,3,0
3000,0,1,road_2_2_3_2,0.0024059051647782326,3,0
3000,0,1,road_3_1_2_0,0.0,0,0
3000,0,1,road_3_1_2_1,-0.0011593305971473455,3,0
3000,0,1,road_3_1_2_2,0.000139530748128891,0,3
3000,0,1,road_2_0_1_0,0.0,0,0
3000,0,1,road_2_0_1_1,0.002932350616902113,3,0
3000,0,1,road_2_0_1_2,0.002353538991883397,3,0
3000,0,1,road_1_1_0_0,0.0,0,0
3000,0,1,road_1_1_0_1,-6.0177168052177876e-05,3,0
3000,0,1,road_1_1_0_2,-0.0008941548294387758,0,0
3000,0,1,road_2_3_3_0,0.0,0,0
3000,0,1,road_2_3_3_1,0.0013520545326173306,3,0
3000,0,1,road_2_3_3_2,0.003693835809826851,3,0
3000,0,1,road_3_2_2_0,0.0,0,0
3000,0,1,road_3_2_2_1,0.0004615051147993654,0,3
3000,0,1,road_3_2_2_2,0.0009801648557186127,3,0
3000,0,1,road_2_1_1_0,0.0,0,0
3000,0,1,road_2_1_1_1,0.001352054299786687,3,0
3000,0,1,road_2_1_1_2,0.00369383511133492,3,0
3000,0,1,road_1_2_0_0,0.0,0,0
3000,0,1,road_1_2_0_1,-0.0003847329644486308,0,0
3000,0,1,road_1_2_0_2,0.00046150549314916134,0,3
3000,0,1,road_2_4_3_0,0.0,0,0
3000,0,1,road_2_4_3_1,-0.005437762010842562,3,0
3000,0,1,road_2_4_3_2,-0.0012168997200205922,0,0
3000,0,1,road_3_3_2_0,0.0,0,0
3000,0,1,road_3_3_2_1,0.0004380162281449884,3,0
3000,0,1,road_3_3_2_2,0.002469357568770647,0,3
3000,0,1,road_2_2_1_0,0.0,0,0
3000,0,1,road_2_2_1_1,-0.005437762010842562,3,0
3000,0,1,road_2_2_1_2,-0.0012168999528512359,0,0
3000,0,1,road_1_3_0_0,0.0,0,0
3000,0,1,road_1_3_0_1,-0.0014989373739808798,3,0
3000,0,1,road_1_3_0_2,0.00043801727588288486,3,0
3000,0,1,road_2_5_3_0,0.0,0,0
3000,0,1,road_2_5_3_1,0.0031488321255892515,3,0
3000,0,1,road_2_5_3_2,0.003148831659927964,3,0
3000,0,1,road_3_4_2_0,0.0,0,0
3000,0,1,road_3_4_2_1,-0.0018505104817450047,3,0
3000,0,1,road_3_4_2_2,-0.0010082828812301159,3,0
3000,0,1,road_2_3_1_0,0.0,0,0
3000,0,1,road_2_3_1_1,0.003382996888831258,3,0
3000,0,1,road_2_3_1_2,0.003382995957508683,3,0
3000,0,1,road_1_4_0_0,0.0,0,0
3000,0,1,road_1_4_0_1,-0.0010082831140607595,0,0
3000,0,1,road_1_4_0_2,0.0012846867321059108,0,3
3000,0,1,road_3_2_3_0,0.0,0,0
3000,0,1,road_3_2_3_1,-0.00038473313907161355,0,0
3000,0,1,road_3_2_3_2,0.0004615049983840436,0,3
3000,0,1,road_4_1_2_0,0.0,0,0
3000,0,1,road_4_1_2_1,0.0013520554639399052,3,0
3000,0,1,road_4_1_2_2,0.00369383511133492,3,0
3000,0,1,road_3_0_1_0,0.0,0,0
3000,0,1,road_3_0_1_1,0.0004615049692802131,0,3
3000,0,1,road_3_0_1_2,0.0009801640408113599,3,0
3000,0,1,road_2_1_0_0,0.0,0,0
3000,0,1,road_2_1_0_1,0.0013520554639399052,3,0
3000,0,1,road_2_1_0_2,0.0036938348785042763,3,0
3000,0,1,road_3_3_3_0,0.0,0,0
3000,0,1,road_3_3_3_1,-0.001541162608191371,3,0
3000,0,1,road_3_3_3_2,-0.0006627186667174101,3,0
3000,0,1,road_4_2_2_0,0.0,0,0
3000,0,1,road_4_2_2_1,0.0016406311187893152,0,3
3000,0,1,road_4_2_2_2,-0.0007288889610208571,0,0
3000,0,1,road_3_1_1_0,0.0,0,0
3000,0,1,road_3_1_1_1,-0.0006627182010561228,3,0
3000,0,1,road_3_1_1_2,0.0008578007691539824,0,3
3000,0,1,road_2_2_0_0,0.0,0,0
3000,0,1,road_2_2_0_1,-0.0022380615118891,3,0
3000,0,1,road_2_2_0_2,-0.005327736958861351,3,0
3000,0,1,road_3_4_3_0,0.0,0,0
3000,0,1,road_3_4_3_1,-0.0033624880015850067,3,0
3000,0,1,road_3_4_3_2,0.00043431814992800355,0,3
3000,0,1,road_4_3_2_0,0.0,0,0
3000,0,1,road_4_3_2_1,0.0014708752278238535,0,3
3000,0,1,road_4_3_2_2,0.0023269029334187508,3,0
3000,0,1,road_3_2_1_0,0.0,0,0
3000,0,1,road_3_2_1_1,0.0008651149109937251,3,0
3000,0,1,road_3_2_1_2,0.006155034992843866,3,0
3000,0,1,road_2_3_0_0,0.0,0,0
3000,0,1,road_2_3_0_1,0.0012732299510389566,0,3
3000,0,1,road_2_3_0_2,0.0013963410165160894,0,3
3000,0,1,road_3_5_3_0,0.0,0,0
3000,0,1,road_3_5_3_1,0.002933770650997758,3,0
3000,0,1,road_3_5_3_2,0.0034710646141320467,3,0
3000,0,1,road_4_4_2_0,0.0,0,0
3000,0,1,road_4_4_2_1,0.0017368125263601542,0,3
3000,0,1,road_4_4_2_2,0.0014271303080022335,0,3
3000,0,1,road_3_3_1_0,0.0,0,0
3000,0,1,road_3_3_1_1,0.0029337704181671143,3,0
3000,0,1,road_3_3_1_2,0.0034710639156401157,3,0
3000,0,1,road_2_4_0_0,0.0,0,0
3000,0,1,road_2_4_0_1,0.0017981799319386482,0,3
3000,0,1,road_2_4_0_2,0.001762639032676816,3,0
3000,0,1,road_4_2_3_0,0.0,0,0
3000,0,1,road_4_2_3_1,-0.0017145893070846796,3,0
3000,0,1,road_4_2_3_2,-0.0019851725082844496,3,0
3000,0,1,road_5_1_2_0,0.0,0,0
3000,0,1,road_5_1_2_1,0.0017096911324188113,3,0
3000,0,1,road_5_1_2_2,0.004147346597164869,3,0
3000,0,1,road_4_0_1_0,0.0,0,0
3000,0,1,road_4_0_1_1,-1.7853562894742936e-05,0,0
3000,0,1,road_4_0_1_2,-0.0006996463635005057,3,0
3000,0,1,road_3_1_0_0,0.0,0,0
3000,0,1,road_3_1_0_1,0.0011526655871421099,3,0
3000,0,1,road_3_1_0_2,0.004455215763300657,2,1
3000,0,1,road_4_3_3_0,0.0,0,0
3000,0,1,road_4_3_3_1,0.0017167236655950546,3,0
3000,0,1,road_4_3_3_2,0.003086244221776724,3,0
3000,0,1,road_5_2_2_0,0.0,0,0
3000,0,1,road_5_2_2_1,-8.52245375426719e-06,2,0
3000,0,1,road_5_2_2_2,-0.0019648883026093245,0,0
3000,0,1,road_4_1_1_0,0.0,0,0
3000,0,1,road_4_1_1_1,0.0017167237820103765,3,0
3000,0,1,road_4_1_1_2,0.003086244687438011,3,0
3000,0,1,road_3_2_0_0,0.0,0,0
3000,0,1,road_3_2_0_1,-0.001964888069778681,3,0
3000,0,1,road_3_2_0_2,-0.0026540029793977737,3,0
3000,0,1,road_4_4_3_0,0.0,0,0
3000,0,1,road_4_4_3_1,-0.004386505577713251,3,0
3000,0,1,road_4_4_3_2,-0.002093214076012373,0,0
3000,0,1,road_5_3_2_0,0.0,0,0
3000,0,1,road_5_3_2_1,-1.5226880350382999e-05,0,0
3000,0,1,road_5_3_2_2,-0.0005061874981038272,0,0
3000,0,1,road_4_2_1_0,0.0,0,0
3000,0,1,road_4_2_1_1,7.20529033060302e-06,3,0
3000,0,1,road_4_2_1_2,0.001860980992205441,0,3
3000,0,1,road_3_3_0_0,0.0,0,0
3000,0,1,road_3_3_0_1,-0.0029466082341969013,0,0
3000,0,1,road_3_3_0_2,-0.0010433390270918608,0,0
3000,0,1,road_4_5_3_0,0.0,0,0
3000,0,1,road_4_5_3_1,-0.004293540492653847,3,0
3000,0,1,road_4_5_3_2,-0.001963020069524646,0,0
3000,0,1,road_5_4_2_0,0.0,0,0
3000,0,1,road_5_4_2_1,-1.5257626728271134e-05,0,0
3000,0,1,road_5_4_2_2,-1.553239781060256e-05,0,0
3000,0,1,road_4_3_1_0,0.0,0,0
3000,0,1,road_4_3_1_1,1.2578150744957384e-05,3,0
3000,0,1,road_4_3_1_2,0.0019676689989864826,0,3
3000,0,1,road_3_4_0_0,0.0,0,0
3000,0,1,road_3_4_0_1,-0.00089223962277174,0,0
3000,0,1,road_3_4_0_2,-0.0010354267433285713,0,0
3000,0,2,road_1_2_3_0,0.0,0,0
3000,0,2,road_1_2_3_1,-3.6361681850394234e-05,0,0
3000,0,2,road_1_2_3_2,-0.0013005398213863373,0,0
3000,0,2,road_2_1_2_0,0.0,0,0
3000,0,2,road_2_1_2_1,0.003921196796000004,3,0
3000,0,2,road_2_1_2_2,0.003921182360500097,3,0
3000,0,2,road_1_0_1_0,0.0,0,0
3000,0,2,road_1_0_1_1,-2.0519279132713564e-05,0,0
3000,0,2,road_1_0_1_2,-0.0008068548049777746,0,0
3000,0,2,road_0_1_0_0,0.0,0,0
3000,0,2,road_0_1_0_1,1.0718622434069403e-05,3,0
3000,0,2,road_0_1_0_2,1.3276777281134855e-05,3,0
3000,0,2,road_1_3_3_0,0.0,0,0
3000,0,2,road_1_3_3_1,0.0030853603966534138,3,0
3000,0,2,road_1_3_3_2,0.002248549135401845,3,0
3000,0,2,road_2_2_2_0,0.0,0,0
3000,0,2,road_2_2_2_1,-0.0027760735247284174,3,0
3000,0,2,road_2_2_2_2,-0.00266346731223166,3,0
3000,0,2,road_1_1_1_0,0.0,0,0
3000,0,2,road_1_1_1_1,0.003118962747976184,3,0
3000,0,2,road_1_1_1_2,0.001795436255633831,3,0
3000,0,2,road_0_2_0_0,0.0,0,0
3000,0,2,road_0_2_0_1,-9.342962584923953e-06,2,0
3000,0,2,road_0_2_0_2,-0.0019735959358513355,0,0
3000,0,2,road_1_4_3_0,0.0,0,0
3000,0,2,road_1_4_3_1,-1.2934317055623978e-05,0,0
3000,0,2,road_1_4_3_2,-0.0006031033117324114,0,0
3000,0,2,road_2_3_2_0,0.0,0,0
3000,0,2,road_2_3_2_1,-0.00503153633326292,3,0
3000,0,2,road_2_3_2_2,-0.0010246228193864226,0,0
3000,0,2,road_1_2_1_0,0.0,0,0
3000,0,2,road_1_2_1_1,-0.00029742176411673427,0,0
3000,0,2,road_1_2_1_2,-0.0006977716693654656,0,0
3000,0,2,road_0_3_0_0,0.0,0,0
3000,0,2,road_0_3_0_1,-0.0032658844720572233,0,0
3000,0,2,road_0_3_0_2,-0.0008296667947433889,0,0
3000,0,2,road_1_5_3_0,0.0,0,0
3000,0,2,road_1_5_3_1,1.1212981917196885e-05,3,0
3000,0,2,road_1_5_3_2,0.00034456246066838503,3,0
3000,0,2,road_2_4_2_0,0.0,0,0
3000,0,2,road_2_4_2_1,-0.001921515678986907,3,0
3000,0,2,road_2_4_2_2,-0.0028838771395385265,3,0
3000,0,2,road_1_3_1_0,0.0,0,0
3000,0,2,road_1_3_1_1,0.004331710282713175,3,0
3000,0,2,road_1_3_1_2,0.004098616074770689,3,0
3000,0,2,road_0_4_0_0,0.0,0,0
3000,0,2,road_0_4_0_1,-7.900010132289026e-06,3,0
3000,0,2,road_0_4_0_2,-8.982700819615275e-06,3,0
3000,0,2,road_2_2_3_0,0.0,0,0
3000,0,2,road_2_2_3_1,0.0016663909191265702,3,0
3000,0,2,road_2_2_3_2,0.0033478904515504837,3,0
3000,0,2,road_3_1_2_0,0.0,0,0
3000,0,2,road_3_1_2_1,-0.002714940346777439,3,0
3000,0,2,road_3_1_2_2,-0.0008706228691153228,3,0
3000,0,2,road_2_0_1_0,0.0,0,0
3000,0,2,road_2_0_1_1,0.0026774269063025713,3,0
3000,0,2,road_2_0_1_2,0.003319001058116555,3,0
3000,0,2,road_1_1_0_0,0.0,0,0
3000,0,2,road_1_1_0_1,-6.599696644116193e-05,3,0
3000,0,2,road_1_1_0_2,-0.00015143631026148796,0,0
3000,0,2,road_2_3_3_0,0.0,0,0
3000,0,2,road_2_3_3_1,0.0036580911837518215,3,0
3000,0,2,road_2_3_3_2,0.003344335127621889,3,0
3000,0,2,road_3_2_2_0,0.0,0,0
3000,0,2,road_3_2_2_1,-0.00035153375938534737,3,0
3000,0,2,road_3_2_2_2,-0.001951912883669138,3,0
3000,0,2,road_2_1_1_0,0.0,0,0
3000,0,2,road_2_1_1_1,0.003658090252429247,3,0
3000,0,2,road_2_1_1_2,0.0033443348947912455,3,0
3000,0,2,road_1_2_0_0,0.0,0,0
3000,0,2,road_1_2_0_1,0.0015323872212320566,0,3
3000,0,2,road_1_2_0_2,-0.00035153375938534737,3,0
3000,0,2,road_2_4_3_0,0.0,0,0
3000,0,2,road_2_4_3_1,-0.005157677922397852,3,0
3000,0,2,road_2_4_3_2,-0.0013510414864867926,0,0
3000,0,2,road_3_3_2_0,0.0,0,0
3000,0,2,road_3_3_2_1,-0.0027294692117720842,3,0
3000,0,2,road_3_3_2_2,-0.0020149312913417816,3,0
3000,0,2,road_2_2_1_0,0.0,0,0
3000,0,2,road_2_2_1_1,-0.005157677456736565,3,0
3000,0,2,road_2_2_1_2,-0.0013510416029021144,0,0
3000,0,2,road_1_3_0_0,0.0,0,0
3000,0,2,road_1_3_0_1,-0.0017371152061969042,3,0
3000,0,2,road_1_3_0_2,-0.0027294689789414406,3,0
3000,0,2,road_2_5_3_0,0.0,0,0
3000,0,2,road_2_5_3_1,0.002725323662161827,3,0
3000,0,2,road_2_5_3_2,0.0027253220323473215,3,0
3000,0,2,road_3_4_2_0,0.0,0,0
3000,0,2,road_3_4_2_1,-0.0019104295643046498,3,0
3000,0,2,road_3_4_2_2,-0.003178330371156335,3,0
3000,0,2,road_2_3_1_0,0.0,0,0
3000,0,2,road_2_3_1_1,0.003256510477513075,3,0
3000,0,2,road_2_3_1_2,0.0032565095461905003,3,0
3000,0,2,road_1_4_0_0,0.0,0,0
3000,0,2,road_1_4_0_1,-0.003178331069648266,0,0
3000,0,2,road_1_4_0_2,-0.0019104303792119026,3,0
3000,0,2,road_3_2_3_0,0.0,0,0
3000,0,2,road_3_2_3_1,0.0015323895495384932,0,3
3000,0,2,road_3_2_3_2,-0.00035153329372406006,3,0
3000,0,2,road_4_1_2_0,0.0,0,0
3000,0,2,road_4_1_2_1,0.0036580925807356834,3,0
3000,0,2,road_4_1_2_2,0.0033443362917751074,3,0
3000,0,2,road_3_0_1_0,0.0,0,0
3000,0,2,road_3_0_1_1,-0.0003515327989589423,3,0
3000,0,2,road_3_0_1_2,-0.0019519131164997816,3,0
3000,0,2,road_2_1_0_0,0.0,0,0
3000,0,2,road_2_1_0_1,0.003658091649413109,3,0
3000,0,2,road_2_1_0_2,0.0033443355932831764,3,0
3000,0,2,road_3_3_3_0,0.0,0,0
3000,0,2,road_3_3_3_1,-0.0020432905294001102,3,0
3000,0,2,road_3_3_3_2,-0.003053985070437193,3,0
3000,0,2,road_4_2_2_0,0.0,0,0
3000,0,2,road_4_2_2_1,0.004372686147689819,3,0
3000,0,2,road_4_2_2_2,-0.00016919051995500922,0,0
3000,0,2,road_3_1_1_0,0.0,0,0
3000,0,2,road_3_1_1_1,-0.003053984371945262,3,0
3000,0,2,road_3_1_1_2,-0.002733615692704916,3,0
3000,0,2,road_2_2_0_0,0.0,0,0
3000,0,2,road_2_2_0_1,0.0024548450019210577,3,0
3000,0,2,road_2_2_0_2,-0.0036636213771998882,3,0
3000,0,2,road_3_4_3_0,0.0,0,0
3000,0,2,road_3_4_3_1,-0.0025143895763903856,3,0
3000,0,2,road_3_4_3_2,-0.0031629204750061035,3,0
3000,0,2,road_4_3_2_0,0.0,0,0
3000,0,2,road_4_3_2_1,0.003585777711123228,3,0
3000,0,2,road_4_3_2_2,0.0028493378777056932,3,0
3000,0,2,road_3_2_1_0,0.0,0,0
3000,0,2,road_3_2_1_1,-0.002039379207417369,3,0
3000,0,2,road_3_2_1_2,-0.003303209785372019,3,0
3000,0,2,road_2_3_0_0,0.0,0,0
3000,0,2,road_2_3_0_1,0.0031003616750240326,3,0
3000,0,2,road_2_3_0_2,0.0028448286466300488,3,0
3000,0,2,road_3_5_3_0,0.0,0,0
3000,0,2,road_3_5_3_1,0.0032883542589843273,3,0
3000,0,2,road_3_5_3_2,0.002695034956559539,3,0
3000,0,2,road_4_4_2_0,0.0,0,0
3000,0,2,road_4_4_2_1,-0.0011178288841620088,3,0
3000,0,2,road_4_4_2_2,-0.002917152363806963,3,0
3000,0,2,road_3_3_1_0,0.0,0,0
3000,0,2,road_3_3_1_1,0.0032883542589843273,3,0
3000,0,2,road_3_3_1_2,0.002695034956559539,3,0
3000,0,2,road_2_4_0_0,0.0,0,0
3000,0,2,road_2_4_0_1,-0.0022371886298060417,3,0
3000,0,2,road_2_4_0_2,-0.0028408861253410578,3,0
3000,0,2,road_4_2_3_0,0.0,0,0
3000,0,2,road_4_2_3_1,-0.0017624221509322524,3,0
3000,0,2,road_4_2_3_2,-0.0020501408725976944,3,0
3000,0,2,road_5_1_2_0,0.0,0,0
3000,0,2,road_5_1_2_1,0.002037042286247015,3,0
3000,0,2,road_5_1_2_2,0.0019875888247042894,3,0
3000,0,2,road_4_0_1_0,0.0,0,0
3000,0,2,road_4_0_1_1,-1.8238684788229875e-05,0,0
3000,0,2,road_4_0_1_2,-0.0007124852272681892,3,0
3000,0,2,road_3_1_0_0,0.0,0,0
3000,0,2,road_3_1_0_1,0.0020370427519083023,3,0
3000,0,2,road_3_1_0_2,0.0019875895231962204,3,0
3000,0,2,road_4_3_3_0,0.0,0,0
3000,0,2,road_4_3_3_1,0.0017167236655950546,3,0
3000,0,2,road_4_3_3_2,0.003086244221776724,3,0
3000,0,2,road_5_2_2_0,0.0,0,0
3000,0,2,road_5_2_2_1,-8.52245375426719e-06,2,0
3000,0,2,road_5_2_2_2,-0.0019648883026093245,0,0
3000,0,2,road_4_1_1_0,0.0,0,0
3000,0,2,road_4_1_1_1,0.0017167237820103765,3,0
3000,0,2,road_4_1_1_2,0.003086244687438011,3,0
3000,0,2,road_3_2_0_0,0.0,0,0
3000,0,2,road_3_2_0_1,-0.001964888069778681,3,0
3000,0,2,road_3_2_0_2,-0.0026540029793977737,3,0
3000,0,2,road_4_4_3_0,0.0,0,0
3000,0,2,road_4_4_3_1,-0.0017166011966764927,3,0
3000,0,2,road_4_4_3_2,-0.00018051505321636796,0,0
3000,0,2,road_5_3_2_0,0.0,0,0
3000,0,2,road_5_3_2_1,1.8973010810441338e-05,0,3
3000,0,2,road_5_3_2_2,0.0004709372587967664,0,3
3000,0,2,road_4_2_1_0,0.0,0,0
3000,0,2,road_4_2_1_1,-9.894206414173823e-06,3,0
3000,0,2,road_4_2_1_2,-0.0028255486395210028,3,0
3000,0,2,road_3_3_0_0,0.0,0,0
3000,0,2,road_3_3_0_1,0.011126439087092876,0,3
3000,0,2,road_3_3_0_2,0.00320422719232738,0,3
3000,0,2,road_4_5_3_0,0.0,0,0
3000,0,2,road_4_5_3_1,-0.0014813465531915426,3,0
3000,0,2,road_4_5_3_2,-0.00019232375780120492,0,0
3000,0,2,road_5_4_2_0,0.0,0,0
3000,0,2,road_5_4_2_1,1.9545479517546482e-05,0,3
3000,0,2,road_5_4_2_2,1.9290417185402475e-05,0,3
3000,0,2,road_4_3_1_0,0.0,0,0
3000,0,2,road_4_3_1_1,-1.513393272034591e-05,3,0
3000,0,2,road_4_3_1_2,-0.0028500633779913187,3,0
3000,0,2,road_3_4_0_0,0.0,0,0
3000,0,2,road_3_4_0_1,0.0038180663250386715,0,3
3000,0,2,road_3_4_0_2,0.00415983609855175,0,3
3000,0,3,road_1_2_3_0,0.0,0,0
3000,0,3,road_1_2_3_1,-3.6361681850394234e-05,0,0
3000,0,3,road_1_2_3_2,-0.0013005398213863373,0,0
3000,0,3,road_2_1_2_0,0.0,0,0
3000,0,3,road_2_1_2_1,0.003921196796000004,3,0
3000,0,3,road_2_1_2_2,0.003921182360500097,3,0
3000,0,3,road_1_0_1_0,0.0,0,0
3000,0,3,road_1_0_1_1,-2.0519279132713564e-05,0,0
3000,0,3,road_1_0_1_2,-0.0008068548049777746,0,0
3000,0,3,road_0_1_0_0,0.0,0,0
3000,0,3,road_0_1_0_1,1.0718622434069403e-05,3,0
3000,0,3,road_0_1_0_2,1.3276777281134855e-05,3,0
3000,0,3,road_1_3_3_0,0.0,0,0
3000,0,3,road_1_3_3_1,0.0030853603966534138,3,0
3000,0,3,road_1_3_3_2,0.002248549135401845,3,0
3000,0,3,road_2_2_2_0,0.0,0,0
3000,0,3,road_2_2_2_1,-0.0027760735247284174,3,0
3000,0,3,road_2_2_2_2,-0.00266346731223166,3,0
3000,0,3,road_1_1_1_0,0.0,0,0
3000,0,3,road_1_1_1_1,0.003118962747976184,3,0
3000,0,3,road_1_1_1_2,0.001795436255633831,3,0
3000,0,3,road_0_2_0_0,0.0,0,0
3000,0,3,road_0_2_0_1,-9.342962584923953e-06,2,0
3000,0,3,road_0_2_0_2,-0.0019735959358513355,0,0
3000,0,3,road_1_4_3_0,0.0,0,0
3000,0,3,road_1_4_3_1,-1.2934317055623978e-05,0,0
3000,0,3,road_1_4_3_2,-0.0006031033117324114,0,0
3000,0,3,road_2_3_2_0,0.0,0,0
3000,0,3,road_2_3_2_1,-0.00503153633326292,3,0
3000,0,3,road_2_3_2_2,-0.0010246228193864226,0,0
3000,0,3,road_1_2_1_0,0.0,0,0
3000,0,3,road_1_2_1_1,-0.00029742176411673427,0,0
3000,0,3,road_1_2_1_2,-0.0006977716693654656,0,0
3000,0,3,road_0_3_0_0,0.0,0,0
3000,0,3,road_0_3_0_1,-0.0032658844720572233,0,0
3000,0,3,road_0_3_0_2,-0.0008296667947433889,0,0
3000,0,3,road_1_5_3_0,0.0,0,0
3000,0,3,road_1_5_3_1,1.1212981917196885e-05,3,0
3000,0,3,road_1_5_3_2,0.00034456246066838503,3,0
3000,0,3,road_2_4_2_0,0.0,0,0
3000,0,3,road_2_4_2_1,-0.001921515678986907,3,0
3000,0,3,road_2_4_2_2,-0.0028838771395385265,3,0
3000,0,3,road_1_3_1_0,0.0,0,0
3000,0,3,road_1_3_1_1,0.004331710282713175,3,0
3000,0,3,road_1_3_1_2,0.004098616074770689,3,0
3000,0,3,road_0_4_0_0,0.0,0,0
3000,0,3,road_0_4_0_1,-7.900010132289026e-06,3,0
3000,0,3,road_0_4_0_2,-8.982700819615275e-06,3,0
3000,0,3,road_2_2_3_0,0.0,0,0
3000,0,3,road_2_2_3_1,0.0016663909191265702,3,0
3000,0,3,road_2_2_3_2,0.0033478904515504837,3,0
3000,0,3,road_3_1_2_0,0.0,0,0
3000,0,3,road_3_1_2_1,-0.002714940346777439,3,0
3000,0,3,road_3_1_2_2,-0.0008706228691153228,3,0
3000,0,3,road_2_0_1_0,0.0,0,0
3000,0,3,road_2_0_1_1,0.0026774269063025713,3,0
3000,0,3,road_2_0_1_2,0.003319001058116555,3,0
3000,0,3,road_1_1_0_0,0.0,0,0
3000,0,3,road_1_1_0_1,-6.599696644116193e-05,3,0
3000,0,3,road_1_1_0_2,-0.00015143631026148796,0,0
3000,0,3,road_2_3_3_0,0.0,0,0
3000,0,3,road_2_3_3_1,0.0035814675502479076,3,0
3000,0,3,road_2_3_3_2,0.0029699699953198433,3,0
3000,0,3,road_3_2_2_0,0.0,0,0
3000,0,3,road_3_2_2_1,-0.0031536193564534187,3,0
3000,0,3,road_3_2_2_2,-0.0028590853326022625,3,0
3000,0,3,road_2_1_1_0,0.0,0,0
3000,0,3,road_2_1_1_1,0.003581468015909195,3,0
3000,0,3,road_2_1_1_2,0.0029699704609811306,3,0
3000,0,3,road_1_2_0_0,0.0,0,0
3000,0,3,road_1_2_0_1,-0.0020728716626763344,3,0
3000,0,3,road_1_2_0_2,-0.0031536188907921314,3,0
3000,0,3,road_2_4_3_0,0.0,0,0
3000,0,3,road_2_4_3_1,-0.005157677922397852,3,0
3000,0,3,road_2_4_3_2,-0.0013510414864867926,0,0
3000,0,3,road_3_3_2_0,0.0,0,0
3000,0,3,road_3_3_2_1,-0.0027294692117720842,3,0
3000,0,3,road_3_3_2_2,-0.0020149312913417816,3,0
3000,0,3,road_2_2_1_0,0.0,0,0
3000,0,3,road_2_2_1_1,-0.005157677456736565,3,0
3000,0,3,road_2_2_1_2,-0.0013510416029021144,0,0
3000,0,3,road_1_3_0_0,0.0,0,0
3000,0,3,road_1_3_0_1,-0.0017371152061969042,3,0
3000,0,3,road_1_3_0_2,-0.0027294689789414406,3,0
3000,0,3,road_2_5_3_0,0.0,0,0
3000,0,3,road_2_5_3_1,0.002725323662161827,3,0
3000,0,3,road_2_5_3_2,0.0027253220323473215,3,0
3000,0,3,road_3_4_2_0,0.0,0,0
3000,0,3,road_3_4_2_1,-0.0019104295643046498,3,0
3000,0,3,road_3_4_2_2,-0.003178330371156335,3,0
3000,0,3,road_2_3_1_0,0.0,0,0
3000,0,3,road_2_3_1_1,0.003256510477513075,3,0
3000,0,3,road_2_3_1_2,0.0032565095461905003,3,0
3000,0,3,road_1_4_0_0,0.0,0,0
3000,0,3,road_1_4_0_1,-0.003178331069648266,0,0
3000,0,3,road_1_4_0_2,-0.0019104303792119026,3,0
3000,0,3,road_3_2_3_0,0.0,0,0
3000,0,3,road_3_2_3_1,-0.002072869800031185,3,0
3000,0,3,road_3_2_3_2,-0.003153616562485695,3,0
3000,0,3,road_4_1_2_0,0.0,0,0
3000,0,3,road_4_1_2_1,0.0035814724396914244,3,0
3000,0,3,road_4_1_2_2,0.002969972789287567,3,0
3000,0,3,road_3_0_1_0,0.0,0,0
3000,0,3,road_3_0_1_1,-0.003153615863993764,3,0
3000,0,3,road_3_0_1_2,-0.0028590825386345387,3,0
3000,0,3,road_2_1_0_0,0.0,0,0
3000,0,3,road_2_1_0_1,0.003581471275538206,3,0
3000,0,3,road_2_1_0_2,0.00296997232362628,3,0
3000,0,3,road_3_3_3_0,0.0,0,0
3000,0,3,road_3_3_3_1,-0.0020432905294001102,3,0
3000,0,3,road_3_3_3_2,-0.003053985070437193,3,0
3000,0,3,road_4_2_2_0,0.0,0,0
3000,0,3,road_4_2_2_1,0.004372686147689819,3,0
3000,0,3,road_4_2_2_2,-0.00016919051995500922,0,0
3000,0,3,road_3_1_1_0,0.0,0,0
3000,0,3,road_3_1_1_1,-0.003053984371945262,3,0
3000,0,3,road_3_1_1_2,-0.002733615692704916,3,0
3000,0,3,road_2_2_0_0,0.0,0,0
3000,0,3,road_2_2_0_1,0.0024548450019210577,3,0
3000,0,3,road_2_2_0_2,-0.0036636213771998882,3,0
3000,0,3,road_3_4_3_0,0.0,0,0
3000,0,3,road_3_4_3_1,-0.0025143895763903856,3,0
3000,0,3,road_3_4_3_2,-0.0031629204750061035,3,0
3000,0,3,road_4_3_2_0,0.0,0,0
3000,0,3,road_4_3_2_1,0.003585777711123228,3,0
3000,0,3,road_4_3_2_2,0.0028493378777056932,3,0
3000,0,3,road_3_2_1_0,0.0,0,0
3000,0,3,road_3_2_1_1,-0.002039379207417369,3,0
3000,0,3,road_3_2_1_2,-0.003303209785372019,3,0
3000,0,3,road_2_3_0_0,0.0,0,0
3000,0,3,road_2_3_0_1,0.0031003616750240326,3,0
3000,0,3,road_2_3_0_2,0.0028448286466300488,3,0
3000,0,3,road_3_5_3_0,0.0,0,0
3000,0,3,road_3_5_3_1,0.0032883542589843273,3,0
3000,0,3,road_3_5_3_2,0.002695034956559539,3,0
3000,0,3,road_4_4_2_0,0.0,0,0
3000,0,3,road_4_4_2_1,-0.0011178288841620088,3,0
3000,0,3,road_4_4_2_2,-0.002917152363806963,3,0
3000,0,3,road_3_3_1_0,0.0,0,0
3000,0,3,road_3_3_1_1,0.0032883542589843273,3,0
3000,0,3,road_3_3_1_2,0.002695034956559539,3,0
3000,0,3,road_2_4_0_0,0.0,0,0
3000,0,3,road_2_4_0_1,-0.0022371886298060417,3,0
3000,0,3,road_2_4_0_2,-0.0028408861253410578,3,0
3000,0,3,road_4_2_3_0,0.0,0,0
3000,0,3,road_4_2_3_1,-0.0017624221509322524,3,0
3000,0,3,road_4_2_3_2,-0.0020501408725976944,3,0
3000,0,3,road_5_1_2_0,0.0,0,0
3000,0,3,road_5_1_2_1,0.002037042286247015,3,0
3000,0,3,road_5_1_2_2,0.0019875888247042894,3,0
3000,0,3,road_4_0_1_0,0.0,0,0
3000,0,3,road_4_0_1_1,-1.8238684788229875e-05,0,0
3000,0,3,road_4_0_1_2,-0.0007124852272681892,3,0
3000,0,3,road_3_1_0_0,0.0,0,0
3000,0,3,road_3_1_0_1,0.0020370427519083023,3,0
3000,0,3,road_3_1_0_2,0.0019875895231962204,3,0
3000,0,3,road_4_3_3_0,0.0,0,0
3000,0,3,road_4_3_3_1,0.0017167236655950546,3,0
3000,0,3,road_4_3_3_2,0.003086244221776724,3,0
3000,0,3,road_5_2_2_0,0.0,0,0
3000,0,3,road_5_2_2_1,-8.52245375426719e-06,2,0
3000,0,3,road_5_2_2_2,-0.0019648883026093245,0,0
3000,0,3,road_4_1_1_0,0.0,0,0
3000,0,3,road_4_1_1_1,0.0017167237820103765,3,0
3000,0,3,road_4_1_1_2,0.003086244687438011,3,0
3000,0,3,road_3_2_0_0,0.0,0,0
3000,0,3,road_3_2_0_1,-0.001964888069778681,3,0
3000,0,3,road_3_2_0_2,-0.0026540029793977737,3,0
3000,0,3,road_4_4_3_0,0.0,0,0
3000,0,3,road_4_4_3_1,0.004241511225700378,3,0
3000,0,3,road_4_4_3_2,0.003215855685994029,0,3
3000,0,3,road_5_3_2_0,0.0,0,0
3000,0,3,road_5_3_2_1,-8.9070990725304e-06,3,0
3000,0,3,road_5_3_2_2,-0.00027971641975454986,3,0
3000,0,3,road_4_2_1_0,0.0,0,0
3000,0,3,road_4_2_1_1,9.323056474386249e-06,3,0
3000,0,3,road_4_2_1_2,0.0029697942081838846,3,0
3000,0,3,road_3_3_0_0,0.0,0,0
3000,0,3,road_3_3_0_1,-0.001861124997958541,3,0
3000,0,3,road_3_3_0_2,-0.002392627764493227,3,0
3000,0,3,road_4_5_3_0,0.0,0,0
3000,0,3,road_4_5_3_1,0.006643336266279221,3,0
3000,0,3,road_4_5_3_2,0.0011727754026651382,0,3
3000,0,3,road_5_4_2_0,0.0,0,0
3000,0,3,road_5_4_2_1,-6.1686246226599906e-06,3,0
3000,0,3,road_5_4_2_2,-6.193652097863378e-06,3,0
3000,0,3,road_4_3_1_0,0.0,0,0
3000,0,3,road_4_3_1_1,1.0235362424282357e-05,3,0
3000,0,3,road_4_3_1_2,0.0012648454867303371,3,0
3000,0,3,road_3_4_0_0,0.0,0,0
3000,0,3,road_3_4_0_1,-0.0016242871060967445,3,0
3000,0,3,road_3_4_0_2,-0.002129053231328726,3,0
3200,0,0,road_1_2_3_0,0.0,0,0
3200,0,0,road_1_2_3_1,-1.7106560335378163e-05,0,0
3200,0,0,road_1_2_3_2,-0.0008031228207983077,0,0
3200,0,0,road_2_1_2_0,0.0,0,0
3200,0,0,road_2_1_2_1,0.0020634960383176804,0,3
3200,0,0,road_2_1_2_2,0.002063495572656393,0,3
3200,0,0,road_1_0_1_0,0.0,0,0
3200,0,0,road_1_0_1_1,-1.5440366041730158e-05,0,0
3200,0,0,road_1_0_1_2,-0.0006140351761132479,0,0
3200,0,0,road_0_1_0_0,0.0,0,0
3200,0,0,road_0_1_0_1,1.3571916497312486e-05,0,3
3200,0,0,road_0_1_0_2,1.3571916497312486e-05,0,3
3200,0,0,road_1_3_3_0,0.0,0,0
3200,0,0,road_1_3_3_1,0.0019530353602021933,0,3
3200,0,0,road_1_3_3_2,0.001146902795881033,0,2
3200,0,0,road_2_2_2_0,0.0,0,0
3200,0,0,road_2_2_2_1,0.0038346941582858562,0,3
3200,0,0,road_2_2_2_2,0.00445274543017149,0,3
3200,0,0,road_1_1_1_0,0.0,0,0
3200,0,0,road_1_1_1_1,0.0028506647795438766,0,3
3200,0,0,road_1_1_1_2,0.00218352023512125,0,3
3200,0,0,road_0_2_0_0,0.0,0,0
3200,0,0,road_0_2_0_1,2.2533515220857225e-05,0,0
3200,0,0,road_0_2_0_2,0.00260225054807961,0,3
3200,0,0,road_1_4_3_0,0.0,0,0
3200,0,0,road_1_4_3_1,-1.5340738173108548e-05,0,0
3200,0,0,road_1_4_3_2,-0.0008849245496094227,0,0
3200,0,0,road_2_3_2_0,0.0,0,0
3200,0,0,road_2_3_2_1,-0.0011420123046264052,0,0
3200,0,0,road_2_3_2_2,-0.0008621851447969675,0,0
3200,0,0,road_1_2_1_0,0.0,0,0
3200,0,0,road_1_2_1_1,-0.00039169882074929774,0,0
3200,0,0,road_1_2_1_2,-0.002081154612824321,0,3
3200,0,0,road_0_3_0_0,0.0,0,0
3200,0,0,road_0_3_0_1,-0.0011420119553804398,0,0
3200,0,0,road_0_3_0_2,-0.0008621853194199502,0,0
3200,0,0,road_1_5_3_0,0.0,0,0
3200,0,0,road_1_5_3_1,-1.76243411260657e-05,0,0
3200,0,0,road_1_5_3_2,-0.00040886824717745185,0,0
3200,0,0,road_2_4_2_0,0.0,0,0
3200,0,0,road_2_4_2_1,0.002951607573777437,0,3
3200,0,0,road_2_4_2_2,0.0032004588283598423,0,3
3200,0,0,road_1_3_1_0,0.0,0,0
3200,0,0,road_1_3_1_1,-0.0013002052437514067,0,0
3200,0,0,road_1_3_1_2,-0.0013568265130743384,0,0
3200,0,0,road_0_4_0_0,0.0,0,0
3200,0,0,road_0_4_0_1,1.769296250131447e-05,0,3
3200,0,0,road_0_4_0_2,1.7310891053057276e-05,0,3
3200,0,0,road_2_2_3_0,0.0,0,0
3200,0,0,road_2_2_3_1,0.0006400398560799658,0,3
3200,0,0,road_2_2_3_2,0.0016837662551552057,0,3
3200,0,0,road_3_1_2_0,0.0,0,0
3200,0,0,road_3_1_2_1,0.0032853647135198116,0,3
3200,0,0,road_3_1_2_2,0.00012058086576871574,0,3
3200,0,0,road_2_0_1_0,0.0,0,0
3200,0,0,road_2_0_1_1,0.0006841350113973022,0,3
3200,0,0,road_2_0_1_2,0.0016996655613183975,0,3
3200,0,0,road_1_1_0_0,0.0,0,0
3200,0,0,road_1_1_0_1,1.2859083653893322e-05,0,2
3200,0,0,road_1_1_0_2,-0.0036552934907376766,0,0
3200,0,0,road_2_3_3_0,0.0,0,0
3200,0,0,road_2_3_3_1,0.0002968388726003468,0,3
3200,0,0,road_2_3_3_2,-0.00032600192935205996,0,0
3200,0,0,road_3_2_2_0,0.0,0,0
3200,0,0,road_3_2_2_1,2.363637395319529e-05,0,3
3200,0,0,road_3_2_2_2,-0.0002884565037675202,0,0
3200,0,0,road_2_1_1_0,0.0,0,0
3200,0,0,road_2_1_1_1,0.0002968389308080077,0,3
3200,0,0,road_2_1_1_2,-0.00032600219128653407,0,0
3200,0,0,road_1_2_0_0,0.0,0,0
3200,0,0,road_1_2_0_1,2.3636377591174096e-05,0,3
3200,0,0,road_1_2_0_2,-0.0002884564455598593,0,0
3200,0,0,road_2_4_3_0,0.0,0,0
3200,0,0,road_2_4_3_1,0.001399210188537836,0,3
3200,0,0,road_2_4_3_2,0.0001281344157177955,0,3
3200,0,0,road_3_3_2_0,0.0,0,0
3200,0,0,road_3_3_2_1,-0.0017053664196282625,0,0
3200,0,0,road_3_3_2_2,-0.0002812685561366379,0,0
3200,0,0,road_2_2_1_0,0.0,0,0
3200,0,0,road_2_2_1_1,0.001399210188537836,0,3
3200,0,0,road_2_2_1_2,0.00012813432840630412,0,3
3200,0,0,road_1_3_0_0,0.0,0,0
3200,0,0,road_1_3_0_1,-0.0017053664196282625,0,0
3200,0,0,road_1_3_0_2,-0.00028126867255195975,0,0
3200,0,0,road_2_5_3_0,0.0,0,0
3200,0,0,road_2_5_3_1,-5.940964911133051e-05,0,0
3200,0,0,road_2_5_3_2,-5.940970731899142e-05,0,0
3200,0,0,road_3_4_2_0,0.0,0,0
3200,0,0,road_3_4_2_1,-0.0029483467806130648,0,0
3200,0,0,road_3_4_2_2,0.0007145770941860974,0,3
3200,0,0,road_2_3_1_0,0.0,0,0
3200,0,0,road_2_3_1_1,0.0016378720756620169,0,3
3200,0,0,road_2_3_1_2,0.0016378720756620169,0,3
3200,0,0,road_1_4_0_0,0.0,0,0
3200,0,0,road_1_4_0_1,-0.00012128592061344534,0,0
3200,0,0,road_1_4_0_2,0.003230384085327387,0,3
3200,0,0,road_3_2_3_0,0.0,0,0
3200,0,0,road_3_2_3_1,0.00029683898901566863,0,3
3200,0,0,road_3_2_3_2,-0.00032600213307887316,0,0
3200,0,0,road_4_1_2_0,0.0,0,0
3200,0,0,road_4_1_2_1,2.3636428522877395e-05,0,3
3200,0,0,road_4_1_2_2,2.363635940128006e-05,0,3
3200,0,0,road_3_0_1_0,0.0,0,0
3200,0,0,road_3_0_1_1,0.00029683898901566863,0,3
3200,0,0,road_3_0_1_2,-0.00032600192935205996,0,0
3200,0,0,road_2_1_0_0,0.0,0,0
3200,0,0,road_2_1_0_1,-0.00028845627093687654,0,0
3200,0,0,road_2_1_0_2,-0.00028845638735219836,0,0
3200,0,0,road_3_3_3_0,0.0,0,0
3200,0,0,road_3_3_3_1,-0.0023689798545092344,0,0
3200,0,0,road_3_3_3_2,0.0005357235204428434,0,3
3200,0,0,road_4_2_2_0,0.0,0,0
3200,0,0,road_4_2_2_1,0.0005789567367173731,0,3
3200,0,0,road_4_2_2_2,-3.191679570591077e-05,0,0
3200,0,0,road_3_1_1_0,0.0,0,0
3200,0,0,road_3_1_1_1,-0.0007511274889111519,0,0
3200,0,0,road_3_1_1_2,0.001070696976967156,0,3
3200,0,0,road_2_2_0_0,0.0,0,0
3200,0,0,road_2_2_0_1,-0.00012228460400365293,0,0
3200,0,0,road_2_2_0_2,-0.00044844404328614473,0,0
3200,0,0,road_3_4_3_0,0.0,0,0
3200,0,0,road_3_4_3_1,-0.001980700297281146,0,0
3200,0,0,road_3_4_3_2,-0.00026905699633061886,0,0
3200,0,0,road_4_3_2_0,0.0,0,0
3200,0,0,road_4_3_2_1,0.0010714660165831447,0,3
3200,0,0,road_4_3_2_2,0.00011744847142836079,0,3
3200,0,0,road_3_2_1_0,0.0,0,0
3200,0,0,road_3_2_1_1,-0.0004841330519411713,0,0
3200,0,0,road_3_2_1_2,0.00020284867787268013,0,3
3200,0,0,road_2_3_0_0,0.0,0,0
3200,0,0,road_2_3_0_1,0.0010714661329984665,0,3
3200,0,0,road_2_3_0_2,0.00011744855146389455,0,3
3200,0,0,road_3_5_3_0,0.0,0,0
3200,0,0,road_3_5_3_1,0.001426108181476593,0,3
3200,0,0,road_3_5_3_2,0.00011930658365599811,0,3
3200,0,0,road_4_4_2_0,0.0,0,0
3200,0,0,road_4_4_2_1,-0.0013760365545749664,0,0
3200,0,0,road_4_4_2_2,-0.00031701562693342566,0,0
3200,0,0,road_3_3_1_0,0.0,0,0
3200,0,0,road_3_3_1_1,0.0014261080650612712,0,3
3200,0,0,road_3_3_1_2,0.00011930654000025243,0,3
3200,0,0,road_2_4_0_0,0.0,0,0
3200,0,0,road_2_4_0_1,-0.00035456850309856236,0,0
3200,0,0,road_2_4_0_2,0.0001369648234685883,0,3
3200,0,0,road_4_2_3_0,0.0,0,0
3200,0,0,road_4_2_3_1,0.00795548502355814,0,3
3200,0,0,road_4_2_3_2,0.005468952469527721,0,3
3200,0,0,road_5_1_2_0,0.0,0,0
3200,0,0,road_5_1_2_1,0.00190292252227664,0,3
3200,0,0,road_5_1_2_2,0.0006965056527405977,0,3
3200,0,0,road_4_0_1_0,0.0,0,0
3200,0,0,road_4_0_1_1,2.1255242245388217e-05,0,0
3200,0,0,road_4_0_1_2,0.004008568823337555,0,3
3200,0,0,road_3_1_0_0,0.0,0,0
3200,0,0,road_3_1_0_1,0.0019029221730306745,0,3
3200,0,0,road_3_1_0_2,0.0006965053034946322,0,2
3200,0,0,road_4_3_3_0,0.0,0,0
3200,0,0,road_4_3_3_1,0.002278481610119343,0,3
3200,0,0,road_4_3_3_2,0.0028731306083500385,0,3
3200,0,0,road_5_2_2_0,0.0,0,0
3200,0,0,road_5_2_2_1,2.0096205844311044e-05,0,2
3200,0,0,road_5_2_2_2,-0.00026587845059111714,0,0
3200,0,0,road_4_1_1_0,0.0,0,0
3200,0,0,road_4_1_1_1,0.0012880221474915743,0,3
3200,0,0,road_4_1_1_2,0.0020058886148035526,0,3
3200,0,0,road_3_2_0_0,0.0,0,0
3200,0,0,road_3_2_0_1,0.0074530355632305145,0,3
3200,0,0,road_3_2_0_2,0.0021603056229650974,0,3
3200,0,0,road_4_4_3_0,0.0,0,0
3200,0,0,road_4_4_3_1,0.003329130820930004,0,3
3200,0,0,road_4_4_3_2,-0.00025245657889172435,0,0
3200,0,0,road_5_3_2_0,0.0,0,0
3200,0,0,road_5_3_2_1,-2.147362829418853e-05,0,0
3200,0,0,road_5_3_2_2,-0.0004518715722952038,0,0
3200,0,0,road_4_2_1_0,0.0,0,0
3200,0,0,road_4_2_1_1,6.473972007370321e-06,0,3
3200,0,0,road_4_2_1_2,-0.004117708653211594,0,0
3200,0,0,road_3_3_0_0,0.0,0,0
3200,0,0,road_3_3_0_1,-0.002681117272004485,0,0
3200,0,0,road_3_3_0_2,-0.0008053743513301015,0,0
3200,0,0,road_4_5_3_0,0.0,0,0
3200,0,0,road_4_5_3_1,0.0029891268350183964,0,3
3200,0,0,road_4_5_3_2,-0.0005024879355914891,0,0
3200,0,0,road_5_4_2_0,0.0,0,0
3200,0,0,road_5_4_2_1,-1.6884137949091382e-05,0,0
3200,0,0,road_5_4_2_2,-1.6884137949091382e-05,0,0
3200,0,0,road_4_3_1_0,0.0,0,0
3200,0,0,road_4_3_1_1,3.4790136851370335e-06,0,3
3200,0,0,road_4_3_1_2,-0.004240905866026878,0,0
3200,0,0,road_3_4_0_0,0.0,0,0
3200,0,0,road_3_4_0_1,-0.001351439394056797,0,0
3200,0,0,road_3_4_0_2,-0.001351439394056797,0,0
3200,0,1,road_1_2_3_0,0.0,0,0
3200,0,1,road_1_2_3_1,-2.209483864135109e-05,0,0
3200,0,1,road_1_2_3_2,-0.000973789778072387,0,0
3200,0,1,road_2_1_2_0,0.0,0,0
3200,0,1,road_2_1_2_1,0.0039861733093857765,3,0
3200,0,1,road_2_1_2_2,0.003986172378063202,3,0
3200,0,1,road_1_0_1_0,0.0,0,0
3200,0,1,road_1_0_1_1,-1.9814200641121715e-05,0,0
3200,0,1,road_1_0_1_2,-0.0007779496954753995,0,0
3200,0,1,road_0_1_0_0,0.0,0,0
3200,0,1,road_0_1_0_1,1.0922617548203561e-05,3,0
3200,0,1,road_0_1_0_2,1.0922618457698263e-05,3,0
3200,0,1,road_1_3_3_0,0.0,0,0
3200,0,1,road_1_3_3_1,0.0012500624870881438,3,0
3200,0,1,road_1_3_3_2,0.0004154717898927629,2,1
3200,0,1,road_2_2_2_0,0.0,0,0
3200,0,1,road_2_2_2_1,-0.0020357684697955847,3,0
3200,0,1,road_2_2_2_2,-0.0015348269371315837,3,0
3200,0,1,road_1_1_1_0,0.0,0,0
3200,0,1,road_1_1_1_1,0.0018715510377660394,3,0
3200,0,1,road_1_1_1_2,0.0008179646683856845,3,0
3200,0,1,road_0_2_0_0,0.0,0,0
3200,0,1,road_0_2_0_1,-1.4079862921789754e-05,0,0
3200,0,1,road_0_2_0_2,-0.0007331290980800986,3,0
3200,0,1,road_1_4_3_0,0.0,0,0
3200,0,1,road_1_4_3_1,-1.1928468666155823e-05,0,0
3200,0,1,road_1_4_3_2,-0.0007906727259978652,0,0
3200,0,1,road_2_3_2_0,0.0,0,0
3200,0,1,road_2_3_2_1,-0.0011612733360379934,0,3
3200,0,1,road_2_3_2_2,-0.0008962418069131672,0,0
3200,0,1,road_1_2_1_0,0.0,0,0
3200,0,1,road_1_2_1_1,-0.0002694249851629138,0,0
3200,0,1,road_1_2_1_2,-0.0008335086749866605,3,0
3200,0,1,road_0_3_0_0,0.0,0,0
3200,0,1,road_0_3_0_1,-0.0011612733360379934,0,0
3200,0,1,road_0_3_0_2,-0.0008962418069131672,0,0
3200,0,1,road_1_5_3_0,0.0,0,0
3200,0,1,road_1_5_3_1,1.3659598153026309e-05,0,3
3200,0,1,road_1_5_3_2,0.00031404109904542565,0,3
3200,0,1,road_2_4_2_0,0.0,0,0
3200,0,1,road_2_4_2_1,-0.0015652443980798125,3,0
3200,0,1,road_2_4_2_2,-0.0023152288049459457,3,0
3200,0,1,road_1_3_1_0,0.0,0,0
3200,0,1,road_1_3_1_1,0.002066047629341483,0,3
3200,0,1,road_1_3_1_2,0.002003866247832775,0,3
3200,0,1,road_0_4_0_0,0.0,0,0
3200,0,1,road_0_4_0_1,-6.327456958388211e-06,3,0
3200,0,1,road_0_4_0_2,-7.174802249210188e-06,3,0
3200,0,1,road_2_2_3_0,0.0,0,0
3200,0,1,road_2_2_3_1,0.002165574114769697,3,0
3200,0,1,road_2_2_3_2,0.003068320918828249,3,0
3200,0,1,road_3_1_2_0,0.0,0,0
3200,0,1,road_3_1_2_1,-0.00221236445941031,3,0
3200,0,1,road_3_1_2_2,-0.0010671968339011073,3,0
3200,0,1,road_2_0_1_0,0.0,0,0
3200,0,1,road_2_0_1_1,0.0027251041028648615,3,0
3200,0,1,road_2_0_1_2,0.003032883396372199,3,0
3200,0,1,road_1_1_0_0,0.0,0,0
3200,0,1,road_1_1_0_1,-4.256131433066912e-05,2,0
3200,0,1,road_1_1_0_2,-0.0007516558980569243,0,0
3200,0,1,road_2_3_3_0,0.0,0,0
3200,0,1,road_2_3_3_1,-0.0058117881417274475,3,0
3200,0,1,road_2_3_3_2,-0.0009789355099201202,0,0
3200,0,1,road_3_2_2_0,0.0,0,0
3200,0,1,road_3_2_2_1,0.0008608211646787822,3,0
3200,0,1,road_3_2_2_2,0.001120742061175406,0,3
3200,0,1,road_2_1_1_0,0.0,0,0
3200,0,1,road_2_1_1_1,-0.0058117881417274475,3,0
3200,0,1,road_2_1_1_2,-0.0009789355099201202,0,0
3200,0,1,road_1_2_0_0,0.0,0,0
3200,0,1,road_1_2_0_1,0.0008608212228864431,3,0
3200,0,1,road_1_2_0_2,0.0011207419447600842,0,3
3200,0,1,road_2_4_3_0,0.0,0,0
3200,0,1,road_2_4_3_1,0.0009673685999587178,3,0
3200,0,1,road_2_4_3_2,0.0038292838726192713,3,0
3200,0,1,road_3_3_2_0,0.0,0,0
3200,0,1,road_3_3_2_1,0.0003757296362891793,0,3
3200,0,1,road_3_3_2_2,-0.00024889642372727394,0,0
3200,0,1,road_2_2_1_0,0.0,0,0
3200,0,1,road_2_2_1_1,0.0009673684253357351,3,0
3200,0,1,road_2_2_1_2,0.003829284105449915,3,0
3200,0,1,road_1_3_0_0,0.0,0,0
3200,0,1,road_1_3_0_1,0.00037572969449684024,0,3
3200,0,1,road_1_3_0_2,-0.00024889648193493485,0,0
3200,0,1,road_2_5_3_0,0.0,0,0
3200,0,1,road_2_5_3_1,-0.0012926027411594987,0,0
3200,0,1,road_2_5_3_2,-0.0012926028575748205,0,0
3200,0,1,road_3_4_2_0,0.0,0,0
3200,0,1,road_3_4_2_1,-8.366993279196322e-05,0,0
3200,0,1,road_3_4_2_2,-2.5463945348747075e-05,3,0
3200,0,1,road_2_3_1_0,0.0,0,0
3200,0,1,road_2_3_1_1,-0.005415730178356171,3,0
3200,0,1,road_2_3_1_2,-0.005415730178356171,3,0
3200,0,1,road_1_4_0_0,0.0,0,0
3200,0,1,road_1_4_0_1,-0.002130070934072137,0,0
3200,0,1,road_1_4_0_2,-0.002041238360106945,3,0
3200,0,1,road_3_2_3_0,0.0,0,0
3200,0,1,road_3_2_3_1,-0.0058117881417274475,3,0
3200,0,1,road_3_2_3_2,-0.000978935626335442,0,0
3200,0,1,road_4_1_2_0,0.0,0,0
3200,0,1,road_4_1_2_1,0.0008608211646787822,3,0
3200,0,1,road_4_1_2_2,0.0008608212228864431,3,0
3200,0,1,road_3_0_1_0,0.0,0,0
3200,0,1,road_3_0_1_1,-0.0058117881417274475,3,0
3200,0,1,road_3_0_1_2,-0.0009789353935047984,0,0
3200,0,1,road_2_1_0_0,0.0,0,0
3200,0,1,road_2_1_0_1,0.0011207414790987968,0,3
3200,0,1,road_2_1_0_2,0.0011207417119294405,0,3
3200,0,1,road_3_3_3_0,0.0,0,0
3200,0,1,road_3_3_3_1,0.005612571723759174,0,3
3200,0,1,road_3_3_3_2,0.00043889545486308634,3,0
3200,0,1,road_4_2_2_0,0.0,0,0
3200,0,1,road_4_2_2_1,9.475766273681074e-05,3,0
3200,0,1,road_4_2_2_2,0.0006337548256851733,0,3
3200,0,1,road_3_1_1_0,0.0,0,0
3200,0,1,road_3_1_1_1,-0.00019251590128988028,0,0
3200,0,1,road_3_1_1_2,-0.005144012626260519,3,0
3200,0,1,road_2_2_0_0,0.0,0,0
3200,0,1,road_2_2_0_1,-0.00012256682384759188,0,0
3200,0,1,road_2_2_0_2,3.828061744570732e-05,0,3
3200,0,1,road_3_4_3_0,0.0,0,0
3200,0,1,road_3_4_3_1,-0.0005818194476887584,0,0
3200,0,1,road_3_4_3_2,0.00046472070971503854,0,3
3200,0,1,road_4_3_2_0,0.0,0,0
3200,0,1,road_4_3_2_1,0.001586281694471836,3,0
3200,0,1,road_4_3_2_2,0.003659895621240139,3,0
3200,0,1,road_3_2_1_0,0.0,0,0
3200,0,1,road_3_2_1_1,0.001165720634162426,0,3
3200,0,1,road_3_2_1_2,0.0019916961900889874,3,0
3200,0,1,road_2_3_0_0,0.0,0,0
3200,0,1,road_2_3_0_1,0.0015862812288105488,3,0
3200,0,1,road_2_3_0_2,0.0036598951555788517,3,0
3200,0,1,road_3_5_3_0,0.0,0,0
3200,0,1,road_3_5_3_1,0.003084637224674225,3,0
3200,0,1,road_3_5_3_2,0.00351727195084095,3,0
3200,0,1,road_4_4_2_0,0.0,0,0
3200,0,1,road_4_4_2_1,0.0025844997726380825,0,3
3200,0,1,road_4_4_2_2,0.0021101604215800762,0,3
3200,0,1,road_3_3_1_0,0.0,0,0
3200,0,1,road_3_3_1_1,0.003084636991843581,3,0
3200,0,1,road_3_3_1_2,0.0035172721836715937,3,0
3200,0,1,road_2_4_0_0,0.0,0,0
3200,0,1,road_2_4_0_1,0.002110159955918789,0,3
3200,0,1,road_2_4_0_2,0.002584500005468726,3,0
3200,0,1,road_4_2_3_0,0.0,0,0
3200,0,1,road_4_2_3_1,-0.0016359935980290174,3,0
3200,0,1,road_4_2_3_2,-0.0014195183757692575,3,0
3200,0,1,road_5_1_2_0,0.0,0,0
3200,0,1,road_5_1_2_1,0.001656422740779817,3,0
3200,0,1,road_5_1_2_2,0.004147549159824848,3,0
3200,0,1,road_4_0_1_0,0.0,0,0
3200,0,1,road_4_0_1_1,-1.7397689589415677e-05,0,0
3200,0,1,road_4_0_1_2,-0.000835312413983047,3,0
3200,0,1,road_3_1_0_0,0.0,0,0
3200,0,1,road_3_1_0_1,0.0011047583539038897,3,0
3200,0,1,road_3_1_0_2,0.004462116397917271,2,1
3200,0,1,road_4_3_3_0,0.0,0,0
3200,0,1,road_4_3_3_1,0.001613582018762827,3,0
3200,0,1,road_4_3_3_2,0.002745585283264518,3,0
3200,0,1,road_5_2_2_0,0.0,0,0
3200,0,1,road_5_2_2_1,-1.0760705663415138e-05,2,0
3200,0,1,road_5_2_2_2,-0.0017225658521056175,0,0
3200,0,1,road_4_1_1_0,0.0,0,0
3200,0,1,road_4_1_1_1,0.0019971425645053387,3,0
3200,0,1,road_4_1_1_2,0.002698988653719425,3,0
3200,0,1,road_3_2_0_0,0.0,0,0
3200,0,1,road_3_2_0_1,-0.0020605814643204212,3,0
3200,0,1,road_3_2_0_2,-0.002504794392734766,3,0
3200,0,1,road_4_4_3_0,0.0,0,0
3200,0,1,road_4_4_3_1,-0.002774764783680439,3,0
3200,0,1,road_4_4_3_2,-0.0016530320281162858,0,0
3200,0,1,road_5_3_2_0,0.0,0,0
3200,0,1,road_5_3_2_1,-1.8725677364272997e-05,0,0
3200,0,1,road_5_3_2_2,-0.0004141765821259469,0,0
3200,0,1,road_4_2_1_0,0.0,0,0
3200,0,1,road_4_2_1_1,8.068227543844841e-06,3,0
3200,0,1,road_4_2_1_2,0.0018081963062286377,0,3
3200,0,1,road_3_3_0_0,0.0,0,0
3200,0,1,road_3_3_0_1,-0.0030446238815784454,0,0
3200,0,1,road_3_3_0_2,-0.001007250975817442,0,0
3200,0,1,road_4_5_3_0,0.0,0,0
3200,0,1,road_4_5_3_1,-0.0024221695493906736,3,0
3200,0,1,road_4_5_3_2,0.0012899418361485004,0,3
3200,0,1,road_5_4_2_0,0.0,0,0
3200,0,1,road_5_4_2_1,-1.791785871319007e-05,0,0
3200,0,1,road_5_4_2_2,-1.7917851437232457e-05,0,0
3200,0,1,road_4_3_1_0,0.0,0,0
3200,0,1,road_4_3_1_1,7.47384547139518e-06,3,0
3200,0,1,road_4_3_1_2,0.0036792627070099115,0,3
3200,0,1,road_3_4_0_0,0.0,0,0
3200,0,1,road_3_4_0_1,-0.0014204994076862931,0,0
3200,0,1,road_3_4_0_2,-0.0014204985927790403,0,0
3200,0,2,road_1_2_3_0,0.0,0,0
3200,0,2,road_1_2_3_1,-2.209483864135109e-05,0,0
3200,0,2,road_1_2_3_2,-0.000973789778072387,0,0
3200,0,2,road_2_1_2_0,0.0,0,0
3200,0,2,road_2_1_2_1,0.0039861733093857765,3,0
3200,0,2,road_2_1_2_2,0.003986172378063202,3,0
3200,0,2,road_1_0_1_0,0.0,0,0
3200,0,2,road_1_0_1_1,-1.9814200641121715e-05,0,0
3200,0,2,road_1_0_1_2,-0.0007779496954753995,0,0
3200,0,2,road_0_1_0_0,0.0,0,0
3200,0,2,road_0_1_0_1,1.0922617548203561e-05,3,0
3200,0,2,road_0_1_0_2,1.0922618457698263e-05,3,0
3200,0,2,road_1_3_3_0,0.0,0,0
3200,0,2,road_1_3_3_1,0.002315591322258115,3,0
3200,0,2,road_1_3_3_2,0.0018249118002131581,3,0
3200,0,2,road_2_2_2_0,0.0,0,0
3200,0,2,road_2_2_2_1,-0.0021893130615353584,3,0
3200,0,2,road_2_2_2_2,-0.0016505864914506674,3,0
3200,0,2,road_1_1_1_0,0.0,0,0
3200,0,2,road_1_1_1_1,0.002360911574214697,3,0
3200,0,2,road_1_1_1_2,0.0014758737524971366,3,0
3200,0,2,road_0_2_0_0,0.0,0,0
3200,0,2,road_0_2_0_1,-1.500413054600358e-05,0,0
3200,0,2,road_0_2_0_2,-0.0007807118818163872,3,0
3200,0,2,road_1_4_3_0,0.0,0,0
3200,0,2,road_1_4_3_1,-1.050603259500349e-05,0,0
3200,0,2,road_1_4_3_2,-0.0007092297310009599,0,0
3200,0,2,road_2_3_2_0,0.0,0,0
3200,0,2,road_2_3_2_1,-0.005016207695007324,3,0
3200,0,2,road_2_3_2_2,-0.0009154907311312854,0,0
3200,0,2,road_1_2_1_0,0.0,0,0
3200,0,2,road_1_2_1_1,-0.0002521383576095104,0,0
3200,0,2,road_1_2_1_2,-0.0007978082867339253,3,0
3200,0,2,road_0_3_0_0,0.0,0,0
3200,0,2,road_0_3_0_1,-0.0033816280774772167,0,0
3200,0,2,road_0_3_0_2,-0.0008686167420819402,0,0
3200,0,2,road_1_5_3_0,0.0,0,0
3200,0,2,road_1_5_3_1,1.1257679943810217e-05,3,0
3200,0,2,road_1_5_3_2,0.0002816667256411165,3,0
3200,0,2,road_2_4_2_0,0.0,0,0
3200,0,2,road_2_4_2_1,-0.0019335545366629958,3,0
3200,0,2,road_2_4_2_2,-0.002898219507187605,3,0
3200,0,2,road_1_3_1_0,0.0,0,0
3200,0,2,road_1_3_1_1,0.004346512258052826,3,0
3200,0,2,road_1_3_1_2,0.004114409442991018,3,0
3200,0,2,road_0_4_0_0,0.0,0,0
3200,0,2,road_0_4_0_1,-7.946416189952288e-06,3,0
3200,0,2,road_0_4_0_2,-9.026136467582546e-06,3,0
3200,0,2,road_2_2_3_0,0.0,0,0
3200,0,2,road_2_2_3_1,0.002165574114769697,3,0
3200,0,2,road_2_2_3_2,0.003068320918828249,3,0
3200,0,2,road_3_1_2_0,0.0,0,0
3200,0,2,road_3_1_2_1,-0.00221236445941031,3,0
3200,0,2,road_3_1_2_2,-0.0010671968339011073,3,0
3200,0,2,road_2_0_1_0,0.0,0,0
3200,0,2,road_2_0_1_1,0.0027251041028648615,3,0
3200,0,2,road_2_0_1_2,0.003032883396372199,3,0
3200,0,2,road_1_1_0_0,0.0,0,0
3200,0,2,road_1_1_0_1,-4.256131433066912e-05,2,0
3200,0,2,road_1_1_0_2,-0.0007516558980569243,0,0
3200,0,2,road_2_3_3_0,0.0,0,0
3200,0,2,road_2_3_3_1,-0.005121933296322823,3,0
3200,0,2,road_2_3_3_2,-0.001363246701657772,0,0
3200,0,2,road_3_2_2_0,0.0,0,0
3200,0,2,road_3_2_2_1,-0.0021918155252933502,3,0
3200,0,2,road_3_2_2_2,-0.002687205793336034,3,0
3200,0,2,road_2_1_1_0,0.0,0,0
3200,0,2,road_2_1_1_1,-0.005121933296322823,3,0
3200,0,2,road_2_1_1_2,-0.0013632468180730939,0,0
3200,0,2,road_1_2_0_0,0.0,0,0
3200,0,2,road_1_2_0_1,-0.0021918155252933502,3,0
3200,0,2,road_1_2_0_2,-0.002687205793336034,3,0
3200,0,2,road_2_4_3_0,0.0,0,0
3200,0,2,road_2_4_3_1,-0.0028260648250579834,3,0
3200,0,2,road_2_4_3_2,-0.0026627876795828342,3,0
3200,0,2,road_3_3_2_0,0.0,0,0
3200,0,2,road_3_3_2_1,0.00015881277795415372,3,0
3200,0,2,road_3_3_2_2,0.0011725416406989098,0,3
3200,0,2,road_2_2_1_0,0.0,0,0
3200,0,2,road_2_2_1_1,-0.0028260645922273397,3,0
3200,0,2,road_2_2_1_2,-0.002662787213921547,3,0
3200,0,2,road_1_3_0_0,0.0,0,0
3200,0,2,road_1_3_0_1,0.00015881258877925575,3,0
3200,0,2,road_1_3_0_2,0.0011725416406989098,0,3
3200,0,2,road_2_5_3_0,0.0,0,0
3200,0,2,road_2_5_3_1,-0.0012926027411594987,0,0
3200,0,2,road_2_5_3_2,-0.0012926028575748205,0,0
3200,0,2,road_3_4_2_0,0.0,0,0
3200,0,2,road_3_4_2_1,-8.366993279196322e-05,0,0
3200,0,2,road_3_4_2_2,-2.5463945348747075e-05,3,0
3200,0,2,road_2_3_1_0,0.0,0,0
3200,0,2,road_2_3_1_1,-0.005415730178356171,3,0
3200,0,2,road_2_3_1_2,-0.005415730178356171,3,0
3200,0,2,road_1_4_0_0,0.0,0,0
3200,0,2,road_1_4_0_1,-0.002130070934072137,0,0
3200,0,2,road_1_4_0_2,-0.002041238360106945,3,0
3200,0,2,road_3_2_3_0,0.0,0,0
3200,0,2,road_3_2_3_1,-0.0051219346933066845,3,0
3200,0,2,road_3_2_3_2,-0.001363247400149703,0,0
3200,0,2,road_4_1_2_0,0.0,0,0
3200,0,2,road_4_1_2_1,-0.0021918173879384995,3,0
3200,0,2,road_4_1_2_2,-0.0021918173879384995,3,0
3200,0,2,road_3_0_1_0,0.0,0,0
3200,0,2,road_3_0_1_1,-0.0051219346933066845,3,0
3200,0,2,road_3_0_1_2,-0.0013632476329803467,0,0
3200,0,2,road_2_1_0_0,0.0,0,0
3200,0,2,road_2_1_0_1,-0.002687208354473114,3,0
3200,0,2,road_2_1_0_2,-0.0026872088201344013,3,0
3200,0,2,road_3_3_3_0,0.0,0,0
3200,0,2,road_3_3_3_1,-0.0006056251004338264,3,0
3200,0,2,road_3_3_3_2,-0.002846932038664818,3,0
3200,0,2,road_4_2_2_0,0.0,0,0
3200,0,2,road_4_2_2_1,0.0016971826553344727,3,0
3200,0,2,road_4_2_2_2,0.003531246678903699,3,0
3200,0,2,road_3_1_1_0,0.0,0,0
3200,0,2,road_3_1_1_1,0.0009066679631359875,0,3
3200,0,2,road_3_1_1_2,-0.0009762831032276154,3,0
3200,0,2,road_2_2_0_0,0.0,0,0
3200,0,2,road_2_2_0_1,0.0028976257890462875,0,3
3200,0,2,road_2_2_0_2,0.004747700411826372,3,0
3200,0,2,road_3_4_3_0,0.0,0,0
3200,0,2,road_3_4_3_1,-0.002376760821789503,0,0
3200,0,2,road_3_4_3_2,-0.0007351666572503746,3,0
3200,0,2,road_4_3_2_0,0.0,0,0
3200,0,2,road_4_3_2_1,0.0036020432598888874,3,0
3200,0,2,road_4_3_2_2,0.0032382896170020103,3,0
3200,0,2,road_3_2_1_0,0.0,0,0
3200,0,2,road_3_2_1_1,-0.0029788920655846596,3,0
3200,0,2,road_3_2_1_2,-0.0027480339631438255,3,0
3200,0,2,road_2_3_0_0,0.0,0,0
3200,0,2,road_2_3_0_1,0.0036020432598888874,3,0
3200,0,2,road_2_3_0_2,0.0032382900826632977,3,0
3200,0,2,road_3_5_3_0,0.0,0,0
3200,0,2,road_3_5_3_1,0.0032147755846381187,3,0
3200,0,2,road_3_5_3_2,0.0026299837045371532,3,0
3200,0,2,road_4_4_2_0,0.0,0,0
3200,0,2,road_4_4_2_1,-0.0013572894968092442,3,0
3200,0,2,road_4_4_2_2,-0.00217718118801713,3,0
3200,0,2,road_3_3_1_0,0.0,0,0
3200,0,2,road_3_3_1_1,0.0032147751189768314,3,0
3200,0,2,road_3_3_1_2,0.0026299837045371532,3,0
3200,0,2,road_2_4_0_0,0.0,0,0
3200,0,2,road_2_4_0_1,-0.0021771821193397045,3,0
3200,0,2,road_2_4_0_2,-0.0027626105584204197,3,0
3200,0,2,road_4_2_3_0,0.0,0,0
3200,0,2,road_4_2_3_1,-0.001679523498751223,3,0
3200,0,2,road_4_2_3_2,-0.0014819935895502567,3,0
3200,0,2,road_5_1_2_0,0.0,0,0
3200,0,2,road_5_1_2_1,0.0019764783792197704,3,0
3200,0,2,road_5_1_2_2,0.0019294910598546267,3,0
3200,0,2,road_4_0_1_0,0.0,0,0
3200,0,2,road_4_0_1_1,-1.7762393326847814e-05,0,0
3200,0,2,road_4_0_1_2,-0.0008601384470239282,3,0
3200,0,2,road_3_1_0_0,0.0,0,0
3200,0,2,road_3_1_0_1,0.001976478612050414,3,0
3200,0,2,road_3_1_0_2,0.0019294912926852703,3,0
3200,0,2,road_4_3_3_0,0.0,0,0
3200,0,2,road_4_3_3_1,0.001613582018762827,3,0
3200,0,2,road_4_3_3_2,0.002745585283264518,3,0
3200,0,2,road_5_2_2_0,0.0,0,0
3200,0,2,road_5_2_2_1,-1.0760705663415138e-05,2,0
3200,0,2,road_5_2_2_2,-0.0017225658521056175,0,0
3200,0,2,road_4_1_1_0,0.0,0,0
3200,0,2,road_4_1_1_1,0.0019971425645053387,3,0
3200,0,2,road_4_1_1_2,0.002698988653719425,3,0
3200,0,2,road_3_2_0_0,0.0,0,0
3200,0,2,road_3_2_0_1,-0.0020605814643204212,3,0
3200,0,2,road_3_2_0_2,-0.002504794392734766,3,0
3200,0,2,road_4_4_3_0,0.0,0,0
3200,0,2,road_4_4_3_1,-0.0019201540853828192,3,0
3200,0,2,road_4_4_3_2,-0.0006038590800017118,0,0
3200,0,2,road_5_3_2_0,0.0,0,0
3200,0,2,road_5_3_2_1,2.3556929590995423e-05,0,3
3200,0,2,road_5_3_2_2,0.0003826387401204556,0,3
3200,0,2,road_4_2_1_0,0.0,0,0
3200,0,2,road_4_2_1_1,-1.0177130207011942e-05,3,0
3200,0,2,road_4_2_1_2,-0.0028250881005078554,3,0
3200,0,2,road_3_3_0_0,0.0,0,0
3200,0,2,road_3_3_0_1,0.011288341134786606,0,3
3200,0,2,road_3_3_0_2,0.0030154853593558073,0,3
3200,0,2,road_4_5_3_0,0.0,0,0
3200,0,2,road_4_5_3_1,-0.0027079209685325623,3,0
3200,0,2,road_4_5_3_2,-0.0026716506108641624,3,0
3200,0,2,road_5_4_2_0,0.0,0,0
3200,0,2,road_5_4_2_1,1.79149501491338e-05,0,3
3200,0,2,road_5_4_2_2,1.7914946511154994e-05,0,3
3200,0,2,road_4_3_1_0,0.0,0,0
3200,0,2,road_4_3_1_1,-8.158826858561952e-06,3,0
3200,0,2,road_4_3_1_2,-0.0027182933408766985,3,0
3200,0,2,road_3_4_0_0,0.0,0,0
3200,0,2,road_3_4_0_1,0.004360090475529432,0,3
3200,0,2,road_3_4_0_2,0.004360090009868145,0,3
3200,0,3,road_1_2_3_0,0.0,0,0
3200,0,3,road_1_2_3_1,-2.209483864135109e-05,0,0
3200,0,3,road_1_2_3_2,-0.000973789778072387,0,0
3200,0,3,road_2_1_2_0,0.0,0,0
3200,0,3,road_2_1_2_1,0.0039861733093857765,3,0
3200,0,3,road_2_1_2_2,0.003986172378063202,3,0
3200,0,3,road_1_0_1_0,0.0,0,0
3200,0,3,road_1_0_1_1,-1.9814200641121715e-05,0,0
3200,0,3,road_1_0_1_2,-0.0007779496954753995,0,0
3200,0,3,road_0_1_0_0,0.0,0,0
3200,0,3,road_0_1_0_1,1.0922617548203561e-05,3,0
3200,0,3,road_0_1_0_2,1.0922618457698263e-05,3,0
3200,0,3,road_1_3_3_0,0.0,0,0
3200,0,3,road_1_3_3_1,0.002315591322258115,3,0
3200,0,3,road_1_3_3_2,0.0018249118002131581,3,0
3200,0,3,road_2_2_2_0,0.0,0,0
3200,0,3,road_2_2_2_1,-0.0021893130615353584,3,0
3200,0,3,road_2_2_2_2,-0.0016505864914506674,3,0
3200,0,3,road_1_1_1_0,0.0,0,0
3200,0,3,road_1_1_1_1,0.002360911574214697,3,0
3200,0,3,road_1_1_1_2,0.0014758737524971366,3,0
3200,0,3,road_0_2_0_0,0.0,0,0
3200,0,3,road_0_2_0_1,-1.500413054600358e-05,0,0
3200,0,3,road_0_2_0_2,-0.0007807118818163872,3,0
3200,0,3,road_1_4_3_0,0.0,0,0
3200,0,3,road_1_4_3_1,-1.050603259500349e-05,0,0
3200,0,3,road_1_4_3_2,-0.0007092297310009599,0,0
3200,0,3,road_2_3_2_0,0.0,0,0
3200,0,3,road_2_3_2_1,-0.005016207695007324,3,0
3200,0,3,road_2_3_2_2,-0.0009154907311312854,0,0
3200,0,3,road_1_2_1_0,0.0,0,0
3200,0,3,road_1_2_1_1,-0.0002521383576095104,0,0
3200,0,3,road_1_2_1_2,-0.0007978082867339253,3,0
3200,0,3,road_0_3_0_0,0.0,0,0
3200,0,3,road_0_3_0_1,-0.0033816280774772167,0,0
3200,0,3,road_0_3_0_2,-0.0008686167420819402,0,0
3200,0,3,road_1_5_3_0,0.0,0,0
3200,0,3,road_1_5_3_1,1.1257679943810217e-05,3,0
3200,0,3,road_1_5_3_2,0.0002816667256411165,3,0
3200,0,3,road_2_4_2_0,0.0,0,0
3200,0,3,road_2_4_2_1,-0.0019335545366629958,3,0
3200,0,3,road_2_4_2_2,-0.002898219507187605,3,0
3200,0,3,road_1_3_1_0,0.0,0,0
3200,0,3,road_1_3_1_1,0.004346512258052826,3,0
3200,0,3,road_1_3_1_2,0.004114409442991018,3,0
3200,0,3,road_0_4_0_0,0.0,0,0
3200,0,3,road_0_4_0_1,-7.946416189952288e-06,3,0
3200,0,3,road_0_4_0_2,-9.026136467582546e-06,3,0
3200,0,3,road_2_2_3_0,0.0,0,0
3200,0,3,road_2_2_3_1,0.002165574114769697,3,0
3200,0,3,road_2_2_3_2,0.003068320918828249,3,0
3200,0,3,road_3_1_2_0,0.0,0,0
3200,0,3,road_3_1_2_1,-0.00221236445941031,3,0
3200,0,3,road_3_1_2_2,-0.0010671968339011073,3,0
3200,0,3,road_2_0_1_0,0.0,0,0
3200,0,3,road_2_0_1_1,0.0027251041028648615,3,0
3200,0,3,road_2_0_1_2,0.003032883396372199,3,0
3200,0,3,road_1_1_0_0,0.0,0,0
3200,0,3,road_1_1_0_1,-4.256131433066912e-05,2,0
3200,0,3,road_1_1_0_2,-0.0007516558980569243,0,0
3200,0,3,road_2_3_3_0,0.0,0,0
3200,0,3,road_2_3_3_1,-0.005121933296322823,3,0
3200,0,3,road_2_3_3_2,-0.001363246701657772,0,0
3200,0,3,road_3_2_2_0,0.0,0,0
3200,0,3,road_3_2_2_1,-0.0021918155252933502,3,0
3200,0,3,road_3_2_2_2,-0.002687205793336034,3,0
3200,0,3,road_2_1_1_0,0.0,0,0
3200,0,3,road_2_1_1_1,-0.005121933296322823,3,0
3200,0,3,road_2_1_1_2,-0.0013632468180730939,0,0
3200,0,3,road_1_2_0_0,0.0,0,0
3200,0,3,road_1_2_0_1,-0.0021918155252933502,3,0
3200,0,3,road_1_2_0_2,-0.002687205793336034,3,0
3200,0,3,road_2_4_3_0,0.0,0,0
3200,0,3,road_2_4_3_1,0.0032940078526735306,3,0
3200,0,3,road_2_4_3_2,0.0027336138300597668,3,0
3200,0,3,road_3_3_2_0,0.0,0,0
3200,0,3,road_3_3_2_1,-0.0018559617456048727,3,0
3200,0,3,road_3_3_2_2,-0.0030329017899930477,3,0
3200,0,3,road_2_2_1_0,0.0,0,0
3200,0,3,road_2_2_1_1,0.003294007619842887,3,0
3200,0,3,road_2_2_1_2,0.0027336133643984795,3,0
3200,0,3,road_1_3_0_0,0.0,0,0
3200,0,3,road_1_3_0_1,-0.0018559617456048727,3,0
3200,0,3,road_1_3_0_2,-0.0030329020228236914,3,0
3200,0,3,road_2_5_3_0,0.0,0,0
3200,0,3,road_2_5_3_1,-0.0012926027411594987,0,0
3200,0,3,road_2_5_3_2,-0.0012926028575748205,0,0
3200,0,3,road_3_4_2_0,0.0,0,0
3200,0,3,road_3_4_2_1,-8.366993279196322e-05,0,0
3200,0,3,road_3_4_2_2,-2.5463945348747075e-05,3,0
3200,0,3,road_2_3_1_0,0.0,0,0
3200,0,3,road_2_3_1_1,-0.005415730178356171,3,0
3200,0,3,road_2_3_1_2,-0.005415730178356171,3,0
3200,0,3,road_1_4_0_0,0.0,0,0
3200,0,3,road_1_4_0_1,-0.002130070934072137,0,0
3200,0,3,road_1_4_0_2,-0.002041238360106945,3,0
3200,0,3,road_3_2_3_0,0.0,0,0
3200,0,3,road_3_2_3_1,-0.0051219346933066845,3,0
3200,0,3,road_3_2_3_2,-0.001363247400149703,0,0
3200,0,3,road_4_1_2_0,0.0,0,0
3200,0,3,road_4_1_2_1,-0.0021918173879384995,3,0
3200,0,3,road_4_1_2_2,-0.0021918173879384995,3,0
3200,0,3,road_3_0_1_0,0.0,0,0
3200,0,3,road_3_0_1_1,-0.0051219346933066845,3,0
3200,0,3,road_3_0_1_2,-0.0013632476329803467,0,0
3200,0,3,road_2_1_0_0,0.0,0,0
3200,0,3,road_2_1_0_1,-0.002687208354473114,3,0
3200,0,3,road_2_1_0_2,-0.0026872088201344013,3,0
3200,0,3,road_3_3_3_0,0.0,0,0
3200,0,3,road_3_3_3_1,0.0014004029799252748,3,0
3200,0,3,road_3_3_3_2,0.003808119334280491,3,0
3200,0,3,road_4_2_2_0,0.0,0,0
3200,0,3,road_4_2_2_1,-0.0021428666077554226,3,0
3200,0,3,road_4_2_2_2,-0.0034889457747340202,3,0
3200,0,3,road_3_1_1_0,0.0,0,0
3200,0,3,road_3_1_1_1,0.002801323775202036,3,0
3200,0,3,road_3_1_1_2,0.003719515632838011,3,0
3200,0,3,road_2_2_0_0,0.0,0,0
3200,0,3,road_2_2_0_1,-0.0026617683470249176,3,0
3200,0,3,road_2_2_0_2,-0.0033673658035695553,3,0
3200,0,3,road_3_4_3_0,0.0,0,0
3200,0,3,road_3_4_3_1,-0.002376760821789503,0,0
3200,0,3,road_3_4_3_2,-0.0007351666572503746,3,0
3200,0,3,road_4_3_2_0,0.0,0,0
3200,0,3,road_4_3_2_1,0.0036020432598888874,3,0
3200,0,3,road_4_3_2_2,0.0032382896170020103,3,0
3200,0,3,road_3_2_1_0,0.0,0,0
3200,0,3,road_3_2_1_1,-0.0029788920655846596,3,0
3200,0,3,road_3_2_1_2,-0.0027480339631438255,3,0
3200,0,3,road_2_3_0_0,0.0,0,0
3200,0,3,road_2_3_0_1,0.0036020432598888874,3,0
3200,0,3,road_2_3_0_2,0.0032382900826632977,3,0
3200,0,3,road_3_5_3_0,0.0,0,0
3200,0,3,road_3_5_3_1,0.0032147755846381187,3,0
3200,0,3,road_3_5_3_2,0.0026299837045371532,3,0
3200,0,3,road_4_4_2_0,0.0,0,0
3200,0,3,road_4_4_2_1,-0.0013572894968092442,3,0
3200,0,3,road_4_4_2_2,-0.00217718118801713,3,0
3200,0,3,road_3_3_1_0,0.0,0,0
3200,0,3,road_3_3_1_1,0.0032147751189768314,3,0
3200,0,3,road_3_3_1_2,0.0026299837045371532,3,0
3200,0,3,road_2_4_0_0,0.0,0,0
3200,0,3,road_2_4_0_1,-0.0021771821193397045,3,0
3200,0,3,road_2_4_0_2,-0.0027626105584204197,3,0
3200,0,3,road_4_2_3_0,0.0,0,0
3200,0,3,road_4_2_3_1,-0.001679523498751223,3,0
3200,0,3,road_4_2_3_2,-0.0014819935895502567,3,0
3200,0,3,road_5_1_2_0,0.0,0,0
3200,0,3,road_5_1_2_1,0.0019764783792197704,3,0
3200,0,3,road_5_1_2_2,0.0019294910598546267,3,0
3200,0,3,road_4_0_1_0,0.0,0,0
3200,0,3,road_4_0_1_1,-1.7762393326847814e-05,0,0
3200,0,3,road_4_0_1_2,-0.0008601384470239282,3,0
3200,0,3,road_3_1_0_0,0.0,0,0
3200,0,3,road_3_1_0_1,0.001976478612050414,3,0
3200,0,3,road_3_1_0_2,0.0019294912926852703,3,0
3200,0,3,road_4_3_3_0,0.0,0,0
3200,0,3,road_4_3_3_1,0.001613582018762827,3,0
3200,0,3,road_4_3_3_2,0.002745585283264518,3,0
3200,0,3,road_5_2_2_0,0.0,0,0
3200,0,3,road_5_2_2_1,-1.0760705663415138e-05,2,0
3200,0,3,road_5_2_2_2,-0.0017225658521056175,0,0
3200,0,3,road_4_1_1_0,0.0,0,0
3200,0,3,road_4_1_1_1,0.0019971425645053387,3,0
3200,0,3,road_4_1_1_2,0.002698988653719425,3,0
3200,0,3,road_3_2_0_0,0.0,0,0
3200,0,3,road_3_2_0_1,-0.0020605814643204212,3,0
3200,0,3,road_3_2_0_2,-0.002504794392734766,3,0
3200,0,3,road_4_4_3_0,0.0,0,0
3200,0,3,road_4_4_3_1,-0.0021481162402778864,3,0
3200,0,3,road_4_4_3_2,-0.0024373566266149282,0,0
3200,0,3,road_5_3_2_0,0.0,0,0
3200,0,3,road_5_3_2_1,-8.013990736799315e-06,3,0
3200,0,3,road_5_3_2_2,-0.00019267805328126997,3,0
3200,0,3,road_4_2_1_0,0.0,0,0
3200,0,3,road_4_2_1_1,8.038286068767775e-06,3,0
3200,0,3,road_4_2_1_2,0.002768321428447962,3,0
3200,0,3,road_3_3_0_0,0.0,0,0
3200,0,3,road_3_3_0_1,-0.0013566259294748306,3,0
3200,0,3,road_3_3_0_2,-0.002199176698923111,3,0
3200,0,3,road_4_5_3_0,0.0,0,0
3200,0,3,road_4_5_3_1,0.0022877026349306107,3,0
3200,0,3,road_4_5_3_2,0.0027850675396621227,3,0
3200,0,3,road_5_4_2_0,0.0,0,0
3200,0,3,road_5_4_2_1,-7.797083526384085e-06,3,0
3200,0,3,road_5_4_2_2,-7.797084435878787e-06,3,0
3200,0,3,road_4_3_1_0,0.0,0,0
3200,0,3,road_4_3_1_1,8.286154297820758e-06,3,0
3200,0,3,road_4_3_1_2,0.0036067222245037556,3,0
3200,0,3,road_3_4_0_0,0.0,0,0
3200,0,3,road_3_4_0_1,-0.0025801192969083786,3,0
3200,0,3,road_3_4_0_2,-0.002580119762569666,3,0
3400,0,0,road_1_2_3_0,0.0,0,0
3400,0,0,road_1_2_3_1,-1.327340396528598e-05,0,0
3400,0,0,road_1_2_3_2,-0.0007691312348470092,0,0
3400,0,0,road_2_1_2_0,0.0,0,0
3400,0,0,road_2_1_2_1,0.0021667764522135258,0,3
3400,0,0,road_2_1_2_2,0.0021667764522135258,0,3
3400,0,0,road_1_0_1_0,0.0,0,0
3400,0,0,road_1_0_1_1,-1.851161869126372e-05,0,0
3400,0,0,road_1_0_1_2,-0.00032270734664052725,0,0
3400,0,0,road_0_1_0_0,0.0,0,0
3400,0,0,road_0_1_0_1,1.3265615962154698e-05,0,3
3400,0,0,road_0_1_0_2,1.3265614143165294e-05,0,3
3400,0,0,road_1_3_3_0,0.0,0,0
3400,0,0,road_1_3_3_1,0.0018200112972408533,0,3
3400,0,0,road_1_3_3_2,0.0014011769089847803,0,2
3400,0,0,road_2_2_2_0,0.0,0,0
3400,0,0,road_2_2_2_1,0.003803795203566551,0,3
3400,0,0,road_2_2_2_2,0.004452263470739126,0,3
3400,0,0,road_1_1_1_0,0.0,0,0
3400,0,0,road_1_1_1_1,0.0024595861323177814,0,3
3400,0,0,road_1_1_1_2,0.003936161287128925,0,3
3400,0,0,road_0_2_0_0,0.0,0,0
3400,0,0,road_0_2_0_1,2.3951230105012655e-05,0,0
3400,0,0,road_0_2_0_2,0.0027337251231074333,0,3
3400,0,0,road_1_4_3_0,0.0,0,0
3400,0,0,road_1_4_3_1,-1.58345683303196e-05,0,0
3400,0,0,road_1_4_3_2,-0.0009164593648165464,0,0
3400,0,0,road_2_3_2_0,0.0,0,0
3400,0,0,road_2_3_2_1,-0.0011733315186575055,0,3
3400,0,0,road_2_3_2_2,-0.0008758573094382882,0,0
3400,0,0,road_1_2_1_0,0.0,0,0
3400,0,0,road_1_2_1_1,-0.00040732964407652617,0,0
3400,0,0,road_1_2_1_2,-0.0008090793853625655,0,0
3400,0,0,road_0_3_0_0,0.0,0,0
3400,0,0,road_0_3_0_1,-0.0011733314022421837,0,0
3400,0,0,road_0_3_0_2,-0.0008758572512306273,0,0
3400,0,0,road_1_5_3_0,0.0,0,0
3400,0,0,road_1_5_3_1,-1.7013295291690156e-05,0,0
3400,0,0,road_1_5_3_2,-0.00026006170082837343,0,0
3400,0,0,road_2_4_2_0,0.0,0,0
3400,0,0,road_2_4_2_1,0.0029733581468462944,0,3
3400,0,0,road_2_4_2_2,0.0031886661890894175,0,3
3400,0,0,road_1_3_1_0,0.0,0,0
3400,0,0,road_1_3_1_1,-0.0012931376695632935,0,0
3400,0,0,road_1_3_1_2,-0.0012989508686587214,0,0
3400,0,0,road_0_4_0_0,0.0,0,0
3400,0,0,road_0_4_0_1,1.7616495824768208e-05,0,3
3400,0,0,road_0_4_0_2,1.709163552732207e-05,0,3
3400,0,0,road_2_2_3_0,0.0,0,0
3400,0,0,road_2_2_3_1,0.0016811052337288857,0,3
3400,0,0,road_2_2_3_2,7.981607632245868e-05,0,3
3400,0,0,road_3_1_2_0,0.0,0,0
3400,0,0,road_3_1_2_1,-0.003655008040368557,0,0
3400,0,0,road_3_1_2_2,0.00011422399256844074,0,3
3400,0,0,road_2_0_1_0,0.0,0,0
3400,0,0,road_2_0_1_1,0.0016811053501442075,0,3
3400,0,0,road_2_0_1_2,7.981594535522163e-05,0,3
3400,0,0,road_1_1_0_0,0.0,0,0
3400,0,0,road_1_1_0_1,8.889322998584248e-06,0,2
3400,0,0,road_1_1_0_2,0.0032827709801495075,0,3
3400,0,0,road_2_3_3_0,0.0,0,0
3400,0,0,road_2_3_3_1,0.0018493488896638155,0,3
3400,0,0,road_2_3_3_2,9.62864505709149e-05,0,3
3400,0,0,road_3_2_2_0,0.0,0,0
3400,0,0,road_3_2_2_1,-0.0013483158545568585,0,0
3400,0,0,road_3_2_2_2,-0.00038079917430877686,0,0
3400,0,0,road_2_1_1_0,0.0,0,0
3400,0,0,road_2_1_1_1,0.0018493490060791373,0,3
3400,0,0,road_2_1_1_2,9.628638508729637e-05,0,3
3400,0,0,road_1_2_0_0,0.0,0,0
3400,0,0,road_1_2_0_1,-0.0004202040727250278,0,0
3400,0,0,road_1_2_0_2,0.00018197527970187366,0,3
3400,0,0,road_2_4_3_0,0.0,0,0
3400,0,0,road_2_4_3_1,0.0002968388726003468,0,3
3400,0,0,road_2_4_3_2,-0.00032600192935205996,0,0
3400,0,0,road_3_3_2_0,0.0,0,0
3400,0,0,road_3_3_2_1,2.363637395319529e-05,0,3
3400,0,0,road_3_3_2_2,-0.0002884565037675202,0,0
3400,0,0,road_2_2_1_0,0.0,0,0
3400,0,0,road_2_2_1_1,0.0002968389308080077,0,3
3400,0,0,road_2_2_1_2,-0.00032600219128653407,0,0
3400,0,0,road_1_3_0_0,0.0,0,0
3400,0,0,road_1_3_0_1,2.3636377591174096e-05,0,3
3400,0,0,road_1_3_0_2,-0.0002884564455598593,0,0
3400,0,0,road_2_5_3_0,0.0,0,0
3400,0,0,road_2_5_3_1,3.504717460600659e-05,0,3
3400,0,0,road_2_5_3_2,3.504706546664238e-05,0,3
3400,0,0,road_3_4_2_0,0.0,0,0
3400,0,0,road_3_4_2_1,-0.0074800713919103146,0,0
3400,0,0,road_3_4_2_2,-0.00031979207415133715,0,0
3400,0,0,road_2_3_1_0,0.0,0,0
3400,0,0,road_2_3_1_1,0.0017106119776144624,0,3
3400,0,0,road_2_3_1_2,0.0017106118611991405,0,3
3400,0,0,road_1_4_0_0,0.0,0,0
3400,0,0,road_1_4_0_1,-0.0047334060072898865,0,0
3400,0,0,road_1_4_0_2,-0.0004104861873202026,0,0
3400,0,0,road_3_2_3_0,0.0,0,0
3400,0,0,road_3_2_3_1,0.0002968388726003468,0,3
3400,0,0,road_3_2_3_2,-0.00032600192935205996,0,0
3400,0,0,road_4_1_2_0,0.0,0,0
3400,0,0,road_4_1_2_1,2.363637395319529e-05,0,3
3400,0,0,road_4_1_2_2,-0.0002884565037675202,0,0
3400,0,0,road_3_0_1_0,0.0,0,0
3400,0,0,road_3_0_1_1,0.0002968389308080077,0,3
3400,0,0,road_3_0_1_2,-0.00032600219128653407,0,0
3400,0,0,road_2_1_0_0,0.0,0,0
3400,0,0,road_2_1_0_1,2.3636377591174096e-05,0,3
3400,0,0,road_2_1_0_2,-0.0002884564455598593,0,0
3400,0,0,road_3_3_3_0,0.0,0,0
3400,0,0,road_3_3_3_1,-0.001994676887989044,0,0
3400,0,0,road_3_3_3_2,0.0006952063413336873,0,3
3400,0,0,road_4_2_2_0,0.0,0,0
3400,0,0,road_4_2_2_1,2.6891582820098847e-05,0,3
3400,0,0,road_4_2_2_2,-0.0003419375861994922,0,0
3400,0,0,road_3_1_1_0,0.0,0,0
3400,0,0,road_3_1_1_1,-0.0009705910924822092,0,0
3400,0,0,road_3_1_1_2,0.000709211512003094,0,3
3400,0,0,road_2_2_0_0,0.0,0,0
3400,0,0,road_2_2_0_1,0.0008143845479935408,0,3
3400,0,0,road_2_2_0_2,8.201960008591413e-05,0,3
3400,0,0,road_3_4_3_0,0.0,0,0
3400,0,0,road_3_4_3_1,2.3637025151401758e-05,0,3
3400,0,0,road_3_4_3_2,-0.0002884560963138938,0,0
3400,0,0,road_4_3_2_0,0.0,0,0
3400,0,0,road_4_3_2_1,0.0002968394255731255,0,3
3400,0,0,road_4_3_2_2,-0.0003260017838329077,0,0
3400,0,0,road_3_2_1_0,0.0,0,0
3400,0,0,road_3_2_1_1,2.3637054255232215e-05,0,3
3400,0,0,road_3_2_1_2,-0.0002884560963138938,0,0
3400,0,0,road_2_3_0_0,0.0,0,0
3400,0,0,road_2_3_0_1,0.00029683945467695594,0,3
3400,0,0,road_2_3_0_2,-0.0003260017547290772,0,0
3400,0,0,road_3_5_3_0,0.0,0,0
3400,0,0,road_3_5_3_1,0.001426108181476593,0,3
3400,0,0,road_3_5_3_2,0.00011930658365599811,0,3
3400,0,0,road_4_4_2_0,0.0,0,0
3400,0,0,road_4_4_2_1,-0.0013760365545749664,0,0
3400,0,0,road_4_4_2_2,-0.00031701562693342566,0,0
3400,0,0,road_3_3_1_0,0.0,0,0
3400,0,0,road_3_3_1_1,0.0014261080650612712,0,3
3400,0,0,road_3_3_1_2,0.00011930654000025243,0,3
3400,0,0,road_2_4_0_0,0.0,0,0
3400,0,0,road_2_4_0_1,-0.00035456850309856236,0,0
3400,0,0,road_2_4_0_2,0.0001369648234685883,0,3
3400,0,0,road_4_2_3_0,0.0,0,0
3400,0,0,road_4_2_3_1,-0.0014732038835063577,0,0
3400,0,0,road_4_2_3_2,-0.0012152947019785643,0,0
3400,0,0,road_5_1_2_0,0.0,0,0
3400,0,0,road_5_1_2_1,-0.0006276827189140022,0,0
3400,0,0,road_5_1_2_2,9.832973591983318e-05,0,3
3400,0,0,road_4_0_1_0,0.0,0,0
3400,0,0,road_4_0_1_1,-1.5105643797141965e-05,0,0
3400,0,0,road_4_0_1_2,-0.0024033731315284967,0,0
3400,0,0,road_3_1_0_0,0.0,0,0
3400,0,0,road_3_1_0_1,-0.0006276826607063413,0,0
3400,0,0,road_3_1_0_2,9.832991054281592e-05,0,3
3400,0,0,road_4_3_3_0,0.0,0,0
3400,0,0,road_4_3_3_1,0.002566338749602437,0,3
3400,0,0,road_4_3_3_2,0.002802691189572215,0,3
3400,0,0,road_5_2_2_0,0.0,0,0
3400,0,0,road_5_2_2_1,2.681408659555018e-05,0,0
3400,0,0,road_5_2_2_2,0.002351531060412526,0,3
3400,0,0,road_4_1_1_0,0.0,0,0
3400,0,0,road_4_1_1_1,0.0015811233315616846,0,2
3400,0,0,road_4_1_1_2,0.0019337775884196162,0,3
3400,0,0,road_3_2_0_0,0.0,0,0
3400,0,0,road_3_2_0_1,0.007322793826460838,0,3
3400,0,0,road_3_2_0_2,0.004779296927154064,0,3
3400,0,0,road_4_4_3_0,0.0,0,0
3400,0,0,road_4_4_3_1,0.003334339475259185,0,3
3400,0,0,road_4_4_3_2,-0.00018044537864625454,0,0
3400,0,0,road_5_3_2_0,0.0,0,0
3400,0,0,road_5_3_2_1,-1.8029006241704337e-05,0,0
3400,0,0,road_5_3_2_2,-0.0003784881846513599,0,0
3400,0,0,road_4_2_1_0,0.0,0,0
3400,0,0,road_4_2_1_1,6.709263288939837e-06,0,3
3400,0,0,road_4_2_1_2,-0.004028553143143654,0,0
3400,0,0,road_3_3_0_0,0.0,0,0
3400,0,0,road_3_3_0_1,-0.0007931963773444295,0,0
3400,0,0,road_3_3_0_2,-0.0007144602714106441,0,0
3400,0,0,road_4_5_3_0,0.0,0,0
3400,0,0,road_4_5_3_1,0.0029777688905596733,0,3
3400,0,0,road_4_5_3_2,-0.00046841480070725083,0,0
3400,0,0,road_5_4_2_0,0.0,0,0
3400,0,0,road_5_4_2_1,-1.6847619917825796e-05,0,0
3400,0,0,road_5_4_2_2,-1.6336316548404284e-05,0,0
3400,0,0,road_4_3_1_0,0.0,0,0
3400,0,0,road_4_3_1_1,3.987664058513474e-06,0,3
3400,0,0,road_4_3_1_2,-0.004326271824538708,0,0
3400,0,0,road_3_4_0_0,0.0,0,0
3400,0,0,road_3_4_0_1,-0.0007138202199712396,0,0
3400,0,0,road_3_4_0_2,-0.0007436834857799113,0,0
3400,0,1,road_1_2_3_0,0.0,0,0
3400,0,1,road_1_2_3_1,-1.728157076286152e-05,0,0
3400,0,1,road_1_2_3_2,-0.0010221556294709444,0,0
3400,0,1,road_2_1_2_0,0.0,0,0
3400,0,1,road_2_1_2_1,0.003854079870507121,3,0
3400,0,1,road_2_1_2_2,0.003854080568999052,3,0
3400,0,1,road_1_0_1_0,0.0,0,0
3400,0,1,road_1_0_1_1,-2.370893162151333e-05,0,0
3400,0,1,road_1_0_1_2,-0.0004209830949548632,0,0
3400,0,1,road_0_1_0_0,0.0,0,0
3400,0,1,road_0_1_0_1,1.0625471077219117e-05,3,0
3400,0,1,road_0_1_0_2,1.0625473805703223e-05,3,0
3400,0,1,road_1_3_3_0,0.0,0,0
3400,0,1,road_1_3_3_1,0.0012970487587153912,3,0
3400,0,1,road_1_3_3_2,0.0014855691697448492,2,1
3400,0,1,road_2_2_2_0,0.0,0,0
3400,0,1,road_2_2_2_1,-0.0021214643493294716,3,0
3400,0,1,road_2_2_2_2,-0.0015993512934073806,3,0
3400,0,1,road_1_1_1_0,0.0,0,0
3400,0,1,road_1_1_1_1,0.0020408700220286846,3,0
3400,0,1,road_1_1_1_2,0.0012499928707256913,3,0
3400,0,1,road_0_2_0_0,0.0,0,0
3400,0,1,road_0_2_0_1,-1.4341927453642711e-05,0,0
3400,0,1,road_0_2_0_2,-0.0007445334922522306,3,0
3400,0,1,road_1_4_3_0,0.0,0,0
3400,0,1,road_1_4_3_1,-1.4278019989433233e-05,0,0
3400,0,1,road_1_4_3_2,-0.0008442994439974427,0,0
3400,0,1,road_2_3_2_0,0.0,0,0
3400,0,1,road_2_3_2_1,-0.0050446405075490475,3,0
3400,0,1,road_2_3_2_2,-0.00104704184923321,0,0
3400,0,1,road_1_2_1_0,0.0,0,0
3400,0,1,road_1_2_1_1,-0.00037779330159537494,0,0
3400,0,1,road_1_2_1_2,-0.0007420911570079625,0,0
3400,0,1,road_0_3_0_0,0.0,0,0
3400,0,1,road_0_3_0_1,-0.003282196121290326,0,0
3400,0,1,road_0_3_0_2,-0.0008530433406122029,0,0
3400,0,1,road_1_5_3_0,0.0,0,0
3400,0,1,road_1_5_3_1,1.414366124663502e-05,0,3
3400,0,1,road_1_5_3_2,0.00021921060397289693,0,3
3400,0,1,road_2_4_2_0,0.0,0,0
3400,0,1,road_2_4_2_1,-0.0015936288982629776,3,0
3400,0,1,road_2_4_2_2,-0.0023496593348681927,3,0
3400,0,1,road_1_3_1_0,0.0,0,0
3400,0,1,road_1_3_1_1,0.00207043020054698,0,3
3400,0,1,road_1_3_1_2,0.002066201064735651,0,3
3400,0,1,road_0_4_0_0,0.0,0,0
3400,0,1,road_0_4_0_1,-6.439731350837974e-06,3,0
3400,0,1,road_0_4_0_2,-7.281356829480501e-06,3,0
3400,0,1,road_2_2_3_0,0.0,0,0
3400,0,1,road_2_2_3_1,0.0029524636920541525,3,0
3400,0,1,road_2_2_3_2,0.002894733101129532,3,0
3400,0,1,road_3_1_2_0,0.0,0,0
3400,0,1,road_3_1_2_1,-0.0007195911603048444,0,0
3400,0,1,road_3_1_2_2,-0.0010167473228648305,3,0
3400,0,1,road_2_0_1_0,0.0,0,0
3400,0,1,road_2_0_1_1,0.002952463924884796,3,0
3400,0,1,road_2_0_1_2,0.0028947333339601755,3,0
3400,0,1,road_1_1_0_0,0.0,0,0
3400,0,1,road_1_1_0_1,-4.0732666093390435e-05,2,0
3400,0,1,road_1_1_0_2,-0.0021148857194930315,3,0
3400,0,1,road_2_3_3_0,0.0,0,0
3400,0,1,road_2_3_3_1,0.002933770650997758,3,0
3400,0,1,road_2_3_3_2,0.0034710646141320467,3,0
3400,0,1,road_3_2_2_0,0.0,0,0
3400,0,1,road_3_2_2_1,0.0017368125263601542,0,3
3400,0,1,road_3_2_2_2,0.0014271303080022335,0,3
3400,0,1,road_2_1_1_0,0.0,0,0
3400,0,1,road_2_1_1_1,0.0029337704181671143,3,0
3400,0,1,road_2_1_1_2,0.0034710639156401157,3,0
3400,0,1,road_1_2_0_0,0.0,0,0
3400,0,1,road_1_2_0_1,0.0017981799319386482,0,3
3400,0,1,road_1_2_0_2,0.001762639032676816,3,0
3400,0,1,road_2_4_3_0,0.0,0,0
3400,0,1,road_2_4_3_1,-0.0058117881417274475,3,0
3400,0,1,road_2_4_3_2,-0.0009789355099201202,0,0
3400,0,1,road_3_3_2_0,0.0,0,0
3400,0,1,road_3_3_2_1,0.0008608211646787822,3,0
3400,0,1,road_3_3_2_2,0.001120742061175406,0,3
3400,0,1,road_2_2_1_0,0.0,0,0
3400,0,1,road_2_2_1_1,-0.0058117881417274475,3,0
3400,0,1,road_2_2_1_2,-0.0009789355099201202,0,0
3400,0,1,road_1_3_0_0,0.0,0,0
3400,0,1,road_1_3_0_1,0.0008608212228864431,3,0
3400,0,1,road_1_3_0_2,0.0011207419447600842,0,3
3400,0,1,road_2_5_3_0,0.0,0,0
3400,0,1,road_2_5_3_1,0.0036627259105443954,3,0
3400,0,1,road_2_5_3_2,0.0036627259105443954,3,0
3400,0,1,road_3_4_2_0,0.0,0,0
3400,0,1,road_3_4_2_1,-0.002367425709962845,0,0
3400,0,1,road_3_4_2_2,-0.00030224380316212773,0,0
3400,0,1,road_2_3_1_0,0.0,0,0
3400,0,1,road_2_3_1_1,0.001953460043296218,3,0
3400,0,1,road_2_3_1_2,0.001953459344804287,3,0
3400,0,1,road_1_4_0_0,0.0,0,0
3400,0,1,road_1_4_0_1,-7.69564212532714e-05,0,0
3400,0,1,road_1_4_0_2,0.00086407974595204,0,3
3400,0,1,road_3_2_3_0,0.0,0,0
3400,0,1,road_3_2_3_1,-0.0058117881417274475,3,0
3400,0,1,road_3_2_3_2,-0.0009789355099201202,0,0
3400,0,1,road_4_1_2_0,0.0,0,0
3400,0,1,road_4_1_2_1,0.0008608211646787822,3,0
3400,0,1,road_4_1_2_2,0.001120742061175406,0,3
3400,0,1,road_3_0_1_0,0.0,0,0
3400,0,1,road_3_0_1_1,-0.0058117881417274475,3,0
3400,0,1,road_3_0_1_2,-0.0009789355099201202,0,0
3400,0,1,road_2_1_0_0,0.0,0,0
3400,0,1,road_2_1_0_1,0.0008608212228864431,3,0
3400,0,1,road_2_1_0_2,0.0011207419447600842,0,3
3400,0,1,road_3_3_3_0,0.0,0,0
3400,0,1,road_3_3_3_1,0.004845427814871073,0,3
3400,0,1,road_3_3_3_2,0.0005715862498618662,3,0
3400,0,1,road_4_2_2_0,0.0,0,0
3400,0,1,road_4_2_2_1,0.00023202324518933892,3,0
3400,0,1,road_4_2_2_2,0.001593486755155027,0,3
3400,0,1,road_3_1_1_0,0.0,0,0
3400,0,1,road_3_1_1_1,-0.000953321810811758,0,0
3400,0,1,road_3_1_1_2,-0.004822160582989454,3,0
3400,0,1,road_2_2_0_0,0.0,0,0
3400,0,1,road_2_2_0_1,-0.0015414103399962187,3,0
3400,0,1,road_2_2_0_2,-0.0009146278025582433,3,0
3400,0,1,road_3_4_3_0,0.0,0,0
3400,0,1,road_3_4_3_1,0.0008608205243945122,3,0
3400,0,1,road_3_4_3_2,0.0011207418283447623,0,3
3400,0,1,road_4_3_2_0,0.0,0,0
3400,0,1,road_4_3_2_1,-0.0058117881417274475,3,0
3400,0,1,road_4_3_2_2,-0.0009789353935047984,0,0
3400,0,1,road_3_2_1_0,0.0,0,0
3400,0,1,road_3_2_1_1,0.0008608204661868513,3,0
3400,0,1,road_3_2_1_2,0.0011207415955141187,0,3
3400,0,1,road_2_3_0_0,0.0,0,0
3400,0,1,road_2_3_0_1,-0.0058117881417274475,3,0
3400,0,1,road_2_3_0_2,-0.000978935626335442,0,0
3400,0,1,road_3_5_3_0,0.0,0,0
3400,0,1,road_3_5_3_1,0.003084637224674225,3,0
3400,0,1,road_3_5_3_2,0.00351727195084095,3,0
3400,0,1,road_4_4_2_0,0.0,0,0
3400,0,1,road_4_4_2_1,0.0025844997726380825,0,3
3400,0,1,road_4_4_2_2,0.0021101604215800762,0,3
3400,0,1,road_3_3_1_0,0.0,0,0
3400,0,1,road_3_3_1_1,0.003084636991843581,3,0
3400,0,1,road_3_3_1_2,0.0035172721836715937,3,0
3400,0,1,road_2_4_0_0,0.0,0,0
3400,0,1,road_2_4_0_1,0.002110159955918789,0,3
3400,0,1,road_2_4_0_2,0.002584500005468726,3,0
3400,0,1,road_4_2_3_0,0.0,0,0
3400,0,1,road_4_2_3_1,-0.002179702976718545,0,0
3400,0,1,road_4_2_3_2,-0.0018248951528221369,0,0
3400,0,1,road_5_1_2_0,0.0,0,0
3400,0,1,road_5_1_2_1,-0.0020518810488283634,0,0
3400,0,1,road_5_1_2_2,-0.003028373932465911,3,0
3400,0,1,road_4_0_1_0,0.0,0,0
3400,0,1,road_4_0_1_1,-1.3382228644331917e-05,0,0
3400,0,1,road_4_0_1_2,-0.0024863758590072393,0,0
3400,0,1,road_3_1_0_0,0.0,0,0
3400,0,1,road_3_1_0_1,-0.0020518808159977198,0,0
3400,0,1,road_3_1_0_2,-0.0030283741652965546,3,0
3400,0,1,road_4_3_3_0,0.0,0,0
3400,0,1,road_4_3_3_1,0.0008020963286980987,3,0
3400,0,1,road_4_3_3_2,0.0016704569570720196,3,0
3400,0,1,road_5_2_2_0,0.0,0,0
3400,0,1,road_5_2_2_1,-1.6638847228023224e-05,0,0
3400,0,1,road_5_2_2_2,-0.0005292121204547584,3,0
3400,0,1,road_4_1_1_0,0.0,0,0
3400,0,1,road_4_1_1_1,0.00031625060364603996,2,1
3400,0,1,road_4_1_1_2,0.0009979857131838799,3,0
3400,0,1,road_3_2_0_0,0.0,0,0
3400,0,1,road_3_2_0_1,-0.0016441757325083017,3,0
3400,0,1,road_3_2_0_2,-0.0019575227051973343,3,0
3400,0,1,road_4_4_3_0,0.0,0,0
3400,0,1,road_4_4_3_1,-0.0027227308601140976,3,0
3400,0,1,road_4_4_3_2,-0.0015517205465584993,0,0
3400,0,1,road_5_3_2_0,0.0,0,0
3400,0,1,road_5_3_2_1,-1.6706735550542362e-05,0,0
3400,0,1,road_5_3_2_2,-0.00036648791865445673,0,0
3400,0,1,road_4_2_1_0,0.0,0,0
3400,0,1,road_4_2_1_1,8.379003702430055e-06,3,0
3400,0,1,road_4_2_1_2,0.0019271495984867215,0,3
3400,0,1,road_3_3_0_0,0.0,0,0
3400,0,1,road_3_3_0_1,-0.0010191346518695354,0,0
3400,0,1,road_3_3_0_2,-0.001068563899025321,0,0
3400,0,1,road_4_5_3_0,0.0,0,0
3400,0,1,road_4_5_3_1,-0.004293404519557953,3,0
3400,0,1,road_4_5_3_2,-0.0019633155316114426,0,0
3400,0,1,road_5_4_2_0,0.0,0,0
3400,0,1,road_5_4_2_1,-1.5264053217833862e-05,0,0
3400,0,1,road_5_4_2_2,-1.5538867955910973e-05,0,0
3400,0,1,road_4_3_1_0,0.0,0,0
3400,0,1,road_4_3_1_1,7.265114618348889e-06,3,0
3400,0,1,road_4_3_1_2,0.001967847114428878,0,3
3400,0,1,road_3_4_0_0,0.0,0,0
3400,0,1,road_3_4_0_1,-0.0008926421869546175,0,0
3400,0,1,road_3_4_0_2,-0.0010358815779909492,0,0
3400,0,2,road_1_2_3_0,0.0,0,0
3400,0,2,road_1_2_3_1,-1.728157076286152e-05,0,0
3400,0,2,road_1_2_3_2,-0.0010221556294709444,0,0
3400,0,2,road_2_1_2_0,0.0,0,0
3400,0,2,road_2_1_2_1,0.003854079870507121,3,0
3400,0,2,road_2_1_2_2,0.003854080568999052,3,0
3400,0,2,road_1_0_1_0,0.0,0,0
3400,0,2,road_1_0_1_1,-2.370893162151333e-05,0,0
3400,0,2,road_1_0_1_2,-0.0004209830949548632,0,0
3400,0,2,road_0_1_0_0,0.0,0,0
3400,0,2,road_0_1_0_1,1.0625471077219117e-05,3,0
3400,0,2,road_0_1_0_2,1.0625473805703223e-05,3,0
3400,0,2,road_1_3_3_0,0.0,0,0
3400,0,2,road_1_3_3_1,0.0023792090360075235,3,0
3400,0,2,road_1_3_3_2,0.0018078427528962493,3,0
3400,0,2,road_2_2_2_0,0.0,0,0
3400,0,2,road_2_2_2_1,-0.0022873254492878914,3,0
3400,0,2,road_2_2_2_2,-0.001727225026115775,3,0
3400,0,2,road_1_1_1_0,0.0,0,0
3400,0,2,road_1_1_1_1,0.0024748174473643303,3,0
3400,0,2,road_1_1_1_2,0.0011803804663941264,3,0
3400,0,2,road_0_2_0_0,0.0,0,0
3400,0,2,road_0_2_0_1,-1.5354236893472262e-05,0,0
3400,0,2,road_0_2_0_2,-0.0007979135843925178,3,0
3400,0,2,road_1_4_3_0,0.0,0,0
3400,0,2,road_1_4_3_1,-1.4278019989433233e-05,0,0
3400,0,2,road_1_4_3_2,-0.0008442994439974427,0,0
3400,0,2,road_2_3_2_0,0.0,0,0
3400,0,2,road_2_3_2_1,-0.0050446405075490475,3,0
3400,0,2,road_2_3_2_2,-0.00104704184923321,0,0
3400,0,2,road_1_2_1_0,0.0,0,0
3400,0,2,road_1_2_1_1,-0.00037779330159537494,0,0
3400,0,2,road_1_2_1_2,-0.0007420911570079625,0,0
3400,0,2,road_0_3_0_0,0.0,0,0
3400,0,2,road_0_3_0_1,-0.003282196121290326,0,0
3400,0,2,road_0_3_0_2,-0.0008530433406122029,0,0
3400,0,2,road_1_5_3_0,0.0,0,0
3400,0,2,road_1_5_3_1,1.1378746421542019e-05,3,0
3400,0,2,road_1_5_3_2,0.00019592908211052418,3,0
3400,0,2,road_2_4_2_0,0.0,0,0
3400,0,2,road_2_4_2_1,-0.0019348347559571266,3,0
3400,0,2,road_2_4_2_2,-0.0028981019277125597,3,0
3400,0,2,road_1_3_1_0,0.0,0,0
3400,0,2,road_1_3_1_1,0.004368353169411421,3,0
3400,0,2,road_1_3_1_2,0.0042828526347875595,3,0
3400,0,2,road_0_4_0_0,0.0,0,0
3400,0,2,road_0_4_0_1,-8.034644451981876e-06,3,0
3400,0,2,road_0_4_0_2,-9.109996426559519e-06,3,0
3400,0,2,road_2_2_3_0,0.0,0,0
3400,0,2,road_2_2_3_1,0.0029524636920541525,3,0
3400,0,2,road_2_2_3_2,0.002894733101129532,3,0
3400,0,2,road_3_1_2_0,0.0,0,0
3400,0,2,road_3_1_2_1,-0.0007195911603048444,0,0
3400,0,2,road_3_1_2_2,-0.0010167473228648305,3,0
3400,0,2,road_2_0_1_0,0.0,0,0
3400,0,2,road_2_0_1_1,0.002952463924884796,3,0
3400,0,2,road_2_0_1_2,0.0028947333339601755,3,0
3400,0,2,road_1_1_0_0,0.0,0,0
3400,0,2,road_1_1_0_1,-4.0732666093390435e-05,2,0
3400,0,2,road_1_1_0_2,-0.0021148857194930315,3,0
3400,0,2,road_2_3_3_0,0.0,0,0
3400,0,2,road_2_3_3_1,0.0032883542589843273,3,0
3400,0,2,road_2_3_3_2,0.002695034956559539,3,0
3400,0,2,road_3_2_2_0,0.0,0,0
3400,0,2,road_3_2_2_1,-0.0011178288841620088,3,0
3400,0,2,road_3_2_2_2,-0.002917152363806963,3,0
3400,0,2,road_2_1_1_0,0.0,0,0
3400,0,2,road_2_1_1_1,0.0032883542589843273,3,0
3400,0,2,road_2_1_1_2,0.002695034956559539,3,0
3400,0,2,road_1_2_0_0,0.0,0,0
3400,0,2,road_1_2_0_1,-0.0022371886298060417,3,0
3400,0,2,road_1_2_0_2,-0.0028408861253410578,3,0
3400,0,2,road_2_4_3_0,0.0,0,0
3400,0,2,road_2_4_3_1,-0.005121933296322823,3,0
3400,0,2,road_2_4_3_2,-0.001363246701657772,0,0
3400,0,2,road_3_3_2_0,0.0,0,0
3400,0,2,road_3_3_2_1,-0.0021918155252933502,3,0
3400,0,2,road_3_3_2_2,-0.002687205793336034,3,0
3400,0,2,road_2_2_1_0,0.0,0,0
3400,0,2,road_2_2_1_1,-0.005121933296322823,3,0
3400,0,2,road_2_2_1_2,-0.0013632468180730939,0,0
3400,0,2,road_1_3_0_0,0.0,0,0
3400,0,2,road_1_3_0_1,-0.0021918155252933502,3,0
3400,0,2,road_1_3_0_2,-0.002687205793336034,3,0
3400,0,2,road_2_5_3_0,0.0,0,0
3400,0,2,road_2_5_3_1,0.0034540025517344475,3,0
3400,0,2,road_2_5_3_2,0.003454003017395735,3,0
3400,0,2,road_3_4_2_0,0.0,0,0
3400,0,2,road_3_4_2_1,-0.0034047372173517942,0,0
3400,0,2,road_3_4_2_2,0.00034722217242233455,0,3
3400,0,2,road_2_3_1_0,0.0,0,0
3400,0,2,road_2_3_1_1,0.0024931863881647587,3,0
3400,0,2,road_2_3_1_2,0.0024931866209954023,3,0
3400,0,2,road_1_4_0_0,0.0,0,0
3400,0,2,road_1_4_0_1,-0.0025209805462509394,0,0
3400,0,2,road_1_4_0_2,-0.0008312365971505642,3,0
3400,0,2,road_3_2_3_0,0.0,0,0
3400,0,2,road_3_2_3_1,-0.005121933296322823,3,0
3400,0,2,road_3_2_3_2,-0.001363246701657772,0,0
3400,0,2,road_4_1_2_0,0.0,0,0
3400,0,2,road_4_1_2_1,-0.0021918155252933502,3,0
3400,0,2,road_4_1_2_2,-0.002687205793336034,3,0
3400,0,2,road_3_0_1_0,0.0,0,0
3400,0,2,road_3_0_1_1,-0.005121933296322823,3,0
3400,0,2,road_3_0_1_2,-0.0013632468180730939,0,0
3400,0,2,road_2_1_0_0,0.0,0,0
3400,0,2,road_2_1_0_1,-0.0021918155252933502,3,0
3400,0,2,road_2_1_0_2,-0.002687205793336034,3,0
3400,0,2,road_3_3_3_0,0.0,0,0
3400,0,2,road_3_3_3_1,0.002560453722253442,3,0
3400,0,2,road_3_3_3_2,0.0023312740959227085,3,0
3400,0,2,road_4_2_2_0,0.0,0,0
3400,0,2,road_4_2_2_1,-0.002446649596095085,3,0
3400,0,2,road_4_2_2_2,-0.0030139563605189323,3,0
3400,0,2,road_3_1_1_0,0.0,0,0
3400,0,2,road_3_1_1_1,-0.0011113106738775969,0,0
3400,0,2,road_3_1_1_2,-0.003845204133540392,3,0
3400,0,2,road_2_2_0_0,0.0,0,0
3400,0,2,road_2_2_0_1,-0.001990342978388071,3,0
3400,0,2,road_2_2_0_2,-0.003154435893520713,3,0
3400,0,2,road_3_4_3_0,0.0,0,0
3400,0,2,road_3_4_3_1,-0.002191815059632063,3,0
3400,0,2,road_3_4_3_2,-0.00268720556050539,3,0
3400,0,2,road_4_3_2_0,0.0,0,0
3400,0,2,road_4_3_2_1,-0.005121932830661535,3,0
3400,0,2,road_4_3_2_2,-0.0013632462359964848,0,0
3400,0,2,road_3_2_1_0,0.0,0,0
3400,0,2,road_3_2_1_1,-0.0021918145939707756,3,0
3400,0,2,road_3_2_1_2,-0.0026872053276747465,3,0
3400,0,2,road_2_3_0_0,0.0,0,0
3400,0,2,road_2_3_0_1,-0.005121932830661535,3,0
3400,0,2,road_2_3_0_2,-0.0013632462359964848,0,0
3400,0,2,road_3_5_3_0,0.0,0,0
3400,0,2,road_3_5_3_1,0.0032147755846381187,3,0
3400,0,2,road_3_5_3_2,0.0026299837045371532,3,0
3400,0,2,road_4_4_2_0,0.0,0,0
3400,0,2,road_4_4_2_1,-0.0013572894968092442,3,0
3400,0,2,road_4_4_2_2,-0.00217718118801713,3,0
3400,0,2,road_3_3_1_0,0.0,0,0
3400,0,2,road_3_3_1_1,0.0032147751189768314,3,0
3400,0,2,road_3_3_1_2,0.0026299837045371532,3,0
3400,0,2,road_2_4_0_0,0.0,0,0
3400,0,2,road_2_4_0_1,-0.0021771821193397045,3,0
3400,0,2,road_2_4_0_2,-0.0027626105584204197,3,0
3400,0,2,road_4_2_3_0,0.0,0,0
3400,0,2,road_4_2_3_1,-0.002179702976718545,0,0
3400,0,2,road_4_2_3_2,-0.0018248951528221369,0,0
3400,0,2,road_5_1_2_0,0.0,0,0
3400,0,2,road_5_1_2_1,-0.0020518810488283634,0,0
3400,0,2,road_5_1_2_2,-0.003028373932465911,3,0
3400,0,2,road_4_0_1_0,0.0,0,0
3400,0,2,road_4_0_1_1,-1.3382228644331917e-05,0,0
3400,0,2,road_4_0_1_2,-0.0024863758590072393,0,0
3400,0,2,road_3_1_0_0,0.0,0,0
3400,0,2,road_3_1_0_1,-0.0020518808159977198,0,0
3400,0,2,road_3_1_0_2,-0.0030283741652965546,3,0
3400,0,2,road_4_3_3_0,0.0,0,0
3400,0,2,road_4_3_3_1,0.0014172540977597237,3,0
3400,0,2,road_4_3_3_2,0.0021457765251398087,3,0
3400,0,2,road_5_2_2_0,0.0,0,0
3400,0,2,road_5_2_2_1,-1.756112396833487e-05,0,0
3400,0,2,road_5_2_2_2,-0.0005659061134792864,3,0
3400,0,2,road_4_1_1_0,0.0,0,0
3400,0,2,road_4_1_1_1,0.001693163882009685,3,0
3400,0,2,road_4_1_1_2,0.0020505180582404137,3,0
3400,0,2,road_3_2_0_0,0.0,0,0
3400,0,2,road_3_2_0_1,-0.0017371631693094969,3,0
3400,0,2,road_3_2_0_2,-0.002101118443533778,3,0
3400,0,2,road_4_4_3_0,0.0,0,0
3400,0,2,road_4_4_3_1,-0.0018688258714973927,3,0
3400,0,2,road_4_4_3_2,-0.0006191857974044979,0,0
3400,0,2,road_5_3_2_0,0.0,0,0
3400,0,2,road_5_3_2_1,1.7982481949729845e-05,0,3
3400,0,2,road_5_3_2_2,0.0002990645298268646,0,3
3400,0,2,road_4_2_1_0,0.0,0,0
3400,0,2,road_4_2_1_1,-9.72812995314598e-06,3,0
3400,0,2,road_4_2_1_2,-0.002747977152466774,3,0
3400,0,2,road_3_3_0_0,0.0,0,0
3400,0,2,road_3_3_0_1,0.0032142908312380314,0,3
3400,0,2,road_3_3_0_2,0.0030500530265271664,0,3
3400,0,2,road_4_5_3_0,0.0,0,0
3400,0,2,road_4_5_3_1,-0.0014808939304202795,3,0
3400,0,2,road_4_5_3_2,-0.00019233766943216324,0,0
3400,0,2,road_5_4_2_0,0.0,0,0
3400,0,2,road_5_4_2_1,1.9537437765393406e-05,0,3
3400,0,2,road_5_4_2_2,1.9282202629256062e-05,0,3
3400,0,2,road_4_3_1_0,0.0,0,0
3400,0,2,road_4_3_1_1,-9.368608516524546e-06,3,0
3400,0,2,road_4_3_1_2,-0.0028487620875239372,3,0
3400,0,2,road_3_4_0_0,0.0,0,0
3400,0,2,road_3_4_0_1,0.003817566204816103,0,3
3400,0,2,road_3_4_0_2,0.004159233998507261,0,3
3400,0,3,road_1_2_3_0,0.0,0,0
3400,0,3,road_1_2_3_1,-1.728157076286152e-05,0,0
3400,0,3,road_1_2_3_2,-0.0010221556294709444,0,0
3400,0,3,road_2_1_2_0,0.0,0,0
3400,0,3,road_2_1_2_1,0.003854079870507121,3,0
3400,0,3,road_2_1_2_2,0.003854080568999052,3,0
3400,0,3,road_1_0_1_0,0.0,0,0
3400,0,3,road_1_0_1_1,-2.370893162151333e-05,0,0
3400,0,3,road_1_0_1_2,-0.0004209830949548632,0,0
3400,0,3,road_0_1_0_0,0.0,0,0
3400,0,3,road_0_1_0_1,1.0625471077219117e-05,3,0
3400,0,3,road_0_1_0_2,1.0625473805703223e-05,3,0
3400,0,3,road_1_3_3_0,0.0,0,0
3400,0,3,road_1_3_3_1,0.0023792090360075235,3,0
3400,0,3,road_1_3_3_2,0.0018078427528962493,3,0
3400,0,3,road_2_2_2_0,0.0,0,0
3400,0,3,road_2_2_2_1,-0.0022873254492878914,3,0
3400,0,3,road_2_2_2_2,-0.001727225026115775,3,0
3400,0,3,road_1_1_1_0,0.0,0,0
3400,0,3,road_1_1_1_1,0.0024748174473643303,3,0
3400,0,3,road_1_1_1_2,0.0011803804663941264,3,0
3400,0,3,road_0_2_0_0,0.0,0,0
3400,0,3,road_0_2_0_1,-1.5354236893472262e-05,0,0
3400,0,3,road_0_2_0_2,-0.0007979135843925178,3,0
3400,0,3,road_1_4_3_0,0.0,0,0
3400,0,3,road_1_4_3_1,-1.4278019989433233e-05,0,0
3400,0,3,road_1_4_3_2,-0.0008442994439974427,0,0
3400,0,3,road_2_3_2_0,0.0,0,0
3400,0,3,road_2_3_2_1,-0.0050446405075490475,3,0
3400,0,3,road_2_3_2_2,-0.00104704184923321,0,0
3400,0,3,road_1_2_1_0,0.0,0,0
3400,0,3,road_1_2_1_1,-0.00037779330159537494,0,0
3400,0,3,road_1_2_1_2,-0.0007420911570079625,0,0
3400,0,3,road_0_3_0_0,0.0,0,0
3400,0,3,road_0_3_0_1,-0.003282196121290326,0,0
3400,0,3,road_0_3_0_2,-0.0008530433406122029,0,0
3400,0,3,road_1_5_3_0,0.0,0,0
3400,0,3,road_1_5_3_1,1.1378746421542019e-05,3,0
3400,0,3,road_1_5_3_2,0.00019592908211052418,3,0
3400,0,3,road_2_4_2_0,0.0,0,0
3400,0,3,road_2_4_2_1,-0.0019348347559571266,3,0
3400,0,3,road_2_4_2_2,-0.0028981019277125597,3,0
3400,0,3,road_1_3_1_0,0.0,0,0
3400,0,3,road_1_3_1_1,0.004368353169411421,3,0
3400,0,3,road_1_3_1_2,0.0042828526347875595,3,0
3400,0,3,road_0_4_0_0,0.0,0,0
3400,0,3,road_0_4_0_1,-8.034644451981876e-06,3,0
3400,0,3,road_0_4_0_2,-9.109996426559519e-06,3,0
3400,0,3,road_2_2_3_0,0.0,0,0
3400,0,3,road_2_2_3_1,0.0029524636920541525,3,0
3400,0,3,road_2_2_3_2,0.002894733101129532,3,0
3400,0,3,road_3_1_2_0,0.0,0,0
3400,0,3,road_3_1_2_1,-0.0007195911603048444,0,0
3400,0,3,road_3_1_2_2,-0.0010167473228648305,3,0
3400,0,3,road_2_0_1_0,0.0,0,0
3400,0,3,road_2_0_1_1,0.002952463924884796,3,0
3400,0,3,road_2_0_1_2,0.0028947333339601755,3,0
3400,0,3,road_1_1_0_0,0.0,0,0
3400,0,3,road_1_1_0_1,-4.0732666093390435e-05,2,0
3400,0,3,road_1_1_0_2,-0.0021148857194930315,3,0
3400,0,3,road_2_3_3_0,0.0,0,0
3400,0,3,road_2_3_3_1,0.0032883542589843273,3,0
3400,0,3,road_2_3_3_2,0.002695034956559539,3,0
3400,0,3,road_3_2_2_0,0.0,0,0
3400,0,3,road_3_2_2_1,-0.0011178288841620088,3,0
3400,0,3,road_3_2_2_2,-0.002917152363806963,3,0
3400,0,3,road_2_1_1_0,0.0,0,0
3400,0,3,road_2_1_1_1,0.0032883542589843273,3,0
3400,0,3,road_2_1_1_2,0.002695034956559539,3,0
3400,0,3,road_1_2_0_0,0.0,0,0
3400,0,3,road_1_2_0_1,-0.0022371886298060417,3,0
3400,0,3,road_1_2_0_2,-0.0028408861253410578,3,0
3400,0,3,road_2_4_3_0,0.0,0,0
3400,0,3,road_2_4_3_1,-0.005121933296322823,3,0
3400,0,3,road_2_4_3_2,-0.001363246701657772,0,0
3400,0,3,road_3_3_2_0,0.0,0,0
3400,0,3,road_3_3_2_1,-0.0021918155252933502,3,0
3400,0,3,road_3_3_2_2,-0.002687205793336034,3,0
3400,0,3,road_2_2_1_0,0.0,0,0
3400,0,3,road_2_2_1_1,-0.005121933296322823,3,0
3400,0,3,road_2_2_1_2,-0.0013632468180730939,0,0
3400,0,3,road_1_3_0_0,0.0,0,0
3400,0,3,road_1_3_0_1,-0.0021918155252933502,3,0
3400,0,3,road_1_3_0_2,-0.002687205793336034,3,0
3400,0,3,road_2_5_3_0,0.0,0,0
3400,0,3,road_2_5_3_1,0.0032382889185100794,3,0
3400,0,3,road_2_5_3_2,0.003238287754356861,3,0
3400,0,3,road_3_4_2_0,0.0,0,0
3400,0,3,road_3_4_2_1,-0.0023767645470798016,0,0
3400,0,3,road_3_4_2_2,-0.0007351693930104375,3,0
3400,0,3,road_2_3_1_0,0.0,0,0
3400,0,3,road_2_3_1_1,0.003602042095735669,3,0
3400,0,3,road_2_3_1_2,0.0036020418629050255,3,0
3400,0,3,road_1_4_0_0,0.0,0,0
3400,0,3,road_1_4_0_1,-0.002978894393891096,0,0
3400,0,3,road_1_4_0_2,-0.002748036291450262,3,0
3400,0,3,road_3_2_3_0,0.0,0,0
3400,0,3,road_3_2_3_1,-0.005121933296322823,3,0
3400,0,3,road_3_2_3_2,-0.001363246701657772,0,0
3400,0,3,road_4_1_2_0,0.0,0,0
3400,0,3,road_4_1_2_1,-0.0021918155252933502,3,0
3400,0,3,road_4_1_2_2,-0.002687205793336034,3,0
3400,0,3,road_3_0_1_0,0.0,0,0
3400,0,3,road_3_0_1_1,-0.005121933296322823,3,0
3400,0,3,road_3_0_1_2,-0.0013632468180730939,0,0
3400,0,3,road_2_1_0_0,0.0,0,0
3400,0,3,road_2_1_0_1,-0.0021918155252933502,3,0
3400,0,3,road_2_1_0_2,-0.002687205793336034,3,0
3400,0,3,road_3_3_3_0,0.0,0,0
3400,0,3,road_3_3_3_1,0.002560453722253442,3,0
3400,0,3,road_3_3_3_2,0.0023312740959227085,3,0
3400,0,3,road_4_2_2_0,0.0,0,0
3400,0,3,road_4_2_2_1,-0.002446649596095085,3,0
3400,0,3,road_4_2_2_2,-0.0030139563605189323,3,0
3400,0,3,road_3_1_1_0,0.0,0,0
3400,0,3,road_3_1_1_1,-0.0011113106738775969,0,0
3400,0,3,road_3_1_1_2,-0.003845204133540392,3,0
3400,0,3,road_2_2_0_0,0.0,0,0
3400,0,3,road_2_2_0_1,-0.001990342978388071,3,0
3400,0,3,road_2_2_0_2,-0.003154435893520713,3,0
3400,0,3,road_3_4_3_0,0.0,0,0
3400,0,3,road_3_4_3_1,-0.002191815059632063,3,0
3400,0,3,road_3_4_3_2,-0.00268720556050539,3,0
3400,0,3,road_4_3_2_0,0.0,0,0
3400,0,3,road_4_3_2_1,-0.005121932830661535,3,0
3400,0,3,road_4_3_2_2,-0.0013632462359964848,0,0
3400,0,3,road_3_2_1_0,0.0,0,0
3400,0,3,road_3_2_1_1,-0.0021918145939707756,3,0
3400,0,3,road_3_2_1_2,-0.0026872053276747465,3,0
3400,0,3,road_2_3_0_0,0.0,0,0
3400,0,3,road_2_3_0_1,-0.005121932830661535,3,0
3400,0,3,road_2_3_0_2,-0.0013632462359964848,0,0
3400,0,3,road_3_5_3_0,0.0,0,0
3400,0,3,road_3_5_3_1,0.0032147755846381187,3,0
3400,0,3,road_3_5_3_2,0.0026299837045371532,3,0
3400,0,3,road_4_4_2_0,0.0,0,0
3400,0,3,road_4_4_2_1,-0.0013572894968092442,3,0
3400,0,3,road_4_4_2_2,-0.00217718118801713,3,0
3400,0,3,road_3_3_1_0,0.0,0,0
3400,0,3,road_3_3_1_1,0.0032147751189768314,3,0
3400,0,3,road_3_3_1_2,0.0026299837045371532,3,0
3400,0,3,road_2_4_0_0,0.0,0,0
3400,0,3,road_2_4_0_1,-0.0021771821193397045,3,0
3400,0,3,road_2_4_0_2,-0.0027626105584204197,3,0
3400,0,3,road_4_2_3_0,0.0,0,0
3400,0,3,road_4_2_3_1,-0.002179702976718545,0,0
3400,0,3,road_4_2_3_2,-0.0018248951528221369,0,0
3400,0,3,road_5_1_2_0,0.0,0,0
3400,0,3,road_5_1_2_1,-0.0020518810488283634,0,0
3400,0,3,road_5_1_2_2,-0.003028373932465911,3,0
3400,0,3,road_4_0_1_0,0.0,0,0
3400,0,3,road_4_0_1_1,-1.3382228644331917e-05,0,0
3400,0,3,road_4_0_1_2,-0.0024863758590072393,0,0
3400,0,3,road_3_1_0_0,0.0,0,0
3400,0,3,road_3_1_0_1,-0.0020518808159977198,0,0
3400,0,3,road_3_1_0_2,-0.0030283741652965546,3,0
3400,0,3,road_4_3_3_0,0.0,0,0
3400,0,3,road_4_3_3_1,0.0014172540977597237,3,0
3400,0,3,road_4_3_3_2,0.0021457765251398087,3,0
3400,0,3,road_5_2_2_0,0.0,0,0
3400,0,3,road_5_2_2_1,-1.756112396833487e-05,0,0
3400,0,3,road_5_2_2_2,-0.0005659061134792864,3,0
3400,0,3,road_4_1_1_0,0.0,0,0
3400,0,3,road_4_1_1_1,0.001693163882009685,3,0
3400,0,3,road_4_1_1_2,0.0020505180582404137,3,0
3400,0,3,road_3_2_0_0,0.0,0,0
3400,0,3,road_3_2_0_1,-0.0017371631693094969,3,0
3400,0,3,road_3_2_0_2,-0.002101118443533778,3,0
3400,0,3,road_4_4_3_0,0.0,0,0
3400,0,3,road_4_4_3_1,-0.002122213365510106,3,0
3400,0,3,road_4_4_3_2,-0.0023896528873592615,0,0
3400,0,3,road_5_3_2_0,0.0,0,0
3400,0,3,road_5_3_2_1,-5.46726414540899e-06,3,0
3400,0,3,road_5_3_2_2,-0.00016471536946482956,3,0
3400,0,3,road_4_2_1_0,0.0,0,0
3400,0,3,road_4_2_1_1,8.177561539923772e-06,3,0
3400,0,3,road_4_2_1_2,0.002935274038463831,3,0
3400,0,3,road_3_3_0_0,0.0,0,0
3400,0,3,road_3_3_0_1,-0.0014547791797667742,3,0
3400,0,3,road_3_3_0_2,-0.0022988594137132168,3,0
3400,0,3,road_4_5_3_0,0.0,0,0
3400,0,3,road_4_5_3_1,0.006643869914114475,3,0
3400,0,3,road_4_5_3_2,0.0011728074168786407,0,3
3400,0,3,road_5_4_2_0,0.0,0,0
3400,0,3,road_5_4_2_1,-6.172860139486147e-06,3,0
3400,0,3,road_5_4_2_2,-6.197586117195897e-06,3,0
3400,0,3,road_4_3_1_0,0.0,0,0
3400,0,3,road_4_3_1_1,5.741251243307488e-06,3,0
3400,0,3,road_4_3_1_2,0.0012662437511608005,3,0
3400,0,3,road_3_4_0_0,0.0,0,0
3400,0,3,road_3_4_0_1,-0.0016253781504929066,3,0
3400,0,3,road_3_4_0_2,-0.002130335895344615,3,0
