agent,t,queue_clean,queue_attacked
maxqueue,0,24.41225381590286,25.888813623938564
maxqueue,1,27.658863527524204,26.304788497202257
maxqueue,2,22.750815703396114,25.379922480971487
maxqueue,3,24.450845951697612,29.090464212820486
maxqueue,4,22.977264257169402,26.740286982883468
maxqueue,5,27.45968487225093,25.386245185483197
maxqueue,6,25.239248090992465,26.885202994660208
maxqueue,7,26.648043360055333,23.418121608608736
maxqueue,8,23.08915182879844,26.154974159559135
maxqueue,9,27.66444288883935,28.32311072335247
maxqueue,10,26.21386352251872,22.69289901124541
maxqueue,11,26.98227171067166,28.537710309904366
maxqueue,12,25.600206022569584,27.028333661657367
maxqueue,13,28.04897774985364,23.409080634525107
maxqueue,14,27.693704442653836,24.91884493733514
maxqueue,15,26.257494497961105,27.101233320100135
maxqueue,16,27.37175654667802,29.597495876133213
maxqueue,17,26.585533596741286,28.21505550388732
maxqueue,18,23.623910008076436,25.4309068509698
maxqueue,19,28.008353442831602,25.95199427645111
maxqueue,20,27.149516295145624,28.503486756930233
maxqueue,21,25.15991628741672,27.656296522379368
maxqueue,22,27.09465565365905,25.17438569599939
maxqueue,23,28.632047304803724,27.82982603410373
maxqueue,24,27.537294126492874,25.6717624461182
maxqueue,25,26.622618070604226,27.13175179668462
maxqueue,26,25.50071417761572,29.21015665819325
maxqueue,27,26.919009235816823,27.48598963549869
maxqueue,28,26.7751698695516,26.29087866416701
maxqueue,29,26.98803296310823,29.189661575510993
maxqueue,30,25.256212406719623,27.37621667919032
maxqueue,31,25.64316251304356,28.201611700984166
maxqueue,32,29.46649538904579,27.438373010335287
maxqueue,33,26.331442817302488,27.82228668053392
maxqueue,34,26.991960928827552,28.281974112128385
maxqueue,35,27.431379635306072,24.471119344222704
maxqueue,36,28.65891559404567,27.316101345842924
maxqueue,37,27.453658951140373,29.815646447060594
maxqueue,38,28.903387952278774,27.244708948952606
maxqueue,39,29.243689402914278,26.253288675141004
maxqueue,40,26.110960042430037,27.325928827558403
maxqueue,41,25.931848244131555,26.69821449616934
maxqueue,42,27.99263994017107,30.241677255888963
maxqueue,43,27.650922319505185,28.836476159140616
maxqueue,44,26.456963149471722,28.33388771477608
maxqueue,45,26.64682393988496,24.832726659124372
maxqueue,46,30.365644889439743,27.83830290241632
maxqueue,47,27.494054518255012,30.47967061021781
maxqueue,48,27.264250883372224,28.81794912102941
maxqueue,49,28.547819024462665,29.61452645703115
maxqueue,50,25.810572755747103,28.537802340859695
maxqueue,51,28.603478275787126,26.06193582565938
maxqueue,52,27.36935674949954,26.057844314118753
maxqueue,53,26.864198949421727,31.27220961423011
maxqueue,54,27.484284068295732,29.044143485161026
maxqueue,55,29.424989215778513,29.896762182542595
maxqueue,56,28.747440428330297,28.527286779784117
maxqueue,57,27.212990042692233,26.588043270466187
maxqueue,58,27.071878563632254,26.401305546977888
maxqueue,59,25.76337536443568,27.96541243417688
maxqueue,60,28.321259297240587,26.366340863542924
maxqueue,61,26.718243184400677,26.225174803166688
maxqueue,62,28.899762599874546,28.161005384184474
maxqueue,63,27.89789367337362,27.83524708523543
maxqueue,64,29.287628508103417,28.188040089183577
maxqueue,65,24.789285673638386,25.92514996350618
maxqueue,66,27.197405539863496,27.01713889425931
maxqueue,67,26.479081227982483,26.6025847313821
maxqueue,68,27.160643512334538,27.763688808378344
maxqueue,69,28.17082066604136,24.720733127150783
maxqueue,70,27.6497494006168,29.330552889917694
maxqueue,71,27.879157282418745,27.658564786848782
maxqueue,72,29.882372735182198,25.7890964916636
maxqueue,73,28.87969590323412,25.763823520205737
maxqueue,74,28.345091513368644,29.73422946494128
maxqueue,75,29.013672211366494,26.941974856585013
maxqueue,76,27.707909441872935,29.368431534949394
maxqueue,77,26.778804332206338,25.409578363777534
maxqueue,78,29.1951267571192,30.927317077468963
maxqueue,79,29.849107005954902,28.725353759925216
maxqueue,80,28.987010911744406,25.516700243544395
maxqueue,81,29.745945484562316,28.497580257954677
maxqueue,82,28.343863664504138,27.1636124914812
maxqueue,83,26.212650678486515,26.65745497688104
maxqueue,84,28.37258720646742,28.41342516707455
maxqueue,85,27.35321046991446,25.228777891701586
maxqueue,86,28.626688174245594,28.683576992904733
maxqueue,87,26.540502890536164,28.146552098494062
maxqueue,88,27.448298618888085,27.891443252942835
maxqueue,89,26.203284446787272,28.583934588526812
maxqueue,90,28.76949857972821,27.05638717522419
maxqueue,91,27.160200802186772,30.61274534508234
maxqueue,92,27.540721683209764,26.12076997083691
maxqueue,93,25.96303834392182,26.524449952291356
maxqueue,94,27.733911220413997,30.97917969118274
maxqueue,95,27.107257455687826,24.817184362943642
maxqueue,96,27.004641560640952,28.82880073655723
maxqueue,97,25.814001738611044,25.89509800333083
maxqueue,98,26.063488811175368,27.631577521325323
maxqueue,99,28.41302801240375,24.77927945883824
maxqueue,100,27.464585165651783,30.140324639406913
maxqueue,101,25.81371530200265,25.47906368905596
maxqueue,102,28.07720214880473,29.542460574669953
maxqueue,103,29.438494051573745,25.60248905118969
maxqueue,104,26.68493733914557,26.24380815034581
maxqueue,105,25.02630157914547,27.49611465095557
maxqueue,106,25.057764016919435,23.04557190174239
maxqueue,107,26.322330247069495,29.522626393665554
maxqueue,108,28.159037385517525,26.418122596922053
maxqueue,109,21.903919481981408,28.118590921970203
maxqueue,110,27.59355901157841,29.764374155015073
maxqueue,111,28.583013430813562,25.4843441287539
maxqueue,112,25.890270930255994,26.226131019208985
maxqueue,113,24.835636057036183,24.704781800851546
maxqueue,114,25.75331638335115,22.81022562189331
maxqueue,115,26.03224589481621,25.018174526060516
maxqueue,116,24.113329960463346,27.636906208469114
maxqueue,117,24.38621754443766,24.310182767333337
maxqueue,118,26.41250999780042,25.67634139031459
maxqueue,119,27.18030874257926,25.770407089206685
maxqueue,120,25.51464711036835,26.036318407847133
maxqueue,121,25.0172555212126,24.795488662583324
maxqueue,122,27.858748077865176,24.371792746353627
maxqueue,123,24.710719354496888,25.411562360287775
maxqueue,124,24.80044324354548,25.700086459032654
maxqueue,125,25.849923042276902,24.38909457642015
maxqueue,126,27.26217329278915,24.248899480242226
maxqueue,127,21.83720060177155,22.474409512311837
maxqueue,128,22.61235704337044,26.241550089120246
maxqueue,129,23.920810359143136,24.8698651804478
maxqueue,130,27.789471426439846,26.242520515691137
maxqueue,131,23.899252289517204,24.976457106294998
maxqueue,132,26.827049979984494,23.279098600895974
maxqueue,133,26.1802200577224,21.951871442561004
maxqueue,134,23.889497895762087,25.787581067412546
maxqueue,135,24.65656836524027,22.755053028700072
maxqueue,136,22.220851987807936,26.244999459256746
maxqueue,137,23.079620030156146,25.36460106602072
maxqueue,138,25.75059212058832,23.34550075715428
maxqueue,139,24.191944030468676,25.69303091108598
maxqueue,140,21.75081761110834,26.206353612576873
maxqueue,141,24.812912636571415,23.69629849416488
maxqueue,142,24.88738094064655,23.04825968656963
maxqueue,143,23.780228500471996,25.819141921231306
maxqueue,144,24.549057873735336,24.63806976724973
maxqueue,145,26.61843681620236,22.755628875739383
maxqueue,146,24.20558672887721,23.67252366857188
maxqueue,147,23.90669570831478,24.546255389632435
maxqueue,148,22.411769733490598,25.66123938331011
maxqueue,149,24.08753378406056,24.51471457288776
maxqueue,150,23.18196916825681,24.021521851532096
maxqueue,151,22.38373995675233,25.3165075550811
maxqueue,152,21.740910116064594,23.556827151517215
maxqueue,153,21.73634634254539,24.550510842298994
maxqueue,154,26.12826570640985,25.871584872291184
maxqueue,155,23.152509057083662,22.840287666804674
maxqueue,156,21.45694921224092,25.5920795762854
maxqueue,157,22.60766591168972,23.54527160327271
maxqueue,158,25.725455560598608,23.232593029265157
maxqueue,159,21.712963925496734,22.96209844335212
maxqueue,160,20.1229166979061,23.594226945349284
maxqueue,161,21.363918847467854,24.714964073858624
maxqueue,162,23.87497165879829,22.3957730258514
maxqueue,163,20.97879666404495,24.569690196373074
maxqueue,164,22.355691774554458,19.193608911334252
maxqueue,165,23.754270969874874,24.48641547091991
maxqueue,166,21.661331753173414,25.0406846831889
maxqueue,167,22.149513313291227,19.731848075520382
maxqueue,168,23.42714073342556,19.68976223590475
maxqueue,169,22.32616041415019,20.558421767876315
maxqueue,170,25.69657103193969,20.271196757517593
maxqueue,171,22.091472209093215,21.767500515680243
maxqueue,172,19.51126408171374,22.486760506360888
maxqueue,173,19.47528537113496,21.547616042759
maxqueue,174,22.132748198374745,21.807066262901607
maxqueue,175,20.590738557985663,21.945107709555703
maxqueue,176,24.62037916173834,19.830228449952607
maxqueue,177,23.975053030885174,21.986682441646607
maxqueue,178,22.41331632163393,20.102195074889092
maxqueue,179,20.228542178471873,22.985244875502666
maxqueue,180,25.066351711344286,21.640145189709404
maxqueue,181,20.700809681389494,21.26523955174602
maxqueue,182,21.55484268522912,22.124043061441498
maxqueue,183,23.652571608611094,23.074825055593188
maxqueue,184,21.058733732466866,20.988159785708994
maxqueue,185,21.089234735787233,24.07996202086774
maxqueue,186,20.860020886865446,22.42095176059698
maxqueue,187,20.134678282822097,22.320807570145593
maxqueue,188,21.660017741679592,21.50554404474341
maxqueue,189,23.437539389653487,23.196174881969977
maxqueue,190,22.117161928755976,17.84924448770319
maxqueue,191,20.6318172625118,19.281770929045283
maxqueue,192,24.786595002571662,18.97109798080331
maxqueue,193,22.868002101055144,22.49151100559452
maxqueue,194,22.211300574231313,21.251160242682623
maxqueue,195,22.787915870191327,19.2818655688204
maxqueue,196,22.660219865227873,23.011470007352983
maxqueue,197,22.05115064456436,21.91047001533282
maxqueue,198,21.497571628397154,23.057131573244344
maxqueue,199,22.513706670382202,25.086928777140955
maxqueue,200,20.853937698819372,19.809979753554565
maxqueue,201,21.978010433971843,22.65537642466891
maxqueue,202,20.84669663008063,21.63854708758489
maxqueue,203,20.467024186542886,18.872928029690847
maxqueue,204,21.47276674643572,19.50187190670145
maxqueue,205,23.6759795944889,18.93195888433536
maxqueue,206,21.841346141791885,23.22027328824096
maxqueue,207,23.87577909186107,22.62084553174577
maxqueue,208,20.142405115540804,23.31417061209475
maxqueue,209,24.278347403213083,22.15782948028548
maxqueue,210,23.009550957779833,21.548118268908045
maxqueue,211,21.625886820028526,22.038001221216504
maxqueue,212,21.799307939803725,23.881528018521436
maxqueue,213,24.244018887910407,22.622290552406817
maxqueue,214,23.988613178231777,22.98131795896124
maxqueue,215,23.09515391349631,20.71250902609915
maxqueue,216,24.085235144398965,21.711146404334908
maxqueue,217,25.49278878581971,19.307345118407373
maxqueue,218,23.1881038756814,22.207694388575096
maxqueue,219,24.155689736336004,22.482960435829256
maxqueue,220,24.13558665442921,23.87629975161874
maxqueue,221,24.940131020647947,22.41581023199217
maxqueue,222,23.734933234181376,25.101523463171777
maxqueue,223,22.370007469073617,24.86987545462056
maxqueue,224,22.19618459413415,23.957169929707558
maxqueue,225,21.071449755049052,22.05758883829064
maxqueue,226,23.959554666763378,23.037028616589303
maxqueue,227,26.413318679085073,25.18951210746157
maxqueue,228,22.511980367113683,26.365688306445435
maxqueue,229,21.902775036852333,24.98720125320667
maxqueue,230,23.809289881112385,20.759220950483776
maxqueue,231,24.770463532277876,20.7160640132218
maxqueue,232,23.983142922417365,21.846007585497414
maxqueue,233,23.91759339608829,24.110934248864133
maxqueue,234,22.095400962453944,23.858787319391663
maxqueue,235,22.780913377390142,23.014969834261567
maxqueue,236,25.320117760009673,23.6944564097714
maxqueue,237,22.324465267337256,23.673770653710122
maxqueue,238,22.086463308708396,24.360912471719008
maxqueue,239,23.517919344467273,24.63457237370329
maxqueue,240,26.675646344066482,23.0013438924733
maxqueue,241,27.30576154448177,24.781248511767345
maxqueue,242,23.5984190693066,25.405622854479944
maxqueue,243,23.738110363931774,23.032834294448282
maxqueue,244,23.821224536403207,22.94866652226212
maxqueue,245,23.78711744075858,24.309712597980607
maxqueue,246,24.182326147627357,27.406753394817017
maxqueue,247,26.343160516758875,26.80076410308863
maxqueue,248,25.365770343254454,25.257598527677857
maxqueue,249,26.31049154438657,25.86065508264631
maxqueue,250,24.488030496910064,24.0861834872935
maxqueue,251,22.991631769360424,23.206802663485945
maxqueue,252,26.43446093078686,25.084210528710496
maxqueue,253,25.195470785986064,27.768284182551902
maxqueue,254,22.528900387898318,21.873185759869695
maxqueue,255,22.073455665030203,22.2440275079033
maxqueue,256,26.83710385757845,23.339133931391974
maxqueue,257,25.384894526865747,25.260787311713933
maxqueue,258,22.59350744564906,27.062111708989672
maxqueue,259,24.55774247677352,26.473818890281926
maxqueue,260,23.82615125773816,25.825436569236448
maxqueue,261,25.118038333329196,24.672619081492993
maxqueue,262,27.264421338759092,27.278422554680617
maxqueue,263,25.784886322296654,26.907016414592068
maxqueue,264,24.23360996412752,27.140319358115626
maxqueue,265,27.894224631558565,26.908250035214134
maxqueue,266,24.13654111616358,27.105891074584058
maxqueue,267,26.203951627289474,23.447398130699113
maxqueue,268,23.22620317768508,28.769561755677444
maxqueue,269,29.618350819429377,26.938093363055604
maxqueue,270,26.755070695877713,26.82833491877171
maxqueue,271,26.76717906176243,27.016649688173118
maxqueue,272,27.40231532121038,28.01140778419866
maxqueue,273,23.802175469282027,24.381404297591978
maxqueue,274,24.09647788775585,25.668781038908676
maxqueue,275,26.962495628209513,23.12565754692903
maxqueue,276,28.00864296414488,25.987138038748572
maxqueue,277,26.64696704142595,28.165493539468642
maxqueue,278,23.760989807135662,27.718510229178925
maxqueue,279,24.881970713245902,25.18596355910236
maxqueue,280,25.047295372828895,26.130321605666076
maxqueue,281,27.984999065961684,25.67489858385201
maxqueue,282,27.063269120199426,27.76385201311695
maxqueue,283,28.737319697239034,23.20082585094013
maxqueue,284,25.593723751839576,26.01699513573982
maxqueue,285,28.4650235298373,25.99320590120859
maxqueue,286,25.342103265130397,28.41143972751213
maxqueue,287,27.72461918040381,29.49406574486499
maxqueue,288,25.519119483936727,29.223482791601686
maxqueue,289,28.277232243083382,25.57346930801387
maxqueue,290,25.874774861796094,26.172304927975475
maxqueue,291,29.036763491434684,26.81753108689541
maxqueue,292,27.42959445188955,28.19822314852919
maxqueue,293,29.377507158597258,22.385189852695405
maxqueue,294,29.502481265702365,26.281172799538027
maxqueue,295,26.418166420889357,26.970598008109643
maxqueue,296,27.846612484097612,28.957542775197613
maxqueue,297,27.117516623003066,27.241157240302677
maxqueue,298,26.535935362321716,27.461651212153253
maxqueue,299,26.254525693979932,29.477478358172007
maxqueue,300,29.830483222754367,27.72633494213369
maxqueue,301,25.975203485686624,29.3209724176932
maxqueue,302,26.80644320191396,25.68872337728448
maxqueue,303,27.168902229410524,27.754971141392
maxqueue,304,27.02728677930944,30.524483610669044
maxqueue,305,25.74247354209644,29.077380639957152
maxqueue,306,28.696669818777693,27.892644080463295
maxqueue,307,27.09991774129205,27.40806342512328
maxqueue,308,29.672498381380002,30.064395464041528
maxqueue,309,28.43493526531458,25.618417060577002
maxqueue,310,29.68259543837875,25.524399838909652
maxqueue,311,27.879843810567476,31.549321978817144
maxqueue,312,27.153778048560984,29.76431250271853
maxqueue,313,28.218426813335537,29.625627709794284
maxqueue,314,27.89096330095045,27.15431891955872
maxqueue,315,30.791375874891223,29.909862206634465
maxqueue,316,28.766142242481443,33.27068837804673
maxqueue,317,27.148037308583493,30.25013678256876
maxqueue,318,27.424465792962998,32.635067241984714
maxqueue,319,28.54759785304435,30.501083194731784
maxqueue,320,29.031433712212237,33.32799306767289
maxqueue,321,29.05768891566707,31.354345529814378
maxqueue,322,30.33168896736606,33.78615867505607
maxqueue,323,29.152304831825614,34.97502009166662
maxqueue,324,30.520504375764606,35.660254367648335
maxqueue,325,26.660051336407626,35.46065940035852
maxqueue,326,27.826601267056432,37.09046419721284
maxqueue,327,27.16413055034938,36.36550008231868
maxqueue,328,27.9582479890322,35.782505503148265
maxqueue,329,29.39761206459326,35.760341056814426
maxqueue,330,27.87885786697367,35.45380449164277
maxqueue,331,28.62133252358865,37.8249278049429
maxqueue,332,27.204666930660718,40.62312737108698
maxqueue,333,27.494994514527047,38.56459370806666
maxqueue,334,25.925133961651603,42.817167076769934
maxqueue,335,28.45787587616262,40.74681349786157
maxqueue,336,27.708607779449412,41.618644964524115
maxqueue,337,28.58183979859645,41.08156894166905
maxqueue,338,25.548846436205494,41.833642015742484
maxqueue,339,31.063320263348068,41.260495105433804
maxqueue,340,29.101428136101774,44.27452548229643
maxqueue,341,28.606666674408284,40.73985492506361
maxqueue,342,26.560682629076375,44.48069902648413
maxqueue,343,26.87709183495803,45.31479137626782
maxqueue,344,29.183097190607963,42.92568595025854
maxqueue,345,26.87954689829187,43.203023457389705
maxqueue,346,27.382487281487975,44.592079166599945
maxqueue,347,29.840252715618718,47.57629521883884
maxqueue,348,27.922381375052076,46.43319823722631
maxqueue,349,29.762535237232232,47.459909430367034
maxqueue,350,27.846440014895485,47.76920416421564
maxqueue,351,28.50316632332396,46.09717303684767
maxqueue,352,26.47733858247714,48.20282109305613
maxqueue,353,24.337501284067653,46.81254024683238
maxqueue,354,27.55204267605702,48.776315062113355
maxqueue,355,24.526210845472438,49.25565936068554
maxqueue,356,24.73978125177581,52.009771622553274
maxqueue,357,25.052672122130723,49.55317297277982
maxqueue,358,23.812265595421575,50.79995719722457
maxqueue,359,28.12572402033268,52.664464035323704
maxqueue,360,27.25768056474442,50.88934595949485
maxqueue,361,27.483841335456198,52.43271145153104
maxqueue,362,26.25518984491216,51.383750067498994
maxqueue,363,23.467423651912675,51.26347275230121
maxqueue,364,27.017148280579462,55.80292577723826
maxqueue,365,22.577629527197033,54.975492267756195
maxqueue,366,24.1272225670308,56.16197415930728
maxqueue,367,27.982286185907043,52.83847463109487
maxqueue,368,28.327096905744728,54.2587775536181
maxqueue,369,25.0392944037698,56.53248718667262
maxqueue,370,26.358917440210135,53.56213829712478
maxqueue,371,26.132272609978507,56.0102920097969
maxqueue,372,25.11217907198837,55.239589180185774
maxqueue,373,27.38611284871285,55.74280755257644
maxqueue,374,25.23738219043935,57.78529604946463
maxqueue,375,25.970993987100545,57.624215619531356
maxqueue,376,25.694555559190707,57.252777825503756
maxqueue,377,21.057449935847686,56.51473396779875
maxqueue,378,23.685998197980002,60.509407407413875
maxqueue,379,24.80396123325364,58.24735882786786
maxqueue,380,25.539983014472025,58.28638200850875
maxqueue,381,24.058804975380028,61.17175251426032
maxqueue,382,25.281293597036896,59.5684754199324
maxqueue,383,26.01571678948858,60.62905632137735
maxqueue,384,25.922235364243964,63.01987280236009
maxqueue,385,24.6090264740876,61.47312221121574
maxqueue,386,25.71573548792279,63.15320264769721
maxqueue,387,23.381039780450283,61.939298497253716
maxqueue,388,25.136166189473265,62.76321453719771
maxqueue,389,24.621105277955724,61.748493652198356
maxqueue,390,26.400043724056324,63.425150453475
maxqueue,391,22.807575020117962,64.59020403345139
maxqueue,392,23.015538870261196,61.74459144688952
maxqueue,393,24.50419621727087,66.04845390282328
maxqueue,394,22.701355750574937,63.79406830338076
maxqueue,395,23.5063609410245,69.53716475730869
maxqueue,396,22.945352820671282,66.7797026992894
maxqueue,397,22.488168818624608,67.65002691715478
maxqueue,398,23.982027995666243,66.96402172985358
maxqueue,399,25.115173116930738,68.19738432258768
maxqueue,400,23.864909501322703,67.8172865839949
maxqueue,401,20.370711740727856,67.41895065841518
maxqueue,402,22.416663705620376,68.67716442303968
maxqueue,403,24.44957537976185,69.26091960122432
maxqueue,404,23.26828159104224,71.30133999265837
maxqueue,405,22.98404731970837,73.44654417102417
maxqueue,406,24.399937012374785,70.97636785859905
maxqueue,407,23.636857570542528,70.3630434440474
maxqueue,408,22.69623940601346,71.88552569818692
maxqueue,409,22.25169439618698,74.07525799966311
maxqueue,410,21.91570950386191,73.35412842960918
maxqueue,411,20.24150135966808,72.26094439720124
maxqueue,412,21.96355431184484,71.72231426116812
maxqueue,413,22.220206168992114,76.68592109293519
maxqueue,414,23.07741446853747,74.30752278532421
maxqueue,415,21.24933776389766,72.33962982857084
maxqueue,416,22.535371174573108,75.50051755675722
maxqueue,417,23.605842262951796,73.0446834629063
maxqueue,418,23.71383515567655,78.0900987809998
maxqueue,419,23.447226574444198,75.72480669880579
maxqueue,420,20.948389186649354,79.93714447182924
maxqueue,421,22.12381967478502,79.04471080793111
maxqueue,422,23.10896211627445,77.71101765608819
maxqueue,423,21.89040027910773,76.75835697693344
maxqueue,424,20.796248586662696,77.73479442641882
maxqueue,425,22.211682542834485,81.24477648748206
maxqueue,426,23.517350457542634,82.40764887539785
maxqueue,427,23.91896391034744,79.51430051659527
maxqueue,428,22.452470575553455,81.14951469376125
maxqueue,429,22.12869772552144,80.2623023998873
maxqueue,430,19.227246738010404,80.86348465714023
maxqueue,431,22.94231645763355,82.07756763714066
maxqueue,432,18.533157798422295,79.94537475181279
maxqueue,433,24.628153475017474,85.47804864298229
maxqueue,434,21.74021698036677,82.1149570157406
maxqueue,435,22.509715762017663,84.55114200952133
maxqueue,436,23.858340716073453,84.7690673017102
maxqueue,437,22.386074424708056,83.70854001947299
maxqueue,438,21.95306510187391,84.74962186562416
maxqueue,439,23.99695227889698,86.6277354890189
maxqueue,440,23.112434681573994,87.67712900877396
maxqueue,441,23.214558051252506,86.70301787405165
maxqueue,442,20.387663828826035,90.93196909913942
maxqueue,443,20.115697472290556,90.60241062029739
maxqueue,444,19.821467259785205,87.80222489408436
maxqueue,445,21.78817767331938,93.76391136298388
maxqueue,446,23.651867514838944,91.40046827354675
maxqueue,447,22.48823528119737,91.6845072382691
maxqueue,448,26.425872867198823,91.7170702338372
maxqueue,449,23.23824047496874,93.90641462179462
maxqueue,450,24.440116019146,94.63526146534196
maxqueue,451,22.84626846428974,91.63571796369307
maxqueue,452,22.85517342906314,93.81762356362427
maxqueue,453,24.965973985737005,93.92594380838051
maxqueue,454,22.8157106295909,93.1210368855724
maxqueue,455,21.474363399746778,93.21780029858473
maxqueue,456,20.53922458255002,94.43479441153616
maxqueue,457,23.66370600567516,95.1096447665468
maxqueue,458,21.420437156806692,94.19377547255854
maxqueue,459,24.021570724819277,98.54704736737278
maxqueue,460,24.508960512003114,100.07751927790486
maxqueue,461,22.12622264264726,95.1429019247428
maxqueue,462,21.460377475352352,99.1931946381287
maxqueue,463,21.091737204343854,101.06603488402803
maxqueue,464,21.058214585676627,102.39680042878533
maxqueue,465,22.090688064918105,101.09664409260262
maxqueue,466,22.777208257189642,101.05855121694088
maxqueue,467,21.59950008342136,100.95405367504317
maxqueue,468,23.02370442036773,101.5099249984159
maxqueue,469,23.966638233009686,103.94073269604999
maxqueue,470,20.49357249924134,104.82982388599106
maxqueue,471,21.80227640154712,104.78703732769499
maxqueue,472,23.96937807170663,104.67234726910193
maxqueue,473,24.972123904791516,104.19856336299227
maxqueue,474,22.293034610394095,107.33779052835186
maxqueue,475,22.12411109292074,108.41960699952125
maxqueue,476,21.539041098827667,106.59730737260693
maxqueue,477,23.450883836637974,105.57886751124038
maxqueue,478,22.737664194162534,108.78134926672801
maxqueue,479,24.275957947074367,108.88261867741723
maxqueue,480,22.186955292634064,109.37620207881409
maxqueue,481,20.89444138886378,107.90762066048228
maxqueue,482,23.151371051150836,109.40614776137704
maxqueue,483,22.949575389063614,110.47800187617318
maxqueue,484,23.43555698748431,108.16368153629318
maxqueue,485,22.89582830049128,112.03671981699344
maxqueue,486,23.500576853715504,111.36739517238819
maxqueue,487,23.45875615741249,113.46883584555806
maxqueue,488,25.02319888459027,111.66356804464822
maxqueue,489,23.697412298435026,112.4139268798736
maxqueue,490,23.243737062033528,112.80226915301014
maxqueue,491,23.635107057999257,113.08288128807364
maxqueue,492,21.965273666515152,115.57046357043491
maxqueue,493,25.053353718365585,116.97024477806097
maxqueue,494,25.008461977721115,117.06377388562554
maxqueue,495,25.89253010512035,118.79099264523903
maxqueue,496,26.516904001630238,116.96382931471874
maxqueue,497,25.330404803632124,118.95085707577195
maxqueue,498,24.665523231337488,118.43512116913124
maxqueue,499,26.05768295178928,117.95817224170696
maxqueue,500,20.94326351300034,121.53241216618304
maxqueue,501,25.86706432415921,120.35600476468528
maxqueue,502,25.66431408031496,120.21868020191266
maxqueue,503,22.907181717114256,119.9824133542403
maxqueue,504,27.11937550663903,123.54846249491834
maxqueue,505,22.0022124203734,121.90605140155915
maxqueue,506,24.651287724565048,123.61477407181883
maxqueue,507,25.610907159476817,121.43636746970898
maxqueue,508,28.545674115334876,125.81910667652878
maxqueue,509,27.309486875510352,126.38755236220504
maxqueue,510,28.482680133083395,125.19885996623351
maxqueue,511,24.0696219835273,125.68287853234723
maxqueue,512,24.686892050660994,125.49714290869508
maxqueue,513,27.124033029996358,126.95069287185467
maxqueue,514,26.58940718477357,126.46341800983679
maxqueue,515,23.304579714729336,126.42119197488815
maxqueue,516,24.210213844426235,128.0079194421312
maxqueue,517,26.325468841628222,127.77382761691507
maxqueue,518,23.822668253595207,130.7149867434791
maxqueue,519,29.373034940029896,130.86482624172197
maxqueue,520,25.446381152718992,131.57276811400513
maxqueue,521,25.088369008751197,130.77161989900685
maxqueue,522,26.666930687327657,130.76175107321635
maxqueue,523,26.792002000559748,131.96178787053412
maxqueue,524,21.68933559968772,135.9230597664015
maxqueue,525,27.065460558973378,136.76344637205483
maxqueue,526,26.32022091629035,136.2035658530233
maxqueue,527,26.789238227409804,133.9613198496839
maxqueue,528,27.24878923053192,134.07218041572247
maxqueue,529,24.65922795457941,137.75859536872844
maxqueue,530,26.575547331404156,138.84720287798135
maxqueue,531,27.421978740016637,136.247546398905
maxqueue,532,27.1910759807763,138.7286085043852
maxqueue,533,26.61132891017514,139.83440590976454
maxqueue,534,25.342648117860094,138.3221103416751
maxqueue,535,25.443874026337618,138.67291873312158
maxqueue,536,26.056770986659107,140.41074198259827
maxqueue,537,29.7975240896534,140.49029032035682
maxqueue,538,25.398181237707092,141.3985985355962
maxqueue,539,27.09929045257917,142.71161900368205
maxqueue,540,25.817690086981255,142.85775223061012
maxqueue,541,27.86307074443478,145.5847146137607
maxqueue,542,26.73480321892006,145.46774773170407
maxqueue,543,26.20051146710221,142.69257429695227
maxqueue,544,26.989458832609245,140.97067255342674
maxqueue,545,26.410246385644733,146.09265033562338
maxqueue,546,25.42694928425772,142.30684304189867
maxqueue,547,28.62699724130961,146.85544724174653
maxqueue,548,30.118483639314185,146.8636356832916
maxqueue,549,29.678043445908216,146.73360263615544
maxqueue,550,28.246151549647088,149.55521359230698
maxqueue,551,28.562886903228193,146.31852683198403
maxqueue,552,28.975007452251937,149.87489059521496
maxqueue,553,28.994221953308866,150.22588955371157
maxqueue,554,29.19366561206054,150.95540211585802
maxqueue,555,30.838577083258627,151.28158651865851
maxqueue,556,29.71900033722899,151.77701319037385
maxqueue,557,25.83336883614809,154.6113313123579
maxqueue,558,27.34001732970883,150.84717964813504
maxqueue,559,28.589610897003663,154.73271701436073
maxqueue,560,28.498155349933647,154.5105425099641
maxqueue,561,28.152384326354213,154.92195434223333
maxqueue,562,30.30417359147962,154.53038155994616
maxqueue,563,31.292782631030136,154.61545746201824
maxqueue,564,30.346970328912125,155.5853063825366
maxqueue,565,28.68631222052702,154.7562174493195
maxqueue,566,25.199561802757263,156.72109862888428
maxqueue,567,26.240021488435502,156.88906480961236
maxqueue,568,26.98958019839984,154.2166680796054
maxqueue,569,26.54721266193785,157.87832710408543
maxqueue,570,26.924282373768737,157.4796756382043
maxqueue,571,29.562108985286997,158.58860939448863
maxqueue,572,24.952888558299563,160.44986225271916
maxqueue,573,27.44491325695433,158.31212541611157
maxqueue,574,27.51316425196135,159.60254869844204
maxqueue,575,29.24053038272227,158.9972335266758
maxqueue,576,26.90337583158889,161.32047192568206
maxqueue,577,27.468956245522094,161.65205899443816
maxqueue,578,27.773084240181465,160.682630194066
maxqueue,579,25.961611937978745,159.36310765847395
maxqueue,580,29.705730932555326,164.4337261251369
maxqueue,581,27.490445860148515,163.15123786581898
maxqueue,582,26.37442273565772,163.73080967346692
maxqueue,583,25.467378605193144,162.18084763876476
maxqueue,584,27.51808441612831,161.89983268587943
maxqueue,585,27.84650363731591,165.19022997714976
maxqueue,586,27.600519139868076,166.8622715857352
maxqueue,587,26.743825658150236,167.71309297082163
maxqueue,588,29.280217551393616,164.3719381562022
maxqueue,589,29.41733609884088,165.8621590379651
maxqueue,590,28.757398916269775,168.9342949745536
maxqueue,591,27.39922454425976,167.29508677084516
maxqueue,592,29.034992758062046,166.88481683305457
maxqueue,593,25.924389204629726,167.2184726094708
maxqueue,594,26.426026425494914,168.69823240160176
maxqueue,595,26.07569178308707,170.54005281313277
maxqueue,596,30.13544252401708,172.74257288663787
maxqueue,597,26.308999622823915,173.19705886584842
maxqueue,598,25.77304850637964,172.34739784126938
maxqueue,599,26.582516795379597,168.74326483830106
maxqueue,600,29.09517036389373,174.27013104460633
maxqueue,601,28.021400104554456,172.29273018303377
maxqueue,602,26.59818864801517,172.15620822225657
maxqueue,603,26.01525066221729,173.5957144199736
maxqueue,604,30.233555888138945,177.38984724057008
maxqueue,605,30.16201063231413,174.43365743695105
maxqueue,606,27.945811638349273,173.24560574840476
maxqueue,607,27.697194300504933,174.446509957853
maxqueue,608,28.84516207156088,176.4933736045728
maxqueue,609,25.177669483405516,175.11931987162745
maxqueue,610,25.01496304904961,176.76497543199775
maxqueue,611,24.905165887767378,173.83534201398976
maxqueue,612,27.9714977851688,178.0344894587074
maxqueue,613,26.342795633089885,176.80953396337893
maxqueue,614,25.166474377365994,176.26478072608057
maxqueue,615,23.69349959873993,178.12946720889758
maxqueue,616,24.12779473794228,179.6314359080361
maxqueue,617,29.29593286889781,178.13130608071344
maxqueue,618,22.838471211023936,177.3941264538601
maxqueue,619,26.38177779369025,181.49829214776383
maxqueue,620,23.454657652758865,182.03602575391758
maxqueue,621,25.153791049201768,178.88033368440472
maxqueue,622,25.49773314959173,181.78824328271327
maxqueue,623,26.272783734156718,182.17214189044432
maxqueue,624,22.99489737315938,182.3002005837002
maxqueue,625,23.888941939157558,182.9792337005141
maxqueue,626,22.98358396789478,183.12708893481698
maxqueue,627,23.76792820803243,184.81003769439695
maxqueue,628,24.06748708535547,182.1012143956585
maxqueue,629,26.949429600066708,183.1198595341458
maxqueue,630,24.33539886595285,185.59068829673618
maxqueue,631,25.543743494149684,185.37026598905825
maxqueue,632,24.2153268973614,186.13266157577132
maxqueue,633,24.983874816188234,184.95511213046876
maxqueue,634,24.648124234911162,185.19248449563156
maxqueue,635,24.172386925138685,186.71513444968906
maxqueue,636,26.579390287846852,185.69160332096828
maxqueue,637,22.494580678391216,187.2697002114082
maxqueue,638,24.90325334369306,189.1934464520328
maxqueue,639,24.653290642972188,188.18829338547334
maxqueue,640,22.68353382239696,187.93703110160794
maxqueue,641,25.304821883761917,190.66517579406099
maxqueue,642,25.206336877744352,191.93821706399925
maxqueue,643,22.2118526273718,190.4941219893499
maxqueue,644,23.445337090538693,189.48866785832425
maxqueue,645,25.77671346556027,190.3276795190504
maxqueue,646,23.111975489759043,191.96372045615917
maxqueue,647,25.944300646901773,191.04956931573508
maxqueue,648,24.3040533177855,194.15374971326523
maxqueue,649,25.028283060569212,192.07170683561353
maxqueue,650,25.716703687949394,193.2098985428459
maxqueue,651,25.234477362449745,194.53469374316626
maxqueue,652,22.144924490574027,194.38235397559257
maxqueue,653,22.506742209617506,192.77209051581468
maxqueue,654,22.837392864247185,194.67607077663268
maxqueue,655,22.409893506011564,194.81688245690717
maxqueue,656,24.4652128484127,197.4239191978634
maxqueue,657,23.107800250976425,195.53362956810437
maxqueue,658,22.40001888186277,199.81971844968322
maxqueue,659,23.074589823317165,196.96582411721738
maxqueue,660,23.94114816374218,196.85680031945245
maxqueue,661,27.02021081660859,195.704277026967
maxqueue,662,22.10428694756123,198.52463034823583
maxqueue,663,20.930871110126564,201.06645835414247
maxqueue,664,21.75620322174985,199.819192862256
maxqueue,665,21.05849062628117,200.76449588432894
maxqueue,666,21.753650425419607,199.69588410808475
maxqueue,667,22.116488249000042,201.5239981234277
maxqueue,668,20.73972210408117,202.3778585631012
maxqueue,669,22.473153173575575,201.3713159015451
maxqueue,670,21.458794116378712,202.74972224429328
maxqueue,671,22.31234994006962,202.66754677348536
maxqueue,672,21.43839279547688,203.27280647694195
maxqueue,673,19.1450606193352,203.82160078986928
maxqueue,674,20.837849186715538,202.68818709438247
maxqueue,675,20.83449588834104,205.1589377545524
maxqueue,676,21.956710841116223,202.94682640884355
maxqueue,677,23.60533097669189,204.63434399338047
maxqueue,678,23.039843920738832,207.48599495517237
maxqueue,679,23.462670654440288,208.9742586023758
maxqueue,680,21.141895827943443,207.21452184107082
maxqueue,681,23.387193780580503,205.6871673023071
maxqueue,682,21.55511160962453,209.0972499419216
maxqueue,683,22.448226207892944,208.08195413569058
maxqueue,684,22.100085919635358,208.63327417169825
maxqueue,685,19.934416601993384,211.8718213581732
maxqueue,686,21.319494645478876,209.93395805260354
maxqueue,687,21.824304040499353,212.08426342927964
maxqueue,688,23.12017255391814,210.5510907020003
maxqueue,689,21.879483347474867,209.95166036719561
maxqueue,690,24.440233702456492,211.91959842866066
maxqueue,691,22.858982903899527,212.40399579203427
maxqueue,692,20.088423960441588,213.24709341653903
maxqueue,693,20.439539370870172,213.99390830062026
maxqueue,694,21.860273397013035,216.2317004817312
maxqueue,695,21.078809835296433,214.8917268377863
maxqueue,696,19.879979117543215,217.35774429307548
maxqueue,697,21.132416998410555,214.32962790173625
maxqueue,698,22.62773762531715,217.3741182187731
maxqueue,699,20.609467527389015,216.3852293162888
maxqueue,700,22.929423050996824,217.64454221100135
maxqueue,701,20.216830601466196,217.20012916066128
maxqueue,702,22.120324898048846,219.1500119747553
maxqueue,703,22.878742183764246,220.33175607016653
maxqueue,704,21.58695113789781,221.54511080514956
maxqueue,705,18.67119595272957,221.16975531698264
maxqueue,706,22.767371332382204,220.75298468662618
maxqueue,707,22.196919617013954,221.76937323425722
maxqueue,708,22.105287091149933,221.20453409622678
maxqueue,709,23.421621396824822,221.7522594814665
maxqueue,710,19.7524715155853,221.80472809593692
maxqueue,711,23.50910852135032,223.4125112637811
maxqueue,712,22.90424552487566,223.7298157899216
maxqueue,713,23.84943499503221,224.01096719486324
maxqueue,714,21.245186643165983,224.36283433828305
maxqueue,715,21.546568868486585,223.60739799582996
maxqueue,716,22.425948734124464,223.3712074715865
maxqueue,717,22.288772176864846,228.8050271499872
maxqueue,718,21.857532479417518,227.45712280263976
maxqueue,719,24.569915697781827,224.74455144212197
maxqueue,720,20.167588037387045,226.36052914705195
maxqueue,721,24.078619525908568,228.38429306025006
maxqueue,722,21.791856373127885,228.96157991842352
maxqueue,723,22.088649787002204,230.58515731499472
maxqueue,724,25.082695182096913,229.4532596045229
maxqueue,725,21.397709256223955,233.0981712213421
maxqueue,726,22.027249455646363,229.09699817862924
maxqueue,727,22.97707349446576,231.8626702693044
maxqueue,728,21.306619012977194,233.16180431497338
maxqueue,729,21.230614770642745,233.86738041047158
maxqueue,730,23.61819540713477,231.93575877804093
maxqueue,731,21.36067450875199,235.09754859381593
maxqueue,732,23.346997897686645,236.5773543974438
maxqueue,733,25.089720566378052,236.68248259401136
maxqueue,734,24.267679910851186,235.8801723599984
maxqueue,735,24.216691284157626,236.99032011153855
maxqueue,736,23.759456889812824,232.67101392782746
maxqueue,737,20.323352907077222,237.03169871332662
maxqueue,738,23.836680374801325,238.70105497980234
maxqueue,739,23.594859403417907,235.46838163864166
maxqueue,740,25.91092827016135,239.22427568524523
maxqueue,741,21.693461409481333,238.47702918396686
maxqueue,742,22.65012515866977,239.56707254303836
maxqueue,743,24.684497310475592,241.72620230222023
maxqueue,744,25.904228652297668,239.71817122339985
maxqueue,745,24.033387028748837,241.8491604479172
maxqueue,746,23.401394895009297,243.5658477075679
maxqueue,747,24.699910352249685,243.5506952645612
maxqueue,748,23.764203308171233,244.9051572783571
maxqueue,749,24.242572691678586,245.18049027208212
maxqueue,750,26.509079338004412,245.343234282133
maxqueue,751,24.897471957711392,244.70860263642942
maxqueue,752,23.852565818435124,246.14998173551155
maxqueue,753,27.01656551177776,245.90443451383544
maxqueue,754,27.75652454454255,248.88436169632547
maxqueue,755,26.018473529753955,247.84351947605245
maxqueue,756,28.582791957337314,247.43910802814847
maxqueue,757,25.272523393767152,247.52126983391202
maxqueue,758,23.91528613426443,248.97939357351706
maxqueue,759,24.446962038284894,249.31665370337822
maxqueue,760,24.436566786710227,252.12668853572632
maxqueue,761,24.78716113930822,251.69310377143995
maxqueue,762,26.29820142722504,253.69776306885947
maxqueue,763,26.18506134094418,252.3691468533695
maxqueue,764,28.64784974625784,254.50602679018175
maxqueue,765,25.47720668813053,251.10941709680907
maxqueue,766,25.971563443534425,254.26329810835028
maxqueue,767,27.67659635185845,252.897969993358
maxqueue,768,25.42270691848851,258.66414086655635
maxqueue,769,24.97194008004655,255.74397190232074
maxqueue,770,25.720063793159117,256.27112910741295
maxqueue,771,25.8519265195967,256.27792101627824
maxqueue,772,25.659493501858115,260.1028867625544
maxqueue,773,27.598260773262012,257.5493837692409
maxqueue,774,26.40618488097691,257.84262832852085
maxqueue,775,28.38869393226793,258.7255478996912
maxqueue,776,25.294211679289052,258.49990045290053
maxqueue,777,23.33055025414051,261.8847660020666
maxqueue,778,27.1311269164952,260.09434999646834
maxqueue,779,26.77066875606591,260.7500241849222
maxqueue,780,25.485981965302365,264.07104532720837
maxqueue,781,26.318996241257334,263.8857055335344
maxqueue,782,27.175809801734474,263.1290659817143
maxqueue,783,27.46041527416657,261.9841040072478
maxqueue,784,25.400637033213375,262.3074595737422
maxqueue,785,24.997110382908023,264.66815492012915
maxqueue,786,28.10800158361833,266.3162831213046
maxqueue,787,28.38466591712327,266.21536930296514
maxqueue,788,28.245875477150978,265.58704399629414
maxqueue,789,26.950689785447842,266.6544767673652
maxqueue,790,28.625696110411308,265.94203263353245
maxqueue,791,29.95588048196086,270.2327129920918
maxqueue,792,28.338646373317587,266.0425886113882
maxqueue,793,25.8146493129713,265.5509786278769
maxqueue,794,27.648138124517114,266.4000755166354
maxqueue,795,27.190153593778426,271.6740275838053
maxqueue,796,26.893112248245686,270.6458538483649
maxqueue,797,25.465312092092237,270.04148663882876
maxqueue,798,29.28241423254308,272.08930159309006
maxqueue,799,27.040321088954826,267.73118611909945
maxqueue,800,30.299790218302626,272.477387919928
maxqueue,801,27.29143599650924,273.74312267314383
maxqueue,802,27.30215350452518,272.6982533724343
maxqueue,803,27.322074204009272,272.80003836685347
maxqueue,804,27.80072240681994,274.9966701550116
maxqueue,805,28.812890616292126,276.1623242307347
maxqueue,806,30.410117727361133,274.70246797858715
maxqueue,807,27.112912499650093,273.12926334302574
maxqueue,808,29.137067928909158,277.73723079149056
maxqueue,809,29.631730324084565,274.6306752674375
maxqueue,810,28.565086454479307,280.12254545382547
maxqueue,811,28.386586063386133,277.9299212735704
maxqueue,812,28.02731952673318,275.59136039762103
maxqueue,813,27.17661978392962,277.0930291857048
maxqueue,814,30.36764776382391,281.6761399801169
maxqueue,815,26.529370226560705,280.18142078500625
maxqueue,816,28.25650829783109,278.1649993548076
maxqueue,817,28.78380152407383,282.5910604918893
maxqueue,818,29.84611852315701,280.83630731778146
maxqueue,819,27.648155348177585,283.25313358401894
maxqueue,820,28.555383935293605,281.58133636373327
maxqueue,821,31.061060291368335,286.3504577968015
maxqueue,822,27.159363414412212,282.188611268277
maxqueue,823,26.703885716198663,285.79411872339637
maxqueue,824,27.72656058931056,286.78972295449336
maxqueue,825,27.66434379405047,284.5585091192254
maxqueue,826,28.384775638483276,287.46362083936583
maxqueue,827,30.31503785614767,287.4651960568962
maxqueue,828,27.55359303586063,284.39703573772164
maxqueue,829,27.092239208365985,287.53700263979897
maxqueue,830,27.747031724092825,283.8632604855951
maxqueue,831,27.248571152228063,289.36786187413253
maxqueue,832,29.173217476781108,287.38487956253186
maxqueue,833,27.846413208093914,286.5446392304692
maxqueue,834,28.793208594218896,288.31155350134054
maxqueue,835,28.220963841933617,291.6130757184754
maxqueue,836,26.26040502265138,290.23815220460375
maxqueue,837,30.087451236642664,288.72249598321963
maxqueue,838,26.8181847916723,291.31853004459464
maxqueue,839,28.3018386704612,292.4812207642775
maxqueue,840,27.198810909554897,293.3142512821697
maxqueue,841,29.242324544071696,294.0818666016856
maxqueue,842,25.685597938316725,292.3052571890077
maxqueue,843,26.332898084127248,295.5197240991699
maxqueue,844,26.30743244196595,292.3576909031497
maxqueue,845,26.616555469217786,294.56954532740104
maxqueue,846,27.504208763066917,295.9613041549737
maxqueue,847,27.21527966572428,294.0278149331648
maxqueue,848,26.231844963070046,294.57255145165493
maxqueue,849,30.22529290077032,294.6644020733012
maxqueue,850,27.96915592091381,298.58163376688265
maxqueue,851,26.300265793386604,297.28586467767195
maxqueue,852,28.59115924420242,296.14261381245814
maxqueue,853,26.7005717810326,299.03394551881064
maxqueue,854,27.880732969510685,299.0539329507587
maxqueue,855,24.93165592253972,299.7111780443142
maxqueue,856,24.725110041215387,299.6164229380196
maxqueue,857,26.837569243473595,300.5085337034561
maxqueue,858,27.959367143461073,301.0360471518452
maxqueue,859,25.90347383245714,303.667419493669
maxqueue,860,26.5847456066953,302.0391277102309
maxqueue,861,27.722756848269672,303.2497837068485
maxqueue,862,26.828562246603624,301.85107604025285
maxqueue,863,25.509234768646415,301.925554202286
maxqueue,864,27.22250157045325,306.1671180940451
maxqueue,865,26.282276327884972,302.58288265285603
maxqueue,866,28.401932629737736,303.1247670102062
maxqueue,867,26.11378369218707,305.1866076847742
maxqueue,868,26.00182169579827,304.5300842088641
maxqueue,869,27.12662156853601,305.11624776721123
maxqueue,870,26.107531495604736,306.94960659013
maxqueue,871,26.096728471063876,306.9565526057116
maxqueue,872,25.94219544222398,306.85435949135126
maxqueue,873,25.883487206907883,305.4581212752984
maxqueue,874,29.083851908990592,305.744752919463
maxqueue,875,24.109458260923695,306.00910234090827
maxqueue,876,26.133323073741927,307.95394704787327
maxqueue,877,25.31873989908842,306.9341356784241
maxqueue,878,22.39290132338317,305.12950506207466
maxqueue,879,24.02891473700989,308.07712370128417
maxqueue,880,25.210280698922745,308.9686965509068
maxqueue,881,26.670795595463645,309.92614344592096
maxqueue,882,24.89153831410573,311.8558675048098
maxqueue,883,24.05537023070193,309.1206403294731
maxqueue,884,27.199360257705006,311.72975591250423
maxqueue,885,26.162140670225405,311.622169172732
maxqueue,886,24.6491687394494,313.219129543147
maxqueue,887,24.501067845480357,311.8152272254539
maxqueue,888,24.568151685766637,312.16657145511056
maxqueue,889,21.082281382781993,313.46703682636957
maxqueue,890,25.232916061645703,314.51614100603337
maxqueue,891,25.766685369746757,316.61493910772674
maxqueue,892,24.530820111904276,310.99237863769827
maxqueue,893,25.58415379503944,314.16604793891355
maxqueue,894,23.77182616131311,316.02961952975363
maxqueue,895,22.00342287927824,315.6574662981195
maxqueue,896,25.398851234345862,318.9511971455883
maxqueue,897,19.97278310501199,317.5136521984335
maxqueue,898,24.222064108269432,317.4401723704537
maxqueue,899,24.062606248881192,318.5433603225643
maxqueue,900,25.273094360127047,314.98260649471274
maxqueue,901,22.89022732533115,316.7981320029761
maxqueue,902,24.062894227613754,319.455830493852
maxqueue,903,24.599017289090973,319.48972323422583
maxqueue,904,22.434455201500025,317.1003498694125
maxqueue,905,25.308342824891202,319.4726467753733
maxqueue,906,25.33986143504076,323.8088581881524
maxqueue,907,22.391434760869068,320.0686091359952
maxqueue,908,21.157499792142666,322.16406174058557
maxqueue,909,25.32605381689775,323.1731746474988
maxqueue,910,21.155458290215744,321.65068197906965
maxqueue,911,22.403480460367764,324.58977374850645
maxqueue,912,23.77742965758731,322.4145267198567
maxqueue,913,23.32641268616676,323.55050576383115
maxqueue,914,19.74606399165463,325.73734722987416
maxqueue,915,23.911404702030875,325.7537794065633
maxqueue,916,24.48858066724493,324.45395365471705
maxqueue,917,24.022699079960784,324.089546974251
maxqueue,918,22.380014648134292,327.3033556105912
maxqueue,919,22.132053262650693,327.9405190264436
maxqueue,920,22.888198595483114,327.6210503866675
maxqueue,921,23.591298858622014,327.7683748816704
maxqueue,922,21.505627828012948,324.3347972118214
maxqueue,923,20.501943444340302,330.6107920930728
maxqueue,924,25.203163932714467,327.4602706994983
maxqueue,925,23.174786703419915,332.72020367376064
maxqueue,926,22.84003367220195,329.22368936952523
maxqueue,927,21.25180749676129,327.5353941468777
maxqueue,928,17.07899115928114,329.29642837486085
maxqueue,929,21.970706956073638,332.62738311479785
maxqueue,930,22.41166963341672,329.4634767301511
maxqueue,931,23.401692233324546,334.1654381944444
maxqueue,932,23.09951966401333,329.0403764460636
maxqueue,933,22.807028548544142,334.9379062382777
maxqueue,934,25.035360517046378,333.5045060976879
maxqueue,935,23.56419334364825,334.5088545204458
maxqueue,936,23.40683485705993,334.3341607418955
maxqueue,937,22.328493738565637,334.5645881009795
maxqueue,938,23.261990990276903,337.25726346771376
maxqueue,939,22.898300575462102,334.0449399419401
maxqueue,940,22.15696125288135,339.13138678665473
maxqueue,941,22.72323616247698,337.1221475199578
maxqueue,942,20.903813948012196,335.51622347472653
maxqueue,943,22.09666627606259,335.7957529825569
maxqueue,944,21.48099187634655,337.3378020635034
maxqueue,945,22.22722797568854,338.6597981141019
maxqueue,946,23.53093807221136,336.2936055230748
maxqueue,947,19.7537209536147,341.6624644310253
maxqueue,948,21.64120043759634,340.70122331459805
maxqueue,949,24.15355114160794,340.5930514912605
maxqueue,950,21.17823165953937,339.0852267940275
maxqueue,951,21.29507058151738,341.50210941568093
maxqueue,952,21.200823578449857,344.86449106513015
maxqueue,953,21.11971974541007,342.80197116346443
maxqueue,954,21.143282769762543,347.8213501281422
maxqueue,955,23.177001604290457,347.0845676881747
maxqueue,956,21.41063518604299,346.25325291850936
maxqueue,957,23.193894812926647,344.82765740485513
maxqueue,958,20.918284129177746,345.79760693080704
maxqueue,959,21.887631785367027,349.00338836293105
maxqueue,960,24.89029973937489,345.624483552202
maxqueue,961,17.641358368399043,350.20215668706567
maxqueue,962,18.9644868634886,350.42791616672906
maxqueue,963,23.03509618828919,349.18632888431324
maxqueue,964,22.427879401939187,349.218824936264
maxqueue,965,22.048360021142095,350.1136203479271
maxqueue,966,22.438162955177344,350.16820684425437
maxqueue,967,24.264165121698635,350.0776212296656
maxqueue,968,21.024706343249882,351.0338022654908
maxqueue,969,23.329451004970593,353.9230997857012
maxqueue,970,21.386004635378868,351.3800848569895
maxqueue,971,21.86728302602331,352.699617202088
maxqueue,972,23.261542240067968,351.8368577621092
maxqueue,973,21.511737369295027,355.6699831261827
maxqueue,974,22.81593344528678,354.32759075746577
maxqueue,975,22.411812915509202,353.4465524229877
maxqueue,976,23.614516456048914,355.62152323208727
maxqueue,977,22.742843594341075,354.65173860478706
maxqueue,978,22.07513635896656,356.4432964769078
maxqueue,979,24.038162497012525,356.7688440020763
maxqueue,980,22.61173694992944,357.08813973529834
maxqueue,981,25.669667383904645,356.9313212929511
maxqueue,982,23.88936895580136,359.3527302056553
maxqueue,983,26.15972113638022,360.9305474392741
maxqueue,984,23.678084029803,358.4169607214672
maxqueue,985,21.06613649431212,359.12945579132986
maxqueue,986,23.52487656964667,361.5521423030769
maxqueue,987,24.81479586625339,362.9912634999438
maxqueue,988,27.517209371009027,363.9965092884653
maxqueue,989,25.75407520710975,364.1421785339324
maxqueue,990,23.259111706166525,361.6011231883005
maxqueue,991,23.545171773429903,365.6893461174923
maxqueue,992,25.059291963759502,364.1779507814908
maxqueue,993,25.53317299998729,368.0371217583591
maxqueue,994,23.95812561250613,365.1482234156591
maxqueue,995,23.16364927416087,366.1258362494822
maxqueue,996,24.357497333796307,367.2021849698698
maxqueue,997,24.418616362102284,367.5559187360862
maxqueue,998,24.929239600155206,366.96443847900343
maxqueue,999,20.766401393429444,369.1188364896032
maxqueue,1000,22.921332719105514,368.9921050861647
maxqueue,1001,24.936960039571183,369.3798100327219
maxqueue,1002,25.754938437951733,368.94922282239565
maxqueue,1003,22.62928627415151,371.5015289132524
maxqueue,1004,23.79938932393182,373.785824763239
maxqueue,1005,22.72147508948043,372.48563659620686
maxqueue,1006,23.906111687868933,374.7319655301706
maxqueue,1007,25.244999942923492,374.33243207793976
maxqueue,1008,25.00837549936295,378.2222657210147
maxqueue,1009,25.340932413244595,376.34906989058595
maxqueue,1010,25.135446648467116,375.31548368744217
maxqueue,1011,24.170969521263107,376.2934128109316
maxqueue,1012,27.813336456436744,375.65433794846024
maxqueue,1013,26.42318696095398,375.08501695789903
maxqueue,1014,29.244321580663573,376.7666161540832
maxqueue,1015,28.512325470677926,376.9080853589596
maxqueue,1016,26.07958270195208,377.70981526723745
maxqueue,1017,25.625233680024852,377.5474225650698
maxqueue,1018,26.330229691996237,380.84863073426106
maxqueue,1019,27.097353448225203,381.27810304134107
maxqueue,1020,25.32473845383529,381.56754731070976
maxqueue,1021,28.633636063157063,382.1258958096402
maxqueue,1022,27.821848820967208,383.90511581266145
maxqueue,1023,25.98327073431008,384.46667482599776
maxqueue,1024,28.4609387289854,385.6287830037696
maxqueue,1025,25.67744356007909,380.83475169872304
maxqueue,1026,25.353647276381,384.93333790677593
maxqueue,1027,27.358379850860995,385.30873119412604
maxqueue,1028,24.648401908201162,386.56715438180936
maxqueue,1029,25.637127541462192,383.6036845198906
maxqueue,1030,27.403074214760302,385.7238808288945
maxqueue,1031,27.65563373331502,387.24866307409496
maxqueue,1032,25.69702893181024,389.3623955755293
maxqueue,1033,25.828891628754498,389.7637347368736
maxqueue,1034,25.139947523143682,390.3006994737238
maxqueue,1035,28.211739388464146,390.4866759060959
maxqueue,1036,26.193695036598506,389.6223149097333
maxqueue,1037,26.665026410584808,394.2159212924302
maxqueue,1038,28.808121529005845,390.11961292668025
maxqueue,1039,27.598797583456793,393.82052679572917
maxqueue,1040,26.38265798766095,391.873084657343
maxqueue,1041,28.13168782949751,390.54925273104385
maxqueue,1042,27.48597698144093,394.70984304689546
maxqueue,1043,30.084221560073452,391.52685771808024
maxqueue,1044,27.80818453848889,396.05532816436835
maxqueue,1045,25.450552127560645,394.62439695971705
maxqueue,1046,26.538058059967256,394.6913911189246
maxqueue,1047,28.759206555793796,395.1496489071623
maxqueue,1048,27.88944358738133,397.08222401897916
maxqueue,1049,30.321494700368646,397.4573647557203
maxqueue,1050,24.057772102125767,397.2083613178503
maxqueue,1051,32.89746153851621,400.7118365161533
maxqueue,1052,30.464305809473704,398.34462819301564
maxqueue,1053,27.773437216104355,401.81059391547154
maxqueue,1054,29.93836547071252,399.96620447312876
maxqueue,1055,26.144535444824005,403.6670105177314
maxqueue,1056,24.199673944361063,399.81156463941284
maxqueue,1057,30.819376254706047,403.03433759016826
maxqueue,1058,28.7263220903103,402.5577637540488
maxqueue,1059,27.101525197135153,401.0568659510921
maxqueue,1060,27.078087569314555,403.6814336962903
maxqueue,1061,26.911482186176027,402.93636062660823
maxqueue,1062,28.638578506719114,402.60833924350726
maxqueue,1063,28.76505765825453,403.89131468610407
maxqueue,1064,28.90617975354634,402.0433661524523
maxqueue,1065,25.946222647343347,405.20614272489047
maxqueue,1066,28.786985861920346,406.22350679302133
maxqueue,1067,28.869619499754755,407.8967417648839
maxqueue,1068,28.89119519280919,405.72452557412623
maxqueue,1069,26.122755105319193,407.4271569797735
maxqueue,1070,28.613727399117757,408.5109013915322
maxqueue,1071,29.269302794925707,409.38489113213376
maxqueue,1072,26.193195082165555,410.28582789776607
maxqueue,1073,27.164339305002045,405.932181066178
maxqueue,1074,28.632531504117292,408.6472539321028
maxqueue,1075,26.916993076854652,411.0048219006529
maxqueue,1076,30.974636804953978,411.12117631181883
maxqueue,1077,28.20191702398015,413.5823021218671
maxqueue,1078,26.189993867209193,414.18496658646814
maxqueue,1079,28.137561263053396,414.37594999061605
maxqueue,1080,27.124627107431074,415.02904574589195
maxqueue,1081,26.34369732523763,409.86237178116016
maxqueue,1082,27.147012185534933,413.34261941136083
maxqueue,1083,27.78406492257606,413.484505215925
maxqueue,1084,27.423830561007208,414.7913202531705
maxqueue,1085,28.99212605034389,413.76052883919937
maxqueue,1086,29.801456697154187,413.46711887951545
maxqueue,1087,27.111019680177783,416.56280749883604
maxqueue,1088,26.577209969130525,416.39986053231485
maxqueue,1089,27.14582126512881,417.4151466709006
maxqueue,1090,26.18796265270818,418.9033512085041
maxqueue,1091,29.284924023080855,418.33954382654053
maxqueue,1092,29.87300287912113,420.15944333696086
maxqueue,1093,28.35153580441179,417.9012711251684
maxqueue,1094,27.471196192055757,419.1809117375948
maxqueue,1095,28.70233638662823,420.16440831985165
maxqueue,1096,27.672032315485534,421.7856498523351
maxqueue,1097,27.755585153198282,419.2418071383271
maxqueue,1098,28.034844549745067,420.99938283915645
maxqueue,1099,28.077633160965714,420.2553917399275
maxqueue,1100,29.321153817405676,421.8276502251931
maxqueue,1101,26.895746912463714,422.8625876263491
maxqueue,1102,28.863255353549246,422.11184044668295
maxqueue,1103,25.043817984982255,423.7148317238032
maxqueue,1104,26.364619331590212,422.37868304244216
maxqueue,1105,25.807795690114055,426.4031041405964
maxqueue,1106,26.85100775049855,424.77069642135666
maxqueue,1107,27.546583455689344,423.5139315525066
maxqueue,1108,27.60482717101966,424.13224143344524
maxqueue,1109,29.63793268117936,426.1382650924777
maxqueue,1110,29.61393083615642,424.3486426204511
maxqueue,1111,27.33405154536133,426.2283376266499
maxqueue,1112,25.022193999725886,426.37755434600604
maxqueue,1113,27.365502593710087,426.9966045246144
maxqueue,1114,26.803147820459397,427.60661125527145
maxqueue,1115,24.60285835623708,427.2272869003422
maxqueue,1116,25.048832449272812,429.4499359614667
maxqueue,1117,26.843900686882854,431.0307563617241
maxqueue,1118,25.219492371413228,428.5955023862089
maxqueue,1119,24.700074108545518,431.2522963394179
maxqueue,1120,27.139276487354913,430.6860525895896
maxqueue,1121,25.78779183573175,429.05904097241984
maxqueue,1122,25.505724746834325,432.79138150575045
maxqueue,1123,26.51031920131215,431.2189864256251
maxqueue,1124,25.626320177378386,431.0492817126045
maxqueue,1125,26.02693007476366,433.2424918230182
maxqueue,1126,25.480566120162663,436.5833685914051
maxqueue,1127,23.300443607339233,433.48011175207347
maxqueue,1128,27.97423425761991,433.39158723343246
maxqueue,1129,24.464991044750775,434.60887013935593
maxqueue,1130,24.706580607659575,433.5664424016975
maxqueue,1131,23.47660235730181,434.8711164898891
maxqueue,1132,24.930148733976118,438.17507894510305
maxqueue,1133,24.794095869157058,436.70370746898914
maxqueue,1134,26.670917895047577,439.25158115722684
maxqueue,1135,25.13059753771215,436.8953240412386
maxqueue,1136,23.297749707862216,436.57656177884036
maxqueue,1137,24.566524011781894,437.48427793727535
maxqueue,1138,26.797444422602343,437.33699102092135
maxqueue,1139,23.465568761960746,440.4793620459109
maxqueue,1140,24.42701624574589,439.5951120500679
maxqueue,1141,22.61739623598406,440.2912393814763
maxqueue,1142,24.592147783461698,443.31937391056243
maxqueue,1143,23.68560343438337,441.9859945904436
maxqueue,1144,25.278480899430264,443.0613390459472
maxqueue,1145,23.34019720888404,440.90224299834006
maxqueue,1146,24.523115969189234,442.5846991782808
maxqueue,1147,24.303505080405433,440.64222152792564
maxqueue,1148,24.279393761798257,444.1000203280985
maxqueue,1149,19.69498340939859,441.9806852502217
maxqueue,1150,23.482325433262623,445.5010967802444
maxqueue,1151,24.164310525073684,444.87392804398564
maxqueue,1152,20.88887534877874,442.43269361752357
maxqueue,1153,24.07083248227208,446.57510287916534
maxqueue,1154,23.244626161015564,446.0729325236404
maxqueue,1155,23.94449692383734,447.5559083640066
maxqueue,1156,21.785916127955225,446.80563814952717
maxqueue,1157,23.73029293515977,448.3323136345178
maxqueue,1158,24.34227654225062,448.59700442216416
maxqueue,1159,22.758590565559068,450.63121107916095
maxqueue,1160,24.08802364195563,449.23307325511405
maxqueue,1161,25.21721361514562,448.28865154188156
maxqueue,1162,23.267923384353583,449.62862328567326
maxqueue,1163,21.81826582394195,448.1989525074251
maxqueue,1164,23.182418864479423,447.17449897744837
maxqueue,1165,22.598541325589373,448.80860492818925
maxqueue,1166,23.282374158491773,452.4262257608061
maxqueue,1167,25.0112525746903,451.1685885505584
maxqueue,1168,21.14936434859886,452.25369064596447
maxqueue,1169,22.15473977433573,452.7168986342145
maxqueue,1170,24.26021642501176,450.319842182804
maxqueue,1171,20.41250655856376,452.1038241949197
maxqueue,1172,24.91873650417653,454.9628750898039
maxqueue,1173,23.389740699678146,453.6294562901289
maxqueue,1174,20.348284413390523,454.62173585954395
maxqueue,1175,21.28313071159209,454.53687358842006
maxqueue,1176,21.835185424902924,455.25409486175556
maxqueue,1177,19.557913354807543,455.44000751968474
maxqueue,1178,20.99581155785713,455.8351394094514
maxqueue,1179,22.848114920539917,456.80567050243525
maxqueue,1180,24.938172917424083,455.96701683569273
maxqueue,1181,22.303956243150726,456.5714472553363
maxqueue,1182,22.39346279735635,458.4428029569602
maxqueue,1183,22.560824058650738,461.7510847783313
maxqueue,1184,24.046436147970752,456.72709863000404
maxqueue,1185,22.100555262006324,456.7447837793568
maxqueue,1186,24.15522490154305,461.3432709076147
maxqueue,1187,20.43029826924282,458.2494061683917
maxqueue,1188,20.760133958084687,459.4137908144287
maxqueue,1189,24.448614331446493,459.54270629886787
maxqueue,1190,21.212903214194846,462.7447749500573
maxqueue,1191,24.505843903295677,465.44675887515325
maxqueue,1192,21.826733153238724,464.91461599044385
maxqueue,1193,24.73931395182959,465.9660655996001
maxqueue,1194,20.423810903564423,464.1967065734109
maxqueue,1195,25.44405858916388,463.49239239706435
maxqueue,1196,19.440681533435807,466.27322571984257
maxqueue,1197,24.588851259687793,464.9942582589352
maxqueue,1198,20.294765312617585,468.2272119671392
maxqueue,1199,23.633950883876373,464.9313500519535
maxpressure,0,24.06751741941594,22.91884459963755
maxpressure,1,25.048323199866914,27.788234008687628
maxpressure,2,25.469506533809138,22.338799058522174
maxpressure,3,25.04061460557272,23.02091883735411
maxpressure,4,26.90072164473703,26.972084002013606
maxpressure,5,23.93170983454931,23.166640364877285
maxpressure,6,25.273593942446983,25.289853020268566
maxpressure,7,28.288607651697482,27.753248925175953
maxpressure,8,25.98373835800282,26.513066450960768
maxpressure,9,24.249572214832135,26.38963855176796
maxpressure,10,26.905248017912186,25.005471379164
maxpressure,11,24.571979509793437,27.190420026578646
maxpressure,12,23.1886298715009,26.423776164620488
maxpressure,13,23.96334368261385,25.962472015020445
maxpressure,14,25.314935650067397,27.29010049536531
maxpressure,15,28.772501550440882,25.644671537217672
maxpressure,16,27.877852046141964,27.93644009380572
maxpressure,17,26.02809561037037,27.09696981915037
maxpressure,18,28.292978120451824,27.65265657077652
maxpressure,19,28.289690868170553,25.90373920946063
maxpressure,20,26.54365284487445,28.14868888366374
maxpressure,21,26.672703583768087,28.392527329949807
maxpressure,22,26.77613274383531,24.76000056511464
maxpressure,23,27.233822841872595,26.105756029047953
maxpressure,24,27.302468948615576,26.40778781809803
maxpressure,25,26.431167937960296,25.917874796038713
maxpressure,26,25.8431126780635,27.89524212402919
maxpressure,27,22.568333808478066,26.81571038065695
maxpressure,28,26.056274926323134,28.605709340199983
maxpressure,29,26.555426107884973,24.959701440096403
maxpressure,30,26.38221809533242,27.596337372180948
maxpressure,31,27.71823151113426,25.092431520952466
maxpressure,32,28.734832934551854,28.784422438501675
maxpressure,33,24.438015320126535,30.4891818770029
maxpressure,34,27.802784491042466,28.5112808177912
maxpressure,35,24.53699886437151,27.396968013446017
maxpressure,36,27.27181750241382,26.539822432958566
maxpressure,37,27.945994305201395,27.805719386895195
maxpressure,38,26.135960166119105,29.515394304241664
maxpressure,39,25.530765799938358,27.931920293760843
maxpressure,40,28.635142590361017,27.577468333935208
maxpressure,41,30.508378848161563,27.47913429696584
maxpressure,42,25.936225012151407,27.315970018688926
maxpressure,43,27.059817127081907,27.734668891445303
maxpressure,44,25.261939433125278,27.882228839277307
maxpressure,45,29.6951774834251,27.45399009908382
maxpressure,46,27.141672137184056,27.94004088624777
maxpressure,47,26.22194774693029,27.26531513598364
maxpressure,48,28.536609477635615,27.896109688544183
maxpressure,49,29.94381527200185,29.9051115246463
maxpressure,50,27.64814168011606,25.850683927724592
maxpressure,51,28.47864680460871,28.36624660628856
maxpressure,52,25.837325189818173,28.19164211547386
maxpressure,53,28.135056100772882,24.10504122635556
maxpressure,54,28.805123444330356,27.307833705252772
maxpressure,55,28.13519728462491,28.94310722781415
maxpressure,56,28.264607787635182,31.317796115230745
maxpressure,57,29.69230687023467,28.669160919132946
maxpressure,58,26.991516552472536,26.2659535882693
maxpressure,59,27.683021751160062,28.601741164995282
maxpressure,60,27.591098648388822,26.375400173310922
maxpressure,61,29.03261886899051,26.00221007499086
maxpressure,62,29.456427457814154,28.708586920851943
maxpressure,63,28.416056543050004,28.30286838012716
maxpressure,64,27.016540459730674,26.34927952101271
maxpressure,65,26.734037093940017,25.543141218548914
maxpressure,66,27.85611968667099,27.838707684692764
maxpressure,67,30.59311972072455,28.728355619134586
maxpressure,68,25.527020228820348,26.770646456220184
maxpressure,69,26.361745295253293,26.90390687520165
maxpressure,70,28.61558681534571,30.97205341424653
maxpressure,71,25.815868994636457,28.850621747575673
maxpressure,72,27.509314147947855,27.259143694531296
maxpressure,73,24.64820381920616,24.960402666629378
maxpressure,74,28.94429498729711,27.296261819744704
maxpressure,75,26.557652733326158,28.53780102795221
maxpressure,76,27.22028152345231,29.74994550250645
maxpressure,77,24.648933932343358,26.441695118715792
maxpressure,78,27.777416995671334,26.62412766553976
maxpressure,79,25.557384417874015,29.205330757993984
maxpressure,80,27.332868303740664,27.052887970627236
maxpressure,81,29.120889658708858,26.260547911083872
maxpressure,82,27.29613132197081,28.829335469963258
maxpressure,83,28.218151363538453,26.10432340445134
maxpressure,84,27.175167413834412,27.328048918875417
maxpressure,85,26.860925117793325,25.552990938253004
maxpressure,86,26.782336375403275,28.96661463471684
maxpressure,87,28.24049574649722,27.03928090137469
maxpressure,88,27.351054551921937,28.339515420456266
maxpressure,89,25.703505918679333,28.45785596630105
maxpressure,90,28.51428699287409,27.505951736181824
maxpressure,91,25.3286697587864,26.31755657718875
maxpressure,92,26.68983393453687,27.95619389502596
maxpressure,93,25.031810492680894,27.585547954045634
maxpressure,94,25.94793679850776,26.031791904960713
maxpressure,95,23.838419886014645,25.47901120494645
maxpressure,96,28.744851192206596,26.098162038629315
maxpressure,97,25.022978438309732,29.04717628145205
maxpressure,98,28.58704355143342,25.019486860849163
maxpressure,99,26.198727105255365,27.028494186292114
maxpressure,100,24.316960765479102,25.98049176577369
maxpressure,101,26.676552521699165,27.252226206023117
maxpressure,102,29.074858010523702,26.951454901895826
maxpressure,103,26.664000316315605,27.631915351920338
maxpressure,104,25.04814940695921,26.120428431717595
maxpressure,105,25.469746092671976,23.64668270798587
maxpressure,106,24.042873988199137,27.105866287633553
maxpressure,107,26.520282896905748,22.213872503111595
maxpressure,108,26.154654729977135,25.76404789366729
maxpressure,109,25.94543426257145,27.658839013348185
maxpressure,110,25.987298630302092,28.39643176513635
maxpressure,111,23.94643072606661,26.646388477834893
maxpressure,112,25.85644574360362,26.50231786581432
maxpressure,113,26.132801603221708,24.2312204385387
maxpressure,114,26.10575567441411,28.47540740742259
maxpressure,115,28.113873635893214,25.54208770877242
maxpressure,116,25.078234296150054,26.069445244154295
maxpressure,117,27.070394163125176,23.04989502241152
maxpressure,118,23.30208873792701,28.39352317536739
maxpressure,119,27.83895113554692,24.560317978647884
maxpressure,120,25.80694249699899,25.915076845881696
maxpressure,121,29.3479108844731,26.307605507706352
maxpressure,122,26.706086245474882,23.128326041110164
maxpressure,123,24.226008793077174,26.63341104755076
maxpressure,124,23.913807430991735,26.38828384901418
maxpressure,125,24.24466868227879,25.450098053434203
maxpressure,126,22.21934669482885,26.38249602515583
maxpressure,127,24.882435134330994,24.029162470320163
maxpressure,128,26.428968915611833,24.747367011361913
maxpressure,129,24.718059487874374,24.92816223467291
maxpressure,130,21.39632017217172,23.68067581966967
maxpressure,131,26.646230632620295,23.900663170762325
maxpressure,132,23.411545013440165,26.257696258005073
maxpressure,133,23.073848517909326,23.19211535936101
maxpressure,134,25.196996032626352,19.06304648968225
maxpressure,135,24.179151361023184,24.09282802424245
maxpressure,136,25.562495891178862,22.570703718271307
maxpressure,137,24.830759340297732,23.19835252676468
maxpressure,138,25.528849562125096,23.35192463307887
maxpressure,139,24.347354628242396,23.78857911093812
maxpressure,140,26.016646538390926,23.205404491277672
maxpressure,141,21.157594939435555,24.863373424274627
maxpressure,142,22.84451600013363,20.977894704541647
maxpressure,143,22.325810964625134,22.543706846841566
maxpressure,144,23.117475896228665,22.999340789658554
maxpressure,145,22.87944926507708,22.214768461033636
maxpressure,146,22.428880818228613,26.308225325038382
maxpressure,147,21.991733197725058,23.09291993305369
maxpressure,148,23.30533487913887,22.313088531219513
maxpressure,149,24.936457855951762,23.150281924401668
maxpressure,150,25.181385966682058,22.967629838779136
maxpressure,151,21.85521368785225,23.80775362208541
maxpressure,152,21.256093540104935,24.88225043042253
maxpressure,153,22.79944670704044,22.686405090263484
maxpressure,154,23.83558964805274,24.99671798235382
maxpressure,155,25.708090214063034,21.288995682619905
maxpressure,156,21.77387443855463,22.978666614002154
maxpressure,157,24.601967411714252,23.375166591072396
maxpressure,158,23.57720005354264,23.670507643965987
maxpressure,159,25.33883270811396,18.552012058115196
maxpressure,160,21.436707960246345,23.21101757161077
maxpressure,161,23.750270769635335,23.398346372169332
maxpressure,162,21.087441310946595,25.859615337426764
maxpressure,163,24.942435118332185,23.449619049919995
maxpressure,164,21.508329233913283,23.824774569420477
maxpressure,165,23.279222270104064,21.34608983366773
maxpressure,166,21.97728704993397,21.84917253390958
maxpressure,167,22.59230583937635,24.375294931634823
maxpressure,168,23.29819824104684,23.11018127942218
maxpressure,169,23.490056826249525,25.578708927331256
maxpressure,170,22.51349351281803,21.450055387554197
maxpressure,171,21.9526477767861,22.20249949381058
maxpressure,172,21.090575786355593,21.97987672543034
maxpressure,173,21.50598084061894,21.438212445693125
maxpressure,174,23.646383753050948,22.64274013182213
maxpressure,175,23.527506106610627,21.832585051978047
maxpressure,176,21.482262423456024,18.999263173862573
maxpressure,177,21.542348179015598,23.016431366042585
maxpressure,178,21.776047161843003,22.9370751123913
maxpressure,179,23.524430526258474,21.449952832023413
maxpressure,180,21.258395697156253,23.26313445619515
maxpressure,181,22.900224749872184,26.067044249539215
maxpressure,182,19.8226585342193,24.288416104310105
maxpressure,183,23.99230509019954,21.72718336711913
maxpressure,184,22.455963637096364,22.828442513920038
maxpressure,185,20.848136183368428,21.03950699615672
maxpressure,186,23.089438547203738,20.650299069720543
maxpressure,187,16.755276309726554,23.13147268242266
maxpressure,188,20.464928420854715,22.880419708098678
maxpressure,189,24.011749034829002,23.624218515674226
maxpressure,190,22.508138697413102,20.524971739484627
maxpressure,191,21.334944944543352,22.420483101292092
maxpressure,192,20.365742346721046,22.766730542790807
maxpressure,193,22.64831534841301,21.100891760490526
maxpressure,194,22.237362010642368,20.90373159336609
maxpressure,195,21.286143648721758,22.964416790257786
maxpressure,196,21.79487691574528,23.549439505515366
maxpressure,197,23.684216723452128,20.98659069316823
maxpressure,198,22.254213388605166,20.535932046857138
maxpressure,199,23.251594932037698,19.7570954721952
maxpressure,200,22.033229607300424,23.142764147159237
maxpressure,201,20.867487960480464,23.88755216327397
maxpressure,202,24.473328765176337,24.749834559488654
maxpressure,203,23.169109613459543,22.230753216575895
maxpressure,204,20.54326511570515,26.498795518247324
maxpressure,205,22.693766284752364,23.758410031795428
maxpressure,206,24.29308634951565,22.7913863009213
maxpressure,207,21.86517952619257,20.656385011728723
maxpressure,208,19.478187369540557,22.079809934134165
maxpressure,209,24.18872596751878,24.403827771960916
maxpressure,210,20.54340475777467,22.819450853678685
maxpressure,211,23.656734836373403,20.01825257018234
maxpressure,212,20.894128221215034,21.09618462426156
maxpressure,213,23.32901194534827,24.211752642239155
maxpressure,214,26.77010150941128,23.47843859538232
maxpressure,215,21.25828142773565,23.925335349437802
maxpressure,216,21.594941575977906,17.2573606277197
maxpressure,217,22.940113190992562,24.204507120890874
maxpressure,218,22.682998246630532,21.892529442233347
maxpressure,219,23.013996584130812,22.155978092022167
maxpressure,220,22.77210911858704,20.12330822106287
maxpressure,221,20.1263892515879,25.350191011277836
maxpressure,222,23.451061697072575,23.4010585328925
maxpressure,223,20.879674469920175,25.377008629518976
maxpressure,224,21.536146202045504,25.4518491412716
maxpressure,225,24.29670408890084,22.86291274656667
maxpressure,226,23.8071087391369,23.358421579518694
maxpressure,227,24.91762823721637,25.23471066549315
maxpressure,228,20.354446021392036,22.73085492564866
maxpressure,229,22.009922212715686,25.619478573987596
maxpressure,230,22.82951102216129,23.455653022599467
maxpressure,231,26.33367816779459,23.27374492537059
maxpressure,232,22.80976611906311,24.130752987182305
maxpressure,233,24.261643616453618,24.5317127654683
maxpressure,234,23.687443542707545,24.240419366589567
maxpressure,235,20.87223386947457,25.010065432648798
maxpressure,236,24.846506138723235,21.584202726448577
maxpressure,237,21.2368822546819,25.946244549182968
maxpressure,238,23.27311807208577,24.34560132817632
maxpressure,239,23.955405020956267,22.779457719953964
maxpressure,240,25.376099189248713,27.712650057126286
maxpressure,241,26.988065700501945,23.470971748522864
maxpressure,242,22.817951627992024,23.725388109007024
maxpressure,243,24.217212216380606,24.23798806134151
maxpressure,244,25.322094522809795,25.66480768445005
maxpressure,245,26.270994741370217,23.23018903291832
maxpressure,246,26.340429269991137,23.03412745854405
maxpressure,247,25.262121991175395,27.45182550309458
maxpressure,248,26.86763471061407,26.568341644636664
maxpressure,249,28.350898293538492,22.891399119549455
maxpressure,250,23.487435655180725,24.676816220280656
maxpressure,251,25.480699121943946,24.821829988635432
maxpressure,252,24.558225764887887,24.15106995864547
maxpressure,253,25.637530106383736,27.11103115166055
maxpressure,254,23.28680604607736,26.212163342833314
maxpressure,255,28.385571335049022,23.530723950978498
maxpressure,256,23.744793640896724,24.499890067360525
maxpressure,257,28.365414769053785,24.145220551385574
maxpressure,258,23.22645594798159,25.635356992289644
maxpressure,259,26.338234027532394,26.46623311290141
maxpressure,260,24.781637975822743,27.584929988086625
maxpressure,261,25.570754348451665,27.002047753343483
maxpressure,262,26.10202970315416,22.613577117125775
maxpressure,263,27.25374385923329,25.633624472241152
maxpressure,264,26.78373351876955,25.53710052622251
maxpressure,265,25.654110065187407,22.81999648129824
maxpressure,266,26.481779365670278,26.28992830436799
maxpressure,267,29.353539976238974,26.877025144446744
maxpressure,268,31.564299533932886,26.30901227405114
maxpressure,269,28.93022769709811,25.06027385327635
maxpressure,270,24.12337787514894,25.405327979403037
maxpressure,271,25.387963463965974,25.037735285115808
maxpressure,272,24.32130717536673,28.047994215895923
maxpressure,273,28.648444177125782,25.46791583868576
maxpressure,274,27.32188354324491,27.318745352616823
maxpressure,275,26.430258141774445,25.78935212449752
maxpressure,276,27.052072496977857,29.157387742265193
maxpressure,277,26.712143835202532,25.432744118740878
maxpressure,278,27.106069363762927,25.82354130942403
maxpressure,279,27.39649274908153,26.97644912098861
maxpressure,280,28.026844582703195,26.40907193158245
maxpressure,281,27.469807823328207,27.773876105474457
maxpressure,282,25.335155494808234,29.045132230605695
maxpressure,283,26.967710448557572,24.61051201613174
maxpressure,284,31.543906245596716,28.092539426621208
maxpressure,285,29.44002915016209,24.80520384500573
maxpressure,286,27.648414518139038,26.970703579523732
maxpressure,287,28.31502467641122,25.232132743349204
maxpressure,288,28.19476262494652,28.02761521762086
maxpressure,289,25.83323931287578,27.177172404517844
maxpressure,290,26.019015356513407,25.106730206038453
maxpressure,291,29.675044244037032,23.751999145358738
maxpressure,292,27.98819742959575,29.388592772853983
maxpressure,293,27.672417298245442,28.910397309172577
maxpressure,294,31.080494142233057,27.99359217812554
maxpressure,295,29.500029626381306,26.17420478518388
maxpressure,296,27.282289727389337,24.790996107667212
maxpressure,297,26.42913840959475,25.5687977093304
maxpressure,298,31.515645361184998,29.21329358347537
maxpressure,299,28.195810794992912,28.862849655228462
maxpressure,300,26.525927983516624,26.43954273408926
maxpressure,301,27.518208170583854,29.20692521425512
maxpressure,302,27.92294206607042,27.978643223267703
maxpressure,303,28.465979536638173,27.644845002306102
maxpressure,304,27.781998765561152,28.748995662546463
maxpressure,305,25.53096142970619,28.692559319628234
maxpressure,306,29.147188475741505,25.483117009496063
maxpressure,307,27.99922241351026,32.4443052236633
maxpressure,308,27.032978881702252,29.66061192819094
maxpressure,309,25.44889138799986,27.399660606285654
maxpressure,310,27.058245401083468,26.70959584889918
maxpressure,311,29.17560649384126,28.70292534721865
maxpressure,312,29.403628651538487,30.62455512659157
maxpressure,313,29.57488997738744,29.97920912505825
maxpressure,314,27.61687009152109,30.08885529094003
maxpressure,315,28.41695320006454,28.856771814565036
maxpressure,316,26.175710826069164,32.90177383007109
maxpressure,317,28.740905542851518,29.900121240497864
maxpressure,318,27.287117737547913,31.20466160841148
maxpressure,319,28.49000068942523,29.61914109223304
maxpressure,320,29.71796957977878,34.42624796721364
maxpressure,321,25.727562913724945,34.581094274416316
maxpressure,322,29.450988015312966,37.00625205861249
maxpressure,323,28.139342411858923,38.06896789986338
maxpressure,324,29.529073059120908,34.46755912256785
maxpressure,325,33.07706600565668,35.41748034341408
maxpressure,326,27.482041175659276,33.53936849472036
maxpressure,327,25.7717565239054,36.861599074989826
maxpressure,328,27.861321840607385,36.26607642523989
maxpressure,329,29.2607355652642,36.76145998383829
maxpressure,330,27.586287457246595,38.31162566980859
maxpressure,331,29.17393755416854,35.98259742583673
maxpressure,332,25.55925842524366,38.98827762397397
maxpressure,333,27.56584732737828,40.40071919205482
maxpressure,334,29.250274751172267,38.6472996318587
maxpressure,335,26.518964010190476,42.76947973079152
maxpressure,336,28.410931126427652,38.875981326187485
maxpressure,337,26.144344666927278,41.43445976692129
maxpressure,338,30.423497470087664,39.130476432040496
maxpressure,339,28.708508084003114,45.809671117344614
maxpressure,340,28.869282162109556,41.1794986860942
maxpressure,341,30.09677392034792,43.11606653981511
maxpressure,342,27.633960605778135,41.71723399123769
maxpressure,343,28.372155688941938,44.75051247824263
maxpressure,344,28.95017991443612,42.65292663466835
maxpressure,345,27.98445231793364,44.129469537013804
maxpressure,346,27.129176126594714,43.054134560609675
maxpressure,347,26.30534452716543,45.18473375729252
maxpressure,348,28.093120358259128,47.8269673534043
maxpressure,349,27.7449011592739,45.79750898958001
maxpressure,350,26.593750098540518,48.708241553557414
maxpressure,351,22.476127974154235,45.93779298474565
maxpressure,352,25.84730227981927,47.23311825318871
maxpressure,353,24.5900559468489,49.411745094555314
maxpressure,354,24.671457616607118,48.94976764737946
maxpressure,355,28.126687519221566,46.898447571032875
maxpressure,356,24.799521965231232,50.21309186987607
maxpressure,357,26.760543940779094,50.79048559663666
maxpressure,358,27.96418925851098,49.50045447346806
maxpressure,359,29.097055894607603,53.5930464214471
maxpressure,360,25.90850235678961,51.087616587533404
maxpressure,361,26.349138948254684,49.774608021647225
maxpressure,362,26.51538830144503,50.716788462692996
maxpressure,363,26.31245754769126,51.72192889845266
maxpressure,364,25.491010100304496,53.94810175868001
maxpressure,365,26.71976149438266,52.85676181913145
maxpressure,366,25.306926388972396,54.87887410272256
maxpressure,367,24.531823480602334,55.44162880369606
maxpressure,368,29.012508544899497,53.22150503451229
maxpressure,369,27.46485253390244,56.82335240162838
maxpressure,370,25.269443547578916,53.50135093425392
maxpressure,371,26.09724209667402,55.577965183703014
maxpressure,372,25.130681880921664,55.36372995631514
maxpressure,373,26.318275824422262,56.50188074268548
maxpressure,374,24.89805065404017,60.19148731983233
maxpressure,375,22.4497523286191,57.34654934699962
maxpressure,376,24.290450923582608,59.08381622805724
maxpressure,377,23.70625530164997,57.53603602971923
maxpressure,378,24.342492325183972,57.73712715755246
maxpressure,379,26.527996074144717,59.12111724512704
maxpressure,380,26.86531955274784,60.846061169421645
maxpressure,381,25.679494728755888,58.56210411707384
maxpressure,382,25.581790455878366,59.56307988995647
maxpressure,383,26.450514497248633,61.31313867774531
maxpressure,384,23.24844738960698,61.85039750945367
maxpressure,385,23.196414410946584,62.04961330019687
maxpressure,386,24.110710666582996,62.57791216254474
maxpressure,387,25.590959068914515,64.06711971901824
maxpressure,388,23.5845207860407,61.434373471162885
maxpressure,389,23.886357047198178,64.34714770368606
maxpressure,390,22.377334651426594,61.5762514707745
maxpressure,391,20.495895711893834,63.83963377977955
maxpressure,392,23.01147009136678,64.09371083046358
maxpressure,393,21.770931524530862,63.49798565383665
maxpressure,394,23.64567320410995,66.13395579296895
maxpressure,395,22.836559971316145,66.59058398169607
maxpressure,396,24.525306402082627,66.9196070831253
maxpressure,397,22.669355843889033,66.07667355509659
maxpressure,398,22.213207390690464,69.87214337109216
maxpressure,399,23.846022440701176,69.71492530878358
maxpressure,400,25.31158682861192,67.5113011266006
maxpressure,401,19.456765511548227,69.52716008083475
maxpressure,402,19.489659333412117,72.60435575480973
maxpressure,403,24.74396574732574,68.78985723388337
maxpressure,404,20.38804299040104,67.03175605862654
maxpressure,405,21.43597965117487,67.8365908083619
maxpressure,406,24.317130658139124,70.92543728600417
maxpressure,407,19.317018812502432,70.26454343175584
maxpressure,408,21.869245415082062,74.0600272506928
maxpressure,409,22.85071919434218,74.42898065751133
maxpressure,410,19.95291505760802,73.11335611325079
maxpressure,411,23.138845316444034,71.0096121762373
maxpressure,412,23.746289429108263,72.89665772548179
maxpressure,413,22.82575723218347,72.20215323973088
maxpressure,414,26.409423476660827,73.20429578465166
maxpressure,415,24.38509933351721,74.94745914014071
maxpressure,416,23.28012007697492,74.84504492200855
maxpressure,417,23.523683064184038,76.97343831590479
maxpressure,418,20.93046681314258,76.62386661924651
maxpressure,419,21.9799745623119,73.58620184204683
maxpressure,420,20.826482358650143,78.39676988588573
maxpressure,421,21.093965830595234,80.00997004239306
maxpressure,422,21.62509338837334,78.55000252184301
maxpressure,423,23.397271778959208,80.50054905457282
maxpressure,424,22.466076034461537,77.5707970423166
maxpressure,425,20.43098261690214,79.49688503924399
maxpressure,426,21.657158878900795,79.75850556977474
maxpressure,427,21.707717148480693,81.57881718630223
maxpressure,428,21.69158372284631,78.10061425380704
maxpressure,429,24.070056065430798,82.32840690553716
maxpressure,430,19.8371046888572,81.22904082057212
maxpressure,431,22.637600971425975,79.33504124437681
maxpressure,432,23.116906629371016,84.17157394627122
maxpressure,433,22.106659841583845,83.94800019979678
maxpressure,434,22.529218513349203,82.57861532258327
maxpressure,435,25.686898084822303,85.9970389626512
maxpressure,436,21.686786059853542,85.90756418091974
maxpressure,437,19.96474322091651,86.92510667584898
maxpressure,438,23.664791146084227,87.91481962965635
maxpressure,439,19.828523978111996,86.9520627193003
maxpressure,440,23.101523664928855,86.85916309150794
maxpressure,441,23.742681844693838,88.57780650789317
maxpressure,442,23.19951960124346,87.65082915671906
maxpressure,443,22.901600867219333,88.61032363326676
maxpressure,444,20.770001902727866,89.12679018215002
maxpressure,445,23.35311486620523,89.80076639861218
maxpressure,446,20.614253619248522,92.28044590700638
maxpressure,447,21.83447897661931,92.15899543437138
maxpressure,448,22.250825852820732,88.57299734055876
maxpressure,449,23.907475836845993,90.67882741182117
maxpressure,450,19.90156966731661,89.35817082208126
maxpressure,451,22.204621916349634,92.08777654723119
maxpressure,452,21.242152685956523,91.82417150245541
maxpressure,453,24.237612680280613,98.87705914480385
maxpressure,454,17.440194075032593,94.48524874329115
maxpressure,455,21.271858104300694,94.33866055879726
maxpressure,456,20.513582732112805,92.59200764552472
maxpressure,457,21.071186558496624,96.7034335447712
maxpressure,458,22.965206030122264,97.932461562251
maxpressure,459,22.86281752437899,100.0798192111487
maxpressure,460,23.75620325723563,95.54301356341637
maxpressure,461,22.534118695366573,98.68439895354126
maxpressure,462,21.675558648262744,100.26000361374636
maxpressure,463,23.062190760672436,98.70567269071071
maxpressure,464,24.3086341086005,98.68389714303184
maxpressure,465,21.386037525294608,99.49374824084289
maxpressure,466,23.908726410572278,102.49083239509824
maxpressure,467,21.14717212470687,102.01432279898383
maxpressure,468,24.173366995698814,104.46157177779514
maxpressure,469,22.494475126923227,100.80707583823914
maxpressure,470,22.163731521781934,102.93681795945663
maxpressure,471,21.424336761904026,101.45490959107812
maxpressure,472,21.281987727589566,104.54828696487327
maxpressure,473,20.958365332040803,106.50282946902168
maxpressure,474,22.017185941330307,104.97041260800245
maxpressure,475,22.573347268405794,105.91213225259644
maxpressure,476,22.812036521971553,107.05973651846814
maxpressure,477,22.36408556820001,104.85681224135135
maxpressure,478,20.101187063244073,107.08020572337043
maxpressure,479,22.49765719897786,106.0740533624523
maxpressure,480,23.66796986750867,106.43747492429225
maxpressure,481,25.543662130106817,108.84621646094138
maxpressure,482,21.55420254691097,111.32623008005335
maxpressure,483,24.9195382411389,111.74032580065004
maxpressure,484,22.76717611004813,110.59322479254178
maxpressure,485,25.217273803757703,112.18737773470588
maxpressure,486,23.479126150865707,111.4496047082185
maxpressure,487,22.906180927856635,112.57353371785203
maxpressure,488,21.72603111198202,111.24136026886163
maxpressure,489,22.790236075818953,113.797083411246
maxpressure,490,25.285779860687793,116.28311083389329
maxpressure,491,24.039144404471916,114.81873624348395
maxpressure,492,23.414950394748537,114.83015059850979
maxpressure,493,26.697565169274203,117.56249581669424
maxpressure,494,23.05020409509612,115.9383692571167
maxpressure,495,22.868193527485012,115.76834784206517
maxpressure,496,24.82171632347456,121.59038075415837
maxpressure,497,26.61356099136461,117.36416437742366
maxpressure,498,25.69409575664411,117.61912133554166
maxpressure,499,24.523775643437414,119.85020520596072
maxpressure,500,22.151990064461163,122.00106393534205
maxpressure,501,22.862265100736455,119.47783121950305
maxpressure,502,22.55766296248025,116.92908751883112
maxpressure,503,23.26328391399809,119.67594583249645
maxpressure,504,22.404801275424454,119.39819162745204
maxpressure,505,26.307824852742268,122.70339661481567
maxpressure,506,25.435796913183374,122.9954999017501
maxpressure,507,24.368032110958097,124.4170576307576
maxpressure,508,24.023441755852186,124.4895399758813
maxpressure,509,24.92019613885555,124.51554045098571
maxpressure,510,26.06578086690163,126.45411007454848
maxpressure,511,26.670787985520313,125.98527280490059
maxpressure,512,28.556041488754577,121.83823582622774
maxpressure,513,22.29952183767121,123.93673849362008
maxpressure,514,27.513049239520775,127.60117760763963
maxpressure,515,26.295865740868138,126.45571938108802
maxpressure,516,25.24700403428494,128.57407380524603
maxpressure,517,25.878740146406162,130.4075910330504
maxpressure,518,26.88203936960262,131.92210309204933
maxpressure,519,25.64319793551842,132.10978227057214
maxpressure,520,27.076301922784417,128.3613545901191
maxpressure,521,27.50498865302974,130.44546882086428
maxpressure,522,27.586131638057267,132.81002587384006
maxpressure,523,28.9865101946244,134.03583237582146
maxpressure,524,29.151600262490003,131.36964990279893
maxpressure,525,24.828421036643512,130.56177141760628
maxpressure,526,28.258461961803828,134.57768498867193
maxpressure,527,27.31594903692705,135.45059113307508
maxpressure,528,27.330648902131102,138.0697469212043
maxpressure,529,27.11091982554035,137.18587006451625
maxpressure,530,25.714143016867624,135.79849154219107
maxpressure,531,25.334857715036794,138.66763404240052
maxpressure,532,26.901429916072136,138.37346086960224
maxpressure,533,25.419139982297512,139.20706996029918
maxpressure,534,28.74751822976442,138.75842038590517
maxpressure,535,28.34008660092331,142.23339521958522
maxpressure,536,28.6307696986755,139.4884731080581
maxpressure,537,27.997982422404416,142.39670999793088
maxpressure,538,26.519236185810204,140.26437575120858
maxpressure,539,27.87537828103255,142.6828737505539
maxpressure,540,29.137272733714816,142.13428713432447
maxpressure,541,29.273881075971772,145.49540107574114
maxpressure,542,26.47514246058047,141.35981440868463
maxpressure,543,27.676689266466447,142.4849018671544
maxpressure,544,28.032601133782585,143.96423636562616
maxpressure,545,25.941503353451033,145.3291022971507
maxpressure,546,26.9462769168655,144.7909589133153
maxpressure,547,27.684894621879,146.01365835778208
maxpressure,548,26.414277198319784,144.73263115505262
maxpressure,549,27.498563053735488,147.80776609807478
maxpressure,550,28.638217571970575,145.80418057365955
maxpressure,551,26.70200235188962,148.7229680911999
maxpressure,552,28.257063899169257,149.33557756004333
maxpressure,553,28.88778236183907,150.64474069133703
maxpressure,554,26.469783681962884,147.82577099155662
maxpressure,555,28.98466653194204,148.93844344151518
maxpressure,556,28.897267710420724,152.46221220381307
maxpressure,557,27.412017803874626,148.65156983426388
maxpressure,558,29.09366041511767,152.3215845723746
maxpressure,559,27.34694842963698,153.14877763760893
maxpressure,560,30.075730484200008,155.37256643624943
maxpressure,561,29.92528600718677,155.44271411911873
maxpressure,562,27.949074482371486,153.71406064357978
maxpressure,563,29.9007537357969,150.95806236239937
maxpressure,564,26.590134202733108,157.3553191812647
maxpressure,565,24.530563748669074,155.77712434756722
maxpressure,566,27.414392081377905,155.87076922400948
maxpressure,567,26.10720957703803,153.64701545087462
maxpressure,568,28.61199983082626,156.3206849926292
maxpressure,569,26.08870969513309,158.51791208574443
maxpressure,570,28.71542574512212,155.83318875950962
maxpressure,571,28.402840340484243,156.45072496070736
maxpressure,572,27.701618774316835,157.61743814573984
maxpressure,573,26.85442113223686,161.10109313637616
maxpressure,574,26.14952829039102,160.8972510169841
maxpressure,575,28.274771008899894,160.05705436827103
maxpressure,576,28.550129405269182,160.98432718483838
maxpressure,577,27.667823248781406,163.14176767467345
maxpressure,578,25.85230860561532,160.54681902856225
maxpressure,579,24.834416136337275,161.79682813112876
maxpressure,580,27.11953576938075,164.15818914855157
maxpressure,581,28.75676623725997,166.8642793991519
maxpressure,582,28.60493208690134,163.78920450108674
maxpressure,583,30.85209576200428,164.97352826842456
maxpressure,584,29.20258895356115,166.91491594082854
maxpressure,585,28.95031384267999,164.049960024374
maxpressure,586,26.908471963731223,167.1195972942393
maxpressure,587,28.479991115140294,164.0576951612353
maxpressure,588,30.50450386840971,167.65077393820064
maxpressure,589,23.751396672051523,167.69380712159492
maxpressure,590,26.709055961649543,166.53867777143273
maxpressure,591,28.219289428641584,167.38406055853048
maxpressure,592,31.0234725396983,168.54273529940613
maxpressure,593,27.210264294214415,166.86414540406767
maxpressure,594,22.32546494191424,170.88189833135283
maxpressure,595,28.193988300294873,168.91237793998226
maxpressure,596,26.872392970036508,171.81937487331487
maxpressure,597,26.434814933579396,172.7324099360092
maxpressure,598,29.572546277074867,170.8110523862952
maxpressure,599,26.877468074930373,171.54280449229483
maxpressure,600,28.162143377126764,170.3054463913278
maxpressure,601,25.941830930286716,170.45472228449665
maxpressure,602,26.839949374136264,170.37603833478823
maxpressure,603,26.425328887700026,173.69002545325918
maxpressure,604,26.63017851671887,170.76157224482046
maxpressure,605,24.976957309176612,174.6227021878695
maxpressure,606,28.688663608845772,175.87528632777932
maxpressure,607,24.604580881982553,175.52072037570866
maxpressure,608,29.830734507950595,176.66525222675003
maxpressure,609,28.21785591418712,177.3296763195368
maxpressure,610,25.689950221264155,177.16729615060416
maxpressure,611,25.934104289145733,175.09768116182732
maxpressure,612,27.491805717842894,177.25697574161038
maxpressure,613,27.566783254464227,180.00590752284572
maxpressure,614,26.670939634589747,180.5767081631933
maxpressure,615,27.173726933066895,177.47935548756374
maxpressure,616,26.112644486495007,178.9160105535023
maxpressure,617,23.026061875315417,176.8660072632067
maxpressure,618,27.32339135242634,176.96948611692184
maxpressure,619,25.958508972261036,179.86107427685053
maxpressure,620,25.633906532941637,181.54292792004725
maxpressure,621,25.68139192139514,179.5204561791233
maxpressure,622,24.315036428031245,182.5695753344828
maxpressure,623,28.434041619525715,180.47985944992925
maxpressure,624,24.554966590942872,181.98218278955136
maxpressure,625,27.94566743939797,182.08037169321943
maxpressure,626,26.318205924082534,182.54010427882804
maxpressure,627,24.39445036370203,183.55517740598026
maxpressure,628,24.570933434465978,183.42975688708083
maxpressure,629,22.944951162898594,181.31744068081062
maxpressure,630,23.558740566868124,183.93502764250044
maxpressure,631,25.780327823835577,185.25457926103505
maxpressure,632,23.97327273187527,187.61547352849178
maxpressure,633,23.412996190802538,185.85458994167575
maxpressure,634,25.371909298800816,185.40827599793136
maxpressure,635,27.28234049090632,189.16991932178837
maxpressure,636,28.097239486014875,187.03775133425864
maxpressure,637,24.26865198449874,186.23999198120674
maxpressure,638,26.271410803288262,189.7376142728005
maxpressure,639,24.62160801232361,186.6837226613004
maxpressure,640,25.57210703530946,188.93515028389675
maxpressure,641,25.101193884142617,189.7932819045174
maxpressure,642,23.33063100705171,189.24809726952347
maxpressure,643,24.459444470204154,189.55530301897556
maxpressure,644,23.24794953396724,189.18780770356156
maxpressure,645,22.448154496762974,189.76568090465528
maxpressure,646,25.501025523715263,190.19818878673306
maxpressure,647,21.576252345317144,193.5700013086256
maxpressure,648,23.755232815731116,192.91233738703545
maxpressure,649,21.639204544222846,194.1736843749209
maxpressure,650,24.039586522819913,194.3489555318505
maxpressure,651,21.61814374618107,196.84745608922975
maxpressure,652,24.31088986473785,195.49416458595698
maxpressure,653,21.17807748686964,192.97503261029877
maxpressure,654,23.442486760427055,195.8887388818768
maxpressure,655,21.745987098500645,195.8907042001983
maxpressure,656,25.29370640434395,196.10887062795996
maxpressure,657,23.436519513771838,194.8491568766619
maxpressure,658,25.26522682852403,197.83791848124076
maxpressure,659,24.605207006169113,197.89198793226987
maxpressure,660,22.79272553187766,198.37512722344684
maxpressure,661,24.105780353897913,197.90289652825746
maxpressure,662,22.18833480138195,198.57943871775447
maxpressure,663,22.970654577505737,200.38393955764457
maxpressure,664,21.913007329072865,199.87085294116423
maxpressure,665,23.43003748722272,199.28360256467175
maxpressure,666,19.987902735131264,201.10728762916213
maxpressure,667,22.59397931349898,201.37736083505902
maxpressure,668,22.207558638459087,199.8182480555741
maxpressure,669,19.96591618514663,202.7110918638025
maxpressure,670,23.03771451070922,202.15406182469576
maxpressure,671,22.20633465413445,200.67129384181897
maxpressure,672,21.192358716697893,205.47345340659365
maxpressure,673,23.80240889377562,205.4855889625853
maxpressure,674,23.638123874937765,204.4018364207349
maxpressure,675,19.64094831215042,204.8600002811667
maxpressure,676,21.945438653670323,206.00242724971426
maxpressure,677,21.453513746789355,208.02505055938008
maxpressure,678,24.15797365440215,207.45577845874038
maxpressure,679,20.601797795421177,205.66416891898427
maxpressure,680,19.407766708976,205.71915465141925
maxpressure,681,22.48086369039972,208.43916236889842
maxpressure,682,21.753803112632248,206.78017329391693
maxpressure,683,21.012297662615293,211.01255239576258
maxpressure,684,21.968435307727493,209.53597387702047
maxpressure,685,22.570288473150914,209.11860108645297
maxpressure,686,21.033650024030365,212.862372287776
maxpressure,687,24.267619027171328,208.17344744449997
maxpressure,688,22.967628029721393,209.36491553042976
maxpressure,689,24.067010781524846,208.33308653705856
maxpressure,690,20.692031621457375,210.04409330888066
maxpressure,691,20.14506743413256,210.75735959481767
maxpressure,692,22.366766101815543,214.42070242713757
maxpressure,693,22.8145699475305,214.39153453030585
maxpressure,694,23.21357295935068,215.93306873263597
maxpressure,695,23.05490700936367,215.05751642242598
maxpressure,696,23.431885255842154,215.34356007135847
maxpressure,697,21.050560706977627,216.94332771152045
maxpressure,698,19.29179857725432,215.7433354775091
maxpressure,699,20.728799074487224,219.01187996556934
maxpressure,700,23.751956924736714,218.19895443114584
maxpressure,701,22.647513348042974,219.0609836454016
maxpressure,702,18.959544612988974,218.8465079114043
maxpressure,703,22.776530563988935,218.89758292172465
maxpressure,704,23.425581195925016,218.13797980461734
maxpressure,705,21.879441310358285,218.5332600636412
maxpressure,706,22.224177241526345,219.7482870871516
maxpressure,707,22.46987537952939,217.96942412884158
maxpressure,708,22.993664880456993,218.96753630200263
maxpressure,709,23.439976427024355,221.13469201766765
maxpressure,710,24.356480575609247,223.42561932683884
maxpressure,711,22.989849508527318,220.99235774643918
maxpressure,712,24.473378951450137,225.91634453042758
maxpressure,713,23.264073470838344,223.50822014492974
maxpressure,714,23.107271482891818,224.95347159343507
maxpressure,715,21.567912507922816,225.33926876764542
maxpressure,716,22.144301115530585,225.58136682935162
maxpressure,717,22.532639280362833,227.62602749661923
maxpressure,718,24.07319769813985,226.22396528290238
maxpressure,719,23.80084800011794,227.48355006188737
maxpressure,720,20.534931604088218,227.23778432246618
maxpressure,721,23.212508921408766,227.46296797197445
maxpressure,722,23.47799515821494,230.2146033810516
maxpressure,723,24.093163059380068,230.51980700821863
maxpressure,724,25.52335857961484,227.86539265956688
maxpressure,725,19.423972438427526,230.78134053049936
maxpressure,726,21.615898150098378,230.48586310352914
maxpressure,727,20.768033671802424,230.9221798941078
maxpressure,728,22.701209547950246,231.5891330798382
maxpressure,729,23.626621558688047,233.29189247128178
maxpressure,730,25.311832608011898,233.88157569167927
maxpressure,731,21.451066321082802,236.14926711971498
maxpressure,732,27.13094112377622,235.73861208721624
maxpressure,733,22.83627283656743,235.79016339398393
maxpressure,734,24.32082001290258,236.17812050798028
maxpressure,735,23.480235962902235,234.48033871021374
maxpressure,736,25.86979853682562,237.32835663521047
maxpressure,737,22.317641336914342,238.027478153509
maxpressure,738,19.9221659617882,239.46809858292102
maxpressure,739,26.236411203675818,237.91134924385997
maxpressure,740,26.349957451872974,242.0801209677419
maxpressure,741,24.10438745337913,238.30232714642375
maxpressure,742,23.37961889811531,240.95965743595374
maxpressure,743,25.003443916222974,240.5776888765256
maxpressure,744,21.893693230621142,241.08748820211835
maxpressure,745,22.870148985242068,239.74347008961107
maxpressure,746,24.26718231381758,243.16097913447865
maxpressure,747,25.703061111824596,242.69320706220375
maxpressure,748,22.698645381398343,241.73904014757662
maxpressure,749,24.53637184957214,245.22948562960892
maxpressure,750,26.0547178123065,243.87988230136895
maxpressure,751,23.264013593504494,242.7624177484061
maxpressure,752,25.18968585105394,246.0498543653442
maxpressure,753,27.197162721668157,245.54008780814564
maxpressure,754,23.6833954028716,246.56633242288922
maxpressure,755,26.408392052831132,249.30044836244997
maxpressure,756,24.371704347301744,249.91738048017353
maxpressure,757,24.806327470251055,249.03293784829825
maxpressure,758,27.05889257126672,251.6094488257627
maxpressure,759,25.694246937174537,249.2512985331203
maxpressure,760,23.113606567127942,253.616347728028
maxpressure,761,22.78784193303108,251.41181208230086
maxpressure,762,24.218198742506676,253.32655307583482
maxpressure,763,24.275319174090136,253.0198428702082
maxpressure,764,26.13071486192698,254.11498803634217
maxpressure,765,26.360451577926554,253.79029537217096
maxpressure,766,24.721288753446316,253.96105404904
maxpressure,767,27.500420659865597,252.5549104763872
maxpressure,768,24.451606321438646,252.9027129749353
maxpressure,769,24.505825034841624,254.3172344712877
maxpressure,770,27.189077458586656,257.17309241033854
maxpressure,771,25.04012090479747,257.0373634653648
maxpressure,772,27.723231594978863,256.9837553961403
maxpressure,773,28.435814680540734,258.2608998909272
maxpressure,774,27.71356933046344,259.5071864297244
maxpressure,775,27.722654724712292,259.7862562442365
maxpressure,776,27.683404809265788,260.4591611289973
maxpressure,777,28.849949959367148,258.2609770480573
maxpressure,778,28.11680079433942,261.6027346212569
maxpressure,779,24.817566099755553,260.81438438389114
maxpressure,780,24.487083048960724,261.68556493799275
maxpressure,781,26.003977001114414,264.5920573492212
maxpressure,782,26.43977937841463,263.97079569428394
maxpressure,783,29.357144023892797,264.2215151175913
maxpressure,784,25.695958208981864,263.6781532284327
maxpressure,785,25.71044427478554,263.39723379669977
maxpressure,786,25.914608924900644,265.18548336185313
maxpressure,787,28.055002938911745,264.9566133514439
maxpressure,788,28.407320504261662,268.31145552619984
maxpressure,789,27.73700227334518,269.74014247921593
maxpressure,790,26.881556383684813,267.1575985896832
maxpressure,791,29.079652238131686,267.9001814353799
maxpressure,792,29.476013137791742,267.78864963429436
maxpressure,793,25.446101913562707,273.4522003344944
maxpressure,794,28.164331699222853,272.0533139961731
maxpressure,795,26.37776050800179,270.7043885755601
maxpressure,796,29.15566751903992,270.57499391552665
maxpressure,797,26.401630968539244,270.9200941513183
maxpressure,798,26.008889866420965,273.4390069600158
maxpressure,799,26.538122141160173,270.92794301910624
maxpressure,800,27.69033190914166,272.1190411007231
maxpressure,801,26.58967791144546,273.1495773147491
maxpressure,802,30.67919937228354,273.6157264335013
maxpressure,803,29.526398871706416,274.3515336106953
maxpressure,804,28.05502562735538,271.7115057386229
maxpressure,805,28.647622554296944,277.5109357648618
maxpressure,806,28.552253430766545,277.5237818306605
maxpressure,807,27.491651438812816,277.5953317225428
maxpressure,808,29.420357891288013,276.33429324745236
maxpressure,809,29.374653218901326,276.8089956199775
maxpressure,810,24.71020787337703,277.1950566216521
maxpressure,811,29.19090540033524,277.73259772627813
maxpressure,812,27.475966283459247,277.52205272545393
maxpressure,813,28.825278890098303,280.6711698859331
maxpressure,814,26.164088544311532,278.83815936865494
maxpressure,815,29.18750291474373,280.21835860455275
maxpressure,816,27.623022758740692,280.6794730891423
maxpressure,817,26.95428742545087,279.09717924138556
maxpressure,818,25.678641149944077,282.91992234035865
maxpressure,819,29.544955017561076,286.0982537810408
maxpressure,820,27.37774336257882,284.75340325419836
maxpressure,821,25.550878897220308,281.9191002729138
maxpressure,822,29.69195215594023,285.0388236291206
maxpressure,823,26.955366778023254,284.06019349930875
maxpressure,824,27.64615091332412,286.5650632342651
maxpressure,825,28.137880536483372,284.6637649457351
maxpressure,826,26.977695163437417,286.2824559855679
maxpressure,827,27.280872554980604,287.49253017248753
maxpressure,828,27.076494730365592,287.3254505231703
maxpressure,829,27.207739295378524,286.86508385305495
maxpressure,830,28.288898462036684,286.11754101297737
maxpressure,831,28.957148720661593,288.9442673614003
maxpressure,832,28.652232052349934,289.77399444714223
maxpressure,833,26.851791920058613,287.90028697942034
maxpressure,834,27.968926397455572,291.2267892419145
maxpressure,835,28.797507459435238,289.7628000620384
maxpressure,836,27.586699416681473,290.37429166948124
maxpressure,837,28.25182513491037,290.4844819009818
maxpressure,838,26.88402658232576,291.6583273640618
maxpressure,839,28.73536477138928,292.9144320865994
maxpressure,840,27.083385414874417,293.3780173575354
maxpressure,841,29.974576462915504,289.315296429471
maxpressure,842,27.749938795636186,293.31694899349424
maxpressure,843,27.266155394212642,295.01467806717557
maxpressure,844,29.161344726324593,293.334523995741
maxpressure,845,27.392789502360813,293.2669439336981
maxpressure,846,25.433145618313425,294.95125062409363
maxpressure,847,25.99247991181006,295.9390581114656
maxpressure,848,29.084513458562945,296.27222208201886
maxpressure,849,28.02682676692314,297.39764113483193
maxpressure,850,26.910158715693854,301.7959366617823
maxpressure,851,26.390159315607963,298.4801170422261
maxpressure,852,27.99789354916244,296.5669582395307
maxpressure,853,26.227720374471836,298.1469713312195
maxpressure,854,29.0291607157551,299.28489532322135
maxpressure,855,27.944639963681304,297.6971724211879
maxpressure,856,26.40520472570915,298.2615600475894
maxpressure,857,28.609919890408737,296.49232319810125
maxpressure,858,24.830510669015787,299.1525678204157
maxpressure,859,24.385953897048115,299.7981135993793
maxpressure,860,25.318816997463923,300.9543976748749
maxpressure,861,28.306550825325914,302.49978139738556
maxpressure,862,24.50708349989167,304.602877250835
maxpressure,863,27.702878208012816,304.84724656513686
maxpressure,864,27.04050463221797,301.4145998186176
maxpressure,865,25.82579124340759,304.70857337956045
maxpressure,866,28.080218105802594,302.7734104836103
maxpressure,867,25.562624657041916,304.45098583759807
maxpressure,868,24.859257760625674,305.73662767904636
maxpressure,869,23.88764098008263,304.2497471527761
maxpressure,870,24.493675792936166,304.5924472919112
maxpressure,871,29.770924032420773,305.8776219578907
maxpressure,872,27.10376501262216,305.9377691781184
maxpressure,873,22.69885549371037,303.8986492661319
maxpressure,874,25.890386095906862,305.3304459417668
maxpressure,875,26.668065830042664,309.0834097755979
maxpressure,876,25.387093807593985,307.2452153002066
maxpressure,877,26.24516080545633,311.6170733586203
maxpressure,878,26.781869332369578,305.1433118809591
maxpressure,879,26.42305108261418,308.13678449383514
maxpressure,880,24.81209296435177,308.7054854348439
maxpressure,881,23.965295775752427,310.0195303645503
maxpressure,882,24.66524074636945,311.4218186767307
maxpressure,883,25.325848049606293,314.28794844383555
maxpressure,884,23.731202144376674,310.9009526949029
maxpressure,885,24.870182879773587,313.8577175221354
maxpressure,886,24.247306498729884,312.6460162903563
maxpressure,887,23.373817899025713,311.23867005616825
maxpressure,888,26.24896839208657,312.67785388349523
maxpressure,889,24.00783609909276,315.7061515915999
maxpressure,890,22.621179148547153,316.88882800057263
maxpressure,891,24.113824502937224,314.1499476268037
maxpressure,892,23.128572001130532,316.9352854735897
maxpressure,893,24.221094199526743,314.0287472054317
maxpressure,894,23.180951813336353,316.5022899396005
maxpressure,895,24.362400780868438,317.19419039172294
maxpressure,896,23.86206265942498,317.6688971529738
maxpressure,897,23.085287088706075,315.484905247787
maxpressure,898,23.904123810576806,316.27909573534157
maxpressure,899,22.777543192010953,318.1245363682484
maxpressure,900,22.438739153573994,316.5593603524658
maxpressure,901,22.79927497995386,317.8279750016432
maxpressure,902,23.043472924980705,319.49124311488447
maxpressure,903,24.709540130582297,321.48483793910066
maxpressure,904,25.4074200665099,322.01403718869506
maxpressure,905,24.946110800094065,320.37007529578875
maxpressure,906,22.62596061774725,320.97708516240743
maxpressure,907,22.086155500248744,319.59153798821876
maxpressure,908,22.09336567780012,321.2198520742369
maxpressure,909,25.36433713886984,324.7285718543537
maxpressure,910,24.381023486557208,322.3068986136281
maxpressure,911,23.546815304469245,321.02730924755576
maxpressure,912,21.06200801874964,324.3351289742344
maxpressure,913,20.446215393059926,324.0577671060815
maxpressure,914,23.653030503687425,325.5512982747459
maxpressure,915,23.263504396430477,326.27968631679704
maxpressure,916,23.02425479145971,326.39104949286923
maxpressure,917,22.09127009178933,325.69509062188195
maxpressure,918,23.863575456170246,325.3381426576327
maxpressure,919,22.29411945039587,327.1787122919429
maxpressure,920,22.83415263083516,328.9322292292181
maxpressure,921,24.814220569663075,327.5902864213372
maxpressure,922,21.148004945611792,327.2295847899467
maxpressure,923,20.204625702433972,330.5859163876945
maxpressure,924,20.518272498176813,329.19075709247636
maxpressure,925,24.884572339064803,330.44465526159036
maxpressure,926,22.502770686867084,331.01872639239605
maxpressure,927,22.122035305621544,332.58236071168704
maxpressure,928,21.125951455851137,331.23893878648005
maxpressure,929,24.39100829793615,331.5886252362715
maxpressure,930,22.50250753568351,334.1518021313864
maxpressure,931,21.31169212825557,334.4850918825407
maxpressure,932,20.87396456870409,336.15340195528677
maxpressure,933,22.57925334081688,333.51510655109723
maxpressure,934,22.462581214988976,331.8408787836916
maxpressure,935,19.820470584730696,335.54552999140003
maxpressure,936,20.8516465828521,330.79335649451525
maxpressure,937,22.659636088627433,337.41214601346053
maxpressure,938,24.57093154628152,338.5922937995401
maxpressure,939,23.08295043404841,335.5284047696855
maxpressure,940,23.098414781177958,335.9180564131512
maxpressure,941,22.69470471870331,339.15733173993704
maxpressure,942,22.428979691163132,336.0041170120916
maxpressure,943,21.568521801461504,338.3231644497451
maxpressure,944,23.07793035703551,340.7838607988904
maxpressure,945,20.315387396828374,338.57678693597353
maxpressure,946,22.844551923424543,339.900523881999
maxpressure,947,21.698893289381104,339.5237029614653
maxpressure,948,21.723799285031586,339.68788267762704
maxpressure,949,23.21250034144491,343.419997615778
maxpressure,950,25.112114561072477,341.80901525738716
maxpressure,951,20.392183426027913,343.6313284101161
maxpressure,952,20.947247727184717,342.1115604175506
maxpressure,953,20.477100987046047,344.83983928703526
maxpressure,954,22.954307063049537,342.07402211439205
maxpressure,955,21.013692749607618,344.1573950512177
maxpressure,956,24.1651402422439,348.5063612062951
maxpressure,957,22.866075831891564,344.8312958686313
maxpressure,958,25.429861511660953,346.6187365597548
maxpressure,959,19.904357260709016,348.33183659113587
maxpressure,960,23.997060788639224,347.48459760896435
maxpressure,961,22.08824197312458,347.8034449240411
maxpressure,962,22.475960694726986,347.2875302362207
maxpressure,963,22.55868250087621,348.3312550140308
maxpressure,964,21.43322005523302,347.81509037993135
maxpressure,965,24.413586814482596,349.56598866572045
maxpressure,966,22.711170181870898,349.90721761347373
maxpressure,967,21.206563351292093,351.48939797456217
maxpressure,968,23.929838224109968,349.68385622362797
maxpressure,969,23.31925527173069,353.2127472085798
maxpressure,970,22.821338886472432,353.2939146469214
maxpressure,971,21.13452519439422,354.67727591994776
maxpressure,972,22.897112596784854,355.38999391932254
maxpressure,973,20.4507765622786,354.59278524032726
maxpressure,974,22.27738026826526,354.412691091902
maxpressure,975,23.331812193515916,355.8950124057414
maxpressure,976,23.059030774059543,355.4581313956337
maxpressure,977,23.76194361555569,355.13613131882084
maxpressure,978,23.75165132222422,357.99028048732714
maxpressure,979,26.181799927850925,357.74680902749634
maxpressure,980,25.713287458054364,359.859084487747
maxpressure,981,23.348801386210873,358.0694121266403
maxpressure,982,26.410108770719464,359.40385838520945
maxpressure,983,23.124308346249045,361.9010248735196
maxpressure,984,22.591126038913085,361.0881320350633
maxpressure,985,23.953795753729267,363.4585671139695
maxpressure,986,23.184575934034058,360.4861567182765
maxpressure,987,23.956445586831258,361.80164303352547
maxpressure,988,24.1072584694102,362.701826756989
maxpressure,989,24.423448020694966,360.7320189535381
maxpressure,990,24.29561093196001,363.9206113023744
maxpressure,991,24.55109208732634,362.2188104035743
maxpressure,992,25.88203371040995,363.4739517079805
maxpressure,993,24.974075457499765,367.33648342982326
maxpressure,994,23.681864265821858,368.1353040140821
maxpressure,995,24.167296647675872,367.7376496727218
maxpressure,996,23.58325339698593,369.1742945803139
maxpressure,997,25.910445143952554,366.85847479554076
maxpressure,998,21.334068059577902,365.2843950333728
maxpressure,999,25.565518373927738,367.6618431871555
maxpressure,1000,25.598865969504867,366.74065782810925
maxpressure,1001,27.248714929682304,370.28946014960496
maxpressure,1002,23.47475333075968,372.58139646658356
maxpressure,1003,26.13879139113146,371.3975091777661
maxpressure,1004,25.120169198752283,372.6329055486693
maxpressure,1005,26.919823835777617,374.34810681436716
maxpressure,1006,27.02611301341972,375.55847151319654
maxpressure,1007,25.893676408099232,371.3512625161413
maxpressure,1008,25.358715301714504,373.0900108952757
maxpressure,1009,25.025866558403983,375.4332879629499
maxpressure,1010,24.5594785510463,375.8590687978399
maxpressure,1011,28.579105785712795,373.01255755535317
maxpressure,1012,25.254142631996054,375.71947310640235
maxpressure,1013,25.12153691349538,375.3152254775409
maxpressure,1014,23.203882699639315,376.4515227664589
maxpressure,1015,24.624501956126743,379.2067880290938
maxpressure,1016,26.084916514134957,379.1992489856776
maxpressure,1017,26.78839779472265,377.16193753799297
maxpressure,1018,29.76778423036965,379.18271251936477
maxpressure,1019,26.045175236722812,379.1417846780268
maxpressure,1020,27.406099189830165,381.38577083803835
maxpressure,1021,24.953965271015246,381.88774559355426
maxpressure,1022,26.329682081553763,382.44969026181457
maxpressure,1023,25.49401129630024,384.80368094650896
maxpressure,1024,27.78477094431684,382.59299988297926
maxpressure,1025,26.270833753966482,384.579796412738
maxpressure,1026,24.298468136877872,384.4288928932442
maxpressure,1027,25.001062034782606,384.7733924964266
maxpressure,1028,27.752872077305593,387.81183233488025
maxpressure,1029,24.582134740336805,386.76733781937133
maxpressure,1030,27.895548429390026,385.84541728847853
maxpressure,1031,27.947356281460344,385.4419734404317
maxpressure,1032,28.258785628362105,390.3422822984514
maxpressure,1033,24.570792850067,388.45628065656405
maxpressure,1034,26.83410062872221,393.2981927844615
maxpressure,1035,27.11123952994441,393.3088609699178
maxpressure,1036,26.028884109742602,389.1371820014258
maxpressure,1037,26.150015675170824,390.9817526714455
maxpressure,1038,28.598045936228992,389.3416119523673
maxpressure,1039,27.477198817313422,392.7629875582741
maxpressure,1040,26.900621496369286,392.00184524192133
maxpressure,1041,25.22500239084039,393.7606334922484
maxpressure,1042,27.519778662133515,392.70068787395553
maxpressure,1043,25.934618173745474,394.8387018132409
maxpressure,1044,24.679482633129478,396.2962666801526
maxpressure,1045,30.147993355123692,393.4959948309957
maxpressure,1046,27.80809394116578,395.0133901307007
maxpressure,1047,27.250268426517234,394.1683215736881
maxpressure,1048,30.498259470897978,397.5571662323731
maxpressure,1049,29.153142055808114,397.792673820228
maxpressure,1050,28.968933790658387,399.5247400185027
maxpressure,1051,29.626188218778594,396.52829678615336
maxpressure,1052,29.274567155202902,399.78954898368033
maxpressure,1053,29.04696949304563,399.4039960125769
maxpressure,1054,29.630994561330247,398.79331915971363
maxpressure,1055,27.4261555939124,401.13567351750027
maxpressure,1056,27.14034378222778,403.25968044031396
maxpressure,1057,26.18479296527101,401.53780616698543
maxpressure,1058,27.51546309726173,398.9902214905928
maxpressure,1059,27.50201983317141,404.35115471721605
maxpressure,1060,25.36703062435167,404.60971766133434
maxpressure,1061,30.189905358099768,403.2410593630878
maxpressure,1062,27.772742718828184,405.80530299081045
maxpressure,1063,26.81343058606172,401.8340774381859
maxpressure,1064,28.124483610284653,404.4332226118339
maxpressure,1065,29.531284950888093,406.19928797369465
maxpressure,1066,28.864636032041822,407.59794991201295
maxpressure,1067,28.024524122799004,406.9430694453242
maxpressure,1068,28.40036146624199,405.48938766430973
maxpressure,1069,26.63262973271162,407.7425807241525
maxpressure,1070,27.800528982481406,407.2213167226147
maxpressure,1071,27.35039428991492,408.07702972074975
maxpressure,1072,28.406354107545752,408.4070730744759
maxpressure,1073,27.701634061083144,409.7207103535812
maxpressure,1074,27.119832967766186,408.66228003726167
maxpressure,1075,27.579242064021397,408.01173226458576
maxpressure,1076,28.533187725019754,410.735001777472
maxpressure,1077,25.165947797333033,412.75432642791816
maxpressure,1078,27.037470849359675,412.15685184962234
maxpressure,1079,27.30975770381659,412.7354221017255
maxpressure,1080,26.749665832427105,413.64258289239785
maxpressure,1081,28.09645024650522,413.74602678494256
maxpressure,1082,27.857976284435313,413.62259396205974
maxpressure,1083,26.117833794523705,414.34031069363357
maxpressure,1084,29.262178692749018,412.0667697401785
maxpressure,1085,28.629948775156375,414.6201247679105
maxpressure,1086,26.11469609400375,417.306928782542
maxpressure,1087,28.663784641595733,416.59444323721993
maxpressure,1088,27.091696139636532,419.6408681807491
maxpressure,1089,27.591299013606815,416.01477630365144
maxpressure,1090,27.519809659548393,419.43962457155743
maxpressure,1091,27.61410208281865,415.65164938381764
maxpressure,1092,24.67838760186499,419.3427707119167
maxpressure,1093,25.657933576702796,416.9420431558112
maxpressure,1094,26.90384345350375,418.55431449546427
maxpressure,1095,26.76424590660825,421.55651162529887
maxpressure,1096,22.254993584906547,420.1827440580022
maxpressure,1097,25.063582615449814,418.94871560548586
maxpressure,1098,28.449405102720977,416.0873058992843
maxpressure,1099,27.774983499602097,423.72550537315016
maxpressure,1100,29.209314412818024,424.5463353636608
maxpressure,1101,25.56077543636224,421.986656699567
maxpressure,1102,30.908626423639095,422.6098898722565
maxpressure,1103,26.588132850783254,423.2536346148355
maxpressure,1104,25.34336658459943,425.7194925490709
maxpressure,1105,22.626358101054645,423.56809560951245
maxpressure,1106,27.335677121064737,426.3584132153617
maxpressure,1107,26.04566565122389,425.7931589198789
maxpressure,1108,24.312941350877598,426.43450598779776
maxpressure,1109,24.428453667720113,426.3577277252626
maxpressure,1110,24.679801401898505,422.25107322114366
maxpressure,1111,28.174939507706938,428.530498345233
maxpressure,1112,29.054679029116805,428.55418400812437
maxpressure,1113,25.265052872058078,427.6517007835895
maxpressure,1114,25.691879677444074,426.5583335084124
maxpressure,1115,24.666522275017282,430.518902472207
maxpressure,1116,27.141568052446885,428.1531684054751
maxpressure,1117,27.10125968276489,429.2374932399635
maxpressure,1118,27.084507583258446,428.8814963849132
maxpressure,1119,25.607187593145877,430.6166835595627
maxpressure,1120,26.528188638774786,430.20185017569116
maxpressure,1121,23.289966036655194,433.6790151534204
maxpressure,1122,26.19729420868263,430.13249283219454
maxpressure,1123,25.510859647528598,430.33509871120077
maxpressure,1124,25.88251054289019,434.94104850776733
maxpressure,1125,28.666355351975298,431.6862244491565
maxpressure,1126,23.649886143046498,435.42774913565466
maxpressure,1127,23.35294596357116,432.7777625091101
maxpressure,1128,26.543573883775093,435.9527372253487
maxpressure,1129,25.927925626949925,435.087042712661
maxpressure,1130,23.28192950192946,434.1217381509923
maxpressure,1131,23.268198462194448,435.4439405198901
maxpressure,1132,26.60243332198177,436.80483893484893
maxpressure,1133,25.810165442362372,434.5753134653368
maxpressure,1134,25.593698121115818,436.03674637706445
maxpressure,1135,25.63139673589994,437.91507658970943
maxpressure,1136,25.74400128441293,438.309921022902
maxpressure,1137,26.324081881872022,437.6906089360059
maxpressure,1138,22.155086478460888,439.82368552952096
maxpressure,1139,22.731807472060044,439.81644902018905
maxpressure,1140,25.486846497298203,439.77230069704956
maxpressure,1141,27.077525994283317,441.3535222942972
maxpressure,1142,25.04982743267661,441.2563870801882
maxpressure,1143,26.030311680644566,440.5545544399039
maxpressure,1144,26.29019803164099,440.70957016039006
maxpressure,1145,26.09047667039519,439.0736230495285
maxpressure,1146,23.91341464216569,441.20092773927024
maxpressure,1147,25.801796474368157,440.11637761748676
maxpressure,1148,23.660196303497614,441.613224064051
maxpressure,1149,23.62232025941601,443.58747824144143
maxpressure,1150,26.496355228157796,444.59029095019974
maxpressure,1151,21.103244650306973,441.70379240789913
maxpressure,1152,23.909382292992614,445.9781677319275
maxpressure,1153,25.31414411865764,443.9216791725778
maxpressure,1154,24.407382532299934,445.48475060080773
maxpressure,1155,20.338821190201656,448.59037857753526
maxpressure,1156,21.12399004090551,447.12167282302903
maxpressure,1157,22.480743681758547,446.50895041043685
maxpressure,1158,25.23671834025651,449.1770361314134
maxpressure,1159,21.974843663561625,449.2565830732379
maxpressure,1160,24.066369584948,447.36088719709767
maxpressure,1161,21.68892995733758,447.8016148052862
maxpressure,1162,24.690303051574865,448.1744374618782
maxpressure,1163,22.221195530853254,450.4255235545643
maxpressure,1164,23.673319329254735,449.73184821689176
maxpressure,1165,22.929213986709218,449.4584005339972
maxpressure,1166,23.328238431890213,449.32115272300774
maxpressure,1167,23.14572733280544,451.0577203926189
maxpressure,1168,23.007669273136077,452.40235892963443
maxpressure,1169,22.283142893820294,450.6114179144592
maxpressure,1170,22.54614402964946,452.83095205794086
maxpressure,1171,21.68123694150559,450.34601635703257
maxpressure,1172,22.813243384519314,455.0814650969451
maxpressure,1173,23.324914548894174,452.47245318869557
maxpressure,1174,24.58696719995274,454.57597247082975
maxpressure,1175,21.66684736013999,454.5195233872542
maxpressure,1176,20.06680793982833,455.46921437856594
maxpressure,1177,23.60841448310821,455.49197506202063
maxpressure,1178,20.886531592844257,455.2728854360365
maxpressure,1179,20.897410042866106,456.4589744790034
maxpressure,1180,24.13132063092206,456.824624903031
maxpressure,1181,21.983952455939338,458.0541385352455
maxpressure,1182,23.142262148709037,458.4184480113256
maxpressure,1183,23.042022505528816,460.13538868254545
maxpressure,1184,23.477460682116067,458.43930539568305
maxpressure,1185,21.511028829209955,458.71617296520645
maxpressure,1186,21.701979425949318,461.11295484688503
maxpressure,1187,21.628412226798613,457.364301724005
maxpressure,1188,20.781381281665308,461.0296870116427
maxpressure,1189,22.86794149532097,461.9670801564831
maxpressure,1190,24.643479079493197,461.6393991275485
maxpressure,1191,25.104245724298885,461.4835774418726
maxpressure,1192,22.329182827630387,463.2617775642538
maxpressure,1193,20.20287125855438,463.9685178874716
maxpressure,1194,21.493579785570986,466.8104737663187
maxpressure,1195,23.01355834225096,464.1433763028935
maxpressure,1196,19.464935637173813,463.99060163408757
maxpressure,1197,21.968843500611964,468.7387964386194
maxpressure,1198,23.187162722327457,465.94476225555456
maxpressure,1199,21.113041057974904,467.65218216740175
mplight,0,26.126947610702096,23.881851608413303
mplight,1,24.81568623479035,26.45654955704801
mplight,2,27.445378870299184,23.859391932869926
mplight,3,23.275565006190032,25.357536511400017
mplight,4,24.196694368150016,24.42208087349018
mplight,5,22.46825344412996,26.703320602837792
mplight,6,22.508391533577818,24.967441229197327
mplight,7,24.131538913748713,25.116216754419096
mplight,8,24.863124929492855,25.475405870167428
mplight,9,24.627120825999185,25.457022797663587
mplight,10,26.901406442865202,25.85876534416692
mplight,11,25.862273578269555,27.32371037250659
mplight,12,27.350177356398316,27.466041045092812
mplight,13,29.632349240285304,27.881426685135356
mplight,14,26.940164980997718,24.543614743247687
mplight,15,26.832380576073422,26.110939050416732
mplight,16,24.883619591517363,25.78178637942088
mplight,17,27.8157448768035,24.719071029683917
mplight,18,24.507326901327485,24.794904485790152
mplight,19,26.847281199629272,25.70944902563029
mplight,20,25.505191845200905,27.821045576581945
mplight,21,25.685250061306444,30.043073089516604
mplight,22,27.15104113931561,27.106077377532817
mplight,23,25.155252744180753,23.8930380737199
mplight,24,26.635080698243677,27.24447456335142
mplight,25,24.947605277338454,25.928679736417564
mplight,26,25.875326037173537,26.336660073037034
mplight,27,28.514707654115423,26.570634622012502
mplight,28,26.058937458899106,26.784407390439636
mplight,29,27.42038158830618,25.75549624929985
mplight,30,27.552743344694257,26.723372473967718
mplight,31,26.459591659842395,25.060494748925713
mplight,32,26.015765887925664,26.207395223781813
mplight,33,28.186962794908283,29.442343747041363
mplight,34,26.873300042952415,26.451415875667813
mplight,35,27.069690680314434,26.92437404122646
mplight,36,29.102800096669288,27.318001780873427
mplight,37,26.979374138131632,27.635095253102207
mplight,38,27.701690159002347,30.282941355707862
mplight,39,28.90829446710238,27.811628304007886
mplight,40,25.582058521460084,27.112329773670744
mplight,41,26.422930448020825,27.406722498801095
mplight,42,25.41737597789117,27.797484645469417
mplight,43,26.697727288077385,28.805989052690297
mplight,44,27.808420723685252,29.0077067463527
mplight,45,27.63253288577627,28.474107663770624
mplight,46,28.50160659702851,30.29842510914967
mplight,47,28.166385930891565,30.136603416366214
mplight,48,27.31490016884376,27.96621724115381
mplight,49,25.56040003907286,27.561683725000876
mplight,50,30.13475349817822,25.032665351347628
mplight,51,29.804011362967053,29.19592603251425
mplight,52,27.87838197811516,30.098323258130904
mplight,53,29.41942002322987,29.600767413964824
mplight,54,26.41979372335596,24.82928972064831
mplight,55,27.599207147394136,28.84695432659913
mplight,56,28.931036640359984,27.324614227242062
mplight,57,30.536688104940893,29.48791719509716
mplight,58,28.168452410894538,28.900104675241288
mplight,59,28.888389617336937,27.812141274219247
mplight,60,28.588946314357933,27.368062734275306
mplight,61,27.716173965059227,25.552291096601966
mplight,62,27.828522140778247,27.35270269039584
mplight,63,25.377210594449295,27.138807517420563
mplight,64,30.585347598877405,30.258737125733802
mplight,65,27.64462073166212,28.668260118178676
mplight,66,28.78029337446913,27.27133675040434
mplight,67,27.8992667677624,28.290337351642517
mplight,68,28.762607817851197,25.28511648196706
mplight,69,26.564702408955505,28.51669954698067
mplight,70,23.707215953769694,26.92747978514499
mplight,71,29.41465095783956,28.401759565219873
mplight,72,28.553965464242896,26.77037587603936
mplight,73,28.836382561967994,27.567730238668155
mplight,74,28.34486158974805,31.112100033923507
mplight,75,30.05736786940646,25.437667608165132
mplight,76,27.19596506322334,24.68130611097274
mplight,77,29.170520647803944,24.38213529187362
mplight,78,28.63344610032649,27.70440390618597
mplight,79,27.590721069572297,29.296012359560397
mplight,80,28.39028812340485,28.279579937497818
mplight,81,28.4449510066347,29.951839803281914
mplight,82,30.9563259133882,28.10450702758611
mplight,83,30.393344046032524,27.51458750820197
mplight,84,27.192507571260542,25.876501993574298
mplight,85,24.675240080980156,25.04303068398031
mplight,86,26.335514031209303,28.14075529581909
mplight,87,27.901076240887043,26.33457267033557
mplight,88,27.746263620675503,28.727027097013337
mplight,89,28.274176839996827,28.228369145275888
mplight,90,26.14508280761361,26.45100615971565
mplight,91,27.511132057638854,27.791599683398474
mplight,92,26.91304625074697,25.658170654623763
mplight,93,25.24735771019207,29.803331319155163
mplight,94,25.48983462061412,27.850422387219407
mplight,95,26.635203228243363,27.542686785606474
mplight,96,28.399713261576178,27.504671025703693
mplight,97,28.34570707575706,29.168513269512182
mplight,98,25.887494915586153,27.99472085882779
mplight,99,26.79317516055915,28.452995990908633
mplight,100,28.106550172956894,25.315108822532803
mplight,101,25.987859832099183,27.13983936096272
mplight,102,24.748839438591116,29.48028378665019
mplight,103,23.583603133502397,27.169612456318077
mplight,104,28.14005694664751,27.479518839696368
mplight,105,27.146605679837155,28.591569373278368
mplight,106,27.10594586460042,25.87436800734787
mplight,107,22.825764050412538,27.39963172007592
mplight,108,25.66870282088764,21.577889594446315
mplight,109,26.59270720307184,25.894528257802136
mplight,110,26.217168110351874,27.280063213895776
mplight,111,24.862520948622848,29.37166111974845
mplight,112,26.382662952666987,25.47825522322809
mplight,113,26.623630570368505,24.11823626407173
mplight,114,24.706798774182623,26.12929001311905
mplight,115,26.51251662782126,26.465073859351687
mplight,116,25.665659702709423,24.070830571050426
mplight,117,24.514740589875114,27.22274873268488
mplight,118,24.983410827056815,23.551275455942665
mplight,119,24.079823202858055,24.06631824036957
mplight,120,24.149151251123556,27.40794114100732
mplight,121,23.572121334990744,24.432397987154435
mplight,122,27.762124487292095,26.523134891609327
mplight,123,25.370589842998605,23.564597439625153
mplight,124,25.884915069263652,24.942263746456806
mplight,125,23.926811966773293,24.063348799496865
mplight,126,25.816500557825325,22.4406166734233
mplight,127,27.381905672704168,25.333612120701815
mplight,128,25.76547248365288,23.46041092600713
mplight,129,28.105180737882353,24.626428461050377
mplight,130,26.503742430140793,23.699935822742315
mplight,131,22.159740251653353,24.328706811876096
mplight,132,27.108556807970512,27.11430846214279
mplight,133,23.41250847015365,25.641537577982128
mplight,134,25.351993310207003,27.03549459116172
mplight,135,28.938284765077427,25.187848294216476
mplight,136,23.310552916788463,25.939420490332264
mplight,137,21.487799781125126,23.10530050203098
mplight,138,24.945523065075086,22.936909168522558
mplight,139,23.288743355278644,24.990389899524736
mplight,140,22.076731931143925,24.486189941988634
mplight,141,24.709376852322603,23.336598512853573
mplight,142,22.9874185238809,23.264307831493728
mplight,143,25.90341626693409,24.248265744540383
mplight,144,21.00846998895312,23.823506568322003
mplight,145,24.066064389588057,22.37670688486234
mplight,146,23.91698072545866,23.73229309864043
mplight,147,21.974866209855882,21.84705198858843
mplight,148,23.162460517418424,20.388341305067513
mplight,149,21.49680643038271,24.11856844974155
mplight,150,21.610315500246102,24.03901025849366
mplight,151,21.308563554290135,24.41989692096256
mplight,152,23.46345712886179,26.433478747622203
mplight,153,24.871480881591363,22.29390373396174
mplight,154,23.89058071098646,20.69572310948281
mplight,155,22.95215556959935,23.712055817096967
mplight,156,24.602006928864142,22.311531921203013
mplight,157,24.91585368640205,25.793559215645914
mplight,158,21.05276536643274,22.821434048902503
mplight,159,24.893903358502826,25.19209190593481
mplight,160,22.076649680882326,22.148076272954953
mplight,161,21.758811753686114,22.635860510711755
mplight,162,23.37877094553753,22.92553634970492
mplight,163,23.537133552894673,21.491278989016276
mplight,164,20.024178137555836,21.6615174142117
mplight,165,21.2181509578694,21.78201214604158
mplight,166,20.86578407372459,22.954870194658774
mplight,167,25.435533579100003,20.99072804949313
mplight,168,23.450793107977717,20.062427260597314
mplight,169,20.851431022392205,22.15171528941004
mplight,170,22.049893600915734,21.454401670020438
mplight,171,23.231160319965877,22.956529636433917
mplight,172,23.31848228847622,21.614952621834476
mplight,173,23.33929878045725,24.792236631742615
mplight,174,21.74516330884944,21.497480151356847
mplight,175,25.05626833357932,19.298257457150083
mplight,176,21.89230620773967,22.193336929920136
mplight,177,21.470524655406756,19.726865903928758
mplight,178,24.85353156611265,24.07818660789563
mplight,179,20.722311995240904,22.57414925127008
mplight,180,22.968243747916933,21.797153576689347
mplight,181,23.167106720523186,20.595649992232037
mplight,182,20.520068377467766,20.986893222852522
mplight,183,18.563193032304113,21.186923683659973
mplight,184,22.370602508640932,21.662490652621464
mplight,185,21.974423313128767,21.911932689608303
mplight,186,20.443350427289538,24.413493729045964
mplight,187,23.017344617216157,22.712406412707164
mplight,188,20.35929034530402,22.346322233914144
mplight,189,20.5767280780539,22.136810137738376
mplight,190,20.964272715661057,22.507528490789444
mplight,191,19.286774164364132,21.64499180769079
mplight,192,22.11194542765397,21.046452357599872
mplight,193,21.381275712168968,21.15453110155831
mplight,194,22.71633551390892,23.31752692714831
mplight,195,24.888997603823203,23.66214934220773
mplight,196,21.199748771991477,21.58906780653181
mplight,197,21.996491547926286,21.765802457805794
mplight,198,21.59067476595527,25.21864853412657
mplight,199,20.171972730462254,23.798156991949323
mplight,200,22.6417493161293,21.882285427523463
mplight,201,22.009629558306404,21.597871913743123
mplight,202,23.767375702166053,21.748875589692062
mplight,203,20.65494948598614,23.47427581402884
mplight,204,21.84395774938813,25.295719467365558
mplight,205,24.907902055649497,24.27749744049234
mplight,206,21.791615469868923,25.101363505075145
mplight,207,20.895900405008923,22.537004411539503
mplight,208,22.17372784176998,22.48348345726029
mplight,209,21.78508738135324,23.914394408456925
mplight,210,21.656689691668813,20.351338793509477
mplight,211,24.292242265122844,24.140032927010722
mplight,212,20.268041957962634,19.864714735414044
mplight,213,22.784775669872243,19.56379519475164
mplight,214,21.894730373997554,20.988058953523375
mplight,215,21.124082759657536,23.271330479968668
mplight,216,20.919413782685613,22.73182322955286
mplight,217,22.331080730839993,22.87898076022654
mplight,218,21.331904701033636,24.694532352976683
mplight,219,23.498789602345358,20.428565940376345
mplight,220,22.80420154157701,22.95665015282143
mplight,221,21.061600888216056,22.0921067772677
mplight,222,23.31841273276781,27.793530527134468
mplight,223,22.496343981646934,24.440404944078303
mplight,224,23.604822210390534,21.80765241118885
mplight,225,22.971597392665657,21.900143187282218
mplight,226,23.90831563154521,22.48446477844994
mplight,227,24.920281805240826,24.850877894401382
mplight,228,21.220661175202284,24.65433272918748
mplight,229,20.903105118778434,22.220341820396914
mplight,230,22.20827513909515,24.364688335802146
mplight,231,24.96782943623777,21.63981623996078
mplight,232,23.708525769838193,24.511819955625956
mplight,233,24.707923082231513,23.5928957812865
mplight,234,24.117276994124563,23.44508963866791
mplight,235,24.13926014314901,23.407523232436937
mplight,236,24.184390044226184,24.100210339150742
mplight,237,25.59550960856134,21.56756446606659
mplight,238,22.74084896548564,22.259047258267824
mplight,239,24.587756390622964,24.31847213803374
mplight,240,27.19070144502154,24.871497023350088
mplight,241,24.332178619087085,23.014772261162747
mplight,242,22.893936168423153,23.364371367620976
mplight,243,26.192252020692624,25.800242136876538
mplight,244,23.832506251774348,23.845723809904626
mplight,245,26.502507151606707,23.795024762895036
mplight,246,23.24690188264655,24.016230900476497
mplight,247,26.34814496362374,23.896576955771714
mplight,248,26.559660812125433,26.873771138243473
mplight,249,23.865032313141874,23.609415273177873
mplight,250,25.66462445883422,22.56663295408288
mplight,251,23.140168198768965,25.860913205107394
mplight,252,22.548425636349066,24.699652637176662
mplight,253,26.420563995925136,26.039165878925647
mplight,254,24.932321980013544,25.610828569209104
mplight,255,22.674559533235826,27.747438082095144
mplight,256,23.841822429042715,25.338199915121972
mplight,257,24.080135779866758,26.248726748604586
mplight,258,24.79977218594351,23.623141734332982
mplight,259,24.387930494914006,25.578296342010898
mplight,260,25.148715473137347,27.169742500831926
mplight,261,25.678122665420616,24.6767777634091
mplight,262,23.453816295450835,27.060642787212164
mplight,263,25.331538610741365,27.7217368674077
mplight,264,26.601200736635562,25.874610067290533
mplight,265,26.95017452909245,25.829245318266224
mplight,266,26.432945315667336,27.23173647537815
mplight,267,25.060213350256973,23.26761524744594
mplight,268,26.758061546578105,23.453576886663107
mplight,269,24.88991846390351,29.249278684793666
mplight,270,26.85012295348856,27.77126895327583
mplight,271,25.202080389822274,23.524182617465243
mplight,272,26.297435195683683,27.300348872890538
mplight,273,26.823207105140266,25.54978487118108
mplight,274,27.123725755635306,24.576311655639262
mplight,275,26.99020051450523,27.426669521881237
mplight,276,25.03597962950096,29.096410040285814
mplight,277,28.628022890510955,25.498298947434524
mplight,278,28.300919092913812,25.86895643500981
mplight,279,25.353625491227305,26.115870681164044
mplight,280,24.99092805935273,26.795907294410803
mplight,281,28.05763961071812,27.305748352934
mplight,282,25.360146777732997,27.08182474137436
mplight,283,30.505617102138487,26.448944369172118
mplight,284,26.219783845586946,26.96189465165774
mplight,285,28.65885547838729,26.670317274843633
mplight,286,28.18106871137256,29.577213524308227
mplight,287,27.493356280067893,25.53438115085498
mplight,288,27.764480031520062,26.446828753011275
mplight,289,27.880287348352816,25.771536667999957
mplight,290,29.5847852258951,27.46283604083997
mplight,291,31.878047494556313,26.987125640268353
mplight,292,28.649665371214688,29.713921194749183
mplight,293,28.450306011623116,26.593406475605352
mplight,294,26.19272109319833,26.77172082249801
mplight,295,28.778028759818774,27.78811779434732
mplight,296,24.98856115096837,27.74988595835271
mplight,297,27.42154463166453,29.155358885786352
mplight,298,25.25505712211617,25.779548607078855
mplight,299,28.458128452036725,26.77611886737774
mplight,300,28.50256725472639,28.182772510228528
mplight,301,28.088462011419917,27.79163496301691
mplight,302,26.49159935095952,26.391187078683057
mplight,303,27.79451846170532,28.89845620107991
mplight,304,25.570482087307223,28.402375951929077
mplight,305,25.946586822987644,28.40691714351527
mplight,306,30.389514649071792,26.299312300576815
mplight,307,25.741026693433128,27.422368274802736
mplight,308,25.4951795937817,26.46259068077484
mplight,309,27.222047731707264,29.83711512855556
mplight,310,29.052306666963656,26.891997670257894
mplight,311,26.02808606935709,28.633497857893435
mplight,312,29.603325722916335,24.889108852382012
mplight,313,25.72136231534135,29.77279754694142
mplight,314,28.905759304941185,28.759755749839815
mplight,315,27.55965837305889,28.16131719243661
mplight,316,27.73124947858717,27.627916381668843
mplight,317,26.59333608588122,29.02447125764135
mplight,318,28.170915152819305,27.485291493903603
mplight,319,28.322335615307367,29.363311937573876
mplight,320,31.0550757944034,28.328070870909546
mplight,321,30.485753720319043,30.14611133246191
mplight,322,29.064685210958586,28.424172319494346
mplight,323,28.412745584469075,26.971137820193647
mplight,324,29.304893635772398,29.021582194409618
mplight,325,27.472245804687105,26.90806593359423
mplight,326,27.468876331264838,28.032317754427297
mplight,327,27.6106994803753,24.40735212914862
mplight,328,28.476995361348393,24.741050864577016
mplight,329,27.789715377153364,26.59995245027383
mplight,330,28.330239894843537,26.89313803037473
mplight,331,28.07053168999417,27.5116687594827
mplight,332,28.702930459449465,29.412109815692506
mplight,333,28.250309249259743,24.599393811508182
mplight,334,29.022696419582378,27.167163814566077
mplight,335,28.26606657628816,29.28514826240588
mplight,336,24.780769909786756,28.48694231104331
mplight,337,26.611831206127814,29.38798147548261
mplight,338,29.534262777329616,27.147344460088437
mplight,339,29.642459754078445,26.146540466590665
mplight,340,27.813387193081994,27.131337849532464
mplight,341,27.150697353099446,25.828966141943614
mplight,342,25.09658405587433,27.901290890740032
mplight,343,27.148994097753253,26.625804088027767
mplight,344,24.423951642903422,28.193719342432722
mplight,345,24.872962044695235,27.6493534835948
mplight,346,24.689936400249515,25.51695910251803
mplight,347,25.173618828087626,26.110293148788596
mplight,348,26.042911378559083,25.38078490471584
mplight,349,27.586123790294216,26.39338423281329
mplight,350,25.044926849885375,27.772110779216423
mplight,351,29.481444730513214,24.334005053289356
mplight,352,26.2640042965452,24.27186249020306
mplight,353,24.80524907817132,25.101892052414193
mplight,354,26.747822997344855,27.573163032824795
mplight,355,25.88564153083629,26.928357128619155
mplight,356,26.553459226134294,25.404674296833015
mplight,357,26.103957190884618,25.874687439887076
mplight,358,29.37053666050773,26.259238850375304
mplight,359,27.723753924307836,23.01068093574271
mplight,360,24.20628289706909,24.1969077357841
mplight,361,25.322820247715796,27.04374874550053
mplight,362,26.269203762937785,26.276590896362528
mplight,363,24.498305391322564,26.05555348301113
mplight,364,26.907662539443617,26.624637296533745
mplight,365,27.72954047648617,28.743732619157196
mplight,366,25.416895122907043,28.713148318335133
mplight,367,22.53701054606426,27.285589662414047
mplight,368,25.84164247235049,25.996476829173282
mplight,369,26.27962165468533,27.091355335424566
mplight,370,27.370730997679722,28.191692302800845
mplight,371,24.67587186626798,27.634697768629355
mplight,372,27.6768909186289,27.494363234136625
mplight,373,22.470305109317493,26.733078164313547
mplight,374,25.11922345324983,28.34842822902663
mplight,375,21.471098906053673,27.169026198028305
mplight,376,24.1055135257144,28.036350041315426
mplight,377,24.092050184367732,26.09884132669785
mplight,378,23.728646854338574,28.993363951882035
mplight,379,24.175624137633704,26.61593251658888
mplight,380,24.37683102702547,27.87000386933341
mplight,381,22.80893048469729,28.00060687315521
mplight,382,22.395260417669085,26.903953339583868
mplight,383,24.00909858350444,27.353944171797878
mplight,384,25.393022439627146,26.052071696008426
mplight,385,23.236433684533026,28.568809572788926
mplight,386,23.82491622386527,29.18451700994806
mplight,387,22.487195638369357,28.082368941400215
mplight,388,26.922608360689182,28.24621889770026
mplight,389,26.572899372108935,27.84832877779668
mplight,390,22.519040677580637,28.373893400970037
mplight,391,26.669988523595176,27.50391728176462
mplight,392,23.505272034250872,29.399425144483534
mplight,393,22.070428314366342,30.74408836919334
mplight,394,26.63119456048006,29.700442076206038
mplight,395,23.4486208004609,29.12360199174992
mplight,396,25.802198415432773,29.986866434569368
mplight,397,23.9379087968054,29.31682856879849
mplight,398,23.88557629220735,29.882023143229702
mplight,399,23.780640580100766,27.918669910941574
mplight,400,24.38693075218557,29.96266250501337
mplight,401,21.368211982989763,27.725460074120143
mplight,402,25.360952075902073,28.65565970480314
mplight,403,25.293719002164718,28.286104417614894
mplight,404,22.60299208069545,28.635914046296264
mplight,405,24.15468607052609,28.997445779295088
mplight,406,22.098788548445924,31.01116497844149
mplight,407,21.228926731377914,30.226456912109303
mplight,408,22.287030015769883,30.615638059721757
mplight,409,22.886001385082054,29.269301363158696
mplight,410,21.928974595520025,30.184524363331764
mplight,411,23.025573365542765,30.932331277401794
mplight,412,20.847329063013806,31.97361346631341
mplight,413,24.919433717219587,30.098579126630224
mplight,414,23.61189139666604,32.54784056036762
mplight,415,20.082022165860288,34.63866623603988
mplight,416,22.257926161572232,30.590511021329732
mplight,417,23.325039215336083,32.55567536019548
mplight,418,22.337319920461965,29.317456198032684
mplight,419,22.73814979942055,31.150991559695804
mplight,420,23.402862134045023,33.64191506671432
mplight,421,21.88666951606861,31.571190608412962
mplight,422,23.352714676069642,29.69242644817333
mplight,423,22.8875039003228,32.48365097855026
mplight,424,21.993473348159792,30.860091830219247
mplight,425,23.327728603268557,30.369145125580836
mplight,426,21.213564608902864,33.14446703319883
mplight,427,23.63754055243119,31.313008607582674
mplight,428,20.95287447550436,30.431316773067778
mplight,429,22.354269144946933,30.93476364294365
mplight,430,21.747536257974396,34.18620456008095
mplight,431,23.31867090694034,32.636408928571015
mplight,432,22.43324893591214,32.58343386838952
mplight,433,17.13040330668436,33.02125535118061
mplight,434,20.84483243804208,32.52090784847034
mplight,435,19.974442683510937,34.469248922563395
mplight,436,23.600215920194465,32.331085043965935
mplight,437,23.03664419914578,33.3074431869193
mplight,438,20.089999066615178,33.343967984597924
mplight,439,22.313365389620095,33.426943870004315
mplight,440,22.391527388680537,34.734615129832434
mplight,441,20.45289910369165,35.31392989387054
mplight,442,20.044204238291123,34.94948636698446
mplight,443,21.824560643620597,32.79184337428359
mplight,444,22.947927846016913,33.40367766037143
mplight,445,20.053027176352074,33.384040501304845
mplight,446,20.13398481422432,36.42617107834768
mplight,447,22.11126220634865,35.281758494406205
mplight,448,23.715329777974183,35.467580890022646
mplight,449,23.221677825038718,32.36014177631982
mplight,450,20.978960335524285,35.10433274421759
mplight,451,23.20129325794536,34.897365743128724
mplight,452,20.841021493967034,36.98068969904232
mplight,453,22.478343427872282,37.10767931627784
mplight,454,23.775968772955853,33.03466104130332
mplight,455,21.12512178087745,35.20538854759908
mplight,456,19.497470995696993,38.20673290595586
mplight,457,22.46823227694566,35.08495079199477
mplight,458,22.986465615529134,36.817605195953966
mplight,459,24.490965485655348,40.05321825498487
mplight,460,23.060450066945965,37.89711120532414
mplight,461,23.076110102495253,37.94066556265199
mplight,462,20.268888802900733,36.39942282578752
mplight,463,22.841640411883812,39.36625538732242
mplight,464,22.46172423829771,39.838914829185846
mplight,465,22.824466030935806,41.37016449218244
mplight,466,22.973269956019163,41.15775669763241
mplight,467,22.093802367241377,38.30726593732382
mplight,468,22.33541890227617,39.19111410407267
mplight,469,23.164584170164417,38.75453208563627
mplight,470,20.731965917604867,39.94249017017102
mplight,471,23.52998575773388,38.35654977820484
mplight,472,25.298903570840004,40.38955568662193
mplight,473,23.07897089832367,40.5592290028213
mplight,474,23.8973884746345,38.850081061207604
mplight,475,25.55829500630886,40.004833461289635
mplight,476,22.053760713801992,36.541902820949275
mplight,477,22.647016142078684,39.68777813675982
mplight,478,24.63506990353046,40.38954588704746
mplight,479,26.17198545430372,42.407545913776914
mplight,480,20.802472963768757,42.88293851050312
mplight,481,23.95410532228829,41.379932484771096
mplight,482,24.714258138768592,40.69495849663726
mplight,483,23.883786197055365,41.88775914160793
mplight,484,24.80204918088472,42.18528115201005
mplight,485,25.06556394302067,42.279253282663646
mplight,486,24.890640704023784,43.831793591836814
mplight,487,23.294762624836913,44.14450023191182
mplight,488,24.56860540934301,43.0303497317802
mplight,489,21.922235616889964,47.82485577262793
mplight,490,23.20286398938066,43.51638504274425
mplight,491,24.971446418924383,45.80331581373033
mplight,492,25.3489153647748,41.95932177163779
mplight,493,25.300058623439,41.27354103169431
mplight,494,25.879774021470713,44.87675707830982
mplight,495,26.823908150098422,44.9683281526154
mplight,496,25.9112964025544,45.3195838609658
mplight,497,23.828470273057384,43.96924328666833
mplight,498,23.35486529539537,46.38273892624579
mplight,499,25.017972727510053,45.61326425668098
mplight,500,22.151502035363904,49.07908299088907
mplight,501,22.85492031638398,46.484958117172425
mplight,502,27.2026315865942,45.329724433543134
mplight,503,24.70869141698875,47.714463253097584
mplight,504,25.99361243940018,45.031265834469366
mplight,505,25.730669745594536,46.7343681130262
mplight,506,23.70109771319479,49.53036501827481
mplight,507,26.354057104254746,45.81243568175929
mplight,508,27.38149339601757,46.05546019792638
mplight,509,24.936070496234734,47.81690187873261
mplight,510,26.909868383797033,48.593244548963376
mplight,511,24.29923154873902,46.29835005010698
mplight,512,23.805938356993277,48.42318749116278
mplight,513,26.187674303163924,51.42089625887668
mplight,514,25.88797327307835,50.26517620865035
mplight,515,26.22341777003075,49.61137483614978
mplight,516,25.866361156957858,45.69885299397049
mplight,517,26.281119245757235,46.84323779151978
mplight,518,27.783817399416083,50.7032683479432
mplight,519,27.01517294802231,49.59578898890081
mplight,520,29.56635990527767,52.0011349338417
mplight,521,26.68993796926818,52.295986530950685
mplight,522,25.201992277907898,49.01853118546649
mplight,523,25.732787886270355,50.06055146853686
mplight,524,25.62596754272354,51.547673075882905
mplight,525,26.13883285646448,51.86724470948113
mplight,526,27.950842503767948,52.25927680086577
mplight,527,24.579074563530448,50.732980781369115
mplight,528,24.034936757527625,48.01131696318198
mplight,529,25.179734088527685,50.314145656612496
mplight,530,29.644705171613296,52.41142767986882
mplight,531,26.261015270518755,51.91671379603057
mplight,532,24.782994497384117,51.86753284930218
mplight,533,24.88444755490539,51.84339666108575
mplight,534,26.918687325702066,54.14118802840728
mplight,535,27.500153391581286,55.1055243758116
mplight,536,30.223339612968495,52.65024052981258
mplight,537,27.696864920710308,53.26105033989259
mplight,538,26.751489424293,54.31360627589318
mplight,539,27.521535382551118,52.27276699380361
mplight,540,27.731830129434723,52.49079530724197
mplight,541,28.86162168738086,53.064520090794616
mplight,542,27.640281257641178,56.22229057725832
mplight,543,27.174827597844377,55.434796511209825
mplight,544,28.701066577017336,52.94139451507828
mplight,545,26.820352232642808,56.10582796501065
mplight,546,27.49868492020678,55.9954818379632
mplight,547,28.616767689999648,54.840864814299856
mplight,548,28.042261214277055,58.98357062419026
mplight,549,27.56149279370948,54.53751635607189
mplight,550,24.280673275863272,54.88434807048128
mplight,551,27.972305168134184,54.17826607506243
mplight,552,25.590015299597763,56.34450511333407
mplight,553,27.465086555528597,54.50030361462902
mplight,554,28.20134146558819,57.57171605160872
mplight,555,27.855516299543112,56.545023967698015
mplight,556,27.41319607859733,55.32017935927968
mplight,557,28.407103464862878,56.84667031367684
mplight,558,29.64167677014841,59.40494254502143
mplight,559,26.399434471064943,59.002260337231085
mplight,560,28.461512803484677,58.59727972650295
mplight,561,28.733823833063028,58.66576031323737
mplight,562,29.44036770031382,59.556527271088875
mplight,563,25.979419853200042,55.70833452677243
mplight,564,27.486762703701608,56.0205646296896
mplight,565,27.25698666922435,59.53929268676128
mplight,566,27.787090329702366,59.93337120277752
mplight,567,31.14823120410418,58.11284773027482
mplight,568,27.286977990106294,60.23220315680496
mplight,569,29.782021351905772,59.62467336806871
mplight,570,27.57335099702193,58.89459007331172
mplight,571,27.373892800594806,57.362481550582345
mplight,572,25.213918890869092,60.953460321003384
mplight,573,29.811955240156653,59.86440803241002
mplight,574,28.19021710687119,58.408552886761015
mplight,575,26.39290438298233,60.06378762435874
mplight,576,27.051664456992643,59.094734917229175
mplight,577,29.325969227129878,60.389530292497064
mplight,578,25.445681514605766,61.302063172314874
mplight,579,27.612811127336432,59.6713101205556
mplight,580,26.148056521740813,61.93558699058404
mplight,581,30.74469936136365,62.107295166287386
mplight,582,27.815191345236794,58.796080318827606
mplight,583,26.30672833012685,61.206613608300685
mplight,584,28.321887181046034,62.57188026587835
mplight,585,27.95658227792293,61.999523601928146
mplight,586,29.135255281840138,63.177672669577845
mplight,587,28.97918255981786,60.09753629202269
mplight,588,26.251353147736204,64.7110502784235
mplight,589,25.144277331613615,60.91505487540637
mplight,590,28.580516321485486,62.959505703984775
mplight,591,24.135555031199893,62.46076762144473
mplight,592,27.01683246783152,63.636126032119805
mplight,593,26.7233155191936,61.24525132358209
mplight,594,28.19110924461034,63.292337163676606
mplight,595,26.98519260179344,63.10129578051726
mplight,596,26.788276448502778,60.02327253764352
mplight,597,28.113638721072807,65.26627561950788
mplight,598,23.986622945939363,64.21662581890922
mplight,599,29.06840978436414,64.03861377822234
mplight,600,25.39599874739531,62.37230720019424
mplight,601,26.277639991368478,63.63799385056814
mplight,602,25.7925313902614,65.4588825022985
mplight,603,26.302987816477053,62.13968528329957
mplight,604,26.444146552191093,63.748569075950954
mplight,605,26.565657472564556,62.79218437127635
mplight,606,26.70666466864967,63.60141248974058
mplight,607,23.789508802322914,60.7855235700286
mplight,608,25.82090595772929,63.75478140943676
mplight,609,28.41255275004867,66.97803974362067
mplight,610,26.19022963078787,63.2731793381589
mplight,611,26.01451155031688,65.9505713183334
mplight,612,27.3067898491395,62.69603530013813
mplight,613,27.793275631696208,66.06918860603405
mplight,614,25.500356205209695,62.26454351076075
mplight,615,27.804700016164446,64.52764298335964
mplight,616,24.690603919348142,62.92451337731829
mplight,617,25.084191625758525,65.43321414735843
mplight,618,26.09945071128217,63.18380617073123
mplight,619,26.529467811954166,63.555647452223766
mplight,620,24.58743190297694,67.87882840188233
mplight,621,22.70442745506715,63.61571393451345
mplight,622,25.199645419450537,65.13074773554649
mplight,623,25.567786630255405,64.17156024129976
mplight,624,23.80309004678102,65.13195048173324
mplight,625,26.16511496233129,67.0726000938817
mplight,626,26.73529164225852,65.3480462394873
mplight,627,25.146124319302995,62.84855823495332
mplight,628,25.92122834086024,65.04607754353064
mplight,629,26.251251362822682,64.06591831212042
mplight,630,23.54096645403511,65.75238711827824
mplight,631,25.879432737205743,65.76905269958733
mplight,632,23.873085249328543,66.8153119613354
mplight,633,23.93161761723233,63.46594055495063
mplight,634,25.470617304114132,64.23710235394297
mplight,635,23.716382012056204,65.18392637962808
mplight,636,26.47938117215501,65.10530424043911
mplight,637,25.304562190111806,66.00464948171138
mplight,638,24.201188625053415,65.39337926571244
mplight,639,25.614397626187753,67.53391493526732
mplight,640,24.797784238537144,66.94358834980622
mplight,641,24.959700993291673,66.04087387541489
mplight,642,22.677883679842893,65.48816096147284
mplight,643,24.61909023832483,68.0891892027526
mplight,644,23.35138463780707,66.79359383007397
mplight,645,23.399674003400474,67.52765021189165
mplight,646,25.540114265654307,65.31101232259348
mplight,647,24.705254904874586,66.0784435470957
mplight,648,23.804821863400168,65.34381845634543
mplight,649,20.355035826681878,66.85522640815579
mplight,650,24.61845556510061,65.5799725252607
mplight,651,23.93925539471067,67.61878591418915
mplight,652,21.941167588028055,65.45760324849797
mplight,653,24.262182920762505,68.4633636453988
mplight,654,23.7260744296379,66.4646875879713
mplight,655,22.440367035789794,68.47448472885632
mplight,656,23.194028889180057,69.19811150361504
mplight,657,24.719877872226277,68.41401210011578
mplight,658,20.62272449828968,66.61926394521478
mplight,659,23.141232525138328,67.95310099932104
mplight,660,21.55105633134607,68.22980327989576
mplight,661,21.675902919598194,66.91233798353494
mplight,662,19.99058743482605,66.08494676647733
mplight,663,22.253985391813625,69.35134038232863
mplight,664,25.491535018667797,67.69967254290466
mplight,665,20.735787258181762,71.4280061876123
mplight,666,20.66013943536336,68.31281527356786
mplight,667,22.875068340240126,68.38429173236904
mplight,668,26.003035252476803,69.2174417520675
mplight,669,26.278881039035433,69.37145612917249
mplight,670,22.736492150572182,69.40987413774027
mplight,671,21.028058975159176,65.80400977009064
mplight,672,21.768211697100906,68.32590467900818
mplight,673,22.573783632325434,68.06712702565792
mplight,674,23.188600532580548,68.8840037636541
mplight,675,23.663878090262685,68.43182099350207
mplight,676,21.26103085836235,69.77504239647585
mplight,677,21.968688055282012,68.48829748951078
mplight,678,21.08824628146624,70.46431734344893
mplight,679,23.078698216606366,70.20147438358536
mplight,680,21.911024309707013,73.01099942896036
mplight,681,24.068071910242008,69.84124807233269
mplight,682,24.51534627603027,71.16047016222856
mplight,683,21.276876155499263,71.15739108769284
mplight,684,23.92538645295976,73.441234189639
mplight,685,20.20646565416542,69.8919477144338
mplight,686,24.78741005412586,70.54773289067143
mplight,687,19.9951897512461,71.59764984497643
mplight,688,21.399967054262177,70.35827590542576
mplight,689,20.42755486998868,73.35998781907412
mplight,690,22.32143534601188,73.18188908399036
mplight,691,22.734431663005275,67.59885842660096
mplight,692,23.494125903720086,68.69978365595814
mplight,693,20.112113757638806,72.6723543756747
mplight,694,19.32602259403217,74.1348781121563
mplight,695,22.924072056246494,74.68928020407407
mplight,696,19.067067807871116,72.12004161308282
mplight,697,22.883814718220027,70.57975030611397
mplight,698,23.591818725066386,70.13501190900739
mplight,699,22.95844272102657,73.08821872163716
mplight,700,24.1774150757026,72.1480243170632
mplight,701,20.816072868543408,75.06427844700623
mplight,702,20.979589905439962,73.93282383185179
mplight,703,21.965481437155614,74.0895379550208
mplight,704,21.594072175464273,73.84696407023038
mplight,705,25.35987710538221,74.57428809840586
mplight,706,20.589079168468817,76.24074919126704
mplight,707,23.273772059741507,75.24279085979867
mplight,708,23.715033566340452,73.29438648445668
mplight,709,23.032113485609642,73.13180181715795
mplight,710,23.094948528378556,72.57511055093143
mplight,711,23.21513187765813,78.26698327736888
mplight,712,22.52152068198764,71.11085521741268
mplight,713,22.727339422107985,77.80779748391117
mplight,714,22.392982853982552,75.68532009088327
mplight,715,22.246963522080193,77.35635222960848
mplight,716,19.205408501049135,76.32355249142698
mplight,717,21.80925955250153,76.3072204686897
mplight,718,21.738032427453653,73.90440041732788
mplight,719,26.07967975051566,75.60876423674215
mplight,720,24.175392938393898,76.03996735998282
mplight,721,23.025442883168182,77.52510217822072
mplight,722,22.234897417758773,76.51675997729552
mplight,723,24.606535977603862,77.58555614313916
mplight,724,22.87644515999814,75.9469122737207
mplight,725,22.827158661769175,78.54547724873996
mplight,726,23.08413554219598,78.52421340932148
mplight,727,21.47473375447956,76.63434986620408
mplight,728,21.186148899654828,77.58410542980121
mplight,729,24.8377556046039,77.15366949983633
mplight,730,23.69659258190632,79.36537522556135
mplight,731,24.386775994683692,80.77256181241732
mplight,732,25.41833836853569,78.73514091936924
mplight,733,24.532838832647904,81.09237930366483
mplight,734,25.61145562913103,82.71859361632828
mplight,735,24.462879969270375,79.63150359500365
mplight,736,21.85176942495133,80.91659091455548
mplight,737,22.06556655963243,79.59656573806637
mplight,738,23.667253251721256,83.1773313905585
mplight,739,21.76408264115877,77.38762761271315
mplight,740,23.051466053266104,80.52850693000565
mplight,741,21.671725814071415,80.78026783531426
mplight,742,25.21177210716755,79.90647395995333
mplight,743,23.31152329500831,80.0110076512977
mplight,744,23.072112369750148,83.63700312257907
mplight,745,24.51198205231682,81.42481726376485
mplight,746,25.183487079087413,81.5777803855587
mplight,747,25.61966553396796,83.08044339191301
mplight,748,23.841926061251332,82.90873854000995
mplight,749,21.677386470445917,85.2450194983754
mplight,750,24.206640883662715,83.84490744210657
mplight,751,24.798378347650594,83.24592725773522
mplight,752,24.962441978212507,83.52369146921025
mplight,753,26.63887302579334,85.48547648630306
mplight,754,22.465478991912235,83.14275191704101
mplight,755,23.684323014986756,85.59522937957814
mplight,756,25.895142384253212,85.34278847322577
mplight,757,25.067485920468307,86.08303034227139
mplight,758,26.099127243461908,86.57720695439852
mplight,759,23.43942535140195,85.08353390578289
mplight,760,23.099988947608978,87.11006104069871
mplight,761,25.183938418432813,86.93795768581677
mplight,762,27.080548820941335,85.31525125035903
mplight,763,26.41550702072626,86.86844140268184
mplight,764,25.79407287667093,86.75935414882824
mplight,765,23.331494550139784,87.76638407485413
mplight,766,25.650745966046774,86.42939889166918
mplight,767,24.309264329594875,87.20976861416591
mplight,768,25.763373765787076,89.6353729397415
mplight,769,29.24274660083314,87.6515448406125
mplight,770,29.712948739585144,86.91816575748119
mplight,771,28.171634443591465,88.9082653867043
mplight,772,27.42499766445652,87.85445379571104
mplight,773,28.652703456946846,86.56703606947451
mplight,774,29.012556917139243,85.88637227269285
mplight,775,28.66191807253414,90.17189798144179
mplight,776,25.525219369243324,88.82589969323205
mplight,777,26.310475563521173,88.52342779623652
mplight,778,25.086597579889048,88.54229328531447
mplight,779,26.63689098354409,88.16355221776838
mplight,780,27.274345429474664,88.56098534341639
mplight,781,27.163973423809505,91.99489691804077
mplight,782,27.112260931214106,90.0812725749312
mplight,783,29.20999487921521,92.72548085833046
mplight,784,27.21716094250205,90.71034131650623
mplight,785,26.023341832044213,90.10526749951076
mplight,786,29.609805149432802,90.87537471781917
mplight,787,25.86121644332971,89.3270803824226
mplight,788,26.39989133817861,92.6274376166879
mplight,789,28.59401311483579,92.2862089892327
mplight,790,27.566980360973606,90.18545894352474
mplight,791,26.935903697351282,92.16571090416296
mplight,792,27.631312352174564,92.43889758313146
mplight,793,30.450404412692116,96.60474518199958
mplight,794,27.93263999915493,92.47670206372078
mplight,795,26.906043340638842,90.8260915051863
mplight,796,27.708605558335567,92.61220706819014
mplight,797,27.505605247292813,90.20154216656098
mplight,798,26.972223890904612,93.26692852770441
mplight,799,26.007814763793043,93.6806115857473
mplight,800,27.794492932842072,93.50610069009718
mplight,801,25.47062434392789,94.09511956269681
mplight,802,28.334589764462546,93.83908395799017
mplight,803,26.717505470821383,93.64145747968917
mplight,804,28.80914102780068,93.30882483159779
mplight,805,26.316858312941683,95.72501815156285
mplight,806,28.648440416316376,94.10508733723458
mplight,807,27.26177546461592,95.83519047350995
mplight,808,25.424195424354235,96.98857519308294
mplight,809,27.86334944685806,96.05501090402237
mplight,810,28.249484750592895,97.0124444564129
mplight,811,29.143627686578945,96.29766862428997
mplight,812,29.736827893957212,95.65053898535795
mplight,813,27.461164333542,96.49471718678187
mplight,814,28.422360579449773,96.80365211002051
mplight,815,26.774797464576867,94.60439217330288
mplight,816,26.451418513349193,98.49842812355038
mplight,817,27.31842107786025,99.41025767022474
mplight,818,26.184319973884836,95.8300232232921
mplight,819,26.369350688758846,97.44649568248752
mplight,820,27.0968240002726,97.85558223579758
mplight,821,25.837740444347254,95.86317387632768
mplight,822,26.424398402244385,96.23133856638822
mplight,823,26.922916741437938,95.74650975566
mplight,824,29.16190684197713,97.17092182751384
mplight,825,31.414150045520685,96.52489733243247
mplight,826,27.913913329527983,97.21618281439362
mplight,827,28.161248231877156,98.71837878293113
mplight,828,28.562831007253116,98.4825992318717
mplight,829,28.490796127829203,96.99954840783843
mplight,830,27.942662295073664,95.18552748940081
mplight,831,31.35497857227136,98.7251303859728
mplight,832,27.560582090168808,98.03033177768918
mplight,833,29.466709726583787,97.51836935165636
mplight,834,29.770263095692293,98.9969789341571
mplight,835,28.198888484702618,99.25113303167305
mplight,836,26.785285339196392,100.84865200292535
mplight,837,28.050014302711126,98.23201937902697
mplight,838,28.639248662325254,98.45300260628525
mplight,839,27.15328243654884,99.23028186444537
mplight,840,27.205953534919157,100.7349453814378
mplight,841,28.895088114713477,99.91961533683141
mplight,842,26.406955011579175,99.06065136626049
mplight,843,29.760945435223213,97.47616939178712
mplight,844,25.923222228367592,98.54416818255581
mplight,845,27.147327146323967,99.62392194967089
mplight,846,29.06233304965427,100.03666720315266
mplight,847,25.603934143013742,99.57367344439338
mplight,848,29.514333624938715,99.95397900417183
mplight,849,26.627295143698266,100.31115390542199
mplight,850,26.374990963401412,100.18048582529617
mplight,851,27.186947106199586,103.02987766487323
mplight,852,24.483688397641153,100.51680809779491
mplight,853,26.866033895196136,98.79529732623848
mplight,854,28.179226939801378,97.89681027883329
mplight,855,28.74767310831452,99.89593566992448
mplight,856,26.94030212388787,101.00361855867634
mplight,857,26.42844959046907,102.57854209724402
mplight,858,24.56174767629201,101.42207935105395
mplight,859,27.92401081457332,101.78888737317611
mplight,860,27.0537839148106,99.2696687519906
mplight,861,26.287395434997947,100.53283335627468
mplight,862,25.82663655920579,98.47199461200277
mplight,863,27.816873778723625,99.4847385602969
mplight,864,26.80053733776194,101.39306944544728
mplight,865,27.78044369369445,100.3620996452372
mplight,866,25.885900886288304,103.08099903704012
mplight,867,24.961468999193425,100.99071412211411
mplight,868,23.700588987995474,99.97855190594726
mplight,869,26.15542328994692,101.88323148257226
mplight,870,24.974232343876594,101.69811626992467
mplight,871,26.457360657787525,100.99784116615704
mplight,872,24.79652060890086,100.91910539437758
mplight,873,24.284878856425873,103.86148957599303
mplight,874,26.44186664133869,103.74520158019745
mplight,875,26.502093649219137,103.25726706046444
mplight,876,23.83308399559064,101.9175799429151
mplight,877,23.9777933837574,102.45947642388161
mplight,878,25.31354571239693,103.78762216019308
mplight,879,25.835983296837753,104.14325978111862
mplight,880,25.047260024460577,101.12332800702261
mplight,881,27.20417797192239,104.03652680218367
mplight,882,24.43133209716834,101.4381397113838
mplight,883,24.534621922119506,106.26798931434502
mplight,884,25.366096727717792,104.53695294234346
mplight,885,23.25988845355559,105.09644029350564
mplight,886,25.83898662453295,105.09062503742854
mplight,887,22.896669389700225,102.4317029450308
mplight,888,21.750748162185538,103.23406260873475
mplight,889,24.794865681785282,101.54750787861852
mplight,890,22.06724162968759,102.68707198833093
mplight,891,25.89808798689862,101.65695088048243
mplight,892,23.978562316265116,105.92267170549621
mplight,893,24.84194535529144,105.37217094322457
mplight,894,24.34249054044105,104.00237597615353
mplight,895,25.260061083169482,102.13033549098657
mplight,896,23.86174780091541,107.06617057613336
mplight,897,22.009965258510203,103.21251504080436
mplight,898,24.54009858886308,102.78444225411654
mplight,899,22.114707335078137,103.41207941707111
mplight,900,23.748133190253686,105.78406876007651
mplight,901,22.335621938053116,105.10744972815515
mplight,902,23.601094676349472,104.68144346558762
mplight,903,22.15558259722191,106.00104737137464
mplight,904,25.220878660287163,105.75406955862007
mplight,905,22.755722009778538,102.0995626226102
mplight,906,21.948758804033847,103.96908155377848
mplight,907,23.860509373117086,105.31272370766914
mplight,908,22.09711320897017,105.58212591209794
mplight,909,25.786921291145596,107.50948326495697
mplight,910,20.144781214451122,105.40032515830138
mplight,911,22.79682475140804,107.81142524380002
mplight,912,24.935922759462365,106.03737751029496
mplight,913,22.584090767283264,104.35786929133612
mplight,914,21.318434945252854,105.62330145876177
mplight,915,21.87858545105839,106.4156321798753
mplight,916,22.899998027984825,105.33664810137081
mplight,917,22.25559426681515,106.88254926114155
mplight,918,22.773661399108953,105.78410682846206
mplight,919,21.726790625263845,107.24356622919362
mplight,920,21.91744026253538,105.9699290813637
mplight,921,20.943115283640196,104.97930553327657
mplight,922,23.417646962790318,104.40710060165766
mplight,923,22.878566175761563,107.39774776030349
mplight,924,22.306382125681083,108.13713058938217
mplight,925,24.803866606308844,105.55180846170674
mplight,926,21.116953784832546,106.89687211714218
mplight,927,23.493911250229672,108.55401381837555
mplight,928,22.2363297684842,108.77121279858646
mplight,929,21.234795527501227,106.17574916049384
mplight,930,25.28338310608353,108.31545690982993
mplight,931,22.993527047659356,106.74736113613399
mplight,932,21.37739480937445,103.65544419203917
mplight,933,21.43155394541564,110.84317903016657
mplight,934,22.822331223720028,105.11740895830975
mplight,935,23.71261370445191,108.3282210809109
mplight,936,21.711281746699772,106.05178939216499
mplight,937,20.520277533012646,107.53391614052008
mplight,938,23.492507632847914,109.71049730964907
mplight,939,24.088433073822383,107.38075091670852
mplight,940,22.907088106509903,109.14341176649938
mplight,941,22.474310427402724,109.66183604536587
mplight,942,21.482497413603866,110.33474016518943
mplight,943,20.652806470926986,108.11759770211962
mplight,944,20.788546633620445,109.09153525207414
mplight,945,24.071267514755803,108.97361433911561
mplight,946,22.3619435270278,110.46413215940652
mplight,947,23.357578565380006,107.77018669451775
mplight,948,21.949888737170564,108.30912575487216
mplight,949,23.67673001469788,109.71278889474976
mplight,950,24.50549569690067,109.96872304185558
mplight,951,23.847998063876823,109.30426830964146
mplight,952,19.699275929431508,112.1039308814173
mplight,953,21.298933341497236,111.94141125600794
mplight,954,21.420715631527145,110.20644574838248
mplight,955,20.380583198462144,110.60564162161833
mplight,956,20.331944696668366,111.60376928487338
mplight,957,21.589098649681485,109.74524638372856
mplight,958,22.557896866183505,111.18940965644774
mplight,959,21.624677755589644,110.88695718901468
mplight,960,22.005001024262743,110.46296979123215
mplight,961,19.879603501940164,111.63374694444266
mplight,962,21.243388866364512,112.97408299934618
mplight,963,21.9855356523317,111.58675182497578
mplight,964,20.97347517436394,112.0973655460935
mplight,965,23.179295581037675,114.34979032536552
mplight,966,18.06541968846294,113.22832266954069
mplight,967,21.96462263354043,111.83184043302202
mplight,968,22.370124010749677,113.87830033910622
mplight,969,21.591242810454375,113.13694958879826
mplight,970,23.660496736784275,115.20305658612425
mplight,971,24.450861036164845,113.1220187225505
mplight,972,21.05910794220761,112.74711524739165
mplight,973,22.453472029698403,114.40499087694344
mplight,974,21.73293867680165,114.10860107333383
mplight,975,23.32989320599026,115.84782068452645
mplight,976,22.534867435536714,118.29305407849799
mplight,977,20.82740810013952,116.90554687222644
mplight,978,22.567152453343205,115.21357786282229
mplight,979,23.305382339809327,117.30284369162479
mplight,980,23.421322567030735,116.60816512856714
mplight,981,21.342599323994587,114.94896196658077
mplight,982,23.582850464272177,117.17097732795929
mplight,983,22.514656221429252,116.68523704583512
mplight,984,24.5636698888511,116.40941456888474
mplight,985,22.940889722685885,115.89399382335668
mplight,986,23.070174277293894,117.69671388408116
mplight,987,25.387597196992882,118.34237775201935
mplight,988,21.541787716443327,116.65580642651793
mplight,989,24.207495047791223,118.38227851584364
mplight,990,23.804902914187046,115.82176506688576
mplight,991,23.27727743453572,118.07754281833309
mplight,992,23.106041406645154,119.74906843114749
mplight,993,24.38980944803422,117.86793521955425
mplight,994,23.68064585922603,120.470326222697
mplight,995,24.585443792584723,120.0605649439528
mplight,996,22.528111049524114,117.1952880976495
mplight,997,21.211598748042707,120.06413045232433
mplight,998,22.226471868957926,119.64400467876243
mplight,999,26.195601643655152,121.40926948502968
mplight,1000,23.716169177188753,121.45445147338805
mplight,1001,23.088149881586723,121.17350468968971
mplight,1002,22.83124230476032,118.7460503103472
mplight,1003,24.078199376437524,120.85216579997342
mplight,1004,25.718789555881234,123.11277683145471
mplight,1005,26.443653494279207,121.16598534906751
mplight,1006,27.460392669197415,124.32865220624231
mplight,1007,24.29114408332365,122.90674802763829
mplight,1008,26.457872145721378,123.49270097325079
mplight,1009,28.488379543847923,120.72430136239441
mplight,1010,23.699312783904105,122.22016057730201
mplight,1011,24.60624817198279,123.48762628889969
mplight,1012,24.71902412168481,122.25290504695326
mplight,1013,24.349041067396442,122.50977071445625
mplight,1014,24.94565344860479,123.99335794072456
mplight,1015,25.71126825754011,123.94393648066495
mplight,1016,26.87057325105791,125.74018462773222
mplight,1017,27.92291989880836,124.05121464926955
mplight,1018,23.16679476698338,124.47816213890735
mplight,1019,24.648476418809306,122.11843828889185
mplight,1020,27.85266755632945,126.27887334388426
mplight,1021,24.358313032962045,128.04242199750664
mplight,1022,26.146177114348443,127.8309970986569
mplight,1023,24.999874593964574,125.08390793814633
mplight,1024,28.41961618709321,123.45218472794687
mplight,1025,26.57099984152968,125.96245201708456
mplight,1026,26.764023020522487,128.51572371389378
mplight,1027,28.821456958778825,126.97425559830377
mplight,1028,24.882509149071236,125.89904548393794
mplight,1029,25.530519717875105,129.2142594564116
mplight,1030,27.45173906275278,126.31290982442034
mplight,1031,28.243847503835326,126.45905168193174
mplight,1032,29.03920644649964,128.80257367872323
mplight,1033,28.331524193236312,127.23290541208665
mplight,1034,26.466431370365836,130.20549520948722
mplight,1035,24.405525389387318,128.86695251772417
mplight,1036,27.884237581519788,130.0805066598297
mplight,1037,27.551302514241282,128.69543736704378
mplight,1038,25.592234996968728,130.48298528594046
mplight,1039,24.034758957138294,129.21650804970167
mplight,1040,23.727909333589153,125.61320490607142
mplight,1041,27.447007522085684,128.39754608193715
mplight,1042,27.368588985585223,131.27552585462826
mplight,1043,26.448596582918963,129.35126703622234
mplight,1044,27.68699105563959,128.97778032548405
mplight,1045,27.165487718604286,129.6844854851193
mplight,1046,27.89008886432692,129.5402020682004
mplight,1047,31.251689564423785,133.3131025101109
mplight,1048,29.214757902166014,127.91811059517433
mplight,1049,27.117325762223267,131.74620821951328
mplight,1050,27.584339710131964,130.91728319749936
mplight,1051,25.62918913807634,132.90003821283972
mplight,1052,26.2865225657214,131.50950123617093
mplight,1053,29.67052900823259,131.65622085241029
mplight,1054,28.25116894800005,131.28314119938426
mplight,1055,28.20792036770518,131.1598557273
mplight,1056,26.033436112319677,129.98176556553
mplight,1057,27.810234575455578,129.25181937952954
mplight,1058,26.55497685613864,130.26226213099545
mplight,1059,28.49797909058694,131.65927921234376
mplight,1060,27.412637463498,130.30023804732664
mplight,1061,27.58508660948754,133.94763203674225
mplight,1062,28.972250422260363,133.1922567562948
mplight,1063,25.864171855487754,135.40698545075938
mplight,1064,29.313004036359235,133.4057076192072
mplight,1065,26.890118975768814,136.1651134689323
mplight,1066,28.52436837829951,133.51872531819438
mplight,1067,28.833945662528333,135.4547269451782
mplight,1068,29.761543279856,133.04746311702027
mplight,1069,26.976437091216408,134.18495013079743
mplight,1070,27.09232667789841,135.56793523525576
mplight,1071,29.063559069534048,134.30139259261225
mplight,1072,27.206855429342333,134.8190637006418
mplight,1073,29.85961001486347,134.65071704039144
mplight,1074,25.46879159162806,134.01510809832743
mplight,1075,30.81657583489421,136.46417175675546
mplight,1076,26.27814800060132,136.02275781904535
mplight,1077,26.79101720373135,136.48647979973012
mplight,1078,26.48542429724034,134.76146543796386
mplight,1079,27.478046407967867,136.33009234837883
mplight,1080,26.311712311685994,134.99035740975873
mplight,1081,27.384107306115656,134.81863844011403
mplight,1082,27.51000452779032,135.58689615208536
mplight,1083,29.233004297875866,136.42435385980187
mplight,1084,24.98822999620068,137.45224424790973
mplight,1085,28.117754846483436,136.5441567885702
mplight,1086,29.738380465055343,134.42062446588238
mplight,1087,28.752244554894443,137.5121213702665
mplight,1088,25.55480085461556,136.35889853123086
mplight,1089,26.824307742392342,136.67001860205494
mplight,1090,28.696690033029537,134.7979713066149
mplight,1091,27.862718810472437,137.46303116501426
mplight,1092,26.103963793801856,139.60654995131404
mplight,1093,28.72281626165982,137.81052574489433
mplight,1094,28.80262096070937,141.18225089396958
mplight,1095,26.29547617840445,139.21138359101377
mplight,1096,26.49671448076604,138.37959849566462
mplight,1097,27.76807190364516,137.73223297417357
mplight,1098,27.367189043297437,137.25297446944595
mplight,1099,25.471608181287657,138.42507203183652
mplight,1100,26.55366912390221,137.8112348968528
mplight,1101,25.700912279391442,137.02526137050307
mplight,1102,26.926550146901974,137.62919064231625
mplight,1103,25.038215744252636,137.79152599333173
mplight,1104,28.054252212324908,136.32092646135243
mplight,1105,27.34833496612949,137.0181729170282
mplight,1106,27.156164859037407,138.4612017109067
mplight,1107,26.390959664771255,138.5176005229676
mplight,1108,24.624057571997348,139.69026755643745
mplight,1109,27.067044326343716,140.04953510936295
mplight,1110,28.0760166928138,137.3078059607094
mplight,1111,27.799435103939064,137.71488471018313
mplight,1112,27.114865268764056,138.4539860892214
mplight,1113,24.992184526510762,138.41405182326693
mplight,1114,29.155823773741467,136.80629083915238
mplight,1115,25.921082654695617,140.4406162338996
mplight,1116,27.844497637577582,138.17491496562891
mplight,1117,26.754320825088953,140.32292617365175
mplight,1118,25.70751915398147,138.6205645323938
mplight,1119,24.083114747415244,141.53684194130025
mplight,1120,25.67007634699835,139.46879189941865
mplight,1121,25.319576874039385,138.98698648304614
mplight,1122,25.35993371996977,140.407121587456
mplight,1123,25.21512680549726,140.35432027445034
mplight,1124,25.9422372706767,140.66880378433154
mplight,1125,27.141330772783636,138.86915166860976
mplight,1126,25.58350140824325,140.64163986238077
mplight,1127,23.643331080055766,141.14705002882238
mplight,1128,26.908681904215516,141.50784850631504
mplight,1129,24.670372416478124,140.83625851268587
mplight,1130,26.174950537814475,137.03027715802665
mplight,1131,25.870840312755117,139.83644369086156
mplight,1132,25.555103004594486,142.44384280103782
mplight,1133,25.926054904938237,138.58312447648902
mplight,1134,25.45015194731752,140.52349563922232
mplight,1135,23.85789994357881,141.1185583709193
mplight,1136,25.234950354424846,141.85899448209096
mplight,1137,22.17537278560954,140.5675974053616
mplight,1138,23.50781078583874,139.64389178586063
mplight,1139,22.443428744178924,139.2645727888537
mplight,1140,26.51443908642416,142.54763974206404
mplight,1141,26.269901493510115,141.31742610785147
mplight,1142,26.212739845288898,140.58767687500443
mplight,1143,20.109982396223113,142.5612948575717
mplight,1144,24.537299998772337,141.41933181633786
mplight,1145,20.288531441585942,142.56894951212317
mplight,1146,26.625608637737628,141.6892536376327
mplight,1147,24.958657288977612,141.78765521067288
mplight,1148,21.79910281402756,142.17290312264203
mplight,1149,22.604324906779972,142.12897635689257
mplight,1150,25.341044557462908,140.53284494052875
mplight,1151,23.042804623666264,140.33558928408013
mplight,1152,23.682315109619328,142.11642989961356
mplight,1153,21.641945740251177,141.66417493702994
mplight,1154,22.156819620319126,144.18858691852702
mplight,1155,24.772155582275907,141.4891251355276
mplight,1156,21.74212332092779,143.5970970534397
mplight,1157,23.547861147808202,140.01277275572573
mplight,1158,23.863213206025396,141.91986833200943
mplight,1159,22.472292444223324,142.74535546697777
mplight,1160,22.753961570383684,140.9525620664557
mplight,1161,20.132679235615633,144.3182966694321
mplight,1162,22.579597494008638,144.9834590097528
mplight,1163,20.140625284016195,140.6394946659459
mplight,1164,21.9648919955419,143.15395437525237
mplight,1165,23.94835134792327,142.88049712763117
mplight,1166,22.90012561726457,143.5306071516504
mplight,1167,23.546228864264133,142.71090428422153
mplight,1168,26.05351446863112,145.7696136850925
mplight,1169,23.74771594340547,145.3476233728681
mplight,1170,23.051445196647347,145.67515299988966
mplight,1171,23.18482875625299,143.8477187895507
mplight,1172,22.743172876294892,144.3440484423091
mplight,1173,19.139154030240835,145.61835657736358
mplight,1174,20.870259471250883,146.47941847126717
mplight,1175,22.882688256766134,145.75256846905015
mplight,1176,19.65524909308784,144.90749115932695
mplight,1177,22.90559262186637,143.26988746318582
mplight,1178,21.452395724043978,144.13429641885602
mplight,1179,22.39596731203952,143.9471051320592
mplight,1180,21.16076506867154,146.60399314221976
mplight,1181,21.00709649099455,145.67325681578035
mplight,1182,22.55039477615864,146.3901710354965
mplight,1183,22.048937825485705,146.70043405045868
mplight,1184,23.413976484495617,146.24971744999226
mplight,1185,24.989830051326024,145.38415684667387
mplight,1186,21.24385135806236,145.42369094475393
mplight,1187,23.59067465155864,144.3158872260713
mplight,1188,24.271365404081976,145.21803070850527
mplight,1189,22.3987084682728,143.12257089272657
mplight,1190,21.797261310495703,148.15307587598963
mplight,1191,23.52640390885805,146.0600371978353
mplight,1192,22.235994391330635,146.94657251186018
mplight,1193,22.59956216315365,146.87307065160994
mplight,1194,19.963761083217918,146.78205875989892
mplight,1195,21.097169239809517,147.83420289606818
mplight,1196,18.406423729808164,147.0867059081906
mplight,1197,23.19448252635702,149.47813823290215
mplight,1198,23.64306758423567,148.54801297168024
mplight,1199,23.848601692247673,147.7056844885829
colight,0,26.619506146284458,24.906055077694287
colight,1,25.114248385557826,23.273156190598886
colight,2,25.72507414995925,25.89602878391646
colight,3,23.25830338004113,25.894877981136187
colight,4,26.564667275275312,25.6278368772432
colight,5,25.296585726741128,24.464931927395014
colight,6,26.63736054568871,28.226992160121917
colight,7,27.08166816729907,25.104855356319604
colight,8,27.03786257540284,27.26653150608091
colight,9,27.60243399449969,27.38490752942329
colight,10,25.357905906754386,27.21118201941639
colight,11,24.76437235176406,28.463332559329842
colight,12,25.409356072122858,25.475541235040204
colight,13,27.24857206385435,24.461186425587403
colight,14,25.340081966877015,25.841034323244845
colight,15,25.391162793904755,27.72794714613902
colight,16,26.890184221371857,27.032302790734775
colight,17,27.288467749499766,23.5334049935758
colight,18,25.74805315640831,25.710628998866348
colight,19,24.867564625970484,26.046751813679478
colight,20,26.885716193021317,27.314687286124332
colight,21,26.295262014079842,27.142701999777024
colight,22,26.677072415473987,26.52750985666861
colight,23,26.000653222313115,25.845514380245092
colight,24,29.99039263102056,23.69982773233259
colight,25,28.24698412938655,23.722991941002928
colight,26,27.768201317968412,25.09376750259879
colight,27,26.59325114794923,24.426515591764968
colight,28,25.525681771434243,26.643568159709037
colight,29,26.244547716774246,25.974258523703458
colight,30,29.846144857306484,29.5078576282271
colight,31,25.57446665523904,26.142417218447736
colight,32,25.066704453827107,25.499882632810547
colight,33,27.800973270830227,29.241709076181234
colight,34,27.178024618307113,27.75583015659475
colight,35,28.612968552599707,26.25979821311133
colight,36,28.953064617096608,26.870279231649814
colight,37,28.457806502544525,28.582061207770533
colight,38,25.921249480116913,27.48858020992719
colight,39,31.6239208852689,25.140469541202645
colight,40,28.190951836234074,30.619787926701676
colight,41,26.72211428120151,27.905201735547994
colight,42,29.189945349346722,28.095732785723598
colight,43,27.955433993802664,31.51370009362554
colight,44,29.214643764126812,26.82843175979938
colight,45,28.85199461403131,25.878223593505638
colight,46,26.72425035175407,25.110640041684267
colight,47,30.228443763330013,26.16900272644717
colight,48,26.54875704878586,29.164984263411576
colight,49,25.34613805668487,28.393760309617956
colight,50,27.489998104107553,28.46754994820851
colight,51,27.214435811541765,27.69798640551068
colight,52,27.929142010896985,27.899617903189604
colight,53,26.714744813456672,25.76123681226301
colight,54,29.371313117962252,29.31946716571451
colight,55,33.38504397680171,28.62385439500134
colight,56,29.59255343001451,26.963603864158
colight,57,26.585569452426913,29.3436426681752
colight,58,26.990811544084963,27.806348360471297
colight,59,27.846717838115694,27.317107256536115
colight,60,27.13079146969757,30.865120313438144
colight,61,28.01838530145539,27.425954220157443
colight,62,28.790221427133336,30.338567934816737
colight,63,29.000703551591606,25.37345033205706
colight,64,27.99820825306684,29.710623353527296
colight,65,28.189264802410783,26.61799470187573
colight,66,28.0789202046646,29.551274311090975
colight,67,28.968087895357755,29.162850900265394
colight,68,26.276743280844173,27.711192001242384
colight,69,26.922373139160126,28.63111624773722
colight,70,26.167817015251682,27.635661683069205
colight,71,28.873921193583797,27.5322985030905
colight,72,28.444593121375842,27.268913953395263
colight,73,27.578369038748054,27.538314468311555
colight,74,28.50026002250458,28.193989895732887
colight,75,27.971538332467624,25.753683727470527
colight,76,26.61906369214151,25.0864561494306
colight,77,26.25019795870394,28.126739394707865
colight,78,27.839348869348704,26.597446500664436
colight,79,27.4979413312176,26.234917107735008
colight,80,24.215641509697566,27.115453087922436
colight,81,26.651817165587964,25.93796509042656
colight,82,26.921847008669182,26.031175439506697
colight,83,27.577250058591716,29.283096378162725
colight,84,28.254950379956593,28.063081580210845
colight,85,27.784545518887395,27.56212564483461
colight,86,27.182618933929668,26.796606822730197
colight,87,27.644411832320746,26.740720119082674
colight,88,27.948779746267995,27.39865552868476
colight,89,25.031954330822433,28.58406665022082
colight,90,25.78431696892098,29.629218556901595
colight,91,26.52219960953389,25.27018171377096
colight,92,27.45997748611056,29.835512739290024
colight,93,24.1577869270996,29.17114383998529
colight,94,28.388561675192918,29.099057439827508
colight,95,27.788076328417148,25.217388920260206
colight,96,25.95706817559293,26.093659649367396
colight,97,22.848609903765954,29.141711125161276
colight,98,28.098633230690933,27.348258406624826
colight,99,23.28101364205947,29.351369079689867
colight,100,28.37981358170925,27.00013458127287
colight,101,27.164464085245108,28.340078767360563
colight,102,27.834146465679474,24.232309207897018
colight,103,25.144286489565104,26.59570872405273
colight,104,24.13101202988245,22.757526683052863
colight,105,26.272117764271364,26.21239056060999
colight,106,27.051744880932677,24.49461925335315
colight,107,25.468650134161305,25.743748553009336
colight,108,27.444982641524955,27.22299498176752
colight,109,26.172465293527598,27.32436358257904
colight,110,27.43836124426626,27.84087749110578
colight,111,27.12384710446677,26.954860194416085
colight,112,25.197397515397892,24.962391120460644
colight,113,28.044904886540298,24.174827209330896
colight,114,25.375466176103163,25.102382885487486
colight,115,23.118708984491963,25.762808490976436
colight,116,23.72382893616227,24.25400001421646
colight,117,27.203257625035654,26.64366474639866
colight,118,24.02049184441208,26.914351010286758
colight,119,25.682801244720956,25.82794677464201
colight,120,27.469735407709898,26.73200267396431
colight,121,25.56631939602249,25.251661894146746
colight,122,25.083309847474364,27.54564363453229
colight,123,22.26125466950043,23.407778301867683
colight,124,25.0184378829974,24.954077701937706
colight,125,26.05328046493105,24.864078792336173
colight,126,26.399131804910343,24.228069242435406
colight,127,24.230570778742457,26.659369245082278
colight,128,24.645152098739313,27.511330077075243
colight,129,24.906541504020762,25.835886836289845
colight,130,23.31593404479337,20.99035479834424
colight,131,25.69103378371564,22.82484994754136
colight,132,24.753793875366334,23.836581615430294
colight,133,23.56045509807806,24.29764188947292
colight,134,24.922651683454617,25.355263098547013
colight,135,24.422101414826543,26.421106974351222
colight,136,24.336000641778625,25.159520492844656
colight,137,23.522586290556987,23.521774232072428
colight,138,23.63480401119902,23.52498649163202
colight,139,26.164720418688788,24.65172256166717
colight,140,26.294186911920942,23.613216753296054
colight,141,22.987342511882083,24.09532526636357
colight,142,23.273102954974114,25.51665625787976
colight,143,24.715995725957725,24.307895032315333
colight,144,25.768189622612006,22.048247265614876
colight,145,22.27502649146214,24.974904694534363
colight,146,21.790878905115697,22.528845966394858
colight,147,24.140070797002796,24.33831178184062
colight,148,25.889630813941345,23.99710317566254
colight,149,20.94825394780048,20.200263886726184
colight,150,22.140976206354956,22.721911885680278
colight,151,22.701691870484414,24.45640765838025
colight,152,21.33254959725693,19.683367727100713
colight,153,22.53534224859222,20.907524576849188
colight,154,22.42321455675576,22.935271946582763
colight,155,24.20953204799276,19.175011990786363
colight,156,23.355588576339418,25.130240921975982
colight,157,22.415666046784082,23.478842591097372
colight,158,22.356759534378114,23.50084869034362
colight,159,21.254256532231498,21.45470338734471
colight,160,24.93254290109927,22.299774908913406
colight,161,21.108362059843547,26.098163038817844
colight,162,19.042148910452937,22.395696817865147
colight,163,22.643587062815936,24.399574284266826
colight,164,21.66526093255102,23.66101428418523
colight,165,20.415946732446898,22.177835224202898
colight,166,23.44733171405077,22.486674969412125
colight,167,21.039152553838917,23.327301006410686
colight,168,23.47884400693906,20.416714429897194
colight,169,20.458626421636968,25.94173234430079
colight,170,20.0266532599862,19.134647752716802
colight,171,20.35932203097305,22.051717515113605
colight,172,22.346468137989973,18.801720697944443
colight,173,21.130086927362612,21.514040167177846
colight,174,24.104937089490022,19.95730917666582
colight,175,23.34298536052762,21.92999341273997
colight,176,22.080967956107955,20.925466232547514
colight,177,21.312007812960445,23.30074270271093
colight,178,22.302606764176325,22.643148711360244
colight,179,21.937057515588652,20.99762726020789
colight,180,21.46043386893362,21.623103133150142
colight,181,19.937983050093322,22.8217575055728
colight,182,20.36978302434972,21.591222604291463
colight,183,24.102643643469595,21.20148518313818
colight,184,19.797369924676662,21.233381410717822
colight,185,21.31688675028224,22.961242715451586
colight,186,21.898510585436522,22.749802615561357
colight,187,21.85334695521159,21.783851371555915
colight,188,23.62233297357399,20.756441781266883
colight,189,24.038861998981762,21.406345154710657
colight,190,24.730491061696952,21.49848625119546
colight,191,20.421101640195353,24.188330998472992
colight,192,21.914740594884638,24.09175555466481
colight,193,21.553910509852788,21.584737505436166
colight,194,21.37736249431373,20.081957667726854
colight,195,21.515746455522354,22.147965483983526
colight,196,22.46372847408192,20.769132867231907
colight,197,24.663776632779047,22.833047842362966
colight,198,22.898203198886478,21.823197126435108
colight,199,22.51458240632699,22.30402976483508
colight,200,24.65893689439927,20.367903013836305
colight,201,19.305239365331293,23.80442113257518
colight,202,21.719439003349343,23.238593145950965
colight,203,22.271237421342697,20.620899976843422
colight,204,22.199008506371772,24.59158095332491
colight,205,22.014966017416057,21.148746192637432
colight,206,21.02713823275866,20.39590238192803
colight,207,24.85168367827696,20.726760750816197
colight,208,23.877002078530804,21.828274119340126
colight,209,23.64157590648476,20.58021622315776
colight,210,20.911915674847673,22.807489636578254
colight,211,22.85791308771516,23.18821045928813
colight,212,22.40434642466245,20.07800503587182
colight,213,23.453245499120776,22.720843989539112
colight,214,20.347350029216297,20.983085765475934
colight,215,24.01791147282599,25.12116983032713
colight,216,24.438195611577203,22.59629838127381
colight,217,24.342271331221436,22.199912105939056
colight,218,19.929668366242367,23.333052519744967
colight,219,20.928750034677897,22.869129691622824
colight,220,23.304583049583695,24.107374359145872
colight,221,21.60180965888622,21.876305623011614
colight,222,25.79252828940489,22.270154387292724
colight,223,22.372163591917168,21.934835399481276
colight,224,25.016289065341503,24.543874067228376
colight,225,22.81659741355455,22.009875161889696
colight,226,23.442077512255786,26.067587500764933
colight,227,23.10827891738943,21.34572772897108
colight,228,23.765779474243462,24.26103228699216
colight,229,24.9582678336974,21.577291023414222
colight,230,22.732238336210195,24.362695164779232
colight,231,24.26243622968422,25.179641843859272
colight,232,27.886277940284078,24.48921037774541
colight,233,22.05749928598839,24.224735630952857
colight,234,22.59072583398387,23.88945791614364
colight,235,23.829292718193688,26.118706929775733
colight,236,25.121869605678302,25.026621661181665
colight,237,20.347755051147658,21.03741155853265
colight,238,23.703091863013835,23.885781166470142
colight,239,23.551591436698153,24.529090561664926
colight,240,22.732628816035575,26.693422299546903
colight,241,25.125820707266723,23.652958276344496
colight,242,22.570998687789423,24.725217362513728
colight,243,25.643724340063656,23.80039080640459
colight,244,22.669666919425374,23.510182341576222
colight,245,22.06610220598978,23.917539896617125
colight,246,26.212982877914175,24.378666177414097
colight,247,25.155918586202898,22.091052739747838
colight,248,25.635270340892227,24.694967333260834
colight,249,26.567828433879093,23.55401126110029
colight,250,24.520808192257636,25.251292294056704
colight,251,23.29023448558916,25.277521871807277
colight,252,23.480111078843272,24.847741882163135
colight,253,23.547213000491954,24.35963852736803
colight,254,25.382588678973395,23.81613389068636
colight,255,23.535560402904203,25.638080176694135
colight,256,28.60070578548365,24.177814498776296
colight,257,27.27506240293059,24.595107299328593
colight,258,27.259941927093944,25.447147213462227
colight,259,25.558534760179278,23.672541480246295
colight,260,26.20394017855165,24.361001855088418
colight,261,25.206011706457375,21.26608246923817
colight,262,27.525502964137313,27.98398206766123
colight,263,24.69361963808987,25.40341630098644
colight,264,25.014571097332094,27.9347188522701
colight,265,27.435233063500533,26.582487854997808
colight,266,24.520012879505998,23.355001408942854
colight,267,29.551221035015015,24.488846710645532
colight,268,26.911692155789297,25.15296660078907
colight,269,26.347666719319054,27.401321722373673
colight,270,24.003590445328904,25.535635980918393
colight,271,27.364694873634075,26.65852283689484
colight,272,27.466820427948143,23.890698061399384
colight,273,26.1020789915361,26.560577017737586
colight,274,27.03669287145597,26.378463457425415
colight,275,24.414312032808617,27.661867955808276
colight,276,26.678027688569443,28.54127764502446
colight,277,27.51500828107978,25.3056257076427
colight,278,26.189373575648016,28.142553002148894
colight,279,28.303836914965856,26.57231987260578
colight,280,25.994592743364773,24.797587754649566
colight,281,26.355984780785914,25.935100223399314
colight,282,26.237937762301147,24.774850132311222
colight,283,28.899732876970873,23.510018193380546
colight,284,26.68471354233692,26.112342546417004
colight,285,28.385047297805514,27.041703572352596
colight,286,24.069100548456927,27.69664582719279
colight,287,26.540057928372953,29.046458473464394
colight,288,23.915639555838613,30.744906720417685
colight,289,28.291779018739696,26.892957657410594
colight,290,27.904231803053698,26.58252612142657
colight,291,28.108834998141212,29.09763422745386
colight,292,27.840348129467078,25.685995215289
colight,293,24.505458231816604,29.279714900454056
colight,294,31.326665307308073,29.68460867147593
colight,295,28.93282200534044,30.590468049447853
colight,296,27.67751765070726,25.716465172825746
colight,297,26.86275751079368,28.22274417587466
colight,298,28.194823154752363,27.881301371001022
colight,299,28.18165710813894,26.822881493863854
colight,300,27.652898897953534,30.357015800092846
colight,301,26.71933348207325,28.69522825792727
colight,302,28.702411103225213,29.695636125995637
colight,303,27.992197465549207,28.955773520471137
colight,304,25.65406922538511,27.38897542603255
colight,305,27.753694990458193,28.79608925368359
colight,306,28.032225537488806,26.69166771256655
colight,307,29.145777829528196,28.26253909585988
colight,308,29.67521715156206,27.7137622248585
colight,309,28.587607797265342,27.74431545838354
colight,310,26.76438988009232,27.73158696749924
colight,311,28.745667897064322,27.96921925789361
colight,312,28.876217568303094,27.036048326578566
colight,313,29.445764024159075,29.528303914909333
colight,314,27.05089492361941,25.153374037982566
colight,315,27.956326748848177,28.909550709475127
colight,316,31.344158607525408,26.936917189961125
colight,317,29.321526123516044,27.246305495487206
colight,318,27.36776211744534,27.286797000839762
colight,319,29.834333362518397,28.496161330050988
colight,320,27.747991915666635,28.1503994439988
colight,321,27.263871529262023,27.81686312942759
colight,322,26.726147217788697,27.798529096208597
colight,323,30.64100680410828,28.351591779017195
colight,324,25.479132144410848,26.073592370107
colight,325,28.10920652055942,26.02073293273277
colight,326,29.265745384753934,29.477170083894976
colight,327,26.82125549032317,26.781527902233254
colight,328,28.065808321460153,29.095854963654713
colight,329,25.465800164008648,28.25371992897733
colight,330,26.17937108465659,29.687742926610774
colight,331,27.144448101124663,30.134731291734223
colight,332,26.500617427531555,26.30532505508185
colight,333,27.094100592475492,29.574208934571068
colight,334,29.130830967973736,26.709022878330707
colight,335,28.300611667061034,29.177448370166623
colight,336,27.489693780213706,28.015037304686874
colight,337,26.044442143586384,26.817468222165257
colight,338,27.97724692927758,25.735321742610516
colight,339,28.457274005580835,27.685107085400904
colight,340,25.842276758372172,26.07794843367508
colight,341,26.487092904848,27.327704676343792
colight,342,26.431151642056246,28.219135043730585
colight,343,27.723530661993095,25.26434942955433
colight,344,26.60118781688425,29.390816655337993
colight,345,26.109086078881198,26.411621233731505
colight,346,26.206515080118393,27.107437077737675
colight,347,26.071386431569785,26.78255940812579
colight,348,28.780571870853585,29.235366784198696
colight,349,27.95760016001696,25.817368937725366
colight,350,28.53807642380426,26.02944768275125
colight,351,27.075447286458438,27.055460112405346
colight,352,27.505832615396724,27.315999977355816
colight,353,26.524372909446004,25.515501725467338
colight,354,25.60000811787349,29.218949739703717
colight,355,26.90041517961461,26.69374379760804
colight,356,25.493679360553326,26.15265813548655
colight,357,26.04897615115907,25.0481114457974
colight,358,26.887839064481675,26.10099124095142
colight,359,27.478370201527575,27.052652486844053
colight,360,26.498790635209197,27.90280123072854
colight,361,24.741310261412494,26.952548716745433
colight,362,25.699375527159326,27.36732626541986
colight,363,23.860279249143503,27.398653983453116
colight,364,27.336323291923442,27.20741275038869
colight,365,23.50975073500348,24.79041524218605
colight,366,26.35064398492518,27.699421209319375
colight,367,26.530029039846895,25.185719754618148
colight,368,24.84644137459928,27.0697512914205
colight,369,26.957049936409245,28.526591929040723
colight,370,25.102989887892928,28.55556026765558
colight,371,26.88822570199887,29.23139789489442
colight,372,24.347178324758453,28.56091582693269
colight,373,26.04564906987746,26.35415816397928
colight,374,24.189303722533975,26.272429721150377
colight,375,25.991928080993503,28.81988376000417
colight,376,26.4185422655524,27.15217519378951
colight,377,23.965630526209768,28.38479460219147
colight,378,26.00572396464631,27.65992580900672
colight,379,26.210076067445137,28.631859596289104
colight,380,23.943067762846837,27.77287199126362
colight,381,26.781747345324153,26.647007713311247
colight,382,22.839910177350177,25.27025936742885
colight,383,25.695071652855287,29.324086170124612
colight,384,24.65753681802972,29.206406309504906
colight,385,25.44084342717484,27.718504674483846
colight,386,24.317229570870083,27.48816149844888
colight,387,24.01639990978055,30.30795018281793
colight,388,22.609544879751187,28.51025633066956
colight,389,22.420623078533186,29.46523318133555
colight,390,24.2910823057406,30.566948729488555
colight,391,22.31833022502177,26.743542356075103
colight,392,24.02157465431065,29.700472650357177
colight,393,22.15891284748593,28.226859824389265
colight,394,23.880726614288164,27.760893611930555
colight,395,23.625845286656737,27.622218392728055
colight,396,24.794773588510303,30.10924494017363
colight,397,24.156554782707214,26.75834875512829
colight,398,23.275207004453552,26.935065738429603
colight,399,21.443651406610655,30.90806808871345
colight,400,25.04544847263284,29.217494926983992
colight,401,23.066221848557436,28.65066649147227
colight,402,22.691424040973963,31.469840150632447
colight,403,24.60041291440908,30.05676691057177
colight,404,22.668364980623327,29.54371195742045
colight,405,23.48621523699618,30.47404285056173
colight,406,24.269131434159284,28.604092390165803
colight,407,26.214442211300454,28.30271385481362
colight,408,25.426371796863428,31.92919728109637
colight,409,26.89030460244536,28.81774500044964
colight,410,23.64510908373453,31.31255956035376
colight,411,24.31648061376729,31.551082617607545
colight,412,23.527344795596015,31.687610081852174
colight,413,21.53764336556126,29.197883194126913
colight,414,23.619810411857287,29.676418862946186
colight,415,22.922753227607707,31.750305399358034
colight,416,20.97008924670467,31.37609064112808
colight,417,23.40766128759142,31.593229029945462
colight,418,21.797013080984414,29.228149928287095
colight,419,20.365353642326433,31.00847388593578
colight,420,23.105197125062354,32.81052916468572
colight,421,22.981698117337185,30.938003866398752
colight,422,19.45121176724292,30.689245154427866
colight,423,19.840222678563386,30.311968356976966
colight,424,19.58947905041576,32.71474379106837
colight,425,22.468688530240893,31.028402772116266
colight,426,20.900398489292826,32.59793118054673
colight,427,23.234666268263325,31.406025984586428
colight,428,21.233296465442102,32.38771163360589
colight,429,23.67255355297506,30.870481867148733
colight,430,24.325571480890183,33.95481247171598
colight,431,18.90192264591006,33.43140028620189
colight,432,24.09680509370825,33.86408069918381
colight,433,23.633478451576043,33.906033542136015
colight,434,22.25009723378049,31.882456957347678
colight,435,19.367494128999965,33.33791746009324
colight,436,22.970127301057687,34.03324295520624
colight,437,23.2440853437891,33.237265737550025
colight,438,19.331172510051857,34.1535950738131
colight,439,23.008194405116843,33.29824913684051
colight,440,22.319436432235186,34.62280696234316
colight,441,23.35622019558805,34.28590369393508
colight,442,21.82094734265679,35.24731700391877
colight,443,21.42939961344543,34.61649631071293
colight,444,22.406941564723283,32.87355503100377
colight,445,22.073933277945997,37.05463390753155
colight,446,20.497808450486136,34.177837605986056
colight,447,22.39760734428434,35.26307118819371
colight,448,20.942861041089262,36.16426841618183
colight,449,21.575110059438483,36.61386332851036
colight,450,21.611434935074534,35.68363809908904
colight,451,22.943545638389942,35.35807881297563
colight,452,24.501441389298733,35.31388591811684
colight,453,24.91822145825384,34.35039957747557
colight,454,23.01063620756815,39.59308983850997
colight,455,22.058129667537063,36.76964285844912
colight,456,20.315854044269088,35.3169815692611
colight,457,24.004458759950495,33.36923017082329
colight,458,22.62891804232742,34.127648439996136
colight,459,21.247758411545043,39.713429164677905
colight,460,24.13874308201478,38.28613511123622
colight,461,21.87942409109691,38.75595186375378
colight,462,25.973950241472075,38.18609750055912
colight,463,22.27318579101712,41.07363962272275
colight,464,21.39988150035044,36.03769283537032
colight,465,22.950011031622008,36.8488294729033
colight,466,22.141223625308914,36.517556599322084
colight,467,24.00656123672388,37.90696717258906
colight,468,22.9354627304977,39.626715174237184
colight,469,22.962990648648056,37.849456311296095
colight,470,20.463958102358383,37.625906317218245
colight,471,21.5022730452738,39.573121055290805
colight,472,22.840878876370276,38.130287384480624
colight,473,23.392137973627015,39.54714875606398
colight,474,22.140693321249167,42.16640508640958
colight,475,21.693327311269172,41.8481083990957
colight,476,25.265425251997605,42.7707781854534
colight,477,23.309959372722787,39.89073939638604
colight,478,25.17551744955997,42.61975273561639
colight,479,25.684708225444677,41.22361771951892
colight,480,22.886550878851235,40.08955095812553
colight,481,23.045689559856186,42.94349243526668
colight,482,23.83778172647953,42.870127647851106
colight,483,20.896473120113882,42.796140925804444
colight,484,23.32924276166462,43.89823914414128
colight,485,24.063927476999304,42.301829458756245
colight,486,24.885755249982026,41.81178206790337
colight,487,20.762289938063617,40.624019130605284
colight,488,25.76328198977731,41.55057846219323
colight,489,23.344320211133365,44.743450317102344
colight,490,26.658970710007196,42.94233683624564
colight,491,22.67363986179458,42.687644321404655
colight,492,21.216514362115603,44.783660736450706
colight,493,22.437584106668602,43.677075339720005
colight,494,24.06277771418587,45.14640062260334
colight,495,23.76587525058399,46.59572921024102
colight,496,22.719186152123847,45.73406646194804
colight,497,24.02508917664686,46.99533355031056
colight,498,23.8554836786982,45.46074493011477
colight,499,24.24941600024769,45.35252727020658
colight,500,24.694977510235695,44.918262462150814
colight,501,23.587771857532946,45.012670359297516
colight,502,20.933559636705397,46.922291339004815
colight,503,26.729389499270184,46.391674965750425
colight,504,23.736936674805428,46.368589957257896
colight,505,27.5662202950667,47.07444278044541
colight,506,27.703576781836073,46.29135365715359
colight,507,24.42907104471776,46.363929660993804
colight,508,25.964649483004845,44.956031069392
colight,509,23.548132162765814,47.72270647339208
colight,510,26.761906001687716,44.83750328567554
colight,511,27.241351836173763,46.85366382217954
colight,512,25.055125186394825,50.39915948027103
colight,513,27.289407072723588,48.56272592351419
colight,514,25.670658240652948,49.288225104000624
colight,515,25.61254972966655,49.47181238354308
colight,516,25.12399159678963,46.84345333423072
colight,517,23.6300782619653,50.36472224493387
colight,518,24.180841858293906,51.396952493983974
colight,519,25.95289524295741,48.24625773299081
colight,520,26.39773362934331,50.191105499739976
colight,521,25.633295554714735,50.48828221070825
colight,522,26.95284151269759,48.68688952107719
colight,523,27.760323515554255,51.52294445188035
colight,524,27.489648314517666,50.455956103760556
colight,525,23.818330512776136,52.463155280524305
colight,526,26.031471667841867,52.96564574539522
colight,527,25.1513175671746,52.5935601540281
colight,528,26.75289378856315,53.00675535906029
colight,529,28.87068367219007,50.689783860489385
colight,530,28.087561485115305,54.75348582793606
colight,531,27.863264038075098,53.214915233922824
colight,532,29.947300846553237,52.05146199173019
colight,533,28.31795608802794,52.42262294769436
colight,534,25.22675585252834,54.825689731711364
colight,535,28.30520654726626,52.69646817907468
colight,536,28.27117042988226,52.83604220504425
colight,537,27.896473873304593,54.21595647750203
colight,538,27.882668164409065,55.623292296971876
colight,539,27.136957768695787,53.307602102555364
colight,540,26.875632126695308,51.25617803456253
colight,541,28.233632256741302,55.35783163718375
colight,542,28.560073721004127,54.02391812210851
colight,543,28.178365144310693,50.97321123985405
colight,544,28.24799541889103,57.6945157985713
colight,545,29.617777146522464,54.72009596591523
colight,546,26.542654517981152,57.74284927055449
colight,547,28.892826414817442,55.77005078369701
colight,548,28.775184026942643,51.63527951917076
colight,549,25.791552396685596,57.82363393093961
colight,550,28.523536560382787,56.32271142466743
colight,551,28.933384922820974,55.54782740724696
colight,552,24.36420911990634,56.31119647441869
colight,553,26.945775922741316,52.47913459603618
colight,554,29.098873650912395,55.0468284217758
colight,555,27.721647281332157,55.3413700311134
colight,556,24.741710020608547,57.96924664890577
colight,557,27.462044598803008,57.768634868159964
colight,558,27.73931105890935,55.89413778008698
colight,559,29.008137774940423,58.32487918457219
colight,560,27.13338646395306,58.056687128574545
colight,561,26.658834200529558,58.08291293129352
colight,562,27.74184507938949,58.76820932792753
colight,563,27.055816601476586,56.159565050656
colight,564,28.510331638396902,59.57646794278847
colight,565,27.137798206503916,61.46846596208986
colight,566,26.89152550534846,60.10018504774662
colight,567,28.82438101083417,59.81494524840683
colight,568,28.13232486663443,59.552943392938715
colight,569,30.03408142104833,62.28431909367008
colight,570,25.758733045701145,58.24932349826676
colight,571,29.20053595890015,56.656990110484415
colight,572,26.126919088199276,59.9195952371929
colight,573,31.520440815786127,56.90742021321852
colight,574,27.4946093010052,61.72992591215656
colight,575,29.47063909846785,58.99634840087907
colight,576,28.58769539746548,58.9125119423484
colight,577,26.23427346292747,62.83158881351109
colight,578,28.693330645293933,60.972523397600185
colight,579,28.345007848930603,59.29711404919154
colight,580,27.271139292767298,60.991596567578746
colight,581,26.401604506977254,60.844337558907256
colight,582,30.25573234595214,63.125993217337275
colight,583,28.61677933641931,59.29154909515547
colight,584,26.43664022572014,62.49777263870244
colight,585,26.976339604781014,60.51486014664516
colight,586,28.039655839078044,63.39033698609858
colight,587,31.431475427947248,62.3909824303727
colight,588,26.149649355210517,61.743499185763326
colight,589,26.058661545680565,61.83840073183322
colight,590,25.746798188317737,63.883897268508576
colight,591,30.218796690726464,62.48202319673841
colight,592,24.670716562046188,59.916982251688296
colight,593,26.40140183149379,65.65044962453489
colight,594,24.690164162290586,63.93632289494231
colight,595,26.243428033597947,62.126485315407265
colight,596,28.227926612625037,63.34596880272973
colight,597,27.6700061128407,62.569669093463574
colight,598,30.02249372984686,63.36539427142931
colight,599,27.632168882433415,62.98224581976706
colight,600,27.97774437172631,62.01156601084236
colight,601,26.05010395051042,61.723639251707596
colight,602,25.8289283433925,63.820079132327706
colight,603,27.63723678961819,62.858713466907346
colight,604,25.63631863286305,63.666682403634894
colight,605,25.992539475261935,62.03954405468909
colight,606,26.428923485467234,61.94493546210058
colight,607,24.006556152710477,63.96170519898239
colight,608,24.339187406935704,66.09316494724892
colight,609,24.914234056268807,65.01025667064984
colight,610,25.73191605757228,64.18355496306815
colight,611,26.48023759826778,62.63582550692462
colight,612,25.430575516815832,65.085854979421
colight,613,28.024233641952137,65.88273601591924
colight,614,28.83986820983303,61.79142927716183
colight,615,25.10494581545765,64.63763168290896
colight,616,24.24433476775504,65.10509893906166
colight,617,25.15569879231452,62.67157263009645
colight,618,26.716491211232142,66.68978449082405
colight,619,24.016528138379424,66.32364383370155
colight,620,25.805061011742698,65.32102902548634
colight,621,26.688380828799534,62.99887662835629
colight,622,25.89501321213274,62.86657302356525
colight,623,25.821521012778543,63.67511710826007
colight,624,23.699148372746023,64.25391808627936
colight,625,24.158873628526827,65.10036351752316
colight,626,23.785446215887347,67.11037238217754
colight,627,25.367511213023022,64.47624714212789
colight,628,27.687405621277346,65.36733681202162
colight,629,27.056754406666755,67.22896301597997
colight,630,25.617124806966427,63.4401095293487
colight,631,24.60034127770637,64.63983864935437
colight,632,25.09186384084657,61.752393622977785
colight,633,25.579086162976047,64.38025288913744
colight,634,24.193833972043546,64.28597206837469
colight,635,23.245840675656154,66.39293853337678
colight,636,24.43613572477783,65.95601746330404
colight,637,25.045625492222474,63.983699944412805
colight,638,23.01515712748391,65.84104640705655
colight,639,24.335178637545233,65.34215509926096
colight,640,23.47054155016305,67.29560228084523
colight,641,23.85659126849523,67.71235394603173
colight,642,24.631054899063905,68.37703078020823
colight,643,21.795153532058382,67.14155088337924
colight,644,24.77721771037819,67.0544254878769
colight,645,21.530961384944774,67.15402761485012
colight,646,21.68567374236494,66.39014489974426
colight,647,24.03162583863335,68.34240183211689
colight,648,25.279165074565416,64.78650651645222
colight,649,25.021170244869804,63.48728405416516
colight,650,24.420389214559343,66.1249754913151
colight,651,23.447371574048205,66.28373085152907
colight,652,27.58167663215329,66.77522416264483
colight,653,25.03520754842583,66.54616487013412
colight,654,21.58187954821969,70.04585330307039
colight,655,25.445436491939525,66.01216799951405
colight,656,23.289228102192954,67.07474475518956
colight,657,23.493946608373463,67.33592794089343
colight,658,23.268739405430768,69.23940830832763
colight,659,23.06299476437303,67.28677515747597
colight,660,20.409524374771358,68.1227073297027
colight,661,21.565431798094146,67.43038386050588
colight,662,23.47631091567261,66.46973488467215
colight,663,24.10969305533571,68.41711238290517
colight,664,20.322972879486194,70.1300463441149
colight,665,21.68059217954649,64.60163472001179
colight,666,21.5232168851668,68.21551713641202
colight,667,20.266196695608734,66.15794133742479
colight,668,21.693783488583215,68.7814902629944
colight,669,23.728310098964524,68.56896655077793
colight,670,24.739379209182033,67.07784896517668
colight,671,22.66002001037932,69.53118260767113
colight,672,23.323686794529046,68.16174034066385
colight,673,23.635120277591326,67.06870727800035
colight,674,18.759368948520653,72.17727330197332
colight,675,21.1677923601251,70.28023343215867
colight,676,22.254062584612377,70.84204172289346
colight,677,23.891027730672835,67.77143928068372
colight,678,21.497038209501593,67.67924464377656
colight,679,21.28121924236658,68.10097150675128
colight,680,22.97426502854305,72.53119522027873
colight,681,22.480758179620516,67.91978657616917
colight,682,23.583174502909966,67.62180565177613
colight,683,23.30285446971089,70.67943877470857
colight,684,21.832237563479584,73.36037464874754
colight,685,20.831058889945155,70.87260770146693
colight,686,21.43054362997558,67.85246395139167
colight,687,20.452300117888747,70.89844407998936
colight,688,22.93095272591999,69.08348986867001
colight,689,23.712594196876505,72.67445822775558
colight,690,21.487660110256726,73.25140878352407
colight,691,23.26747218371978,72.55941763068479
colight,692,23.577190386236982,72.04744113377231
colight,693,24.34808183662799,69.40045113601754
colight,694,23.615102182074043,71.00339861437836
colight,695,23.04131523196888,70.27071549683151
colight,696,20.67165071179648,70.09437737076817
colight,697,21.56683605161062,72.86465110265138
colight,698,23.35180273602819,73.08461630655911
colight,699,25.745042518647566,73.49719845936193
colight,700,18.990479001028998,72.3468920883679
colight,701,18.5614023284506,74.51998624630616
colight,702,19.909184912406396,74.5090769431599
colight,703,23.394103995909102,72.81247401625299
colight,704,22.06010381593,71.13588966518222
colight,705,24.52494361114169,74.0142957807511
colight,706,20.963525548024815,75.24092165115647
colight,707,23.63269838971985,73.41087061611213
colight,708,20.19623235082885,73.39406459054842
colight,709,22.409006488245772,74.61843553446361
colight,710,21.343670694880636,73.84782210713878
colight,711,21.784533493012393,72.99851800606362
colight,712,20.493117019352923,74.04505297671705
colight,713,20.139099880034593,76.68343550154222
colight,714,21.848877800381327,75.37182440731776
colight,715,21.517678226810485,75.36862121161151
colight,716,23.403637292726316,75.43946199318485
colight,717,23.956330854048545,74.3522721015355
colight,718,24.211639379361692,73.07791249794924
colight,719,23.75597035253642,77.18051805244929
colight,720,22.704164801269407,78.2479994019572
colight,721,22.27615762957583,78.73695251941433
colight,722,20.900055029049405,77.10511098946841
colight,723,22.625301239386182,75.79924763492086
colight,724,24.134498237259944,76.27614166149944
colight,725,23.842573602652845,78.31261457568965
colight,726,23.357731462276522,77.6093135540931
colight,727,21.56675408825557,77.4810750436689
colight,728,23.944136044969603,79.68427575913677
colight,729,22.8560849016413,76.13959381674404
colight,730,23.060355867034485,78.14838996819574
colight,731,25.319905690664147,78.42852095736413
colight,732,24.296363494629826,77.87081626675575
colight,733,24.601063871603543,81.90315559512894
colight,734,24.125267807881503,80.7505722108824
colight,735,22.10222766492316,79.4670431149012
colight,736,24.290480816300683,82.86428849613603
colight,737,24.159835361924173,78.71258133573463
colight,738,23.950936067878764,83.72427230919713
colight,739,23.219725855350926,79.98809127024614
colight,740,22.64959963167136,79.43243905311975
colight,741,22.473002322679246,80.17010590575242
colight,742,22.715160944905264,81.67961952443065
colight,743,22.879871354406905,81.08772306939191
colight,744,22.24731629827415,81.60363682898111
colight,745,24.5272703046935,80.66026582044424
colight,746,22.855252530307975,81.76252985772231
colight,747,24.927028267543314,80.79244897539016
colight,748,24.390606901242315,81.93291079566976
colight,749,20.792927873136797,82.96090797182354
colight,750,21.284109401881235,79.689757104053
colight,751,25.58384179266716,84.41140896797457
colight,752,23.238514495245983,84.48228555480074
colight,753,22.675903149557136,82.64175412856733
colight,754,25.069817880346466,86.42274609672671
colight,755,26.82389452555366,83.93104602124407
colight,756,24.402507545008664,83.78657373130056
colight,757,25.75546085028253,85.04302409781434
colight,758,24.14737937928013,85.61737081378052
colight,759,24.620703246870637,85.35927721403175
colight,760,26.493013776484045,84.33013689706192
colight,761,21.664758831894847,85.75380826464263
colight,762,23.776777690425686,84.39861373521586
colight,763,27.083366497610438,84.96478586327603
colight,764,27.525971068011522,87.60039804782026
colight,765,25.55487612394104,84.798168463796
colight,766,26.459447479026217,85.66442560733812
colight,767,27.333842125047582,84.39602259243782
colight,768,26.542344043971596,86.50370945185047
colight,769,24.815447873633335,88.0949477983716
colight,770,23.22756298395928,85.79274332661213
colight,771,26.499985890584963,88.02652997397485
colight,772,24.472605094511025,89.93646449945886
colight,773,25.554292016906796,87.88776417065809
colight,774,24.988519406796428,86.09103461519408
colight,775,25.047050602672616,86.8689778478772
colight,776,25.454374545919787,88.06557326469604
colight,777,24.868528334340755,89.53455663451446
colight,778,24.04155927568563,90.62869512151734
colight,779,23.077904900397208,88.26583449135416
colight,780,25.285897153820716,87.22705814926996
colight,781,23.658281087858825,89.03631261504128
colight,782,27.733855184780204,90.29621165081103
colight,783,28.154605147556985,92.10910455816821
colight,784,26.035077479362123,90.15147526057355
colight,785,27.37336151045359,89.74349201524684
colight,786,28.30627006010781,92.04436216372365
colight,787,29.312254662649813,90.90984594171599
colight,788,23.287350579159934,91.31107033235327
colight,789,27.50769042547458,89.8598840411068
colight,790,27.696457303456427,91.4743451905633
colight,791,26.52524614919266,91.91244445674343
colight,792,26.871810949396473,92.90192750589374
colight,793,26.94459317139087,92.07740602187738
colight,794,25.6658784881364,93.53755832028114
colight,795,27.849701801111582,93.73184460754109
colight,796,24.444335283461086,94.22431832860845
colight,797,25.037562262725835,93.81431350998064
colight,798,24.36008877894987,96.01601635936063
colight,799,26.580341219433354,93.72242199652524
colight,800,28.38869959234544,94.00146145951626
colight,801,27.461088006145506,92.30890798342409
colight,802,28.57876013753343,91.60897795410152
colight,803,27.956750933934444,96.25871284617799
colight,804,24.631317311780034,94.00926141526011
colight,805,26.595510155873647,93.44592272741498
colight,806,26.103887777315386,95.65286495469122
colight,807,28.5418319274175,96.87656082213833
colight,808,25.508056750303716,96.1458457344373
colight,809,28.225448052678193,92.86574931198689
colight,810,27.937131329321,93.88779666019033
colight,811,28.198673176703107,93.62830556774631
colight,812,26.777235339632174,95.88864080144845
colight,813,25.338576476701736,96.65959548582671
colight,814,27.797609081419225,95.12112818367952
colight,815,28.937615382585975,95.60937454913653
colight,816,29.682669834414234,95.48413941581873
colight,817,26.648452811102487,95.55582158617102
colight,818,30.94517585593242,97.13113425931797
colight,819,26.65085217547919,94.51554401729041
colight,820,27.6498103224041,95.84069276206623
colight,821,29.71339797424711,98.21753573672312
colight,822,28.02518649306752,97.79853053996831
colight,823,27.424796562184824,98.26617390776416
colight,824,27.47889922443041,94.80097153056354
colight,825,26.152901658580294,97.2614002869609
colight,826,28.25325463799009,97.49046847953745
colight,827,29.895487021624678,97.72429564721577
colight,828,29.57076832668651,100.72811205980247
colight,829,25.97143933948223,99.80242963628358
colight,830,26.190719442427827,97.75310508882143
colight,831,28.096799370969393,102.56294419525933
colight,832,26.39057151343161,100.92480833581754
colight,833,26.670829519161085,98.18622903834694
colight,834,26.671765489439057,98.00166527976585
colight,835,29.32060351815259,98.64763636868037
colight,836,26.420354262346706,100.13652895237476
colight,837,27.12720697103862,100.27104046017823
colight,838,28.43124482321733,99.03318465950318
colight,839,27.49593640966796,97.32271733032792
colight,840,28.052890903098852,98.11702895374457
colight,841,28.778658482515894,100.51173874172378
colight,842,26.36019416558787,100.42058442176639
colight,843,29.706475355773655,97.84215883382876
colight,844,27.780355388822567,96.7745973712273
colight,845,28.710658886983747,99.23960288301045
colight,846,25.99117693262764,98.96749252852786
colight,847,25.78242381447935,99.45904724912928
colight,848,28.882881919849005,98.30771136434686
colight,849,27.304221875840806,100.60218386721735
colight,850,26.65342809639132,98.04027764677193
colight,851,27.335562138868756,99.7605608057838
colight,852,26.14627775935542,100.78600693533974
colight,853,26.768641738298705,98.78713628360316
colight,854,26.357435478456942,102.2711822303467
colight,855,26.82786871365941,100.34030016393366
colight,856,24.26773455352008,103.58323672216487
colight,857,25.325098347155645,101.21701507529532
colight,858,26.12354035454971,99.8824406053986
colight,859,27.57277148180205,100.20174496577678
colight,860,25.23257396217497,101.37563110011466
colight,861,27.56034424737667,101.05041953935654
colight,862,28.172735386673477,98.63963135962345
colight,863,28.830310835743386,101.71141819475137
colight,864,28.885034017933002,101.66019435067513
colight,865,25.993144093396754,100.47576605986723
colight,866,26.172317249558578,100.79814102139137
colight,867,24.035754186979034,99.61850096256262
colight,868,23.151586132467294,100.70198520725124
colight,869,27.961753416701093,100.08713625231597
colight,870,26.677732566811855,102.79344706291846
colight,871,28.498301206178088,102.02964152601021
colight,872,23.94308044104402,102.55723283340399
colight,873,25.10868188592907,102.3555376634753
colight,874,27.28642231717482,102.61673486622087
colight,875,22.865001732008864,103.04338565456395
colight,876,25.634353361882198,101.47875506315532
colight,877,26.152729207059817,104.34468790896776
colight,878,24.242440368808353,103.64682474389608
colight,879,27.56837376347799,101.86560778874464
colight,880,26.80399186782186,102.50573155738022
colight,881,26.140062336982258,102.49307347941036
colight,882,26.16894571682835,104.186840357135
colight,883,25.33337422370526,101.81920497791862
colight,884,24.00437658788834,101.33258656025122
colight,885,25.0740088440227,103.51043019901866
colight,886,22.140078756981634,104.06843332263836
colight,887,22.80503621192015,104.32125746187396
colight,888,22.667722438890618,103.25758005794681
colight,889,28.009425625565555,100.90567199761688
colight,890,25.338620612047375,104.5307808364058
colight,891,24.472242030366342,102.42101774991555
colight,892,22.203716622391607,106.02440694928265
colight,893,25.980138283864047,103.07651332090404
colight,894,22.703181342628003,105.07345419846983
colight,895,26.22328270257985,102.81387608640472
colight,896,22.52705991128834,106.0463136796884
colight,897,22.334148548158094,102.14719269003653
colight,898,23.048438813711304,104.12327455837398
colight,899,21.73662589621819,105.32329209392742
colight,900,25.280670252694286,102.84443699978836
colight,901,22.327280412008843,104.42536055937461
colight,902,25.305643756473557,101.14120099392184
colight,903,22.276363172963087,106.42174988271341
colight,904,25.25944390222289,104.17962093144192
colight,905,23.763726715881422,105.11459412899158
colight,906,20.918620568939204,104.99172115625551
colight,907,23.33044377319626,105.517848857823
colight,908,23.051874799151285,104.8378473807194
colight,909,25.39081224923119,101.6995210705123
colight,910,24.26128887050171,105.89814839036451
colight,911,25.270172167199043,108.00907398924123
colight,912,21.917015655003294,105.7804514931168
colight,913,22.88977426001953,106.80751146123966
colight,914,22.853968098023095,104.51420387302797
colight,915,22.870448464982445,105.438243575804
colight,916,22.54478697765916,105.65653009949665
colight,917,23.24468403162901,107.09991466836703
colight,918,24.826555369253374,106.35049821330819
colight,919,22.45223203564263,105.96542181247945
colight,920,21.917944777138242,104.44293877126285
colight,921,21.197045354225036,106.41881290733319
colight,922,23.247321237894973,106.86992311810454
colight,923,21.04489496733215,106.48283372898588
colight,924,20.41634049262853,106.79456915436155
colight,925,23.00958893862522,107.33677138365293
colight,926,22.217823203318027,104.92335625207939
colight,927,20.66109640986661,109.48610254634099
colight,928,21.404536732027385,106.64295573055583
colight,929,21.642451342091377,110.87372442358301
colight,930,23.46593010069485,108.4208570648452
colight,931,20.600258787454386,106.90695329601306
colight,932,20.69038838135714,106.46935267941753
colight,933,23.45460485597453,110.36767475602251
colight,934,23.058787492932353,108.86228778996907
colight,935,21.957048782187314,108.66078625248308
colight,936,20.212793199211895,106.72644774101465
colight,937,23.43328095266643,110.24956575383831
colight,938,21.787268882662207,109.26118678692137
colight,939,23.12073349785047,110.6287790651235
colight,940,22.49357646345165,107.23134172599929
colight,941,20.707214411528017,109.03016674509729
colight,942,22.756252031532444,110.4405237167943
colight,943,20.230054476925613,109.71247682361536
colight,944,24.45459561630413,110.78645811978414
colight,945,21.21681253166244,112.26327782708498
colight,946,20.524657036172357,109.68155526552201
colight,947,20.893322959662825,111.3934723254903
colight,948,22.86470946997208,110.36494183876927
colight,949,21.90811109430595,110.28457659790391
colight,950,19.72145614980989,109.99291434823073
colight,951,22.98264473596403,110.82087977517742
colight,952,19.51371946842014,111.93204584871873
colight,953,22.793575154951675,111.99631744952676
colight,954,22.263839909427894,113.1211876861976
colight,955,22.598166128499702,110.82169654764704
colight,956,20.382083553878267,109.23658481975086
colight,957,21.688880342722786,112.71176403408197
colight,958,21.4005286226268,113.08883994867969
colight,959,24.66675702401556,110.44916278882852
colight,960,26.40102186126969,112.49423719922441
colight,961,23.901984798271037,113.95423388253671
colight,962,22.52505151144117,113.18383821837878
colight,963,22.2147131320845,113.29628557184594
colight,964,24.242991174589548,112.26075753263271
colight,965,25.553847059678994,114.59098428987996
colight,966,23.58816294118313,114.84553999017808
colight,967,21.963227650197624,111.24351911386621
colight,968,22.81709320831589,112.77814066628596
colight,969,21.014118115225838,112.9581399220949
colight,970,23.251273077014968,114.3374168279102
colight,971,23.004805892194952,114.65781513187736
colight,972,22.011120158279656,113.40579416444459
colight,973,19.863338115143478,115.12619724627746
colight,974,20.09762144078909,115.22040445059481
colight,975,22.10562106651463,114.60668266150005
colight,976,23.43703311708612,115.98347346340876
colight,977,22.25068348481873,116.96100820359422
colight,978,23.137842717813655,116.18330813700176
colight,979,25.789530566678653,114.71712637830528
colight,980,21.033350388553803,117.68830409541481
colight,981,22.929308598097226,118.95815369317125
colight,982,23.499259883617597,116.91439502630955
colight,983,22.37495997275987,116.99831293711804
colight,984,23.10177243365235,116.56048149416058
colight,985,23.242795037225576,120.03530127963145
colight,986,23.456082949255922,119.16370740595961
colight,987,22.604016500889365,116.11568836561258
colight,988,23.01767488477672,115.16637954999166
colight,989,25.684427644681506,115.66433325567795
colight,990,23.44858807314442,119.56148747767119
colight,991,21.977647529152634,117.90768836067133
colight,992,24.09046224614144,116.9527834995746
colight,993,23.950154751507554,118.39366520926534
colight,994,23.443595758606648,119.75035900593909
colight,995,26.372925409997904,122.35438527108238
colight,996,22.859735921756172,117.40123056971211
colight,997,24.961356941448326,121.65974930716766
colight,998,23.97308299706361,118.01360551026858
colight,999,24.29720503742093,121.42723966866392
colight,1000,21.619091210745054,118.43408295960214
colight,1001,25.298948996104887,118.23541467684686
colight,1002,25.53839221178106,120.94243123149315
colight,1003,22.399406286020465,120.45334797833537
colight,1004,22.237502879644047,124.57899117453952
colight,1005,26.9083470829684,121.93387909213683
colight,1006,24.63468817738113,121.892136818279
colight,1007,27.11320343798737,119.24398063155664
colight,1008,25.12340148086023,121.73002901424861
colight,1009,27.828917510382034,125.36485997002218
colight,1010,27.938834315625517,121.24644473595232
colight,1011,25.09341507150963,122.22886594221279
colight,1012,27.334137074470696,124.52540903767519
colight,1013,25.93716499582226,124.03703078766263
colight,1014,27.02174837034595,124.60059393611925
colight,1015,24.11904937528352,122.15365865316716
colight,1016,28.4648292148402,124.40949301132315
colight,1017,26.474804832147242,125.95023630249196
colight,1018,26.481516746364214,123.81529539740573
colight,1019,25.42570753090484,123.79184185182996
colight,1020,27.91723388765501,123.8226459822303
colight,1021,27.580923701134065,126.02204011652908
colight,1022,26.673701125623246,125.87498116433447
colight,1023,24.138811000476043,124.25984544714822
colight,1024,28.344398851141946,126.06968991372752
colight,1025,26.852265382577592,124.24847903138641
colight,1026,25.431584436416987,124.58233649957539
colight,1027,28.99738939760815,125.72461303916862
colight,1028,25.311589851285042,125.8014733098079
colight,1029,26.52355087341502,126.87276244957908
colight,1030,27.78209654786406,126.52611239322769
colight,1031,27.87876094728395,125.6322355892328
colight,1032,25.501008856151135,127.75568442635007
colight,1033,29.071293218726346,130.30285839768464
colight,1034,26.52923419009084,127.63086591421208
colight,1035,27.32235213243615,127.33318667632533
colight,1036,27.731468020222678,128.6333765828273
colight,1037,27.159192772943296,128.60810453830814
colight,1038,28.472243171286856,128.54512762672528
colight,1039,27.82061520183897,127.61181684558672
colight,1040,26.781749480196808,129.08273087972714
colight,1041,27.308732598922525,126.19469493218821
colight,1042,24.066913684964945,131.06029100642377
colight,1043,24.44390672220674,129.35258404343998
colight,1044,25.943973777775657,132.7140631224844
colight,1045,28.002596001432135,130.91826924596046
colight,1046,27.75743448078433,131.83244573624404
colight,1047,28.929323198941038,130.16567497168057
colight,1048,28.673291195200907,131.95556171654033
colight,1049,29.34554727459918,130.99281572672973
colight,1050,27.55262805173049,133.24328121107922
colight,1051,28.046644627961218,130.81993820831374
colight,1052,29.65137880825006,129.8568644808557
colight,1053,30.91717535491097,132.7310772653607
colight,1054,29.865643859761498,129.54157779988685
colight,1055,29.744136606377793,131.40728641305276
colight,1056,27.294932396443784,129.751095333399
colight,1057,30.861081017318725,132.0542255258164
colight,1058,28.32526747930047,132.3830601025828
colight,1059,27.453333336598675,134.86333566770884
colight,1060,27.428065155688966,130.89759155515137
colight,1061,28.02340184019521,132.39093641412668
colight,1062,31.423491639783624,134.08764425808147
colight,1063,29.91654643013242,135.8390357112962
colight,1064,29.23235995045574,134.61820759289628
colight,1065,30.729622197643405,133.0085966067926
colight,1066,28.813921951158243,134.8383460070493
colight,1067,26.723348470430505,134.73758422880286
colight,1068,28.036512385446862,134.47753920522354
colight,1069,24.90639542904232,133.7325342395548
colight,1070,29.07659958262846,136.96778764559866
colight,1071,29.613631832832976,136.6650577356858
colight,1072,29.439857035048576,135.29381385417486
colight,1073,28.68869165442125,134.65838399317505
colight,1074,29.05078764781226,135.05790399415795
colight,1075,29.701033825935717,134.91975642124962
colight,1076,27.72598106789116,135.31564594204042
colight,1077,28.058245655160967,139.08179915391804
colight,1078,26.143477649262522,137.78151408212895
colight,1079,25.556181788701124,135.23775478410764
colight,1080,27.08626877363399,136.50120247469664
colight,1081,28.726198752906765,135.7396371933778
colight,1082,27.652911239907205,134.40760803456158
colight,1083,25.83317346269287,137.95318566300668
colight,1084,27.99492524876279,140.6083289622195
colight,1085,26.870267597987095,137.52076136958308
colight,1086,27.525056297591174,134.44386398927645
colight,1087,31.796817673489446,136.17844313813904
colight,1088,25.05905371213747,135.86436585969267
colight,1089,26.84377730596622,136.96091347388358
colight,1090,25.181069531293037,136.97349007419118
colight,1091,29.244295138963647,138.1948566963608
colight,1092,27.034047714007553,136.0009764497718
colight,1093,27.03792207840941,140.46635566269305
colight,1094,24.960204615978697,138.52040274150562
colight,1095,26.502909851151568,136.47940191103694
colight,1096,29.73818740136433,137.49674937618803
colight,1097,27.60773631680161,138.69976963829603
colight,1098,27.12700197803942,137.63701848251662
colight,1099,25.092358101269213,136.19366148900565
colight,1100,27.913805272765618,140.5322878829508
colight,1101,27.867300924240535,139.10466394139283
colight,1102,25.050940888120028,136.5475971042187
colight,1103,28.077193186102477,137.73379522653858
colight,1104,24.875888128290516,140.00855408796681
colight,1105,26.59302130146416,141.67983055429477
colight,1106,30.773222283684795,139.24005989836655
colight,1107,23.724038861365464,139.35796761885948
colight,1108,24.420104983223272,139.19110170632092
colight,1109,25.646800012855646,137.73054937799884
colight,1110,27.063052674320158,138.7179376864088
colight,1111,27.545885289617996,138.84397183848478
colight,1112,25.579080577404913,138.35471263039693
colight,1113,25.70736322330331,138.09757154226804
colight,1114,25.442202970249788,140.65936166786557
colight,1115,25.241671872863645,140.75099200669683
colight,1116,24.628002718116473,139.55796724721682
colight,1117,23.330185707647754,138.35287349868108
colight,1118,24.603628663605946,141.6770814340838
colight,1119,27.373293150443548,142.51213061747995
colight,1120,24.8576141284359,138.24074883171787
colight,1121,26.688596573396435,140.51763634263762
colight,1122,25.13550629385847,138.58636750744057
colight,1123,27.484169431422824,138.4470088695512
colight,1124,23.947842704353878,139.79062177977957
colight,1125,22.552605655267197,140.2116995324903
colight,1126,25.74686541116153,139.65540279500672
colight,1127,24.81102043834526,141.42941958932897
colight,1128,24.054285577842478,139.25065778173533
colight,1129,23.3551609038662,139.73227762119618
colight,1130,24.768861173945027,139.89701464231223
colight,1131,24.932219898940655,139.1430452356976
colight,1132,26.65474230380598,140.1767135124449
colight,1133,22.196378560548528,139.6349796947632
colight,1134,25.77911469400868,139.3577249934904
colight,1135,25.25417470505534,142.3854122835362
colight,1136,24.057630496651164,142.4126649350025
colight,1137,24.34650304399363,142.6917616808612
colight,1138,23.201838794555233,141.62702546460497
colight,1139,23.360824781126272,145.05008157940955
colight,1140,21.010723648308286,143.52816650469444
colight,1141,23.103584042006755,141.53338903404082
colight,1142,22.00247775290214,141.37093898192154
colight,1143,22.786374009624247,142.34994630630962
colight,1144,26.33159721310785,137.42947634797446
colight,1145,25.828064911835256,143.97540316458827
colight,1146,24.207750059371676,141.92176982140128
colight,1147,23.121288694008516,140.52760337106463
colight,1148,24.61773394939221,141.9232869492411
colight,1149,25.098969815443233,143.56448304413124
colight,1150,22.496865847592435,141.19092435183512
colight,1151,23.517414568156106,145.09339560816366
colight,1152,24.896943354435788,141.20619955117377
colight,1153,22.758508769624974,142.48807132395095
colight,1154,22.69100363907401,137.35531952679463
colight,1155,22.291672583168253,141.01062248589218
colight,1156,21.61448868403904,142.83114670047547
colight,1157,24.593063369827494,143.3873117768562
colight,1158,22.403013097336657,141.0800843587678
colight,1159,22.76470470742406,142.35515578904136
colight,1160,26.722173555658063,142.82036878325124
colight,1161,22.643943259630564,140.5982952956261
colight,1162,24.977174873419724,143.7709202011642
colight,1163,25.39388217714688,143.95006757994062
colight,1164,20.216036816350595,144.02746730662136
colight,1165,26.04212079316926,143.45881772226068
colight,1166,21.295608038159333,142.7121436074078
colight,1167,23.235464090736382,142.84955832112288
colight,1168,21.116700141380626,142.11034699808232
colight,1169,22.55600095465633,146.61720969809014
colight,1170,21.019618957162006,141.81455689900918
colight,1171,22.262107037622496,143.93282253538828
colight,1172,22.836418792130537,144.2237771501987
colight,1173,20.81901223727564,144.43374044039572
colight,1174,22.786330097015952,145.9076375087691
colight,1175,24.052241373991386,144.40749243030737
colight,1176,21.527090845760828,144.0824345953605
colight,1177,20.295681403067206,142.37119733660853
colight,1178,25.026447825005675,145.20646414499024
colight,1179,22.49505648418871,143.2065986225686
colight,1180,22.669924177973,145.6567050038188
colight,1181,23.2305764115773,146.79851730995227
colight,1182,20.1185462090366,142.68900885043738
colight,1183,23.234651875335636,145.11439043746853
colight,1184,23.771497895613706,148.37819171579267
colight,1185,22.717847279706785,146.10281833298873
colight,1186,20.050970972790772,145.76791820963757
colight,1187,23.436697235224575,144.7927977469849
colight,1188,22.735488583322173,146.32941083138905
colight,1189,22.997982189459492,147.11993614172837
colight,1190,18.879113748431543,147.83902516375917
colight,1191,20.133850271646544,147.93674025686758
colight,1192,22.714250682321257,148.37486250207743
colight,1193,23.286397408717956,147.89887870501934
colight,1194,20.97683378768517,146.79244123910496
colight,1195,21.39157802730302,145.48260517710332
colight,1196,22.177032219412546,144.4647264782751
colight,1197,24.735093708393883,147.45275846592708
colight,1198,19.95866041116302,145.81022837366345
colight,1199,23.864332958968667,147.49939977457325
